timestamp,open,high,low,close,volume
2026-05-12 09:15:00,352.45,354.0,350.9,352.5,112818.0
2026-05-12 09:20:00,352.15,352.3,350.0,350.0,51859.0
2026-05-12 09:25:00,350.0,350.15,348.35,348.5,48992.0
2026-05-12 09:30:00,348.5,348.55,347.55,348.1,41360.0
2026-05-12 09:35:00,348.0,349.25,347.8,348.8,23309.0
2026-05-12 09:40:00,348.55,350.25,348.5,349.55,16683.0
2026-05-12 09:45:00,349.55,350.7,349.35,350.45,22884.0
2026-05-12 09:50:00,350.25,350.9,350.25,350.6,22109.0
2026-05-12 09:55:00,350.5,351.1,349.95,350.15,21700.0
2026-05-12 10:00:00,350.1,351.6,349.85,350.95,19357.0
2026-05-12 10:05:00,350.7,351.15,350.15,350.7,23682.0
2026-05-12 10:10:00,350.5,351.65,350.05,351.65,26698.0
2026-05-12 10:15:00,351.5,353.5,351.4,353.45,71673.0
2026-05-12 10:20:00,353.45,353.7,352.7,353.0,36971.0
2026-05-12 10:25:00,353.0,353.15,351.05,351.4,15418.0
2026-05-12 10:30:00,351.3,351.35,350.5,350.65,12508.0
2026-05-12 10:35:00,350.65,350.85,349.65,350.45,21091.0
2026-05-12 10:40:00,350.3,351.75,350.15,351.0,24437.0
2026-05-12 10:45:00,350.95,351.55,348.6,348.6,25266.0
2026-05-12 10:50:00,348.6,349.1,348.55,349.05,11454.0
2026-05-12 10:55:00,348.9,349.6,348.75,349.0,19862.0
2026-05-12 11:00:00,348.8,349.0,348.3,348.55,19881.0
2026-05-12 11:05:00,348.4,348.6,347.4,347.55,23595.0
2026-05-12 11:10:00,347.4,347.75,346.5,346.9,33179.0
2026-05-12 11:15:00,346.9,347.85,346.85,347.25,18046.0
2026-05-12 11:20:00,347.25,347.45,347.0,347.3,11832.0
2026-05-12 11:25:00,347.3,347.55,347.0,347.15,9048.0
2026-05-12 11:30:00,347.0,347.45,346.45,347.25,10076.0
2026-05-12 11:35:00,347.0,347.3,346.35,347.2,21414.0
2026-05-12 11:40:00,347.0,347.9,347.0,347.4,13151.0
2026-05-12 11:45:00,347.2,347.4,346.2,346.45,12024.0
2026-05-12 11:50:00,346.45,346.85,346.2,346.55,13359.0
2026-05-12 11:55:00,346.5,346.95,346.3,346.55,8627.0
2026-05-12 12:00:00,346.35,346.55,345.7,346.4,25730.0
2026-05-12 12:05:00,346.35,346.5,345.75,346.45,13744.0
2026-05-12 12:10:00,346.2,346.65,345.8,345.8,39454.0
2026-05-12 12:15:00,345.8,346.5,345.65,346.2,29061.0
2026-05-12 12:20:00,346.05,346.85,345.9,346.8,31617.0
2026-05-12 12:25:00,346.8,347.35,346.05,346.05,18166.0
2026-05-12 12:30:00,346.1,346.3,345.1,345.35,18299.0
2026-05-12 12:35:00,345.2,345.45,345.0,345.15,14364.0
2026-05-12 12:40:00,345.15,345.55,345.0,345.5,8689.0
2026-05-12 12:45:00,345.3,345.75,345.0,345.4,15203.0
2026-05-12 12:50:00,345.4,346.05,345.3,345.4,11184.0
2026-05-12 12:55:00,345.3,345.85,345.15,345.4,11547.0
2026-05-12 13:00:00,345.25,345.7,345.2,345.6,9593.0
2026-05-12 13:05:00,345.5,345.65,344.85,345.05,14321.0
2026-05-12 13:10:00,344.9,345.65,344.55,345.5,23198.0
2026-05-12 13:15:00,345.5,346.35,345.45,345.55,14585.0
2026-05-12 13:20:00,345.4,345.75,344.85,344.95,10266.0
2026-05-12 13:25:00,344.95,345.4,344.75,345.15,15289.0
2026-05-12 13:30:00,345.05,345.5,344.9,344.9,11535.0
2026-05-12 13:35:00,344.85,345.05,343.1,343.45,53258.0
2026-05-12 13:40:00,343.45,343.8,343.3,343.7,9532.0
2026-05-12 13:45:00,343.6,343.95,342.6,343.75,30589.0
2026-05-12 13:50:00,343.75,344.35,343.65,343.8,32347.0
2026-05-12 13:55:00,343.7,343.7,343.0,343.15,20733.0
2026-05-12 14:00:00,343.05,343.4,342.65,343.1,23744.0
2026-05-12 14:05:00,343.1,343.35,342.85,343.0,12895.0
2026-05-12 14:10:00,343.0,343.3,342.6,342.9,18645.0
2026-05-12 14:15:00,342.85,343.7,342.65,342.95,20507.0
2026-05-12 14:20:00,342.85,344.1,342.6,343.65,48541.0
2026-05-12 14:25:00,343.55,343.75,342.5,343.35,25124.0
2026-05-12 14:30:00,343.15,343.4,341.95,342.0,29853.0
2026-05-12 14:35:00,342.05,342.45,341.8,341.95,28633.0
2026-05-12 14:40:00,342.0,342.35,341.95,342.15,11867.0
2026-05-12 14:45:00,342.05,342.25,341.8,341.9,15848.0
2026-05-12 14:50:00,341.95,341.95,341.45,341.6,19371.0
2026-05-12 14:55:00,341.45,341.65,341.25,341.6,15511.0
2026-05-12 15:00:00,341.5,341.5,340.45,340.65,52539.0
2026-05-12 15:05:00,340.85,341.25,340.3,340.3,79582.0
2026-05-12 15:10:00,340.55,340.75,340.0,340.35,92735.0
2026-05-12 15:15:00,340.4,341.75,340.35,341.5,148085.0
2026-05-12 15:20:00,341.55,342.0,341.25,342.0,124746.0
2026-05-12 15:25:00,342.0,343.0,341.0,341.0,149731.0
2026-05-13 09:15:00,340.0,344.2,339.55,341.4,127918.0
2026-05-13 09:20:00,341.35,343.85,341.25,343.45,69168.0
2026-05-13 09:25:00,343.7,344.3,342.45,342.55,78500.0
2026-05-13 09:30:00,342.45,342.9,341.25,341.5,120490.0
2026-05-13 09:35:00,341.4,341.55,339.45,339.95,58977.0
2026-05-13 09:40:00,340.1,341.55,339.7,341.0,44807.0
2026-05-13 09:45:00,341.15,342.45,340.9,341.55,41037.0
2026-05-13 09:50:00,341.55,343.25,341.45,342.75,33597.0
2026-05-13 09:55:00,342.85,343.4,341.35,341.5,32120.0
2026-05-13 10:00:00,341.65,342.45,341.35,341.85,25528.0
2026-05-13 10:05:00,341.9,344.05,341.85,344.05,165555.0
2026-05-13 10:10:00,344.35,344.65,343.4,343.8,90733.0
2026-05-13 10:15:00,344.25,345.8,343.7,345.5,73006.0
2026-05-13 10:20:00,345.5,346.45,345.45,346.15,55239.0
2026-05-13 10:25:00,346.3,346.5,346.0,346.0,23512.0
2026-05-13 10:30:00,346.1,346.25,345.7,346.2,20442.0
2026-05-13 10:35:00,346.2,347.65,345.95,346.35,59290.0
2026-05-13 10:40:00,346.4,347.25,346.3,346.55,35286.0
2026-05-13 10:45:00,346.7,346.95,345.5,345.5,39852.0
2026-05-13 10:50:00,345.5,345.75,345.15,345.35,23247.0
2026-05-13 10:55:00,345.45,345.45,344.85,344.85,112387.0
2026-05-13 11:00:00,344.85,344.85,343.9,344.5,38989.0
2026-05-13 11:05:00,344.5,344.5,343.6,344.05,30310.0
2026-05-13 11:10:00,344.05,344.7,343.75,344.55,13972.0
2026-05-13 11:15:00,344.65,345.2,344.6,344.95,34616.0
2026-05-13 11:20:00,344.95,345.4,344.45,345.15,44385.0
2026-05-13 11:25:00,345.1,345.6,344.8,345.5,22582.0
2026-05-13 11:30:00,345.6,345.6,345.05,345.2,15552.0
2026-05-13 11:35:00,345.25,346.0,345.2,345.9,14313.0
2026-05-13 11:40:00,345.9,348.0,345.7,347.45,83279.0
2026-05-13 11:45:00,347.65,348.0,346.8,346.8,27128.0
2026-05-13 11:50:00,346.8,347.65,346.7,346.85,22318.0
2026-05-13 11:55:00,347.0,347.35,346.3,346.3,17326.0
2026-05-13 12:00:00,346.3,347.0,346.2,346.8,12898.0
2026-05-13 12:05:00,346.9,347.45,346.55,347.3,13232.0
2026-05-13 12:10:00,347.3,348.55,347.2,347.85,29060.0
2026-05-13 12:15:00,347.9,348.05,347.1,347.6,14612.0
2026-05-13 12:20:00,347.6,347.7,347.15,347.3,7195.0
2026-05-13 12:25:00,347.3,347.35,347.1,347.2,6518.0
2026-05-13 12:30:00,347.35,347.4,346.8,346.9,6700.0
2026-05-13 12:35:00,347.0,347.0,345.95,346.6,57196.0
2026-05-13 12:40:00,346.35,346.35,345.3,345.8,17884.0
2026-05-13 12:45:00,345.8,346.05,345.5,345.65,47893.0
2026-05-13 12:50:00,345.75,346.8,345.65,346.65,17532.0
2026-05-13 12:55:00,346.85,347.8,346.7,347.55,27446.0
2026-05-13 13:00:00,347.7,347.7,346.6,346.85,51538.0
2026-05-13 13:05:00,347.0,347.45,346.3,346.3,9366.0
2026-05-13 13:10:00,346.55,346.85,346.3,346.6,5986.0
2026-05-13 13:15:00,346.7,346.7,346.0,346.4,4939.0
2026-05-13 13:20:00,346.4,346.65,346.2,346.3,12995.0
2026-05-13 13:25:00,346.45,346.6,345.2,345.25,27763.0
2026-05-13 13:30:00,345.4,346.2,345.3,345.95,13112.0
2026-05-13 13:35:00,345.95,346.3,345.65,346.2,9511.0
2026-05-13 13:40:00,346.25,346.3,345.35,345.45,7386.0
2026-05-13 13:45:00,345.4,345.75,345.0,345.15,12783.0
2026-05-13 13:50:00,345.2,345.3,345.0,345.0,7059.0
2026-05-13 13:55:00,345.1,345.5,344.55,345.15,59328.0
2026-05-13 14:00:00,345.3,345.7,345.0,345.4,9870.0
2026-05-13 14:05:00,345.45,346.15,345.4,346.05,13664.0
2026-05-13 14:10:00,346.05,346.9,346.0,346.15,28625.0
2026-05-13 14:15:00,346.45,346.65,346.05,346.25,12189.0
2026-05-13 14:20:00,346.25,346.3,345.2,345.5,14222.0
2026-05-13 14:25:00,345.5,345.75,345.2,345.3,6978.0
2026-05-13 14:30:00,345.4,345.85,345.35,345.65,13318.0
2026-05-13 14:35:00,345.7,346.3,345.6,346.15,14002.0
2026-05-13 14:40:00,346.2,346.35,345.25,345.25,39918.0
2026-05-13 14:45:00,345.15,346.3,345.05,345.25,35365.0
2026-05-13 14:50:00,345.3,345.6,345.15,345.5,7898.0
2026-05-13 14:55:00,345.5,345.5,345.0,345.0,10038.0
2026-05-13 15:00:00,345.05,345.05,343.9,344.55,207305.0
2026-05-13 15:05:00,344.55,344.55,343.75,344.3,29792.0
2026-05-13 15:10:00,344.35,344.7,343.85,344.25,99616.0
2026-05-13 15:15:00,344.45,344.8,343.85,344.0,60389.0
2026-05-13 15:20:00,344.0,344.0,343.0,343.45,51903.0
2026-05-13 15:25:00,343.45,345.0,343.45,343.6,65066.0
2026-05-14 09:15:00,346.35,349.8,345.1,349.45,169470.0
2026-05-14 09:20:00,349.4,350.8,349.2,350.15,71098.0
2026-05-14 09:25:00,350.2,352.4,350.2,351.65,126144.0
2026-05-14 09:30:00,351.6,352.6,351.35,352.25,99266.0
2026-05-14 09:35:00,352.05,352.2,350.4,350.5,42377.0
2026-05-14 09:40:00,350.5,350.8,348.15,348.45,43188.0
2026-05-14 09:45:00,348.4,348.8,347.15,347.2,62990.0
2026-05-14 09:50:00,347.35,347.5,345.6,345.85,44411.0
2026-05-14 09:55:00,345.55,347.05,345.55,346.85,51244.0
2026-05-14 10:00:00,346.95,348.35,346.3,348.35,45138.0
2026-05-14 10:05:00,348.05,348.9,347.7,348.9,33982.0
2026-05-14 10:10:00,348.65,349.1,347.95,349.0,26355.0
2026-05-14 10:15:00,348.95,350.9,348.4,350.9,79017.0
2026-05-14 10:20:00,350.85,350.85,349.4,349.85,43579.0
2026-05-14 10:25:00,349.9,350.8,349.6,350.35,28522.0
2026-05-14 10:30:00,350.45,350.6,349.5,350.0,43910.0
2026-05-14 10:35:00,349.95,350.0,348.75,349.2,26840.0
2026-05-14 10:40:00,349.05,349.25,348.4,348.55,28574.0
2026-05-14 10:45:00,348.55,348.6,347.1,347.15,41833.0
2026-05-14 10:50:00,347.25,347.85,346.9,347.05,20616.0
2026-05-14 10:55:00,347.05,347.35,346.2,346.2,20538.0
2026-05-14 11:00:00,346.4,346.95,346.1,346.15,19817.0
2026-05-14 11:05:00,346.35,346.4,345.7,345.85,22318.0
2026-05-14 11:10:00,346.0,346.65,345.65,346.15,15095.0
2026-05-14 11:15:00,346.1,346.9,346.0,346.85,20945.0
2026-05-14 11:20:00,346.85,347.5,346.5,347.25,32993.0
2026-05-14 11:25:00,347.25,348.3,346.55,347.9,54952.0
2026-05-14 11:30:00,348.0,348.8,347.8,348.55,34124.0
2026-05-14 11:35:00,348.55,350.0,348.55,349.9,25147.0
2026-05-14 11:40:00,349.9,351.9,349.55,351.6,102077.0
2026-05-14 11:45:00,351.6,352.0,350.9,351.8,35381.0
2026-05-14 11:50:00,352.0,352.8,350.8,351.3,63612.0
2026-05-14 11:55:00,351.3,351.5,350.65,351.2,30325.0
2026-05-14 12:00:00,351.05,352.2,351.05,351.75,24905.0
2026-05-14 12:05:00,351.85,351.85,350.85,351.4,20581.0
2026-05-14 12:10:00,351.4,351.45,350.85,351.1,25650.0
2026-05-14 12:15:00,351.0,352.3,350.95,352.1,58216.0
2026-05-14 12:20:00,352.1,353.15,352.1,352.8,83193.0
2026-05-14 12:25:00,352.95,353.85,352.3,352.55,53044.0
2026-05-14 12:30:00,352.8,353.1,351.8,352.3,46881.0
2026-05-14 12:35:00,352.5,352.65,351.75,352.25,10626.0
2026-05-14 12:40:00,352.05,353.3,352.0,353.05,13916.0
2026-05-14 12:45:00,353.05,353.4,352.55,353.0,10649.0
2026-05-14 12:50:00,352.75,352.9,351.55,351.7,25991.0
2026-05-14 12:55:00,351.85,352.0,351.5,351.5,11274.0
2026-05-14 13:00:00,351.65,352.45,351.5,352.1,9263.0
2026-05-14 13:05:00,352.25,352.25,350.9,350.9,31411.0
2026-05-14 13:10:00,350.9,351.05,350.05,350.2,37767.0
2026-05-14 13:15:00,350.4,350.95,350.25,350.85,28060.0
2026-05-14 13:20:00,351.0,351.3,350.45,350.65,12556.0
2026-05-14 13:25:00,351.3,351.65,350.35,350.5,88660.0
2026-05-14 13:30:00,350.5,351.2,350.1,351.05,54489.0
2026-05-14 13:35:00,350.9,351.6,350.75,350.9,16741.0
2026-05-14 13:40:00,351.15,351.45,350.7,350.8,23587.0
2026-05-14 13:45:00,350.85,351.35,350.1,350.2,16714.0
2026-05-14 13:50:00,350.2,350.9,349.7,350.05,31569.0
2026-05-14 13:55:00,350.05,350.55,349.75,350.4,21079.0
2026-05-14 14:00:00,350.55,351.0,350.4,350.9,27457.0
2026-05-14 14:05:00,350.7,351.35,350.5,350.9,38513.0
2026-05-14 14:10:00,350.75,351.15,350.5,351.15,25568.0
2026-05-14 14:15:00,350.95,351.4,349.6,349.75,49853.0
2026-05-14 14:20:00,349.85,350.55,349.85,350.15,26871.0
2026-05-14 14:25:00,350.3,350.95,350.25,350.25,17163.0
2026-05-14 14:30:00,350.25,351.0,350.25,350.65,22980.0
2026-05-14 14:35:00,350.8,350.8,350.0,350.2,17324.0
2026-05-14 14:40:00,350.2,350.3,349.15,349.55,164501.0
2026-05-14 14:45:00,349.65,349.85,347.95,348.15,146319.0
2026-05-14 14:50:00,348.35,348.4,347.7,347.85,192969.0
2026-05-14 14:55:00,348.05,348.55,347.35,347.9,59203.0
2026-05-14 15:00:00,348.0,348.15,347.25,347.75,142106.0
2026-05-14 15:05:00,347.75,348.1,347.45,347.85,88747.0
2026-05-14 15:10:00,347.85,348.45,347.65,348.4,109507.0
2026-05-14 15:15:00,348.4,349.15,348.1,348.7,89823.0
2026-05-14 15:20:00,348.75,349.85,348.65,349.05,121646.0
2026-05-14 15:25:00,349.05,352.5,348.85,352.5,453265.0
2026-05-15 09:15:00,349.65,358.0,347.2,347.25,144365.0
2026-05-15 09:20:00,347.25,348.0,346.25,347.55,52597.0
2026-05-15 09:25:00,347.45,351.8,347.45,350.55,86003.0
2026-05-15 09:30:00,350.75,351.95,349.4,351.1,86839.0
2026-05-15 09:35:00,351.05,351.95,350.65,351.5,17564.0
2026-05-15 09:40:00,351.7,354.3,351.55,354.3,91071.0
2026-05-15 09:45:00,354.55,355.45,354.1,354.6,187469.0
2026-05-15 09:50:00,354.4,354.4,353.05,353.25,30147.0
2026-05-15 09:55:00,353.25,354.7,353.05,354.55,46400.0
2026-05-15 10:00:00,354.45,354.75,352.85,353.25,47801.0
2026-05-15 10:05:00,353.25,353.25,352.2,352.7,20805.0
2026-05-15 10:10:00,352.55,353.6,352.55,353.35,25377.0
2026-05-15 10:15:00,353.5,354.2,353.35,353.65,33804.0
2026-05-15 10:20:00,353.75,356.4,353.5,356.4,75658.0
2026-05-15 10:25:00,356.4,358.5,356.2,357.35,146608.0
2026-05-15 10:30:00,357.5,357.8,356.85,357.35,51611.0
2026-05-15 10:35:00,357.5,357.6,356.55,356.75,52906.0
2026-05-15 10:40:00,357.0,358.15,356.45,357.5,82763.0
2026-05-15 10:45:00,357.5,359.7,357.45,359.5,76240.0
2026-05-15 10:50:00,359.45,363.2,359.45,362.15,310416.0
2026-05-15 10:55:00,361.85,363.0,360.5,362.6,124021.0
2026-05-15 11:00:00,362.45,363.35,360.5,361.2,170016.0
2026-05-15 11:05:00,361.3,361.55,360.15,360.95,63284.0
2026-05-15 11:10:00,360.9,361.9,360.55,361.05,49243.0
2026-05-15 11:15:00,361.2,361.2,360.15,360.8,53937.0
2026-05-15 11:20:00,360.6,361.0,360.0,360.2,72636.0
2026-05-15 11:25:00,360.35,360.7,359.65,359.85,51182.0
2026-05-15 11:30:00,359.85,360.2,358.8,359.85,73989.0
2026-05-15 11:35:00,359.8,360.55,358.15,359.25,180767.0
2026-05-15 11:40:00,359.25,360.3,359.1,360.2,57081.0
2026-05-15 11:45:00,360.3,362.0,360.0,361.6,199894.0
2026-05-15 11:50:00,361.75,361.85,360.75,360.75,64557.0
2026-05-15 11:55:00,360.95,361.4,359.85,360.45,62887.0
2026-05-15 12:00:00,360.55,361.3,360.35,360.9,37596.0
2026-05-15 12:05:00,360.9,361.9,360.8,361.4,57972.0
2026-05-15 12:10:00,361.6,361.9,360.75,361.0,40222.0
2026-05-15 12:15:00,361.0,361.1,360.0,360.5,39105.0
2026-05-15 12:20:00,360.5,360.55,356.6,356.75,122550.0
2026-05-15 12:25:00,356.8,357.15,356.2,356.5,50733.0
2026-05-15 12:30:00,356.55,357.65,356.2,356.75,27255.0
2026-05-15 12:35:00,356.85,358.3,356.65,358.1,12786.0
2026-05-15 12:40:00,358.0,358.6,357.65,358.35,22543.0
2026-05-15 12:45:00,358.35,358.7,358.05,358.45,23761.0
2026-05-15 12:50:00,358.5,360.6,358.5,360.2,82324.0
2026-05-15 12:55:00,360.2,360.45,359.35,359.7,29284.0
2026-05-15 13:00:00,359.7,359.9,359.2,359.35,10888.0
2026-05-15 13:05:00,359.25,359.6,359.0,359.25,10115.0
2026-05-15 13:10:00,359.2,359.85,359.0,359.8,18804.0
2026-05-15 13:15:00,359.6,360.0,359.25,359.7,13064.0
2026-05-15 13:20:00,359.7,359.8,359.4,359.55,6082.0
2026-05-15 13:25:00,359.4,359.55,358.9,359.4,20321.0
2026-05-15 13:30:00,359.4,359.4,358.35,358.45,23444.0
2026-05-15 13:35:00,358.35,358.6,357.65,358.05,27448.0
2026-05-15 13:40:00,358.0,358.5,357.8,358.5,13375.0
2026-05-15 13:45:00,358.5,359.15,357.3,357.75,15121.0
2026-05-15 13:50:00,357.65,358.2,357.4,357.95,12001.0
2026-05-15 13:55:00,358.05,358.2,357.3,357.6,7392.0
2026-05-15 14:00:00,357.6,357.8,357.0,357.1,14566.0
2026-05-15 14:05:00,357.05,357.45,356.8,357.05,20086.0
2026-05-15 14:10:00,357.25,357.7,356.5,356.7,53669.0
2026-05-15 14:15:00,356.65,356.95,356.2,356.85,22774.0
2026-05-15 14:20:00,356.9,357.0,356.15,356.3,18261.0
2026-05-15 14:25:00,356.2,356.4,355.65,356.4,75253.0
2026-05-15 14:30:00,356.4,357.4,356.4,357.05,19338.0
2026-05-15 14:35:00,357.1,358.1,357.1,357.6,17426.0
2026-05-15 14:40:00,357.6,358.0,357.35,357.5,25964.0
2026-05-15 14:45:00,357.6,357.6,356.4,356.5,32931.0
2026-05-15 14:50:00,356.45,356.7,356.05,356.3,91420.0
2026-05-15 14:55:00,356.2,357.45,355.75,356.8,78573.0
2026-05-15 15:00:00,356.7,357.2,356.25,357.1,40859.0
2026-05-15 15:05:00,357.05,357.3,356.6,357.0,43610.0
2026-05-15 15:10:00,356.95,357.35,356.6,357.35,52276.0
2026-05-15 15:15:00,357.35,357.6,356.5,357.45,73637.0
2026-05-15 15:20:00,357.5,357.8,356.8,357.05,111840.0
2026-05-15 15:25:00,357.05,357.7,356.4,356.75,64144.0
2026-05-18 09:15:00,352.2,353.95,350.05,353.0,256148.0
2026-05-18 09:20:00,353.05,353.85,352.35,352.5,42467.0
2026-05-18 09:25:00,352.55,352.75,351.5,351.9,69611.0
2026-05-18 09:30:00,351.95,353.35,351.6,353.0,37613.0
2026-05-18 09:35:00,352.9,353.75,352.5,353.05,32502.0
2026-05-18 09:40:00,353.05,354.4,352.7,353.95,19481.0
2026-05-18 09:45:00,353.95,354.4,353.0,353.25,33356.0
2026-05-18 09:50:00,353.2,353.7,352.15,352.3,17738.0
2026-05-18 09:55:00,352.3,352.45,351.6,352.45,25644.0
2026-05-18 10:00:00,352.45,353.2,351.6,353.0,36085.0
2026-05-18 10:05:00,352.95,353.65,352.8,353.2,18270.0
2026-05-18 10:10:00,353.35,353.5,352.45,353.15,25750.0
2026-05-18 10:15:00,353.1,353.45,352.5,353.0,22672.0
2026-05-18 10:20:00,353.15,353.95,352.8,352.8,42781.0
2026-05-18 10:25:00,352.8,352.95,352.5,352.65,16390.0
2026-05-18 10:30:00,352.6,352.65,351.1,352.6,37343.0
2026-05-18 10:35:00,352.5,353.2,352.05,353.1,30224.0
2026-05-18 10:40:00,353.25,353.4,351.45,352.1,87582.0
2026-05-18 10:45:00,352.1,352.4,351.05,351.7,28574.0
2026-05-18 10:50:00,351.8,352.8,351.6,352.45,32731.0
2026-05-18 10:55:00,352.5,353.1,352.5,352.9,15413.0
2026-05-18 11:00:00,352.9,352.9,351.35,351.8,27768.0
2026-05-18 11:05:00,351.75,353.45,351.6,353.15,22535.0
2026-05-18 11:10:00,353.2,353.4,352.5,352.6,16428.0
2026-05-18 11:15:00,352.6,353.0,352.55,352.85,11642.0
2026-05-18 11:20:00,352.85,353.5,352.45,353.45,40863.0
2026-05-18 11:25:00,353.25,353.35,352.5,352.95,18502.0
2026-05-18 11:30:00,352.95,353.6,352.75,353.35,17368.0
2026-05-18 11:35:00,353.4,354.0,352.75,353.8,27656.0
2026-05-18 11:40:00,353.8,353.85,352.5,352.85,21500.0
2026-05-18 11:45:00,352.85,353.0,351.25,351.55,24939.0
2026-05-18 11:50:00,351.5,351.8,351.4,351.55,18474.0
2026-05-18 11:55:00,351.5,352.0,350.25,350.25,20846.0
2026-05-18 12:00:00,350.3,350.5,349.05,349.65,63842.0
2026-05-18 12:05:00,349.55,350.15,349.35,349.8,14421.0
2026-05-18 12:10:00,349.7,350.45,349.0,350.4,55332.0
2026-05-18 12:15:00,350.4,350.55,349.25,349.55,43180.0
2026-05-18 12:20:00,349.6,350.15,349.55,350.15,14234.0
2026-05-18 12:25:00,350.3,351.15,349.95,350.75,128390.0
2026-05-18 12:30:00,350.85,351.65,350.6,351.3,38638.0
2026-05-18 12:35:00,351.3,351.7,350.9,350.95,36567.0
2026-05-18 12:40:00,350.95,351.0,349.85,350.15,46675.0
2026-05-18 12:45:00,350.15,350.3,349.8,350.2,10195.0
2026-05-18 12:50:00,350.2,350.45,349.8,350.4,21886.0
2026-05-18 12:55:00,350.4,351.15,349.9,351.1,39376.0
2026-05-18 13:00:00,351.0,352.05,351.0,351.3,128979.0
2026-05-18 13:05:00,351.6,351.7,350.6,351.45,45707.0
2026-05-18 13:10:00,351.45,351.6,350.8,351.55,20032.0
2026-05-18 13:15:00,351.55,352.15,351.3,351.35,29410.0
2026-05-18 13:20:00,351.35,351.5,350.0,351.1,49080.0
2026-05-18 13:25:00,351.1,351.5,350.15,350.4,169920.0
2026-05-18 13:30:00,350.4,351.5,350.4,350.75,145353.0
2026-05-18 13:35:00,350.75,351.25,349.35,349.75,305355.0
2026-05-18 13:40:00,349.75,350.8,349.45,350.15,61258.0
2026-05-18 13:45:00,350.15,350.25,349.55,349.95,47266.0
2026-05-18 13:50:00,349.95,350.4,349.65,349.85,39546.0
2026-05-18 13:55:00,349.8,350.7,349.5,350.1,71799.0
2026-05-18 14:00:00,350.0,350.45,349.65,350.0,37141.0
2026-05-18 14:05:00,350.05,350.1,349.4,349.8,34578.0
2026-05-18 14:10:00,349.65,350.4,349.65,350.2,51566.0
2026-05-18 14:15:00,349.9,350.3,349.45,349.45,86097.0
2026-05-18 14:20:00,349.5,350.05,349.35,349.5,43354.0
2026-05-18 14:25:00,349.2,349.85,349.1,349.4,63844.0
2026-05-18 14:30:00,349.4,349.7,349.2,349.45,36936.0
2026-05-18 14:35:00,349.45,349.95,349.1,349.7,89895.0
2026-05-18 14:40:00,349.7,350.35,349.45,350.05,70434.0
2026-05-18 14:45:00,350.05,350.25,349.35,349.55,36125.0
2026-05-18 14:50:00,349.55,349.95,349.25,349.4,32313.0
2026-05-18 14:55:00,349.5,349.5,348.6,348.9,46760.0
2026-05-18 15:00:00,349.05,351.4,349.05,350.6,338991.0
2026-05-18 15:05:00,350.3,351.05,349.5,349.85,262582.0
2026-05-18 15:10:00,350.05,350.4,349.55,349.8,128351.0
2026-05-18 15:15:00,350.0,350.9,349.5,350.0,321480.0
2026-05-18 15:20:00,350.0,350.6,349.75,350.5,150573.0
2026-05-18 15:25:00,350.45,350.7,348.75,348.9,277233.0
2026-05-19 09:15:00,351.85,351.85,347.1,347.55,176715.0
2026-05-19 09:20:00,347.1,347.95,346.35,347.75,205668.0
2026-05-19 09:25:00,347.75,349.05,347.25,349.0,71752.0
2026-05-19 09:30:00,349.1,349.8,347.6,347.6,108688.0
2026-05-19 09:35:00,347.65,348.0,346.6,347.8,49931.0
2026-05-19 09:40:00,348.0,350.15,348.0,349.9,67913.0
2026-05-19 09:45:00,349.85,350.1,349.05,349.15,29156.0
2026-05-19 09:50:00,349.9,350.0,349.0,349.4,42444.0
2026-05-19 09:55:00,349.5,349.55,348.4,348.6,48138.0
2026-05-19 10:00:00,348.4,349.75,348.4,349.65,15736.0
2026-05-19 10:05:00,349.5,350.85,349.5,349.85,64838.0
2026-05-19 10:10:00,349.85,351.4,349.8,350.65,120827.0
2026-05-19 10:15:00,350.5,351.6,350.45,350.45,67294.0
2026-05-19 10:20:00,350.45,350.85,350.2,350.65,18618.0
2026-05-19 10:25:00,350.6,351.25,350.5,350.65,34019.0
2026-05-19 10:30:00,350.65,351.0,350.45,350.6,10060.0
2026-05-19 10:35:00,350.6,352.0,350.6,351.55,42012.0
2026-05-19 10:40:00,351.55,351.8,351.3,351.35,11951.0
2026-05-19 10:45:00,351.35,352.55,351.35,352.15,60712.0
2026-05-19 10:50:00,352.15,353.4,352.15,352.45,51782.0
2026-05-19 10:55:00,352.5,353.85,352.5,352.8,51299.0
2026-05-19 11:00:00,352.8,353.2,352.4,352.6,21732.0
2026-05-19 11:05:00,352.5,352.75,351.85,351.9,16349.0
2026-05-19 11:10:00,352.05,352.15,351.7,351.75,15201.0
2026-05-19 11:15:00,351.75,352.3,351.7,352.1,30014.0
2026-05-19 11:20:00,352.1,352.55,351.8,352.2,10535.0
2026-05-19 11:25:00,352.25,352.6,351.9,352.3,16692.0
2026-05-19 11:30:00,352.3,352.4,351.8,352.0,12825.0
2026-05-19 11:35:00,352.2,352.35,351.9,352.2,9252.0
2026-05-19 11:40:00,352.2,353.15,352.2,352.75,21703.0
2026-05-19 11:45:00,352.75,353.2,352.75,352.95,22816.0
2026-05-19 11:50:00,352.95,353.4,352.7,352.75,23082.0
2026-05-19 11:55:00,352.7,353.2,352.6,352.8,18396.0
2026-05-19 12:00:00,352.6,352.95,352.25,352.7,47075.0
2026-05-19 12:05:00,352.55,352.9,352.4,352.6,12289.0
2026-05-19 12:10:00,352.45,353.35,352.45,353.15,19289.0
2026-05-19 12:15:00,353.0,353.0,352.2,352.65,30747.0
2026-05-19 12:20:00,352.6,352.9,352.45,352.5,28191.0
2026-05-19 12:25:00,352.6,353.0,352.25,352.75,14709.0
2026-05-19 12:30:00,352.85,353.05,352.4,352.55,17851.0
2026-05-19 12:35:00,352.5,352.9,352.4,352.75,13557.0
2026-05-19 12:40:00,352.75,353.0,352.05,352.15,27839.0
2026-05-19 12:45:00,352.15,352.3,351.9,351.95,9357.0
2026-05-19 12:50:00,351.95,352.45,351.9,352.3,8043.0
2026-05-19 12:55:00,352.25,352.45,351.85,351.85,12104.0
2026-05-19 13:00:00,351.85,352.2,351.7,351.75,19800.0
2026-05-19 13:05:00,351.7,352.4,351.7,352.05,15860.0
2026-05-19 13:10:00,352.05,352.25,351.7,351.75,25898.0
2026-05-19 13:15:00,351.7,352.7,351.65,352.2,23714.0
2026-05-19 13:20:00,352.2,352.65,352.05,352.6,10239.0
2026-05-19 13:25:00,352.4,352.8,352.35,352.75,18205.0
2026-05-19 13:30:00,352.6,353.0,352.35,352.75,35312.0
2026-05-19 13:35:00,352.75,352.8,351.5,351.9,26983.0
2026-05-19 13:40:00,351.9,352.3,351.45,351.5,46784.0
2026-05-19 13:45:00,351.55,352.0,351.55,351.7,28137.0
2026-05-19 13:50:00,351.7,351.75,351.0,351.0,45359.0
2026-05-19 13:55:00,351.05,351.45,350.9,351.25,45304.0
2026-05-19 14:00:00,351.2,352.4,351.2,352.25,22924.0
2026-05-19 14:05:00,352.15,352.35,351.8,351.9,18628.0
2026-05-19 14:10:00,351.9,352.0,351.45,351.8,37049.0
2026-05-19 14:15:00,351.85,352.05,351.55,351.7,19294.0
2026-05-19 14:20:00,351.7,351.95,351.45,351.55,27942.0
2026-05-19 14:25:00,351.55,351.7,351.05,351.55,33051.0
2026-05-19 14:30:00,351.55,352.05,351.5,351.65,36950.0
2026-05-19 14:35:00,351.65,351.8,350.95,351.55,30428.0
2026-05-19 14:40:00,351.65,351.75,351.0,351.1,37454.0
2026-05-19 14:45:00,351.05,351.8,350.95,351.1,54336.0
2026-05-19 14:50:00,351.25,351.75,351.05,351.4,33450.0
2026-05-19 14:55:00,351.4,351.75,351.3,351.45,23124.0
2026-05-19 15:00:00,351.45,351.5,351.0,351.05,51675.0
2026-05-19 15:05:00,351.2,351.65,351.05,351.45,49033.0
2026-05-19 15:10:00,351.55,351.7,351.25,351.5,52437.0
2026-05-19 15:15:00,351.5,351.6,350.95,351.0,105355.0
2026-05-19 15:20:00,351.0,351.2,350.8,350.95,109602.0
2026-05-19 15:25:00,351.0,352.2,350.6,350.65,125007.0
2026-05-20 09:15:00,353.0,354.45,350.8,351.9,261708.0
2026-05-20 09:20:00,351.8,352.55,350.05,351.05,129026.0
2026-05-20 09:25:00,351.55,351.95,350.45,351.2,95874.0
2026-05-20 09:30:00,351.2,352.55,350.35,351.8,89679.0
2026-05-20 09:35:00,351.55,351.75,349.65,350.75,174005.0
2026-05-20 09:40:00,350.6,350.7,349.3,349.6,136913.0
2026-05-20 09:45:00,349.6,350.4,348.75,349.6,126313.0
2026-05-20 09:50:00,349.6,350.15,349.15,349.15,76216.0
2026-05-20 09:55:00,349.15,349.4,348.15,348.65,106327.0
2026-05-20 10:00:00,348.6,348.8,347.9,348.15,96360.0
2026-05-20 10:05:00,348.1,348.1,346.6,347.1,116178.0
2026-05-20 10:10:00,347.05,347.55,346.3,346.45,95155.0
2026-05-20 10:15:00,346.3,346.6,345.45,346.5,132795.0
2026-05-20 10:20:00,346.4,347.25,345.5,345.6,99243.0
2026-05-20 10:25:00,345.6,346.25,345.6,346.2,60270.0
2026-05-20 10:30:00,346.1,346.9,345.75,346.05,129400.0
2026-05-20 10:35:00,346.0,346.1,345.15,345.4,116534.0
2026-05-20 10:40:00,345.4,345.4,344.2,344.55,73911.0
2026-05-20 10:45:00,344.55,344.55,342.8,343.55,111863.0
2026-05-20 10:50:00,343.55,344.5,343.55,344.05,42035.0
2026-05-20 10:55:00,344.0,344.95,344.0,344.85,55103.0
2026-05-20 11:00:00,345.4,346.15,345.0,345.45,111292.0
2026-05-20 11:05:00,345.55,345.7,344.6,344.65,56788.0
2026-05-20 11:10:00,344.6,344.95,344.3,344.35,25115.0
2026-05-20 11:15:00,344.3,344.95,344.2,344.9,59264.0
2026-05-20 11:20:00,344.8,345.95,344.8,345.6,109280.0
2026-05-20 11:25:00,345.45,347.0,345.2,346.25,381921.0
2026-05-20 11:30:00,346.25,346.5,345.2,345.45,73000.0
2026-05-20 11:35:00,345.35,345.9,345.3,345.35,32335.0
2026-05-20 11:40:00,345.45,345.5,345.0,345.5,24922.0
2026-05-20 11:45:00,345.5,346.5,345.45,346.0,55826.0
2026-05-20 11:50:00,345.95,347.2,345.75,346.55,193375.0
2026-05-20 11:55:00,346.55,347.35,345.8,346.2,173791.0
2026-05-20 12:00:00,346.35,346.75,346.0,346.1,33105.0
2026-05-20 12:05:00,346.05,346.3,345.6,345.65,38413.0
2026-05-20 12:10:00,345.65,346.1,345.65,345.85,28191.0
2026-05-20 12:15:00,345.85,346.3,345.8,345.95,20824.0
2026-05-20 12:20:00,345.85,346.3,345.8,346.05,36805.0
2026-05-20 12:25:00,346.05,346.15,345.65,345.9,54175.0
2026-05-20 12:30:00,345.9,346.95,345.65,346.25,52685.0
2026-05-20 12:35:00,346.3,346.55,346.1,346.35,31988.0
2026-05-20 12:40:00,346.35,346.5,345.55,345.75,60131.0
2026-05-20 12:45:00,345.55,345.75,344.9,345.15,30133.0
2026-05-20 12:50:00,345.3,346.0,345.3,345.75,59663.0
2026-05-20 12:55:00,345.8,345.85,345.15,345.6,32645.0
2026-05-20 13:00:00,345.35,345.6,344.5,345.0,61216.0
2026-05-20 13:05:00,344.8,344.95,344.5,344.65,33371.0
2026-05-20 13:10:00,344.7,345.2,344.35,344.9,59902.0
2026-05-20 13:15:00,344.95,345.15,344.2,344.55,48609.0
2026-05-20 13:20:00,344.65,345.4,344.65,345.2,53445.0
2026-05-20 13:25:00,345.2,346.05,345.0,345.05,93087.0
2026-05-20 13:30:00,345.0,346.8,345.0,346.5,144701.0
2026-05-20 13:35:00,346.5,346.9,345.9,346.3,75020.0
2026-05-20 13:40:00,346.35,346.65,346.0,346.5,50438.0
2026-05-20 13:45:00,346.5,346.65,345.8,346.1,48295.0
2026-05-20 13:50:00,346.05,346.3,345.25,345.35,117842.0
2026-05-20 13:55:00,345.4,345.75,344.7,345.45,111746.0
2026-05-20 14:00:00,345.75,346.2,345.4,345.7,129569.0
2026-05-20 14:05:00,345.8,345.85,345.2,345.65,101853.0
2026-05-20 14:10:00,345.75,345.85,345.1,345.25,111981.0
2026-05-20 14:15:00,345.15,345.4,344.8,344.9,118613.0
2026-05-20 14:20:00,344.9,346.15,344.85,346.15,162422.0
2026-05-20 14:25:00,346.15,346.55,345.25,346.1,187315.0
2026-05-20 14:30:00,346.2,346.5,345.65,345.85,311049.0
2026-05-20 14:35:00,345.85,346.6,345.65,346.4,433220.0
2026-05-20 14:40:00,346.4,347.55,346.15,347.45,441644.0
2026-05-20 14:45:00,347.35,349.35,347.35,349.0,760996.0
2026-05-20 14:50:00,349.0,351.55,348.9,351.55,306768.0
2026-05-20 14:55:00,351.6,352.7,350.6,351.8,498843.0
2026-05-20 15:00:00,351.6,351.9,350.0,351.35,241302.0
2026-05-20 15:05:00,351.4,353.1,351.4,352.55,462060.0
2026-05-20 15:10:00,352.65,355.85,352.3,353.9,539085.0
2026-05-20 15:15:00,353.5,353.95,352.45,353.35,215437.0
2026-05-20 15:20:00,353.2,353.3,352.2,352.25,195438.0
2026-05-20 15:25:00,352.55,355.0,352.3,353.1,576275.0
2026-05-21 09:15:00,358.85,363.0,357.2,359.75,503383.0
2026-05-21 09:20:00,360.0,360.35,358.8,358.9,276589.0
2026-05-21 09:25:00,358.95,359.15,356.45,356.5,162708.0
2026-05-21 09:30:00,356.5,356.8,354.2,354.3,171382.0
2026-05-21 09:35:00,354.25,354.45,352.3,354.0,139101.0
2026-05-21 09:40:00,353.85,354.4,353.65,354.2,39271.0
2026-05-21 09:45:00,354.2,354.5,353.1,353.85,75976.0
2026-05-21 09:50:00,353.85,354.3,353.6,354.0,30605.0
2026-05-21 09:55:00,354.0,354.5,353.5,354.3,70503.0
2026-05-21 10:00:00,354.3,354.65,353.05,353.3,37867.0
2026-05-21 10:05:00,353.3,353.4,352.15,352.4,38847.0
2026-05-21 10:10:00,352.35,352.8,351.35,351.4,88008.0
2026-05-21 10:15:00,351.6,352.5,351.4,352.1,51615.0
2026-05-21 10:20:00,352.1,353.55,352.0,353.0,63314.0
2026-05-21 10:25:00,353.0,353.6,352.9,353.6,33466.0
2026-05-21 10:30:00,353.6,353.6,352.3,352.85,73817.0
2026-05-21 10:35:00,352.75,352.9,351.55,351.9,83568.0
2026-05-21 10:40:00,351.9,352.65,351.8,352.35,60797.0
2026-05-21 10:45:00,352.35,352.9,351.95,352.15,55384.0
2026-05-21 10:50:00,352.0,352.3,351.0,351.45,60389.0
2026-05-21 10:55:00,351.45,351.9,351.2,351.5,21345.0
2026-05-21 11:00:00,351.65,351.65,350.6,350.95,54831.0
2026-05-21 11:05:00,350.8,351.65,350.8,351.55,43754.0
2026-05-21 11:10:00,351.35,351.6,350.55,350.55,34929.0
2026-05-21 11:15:00,350.55,351.5,350.0,351.15,43730.0
2026-05-21 11:20:00,351.15,352.3,351.05,352.2,30489.0
2026-05-21 11:25:00,352.2,353.2,352.1,352.9,51309.0
2026-05-21 11:30:00,352.75,353.35,352.7,353.15,32340.0
2026-05-21 11:35:00,353.0,353.25,352.7,353.0,27029.0
2026-05-21 11:40:00,353.05,353.2,352.5,353.15,14283.0
2026-05-21 11:45:00,353.15,353.6,352.7,353.25,26908.0
2026-05-21 11:50:00,353.25,353.4,352.85,352.9,24782.0
2026-05-21 11:55:00,352.85,353.25,352.45,353.05,14890.0
2026-05-21 12:00:00,353.05,353.2,352.7,352.9,22572.0
2026-05-21 12:05:00,352.9,353.4,352.4,353.25,33213.0
2026-05-21 12:10:00,353.1,353.35,351.8,352.0,77475.0
2026-05-21 12:15:00,351.75,352.35,351.7,352.25,17578.0
2026-05-21 12:20:00,352.25,352.25,351.8,351.9,15606.0
2026-05-21 12:25:00,351.8,351.95,350.4,350.65,52524.0
2026-05-21 12:30:00,350.55,350.9,350.1,350.75,29221.0
2026-05-21 12:35:00,350.5,350.75,349.7,350.2,38388.0
2026-05-21 12:40:00,350.05,350.9,349.3,350.9,42160.0
2026-05-21 12:45:00,350.85,350.85,350.05,350.75,16006.0
2026-05-21 12:50:00,350.65,351.2,350.65,351.1,15919.0
2026-05-21 12:55:00,350.85,351.05,350.1,350.35,29764.0
2026-05-21 13:00:00,350.2,350.4,349.45,350.4,38549.0
2026-05-21 13:05:00,350.4,350.95,350.2,350.85,18714.0
2026-05-21 13:10:00,350.7,351.7,350.7,351.0,27772.0
2026-05-21 13:15:00,350.85,351.6,350.8,351.45,20061.0
2026-05-21 13:20:00,351.45,351.5,350.2,350.4,26878.0
2026-05-21 13:25:00,350.4,350.4,349.5,349.7,33401.0
2026-05-21 13:30:00,349.7,349.9,348.8,349.6,73220.0
2026-05-21 13:35:00,349.65,350.25,349.55,349.9,19560.0
2026-05-21 13:40:00,349.9,350.2,349.5,349.95,16575.0
2026-05-21 13:45:00,349.95,350.2,349.5,349.7,20829.0
2026-05-21 13:50:00,349.7,349.8,349.35,349.5,22294.0
2026-05-21 13:55:00,349.45,351.2,349.4,351.15,23019.0
2026-05-21 14:00:00,350.95,351.6,350.95,351.3,22166.0
2026-05-21 14:05:00,351.25,351.9,351.2,351.8,33288.0
2026-05-21 14:10:00,351.8,352.75,350.7,350.95,72888.0
2026-05-21 14:15:00,351.0,351.05,349.9,349.95,37954.0
2026-05-21 14:20:00,349.9,350.7,349.8,350.6,30065.0
2026-05-21 14:25:00,350.45,350.65,349.3,349.55,38045.0
2026-05-21 14:30:00,349.55,350.2,349.25,349.65,58391.0
2026-05-21 14:35:00,349.65,350.05,349.2,349.5,32469.0
2026-05-21 14:40:00,349.3,350.2,349.1,349.2,42531.0
2026-05-21 14:45:00,349.1,349.8,349.05,349.45,20576.0
2026-05-21 14:50:00,349.4,350.0,349.4,349.55,23909.0
2026-05-21 14:55:00,349.5,350.15,349.45,349.75,35000.0
2026-05-21 15:00:00,349.6,350.45,349.45,350.2,91652.0
2026-05-21 15:05:00,350.2,350.85,349.25,349.65,58769.0
2026-05-21 15:10:00,349.65,350.0,349.05,349.3,110205.0
2026-05-21 15:15:00,349.4,349.75,348.2,348.7,202043.0
2026-05-21 15:20:00,348.7,349.8,348.7,349.75,107830.0
2026-05-21 15:25:00,349.65,349.8,348.1,348.15,89450.0
2026-05-22 09:15:00,351.0,351.0,347.45,348.15,124606.0
2026-05-22 09:20:00,348.15,350.25,348.0,349.9,55393.0
2026-05-22 09:25:00,349.9,350.1,347.9,348.1,56052.0
2026-05-22 09:30:00,348.25,349.8,347.9,349.45,165945.0
2026-05-22 09:35:00,349.45,349.85,348.25,348.45,37686.0
2026-05-22 09:40:00,348.6,348.65,347.3,348.3,59114.0
2026-05-22 09:45:00,348.4,349.65,348.3,348.75,35060.0
2026-05-22 09:50:00,348.8,349.45,348.25,348.65,21793.0
2026-05-22 09:55:00,348.45,348.6,348.0,348.0,29729.0
2026-05-22 10:00:00,348.15,348.5,347.7,348.1,38107.0
2026-05-22 10:05:00,348.25,349.0,348.0,349.0,36488.0
2026-05-22 10:10:00,348.85,350.65,348.85,349.75,120541.0
2026-05-22 10:15:00,349.75,350.35,349.55,350.0,34585.0
2026-05-22 10:20:00,350.0,350.8,349.95,350.2,35763.0
2026-05-22 10:25:00,350.15,350.25,349.65,349.8,32764.0
2026-05-22 10:30:00,349.8,350.15,349.45,349.85,9010.0
2026-05-22 10:35:00,350.0,350.2,349.25,349.3,21735.0
2026-05-22 10:40:00,349.45,349.8,349.3,349.65,8944.0
2026-05-22 10:45:00,349.7,349.9,348.75,348.75,41874.0
2026-05-22 10:50:00,348.65,349.25,348.65,349.05,15305.0
2026-05-22 10:55:00,349.2,349.45,348.9,349.15,22299.0
2026-05-22 11:00:00,348.9,349.55,348.85,349.1,15092.0
2026-05-22 11:05:00,349.1,351.95,349.1,351.6,73378.0
2026-05-22 11:10:00,351.5,352.85,351.5,351.9,88984.0
2026-05-22 11:15:00,351.9,352.7,351.8,352.1,75729.0
2026-05-22 11:20:00,352.15,354.8,352.0,354.55,87510.0
2026-05-22 11:25:00,354.55,355.3,353.9,354.15,73088.0
2026-05-22 11:30:00,354.25,355.1,354.0,355.1,27556.0
2026-05-22 11:35:00,355.1,355.2,354.5,354.85,29775.0
2026-05-22 11:40:00,354.85,356.0,354.8,355.9,65961.0
2026-05-22 11:45:00,355.9,356.9,355.8,355.85,71205.0
2026-05-22 11:50:00,356.0,356.0,355.5,355.65,36123.0
2026-05-22 11:55:00,355.5,355.8,354.65,354.8,77733.0
2026-05-22 12:00:00,354.65,355.0,354.35,354.85,28998.0
2026-05-22 12:05:00,355.0,355.0,354.15,354.15,36761.0
2026-05-22 12:10:00,354.3,354.8,354.1,354.45,34359.0
2026-05-22 12:15:00,354.35,354.6,354.05,354.15,23964.0
2026-05-22 12:20:00,354.15,354.4,352.75,352.8,23689.0
2026-05-22 12:25:00,352.85,353.95,352.65,353.9,16249.0
2026-05-22 12:30:00,353.85,354.5,353.5,354.3,32493.0
2026-05-22 12:35:00,354.3,354.4,353.65,353.95,24003.0
2026-05-22 12:40:00,353.95,354.55,353.85,354.45,14314.0
2026-05-22 12:45:00,354.45,355.0,354.25,355.0,21603.0
2026-05-22 12:50:00,355.0,355.4,354.8,355.3,72908.0
2026-05-22 12:55:00,355.3,355.35,354.35,354.9,44717.0
2026-05-22 13:00:00,354.9,354.9,353.9,353.9,20011.0
2026-05-22 13:05:00,353.95,354.0,353.3,353.95,17680.0
2026-05-22 13:10:00,353.95,354.05,353.7,353.9,10072.0
2026-05-22 13:15:00,353.95,354.05,353.35,353.85,15150.0
2026-05-22 13:20:00,353.85,354.1,353.55,353.85,19152.0
2026-05-22 13:25:00,353.85,354.25,353.5,353.75,28140.0
2026-05-22 13:30:00,353.6,354.25,353.5,353.8,29767.0
2026-05-22 13:35:00,353.9,354.0,353.65,354.0,15866.0
2026-05-22 13:40:00,354.0,354.0,353.75,353.8,12414.0
2026-05-22 13:45:00,353.8,355.1,353.8,354.9,92887.0
2026-05-22 13:50:00,354.9,355.1,354.4,354.75,13365.0
2026-05-22 13:55:00,354.75,355.05,354.2,354.9,16600.0
2026-05-22 14:00:00,354.9,354.9,354.2,354.25,8394.0
2026-05-22 14:05:00,354.25,354.75,353.65,354.75,44090.0
2026-05-22 14:10:00,354.75,355.0,354.35,354.8,18852.0
2026-05-22 14:15:00,354.95,355.5,354.8,355.25,68477.0
2026-05-22 14:20:00,355.25,356.0,355.05,356.0,50066.0
2026-05-22 14:25:00,356.0,356.3,355.5,355.55,48340.0
2026-05-22 14:30:00,355.55,356.9,355.05,356.55,94930.0
2026-05-22 14:35:00,356.55,356.85,356.15,356.7,40031.0
2026-05-22 14:40:00,356.8,356.9,355.55,355.65,40372.0
2026-05-22 14:45:00,355.75,356.8,355.6,356.75,49504.0
2026-05-22 14:50:00,356.75,356.9,356.55,356.75,46785.0
2026-05-22 14:55:00,356.75,356.85,356.25,356.55,29578.0
2026-05-22 15:00:00,356.5,357.25,356.1,356.9,96446.0
2026-05-22 15:05:00,356.9,357.55,356.75,357.25,84093.0
2026-05-22 15:10:00,357.3,357.55,356.95,357.3,65162.0
2026-05-22 15:15:00,357.4,357.7,357.15,357.6,82735.0
2026-05-22 15:20:00,357.65,357.8,357.3,357.5,123980.0
2026-05-22 15:25:00,357.5,357.75,356.8,357.6,115558.0
2026-05-25 09:15:00,363.0,363.45,360.0,363.45,175984.0
2026-05-25 09:20:00,363.8,363.9,361.3,362.35,87003.0
2026-05-25 09:25:00,362.1,363.4,361.75,362.4,68347.0
2026-05-25 09:30:00,362.45,362.75,362.0,362.0,40040.0
2026-05-25 09:35:00,362.0,362.0,360.5,361.1,42918.0
2026-05-25 09:40:00,361.15,361.4,360.35,361.05,28837.0
2026-05-25 09:45:00,361.1,361.5,360.65,361.5,22659.0
2026-05-25 09:50:00,361.45,361.8,361.15,361.65,14432.0
2026-05-25 09:55:00,362.0,362.0,360.65,360.95,61152.0
2026-05-25 10:00:00,360.85,362.5,360.8,362.0,77787.0
2026-05-25 10:05:00,361.9,362.65,361.45,362.5,31155.0
2026-05-25 10:10:00,362.75,362.9,362.1,362.1,44214.0
2026-05-25 10:15:00,362.1,362.7,362.1,362.45,12932.0
2026-05-25 10:20:00,362.7,363.45,362.4,362.5,44881.0
2026-05-25 10:25:00,362.6,362.65,362.0,362.1,19781.0
2026-05-25 10:30:00,362.0,362.4,361.65,362.4,42391.0
2026-05-25 10:35:00,362.5,362.8,362.25,362.65,24658.0
2026-05-25 10:40:00,362.8,364.4,362.3,364.1,95381.0
2026-05-25 10:45:00,363.95,364.95,363.6,364.7,80752.0
2026-05-25 10:50:00,364.6,364.7,363.7,364.15,44954.0
2026-05-25 10:55:00,364.15,364.7,364.05,364.35,35036.0
2026-05-25 11:00:00,364.4,364.5,363.05,363.3,24554.0
2026-05-25 11:05:00,363.3,364.3,363.15,364.25,19528.0
2026-05-25 11:10:00,364.25,364.7,363.7,364.45,113122.0
2026-05-25 11:15:00,364.5,364.65,364.1,364.5,29043.0
2026-05-25 11:20:00,364.4,364.7,364.35,364.45,10066.0
2026-05-25 11:25:00,364.45,364.6,364.2,364.3,10705.0
2026-05-25 11:30:00,364.3,364.45,363.65,364.05,40516.0
2026-05-25 11:35:00,364.05,364.3,364.0,364.15,10965.0
2026-05-25 11:40:00,364.15,364.3,363.95,364.0,14977.0
2026-05-25 11:45:00,364.0,364.2,363.85,363.95,12220.0
2026-05-25 11:50:00,363.95,364.15,363.8,364.15,14189.0
2026-05-25 11:55:00,364.2,364.7,363.85,363.85,60282.0
2026-05-25 12:00:00,363.85,363.95,363.45,363.45,11820.0
2026-05-25 12:05:00,363.5,364.0,363.4,363.7,28073.0
2026-05-25 12:10:00,363.7,363.9,363.4,363.45,7978.0
2026-05-25 12:15:00,363.5,364.0,363.35,363.75,12807.0
2026-05-25 12:20:00,363.75,363.9,363.5,363.85,15905.0
2026-05-25 12:25:00,363.85,364.0,363.55,363.55,9543.0
2026-05-25 12:30:00,363.75,363.8,363.35,363.5,9619.0
2026-05-25 12:35:00,363.6,363.9,363.55,363.55,12190.0
2026-05-25 12:40:00,363.65,363.8,363.1,363.35,27314.0
2026-05-25 12:45:00,363.4,363.4,361.65,361.9,45395.0
2026-05-25 12:50:00,361.95,362.45,361.8,362.15,19308.0
2026-05-25 12:55:00,362.15,362.9,362.05,362.35,15777.0
2026-05-25 13:00:00,362.35,362.75,361.8,362.65,16487.0
2026-05-25 13:05:00,362.75,362.8,362.35,362.55,9578.0
2026-05-25 13:10:00,362.55,362.8,362.4,362.8,13063.0
2026-05-25 13:15:00,362.8,363.95,362.7,363.8,64700.0
2026-05-25 13:20:00,363.75,363.9,363.55,363.9,10921.0
2026-05-25 13:25:00,363.9,364.2,363.1,363.4,25855.0
2026-05-25 13:30:00,363.3,363.5,363.2,363.25,16790.0
2026-05-25 13:35:00,363.25,363.35,362.95,363.1,5487.0
2026-05-25 13:40:00,363.1,363.3,362.45,362.85,13851.0
2026-05-25 13:45:00,362.85,363.25,362.65,363.25,17798.0
2026-05-25 13:50:00,363.25,363.25,362.4,362.85,162795.0
2026-05-25 13:55:00,362.9,362.9,362.0,362.3,43426.0
2026-05-25 14:00:00,362.25,363.05,362.05,363.0,42300.0
2026-05-25 14:05:00,362.95,363.05,362.85,362.9,6224.0
2026-05-25 14:10:00,362.95,363.15,362.85,363.0,6028.0
2026-05-25 14:15:00,363.1,363.25,362.35,362.75,29392.0
2026-05-25 14:20:00,362.7,363.05,362.6,363.05,12624.0
2026-05-25 14:25:00,363.0,363.2,361.8,361.95,49902.0
2026-05-25 14:30:00,361.8,362.4,361.6,362.2,34890.0
2026-05-25 14:35:00,362.2,362.35,362.0,362.1,15694.0
2026-05-25 14:40:00,362.1,362.9,362.1,362.65,24914.0
2026-05-25 14:45:00,362.8,363.25,362.65,362.85,52711.0
2026-05-25 14:50:00,363.0,363.4,362.7,363.15,23007.0
2026-05-25 14:55:00,363.15,363.5,363.1,363.5,33135.0
2026-05-25 15:00:00,363.35,364.0,363.3,363.8,51789.0
2026-05-25 15:05:00,363.8,363.9,363.45,363.7,40668.0
2026-05-25 15:10:00,363.7,363.9,363.5,363.9,37447.0
2026-05-25 15:15:00,363.85,364.1,363.35,363.45,82964.0
2026-05-25 15:20:00,363.45,363.55,363.25,363.55,59476.0
2026-05-25 15:25:00,363.55,364.0,363.0,363.5,77210.0
2026-05-26 09:15:00,364.35,364.35,362.05,363.7,91890.0
2026-05-26 09:20:00,363.6,364.3,363.2,363.2,51322.0
2026-05-26 09:25:00,363.25,364.0,363.15,363.95,49196.0
2026-05-26 09:30:00,363.95,364.55,363.8,363.9,38981.0
2026-05-26 09:35:00,363.95,365.45,363.6,365.2,68599.0
2026-05-26 09:40:00,365.25,365.8,364.5,365.0,27998.0
2026-05-26 09:45:00,365.15,365.2,364.4,364.5,15474.0
2026-05-26 09:50:00,364.6,364.95,364.5,364.7,13936.0
2026-05-26 09:55:00,364.7,364.75,363.55,363.9,29246.0
2026-05-26 10:00:00,363.8,364.75,363.8,364.6,22971.0
2026-05-26 10:05:00,364.6,365.0,364.25,365.0,14695.0
2026-05-26 10:10:00,364.95,365.95,364.85,365.5,47200.0
2026-05-26 10:15:00,365.5,365.75,365.0,365.1,28764.0
2026-05-26 10:20:00,365.15,365.5,364.75,365.5,19172.0
2026-05-26 10:25:00,365.5,365.65,365.25,365.45,20232.0
2026-05-26 10:30:00,365.55,365.85,365.45,365.8,15536.0
2026-05-26 10:35:00,365.8,365.95,365.55,365.75,13320.0
2026-05-26 10:40:00,365.75,365.9,365.0,365.25,15358.0
2026-05-26 10:45:00,365.25,365.35,364.75,364.85,12999.0
2026-05-26 10:50:00,364.85,365.0,364.35,364.9,81759.0
2026-05-26 10:55:00,364.9,365.0,364.5,364.85,65573.0
2026-05-26 11:00:00,364.85,366.3,364.75,365.1,70718.0
2026-05-26 11:05:00,365.1,365.5,364.95,365.15,22008.0
2026-05-26 11:10:00,365.15,365.35,364.0,364.1,22737.0
2026-05-26 11:15:00,364.1,364.55,363.9,364.05,38553.0
2026-05-26 11:20:00,364.05,364.4,363.45,363.9,32090.0
2026-05-26 11:25:00,363.9,364.3,363.85,364.0,37963.0
2026-05-26 11:30:00,364.0,364.15,363.3,363.85,36540.0
2026-05-26 11:35:00,363.85,364.4,363.25,363.7,46372.0
2026-05-26 11:40:00,363.7,364.15,363.6,363.65,33370.0
2026-05-26 11:45:00,363.6,364.05,363.15,363.95,36551.0
2026-05-26 11:50:00,363.95,364.7,363.8,364.45,48276.0
2026-05-26 11:55:00,364.45,364.75,363.5,363.6,52704.0
2026-05-26 12:00:00,363.6,364.7,363.25,364.6,1256557.0
2026-05-26 12:05:00,364.6,364.85,364.1,364.5,39431.0
2026-05-26 12:10:00,364.5,364.55,363.7,363.75,58560.0
2026-05-26 12:15:00,363.75,364.25,363.45,364.2,72863.0
2026-05-26 12:20:00,364.2,364.5,363.55,363.9,42463.0
2026-05-26 12:25:00,363.9,364.15,363.4,363.85,40165.0
2026-05-26 12:30:00,363.9,364.1,363.45,363.85,44969.0
2026-05-26 12:35:00,363.85,364.15,363.55,364.0,50378.0
2026-05-26 12:40:00,364.05,364.2,363.25,363.45,49988.0
2026-05-26 12:45:00,363.4,363.55,362.8,363.3,61561.0
2026-05-26 12:50:00,363.3,364.1,363.0,364.1,37591.0
2026-05-26 12:55:00,364.1,364.25,363.6,363.9,55606.0
2026-05-26 13:00:00,363.9,363.9,362.7,363.3,56017.0
2026-05-26 13:05:00,363.3,363.65,363.1,363.4,45158.0
2026-05-26 13:10:00,363.35,363.65,363.2,363.35,41451.0
2026-05-26 13:15:00,363.35,363.85,363.1,363.7,41049.0
2026-05-26 13:20:00,363.7,364.5,363.65,364.3,42373.0
2026-05-26 13:25:00,364.3,364.6,363.85,364.35,40504.0
2026-05-26 13:30:00,364.35,364.65,364.0,364.2,32031.0
2026-05-26 13:35:00,364.2,364.35,363.85,364.05,44183.0
2026-05-26 13:40:00,364.15,364.35,363.7,363.95,24397.0
2026-05-26 13:45:00,363.95,364.0,363.05,363.6,53804.0
2026-05-26 13:50:00,363.6,363.85,363.1,363.65,53702.0
2026-05-26 13:55:00,363.65,363.7,362.85,363.0,51674.0
2026-05-26 14:00:00,363.05,363.4,362.6,362.85,39778.0
2026-05-26 14:05:00,362.85,363.35,362.6,362.85,56941.0
2026-05-26 14:10:00,362.8,362.9,361.65,362.85,66496.0
2026-05-26 14:15:00,363.0,363.1,362.55,362.95,25785.0
2026-05-26 14:20:00,362.95,363.4,362.8,363.15,33476.0
2026-05-26 14:25:00,363.05,363.95,363.05,363.55,115461.0
2026-05-26 14:30:00,363.5,363.7,362.8,363.45,109965.0
2026-05-26 14:35:00,363.35,363.65,362.85,363.2,100661.0
2026-05-26 14:40:00,363.15,363.4,362.75,363.05,113619.0
2026-05-26 14:45:00,362.95,363.75,362.95,363.4,129078.0
2026-05-26 14:50:00,363.35,363.5,362.9,363.1,90422.0
2026-05-26 14:55:00,363.0,363.5,362.8,363.0,107042.0
2026-05-26 15:00:00,362.95,363.2,362.5,362.8,107014.0
2026-05-26 15:05:00,363.05,363.35,362.75,363.05,120721.0
2026-05-26 15:10:00,363.2,363.4,362.7,362.8,126211.0
2026-05-26 15:15:00,362.9,363.2,362.55,362.65,154945.0
2026-05-26 15:20:00,362.9,363.5,362.75,363.1,138221.0
2026-05-26 15:25:00,363.2,363.85,363.0,363.65,107222.0
2026-05-27 09:15:00,363.05,367.0,362.35,366.6,143684.0
2026-05-27 09:20:00,366.75,367.9,366.25,367.4,113607.0
2026-05-27 09:25:00,367.25,367.55,365.85,366.05,44838.0
2026-05-27 09:30:00,365.9,366.4,365.1,366.0,27725.0
2026-05-27 09:35:00,365.95,366.4,365.0,365.1,53954.0
2026-05-27 09:40:00,364.9,365.8,364.7,365.4,17710.0
2026-05-27 09:45:00,365.15,365.25,364.0,364.5,11253.0
2026-05-27 09:50:00,364.5,365.0,364.2,364.3,17787.0
2026-05-27 09:55:00,364.9,364.9,364.2,364.5,13392.0
2026-05-27 10:00:00,364.4,364.4,363.6,364.2,19353.0
2026-05-27 10:05:00,364.1,364.6,363.8,364.35,17409.0
2026-05-27 10:10:00,364.55,364.95,364.25,364.95,12461.0
2026-05-27 10:15:00,364.85,365.25,364.5,364.85,21362.0
2026-05-27 10:20:00,364.8,365.4,364.4,364.8,19376.0
2026-05-27 10:25:00,364.85,365.3,364.7,365.1,8579.0
2026-05-27 10:30:00,365.1,365.8,365.05,365.4,13739.0
2026-05-27 10:35:00,365.3,365.4,364.4,364.65,7216.0
2026-05-27 10:40:00,364.45,364.95,364.0,364.2,20847.0
2026-05-27 10:45:00,364.0,364.9,363.65,364.8,38383.0
2026-05-27 10:50:00,364.75,365.35,364.7,365.3,19587.0
2026-05-27 10:55:00,365.1,365.5,365.0,365.1,12173.0
2026-05-27 11:00:00,365.1,365.2,364.7,365.0,13114.0
2026-05-27 11:05:00,364.8,365.3,364.6,365.05,19679.0
2026-05-27 11:10:00,365.1,365.2,364.8,365.1,3807.0
2026-05-27 11:15:00,365.0,365.4,365.0,365.2,4274.0
2026-05-27 11:20:00,365.2,365.9,365.2,365.85,6871.0
2026-05-27 11:25:00,365.8,365.95,365.5,365.75,7754.0
2026-05-27 11:30:00,365.65,366.0,365.25,365.4,10001.0
2026-05-27 11:35:00,365.2,365.45,364.75,365.15,8546.0
2026-05-27 11:40:00,365.0,365.75,365.0,365.3,4530.0
2026-05-27 11:45:00,365.15,365.75,365.15,365.5,23322.0
2026-05-27 11:50:00,365.25,365.5,365.1,365.4,6128.0
2026-05-27 11:55:00,365.15,365.45,365.0,365.2,5014.0
2026-05-27 12:00:00,365.05,365.3,364.85,365.1,22558.0
2026-05-27 12:05:00,365.1,365.2,364.9,365.2,4112.0
2026-05-27 12:10:00,365.15,365.15,364.9,365.1,3081.0
2026-05-27 12:15:00,365.0,365.3,364.85,365.2,12924.0
2026-05-27 12:20:00,365.05,365.2,364.8,364.95,5782.0
2026-05-27 12:25:00,364.7,365.15,363.65,363.85,21238.0
2026-05-27 12:30:00,363.8,364.3,363.55,364.0,21473.0
2026-05-27 12:35:00,364.15,364.75,364.0,364.6,19813.0
2026-05-27 12:40:00,364.6,364.8,364.35,364.8,19234.0
2026-05-27 12:45:00,364.55,365.0,364.05,364.05,38612.0
2026-05-27 12:50:00,364.25,364.45,363.8,364.2,32836.0
2026-05-27 12:55:00,364.1,364.7,363.65,363.95,34276.0
2026-05-27 13:00:00,363.85,364.1,363.3,363.75,39156.0
2026-05-27 13:05:00,363.85,364.35,363.45,363.85,30788.0
2026-05-27 13:10:00,363.65,364.1,363.65,363.9,25703.0
2026-05-27 13:15:00,363.65,363.9,363.05,363.55,26994.0
2026-05-27 13:20:00,363.35,363.7,363.05,363.4,36929.0
2026-05-27 13:25:00,363.15,363.5,363.05,363.3,23975.0
2026-05-27 13:30:00,363.15,363.35,362.65,363.2,41806.0
2026-05-27 13:35:00,363.1,363.85,363.05,363.25,33393.0
2026-05-27 13:40:00,363.2,364.6,362.9,364.4,194569.0
2026-05-27 13:45:00,364.4,364.8,364.0,364.4,66963.0
2026-05-27 13:50:00,364.2,364.95,364.2,364.7,31371.0
2026-05-27 13:55:00,364.7,365.0,364.4,364.95,33243.0
2026-05-27 14:00:00,364.8,365.1,364.35,364.75,34311.0
2026-05-27 14:05:00,364.7,365.2,364.55,365.0,20326.0
2026-05-27 14:10:00,365.1,365.1,364.65,364.9,31557.0
2026-05-27 14:15:00,364.85,365.05,364.7,364.9,28802.0
2026-05-27 14:20:00,365.0,365.05,364.45,364.8,32524.0
2026-05-27 14:25:00,364.8,365.0,364.1,364.1,98994.0
2026-05-27 14:30:00,363.95,364.6,363.85,364.15,28325.0
2026-05-27 14:35:00,364.05,364.6,363.9,364.6,35885.0
2026-05-27 14:40:00,364.4,364.9,364.4,364.7,28013.0
2026-05-27 14:45:00,364.65,364.95,364.45,364.55,37849.0
2026-05-27 14:50:00,364.55,364.8,364.4,364.65,35508.0
2026-05-27 14:55:00,364.65,364.95,364.55,364.7,39080.0
2026-05-27 15:00:00,364.75,365.3,364.5,364.8,62458.0
2026-05-27 15:05:00,364.7,365.0,364.4,364.95,48835.0
2026-05-27 15:10:00,364.9,365.5,364.7,364.75,37574.0
2026-05-27 15:15:00,364.8,365.3,364.75,365.2,43210.0
2026-05-27 15:20:00,365.15,365.2,364.7,364.9,45341.0
2026-05-27 15:25:00,364.85,365.15,364.7,364.8,47417.0
2026-05-29 09:15:00,366.85,369.0,365.7,367.4,195610.0
2026-05-29 09:20:00,367.7,369.8,367.05,369.3,359999.0
2026-05-29 09:25:00,369.15,369.25,367.95,368.05,160897.0
2026-05-29 09:30:00,367.85,368.9,367.75,367.8,79293.0
2026-05-29 09:35:00,367.8,368.65,367.05,367.15,63386.0
2026-05-29 09:40:00,367.15,367.5,365.0,365.25,83233.0
2026-05-29 09:45:00,365.4,366.6,364.85,365.6,133416.0
2026-05-29 09:50:00,365.75,366.05,365.25,365.3,42961.0
2026-05-29 09:55:00,365.55,365.55,364.0,364.5,89529.0
2026-05-29 10:00:00,364.65,365.0,364.1,364.85,44365.0
2026-05-29 10:05:00,364.85,365.3,364.7,364.7,48559.0
2026-05-29 10:10:00,364.75,365.3,364.4,364.4,32928.0
2026-05-29 10:15:00,364.4,364.6,364.0,364.3,18955.0
2026-05-29 10:20:00,364.3,365.3,364.3,364.55,30920.0
2026-05-29 10:25:00,364.55,364.75,363.7,363.8,25401.0
2026-05-29 10:30:00,363.8,363.95,363.55,363.65,14931.0
2026-05-29 10:35:00,363.65,363.8,363.5,363.5,11519.0
2026-05-29 10:40:00,363.55,363.75,363.45,363.55,21673.0
2026-05-29 10:45:00,363.6,363.6,363.0,363.05,28892.0
2026-05-29 10:50:00,363.05,363.5,363.0,363.2,9950.0
2026-05-29 10:55:00,363.15,363.7,363.05,363.3,6929.0
2026-05-29 11:00:00,363.5,363.75,363.35,363.6,5578.0
2026-05-29 11:05:00,363.7,364.0,363.65,363.65,12520.0
2026-05-29 11:10:00,363.65,364.9,363.5,364.75,38535.0
2026-05-29 11:15:00,364.8,365.0,364.75,364.8,13522.0
2026-05-29 11:20:00,364.8,364.9,364.6,364.7,6621.0
2026-05-29 11:25:00,364.9,364.9,364.7,364.75,6052.0
2026-05-29 11:30:00,364.75,364.9,364.2,364.2,7061.0
2026-05-29 11:35:00,364.3,364.5,364.05,364.35,14923.0
2026-05-29 11:40:00,364.3,364.35,363.85,364.3,7717.0
2026-05-29 11:45:00,364.35,364.7,364.25,364.65,6529.0
2026-05-29 11:50:00,364.85,364.9,364.45,364.6,6188.0
2026-05-29 11:55:00,364.6,364.75,364.2,364.25,5450.0
2026-05-29 12:00:00,364.25,364.35,363.8,363.85,12187.0
2026-05-29 12:05:00,363.85,364.2,363.7,363.9,6196.0
2026-05-29 12:10:00,363.85,363.9,362.45,362.6,33951.0
2026-05-29 12:15:00,362.45,363.3,362.4,363.05,21286.0
2026-05-29 12:20:00,363.05,363.1,362.65,362.7,28863.0
2026-05-29 12:25:00,362.7,363.4,362.7,363.2,13490.0
2026-05-29 12:30:00,363.1,363.6,362.9,362.9,8060.0
2026-05-29 12:35:00,362.9,363.25,362.6,363.1,12576.0
2026-05-29 12:40:00,363.1,363.95,362.9,363.55,16048.0
2026-05-29 12:45:00,363.65,364.25,363.45,363.95,21527.0
2026-05-29 12:50:00,363.9,364.45,363.65,363.65,14039.0
2026-05-29 12:55:00,363.8,363.85,363.15,363.6,9421.0
2026-05-29 13:00:00,363.8,363.8,363.3,363.4,4481.0
2026-05-29 13:05:00,363.4,363.6,363.3,363.5,4190.0
2026-05-29 13:10:00,363.45,363.85,362.55,362.8,10557.0
2026-05-29 13:15:00,362.8,364.4,362.65,364.1,24750.0
2026-05-29 13:20:00,364.1,364.35,363.55,363.9,36982.0
2026-05-29 13:25:00,363.9,364.25,363.65,363.85,9087.0
2026-05-29 13:30:00,363.95,364.3,363.8,363.9,12704.0
2026-05-29 13:35:00,363.9,364.45,363.8,364.15,19910.0
2026-05-29 13:40:00,364.15,364.5,363.95,364.25,10553.0
2026-05-29 13:45:00,364.25,364.85,364.25,364.6,24673.0
2026-05-29 13:50:00,364.75,364.95,364.0,364.35,20773.0
2026-05-29 13:55:00,364.4,365.0,364.25,364.85,49672.0
2026-05-29 14:00:00,365.0,365.0,364.35,364.45,14944.0
2026-05-29 14:05:00,364.5,366.0,364.1,365.5,138382.0
2026-05-29 14:10:00,365.5,366.0,365.45,365.7,23071.0
2026-05-29 14:15:00,365.6,365.75,365.1,365.15,11004.0
2026-05-29 14:20:00,365.3,365.55,365.1,365.1,23114.0
2026-05-29 14:25:00,365.3,365.55,365.0,365.25,49128.0
2026-05-29 14:30:00,365.35,365.9,365.25,365.65,58380.0
2026-05-29 14:35:00,365.6,365.95,365.4,365.55,9249.0
2026-05-29 14:40:00,365.55,365.9,365.1,365.6,12059.0
2026-05-29 14:45:00,365.65,366.65,365.45,366.4,31464.0
2026-05-29 14:50:00,366.4,366.8,365.95,366.35,100488.0
2026-05-29 14:55:00,366.5,366.55,365.75,366.45,56194.0
2026-05-29 15:00:00,366.5,366.5,363.05,363.15,570851.0
2026-05-29 15:05:00,363.15,363.25,362.0,362.5,521276.0
2026-05-29 15:10:00,362.4,363.4,362.4,363.3,412663.0
2026-05-29 15:15:00,363.25,364.05,363.0,364.05,466948.0
2026-05-29 15:20:00,363.9,364.05,362.55,362.6,517335.0
2026-05-29 15:25:00,362.55,365.75,360.8,364.0,474291.0
2026-06-01 09:15:00,366.5,367.8,364.8,365.65,104128.0
2026-06-01 09:20:00,365.45,365.75,362.2,362.8,37299.0
2026-06-01 09:25:00,362.55,362.9,361.35,361.45,34655.0
2026-06-01 09:30:00,361.3,362.3,360.2,360.65,36115.0
2026-06-01 09:35:00,360.4,360.6,358.4,359.7,59109.0
2026-06-01 09:40:00,359.75,360.45,358.4,358.6,31571.0
2026-06-01 09:45:00,358.8,359.65,358.5,359.1,16679.0
2026-06-01 09:50:00,358.9,359.6,358.2,358.45,45700.0
2026-06-01 09:55:00,358.4,358.4,357.05,357.1,32617.0
2026-06-01 10:00:00,357.0,357.1,354.2,354.8,44735.0
2026-06-01 10:05:00,354.75,356.3,354.75,356.15,20129.0
2026-06-01 10:10:00,355.95,356.7,355.8,355.95,26170.0
2026-06-01 10:15:00,355.7,355.95,355.0,355.0,22213.0
2026-06-01 10:20:00,355.0,355.35,354.45,355.0,20440.0
2026-06-01 10:25:00,355.0,355.6,354.35,354.65,27361.0
2026-06-01 10:30:00,354.4,355.1,354.1,354.8,18497.0
2026-06-01 10:35:00,354.8,356.2,354.6,355.9,31813.0
2026-06-01 10:40:00,355.8,356.25,355.45,355.85,12253.0
2026-06-01 10:45:00,355.85,357.15,355.85,356.5,19886.0
2026-06-01 10:50:00,356.6,358.75,356.35,358.75,38833.0
2026-06-01 10:55:00,358.55,359.3,358.05,358.1,19076.0
2026-06-01 11:00:00,358.05,358.5,358.05,358.25,13274.0
2026-06-01 11:05:00,358.05,358.55,357.9,358.2,9643.0
2026-06-01 11:10:00,358.25,358.45,357.8,358.25,60387.0
2026-06-01 11:15:00,358.05,358.5,357.9,358.1,6665.0
2026-06-01 11:20:00,357.95,358.05,356.9,357.2,16106.0
2026-06-01 11:25:00,357.0,357.1,356.0,356.05,13345.0
2026-06-01 11:30:00,355.9,356.25,355.75,355.85,12716.0
2026-06-01 11:35:00,355.65,356.0,355.4,355.65,17932.0
2026-06-01 11:40:00,355.6,355.95,355.1,355.3,15317.0
2026-06-01 11:45:00,355.3,355.9,355.0,355.75,8067.0
2026-06-01 11:50:00,355.75,356.0,355.4,355.9,20460.0
2026-06-01 11:55:00,355.65,355.8,354.5,354.6,12722.0
2026-06-01 12:00:00,354.55,354.75,353.8,353.95,28994.0
2026-06-01 12:05:00,353.95,355.65,353.8,355.65,24887.0
2026-06-01 12:10:00,355.5,356.0,355.5,356.0,46611.0
2026-06-01 12:15:00,355.8,355.8,355.15,355.5,8128.0
2026-06-01 12:20:00,355.5,355.55,355.1,355.35,10881.0
2026-06-01 12:25:00,355.25,355.7,355.2,355.4,5966.0
2026-06-01 12:30:00,355.4,355.65,355.05,355.35,10187.0
2026-06-01 12:35:00,355.1,355.45,355.05,355.2,5315.0
2026-06-01 12:40:00,355.05,356.2,355.05,356.2,130832.0
2026-06-01 12:45:00,356.2,356.5,355.15,355.9,32903.0
2026-06-01 12:50:00,355.65,355.95,355.35,355.65,21999.0
2026-06-01 12:55:00,355.6,355.8,354.7,355.15,30696.0
2026-06-01 13:00:00,355.0,355.35,354.9,355.15,25928.0
2026-06-01 13:05:00,355.1,355.4,354.6,354.8,43690.0
2026-06-01 13:10:00,354.65,354.85,353.8,354.0,31459.0
2026-06-01 13:15:00,353.95,354.4,352.65,354.35,49593.0
2026-06-01 13:20:00,354.35,354.5,353.85,353.9,20552.0
2026-06-01 13:25:00,353.85,354.25,353.1,353.65,47945.0
2026-06-01 13:30:00,353.4,353.7,353.0,353.15,48371.0
2026-06-01 13:35:00,353.0,353.45,352.75,353.25,44959.0
2026-06-01 13:40:00,353.05,353.25,352.5,352.7,38979.0
2026-06-01 13:45:00,352.5,352.8,352.0,352.0,37575.0
2026-06-01 13:50:00,352.0,352.3,351.95,352.0,32751.0
2026-06-01 13:55:00,351.9,352.4,351.9,352.2,34007.0
2026-06-01 14:00:00,352.15,352.2,351.5,351.9,23849.0
2026-06-01 14:05:00,351.75,351.95,351.35,351.7,30678.0
2026-06-01 14:10:00,351.55,352.0,351.15,351.45,34481.0
2026-06-01 14:15:00,351.2,351.5,350.5,351.4,94223.0
2026-06-01 14:20:00,351.15,351.15,350.05,350.2,42588.0
2026-06-01 14:25:00,350.0,350.55,350.0,350.35,45270.0
2026-06-01 14:30:00,350.15,351.15,350.0,350.55,59210.0
2026-06-01 14:35:00,350.35,351.6,350.35,351.55,65296.0
2026-06-01 14:40:00,351.5,351.55,350.7,351.05,51769.0
2026-06-01 14:45:00,350.9,351.75,350.6,350.9,51691.0
2026-06-01 14:50:00,350.9,351.05,350.5,350.5,56142.0
2026-06-01 14:55:00,350.7,351.0,350.05,350.5,55756.0
2026-06-01 15:00:00,350.45,350.45,349.5,350.1,72360.0
2026-06-01 15:05:00,349.95,351.3,349.75,350.85,102546.0
2026-06-01 15:10:00,351.0,351.55,350.65,351.25,74552.0
2026-06-01 15:15:00,351.2,351.75,350.45,350.7,91747.0
2026-06-01 15:20:00,350.7,351.0,350.0,350.25,106031.0
2026-06-01 15:25:00,350.1,350.8,349.7,350.75,66447.0
2026-06-02 09:15:00,348.6,349.85,343.75,346.8,140417.0
2026-06-02 09:20:00,346.55,347.35,346.0,346.75,67612.0
2026-06-02 09:25:00,346.8,347.0,346.0,346.4,43663.0
2026-06-02 09:30:00,346.4,346.55,345.1,345.5,67117.0
2026-06-02 09:35:00,345.5,347.5,345.4,347.25,47434.0
2026-06-02 09:40:00,347.25,347.85,346.0,346.2,37270.0
2026-06-02 09:45:00,346.2,346.7,346.0,346.65,34757.0
2026-06-02 09:50:00,346.6,348.55,346.4,348.05,44129.0
2026-06-02 09:55:00,348.15,348.6,347.1,347.75,23849.0
2026-06-02 10:00:00,347.7,348.2,347.55,347.9,20216.0
2026-06-02 10:05:00,347.9,348.05,346.65,346.9,21028.0
2026-06-02 10:10:00,346.85,346.85,345.7,345.7,24741.0
2026-06-02 10:15:00,345.7,346.05,345.05,345.75,32834.0
2026-06-02 10:20:00,345.75,346.65,345.4,346.5,21320.0
2026-06-02 10:25:00,346.4,347.7,346.3,347.45,24771.0
2026-06-02 10:30:00,347.45,347.6,346.05,346.25,16767.0
2026-06-02 10:35:00,346.2,346.35,345.8,346.05,17669.0
2026-06-02 10:40:00,346.05,346.75,346.05,346.3,22915.0
2026-06-02 10:45:00,346.05,346.55,345.5,345.5,34894.0
2026-06-02 10:50:00,345.7,345.7,344.25,344.6,35294.0
2026-06-02 10:55:00,344.5,344.7,344.05,344.6,22211.0
2026-06-02 11:00:00,344.6,345.05,344.35,344.75,16670.0
2026-06-02 11:05:00,344.8,345.2,344.25,344.85,19215.0
2026-06-02 11:10:00,344.85,345.45,344.8,345.1,14077.0
2026-06-02 11:15:00,345.1,346.5,344.95,346.2,91097.0
2026-06-02 11:20:00,346.2,347.1,346.1,347.1,25640.0
2026-06-02 11:25:00,347.1,347.1,345.45,346.25,28326.0
2026-06-02 11:30:00,346.3,346.4,345.9,346.2,30319.0
2026-06-02 11:35:00,346.1,346.4,345.4,345.55,15551.0
2026-06-02 11:40:00,345.6,346.25,345.55,346.05,10292.0
2026-06-02 11:45:00,346.05,346.2,345.4,345.75,12395.0
2026-06-02 11:50:00,345.7,346.15,345.7,346.15,14232.0
2026-06-02 11:55:00,346.1,346.4,345.7,345.9,19449.0
2026-06-02 12:00:00,345.9,346.0,345.2,345.3,15580.0
2026-06-02 12:05:00,345.25,345.65,345.05,345.65,17070.0
2026-06-02 12:10:00,345.55,345.9,345.3,345.4,16951.0
2026-06-02 12:15:00,345.4,345.75,345.2,345.4,11009.0
2026-06-02 12:20:00,345.3,345.4,345.05,345.2,9721.0
2026-06-02 12:25:00,345.15,345.7,345.0,345.45,12888.0
2026-06-02 12:30:00,345.45,346.5,345.3,346.15,11347.0
2026-06-02 12:35:00,346.15,346.3,346.0,346.3,9833.0
2026-06-02 12:40:00,346.2,347.7,346.2,347.65,44544.0
2026-06-02 12:45:00,347.65,349.0,347.65,348.8,41420.0
2026-06-02 12:50:00,348.85,350.1,348.85,350.0,49943.0
2026-06-02 12:55:00,350.1,350.95,350.05,350.9,14888.0
2026-06-02 13:00:00,350.85,350.9,350.1,350.4,19161.0
2026-06-02 13:05:00,350.4,350.7,350.25,350.3,17915.0
2026-06-02 13:10:00,350.35,350.85,349.95,350.45,18940.0
2026-06-02 13:15:00,350.4,350.7,350.3,350.5,14345.0
2026-06-02 13:20:00,350.45,350.5,350.25,350.45,14711.0
2026-06-02 13:25:00,350.5,351.7,350.5,351.4,43669.0
2026-06-02 13:30:00,351.4,351.9,351.4,351.75,15442.0
2026-06-02 13:35:00,351.75,351.75,351.05,351.4,12582.0
2026-06-02 13:40:00,351.4,351.4,350.85,351.2,12455.0
2026-06-02 13:45:00,351.15,351.7,351.05,351.6,9617.0
2026-06-02 13:50:00,351.6,351.8,351.3,351.45,10277.0
2026-06-02 13:55:00,351.4,351.45,351.0,351.3,8897.0
2026-06-02 14:00:00,351.3,351.45,351.2,351.4,15541.0
2026-06-02 14:05:00,351.4,351.8,351.3,351.8,10888.0
2026-06-02 14:10:00,351.75,351.85,351.25,351.4,19566.0
2026-06-02 14:15:00,351.4,351.95,351.0,351.3,23655.0
2026-06-02 14:20:00,351.25,351.95,351.0,351.55,17823.0
2026-06-02 14:25:00,351.5,352.5,351.5,352.0,68104.0
2026-06-02 14:30:00,352.0,352.1,351.7,351.95,9253.0
2026-06-02 14:35:00,351.9,351.9,350.6,350.7,21220.0
2026-06-02 14:40:00,350.6,350.75,349.4,349.8,25506.0
2026-06-02 14:45:00,349.8,350.75,349.3,350.75,65847.0
2026-06-02 14:50:00,350.75,350.95,350.45,350.75,18952.0
2026-06-02 14:55:00,350.7,350.7,350.0,350.15,20702.0
2026-06-02 15:00:00,350.1,351.55,349.3,351.35,77468.0
2026-06-02 15:05:00,351.25,351.85,351.2,351.8,28801.0
2026-06-02 15:10:00,351.85,352.0,351.05,351.05,43779.0
2026-06-02 15:15:00,351.25,351.8,351.15,351.6,54118.0
2026-06-02 15:20:00,351.55,351.8,351.3,351.3,45833.0
2026-06-02 15:25:00,351.3,352.35,350.3,350.3,71453.0
2026-06-03 09:15:00,350.3,351.3,346.8,346.8,70757.0
2026-06-03 09:20:00,347.0,347.0,345.1,345.3,60998.0
2026-06-03 09:25:00,345.15,345.15,344.25,344.65,76692.0
2026-06-03 09:30:00,344.65,345.3,343.75,344.6,28101.0
2026-06-03 09:35:00,344.5,346.2,343.9,345.95,54207.0
2026-06-03 09:40:00,345.85,345.85,344.7,345.05,27348.0
2026-06-03 09:45:00,344.95,345.55,344.1,344.1,32025.0
2026-06-03 09:50:00,344.3,344.9,343.4,343.55,42913.0
2026-06-03 09:55:00,343.55,343.95,342.6,343.2,44607.0
2026-06-03 10:00:00,343.4,344.35,343.1,344.35,12642.0
2026-06-03 10:05:00,344.5,344.5,343.4,343.5,16568.0
2026-06-03 10:10:00,343.4,343.6,343.0,343.45,17936.0
2026-06-03 10:15:00,343.5,343.85,342.4,343.75,26278.0
2026-06-03 10:20:00,343.6,344.2,343.15,343.15,24606.0
2026-06-03 10:25:00,343.3,343.6,342.45,343.0,34272.0
2026-06-03 10:30:00,343.0,343.4,342.2,342.5,22974.0
2026-06-03 10:35:00,342.4,342.95,342.15,342.5,18395.0
2026-06-03 10:40:00,342.6,342.9,342.4,342.65,15903.0
2026-06-03 10:45:00,342.6,343.25,342.2,342.9,25274.0
2026-06-03 10:50:00,342.7,343.0,342.0,342.5,24155.0
2026-06-03 10:55:00,342.5,342.8,342.15,342.5,16601.0
2026-06-03 11:00:00,342.55,342.9,342.0,342.25,29351.0
2026-06-03 11:05:00,342.15,343.4,342.15,343.2,25096.0
2026-06-03 11:10:00,343.35,344.15,343.15,343.75,10288.0
2026-06-03 11:15:00,343.85,345.85,343.8,345.55,50158.0
2026-06-03 11:20:00,345.45,345.65,344.8,345.25,21871.0
2026-06-03 11:25:00,345.35,345.65,345.0,345.35,14605.0
2026-06-03 11:30:00,345.35,345.45,344.7,344.95,11826.0
2026-06-03 11:35:00,345.05,345.05,344.0,344.5,8120.0
2026-06-03 11:40:00,344.45,344.5,343.85,344.0,12638.0
2026-06-03 11:45:00,344.0,344.8,343.65,344.65,11658.0
2026-06-03 11:50:00,344.85,345.0,344.45,344.7,7595.0
2026-06-03 11:55:00,344.8,344.85,344.25,344.4,12414.0
2026-06-03 12:00:00,344.35,344.4,342.7,343.0,13162.0
2026-06-03 12:05:00,343.0,343.85,343.0,343.75,16104.0
2026-06-03 12:10:00,343.7,344.05,343.35,344.0,7957.0
2026-06-03 12:15:00,343.85,343.95,343.35,343.6,5859.0
2026-06-03 12:20:00,343.6,344.15,343.55,343.6,6037.0
2026-06-03 12:25:00,343.75,344.05,343.55,343.95,24252.0
2026-06-03 12:30:00,344.05,345.75,344.0,345.65,20690.0
2026-06-03 12:35:00,345.7,346.5,345.4,346.0,31975.0
2026-06-03 12:40:00,346.2,346.5,346.05,346.2,20534.0
2026-06-03 12:45:00,346.25,346.65,345.55,345.8,23590.0
2026-06-03 12:50:00,345.8,346.0,345.4,345.7,11140.0
2026-06-03 12:55:00,345.6,346.1,345.45,346.05,24384.0
2026-06-03 13:00:00,345.95,346.25,345.85,346.15,6233.0
2026-06-03 13:05:00,346.25,346.3,345.6,346.3,5956.0
2026-06-03 13:10:00,346.25,346.35,346.0,346.15,8897.0
2026-06-03 13:15:00,346.45,346.85,346.3,346.4,15867.0
2026-06-03 13:20:00,346.35,346.85,346.25,346.6,8846.0
2026-06-03 13:25:00,346.75,346.9,346.15,346.35,11618.0
2026-06-03 13:30:00,346.4,346.65,345.95,346.55,16398.0
2026-06-03 13:35:00,346.55,346.6,346.25,346.4,6535.0
2026-06-03 13:40:00,346.5,346.6,346.15,346.45,10167.0
2026-06-03 13:45:00,346.35,347.8,346.35,347.3,33559.0
2026-06-03 13:50:00,347.35,347.45,346.7,346.9,13768.0
2026-06-03 13:55:00,347.1,347.15,346.4,346.9,12553.0
2026-06-03 14:00:00,347.05,347.6,347.0,347.5,6477.0
2026-06-03 14:05:00,347.55,347.9,347.25,347.45,25872.0
2026-06-03 14:10:00,347.45,347.85,347.2,347.7,10643.0
2026-06-03 14:15:00,347.7,348.0,347.2,348.0,24392.0
2026-06-03 14:20:00,347.95,348.4,347.6,348.2,17529.0
2026-06-03 14:25:00,348.2,348.9,347.85,348.5,24476.0
2026-06-03 14:30:00,348.65,349.0,348.4,348.7,12480.0
2026-06-03 14:35:00,348.7,348.95,348.2,348.75,10273.0
2026-06-03 14:40:00,348.65,349.8,348.65,349.35,16846.0
2026-06-03 14:45:00,349.4,349.55,348.6,349.4,22134.0
2026-06-03 14:50:00,349.2,349.95,349.1,349.65,19674.0
2026-06-03 14:55:00,349.55,349.9,349.15,349.45,23713.0
2026-06-03 15:00:00,349.5,349.95,348.25,349.05,40609.0
2026-06-03 15:05:00,349.1,349.75,348.3,348.6,48406.0
2026-06-03 15:10:00,348.65,348.85,347.3,348.45,48223.0
2026-06-03 15:15:00,348.45,349.35,348.2,348.95,61632.0
2026-06-03 15:20:00,348.95,349.3,348.55,349.2,54255.0
2026-06-03 15:25:00,349.2,349.3,348.1,349.0,46144.0
2026-06-04 09:15:00,348.75,351.2,346.0,351.05,119445.0
2026-06-04 09:20:00,350.85,351.0,349.1,349.2,48658.0
2026-06-04 09:25:00,349.2,350.0,348.6,349.3,54829.0
2026-06-04 09:30:00,349.4,349.85,348.45,349.15,22604.0
2026-06-04 09:35:00,349.45,350.8,349.15,349.15,20405.0
2026-06-04 09:40:00,349.05,349.5,348.2,348.25,14763.0
2026-06-04 09:45:00,348.25,349.9,348.25,349.5,68743.0
2026-06-04 09:50:00,349.45,349.6,348.0,348.9,36794.0
2026-06-04 09:55:00,348.85,349.8,348.85,349.45,52283.0
2026-06-04 10:00:00,349.35,350.2,349.2,349.55,24965.0
2026-06-04 10:05:00,349.55,349.95,349.3,349.6,9595.0
2026-06-04 10:10:00,349.4,350.85,349.4,350.65,28435.0
2026-06-04 10:15:00,350.65,351.9,350.65,351.65,26271.0
2026-06-04 10:20:00,351.65,351.85,351.2,351.5,22235.0
2026-06-04 10:25:00,351.5,351.75,350.4,350.5,29640.0
2026-06-04 10:30:00,350.35,350.6,349.75,349.95,7810.0
2026-06-04 10:35:00,349.8,350.45,348.55,349.1,12388.0
2026-06-04 10:40:00,349.0,350.0,349.0,349.85,25454.0
2026-06-04 10:45:00,349.85,350.3,349.5,349.65,58264.0
2026-06-04 10:50:00,349.65,350.1,349.5,349.8,9816.0
2026-06-04 10:55:00,349.8,350.55,349.75,349.85,34695.0
2026-06-04 11:00:00,349.85,350.65,349.4,349.4,21101.0
2026-06-04 11:05:00,349.4,350.1,349.15,349.7,24351.0
2026-06-04 11:10:00,349.7,350.3,349.6,350.25,9470.0
2026-06-04 11:15:00,350.15,351.35,350.15,351.05,19597.0
2026-06-04 11:20:00,350.85,351.0,350.2,350.4,15982.0
2026-06-04 11:25:00,350.3,350.8,350.1,350.1,10034.0
2026-06-04 11:30:00,350.1,350.8,349.9,350.8,8149.0
2026-06-04 11:35:00,350.65,350.95,350.6,350.65,3255.0
2026-06-04 11:40:00,350.65,350.8,350.25,350.25,21229.0
2026-06-04 11:45:00,350.25,352.8,350.25,352.3,55978.0
2026-06-04 11:50:00,352.15,352.6,351.9,352.4,38094.0
2026-06-04 11:55:00,352.2,352.9,352.2,352.6,9752.0
2026-06-04 12:00:00,352.35,352.7,352.05,352.7,7851.0
2026-06-04 12:05:00,352.55,352.8,352.15,352.4,8292.0
2026-06-04 12:10:00,352.35,352.5,352.0,352.1,4919.0
2026-06-04 12:15:00,352.15,352.7,351.85,352.7,9808.0
2026-06-04 12:20:00,352.7,353.25,352.2,353.25,31845.0
2026-06-04 12:25:00,353.05,353.55,353.0,353.25,22390.0
2026-06-04 12:30:00,353.3,353.5,352.65,352.65,36444.0
2026-06-04 12:35:00,352.6,353.8,352.55,353.8,103994.0
2026-06-04 12:40:00,353.65,354.1,353.3,354.0,85212.0
2026-06-04 12:45:00,354.0,355.1,354.0,355.1,177433.0
2026-06-04 12:50:00,355.05,355.3,355.0,355.3,38854.0
2026-06-04 12:55:00,355.25,356.7,355.1,356.0,100699.0
2026-06-04 13:00:00,356.1,356.4,355.6,355.9,17994.0
2026-06-04 13:05:00,355.7,355.85,355.1,355.1,15335.0
2026-06-04 13:10:00,355.15,355.3,354.1,354.3,100170.0
2026-06-04 13:15:00,354.45,355.35,354.0,355.0,196894.0
2026-06-04 13:20:00,354.8,355.0,354.6,354.65,22457.0
2026-06-04 13:25:00,354.65,354.8,354.2,354.55,20011.0
2026-06-04 13:30:00,354.55,354.6,354.2,354.6,3887.0
2026-06-04 13:35:00,354.5,354.95,354.5,354.95,4595.0
2026-06-04 13:40:00,354.8,355.55,354.7,355.25,29706.0
2026-06-04 13:45:00,355.25,355.7,355.05,355.55,12700.0
2026-06-04 13:50:00,355.55,355.95,355.3,355.3,72119.0
2026-06-04 13:55:00,355.3,355.6,354.75,355.1,182499.0
2026-06-04 14:00:00,354.95,355.6,354.95,355.1,5525.0
2026-06-04 14:05:00,355.1,355.4,354.6,355.05,10215.0
2026-06-04 14:10:00,355.05,355.25,354.35,354.55,13149.0
2026-06-04 14:15:00,354.6,354.85,353.8,353.85,18328.0
2026-06-04 14:20:00,353.8,354.1,353.5,353.95,32304.0
2026-06-04 14:25:00,353.9,354.25,353.8,353.8,19667.0
2026-06-04 14:30:00,353.85,354.25,353.55,354.15,21651.0
2026-06-04 14:35:00,354.05,354.45,353.9,354.2,21567.0
2026-06-04 14:40:00,354.2,354.8,353.95,354.4,33356.0
2026-06-04 14:45:00,354.4,355.0,354.15,354.3,23373.0
2026-06-04 14:50:00,354.5,354.6,353.25,353.25,39079.0
2026-06-04 14:55:00,353.15,354.1,353.15,353.65,40487.0
2026-06-04 15:00:00,353.55,353.65,352.95,353.2,80178.0
2026-06-04 15:05:00,353.2,353.6,353.1,353.4,82223.0
2026-06-04 15:10:00,353.4,353.9,353.35,353.75,48881.0
2026-06-04 15:15:00,353.75,354.05,353.4,353.45,102002.0
2026-06-04 15:20:00,353.45,353.85,352.8,353.45,87151.0
2026-06-04 15:25:00,353.45,355.05,353.3,353.3,121922.0
2026-06-05 09:15:00,353.9,355.6,352.9,355.05,43419.0
2026-06-05 09:20:00,355.0,356.9,355.0,355.8,31746.0
2026-06-05 09:25:00,355.8,356.15,355.4,355.95,12130.0
2026-06-05 09:30:00,356.25,356.5,354.15,354.5,28401.0
2026-06-05 09:35:00,354.45,355.0,354.0,354.9,27011.0
2026-06-05 09:40:00,354.9,357.15,354.5,356.15,32278.0
2026-06-05 09:45:00,355.95,356.5,355.4,355.9,21378.0
2026-06-05 09:50:00,355.85,356.4,355.75,355.95,7026.0
2026-06-05 09:55:00,356.1,356.7,355.0,355.15,10866.0
2026-06-05 10:00:00,355.4,359.0,354.8,358.85,40201.0
2026-06-05 10:05:00,358.85,360.8,357.45,360.5,137102.0
2026-06-05 10:10:00,360.45,360.45,357.9,358.3,59401.0
2026-06-05 10:15:00,358.4,359.5,358.25,358.7,45428.0
2026-06-05 10:20:00,358.75,359.35,358.35,359.1,33725.0
2026-06-05 10:25:00,358.85,363.5,358.85,363.25,207579.0
2026-06-05 10:30:00,363.3,366.3,363.1,363.45,365439.0
2026-06-05 10:35:00,363.3,364.95,362.7,362.7,407196.0
2026-06-05 10:40:00,362.9,362.9,359.85,360.0,165304.0
2026-06-05 10:45:00,359.95,360.75,358.8,359.85,154675.0
2026-06-05 10:50:00,359.9,361.8,359.55,361.5,83049.0
2026-06-05 10:55:00,361.2,362.95,361.15,362.5,33012.0
2026-06-05 11:00:00,362.35,363.2,362.1,363.0,44400.0
2026-06-05 11:05:00,362.8,364.3,362.6,364.25,102696.0
2026-06-05 11:10:00,364.0,364.5,363.45,363.75,57473.0
2026-06-05 11:15:00,363.85,364.0,362.2,362.85,30452.0
2026-06-05 11:20:00,362.75,362.95,361.7,362.05,18694.0
2026-06-05 11:25:00,362.25,362.55,361.6,362.25,15997.0
2026-06-05 11:30:00,362.25,362.75,362.0,362.2,10867.0
2026-06-05 11:35:00,362.2,362.35,360.95,361.4,16167.0
2026-06-05 11:40:00,361.55,361.7,360.3,360.55,9046.0
2026-06-05 11:45:00,360.3,360.8,360.0,360.6,12208.0
2026-06-05 11:50:00,360.5,362.3,360.0,362.0,40735.0
2026-06-05 11:55:00,362.1,362.1,361.3,362.0,142361.0
2026-06-05 12:00:00,362.0,362.8,361.5,361.75,123025.0
2026-06-05 12:05:00,361.65,361.65,360.6,360.7,37571.0
2026-06-05 12:10:00,360.9,361.2,360.35,361.2,9825.0
2026-06-05 12:15:00,360.9,361.1,360.35,360.9,9221.0
2026-06-05 12:20:00,360.9,361.75,360.75,361.25,24867.0
2026-06-05 12:25:00,361.3,361.4,361.0,361.0,90446.0
2026-06-05 12:30:00,361.15,361.15,359.25,359.3,163071.0
2026-06-05 12:35:00,359.3,359.4,358.1,358.7,30297.0
2026-06-05 12:40:00,358.7,358.75,357.75,357.75,39935.0
2026-06-05 12:45:00,357.75,358.1,357.3,357.6,18796.0
2026-06-05 12:50:00,357.45,357.45,356.4,356.65,16352.0
2026-06-05 12:55:00,356.5,356.8,356.05,356.8,23554.0
2026-06-05 13:00:00,356.75,357.3,356.1,356.5,36254.0
2026-06-05 13:05:00,357.1,357.2,356.2,356.75,7229.0
2026-06-05 13:10:00,356.55,357.0,356.3,356.45,4346.0
2026-06-05 13:15:00,356.15,357.7,356.1,357.3,18510.0
2026-06-05 13:20:00,357.35,357.55,356.6,356.85,25515.0
2026-06-05 13:25:00,356.8,357.0,356.05,356.35,11580.0
2026-06-05 13:30:00,356.3,356.9,355.9,356.5,9655.0
2026-06-05 13:35:00,356.3,356.75,355.2,355.9,21803.0
2026-06-05 13:40:00,355.7,355.9,355.1,355.55,11630.0
2026-06-05 13:45:00,355.35,356.45,355.3,356.0,12664.0
2026-06-05 13:50:00,355.65,355.95,355.35,355.4,8708.0
2026-06-05 13:55:00,355.4,355.85,355.35,355.85,3332.0
2026-06-05 14:00:00,355.9,356.4,355.85,355.9,4731.0
2026-06-05 14:05:00,355.9,356.75,355.9,356.15,9509.0
2026-06-05 14:10:00,356.05,356.4,356.05,356.1,2380.0
2026-06-05 14:15:00,356.1,356.45,355.8,356.25,10681.0
2026-06-05 14:20:00,356.25,357.15,356.05,356.85,6996.0
2026-06-05 14:25:00,356.85,358.35,356.85,358.2,26538.0
2026-06-05 14:30:00,358.15,358.55,357.35,357.45,30872.0
2026-06-05 14:35:00,357.45,357.7,356.35,357.0,16665.0
2026-06-05 14:40:00,357.0,358.8,356.8,358.65,7656.0
2026-06-05 14:45:00,358.65,358.9,357.4,357.6,15283.0
2026-06-05 14:50:00,357.55,358.25,357.55,357.95,9463.0
2026-06-05 14:55:00,357.9,358.4,357.4,357.85,16403.0
2026-06-05 15:00:00,357.85,358.0,356.9,357.45,47459.0
2026-06-05 15:05:00,357.45,357.65,356.95,357.35,54610.0
2026-06-05 15:10:00,357.25,358.2,357.15,357.75,60187.0
2026-06-05 15:15:00,357.65,358.65,357.45,357.85,76267.0
2026-06-05 15:20:00,357.85,357.95,356.9,357.8,76232.0
2026-06-05 15:25:00,357.65,358.1,356.45,357.0,93466.0
2026-06-08 09:15:00,352.0,352.6,346.9,350.45,175507.0
2026-06-08 09:20:00,350.45,350.5,348.2,349.45,51759.0
2026-06-08 09:25:00,349.2,352.2,348.75,351.85,60987.0
2026-06-08 09:30:00,351.85,352.4,351.15,351.95,41667.0
2026-06-08 09:35:00,352.0,352.15,349.5,349.7,27643.0
2026-06-08 09:40:00,350.3,350.8,349.45,350.3,15727.0
2026-06-08 09:45:00,350.4,350.85,348.8,348.8,20501.0
2026-06-08 09:50:00,348.7,349.85,348.55,349.8,12799.0
2026-06-08 09:55:00,349.95,351.6,349.75,351.05,14719.0
2026-06-08 10:00:00,351.25,351.25,349.75,349.75,12237.0
2026-06-08 10:05:00,349.8,350.55,349.05,350.5,11310.0
2026-06-08 10:10:00,350.2,350.35,349.5,349.5,19276.0
2026-06-08 10:15:00,349.45,350.4,349.2,350.4,11412.0
2026-06-08 10:20:00,350.2,350.55,349.7,350.25,13250.0
2026-06-08 10:25:00,350.25,350.25,349.25,349.55,10689.0
2026-06-08 10:30:00,349.65,350.8,349.55,350.65,13600.0
2026-06-08 10:35:00,350.5,351.0,350.2,350.8,11257.0
2026-06-08 10:40:00,350.8,351.05,350.1,350.1,10160.0
2026-06-08 10:45:00,350.25,350.5,349.4,350.15,28584.0
2026-06-08 10:50:00,350.45,350.7,350.05,350.05,7598.0
2026-06-08 10:55:00,350.25,351.2,349.9,349.9,38683.0
2026-06-08 11:00:00,349.9,350.25,349.7,350.05,7734.0
2026-06-08 11:05:00,349.9,350.05,349.35,349.7,9300.0
2026-06-08 11:10:00,349.75,349.75,349.05,349.05,12523.0
2026-06-08 11:15:00,349.0,349.45,349.0,349.25,17338.0
2026-06-08 11:20:00,349.05,349.05,348.0,348.15,35436.0
2026-06-08 11:25:00,348.05,348.05,347.55,347.8,26264.0
2026-06-08 11:30:00,347.65,348.0,347.2,347.55,43232.0
2026-06-08 11:35:00,347.35,347.8,347.25,347.7,8508.0
2026-06-08 11:40:00,347.5,347.95,347.4,347.45,18542.0
2026-06-08 11:45:00,347.45,347.95,347.45,347.95,12538.0
2026-06-08 11:50:00,347.7,347.95,347.4,347.75,33944.0
2026-06-08 11:55:00,347.55,347.85,347.5,347.6,13275.0
2026-06-08 12:00:00,347.5,347.85,347.35,347.8,11060.0
2026-06-08 12:05:00,347.65,347.85,347.05,347.2,13987.0
2026-06-08 12:10:00,347.15,347.7,347.15,347.35,15987.0
2026-06-08 12:15:00,347.3,347.35,346.15,346.55,54575.0
2026-06-08 12:20:00,346.55,346.75,346.5,346.75,12413.0
2026-06-08 12:25:00,346.6,346.9,346.2,346.75,15927.0
2026-06-08 12:30:00,346.6,347.55,346.6,347.05,18730.0
2026-06-08 12:35:00,347.05,347.65,346.8,347.45,22069.0
2026-06-08 12:40:00,347.45,348.95,347.45,348.6,25485.0
2026-06-08 12:45:00,348.6,348.7,348.3,348.65,17918.0
2026-06-08 12:50:00,348.5,348.9,348.5,348.8,14897.0
2026-06-08 12:55:00,348.7,348.85,348.15,348.35,14124.0
2026-06-08 13:00:00,348.15,348.5,347.85,348.05,10573.0
2026-06-08 13:05:00,347.95,348.2,347.55,347.6,12770.0
2026-06-08 13:10:00,347.6,350.25,347.35,349.55,73614.0
2026-06-08 13:15:00,349.5,349.65,348.65,348.75,38849.0
2026-06-08 13:20:00,348.75,348.95,348.55,348.7,10549.0
2026-06-08 13:25:00,348.7,348.85,347.6,348.05,15759.0
2026-06-08 13:30:00,348.05,348.2,347.6,347.6,11810.0
2026-06-08 13:35:00,347.75,348.2,347.6,348.0,11764.0
2026-06-08 13:40:00,348.2,348.2,347.5,347.5,13460.0
2026-06-08 13:45:00,347.65,348.0,347.15,347.45,23644.0
2026-06-08 13:50:00,347.6,347.8,347.35,347.55,8376.0
2026-06-08 13:55:00,347.55,348.0,347.35,347.8,12985.0
2026-06-08 14:00:00,348.0,348.65,347.7,348.55,7368.0
2026-06-08 14:05:00,348.55,348.75,348.35,348.4,7541.0
2026-06-08 14:10:00,348.4,348.5,347.6,347.6,5601.0
2026-06-08 14:15:00,347.6,347.95,347.3,347.5,7438.0
2026-06-08 14:20:00,347.5,347.6,346.75,346.85,14277.0
2026-06-08 14:25:00,346.8,347.5,346.75,347.1,10532.0
2026-06-08 14:30:00,347.1,347.6,346.95,347.0,11432.0
2026-06-08 14:35:00,347.3,347.45,346.8,347.0,10792.0
2026-06-08 14:40:00,347.1,347.9,346.6,347.7,17499.0
2026-06-08 14:45:00,347.9,348.4,347.5,347.65,11698.0
2026-06-08 14:50:00,347.85,348.15,347.4,347.65,10060.0
2026-06-08 14:55:00,347.65,348.1,347.05,347.4,16420.0
2026-06-08 15:00:00,347.55,347.55,344.25,344.8,83063.0
2026-06-08 15:05:00,344.75,344.8,343.55,344.25,54370.0
2026-06-08 15:10:00,344.3,345.0,344.15,344.85,39559.0
2026-06-08 15:15:00,344.85,345.35,344.8,345.05,45196.0
2026-06-08 15:20:00,345.05,345.2,342.1,342.25,87746.0
2026-06-08 15:25:00,342.2,342.9,341.55,342.55,83245.0
2026-06-09 09:15:00,344.9,348.5,343.9,347.05,122947.0
2026-06-09 09:20:00,347.55,348.4,346.85,347.7,55094.0
2026-06-09 09:25:00,347.65,348.2,346.5,346.8,43165.0
2026-06-09 09:30:00,346.85,347.9,346.85,347.25,45583.0
2026-06-09 09:35:00,347.15,347.3,346.75,347.1,28078.0
2026-06-09 09:40:00,347.1,347.4,346.55,346.95,27601.0
2026-06-09 09:45:00,346.95,347.9,346.65,346.95,25241.0
2026-06-09 09:50:00,347.05,349.3,347.0,348.65,59104.0
2026-06-09 09:55:00,348.5,348.55,347.6,348.1,16278.0
2026-06-09 10:00:00,348.2,348.75,347.55,348.4,37285.0
2026-06-09 10:05:00,348.35,348.5,347.9,348.45,19830.0
2026-06-09 10:10:00,348.65,349.3,348.5,349.0,28228.0
2026-06-09 10:15:00,348.9,349.0,348.05,348.35,23049.0
2026-06-09 10:20:00,348.15,348.8,348.15,348.25,23990.0
2026-06-09 10:25:00,348.25,348.7,348.15,348.6,15518.0
2026-06-09 10:30:00,348.5,348.55,348.05,348.3,13772.0
2026-06-09 10:35:00,348.65,348.8,348.1,348.4,40464.0
2026-06-09 10:40:00,348.2,349.0,348.2,348.85,29584.0
2026-06-09 10:45:00,348.9,349.1,348.3,348.3,23370.0
2026-06-09 10:50:00,348.2,348.45,347.65,348.45,43755.0
2026-06-09 10:55:00,348.45,348.7,348.1,348.7,32628.0
2026-06-09 11:00:00,348.55,348.8,348.2,348.7,48071.0
2026-06-09 11:05:00,348.65,348.9,348.45,348.8,18927.0
2026-06-09 11:10:00,348.75,348.75,347.8,348.0,12508.0
2026-06-09 11:15:00,348.0,348.45,348.0,348.45,20704.0
2026-06-09 11:20:00,348.45,348.45,347.3,347.35,12648.0
2026-06-09 11:25:00,347.35,347.5,346.8,347.4,22917.0
2026-06-09 11:30:00,347.3,347.55,347.1,347.55,10184.0
2026-06-09 11:35:00,347.55,347.95,347.55,347.95,17641.0
2026-06-09 11:40:00,347.95,348.0,347.6,348.0,13045.0
2026-06-09 11:45:00,347.9,348.6,347.75,348.2,29394.0
2026-06-09 11:50:00,348.3,349.1,348.15,348.55,40160.0
2026-06-09 11:55:00,348.7,349.2,348.25,349.1,35923.0
2026-06-09 12:00:00,349.0,349.15,348.6,348.7,17900.0
2026-06-09 12:05:00,348.95,349.1,348.45,348.65,12519.0
2026-06-09 12:10:00,348.65,348.75,347.8,348.2,14632.0
2026-06-09 12:15:00,348.25,348.55,348.05,348.55,8173.0
2026-06-09 12:20:00,348.4,348.6,348.2,348.35,13675.0
2026-06-09 12:25:00,348.35,348.6,348.3,348.6,8314.0
2026-06-09 12:30:00,348.6,349.2,348.55,349.2,23047.0
2026-06-09 12:35:00,349.2,349.45,348.85,349.45,22654.0
2026-06-09 12:40:00,349.5,349.6,349.2,349.6,20958.0
2026-06-09 12:45:00,349.6,350.25,349.6,349.8,40069.0
2026-06-09 12:50:00,349.7,349.75,349.1,349.2,19431.0
2026-06-09 12:55:00,349.2,349.35,348.2,348.5,44468.0
2026-06-09 13:00:00,348.55,349.05,348.55,348.75,13115.0
2026-06-09 13:05:00,348.85,349.2,348.8,349.05,7141.0
2026-06-09 13:10:00,349.2,349.95,349.05,349.9,11483.0
2026-06-09 13:15:00,349.9,350.2,349.45,349.75,30960.0
2026-06-09 13:20:00,349.8,349.9,349.55,349.55,15992.0
2026-06-09 13:25:00,349.6,349.8,349.5,349.5,12178.0
2026-06-09 13:30:00,349.5,349.55,348.9,349.35,20725.0
2026-06-09 13:35:00,349.2,350.4,349.2,350.25,31968.0
2026-06-09 13:40:00,350.3,350.3,350.0,350.05,7148.0
2026-06-09 13:45:00,350.05,350.05,349.55,349.75,23441.0
2026-06-09 13:50:00,349.75,349.85,349.65,349.75,13245.0
2026-06-09 13:55:00,349.75,349.75,348.0,348.65,19256.0
2026-06-09 14:00:00,348.65,348.8,348.5,348.7,15720.0
2026-06-09 14:05:00,348.6,349.35,348.4,349.25,18824.0
2026-06-09 14:10:00,349.4,349.8,349.35,349.75,17234.0
2026-06-09 14:15:00,349.7,349.75,349.3,349.6,9361.0
2026-06-09 14:20:00,349.6,349.7,349.4,349.55,16537.0
2026-06-09 14:25:00,349.55,349.85,349.5,349.85,17543.0
2026-06-09 14:30:00,349.85,349.85,349.5,349.8,17188.0
2026-06-09 14:35:00,349.8,349.85,349.25,349.7,21507.0
2026-06-09 14:40:00,349.7,350.5,349.5,350.35,36656.0
2026-06-09 14:45:00,350.3,350.3,349.3,349.5,28004.0
2026-06-09 14:50:00,349.35,350.25,349.25,350.2,30414.0
2026-06-09 14:55:00,350.2,350.9,350.2,350.9,65481.0
2026-06-09 15:00:00,350.7,351.45,349.55,351.1,185744.0
2026-06-09 15:05:00,351.2,352.4,351.15,352.05,63125.0
2026-06-09 15:10:00,352.15,352.45,351.6,352.2,93034.0
2026-06-09 15:15:00,352.05,352.45,351.6,351.8,75016.0
2026-06-09 15:20:00,351.8,351.85,350.65,350.75,84426.0
2026-06-09 15:25:00,351.0,352.2,350.85,351.05,70489.0
2026-06-10 09:15:00,351.35,352.2,349.8,350.1,48518.0
2026-06-10 09:20:00,350.1,350.55,349.6,350.55,20001.0
2026-06-10 09:25:00,350.6,352.0,350.3,352.0,32559.0
2026-06-10 09:30:00,352.15,352.5,351.45,352.25,29485.0
2026-06-10 09:35:00,352.25,352.5,351.15,352.05,14043.0
2026-06-10 09:40:00,351.95,352.4,351.6,352.4,15626.0
2026-06-10 09:45:00,352.6,353.25,352.4,352.8,75399.0
2026-06-10 09:50:00,352.8,352.85,350.05,350.25,47193.0
2026-06-10 09:55:00,350.4,350.4,349.4,349.5,22870.0
2026-06-10 10:00:00,349.55,350.3,349.05,349.6,28620.0
2026-06-10 10:05:00,349.35,349.6,348.65,348.75,41189.0
2026-06-10 10:10:00,348.95,349.05,348.2,348.2,14001.0
2026-06-10 10:15:00,348.1,348.2,347.25,348.1,27428.0
2026-06-10 10:20:00,348.1,348.55,347.7,348.3,22391.0
2026-06-10 10:25:00,348.3,348.4,347.8,348.05,19810.0
2026-06-10 10:30:00,348.0,349.4,347.55,349.25,25258.0
2026-06-10 10:35:00,349.35,349.75,349.3,349.4,8233.0
2026-06-10 10:40:00,349.4,349.9,349.0,349.25,20532.0
2026-06-10 10:45:00,349.3,349.3,348.9,349.3,10047.0
2026-06-10 10:50:00,349.4,349.8,349.05,349.35,11868.0
2026-06-10 10:55:00,349.35,350.3,349.25,350.15,24622.0
2026-06-10 11:00:00,350.15,350.6,349.45,350.5,41859.0
2026-06-10 11:05:00,350.55,350.55,348.85,349.1,50204.0
2026-06-10 11:10:00,348.95,349.6,348.95,349.3,75506.0
2026-06-10 11:15:00,349.3,349.5,348.75,348.75,6394.0
2026-06-10 11:20:00,348.8,349.25,348.35,349.15,6964.0
2026-06-10 11:25:00,349.0,349.2,348.8,348.85,7055.0
2026-06-10 11:30:00,349.1,349.15,348.7,349.15,3865.0
2026-06-10 11:35:00,349.2,349.3,348.75,349.0,6870.0
2026-06-10 11:40:00,348.95,349.0,348.7,348.9,10260.0
2026-06-10 11:45:00,348.85,349.0,348.7,349.0,15700.0
2026-06-10 11:50:00,349.0,349.0,348.45,348.9,20112.0
2026-06-10 11:55:00,348.9,349.5,348.7,349.15,16699.0
2026-06-10 12:00:00,349.0,349.1,348.3,348.5,6924.0
2026-06-10 12:05:00,348.4,348.95,348.2,348.9,5274.0
2026-06-10 12:10:00,348.8,349.25,348.75,348.95,5190.0
2026-06-10 12:15:00,348.9,349.0,348.45,349.0,7677.0
2026-06-10 12:20:00,349.0,349.15,348.55,348.65,5305.0
2026-06-10 12:25:00,348.55,348.8,348.2,348.35,10174.0
2026-06-10 12:30:00,348.3,348.3,347.8,347.95,18015.0
2026-06-10 12:35:00,347.95,348.15,347.8,348.0,6314.0
2026-06-10 12:40:00,347.95,348.0,347.25,347.25,15613.0
2026-06-10 12:45:00,347.2,347.7,346.7,347.5,13901.0
2026-06-10 12:50:00,347.4,348.0,347.35,348.0,15578.0
2026-06-10 12:55:00,348.0,348.0,347.45,347.95,6056.0
2026-06-10 13:00:00,347.95,348.0,347.75,348.0,26246.0
2026-06-10 13:05:00,348.0,348.15,347.6,348.0,7794.0
2026-06-10 13:10:00,348.0,348.0,347.5,348.0,39422.0
2026-06-10 13:15:00,347.95,348.0,347.3,347.55,31383.0
2026-06-10 13:20:00,347.55,347.65,347.15,347.3,6159.0
2026-06-10 13:25:00,347.35,347.9,347.25,347.5,11511.0
2026-06-10 13:30:00,347.65,347.8,347.0,347.1,21008.0
2026-06-10 13:35:00,347.1,347.15,346.2,346.75,30367.0
2026-06-10 13:40:00,346.65,347.2,346.3,346.4,23493.0
2026-06-10 13:45:00,346.4,346.8,346.3,346.6,18250.0
2026-06-10 13:50:00,346.55,346.6,346.0,346.25,12307.0
2026-06-10 13:55:00,346.25,346.5,346.0,346.3,24592.0
2026-06-10 14:00:00,346.3,346.65,345.9,346.4,20108.0
2026-06-10 14:05:00,346.4,346.8,346.1,346.25,9410.0
2026-06-10 14:10:00,346.3,346.35,345.65,345.7,9159.0
2026-06-10 14:15:00,345.7,346.2,345.6,346.2,7688.0
2026-06-10 14:20:00,346.15,346.8,346.05,346.7,16500.0
2026-06-10 14:25:00,346.7,346.8,346.1,346.25,8952.0
2026-06-10 14:30:00,346.15,346.15,345.0,345.2,34864.0
2026-06-10 14:35:00,345.45,345.6,344.55,344.85,46696.0
2026-06-10 14:40:00,344.85,344.9,344.1,344.35,44844.0
2026-06-10 14:45:00,344.35,344.45,343.1,343.1,40120.0
2026-06-10 14:50:00,343.25,344.25,343.0,343.7,47967.0
2026-06-10 14:55:00,343.85,344.35,343.6,344.0,40707.0
2026-06-10 15:00:00,344.1,344.1,343.15,343.4,43645.0
2026-06-10 15:05:00,343.2,343.6,342.6,343.15,36173.0
2026-06-10 15:10:00,343.05,343.25,342.0,342.2,39185.0
2026-06-10 15:15:00,342.15,342.45,341.0,342.3,49625.0
2026-06-10 15:20:00,342.35,342.8,341.45,342.8,38031.0
2026-06-10 15:25:00,342.8,344.3,342.6,344.05,36357.0
2026-06-11 09:15:00,342.7,342.7,338.4,341.4,87108.0
2026-06-11 09:20:00,341.05,343.65,341.05,342.5,65997.0
2026-06-11 09:25:00,342.0,342.0,340.85,341.2,31959.0
2026-06-11 09:30:00,341.2,341.7,340.55,341.6,21297.0
2026-06-11 09:35:00,341.4,342.8,341.25,342.7,19290.0
2026-06-11 09:40:00,342.6,343.55,341.95,343.3,23278.0
2026-06-11 09:45:00,343.1,343.55,342.55,342.95,21910.0
2026-06-11 09:50:00,343.0,343.6,342.75,343.1,15084.0
2026-06-11 09:55:00,343.35,343.35,341.45,341.75,23372.0
2026-06-11 10:00:00,341.85,341.95,341.25,341.3,10577.0
2026-06-11 10:05:00,341.45,342.5,340.8,342.05,44010.0
2026-06-11 10:10:00,342.3,342.5,341.4,341.55,11378.0
2026-06-11 10:15:00,341.55,342.3,341.3,342.25,10695.0
2026-06-11 10:20:00,342.2,342.5,341.55,341.9,20066.0
2026-06-11 10:25:00,341.9,341.9,341.2,341.7,12128.0
2026-06-11 10:30:00,341.55,341.75,339.0,339.3,96174.0
2026-06-11 10:35:00,339.4,339.8,339.05,339.75,40604.0
2026-06-11 10:40:00,339.75,339.95,339.55,339.85,9027.0
2026-06-11 10:45:00,339.8,340.5,339.7,340.0,16986.0
2026-06-11 10:50:00,339.85,339.95,338.7,338.75,24182.0
2026-06-11 10:55:00,338.75,338.9,338.2,338.7,15158.0
2026-06-11 11:00:00,338.8,338.8,338.0,338.45,32425.0
2026-06-11 11:05:00,338.5,339.05,338.0,338.5,15702.0
2026-06-11 11:10:00,338.3,338.45,337.0,337.05,16357.0
2026-06-11 11:15:00,337.05,337.7,336.9,337.55,19496.0
2026-06-11 11:20:00,337.35,337.9,336.15,336.45,38536.0
2026-06-11 11:25:00,336.6,338.2,336.6,338.1,17407.0
2026-06-11 11:30:00,338.15,338.85,337.5,337.55,18230.0
2026-06-11 11:35:00,337.55,337.65,336.65,336.9,20929.0
2026-06-11 11:40:00,336.7,337.65,336.7,337.65,11689.0
2026-06-11 11:45:00,337.7,338.4,337.65,337.9,47876.0
2026-06-11 11:50:00,337.95,338.5,337.85,338.4,15893.0
2026-06-11 11:55:00,338.4,338.9,338.0,338.1,10554.0
2026-06-11 12:00:00,338.2,338.55,338.2,338.3,11248.0
2026-06-11 12:05:00,338.35,338.35,337.75,337.9,16382.0
2026-06-11 12:10:00,337.8,337.95,337.25,337.75,8296.0
2026-06-11 12:15:00,338.0,338.45,337.65,337.7,6570.0
2026-06-11 12:20:00,337.7,337.9,337.5,337.6,5953.0
2026-06-11 12:25:00,337.75,338.0,337.4,338.0,9233.0
2026-06-11 12:30:00,338.1,338.45,338.1,338.25,6685.0
2026-06-11 12:35:00,338.3,338.35,337.65,338.0,12209.0
2026-06-11 12:40:00,338.2,338.2,337.05,337.15,12691.0
2026-06-11 12:45:00,336.95,337.15,336.45,336.55,21680.0
2026-06-11 12:50:00,336.5,336.75,335.85,336.4,47645.0
2026-06-11 12:55:00,336.4,336.95,336.1,336.9,13411.0
2026-06-11 13:00:00,336.8,337.0,336.2,336.9,14951.0
2026-06-11 13:05:00,336.8,336.85,336.05,336.05,22969.0
2026-06-11 13:10:00,336.15,336.25,335.55,336.25,24030.0
2026-06-11 13:15:00,336.25,336.55,335.65,335.65,7467.0
2026-06-11 13:20:00,335.65,335.85,335.2,335.35,12085.0
2026-06-11 13:25:00,335.4,335.5,334.95,335.25,20840.0
2026-06-11 13:30:00,335.25,335.9,335.25,335.45,16739.0
2026-06-11 13:35:00,335.45,335.8,335.0,335.0,8688.0
2026-06-11 13:40:00,335.1,335.5,334.8,335.3,18929.0
2026-06-11 13:45:00,335.25,335.55,335.05,335.1,13596.0
2026-06-11 13:50:00,335.15,335.65,335.1,335.6,9101.0
2026-06-11 13:55:00,335.45,335.95,335.25,335.6,19411.0
2026-06-11 14:00:00,335.65,336.3,335.4,336.2,18033.0
2026-06-11 14:05:00,336.2,336.45,335.8,335.85,28733.0
2026-06-11 14:10:00,336.05,336.55,335.5,336.05,33992.0
2026-06-11 14:15:00,336.05,336.25,335.9,336.15,16375.0
2026-06-11 14:20:00,336.1,336.65,336.1,336.4,10000.0
2026-06-11 14:25:00,336.3,337.8,336.3,337.6,16897.0
2026-06-11 14:30:00,337.6,337.9,337.2,337.45,27121.0
2026-06-11 14:35:00,337.5,337.85,336.4,336.6,28215.0
2026-06-11 14:40:00,336.65,337.0,336.35,336.4,16928.0
2026-06-11 14:45:00,336.5,336.7,335.3,336.05,32508.0
2026-06-11 14:50:00,336.05,336.1,335.5,335.8,11580.0
2026-06-11 14:55:00,335.8,336.05,335.4,335.8,15537.0
2026-06-11 15:00:00,335.95,336.5,335.25,335.8,45322.0
2026-06-11 15:05:00,335.8,336.3,335.2,335.2,39305.0
2026-06-11 15:10:00,335.25,336.85,335.15,336.7,46508.0
2026-06-11 15:15:00,336.7,337.85,336.45,337.15,58451.0
2026-06-11 15:20:00,337.4,337.7,336.65,337.1,85372.0
2026-06-11 15:25:00,337.2,338.45,336.5,338.45,143371.0
2026-06-12 09:15:00,344.7,348.65,341.9,346.95,118821.0
2026-06-12 09:20:00,347.05,347.1,345.6,345.95,83249.0
2026-06-12 09:25:00,346.15,346.35,344.35,344.9,42303.0
2026-06-12 09:30:00,344.9,345.65,344.9,345.5,18184.0
2026-06-12 09:35:00,345.6,345.6,344.75,345.05,19283.0
2026-06-12 09:40:00,345.2,346.8,344.35,345.45,106633.0
2026-06-12 09:45:00,345.5,346.0,345.1,345.8,13890.0
2026-06-12 09:50:00,345.85,346.0,344.45,344.7,36187.0
2026-06-12 09:55:00,344.55,344.85,343.95,344.25,54067.0
2026-06-12 10:00:00,344.25,344.3,343.65,344.3,26490.0
2026-06-12 10:05:00,344.2,345.15,344.2,344.7,9877.0
2026-06-12 10:10:00,344.95,345.0,344.55,344.95,7958.0
2026-06-12 10:15:00,344.95,345.25,344.75,344.85,14047.0
2026-06-12 10:20:00,344.9,345.85,344.45,345.65,17487.0
2026-06-12 10:25:00,345.7,346.4,345.4,345.75,22386.0
2026-06-12 10:30:00,345.8,346.1,345.45,345.5,21407.0
2026-06-12 10:35:00,345.65,345.8,345.35,345.55,6928.0
2026-06-12 10:40:00,345.55,345.65,345.0,345.25,12945.0
2026-06-12 10:45:00,345.35,346.0,344.85,345.65,23658.0
2026-06-12 10:50:00,345.8,346.0,345.35,345.9,5662.0
2026-06-12 10:55:00,346.0,346.9,345.8,346.7,27106.0
2026-06-12 11:00:00,346.9,346.9,346.3,346.75,16122.0
2026-06-12 11:05:00,346.8,346.8,346.45,346.75,7191.0
2026-06-12 11:10:00,346.8,346.95,346.6,346.9,24365.0
2026-06-12 11:15:00,347.25,347.4,346.75,346.8,17015.0
2026-06-12 11:20:00,346.9,347.3,346.75,347.15,4990.0
2026-06-12 11:25:00,347.3,347.3,346.2,346.25,11009.0
2026-06-12 11:30:00,346.4,347.05,346.15,346.75,7904.0
2026-06-12 11:35:00,346.9,347.1,346.7,347.05,7248.0
2026-06-12 11:40:00,347.05,347.25,346.85,347.15,8397.0
2026-06-12 11:45:00,347.15,347.25,346.85,347.15,9188.0
2026-06-12 11:50:00,347.2,347.5,346.95,347.2,9323.0
2026-06-12 11:55:00,347.2,347.4,347.0,347.15,11003.0
2026-06-12 12:00:00,347.4,347.6,347.1,347.6,13413.0
2026-06-12 12:05:00,347.7,348.75,346.95,347.0,44610.0
2026-06-12 12:10:00,347.15,347.3,345.9,346.05,17622.0
2026-06-12 12:15:00,346.25,346.5,345.5,345.8,22067.0
2026-06-12 12:20:00,346.0,346.5,345.9,346.5,13987.0
2026-06-12 12:25:00,346.5,346.5,346.0,346.35,23307.0
2026-06-12 12:30:00,346.5,346.5,345.4,345.7,10682.0
2026-06-12 12:35:00,345.8,345.85,344.85,345.35,21918.0
2026-06-12 12:40:00,345.4,345.55,345.1,345.35,19464.0
2026-06-12 12:45:00,345.4,345.95,344.8,344.85,26501.0
2026-06-12 12:50:00,344.9,345.2,344.8,345.0,18814.0
2026-06-12 12:55:00,345.0,345.25,344.85,345.05,13151.0
2026-06-12 13:00:00,345.25,345.65,344.75,345.5,21992.0
2026-06-12 13:05:00,345.65,345.95,345.5,345.85,7745.0
2026-06-12 13:10:00,345.85,346.2,345.55,346.0,16272.0
2026-06-12 13:15:00,346.1,346.35,345.85,346.15,6597.0
2026-06-12 13:20:00,346.0,346.45,345.85,345.95,8854.0
2026-06-12 13:25:00,346.0,346.65,345.8,346.45,55330.0
2026-06-12 13:30:00,346.5,348.45,346.45,348.3,79098.0
2026-06-12 13:35:00,348.3,351.0,347.9,350.85,108222.0
2026-06-12 13:40:00,350.75,353.3,350.55,352.8,162604.0
2026-06-12 13:45:00,352.7,352.95,352.1,352.75,31109.0
2026-06-12 13:50:00,352.85,352.9,352.1,352.2,19761.0
2026-06-12 13:55:00,352.15,353.2,351.65,353.05,32322.0
2026-06-12 14:00:00,353.05,353.75,352.35,353.5,56678.0
2026-06-12 14:05:00,353.7,354.45,353.25,354.1,82232.0
2026-06-12 14:10:00,354.15,354.45,353.35,354.3,54042.0
2026-06-12 14:15:00,354.4,354.9,354.3,354.85,34348.0
2026-06-12 14:20:00,354.9,355.6,354.85,355.35,84424.0
2026-06-12 14:25:00,355.3,355.85,354.85,355.75,32777.0
2026-06-12 14:30:00,355.75,356.7,355.7,356.35,64741.0
2026-06-12 14:35:00,356.5,356.5,355.55,356.4,40509.0
2026-06-12 14:40:00,356.5,357.0,356.35,356.95,52548.0
2026-06-12 14:45:00,357.0,357.5,356.7,357.1,58202.0
2026-06-12 14:50:00,357.15,357.8,356.9,357.6,112939.0
2026-06-12 14:55:00,357.45,357.9,357.4,357.45,27546.0
2026-06-12 15:00:00,357.45,359.0,356.75,358.65,137553.0
2026-06-12 15:05:00,358.65,359.3,358.45,359.25,100860.0
2026-06-12 15:10:00,359.25,359.25,358.45,358.7,58584.0
2026-06-12 15:15:00,358.75,358.8,357.4,357.7,107920.0
2026-06-12 15:20:00,357.7,357.7,356.7,357.55,116125.0
2026-06-12 15:25:00,357.55,358.1,356.95,356.95,105618.0
2026-06-15 09:15:00,363.15,371.35,363.15,370.45,277330.0
2026-06-15 09:20:00,370.35,370.8,368.05,368.7,126061.0
2026-06-15 09:25:00,368.5,369.15,368.05,368.75,59409.0
2026-06-15 09:30:00,368.8,368.85,367.7,367.9,66601.0
2026-06-15 09:35:00,367.55,367.95,367.35,367.6,38318.0
2026-06-15 09:40:00,367.85,369.7,367.4,368.75,127249.0
2026-06-15 09:45:00,368.75,369.0,368.2,368.45,48731.0
2026-06-15 09:50:00,368.45,368.5,367.45,368.15,49205.0
2026-06-15 09:55:00,368.15,368.8,367.8,368.1,47290.0
2026-06-15 10:00:00,368.1,369.3,367.4,367.85,29966.0
2026-06-15 10:05:00,367.85,369.35,367.6,368.95,50792.0
2026-06-15 10:10:00,368.75,369.0,367.75,368.0,20885.0
2026-06-15 10:15:00,368.0,369.4,368.0,369.25,49576.0
2026-06-15 10:20:00,369.45,369.85,369.15,369.4,27259.0
2026-06-15 10:25:00,369.2,370.0,369.15,369.8,27290.0
2026-06-15 10:30:00,369.85,370.55,369.85,369.9,92305.0
2026-06-15 10:35:00,369.7,371.8,369.7,371.65,168683.0
2026-06-15 10:40:00,371.7,374.5,371.4,373.85,252672.0
2026-06-15 10:45:00,373.9,374.0,371.95,372.2,68141.0
2026-06-15 10:50:00,372.2,372.5,371.9,372.3,26381.0
2026-06-15 10:55:00,372.35,372.35,370.8,371.2,42768.0
2026-06-15 11:00:00,371.2,371.65,370.7,371.4,36556.0
2026-06-15 11:05:00,371.4,372.15,371.0,372.0,89449.0
2026-06-15 11:10:00,372.0,372.25,371.95,372.15,100757.0
2026-06-15 11:15:00,372.0,372.2,371.9,372.2,44314.0
2026-06-15 11:20:00,372.1,372.1,370.6,371.0,35886.0
2026-06-15 11:25:00,370.95,371.0,370.15,370.25,129461.0
2026-06-15 11:30:00,370.25,370.25,369.0,369.4,75536.0
2026-06-15 11:35:00,369.4,370.0,369.15,369.65,16338.0
2026-06-15 11:40:00,369.5,370.7,369.4,370.0,30051.0
2026-06-15 11:45:00,370.0,371.1,370.0,371.05,20523.0
2026-06-15 11:50:00,371.05,371.7,371.0,371.1,25769.0
2026-06-15 11:55:00,371.3,371.45,370.95,371.2,20275.0
2026-06-15 12:00:00,371.4,372.2,371.1,371.5,61888.0
2026-06-15 12:05:00,371.65,371.85,371.35,371.5,29686.0
2026-06-15 12:10:00,371.65,372.25,371.5,372.0,70900.0
2026-06-15 12:15:00,372.1,372.1,370.1,370.2,67273.0
2026-06-15 12:20:00,370.4,370.85,370.0,370.3,18267.0
2026-06-15 12:25:00,370.25,370.5,369.4,369.5,18019.0
2026-06-15 12:30:00,369.5,369.9,368.95,369.3,25196.0
2026-06-15 12:35:00,369.3,370.0,369.2,369.6,20270.0
2026-06-15 12:40:00,369.6,369.95,369.3,369.75,21640.0
2026-06-15 12:45:00,369.9,370.7,369.7,370.25,72226.0
2026-06-15 12:50:00,370.0,370.4,368.9,369.1,15834.0
2026-06-15 12:55:00,369.1,369.65,368.9,369.35,19870.0
2026-06-15 13:00:00,369.35,369.6,368.9,369.05,20430.0
2026-06-15 13:05:00,369.15,369.7,368.9,369.6,15066.0
2026-06-15 13:10:00,369.55,370.7,369.5,370.0,48105.0
2026-06-15 13:15:00,370.0,370.25,369.55,369.9,15593.0
2026-06-15 13:20:00,369.9,370.0,369.35,369.85,15328.0
2026-06-15 13:25:00,370.0,370.1,369.6,369.95,18980.0
2026-06-15 13:30:00,369.95,370.0,369.55,369.55,14931.0
2026-06-15 13:35:00,369.75,369.95,369.45,369.85,15014.0
2026-06-15 13:40:00,369.8,370.0,369.1,370.0,23460.0
2026-06-15 13:45:00,369.9,370.0,369.55,369.9,27836.0
2026-06-15 13:50:00,369.7,370.0,368.75,369.0,27397.0
2026-06-15 13:55:00,369.0,370.0,368.8,369.8,26796.0
2026-06-15 14:00:00,369.8,370.0,369.55,369.7,17106.0
2026-06-15 14:05:00,369.7,369.9,369.3,369.5,21795.0
2026-06-15 14:10:00,369.7,370.2,369.55,369.85,31937.0
2026-06-15 14:15:00,369.9,369.9,369.7,369.9,16543.0
2026-06-15 14:20:00,369.8,370.3,369.8,370.3,31300.0
2026-06-15 14:25:00,370.15,370.6,369.8,370.0,29496.0
2026-06-15 14:30:00,370.0,370.5,369.95,370.25,10790.0
2026-06-15 14:35:00,370.4,370.5,370.1,370.45,16188.0
2026-06-15 14:40:00,370.45,370.45,369.1,369.7,23689.0
2026-06-15 14:45:00,369.7,369.9,369.15,369.15,48196.0
2026-06-15 14:50:00,369.35,369.45,368.65,368.75,40637.0
2026-06-15 14:55:00,369.0,369.35,368.85,369.3,54223.0
2026-06-15 15:00:00,369.15,369.55,368.15,368.65,110318.0
2026-06-15 15:05:00,368.8,368.85,368.15,368.55,89810.0
2026-06-15 15:10:00,368.75,368.75,367.05,368.55,164422.0
2026-06-15 15:15:00,368.55,368.95,368.15,368.4,122707.0
2026-06-15 15:20:00,368.1,368.3,367.55,368.15,97337.0
2026-06-15 15:25:00,368.15,368.15,366.55,366.55,96831.0
2026-06-16 09:15:00,368.0,370.8,366.9,370.35,101480.0
2026-06-16 09:20:00,370.35,371.85,369.2,371.6,102332.0
2026-06-16 09:25:00,371.6,373.15,371.25,372.8,89001.0
2026-06-16 09:30:00,372.8,373.2,371.9,372.45,59222.0
2026-06-16 09:35:00,372.4,372.9,371.35,371.6,26451.0
2026-06-16 09:40:00,371.45,371.95,371.05,371.25,15470.0
2026-06-16 09:45:00,371.25,371.55,370.7,371.1,24557.0
2026-06-16 09:50:00,370.9,371.7,370.5,371.7,25811.0
2026-06-16 09:55:00,371.5,371.8,371.05,371.5,18950.0
2026-06-16 10:00:00,371.45,371.85,370.5,370.75,23115.0
2026-06-16 10:05:00,370.75,370.9,370.1,370.1,13367.0
2026-06-16 10:10:00,370.1,372.35,370.0,372.0,155454.0
2026-06-16 10:15:00,372.05,372.4,372.0,372.15,21767.0
2026-06-16 10:20:00,372.0,372.25,372.0,372.15,200475.0
2026-06-16 10:25:00,372.05,372.5,372.0,372.4,32740.0
2026-06-16 10:30:00,372.25,373.0,372.2,372.9,61107.0
2026-06-16 10:35:00,372.85,373.1,372.6,372.65,20516.0
2026-06-16 10:40:00,372.75,372.95,372.25,372.4,16477.0
2026-06-16 10:45:00,372.55,372.95,372.4,372.65,39061.0
2026-06-16 10:50:00,372.8,372.9,372.4,372.6,19003.0
2026-06-16 10:55:00,372.7,372.85,372.25,372.25,13214.0
2026-06-16 11:00:00,372.4,372.45,370.45,370.45,24234.0
2026-06-16 11:05:00,370.75,371.25,370.2,370.65,22056.0
2026-06-16 11:10:00,370.8,371.15,370.35,371.05,20855.0
2026-06-16 11:15:00,371.15,371.3,370.5,370.5,10979.0
2026-06-16 11:20:00,370.55,371.0,370.4,370.8,7557.0
2026-06-16 11:25:00,370.95,371.1,370.05,370.1,8578.0
2026-06-16 11:30:00,370.25,370.4,369.9,370.25,9383.0
2026-06-16 11:35:00,370.4,370.4,369.85,370.0,7070.0
2026-06-16 11:40:00,370.0,370.45,369.8,370.35,12686.0
2026-06-16 11:45:00,370.3,370.5,370.1,370.3,7514.0
2026-06-16 11:50:00,370.4,371.0,370.35,370.65,19827.0
2026-06-16 11:55:00,370.7,370.9,370.0,370.4,18115.0
2026-06-16 12:00:00,370.55,370.6,369.75,370.0,24190.0
2026-06-16 12:05:00,369.95,370.85,369.9,370.65,5724.0
2026-06-16 12:10:00,370.7,370.8,370.2,370.2,10888.0
2026-06-16 12:15:00,370.3,370.5,370.15,370.3,7918.0
2026-06-16 12:20:00,370.35,370.75,370.0,370.75,9476.0
2026-06-16 12:25:00,370.65,370.8,370.25,370.8,5512.0
2026-06-16 12:30:00,370.75,370.85,370.35,370.5,4349.0
2026-06-16 12:35:00,370.55,370.65,370.3,370.65,16641.0
2026-06-16 12:40:00,370.65,370.65,370.1,370.45,5453.0
2026-06-16 12:45:00,370.45,370.65,369.85,370.5,18018.0
2026-06-16 12:50:00,370.5,370.5,369.65,370.0,17105.0
2026-06-16 12:55:00,370.1,370.5,370.0,370.35,7225.0
2026-06-16 13:00:00,370.35,370.45,370.0,370.35,8370.0
2026-06-16 13:05:00,370.35,370.7,370.15,370.7,10690.0
2026-06-16 13:10:00,370.7,370.9,370.55,370.65,7765.0
2026-06-16 13:15:00,370.65,370.85,370.45,370.8,21975.0
2026-06-16 13:20:00,370.65,371.95,370.5,371.9,40544.0
2026-06-16 13:25:00,371.85,372.3,371.75,372.15,23593.0
2026-06-16 13:30:00,372.15,372.2,371.55,372.0,29296.0
2026-06-16 13:35:00,372.0,372.05,371.65,371.65,13614.0
2026-06-16 13:40:00,371.65,371.95,371.5,371.7,14148.0
2026-06-16 13:45:00,371.8,371.95,371.5,371.85,6657.0
2026-06-16 13:50:00,371.9,371.9,371.05,371.45,9895.0
2026-06-16 13:55:00,371.1,371.8,370.8,371.6,40935.0
2026-06-16 14:00:00,371.65,373.0,371.65,372.8,300890.0
2026-06-16 14:05:00,373.0,373.05,372.5,372.95,42684.0
2026-06-16 14:10:00,372.95,373.0,372.35,373.0,35211.0
2026-06-16 14:15:00,373.0,373.15,372.55,373.0,22377.0
2026-06-16 14:20:00,372.95,373.05,372.2,372.85,18093.0
2026-06-16 14:25:00,372.8,372.9,372.3,372.65,14508.0
2026-06-16 14:30:00,372.65,372.8,372.2,372.55,18590.0
2026-06-16 14:35:00,372.45,373.05,372.25,372.9,78177.0
2026-06-16 14:40:00,372.9,374.5,372.85,374.0,135698.0
2026-06-16 14:45:00,374.15,375.95,373.85,375.3,263593.0
2026-06-16 14:50:00,375.35,375.7,374.65,375.25,175422.0
2026-06-16 14:55:00,375.1,375.7,374.95,375.4,98447.0
2026-06-16 15:00:00,375.2,375.65,374.55,374.75,78347.0
2026-06-16 15:05:00,374.65,374.75,374.0,374.05,70198.0
2026-06-16 15:10:00,374.3,374.65,374.0,374.35,70829.0
2026-06-16 15:15:00,374.25,374.4,373.25,373.35,99727.0
2026-06-16 15:20:00,373.35,373.45,372.45,372.9,116606.0
2026-06-16 15:25:00,372.9,373.3,372.2,372.8,86909.0
2026-06-17 09:15:00,374.8,375.65,372.2,372.8,130012.0
2026-06-17 09:20:00,372.8,373.5,371.2,371.8,63291.0
2026-06-17 09:25:00,371.95,372.2,371.6,371.85,26429.0
2026-06-17 09:30:00,371.85,372.05,371.0,371.1,32479.0
2026-06-17 09:35:00,370.95,371.7,370.4,371.25,36561.0
2026-06-17 09:40:00,371.2,371.75,370.6,371.75,17975.0
2026-06-17 09:45:00,371.65,372.2,371.5,371.8,18947.0
2026-06-17 09:50:00,371.7,371.8,371.3,371.55,8611.0
2026-06-17 09:55:00,371.5,372.0,371.5,371.65,13133.0
2026-06-17 10:00:00,371.65,371.75,371.0,371.0,15981.0
2026-06-17 10:05:00,371.0,371.5,370.9,371.45,15136.0
2026-06-17 10:10:00,371.3,371.9,370.8,371.0,15091.0
2026-06-17 10:15:00,370.75,371.35,370.75,371.25,11313.0
2026-06-17 10:20:00,371.3,371.65,371.0,371.6,20706.0
2026-06-17 10:25:00,371.55,371.65,370.9,370.9,8726.0
2026-06-17 10:30:00,370.8,372.1,370.6,371.85,27883.0
2026-06-17 10:35:00,371.85,372.25,371.8,371.8,12305.0
2026-06-17 10:40:00,372.0,372.0,371.5,371.55,7231.0
2026-06-17 10:45:00,371.55,372.35,371.4,372.3,18886.0
2026-06-17 10:50:00,372.2,372.55,372.0,372.4,12644.0
2026-06-17 10:55:00,372.45,372.65,372.0,372.15,17460.0
2026-06-17 11:00:00,372.15,372.9,371.9,372.9,19384.0
2026-06-17 11:05:00,372.95,373.1,372.2,372.2,28682.0
2026-06-17 11:10:00,372.45,373.3,372.05,373.25,23784.0
2026-06-17 11:15:00,373.25,373.25,372.35,372.6,31110.0
2026-06-17 11:20:00,372.6,373.0,372.2,372.75,45801.0
2026-06-17 11:25:00,372.65,372.7,372.2,372.45,18980.0
2026-06-17 11:30:00,372.35,372.5,372.05,372.2,14830.0
2026-06-17 11:35:00,372.3,372.35,371.65,371.8,23347.0
2026-06-17 11:40:00,371.7,371.95,371.25,371.65,26475.0
2026-06-17 11:45:00,371.6,371.95,371.55,371.6,12837.0
2026-06-17 11:50:00,371.55,371.6,371.35,371.6,21720.0
2026-06-17 11:55:00,371.55,371.65,371.45,371.6,16704.0
2026-06-17 12:00:00,371.5,371.65,371.0,371.65,20104.0
2026-06-17 12:05:00,371.6,371.8,371.6,371.75,23841.0
2026-06-17 12:10:00,371.7,371.85,371.6,371.8,14345.0
2026-06-17 12:15:00,371.75,371.95,371.6,371.95,18336.0
2026-06-17 12:20:00,371.9,371.95,371.65,371.8,15604.0
2026-06-17 12:25:00,371.7,371.75,371.25,371.55,18703.0
2026-06-17 12:30:00,371.55,372.0,370.95,371.95,73268.0
2026-06-17 12:35:00,371.9,372.2,371.6,371.6,33669.0
2026-06-17 12:40:00,371.7,372.2,371.7,372.2,13281.0
2026-06-17 12:45:00,372.1,372.45,372.1,372.45,19850.0
2026-06-17 12:50:00,372.4,372.7,372.3,372.5,19965.0
2026-06-17 12:55:00,372.4,372.5,372.0,372.4,21340.0
2026-06-17 13:00:00,372.3,372.35,371.75,372.0,21541.0
2026-06-17 13:05:00,371.95,372.5,371.85,371.95,20670.0
2026-06-17 13:10:00,371.95,372.0,371.3,371.5,88597.0
2026-06-17 13:15:00,371.5,372.2,371.35,372.0,17595.0
2026-06-17 13:20:00,371.85,372.35,371.85,372.25,14900.0
2026-06-17 13:25:00,372.15,372.5,371.95,372.4,15448.0
2026-06-17 13:30:00,372.3,372.5,372.15,372.45,15803.0
2026-06-17 13:35:00,372.55,372.8,372.2,372.7,28016.0
2026-06-17 13:40:00,372.6,372.7,372.2,372.4,11855.0
2026-06-17 13:45:00,372.4,372.85,371.6,371.75,139419.0
2026-06-17 13:50:00,371.65,372.15,371.1,371.85,24930.0
2026-06-17 13:55:00,371.75,372.15,371.7,372.0,7508.0
2026-06-17 14:00:00,371.9,372.4,371.7,371.95,9826.0
2026-06-17 14:05:00,371.85,372.1,371.5,371.85,21974.0
2026-06-17 14:10:00,371.7,372.7,371.6,372.5,28021.0
2026-06-17 14:15:00,372.5,372.5,371.7,372.0,33111.0
2026-06-17 14:20:00,371.95,372.0,371.7,371.8,9771.0
2026-06-17 14:25:00,371.65,371.8,371.05,371.55,18159.0
2026-06-17 14:30:00,371.55,371.85,371.3,371.65,9128.0
2026-06-17 14:35:00,371.45,371.7,371.3,371.4,6868.0
2026-06-17 14:40:00,371.4,371.85,371.4,371.8,8039.0
2026-06-17 14:45:00,371.7,371.95,371.65,371.8,14017.0
2026-06-17 14:50:00,371.8,371.9,371.3,371.5,24180.0
2026-06-17 14:55:00,371.45,372.0,371.45,371.95,34303.0
2026-06-17 15:00:00,372.0,373.4,371.95,372.7,175512.0
2026-06-17 15:05:00,372.9,373.25,372.35,372.55,74804.0
2026-06-17 15:10:00,372.5,372.75,372.2,372.4,67103.0
2026-06-17 15:15:00,372.45,372.6,372.05,372.35,103681.0
2026-06-17 15:20:00,372.3,372.5,371.55,372.4,114192.0
2026-06-17 15:25:00,372.4,373.0,371.9,372.75,96390.0
2026-06-18 09:15:00,374.35,374.55,372.5,373.5,69490.0
2026-06-18 09:20:00,373.35,374.3,373.2,373.55,35267.0
2026-06-18 09:25:00,373.7,373.9,373.2,373.6,40048.0
2026-06-18 09:30:00,373.8,374.0,371.7,371.8,39234.0
2026-06-18 09:35:00,372.05,372.2,371.45,372.2,27746.0
2026-06-18 09:40:00,372.2,372.95,371.9,372.0,48912.0
2026-06-18 09:45:00,372.25,373.3,372.2,372.4,46423.0
2026-06-18 09:50:00,372.4,373.2,372.4,372.95,42635.0
2026-06-18 09:55:00,372.95,373.2,372.2,372.35,10873.0
2026-06-18 10:00:00,372.4,372.4,371.5,371.9,13765.0
2026-06-18 10:05:00,372.0,372.2,371.6,371.9,8588.0
2026-06-18 10:10:00,371.95,372.35,371.85,372.35,8451.0
2026-06-18 10:15:00,372.4,372.4,371.6,372.05,3105.0
2026-06-18 10:20:00,372.05,372.1,371.25,371.3,7608.0
2026-06-18 10:25:00,371.45,371.45,370.4,370.75,12732.0
2026-06-18 10:30:00,370.6,371.25,370.45,371.05,8149.0
2026-06-18 10:35:00,371.2,371.4,371.0,371.0,6781.0
2026-06-18 10:40:00,370.8,371.15,370.4,370.95,8595.0
2026-06-18 10:45:00,370.95,372.5,370.95,371.95,46096.0
2026-06-18 10:50:00,371.95,371.95,371.15,371.4,6089.0
2026-06-18 10:55:00,371.4,371.9,371.3,371.8,3086.0
2026-06-18 11:00:00,371.9,372.05,371.6,371.9,5982.0
2026-06-18 11:05:00,371.9,372.0,371.3,372.0,6360.0
2026-06-18 11:10:00,372.0,372.0,371.05,371.2,25164.0
2026-06-18 11:15:00,371.2,371.3,370.45,371.1,6457.0
2026-06-18 11:20:00,371.1,371.5,370.85,371.25,5273.0
2026-06-18 11:25:00,371.3,371.4,371.0,371.0,2885.0
2026-06-18 11:30:00,370.9,371.15,370.2,371.05,8048.0
2026-06-18 11:35:00,371.05,371.05,370.35,370.8,4510.0
2026-06-18 11:40:00,370.75,370.8,370.25,370.35,8867.0
2026-06-18 11:45:00,370.5,370.7,370.0,370.15,14171.0
2026-06-18 11:50:00,370.15,370.7,369.55,370.45,14186.0
2026-06-18 11:55:00,370.4,370.45,369.9,370.1,3056.0
2026-06-18 12:00:00,369.9,370.25,369.8,370.15,7251.0
2026-06-18 12:05:00,370.15,370.65,369.9,370.5,5822.0
2026-06-18 12:10:00,370.45,370.45,370.0,370.15,2769.0
2026-06-18 12:15:00,370.15,371.05,370.1,371.0,4591.0
2026-06-18 12:20:00,371.0,371.1,370.65,370.95,44607.0
2026-06-18 12:25:00,370.95,371.3,370.75,371.3,3585.0
2026-06-18 12:30:00,371.2,371.45,370.75,370.95,5124.0
2026-06-18 12:35:00,370.9,370.95,370.5,370.9,7521.0
2026-06-18 12:40:00,370.9,371.35,370.7,370.95,10272.0
2026-06-18 12:45:00,370.95,371.15,370.8,370.95,5151.0
2026-06-18 12:50:00,370.95,371.05,370.6,370.7,4199.0
2026-06-18 12:55:00,370.75,370.95,370.45,370.7,6384.0
2026-06-18 13:00:00,370.65,371.0,370.55,370.9,6515.0
2026-06-18 13:05:00,370.9,371.0,370.65,370.95,6422.0
2026-06-18 13:10:00,370.95,370.95,370.7,370.95,4380.0
2026-06-18 13:15:00,370.95,370.95,370.5,370.75,4363.0
2026-06-18 13:20:00,370.8,371.2,370.65,370.85,12281.0
2026-06-18 13:25:00,370.85,371.0,370.45,370.95,26694.0
2026-06-18 13:30:00,370.95,371.0,370.55,370.8,3891.0
2026-06-18 13:35:00,370.8,370.9,370.45,370.9,9050.0
2026-06-18 13:40:00,370.9,371.0,370.6,370.85,2792.0
2026-06-18 13:45:00,370.65,371.15,370.65,370.85,3973.0
2026-06-18 13:50:00,370.85,371.0,370.6,370.9,3793.0
2026-06-18 13:55:00,370.9,370.9,370.45,370.65,2911.0
2026-06-18 14:00:00,370.65,370.8,370.4,370.55,3621.0
2026-06-18 14:05:00,370.4,370.6,369.8,370.0,7944.0
2026-06-18 14:10:00,370.0,370.3,369.9,370.25,9141.0
2026-06-18 14:15:00,370.2,370.2,369.85,369.85,6611.0
2026-06-18 14:20:00,369.95,370.4,369.6,370.25,4809.0
2026-06-18 14:25:00,370.4,370.45,369.8,369.95,3943.0
2026-06-18 14:30:00,370.05,370.45,369.8,370.3,5175.0
2026-06-18 14:35:00,370.4,370.45,370.0,370.15,3751.0
2026-06-18 14:40:00,370.2,370.2,369.8,369.9,10932.0
2026-06-18 14:45:00,369.95,370.0,369.15,369.2,27850.0
2026-06-18 14:50:00,369.4,369.5,369.1,369.15,16082.0
2026-06-18 14:55:00,369.2,370.15,369.0,370.0,26344.0
2026-06-18 15:00:00,370.0,370.85,369.95,370.8,62627.0
2026-06-18 15:05:00,370.8,371.0,370.6,371.0,50881.0
2026-06-18 15:10:00,371.0,371.0,370.2,370.4,52771.0
2026-06-18 15:15:00,370.4,370.75,370.25,370.5,35185.0
2026-06-18 15:20:00,370.5,370.95,370.05,370.8,73616.0
2026-06-18 15:25:00,370.8,371.0,370.15,370.75,61283.0
2026-06-19 09:15:00,369.95,371.45,368.6,370.7,119464.0
2026-06-19 09:20:00,370.5,373.75,370.35,372.9,66764.0
2026-06-19 09:25:00,372.8,372.95,371.65,371.85,32568.0
2026-06-19 09:30:00,371.85,372.3,371.3,371.45,53949.0
2026-06-19 09:35:00,371.6,372.4,371.35,371.8,19140.0
2026-06-19 09:40:00,371.8,373.5,371.65,373.35,73090.0
2026-06-19 09:45:00,373.3,375.0,373.15,374.8,142508.0
2026-06-19 09:50:00,374.9,376.6,374.65,375.8,235320.0
2026-06-19 09:55:00,375.95,376.2,375.1,376.0,200819.0
2026-06-19 10:00:00,376.2,376.4,374.05,374.5,286908.0
2026-06-19 10:05:00,374.55,374.85,374.0,374.6,105060.0
2026-06-19 10:10:00,374.6,375.75,374.2,375.75,75789.0
2026-06-19 10:15:00,375.7,376.45,375.3,376.25,150427.0
2026-06-19 10:20:00,376.35,377.25,376.35,376.95,326884.0
2026-06-19 10:25:00,376.85,377.0,375.25,375.4,71033.0
2026-06-19 10:30:00,375.45,375.8,374.05,374.5,60822.0
2026-06-19 10:35:00,374.5,375.4,374.2,375.1,39223.0
2026-06-19 10:40:00,375.05,375.2,374.55,374.8,32202.0
2026-06-19 10:45:00,374.7,374.7,374.25,374.3,23970.0
2026-06-19 10:50:00,374.3,374.55,374.0,374.0,26583.0
2026-06-19 10:55:00,373.5,374.6,373.25,374.6,60524.0
2026-06-19 11:00:00,374.6,376.7,374.55,376.6,214580.0
2026-06-19 11:05:00,376.5,376.7,375.2,375.9,137466.0
2026-06-19 11:10:00,376.0,376.15,375.7,375.9,70978.0
2026-06-19 11:15:00,376.0,376.3,375.5,375.8,28399.0
2026-06-19 11:20:00,375.8,375.8,375.1,375.25,13505.0
2026-06-19 11:25:00,375.1,375.6,374.85,375.45,15847.0
2026-06-19 11:30:00,375.35,375.7,375.25,375.65,12469.0
2026-06-19 11:35:00,375.35,375.7,374.85,374.9,14236.0
2026-06-19 11:40:00,374.9,375.2,374.8,375.15,62960.0
2026-06-19 11:45:00,375.05,375.2,374.15,374.65,69409.0
2026-06-19 11:50:00,374.3,374.9,374.3,374.7,13140.0
2026-06-19 11:55:00,374.3,375.0,374.1,374.75,14366.0
2026-06-19 12:00:00,374.9,375.0,374.75,375.0,13345.0
2026-06-19 12:05:00,374.8,374.95,374.5,374.6,4884.0
2026-06-19 12:10:00,374.75,374.9,374.55,374.8,5048.0
2026-06-19 12:15:00,374.55,375.5,374.35,375.5,40494.0
2026-06-19 12:20:00,375.45,375.65,375.2,375.45,8913.0
2026-06-19 12:25:00,375.4,375.5,375.2,375.4,4655.0
2026-06-19 12:30:00,375.45,375.65,375.2,375.45,29583.0
2026-06-19 12:35:00,375.55,375.55,375.0,375.2,24366.0
2026-06-19 12:40:00,375.1,375.25,374.8,374.8,81906.0
2026-06-19 12:45:00,374.95,374.95,374.7,374.85,13791.0
2026-06-19 12:50:00,374.85,374.9,374.5,374.6,8394.0
2026-06-19 12:55:00,374.5,374.75,374.15,374.6,7959.0
2026-06-19 13:00:00,374.45,374.65,374.05,374.1,11334.0
2026-06-19 13:05:00,374.05,374.45,374.05,374.45,15443.0
2026-06-19 13:10:00,374.3,374.7,374.2,374.6,18064.0
2026-06-19 13:15:00,374.7,375.3,374.45,375.3,30636.0
2026-06-19 13:20:00,375.2,375.5,374.75,374.95,42773.0
2026-06-19 13:25:00,374.9,375.2,374.6,374.95,8800.0
2026-06-19 13:30:00,374.9,375.5,374.65,375.45,32521.0
2026-06-19 13:35:00,375.45,375.6,375.1,375.6,13583.0
2026-06-19 13:40:00,375.6,375.6,375.3,375.6,16806.0
2026-06-19 13:45:00,375.5,375.95,375.0,375.95,57867.0
2026-06-19 13:50:00,375.95,376.0,375.25,375.6,43538.0
2026-06-19 13:55:00,375.55,375.75,375.45,375.7,11718.0
2026-06-19 14:00:00,375.7,376.5,375.55,375.9,88767.0
2026-06-19 14:05:00,375.9,376.6,375.75,376.3,108430.0
2026-06-19 14:10:00,376.3,376.35,375.9,376.3,14408.0
2026-06-19 14:15:00,376.3,376.3,376.0,376.25,10518.0
2026-06-19 14:20:00,376.25,376.25,375.15,375.35,47340.0
2026-06-19 14:25:00,375.35,375.5,375.05,375.45,16411.0
2026-06-19 14:30:00,375.4,375.55,375.1,375.5,62273.0
2026-06-19 14:35:00,375.5,376.2,375.35,375.9,31101.0
2026-06-19 14:40:00,375.95,376.0,375.55,375.75,32374.0
2026-06-19 14:45:00,375.7,375.8,375.3,375.4,26721.0
2026-06-19 14:50:00,375.4,375.4,374.0,374.5,52651.0
2026-06-19 14:55:00,374.5,374.5,373.5,373.6,44341.0
2026-06-19 15:00:00,373.25,376.75,373.0,376.35,1559881.0
2026-06-19 15:05:00,376.4,376.75,375.35,375.9,1211448.0
2026-06-19 15:10:00,375.95,376.5,375.85,376.35,1030499.0
2026-06-19 15:15:00,376.35,376.5,376.1,376.15,1189105.0
2026-06-19 15:20:00,375.75,376.1,375.6,375.8,1153600.0
2026-06-19 15:25:00,375.85,375.95,373.1,373.4,1094443.0
2026-06-22 09:15:00,378.0,380.75,375.05,379.85,863585.0
2026-06-22 09:20:00,379.7,379.85,376.15,377.55,108959.0
2026-06-22 09:25:00,377.4,378.6,377.3,378.45,62933.0
2026-06-22 09:30:00,378.55,378.6,377.8,378.35,69093.0
2026-06-22 09:35:00,378.4,379.5,378.2,378.9,56610.0
2026-06-22 09:40:00,378.95,381.95,378.65,381.3,198239.0
2026-06-22 09:45:00,381.4,383.5,380.5,383.5,262962.0
2026-06-22 09:50:00,383.45,384.4,382.7,383.05,260744.0
2026-06-22 09:55:00,383.2,384.2,383.2,383.85,92177.0
2026-06-22 10:00:00,384.15,384.25,383.5,383.65,85792.0
2026-06-22 10:05:00,383.5,384.2,383.05,383.85,58964.0
2026-06-22 10:10:00,383.9,384.0,382.45,382.95,100236.0
2026-06-22 10:15:00,383.2,383.6,382.35,382.8,54651.0
2026-06-22 10:20:00,382.7,383.35,382.3,382.8,41192.0
2026-06-22 10:25:00,382.8,383.5,382.5,383.5,28743.0
2026-06-22 10:30:00,383.35,383.5,382.6,382.8,32363.0
2026-06-22 10:35:00,382.8,383.45,382.6,383.25,30035.0
2026-06-22 10:40:00,383.15,383.25,382.9,383.15,19950.0
2026-06-22 10:45:00,383.15,383.35,382.65,382.65,35449.0
2026-06-22 10:50:00,382.35,382.7,382.05,382.4,33122.0
2026-06-22 10:55:00,382.35,384.5,382.3,384.1,108306.0
2026-06-22 11:00:00,383.8,384.4,383.65,383.65,36011.0
2026-06-22 11:05:00,383.65,384.1,382.95,383.25,35108.0
2026-06-22 11:10:00,383.3,385.1,383.3,384.8,182620.0
2026-06-22 11:15:00,384.8,385.2,384.15,384.45,188068.0
2026-06-22 11:20:00,384.55,384.8,384.0,384.75,31976.0
2026-06-22 11:25:00,384.6,384.9,383.7,384.3,56762.0
2026-06-22 11:30:00,384.2,384.55,384.0,384.15,35138.0
2026-06-22 11:35:00,384.2,384.5,384.0,384.3,18278.0
2026-06-22 11:40:00,384.25,384.4,383.65,384.4,24828.0
2026-06-22 11:45:00,384.4,385.05,383.65,384.6,108820.0
2026-06-22 11:50:00,384.6,384.85,384.15,384.55,121524.0
2026-06-22 11:55:00,384.35,385.45,384.35,384.75,71103.0
2026-06-22 12:00:00,384.75,387.0,384.75,386.55,415398.0
2026-06-22 12:05:00,386.55,386.55,385.0,385.95,86053.0
2026-06-22 12:10:00,386.0,386.85,385.9,386.6,84211.0
2026-06-22 12:15:00,386.6,386.9,385.7,386.9,217027.0
2026-06-22 12:20:00,386.85,387.7,386.85,387.35,296003.0
2026-06-22 12:25:00,387.3,387.6,386.85,387.4,45801.0
2026-06-22 12:30:00,387.4,387.6,386.75,387.05,84383.0
2026-06-22 12:35:00,387.15,387.15,386.75,387.05,33527.0
2026-06-22 12:40:00,387.0,387.2,386.5,386.95,60754.0
2026-06-22 12:45:00,386.95,387.05,386.65,386.9,29370.0
2026-06-22 12:50:00,386.85,388.15,386.55,388.0,217232.0
2026-06-22 12:55:00,388.0,388.5,387.75,388.1,130297.0
2026-06-22 13:00:00,388.1,388.15,387.6,387.95,43621.0
2026-06-22 13:05:00,387.95,388.8,387.6,388.35,265114.0
2026-06-22 13:10:00,388.3,388.45,387.95,388.4,48889.0
2026-06-22 13:15:00,388.35,388.5,388.0,388.3,37880.0
2026-06-22 13:20:00,388.3,388.6,388.05,388.3,101263.0
2026-06-22 13:25:00,388.3,388.55,387.6,388.3,96444.0
2026-06-22 13:30:00,388.2,389.4,387.7,389.25,205116.0
2026-06-22 13:35:00,389.25,389.45,388.8,388.95,159745.0
2026-06-22 13:40:00,388.9,389.85,388.65,389.5,166275.0
2026-06-22 13:45:00,389.5,389.85,389.35,389.85,124178.0
2026-06-22 13:50:00,389.85,390.45,389.65,390.45,187449.0
2026-06-22 13:55:00,390.45,390.9,390.0,390.05,84514.0
2026-06-22 14:00:00,390.2,392.7,390.2,392.0,438931.0
2026-06-22 14:05:00,392.45,392.45,391.2,391.3,328383.0
2026-06-22 14:10:00,391.2,391.65,390.4,391.35,232812.0
2026-06-22 14:15:00,391.65,391.7,390.55,391.0,186519.0
2026-06-22 14:20:00,391.0,391.5,390.8,391.2,124987.0
2026-06-22 14:25:00,391.25,391.65,390.4,390.8,191849.0
2026-06-22 14:30:00,390.8,390.9,389.9,390.8,195437.0
2026-06-22 14:35:00,390.75,391.05,390.6,390.85,132991.0
2026-06-22 14:40:00,390.95,391.05,390.65,390.9,110437.0
2026-06-22 14:45:00,390.85,391.3,390.65,391.25,158469.0
2026-06-22 14:50:00,391.25,391.75,391.1,391.65,204131.0
2026-06-22 14:55:00,391.65,392.45,391.25,392.0,295805.0
2026-06-22 15:00:00,392.4,392.7,391.4,391.55,213442.0
2026-06-22 15:05:00,391.55,391.8,390.9,391.35,239322.0
2026-06-22 15:10:00,391.5,392.25,391.15,392.0,211929.0
2026-06-22 15:15:00,392.0,392.5,391.8,392.45,380078.0
2026-06-22 15:20:00,392.4,392.8,391.3,391.85,366645.0
2026-06-22 15:25:00,391.8,392.9,391.25,392.3,245117.0
2026-06-23 09:15:00,394.4,394.4,392.5,393.6,294682.0
2026-06-23 09:20:00,393.45,394.1,392.0,392.05,204069.0
2026-06-23 09:25:00,392.4,392.4,391.1,392.05,120552.0
2026-06-23 09:30:00,392.3,392.6,391.4,391.6,80135.0
2026-06-23 09:35:00,391.7,391.8,391.15,391.4,55183.0
2026-06-23 09:40:00,391.4,391.8,390.4,390.85,95826.0
2026-06-23 09:45:00,390.7,391.2,390.6,391.15,32654.0
2026-06-23 09:50:00,391.0,391.35,390.85,390.85,31715.0
2026-06-23 09:55:00,391.0,391.75,390.85,391.65,30787.0
2026-06-23 10:00:00,391.85,391.9,391.0,391.2,34118.0
2026-06-23 10:05:00,391.2,392.25,390.95,392.25,305542.0
2026-06-23 10:10:00,392.35,392.5,390.55,390.6,174271.0
2026-06-23 10:15:00,390.6,390.8,390.2,390.6,25946.0
2026-06-23 10:20:00,390.6,390.6,389.05,389.6,80127.0
2026-06-23 10:25:00,389.55,389.9,389.1,389.25,28647.0
2026-06-23 10:30:00,389.1,389.25,388.6,389.25,37557.0
2026-06-23 10:35:00,389.25,389.85,389.25,389.7,20055.0
2026-06-23 10:40:00,389.55,389.8,388.8,388.95,26249.0
2026-06-23 10:45:00,388.95,389.25,388.8,389.2,12846.0
2026-06-23 10:50:00,389.2,390.2,389.0,390.0,99784.0
2026-06-23 10:55:00,389.95,390.05,389.3,390.0,14024.0
2026-06-23 11:00:00,390.0,390.0,389.55,389.85,27648.0
2026-06-23 11:05:00,389.85,390.3,389.65,390.15,43916.0
2026-06-23 11:10:00,390.0,390.5,389.95,390.15,20567.0
2026-06-23 11:15:00,390.25,390.5,389.8,390.0,29871.0
2026-06-23 11:20:00,390.0,390.0,389.2,389.7,18299.0
2026-06-23 11:25:00,389.75,389.8,389.5,389.65,20494.0
2026-06-23 11:30:00,389.7,389.7,389.15,389.25,15032.0
2026-06-23 11:35:00,389.25,389.4,388.5,388.9,30773.0
2026-06-23 11:40:00,388.95,388.95,387.9,388.5,48666.0
2026-06-23 11:45:00,388.3,388.55,387.65,387.9,37392.0
2026-06-23 11:50:00,387.7,388.3,387.55,388.05,26443.0
2026-06-23 11:55:00,387.95,388.05,387.4,387.6,21906.0
2026-06-23 12:00:00,387.55,387.9,387.0,387.55,26081.0
2026-06-23 12:05:00,387.45,387.5,386.55,387.45,49635.0
2026-06-23 12:10:00,387.45,387.7,387.15,387.6,36031.0
2026-06-23 12:15:00,387.45,388.2,387.2,387.95,56809.0
2026-06-23 12:20:00,387.95,388.05,387.1,387.3,14633.0
2026-06-23 12:25:00,387.35,388.4,387.2,388.0,28227.0
2026-06-23 12:30:00,388.0,388.0,387.65,387.85,10955.0
2026-06-23 12:35:00,387.85,388.4,387.75,388.35,15935.0
2026-06-23 12:40:00,388.15,388.35,387.05,387.2,29662.0
2026-06-23 12:45:00,387.0,387.3,386.7,386.8,27028.0
2026-06-23 12:50:00,386.8,387.0,386.6,386.75,17975.0
2026-06-23 12:55:00,386.8,386.85,386.45,386.8,18304.0
2026-06-23 13:00:00,386.75,386.75,386.2,386.25,24592.0
2026-06-23 13:05:00,386.45,387.0,386.3,386.65,27405.0
2026-06-23 13:10:00,386.85,386.85,385.65,385.7,58778.0
2026-06-23 13:15:00,385.7,386.0,385.15,385.45,41894.0
2026-06-23 13:20:00,385.35,385.8,385.3,385.45,24690.0
2026-06-23 13:25:00,385.3,385.45,384.75,385.2,28178.0
2026-06-23 13:30:00,385.1,385.2,384.7,384.75,14983.0
2026-06-23 13:35:00,384.7,384.95,384.5,384.85,21392.0
2026-06-23 13:40:00,384.95,385.25,384.7,385.15,23254.0
2026-06-23 13:45:00,385.2,385.9,384.75,385.8,33839.0
2026-06-23 13:50:00,385.7,385.75,384.95,384.95,30193.0
2026-06-23 13:55:00,384.95,385.15,384.75,384.9,18368.0
2026-06-23 14:00:00,384.85,385.6,384.65,385.5,20601.0
2026-06-23 14:05:00,385.55,385.65,385.0,385.25,16742.0
2026-06-23 14:10:00,385.25,385.8,384.9,385.0,56757.0
2026-06-23 14:15:00,384.95,385.0,384.2,384.2,29157.0
2026-06-23 14:20:00,384.1,384.7,384.05,384.4,15902.0
2026-06-23 14:25:00,384.3,384.55,383.75,384.0,24890.0
2026-06-23 14:30:00,384.0,384.45,383.55,383.8,29636.0
2026-06-23 14:35:00,383.9,384.0,383.2,383.5,29900.0
2026-06-23 14:40:00,383.65,384.55,383.3,384.5,22589.0
2026-06-23 14:45:00,384.6,384.8,383.95,384.5,46249.0
2026-06-23 14:50:00,384.4,384.95,384.4,384.85,27621.0
2026-06-23 14:55:00,384.95,385.65,384.95,385.2,38944.0
2026-06-23 15:00:00,385.5,385.7,383.25,383.65,95223.0
2026-06-23 15:05:00,383.75,384.55,383.65,384.35,90455.0
2026-06-23 15:10:00,384.35,384.5,383.85,384.1,55621.0
2026-06-23 15:15:00,384.0,384.2,383.4,383.65,92065.0
2026-06-23 15:20:00,383.65,383.9,382.85,383.25,124977.0
2026-06-23 15:25:00,383.45,384.0,382.75,383.1,87094.0
2026-06-24 09:15:00,383.75,386.9,381.85,385.1,163477.0
2026-06-24 09:20:00,385.25,387.0,385.0,386.75,94885.0
2026-06-24 09:25:00,386.75,387.5,386.35,387.0,92878.0
2026-06-24 09:30:00,386.85,387.1,386.3,386.7,58923.0
2026-06-24 09:35:00,386.7,387.35,386.05,386.9,65748.0
2026-06-24 09:40:00,386.75,387.05,385.4,385.4,48477.0
2026-06-24 09:45:00,385.4,385.65,383.35,383.35,63748.0
2026-06-24 09:50:00,383.15,383.65,382.35,383.4,40898.0
2026-06-24 09:55:00,383.4,384.1,383.4,383.6,40505.0
2026-06-24 10:00:00,383.5,385.25,383.5,384.35,39260.0
2026-06-24 10:05:00,384.35,384.75,384.15,384.7,30943.0
2026-06-24 10:10:00,384.6,384.9,383.2,383.5,28825.0
2026-06-24 10:15:00,383.55,383.9,383.0,383.0,23451.0
2026-06-24 10:20:00,383.1,383.3,382.55,383.0,20003.0
2026-06-24 10:25:00,382.9,383.15,382.6,383.0,20390.0
2026-06-24 10:30:00,382.85,383.4,382.65,383.0,20196.0
2026-06-24 10:35:00,382.95,383.05,382.65,382.75,13818.0
2026-06-24 10:40:00,382.75,384.15,382.7,383.75,29369.0
2026-06-24 10:45:00,383.9,385.3,383.5,385.25,41994.0
2026-06-24 10:50:00,385.1,386.05,385.1,385.75,30703.0
2026-06-24 10:55:00,385.55,386.45,385.5,386.3,24347.0
2026-06-24 11:00:00,386.15,387.4,386.05,387.4,33944.0
2026-06-24 11:05:00,387.35,389.95,387.35,389.65,97117.0
2026-06-24 11:10:00,389.65,389.65,388.5,388.55,39315.0
2026-06-24 11:15:00,388.7,389.4,388.4,388.6,42465.0
2026-06-24 11:20:00,388.45,388.95,387.9,388.1,27065.0
2026-06-24 11:25:00,388.2,388.2,387.0,387.45,81713.0
2026-06-24 11:30:00,387.25,387.45,386.6,387.05,14426.0
2026-06-24 11:35:00,386.95,387.95,386.95,387.75,28284.0
2026-06-24 11:40:00,387.75,387.95,387.1,387.5,26474.0
2026-06-24 11:45:00,387.3,387.5,387.2,387.4,10754.0
2026-06-24 11:50:00,387.4,387.5,387.2,387.25,10893.0
2026-06-24 11:55:00,387.25,388.0,387.25,387.65,25493.0
2026-06-24 12:00:00,387.65,388.5,387.3,388.0,45568.0
2026-06-24 12:05:00,387.9,388.45,387.75,387.85,19727.0
2026-06-24 12:10:00,387.8,387.9,386.75,387.5,43888.0
2026-06-24 12:15:00,387.4,388.05,387.0,387.75,26178.0
2026-06-24 12:20:00,387.75,388.85,387.75,388.8,49871.0
2026-06-24 12:25:00,388.95,389.05,388.65,389.0,42266.0
2026-06-24 12:30:00,389.0,392.3,388.05,392.3,178427.0
2026-06-24 12:35:00,392.0,392.45,390.9,391.8,133315.0
2026-06-24 12:40:00,391.8,392.55,390.45,391.1,138002.0
2026-06-24 12:45:00,391.1,392.65,390.35,392.25,99740.0
2026-06-24 12:50:00,392.15,392.95,392.15,392.6,69343.0
2026-06-24 12:55:00,392.5,393.0,392.4,392.65,73749.0
2026-06-24 13:00:00,392.7,393.6,392.7,393.4,64819.0
2026-06-24 13:05:00,393.35,394.85,393.35,394.85,94814.0
2026-06-24 13:10:00,394.85,395.6,394.5,395.4,104819.0
2026-06-24 13:15:00,395.4,395.65,394.35,394.6,79147.0
2026-06-24 13:20:00,394.6,394.95,394.35,394.6,33414.0
2026-06-24 13:25:00,394.45,394.9,394.35,394.9,26662.0
2026-06-24 13:30:00,394.75,396.5,394.75,396.0,202067.0
2026-06-24 13:35:00,396.0,396.3,395.8,396.0,42215.0
2026-06-24 13:40:00,396.0,396.25,395.6,395.85,63586.0
2026-06-24 13:45:00,395.95,396.35,395.8,396.0,39088.0
2026-06-24 13:50:00,396.0,396.2,395.45,395.75,95024.0
2026-06-24 13:55:00,395.55,396.0,394.8,394.85,86182.0
2026-06-24 14:00:00,394.9,394.9,393.85,394.4,145571.0
2026-06-24 14:05:00,394.2,394.9,393.8,394.8,94048.0
2026-06-24 14:10:00,394.8,395.25,394.1,394.25,138306.0
2026-06-24 14:15:00,394.25,394.75,394.1,394.6,67138.0
2026-06-24 14:20:00,394.55,394.75,393.55,394.1,78218.0
2026-06-24 14:25:00,394.0,394.7,393.55,394.2,173528.0
2026-06-24 14:30:00,394.2,394.5,393.7,393.8,133516.0
2026-06-24 14:35:00,393.8,394.0,392.9,393.25,123700.0
2026-06-24 14:40:00,393.25,394.25,393.25,393.75,124516.0
2026-06-24 14:45:00,393.75,394.0,393.15,393.35,184021.0
2026-06-24 14:50:00,393.25,394.7,393.25,394.55,88035.0
2026-06-24 14:55:00,394.45,395.2,394.2,394.8,114356.0
2026-06-24 15:00:00,394.75,396.1,393.8,395.1,173228.0
2026-06-24 15:05:00,395.2,396.2,395.1,395.8,115095.0
2026-06-24 15:10:00,395.9,396.25,393.9,393.9,182076.0
2026-06-24 15:15:00,393.95,394.7,393.7,394.05,267012.0
2026-06-24 15:20:00,393.95,394.65,393.8,394.4,163650.0
2026-06-24 15:25:00,394.4,396.0,394.25,396.0,140754.0
2026-06-25 09:15:00,397.55,398.0,395.75,395.8,150542.0
2026-06-25 09:20:00,395.8,397.35,395.55,395.55,88925.0
2026-06-25 09:25:00,395.75,396.25,394.55,396.25,91189.0
2026-06-25 09:30:00,396.25,397.85,395.95,397.8,76969.0
2026-06-25 09:35:00,397.85,399.35,397.3,398.0,272819.0
2026-06-25 09:40:00,398.0,398.05,396.65,396.8,74212.0
2026-06-25 09:45:00,396.8,397.0,395.0,395.55,72699.0
2026-06-25 09:50:00,395.5,395.9,394.75,395.6,62971.0
2026-06-25 09:55:00,395.55,395.75,394.8,395.05,43515.0
2026-06-25 10:00:00,395.05,396.0,394.95,396.0,31953.0
2026-06-25 10:05:00,395.95,396.35,395.6,396.2,68941.0
2026-06-25 10:10:00,396.35,396.75,396.0,396.6,34709.0
2026-06-25 10:15:00,396.6,397.65,396.6,397.5,43125.0
2026-06-25 10:20:00,397.6,397.75,396.9,397.05,25720.0
2026-06-25 10:25:00,397.05,397.2,396.15,396.35,27178.0
2026-06-25 10:30:00,396.25,397.0,395.95,396.7,52460.0
2026-06-25 10:35:00,396.7,397.3,396.7,397.25,18056.0
2026-06-25 10:40:00,397.25,397.3,396.25,397.1,44066.0
2026-06-25 10:45:00,397.25,398.3,397.25,398.1,31529.0
2026-06-25 10:50:00,397.75,398.05,397.05,397.25,33720.0
2026-06-25 10:55:00,397.3,397.65,397.1,397.5,22306.0
2026-06-25 11:00:00,397.55,397.55,396.35,396.55,28229.0
2026-06-25 11:05:00,396.5,397.0,396.5,396.5,19732.0
2026-06-25 11:10:00,396.6,396.75,396.2,396.35,31349.0
2026-06-25 11:15:00,396.3,396.55,395.65,395.75,24984.0
2026-06-25 11:20:00,395.75,396.5,395.65,395.8,21474.0
2026-06-25 11:25:00,395.8,396.15,395.15,395.4,33482.0
2026-06-25 11:30:00,395.3,395.5,394.05,394.6,73745.0
2026-06-25 11:35:00,394.35,394.9,394.15,394.45,27207.0
2026-06-25 11:40:00,394.45,394.65,394.0,394.0,28087.0
2026-06-25 11:45:00,394.05,394.2,393.45,393.95,49631.0
2026-06-25 11:50:00,393.95,395.0,393.95,395.0,28106.0
2026-06-25 11:55:00,394.9,396.0,394.8,395.05,36259.0
2026-06-25 12:00:00,395.1,396.8,394.9,396.15,84621.0
2026-06-25 12:05:00,396.15,396.35,395.75,396.15,22246.0
2026-06-25 12:10:00,396.2,396.2,394.8,395.6,89803.0
2026-06-25 12:15:00,395.55,395.8,394.15,394.5,31321.0
2026-06-25 12:20:00,394.45,394.5,393.5,393.95,50621.0
2026-06-25 12:25:00,393.85,394.15,393.2,393.85,48104.0
2026-06-25 12:30:00,393.85,394.2,392.7,393.8,51800.0
2026-06-25 12:35:00,393.8,394.2,393.7,394.15,26172.0
2026-06-25 12:40:00,394.15,394.65,394.05,394.45,26049.0
2026-06-25 12:45:00,394.35,394.85,394.1,394.7,23857.0
2026-06-25 12:50:00,394.65,395.35,394.45,395.0,39712.0
2026-06-25 12:55:00,394.95,395.1,394.5,394.8,20983.0
2026-06-25 13:00:00,394.8,395.85,394.55,395.45,25150.0
2026-06-25 13:05:00,395.45,395.8,395.3,395.5,29520.0
2026-06-25 13:10:00,395.35,395.5,394.8,395.0,21555.0
2026-06-25 13:15:00,395.05,395.75,394.9,395.75,24183.0
2026-06-25 13:20:00,395.75,395.8,395.15,395.8,29355.0
2026-06-25 13:25:00,395.75,395.75,395.15,395.5,19946.0
2026-06-25 13:30:00,395.45,395.85,394.7,395.85,39985.0
2026-06-25 13:35:00,395.85,395.9,395.35,395.8,21886.0
2026-06-25 13:40:00,395.7,396.0,395.6,395.95,21837.0
2026-06-25 13:45:00,395.8,395.95,395.55,395.9,18097.0
2026-06-25 13:50:00,395.8,395.9,395.05,395.2,20916.0
2026-06-25 13:55:00,395.05,395.4,394.7,395.2,29051.0
2026-06-25 14:00:00,395.15,395.4,394.7,394.75,25515.0
2026-06-25 14:05:00,394.9,395.2,394.2,394.55,40612.0
2026-06-25 14:10:00,394.45,394.45,393.6,393.75,32752.0
2026-06-25 14:15:00,393.6,393.75,393.0,393.5,63666.0
2026-06-25 14:20:00,393.45,394.25,391.85,392.3,180513.0
2026-06-25 14:25:00,392.45,392.5,391.25,392.0,31387.0
2026-06-25 14:30:00,391.9,392.5,391.0,391.65,91488.0
2026-06-25 14:35:00,391.3,391.6,391.1,391.1,35383.0
2026-06-25 14:40:00,391.15,391.2,390.0,390.4,41977.0
2026-06-25 14:45:00,390.3,390.95,390.3,390.6,32968.0
2026-06-25 14:50:00,390.4,391.2,390.25,391.2,55961.0
2026-06-25 14:55:00,390.95,392.15,390.9,391.2,98383.0
2026-06-25 15:00:00,391.1,391.35,389.55,391.25,151006.0
2026-06-25 15:05:00,391.25,391.95,390.5,390.7,125298.0
2026-06-25 15:10:00,390.5,391.25,390.5,391.05,77075.0
2026-06-25 15:15:00,391.0,391.25,390.3,390.6,89444.0
2026-06-25 15:20:00,390.5,391.15,390.2,391.0,126626.0
2026-06-25 15:25:00,391.05,392.25,389.1,391.9,102875.0
2026-06-29 09:15:00,390.0,393.05,388.45,391.3,137595.0
2026-06-29 09:20:00,391.25,391.85,389.85,390.05,38586.0
2026-06-29 09:25:00,390.1,392.75,389.75,392.25,46779.0
2026-06-29 09:30:00,392.3,392.8,391.0,391.65,31474.0
2026-06-29 09:35:00,391.8,392.0,388.8,390.6,44950.0
2026-06-29 09:40:00,390.65,391.95,390.65,391.35,51893.0
2026-06-29 09:45:00,391.3,392.5,391.15,391.35,57070.0
2026-06-29 09:50:00,391.4,391.95,391.25,391.3,53293.0
2026-06-29 09:55:00,391.6,391.85,390.15,390.4,68859.0
2026-06-29 10:00:00,390.7,390.95,389.45,389.7,56971.0
2026-06-29 10:05:00,390.0,391.0,389.7,390.4,38713.0
2026-06-29 10:10:00,390.4,390.5,389.6,389.75,42653.0
2026-06-29 10:15:00,389.9,389.95,388.6,389.0,58028.0
2026-06-29 10:20:00,389.0,389.7,388.55,389.7,42093.0
2026-06-29 10:25:00,389.55,390.15,389.3,389.7,33776.0
2026-06-29 10:30:00,389.5,391.7,389.45,390.65,99730.0
2026-06-29 10:35:00,390.4,390.8,390.25,390.45,40563.0
2026-06-29 10:40:00,390.6,390.6,389.2,389.7,192160.0
2026-06-29 10:45:00,389.5,389.7,388.85,389.2,49140.0
2026-06-29 10:50:00,389.1,389.15,388.15,388.5,45151.0
2026-06-29 10:55:00,388.5,388.85,387.55,387.9,62091.0
2026-06-29 11:00:00,387.7,389.15,387.25,389.15,135622.0
2026-06-29 11:05:00,389.15,389.7,388.45,389.45,114870.0
2026-06-29 11:10:00,389.4,390.15,389.25,389.7,82366.0
2026-06-29 11:15:00,389.55,390.45,389.4,390.05,74807.0
2026-06-29 11:20:00,390.1,390.15,388.95,389.7,67430.0
2026-06-29 11:25:00,389.4,389.85,389.0,389.55,64822.0
2026-06-29 11:30:00,389.55,389.7,388.55,388.9,70452.0
2026-06-29 11:35:00,388.75,389.7,388.75,389.4,59259.0
2026-06-29 11:40:00,389.2,389.6,389.05,389.55,64094.0
2026-06-29 11:45:00,389.3,389.7,388.9,389.35,62266.0
2026-06-29 11:50:00,389.1,389.5,388.6,388.95,58004.0
2026-06-29 11:55:00,388.65,389.6,388.65,389.3,69545.0
2026-06-29 12:00:00,389.15,390.0,389.05,389.7,64218.0
2026-06-29 12:05:00,389.7,389.8,389.05,389.25,61204.0
2026-06-29 12:10:00,389.15,389.6,388.25,388.8,74792.0
2026-06-29 12:15:00,388.6,388.95,388.25,388.4,111130.0
2026-06-29 12:20:00,388.25,388.85,386.9,388.55,195486.0
2026-06-29 12:25:00,388.2,388.7,387.2,387.5,109856.0
2026-06-29 12:30:00,387.3,387.45,385.65,386.25,72277.0
2026-06-29 12:35:00,386.0,386.5,385.05,385.35,64052.0
2026-06-29 12:40:00,385.35,386.0,385.15,385.95,50653.0
2026-06-29 12:45:00,385.75,386.25,385.5,385.65,51684.0
2026-06-29 12:50:00,385.5,386.2,385.0,385.15,63161.0
2026-06-29 12:55:00,385.0,385.4,384.5,384.9,218260.0
2026-06-29 13:00:00,384.75,385.5,384.6,385.25,50426.0
2026-06-29 13:05:00,384.9,385.5,384.8,385.5,43712.0
2026-06-29 13:10:00,385.5,385.7,385.2,385.45,54251.0
2026-06-29 13:15:00,385.2,385.45,384.85,385.15,56612.0
2026-06-29 13:20:00,385.0,385.25,384.4,384.75,51374.0
2026-06-29 13:25:00,384.75,385.75,384.45,385.35,62954.0
2026-06-29 13:30:00,385.1,385.65,385.0,385.3,55846.0
2026-06-29 13:35:00,385.15,385.75,384.65,385.6,59479.0
2026-06-29 13:40:00,385.3,386.3,384.95,385.75,66604.0
2026-06-29 13:45:00,385.6,387.0,385.6,385.9,77155.0
2026-06-29 13:50:00,385.65,386.7,385.35,386.6,72558.0
2026-06-29 13:55:00,386.6,387.9,386.4,387.35,113456.0
2026-06-29 14:00:00,387.35,387.7,387.05,387.25,74061.0
2026-06-29 14:05:00,387.15,387.7,387.15,387.45,75631.0
2026-06-29 14:10:00,387.3,387.7,387.15,387.7,47793.0
2026-06-29 14:15:00,387.5,387.7,387.05,387.4,64797.0
2026-06-29 14:20:00,387.3,387.55,386.3,386.55,79698.0
2026-06-29 14:25:00,386.45,387.2,386.4,387.2,62938.0
2026-06-29 14:30:00,387.2,388.3,387.0,388.05,146321.0
2026-06-29 14:35:00,388.05,388.1,387.1,387.55,84062.0
2026-06-29 14:40:00,387.55,388.4,387.2,387.75,136095.0
2026-06-29 14:45:00,387.5,387.6,386.75,387.0,47572.0
2026-06-29 14:50:00,386.85,386.85,385.35,386.75,204524.0
2026-06-29 14:55:00,386.5,387.1,386.0,386.55,197758.0
2026-06-29 15:00:00,386.4,387.25,385.35,386.1,1147561.0
2026-06-29 15:05:00,385.8,386.5,385.35,386.05,1092206.0
2026-06-29 15:10:00,385.75,385.85,384.5,384.95,1103761.0
2026-06-29 15:15:00,384.85,385.2,384.3,384.8,1160148.0
2026-06-29 15:20:00,384.7,385.3,384.05,384.9,1249870.0
2026-06-29 15:25:00,384.9,388.75,384.35,387.7,744820.0
2026-06-30 09:15:00,387.9,391.15,386.0,387.55,106172.0
2026-06-30 09:20:00,387.55,387.55,386.5,386.55,27117.0
2026-06-30 09:25:00,386.65,388.25,386.4,387.8,44654.0
2026-06-30 09:30:00,387.9,390.0,387.65,389.8,59559.0
2026-06-30 09:35:00,389.8,391.95,389.25,391.8,83257.0
2026-06-30 09:40:00,391.7,392.05,390.0,390.5,113210.0
2026-06-30 09:45:00,390.5,391.5,390.2,391.5,97595.0
2026-06-30 09:50:00,391.5,394.8,391.25,393.85,211306.0
2026-06-30 09:55:00,393.9,395.8,393.1,394.15,180684.0
2026-06-30 10:00:00,394.15,394.5,393.55,393.95,92235.0
2026-06-30 10:05:00,393.9,394.2,392.75,393.2,93022.0
2026-06-30 10:10:00,393.25,393.6,392.7,393.1,70157.0
2026-06-30 10:15:00,393.15,393.45,392.35,392.35,61968.0
2026-06-30 10:20:00,392.35,392.35,390.95,391.7,83194.0
2026-06-30 10:25:00,391.65,392.1,391.4,391.85,51618.0
2026-06-30 10:30:00,391.85,392.1,391.45,391.9,42453.0
2026-06-30 10:35:00,391.85,392.1,391.25,391.5,56653.0
2026-06-30 10:40:00,391.75,391.8,391.0,391.55,37908.0
2026-06-30 10:45:00,391.6,392.0,391.2,391.5,37635.0
2026-06-30 10:50:00,391.75,392.9,391.45,392.9,64813.0
2026-06-30 10:55:00,392.9,392.9,391.5,391.5,45469.0
2026-06-30 11:00:00,391.5,392.25,391.2,391.55,42959.0
2026-06-30 11:05:00,391.8,392.5,391.6,392.2,44426.0
2026-06-30 11:10:00,392.15,393.0,391.95,392.4,56595.0
2026-06-30 11:15:00,392.75,393.0,392.05,392.55,47456.0
2026-06-30 11:20:00,392.7,393.0,392.35,392.8,92844.0
2026-06-30 11:25:00,393.0,393.0,392.25,392.65,40743.0
2026-06-30 11:30:00,392.85,393.05,392.65,393.05,46027.0
2026-06-30 11:35:00,393.1,393.2,392.3,392.85,42531.0
2026-06-30 11:40:00,393.05,393.15,392.35,392.75,45016.0
2026-06-30 11:45:00,393.0,393.25,392.65,393.05,42401.0
2026-06-30 11:50:00,393.0,393.05,392.55,392.95,45853.0
2026-06-30 11:55:00,392.9,393.2,392.65,392.65,38764.0
2026-06-30 12:00:00,392.9,393.0,392.05,392.65,52557.0
2026-06-30 12:05:00,392.65,392.65,391.35,391.35,53558.0
2026-06-30 12:10:00,391.6,391.9,391.1,391.6,46268.0
2026-06-30 12:15:00,391.6,392.2,391.4,391.85,39724.0
2026-06-30 12:20:00,392.05,392.4,391.8,392.2,36017.0
2026-06-30 12:25:00,392.3,392.35,391.8,391.95,43714.0
2026-06-30 12:30:00,392.15,392.2,391.25,391.9,78781.0
2026-06-30 12:35:00,391.7,392.3,391.6,392.1,50182.0
2026-06-30 12:40:00,392.25,393.0,392.25,392.95,39250.0
2026-06-30 12:45:00,392.95,393.0,392.55,392.7,41912.0
2026-06-30 12:50:00,392.9,393.0,392.55,392.6,45167.0
2026-06-30 12:55:00,392.8,393.0,392.6,392.8,36838.0
2026-06-30 13:00:00,393.0,393.0,392.45,392.75,39672.0
2026-06-30 13:05:00,393.0,393.0,392.2,392.6,41050.0
2026-06-30 13:10:00,392.7,392.7,391.45,392.05,71224.0
2026-06-30 13:15:00,392.2,392.55,392.0,392.05,33072.0
2026-06-30 13:20:00,392.3,392.5,391.8,392.1,44718.0
2026-06-30 13:25:00,392.1,392.6,391.5,392.4,75188.0
2026-06-30 13:30:00,392.6,392.65,391.5,392.2,79001.0
2026-06-30 13:35:00,392.25,392.7,392.0,392.5,39498.0
2026-06-30 13:40:00,392.5,392.7,392.0,392.1,40738.0
2026-06-30 13:45:00,392.4,392.55,392.0,392.3,44505.0
2026-06-30 13:50:00,392.55,392.55,391.85,391.85,47858.0
2026-06-30 13:55:00,392.05,392.15,391.25,391.75,51538.0
2026-06-30 14:00:00,391.8,391.95,391.15,391.55,39565.0
2026-06-30 14:05:00,391.55,392.85,391.4,392.55,62185.0
2026-06-30 14:10:00,392.7,392.7,391.85,392.2,43552.0
2026-06-30 14:15:00,392.35,393.0,391.95,392.15,54740.0
2026-06-30 14:20:00,392.45,393.0,391.85,392.9,52048.0
2026-06-30 14:25:00,393.0,394.2,393.0,393.15,95082.0
2026-06-30 14:30:00,393.3,394.6,393.05,394.25,60271.0
2026-06-30 14:35:00,394.5,394.5,393.7,393.9,43110.0
2026-06-30 14:40:00,394.1,394.65,393.9,394.25,42141.0
2026-06-30 14:45:00,394.25,394.5,393.3,393.3,57136.0
2026-06-30 14:50:00,393.35,393.9,393.1,393.7,51451.0
2026-06-30 14:55:00,393.85,393.9,392.85,393.85,50422.0
2026-06-30 15:00:00,393.6,393.6,390.75,391.65,159309.0
2026-06-30 15:05:00,391.85,392.6,391.6,392.45,82026.0
2026-06-30 15:10:00,392.45,392.65,392.1,392.5,110611.0
2026-06-30 15:15:00,392.45,392.6,391.5,392.05,109265.0
2026-06-30 15:20:00,392.05,392.35,391.55,391.75,117040.0
2026-06-30 15:25:00,391.75,392.9,391.2,392.7,96007.0
2026-07-01 09:15:00,392.6,394.6,390.1,391.95,130841.0
2026-07-01 09:20:00,391.85,392.2,388.85,388.95,91146.0
2026-07-01 09:25:00,388.9,389.8,388.35,389.3,41549.0
2026-07-01 09:30:00,389.15,390.25,388.95,390.05,35649.0
2026-07-01 09:35:00,390.2,392.0,390.05,391.6,22372.0
2026-07-01 09:40:00,391.6,391.75,390.65,391.0,21877.0
2026-07-01 09:45:00,391.15,391.3,390.1,390.2,20264.0
2026-07-01 09:50:00,390.3,390.55,390.0,390.3,11440.0
2026-07-01 09:55:00,390.5,391.05,390.25,390.25,15397.0
2026-07-01 10:00:00,390.45,390.9,390.3,390.6,14139.0
2026-07-01 10:05:00,390.5,390.85,390.3,390.85,10390.0
2026-07-01 10:10:00,390.9,391.9,390.65,391.65,14279.0
2026-07-01 10:15:00,391.75,392.05,391.6,391.65,16614.0
2026-07-01 10:20:00,391.95,393.3,391.85,393.0,29027.0
2026-07-01 10:25:00,393.1,393.1,392.3,393.0,14571.0
2026-07-01 10:30:00,393.05,393.6,392.6,393.05,44106.0
2026-07-01 10:35:00,393.2,393.3,392.5,393.1,14199.0
2026-07-01 10:40:00,393.1,393.3,392.6,393.0,7824.0
2026-07-01 10:45:00,393.1,393.9,393.0,393.7,15580.0
2026-07-01 10:50:00,393.7,393.8,392.85,393.1,11656.0
2026-07-01 10:55:00,393.0,393.3,392.65,393.1,15752.0
2026-07-01 11:00:00,393.1,393.1,392.2,392.3,14836.0
2026-07-01 11:05:00,392.45,392.65,392.1,392.3,12294.0
2026-07-01 11:10:00,392.4,393.95,392.1,393.75,129486.0
2026-07-01 11:15:00,393.9,394.0,393.5,393.65,18092.0
2026-07-01 11:20:00,393.65,393.95,393.45,393.75,14645.0
2026-07-01 11:25:00,393.5,393.65,393.1,393.2,12215.0
2026-07-01 11:30:00,393.4,393.6,393.1,393.45,6402.0
2026-07-01 11:35:00,393.4,393.95,393.3,393.9,15250.0
2026-07-01 11:40:00,393.95,394.3,393.85,394.15,20841.0
2026-07-01 11:45:00,394.2,394.9,394.15,394.2,22946.0
2026-07-01 11:50:00,394.05,394.2,393.6,393.95,11565.0
2026-07-01 11:55:00,394.0,394.3,393.6,394.25,11225.0
2026-07-01 12:00:00,394.25,394.5,394.0,394.25,17247.0
2026-07-01 12:05:00,394.3,394.5,394.2,394.45,7066.0
2026-07-01 12:10:00,394.45,394.5,394.2,394.2,9964.0
2026-07-01 12:15:00,394.3,394.6,394.1,394.45,11935.0
2026-07-01 12:20:00,394.6,395.35,394.4,395.25,47206.0
2026-07-01 12:25:00,395.25,395.5,393.8,394.0,23603.0
2026-07-01 12:30:00,394.0,395.0,394.0,394.65,12320.0
2026-07-01 12:35:00,394.5,394.7,393.9,394.55,11031.0
2026-07-01 12:40:00,394.7,394.75,394.2,394.45,7384.0
2026-07-01 12:45:00,394.45,394.8,394.3,394.5,7771.0
2026-07-01 12:50:00,394.6,394.75,394.2,394.2,7899.0
2026-07-01 12:55:00,394.2,394.35,394.0,394.05,9608.0
2026-07-01 13:00:00,394.15,394.15,393.15,393.6,10469.0
2026-07-01 13:05:00,393.7,394.15,393.6,393.9,6550.0
2026-07-01 13:10:00,393.95,394.75,393.65,394.75,9302.0
2026-07-01 13:15:00,394.8,394.8,394.35,394.55,7496.0
2026-07-01 13:20:00,394.7,394.7,393.95,394.2,10351.0
2026-07-01 13:25:00,394.35,394.7,394.05,394.3,14633.0
2026-07-01 13:30:00,394.4,394.65,394.15,394.45,8214.0
2026-07-01 13:35:00,394.5,394.95,394.45,394.75,24750.0
2026-07-01 13:40:00,394.95,394.95,394.35,394.5,8320.0
2026-07-01 13:45:00,394.7,394.8,394.35,394.5,16851.0
2026-07-01 13:50:00,394.5,395.3,394.5,395.0,41963.0
2026-07-01 13:55:00,395.1,395.2,394.6,394.8,10011.0
2026-07-01 14:00:00,394.6,394.6,393.9,394.1,27146.0
2026-07-01 14:05:00,394.15,394.25,393.05,393.4,28077.0
2026-07-01 14:10:00,393.4,394.35,393.35,394.15,20463.0
2026-07-01 14:15:00,394.15,394.4,394.0,394.0,10736.0
2026-07-01 14:20:00,394.2,394.5,394.05,394.25,8582.0
2026-07-01 14:25:00,394.25,394.35,393.5,393.7,29954.0
2026-07-01 14:30:00,393.7,394.5,393.65,393.8,9350.0
2026-07-01 14:35:00,393.8,394.35,393.6,393.7,12818.0
2026-07-01 14:40:00,393.7,394.5,393.3,394.5,16317.0
2026-07-01 14:45:00,394.5,394.5,394.05,394.1,13399.0
2026-07-01 14:50:00,394.1,394.85,394.0,394.85,30919.0
2026-07-01 14:55:00,394.85,394.85,394.05,394.5,36350.0
2026-07-01 15:00:00,394.45,394.55,393.65,394.05,47765.0
2026-07-01 15:05:00,394.05,394.2,393.4,393.65,95224.0
2026-07-01 15:10:00,393.7,393.9,392.75,392.9,118083.0
2026-07-01 15:15:00,392.9,393.15,392.8,392.9,51990.0
2026-07-01 15:20:00,392.85,392.85,392.0,392.0,67075.0
2026-07-01 15:25:00,392.0,392.7,391.05,391.1,68841.0
2026-07-02 09:15:00,392.5,393.4,391.55,392.65,66737.0
2026-07-02 09:20:00,392.65,393.0,391.55,392.25,70482.0
2026-07-02 09:25:00,392.25,392.5,389.6,389.95,70948.0
2026-07-02 09:30:00,389.8,391.8,389.4,390.5,32647.0
2026-07-02 09:35:00,390.6,393.85,390.55,393.75,53700.0
2026-07-02 09:40:00,393.0,393.0,391.35,391.55,68633.0
2026-07-02 09:45:00,391.7,391.8,391.25,391.25,14453.0
2026-07-02 09:50:00,391.25,391.5,391.0,391.3,9043.0
2026-07-02 09:55:00,391.3,391.5,391.05,391.4,4205.0
2026-07-02 10:00:00,391.4,391.7,390.55,391.0,36076.0
2026-07-02 10:05:00,391.0,391.15,390.3,391.1,13290.0
2026-07-02 10:10:00,391.1,391.85,391.0,391.05,8922.0
2026-07-02 10:15:00,391.2,391.65,390.75,391.4,17553.0
2026-07-02 10:20:00,391.4,391.55,391.1,391.2,12196.0
2026-07-02 10:25:00,391.45,391.9,391.15,391.3,24051.0
2026-07-02 10:30:00,391.55,391.6,390.95,391.05,29755.0
2026-07-02 10:35:00,391.0,391.6,390.85,391.4,18504.0
2026-07-02 10:40:00,391.45,391.5,391.0,391.1,7085.0
2026-07-02 10:45:00,391.1,391.5,390.95,391.1,8905.0
2026-07-02 10:50:00,391.15,391.4,390.85,391.4,8229.0
2026-07-02 10:55:00,390.9,391.5,390.8,391.3,4112.0
2026-07-02 11:00:00,391.5,392.85,391.2,391.95,186685.0
2026-07-02 11:05:00,392.0,392.05,391.2,391.4,23249.0
2026-07-02 11:10:00,391.3,391.35,390.1,390.75,42233.0
2026-07-02 11:15:00,390.75,391.0,390.4,390.6,55680.0
2026-07-02 11:20:00,390.4,390.85,390.35,390.75,42897.0
2026-07-02 11:25:00,390.55,391.0,390.35,390.55,45452.0
2026-07-02 11:30:00,390.35,390.6,389.55,389.8,108907.0
2026-07-02 11:35:00,389.75,390.15,389.5,390.05,53544.0
2026-07-02 11:40:00,389.95,390.4,389.4,390.05,60962.0
2026-07-02 11:45:00,390.2,390.8,390.0,390.5,72184.0
2026-07-02 11:50:00,390.55,390.95,390.1,390.85,27672.0
2026-07-02 11:55:00,390.85,391.0,390.35,390.55,7356.0
2026-07-02 12:00:00,390.45,391.45,390.45,391.25,23547.0
2026-07-02 12:05:00,391.25,392.3,391.0,392.0,16950.0
2026-07-02 12:10:00,392.05,393.8,391.45,392.0,355001.0
2026-07-02 12:15:00,391.85,393.45,391.45,393.3,187673.0
2026-07-02 12:20:00,393.35,395.1,393.0,394.75,75828.0
2026-07-02 12:25:00,394.75,397.25,394.5,397.2,77653.0
2026-07-02 12:30:00,397.35,397.35,395.5,395.7,46418.0
2026-07-02 12:35:00,395.7,396.0,395.5,395.8,29205.0
2026-07-02 12:40:00,395.8,395.8,394.8,395.3,35900.0
2026-07-02 12:45:00,395.3,395.4,394.85,395.2,10719.0
2026-07-02 12:50:00,395.2,395.2,393.2,393.9,34586.0
2026-07-02 12:55:00,393.7,393.9,393.05,393.35,26563.0
2026-07-02 13:00:00,393.35,393.75,393.35,393.5,6262.0
2026-07-02 13:05:00,393.5,394.15,393.45,394.05,6701.0
2026-07-02 13:10:00,394.05,394.25,393.75,394.0,7728.0
2026-07-02 13:15:00,394.0,394.35,393.95,394.2,7542.0
2026-07-02 13:20:00,394.1,394.35,393.5,393.75,5634.0
2026-07-02 13:25:00,393.75,393.9,392.6,392.8,13019.0
2026-07-02 13:30:00,392.8,392.95,392.6,392.9,4986.0
2026-07-02 13:35:00,392.9,392.95,392.15,392.85,8853.0
2026-07-02 13:40:00,392.85,393.1,392.7,393.0,3167.0
2026-07-02 13:45:00,393.05,393.2,392.8,393.0,7669.0
2026-07-02 13:50:00,393.0,393.7,392.95,393.65,8137.0
2026-07-02 13:55:00,393.5,393.9,393.25,393.45,8041.0
2026-07-02 14:00:00,393.45,393.75,393.4,393.45,2110.0
2026-07-02 14:05:00,393.45,393.75,393.1,393.2,8849.0
2026-07-02 14:10:00,393.4,393.45,392.4,392.65,13175.0
2026-07-02 14:15:00,392.65,393.0,391.45,391.9,43911.0
2026-07-02 14:20:00,391.55,392.4,391.55,392.25,37622.0
2026-07-02 14:25:00,392.25,392.3,391.9,392.25,20233.0
2026-07-02 14:30:00,392.25,392.5,391.85,392.0,15046.0
2026-07-02 14:35:00,392.0,393.0,391.9,392.8,28410.0
2026-07-02 14:40:00,392.7,392.9,392.3,392.5,10165.0
2026-07-02 14:45:00,392.5,392.65,392.15,392.6,29757.0
2026-07-02 14:50:00,392.6,392.8,392.1,392.75,25101.0
2026-07-02 14:55:00,392.55,393.25,392.45,392.8,13280.0
2026-07-02 15:00:00,392.95,393.05,392.6,392.9,24453.0
2026-07-02 15:05:00,392.95,393.35,392.75,393.0,49523.0
2026-07-02 15:10:00,393.15,393.3,392.6,393.3,36322.0
2026-07-02 15:15:00,393.2,393.2,392.5,393.05,76663.0
2026-07-02 15:20:00,392.9,393.6,392.55,393.0,116863.0
2026-07-02 15:25:00,392.6,393.3,392.1,392.7,70564.0
2026-07-03 09:15:00,396.4,396.6,393.85,395.8,141472.0
2026-07-03 09:20:00,395.8,398.45,395.2,396.4,119487.0
2026-07-03 09:25:00,396.6,397.35,396.0,396.85,35597.0
2026-07-03 09:30:00,396.9,397.85,396.35,397.35,26900.0
2026-07-03 09:35:00,397.4,399.6,396.9,399.0,125341.0
2026-07-03 09:40:00,399.0,400.4,398.7,399.2,120854.0
2026-07-03 09:45:00,399.3,401.0,399.0,400.75,130156.0
2026-07-03 09:50:00,400.75,402.55,400.6,401.8,209801.0
2026-07-03 09:55:00,401.9,402.3,401.05,401.85,167446.0
2026-07-03 10:00:00,401.95,402.75,401.85,402.4,89468.0
2026-07-03 10:05:00,402.45,402.9,402.3,402.7,87001.0
2026-07-03 10:10:00,402.7,402.7,401.3,401.6,99396.0
2026-07-03 10:15:00,401.7,402.2,401.5,402.0,59436.0
2026-07-03 10:20:00,402.15,402.8,401.3,401.35,99196.0
2026-07-03 10:25:00,401.6,402.3,401.1,402.0,43336.0
2026-07-03 10:30:00,402.05,403.0,402.0,402.3,66267.0
2026-07-03 10:35:00,402.35,403.3,402.05,403.2,58395.0
2026-07-03 10:40:00,403.4,403.7,402.5,403.65,148316.0
2026-07-03 10:45:00,403.7,404.0,403.0,403.4,105750.0
2026-07-03 10:50:00,403.3,403.8,402.5,402.65,89832.0
2026-07-03 10:55:00,402.65,402.9,402.0,402.8,60928.0
2026-07-03 11:00:00,402.8,402.9,401.0,401.6,164390.0
2026-07-03 11:05:00,401.55,401.7,401.0,401.25,59719.0
2026-07-03 11:10:00,401.25,401.5,401.1,401.35,51076.0
2026-07-03 11:15:00,401.35,401.95,401.25,401.85,59753.0
2026-07-03 11:20:00,401.9,402.45,401.35,402.2,134354.0
2026-07-03 11:25:00,402.2,402.8,402.05,402.75,62258.0
2026-07-03 11:30:00,402.8,403.4,402.65,403.25,73928.0
2026-07-03 11:35:00,403.2,403.8,403.0,403.7,71520.0
2026-07-03 11:40:00,403.65,404.6,403.2,404.3,210678.0
2026-07-03 11:45:00,404.3,404.8,404.0,404.65,91320.0
2026-07-03 11:50:00,404.65,405.0,404.5,404.8,102457.0
2026-07-03 11:55:00,404.8,405.0,404.5,404.85,67223.0
2026-07-03 12:00:00,404.9,405.0,404.65,404.65,85146.0
2026-07-03 12:05:00,404.65,405.0,404.6,404.85,61721.0
2026-07-03 12:10:00,404.85,404.85,404.0,404.3,89041.0
2026-07-03 12:15:00,404.35,404.45,403.5,403.5,94031.0
2026-07-03 12:20:00,403.6,403.8,403.2,403.35,62315.0
2026-07-03 12:25:00,403.6,404.0,403.4,403.65,55912.0
2026-07-03 12:30:00,403.65,403.65,403.1,403.65,52862.0
2026-07-03 12:35:00,403.6,403.7,403.2,403.55,68584.0
2026-07-03 12:40:00,403.55,403.7,403.35,403.7,56320.0
2026-07-03 12:45:00,403.7,404.95,403.65,404.6,101182.0
2026-07-03 12:50:00,404.6,404.95,404.3,404.5,47932.0
2026-07-03 12:55:00,404.5,404.7,404.1,404.25,60270.0
2026-07-03 13:00:00,404.25,404.5,403.55,403.8,71488.0
2026-07-03 13:05:00,403.8,404.15,403.0,404.1,91006.0
2026-07-03 13:10:00,404.05,404.25,403.7,403.8,58467.0
2026-07-03 13:15:00,403.8,404.4,403.1,403.6,109307.0
2026-07-03 13:20:00,403.75,404.5,403.6,404.0,48137.0
2026-07-03 13:25:00,404.0,404.3,403.45,403.6,47890.0
2026-07-03 13:30:00,403.6,403.85,403.3,403.4,77328.0
2026-07-03 13:35:00,403.4,403.65,403.05,403.35,62182.0
2026-07-03 13:40:00,403.2,404.35,403.2,404.25,53127.0
2026-07-03 13:45:00,404.25,404.35,403.45,403.65,67417.0
2026-07-03 13:50:00,403.65,404.15,403.25,403.65,61474.0
2026-07-03 13:55:00,403.65,403.65,402.05,402.4,113029.0
2026-07-03 14:00:00,402.3,402.85,402.1,402.3,60601.0
2026-07-03 14:05:00,402.25,403.15,402.15,403.1,67858.0
2026-07-03 14:10:00,403.1,403.95,402.8,403.1,79287.0
2026-07-03 14:15:00,403.35,403.55,402.6,402.9,57877.0
2026-07-03 14:20:00,403.0,403.3,402.6,403.25,62627.0
2026-07-03 14:25:00,403.25,403.4,402.75,402.9,54045.0
2026-07-03 14:30:00,402.9,403.3,402.6,403.15,88074.0
2026-07-03 14:35:00,403.15,403.35,402.7,403.2,60542.0
2026-07-03 14:40:00,403.15,403.25,402.65,402.95,70132.0
2026-07-03 14:45:00,402.9,403.2,402.45,403.2,52275.0
2026-07-03 14:50:00,403.2,403.2,400.4,400.6,182051.0
2026-07-03 14:55:00,400.6,401.15,400.5,400.85,67771.0
2026-07-03 15:00:00,400.75,401.55,400.75,401.15,84798.0
2026-07-03 15:05:00,401.3,401.75,401.25,401.55,80633.0
2026-07-03 15:10:00,401.45,401.6,400.5,401.4,201121.0
2026-07-03 15:15:00,401.45,401.75,400.65,401.5,99599.0
2026-07-03 15:20:00,401.5,401.85,400.65,401.0,131370.0
2026-07-03 15:25:00,400.95,401.85,400.55,401.5,98913.0
2026-07-06 09:15:00,402.3,406.15,401.4,404.8,212649.0
2026-07-06 09:20:00,404.8,405.45,403.45,403.95,71942.0
2026-07-06 09:25:00,403.8,404.35,402.25,404.25,46945.0
2026-07-06 09:30:00,404.4,404.55,402.9,403.65,49019.0
2026-07-06 09:35:00,403.8,404.0,403.2,403.75,21932.0
2026-07-06 09:40:00,403.75,404.25,403.45,403.65,27585.0
2026-07-06 09:45:00,403.6,405.55,403.6,405.5,49053.0
2026-07-06 09:50:00,405.35,406.5,404.85,406.45,67060.0
2026-07-06 09:55:00,406.45,407.1,405.55,405.9,104010.0
2026-07-06 10:00:00,405.85,406.0,405.25,406.0,32215.0
2026-07-06 10:05:00,406.2,407.1,405.8,407.1,30218.0
2026-07-06 10:10:00,407.1,407.25,406.15,406.75,41353.0
2026-07-06 10:15:00,406.5,407.3,405.85,406.0,53299.0
2026-07-06 10:20:00,405.85,405.9,405.25,405.45,25122.0
2026-07-06 10:25:00,405.5,405.8,405.05,405.4,18417.0
2026-07-06 10:30:00,405.45,405.6,405.0,405.0,23553.0
2026-07-06 10:35:00,405.0,406.0,404.95,406.0,29186.0
2026-07-06 10:40:00,406.0,406.15,405.8,406.15,7962.0
2026-07-06 10:45:00,406.2,406.3,405.6,406.2,17999.0
2026-07-06 10:50:00,406.25,406.3,405.45,405.65,11203.0
2026-07-06 10:55:00,405.35,405.95,405.1,405.55,17893.0
2026-07-06 11:00:00,405.55,406.4,405.55,406.4,22296.0
2026-07-06 11:05:00,406.4,406.4,405.8,406.0,9639.0
2026-07-06 11:10:00,405.85,406.5,405.6,405.6,27745.0
2026-07-06 11:15:00,405.6,405.8,405.35,405.8,7403.0
2026-07-06 11:20:00,405.8,406.35,405.6,406.1,13558.0
2026-07-06 11:25:00,406.1,406.2,405.8,405.95,23302.0
2026-07-06 11:30:00,406.0,406.25,405.8,406.25,12479.0
2026-07-06 11:35:00,406.1,406.35,405.9,406.2,15972.0
2026-07-06 11:40:00,406.05,406.35,406.0,406.3,7309.0
2026-07-06 11:45:00,406.35,406.35,406.0,406.15,9437.0
2026-07-06 11:50:00,406.15,406.5,405.5,406.2,40517.0
2026-07-06 11:55:00,406.35,407.5,406.2,407.3,66784.0
2026-07-06 12:00:00,407.5,407.95,406.55,407.5,296410.0
2026-07-06 12:05:00,407.5,408.65,407.25,408.5,149633.0
2026-07-06 12:10:00,408.5,410.5,408.5,409.4,232166.0
2026-07-06 12:15:00,409.5,409.7,407.85,408.3,137253.0
2026-07-06 12:20:00,408.3,408.8,407.65,408.3,131691.0
2026-07-06 12:25:00,408.55,410.0,408.2,409.0,59724.0
2026-07-06 12:30:00,409.0,410.2,409.0,409.7,160525.0
2026-07-06 12:35:00,409.7,410.1,408.85,408.85,32090.0
2026-07-06 12:40:00,408.8,409.8,408.65,409.6,55824.0
2026-07-06 12:45:00,409.6,409.75,408.55,408.8,19088.0
2026-07-06 12:50:00,408.75,410.6,408.75,409.6,69646.0
2026-07-06 12:55:00,409.6,409.85,409.15,409.55,22260.0
2026-07-06 13:00:00,409.65,409.65,409.1,409.15,14939.0
2026-07-06 13:05:00,409.05,409.4,409.0,409.25,17241.0
2026-07-06 13:10:00,409.2,409.7,409.05,409.2,32027.0
2026-07-06 13:15:00,409.2,409.45,408.4,408.4,20905.0
2026-07-06 13:20:00,408.25,409.25,408.15,408.65,21611.0
2026-07-06 13:25:00,408.6,409.3,408.6,409.0,13449.0
2026-07-06 13:30:00,409.0,409.3,408.65,408.75,19860.0
2026-07-06 13:35:00,408.75,409.15,408.65,408.65,18986.0
2026-07-06 13:40:00,408.8,409.0,408.65,408.9,12883.0
2026-07-06 13:45:00,408.85,409.2,408.75,408.8,15283.0
2026-07-06 13:50:00,408.8,409.0,408.35,408.5,21683.0
2026-07-06 13:55:00,408.5,408.8,408.15,408.45,23600.0
2026-07-06 14:00:00,408.45,409.5,408.45,409.4,15127.0
2026-07-06 14:05:00,409.5,409.75,408.8,408.85,29318.0
2026-07-06 14:10:00,408.85,409.4,408.85,409.3,12223.0
2026-07-06 14:15:00,409.15,409.65,409.15,409.4,13675.0
2026-07-06 14:20:00,409.65,409.7,409.25,409.5,10274.0
2026-07-06 14:25:00,409.6,409.85,409.25,409.35,16071.0
2026-07-06 14:30:00,409.4,410.5,409.25,410.45,66144.0
2026-07-06 14:35:00,410.6,410.6,410.1,410.4,42265.0
2026-07-06 14:40:00,410.35,410.35,409.6,409.65,16102.0
2026-07-06 14:45:00,409.7,409.85,409.2,409.35,33154.0
2026-07-06 14:50:00,409.5,410.2,408.7,409.85,68181.0
2026-07-06 14:55:00,410.0,410.3,409.3,409.5,25145.0
2026-07-06 15:00:00,409.5,409.95,409.35,409.6,78061.0
2026-07-06 15:05:00,409.4,409.75,409.1,409.4,57634.0
2026-07-06 15:10:00,409.3,410.25,409.3,410.0,70794.0
2026-07-06 15:15:00,410.2,410.35,409.3,409.6,67381.0
2026-07-06 15:20:00,409.3,410.25,409.1,410.25,127031.0
2026-07-06 15:25:00,410.25,410.7,409.85,410.7,97508.0
2026-07-07 09:15:00,409.75,410.65,408.2,408.5,81875.0
2026-07-07 09:20:00,408.3,409.9,408.2,409.9,36578.0
2026-07-07 09:25:00,409.8,410.4,408.1,408.85,37354.0
2026-07-07 09:30:00,409.0,409.2,407.6,408.2,23301.0
2026-07-07 09:35:00,408.2,409.4,408.0,408.75,19063.0
2026-07-07 09:40:00,408.9,408.95,408.15,408.15,11391.0
2026-07-07 09:45:00,408.4,409.9,408.05,409.0,25939.0
2026-07-07 09:50:00,409.15,409.65,408.5,408.5,30370.0
2026-07-07 09:55:00,408.4,409.7,408.4,409.6,29115.0
2026-07-07 10:00:00,409.55,409.65,408.55,408.8,49953.0
2026-07-07 10:05:00,408.85,409.25,408.5,409.1,26344.0
2026-07-07 10:10:00,409.0,409.2,408.2,408.4,31246.0
2026-07-07 10:15:00,408.25,408.95,408.0,408.8,43240.0
2026-07-07 10:20:00,408.9,409.25,408.35,409.0,30746.0
2026-07-07 10:25:00,409.1,409.1,408.5,408.7,42833.0
2026-07-07 10:30:00,408.75,409.1,408.4,408.85,33495.0
2026-07-07 10:35:00,409.0,409.2,408.5,408.65,20620.0
2026-07-07 10:40:00,408.65,408.65,407.75,407.9,26173.0
2026-07-07 10:45:00,407.95,408.95,407.65,408.15,26808.0
2026-07-07 10:50:00,408.2,408.35,407.65,408.0,27940.0
2026-07-07 10:55:00,408.0,408.15,406.9,407.15,55864.0
2026-07-07 11:00:00,407.45,407.8,407.05,407.8,32202.0
2026-07-07 11:05:00,407.8,408.35,407.7,408.3,28284.0
2026-07-07 11:10:00,408.3,408.55,407.95,408.3,26419.0
2026-07-07 11:15:00,408.1,408.3,407.35,407.8,31716.0
2026-07-07 11:20:00,407.8,408.45,407.75,408.45,22982.0
2026-07-07 11:25:00,408.45,409.5,408.15,409.45,36468.0
2026-07-07 11:30:00,409.35,409.4,408.7,408.7,29814.0
2026-07-07 11:35:00,408.7,409.4,408.6,409.4,33631.0
2026-07-07 11:40:00,409.4,409.5,408.85,409.15,23287.0
2026-07-07 11:45:00,409.15,409.35,408.9,409.35,35135.0
2026-07-07 11:50:00,409.35,409.4,408.1,408.5,63561.0
2026-07-07 11:55:00,408.5,408.5,408.05,408.15,25316.0
2026-07-07 12:00:00,408.3,408.65,408.0,408.6,32126.0
2026-07-07 12:05:00,408.6,409.2,408.2,408.55,31190.0
2026-07-07 12:10:00,408.55,408.55,407.9,408.35,48104.0
2026-07-07 12:15:00,408.35,408.45,407.5,408.0,32136.0
2026-07-07 12:20:00,408.0,408.45,407.8,407.95,25994.0
2026-07-07 12:25:00,407.95,409.0,407.95,408.9,31792.0
2026-07-07 12:30:00,408.9,408.95,407.65,408.15,36253.0
2026-07-07 12:35:00,408.15,408.55,407.75,408.55,32072.0
2026-07-07 12:40:00,408.5,409.1,408.25,409.0,32058.0
2026-07-07 12:45:00,409.0,409.75,408.4,409.65,34973.0
2026-07-07 12:50:00,409.65,409.65,408.9,408.9,18725.0
2026-07-07 12:55:00,409.0,409.0,407.3,407.85,37664.0
2026-07-07 13:00:00,407.85,407.9,407.35,407.7,32459.0
2026-07-07 13:05:00,407.7,408.0,405.1,407.3,167268.0
2026-07-07 13:10:00,407.25,407.4,406.7,407.0,34718.0
2026-07-07 13:15:00,407.0,407.75,406.7,407.4,31839.0
2026-07-07 13:20:00,407.2,407.9,407.0,407.85,33809.0
2026-07-07 13:25:00,407.9,408.0,407.15,407.7,38286.0
2026-07-07 13:30:00,407.65,407.85,407.3,407.5,25943.0
2026-07-07 13:35:00,407.55,407.8,407.3,407.6,27121.0
2026-07-07 13:40:00,407.6,408.0,407.0,407.65,103422.0
2026-07-07 13:45:00,407.65,407.95,407.0,407.0,87892.0
2026-07-07 13:50:00,407.0,407.3,406.9,407.0,27115.0
2026-07-07 13:55:00,407.05,407.2,406.9,406.95,56957.0
2026-07-07 14:00:00,407.0,407.3,406.95,407.0,47697.0
2026-07-07 14:05:00,407.0,407.2,406.9,407.0,20489.0
2026-07-07 14:10:00,407.0,407.45,406.9,407.4,47602.0
2026-07-07 14:15:00,407.35,407.35,406.9,407.2,41077.0
2026-07-07 14:20:00,407.25,407.35,406.7,407.0,27554.0
2026-07-07 14:25:00,407.0,407.8,406.75,406.85,209265.0
2026-07-07 14:30:00,406.95,407.25,406.75,406.75,43834.0
2026-07-07 14:35:00,407.0,407.0,406.55,406.95,47058.0
2026-07-07 14:40:00,407.0,407.2,406.5,406.95,57850.0
2026-07-07 14:45:00,407.0,407.15,406.55,406.65,37250.0
2026-07-07 14:50:00,406.85,407.2,406.65,406.95,84308.0
2026-07-07 14:55:00,407.0,407.0,406.5,406.9,89565.0
2026-07-07 15:00:00,406.8,407.0,406.3,406.85,56991.0
2026-07-07 15:05:00,406.85,407.2,406.1,406.25,54723.0
2026-07-07 15:10:00,406.25,406.35,405.1,405.6,283537.0
2026-07-07 15:15:00,405.55,405.9,404.95,405.2,275778.0
2026-07-07 15:20:00,405.2,405.55,404.6,405.25,288079.0
2026-07-07 15:25:00,405.25,405.5,404.6,405.0,292694.0
2026-07-08 09:15:00,401.4,402.0,396.95,400.75,130563.0
2026-07-08 09:20:00,400.7,401.0,398.95,399.4,52021.0
2026-07-08 09:25:00,399.15,399.7,398.4,398.8,42330.0
2026-07-08 09:30:00,398.85,399.15,398.3,398.8,40580.0
2026-07-08 09:35:00,398.6,399.1,397.3,397.4,95742.0
2026-07-08 09:40:00,397.3,397.8,395.9,397.3,210303.0
2026-07-08 09:45:00,397.35,398.7,397.35,398.4,154402.0
2026-07-08 09:50:00,398.45,400.0,398.15,399.15,76229.0
2026-07-08 09:55:00,399.15,400.8,399.15,399.65,45629.0
2026-07-08 10:00:00,399.55,400.0,399.0,399.0,259637.0
2026-07-08 10:05:00,398.8,399.35,398.65,399.15,38505.0
2026-07-08 10:10:00,398.95,400.1,398.95,399.95,40450.0
2026-07-08 10:15:00,399.9,401.7,399.4,401.6,76030.0
2026-07-08 10:20:00,401.4,402.8,401.0,401.3,68949.0
2026-07-08 10:25:00,401.1,402.3,401.0,402.3,38802.0
2026-07-08 10:30:00,402.0,402.75,402.0,402.6,41612.0
2026-07-08 10:35:00,402.6,403.0,402.3,402.9,39477.0
2026-07-08 10:40:00,402.9,402.9,402.05,402.55,22521.0
2026-07-08 10:45:00,402.5,402.75,401.65,402.0,14972.0
2026-07-08 10:50:00,402.0,402.0,401.15,401.3,23320.0
2026-07-08 10:55:00,401.2,401.55,401.1,401.5,11079.0
2026-07-08 11:00:00,401.4,401.6,401.0,401.6,19004.0
2026-07-08 11:05:00,401.6,401.9,401.6,401.85,6475.0
2026-07-08 11:10:00,401.9,403.45,401.85,403.1,34869.0
2026-07-08 11:15:00,403.15,403.3,402.9,403.05,24902.0
2026-07-08 11:20:00,403.15,403.5,403.0,403.0,19466.0
2026-07-08 11:25:00,403.05,403.5,403.05,403.35,26898.0
2026-07-08 11:30:00,403.35,403.35,402.75,403.1,43234.0
2026-07-08 11:35:00,403.05,403.15,402.75,402.95,13489.0
2026-07-08 11:40:00,402.85,402.9,401.65,402.2,60627.0
2026-07-08 11:45:00,402.25,402.75,402.05,402.4,18267.0
2026-07-08 11:50:00,402.35,403.1,402.35,402.85,11557.0
2026-07-08 11:55:00,402.8,402.85,402.35,402.85,14416.0
2026-07-08 12:00:00,402.75,402.85,402.45,402.55,11803.0
2026-07-08 12:05:00,402.55,402.6,402.05,402.15,10531.0
2026-07-08 12:10:00,402.15,402.5,402.05,402.2,18703.0
2026-07-08 12:15:00,402.1,402.5,401.95,402.25,17892.0
2026-07-08 12:20:00,402.3,402.45,401.6,401.8,10205.0
2026-07-08 12:25:00,401.8,401.85,401.3,401.5,19662.0
2026-07-08 12:30:00,401.5,401.5,401.0,401.1,23076.0
2026-07-08 12:35:00,401.15,401.15,400.6,400.85,24206.0
2026-07-08 12:40:00,400.85,401.45,400.7,401.4,11965.0
2026-07-08 12:45:00,401.35,402.0,401.25,401.75,16175.0
2026-07-08 12:50:00,401.75,402.3,401.75,402.1,13773.0
2026-07-08 12:55:00,402.0,402.0,401.45,401.9,12130.0
2026-07-08 13:00:00,401.85,402.4,401.6,402.3,14039.0
2026-07-08 13:05:00,402.3,402.7,401.9,401.9,15987.0
2026-07-08 13:10:00,401.95,402.05,401.55,401.95,7599.0
2026-07-08 13:15:00,401.9,401.95,401.75,401.8,4890.0
2026-07-08 13:20:00,401.8,402.05,401.6,401.95,14818.0
2026-07-08 13:25:00,401.95,401.95,401.5,401.9,6856.0
2026-07-08 13:30:00,401.9,402.25,401.6,402.0,9345.0
2026-07-08 13:35:00,402.0,402.0,400.5,400.6,20360.0
2026-07-08 13:40:00,400.5,402.05,400.1,401.7,16637.0
2026-07-08 13:45:00,401.9,402.25,400.0,400.2,21354.0
2026-07-08 13:50:00,400.15,400.4,398.65,400.2,370363.0
2026-07-08 13:55:00,400.35,400.4,396.3,396.45,160758.0
2026-07-08 14:00:00,396.6,396.85,392.65,393.1,340648.0
2026-07-08 14:05:00,393.0,393.05,391.25,391.5,83091.0
2026-07-08 14:10:00,391.35,392.7,390.65,392.3,171047.0
2026-07-08 14:15:00,392.0,393.4,390.7,391.35,200587.0
2026-07-08 14:20:00,391.65,392.8,390.3,391.05,106119.0
2026-07-08 14:25:00,391.2,391.5,388.55,388.75,154329.0
2026-07-08 14:30:00,388.95,390.5,388.5,389.1,54769.0
2026-07-08 14:35:00,389.1,389.65,388.05,388.6,36418.0
2026-07-08 14:40:00,388.5,388.8,387.2,388.05,42461.0
2026-07-08 14:45:00,387.95,388.25,386.55,387.5,45708.0
2026-07-08 14:50:00,387.35,388.0,386.45,387.15,41168.0
2026-07-08 14:55:00,387.25,388.0,385.35,385.65,200932.0
2026-07-08 15:00:00,385.95,387.35,385.1,385.4,239624.0
2026-07-08 15:05:00,385.5,385.65,384.4,384.65,196733.0
2026-07-08 15:10:00,384.65,384.9,384.0,384.5,72056.0
2026-07-08 15:15:00,384.25,386.55,384.25,385.8,318914.0
2026-07-08 15:20:00,385.85,386.25,385.1,385.45,260909.0
2026-07-08 15:25:00,385.45,388.0,385.45,387.6,248032.0
2026-07-09 09:15:00,386.8,393.4,386.7,392.35,211376.0
2026-07-09 09:20:00,392.25,393.75,391.8,393.3,40946.0
2026-07-09 09:25:00,393.3,394.5,392.85,393.85,78712.0
2026-07-09 09:30:00,393.85,394.95,392.55,392.85,64414.0
2026-07-09 09:35:00,392.65,393.4,392.05,393.4,34124.0
2026-07-09 09:40:00,393.5,395.35,393.25,394.75,57573.0
2026-07-09 09:45:00,394.75,395.85,394.15,395.35,44939.0
2026-07-09 09:50:00,395.4,396.8,395.2,396.55,91723.0
2026-07-09 09:55:00,396.55,396.55,395.05,395.3,27839.0
2026-07-09 10:00:00,395.3,396.3,395.2,396.15,15124.0
2026-07-09 10:05:00,396.15,396.6,396.0,396.25,45249.0
2026-07-09 10:10:00,396.4,396.4,396.0,396.25,19737.0
2026-07-09 10:15:00,396.4,397.4,396.4,396.7,41414.0
2026-07-09 10:20:00,396.7,397.0,395.95,396.35,48916.0
2026-07-09 10:25:00,396.35,396.35,392.75,393.4,69906.0
2026-07-09 10:30:00,393.6,394.1,392.4,392.7,37576.0
2026-07-09 10:35:00,392.95,393.0,392.1,392.4,27445.0
2026-07-09 10:40:00,392.4,394.8,392.35,394.1,25413.0
2026-07-09 10:45:00,394.15,394.65,393.35,394.65,83180.0
2026-07-09 10:50:00,394.6,396.0,394.55,395.8,30195.0
2026-07-09 10:55:00,395.85,396.3,395.4,395.4,33549.0
2026-07-09 11:00:00,395.5,395.75,394.7,395.75,25800.0
2026-07-09 11:05:00,395.75,396.3,395.35,396.3,19711.0
2026-07-09 11:10:00,396.3,396.5,395.9,396.3,31792.0
2026-07-09 11:15:00,396.3,396.85,395.95,396.7,18084.0
2026-07-09 11:20:00,396.85,399.3,396.5,399.0,56050.0
2026-07-09 11:25:00,399.05,400.75,398.5,399.7,104230.0
2026-07-09 11:30:00,399.75,399.9,398.35,399.05,22598.0
2026-07-09 11:35:00,399.05,399.6,398.75,399.2,12632.0
2026-07-09 11:40:00,399.3,400.05,399.1,400.0,39200.0
2026-07-09 11:45:00,399.9,400.2,399.5,400.0,21477.0
2026-07-09 11:50:00,400.0,400.0,399.45,399.9,13440.0
2026-07-09 11:55:00,399.95,400.75,399.9,400.65,36951.0
2026-07-09 12:00:00,400.7,401.35,399.25,399.3,80613.0
2026-07-09 12:05:00,399.4,399.95,399.25,399.75,17479.0
2026-07-09 12:10:00,399.8,400.0,399.4,399.95,25975.0
2026-07-09 12:15:00,400.0,400.2,399.45,399.45,33758.0
2026-07-09 12:20:00,399.5,399.75,398.75,399.1,53887.0
2026-07-09 12:25:00,399.0,399.4,399.0,399.1,11689.0
2026-07-09 12:30:00,399.25,399.55,398.9,398.9,22279.0
2026-07-09 12:35:00,399.1,399.1,398.4,398.55,44547.0
2026-07-09 12:40:00,398.6,398.85,398.25,398.8,18385.0
2026-07-09 12:45:00,398.8,399.3,398.25,399.3,29367.0
2026-07-09 12:50:00,399.25,399.3,398.6,399.3,13895.0
2026-07-09 12:55:00,399.3,399.5,399.0,399.3,13156.0
2026-07-09 13:00:00,399.2,399.5,398.95,399.3,13116.0
2026-07-09 13:05:00,399.45,399.45,398.65,399.2,27016.0
2026-07-09 13:10:00,399.2,399.35,398.75,399.05,14058.0
2026-07-09 13:15:00,399.05,399.05,398.35,398.5,21813.0
2026-07-09 13:20:00,398.4,398.65,396.7,396.95,55581.0
2026-07-09 13:25:00,396.95,397.8,396.85,397.6,26345.0
2026-07-09 13:30:00,397.8,398.95,397.5,398.7,25265.0
2026-07-09 13:35:00,398.5,399.5,398.35,399.5,27413.0
2026-07-09 13:40:00,399.8,399.95,399.15,399.8,19849.0
2026-07-09 13:45:00,399.8,399.9,398.75,398.95,26604.0
2026-07-09 13:50:00,398.95,399.25,398.6,399.25,14791.0
2026-07-09 13:55:00,399.25,399.25,398.85,399.15,20820.0
2026-07-09 14:00:00,399.15,399.4,398.9,398.95,15768.0
2026-07-09 14:05:00,398.95,399.4,398.85,399.05,15711.0
2026-07-09 14:10:00,398.8,399.9,398.6,399.75,21057.0
2026-07-09 14:15:00,399.7,399.9,399.45,399.9,12472.0
2026-07-09 14:20:00,399.85,399.9,399.15,399.3,37276.0
2026-07-09 14:25:00,399.4,399.5,399.0,399.3,16125.0
2026-07-09 14:30:00,399.25,399.5,398.55,398.85,31025.0
2026-07-09 14:35:00,398.95,399.05,398.0,398.25,19866.0
2026-07-09 14:40:00,398.05,398.35,397.4,398.35,33664.0
2026-07-09 14:45:00,398.35,398.8,398.1,398.45,35063.0
2026-07-09 14:50:00,398.55,399.0,398.4,398.7,17930.0
2026-07-09 14:55:00,398.7,398.7,398.35,398.65,31406.0
2026-07-09 15:00:00,398.45,398.55,397.2,397.6,88492.0
2026-07-09 15:05:00,397.55,397.75,396.1,397.5,72493.0
2026-07-09 15:10:00,397.4,397.5,396.9,397.3,54968.0
2026-07-09 15:15:00,397.3,397.85,397.05,397.65,49869.0
2026-07-09 15:20:00,397.65,398.0,397.05,397.3,93051.0
2026-07-09 15:25:00,397.3,397.6,396.35,396.7,73538.0
2026-07-10 09:15:00,400.0,406.1,400.0,402.8,194663.0
2026-07-10 09:20:00,402.85,403.85,402.4,403.7,53525.0
2026-07-10 09:25:00,403.85,404.65,403.4,404.15,42249.0
2026-07-10 09:30:00,404.05,404.85,404.05,404.45,57707.0
2026-07-10 09:35:00,404.45,404.8,403.45,404.8,50461.0
2026-07-10 09:40:00,404.65,404.8,403.65,404.6,33207.0
2026-07-10 09:45:00,404.6,404.6,403.35,404.45,28878.0
2026-07-10 09:50:00,404.45,404.95,403.55,403.7,97696.0
2026-07-10 09:55:00,403.8,404.3,403.1,403.35,95498.0
2026-07-10 10:00:00,403.7,404.6,403.5,403.9,79265.0
2026-07-10 10:05:00,403.8,404.75,403.0,404.45,61066.0
2026-07-10 10:10:00,404.2,405.25,404.05,405.25,20937.0
2026-07-10 10:15:00,405.05,405.6,404.1,404.3,28300.0
2026-07-10 10:20:00,404.3,405.7,404.3,405.65,26033.0
2026-07-10 10:25:00,405.45,406.6,405.45,406.15,38280.0
2026-07-10 10:30:00,405.95,406.1,405.45,405.7,26897.0
2026-07-10 10:35:00,405.7,407.4,405.7,407.4,40257.0
2026-07-10 10:40:00,407.25,407.25,406.7,407.2,14887.0
2026-07-10 10:45:00,407.2,407.35,407.0,407.1,14896.0
2026-07-10 10:50:00,407.1,407.3,406.8,407.0,28556.0
2026-07-10 10:55:00,406.85,407.1,406.5,406.9,35160.0
2026-07-10 11:00:00,406.8,407.5,406.5,406.95,28795.0
2026-07-10 11:05:00,406.5,406.8,406.25,406.55,25849.0
2026-07-10 11:10:00,406.3,406.65,406.15,406.55,11528.0
2026-07-10 11:15:00,406.4,407.0,406.4,406.85,22493.0
2026-07-10 11:20:00,406.75,407.25,406.4,407.0,45980.0
2026-07-10 11:25:00,406.95,407.3,406.3,406.3,12886.0
2026-07-10 11:30:00,406.3,406.8,406.0,406.35,18216.0
2026-07-10 11:35:00,406.35,406.6,405.9,406.1,30783.0
2026-07-10 11:40:00,406.1,406.75,405.9,406.55,17344.0
2026-07-10 11:45:00,406.5,407.0,406.25,406.6,28914.0
2026-07-10 11:50:00,406.6,406.8,405.65,406.3,21254.0
2026-07-10 11:55:00,406.15,406.75,406.0,406.7,22007.0
2026-07-10 12:00:00,406.5,406.95,406.35,406.55,24386.0
2026-07-10 12:05:00,406.45,407.55,406.2,407.0,67369.0
2026-07-10 12:10:00,406.8,407.05,406.35,407.0,29946.0
2026-07-10 12:15:00,406.9,407.15,406.65,406.9,23599.0
2026-07-10 12:20:00,406.75,407.15,406.3,406.9,85167.0
2026-07-10 12:25:00,406.7,407.0,406.6,407.0,21954.0
2026-07-10 12:30:00,407.0,407.0,406.65,407.0,14027.0
2026-07-10 12:35:00,406.85,407.1,406.65,406.95,18786.0
2026-07-10 12:40:00,406.85,407.9,406.85,407.4,29238.0
2026-07-10 12:45:00,407.3,407.55,406.55,406.6,31624.0
2026-07-10 12:50:00,406.6,406.9,406.45,406.65,10844.0
2026-07-10 12:55:00,406.5,406.9,406.45,406.75,22563.0
2026-07-10 13:00:00,406.7,407.6,406.7,407.15,18469.0
2026-07-10 13:05:00,407.15,407.75,407.0,407.0,16069.0
2026-07-10 13:10:00,407.0,407.35,406.7,407.0,25063.0
2026-07-10 13:15:00,407.0,407.15,406.7,406.8,15593.0
2026-07-10 13:20:00,406.7,406.85,405.9,406.3,22311.0
2026-07-10 13:25:00,406.15,406.8,405.9,406.75,20423.0
2026-07-10 13:30:00,406.7,407.0,406.6,406.85,16137.0
2026-07-10 13:35:00,407.0,407.3,406.8,407.2,21665.0
2026-07-10 13:40:00,407.05,407.55,406.8,407.4,56612.0
2026-07-10 13:45:00,407.3,408.35,407.3,408.1,43596.0
2026-07-10 13:50:00,408.1,408.9,408.1,408.6,59085.0
2026-07-10 13:55:00,408.5,408.65,408.0,408.2,22782.0
2026-07-10 14:00:00,408.2,408.45,408.05,408.1,16375.0
2026-07-10 14:05:00,408.1,408.2,408.0,408.1,51410.0
2026-07-10 14:10:00,408.0,408.9,407.95,408.8,45407.0
2026-07-10 14:15:00,408.75,408.9,408.35,408.4,13269.0
2026-07-10 14:20:00,408.4,408.8,408.35,408.5,10595.0
2026-07-10 14:25:00,408.5,408.95,408.45,408.85,48405.0
2026-07-10 14:30:00,408.8,409.0,408.5,408.5,18351.0
2026-07-10 14:35:00,408.5,408.65,408.5,408.5,22943.0
2026-07-10 14:40:00,408.55,408.65,408.0,408.0,22987.0
2026-07-10 14:45:00,408.05,408.5,408.0,408.2,22587.0
2026-07-10 14:50:00,408.3,408.5,408.15,408.25,22777.0
2026-07-10 14:55:00,408.25,408.5,408.05,408.35,33168.0
2026-07-10 15:00:00,408.35,408.9,408.1,408.5,33714.0
2026-07-10 15:05:00,408.5,408.65,407.6,407.95,158140.0
2026-07-10 15:10:00,408.0,408.75,407.95,408.7,64418.0
2026-07-10 15:15:00,408.75,408.95,408.5,408.55,101450.0
2026-07-10 15:20:00,408.5,408.55,407.8,408.15,142239.0
2026-07-10 15:25:00,408.35,408.45,407.5,408.0,119526.0
