timestamp,open,high,low,close,volume
2026-06-01 09:15:00,1477.0,1486.0,1476.0,1480.1,226754.0
2026-06-01 09:20:00,1480.1,1482.4,1461.6,1467.7,114662.0
2026-06-01 09:25:00,1467.1,1474.3,1467.1,1473.8,76790.0
2026-06-01 09:30:00,1474.7,1477.6,1464.2,1465.3,78115.0
2026-06-01 09:35:00,1464.4,1469.0,1458.1,1469.0,97108.0
2026-06-01 09:40:00,1469.9,1479.0,1469.9,1470.1,71773.0
2026-06-01 09:45:00,1470.0,1474.5,1466.1,1467.6,45089.0
2026-06-01 09:50:00,1468.4,1471.0,1459.1,1460.1,70420.0
2026-06-01 09:55:00,1460.4,1462.7,1457.0,1459.4,58489.0
2026-06-01 10:00:00,1459.0,1460.0,1451.6,1452.9,60594.0
2026-06-01 10:05:00,1452.3,1454.0,1451.0,1453.1,28460.0
2026-06-01 10:10:00,1453.1,1456.0,1446.0,1447.8,95991.0
2026-06-01 10:15:00,1447.0,1447.6,1442.4,1445.8,58015.0
2026-06-01 10:20:00,1445.8,1447.0,1443.0,1446.2,39462.0
2026-06-01 10:25:00,1446.2,1449.5,1444.1,1446.0,27590.0
2026-06-01 10:30:00,1445.4,1448.8,1444.1,1444.1,30911.0
2026-06-01 10:35:00,1445.0,1455.0,1444.8,1453.7,56782.0
2026-06-01 10:40:00,1453.7,1460.8,1452.6,1459.5,57126.0
2026-06-01 10:45:00,1460.0,1462.6,1458.9,1460.0,94163.0
2026-06-01 10:50:00,1460.0,1462.0,1458.4,1460.6,51898.0
2026-06-01 10:55:00,1461.2,1463.1,1457.6,1457.6,54336.0
2026-06-01 11:00:00,1458.3,1461.3,1457.2,1460.8,25729.0
2026-06-01 11:05:00,1460.6,1462.3,1459.0,1461.2,65319.0
2026-06-01 11:10:00,1461.4,1469.4,1461.2,1466.6,142818.0
2026-06-01 11:15:00,1467.5,1474.7,1466.5,1468.8,134801.0
2026-06-01 11:20:00,1468.8,1469.3,1464.0,1466.7,42632.0
2026-06-01 11:25:00,1467.0,1467.1,1462.1,1462.3,21539.0
2026-06-01 11:30:00,1462.4,1464.0,1458.9,1459.0,29267.0
2026-06-01 11:35:00,1459.6,1463.4,1456.2,1463.3,71178.0
2026-06-01 11:40:00,1462.8,1465.5,1462.8,1463.9,44727.0
2026-06-01 11:45:00,1463.9,1464.9,1461.1,1464.0,54274.0
2026-06-01 11:50:00,1463.8,1464.6,1462.0,1463.1,55008.0
2026-06-01 11:55:00,1462.5,1463.3,1455.0,1456.4,28322.0
2026-06-01 12:00:00,1456.2,1458.9,1455.5,1457.0,12693.0
2026-06-01 12:05:00,1457.5,1460.1,1457.0,1457.5,15458.0
2026-06-01 12:10:00,1457.5,1461.7,1457.0,1459.9,31974.0
2026-06-01 12:15:00,1460.0,1460.4,1458.1,1459.5,5482.0
2026-06-01 12:20:00,1459.5,1459.5,1457.0,1457.9,9929.0
2026-06-01 12:25:00,1458.3,1458.7,1457.0,1458.5,7373.0
2026-06-01 12:30:00,1458.5,1459.4,1457.0,1457.0,5345.0
2026-06-01 12:35:00,1457.0,1459.9,1457.0,1459.8,5433.0
2026-06-01 12:40:00,1459.1,1461.2,1458.0,1460.7,11793.0
2026-06-01 12:45:00,1460.9,1461.8,1458.2,1459.5,17871.0
2026-06-01 12:50:00,1459.1,1460.0,1458.4,1458.9,8847.0
2026-06-01 12:55:00,1459.0,1459.3,1456.1,1459.3,13283.0
2026-06-01 13:00:00,1458.9,1459.3,1457.3,1457.5,4790.0
2026-06-01 13:05:00,1457.4,1459.0,1454.0,1454.5,23118.0
2026-06-01 13:10:00,1454.1,1454.2,1448.5,1451.7,30153.0
2026-06-01 13:15:00,1451.3,1454.5,1450.2,1454.1,22975.0
2026-06-01 13:20:00,1454.0,1454.7,1452.4,1454.5,10786.0
2026-06-01 13:25:00,1454.4,1455.3,1451.9,1454.9,20789.0
2026-06-01 13:30:00,1454.9,1455.0,1452.5,1452.9,11737.0
2026-06-01 13:35:00,1452.6,1453.4,1451.1,1452.7,18614.0
2026-06-01 13:40:00,1452.7,1453.0,1450.6,1451.9,10877.0
2026-06-01 13:45:00,1451.4,1452.1,1450.0,1450.8,22951.0
2026-06-01 13:50:00,1450.8,1450.8,1448.7,1448.9,15285.0
2026-06-01 13:55:00,1448.9,1450.0,1447.6,1448.9,14421.0
2026-06-01 14:00:00,1449.5,1449.7,1445.6,1447.0,15503.0
2026-06-01 14:05:00,1447.0,1447.6,1445.1,1446.3,21273.0
2026-06-01 14:10:00,1446.8,1448.0,1446.3,1446.9,25734.0
2026-06-01 14:15:00,1446.4,1449.6,1445.0,1449.5,43241.0
2026-06-01 14:20:00,1447.7,1448.5,1443.5,1443.5,18994.0
2026-06-01 14:25:00,1443.5,1445.0,1443.4,1443.7,15487.0
2026-06-01 14:30:00,1444.0,1448.1,1444.0,1445.4,29846.0
2026-06-01 14:35:00,1445.4,1449.9,1445.0,1449.6,24006.0
2026-06-01 14:40:00,1449.6,1450.0,1448.0,1449.3,45022.0
2026-06-01 14:45:00,1449.3,1455.0,1448.2,1452.4,82920.0
2026-06-01 14:50:00,1452.8,1453.4,1447.9,1449.3,47602.0
2026-06-01 14:55:00,1449.6,1449.6,1445.0,1445.9,22538.0
2026-06-01 15:00:00,1445.7,1445.7,1442.5,1444.5,47341.0
2026-06-01 15:05:00,1444.9,1447.3,1442.7,1446.5,37770.0
2026-06-01 15:10:00,1445.9,1449.6,1445.5,1446.3,59231.0
2026-06-01 15:15:00,1446.4,1450.0,1446.1,1449.2,115356.0
2026-06-01 15:20:00,1449.3,1449.5,1445.2,1446.6,86942.0
2026-06-01 15:25:00,1446.6,1449.0,1444.7,1447.9,88585.0
2026-06-02 09:15:00,1445.0,1445.0,1430.4,1440.4,138620.0
2026-06-02 09:20:00,1440.7,1446.0,1438.0,1439.5,124534.0
2026-06-02 09:25:00,1439.3,1441.2,1435.9,1436.6,79516.0
2026-06-02 09:30:00,1437.4,1437.6,1427.0,1428.0,112374.0
2026-06-02 09:35:00,1428.0,1438.9,1426.9,1436.6,82381.0
2026-06-02 09:40:00,1436.9,1438.9,1432.2,1432.5,40084.0
2026-06-02 09:45:00,1433.0,1434.9,1431.0,1434.3,32313.0
2026-06-02 09:50:00,1434.5,1456.3,1433.4,1452.6,224564.0
2026-06-02 09:55:00,1453.0,1454.0,1444.6,1450.9,76579.0
2026-06-02 10:00:00,1451.7,1451.8,1446.7,1450.0,48896.0
2026-06-02 10:05:00,1450.0,1450.1,1441.4,1444.0,62174.0
2026-06-02 10:10:00,1443.3,1444.9,1441.0,1441.5,18192.0
2026-06-02 10:15:00,1441.3,1441.9,1438.8,1441.1,23324.0
2026-06-02 10:20:00,1441.5,1444.3,1441.2,1443.2,50648.0
2026-06-02 10:25:00,1443.6,1446.2,1442.6,1446.2,120714.0
2026-06-02 10:30:00,1446.7,1446.7,1439.8,1440.9,17376.0
2026-06-02 10:35:00,1440.5,1441.4,1438.1,1440.4,16062.0
2026-06-02 10:40:00,1440.9,1444.5,1439.0,1443.4,17041.0
2026-06-02 10:45:00,1443.4,1443.4,1437.1,1437.4,29634.0
2026-06-02 10:50:00,1437.3,1437.8,1428.8,1428.8,51912.0
2026-06-02 10:55:00,1429.1,1429.3,1420.7,1424.4,57920.0
2026-06-02 11:00:00,1424.4,1425.5,1423.0,1424.0,57838.0
2026-06-02 11:05:00,1424.0,1425.6,1418.5,1419.5,76039.0
2026-06-02 11:10:00,1419.8,1432.4,1419.3,1432.0,92993.0
2026-06-02 11:15:00,1432.8,1433.0,1428.9,1430.0,33466.0
2026-06-02 11:20:00,1430.0,1430.6,1426.4,1427.0,90319.0
2026-06-02 11:25:00,1427.0,1427.1,1418.2,1419.7,84686.0
2026-06-02 11:30:00,1420.0,1420.0,1416.0,1416.5,58349.0
2026-06-02 11:35:00,1416.6,1417.0,1412.6,1413.0,36737.0
2026-06-02 11:40:00,1413.1,1419.3,1413.1,1417.5,26053.0
2026-06-02 11:45:00,1418.2,1420.6,1417.0,1419.4,24382.0
2026-06-02 11:50:00,1419.4,1420.9,1417.1,1420.2,15956.0
2026-06-02 11:55:00,1420.2,1423.0,1418.3,1418.8,20192.0
2026-06-02 12:00:00,1418.8,1421.9,1417.8,1420.2,13259.0
2026-06-02 12:05:00,1420.0,1421.0,1414.6,1414.6,30169.0
2026-06-02 12:10:00,1414.6,1416.4,1411.3,1412.4,28656.0
2026-06-02 12:15:00,1412.1,1413.3,1408.5,1410.3,45800.0
2026-06-02 12:20:00,1410.2,1413.2,1410.0,1411.4,14617.0
2026-06-02 12:25:00,1412.1,1413.0,1410.0,1410.0,12438.0
2026-06-02 12:30:00,1410.0,1413.1,1409.0,1411.3,35774.0
2026-06-02 12:35:00,1412.2,1415.0,1411.0,1414.9,25045.0
2026-06-02 12:40:00,1414.9,1419.2,1414.4,1419.0,28439.0
2026-06-02 12:45:00,1419.0,1422.6,1418.4,1421.5,114299.0
2026-06-02 12:50:00,1421.7,1435.6,1421.5,1432.8,132324.0
2026-06-02 12:55:00,1432.6,1435.9,1432.2,1434.7,49502.0
2026-06-02 13:00:00,1434.4,1435.0,1431.7,1433.3,231851.0
2026-06-02 13:05:00,1433.4,1436.7,1429.3,1435.4,223828.0
2026-06-02 13:10:00,1435.1,1439.2,1434.6,1438.6,79629.0
2026-06-02 13:15:00,1438.5,1440.2,1436.7,1438.9,45175.0
2026-06-02 13:20:00,1438.5,1441.0,1435.9,1440.4,51062.0
2026-06-02 13:25:00,1440.7,1441.3,1438.5,1440.9,34205.0
2026-06-02 13:30:00,1440.9,1441.0,1438.2,1440.0,50519.0
2026-06-02 13:35:00,1439.7,1440.2,1437.9,1438.5,15704.0
2026-06-02 13:40:00,1438.6,1438.6,1435.8,1436.9,28671.0
2026-06-02 13:45:00,1437.3,1440.5,1437.2,1439.7,32567.0
2026-06-02 13:50:00,1439.7,1441.3,1438.0,1439.0,41558.0
2026-06-02 13:55:00,1439.1,1440.4,1438.5,1439.7,26024.0
2026-06-02 14:00:00,1439.6,1441.5,1438.9,1440.9,36700.0
2026-06-02 14:05:00,1440.8,1442.0,1438.8,1441.0,117391.0
2026-06-02 14:10:00,1440.9,1441.0,1438.0,1439.6,29322.0
2026-06-02 14:15:00,1439.9,1441.0,1435.5,1436.3,42034.0
2026-06-02 14:20:00,1435.9,1441.0,1435.7,1439.5,38759.0
2026-06-02 14:25:00,1439.5,1440.4,1437.6,1439.0,11753.0
2026-06-02 14:30:00,1439.0,1441.3,1438.0,1439.5,77448.0
2026-06-02 14:35:00,1439.3,1441.0,1434.5,1435.0,45976.0
2026-06-02 14:40:00,1435.0,1438.7,1430.1,1438.7,68425.0
2026-06-02 14:45:00,1438.7,1439.1,1435.0,1437.2,46968.0
2026-06-02 14:50:00,1437.4,1447.6,1436.7,1446.1,157559.0
2026-06-02 14:55:00,1445.9,1450.9,1442.8,1448.5,118778.0
2026-06-02 15:00:00,1448.5,1451.0,1445.7,1449.5,120705.0
2026-06-02 15:05:00,1449.6,1454.0,1449.1,1453.0,111703.0
2026-06-02 15:10:00,1453.0,1457.8,1450.1,1452.9,127035.0
2026-06-02 15:15:00,1453.7,1454.3,1445.7,1445.7,129267.0
2026-06-02 15:20:00,1446.3,1447.5,1443.9,1444.5,89793.0
2026-06-02 15:25:00,1445.3,1448.0,1440.6,1447.0,84048.0
2026-06-03 09:15:00,1450.0,1451.7,1426.0,1428.6,183302.0
2026-06-03 09:20:00,1428.0,1430.0,1421.6,1425.4,67322.0
2026-06-03 09:25:00,1425.0,1426.6,1417.0,1418.6,53680.0
2026-06-03 09:30:00,1418.1,1418.1,1411.0,1415.0,97390.0
2026-06-03 09:35:00,1415.0,1422.8,1414.1,1421.4,60280.0
2026-06-03 09:40:00,1421.0,1421.4,1415.9,1420.0,44012.0
2026-06-03 09:45:00,1419.7,1420.3,1407.1,1408.8,60483.0
2026-06-03 09:50:00,1409.5,1412.3,1402.0,1402.7,66862.0
2026-06-03 09:55:00,1403.0,1405.0,1396.0,1404.1,86998.0
2026-06-03 10:00:00,1405.4,1415.5,1403.2,1415.1,66649.0
2026-06-03 10:05:00,1415.5,1416.6,1411.0,1412.6,37357.0
2026-06-03 10:10:00,1412.1,1412.9,1407.6,1409.0,15767.0
2026-06-03 10:15:00,1411.2,1415.0,1409.7,1413.6,32046.0
2026-06-03 10:20:00,1413.8,1414.6,1410.5,1410.5,16544.0
2026-06-03 10:25:00,1410.5,1413.2,1410.0,1410.5,15894.0
2026-06-03 10:30:00,1410.5,1414.0,1408.9,1410.2,20663.0
2026-06-03 10:35:00,1410.5,1412.9,1409.9,1411.0,14180.0
2026-06-03 10:40:00,1411.0,1413.4,1410.0,1411.8,21465.0
2026-06-03 10:45:00,1411.2,1412.6,1410.6,1411.9,14314.0
2026-06-03 10:50:00,1411.5,1413.5,1410.5,1412.3,20874.0
2026-06-03 10:55:00,1412.1,1413.0,1410.5,1412.7,12001.0
2026-06-03 11:00:00,1411.3,1414.8,1410.3,1410.5,22788.0
2026-06-03 11:05:00,1410.5,1410.5,1406.2,1407.4,33822.0
2026-06-03 11:10:00,1407.0,1408.6,1405.6,1406.9,22781.0
2026-06-03 11:15:00,1406.9,1409.7,1405.1,1408.2,16397.0
2026-06-03 11:20:00,1407.8,1412.4,1407.0,1411.0,10470.0
2026-06-03 11:25:00,1410.6,1413.0,1409.9,1410.1,7202.0
2026-06-03 11:30:00,1410.7,1412.8,1409.6,1412.5,13194.0
2026-06-03 11:35:00,1412.8,1412.8,1410.0,1411.0,11457.0
2026-06-03 11:40:00,1411.0,1414.4,1410.1,1412.8,8016.0
2026-06-03 11:45:00,1412.3,1413.9,1412.0,1413.2,16991.0
2026-06-03 11:50:00,1413.2,1415.9,1410.0,1412.1,19903.0
2026-06-03 11:55:00,1411.7,1413.4,1407.7,1408.4,17156.0
2026-06-03 12:00:00,1407.7,1410.4,1404.6,1405.8,34347.0
2026-06-03 12:05:00,1406.3,1410.3,1405.4,1410.3,20701.0
2026-06-03 12:10:00,1410.3,1410.3,1408.4,1409.4,8270.0
2026-06-03 12:15:00,1409.3,1412.4,1408.4,1412.1,10480.0
2026-06-03 12:20:00,1412.1,1414.9,1411.7,1413.1,17434.0
2026-06-03 12:25:00,1412.6,1417.9,1412.0,1417.3,26349.0
2026-06-03 12:30:00,1417.4,1419.9,1415.1,1418.3,27499.0
2026-06-03 12:35:00,1418.5,1423.4,1417.8,1422.5,55319.0
2026-06-03 12:40:00,1422.5,1424.8,1421.8,1423.1,35014.0
2026-06-03 12:45:00,1423.5,1424.0,1415.8,1417.5,33810.0
2026-06-03 12:50:00,1417.6,1418.0,1416.0,1416.2,12082.0
2026-06-03 12:55:00,1416.2,1417.0,1415.2,1416.0,5819.0
2026-06-03 13:00:00,1416.1,1417.6,1415.6,1416.1,3973.0
2026-06-03 13:05:00,1416.4,1418.0,1414.1,1415.8,14455.0
2026-06-03 13:10:00,1415.6,1418.0,1415.0,1418.0,6401.0
2026-06-03 13:15:00,1418.6,1422.6,1418.6,1421.4,30344.0
2026-06-03 13:20:00,1421.4,1423.8,1421.4,1423.4,26288.0
2026-06-03 13:25:00,1423.5,1424.5,1421.2,1421.8,13294.0
2026-06-03 13:30:00,1422.0,1422.8,1420.1,1422.5,23368.0
2026-06-03 13:35:00,1422.6,1423.0,1421.0,1422.4,9874.0
2026-06-03 13:40:00,1422.3,1424.6,1420.5,1421.4,26286.0
2026-06-03 13:45:00,1421.4,1428.5,1421.4,1426.6,41468.0
2026-06-03 13:50:00,1426.6,1427.0,1424.0,1425.2,14655.0
2026-06-03 13:55:00,1425.2,1425.2,1422.6,1424.9,14727.0
2026-06-03 14:00:00,1424.3,1426.9,1422.6,1426.2,25689.0
2026-06-03 14:05:00,1426.2,1428.5,1426.2,1426.5,16128.0
2026-06-03 14:10:00,1426.6,1426.8,1423.6,1425.0,15285.0
2026-06-03 14:15:00,1425.5,1428.5,1424.7,1428.4,24584.0
2026-06-03 14:20:00,1428.3,1429.8,1426.7,1428.4,16903.0
2026-06-03 14:25:00,1428.3,1428.8,1424.6,1428.0,27603.0
2026-06-03 14:30:00,1428.5,1429.9,1428.0,1429.5,19546.0
2026-06-03 14:35:00,1429.0,1429.6,1427.1,1429.0,17790.0
2026-06-03 14:40:00,1429.0,1432.1,1428.5,1431.8,37069.0
2026-06-03 14:45:00,1431.7,1432.8,1430.3,1431.5,23699.0
2026-06-03 14:50:00,1431.2,1432.8,1431.0,1431.9,12620.0
2026-06-03 14:55:00,1432.4,1434.1,1430.2,1431.4,33397.0
2026-06-03 15:00:00,1432.3,1434.9,1425.7,1428.1,41792.0
2026-06-03 15:05:00,1428.3,1431.0,1425.1,1425.9,30878.0
2026-06-03 15:10:00,1426.4,1427.9,1423.8,1426.8,29566.0
2026-06-03 15:15:00,1426.7,1427.9,1424.4,1426.1,36425.0
2026-06-03 15:20:00,1426.1,1427.8,1424.5,1427.0,30204.0
2026-06-03 15:25:00,1427.2,1432.9,1425.2,1432.0,60384.0
2026-06-04 09:15:00,1428.0,1441.0,1419.5,1439.9,140532.0
2026-06-04 09:20:00,1439.9,1444.9,1435.6,1443.9,69940.0
2026-06-04 09:25:00,1443.0,1444.8,1440.3,1444.1,46211.0
2026-06-04 09:30:00,1444.4,1447.5,1443.0,1446.9,66837.0
2026-06-04 09:35:00,1446.6,1455.3,1441.3,1441.3,101471.0
2026-06-04 09:40:00,1441.9,1442.8,1435.9,1439.0,76599.0
2026-06-04 09:45:00,1439.2,1441.0,1436.0,1441.0,40549.0
2026-06-04 09:50:00,1440.4,1442.3,1439.0,1439.0,33633.0
2026-06-04 09:55:00,1439.0,1445.0,1438.5,1440.8,25131.0
2026-06-04 10:00:00,1441.1,1441.9,1437.9,1438.4,24799.0
2026-06-04 10:05:00,1438.8,1442.0,1438.8,1440.0,9330.0
2026-06-04 10:10:00,1440.0,1442.8,1439.7,1441.8,10659.0
2026-06-04 10:15:00,1442.0,1443.9,1439.3,1440.2,20782.0
2026-06-04 10:20:00,1439.4,1441.5,1438.5,1440.8,11780.0
2026-06-04 10:25:00,1440.8,1440.9,1436.4,1437.0,22326.0
2026-06-04 10:30:00,1436.2,1436.7,1431.5,1431.7,27003.0
2026-06-04 10:35:00,1431.9,1433.4,1430.0,1432.0,23330.0
2026-06-04 10:40:00,1432.0,1436.0,1431.5,1436.0,17998.0
2026-06-04 10:45:00,1436.0,1437.9,1435.0,1435.7,16762.0
2026-06-04 10:50:00,1435.8,1440.8,1435.8,1438.0,19086.0
2026-06-04 10:55:00,1438.0,1442.0,1437.4,1440.5,22132.0
2026-06-04 11:00:00,1440.8,1444.0,1436.0,1436.9,34846.0
2026-06-04 11:05:00,1437.0,1439.2,1436.2,1438.7,12723.0
2026-06-04 11:10:00,1438.3,1440.0,1436.5,1439.9,5438.0
2026-06-04 11:15:00,1439.9,1441.6,1438.6,1438.7,12477.0
2026-06-04 11:20:00,1438.7,1439.6,1435.3,1435.9,15627.0
2026-06-04 11:25:00,1435.3,1435.9,1432.4,1434.0,21272.0
2026-06-04 11:30:00,1434.0,1434.6,1431.1,1432.0,13452.0
2026-06-04 11:35:00,1432.0,1434.2,1431.3,1433.6,49203.0
2026-06-04 11:40:00,1433.5,1434.0,1431.2,1431.2,10210.0
2026-06-04 11:45:00,1431.4,1432.0,1430.4,1431.6,14945.0
2026-06-04 11:50:00,1431.6,1432.2,1428.3,1428.6,21703.0
2026-06-04 11:55:00,1428.4,1430.6,1428.1,1430.0,11433.0
2026-06-04 12:00:00,1430.0,1430.6,1427.8,1429.9,46122.0
2026-06-04 12:05:00,1429.9,1431.2,1429.5,1430.0,8007.0
2026-06-04 12:10:00,1430.1,1431.3,1429.8,1430.6,7842.0
2026-06-04 12:15:00,1430.6,1430.9,1428.0,1428.4,15249.0
2026-06-04 12:20:00,1428.4,1429.0,1426.5,1427.2,15200.0
2026-06-04 12:25:00,1426.9,1429.2,1426.6,1428.2,8535.0
2026-06-04 12:30:00,1428.9,1429.5,1424.6,1424.8,23303.0
2026-06-04 12:35:00,1425.0,1426.7,1424.2,1426.5,9053.0
2026-06-04 12:40:00,1426.1,1427.0,1424.6,1426.5,13937.0
2026-06-04 12:45:00,1426.5,1427.5,1425.5,1427.5,7508.0
2026-06-04 12:50:00,1427.4,1427.5,1425.2,1426.8,6323.0
2026-06-04 12:55:00,1425.7,1428.1,1425.7,1427.5,17548.0
2026-06-04 13:00:00,1427.5,1432.1,1426.6,1431.1,30038.0
2026-06-04 13:05:00,1430.7,1431.6,1429.1,1430.1,12839.0
2026-06-04 13:10:00,1430.1,1430.1,1422.0,1423.0,43472.0
2026-06-04 13:15:00,1422.4,1426.4,1422.0,1426.0,21211.0
2026-06-04 13:20:00,1426.3,1428.0,1425.8,1427.0,9176.0
2026-06-04 13:25:00,1427.0,1428.7,1426.8,1427.9,7311.0
2026-06-04 13:30:00,1427.8,1427.8,1424.5,1426.7,12268.0
2026-06-04 13:35:00,1426.4,1427.6,1426.0,1426.8,7634.0
2026-06-04 13:40:00,1426.2,1426.7,1422.5,1424.0,16125.0
2026-06-04 13:45:00,1423.9,1425.5,1423.0,1424.2,19901.0
2026-06-04 13:50:00,1424.0,1424.4,1423.2,1424.0,16607.0
2026-06-04 13:55:00,1424.0,1425.2,1423.0,1424.0,8425.0
2026-06-04 14:00:00,1424.5,1427.4,1424.4,1426.6,46943.0
2026-06-04 14:05:00,1426.1,1427.4,1425.0,1426.0,13481.0
2026-06-04 14:10:00,1425.6,1427.3,1423.5,1423.9,15249.0
2026-06-04 14:15:00,1424.0,1425.2,1423.0,1423.4,16863.0
2026-06-04 14:20:00,1423.0,1423.5,1422.0,1422.3,13322.0
2026-06-04 14:25:00,1422.1,1423.0,1422.0,1422.2,12454.0
2026-06-04 14:30:00,1422.2,1424.0,1421.0,1423.6,26820.0
2026-06-04 14:35:00,1423.4,1426.0,1423.1,1425.8,32929.0
2026-06-04 14:40:00,1425.7,1429.3,1425.0,1426.4,118825.0
2026-06-04 14:45:00,1426.0,1432.3,1425.7,1428.4,116681.0
2026-06-04 14:50:00,1427.9,1428.7,1424.8,1425.3,20295.0
2026-06-04 14:55:00,1425.3,1426.8,1425.0,1425.6,12005.0
2026-06-04 15:00:00,1425.6,1426.0,1421.6,1422.6,32055.0
2026-06-04 15:05:00,1422.8,1424.9,1422.0,1424.0,23654.0
2026-06-04 15:10:00,1424.6,1425.5,1423.1,1424.0,49761.0
2026-06-04 15:15:00,1424.1,1424.8,1422.1,1422.9,76470.0
2026-06-04 15:20:00,1422.5,1423.9,1421.0,1423.3,58395.0
2026-06-04 15:25:00,1423.4,1425.7,1418.3,1421.6,112196.0
2026-06-05 09:15:00,1431.0,1450.0,1430.1,1444.0,204812.0
2026-06-05 09:20:00,1444.0,1444.0,1436.6,1442.8,87882.0
2026-06-05 09:25:00,1442.7,1455.0,1441.2,1451.8,123815.0
2026-06-05 09:30:00,1451.9,1458.2,1450.0,1458.1,119340.0
2026-06-05 09:35:00,1457.0,1461.1,1453.0,1461.0,162885.0
2026-06-05 09:40:00,1461.2,1465.8,1455.1,1465.0,150066.0
2026-06-05 09:45:00,1465.0,1466.7,1459.7,1461.0,123870.0
2026-06-05 09:50:00,1460.8,1462.6,1458.0,1459.0,65588.0
2026-06-05 09:55:00,1459.0,1461.0,1456.2,1459.8,46290.0
2026-06-05 10:00:00,1460.3,1468.6,1458.8,1468.1,130168.0
2026-06-05 10:05:00,1469.2,1475.0,1466.1,1468.0,210060.0
2026-06-05 10:10:00,1468.5,1469.0,1462.9,1463.2,80872.0
2026-06-05 10:15:00,1463.6,1469.6,1463.6,1468.2,44352.0
2026-06-05 10:20:00,1468.7,1472.0,1468.1,1471.0,75637.0
2026-06-05 10:25:00,1471.4,1472.8,1467.7,1469.0,47008.0
2026-06-05 10:30:00,1469.0,1470.0,1466.2,1466.4,35043.0
2026-06-05 10:35:00,1466.4,1468.6,1461.7,1463.2,68146.0
2026-06-05 10:40:00,1463.5,1463.5,1457.0,1460.2,98829.0
2026-06-05 10:45:00,1459.5,1464.8,1458.0,1464.4,59919.0
2026-06-05 10:50:00,1464.4,1471.9,1464.2,1468.0,72307.0
2026-06-05 10:55:00,1468.0,1469.6,1465.6,1468.6,29992.0
2026-06-05 11:00:00,1468.5,1474.3,1468.0,1474.1,45000.0
2026-06-05 11:05:00,1473.2,1478.9,1473.0,1477.5,130671.0
2026-06-05 11:10:00,1477.4,1479.7,1476.2,1478.5,106961.0
2026-06-05 11:15:00,1478.8,1483.5,1478.8,1480.0,191630.0
2026-06-05 11:20:00,1479.6,1480.1,1475.4,1476.5,93258.0
2026-06-05 11:25:00,1476.7,1480.6,1476.0,1480.6,98651.0
2026-06-05 11:30:00,1480.0,1484.8,1479.5,1480.6,153900.0
2026-06-05 11:35:00,1480.5,1482.0,1480.1,1481.5,31008.0
2026-06-05 11:40:00,1482.0,1483.0,1479.6,1481.1,63542.0
2026-06-05 11:45:00,1481.1,1484.5,1481.0,1482.7,55167.0
2026-06-05 11:50:00,1482.3,1484.1,1481.8,1483.5,39457.0
2026-06-05 11:55:00,1483.4,1486.8,1482.3,1485.7,85523.0
2026-06-05 12:00:00,1485.7,1488.9,1485.4,1487.0,68074.0
2026-06-05 12:05:00,1486.7,1491.7,1486.7,1487.0,143503.0
2026-06-05 12:10:00,1487.2,1489.8,1485.6,1487.5,100239.0
2026-06-05 12:15:00,1487.3,1489.9,1487.3,1488.9,41362.0
2026-06-05 12:20:00,1488.5,1492.0,1488.5,1491.5,85111.0
2026-06-05 12:25:00,1491.9,1492.0,1488.5,1489.7,59736.0
2026-06-05 12:30:00,1489.4,1494.0,1489.4,1492.5,119133.0
2026-06-05 12:35:00,1493.1,1495.1,1491.5,1492.5,163992.0
2026-06-05 12:40:00,1492.0,1493.8,1487.5,1493.5,159572.0
2026-06-05 12:45:00,1493.1,1493.9,1489.1,1489.1,80532.0
2026-06-05 12:50:00,1489.1,1489.9,1484.0,1486.3,190380.0
2026-06-05 12:55:00,1486.0,1490.3,1485.3,1487.1,66786.0
2026-06-05 13:00:00,1486.0,1487.5,1482.6,1487.1,110765.0
2026-06-05 13:05:00,1487.5,1487.5,1483.5,1485.0,60781.0
2026-06-05 13:10:00,1484.4,1485.0,1481.4,1482.6,64760.0
2026-06-05 13:15:00,1482.6,1487.9,1482.0,1485.3,69228.0
2026-06-05 13:20:00,1485.0,1485.0,1479.2,1480.1,119021.0
2026-06-05 13:25:00,1480.3,1483.9,1479.2,1480.0,69349.0
2026-06-05 13:30:00,1479.8,1483.0,1479.1,1481.8,38886.0
2026-06-05 13:35:00,1482.1,1483.6,1480.9,1481.3,35766.0
2026-06-05 13:40:00,1481.8,1482.0,1477.2,1479.9,80500.0
2026-06-05 13:45:00,1479.4,1482.0,1477.1,1481.9,151286.0
2026-06-05 13:50:00,1482.0,1482.0,1478.5,1478.5,32067.0
2026-06-05 13:55:00,1478.8,1481.9,1477.6,1481.9,43292.0
2026-06-05 14:00:00,1482.4,1485.7,1482.4,1485.5,73183.0
2026-06-05 14:05:00,1485.5,1498.9,1485.5,1498.0,225576.0
2026-06-05 14:10:00,1498.7,1506.9,1498.1,1504.0,430459.0
2026-06-05 14:15:00,1504.0,1504.0,1499.9,1503.9,153780.0
2026-06-05 14:20:00,1503.3,1506.0,1501.9,1504.6,134598.0
2026-06-05 14:25:00,1504.8,1512.3,1503.8,1512.0,292112.0
2026-06-05 14:30:00,1511.4,1522.8,1508.9,1514.3,412724.0
2026-06-05 14:35:00,1515.0,1515.1,1508.0,1512.3,270987.0
2026-06-05 14:40:00,1513.0,1516.0,1508.0,1515.4,238946.0
2026-06-05 14:45:00,1515.5,1523.5,1514.6,1515.4,339392.0
2026-06-05 14:50:00,1515.4,1522.0,1515.4,1521.0,174128.0
2026-06-05 14:55:00,1521.5,1525.9,1520.0,1520.7,497527.0
2026-06-05 15:00:00,1520.7,1526.4,1517.1,1524.0,377784.0
2026-06-05 15:05:00,1523.9,1528.5,1523.3,1526.6,272045.0
2026-06-05 15:10:00,1526.8,1528.9,1522.0,1525.6,314079.0
2026-06-05 15:15:00,1526.2,1528.2,1525.0,1527.2,326881.0
2026-06-05 15:20:00,1527.6,1529.0,1525.0,1527.3,344736.0
2026-06-05 15:25:00,1528.0,1530.0,1520.2,1522.0,273989.0
2026-06-08 09:15:00,1500.6,1513.0,1494.0,1511.9,299398.0
2026-06-08 09:20:00,1511.5,1518.7,1506.0,1514.4,188487.0
2026-06-08 09:25:00,1514.3,1519.7,1510.1,1517.0,123683.0
2026-06-08 09:30:00,1517.5,1522.6,1515.3,1516.3,170857.0
2026-06-08 09:35:00,1516.1,1517.0,1510.6,1514.6,97344.0
2026-06-08 09:40:00,1515.0,1519.6,1513.2,1515.5,70312.0
2026-06-08 09:45:00,1515.1,1517.0,1505.6,1505.6,94676.0
2026-06-08 09:50:00,1505.5,1511.3,1504.1,1508.5,80420.0
2026-06-08 09:55:00,1508.3,1512.5,1507.2,1512.5,37913.0
2026-06-08 10:00:00,1512.8,1513.5,1502.2,1503.0,78914.0
2026-06-08 10:05:00,1502.9,1505.8,1497.0,1503.5,102194.0
2026-06-08 10:10:00,1503.0,1505.8,1500.3,1503.0,42702.0
2026-06-08 10:15:00,1503.1,1505.5,1502.0,1504.0,24729.0
2026-06-08 10:20:00,1503.4,1504.0,1502.0,1503.1,28424.0
2026-06-08 10:25:00,1504.0,1504.0,1500.0,1501.4,29072.0
2026-06-08 10:30:00,1501.6,1507.8,1500.4,1507.0,28116.0
2026-06-08 10:35:00,1507.0,1515.9,1506.4,1514.8,88520.0
2026-06-08 10:40:00,1515.4,1517.8,1513.4,1516.1,84876.0
2026-06-08 10:45:00,1515.8,1517.9,1512.3,1516.1,66274.0
2026-06-08 10:50:00,1515.5,1516.6,1514.0,1515.0,20397.0
2026-06-08 10:55:00,1514.7,1517.5,1513.2,1516.4,35206.0
2026-06-08 11:00:00,1516.4,1517.0,1514.5,1516.4,22567.0
2026-06-08 11:05:00,1516.5,1517.5,1514.1,1516.7,21422.0
2026-06-08 11:10:00,1516.8,1516.9,1514.4,1515.5,17614.0
2026-06-08 11:15:00,1515.5,1516.8,1513.4,1513.6,19228.0
2026-06-08 11:20:00,1513.6,1514.9,1510.5,1511.2,28246.0
2026-06-08 11:25:00,1510.4,1512.0,1508.5,1510.2,33762.0
2026-06-08 11:30:00,1511.0,1514.7,1510.4,1512.9,16494.0
2026-06-08 11:35:00,1512.8,1515.9,1511.5,1515.8,20366.0
2026-06-08 11:40:00,1515.8,1519.9,1515.1,1517.1,61891.0
2026-06-08 11:45:00,1516.5,1517.8,1515.0,1516.3,20854.0
2026-06-08 11:50:00,1515.9,1516.8,1514.7,1516.0,15964.0
2026-06-08 11:55:00,1516.6,1517.5,1515.0,1516.2,12041.0
2026-06-08 12:00:00,1516.1,1516.7,1514.2,1515.0,15709.0
2026-06-08 12:05:00,1514.6,1517.1,1513.5,1515.9,30496.0
2026-06-08 12:10:00,1517.9,1522.9,1516.5,1522.8,69031.0
2026-06-08 12:15:00,1522.9,1522.9,1517.0,1519.0,35079.0
2026-06-08 12:20:00,1518.9,1519.0,1516.6,1517.2,17959.0
2026-06-08 12:25:00,1517.8,1519.0,1516.2,1518.6,14495.0
2026-06-08 12:30:00,1518.6,1521.0,1517.7,1519.2,24872.0
2026-06-08 12:35:00,1520.0,1520.0,1518.2,1519.5,8071.0
2026-06-08 12:40:00,1519.9,1524.8,1519.5,1522.7,41544.0
2026-06-08 12:45:00,1522.0,1524.0,1520.7,1524.0,22593.0
2026-06-08 12:50:00,1523.5,1528.1,1523.5,1527.0,112685.0
2026-06-08 12:55:00,1527.0,1527.1,1524.5,1525.5,39417.0
2026-06-08 13:00:00,1525.5,1525.9,1519.1,1519.6,56796.0
2026-06-08 13:05:00,1519.3,1520.0,1516.0,1518.6,47600.0
2026-06-08 13:10:00,1518.3,1518.9,1515.0,1517.2,67617.0
2026-06-08 13:15:00,1517.8,1518.5,1516.7,1518.3,10964.0
2026-06-08 13:20:00,1518.3,1518.3,1516.8,1518.0,11960.0
2026-06-08 13:25:00,1518.0,1518.9,1516.5,1517.5,19149.0
2026-06-08 13:30:00,1517.4,1518.2,1514.8,1517.4,28570.0
2026-06-08 13:35:00,1517.0,1517.9,1514.4,1515.2,26523.0
2026-06-08 13:40:00,1515.3,1516.2,1512.8,1513.5,32634.0
2026-06-08 13:45:00,1513.4,1513.4,1508.2,1510.8,95765.0
2026-06-08 13:50:00,1511.2,1512.0,1505.0,1506.2,68335.0
2026-06-08 13:55:00,1506.1,1510.7,1505.0,1510.7,57700.0
2026-06-08 14:00:00,1510.3,1511.3,1509.1,1510.5,38448.0
2026-06-08 14:05:00,1510.0,1510.0,1507.1,1508.9,22759.0
2026-06-08 14:10:00,1509.0,1509.6,1507.5,1507.8,22194.0
2026-06-08 14:15:00,1507.8,1508.5,1503.1,1507.7,62211.0
2026-06-08 14:20:00,1507.1,1507.5,1503.9,1505.4,29454.0
2026-06-08 14:25:00,1504.8,1505.6,1501.9,1502.7,54094.0
2026-06-08 14:30:00,1502.8,1505.2,1498.9,1499.7,48318.0
2026-06-08 14:35:00,1499.9,1502.7,1498.9,1501.7,30964.0
2026-06-08 14:40:00,1501.7,1508.9,1501.3,1508.2,35202.0
2026-06-08 14:45:00,1508.0,1508.4,1502.8,1502.8,48059.0
2026-06-08 14:50:00,1502.8,1506.4,1502.8,1504.4,36737.0
2026-06-08 14:55:00,1503.8,1505.2,1501.0,1504.2,50642.0
2026-06-08 15:00:00,1504.3,1504.3,1495.0,1497.0,88961.0
2026-06-08 15:05:00,1497.0,1497.0,1491.4,1493.1,136213.0
2026-06-08 15:10:00,1492.5,1494.8,1490.0,1492.5,102037.0
2026-06-08 15:15:00,1492.7,1494.4,1490.0,1491.6,101354.0
2026-06-08 15:20:00,1492.4,1492.4,1480.0,1482.5,148394.0
2026-06-08 15:25:00,1482.7,1488.5,1480.7,1488.5,119933.0
2026-06-09 09:15:00,1518.8,1518.9,1503.9,1514.3,230948.0
2026-06-09 09:20:00,1515.1,1515.4,1505.2,1506.9,102542.0
2026-06-09 09:25:00,1506.9,1510.2,1503.0,1508.9,75720.0
2026-06-09 09:30:00,1508.2,1515.0,1508.2,1512.0,78312.0
2026-06-09 09:35:00,1512.0,1514.4,1507.5,1512.5,55816.0
2026-06-09 09:40:00,1512.7,1516.0,1509.0,1510.2,51230.0
2026-06-09 09:45:00,1510.4,1517.7,1509.4,1511.0,58380.0
2026-06-09 09:50:00,1511.0,1516.8,1511.0,1515.9,30099.0
2026-06-09 09:55:00,1516.0,1516.0,1510.0,1510.0,31509.0
2026-06-09 10:00:00,1509.9,1511.0,1506.0,1506.6,44395.0
2026-06-09 10:05:00,1506.1,1508.9,1506.0,1507.3,28185.0
2026-06-09 10:10:00,1507.5,1512.0,1507.4,1508.2,45646.0
2026-06-09 10:15:00,1509.2,1509.9,1507.0,1507.0,13104.0
2026-06-09 10:20:00,1507.6,1507.6,1496.6,1496.6,101211.0
2026-06-09 10:25:00,1498.1,1503.1,1494.2,1503.1,65971.0
2026-06-09 10:30:00,1503.2,1503.9,1497.4,1499.8,36643.0
2026-06-09 10:35:00,1499.6,1501.1,1497.8,1499.1,14155.0
2026-06-09 10:40:00,1499.6,1504.4,1498.9,1503.4,26793.0
2026-06-09 10:45:00,1503.6,1505.4,1500.1,1500.8,17630.0
2026-06-09 10:50:00,1500.1,1503.3,1500.0,1502.8,17384.0
2026-06-09 10:55:00,1501.9,1504.9,1501.9,1504.7,9701.0
2026-06-09 11:00:00,1504.7,1505.8,1500.0,1500.1,20073.0
2026-06-09 11:05:00,1500.4,1502.5,1498.3,1499.1,24037.0
2026-06-09 11:10:00,1499.5,1500.5,1498.0,1498.2,19689.0
2026-06-09 11:15:00,1498.2,1498.7,1493.2,1495.3,48682.0
2026-06-09 11:20:00,1496.0,1496.0,1490.4,1490.7,29763.0
2026-06-09 11:25:00,1491.0,1495.7,1490.3,1493.9,29030.0
2026-06-09 11:30:00,1494.0,1494.4,1492.4,1493.8,5957.0
2026-06-09 11:35:00,1493.8,1497.5,1493.7,1496.3,21216.0
2026-06-09 11:40:00,1495.8,1500.8,1495.2,1499.1,44383.0
2026-06-09 11:45:00,1499.7,1508.0,1498.5,1506.1,66674.0
2026-06-09 11:50:00,1506.7,1509.0,1506.7,1507.5,30963.0
2026-06-09 11:55:00,1508.0,1509.0,1507.1,1508.4,20022.0
2026-06-09 12:00:00,1508.5,1517.0,1507.5,1514.5,85704.0
2026-06-09 12:05:00,1514.9,1515.5,1512.0,1513.3,34685.0
2026-06-09 12:10:00,1513.8,1514.9,1512.9,1514.0,11277.0
2026-06-09 12:15:00,1512.7,1521.0,1512.7,1517.7,74800.0
2026-06-09 12:20:00,1518.1,1518.2,1515.5,1516.0,24961.0
2026-06-09 12:25:00,1516.5,1516.5,1513.6,1515.5,16670.0
2026-06-09 12:30:00,1515.0,1517.0,1515.0,1516.5,7898.0
2026-06-09 12:35:00,1516.5,1517.3,1512.1,1512.9,25011.0
2026-06-09 12:40:00,1513.7,1514.9,1510.8,1511.9,16896.0
2026-06-09 12:45:00,1512.0,1512.9,1510.0,1510.3,14369.0
2026-06-09 12:50:00,1510.5,1510.6,1505.1,1505.9,22088.0
2026-06-09 12:55:00,1505.3,1505.5,1495.7,1498.4,60824.0
2026-06-09 13:00:00,1498.0,1499.8,1494.8,1498.8,67454.0
2026-06-09 13:05:00,1498.1,1505.1,1497.8,1504.3,57057.0
2026-06-09 13:10:00,1504.0,1508.2,1503.5,1507.6,19531.0
2026-06-09 13:15:00,1507.6,1508.0,1506.0,1507.0,15710.0
2026-06-09 13:20:00,1506.0,1507.7,1505.7,1506.9,14287.0
2026-06-09 13:25:00,1506.4,1507.4,1505.1,1506.0,6689.0
2026-06-09 13:30:00,1506.1,1507.0,1504.1,1505.4,18367.0
2026-06-09 13:35:00,1505.4,1507.8,1505.2,1507.2,6833.0
2026-06-09 13:40:00,1506.7,1507.5,1505.8,1506.3,11523.0
2026-06-09 13:45:00,1506.4,1506.9,1504.6,1506.3,10086.0
2026-06-09 13:50:00,1506.3,1506.5,1505.5,1506.2,4571.0
2026-06-09 13:55:00,1506.3,1506.3,1502.2,1503.9,25829.0
2026-06-09 14:00:00,1503.9,1503.9,1500.3,1500.5,30880.0
2026-06-09 14:05:00,1500.9,1505.2,1500.4,1505.2,16659.0
2026-06-09 14:10:00,1506.2,1530.4,1505.1,1529.1,447714.0
2026-06-09 14:15:00,1529.5,1531.0,1523.3,1526.0,435552.0
2026-06-09 14:20:00,1525.5,1534.0,1524.5,1530.1,190414.0
2026-06-09 14:25:00,1530.0,1536.0,1528.4,1536.0,124694.0
2026-06-09 14:30:00,1535.6,1544.8,1532.0,1543.0,241897.0
2026-06-09 14:35:00,1542.4,1542.7,1536.4,1537.0,122517.0
2026-06-09 14:40:00,1537.2,1539.1,1535.8,1536.5,52821.0
2026-06-09 14:45:00,1536.0,1538.5,1533.6,1537.1,81922.0
2026-06-09 14:50:00,1537.7,1542.0,1537.0,1540.2,65799.0
2026-06-09 14:55:00,1540.9,1543.0,1539.8,1543.0,48009.0
2026-06-09 15:00:00,1542.0,1542.0,1535.0,1536.8,88144.0
2026-06-09 15:05:00,1536.8,1539.0,1536.0,1536.7,65281.0
2026-06-09 15:10:00,1537.3,1537.3,1531.2,1532.5,93739.0
2026-06-09 15:15:00,1532.9,1535.0,1532.5,1533.2,87343.0
2026-06-09 15:20:00,1533.2,1535.0,1531.1,1531.8,82984.0
2026-06-09 15:25:00,1531.8,1534.1,1531.0,1532.0,83740.0
2026-06-10 09:15:00,1535.0,1537.3,1515.0,1515.8,200955.0
2026-06-10 09:20:00,1513.6,1514.1,1492.7,1495.6,341612.0
2026-06-10 09:25:00,1495.9,1500.5,1492.6,1495.8,188217.0
2026-06-10 09:30:00,1495.7,1505.9,1495.1,1505.5,162410.0
2026-06-10 09:35:00,1505.7,1510.0,1501.7,1509.6,62374.0
2026-06-10 09:40:00,1509.2,1511.4,1503.7,1510.3,92004.0
2026-06-10 09:45:00,1510.3,1511.0,1506.3,1510.1,27490.0
2026-06-10 09:50:00,1510.2,1511.4,1505.2,1509.3,50444.0
2026-06-10 09:55:00,1509.1,1513.9,1505.9,1512.4,33253.0
2026-06-10 10:00:00,1512.2,1513.6,1509.0,1509.0,25939.0
2026-06-10 10:05:00,1509.5,1512.6,1507.9,1510.7,21147.0
2026-06-10 10:10:00,1510.3,1512.0,1503.2,1504.0,42141.0
2026-06-10 10:15:00,1504.0,1508.5,1502.2,1507.1,33063.0
2026-06-10 10:20:00,1507.1,1509.2,1506.0,1507.1,21504.0
2026-06-10 10:25:00,1506.9,1511.0,1506.0,1510.7,13294.0
2026-06-10 10:30:00,1510.8,1519.0,1510.8,1516.9,81365.0
2026-06-10 10:35:00,1517.3,1521.5,1515.2,1517.2,76175.0
2026-06-10 10:40:00,1517.7,1521.0,1517.0,1518.2,27707.0
2026-06-10 10:45:00,1518.0,1520.1,1515.1,1515.1,33670.0
2026-06-10 10:50:00,1515.4,1518.0,1512.5,1516.8,33207.0
2026-06-10 10:55:00,1516.7,1520.5,1516.0,1520.1,25247.0
2026-06-10 11:00:00,1520.0,1520.4,1518.1,1519.5,21307.0
2026-06-10 11:05:00,1519.3,1519.4,1514.4,1519.3,32469.0
2026-06-10 11:10:00,1519.0,1520.9,1515.8,1516.5,19751.0
2026-06-10 11:15:00,1516.0,1517.1,1513.0,1514.0,21631.0
2026-06-10 11:20:00,1513.9,1516.2,1513.0,1516.2,10155.0
2026-06-10 11:25:00,1516.2,1518.0,1515.5,1516.8,10189.0
2026-06-10 11:30:00,1516.7,1517.3,1515.5,1516.3,7635.0
2026-06-10 11:35:00,1516.2,1517.0,1515.0,1515.4,5838.0
2026-06-10 11:40:00,1515.4,1516.5,1514.4,1515.0,8171.0
2026-06-10 11:45:00,1515.0,1516.1,1512.6,1516.0,19282.0
2026-06-10 11:50:00,1515.6,1516.6,1514.0,1516.1,9431.0
2026-06-10 11:55:00,1516.1,1516.1,1514.3,1515.4,6348.0
2026-06-10 12:00:00,1515.4,1515.4,1511.0,1512.1,18150.0
2026-06-10 12:05:00,1512.0,1513.0,1510.7,1513.0,14639.0
2026-06-10 12:10:00,1512.9,1514.3,1508.8,1510.1,25310.0
2026-06-10 12:15:00,1510.1,1513.5,1510.1,1511.2,12006.0
2026-06-10 12:20:00,1511.4,1512.7,1509.1,1509.8,8463.0
2026-06-10 12:25:00,1510.5,1510.6,1507.8,1508.3,20482.0
2026-06-10 12:30:00,1508.4,1509.0,1507.2,1508.2,10924.0
2026-06-10 12:35:00,1508.2,1508.6,1507.0,1507.9,8738.0
2026-06-10 12:40:00,1507.9,1507.9,1503.7,1504.3,31229.0
2026-06-10 12:45:00,1504.3,1506.6,1503.0,1506.3,32767.0
2026-06-10 12:50:00,1506.2,1512.6,1506.0,1512.4,26386.0
2026-06-10 12:55:00,1512.4,1512.9,1510.4,1512.3,14138.0
2026-06-10 13:00:00,1512.6,1516.1,1512.3,1516.1,25339.0
2026-06-10 13:05:00,1516.1,1516.6,1514.0,1515.6,21843.0
2026-06-10 13:10:00,1515.6,1516.5,1514.0,1515.7,10673.0
2026-06-10 13:15:00,1515.5,1515.5,1508.6,1510.0,38726.0
2026-06-10 13:20:00,1509.7,1510.2,1507.0,1507.0,18759.0
2026-06-10 13:25:00,1506.8,1509.2,1505.8,1507.9,15103.0
2026-06-10 13:30:00,1507.9,1508.3,1505.4,1506.7,16121.0
2026-06-10 13:35:00,1506.7,1508.3,1505.1,1506.5,21281.0
2026-06-10 13:40:00,1506.7,1509.0,1505.7,1506.4,11621.0
2026-06-10 13:45:00,1506.3,1507.3,1505.8,1506.6,9252.0
2026-06-10 13:50:00,1506.4,1506.9,1503.7,1505.5,14222.0
2026-06-10 13:55:00,1505.6,1505.9,1504.1,1505.2,6887.0
2026-06-10 14:00:00,1505.4,1506.8,1504.0,1506.2,9161.0
2026-06-10 14:05:00,1506.2,1506.2,1503.5,1504.4,11560.0
2026-06-10 14:10:00,1504.0,1504.8,1503.0,1503.3,20694.0
2026-06-10 14:15:00,1503.0,1505.3,1502.2,1504.7,14621.0
2026-06-10 14:20:00,1504.5,1507.2,1504.5,1506.2,10749.0
2026-06-10 14:25:00,1506.1,1506.3,1503.2,1504.3,11192.0
2026-06-10 14:30:00,1504.5,1505.1,1500.9,1503.4,50832.0
2026-06-10 14:35:00,1503.0,1504.0,1496.5,1497.1,42882.0
2026-06-10 14:40:00,1497.2,1499.7,1494.3,1494.8,62823.0
2026-06-10 14:45:00,1494.7,1495.7,1490.0,1490.5,118698.0
2026-06-10 14:50:00,1491.0,1493.5,1488.1,1492.0,72030.0
2026-06-10 14:55:00,1492.0,1492.7,1490.0,1491.7,27901.0
2026-06-10 15:00:00,1491.7,1491.9,1485.9,1487.1,59987.0
2026-06-10 15:05:00,1487.3,1488.2,1483.0,1484.8,60036.0
2026-06-10 15:10:00,1485.2,1486.2,1480.3,1480.4,49462.0
2026-06-10 15:15:00,1481.7,1482.4,1477.4,1482.4,105040.0
2026-06-10 15:20:00,1482.2,1484.1,1479.0,1480.0,97512.0
2026-06-10 15:25:00,1479.6,1486.0,1479.4,1485.9,78692.0
2026-06-11 09:15:00,1482.4,1486.5,1475.0,1483.1,158850.0
2026-06-11 09:20:00,1482.8,1492.4,1482.5,1490.9,127366.0
2026-06-11 09:25:00,1490.7,1490.7,1484.5,1486.8,56067.0
2026-06-11 09:30:00,1486.8,1494.7,1486.3,1488.9,71813.0
2026-06-11 09:35:00,1488.9,1489.8,1486.7,1489.2,30335.0
2026-06-11 09:40:00,1489.4,1489.5,1482.0,1488.4,39656.0
2026-06-11 09:45:00,1487.9,1492.0,1486.5,1491.0,30834.0
2026-06-11 09:50:00,1490.8,1493.3,1489.6,1490.6,36700.0
2026-06-11 09:55:00,1490.6,1490.7,1484.6,1486.0,44799.0
2026-06-11 10:00:00,1485.5,1485.8,1480.5,1481.5,70890.0
2026-06-11 10:05:00,1481.8,1486.8,1480.6,1486.0,25562.0
2026-06-11 10:10:00,1486.0,1489.5,1484.4,1487.7,24560.0
2026-06-11 10:15:00,1487.8,1488.0,1484.0,1486.1,18943.0
2026-06-11 10:20:00,1486.6,1489.5,1486.1,1488.2,14636.0
2026-06-11 10:25:00,1488.4,1489.2,1486.3,1487.0,16732.0
2026-06-11 10:30:00,1486.1,1487.2,1482.0,1486.4,14836.0
2026-06-11 10:35:00,1486.1,1487.2,1483.2,1484.9,12901.0
2026-06-11 10:40:00,1484.7,1484.9,1482.2,1482.5,12284.0
2026-06-11 10:45:00,1482.9,1483.0,1478.9,1479.7,28412.0
2026-06-11 10:50:00,1479.8,1482.0,1475.8,1478.1,27597.0
2026-06-11 10:55:00,1477.9,1478.3,1469.1,1471.0,56780.0
2026-06-11 11:00:00,1470.5,1472.2,1467.3,1472.0,34383.0
2026-06-11 11:05:00,1471.8,1475.9,1471.2,1473.5,25829.0
2026-06-11 11:10:00,1474.1,1475.9,1470.6,1472.2,16602.0
2026-06-11 11:15:00,1472.0,1475.4,1471.0,1473.7,10729.0
2026-06-11 11:20:00,1475.0,1479.7,1475.0,1478.9,23552.0
2026-06-11 11:25:00,1478.8,1484.5,1477.7,1481.8,34948.0
2026-06-11 11:30:00,1482.3,1483.2,1465.4,1470.2,163605.0
2026-06-11 11:35:00,1470.0,1470.0,1463.0,1467.4,49155.0
2026-06-11 11:40:00,1466.2,1473.2,1466.2,1472.5,26233.0
2026-06-11 11:45:00,1473.5,1475.0,1472.1,1474.0,12367.0
2026-06-11 11:50:00,1473.2,1476.0,1473.0,1475.2,11184.0
2026-06-11 11:55:00,1475.6,1476.2,1472.3,1472.3,11174.0
2026-06-11 12:00:00,1472.7,1473.3,1470.0,1471.4,12597.0
2026-06-11 12:05:00,1471.4,1471.4,1466.5,1467.5,15560.0
2026-06-11 12:10:00,1467.4,1468.0,1464.7,1465.6,17359.0
2026-06-11 12:15:00,1465.7,1468.4,1465.0,1465.8,21101.0
2026-06-11 12:20:00,1465.6,1466.4,1464.7,1465.5,9899.0
2026-06-11 12:25:00,1465.3,1466.5,1462.3,1464.4,25318.0
2026-06-11 12:30:00,1464.6,1468.2,1464.6,1466.2,14193.0
2026-06-11 12:35:00,1466.6,1467.0,1463.2,1464.0,11861.0
2026-06-11 12:40:00,1464.7,1464.7,1461.2,1464.2,17655.0
2026-06-11 12:45:00,1463.8,1464.2,1458.7,1458.7,32686.0
2026-06-11 12:50:00,1459.8,1462.3,1459.3,1462.3,28729.0
2026-06-11 12:55:00,1462.1,1465.0,1461.5,1464.1,11842.0
2026-06-11 13:00:00,1465.0,1468.6,1463.2,1464.9,29063.0
2026-06-11 13:05:00,1464.3,1465.0,1461.2,1461.2,5762.0
2026-06-11 13:10:00,1461.8,1463.0,1457.1,1458.8,20799.0
2026-06-11 13:15:00,1458.0,1459.9,1455.9,1456.7,15482.0
2026-06-11 13:20:00,1457.3,1460.0,1455.5,1459.0,22651.0
2026-06-11 13:25:00,1459.0,1459.5,1456.0,1458.1,16893.0
2026-06-11 13:30:00,1459.6,1462.4,1457.7,1459.0,13809.0
2026-06-11 13:35:00,1458.3,1460.7,1454.4,1455.6,26558.0
2026-06-11 13:40:00,1454.9,1456.8,1453.1,1454.2,21392.0
2026-06-11 13:45:00,1454.2,1458.6,1453.4,1456.4,20660.0
2026-06-11 13:50:00,1456.1,1458.2,1455.2,1457.0,12049.0
2026-06-11 13:55:00,1457.0,1458.4,1456.5,1456.7,10348.0
2026-06-11 14:00:00,1456.7,1459.9,1456.5,1459.9,11299.0
2026-06-11 14:05:00,1459.9,1461.3,1455.4,1456.9,26057.0
2026-06-11 14:10:00,1456.9,1462.6,1455.7,1460.0,17655.0
2026-06-11 14:15:00,1460.7,1460.7,1457.0,1458.9,8942.0
2026-06-11 14:20:00,1459.4,1460.0,1457.8,1457.9,10586.0
2026-06-11 14:25:00,1457.9,1466.4,1457.5,1465.0,23741.0
2026-06-11 14:30:00,1464.8,1466.1,1462.2,1466.1,27697.0
2026-06-11 14:35:00,1467.8,1469.0,1460.0,1462.2,36189.0
2026-06-11 14:40:00,1462.3,1462.3,1457.5,1458.4,13390.0
2026-06-11 14:45:00,1458.2,1458.3,1451.1,1455.5,35976.0
2026-06-11 14:50:00,1455.4,1457.6,1452.5,1456.5,26851.0
2026-06-11 14:55:00,1456.0,1459.0,1455.9,1458.6,17329.0
2026-06-11 15:00:00,1457.7,1460.2,1452.4,1452.9,56723.0
2026-06-11 15:05:00,1452.7,1454.9,1450.6,1451.0,25264.0
2026-06-11 15:10:00,1451.0,1455.5,1450.5,1454.5,46552.0
2026-06-11 15:15:00,1454.7,1458.0,1453.0,1454.0,67791.0
2026-06-11 15:20:00,1454.4,1456.4,1450.4,1453.5,59472.0
2026-06-11 15:25:00,1453.7,1459.5,1451.6,1458.2,67159.0
2026-06-12 09:15:00,1480.0,1490.0,1470.2,1482.0,154554.0
2026-06-12 09:20:00,1481.7,1493.0,1480.9,1489.7,134901.0
2026-06-12 09:25:00,1490.4,1491.6,1476.0,1476.0,67538.0
2026-06-12 09:30:00,1476.3,1477.3,1468.8,1474.5,75770.0
2026-06-12 09:35:00,1474.4,1476.0,1472.3,1475.4,26097.0
2026-06-12 09:40:00,1475.6,1475.7,1468.0,1468.6,43687.0
2026-06-12 09:45:00,1468.0,1477.1,1465.3,1477.0,50539.0
2026-06-12 09:50:00,1476.0,1485.2,1476.0,1477.7,58196.0
2026-06-12 09:55:00,1478.0,1478.6,1474.8,1475.4,26892.0
2026-06-12 10:00:00,1475.4,1476.3,1472.2,1474.9,19888.0
2026-06-12 10:05:00,1475.4,1478.8,1472.4,1472.4,14148.0
2026-06-12 10:10:00,1472.8,1473.9,1468.2,1471.6,26637.0
2026-06-12 10:15:00,1471.9,1473.5,1470.1,1471.5,11106.0
2026-06-12 10:20:00,1471.6,1475.4,1469.9,1475.4,9277.0
2026-06-12 10:25:00,1475.3,1477.5,1473.0,1473.0,19955.0
2026-06-12 10:30:00,1472.8,1474.8,1471.2,1473.6,7508.0
2026-06-12 10:35:00,1473.6,1474.7,1472.2,1473.1,5059.0
2026-06-12 10:40:00,1473.2,1475.0,1468.2,1469.1,24248.0
2026-06-12 10:45:00,1469.2,1470.0,1462.4,1468.2,45946.0
2026-06-12 10:50:00,1469.0,1469.0,1466.0,1468.7,10796.0
2026-06-12 10:55:00,1468.6,1472.5,1468.6,1471.5,11101.0
2026-06-12 11:00:00,1471.9,1472.5,1467.0,1467.8,13023.0
2026-06-12 11:05:00,1468.1,1469.4,1467.0,1468.6,5856.0
2026-06-12 11:10:00,1468.6,1473.9,1468.4,1473.4,13340.0
2026-06-12 11:15:00,1473.1,1474.5,1470.1,1472.1,15437.0
2026-06-12 11:20:00,1471.9,1471.9,1469.0,1470.3,9110.0
2026-06-12 11:25:00,1470.3,1470.3,1466.6,1467.0,13483.0
2026-06-12 11:30:00,1467.7,1469.2,1465.0,1468.0,14712.0
2026-06-12 11:35:00,1468.3,1468.8,1466.0,1468.1,4821.0
2026-06-12 11:40:00,1468.0,1468.6,1467.0,1468.1,10824.0
2026-06-12 11:45:00,1468.0,1470.9,1467.2,1470.9,5735.0
2026-06-12 11:50:00,1471.0,1471.0,1468.3,1468.9,5677.0
2026-06-12 11:55:00,1468.4,1469.7,1468.3,1468.4,4079.0
2026-06-12 12:00:00,1467.6,1469.1,1467.3,1467.5,4790.0
2026-06-12 12:05:00,1467.5,1468.0,1463.1,1463.3,18152.0
2026-06-12 12:10:00,1463.3,1464.9,1461.4,1464.2,16899.0
2026-06-12 12:15:00,1465.5,1465.5,1461.4,1462.0,8110.0
2026-06-12 12:20:00,1461.8,1464.9,1461.3,1464.6,13563.0
2026-06-12 12:25:00,1465.0,1465.0,1463.3,1464.7,6938.0
2026-06-12 12:30:00,1464.7,1464.7,1461.0,1463.2,10182.0
2026-06-12 12:35:00,1462.3,1463.7,1460.0,1461.2,17109.0
2026-06-12 12:40:00,1461.6,1461.8,1456.7,1457.4,41110.0
2026-06-12 12:45:00,1457.1,1460.2,1456.0,1458.2,26396.0
2026-06-12 12:50:00,1458.1,1458.8,1455.2,1457.2,20098.0
2026-06-12 12:55:00,1457.2,1458.8,1456.9,1457.9,8294.0
2026-06-12 13:00:00,1457.5,1459.3,1456.3,1459.1,9086.0
2026-06-12 13:05:00,1458.8,1462.6,1458.1,1460.9,18018.0
2026-06-12 13:10:00,1460.5,1463.9,1460.3,1463.9,16491.0
2026-06-12 13:15:00,1462.9,1463.9,1462.0,1462.4,12228.0
2026-06-12 13:20:00,1462.9,1463.4,1461.2,1461.4,5610.0
2026-06-12 13:25:00,1461.4,1472.1,1460.5,1471.5,41200.0
2026-06-12 13:30:00,1471.2,1475.2,1470.1,1473.6,29653.0
2026-06-12 13:35:00,1473.6,1477.0,1473.4,1475.0,27234.0
2026-06-12 13:40:00,1474.5,1478.6,1473.4,1477.6,34535.0
2026-06-12 13:45:00,1477.9,1478.4,1476.0,1477.0,27604.0
2026-06-12 13:50:00,1477.0,1477.5,1474.3,1476.0,12526.0
2026-06-12 13:55:00,1476.0,1480.2,1475.7,1478.6,22837.0
2026-06-12 14:00:00,1478.6,1479.5,1476.5,1477.1,13893.0
2026-06-12 14:05:00,1477.4,1485.5,1477.2,1485.5,53792.0
2026-06-12 14:10:00,1485.9,1486.8,1480.7,1483.9,38057.0
2026-06-12 14:15:00,1483.7,1486.9,1483.7,1485.7,22999.0
2026-06-12 14:20:00,1484.9,1485.0,1482.0,1482.1,19019.0
2026-06-12 14:25:00,1482.2,1484.0,1479.3,1482.6,25350.0
2026-06-12 14:30:00,1482.6,1483.6,1480.3,1480.6,14125.0
2026-06-12 14:35:00,1481.4,1483.3,1479.5,1482.6,15444.0
2026-06-12 14:40:00,1483.5,1484.5,1482.1,1483.6,15645.0
2026-06-12 14:45:00,1483.6,1485.5,1483.1,1484.8,18105.0
2026-06-12 14:50:00,1485.0,1485.5,1483.0,1483.3,13633.0
2026-06-12 14:55:00,1483.0,1483.0,1479.8,1480.0,21445.0
2026-06-12 15:00:00,1480.2,1487.9,1478.0,1487.9,57848.0
2026-06-12 15:05:00,1488.2,1488.8,1485.7,1486.5,36873.0
2026-06-12 15:10:00,1486.5,1486.7,1484.1,1485.0,33034.0
2026-06-12 15:15:00,1485.0,1487.3,1484.2,1486.2,67708.0
2026-06-12 15:20:00,1486.7,1487.5,1483.7,1485.2,30165.0
2026-06-12 15:25:00,1485.8,1487.5,1481.7,1482.1,43044.0
2026-06-15 09:15:00,1502.0,1512.1,1500.0,1506.4,166611.0
2026-06-15 09:20:00,1505.5,1506.0,1495.7,1496.0,73471.0
2026-06-15 09:25:00,1495.8,1502.5,1495.2,1498.0,56355.0
2026-06-15 09:30:00,1496.6,1498.8,1493.4,1496.5,32190.0
2026-06-15 09:35:00,1497.4,1501.8,1495.0,1500.6,34850.0
2026-06-15 09:40:00,1500.5,1505.6,1500.1,1504.0,26927.0
2026-06-15 09:45:00,1503.8,1504.0,1498.0,1499.6,26263.0
2026-06-15 09:50:00,1499.6,1499.8,1494.4,1495.4,39636.0
2026-06-15 09:55:00,1495.2,1496.3,1486.9,1487.1,86444.0
2026-06-15 10:00:00,1486.8,1490.3,1486.0,1487.0,41406.0
2026-06-15 10:05:00,1487.7,1487.7,1482.5,1485.6,44037.0
2026-06-15 10:10:00,1485.8,1487.8,1484.1,1485.0,27785.0
2026-06-15 10:15:00,1485.0,1486.2,1482.0,1482.5,41151.0
2026-06-15 10:20:00,1482.0,1486.3,1481.0,1482.9,27129.0
2026-06-15 10:25:00,1482.4,1484.3,1481.6,1484.3,18118.0
2026-06-15 10:30:00,1484.7,1486.5,1484.0,1484.4,16957.0
2026-06-15 10:35:00,1484.4,1485.0,1482.0,1482.4,15754.0
2026-06-15 10:40:00,1482.0,1483.7,1478.4,1480.7,41160.0
2026-06-15 10:45:00,1480.7,1484.1,1480.0,1483.4,20354.0
2026-06-15 10:50:00,1483.6,1484.0,1482.0,1483.0,14103.0
2026-06-15 10:55:00,1483.0,1485.3,1482.5,1485.3,23094.0
2026-06-15 11:00:00,1485.0,1486.9,1484.0,1486.8,21830.0
2026-06-15 11:05:00,1486.8,1487.8,1484.3,1486.3,30079.0
2026-06-15 11:10:00,1486.0,1486.3,1484.0,1484.7,12551.0
2026-06-15 11:15:00,1484.7,1489.5,1484.4,1489.1,12197.0
2026-06-15 11:20:00,1489.1,1489.7,1487.5,1488.0,24623.0
2026-06-15 11:25:00,1487.5,1491.6,1487.4,1490.0,19005.0
2026-06-15 11:30:00,1490.6,1491.3,1489.3,1491.0,13800.0
2026-06-15 11:35:00,1491.0,1498.0,1490.1,1495.0,43577.0
2026-06-15 11:40:00,1494.8,1504.9,1494.5,1502.0,92084.0
2026-06-15 11:45:00,1501.5,1501.6,1493.3,1493.8,34417.0
2026-06-15 11:50:00,1493.8,1495.0,1493.3,1493.7,11135.0
2026-06-15 11:55:00,1493.7,1495.5,1492.5,1495.5,11567.0
2026-06-15 12:00:00,1495.0,1495.6,1491.3,1492.0,14605.0
2026-06-15 12:05:00,1492.0,1496.7,1490.0,1494.5,26291.0
2026-06-15 12:10:00,1494.0,1497.2,1493.6,1495.7,9291.0
2026-06-15 12:15:00,1495.2,1497.8,1494.5,1497.5,25964.0
2026-06-15 12:20:00,1497.4,1498.1,1495.0,1497.5,15339.0
2026-06-15 12:25:00,1497.0,1503.7,1496.4,1500.6,42701.0
2026-06-15 12:30:00,1500.0,1500.9,1496.5,1498.2,15067.0
2026-06-15 12:35:00,1497.9,1499.9,1497.3,1498.0,7705.0
2026-06-15 12:40:00,1497.5,1498.0,1494.1,1496.7,15910.0
2026-06-15 12:45:00,1496.0,1501.0,1492.2,1495.4,141837.0
2026-06-15 12:50:00,1496.0,1496.4,1492.5,1493.5,10930.0
2026-06-15 12:55:00,1493.5,1494.5,1492.6,1493.2,7082.0
2026-06-15 13:00:00,1493.2,1493.2,1491.0,1492.6,11864.0
2026-06-15 13:05:00,1491.5,1492.6,1489.0,1490.3,17619.0
2026-06-15 13:10:00,1490.1,1495.0,1489.4,1494.0,14120.0
2026-06-15 13:15:00,1493.8,1493.8,1491.3,1492.0,9696.0
2026-06-15 13:20:00,1491.3,1494.8,1491.2,1493.1,6194.0
2026-06-15 13:25:00,1493.8,1494.8,1492.7,1494.1,10596.0
2026-06-15 13:30:00,1493.8,1494.0,1492.0,1493.0,2677.0
2026-06-15 13:35:00,1493.3,1493.8,1492.0,1493.2,3832.0
2026-06-15 13:40:00,1493.0,1494.5,1491.6,1492.0,5129.0
2026-06-15 13:45:00,1492.0,1493.0,1491.2,1492.3,2859.0
2026-06-15 13:50:00,1492.7,1493.0,1487.5,1490.4,27911.0
2026-06-15 13:55:00,1489.5,1495.0,1489.3,1494.5,19521.0
2026-06-15 14:00:00,1494.4,1494.5,1493.1,1493.8,3891.0
2026-06-15 14:05:00,1494.1,1498.0,1493.8,1497.0,15053.0
2026-06-15 14:10:00,1497.0,1498.0,1493.9,1494.2,9511.0
2026-06-15 14:15:00,1494.2,1494.4,1489.7,1493.3,21970.0
2026-06-15 14:20:00,1492.8,1493.9,1491.0,1491.4,8837.0
2026-06-15 14:25:00,1491.4,1493.1,1491.1,1492.1,8559.0
2026-06-15 14:30:00,1492.7,1494.2,1492.0,1493.6,8663.0
2026-06-15 14:35:00,1493.2,1494.4,1492.9,1493.4,5608.0
2026-06-15 14:40:00,1493.8,1493.8,1488.3,1490.0,16226.0
2026-06-15 14:45:00,1490.1,1491.0,1488.4,1490.3,26024.0
2026-06-15 14:50:00,1490.3,1490.8,1483.0,1483.3,60579.0
2026-06-15 14:55:00,1484.7,1487.0,1483.0,1485.0,19186.0
2026-06-15 15:00:00,1484.8,1488.7,1483.4,1486.5,42410.0
2026-06-15 15:05:00,1486.7,1487.0,1483.1,1483.9,16058.0
2026-06-15 15:10:00,1484.0,1484.6,1479.7,1482.5,43096.0
2026-06-15 15:15:00,1483.0,1487.5,1481.7,1485.3,71950.0
2026-06-15 15:20:00,1485.0,1485.5,1476.7,1481.8,96599.0
2026-06-15 15:25:00,1481.5,1482.7,1478.3,1482.0,74736.0
2026-06-16 09:15:00,1489.6,1489.6,1478.5,1484.1,81234.0
2026-06-16 09:20:00,1484.6,1485.9,1482.0,1482.9,32010.0
2026-06-16 09:25:00,1482.4,1486.2,1478.7,1484.1,34324.0
2026-06-16 09:30:00,1485.0,1485.3,1480.0,1481.2,27037.0
2026-06-16 09:35:00,1481.0,1481.3,1475.1,1477.5,37365.0
2026-06-16 09:40:00,1476.8,1478.5,1474.0,1476.8,29740.0
2026-06-16 09:45:00,1476.3,1479.8,1476.0,1478.3,12106.0
2026-06-16 09:50:00,1478.3,1487.3,1475.9,1487.0,46482.0
2026-06-16 09:55:00,1487.0,1496.0,1485.9,1490.9,89321.0
2026-06-16 10:00:00,1491.0,1491.0,1486.5,1487.2,17474.0
2026-06-16 10:05:00,1487.2,1488.3,1486.0,1486.1,12300.0
2026-06-16 10:10:00,1486.0,1489.0,1485.6,1486.6,7863.0
2026-06-16 10:15:00,1486.6,1489.4,1486.3,1487.3,11278.0
2026-06-16 10:20:00,1487.0,1490.0,1486.7,1487.8,11127.0
2026-06-16 10:25:00,1487.8,1489.0,1487.0,1489.0,2927.0
2026-06-16 10:30:00,1488.9,1489.5,1487.7,1489.1,11502.0
2026-06-16 10:35:00,1489.5,1494.5,1488.9,1491.0,35910.0
2026-06-16 10:40:00,1490.9,1493.0,1489.0,1491.3,18269.0
2026-06-16 10:45:00,1491.0,1493.0,1490.9,1491.4,8325.0
2026-06-16 10:50:00,1492.0,1492.3,1488.8,1489.4,6500.0
2026-06-16 10:55:00,1490.1,1490.8,1488.3,1490.0,6720.0
2026-06-16 11:00:00,1490.0,1490.0,1486.5,1487.4,5896.0
2026-06-16 11:05:00,1487.0,1487.8,1484.3,1484.5,18290.0
2026-06-16 11:10:00,1484.7,1488.3,1483.0,1487.9,29426.0
2026-06-16 11:15:00,1488.0,1489.0,1486.4,1486.5,10148.0
2026-06-16 11:20:00,1486.5,1488.8,1486.2,1488.8,3074.0
2026-06-16 11:25:00,1488.1,1488.9,1484.0,1484.8,7921.0
2026-06-16 11:30:00,1484.7,1485.2,1479.0,1481.6,22406.0
2026-06-16 11:35:00,1481.6,1482.0,1477.5,1479.6,15630.0
2026-06-16 11:40:00,1479.5,1480.3,1478.3,1479.0,7865.0
2026-06-16 11:45:00,1479.0,1480.2,1478.2,1479.3,5173.0
2026-06-16 11:50:00,1479.0,1481.0,1478.2,1478.9,5094.0
2026-06-16 11:55:00,1479.1,1481.6,1478.1,1480.4,7497.0
2026-06-16 12:00:00,1480.0,1480.0,1472.6,1477.0,32606.0
2026-06-16 12:05:00,1477.2,1478.5,1475.8,1478.0,10104.0
2026-06-16 12:10:00,1477.4,1478.0,1477.2,1478.0,2236.0
2026-06-16 12:15:00,1478.0,1478.0,1473.9,1474.9,14403.0
2026-06-16 12:20:00,1474.3,1476.1,1473.9,1475.4,5257.0
2026-06-16 12:25:00,1475.4,1479.0,1475.4,1477.0,4808.0
2026-06-16 12:30:00,1477.8,1477.8,1475.7,1476.2,4670.0
2026-06-16 12:35:00,1476.0,1477.2,1475.6,1476.6,4539.0
2026-06-16 12:40:00,1476.8,1476.8,1475.2,1476.5,4849.0
2026-06-16 12:45:00,1476.6,1476.6,1474.0,1474.5,2571.0
2026-06-16 12:50:00,1475.0,1475.0,1474.0,1475.0,4003.0
2026-06-16 12:55:00,1475.0,1475.8,1474.0,1474.3,9599.0
2026-06-16 13:00:00,1474.9,1475.8,1474.3,1474.5,2600.0
2026-06-16 13:05:00,1475.1,1477.9,1474.5,1477.7,6619.0
2026-06-16 13:10:00,1477.8,1478.6,1476.2,1478.0,10415.0
2026-06-16 13:15:00,1478.1,1478.1,1476.8,1477.0,3703.0
2026-06-16 13:20:00,1476.2,1478.4,1476.0,1478.2,5520.0
2026-06-16 13:25:00,1478.2,1483.4,1477.6,1482.3,27740.0
2026-06-16 13:30:00,1482.3,1482.5,1481.5,1482.4,6595.0
2026-06-16 13:35:00,1482.4,1490.7,1482.0,1487.9,51722.0
2026-06-16 13:40:00,1487.8,1487.9,1484.6,1485.9,14725.0
2026-06-16 13:45:00,1486.5,1488.0,1484.6,1486.0,6386.0
2026-06-16 13:50:00,1486.0,1487.6,1484.3,1485.0,6879.0
2026-06-16 13:55:00,1485.0,1487.5,1485.0,1486.5,5654.0
2026-06-16 14:00:00,1486.5,1487.4,1484.5,1485.4,9196.0
2026-06-16 14:05:00,1485.3,1487.1,1484.6,1487.1,7025.0
2026-06-16 14:10:00,1487.4,1488.4,1485.2,1488.0,10324.0
2026-06-16 14:15:00,1487.7,1490.4,1487.7,1489.4,24130.0
2026-06-16 14:20:00,1489.4,1489.4,1486.2,1487.4,10129.0
2026-06-16 14:25:00,1487.0,1487.9,1485.1,1486.0,10853.0
2026-06-16 14:30:00,1486.1,1488.6,1486.1,1487.1,8355.0
2026-06-16 14:35:00,1487.8,1487.8,1485.1,1486.7,3719.0
2026-06-16 14:40:00,1486.7,1486.7,1483.1,1484.3,22754.0
2026-06-16 14:45:00,1484.5,1485.4,1482.9,1483.3,25432.0
2026-06-16 14:50:00,1483.7,1486.7,1481.6,1486.2,27546.0
2026-06-16 14:55:00,1485.9,1486.7,1484.3,1485.5,6784.0
2026-06-16 15:00:00,1486.0,1488.3,1485.2,1486.2,22653.0
2026-06-16 15:05:00,1485.5,1486.4,1483.4,1483.4,18265.0
2026-06-16 15:10:00,1483.8,1483.8,1481.3,1483.0,17525.0
2026-06-16 15:15:00,1481.9,1484.0,1481.0,1481.7,30332.0
2026-06-16 15:20:00,1481.7,1482.5,1480.1,1481.3,21728.0
2026-06-16 15:25:00,1481.5,1482.5,1477.5,1481.7,42029.0
2026-06-17 09:15:00,1489.7,1489.7,1464.2,1470.1,152059.0
2026-06-17 09:20:00,1470.1,1472.7,1468.3,1468.6,53091.0
2026-06-17 09:25:00,1469.0,1471.0,1466.2,1469.7,31595.0
2026-06-17 09:30:00,1469.7,1473.0,1468.6,1469.1,22773.0
2026-06-17 09:35:00,1469.1,1470.9,1465.0,1466.1,51110.0
2026-06-17 09:40:00,1465.9,1467.0,1463.0,1465.3,38010.0
2026-06-17 09:45:00,1465.5,1467.0,1465.2,1466.8,15576.0
2026-06-17 09:50:00,1466.7,1467.0,1465.2,1466.8,20774.0
2026-06-17 09:55:00,1466.5,1466.6,1462.8,1466.1,23772.0
2026-06-17 10:00:00,1466.6,1466.8,1463.0,1464.3,16449.0
2026-06-17 10:05:00,1464.4,1467.9,1463.0,1467.0,25371.0
2026-06-17 10:10:00,1467.0,1467.0,1465.0,1465.4,10576.0
2026-06-17 10:15:00,1466.0,1467.3,1465.0,1466.3,10407.0
2026-06-17 10:20:00,1466.5,1472.1,1465.0,1467.7,401514.0
2026-06-17 10:25:00,1467.1,1468.0,1465.2,1466.2,37237.0
2026-06-17 10:30:00,1466.1,1468.0,1465.0,1465.9,15011.0
2026-06-17 10:35:00,1466.5,1466.9,1462.5,1463.0,21639.0
2026-06-17 10:40:00,1462.9,1464.5,1462.0,1464.5,26451.0
2026-06-17 10:45:00,1464.9,1465.4,1462.5,1464.1,20891.0
2026-06-17 10:50:00,1464.0,1464.0,1463.0,1463.7,5975.0
2026-06-17 10:55:00,1463.0,1469.4,1462.5,1462.9,37347.0
2026-06-17 11:00:00,1462.9,1463.7,1460.0,1463.0,32653.0
2026-06-17 11:05:00,1463.0,1463.0,1457.2,1459.5,47245.0
2026-06-17 11:10:00,1460.1,1461.0,1459.4,1460.9,12513.0
2026-06-17 11:15:00,1460.9,1462.2,1460.5,1462.2,12034.0
2026-06-17 11:20:00,1462.2,1462.8,1461.0,1462.0,10716.0
2026-06-17 11:25:00,1462.0,1462.2,1460.9,1461.5,7373.0
2026-06-17 11:30:00,1461.5,1463.8,1460.6,1462.5,23707.0
2026-06-17 11:35:00,1462.5,1462.5,1458.0,1460.4,23070.0
2026-06-17 11:40:00,1460.0,1460.4,1457.1,1458.5,22668.0
2026-06-17 11:45:00,1458.0,1459.0,1456.3,1457.0,16437.0
2026-06-17 11:50:00,1456.5,1458.5,1456.5,1458.2,10574.0
2026-06-17 11:55:00,1458.0,1458.8,1457.1,1457.5,7147.0
2026-06-17 12:00:00,1457.1,1458.8,1456.6,1458.5,15645.0
2026-06-17 12:05:00,1459.3,1460.6,1458.6,1459.3,11705.0
2026-06-17 12:10:00,1459.5,1460.7,1459.4,1460.0,7496.0
2026-06-17 12:15:00,1460.0,1462.4,1460.0,1462.2,20327.0
2026-06-17 12:20:00,1462.4,1463.0,1461.2,1462.5,8485.0
2026-06-17 12:25:00,1462.4,1465.5,1460.6,1464.3,26704.0
2026-06-17 12:30:00,1464.5,1469.4,1464.2,1467.1,55689.0
2026-06-17 12:35:00,1467.2,1467.7,1465.0,1466.7,40266.0
2026-06-17 12:40:00,1467.0,1469.9,1466.1,1467.3,35679.0
2026-06-17 12:45:00,1468.0,1469.3,1466.2,1466.7,24713.0
2026-06-17 12:50:00,1466.6,1467.0,1462.4,1462.4,11785.0
2026-06-17 12:55:00,1462.3,1463.7,1462.0,1463.1,5726.0
2026-06-17 13:00:00,1463.0,1463.0,1462.0,1462.5,9736.0
2026-06-17 13:05:00,1462.6,1463.0,1462.0,1462.3,2966.0
2026-06-17 13:10:00,1462.4,1465.9,1462.0,1463.9,9096.0
2026-06-17 13:15:00,1463.8,1465.0,1462.5,1464.7,5812.0
2026-06-17 13:20:00,1464.6,1467.5,1464.0,1465.5,12777.0
2026-06-17 13:25:00,1466.0,1466.2,1465.2,1466.0,4866.0
2026-06-17 13:30:00,1466.0,1467.0,1465.0,1466.2,4420.0
2026-06-17 13:35:00,1466.0,1467.7,1465.2,1467.6,14135.0
2026-06-17 13:40:00,1467.0,1467.3,1465.6,1466.3,4565.0
2026-06-17 13:45:00,1466.4,1466.6,1463.9,1463.9,6640.0
2026-06-17 13:50:00,1463.6,1464.2,1461.0,1463.6,22271.0
2026-06-17 13:55:00,1463.0,1464.4,1461.6,1463.4,3336.0
2026-06-17 14:00:00,1463.8,1464.2,1461.4,1462.0,5673.0
2026-06-17 14:05:00,1461.7,1462.1,1460.3,1460.8,8876.0
2026-06-17 14:10:00,1460.9,1463.0,1460.0,1463.0,13191.0
2026-06-17 14:15:00,1462.6,1463.7,1462.0,1463.5,8926.0
2026-06-17 14:20:00,1463.7,1464.0,1462.3,1463.6,7307.0
2026-06-17 14:25:00,1462.7,1463.0,1460.0,1460.2,14024.0
2026-06-17 14:30:00,1460.2,1463.1,1460.1,1461.6,11886.0
2026-06-17 14:35:00,1461.6,1464.5,1461.3,1464.5,8849.0
2026-06-17 14:40:00,1464.5,1465.7,1463.5,1464.9,14276.0
2026-06-17 14:45:00,1464.9,1467.0,1462.1,1462.1,17035.0
2026-06-17 14:50:00,1462.1,1466.3,1462.1,1465.3,23905.0
2026-06-17 14:55:00,1465.0,1467.3,1464.3,1466.9,58261.0
2026-06-17 15:00:00,1467.0,1470.2,1465.2,1466.8,114234.0
2026-06-17 15:05:00,1466.9,1467.0,1464.3,1466.1,47104.0
2026-06-17 15:10:00,1466.0,1466.5,1464.4,1464.8,27796.0
2026-06-17 15:15:00,1464.5,1465.2,1462.8,1463.5,57648.0
2026-06-17 15:20:00,1464.2,1465.5,1463.1,1465.4,34522.0
2026-06-17 15:25:00,1464.5,1467.0,1463.5,1466.6,56374.0
2026-06-18 09:15:00,1472.5,1483.5,1470.0,1477.1,84642.0
2026-06-18 09:20:00,1476.7,1478.8,1471.3,1471.4,51633.0
2026-06-18 09:25:00,1471.2,1473.4,1470.0,1471.2,30188.0
2026-06-18 09:30:00,1471.0,1473.2,1466.4,1466.5,47879.0
2026-06-18 09:35:00,1466.2,1468.9,1465.5,1465.9,30682.0
2026-06-18 09:40:00,1465.8,1472.0,1465.8,1469.9,28358.0
2026-06-18 09:45:00,1469.6,1470.5,1468.1,1469.6,14127.0
2026-06-18 09:50:00,1469.2,1476.9,1468.5,1475.5,47307.0
2026-06-18 09:55:00,1475.5,1476.5,1472.6,1473.7,25176.0
2026-06-18 10:00:00,1473.8,1473.9,1468.6,1468.6,13144.0
2026-06-18 10:05:00,1469.3,1472.0,1468.0,1470.0,8640.0
2026-06-18 10:10:00,1470.0,1470.5,1468.5,1468.5,7830.0
2026-06-18 10:15:00,1469.0,1470.5,1468.1,1469.6,17163.0
2026-06-18 10:20:00,1469.7,1470.9,1468.5,1468.5,10291.0
2026-06-18 10:25:00,1468.2,1468.7,1465.6,1466.0,17720.0
2026-06-18 10:30:00,1466.0,1469.1,1465.0,1468.0,25492.0
2026-06-18 10:35:00,1468.0,1468.4,1465.5,1465.8,5838.0
2026-06-18 10:40:00,1466.5,1468.0,1465.7,1467.1,7138.0
2026-06-18 10:45:00,1466.6,1470.9,1466.6,1469.0,9065.0
2026-06-18 10:50:00,1469.6,1474.7,1468.5,1472.7,18929.0
2026-06-18 10:55:00,1472.9,1475.0,1471.2,1475.0,26659.0
2026-06-18 11:00:00,1475.3,1475.3,1472.6,1473.7,14152.0
2026-06-18 11:05:00,1473.2,1473.7,1470.8,1473.5,9464.0
2026-06-18 11:10:00,1473.3,1473.3,1470.0,1471.0,8309.0
2026-06-18 11:15:00,1470.5,1471.4,1467.0,1467.5,11122.0
2026-06-18 11:20:00,1467.5,1470.6,1467.0,1470.0,8565.0
2026-06-18 11:25:00,1470.0,1472.2,1470.0,1470.8,8647.0
2026-06-18 11:30:00,1471.4,1473.0,1470.1,1472.9,6277.0
2026-06-18 11:35:00,1472.2,1474.2,1471.6,1473.1,9119.0
2026-06-18 11:40:00,1473.3,1474.0,1472.2,1473.0,3739.0
2026-06-18 11:45:00,1473.5,1473.5,1471.7,1472.6,7535.0
2026-06-18 11:50:00,1472.4,1472.6,1470.5,1471.1,3985.0
2026-06-18 11:55:00,1471.8,1472.5,1470.9,1472.4,4131.0
2026-06-18 12:00:00,1472.7,1473.2,1471.5,1472.2,4876.0
2026-06-18 12:05:00,1472.9,1475.0,1471.7,1474.0,15856.0
2026-06-18 12:10:00,1473.9,1474.5,1472.8,1473.5,7002.0
2026-06-18 12:15:00,1473.5,1476.0,1473.2,1475.5,9163.0
2026-06-18 12:20:00,1476.4,1478.0,1475.6,1477.0,17115.0
2026-06-18 12:25:00,1477.0,1489.2,1475.6,1489.1,78622.0
2026-06-18 12:30:00,1489.0,1493.0,1485.0,1487.1,93951.0
2026-06-18 12:35:00,1486.1,1487.6,1481.3,1483.6,45693.0
2026-06-18 12:40:00,1483.6,1485.1,1482.4,1482.6,20033.0
2026-06-18 12:45:00,1482.6,1483.0,1479.1,1481.3,13732.0
2026-06-18 12:50:00,1481.0,1484.7,1477.5,1483.0,38736.0
2026-06-18 12:55:00,1483.9,1485.2,1480.9,1485.0,11538.0
2026-06-18 13:00:00,1485.0,1489.3,1483.2,1487.9,25052.0
2026-06-18 13:05:00,1487.9,1497.1,1486.3,1492.0,71112.0
2026-06-18 13:10:00,1492.5,1495.0,1492.0,1492.9,29340.0
2026-06-18 13:15:00,1493.7,1494.0,1487.0,1487.0,25794.0
2026-06-18 13:20:00,1487.6,1488.7,1483.1,1483.8,22475.0
2026-06-18 13:25:00,1483.2,1484.1,1481.0,1483.0,21292.0
2026-06-18 13:30:00,1483.0,1485.0,1481.9,1483.2,9166.0
2026-06-18 13:35:00,1483.7,1483.9,1481.1,1481.4,10470.0
2026-06-18 13:40:00,1481.1,1482.2,1480.1,1481.0,12374.0
2026-06-18 13:45:00,1481.0,1484.9,1481.0,1483.0,10804.0
2026-06-18 13:50:00,1483.0,1484.3,1482.0,1483.2,5066.0
2026-06-18 13:55:00,1483.2,1483.9,1481.9,1481.9,7060.0
2026-06-18 14:00:00,1482.9,1482.9,1481.2,1482.4,18077.0
2026-06-18 14:05:00,1481.7,1483.5,1481.0,1481.0,17336.0
2026-06-18 14:10:00,1481.4,1484.6,1481.4,1484.6,13558.0
2026-06-18 14:15:00,1484.4,1484.4,1481.1,1482.0,11381.0
2026-06-18 14:20:00,1482.0,1486.4,1480.5,1484.8,12219.0
2026-06-18 14:25:00,1485.7,1488.1,1484.5,1485.2,13557.0
2026-06-18 14:30:00,1485.0,1485.7,1482.4,1484.7,15464.0
2026-06-18 14:35:00,1484.7,1485.9,1483.9,1484.4,5210.0
2026-06-18 14:40:00,1484.5,1486.9,1483.8,1485.7,14856.0
2026-06-18 14:45:00,1485.7,1485.8,1483.1,1483.1,11292.0
2026-06-18 14:50:00,1484.0,1489.1,1484.0,1487.4,21319.0
2026-06-18 14:55:00,1487.6,1493.0,1487.2,1492.0,32138.0
2026-06-18 15:00:00,1492.5,1494.8,1491.1,1492.4,42460.0
2026-06-18 15:05:00,1492.4,1502.8,1491.6,1500.9,139945.0
2026-06-18 15:10:00,1502.8,1507.5,1500.9,1506.7,120944.0
2026-06-18 15:15:00,1506.6,1510.0,1502.0,1508.0,124073.0
2026-06-18 15:20:00,1508.0,1514.0,1507.1,1513.8,100472.0
2026-06-18 15:25:00,1512.8,1520.0,1512.8,1518.1,174402.0
2026-06-19 09:15:00,1508.0,1519.5,1504.9,1516.5,140004.0
2026-06-19 09:20:00,1516.2,1522.0,1512.7,1517.5,95225.0
2026-06-19 09:25:00,1517.2,1518.3,1508.2,1513.2,65451.0
2026-06-19 09:30:00,1512.5,1515.0,1507.6,1508.0,62012.0
2026-06-19 09:35:00,1508.4,1512.0,1507.0,1512.0,38754.0
2026-06-19 09:40:00,1511.7,1521.0,1510.8,1514.2,84839.0
2026-06-19 09:45:00,1514.1,1518.3,1513.0,1517.0,31009.0
2026-06-19 09:50:00,1517.0,1517.9,1514.5,1515.9,14983.0
2026-06-19 09:55:00,1515.9,1519.6,1515.1,1516.8,28068.0
2026-06-19 10:00:00,1516.7,1516.7,1510.3,1512.0,37475.0
2026-06-19 10:05:00,1512.1,1514.0,1510.2,1512.5,13609.0
2026-06-19 10:10:00,1512.3,1517.6,1511.0,1515.9,12588.0
2026-06-19 10:15:00,1515.3,1515.8,1513.0,1513.5,10996.0
2026-06-19 10:20:00,1513.5,1514.0,1511.4,1511.9,7301.0
2026-06-19 10:25:00,1511.9,1514.8,1510.6,1511.4,41833.0
2026-06-19 10:30:00,1511.7,1513.0,1510.1,1512.4,9552.0
2026-06-19 10:35:00,1511.7,1512.9,1510.0,1511.9,24753.0
2026-06-19 10:40:00,1512.5,1515.5,1511.5,1514.7,24013.0
2026-06-19 10:45:00,1514.1,1516.0,1513.2,1514.2,12720.0
2026-06-19 10:50:00,1513.6,1515.1,1512.1,1514.5,10293.0
2026-06-19 10:55:00,1514.4,1515.8,1511.3,1514.6,25480.0
2026-06-19 11:00:00,1514.6,1522.4,1514.6,1519.8,81371.0
2026-06-19 11:05:00,1518.8,1520.0,1517.1,1518.0,19516.0
2026-06-19 11:10:00,1518.0,1525.0,1517.6,1525.0,35562.0
2026-06-19 11:15:00,1524.9,1527.0,1522.0,1523.5,58204.0
2026-06-19 11:20:00,1523.5,1525.1,1521.0,1522.0,20437.0
2026-06-19 11:25:00,1521.4,1522.0,1518.6,1521.1,20145.0
2026-06-19 11:30:00,1521.1,1523.6,1520.5,1522.2,22770.0
2026-06-19 11:35:00,1521.8,1522.5,1518.2,1518.6,17198.0
2026-06-19 11:40:00,1518.6,1519.7,1517.3,1518.4,19282.0
2026-06-19 11:45:00,1517.3,1518.5,1516.4,1517.8,13411.0
2026-06-19 11:50:00,1518.1,1520.0,1517.4,1519.0,16784.0
2026-06-19 11:55:00,1519.0,1520.0,1517.5,1519.8,9420.0
2026-06-19 12:00:00,1519.5,1522.4,1518.1,1519.3,18386.0
2026-06-19 12:05:00,1519.3,1519.5,1516.0,1517.2,17562.0
2026-06-19 12:10:00,1517.5,1519.2,1516.4,1518.2,5171.0
2026-06-19 12:15:00,1517.5,1517.7,1516.0,1516.8,8097.0
2026-06-19 12:20:00,1516.5,1518.0,1515.3,1515.4,9157.0
2026-06-19 12:25:00,1515.4,1516.3,1513.2,1515.8,23789.0
2026-06-19 12:30:00,1515.7,1518.2,1514.2,1516.1,44325.0
2026-06-19 12:35:00,1516.0,1518.6,1514.9,1517.3,7369.0
2026-06-19 12:40:00,1517.3,1517.5,1510.3,1514.3,34721.0
2026-06-19 12:45:00,1514.8,1516.0,1513.3,1515.0,9263.0
2026-06-19 12:50:00,1514.5,1516.0,1513.5,1513.8,17766.0
2026-06-19 12:55:00,1513.8,1514.0,1509.0,1512.8,31269.0
2026-06-19 13:00:00,1513.2,1515.0,1509.0,1509.0,32077.0
2026-06-19 13:05:00,1509.1,1512.5,1509.0,1511.1,9726.0
2026-06-19 13:10:00,1511.1,1512.5,1511.1,1511.9,11808.0
2026-06-19 13:15:00,1512.5,1512.9,1511.5,1511.5,3691.0
2026-06-19 13:20:00,1511.5,1512.3,1510.0,1510.0,8382.0
2026-06-19 13:25:00,1510.0,1511.5,1510.0,1511.2,1868.0
2026-06-19 13:30:00,1511.3,1513.0,1510.5,1512.6,5923.0
2026-06-19 13:35:00,1512.6,1513.0,1511.0,1512.5,3083.0
2026-06-19 13:40:00,1512.0,1517.1,1512.0,1514.0,15266.0
2026-06-19 13:45:00,1513.4,1513.6,1511.0,1512.4,5029.0
2026-06-19 13:50:00,1512.9,1513.0,1507.2,1508.5,63227.0
2026-06-19 13:55:00,1508.5,1509.9,1508.0,1508.8,10722.0
2026-06-19 14:00:00,1508.6,1510.0,1501.2,1504.0,35840.0
2026-06-19 14:05:00,1504.1,1506.0,1503.6,1504.4,11341.0
2026-06-19 14:10:00,1505.0,1506.0,1504.1,1506.0,9334.0
2026-06-19 14:15:00,1505.3,1506.8,1504.1,1504.8,9435.0
2026-06-19 14:20:00,1504.7,1504.8,1501.7,1502.0,13586.0
2026-06-19 14:25:00,1501.6,1503.6,1498.5,1500.9,30563.0
2026-06-19 14:30:00,1501.7,1504.1,1500.9,1504.0,14242.0
2026-06-19 14:35:00,1504.2,1506.9,1503.4,1504.7,13735.0
2026-06-19 14:40:00,1504.6,1505.9,1502.7,1504.3,20792.0
2026-06-19 14:45:00,1504.9,1505.0,1503.2,1503.8,14575.0
2026-06-19 14:50:00,1504.2,1504.3,1493.1,1498.0,59083.0
2026-06-19 14:55:00,1497.5,1498.0,1494.9,1497.1,22699.0
2026-06-19 15:00:00,1496.4,1505.9,1495.0,1502.1,216004.0
2026-06-19 15:05:00,1500.9,1504.3,1500.9,1501.9,160245.0
2026-06-19 15:10:00,1502.3,1506.2,1502.1,1502.6,169759.0
2026-06-19 15:15:00,1502.7,1504.0,1499.5,1503.4,218655.0
2026-06-19 15:20:00,1503.7,1503.7,1500.1,1502.1,190328.0
2026-06-19 15:25:00,1502.7,1507.0,1498.1,1506.0,221669.0
2026-06-22 09:15:00,1509.0,1509.0,1498.3,1507.0,69563.0
2026-06-22 09:20:00,1507.3,1507.5,1497.1,1500.0,50059.0
2026-06-22 09:25:00,1499.0,1501.7,1497.9,1499.9,22785.0
2026-06-22 09:30:00,1500.4,1500.9,1495.7,1498.0,33022.0
2026-06-22 09:35:00,1498.0,1498.0,1493.0,1497.0,23820.0
2026-06-22 09:40:00,1496.6,1498.9,1496.1,1498.1,18588.0
2026-06-22 09:45:00,1498.2,1499.2,1497.4,1498.4,9965.0
2026-06-22 09:50:00,1498.5,1498.5,1493.0,1494.2,19428.0
2026-06-22 09:55:00,1493.8,1497.9,1493.7,1497.0,17261.0
2026-06-22 10:00:00,1497.0,1501.4,1497.0,1500.7,15349.0
2026-06-22 10:05:00,1500.9,1503.5,1496.0,1501.2,17188.0
2026-06-22 10:10:00,1501.2,1502.3,1500.1,1500.3,25747.0
2026-06-22 10:15:00,1500.5,1501.4,1497.6,1498.8,10389.0
2026-06-22 10:20:00,1498.1,1500.5,1498.0,1499.2,4947.0
2026-06-22 10:25:00,1499.6,1499.8,1498.1,1499.4,6435.0
2026-06-22 10:30:00,1499.4,1500.2,1497.6,1497.7,6556.0
2026-06-22 10:35:00,1498.0,1500.0,1497.7,1499.0,4048.0
2026-06-22 10:40:00,1499.0,1500.0,1498.2,1498.9,5739.0
2026-06-22 10:45:00,1498.9,1498.9,1490.5,1492.8,37126.0
2026-06-22 10:50:00,1492.3,1495.3,1490.9,1495.2,20299.0
2026-06-22 10:55:00,1494.5,1502.9,1494.5,1502.9,19340.0
2026-06-22 11:00:00,1502.4,1512.2,1502.0,1509.9,76818.0
2026-06-22 11:05:00,1509.4,1513.0,1509.3,1513.0,55360.0
2026-06-22 11:10:00,1513.0,1522.2,1508.5,1522.2,102847.0
2026-06-22 11:15:00,1522.0,1523.8,1517.1,1520.9,65471.0
2026-06-22 11:20:00,1520.9,1525.0,1519.4,1523.0,65399.0
2026-06-22 11:25:00,1523.0,1523.8,1520.0,1520.4,37770.0
2026-06-22 11:30:00,1520.4,1524.3,1520.4,1523.5,41450.0
2026-06-22 11:35:00,1523.7,1528.9,1522.1,1526.8,90210.0
2026-06-22 11:40:00,1526.7,1529.7,1524.7,1527.3,53448.0
2026-06-22 11:45:00,1527.5,1530.0,1527.3,1529.0,55505.0
2026-06-22 11:50:00,1528.9,1529.4,1524.3,1525.2,31871.0
2026-06-22 11:55:00,1525.7,1526.6,1524.6,1524.6,19472.0
2026-06-22 12:00:00,1524.6,1526.7,1524.4,1525.1,17957.0
2026-06-22 12:05:00,1524.9,1525.3,1519.0,1519.8,54432.0
2026-06-22 12:10:00,1519.8,1520.8,1517.1,1518.3,17790.0
2026-06-22 12:15:00,1518.0,1519.6,1517.0,1517.5,18505.0
2026-06-22 12:20:00,1517.5,1518.5,1516.1,1516.3,15615.0
2026-06-22 12:25:00,1516.4,1527.3,1515.5,1526.9,110877.0
2026-06-22 12:30:00,1526.9,1527.8,1525.1,1525.5,16593.0
2026-06-22 12:35:00,1525.5,1526.3,1523.8,1524.7,8441.0
2026-06-22 12:40:00,1524.1,1526.8,1523.7,1524.9,16685.0
2026-06-22 12:45:00,1524.4,1526.0,1523.8,1524.7,11504.0
2026-06-22 12:50:00,1524.4,1526.0,1524.4,1525.2,15248.0
2026-06-22 12:55:00,1525.2,1526.2,1524.5,1526.0,13167.0
2026-06-22 13:00:00,1526.1,1528.0,1524.5,1525.1,16321.0
2026-06-22 13:05:00,1524.5,1526.8,1524.1,1525.5,8966.0
2026-06-22 13:10:00,1525.4,1525.7,1523.0,1525.0,16994.0
2026-06-22 13:15:00,1524.6,1525.1,1523.8,1524.1,7742.0
2026-06-22 13:20:00,1524.2,1525.0,1522.7,1522.7,9132.0
2026-06-22 13:25:00,1522.7,1524.9,1522.6,1523.6,10670.0
2026-06-22 13:30:00,1524.0,1533.4,1523.0,1530.0,97360.0
2026-06-22 13:35:00,1530.0,1530.5,1527.9,1528.4,17850.0
2026-06-22 13:40:00,1528.1,1528.2,1526.2,1527.8,15530.0
2026-06-22 13:45:00,1527.4,1529.4,1526.7,1529.0,14715.0
2026-06-22 13:50:00,1528.8,1529.3,1527.7,1528.7,8468.0
2026-06-22 13:55:00,1528.7,1530.0,1528.1,1529.5,23223.0
2026-06-22 14:00:00,1529.5,1530.0,1528.0,1528.0,12550.0
2026-06-22 14:05:00,1528.0,1528.9,1527.6,1528.2,13972.0
2026-06-22 14:10:00,1528.3,1529.8,1528.0,1528.7,13063.0
2026-06-22 14:15:00,1528.3,1529.5,1527.7,1529.5,8221.0
2026-06-22 14:20:00,1529.1,1535.0,1529.1,1533.8,50995.0
2026-06-22 14:25:00,1533.8,1537.5,1532.8,1536.8,83665.0
2026-06-22 14:30:00,1536.8,1539.6,1536.1,1539.3,64275.0
2026-06-22 14:35:00,1539.2,1539.2,1534.5,1535.4,39440.0
2026-06-22 14:40:00,1534.8,1536.5,1534.0,1535.8,22116.0
2026-06-22 14:45:00,1535.5,1536.5,1534.8,1536.0,17963.0
2026-06-22 14:50:00,1535.9,1536.6,1535.0,1535.9,30562.0
2026-06-22 14:55:00,1535.4,1536.6,1534.4,1536.0,22418.0
2026-06-22 15:00:00,1536.0,1550.0,1536.0,1548.0,205110.0
2026-06-22 15:05:00,1548.0,1552.0,1547.4,1549.9,165579.0
2026-06-22 15:10:00,1549.5,1554.0,1547.2,1552.0,116494.0
2026-06-22 15:15:00,1552.2,1555.0,1549.6,1552.0,152779.0
2026-06-22 15:20:00,1552.5,1555.0,1551.7,1554.4,118015.0
2026-06-22 15:25:00,1554.3,1554.9,1550.2,1551.0,115501.0
2026-06-23 09:15:00,1552.0,1557.0,1546.5,1550.2,158054.0
2026-06-23 09:20:00,1549.2,1555.2,1547.3,1552.3,77605.0
2026-06-23 09:25:00,1551.7,1552.3,1546.3,1546.6,65195.0
2026-06-23 09:30:00,1546.2,1546.4,1541.3,1543.0,50425.0
2026-06-23 09:35:00,1543.4,1544.0,1540.2,1543.0,45232.0
2026-06-23 09:40:00,1543.0,1543.9,1540.7,1543.5,35571.0
2026-06-23 09:45:00,1542.1,1542.7,1541.1,1542.6,15983.0
2026-06-23 09:50:00,1542.1,1545.0,1542.0,1544.0,24128.0
2026-06-23 09:55:00,1544.0,1544.7,1540.2,1543.6,21644.0
2026-06-23 10:00:00,1543.1,1544.1,1540.5,1540.6,21740.0
2026-06-23 10:05:00,1540.5,1540.6,1538.0,1538.8,30650.0
2026-06-23 10:10:00,1539.1,1540.3,1538.0,1539.4,17642.0
2026-06-23 10:15:00,1540.0,1541.7,1539.0,1539.6,13249.0
2026-06-23 10:20:00,1539.1,1541.3,1535.0,1537.7,31612.0
2026-06-23 10:25:00,1535.4,1537.0,1532.3,1532.5,52254.0
2026-06-23 10:30:00,1533.0,1535.3,1530.6,1532.7,58527.0
2026-06-23 10:35:00,1532.8,1536.8,1532.1,1534.8,23554.0
2026-06-23 10:40:00,1535.1,1537.6,1534.1,1534.5,16055.0
2026-06-23 10:45:00,1534.5,1534.5,1528.0,1529.8,86143.0
2026-06-23 10:50:00,1528.3,1530.0,1527.1,1530.0,41634.0
2026-06-23 10:55:00,1529.8,1531.8,1528.8,1529.0,31619.0
2026-06-23 11:00:00,1529.5,1529.9,1527.0,1528.0,13273.0
2026-06-23 11:05:00,1528.4,1529.2,1524.0,1524.3,25230.0
2026-06-23 11:10:00,1524.9,1525.8,1520.3,1521.5,30001.0
2026-06-23 11:15:00,1521.3,1523.2,1519.1,1519.5,33227.0
2026-06-23 11:20:00,1519.1,1519.2,1512.1,1516.0,47403.0
2026-06-23 11:25:00,1516.7,1518.6,1515.2,1517.5,22363.0
2026-06-23 11:30:00,1518.4,1518.4,1512.9,1513.5,31256.0
2026-06-23 11:35:00,1513.5,1515.5,1512.0,1512.5,19300.0
2026-06-23 11:40:00,1512.4,1512.4,1509.1,1510.0,37390.0
2026-06-23 11:45:00,1509.6,1509.6,1504.6,1505.5,54785.0
2026-06-23 11:50:00,1505.6,1505.6,1495.0,1498.0,91330.0
2026-06-23 11:55:00,1497.2,1498.1,1491.4,1492.4,59905.0
2026-06-23 12:00:00,1492.3,1495.8,1491.3,1493.0,63114.0
2026-06-23 12:05:00,1492.6,1493.9,1492.0,1493.0,42681.0
2026-06-23 12:10:00,1493.5,1493.7,1490.6,1493.0,31455.0
2026-06-23 12:15:00,1493.0,1493.3,1490.8,1491.6,41105.0
2026-06-23 12:20:00,1491.6,1491.6,1487.0,1489.3,57980.0
2026-06-23 12:25:00,1490.0,1503.4,1489.1,1502.2,87228.0
2026-06-23 12:30:00,1502.2,1504.8,1500.6,1502.4,45873.0
2026-06-23 12:35:00,1502.4,1507.0,1502.4,1506.3,27115.0
2026-06-23 12:40:00,1506.1,1509.5,1505.3,1508.7,32237.0
2026-06-23 12:45:00,1508.7,1512.0,1507.2,1507.2,46176.0
2026-06-23 12:50:00,1508.0,1510.0,1505.0,1505.9,20579.0
2026-06-23 12:55:00,1505.4,1507.2,1503.1,1505.1,32111.0
2026-06-23 13:00:00,1505.6,1505.8,1501.9,1505.6,24206.0
2026-06-23 13:05:00,1507.0,1509.9,1506.8,1509.2,25529.0
2026-06-23 13:10:00,1508.9,1512.9,1507.0,1509.5,26812.0
2026-06-23 13:15:00,1508.8,1509.1,1504.5,1506.6,19351.0
2026-06-23 13:20:00,1506.6,1509.6,1506.0,1509.0,5403.0
2026-06-23 13:25:00,1509.0,1509.0,1502.0,1503.6,28413.0
2026-06-23 13:30:00,1504.0,1505.2,1501.5,1503.2,24128.0
2026-06-23 13:35:00,1503.8,1505.4,1503.0,1504.2,7018.0
2026-06-23 13:40:00,1505.0,1511.9,1504.3,1510.2,22608.0
2026-06-23 13:45:00,1510.4,1516.0,1509.6,1514.6,35263.0
2026-06-23 13:50:00,1514.6,1515.1,1511.3,1513.3,15701.0
2026-06-23 13:55:00,1512.7,1513.6,1510.7,1512.2,14042.0
2026-06-23 14:00:00,1511.8,1518.7,1511.5,1518.0,24344.0
2026-06-23 14:05:00,1517.8,1519.2,1514.6,1516.2,21147.0
2026-06-23 14:10:00,1515.6,1519.6,1515.6,1518.3,15691.0
2026-06-23 14:15:00,1518.5,1522.0,1518.0,1518.6,27826.0
2026-06-23 14:20:00,1518.2,1521.6,1517.0,1520.0,14416.0
2026-06-23 14:25:00,1519.5,1520.4,1517.0,1518.3,17107.0
2026-06-23 14:30:00,1518.3,1519.9,1513.4,1514.0,12634.0
2026-06-23 14:35:00,1513.4,1515.9,1511.0,1511.0,21343.0
2026-06-23 14:40:00,1510.6,1515.0,1506.9,1514.1,42173.0
2026-06-23 14:45:00,1514.0,1518.8,1513.8,1518.8,33472.0
2026-06-23 14:50:00,1519.4,1521.3,1518.0,1520.3,30776.0
2026-06-23 14:55:00,1520.9,1523.9,1519.4,1519.8,36023.0
2026-06-23 15:00:00,1520.5,1522.0,1511.8,1515.3,70278.0
2026-06-23 15:05:00,1515.5,1520.9,1515.0,1515.6,43866.0
2026-06-23 15:10:00,1515.6,1516.4,1513.7,1513.7,32174.0
2026-06-23 15:15:00,1513.9,1514.1,1508.0,1509.5,82046.0
2026-06-23 15:20:00,1510.6,1511.2,1506.0,1507.0,109793.0
2026-06-23 15:25:00,1507.0,1510.5,1504.0,1510.5,69635.0
2026-06-24 09:15:00,1509.9,1532.0,1506.5,1524.0,124318.0
2026-06-24 09:20:00,1523.5,1525.0,1512.7,1513.4,86182.0
2026-06-24 09:25:00,1515.1,1515.7,1509.7,1515.6,66809.0
2026-06-24 09:30:00,1515.8,1516.1,1508.7,1509.6,49637.0
2026-06-24 09:35:00,1509.5,1510.2,1501.0,1503.4,50585.0
2026-06-24 09:40:00,1503.0,1504.3,1496.1,1499.2,37623.0
2026-06-24 09:45:00,1499.2,1501.5,1493.8,1493.8,41005.0
2026-06-24 09:50:00,1493.8,1498.4,1492.1,1498.4,36575.0
2026-06-24 09:55:00,1497.9,1506.5,1497.0,1506.3,41961.0
2026-06-24 10:00:00,1506.5,1513.6,1506.1,1508.6,58240.0
2026-06-24 10:05:00,1508.7,1509.7,1506.9,1509.7,12274.0
2026-06-24 10:10:00,1509.2,1510.1,1507.0,1508.0,15317.0
2026-06-24 10:15:00,1508.2,1508.8,1502.2,1503.1,13554.0
2026-06-24 10:20:00,1503.1,1505.1,1502.2,1504.1,12075.0
2026-06-24 10:25:00,1503.6,1508.3,1502.7,1503.2,25814.0
2026-06-24 10:30:00,1503.9,1505.0,1503.2,1503.6,6586.0
2026-06-24 10:35:00,1503.5,1506.0,1502.3,1506.0,15341.0
2026-06-24 10:40:00,1506.0,1506.4,1503.0,1503.5,9181.0
2026-06-24 10:45:00,1504.4,1511.0,1504.3,1505.2,17045.0
2026-06-24 10:50:00,1505.2,1506.3,1503.5,1503.5,10756.0
2026-06-24 10:55:00,1503.6,1505.0,1501.6,1502.4,9343.0
2026-06-24 11:00:00,1502.5,1504.0,1501.9,1503.0,6843.0
2026-06-24 11:05:00,1502.5,1508.5,1502.5,1508.3,9300.0
2026-06-24 11:10:00,1507.3,1508.2,1503.4,1504.0,7665.0
2026-06-24 11:15:00,1503.4,1504.2,1501.7,1503.7,13077.0
2026-06-24 11:20:00,1504.2,1505.0,1501.0,1501.3,10375.0
2026-06-24 11:25:00,1501.3,1504.4,1501.0,1504.1,6361.0
2026-06-24 11:30:00,1503.5,1508.4,1501.6,1508.0,16624.0
2026-06-24 11:35:00,1508.0,1509.0,1504.9,1506.7,13345.0
2026-06-24 11:40:00,1506.7,1507.8,1505.2,1507.8,8078.0
2026-06-24 11:45:00,1507.2,1509.8,1506.1,1509.4,17206.0
2026-06-24 11:50:00,1509.4,1511.3,1506.4,1507.4,22262.0
2026-06-24 11:55:00,1507.4,1509.4,1506.4,1507.3,3585.0
2026-06-24 12:00:00,1507.5,1509.3,1506.4,1507.9,4993.0
2026-06-24 12:05:00,1508.4,1508.4,1505.2,1505.2,3368.0
2026-06-24 12:10:00,1505.1,1506.4,1503.6,1505.3,7793.0
2026-06-24 12:15:00,1505.3,1506.3,1504.0,1504.3,5326.0
2026-06-24 12:20:00,1504.1,1504.8,1503.5,1504.6,4109.0
2026-06-24 12:25:00,1504.0,1504.6,1502.2,1504.6,9323.0
2026-06-24 12:30:00,1504.6,1505.5,1502.0,1503.0,7967.0
2026-06-24 12:35:00,1502.5,1503.0,1502.0,1502.6,4834.0
2026-06-24 12:40:00,1503.0,1504.2,1502.6,1503.5,3157.0
2026-06-24 12:45:00,1504.3,1504.4,1503.0,1503.1,2955.0
2026-06-24 12:50:00,1503.6,1507.0,1502.7,1505.2,5721.0
2026-06-24 12:55:00,1505.0,1507.4,1504.8,1505.5,9749.0
2026-06-24 13:00:00,1505.5,1506.2,1503.4,1504.2,5775.0
2026-06-24 13:05:00,1503.7,1503.7,1498.5,1502.6,27377.0
2026-06-24 13:10:00,1502.1,1512.0,1501.8,1509.1,49150.0
2026-06-24 13:15:00,1509.0,1510.8,1507.6,1509.8,20402.0
2026-06-24 13:20:00,1510.7,1511.9,1509.2,1511.9,14180.0
2026-06-24 13:25:00,1511.6,1513.8,1510.1,1513.2,19240.0
2026-06-24 13:30:00,1513.6,1516.8,1510.7,1514.8,44377.0
2026-06-24 13:35:00,1514.8,1516.6,1511.6,1511.8,32848.0
2026-06-24 13:40:00,1511.7,1514.4,1510.3,1513.0,15308.0
2026-06-24 13:45:00,1513.5,1515.9,1512.0,1513.7,32702.0
2026-06-24 13:50:00,1513.6,1515.9,1513.2,1514.5,11596.0
2026-06-24 13:55:00,1513.9,1515.0,1511.4,1513.1,14364.0
2026-06-24 14:00:00,1511.9,1514.5,1510.6,1513.9,9595.0
2026-06-24 14:05:00,1513.9,1513.9,1508.5,1513.0,18872.0
2026-06-24 14:10:00,1513.3,1515.4,1513.0,1513.0,18504.0
2026-06-24 14:15:00,1513.0,1516.7,1513.0,1515.1,14803.0
2026-06-24 14:20:00,1515.1,1515.9,1513.2,1514.0,6838.0
2026-06-24 14:25:00,1514.0,1516.9,1513.5,1515.1,13721.0
2026-06-24 14:30:00,1515.1,1519.7,1514.0,1519.0,71381.0
2026-06-24 14:35:00,1518.6,1521.9,1517.5,1519.0,36205.0
2026-06-24 14:40:00,1519.7,1524.9,1518.2,1521.5,36081.0
2026-06-24 14:45:00,1525.1,1526.3,1519.2,1521.1,67111.0
2026-06-24 14:50:00,1520.7,1525.5,1520.4,1524.4,30464.0
2026-06-24 14:55:00,1524.4,1527.8,1522.0,1524.0,24838.0
2026-06-24 15:00:00,1524.6,1530.7,1521.0,1529.4,70427.0
2026-06-24 15:05:00,1529.6,1533.6,1528.0,1532.5,57419.0
2026-06-24 15:10:00,1533.0,1533.0,1527.1,1527.2,42282.0
2026-06-24 15:15:00,1527.2,1529.6,1520.4,1521.0,57808.0
2026-06-24 15:20:00,1521.0,1522.2,1519.0,1520.5,75563.0
2026-06-24 15:25:00,1520.8,1523.0,1518.9,1520.7,43955.0
2026-06-25 09:15:00,1534.8,1537.0,1527.1,1534.1,103868.0
2026-06-25 09:20:00,1533.9,1534.1,1527.8,1530.0,41364.0
2026-06-25 09:25:00,1530.0,1534.0,1527.0,1533.4,48924.0
2026-06-25 09:30:00,1533.0,1536.1,1529.1,1535.6,36283.0
2026-06-25 09:35:00,1536.2,1544.8,1535.2,1539.3,88517.0
2026-06-25 09:40:00,1538.2,1539.2,1535.2,1537.0,24660.0
2026-06-25 09:45:00,1537.2,1541.1,1536.1,1538.1,28165.0
2026-06-25 09:50:00,1538.4,1541.8,1534.0,1540.2,42634.0
2026-06-25 09:55:00,1540.0,1540.6,1536.0,1536.2,31545.0
2026-06-25 10:00:00,1536.6,1538.9,1533.5,1533.5,42362.0
2026-06-25 10:05:00,1533.4,1535.0,1526.7,1533.4,39207.0
2026-06-25 10:10:00,1532.6,1535.1,1528.9,1530.2,15599.0
2026-06-25 10:15:00,1529.7,1533.0,1529.4,1530.0,43457.0
2026-06-25 10:20:00,1530.0,1530.0,1526.2,1529.3,48415.0
2026-06-25 10:25:00,1529.0,1529.1,1521.2,1524.8,76906.0
2026-06-25 10:30:00,1524.7,1525.0,1522.1,1523.8,26445.0
2026-06-25 10:35:00,1523.2,1525.1,1522.6,1523.3,11230.0
2026-06-25 10:40:00,1524.0,1529.9,1524.0,1529.4,14352.0
2026-06-25 10:45:00,1529.9,1532.5,1527.2,1531.0,30724.0
2026-06-25 10:50:00,1530.0,1530.1,1526.6,1527.0,9841.0
2026-06-25 10:55:00,1526.6,1533.8,1525.3,1532.5,31645.0
2026-06-25 11:00:00,1532.5,1534.0,1528.4,1533.5,33783.0
2026-06-25 11:05:00,1534.0,1541.9,1533.6,1541.0,110211.0
2026-06-25 11:10:00,1541.6,1543.9,1537.8,1541.3,52056.0
2026-06-25 11:15:00,1541.5,1551.0,1541.0,1546.5,99647.0
2026-06-25 11:20:00,1546.6,1547.8,1544.0,1546.2,40040.0
2026-06-25 11:25:00,1546.0,1547.5,1543.9,1545.3,28234.0
2026-06-25 11:30:00,1545.4,1546.8,1544.5,1545.2,27543.0
2026-06-25 11:35:00,1545.0,1548.0,1541.5,1542.5,97239.0
2026-06-25 11:40:00,1543.1,1543.3,1536.4,1537.2,54140.0
2026-06-25 11:45:00,1538.1,1538.6,1537.0,1537.2,8780.0
2026-06-25 11:50:00,1537.5,1541.4,1537.3,1538.0,28249.0
2026-06-25 11:55:00,1537.5,1540.0,1537.5,1538.6,9821.0
2026-06-25 12:00:00,1538.6,1542.5,1538.3,1541.7,18904.0
2026-06-25 12:05:00,1541.4,1541.5,1537.5,1539.5,19805.0
2026-06-25 12:10:00,1539.5,1540.0,1538.5,1539.1,3761.0
2026-06-25 12:15:00,1539.5,1540.2,1538.0,1538.5,8187.0
2026-06-25 12:20:00,1538.5,1539.0,1535.6,1536.8,11401.0
2026-06-25 12:25:00,1536.1,1537.2,1534.0,1535.1,27155.0
2026-06-25 12:30:00,1535.9,1536.8,1533.3,1536.4,9682.0
2026-06-25 12:35:00,1536.8,1544.2,1536.3,1543.0,31302.0
2026-06-25 12:40:00,1543.0,1543.0,1540.0,1541.0,18130.0
2026-06-25 12:45:00,1540.4,1543.8,1539.7,1540.6,17345.0
2026-06-25 12:50:00,1540.3,1541.3,1539.3,1540.0,21612.0
2026-06-25 12:55:00,1540.9,1540.9,1535.0,1537.1,38905.0
2026-06-25 13:00:00,1537.7,1542.8,1537.0,1542.3,15939.0
2026-06-25 13:05:00,1542.7,1542.7,1539.6,1540.5,3180.0
2026-06-25 13:10:00,1540.4,1540.8,1537.2,1537.3,4345.0
2026-06-25 13:15:00,1537.5,1540.9,1537.5,1540.6,4175.0
2026-06-25 13:20:00,1540.6,1542.0,1540.0,1540.5,7236.0
2026-06-25 13:25:00,1540.3,1540.5,1537.5,1538.0,14598.0
2026-06-25 13:30:00,1537.8,1539.9,1536.3,1538.3,12205.0
2026-06-25 13:35:00,1538.4,1538.7,1537.0,1538.6,5732.0
2026-06-25 13:40:00,1538.6,1540.1,1537.7,1539.5,7437.0
2026-06-25 13:45:00,1539.5,1540.9,1539.3,1539.6,13016.0
2026-06-25 13:50:00,1540.1,1541.0,1537.0,1537.3,25614.0
2026-06-25 13:55:00,1538.1,1538.2,1535.0,1535.7,15309.0
2026-06-25 14:00:00,1535.7,1537.5,1535.0,1537.0,7803.0
2026-06-25 14:05:00,1536.9,1536.9,1531.5,1533.5,22882.0
2026-06-25 14:10:00,1533.3,1533.5,1529.4,1530.0,20355.0
2026-06-25 14:15:00,1530.4,1531.7,1527.1,1527.1,44960.0
2026-06-25 14:20:00,1527.5,1529.5,1526.2,1528.7,17543.0
2026-06-25 14:25:00,1528.0,1530.8,1527.0,1530.5,20947.0
2026-06-25 14:30:00,1530.5,1534.0,1530.5,1533.8,9914.0
2026-06-25 14:35:00,1533.2,1534.3,1530.8,1530.8,8297.0
2026-06-25 14:40:00,1530.4,1530.8,1526.3,1527.7,16693.0
2026-06-25 14:45:00,1527.4,1528.8,1525.6,1526.0,12248.0
2026-06-25 14:50:00,1525.9,1529.1,1525.6,1528.1,8851.0
2026-06-25 14:55:00,1528.1,1528.8,1524.0,1527.5,19816.0
2026-06-25 15:00:00,1528.2,1532.0,1525.3,1531.4,28670.0
2026-06-25 15:05:00,1532.0,1533.6,1528.9,1531.0,43052.0
2026-06-25 15:10:00,1531.7,1532.6,1524.2,1524.2,48400.0
2026-06-25 15:15:00,1525.3,1526.8,1523.2,1524.0,40890.0
2026-06-25 15:20:00,1523.8,1524.5,1518.6,1521.7,65881.0
2026-06-25 15:25:00,1522.4,1526.9,1520.9,1525.9,58196.0
2026-06-29 09:15:00,1506.9,1518.2,1502.1,1504.5,233165.0
2026-06-29 09:20:00,1504.7,1507.0,1495.8,1496.8,144776.0
2026-06-29 09:25:00,1496.0,1497.4,1483.1,1491.2,107369.0
2026-06-29 09:30:00,1491.7,1491.7,1483.6,1483.6,72257.0
2026-06-29 09:35:00,1484.8,1488.1,1476.9,1486.1,82997.0
2026-06-29 09:40:00,1486.0,1489.0,1475.0,1475.8,86138.0
2026-06-29 09:45:00,1475.4,1478.4,1469.3,1472.9,94292.0
2026-06-29 09:50:00,1473.5,1479.8,1472.7,1479.5,57469.0
2026-06-29 09:55:00,1478.8,1486.0,1478.0,1483.3,56934.0
2026-06-29 10:00:00,1483.8,1486.9,1481.7,1483.5,40724.0
2026-06-29 10:05:00,1483.3,1487.8,1482.5,1486.4,32410.0
2026-06-29 10:10:00,1485.7,1486.8,1483.0,1483.6,25956.0
2026-06-29 10:15:00,1483.0,1484.5,1481.2,1483.8,34227.0
2026-06-29 10:20:00,1483.9,1486.3,1481.2,1485.3,29045.0
2026-06-29 10:25:00,1485.3,1488.7,1485.0,1486.7,29423.0
2026-06-29 10:30:00,1486.4,1488.0,1484.3,1486.1,22015.0
2026-06-29 10:35:00,1486.0,1487.4,1482.0,1485.9,42707.0
2026-06-29 10:40:00,1485.0,1487.2,1484.7,1486.0,36652.0
2026-06-29 10:45:00,1485.7,1486.0,1483.5,1484.9,14651.0
2026-06-29 10:50:00,1484.8,1485.8,1482.4,1484.3,13522.0
2026-06-29 10:55:00,1484.1,1486.9,1483.5,1486.0,19683.0
2026-06-29 11:00:00,1486.2,1488.8,1484.8,1487.7,22545.0
2026-06-29 11:05:00,1487.8,1488.4,1486.1,1486.4,13649.0
2026-06-29 11:10:00,1487.0,1487.8,1484.1,1484.9,13697.0
2026-06-29 11:15:00,1484.6,1491.0,1484.2,1489.4,33859.0
2026-06-29 11:20:00,1490.0,1493.7,1488.9,1492.2,22333.0
2026-06-29 11:25:00,1493.0,1496.0,1492.7,1493.4,59206.0
2026-06-29 11:30:00,1493.9,1495.5,1492.0,1492.1,20956.0
2026-06-29 11:35:00,1492.4,1495.9,1492.1,1493.8,24994.0
2026-06-29 11:40:00,1494.4,1495.3,1493.5,1494.0,9648.0
2026-06-29 11:45:00,1493.6,1496.6,1493.5,1495.5,13006.0
2026-06-29 11:50:00,1495.7,1501.9,1495.3,1497.3,58279.0
2026-06-29 11:55:00,1497.8,1499.4,1494.7,1496.6,22933.0
2026-06-29 12:00:00,1496.6,1497.7,1495.7,1496.4,12997.0
2026-06-29 12:05:00,1496.0,1497.2,1494.0,1497.2,18231.0
2026-06-29 12:10:00,1497.1,1501.6,1496.7,1501.1,54689.0
2026-06-29 12:15:00,1501.0,1501.0,1496.2,1497.0,12556.0
2026-06-29 12:20:00,1497.0,1498.7,1496.1,1497.5,9051.0
2026-06-29 12:25:00,1497.5,1498.7,1496.9,1498.0,10608.0
2026-06-29 12:30:00,1497.6,1497.9,1491.4,1494.1,31236.0
2026-06-29 12:35:00,1493.8,1496.3,1493.1,1495.3,9943.0
2026-06-29 12:40:00,1495.8,1497.3,1494.0,1497.2,18808.0
2026-06-29 12:45:00,1496.5,1499.0,1495.7,1497.7,17445.0
2026-06-29 12:50:00,1496.0,1497.2,1495.3,1497.0,11085.0
2026-06-29 12:55:00,1496.6,1501.6,1496.6,1501.6,20175.0
2026-06-29 13:00:00,1501.0,1503.3,1498.6,1500.9,27281.0
2026-06-29 13:05:00,1500.9,1504.0,1500.8,1503.3,32414.0
2026-06-29 13:10:00,1503.3,1504.1,1502.1,1503.3,36454.0
2026-06-29 13:15:00,1503.1,1503.9,1501.9,1503.0,35674.0
2026-06-29 13:20:00,1502.7,1503.5,1501.0,1502.0,21699.0
2026-06-29 13:25:00,1502.0,1503.7,1501.4,1503.4,14259.0
2026-06-29 13:30:00,1503.2,1504.1,1501.7,1502.5,29333.0
2026-06-29 13:35:00,1502.5,1507.6,1502.0,1507.3,83211.0
2026-06-29 13:40:00,1506.7,1506.7,1502.0,1503.3,168794.0
2026-06-29 13:45:00,1503.0,1505.7,1501.4,1502.1,30359.0
2026-06-29 13:50:00,1501.6,1502.3,1499.4,1501.2,25452.0
2026-06-29 13:55:00,1501.2,1501.9,1498.6,1500.0,28591.0
2026-06-29 14:00:00,1500.7,1502.5,1499.2,1499.5,26582.0
2026-06-29 14:05:00,1499.1,1500.6,1499.0,1499.8,24408.0
2026-06-29 14:10:00,1499.8,1501.5,1498.5,1501.4,23739.0
2026-06-29 14:15:00,1501.4,1501.6,1496.9,1500.3,31100.0
2026-06-29 14:20:00,1499.5,1500.4,1496.9,1498.0,27010.0
2026-06-29 14:25:00,1498.0,1500.5,1497.0,1499.2,24858.0
2026-06-29 14:30:00,1499.0,1499.4,1495.5,1498.9,24485.0
2026-06-29 14:35:00,1498.8,1499.5,1496.8,1498.2,21165.0
2026-06-29 14:40:00,1498.2,1498.9,1496.7,1497.3,20986.0
2026-06-29 14:45:00,1495.9,1496.5,1491.7,1492.0,47351.0
2026-06-29 14:50:00,1492.0,1493.4,1491.0,1491.7,26425.0
2026-06-29 14:55:00,1491.1,1492.6,1484.6,1485.8,90042.0
2026-06-29 15:00:00,1485.6,1504.8,1485.6,1501.9,572532.0
2026-06-29 15:05:00,1503.2,1503.9,1500.0,1502.0,433792.0
2026-06-29 15:10:00,1501.7,1504.9,1499.8,1502.7,419613.0
2026-06-29 15:15:00,1502.7,1505.5,1501.6,1503.1,459706.0
2026-06-29 15:20:00,1503.1,1505.4,1501.7,1501.9,419924.0
2026-06-29 15:25:00,1502.3,1503.3,1497.7,1499.0,263848.0
2026-06-30 09:15:00,1504.0,1508.5,1500.0,1503.1,107162.0
2026-06-30 09:20:00,1503.8,1503.8,1496.2,1497.1,62374.0
2026-06-30 09:25:00,1497.4,1501.5,1495.8,1498.7,23654.0
2026-06-30 09:30:00,1498.7,1501.6,1497.3,1499.4,12359.0
2026-06-30 09:35:00,1499.1,1501.5,1499.0,1501.3,10553.0
2026-06-30 09:40:00,1501.0,1502.5,1500.8,1502.0,14973.0
2026-06-30 09:45:00,1502.0,1502.5,1500.1,1502.2,11509.0
2026-06-30 09:50:00,1502.4,1503.2,1501.0,1502.2,25098.0
2026-06-30 09:55:00,1502.2,1503.1,1501.9,1502.4,26220.0
2026-06-30 10:00:00,1502.4,1503.0,1501.1,1502.2,57042.0
2026-06-30 10:05:00,1502.3,1502.8,1499.3,1499.9,15895.0
2026-06-30 10:10:00,1500.1,1500.2,1498.0,1498.6,7802.0
2026-06-30 10:15:00,1498.5,1498.6,1495.0,1495.0,18427.0
2026-06-30 10:20:00,1495.1,1495.9,1493.6,1495.4,20614.0
2026-06-30 10:25:00,1495.4,1495.9,1491.3,1493.2,15893.0
2026-06-30 10:30:00,1493.1,1494.8,1492.8,1494.4,5550.0
2026-06-30 10:35:00,1493.3,1494.0,1491.8,1492.0,9209.0
2026-06-30 10:40:00,1491.9,1492.5,1490.1,1491.1,12392.0
2026-06-30 10:45:00,1491.5,1494.1,1490.8,1494.0,9697.0
2026-06-30 10:50:00,1493.9,1499.0,1493.9,1498.0,10198.0
2026-06-30 10:55:00,1497.5,1498.0,1494.5,1494.6,6975.0
2026-06-30 11:00:00,1494.1,1495.0,1492.3,1492.4,12128.0
2026-06-30 11:05:00,1492.3,1493.5,1491.0,1492.3,12594.0
2026-06-30 11:10:00,1491.7,1493.4,1491.0,1492.5,12224.0
2026-06-30 11:15:00,1492.7,1494.9,1492.7,1493.4,7135.0
2026-06-30 11:20:00,1493.4,1495.0,1492.0,1494.5,12773.0
2026-06-30 11:25:00,1494.5,1495.6,1490.0,1490.1,22489.0
2026-06-30 11:30:00,1490.1,1491.3,1488.5,1490.0,32757.0
2026-06-30 11:35:00,1490.0,1490.0,1486.2,1490.0,29371.0
2026-06-30 11:40:00,1490.0,1490.7,1489.0,1489.6,19783.0
2026-06-30 11:45:00,1490.0,1490.3,1488.4,1488.9,7648.0
2026-06-30 11:50:00,1488.9,1491.3,1488.9,1490.0,47610.0
2026-06-30 11:55:00,1490.2,1494.9,1489.6,1494.1,80463.0
2026-06-30 12:00:00,1494.2,1494.2,1490.5,1492.0,21479.0
2026-06-30 12:05:00,1491.1,1492.2,1490.0,1490.0,6209.0
2026-06-30 12:10:00,1490.7,1491.4,1488.0,1489.5,13578.0
2026-06-30 12:15:00,1489.0,1489.5,1488.0,1488.4,6346.0
2026-06-30 12:20:00,1488.4,1489.4,1487.7,1489.4,9332.0
2026-06-30 12:25:00,1489.4,1489.6,1488.1,1488.5,7044.0
2026-06-30 12:30:00,1488.2,1489.1,1486.0,1486.9,9973.0
2026-06-30 12:35:00,1486.4,1488.0,1486.1,1487.7,6822.0
2026-06-30 12:40:00,1487.7,1489.7,1487.3,1489.3,7103.0
2026-06-30 12:45:00,1488.8,1489.7,1487.3,1488.4,12317.0
2026-06-30 12:50:00,1488.3,1488.4,1486.3,1487.0,4519.0
2026-06-30 12:55:00,1487.1,1488.2,1486.0,1486.0,6078.0
2026-06-30 13:00:00,1486.2,1487.0,1486.0,1486.8,7213.0
2026-06-30 13:05:00,1486.8,1487.1,1485.1,1485.8,5630.0
2026-06-30 13:10:00,1485.8,1486.0,1484.0,1484.5,20119.0
2026-06-30 13:15:00,1484.5,1486.5,1484.0,1485.8,13097.0
2026-06-30 13:20:00,1485.4,1486.2,1484.6,1485.6,3712.0
2026-06-30 13:25:00,1485.7,1489.4,1485.7,1489.0,10726.0
2026-06-30 13:30:00,1489.0,1489.9,1488.0,1489.3,8324.0
2026-06-30 13:35:00,1489.0,1490.0,1488.4,1489.7,6667.0
2026-06-30 13:40:00,1489.2,1494.4,1489.0,1491.3,155534.0
2026-06-30 13:45:00,1491.7,1491.7,1488.5,1490.5,10802.0
2026-06-30 13:50:00,1491.0,1491.3,1488.5,1489.5,23168.0
2026-06-30 13:55:00,1489.0,1490.9,1488.6,1490.0,15344.0
2026-06-30 14:00:00,1490.2,1490.9,1486.8,1487.4,8320.0
2026-06-30 14:05:00,1487.4,1490.5,1487.2,1490.5,9483.0
2026-06-30 14:10:00,1489.8,1491.0,1489.0,1490.0,14968.0
2026-06-30 14:15:00,1489.4,1490.8,1488.4,1489.7,15191.0
2026-06-30 14:20:00,1489.5,1491.0,1488.8,1490.0,77979.0
2026-06-30 14:25:00,1490.1,1500.2,1490.0,1499.4,194214.0
2026-06-30 14:30:00,1498.8,1499.7,1493.1,1495.8,229712.0
2026-06-30 14:35:00,1495.8,1496.1,1492.1,1494.5,29906.0
2026-06-30 14:40:00,1494.1,1497.1,1494.1,1496.2,145726.0
2026-06-30 14:45:00,1496.1,1498.4,1494.5,1496.0,83162.0
2026-06-30 14:50:00,1496.2,1496.6,1494.8,1495.6,150004.0
2026-06-30 14:55:00,1495.6,1496.3,1492.4,1494.9,40182.0
2026-06-30 15:00:00,1494.8,1496.0,1491.3,1493.6,64544.0
2026-06-30 15:05:00,1493.8,1495.9,1492.6,1493.6,45766.0
2026-06-30 15:10:00,1493.2,1494.8,1488.2,1489.3,80261.0
2026-06-30 15:15:00,1489.0,1493.2,1487.9,1490.9,90103.0
2026-06-30 15:20:00,1491.5,1494.9,1490.0,1493.4,118797.0
2026-06-30 15:25:00,1493.5,1494.0,1490.0,1492.0,104119.0
2026-07-01 09:15:00,1492.2,1499.3,1482.4,1492.8,115975.0
2026-07-01 09:20:00,1493.2,1495.0,1491.2,1491.8,21524.0
2026-07-01 09:25:00,1491.2,1491.7,1488.1,1489.0,19821.0
2026-07-01 09:30:00,1488.1,1493.0,1486.9,1491.1,15953.0
2026-07-01 09:35:00,1492.1,1498.8,1491.8,1495.2,26303.0
2026-07-01 09:40:00,1495.0,1495.2,1488.5,1491.0,30216.0
2026-07-01 09:45:00,1491.0,1491.8,1487.5,1488.6,13848.0
2026-07-01 09:50:00,1489.2,1489.2,1486.0,1488.9,10056.0
2026-07-01 09:55:00,1488.8,1489.8,1486.7,1488.7,14304.0
2026-07-01 10:00:00,1488.5,1493.5,1488.5,1491.8,14717.0
2026-07-01 10:05:00,1491.7,1495.5,1490.5,1495.5,15826.0
2026-07-01 10:10:00,1495.5,1495.6,1493.0,1495.0,10590.0
2026-07-01 10:15:00,1494.5,1504.7,1494.5,1503.8,43865.0
2026-07-01 10:20:00,1504.0,1504.0,1500.8,1501.9,18506.0
2026-07-01 10:25:00,1501.6,1509.8,1497.7,1507.8,46079.0
2026-07-01 10:30:00,1508.9,1523.8,1507.2,1519.5,131169.0
2026-07-01 10:35:00,1518.0,1524.7,1516.3,1519.9,60087.0
2026-07-01 10:40:00,1519.8,1521.5,1516.4,1517.9,33783.0
2026-07-01 10:45:00,1518.1,1536.8,1518.1,1536.2,137360.0
2026-07-01 10:50:00,1536.8,1542.8,1534.0,1537.1,133992.0
2026-07-01 10:55:00,1536.5,1538.4,1528.1,1529.5,69169.0
2026-07-01 11:00:00,1529.7,1532.7,1527.0,1531.6,50226.0
2026-07-01 11:05:00,1531.2,1537.0,1528.7,1529.4,28849.0
2026-07-01 11:10:00,1529.4,1533.9,1528.3,1532.7,19889.0
2026-07-01 11:15:00,1532.9,1535.0,1530.5,1531.6,20894.0
2026-07-01 11:20:00,1531.6,1533.9,1530.7,1533.5,14523.0
2026-07-01 11:25:00,1533.4,1536.4,1530.7,1534.1,27123.0
2026-07-01 11:30:00,1534.5,1535.1,1532.4,1532.5,14938.0
2026-07-01 11:35:00,1532.5,1533.5,1530.4,1532.0,10578.0
2026-07-01 11:40:00,1532.0,1533.4,1531.0,1532.0,9583.0
2026-07-01 11:45:00,1531.0,1534.2,1530.7,1530.7,23680.0
2026-07-01 11:50:00,1531.6,1531.7,1529.4,1529.8,12212.0
2026-07-01 11:55:00,1529.8,1531.0,1526.3,1530.7,26382.0
2026-07-01 12:00:00,1530.5,1534.8,1529.5,1534.1,19161.0
2026-07-01 12:05:00,1534.3,1543.0,1534.3,1541.3,99170.0
2026-07-01 12:10:00,1540.3,1541.9,1534.1,1535.1,24974.0
2026-07-01 12:15:00,1535.2,1546.0,1534.4,1542.7,97595.0
2026-07-01 12:20:00,1541.8,1542.3,1533.5,1537.4,37340.0
2026-07-01 12:25:00,1537.4,1538.0,1530.0,1531.5,46681.0
2026-07-01 12:30:00,1532.1,1537.5,1532.0,1536.5,12425.0
2026-07-01 12:35:00,1535.8,1537.8,1534.5,1534.6,15474.0
2026-07-01 12:40:00,1534.9,1535.2,1532.0,1533.0,17520.0
2026-07-01 12:45:00,1532.8,1534.7,1531.5,1534.7,9925.0
2026-07-01 12:50:00,1534.1,1538.7,1534.1,1534.7,27257.0
2026-07-01 12:55:00,1534.7,1536.0,1533.7,1534.1,7615.0
2026-07-01 13:00:00,1534.4,1538.7,1532.5,1534.4,17711.0
2026-07-01 13:05:00,1534.0,1535.0,1532.4,1533.6,15391.0
2026-07-01 13:10:00,1533.1,1541.9,1533.1,1539.7,37687.0
2026-07-01 13:15:00,1540.0,1540.6,1537.2,1538.3,15246.0
2026-07-01 13:20:00,1537.9,1542.9,1535.3,1540.6,54979.0
2026-07-01 13:25:00,1540.9,1541.2,1537.0,1537.0,8949.0
2026-07-01 13:30:00,1537.0,1540.5,1536.0,1540.0,10004.0
2026-07-01 13:35:00,1540.0,1540.0,1538.0,1538.6,7050.0
2026-07-01 13:40:00,1539.1,1541.9,1537.6,1539.6,17561.0
2026-07-01 13:45:00,1540.0,1540.0,1536.3,1537.7,10580.0
2026-07-01 13:50:00,1537.7,1537.7,1535.5,1535.5,10063.0
2026-07-01 13:55:00,1535.5,1536.7,1534.6,1535.3,11571.0
2026-07-01 14:00:00,1535.8,1535.8,1531.2,1533.3,24882.0
2026-07-01 14:05:00,1533.3,1533.5,1531.0,1531.9,20616.0
2026-07-01 14:10:00,1532.0,1532.3,1530.0,1530.4,16946.0
2026-07-01 14:15:00,1530.4,1533.8,1530.2,1531.2,14885.0
2026-07-01 14:20:00,1530.8,1531.7,1529.5,1531.0,19690.0
2026-07-01 14:25:00,1531.5,1532.2,1530.7,1530.7,11757.0
2026-07-01 14:30:00,1530.7,1533.5,1530.2,1532.1,16567.0
2026-07-01 14:35:00,1532.0,1533.8,1530.3,1530.5,17526.0
2026-07-01 14:40:00,1530.5,1534.5,1530.5,1533.5,12447.0
2026-07-01 14:45:00,1533.5,1534.0,1531.4,1531.4,10892.0
2026-07-01 14:50:00,1531.4,1535.5,1531.3,1534.6,26894.0
2026-07-01 14:55:00,1534.6,1535.0,1531.5,1532.5,21592.0
2026-07-01 15:00:00,1533.0,1535.7,1531.2,1535.0,51091.0
2026-07-01 15:05:00,1535.3,1540.8,1533.3,1536.8,96387.0
2026-07-01 15:10:00,1536.8,1537.7,1535.1,1535.9,51610.0
2026-07-01 15:15:00,1535.5,1537.0,1534.0,1534.8,74467.0
2026-07-01 15:20:00,1535.0,1537.0,1532.4,1533.5,118049.0
2026-07-01 15:25:00,1533.5,1534.0,1529.3,1529.9,76979.0
2026-07-02 09:15:00,1535.1,1556.4,1525.5,1527.6,198848.0
2026-07-02 09:20:00,1526.0,1530.2,1515.8,1522.3,166220.0
2026-07-02 09:25:00,1523.6,1527.5,1512.0,1512.0,83951.0
2026-07-02 09:30:00,1511.5,1518.8,1510.0,1517.2,55695.0
2026-07-02 09:35:00,1518.3,1527.8,1518.3,1524.0,48221.0
2026-07-02 09:40:00,1523.6,1525.0,1520.0,1523.2,17321.0
2026-07-02 09:45:00,1522.3,1523.8,1518.9,1521.5,23027.0
2026-07-02 09:50:00,1521.2,1523.0,1517.1,1522.9,18791.0
2026-07-02 09:55:00,1522.9,1524.6,1521.3,1521.7,10887.0
2026-07-02 10:00:00,1521.8,1523.9,1521.2,1523.0,7888.0
2026-07-02 10:05:00,1523.0,1525.6,1520.0,1525.6,15316.0
2026-07-02 10:10:00,1525.9,1535.6,1525.9,1535.2,51330.0
2026-07-02 10:15:00,1535.1,1548.4,1533.7,1544.4,110443.0
2026-07-02 10:20:00,1545.2,1547.6,1540.2,1541.5,52186.0
2026-07-02 10:25:00,1541.4,1541.5,1537.8,1540.8,26965.0
2026-07-02 10:30:00,1540.6,1548.4,1538.0,1547.8,51491.0
2026-07-02 10:35:00,1548.0,1549.9,1545.2,1546.1,45654.0
2026-07-02 10:40:00,1546.2,1546.5,1539.3,1543.0,28095.0
2026-07-02 10:45:00,1543.3,1546.1,1541.3,1541.4,21678.0
2026-07-02 10:50:00,1541.8,1547.9,1541.8,1547.0,44861.0
2026-07-02 10:55:00,1547.7,1549.6,1542.0,1542.6,29319.0
2026-07-02 11:00:00,1543.0,1545.1,1538.3,1540.7,20260.0
2026-07-02 11:05:00,1540.1,1541.9,1538.2,1538.5,12440.0
2026-07-02 11:10:00,1540.5,1545.1,1540.1,1542.6,15514.0
2026-07-02 11:15:00,1542.5,1544.5,1541.7,1542.2,9542.0
2026-07-02 11:20:00,1542.0,1544.0,1542.0,1542.4,9972.0
2026-07-02 11:25:00,1542.3,1547.0,1542.2,1544.3,21537.0
2026-07-02 11:30:00,1544.9,1546.0,1542.5,1544.0,9635.0
2026-07-02 11:35:00,1544.2,1544.8,1542.5,1543.0,9224.0
2026-07-02 11:40:00,1542.5,1543.3,1542.0,1543.3,10815.0
2026-07-02 11:45:00,1543.2,1548.6,1543.2,1546.6,41185.0
2026-07-02 11:50:00,1547.0,1548.5,1544.6,1547.8,11355.0
2026-07-02 11:55:00,1547.8,1552.8,1547.8,1550.5,59360.0
2026-07-02 12:00:00,1550.5,1553.0,1550.1,1552.7,31654.0
2026-07-02 12:05:00,1552.7,1552.7,1550.0,1550.9,16361.0
2026-07-02 12:10:00,1550.9,1551.0,1543.4,1545.0,19714.0
2026-07-02 12:15:00,1545.0,1547.0,1544.1,1546.5,12281.0
2026-07-02 12:20:00,1547.0,1547.0,1542.2,1544.3,27456.0
2026-07-02 12:25:00,1545.0,1546.4,1542.2,1544.2,13017.0
2026-07-02 12:30:00,1544.2,1545.8,1543.2,1544.0,9559.0
2026-07-02 12:35:00,1544.2,1544.7,1542.5,1543.9,18977.0
2026-07-02 12:40:00,1543.4,1545.9,1543.0,1543.3,11032.0
2026-07-02 12:45:00,1542.9,1543.3,1541.0,1541.9,10805.0
2026-07-02 12:50:00,1542.0,1543.5,1540.4,1543.1,12454.0
2026-07-02 12:55:00,1542.5,1543.2,1540.9,1542.6,8934.0
2026-07-02 13:00:00,1542.4,1545.0,1541.6,1545.0,7928.0
2026-07-02 13:05:00,1545.0,1546.2,1544.0,1545.0,12780.0
2026-07-02 13:10:00,1544.7,1545.0,1543.5,1543.5,3043.0
2026-07-02 13:15:00,1543.9,1544.6,1543.5,1544.4,3596.0
2026-07-02 13:20:00,1544.0,1549.0,1544.0,1547.7,18262.0
2026-07-02 13:25:00,1548.2,1548.2,1544.8,1545.4,7830.0
2026-07-02 13:30:00,1545.4,1546.8,1544.5,1546.0,2629.0
2026-07-02 13:35:00,1546.0,1546.8,1543.0,1544.0,6140.0
2026-07-02 13:40:00,1543.5,1545.6,1543.5,1544.3,4039.0
2026-07-02 13:45:00,1544.8,1545.0,1543.6,1544.2,2855.0
2026-07-02 13:50:00,1544.3,1548.5,1543.0,1547.7,19928.0
2026-07-02 13:55:00,1548.0,1548.0,1546.0,1547.1,8674.0
2026-07-02 14:00:00,1547.0,1547.8,1546.3,1547.0,7626.0
2026-07-02 14:05:00,1547.0,1547.2,1545.1,1545.2,7134.0
2026-07-02 14:10:00,1545.2,1545.8,1544.1,1544.7,8467.0
2026-07-02 14:15:00,1545.2,1546.0,1545.0,1546.0,9355.0
2026-07-02 14:20:00,1546.0,1548.6,1545.3,1547.4,17097.0
2026-07-02 14:25:00,1546.6,1547.3,1545.6,1546.0,6614.0
2026-07-02 14:30:00,1546.0,1548.3,1545.1,1547.0,13605.0
2026-07-02 14:35:00,1547.5,1549.0,1546.2,1548.3,15026.0
2026-07-02 14:40:00,1548.7,1548.7,1546.5,1547.7,11846.0
2026-07-02 14:45:00,1547.9,1551.7,1547.2,1550.5,67273.0
2026-07-02 14:50:00,1550.1,1553.4,1548.8,1551.9,51213.0
2026-07-02 14:55:00,1551.4,1552.0,1550.7,1551.4,26051.0
2026-07-02 15:00:00,1551.4,1552.0,1549.3,1551.5,34943.0
2026-07-02 15:05:00,1551.5,1553.5,1550.8,1552.7,31349.0
2026-07-02 15:10:00,1552.7,1560.0,1551.4,1559.7,143473.0
2026-07-02 15:15:00,1560.0,1563.6,1553.0,1553.8,148019.0
2026-07-02 15:20:00,1553.8,1553.8,1551.1,1552.1,71048.0
2026-07-02 15:25:00,1553.0,1553.4,1551.0,1552.0,68424.0
2026-07-03 09:15:00,1559.9,1566.6,1537.7,1543.0,174049.0
2026-07-03 09:20:00,1542.6,1543.8,1530.7,1536.8,113562.0
2026-07-03 09:25:00,1537.0,1542.0,1533.5,1538.1,70990.0
2026-07-03 09:30:00,1536.5,1545.0,1534.5,1543.5,45408.0
2026-07-03 09:35:00,1543.6,1544.0,1541.2,1541.2,28797.0
2026-07-03 09:40:00,1540.4,1542.2,1538.2,1539.7,26776.0
2026-07-03 09:45:00,1541.9,1542.2,1539.0,1540.8,15349.0
2026-07-03 09:50:00,1540.9,1544.7,1539.0,1540.9,26722.0
2026-07-03 09:55:00,1541.7,1542.0,1537.7,1540.7,23712.0
2026-07-03 10:00:00,1540.7,1542.0,1536.0,1537.8,60166.0
2026-07-03 10:05:00,1537.2,1539.1,1535.0,1536.0,24156.0
2026-07-03 10:10:00,1536.2,1536.8,1527.0,1528.3,79541.0
2026-07-03 10:15:00,1529.2,1530.8,1521.0,1522.3,86065.0
2026-07-03 10:20:00,1522.4,1523.0,1518.5,1519.4,50891.0
2026-07-03 10:25:00,1519.5,1530.8,1518.9,1529.5,36660.0
2026-07-03 10:30:00,1529.4,1531.6,1527.0,1531.4,20101.0
2026-07-03 10:35:00,1531.5,1531.5,1527.0,1527.1,7446.0
2026-07-03 10:40:00,1527.1,1528.1,1524.6,1527.4,9856.0
2026-07-03 10:45:00,1527.5,1531.9,1526.7,1531.2,13240.0
2026-07-03 10:50:00,1530.5,1530.9,1528.5,1529.2,7348.0
2026-07-03 10:55:00,1529.2,1529.9,1525.3,1525.8,15350.0
2026-07-03 11:00:00,1525.1,1526.6,1523.4,1524.0,14356.0
2026-07-03 11:05:00,1524.0,1528.7,1523.0,1526.9,19469.0
2026-07-03 11:10:00,1526.7,1531.7,1526.7,1531.7,14172.0
2026-07-03 11:15:00,1531.5,1536.0,1530.4,1534.6,43328.0
2026-07-03 11:20:00,1534.6,1537.7,1532.2,1536.9,23682.0
2026-07-03 11:25:00,1537.8,1550.8,1536.9,1544.7,107910.0
2026-07-03 11:30:00,1544.2,1548.0,1541.0,1543.0,27249.0
2026-07-03 11:35:00,1542.8,1545.8,1541.1,1543.0,21788.0
2026-07-03 11:40:00,1543.0,1546.3,1542.9,1543.7,14677.0
2026-07-03 11:45:00,1544.3,1544.3,1541.2,1543.1,12202.0
2026-07-03 11:50:00,1543.0,1548.5,1542.7,1546.3,21547.0
2026-07-03 11:55:00,1546.8,1547.0,1544.7,1544.7,9786.0
2026-07-03 12:00:00,1544.7,1545.5,1543.2,1543.2,5651.0
2026-07-03 12:05:00,1543.0,1545.3,1542.3,1545.0,17467.0
2026-07-03 12:10:00,1545.4,1545.7,1543.8,1545.7,5945.0
2026-07-03 12:15:00,1545.7,1547.0,1545.1,1546.9,9901.0
2026-07-03 12:20:00,1547.2,1547.4,1545.0,1545.0,10004.0
2026-07-03 12:25:00,1545.6,1550.6,1545.2,1550.6,25288.0
2026-07-03 12:30:00,1550.6,1551.4,1547.1,1548.7,19125.0
2026-07-03 12:35:00,1548.4,1549.8,1547.4,1548.2,6370.0
2026-07-03 12:40:00,1548.0,1552.3,1545.6,1551.3,25816.0
2026-07-03 12:45:00,1551.3,1559.6,1550.0,1557.0,71530.0
2026-07-03 12:50:00,1557.9,1558.7,1554.6,1558.1,28320.0
2026-07-03 12:55:00,1557.7,1559.2,1552.6,1553.2,38660.0
2026-07-03 13:00:00,1553.0,1554.6,1551.9,1551.9,13992.0
2026-07-03 13:05:00,1551.5,1551.9,1541.7,1542.8,54807.0
2026-07-03 13:10:00,1542.3,1547.7,1542.3,1546.4,15386.0
2026-07-03 13:15:00,1546.2,1547.0,1544.5,1545.7,11870.0
2026-07-03 13:20:00,1546.9,1547.7,1545.8,1547.0,5827.0
2026-07-03 13:25:00,1546.4,1548.0,1546.2,1546.2,5671.0
2026-07-03 13:30:00,1546.5,1547.0,1545.6,1546.5,6042.0
2026-07-03 13:35:00,1546.6,1546.6,1543.0,1545.0,10812.0
2026-07-03 13:40:00,1545.0,1547.0,1544.1,1544.8,5367.0
2026-07-03 13:45:00,1544.8,1545.7,1544.0,1544.9,5294.0
2026-07-03 13:50:00,1544.9,1546.0,1544.0,1544.5,5336.0
2026-07-03 13:55:00,1544.3,1545.0,1539.7,1540.3,13839.0
2026-07-03 14:00:00,1540.1,1542.3,1539.5,1540.0,11087.0
2026-07-03 14:05:00,1539.7,1542.3,1539.7,1540.8,11672.0
2026-07-03 14:10:00,1541.0,1543.4,1540.7,1542.3,2352.0
2026-07-03 14:15:00,1542.3,1543.0,1540.4,1542.2,6717.0
2026-07-03 14:20:00,1541.5,1541.7,1539.0,1540.9,10298.0
2026-07-03 14:25:00,1541.2,1541.5,1540.1,1541.2,2541.0
2026-07-03 14:30:00,1541.3,1548.9,1540.6,1547.5,19335.0
2026-07-03 14:35:00,1547.6,1548.8,1546.5,1547.4,4348.0
2026-07-03 14:40:00,1547.4,1547.4,1545.0,1546.0,5889.0
2026-07-03 14:45:00,1545.5,1551.9,1544.4,1551.9,22501.0
2026-07-03 14:50:00,1551.2,1552.0,1544.3,1548.6,25464.0
2026-07-03 14:55:00,1548.5,1551.9,1547.5,1548.7,17696.0
2026-07-03 15:00:00,1548.9,1551.9,1548.5,1549.2,42018.0
2026-07-03 15:05:00,1549.9,1550.5,1547.1,1547.9,15079.0
2026-07-03 15:10:00,1547.9,1550.0,1547.9,1548.1,21241.0
2026-07-03 15:15:00,1548.8,1549.0,1546.0,1547.0,40398.0
2026-07-03 15:20:00,1547.4,1565.0,1546.7,1559.5,212261.0
2026-07-03 15:25:00,1559.5,1564.5,1555.8,1560.0,76787.0
2026-07-06 09:15:00,1564.9,1579.9,1563.0,1570.4,131796.0
2026-07-06 09:20:00,1569.7,1570.0,1558.0,1564.4,80018.0
2026-07-06 09:25:00,1564.4,1566.7,1559.1,1561.6,43691.0
2026-07-06 09:30:00,1560.3,1567.0,1557.5,1566.2,37747.0
2026-07-06 09:35:00,1566.0,1567.0,1561.0,1562.3,54398.0
2026-07-06 09:40:00,1562.4,1568.0,1561.0,1565.6,25518.0
2026-07-06 09:45:00,1565.6,1568.0,1564.7,1566.9,26301.0
2026-07-06 09:50:00,1566.9,1570.6,1564.6,1569.4,32600.0
2026-07-06 09:55:00,1569.2,1570.2,1566.0,1566.3,12829.0
2026-07-06 10:00:00,1567.0,1568.0,1562.0,1563.3,19760.0
2026-07-06 10:05:00,1563.3,1563.3,1561.0,1562.5,12611.0
2026-07-06 10:10:00,1562.0,1568.0,1562.0,1568.0,23214.0
2026-07-06 10:15:00,1568.0,1573.0,1567.5,1570.0,27776.0
2026-07-06 10:20:00,1570.0,1572.0,1567.8,1569.5,11584.0
2026-07-06 10:25:00,1570.0,1570.0,1565.1,1568.1,10103.0
2026-07-06 10:30:00,1568.1,1568.6,1563.5,1564.5,13060.0
2026-07-06 10:35:00,1564.6,1568.7,1563.6,1567.7,12735.0
2026-07-06 10:40:00,1567.1,1569.8,1561.3,1564.0,18426.0
2026-07-06 10:45:00,1564.0,1564.1,1561.9,1563.1,12437.0
2026-07-06 10:50:00,1563.6,1563.6,1560.4,1560.7,18379.0
2026-07-06 10:55:00,1560.2,1562.1,1558.0,1562.0,23929.0
2026-07-06 11:00:00,1563.0,1565.0,1562.5,1563.0,13298.0
2026-07-06 11:05:00,1563.0,1564.2,1561.4,1563.2,8729.0
2026-07-06 11:10:00,1562.7,1566.8,1561.9,1565.5,8703.0
2026-07-06 11:15:00,1565.8,1568.8,1564.3,1566.0,9770.0
2026-07-06 11:20:00,1566.0,1574.1,1566.0,1572.0,65005.0
2026-07-06 11:25:00,1572.2,1584.4,1568.7,1580.6,117387.0
2026-07-06 11:30:00,1581.0,1582.0,1572.5,1573.4,39727.0
2026-07-06 11:35:00,1573.9,1577.5,1570.3,1574.6,38754.0
2026-07-06 11:40:00,1573.8,1580.3,1571.5,1579.4,36787.0
2026-07-06 11:45:00,1579.5,1579.5,1574.9,1575.1,42188.0
2026-07-06 11:50:00,1575.5,1577.7,1573.0,1576.8,19210.0
2026-07-06 11:55:00,1576.8,1579.9,1573.7,1576.7,19567.0
2026-07-06 12:00:00,1576.0,1588.9,1576.0,1586.2,101520.0
2026-07-06 12:05:00,1586.6,1586.6,1580.0,1580.5,41112.0
2026-07-06 12:10:00,1580.8,1583.5,1578.2,1582.2,47629.0
2026-07-06 12:15:00,1582.9,1583.4,1577.1,1578.0,35868.0
2026-07-06 12:20:00,1578.6,1580.5,1577.4,1578.0,10813.0
2026-07-06 12:25:00,1577.9,1579.0,1577.1,1577.7,13485.0
2026-07-06 12:30:00,1577.7,1579.1,1576.0,1577.4,6894.0
2026-07-06 12:35:00,1576.9,1577.8,1574.1,1575.7,22544.0
2026-07-06 12:40:00,1575.1,1577.0,1573.0,1573.0,16121.0
2026-07-06 12:45:00,1573.0,1574.0,1571.6,1572.0,12765.0
2026-07-06 12:50:00,1572.6,1573.6,1569.4,1570.5,14693.0
2026-07-06 12:55:00,1570.5,1572.6,1568.4,1570.6,10375.0
2026-07-06 13:00:00,1570.6,1571.9,1570.0,1571.9,6694.0
2026-07-06 13:05:00,1571.9,1577.0,1571.2,1575.1,16700.0
2026-07-06 13:10:00,1575.2,1580.9,1575.2,1578.0,51962.0
2026-07-06 13:15:00,1577.5,1587.5,1576.5,1584.5,45048.0
2026-07-06 13:20:00,1583.9,1589.1,1582.0,1586.3,52256.0
2026-07-06 13:25:00,1586.3,1587.6,1583.5,1583.5,25572.0
2026-07-06 13:30:00,1586.0,1587.3,1584.1,1585.0,25243.0
2026-07-06 13:35:00,1584.1,1586.0,1583.0,1583.4,10959.0
2026-07-06 13:40:00,1583.6,1585.6,1582.1,1582.3,21842.0
2026-07-06 13:45:00,1582.7,1583.5,1581.5,1581.5,6999.0
2026-07-06 13:50:00,1581.5,1584.9,1579.7,1580.8,21251.0
2026-07-06 13:55:00,1581.0,1581.8,1579.2,1579.6,13605.0
2026-07-06 14:00:00,1579.6,1584.0,1579.2,1582.1,13952.0
2026-07-06 14:05:00,1583.0,1583.0,1568.6,1572.4,82137.0
2026-07-06 14:10:00,1572.5,1574.4,1565.5,1570.1,36781.0
2026-07-06 14:15:00,1568.9,1570.4,1563.9,1565.5,36078.0
2026-07-06 14:20:00,1565.5,1567.0,1563.6,1565.0,40095.0
2026-07-06 14:25:00,1564.9,1566.7,1561.5,1562.0,30934.0
2026-07-06 14:30:00,1562.0,1564.1,1561.0,1562.5,23472.0
2026-07-06 14:35:00,1562.9,1564.8,1561.0,1561.9,16177.0
2026-07-06 14:40:00,1561.6,1563.0,1560.5,1560.6,12184.0
2026-07-06 14:45:00,1560.9,1561.2,1551.3,1551.3,75596.0
2026-07-06 14:50:00,1553.8,1555.4,1550.5,1551.4,33467.0
2026-07-06 14:55:00,1551.4,1555.8,1545.1,1546.8,67696.0
2026-07-06 15:00:00,1547.8,1549.9,1544.2,1546.5,53761.0
2026-07-06 15:05:00,1547.3,1551.2,1546.6,1550.0,42367.0
2026-07-06 15:10:00,1549.9,1550.8,1546.6,1549.4,90333.0
2026-07-06 15:15:00,1550.6,1552.7,1549.3,1550.8,52327.0
2026-07-06 15:20:00,1550.7,1552.2,1548.4,1549.8,51923.0
2026-07-06 15:25:00,1550.0,1551.4,1547.5,1550.0,38574.0
2026-07-07 09:15:00,1552.0,1562.0,1551.1,1556.0,66855.0
2026-07-07 09:20:00,1555.2,1556.3,1549.3,1550.5,49366.0
2026-07-07 09:25:00,1550.5,1551.1,1547.1,1548.0,37343.0
2026-07-07 09:30:00,1545.0,1547.7,1542.8,1547.4,54998.0
2026-07-07 09:35:00,1547.0,1552.8,1546.3,1549.0,43264.0
2026-07-07 09:40:00,1549.0,1552.8,1545.4,1548.6,38049.0
2026-07-07 09:45:00,1548.4,1549.0,1532.7,1534.3,52383.0
2026-07-07 09:50:00,1533.3,1538.9,1527.5,1528.7,67721.0
2026-07-07 09:55:00,1528.7,1532.6,1525.6,1527.6,55620.0
2026-07-07 10:00:00,1527.0,1529.0,1521.0,1525.4,62865.0
2026-07-07 10:05:00,1525.0,1526.6,1521.5,1525.0,27515.0
2026-07-07 10:10:00,1524.2,1524.2,1517.1,1517.8,52650.0
2026-07-07 10:15:00,1516.7,1521.7,1515.0,1519.0,45958.0
2026-07-07 10:20:00,1518.1,1521.4,1516.3,1517.8,23264.0
2026-07-07 10:25:00,1517.7,1520.0,1516.2,1518.2,24226.0
2026-07-07 10:30:00,1517.6,1523.2,1517.6,1521.4,32443.0
2026-07-07 10:35:00,1520.8,1524.9,1520.4,1523.0,27871.0
2026-07-07 10:40:00,1523.5,1524.2,1519.0,1521.0,17254.0
2026-07-07 10:45:00,1520.8,1523.2,1518.2,1519.1,23727.0
2026-07-07 10:50:00,1519.0,1520.6,1517.6,1520.6,9015.0
2026-07-07 10:55:00,1519.9,1521.2,1518.4,1520.5,12395.0
2026-07-07 11:00:00,1519.4,1530.0,1517.0,1529.0,34539.0
2026-07-07 11:05:00,1528.1,1529.2,1524.0,1524.4,9974.0
2026-07-07 11:10:00,1524.7,1528.4,1524.0,1527.1,11495.0
2026-07-07 11:15:00,1526.7,1527.6,1525.0,1525.8,12121.0
2026-07-07 11:20:00,1525.0,1528.5,1524.7,1528.0,9506.0
2026-07-07 11:25:00,1528.5,1536.0,1527.4,1535.5,47219.0
2026-07-07 11:30:00,1535.6,1539.9,1535.0,1537.9,28857.0
2026-07-07 11:35:00,1537.9,1544.0,1537.0,1543.1,31271.0
2026-07-07 11:40:00,1542.6,1543.8,1538.7,1541.9,18600.0
2026-07-07 11:45:00,1541.4,1544.5,1538.1,1539.8,28897.0
2026-07-07 11:50:00,1539.6,1541.2,1533.0,1537.0,14760.0
2026-07-07 11:55:00,1537.1,1541.0,1537.1,1537.9,13286.0
2026-07-07 12:00:00,1537.4,1538.5,1536.2,1537.0,5743.0
2026-07-07 12:05:00,1537.0,1537.5,1534.8,1535.0,8420.0
2026-07-07 12:10:00,1534.6,1537.9,1534.2,1534.9,11272.0
2026-07-07 12:15:00,1534.9,1535.3,1530.3,1531.6,11487.0
2026-07-07 12:20:00,1531.6,1533.5,1531.0,1532.9,4807.0
2026-07-07 12:25:00,1532.3,1534.4,1532.0,1533.0,5745.0
2026-07-07 12:30:00,1533.8,1533.8,1528.6,1529.1,9065.0
2026-07-07 12:35:00,1529.8,1531.4,1528.8,1531.1,8827.0
2026-07-07 12:40:00,1531.0,1531.1,1529.2,1530.8,5548.0
2026-07-07 12:45:00,1530.6,1531.5,1528.5,1529.0,4914.0
2026-07-07 12:50:00,1529.0,1530.4,1528.0,1530.3,11457.0
2026-07-07 12:55:00,1530.1,1530.1,1528.6,1529.5,3546.0
2026-07-07 13:00:00,1529.5,1529.5,1525.7,1527.0,23294.0
2026-07-07 13:05:00,1527.0,1527.3,1525.4,1526.0,2711.0
2026-07-07 13:10:00,1526.6,1527.5,1525.0,1526.5,7874.0
2026-07-07 13:15:00,1526.7,1528.0,1525.0,1525.7,6897.0
2026-07-07 13:20:00,1525.5,1528.0,1525.0,1527.9,4917.0
2026-07-07 13:25:00,1528.0,1530.8,1528.0,1528.7,6565.0
2026-07-07 13:30:00,1530.5,1530.5,1528.1,1528.7,4460.0
2026-07-07 13:35:00,1528.3,1529.5,1527.5,1528.0,6360.0
2026-07-07 13:40:00,1527.5,1529.5,1527.5,1528.0,6545.0
2026-07-07 13:45:00,1528.2,1529.3,1527.0,1527.0,5680.0
2026-07-07 13:50:00,1527.5,1528.6,1526.1,1526.2,5430.0
2026-07-07 13:55:00,1526.5,1526.5,1523.2,1524.4,31162.0
2026-07-07 14:00:00,1524.9,1530.0,1524.2,1528.2,12564.0
2026-07-07 14:05:00,1527.5,1530.9,1527.2,1530.5,10720.0
2026-07-07 14:10:00,1529.9,1531.0,1528.0,1528.8,5679.0
2026-07-07 14:15:00,1528.8,1528.8,1526.2,1526.9,3442.0
2026-07-07 14:20:00,1526.9,1527.7,1526.0,1526.0,5071.0
2026-07-07 14:25:00,1526.0,1528.5,1526.0,1528.0,3040.0
2026-07-07 14:30:00,1527.8,1529.0,1527.2,1528.8,5581.0
2026-07-07 14:35:00,1529.0,1531.9,1527.5,1528.1,14752.0
2026-07-07 14:40:00,1528.1,1528.7,1526.0,1528.0,18404.0
2026-07-07 14:45:00,1528.3,1528.3,1526.0,1528.0,14408.0
2026-07-07 14:50:00,1527.7,1529.9,1526.8,1528.0,14801.0
2026-07-07 14:55:00,1528.4,1530.9,1526.6,1529.3,20028.0
2026-07-07 15:00:00,1528.6,1528.6,1522.1,1523.5,69101.0
2026-07-07 15:05:00,1524.5,1524.7,1518.5,1519.9,49520.0
2026-07-07 15:10:00,1519.9,1520.6,1517.0,1519.9,34711.0
2026-07-07 15:15:00,1519.6,1521.4,1515.5,1516.4,45077.0
2026-07-07 15:20:00,1516.2,1517.8,1511.7,1517.4,92208.0
2026-07-07 15:25:00,1517.7,1530.0,1515.0,1518.5,51567.0
2026-07-08 09:15:00,1518.9,1522.0,1506.0,1512.9,92710.0
2026-07-08 09:20:00,1512.9,1515.7,1511.1,1514.0,38469.0
2026-07-08 09:25:00,1514.0,1518.9,1514.0,1516.0,21644.0
2026-07-08 09:30:00,1516.2,1519.0,1512.3,1513.4,18301.0
2026-07-08 09:35:00,1513.7,1514.4,1510.0,1513.5,26966.0
2026-07-08 09:40:00,1513.1,1518.0,1510.2,1518.0,28766.0
2026-07-08 09:45:00,1518.2,1521.9,1514.8,1517.6,19747.0
2026-07-08 09:50:00,1517.6,1527.9,1516.6,1521.8,54296.0
2026-07-08 09:55:00,1522.1,1525.4,1521.0,1523.0,21488.0
2026-07-08 10:00:00,1523.0,1528.9,1522.1,1524.7,25392.0
2026-07-08 10:05:00,1524.0,1524.4,1520.5,1523.0,9654.0
2026-07-08 10:10:00,1523.0,1533.0,1522.4,1530.4,65079.0
2026-07-08 10:15:00,1529.4,1551.9,1527.0,1543.5,154269.0
2026-07-08 10:20:00,1544.1,1549.9,1543.5,1545.7,54926.0
2026-07-08 10:25:00,1545.1,1557.7,1545.1,1553.0,87126.0
2026-07-08 10:30:00,1553.2,1553.2,1546.1,1547.2,51103.0
2026-07-08 10:35:00,1547.3,1549.9,1542.8,1543.4,44267.0
2026-07-08 10:40:00,1544.4,1545.8,1541.2,1544.6,18966.0
2026-07-08 10:45:00,1544.0,1545.5,1542.3,1543.8,13899.0
2026-07-08 10:50:00,1543.3,1545.5,1535.1,1536.6,42524.0
2026-07-08 10:55:00,1536.0,1537.6,1532.6,1534.6,23550.0
2026-07-08 11:00:00,1534.6,1539.8,1533.0,1537.6,45790.0
2026-07-08 11:05:00,1537.6,1540.8,1537.0,1540.1,11297.0
2026-07-08 11:10:00,1540.8,1543.5,1539.1,1541.5,15629.0
2026-07-08 11:15:00,1541.4,1542.7,1534.0,1534.2,21129.0
2026-07-08 11:20:00,1535.0,1538.0,1534.1,1538.0,9564.0
2026-07-08 11:25:00,1538.1,1542.9,1538.1,1541.3,15390.0
2026-07-08 11:30:00,1541.3,1542.3,1536.8,1537.1,10798.0
2026-07-08 11:35:00,1536.5,1537.7,1535.7,1536.3,4135.0
2026-07-08 11:40:00,1536.3,1536.3,1534.0,1535.6,6222.0
2026-07-08 11:45:00,1535.6,1538.2,1535.1,1536.8,4030.0
2026-07-08 11:50:00,1537.0,1537.0,1534.0,1536.4,3451.0
2026-07-08 11:55:00,1536.0,1536.4,1533.6,1536.4,3760.0
2026-07-08 12:00:00,1536.4,1537.8,1535.4,1535.5,3604.0
2026-07-08 12:05:00,1535.8,1537.2,1534.0,1534.0,6469.0
2026-07-08 12:10:00,1534.0,1536.7,1533.0,1536.0,8643.0
2026-07-08 12:15:00,1536.0,1538.0,1535.1,1537.7,4778.0
2026-07-08 12:20:00,1537.7,1539.8,1536.1,1537.7,7544.0
2026-07-08 12:25:00,1536.6,1537.1,1535.1,1535.2,4839.0
2026-07-08 12:30:00,1535.5,1535.5,1533.5,1535.0,7456.0
2026-07-08 12:35:00,1535.0,1539.8,1534.9,1538.0,9590.0
2026-07-08 12:40:00,1537.9,1539.5,1536.1,1539.5,5638.0
2026-07-08 12:45:00,1539.5,1540.4,1538.0,1538.9,12976.0
2026-07-08 12:50:00,1539.1,1545.0,1539.0,1544.0,16698.0
2026-07-08 12:55:00,1544.1,1544.2,1542.0,1544.2,9726.0
2026-07-08 13:00:00,1544.2,1544.6,1542.4,1543.3,7449.0
2026-07-08 13:05:00,1543.7,1544.4,1541.0,1541.6,12385.0
2026-07-08 13:10:00,1542.5,1543.8,1541.6,1543.5,4587.0
2026-07-08 13:15:00,1543.1,1543.6,1540.8,1541.7,9764.0
2026-07-08 13:20:00,1541.5,1542.0,1540.6,1541.0,4011.0
2026-07-08 13:25:00,1541.5,1541.8,1539.8,1541.2,8105.0
2026-07-08 13:30:00,1541.2,1541.5,1538.5,1538.5,6286.0
2026-07-08 13:35:00,1539.0,1539.9,1538.1,1539.5,7830.0
2026-07-08 13:40:00,1539.3,1539.8,1538.0,1538.1,2340.0
2026-07-08 13:45:00,1538.5,1538.6,1530.0,1531.0,35117.0
2026-07-08 13:50:00,1530.7,1530.9,1521.1,1522.5,53197.0
2026-07-08 13:55:00,1521.8,1523.2,1515.2,1516.0,57546.0
2026-07-08 14:00:00,1515.9,1517.7,1511.2,1513.7,84981.0
2026-07-08 14:05:00,1512.9,1514.0,1504.4,1506.2,114613.0
2026-07-08 14:10:00,1505.0,1508.1,1501.2,1502.1,57027.0
2026-07-08 14:15:00,1502.1,1513.7,1500.0,1506.1,64181.0
2026-07-08 14:20:00,1506.5,1508.3,1502.2,1503.3,21321.0
2026-07-08 14:25:00,1503.0,1503.2,1497.6,1498.0,59981.0
2026-07-08 14:30:00,1498.0,1503.8,1497.0,1501.6,27709.0
2026-07-08 14:35:00,1502.0,1505.3,1496.5,1499.0,45988.0
2026-07-08 14:40:00,1499.7,1501.1,1497.0,1498.7,16869.0
2026-07-08 14:45:00,1498.7,1500.0,1495.6,1498.4,39150.0
2026-07-08 14:50:00,1498.8,1500.8,1493.6,1495.9,55475.0
2026-07-08 14:55:00,1496.6,1498.7,1494.0,1496.8,27059.0
2026-07-08 15:00:00,1497.9,1506.9,1497.9,1501.1,62916.0
2026-07-08 15:05:00,1501.0,1501.4,1496.3,1497.9,34311.0
2026-07-08 15:10:00,1497.9,1500.8,1496.1,1499.8,36393.0
2026-07-08 15:15:00,1500.3,1509.7,1500.3,1506.0,61212.0
2026-07-08 15:20:00,1505.6,1513.6,1505.5,1511.1,44712.0
2026-07-08 15:25:00,1512.0,1512.8,1508.2,1511.0,43448.0
2026-07-09 09:15:00,1514.3,1529.0,1514.3,1527.5,95672.0
2026-07-09 09:20:00,1527.6,1537.5,1520.7,1522.5,95659.0
2026-07-09 09:25:00,1521.3,1523.9,1512.0,1516.1,59066.0
2026-07-09 09:30:00,1516.2,1517.4,1512.2,1515.2,35339.0
2026-07-09 09:35:00,1514.6,1516.8,1507.6,1515.1,34786.0
2026-07-09 09:40:00,1515.7,1516.0,1509.6,1512.3,32013.0
2026-07-09 09:45:00,1512.3,1516.9,1511.0,1511.0,18237.0
2026-07-09 09:50:00,1511.1,1513.9,1504.5,1504.7,40167.0
2026-07-09 09:55:00,1505.4,1509.4,1501.0,1503.0,30079.0
2026-07-09 10:00:00,1503.8,1509.4,1501.8,1509.3,34003.0
2026-07-09 10:05:00,1508.1,1509.6,1507.3,1508.1,17937.0
2026-07-09 10:10:00,1508.0,1508.7,1505.0,1505.0,25017.0
2026-07-09 10:15:00,1505.2,1509.9,1505.0,1505.0,11652.0
2026-07-09 10:20:00,1504.5,1506.1,1501.8,1502.9,32859.0
2026-07-09 10:25:00,1502.9,1503.0,1495.1,1498.7,40125.0
2026-07-09 10:30:00,1498.7,1501.1,1498.2,1499.4,20660.0
2026-07-09 10:35:00,1499.4,1502.0,1498.0,1502.0,9571.0
2026-07-09 10:40:00,1502.4,1510.9,1501.5,1507.0,32609.0
2026-07-09 10:45:00,1506.8,1506.9,1502.4,1504.0,8747.0
2026-07-09 10:50:00,1504.0,1507.9,1502.7,1507.0,13557.0
2026-07-09 10:55:00,1507.5,1507.5,1502.4,1502.7,10187.0
2026-07-09 11:00:00,1502.8,1503.4,1499.9,1500.5,13575.0
2026-07-09 11:05:00,1500.1,1508.1,1500.1,1505.0,22409.0
2026-07-09 11:10:00,1505.0,1507.5,1503.1,1506.2,15386.0
2026-07-09 11:15:00,1506.2,1506.2,1504.1,1504.6,5298.0
2026-07-09 11:20:00,1504.3,1505.0,1501.0,1505.0,7940.0
2026-07-09 11:25:00,1505.0,1507.9,1503.8,1507.1,12942.0
2026-07-09 11:30:00,1507.0,1507.7,1505.0,1507.4,7357.0
2026-07-09 11:35:00,1507.4,1508.0,1505.6,1507.4,10161.0
2026-07-09 11:40:00,1507.4,1509.4,1506.9,1509.2,14574.0
2026-07-09 11:45:00,1509.2,1513.6,1506.4,1511.6,33782.0
2026-07-09 11:50:00,1511.0,1511.6,1508.4,1510.1,17712.0
2026-07-09 11:55:00,1510.0,1510.5,1508.9,1509.7,9904.0
2026-07-09 12:00:00,1509.8,1511.0,1507.3,1507.7,19291.0
2026-07-09 12:05:00,1507.8,1508.7,1507.3,1507.8,4977.0
2026-07-09 12:10:00,1507.8,1508.5,1504.3,1507.4,11673.0
2026-07-09 12:15:00,1507.6,1507.6,1505.0,1505.6,8577.0
2026-07-09 12:20:00,1505.7,1509.0,1505.3,1507.5,6679.0
2026-07-09 12:25:00,1507.5,1513.1,1507.0,1513.1,23732.0
2026-07-09 12:30:00,1512.5,1517.0,1510.5,1514.3,39585.0
2026-07-09 12:35:00,1513.9,1514.3,1511.0,1512.7,20000.0
2026-07-09 12:40:00,1513.0,1513.0,1507.0,1508.6,15737.0
2026-07-09 12:45:00,1508.7,1509.4,1506.1,1507.3,13014.0
2026-07-09 12:50:00,1507.2,1508.6,1506.5,1508.3,7687.0
2026-07-09 12:55:00,1508.3,1509.0,1506.6,1506.6,5061.0
2026-07-09 13:00:00,1506.8,1506.8,1502.5,1504.0,14386.0
2026-07-09 13:05:00,1504.0,1504.0,1501.7,1502.7,10260.0
2026-07-09 13:10:00,1502.7,1506.5,1502.7,1506.3,17583.0
2026-07-09 13:15:00,1506.3,1509.0,1505.4,1508.3,9416.0
2026-07-09 13:20:00,1508.0,1509.5,1505.4,1506.2,14070.0
2026-07-09 13:25:00,1505.9,1505.9,1504.5,1505.0,3426.0
2026-07-09 13:30:00,1505.2,1505.7,1502.9,1505.0,16581.0
2026-07-09 13:35:00,1504.7,1509.2,1504.0,1507.5,37052.0
2026-07-09 13:40:00,1507.5,1507.5,1505.0,1505.5,1743.0
2026-07-09 13:45:00,1505.0,1506.1,1504.0,1504.6,8208.0
2026-07-09 13:50:00,1504.1,1504.7,1501.3,1502.8,11809.0
2026-07-09 13:55:00,1502.8,1504.9,1502.8,1504.2,1428.0
2026-07-09 14:00:00,1504.0,1504.7,1502.2,1502.9,6028.0
2026-07-09 14:05:00,1502.9,1503.9,1502.4,1502.6,3354.0
2026-07-09 14:10:00,1502.1,1505.2,1500.4,1504.7,10523.0
2026-07-09 14:15:00,1505.0,1505.4,1503.1,1504.0,3088.0
2026-07-09 14:20:00,1504.0,1504.0,1501.8,1504.0,4782.0
2026-07-09 14:25:00,1504.1,1504.9,1500.6,1502.9,7007.0
2026-07-09 14:30:00,1502.3,1503.8,1502.3,1503.3,8185.0
2026-07-09 14:35:00,1502.6,1502.8,1501.0,1501.0,8319.0
2026-07-09 14:40:00,1501.0,1501.1,1494.5,1497.7,57344.0
2026-07-09 14:45:00,1497.7,1499.1,1496.7,1497.6,9967.0
2026-07-09 14:50:00,1497.7,1498.1,1492.2,1493.0,22785.0
2026-07-09 14:55:00,1493.6,1495.0,1493.0,1494.8,13149.0
2026-07-09 15:00:00,1494.0,1494.0,1482.5,1487.4,78712.0
2026-07-09 15:05:00,1487.3,1488.0,1482.3,1487.4,32115.0
2026-07-09 15:10:00,1487.4,1488.0,1483.4,1484.0,29509.0
2026-07-09 15:15:00,1484.0,1487.0,1481.2,1485.9,64707.0
2026-07-09 15:20:00,1486.0,1490.0,1485.4,1488.5,53361.0
2026-07-09 15:25:00,1488.7,1494.6,1486.3,1491.9,63489.0
2026-07-10 09:15:00,1505.0,1509.7,1495.7,1502.2,85731.0
2026-07-10 09:20:00,1501.3,1506.3,1499.9,1503.0,33163.0
2026-07-10 09:25:00,1502.5,1505.9,1500.2,1502.4,23015.0
2026-07-10 09:30:00,1503.0,1508.5,1501.2,1508.5,15453.0
2026-07-10 09:35:00,1508.9,1510.8,1506.2,1509.7,27247.0
2026-07-10 09:40:00,1509.5,1517.4,1508.1,1512.7,37974.0
2026-07-10 09:45:00,1513.0,1519.7,1512.8,1518.1,27369.0
2026-07-10 09:50:00,1518.1,1525.0,1518.1,1524.0,107243.0
2026-07-10 09:55:00,1524.5,1539.0,1524.2,1537.5,133374.0
2026-07-10 10:00:00,1537.5,1544.0,1536.1,1542.4,120692.0
2026-07-10 10:05:00,1543.0,1543.0,1536.9,1537.3,74306.0
2026-07-10 10:10:00,1538.0,1538.0,1534.2,1536.0,45458.0
2026-07-10 10:15:00,1536.4,1538.3,1533.7,1536.0,45861.0
2026-07-10 10:20:00,1535.5,1538.2,1532.5,1537.9,36172.0
2026-07-10 10:25:00,1537.3,1545.8,1537.3,1541.1,96603.0
2026-07-10 10:30:00,1540.6,1545.0,1539.3,1542.2,28873.0
2026-07-10 10:35:00,1542.0,1546.0,1540.8,1540.8,43611.0
2026-07-10 10:40:00,1540.7,1541.0,1539.0,1539.0,26491.0
2026-07-10 10:45:00,1539.7,1540.7,1538.2,1539.8,24624.0
2026-07-10 10:50:00,1539.9,1544.0,1539.2,1543.0,18855.0
2026-07-10 10:55:00,1543.2,1546.8,1542.5,1544.7,51982.0
2026-07-10 11:00:00,1545.1,1546.8,1542.0,1544.0,34248.0
2026-07-10 11:05:00,1544.8,1545.0,1542.5,1543.6,15902.0
2026-07-10 11:10:00,1543.3,1544.5,1541.3,1544.4,16054.0
2026-07-10 11:15:00,1545.2,1545.9,1543.3,1543.8,25272.0
2026-07-10 11:20:00,1543.8,1545.2,1543.0,1545.0,12100.0
2026-07-10 11:25:00,1545.0,1545.7,1543.0,1543.4,13922.0
2026-07-10 11:30:00,1543.4,1544.9,1542.0,1542.6,17174.0
2026-07-10 11:35:00,1542.5,1543.2,1541.0,1543.0,16758.0
2026-07-10 11:40:00,1543.0,1545.0,1542.6,1543.0,11564.0
2026-07-10 11:45:00,1543.7,1545.9,1543.0,1544.4,21309.0
2026-07-10 11:50:00,1544.0,1544.1,1541.6,1543.7,15403.0
2026-07-10 11:55:00,1544.0,1545.5,1542.9,1544.9,15036.0
2026-07-10 12:00:00,1544.9,1545.5,1543.6,1543.6,8348.0
2026-07-10 12:05:00,1543.6,1544.5,1543.1,1544.5,7064.0
2026-07-10 12:10:00,1544.5,1544.9,1542.7,1542.8,5299.0
2026-07-10 12:15:00,1543.4,1544.0,1541.8,1542.7,6458.0
2026-07-10 12:20:00,1542.7,1543.3,1541.2,1542.8,5897.0
2026-07-10 12:25:00,1542.6,1545.0,1542.4,1544.2,9399.0
2026-07-10 12:30:00,1544.3,1545.0,1542.5,1543.1,7988.0
2026-07-10 12:35:00,1543.0,1544.1,1541.2,1541.4,6672.0
2026-07-10 12:40:00,1542.0,1542.3,1540.0,1540.7,14091.0
2026-07-10 12:45:00,1541.3,1544.9,1541.0,1543.0,17253.0
2026-07-10 12:50:00,1543.8,1544.1,1542.2,1544.1,4533.0
2026-07-10 12:55:00,1544.4,1544.4,1534.1,1535.3,37253.0
2026-07-10 13:00:00,1534.9,1535.3,1530.2,1530.5,31827.0
2026-07-10 13:05:00,1530.5,1530.8,1526.0,1526.0,30583.0
2026-07-10 13:10:00,1526.5,1527.7,1525.2,1526.0,24095.0
2026-07-10 13:15:00,1526.8,1526.8,1520.6,1521.6,37754.0
2026-07-10 13:20:00,1521.0,1522.7,1520.2,1522.3,20474.0
2026-07-10 13:25:00,1521.4,1525.0,1520.4,1524.6,15469.0
2026-07-10 13:30:00,1524.5,1526.8,1523.7,1526.4,11575.0
2026-07-10 13:35:00,1526.4,1527.4,1524.5,1525.4,9738.0
2026-07-10 13:40:00,1525.4,1528.3,1525.0,1526.0,12028.0
2026-07-10 13:45:00,1526.3,1531.2,1525.9,1531.2,19568.0
2026-07-10 13:50:00,1531.9,1535.1,1530.5,1534.0,50117.0
2026-07-10 13:55:00,1533.3,1534.5,1528.3,1529.5,23747.0
2026-07-10 14:00:00,1530.0,1532.0,1529.0,1531.7,12851.0
2026-07-10 14:05:00,1531.7,1533.5,1528.5,1528.5,14830.0
2026-07-10 14:10:00,1527.6,1531.9,1527.6,1531.3,5277.0
2026-07-10 14:15:00,1532.3,1532.3,1531.5,1532.0,2773.0
2026-07-10 14:20:00,1532.3,1533.0,1531.5,1532.1,4763.0
2026-07-10 14:25:00,1532.0,1532.0,1530.9,1531.5,6000.0
2026-07-10 14:30:00,1531.5,1532.0,1530.2,1530.6,1624.0
2026-07-10 14:35:00,1531.2,1531.2,1529.7,1530.3,3201.0
2026-07-10 14:40:00,1529.8,1534.0,1529.2,1534.0,10089.0
2026-07-10 14:45:00,1534.4,1538.9,1534.0,1538.5,33105.0
2026-07-10 14:50:00,1538.5,1539.5,1535.0,1535.0,24065.0
2026-07-10 14:55:00,1535.8,1535.8,1533.1,1534.2,21222.0
2026-07-10 15:00:00,1534.0,1538.0,1533.0,1538.0,16090.0
2026-07-10 15:05:00,1538.0,1539.8,1537.0,1538.0,20795.0
2026-07-10 15:10:00,1537.7,1538.8,1535.0,1538.0,25740.0
2026-07-10 15:15:00,1538.0,1538.0,1533.8,1535.0,29903.0
2026-07-10 15:20:00,1535.0,1538.5,1534.4,1537.9,43546.0
2026-07-10 15:25:00,1537.9,1538.9,1532.7,1534.8,48517.0
