timestamp,open,high,low,close,volume
2026-06-01 09:15:00,1521.8,1524.0,1510.7,1515.6,124135.0
2026-06-01 09:20:00,1515.0,1523.2,1507.2,1513.5,96579.0
2026-06-01 09:25:00,1514.2,1519.0,1512.7,1516.0,51936.0
2026-06-01 09:30:00,1516.0,1516.9,1507.9,1508.0,35077.0
2026-06-01 09:35:00,1508.0,1512.0,1497.8,1512.0,64562.0
2026-06-01 09:40:00,1513.3,1515.1,1506.6,1507.0,50819.0
2026-06-01 09:45:00,1506.5,1512.6,1502.0,1505.3,25440.0
2026-06-01 09:50:00,1505.8,1508.1,1495.3,1499.8,40038.0
2026-06-01 09:55:00,1499.9,1503.3,1497.0,1500.4,38629.0
2026-06-01 10:00:00,1500.1,1501.5,1491.7,1492.7,40237.0
2026-06-01 10:05:00,1493.3,1493.6,1486.7,1490.0,45392.0
2026-06-01 10:10:00,1489.9,1492.0,1489.0,1489.3,37954.0
2026-06-01 10:15:00,1489.7,1491.1,1486.7,1488.1,32031.0
2026-06-01 10:20:00,1488.8,1490.8,1486.5,1487.6,29100.0
2026-06-01 10:25:00,1487.9,1495.3,1487.6,1492.0,33503.0
2026-06-01 10:30:00,1492.4,1493.8,1487.0,1487.3,26885.0
2026-06-01 10:35:00,1487.8,1499.2,1487.8,1498.0,34666.0
2026-06-01 10:40:00,1498.6,1505.0,1496.8,1503.5,34340.0
2026-06-01 10:45:00,1503.5,1513.4,1502.3,1510.0,35190.0
2026-06-01 10:50:00,1510.5,1510.5,1506.1,1507.0,56262.0
2026-06-01 10:55:00,1507.0,1508.2,1503.6,1504.0,30325.0
2026-06-01 11:00:00,1502.7,1504.9,1502.1,1502.9,17527.0
2026-06-01 11:05:00,1502.9,1504.7,1501.5,1502.2,13634.0
2026-06-01 11:10:00,1503.2,1503.6,1501.0,1502.7,13720.0
2026-06-01 11:15:00,1502.5,1513.6,1502.1,1512.3,121408.0
2026-06-01 11:20:00,1512.2,1514.0,1510.0,1511.5,51400.0
2026-06-01 11:25:00,1511.0,1514.0,1510.1,1511.1,38466.0
2026-06-01 11:30:00,1510.9,1512.0,1505.5,1508.8,29307.0
2026-06-01 11:35:00,1509.1,1512.3,1508.8,1512.0,29396.0
2026-06-01 11:40:00,1512.4,1517.3,1511.1,1515.4,141505.0
2026-06-01 11:45:00,1515.6,1522.1,1514.0,1518.0,59596.0
2026-06-01 11:50:00,1518.1,1518.5,1515.2,1516.3,25856.0
2026-06-01 11:55:00,1516.3,1518.0,1508.0,1509.9,32753.0
2026-06-01 12:00:00,1510.6,1514.6,1509.3,1513.4,17932.0
2026-06-01 12:05:00,1513.5,1517.0,1511.7,1513.6,33511.0
2026-06-01 12:10:00,1513.3,1517.3,1511.2,1513.2,66706.0
2026-06-01 12:15:00,1513.3,1514.0,1510.8,1511.1,20791.0
2026-06-01 12:20:00,1510.3,1510.6,1506.8,1507.6,29535.0
2026-06-01 12:25:00,1507.4,1508.0,1505.5,1505.5,18639.0
2026-06-01 12:30:00,1505.5,1507.1,1505.3,1505.3,19775.0
2026-06-01 12:35:00,1505.7,1509.8,1505.3,1507.9,18304.0
2026-06-01 12:40:00,1507.9,1510.0,1505.4,1509.8,20208.0
2026-06-01 12:45:00,1510.0,1513.8,1508.8,1513.0,28112.0
2026-06-01 12:50:00,1513.4,1514.0,1509.7,1513.2,17310.0
2026-06-01 12:55:00,1513.5,1513.8,1510.5,1513.0,12876.0
2026-06-01 13:00:00,1513.0,1513.9,1512.5,1512.8,16459.0
2026-06-01 13:05:00,1512.9,1514.0,1506.4,1507.7,25012.0
2026-06-01 13:10:00,1508.0,1508.0,1505.2,1505.8,13847.0
2026-06-01 13:15:00,1505.5,1507.3,1505.0,1506.4,13659.0
2026-06-01 13:20:00,1506.4,1511.1,1506.4,1510.3,23520.0
2026-06-01 13:25:00,1510.2,1511.2,1507.0,1511.2,21019.0
2026-06-01 13:30:00,1511.2,1513.2,1509.4,1511.5,16944.0
2026-06-01 13:35:00,1511.8,1512.0,1508.1,1510.9,17439.0
2026-06-01 13:40:00,1511.2,1511.7,1509.0,1509.2,16486.0
2026-06-01 13:45:00,1509.4,1509.9,1507.0,1507.0,9499.0
2026-06-01 13:50:00,1506.8,1507.0,1503.5,1504.8,29235.0
2026-06-01 13:55:00,1504.5,1506.9,1503.5,1505.3,17436.0
2026-06-01 14:00:00,1505.6,1505.8,1498.1,1501.8,37040.0
2026-06-01 14:05:00,1501.8,1504.2,1498.2,1498.8,32224.0
2026-06-01 14:10:00,1498.4,1500.9,1498.1,1498.2,18464.0
2026-06-01 14:15:00,1498.6,1503.0,1497.1,1503.0,29872.0
2026-06-01 14:20:00,1502.6,1502.6,1496.7,1496.7,24897.0
2026-06-01 14:25:00,1496.6,1498.8,1496.3,1498.5,17211.0
2026-06-01 14:30:00,1499.4,1502.5,1497.0,1497.5,17387.0
2026-06-01 14:35:00,1497.5,1502.8,1497.5,1501.9,13736.0
2026-06-01 14:40:00,1502.4,1502.7,1500.0,1500.8,11600.0
2026-06-01 14:45:00,1501.0,1505.8,1500.4,1502.7,21359.0
2026-06-01 14:50:00,1502.9,1503.6,1498.2,1499.8,16296.0
2026-06-01 14:55:00,1499.0,1499.6,1493.5,1496.8,28156.0
2026-06-01 15:00:00,1496.4,1498.4,1493.5,1495.6,39502.0
2026-06-01 15:05:00,1495.4,1499.8,1494.0,1498.3,47380.0
2026-06-01 15:10:00,1499.5,1501.0,1498.3,1498.3,38184.0
2026-06-01 15:15:00,1498.3,1501.4,1496.7,1498.4,67776.0
2026-06-01 15:20:00,1497.9,1499.6,1493.5,1494.7,57354.0
2026-06-01 15:25:00,1494.7,1496.9,1490.4,1495.2,92598.0
2026-06-02 09:15:00,1494.2,1494.2,1480.0,1488.5,79395.0
2026-06-02 09:20:00,1487.8,1495.0,1485.1,1489.1,34645.0
2026-06-02 09:25:00,1489.7,1500.1,1487.1,1493.6,53154.0
2026-06-02 09:30:00,1494.5,1494.9,1480.7,1481.3,38426.0
2026-06-02 09:35:00,1481.2,1494.7,1480.6,1492.4,51890.0
2026-06-02 09:40:00,1492.3,1493.7,1488.3,1489.5,17264.0
2026-06-02 09:45:00,1488.6,1492.2,1486.4,1491.5,17160.0
2026-06-02 09:50:00,1491.3,1514.3,1491.3,1513.6,82286.0
2026-06-02 09:55:00,1512.9,1517.9,1507.6,1516.5,71489.0
2026-06-02 10:00:00,1516.2,1519.2,1511.5,1517.2,40514.0
2026-06-02 10:05:00,1517.2,1517.9,1508.0,1512.8,34041.0
2026-06-02 10:10:00,1511.5,1512.6,1508.5,1509.1,24561.0
2026-06-02 10:15:00,1509.8,1509.9,1505.0,1508.0,23641.0
2026-06-02 10:20:00,1507.8,1513.5,1507.5,1513.4,24584.0
2026-06-02 10:25:00,1512.9,1518.8,1512.8,1517.3,48172.0
2026-06-02 10:30:00,1517.3,1518.8,1510.0,1510.5,25661.0
2026-06-02 10:35:00,1510.5,1514.0,1510.0,1514.0,15310.0
2026-06-02 10:40:00,1513.3,1516.9,1511.9,1513.6,17306.0
2026-06-02 10:45:00,1513.6,1513.6,1506.0,1506.9,18200.0
2026-06-02 10:50:00,1506.3,1507.3,1498.2,1498.5,26573.0
2026-06-02 10:55:00,1498.5,1498.9,1493.1,1495.5,31246.0
2026-06-02 11:00:00,1496.2,1505.7,1495.4,1505.1,63360.0
2026-06-02 11:05:00,1506.4,1508.0,1504.0,1505.0,20227.0
2026-06-02 11:10:00,1505.0,1506.5,1502.1,1503.9,36509.0
2026-06-02 11:15:00,1503.9,1504.9,1502.4,1504.6,8598.0
2026-06-02 11:20:00,1504.3,1507.3,1503.8,1506.8,30624.0
2026-06-02 11:25:00,1507.3,1507.5,1498.3,1499.5,15252.0
2026-06-02 11:30:00,1500.1,1500.1,1496.5,1496.5,16897.0
2026-06-02 11:35:00,1496.5,1497.6,1489.6,1489.8,21765.0
2026-06-02 11:40:00,1489.7,1493.8,1489.7,1491.0,15697.0
2026-06-02 11:45:00,1491.2,1493.0,1488.0,1489.9,14630.0
2026-06-02 11:50:00,1489.9,1490.3,1487.6,1488.0,13845.0
2026-06-02 11:55:00,1488.0,1491.2,1487.8,1489.0,13045.0
2026-06-02 12:00:00,1488.8,1491.8,1483.4,1483.4,33774.0
2026-06-02 12:05:00,1483.8,1485.5,1480.9,1484.0,26144.0
2026-06-02 12:10:00,1484.0,1484.0,1478.7,1479.1,35706.0
2026-06-02 12:15:00,1478.4,1481.2,1475.5,1478.3,36351.0
2026-06-02 12:20:00,1478.3,1485.2,1477.4,1484.5,47584.0
2026-06-02 12:25:00,1483.7,1486.5,1481.9,1482.3,32086.0
2026-06-02 12:30:00,1482.0,1488.0,1480.8,1483.7,27294.0
2026-06-02 12:35:00,1483.7,1484.7,1478.9,1480.2,20015.0
2026-06-02 12:40:00,1479.8,1487.0,1479.8,1486.1,18515.0
2026-06-02 12:45:00,1486.0,1493.0,1486.0,1490.6,31283.0
2026-06-02 12:50:00,1490.6,1500.0,1490.6,1497.0,47169.0
2026-06-02 12:55:00,1497.4,1505.3,1497.3,1500.5,45778.0
2026-06-02 13:00:00,1500.7,1504.0,1497.2,1504.0,51584.0
2026-06-02 13:05:00,1503.7,1514.0,1498.8,1508.0,72263.0
2026-06-02 13:10:00,1508.1,1508.5,1503.0,1505.1,36100.0
2026-06-02 13:15:00,1505.9,1508.3,1503.8,1505.2,27813.0
2026-06-02 13:20:00,1505.1,1507.5,1501.8,1507.5,46553.0
2026-06-02 13:25:00,1507.5,1511.5,1506.6,1510.7,49468.0
2026-06-02 13:30:00,1511.5,1512.2,1505.6,1507.6,43566.0
2026-06-02 13:35:00,1507.1,1509.0,1504.8,1508.4,26970.0
2026-06-02 13:40:00,1508.9,1511.5,1505.5,1511.5,42760.0
2026-06-02 13:45:00,1511.1,1511.9,1509.0,1510.9,33958.0
2026-06-02 13:50:00,1510.9,1513.5,1509.4,1512.8,34319.0
2026-06-02 13:55:00,1512.5,1514.0,1511.2,1511.7,50474.0
2026-06-02 14:00:00,1510.5,1515.7,1510.2,1515.4,53526.0
2026-06-02 14:05:00,1515.4,1516.8,1512.1,1516.1,36370.0
2026-06-02 14:10:00,1516.0,1516.5,1511.0,1512.1,41773.0
2026-06-02 14:15:00,1512.1,1513.5,1510.0,1510.2,37670.0
2026-06-02 14:20:00,1510.0,1513.9,1510.0,1512.0,36013.0
2026-06-02 14:25:00,1512.0,1513.2,1510.0,1512.7,37829.0
2026-06-02 14:30:00,1512.5,1524.9,1511.9,1523.1,59759.0
2026-06-02 14:35:00,1523.5,1524.7,1518.0,1518.1,33563.0
2026-06-02 14:40:00,1518.1,1518.4,1511.3,1515.0,36683.0
2026-06-02 14:45:00,1514.6,1519.6,1512.7,1518.9,27638.0
2026-06-02 14:50:00,1519.0,1528.0,1519.0,1525.0,60396.0
2026-06-02 14:55:00,1525.0,1529.5,1523.8,1525.9,48350.0
2026-06-02 15:00:00,1526.5,1532.4,1520.7,1529.4,58251.0
2026-06-02 15:05:00,1530.0,1536.8,1529.6,1534.7,81466.0
2026-06-02 15:10:00,1534.9,1535.8,1532.5,1535.1,43571.0
2026-06-02 15:15:00,1535.2,1536.1,1529.2,1529.4,55483.0
2026-06-02 15:20:00,1529.4,1529.8,1526.0,1526.9,45799.0
2026-06-02 15:25:00,1526.9,1529.9,1524.3,1526.9,62328.0
2026-06-03 09:15:00,1531.5,1532.0,1476.3,1479.3,406322.0
2026-06-03 09:20:00,1477.3,1489.7,1472.3,1483.0,151852.0
2026-06-03 09:25:00,1483.0,1483.9,1467.1,1468.0,141184.0
2026-06-03 09:30:00,1467.5,1470.4,1462.6,1466.5,128796.0
2026-06-03 09:35:00,1467.2,1479.1,1460.0,1472.3,115880.0
2026-06-03 09:40:00,1472.0,1472.0,1463.1,1467.4,68752.0
2026-06-03 09:45:00,1468.0,1468.0,1460.5,1460.9,47843.0
2026-06-03 09:50:00,1460.0,1460.7,1451.0,1453.2,98363.0
2026-06-03 09:55:00,1454.0,1454.0,1445.0,1452.3,121022.0
2026-06-03 10:00:00,1452.6,1464.2,1448.6,1463.1,92708.0
2026-06-03 10:05:00,1463.2,1468.6,1461.0,1461.0,78864.0
2026-06-03 10:10:00,1461.0,1461.0,1455.0,1456.8,58512.0
2026-06-03 10:15:00,1457.5,1467.2,1455.4,1465.2,47444.0
2026-06-03 10:20:00,1465.5,1467.4,1464.3,1466.0,34481.0
2026-06-03 10:25:00,1466.0,1470.5,1460.8,1461.2,63471.0
2026-06-03 10:30:00,1463.0,1464.8,1460.8,1462.5,42939.0
2026-06-03 10:35:00,1462.5,1468.1,1462.2,1465.5,37503.0
2026-06-03 10:40:00,1465.5,1467.5,1456.7,1457.1,53055.0
2026-06-03 10:45:00,1456.8,1463.4,1456.8,1459.0,51680.0
2026-06-03 10:50:00,1459.6,1462.6,1457.5,1457.8,32827.0
2026-06-03 10:55:00,1458.0,1460.8,1457.4,1458.0,40017.0
2026-06-03 11:00:00,1458.0,1462.8,1456.7,1457.0,39384.0
2026-06-03 11:05:00,1457.6,1457.6,1454.1,1454.4,37886.0
2026-06-03 11:10:00,1454.5,1458.7,1454.0,1455.3,33195.0
2026-06-03 11:15:00,1454.1,1457.4,1451.2,1454.6,35929.0
2026-06-03 11:20:00,1454.6,1459.7,1452.6,1457.0,31953.0
2026-06-03 11:25:00,1457.0,1458.7,1455.4,1456.3,25096.0
2026-06-03 11:30:00,1456.0,1457.5,1453.9,1456.2,23451.0
2026-06-03 11:35:00,1456.0,1456.8,1453.2,1454.0,25503.0
2026-06-03 11:40:00,1454.4,1463.0,1454.0,1461.7,42794.0
2026-06-03 11:45:00,1462.0,1465.8,1460.6,1465.2,46909.0
2026-06-03 11:50:00,1465.5,1466.9,1457.6,1460.3,58692.0
2026-06-03 11:55:00,1460.3,1461.6,1454.0,1454.2,20600.0
2026-06-03 12:00:00,1454.0,1455.3,1450.0,1452.0,47927.0
2026-06-03 12:05:00,1452.0,1455.4,1451.2,1454.4,30672.0
2026-06-03 12:10:00,1454.7,1455.0,1453.1,1454.0,17005.0
2026-06-03 12:15:00,1454.0,1456.7,1453.1,1455.0,23191.0
2026-06-03 12:20:00,1455.0,1459.9,1455.0,1458.5,39250.0
2026-06-03 12:25:00,1459.0,1462.9,1457.5,1462.9,30200.0
2026-06-03 12:30:00,1463.3,1467.3,1462.6,1465.2,43076.0
2026-06-03 12:35:00,1465.0,1478.9,1465.0,1477.9,116756.0
2026-06-03 12:40:00,1478.0,1484.1,1477.2,1482.2,86419.0
2026-06-03 12:45:00,1483.4,1485.0,1472.1,1476.7,94189.0
2026-06-03 12:50:00,1476.3,1481.2,1475.8,1479.4,41408.0
2026-06-03 12:55:00,1479.4,1480.5,1478.0,1479.0,22501.0
2026-06-03 13:00:00,1480.0,1482.0,1478.3,1478.3,24078.0
2026-06-03 13:05:00,1479.0,1481.9,1477.0,1480.0,27962.0
2026-06-03 13:10:00,1480.0,1484.9,1478.8,1483.6,41953.0
2026-06-03 13:15:00,1485.4,1497.2,1485.4,1494.5,90179.0
2026-06-03 13:20:00,1494.7,1495.0,1492.1,1493.2,38514.0
2026-06-03 13:25:00,1493.6,1495.0,1490.3,1492.1,34657.0
2026-06-03 13:30:00,1492.5,1493.9,1490.1,1493.8,27280.0
2026-06-03 13:35:00,1493.8,1495.5,1492.3,1493.4,20356.0
2026-06-03 13:40:00,1493.3,1495.0,1492.0,1492.8,47028.0
2026-06-03 13:45:00,1492.5,1499.5,1492.0,1497.4,40541.0
2026-06-03 13:50:00,1497.5,1499.0,1495.0,1496.7,23174.0
2026-06-03 13:55:00,1496.8,1498.0,1494.0,1496.0,37510.0
2026-06-03 14:00:00,1496.9,1497.8,1493.1,1497.8,51865.0
2026-06-03 14:05:00,1497.6,1499.5,1496.0,1496.7,40102.0
2026-06-03 14:10:00,1496.7,1498.5,1495.1,1498.0,22787.0
2026-06-03 14:15:00,1498.0,1500.0,1497.0,1499.7,49007.0
2026-06-03 14:20:00,1499.7,1503.0,1498.1,1499.3,45418.0
2026-06-03 14:25:00,1499.8,1501.6,1496.5,1496.7,34902.0
2026-06-03 14:30:00,1496.9,1501.1,1496.9,1499.4,49753.0
2026-06-03 14:35:00,1499.5,1500.0,1497.7,1499.8,22049.0
2026-06-03 14:40:00,1499.8,1502.9,1499.4,1501.8,31202.0
2026-06-03 14:45:00,1502.4,1503.9,1496.7,1498.0,52046.0
2026-06-03 14:50:00,1498.0,1499.8,1497.1,1498.4,21807.0
2026-06-03 14:55:00,1498.2,1498.7,1489.2,1489.8,90114.0
2026-06-03 15:00:00,1490.6,1494.6,1485.6,1492.7,93519.0
2026-06-03 15:05:00,1492.7,1495.9,1491.3,1491.5,72177.0
2026-06-03 15:10:00,1491.5,1495.1,1490.7,1493.3,66058.0
2026-06-03 15:15:00,1493.2,1494.8,1490.1,1491.5,65868.0
2026-06-03 15:20:00,1491.3,1494.7,1491.3,1493.0,76573.0
2026-06-03 15:25:00,1493.1,1500.0,1490.3,1498.0,162260.0
2026-06-04 09:15:00,1492.0,1508.9,1482.9,1505.0,84464.0
2026-06-04 09:20:00,1505.8,1509.2,1501.8,1506.3,62922.0
2026-06-04 09:25:00,1506.4,1506.9,1501.1,1504.8,57948.0
2026-06-04 09:30:00,1504.0,1512.0,1502.1,1509.0,38547.0
2026-06-04 09:35:00,1509.4,1513.5,1499.0,1499.8,57759.0
2026-06-04 09:40:00,1499.8,1501.5,1494.0,1494.5,43957.0
2026-06-04 09:45:00,1494.5,1498.9,1493.2,1498.7,21942.0
2026-06-04 09:50:00,1498.0,1498.9,1496.0,1497.7,18290.0
2026-06-04 09:55:00,1497.5,1501.5,1495.5,1496.6,46453.0
2026-06-04 10:00:00,1497.5,1498.0,1494.2,1496.1,11782.0
2026-06-04 10:05:00,1495.7,1500.0,1495.3,1497.8,11395.0
2026-06-04 10:10:00,1497.2,1500.0,1496.2,1498.0,12313.0
2026-06-04 10:15:00,1498.3,1501.7,1498.0,1499.0,55074.0
2026-06-04 10:20:00,1499.1,1501.5,1498.5,1500.0,21062.0
2026-06-04 10:25:00,1500.0,1501.0,1498.0,1498.5,25858.0
2026-06-04 10:30:00,1498.5,1498.5,1495.0,1496.1,21934.0
2026-06-04 10:35:00,1496.1,1499.0,1495.6,1498.2,14209.0
2026-06-04 10:40:00,1498.8,1508.5,1498.2,1507.7,54341.0
2026-06-04 10:45:00,1508.5,1510.0,1507.1,1509.2,27997.0
2026-06-04 10:50:00,1510.0,1514.3,1508.5,1511.0,81992.0
2026-06-04 10:55:00,1511.8,1516.0,1511.0,1513.1,44148.0
2026-06-04 11:00:00,1513.1,1520.9,1513.1,1519.3,63339.0
2026-06-04 11:05:00,1518.4,1519.9,1515.7,1518.0,34432.0
2026-06-04 11:10:00,1517.2,1519.9,1515.4,1519.8,24966.0
2026-06-04 11:15:00,1519.2,1524.0,1519.2,1519.9,54564.0
2026-06-04 11:20:00,1518.5,1520.3,1516.7,1517.3,27514.0
2026-06-04 11:25:00,1517.9,1519.0,1514.5,1515.0,34145.0
2026-06-04 11:30:00,1515.0,1515.7,1507.1,1511.6,54860.0
2026-06-04 11:35:00,1511.2,1512.5,1508.5,1509.1,36397.0
2026-06-04 11:40:00,1509.8,1512.4,1507.7,1512.0,34518.0
2026-06-04 11:45:00,1511.3,1513.8,1509.1,1510.0,27279.0
2026-06-04 11:50:00,1511.0,1512.9,1507.4,1507.7,27952.0
2026-06-04 11:55:00,1507.0,1513.3,1506.6,1513.2,44520.0
2026-06-04 12:00:00,1513.0,1513.9,1510.5,1511.9,27077.0
2026-06-04 12:05:00,1511.3,1514.4,1511.3,1513.0,33545.0
2026-06-04 12:10:00,1513.0,1513.8,1510.4,1512.0,26038.0
2026-06-04 12:15:00,1512.0,1513.1,1510.0,1512.0,24312.0
2026-06-04 12:20:00,1512.0,1513.8,1508.9,1509.0,30589.0
2026-06-04 12:25:00,1508.9,1512.6,1508.2,1512.6,31012.0
2026-06-04 12:30:00,1513.4,1516.8,1508.7,1509.2,16394.0
2026-06-04 12:35:00,1509.2,1510.5,1507.5,1509.3,14330.0
2026-06-04 12:40:00,1510.8,1511.9,1507.8,1510.7,19392.0
2026-06-04 12:45:00,1511.8,1512.7,1510.1,1511.5,11680.0
2026-06-04 12:50:00,1511.6,1513.1,1507.6,1509.4,28771.0
2026-06-04 12:55:00,1510.0,1512.3,1508.9,1510.0,13633.0
2026-06-04 13:00:00,1510.8,1513.0,1508.6,1511.5,38579.0
2026-06-04 13:05:00,1511.5,1514.2,1508.4,1509.3,35329.0
2026-06-04 13:10:00,1509.0,1509.0,1505.4,1505.4,22927.0
2026-06-04 13:15:00,1505.1,1509.5,1504.0,1509.2,22349.0
2026-06-04 13:20:00,1508.7,1512.3,1506.5,1507.0,28022.0
2026-06-04 13:25:00,1506.7,1509.0,1504.3,1508.3,29506.0
2026-06-04 13:30:00,1508.3,1509.0,1505.4,1505.9,21403.0
2026-06-04 13:35:00,1505.7,1507.3,1505.0,1506.8,23772.0
2026-06-04 13:40:00,1506.1,1506.6,1504.0,1504.8,20041.0
2026-06-04 13:45:00,1504.5,1507.0,1504.0,1505.0,21157.0
2026-06-04 13:50:00,1504.9,1507.5,1504.7,1506.0,20856.0
2026-06-04 13:55:00,1506.0,1509.0,1504.4,1507.3,29653.0
2026-06-04 14:00:00,1508.0,1510.8,1506.9,1509.4,24290.0
2026-06-04 14:05:00,1508.2,1510.0,1506.6,1508.0,20367.0
2026-06-04 14:10:00,1507.2,1509.6,1505.0,1506.9,29918.0
2026-06-04 14:15:00,1507.7,1508.1,1505.7,1506.8,21860.0
2026-06-04 14:20:00,1506.8,1511.4,1506.2,1511.0,38764.0
2026-06-04 14:25:00,1511.4,1514.6,1510.7,1512.0,23564.0
2026-06-04 14:30:00,1511.9,1522.2,1511.9,1518.9,85369.0
2026-06-04 14:35:00,1519.0,1523.7,1519.0,1522.3,64662.0
2026-06-04 14:40:00,1523.0,1525.0,1520.6,1524.5,48365.0
2026-06-04 14:45:00,1524.0,1526.8,1520.1,1521.4,85233.0
2026-06-04 14:50:00,1520.9,1522.5,1520.4,1521.1,36130.0
2026-06-04 14:55:00,1520.5,1522.4,1520.1,1521.7,23818.0
2026-06-04 15:00:00,1521.8,1522.8,1513.1,1519.8,89206.0
2026-06-04 15:05:00,1519.4,1523.8,1519.1,1522.8,43445.0
2026-06-04 15:10:00,1523.0,1523.8,1517.3,1517.9,69391.0
2026-06-04 15:15:00,1518.0,1522.4,1516.7,1519.4,45799.0
2026-06-04 15:20:00,1519.4,1520.0,1518.3,1519.7,31971.0
2026-06-04 15:25:00,1519.7,1520.0,1517.1,1517.1,50150.0
2026-06-05 09:15:00,1528.4,1555.0,1527.0,1537.4,175222.0
2026-06-05 09:20:00,1538.4,1544.6,1531.3,1541.5,85699.0
2026-06-05 09:25:00,1542.7,1550.8,1541.0,1544.2,152120.0
2026-06-05 09:30:00,1543.4,1547.4,1538.6,1542.9,69189.0
2026-06-05 09:35:00,1541.0,1545.0,1533.7,1542.2,66847.0
2026-06-05 09:40:00,1541.8,1544.9,1538.8,1544.9,22534.0
2026-06-05 09:45:00,1544.1,1545.0,1536.7,1536.7,30728.0
2026-06-05 09:50:00,1536.6,1539.3,1535.0,1536.2,24078.0
2026-06-05 09:55:00,1537.0,1545.0,1535.2,1542.2,38511.0
2026-06-05 10:00:00,1543.0,1553.8,1541.0,1553.8,176487.0
2026-06-05 10:05:00,1554.8,1561.0,1552.8,1557.8,224822.0
2026-06-05 10:10:00,1558.2,1559.9,1555.7,1557.1,44272.0
2026-06-05 10:15:00,1557.0,1563.4,1556.9,1563.1,57381.0
2026-06-05 10:20:00,1562.5,1565.9,1561.9,1564.5,77820.0
2026-06-05 10:25:00,1564.9,1569.0,1563.4,1567.6,77862.0
2026-06-05 10:30:00,1567.7,1568.3,1563.1,1564.3,60640.0
2026-06-05 10:35:00,1563.6,1564.8,1557.0,1559.4,91725.0
2026-06-05 10:40:00,1558.2,1558.5,1552.4,1556.9,84855.0
2026-06-05 10:45:00,1557.3,1564.8,1555.0,1564.0,51317.0
2026-06-05 10:50:00,1563.4,1572.0,1562.7,1565.7,118579.0
2026-06-05 10:55:00,1565.8,1570.8,1565.8,1568.8,40228.0
2026-06-05 11:00:00,1568.8,1575.0,1568.0,1575.0,87711.0
2026-06-05 11:05:00,1574.7,1577.0,1572.2,1576.8,74714.0
2026-06-05 11:10:00,1576.3,1579.0,1573.8,1574.0,59087.0
2026-06-05 11:15:00,1573.7,1582.7,1573.2,1578.2,79179.0
2026-06-05 11:20:00,1578.0,1579.1,1574.5,1575.2,40635.0
2026-06-05 11:25:00,1576.2,1579.6,1575.5,1579.5,26614.0
2026-06-05 11:30:00,1578.8,1584.9,1578.8,1583.2,72251.0
2026-06-05 11:35:00,1583.7,1585.0,1578.6,1580.3,65832.0
2026-06-05 11:40:00,1580.5,1584.0,1577.8,1581.8,65417.0
2026-06-05 11:45:00,1581.5,1584.4,1578.6,1580.5,55611.0
2026-06-05 11:50:00,1580.5,1582.0,1578.5,1579.0,20939.0
2026-06-05 11:55:00,1580.0,1581.9,1576.9,1581.0,31078.0
2026-06-05 12:00:00,1581.0,1583.9,1580.3,1583.6,29226.0
2026-06-05 12:05:00,1583.3,1591.4,1572.6,1573.1,171473.0
2026-06-05 12:10:00,1574.2,1574.9,1568.3,1574.9,94529.0
2026-06-05 12:15:00,1573.8,1579.7,1572.6,1575.8,80735.0
2026-06-05 12:20:00,1574.7,1578.0,1574.0,1574.3,36723.0
2026-06-05 12:25:00,1574.5,1578.0,1574.0,1577.5,39599.0
2026-06-05 12:30:00,1576.5,1579.3,1573.0,1573.0,40603.0
2026-06-05 12:35:00,1573.6,1574.8,1570.7,1574.3,30445.0
2026-06-05 12:40:00,1573.6,1574.5,1569.1,1574.0,34418.0
2026-06-05 12:45:00,1573.5,1575.0,1572.0,1572.0,17740.0
2026-06-05 12:50:00,1572.0,1573.5,1565.9,1567.4,54841.0
2026-06-05 12:55:00,1567.3,1568.4,1565.6,1566.2,134494.0
2026-06-05 13:00:00,1566.0,1566.1,1560.0,1562.8,70571.0
2026-06-05 13:05:00,1562.6,1563.0,1560.0,1561.8,44480.0
2026-06-05 13:10:00,1561.9,1563.4,1560.0,1561.9,115725.0
2026-06-05 13:15:00,1562.4,1569.2,1561.0,1568.9,54077.0
2026-06-05 13:20:00,1568.4,1568.9,1560.4,1561.5,30259.0
2026-06-05 13:25:00,1561.1,1563.4,1560.2,1560.7,22027.0
2026-06-05 13:30:00,1560.9,1564.7,1560.0,1564.2,34869.0
2026-06-05 13:35:00,1563.8,1565.6,1562.3,1565.5,26433.0
2026-06-05 13:40:00,1565.0,1566.7,1560.0,1562.2,60669.0
2026-06-05 13:45:00,1562.2,1565.3,1560.0,1562.4,51775.0
2026-06-05 13:50:00,1562.1,1563.2,1547.4,1549.3,247154.0
2026-06-05 13:55:00,1549.4,1550.3,1543.3,1549.0,79250.0
2026-06-05 14:00:00,1548.6,1549.9,1546.6,1548.5,45775.0
2026-06-05 14:05:00,1548.9,1551.4,1544.5,1550.0,98057.0
2026-06-05 14:10:00,1550.0,1556.0,1548.6,1552.2,77193.0
2026-06-05 14:15:00,1549.5,1551.8,1547.3,1551.2,37364.0
2026-06-05 14:20:00,1551.2,1554.5,1549.4,1553.3,38991.0
2026-06-05 14:25:00,1553.3,1570.0,1552.5,1570.0,126587.0
2026-06-05 14:30:00,1570.0,1583.8,1568.6,1576.3,132424.0
2026-06-05 14:35:00,1576.2,1576.6,1565.5,1570.4,124777.0
2026-06-05 14:40:00,1570.6,1575.2,1567.5,1574.0,43437.0
2026-06-05 14:45:00,1573.4,1579.6,1571.5,1573.0,92499.0
2026-06-05 14:50:00,1573.0,1578.2,1573.0,1577.0,38063.0
2026-06-05 14:55:00,1577.5,1581.2,1574.8,1576.6,73026.0
2026-06-05 15:00:00,1576.9,1581.0,1574.0,1579.1,82183.0
2026-06-05 15:05:00,1579.3,1585.0,1577.0,1584.5,101638.0
2026-06-05 15:10:00,1583.0,1584.3,1576.6,1577.8,106877.0
2026-06-05 15:15:00,1577.3,1578.5,1575.2,1577.0,86831.0
2026-06-05 15:20:00,1577.5,1580.0,1577.1,1578.4,61519.0
2026-06-05 15:25:00,1578.4,1579.0,1572.7,1572.7,86640.0
2026-06-08 09:15:00,1558.9,1572.9,1535.1,1567.1,233055.0
2026-06-08 09:20:00,1566.8,1576.9,1559.2,1575.1,160446.0
2026-06-08 09:25:00,1575.0,1587.1,1573.8,1584.9,158623.0
2026-06-08 09:30:00,1585.3,1589.4,1580.0,1585.0,128063.0
2026-06-08 09:35:00,1585.4,1589.9,1580.0,1589.0,110698.0
2026-06-08 09:40:00,1589.6,1608.6,1588.4,1602.9,441083.0
2026-06-08 09:45:00,1602.7,1608.0,1592.3,1592.3,348480.0
2026-06-08 09:50:00,1592.6,1592.8,1584.0,1587.0,131968.0
2026-06-08 09:55:00,1586.7,1596.5,1584.5,1595.8,80053.0
2026-06-08 10:00:00,1596.0,1597.1,1586.0,1586.2,68281.0
2026-06-08 10:05:00,1586.7,1587.0,1570.5,1572.5,156349.0
2026-06-08 10:10:00,1572.6,1578.5,1570.0,1573.8,64733.0
2026-06-08 10:15:00,1575.4,1582.5,1574.2,1581.4,58995.0
2026-06-08 10:20:00,1581.4,1581.6,1575.2,1575.2,35752.0
2026-06-08 10:25:00,1576.7,1576.7,1570.0,1573.2,50401.0
2026-06-08 10:30:00,1573.8,1584.0,1573.6,1583.9,46500.0
2026-06-08 10:35:00,1583.5,1592.0,1582.4,1590.9,66075.0
2026-06-08 10:40:00,1590.2,1592.0,1586.3,1587.0,51311.0
2026-06-08 10:45:00,1587.0,1596.0,1585.5,1595.7,75749.0
2026-06-08 10:50:00,1594.6,1600.0,1594.2,1595.0,79232.0
2026-06-08 10:55:00,1595.7,1598.8,1594.4,1598.7,35381.0
2026-06-08 11:00:00,1598.2,1598.9,1595.7,1598.1,29448.0
2026-06-08 11:05:00,1598.2,1604.0,1597.9,1600.6,81508.0
2026-06-08 11:10:00,1600.5,1602.9,1598.1,1602.6,40114.0
2026-06-08 11:15:00,1602.6,1603.8,1600.9,1602.0,36790.0
2026-06-08 11:20:00,1601.8,1603.8,1597.5,1597.5,120164.0
2026-06-08 11:25:00,1597.4,1604.3,1596.3,1602.0,69649.0
2026-06-08 11:30:00,1602.6,1604.9,1602.2,1602.5,27582.0
2026-06-08 11:35:00,1602.3,1607.0,1600.3,1606.0,61310.0
2026-06-08 11:40:00,1606.0,1614.8,1606.0,1611.4,139593.0
2026-06-08 11:45:00,1610.2,1611.7,1607.5,1610.1,101976.0
2026-06-08 11:50:00,1610.0,1612.0,1608.7,1610.2,154934.0
2026-06-08 11:55:00,1610.3,1610.7,1605.4,1609.1,231958.0
2026-06-08 12:00:00,1609.3,1613.6,1608.6,1611.0,114721.0
2026-06-08 12:05:00,1610.5,1611.7,1600.5,1604.6,141620.0
2026-06-08 12:10:00,1605.4,1608.2,1604.4,1605.8,44171.0
2026-06-08 12:15:00,1606.6,1606.6,1600.2,1601.5,49011.0
2026-06-08 12:20:00,1602.0,1602.4,1597.1,1598.7,54078.0
2026-06-08 12:25:00,1598.8,1599.8,1596.0,1596.0,38970.0
2026-06-08 12:30:00,1596.7,1604.8,1596.3,1604.8,73992.0
2026-06-08 12:35:00,1604.5,1605.0,1602.0,1604.5,21117.0
2026-06-08 12:40:00,1604.0,1608.4,1603.5,1606.2,31431.0
2026-06-08 12:45:00,1606.1,1608.0,1604.6,1607.9,33697.0
2026-06-08 12:50:00,1608.0,1614.0,1607.3,1612.7,133983.0
2026-06-08 12:55:00,1612.4,1612.8,1606.3,1608.0,43667.0
2026-06-08 13:00:00,1607.9,1608.8,1604.1,1604.6,20030.0
2026-06-08 13:05:00,1605.0,1608.0,1603.2,1607.0,28590.0
2026-06-08 13:10:00,1607.0,1608.0,1600.8,1601.8,56989.0
2026-06-08 13:15:00,1601.1,1605.2,1601.0,1604.2,50785.0
2026-06-08 13:20:00,1604.2,1605.8,1602.5,1604.0,14906.0
2026-06-08 13:25:00,1604.8,1604.8,1601.1,1603.5,56405.0
2026-06-08 13:30:00,1603.4,1603.9,1601.4,1602.7,11177.0
2026-06-08 13:35:00,1603.0,1603.9,1602.0,1602.2,17503.0
2026-06-08 13:40:00,1603.0,1603.0,1598.4,1599.2,106149.0
2026-06-08 13:45:00,1598.5,1599.9,1596.6,1599.6,54484.0
2026-06-08 13:50:00,1599.8,1600.0,1584.0,1585.0,104233.0
2026-06-08 13:55:00,1585.9,1588.5,1583.2,1587.7,42023.0
2026-06-08 14:00:00,1588.3,1592.2,1588.0,1591.9,49067.0
2026-06-08 14:05:00,1592.0,1592.0,1586.9,1588.7,36368.0
2026-06-08 14:10:00,1588.4,1588.9,1585.6,1587.1,34114.0
2026-06-08 14:15:00,1586.7,1589.0,1584.7,1588.1,42770.0
2026-06-08 14:20:00,1587.4,1590.9,1585.4,1587.5,58961.0
2026-06-08 14:25:00,1587.0,1590.0,1585.2,1589.0,42851.0
2026-06-08 14:30:00,1588.8,1590.0,1585.4,1587.5,32178.0
2026-06-08 14:35:00,1587.1,1590.0,1586.8,1589.1,25274.0
2026-06-08 14:40:00,1588.9,1594.9,1588.4,1594.3,59892.0
2026-06-08 14:45:00,1595.0,1595.4,1588.6,1592.1,76953.0
2026-06-08 14:50:00,1592.5,1593.3,1588.5,1590.5,36792.0
2026-06-08 14:55:00,1590.7,1590.7,1582.9,1587.9,65483.0
2026-06-08 15:00:00,1587.1,1587.7,1575.0,1575.5,121740.0
2026-06-08 15:05:00,1576.2,1577.1,1566.1,1574.2,151715.0
2026-06-08 15:10:00,1573.8,1576.8,1570.2,1572.2,151112.0
2026-06-08 15:15:00,1572.2,1572.8,1567.9,1570.0,71715.0
2026-06-08 15:20:00,1570.0,1570.6,1560.0,1560.0,104183.0
2026-06-08 15:25:00,1560.0,1565.2,1559.0,1564.4,91808.0
2026-06-09 09:15:00,1597.4,1599.0,1585.0,1597.1,201113.0
2026-06-09 09:20:00,1597.8,1597.9,1582.1,1584.4,107520.0
2026-06-09 09:25:00,1584.4,1587.9,1578.3,1580.1,83402.0
2026-06-09 09:30:00,1580.2,1585.6,1578.8,1584.0,39177.0
2026-06-09 09:35:00,1584.0,1585.1,1579.1,1584.0,38462.0
2026-06-09 09:40:00,1584.5,1584.9,1576.9,1577.9,32651.0
2026-06-09 09:45:00,1578.2,1585.6,1577.6,1579.9,34066.0
2026-06-09 09:50:00,1579.8,1582.0,1577.8,1581.6,24714.0
2026-06-09 09:55:00,1581.0,1582.0,1577.0,1578.1,28616.0
2026-06-09 10:00:00,1578.1,1579.0,1575.0,1576.6,38986.0
2026-06-09 10:05:00,1576.2,1578.7,1575.4,1578.3,18274.0
2026-06-09 10:10:00,1578.2,1581.9,1577.7,1579.5,19779.0
2026-06-09 10:15:00,1579.0,1581.4,1577.1,1578.8,43395.0
2026-06-09 10:20:00,1579.3,1579.3,1568.1,1569.8,40058.0
2026-06-09 10:25:00,1569.6,1574.0,1568.7,1574.0,16702.0
2026-06-09 10:30:00,1573.5,1574.0,1570.4,1572.0,13067.0
2026-06-09 10:35:00,1572.0,1573.9,1570.4,1572.2,14011.0
2026-06-09 10:40:00,1572.0,1580.0,1571.3,1577.6,32819.0
2026-06-09 10:45:00,1578.2,1580.0,1574.4,1574.4,25513.0
2026-06-09 10:50:00,1573.4,1578.5,1573.2,1576.6,50029.0
2026-06-09 10:55:00,1577.4,1579.9,1577.4,1578.5,23128.0
2026-06-09 11:00:00,1578.4,1580.0,1575.2,1576.6,19140.0
2026-06-09 11:05:00,1577.1,1580.0,1571.1,1573.2,38606.0
2026-06-09 11:10:00,1573.0,1574.3,1571.1,1571.9,22373.0
2026-06-09 11:15:00,1571.1,1573.4,1568.0,1572.8,37319.0
2026-06-09 11:20:00,1572.1,1573.0,1565.8,1567.0,28169.0
2026-06-09 11:25:00,1566.0,1573.4,1563.4,1572.9,47466.0
2026-06-09 11:30:00,1572.9,1573.8,1570.2,1571.2,36101.0
2026-06-09 11:35:00,1571.3,1576.9,1571.3,1576.4,30348.0
2026-06-09 11:40:00,1575.3,1579.0,1571.8,1577.2,36876.0
2026-06-09 11:45:00,1577.1,1583.5,1576.9,1582.6,50910.0
2026-06-09 11:50:00,1582.7,1585.7,1581.6,1582.6,47556.0
2026-06-09 11:55:00,1583.2,1585.8,1582.1,1585.1,23540.0
2026-06-09 12:00:00,1585.1,1594.0,1584.3,1590.0,72123.0
2026-06-09 12:05:00,1590.0,1591.9,1584.9,1585.5,29469.0
2026-06-09 12:10:00,1585.9,1585.9,1580.9,1584.0,25415.0
2026-06-09 12:15:00,1584.6,1590.0,1584.0,1586.7,31650.0
2026-06-09 12:20:00,1586.1,1587.4,1584.5,1584.6,28740.0
2026-06-09 12:25:00,1584.5,1586.4,1584.0,1584.5,25601.0
2026-06-09 12:30:00,1584.1,1587.1,1583.4,1586.9,20119.0
2026-06-09 12:35:00,1587.7,1587.7,1578.7,1579.7,30604.0
2026-06-09 12:40:00,1579.7,1582.9,1578.7,1580.7,22430.0
2026-06-09 12:45:00,1579.8,1582.2,1579.4,1579.8,19663.0
2026-06-09 12:50:00,1581.2,1581.2,1573.0,1574.3,34754.0
2026-06-09 12:55:00,1573.5,1575.0,1563.1,1565.6,61454.0
2026-06-09 13:00:00,1565.0,1565.2,1558.0,1560.4,49811.0
2026-06-09 13:05:00,1560.0,1566.8,1560.0,1564.6,44985.0
2026-06-09 13:10:00,1564.5,1570.8,1564.1,1569.4,38415.0
2026-06-09 13:15:00,1569.7,1572.0,1566.7,1571.5,32677.0
2026-06-09 13:20:00,1571.5,1572.8,1568.3,1571.4,21997.0
2026-06-09 13:25:00,1571.4,1572.6,1569.7,1570.3,20675.0
2026-06-09 13:30:00,1570.5,1571.5,1565.1,1569.7,38749.0
2026-06-09 13:35:00,1570.1,1572.0,1568.6,1572.0,24308.0
2026-06-09 13:40:00,1571.6,1572.0,1570.0,1571.7,25202.0
2026-06-09 13:45:00,1571.5,1572.1,1570.2,1570.9,25293.0
2026-06-09 13:50:00,1570.8,1572.1,1570.1,1571.2,30127.0
2026-06-09 13:55:00,1571.4,1571.7,1566.9,1568.4,37784.0
2026-06-09 14:00:00,1569.2,1569.3,1566.7,1567.0,18498.0
2026-06-09 14:05:00,1567.0,1575.0,1566.0,1574.4,46461.0
2026-06-09 14:10:00,1574.9,1586.0,1574.0,1584.8,92454.0
2026-06-09 14:15:00,1584.7,1585.0,1580.4,1584.3,49795.0
2026-06-09 14:20:00,1584.3,1587.5,1583.2,1586.2,69047.0
2026-06-09 14:25:00,1585.9,1588.0,1584.3,1587.3,48598.0
2026-06-09 14:30:00,1587.8,1590.9,1585.0,1588.1,74584.0
2026-06-09 14:35:00,1588.6,1589.3,1586.3,1588.0,26557.0
2026-06-09 14:40:00,1588.6,1589.6,1588.0,1588.0,21115.0
2026-06-09 14:45:00,1588.1,1588.7,1585.5,1586.0,27937.0
2026-06-09 14:50:00,1586.1,1588.4,1584.1,1586.2,38395.0
2026-06-09 14:55:00,1586.2,1587.0,1584.8,1587.0,26650.0
2026-06-09 15:00:00,1586.6,1586.6,1581.5,1584.1,50470.0
2026-06-09 15:05:00,1583.7,1587.0,1583.4,1583.9,61210.0
2026-06-09 15:10:00,1583.9,1584.6,1577.7,1581.3,49349.0
2026-06-09 15:15:00,1581.1,1581.8,1574.6,1576.1,44912.0
2026-06-09 15:20:00,1576.5,1578.8,1571.3,1571.5,52542.0
2026-06-09 15:25:00,1571.3,1573.0,1568.7,1571.0,58842.0
2026-06-10 09:15:00,1580.0,1580.7,1541.4,1544.6,187022.0
2026-06-10 09:20:00,1544.6,1547.9,1525.0,1531.9,202206.0
2026-06-10 09:25:00,1532.0,1532.0,1521.4,1524.2,173587.0
2026-06-10 09:30:00,1524.9,1539.9,1524.2,1539.2,105335.0
2026-06-10 09:35:00,1539.7,1541.8,1534.5,1540.9,60510.0
2026-06-10 09:40:00,1540.9,1548.1,1540.8,1544.1,82638.0
2026-06-10 09:45:00,1543.9,1546.5,1539.1,1546.3,36580.0
2026-06-10 09:50:00,1546.0,1546.9,1541.4,1544.2,24955.0
2026-06-10 09:55:00,1543.4,1550.0,1541.7,1547.3,38162.0
2026-06-10 10:00:00,1546.0,1550.0,1545.1,1545.9,21187.0
2026-06-10 10:05:00,1545.6,1549.0,1545.0,1546.4,11823.0
2026-06-10 10:10:00,1545.6,1548.4,1541.7,1541.9,17023.0
2026-06-10 10:15:00,1541.9,1547.3,1540.0,1544.2,15851.0
2026-06-10 10:20:00,1544.1,1548.0,1544.1,1546.5,9804.0
2026-06-10 10:25:00,1546.6,1548.4,1545.7,1547.8,13483.0
2026-06-10 10:30:00,1548.0,1557.3,1547.8,1556.0,61283.0
2026-06-10 10:35:00,1555.2,1563.0,1552.4,1552.6,58404.0
2026-06-10 10:40:00,1553.2,1557.4,1552.0,1554.6,17015.0
2026-06-10 10:45:00,1555.8,1558.6,1550.1,1551.4,17408.0
2026-06-10 10:50:00,1551.4,1553.5,1548.0,1553.3,24534.0
2026-06-10 10:55:00,1553.3,1555.1,1552.0,1554.9,11955.0
2026-06-10 11:00:00,1555.5,1555.6,1552.0,1553.2,8313.0
2026-06-10 11:05:00,1553.2,1553.4,1548.5,1551.6,12614.0
2026-06-10 11:10:00,1551.1,1554.0,1551.0,1552.8,19684.0
2026-06-10 11:15:00,1552.8,1553.0,1547.4,1548.2,12656.0
2026-06-10 11:20:00,1548.8,1551.0,1548.0,1550.8,5985.0
2026-06-10 11:25:00,1551.0,1553.0,1550.6,1551.0,14736.0
2026-06-10 11:30:00,1551.1,1552.5,1550.0,1552.5,3116.0
2026-06-10 11:35:00,1550.6,1552.9,1550.5,1552.0,7060.0
2026-06-10 11:40:00,1552.0,1553.5,1550.7,1553.1,9849.0
2026-06-10 11:45:00,1553.1,1553.9,1552.6,1553.3,6547.0
2026-06-10 11:50:00,1553.3,1556.5,1548.3,1556.5,44318.0
2026-06-10 11:55:00,1556.7,1558.0,1555.4,1557.0,12801.0
2026-06-10 12:00:00,1556.5,1557.0,1551.6,1551.8,8062.0
2026-06-10 12:05:00,1551.8,1556.8,1551.5,1556.0,26036.0
2026-06-10 12:10:00,1555.9,1558.4,1553.9,1556.5,16052.0
2026-06-10 12:15:00,1557.0,1559.9,1556.3,1557.0,43646.0
2026-06-10 12:20:00,1557.6,1558.6,1554.4,1554.5,36898.0
2026-06-10 12:25:00,1553.7,1554.6,1550.5,1551.8,14990.0
2026-06-10 12:30:00,1551.1,1553.2,1550.2,1553.1,8265.0
2026-06-10 12:35:00,1553.0,1553.0,1550.3,1551.5,3951.0
2026-06-10 12:40:00,1551.1,1551.5,1543.9,1544.9,36059.0
2026-06-10 12:45:00,1543.7,1547.1,1542.0,1545.5,15152.0
2026-06-10 12:50:00,1546.0,1552.0,1545.5,1551.4,8084.0
2026-06-10 12:55:00,1551.4,1551.9,1549.4,1551.1,6451.0
2026-06-10 13:00:00,1551.1,1555.6,1551.1,1555.4,17728.0
2026-06-10 13:05:00,1554.4,1555.6,1552.6,1553.5,8772.0
2026-06-10 13:10:00,1552.8,1553.5,1551.1,1551.5,5300.0
2026-06-10 13:15:00,1551.5,1553.1,1549.0,1549.6,6552.0
2026-06-10 13:20:00,1549.6,1550.1,1547.5,1547.5,7141.0
2026-06-10 13:25:00,1547.5,1550.9,1546.7,1549.2,4510.0
2026-06-10 13:30:00,1549.9,1549.9,1547.0,1547.0,6008.0
2026-06-10 13:35:00,1547.6,1548.4,1545.6,1546.6,13296.0
2026-06-10 13:40:00,1547.1,1550.5,1546.0,1546.0,5930.0
2026-06-10 13:45:00,1546.5,1548.1,1546.0,1547.7,3834.0
2026-06-10 13:50:00,1547.7,1547.7,1545.2,1547.1,11242.0
2026-06-10 13:55:00,1547.1,1547.7,1545.0,1546.0,8537.0
2026-06-10 14:00:00,1546.4,1550.2,1546.1,1548.0,6092.0
2026-06-10 14:05:00,1547.6,1548.7,1547.0,1547.1,2870.0
2026-06-10 14:10:00,1547.1,1547.7,1544.1,1546.0,13435.0
2026-06-10 14:15:00,1544.8,1549.8,1544.6,1549.4,7883.0
2026-06-10 14:20:00,1549.2,1558.6,1546.8,1557.0,120629.0
2026-06-10 14:25:00,1557.7,1558.6,1553.0,1554.6,24288.0
2026-06-10 14:30:00,1555.2,1555.9,1551.2,1553.0,25539.0
2026-06-10 14:35:00,1553.8,1555.7,1548.0,1548.1,32587.0
2026-06-10 14:40:00,1548.2,1549.7,1543.8,1544.9,29749.0
2026-06-10 14:45:00,1544.9,1545.8,1540.1,1540.8,19353.0
2026-06-10 14:50:00,1539.5,1542.1,1538.1,1540.8,20213.0
2026-06-10 14:55:00,1540.8,1542.8,1539.4,1541.4,10634.0
2026-06-10 15:00:00,1541.5,1541.5,1536.7,1537.9,44357.0
2026-06-10 15:05:00,1537.9,1538.4,1533.5,1537.4,39435.0
2026-06-10 15:10:00,1537.4,1538.1,1532.4,1533.9,40340.0
2026-06-10 15:15:00,1534.0,1535.9,1530.9,1535.6,52268.0
2026-06-10 15:20:00,1535.7,1537.7,1531.1,1533.8,39261.0
2026-06-10 15:25:00,1533.8,1540.0,1532.2,1536.1,65713.0
2026-06-11 09:15:00,1532.9,1535.0,1516.7,1531.5,120061.0
2026-06-11 09:20:00,1532.4,1539.4,1531.0,1533.8,63693.0
2026-06-11 09:25:00,1532.7,1536.0,1528.5,1531.6,31332.0
2026-06-11 09:30:00,1532.2,1539.9,1532.2,1537.0,30723.0
2026-06-11 09:35:00,1537.4,1539.6,1535.0,1538.2,23628.0
2026-06-11 09:40:00,1538.0,1539.0,1534.9,1538.6,28204.0
2026-06-11 09:45:00,1538.6,1541.5,1536.8,1537.6,33879.0
2026-06-11 09:50:00,1538.2,1539.4,1536.0,1536.0,8337.0
2026-06-11 09:55:00,1538.1,1538.1,1532.0,1533.0,14140.0
2026-06-11 10:00:00,1533.7,1533.9,1527.4,1528.0,38349.0
2026-06-11 10:05:00,1528.6,1532.7,1526.0,1531.4,15930.0
2026-06-11 10:10:00,1531.9,1533.7,1530.0,1532.2,19978.0
2026-06-11 10:15:00,1531.6,1533.6,1530.7,1533.3,9546.0
2026-06-11 10:20:00,1533.1,1536.8,1532.7,1536.0,21975.0
2026-06-11 10:25:00,1536.0,1536.8,1535.4,1535.5,10012.0
2026-06-11 10:30:00,1535.0,1538.0,1532.0,1537.0,10890.0
2026-06-11 10:35:00,1537.0,1537.2,1533.5,1534.9,7086.0
2026-06-11 10:40:00,1535.7,1536.0,1533.5,1533.5,4417.0
2026-06-11 10:45:00,1534.4,1534.4,1527.3,1528.0,26896.0
2026-06-11 10:50:00,1527.3,1528.7,1520.7,1522.9,26496.0
2026-06-11 10:55:00,1523.7,1523.7,1513.8,1515.5,32670.0
2026-06-11 11:00:00,1515.5,1516.0,1507.6,1511.6,66108.0
2026-06-11 11:05:00,1512.4,1517.3,1511.6,1514.9,14183.0
2026-06-11 11:10:00,1514.3,1515.6,1512.4,1513.3,10015.0
2026-06-11 11:15:00,1513.2,1515.4,1510.2,1514.0,14687.0
2026-06-11 11:20:00,1514.3,1519.1,1514.3,1516.9,16624.0
2026-06-11 11:25:00,1517.6,1522.9,1517.2,1520.1,15522.0
2026-06-11 11:30:00,1520.4,1524.5,1511.0,1512.2,62333.0
2026-06-11 11:35:00,1511.6,1512.5,1507.0,1510.5,33833.0
2026-06-11 11:40:00,1510.1,1514.3,1509.9,1513.4,10538.0
2026-06-11 11:45:00,1514.0,1515.5,1513.0,1514.2,5425.0
2026-06-11 11:50:00,1514.2,1517.9,1514.2,1517.0,6259.0
2026-06-11 11:55:00,1517.0,1517.1,1513.7,1513.7,4666.0
2026-06-11 12:00:00,1513.8,1514.4,1509.5,1510.1,13189.0
2026-06-11 12:05:00,1510.1,1510.8,1502.9,1505.6,37283.0
2026-06-11 12:10:00,1505.7,1505.7,1502.9,1503.7,16255.0
2026-06-11 12:15:00,1503.7,1506.8,1503.2,1504.0,7861.0
2026-06-11 12:20:00,1503.3,1504.1,1501.0,1502.1,15735.0
2026-06-11 12:25:00,1502.3,1502.7,1497.7,1501.0,24668.0
2026-06-11 12:30:00,1501.6,1505.0,1501.5,1503.1,5619.0
2026-06-11 12:35:00,1503.0,1503.5,1498.0,1498.8,14084.0
2026-06-11 12:40:00,1498.2,1500.5,1496.0,1499.9,20705.0
2026-06-11 12:45:00,1500.0,1500.0,1494.7,1495.0,16225.0
2026-06-11 12:50:00,1494.4,1498.0,1494.1,1495.2,12559.0
2026-06-11 12:55:00,1495.9,1500.3,1495.9,1500.0,8050.0
2026-06-11 13:00:00,1499.8,1502.2,1497.4,1498.2,13053.0
2026-06-11 13:05:00,1498.0,1499.2,1496.0,1496.6,5369.0
2026-06-11 13:10:00,1496.0,1496.9,1487.6,1489.0,29743.0
2026-06-11 13:15:00,1489.4,1490.1,1486.3,1486.4,25106.0
2026-06-11 13:20:00,1487.1,1490.4,1486.0,1490.0,20684.0
2026-06-11 13:25:00,1489.6,1490.4,1485.0,1486.3,14898.0
2026-06-11 13:30:00,1486.5,1489.0,1485.0,1486.2,20192.0
2026-06-11 13:35:00,1486.2,1488.0,1480.7,1481.4,31225.0
2026-06-11 13:40:00,1482.0,1482.5,1478.9,1480.9,28961.0
2026-06-11 13:45:00,1480.9,1485.0,1480.3,1481.6,11472.0
2026-06-11 13:50:00,1481.9,1483.9,1481.0,1482.0,16223.0
2026-06-11 13:55:00,1482.0,1483.5,1480.5,1481.5,21729.0
2026-06-11 14:00:00,1481.5,1484.8,1480.8,1484.3,8823.0
2026-06-11 14:05:00,1484.8,1485.5,1479.2,1479.8,26002.0
2026-06-11 14:10:00,1480.3,1480.3,1472.4,1476.5,61987.0
2026-06-11 14:15:00,1476.4,1477.2,1473.5,1474.7,24434.0
2026-06-11 14:20:00,1475.1,1477.5,1473.0,1473.8,17148.0
2026-06-11 14:25:00,1473.8,1481.1,1471.7,1479.8,38759.0
2026-06-11 14:30:00,1479.7,1483.9,1476.9,1483.2,34573.0
2026-06-11 14:35:00,1483.6,1484.9,1477.8,1477.8,46127.0
2026-06-11 14:40:00,1479.6,1479.6,1475.4,1476.3,19471.0
2026-06-11 14:45:00,1476.3,1476.8,1470.4,1475.5,27323.0
2026-06-11 14:50:00,1475.5,1475.5,1471.2,1473.0,24924.0
2026-06-11 14:55:00,1473.0,1478.0,1472.0,1476.8,42525.0
2026-06-11 15:00:00,1476.9,1479.3,1467.4,1468.0,51856.0
2026-06-11 15:05:00,1468.0,1469.3,1464.0,1464.7,76381.0
2026-06-11 15:10:00,1464.2,1467.7,1463.3,1466.7,52046.0
2026-06-11 15:15:00,1465.8,1469.8,1464.0,1467.1,60708.0
2026-06-11 15:20:00,1466.8,1467.7,1460.8,1466.3,61865.0
2026-06-11 15:25:00,1465.2,1470.0,1461.8,1468.0,66089.0
2026-06-12 09:15:00,1499.0,1499.0,1479.5,1491.3,144654.0
2026-06-12 09:20:00,1490.1,1498.8,1488.8,1492.9,58942.0
2026-06-12 09:25:00,1493.8,1495.9,1477.3,1482.7,98414.0
2026-06-12 09:30:00,1482.1,1486.7,1479.0,1485.1,64752.0
2026-06-12 09:35:00,1484.0,1488.4,1483.3,1486.3,16681.0
2026-06-12 09:40:00,1486.6,1486.6,1482.5,1482.9,13318.0
2026-06-12 09:45:00,1483.3,1496.0,1482.8,1494.0,36998.0
2026-06-12 09:50:00,1493.6,1509.0,1492.5,1499.6,61680.0
2026-06-12 09:55:00,1499.0,1500.9,1496.2,1496.4,26057.0
2026-06-12 10:00:00,1495.7,1498.0,1492.9,1498.0,34866.0
2026-06-12 10:05:00,1498.0,1502.0,1495.0,1495.3,23814.0
2026-06-12 10:10:00,1494.7,1495.5,1489.5,1491.0,19087.0
2026-06-12 10:15:00,1491.1,1496.2,1491.1,1492.7,18502.0
2026-06-12 10:20:00,1492.2,1498.5,1491.0,1498.4,16280.0
2026-06-12 10:25:00,1499.0,1504.0,1494.5,1496.3,51966.0
2026-06-12 10:30:00,1496.9,1499.4,1494.7,1496.2,20556.0
2026-06-12 10:35:00,1496.2,1497.6,1495.4,1496.2,9906.0
2026-06-12 10:40:00,1496.6,1496.9,1489.2,1491.5,25872.0
2026-06-12 10:45:00,1491.9,1493.3,1487.0,1490.2,16335.0
2026-06-12 10:50:00,1490.0,1492.5,1488.7,1492.5,13371.0
2026-06-12 10:55:00,1492.2,1495.6,1492.2,1494.7,6742.0
2026-06-12 11:00:00,1494.7,1494.8,1487.3,1488.1,17231.0
2026-06-12 11:05:00,1488.0,1489.8,1487.6,1488.9,4484.0
2026-06-12 11:10:00,1488.9,1496.0,1488.7,1496.0,8291.0
2026-06-12 11:15:00,1496.0,1499.2,1496.0,1498.2,33066.0
2026-06-12 11:20:00,1498.1,1498.5,1494.4,1496.8,8542.0
2026-06-12 11:25:00,1496.8,1496.8,1489.4,1490.8,8891.0
2026-06-12 11:30:00,1490.7,1492.8,1486.3,1489.4,31619.0
2026-06-12 11:35:00,1489.4,1490.6,1488.2,1489.2,9060.0
2026-06-12 11:40:00,1490.3,1493.8,1488.9,1493.0,7245.0
2026-06-12 11:45:00,1493.1,1495.2,1492.3,1495.2,6353.0
2026-06-12 11:50:00,1495.2,1495.2,1489.6,1489.6,17697.0
2026-06-12 11:55:00,1488.8,1492.0,1488.8,1491.4,12516.0
2026-06-12 12:00:00,1490.7,1491.6,1489.3,1490.1,3858.0
2026-06-12 12:05:00,1490.1,1490.5,1483.6,1483.6,17389.0
2026-06-12 12:10:00,1484.0,1484.7,1482.2,1484.0,14348.0
2026-06-12 12:15:00,1483.7,1484.6,1481.3,1481.9,6378.0
2026-06-12 12:20:00,1482.0,1485.0,1482.0,1484.4,2220.0
2026-06-12 12:25:00,1485.0,1486.1,1484.5,1485.5,2712.0
2026-06-12 12:30:00,1484.7,1486.0,1484.1,1485.5,6133.0
2026-06-12 12:35:00,1485.7,1487.0,1485.0,1485.6,7665.0
2026-06-12 12:40:00,1486.5,1486.5,1481.0,1481.7,5217.0
2026-06-12 12:45:00,1481.1,1484.0,1480.4,1482.6,13583.0
2026-06-12 12:50:00,1482.6,1483.5,1481.5,1483.5,5255.0
2026-06-12 12:55:00,1483.4,1483.9,1482.5,1483.9,2137.0
2026-06-12 13:00:00,1483.4,1486.3,1483.4,1486.0,4574.0
2026-06-12 13:05:00,1486.0,1488.7,1484.8,1485.6,9336.0
2026-06-12 13:10:00,1485.9,1486.1,1482.9,1486.0,4652.0
2026-06-12 13:15:00,1485.9,1487.1,1485.2,1485.4,8442.0
2026-06-12 13:20:00,1485.5,1486.7,1484.5,1484.6,9271.0
2026-06-12 13:25:00,1483.6,1491.9,1483.6,1490.0,22112.0
2026-06-12 13:30:00,1490.0,1494.8,1489.4,1494.2,22953.0
2026-06-12 13:35:00,1494.8,1498.0,1494.2,1497.7,28278.0
2026-06-12 13:40:00,1497.8,1501.9,1496.3,1500.3,37143.0
2026-06-12 13:45:00,1500.0,1503.7,1500.0,1501.9,18580.0
2026-06-12 13:50:00,1502.0,1503.0,1500.1,1500.9,11642.0
2026-06-12 13:55:00,1501.5,1502.4,1498.3,1501.9,26754.0
2026-06-12 14:00:00,1501.8,1502.2,1500.2,1500.9,4446.0
2026-06-12 14:05:00,1501.0,1503.0,1499.9,1500.0,14494.0
2026-06-12 14:10:00,1500.5,1500.5,1496.8,1498.6,6075.0
2026-06-12 14:15:00,1498.7,1503.2,1498.7,1503.1,11743.0
2026-06-12 14:20:00,1502.5,1502.9,1493.0,1493.9,13348.0
2026-06-12 14:25:00,1493.0,1495.2,1489.4,1492.2,24785.0
2026-06-12 14:30:00,1492.0,1494.0,1490.8,1491.4,30415.0
2026-06-12 14:35:00,1492.0,1493.6,1491.0,1492.9,8015.0
2026-06-12 14:40:00,1493.1,1494.2,1492.2,1493.9,23719.0
2026-06-12 14:45:00,1493.9,1494.9,1493.0,1494.5,11381.0
2026-06-12 14:50:00,1494.0,1494.5,1491.8,1492.8,19450.0
2026-06-12 14:55:00,1492.2,1492.9,1490.2,1490.8,15168.0
2026-06-12 15:00:00,1490.7,1498.0,1488.0,1495.7,24082.0
2026-06-12 15:05:00,1495.8,1496.0,1490.9,1490.9,18570.0
2026-06-12 15:10:00,1491.0,1491.7,1489.0,1490.5,15342.0
2026-06-12 15:15:00,1489.6,1492.0,1488.3,1490.5,40449.0
2026-06-12 15:20:00,1490.1,1491.5,1488.2,1488.9,30811.0
2026-06-12 15:25:00,1488.9,1489.0,1477.0,1484.0,42880.0
2026-06-15 09:15:00,1506.9,1518.8,1504.6,1513.7,82436.0
2026-06-15 09:20:00,1512.1,1513.2,1502.6,1505.3,42898.0
2026-06-15 09:25:00,1507.4,1512.7,1505.0,1509.7,32457.0
2026-06-15 09:30:00,1509.9,1514.7,1507.7,1513.3,21838.0
2026-06-15 09:35:00,1513.9,1520.0,1512.0,1519.3,24666.0
2026-06-15 09:40:00,1519.0,1525.0,1518.5,1521.6,53203.0
2026-06-15 09:45:00,1521.7,1522.6,1516.2,1519.0,22823.0
2026-06-15 09:50:00,1518.6,1519.0,1511.3,1514.8,35025.0
2026-06-15 09:55:00,1514.6,1514.7,1508.0,1508.0,31710.0
2026-06-15 10:00:00,1508.0,1510.7,1507.3,1508.8,16311.0
2026-06-15 10:05:00,1508.3,1509.1,1504.7,1506.0,28076.0
2026-06-15 10:10:00,1506.8,1509.5,1506.2,1508.1,10459.0
2026-06-15 10:15:00,1507.4,1513.0,1507.4,1510.1,24570.0
2026-06-15 10:20:00,1509.6,1512.9,1508.6,1511.9,6193.0
2026-06-15 10:25:00,1511.9,1513.9,1511.3,1513.3,12681.0
2026-06-15 10:30:00,1513.4,1513.4,1508.9,1508.9,7644.0
2026-06-15 10:35:00,1509.6,1513.0,1508.2,1511.0,6654.0
2026-06-15 10:40:00,1510.6,1512.4,1507.6,1508.6,9050.0
2026-06-15 10:45:00,1508.4,1511.1,1508.4,1510.9,6049.0
2026-06-15 10:50:00,1511.8,1512.8,1509.6,1510.2,7562.0
2026-06-15 10:55:00,1510.5,1514.8,1510.0,1511.8,11853.0
2026-06-15 11:00:00,1511.5,1513.0,1509.7,1512.0,10135.0
2026-06-15 11:05:00,1511.7,1513.1,1510.1,1512.7,3599.0
2026-06-15 11:10:00,1512.7,1512.7,1510.0,1512.0,3766.0
2026-06-15 11:15:00,1511.8,1518.7,1511.8,1518.6,32170.0
2026-06-15 11:20:00,1518.0,1520.9,1517.2,1519.8,37635.0
2026-06-15 11:25:00,1520.0,1525.0,1520.0,1524.0,33313.0
2026-06-15 11:30:00,1524.0,1528.0,1523.0,1528.0,35413.0
2026-06-15 11:35:00,1527.8,1529.5,1526.0,1528.5,30266.0
2026-06-15 11:40:00,1529.0,1534.8,1529.0,1531.7,44511.0
2026-06-15 11:45:00,1531.7,1531.7,1523.2,1525.0,41804.0
2026-06-15 11:50:00,1524.5,1527.7,1524.5,1527.0,12289.0
2026-06-15 11:55:00,1527.4,1529.4,1526.2,1529.4,18289.0
2026-06-15 12:00:00,1529.7,1531.1,1526.2,1527.0,35692.0
2026-06-15 12:05:00,1527.0,1527.9,1525.0,1525.6,22738.0
2026-06-15 12:10:00,1525.6,1526.6,1524.6,1525.0,8814.0
2026-06-15 12:15:00,1525.5,1525.5,1519.8,1523.9,27161.0
2026-06-15 12:20:00,1523.4,1525.1,1521.7,1524.9,6931.0
2026-06-15 12:25:00,1524.5,1529.3,1524.1,1526.6,8402.0
2026-06-15 12:30:00,1526.5,1528.0,1524.6,1526.5,6740.0
2026-06-15 12:35:00,1526.6,1529.2,1526.6,1527.0,9437.0
2026-06-15 12:40:00,1527.0,1527.4,1521.2,1522.2,36932.0
2026-06-15 12:45:00,1521.7,1521.8,1509.6,1512.0,78777.0
2026-06-15 12:50:00,1511.8,1512.7,1508.6,1509.0,22793.0
2026-06-15 12:55:00,1509.0,1509.2,1504.6,1508.3,21167.0
2026-06-15 13:00:00,1507.5,1508.3,1505.6,1506.1,12668.0
2026-06-15 13:05:00,1506.1,1508.7,1500.7,1507.3,61533.0
2026-06-15 13:10:00,1507.7,1510.9,1505.8,1507.9,15305.0
2026-06-15 13:15:00,1508.0,1508.0,1498.9,1499.8,46559.0
2026-06-15 13:20:00,1499.7,1499.7,1496.1,1498.4,23304.0
2026-06-15 13:25:00,1498.4,1502.2,1497.9,1500.9,15865.0
2026-06-15 13:30:00,1501.2,1503.4,1498.1,1498.6,25876.0
2026-06-15 13:35:00,1498.1,1500.0,1495.7,1496.9,9578.0
2026-06-15 13:40:00,1496.8,1498.5,1493.7,1496.6,21003.0
2026-06-15 13:45:00,1496.2,1498.8,1496.2,1498.8,4153.0
2026-06-15 13:50:00,1499.0,1499.6,1493.1,1495.0,10112.0
2026-06-15 13:55:00,1494.9,1499.3,1494.9,1499.0,6859.0
2026-06-15 14:00:00,1498.9,1504.0,1498.5,1502.0,29277.0
2026-06-15 14:05:00,1502.3,1507.6,1502.0,1506.0,23360.0
2026-06-15 14:10:00,1505.7,1507.0,1499.4,1500.0,32423.0
2026-06-15 14:15:00,1500.0,1502.9,1497.3,1502.6,14840.0
2026-06-15 14:20:00,1502.0,1502.7,1499.1,1500.0,7347.0
2026-06-15 14:25:00,1499.4,1503.9,1499.4,1503.8,11032.0
2026-06-15 14:30:00,1504.2,1507.4,1503.5,1503.5,20398.0
2026-06-15 14:35:00,1503.4,1506.3,1503.1,1505.5,36469.0
2026-06-15 14:40:00,1505.9,1505.9,1497.9,1498.8,58199.0
2026-06-15 14:45:00,1498.0,1498.1,1495.7,1497.0,9365.0
2026-06-15 14:50:00,1497.5,1503.8,1493.4,1503.5,52496.0
2026-06-15 14:55:00,1505.0,1505.0,1495.2,1496.2,31425.0
2026-06-15 15:00:00,1496.7,1497.4,1492.6,1493.0,26004.0
2026-06-15 15:05:00,1493.4,1493.4,1489.7,1490.5,29012.0
2026-06-15 15:10:00,1490.9,1492.2,1486.6,1489.4,39955.0
2026-06-15 15:15:00,1489.9,1496.3,1488.8,1494.9,39710.0
2026-06-15 15:20:00,1494.9,1495.5,1490.9,1493.6,30881.0
2026-06-15 15:25:00,1493.5,1493.7,1486.1,1491.6,53738.0
2026-06-16 09:15:00,1498.0,1499.0,1483.2,1492.0,79896.0
2026-06-16 09:20:00,1491.0,1497.0,1489.3,1495.3,31927.0
2026-06-16 09:25:00,1495.3,1501.4,1493.6,1500.4,34935.0
2026-06-16 09:30:00,1500.0,1500.4,1493.6,1494.5,25225.0
2026-06-16 09:35:00,1494.0,1495.7,1491.0,1491.0,23712.0
2026-06-16 09:40:00,1491.1,1493.3,1488.1,1490.7,21663.0
2026-06-16 09:45:00,1490.4,1494.0,1490.0,1491.6,8929.0
2026-06-16 09:50:00,1491.6,1500.9,1490.2,1500.0,48587.0
2026-06-16 09:55:00,1500.0,1509.9,1499.2,1504.7,155184.0
2026-06-16 10:00:00,1504.3,1505.0,1500.1,1500.4,17806.0
2026-06-16 10:05:00,1500.4,1503.4,1500.4,1502.2,14950.0
2026-06-16 10:10:00,1501.8,1506.9,1501.3,1505.0,11720.0
2026-06-16 10:15:00,1505.5,1506.1,1503.0,1503.0,7504.0
2026-06-16 10:20:00,1504.0,1506.0,1503.0,1505.5,15951.0
2026-06-16 10:25:00,1505.5,1506.1,1504.5,1505.5,7975.0
2026-06-16 10:30:00,1505.2,1509.7,1505.2,1509.0,15721.0
2026-06-16 10:35:00,1509.2,1516.6,1509.0,1515.0,30621.0
2026-06-16 10:40:00,1515.9,1519.0,1515.5,1518.2,37363.0
2026-06-16 10:45:00,1517.8,1518.8,1516.0,1516.6,15330.0
2026-06-16 10:50:00,1516.1,1516.9,1510.6,1511.5,13654.0
2026-06-16 10:55:00,1511.3,1513.0,1510.5,1511.2,6479.0
2026-06-16 11:00:00,1511.9,1511.9,1506.9,1507.4,8650.0
2026-06-16 11:05:00,1507.0,1509.0,1506.0,1506.8,9528.0
2026-06-16 11:10:00,1506.7,1508.2,1503.7,1508.1,16957.0
2026-06-16 11:15:00,1508.1,1509.9,1506.6,1506.6,6939.0
2026-06-16 11:20:00,1506.7,1509.4,1505.9,1509.4,3169.0
2026-06-16 11:25:00,1509.1,1509.1,1503.2,1503.6,7794.0
2026-06-16 11:30:00,1503.0,1503.0,1496.0,1497.9,28441.0
2026-06-16 11:35:00,1497.9,1498.1,1494.2,1496.0,15799.0
2026-06-16 11:40:00,1496.8,1497.1,1494.8,1495.4,9493.0
2026-06-16 11:45:00,1495.1,1496.6,1491.8,1494.0,51072.0
2026-06-16 11:50:00,1494.4,1495.6,1486.2,1488.0,106132.0
2026-06-16 11:55:00,1488.4,1490.5,1484.1,1485.0,29361.0
2026-06-16 12:00:00,1485.0,1485.0,1476.2,1478.2,38498.0
2026-06-16 12:05:00,1478.3,1480.2,1477.4,1479.9,15536.0
2026-06-16 12:10:00,1479.5,1479.7,1478.1,1478.7,4665.0
2026-06-16 12:15:00,1478.6,1478.6,1477.0,1477.3,9447.0
2026-06-16 12:20:00,1477.4,1478.1,1475.6,1478.0,13564.0
2026-06-16 12:25:00,1478.0,1482.3,1478.0,1480.7,34782.0
2026-06-16 12:30:00,1480.6,1481.3,1480.0,1480.4,12236.0
2026-06-16 12:35:00,1480.4,1480.5,1479.4,1479.5,2699.0
2026-06-16 12:40:00,1479.8,1479.9,1476.5,1478.9,9668.0
2026-06-16 12:45:00,1479.6,1479.8,1477.7,1479.1,5737.0
2026-06-16 12:50:00,1479.1,1479.1,1477.1,1478.4,11700.0
2026-06-16 12:55:00,1478.4,1480.0,1478.4,1478.9,3452.0
2026-06-16 13:00:00,1478.8,1478.9,1475.5,1476.2,9782.0
2026-06-16 13:05:00,1476.2,1479.9,1475.5,1479.9,10287.0
2026-06-16 13:10:00,1479.9,1482.4,1479.9,1481.9,9118.0
2026-06-16 13:15:00,1482.0,1482.3,1481.0,1481.8,4363.0
2026-06-16 13:20:00,1481.8,1484.8,1480.7,1482.6,22859.0
2026-06-16 13:25:00,1482.6,1488.2,1482.0,1486.7,14797.0
2026-06-16 13:30:00,1487.0,1487.1,1484.7,1484.7,8834.0
2026-06-16 13:35:00,1484.7,1496.6,1484.7,1494.3,32501.0
2026-06-16 13:40:00,1493.8,1493.8,1489.2,1492.8,19491.0
2026-06-16 13:45:00,1492.5,1496.6,1492.3,1494.3,19300.0
2026-06-16 13:50:00,1494.8,1495.0,1492.3,1493.5,10457.0
2026-06-16 13:55:00,1493.8,1496.3,1493.3,1494.7,11986.0
2026-06-16 14:00:00,1495.0,1496.2,1493.0,1493.1,7231.0
2026-06-16 14:05:00,1493.7,1499.2,1493.7,1497.8,27344.0
2026-06-16 14:10:00,1498.2,1503.7,1497.3,1503.7,18578.0
2026-06-16 14:15:00,1503.0,1507.0,1502.4,1506.4,37204.0
2026-06-16 14:20:00,1505.6,1506.7,1499.0,1501.7,17302.0
2026-06-16 14:25:00,1501.7,1502.9,1500.4,1501.4,9052.0
2026-06-16 14:30:00,1501.4,1503.1,1500.0,1502.7,9433.0
2026-06-16 14:35:00,1501.0,1501.7,1499.3,1499.9,10918.0
2026-06-16 14:40:00,1500.0,1500.5,1496.2,1497.7,22066.0
2026-06-16 14:45:00,1497.0,1499.0,1494.1,1495.6,23033.0
2026-06-16 14:50:00,1496.1,1499.1,1494.8,1498.5,8874.0
2026-06-16 14:55:00,1499.0,1499.0,1496.2,1497.0,13945.0
2026-06-16 15:00:00,1497.0,1499.8,1495.6,1497.2,37813.0
2026-06-16 15:05:00,1497.2,1497.2,1493.0,1493.9,16903.0
2026-06-16 15:10:00,1493.9,1493.9,1489.9,1492.2,27465.0
2026-06-16 15:15:00,1491.7,1492.2,1489.4,1490.5,37712.0
2026-06-16 15:20:00,1489.4,1490.0,1483.5,1485.9,57739.0
2026-06-16 15:25:00,1485.9,1494.0,1485.3,1492.0,45076.0
2026-06-17 09:15:00,1494.7,1495.0,1475.4,1481.5,92539.0
2026-06-17 09:20:00,1481.5,1484.0,1475.0,1476.0,52427.0
2026-06-17 09:25:00,1475.6,1478.6,1473.0,1477.6,49203.0
2026-06-17 09:30:00,1478.0,1480.9,1475.2,1476.0,30331.0
2026-06-17 09:35:00,1476.0,1476.0,1471.0,1471.8,30274.0
2026-06-17 09:40:00,1471.7,1472.5,1470.0,1471.0,24435.0
2026-06-17 09:45:00,1470.7,1474.0,1470.7,1473.8,16051.0
2026-06-17 09:50:00,1474.0,1479.0,1472.7,1478.0,20346.0
2026-06-17 09:55:00,1478.4,1478.6,1472.1,1474.9,12986.0
2026-06-17 10:00:00,1474.3,1474.6,1471.3,1473.5,21911.0
2026-06-17 10:05:00,1473.5,1477.6,1471.0,1477.5,25481.0
2026-06-17 10:10:00,1476.8,1479.5,1473.3,1479.2,25950.0
2026-06-17 10:15:00,1478.5,1483.0,1477.8,1483.0,13595.0
2026-06-17 10:20:00,1482.5,1496.3,1482.5,1493.9,103010.0
2026-06-17 10:25:00,1493.8,1494.5,1484.1,1484.7,31831.0
2026-06-17 10:30:00,1484.5,1488.4,1484.2,1486.0,15584.0
2026-06-17 10:35:00,1486.0,1486.0,1483.6,1483.8,6320.0
2026-06-17 10:40:00,1483.9,1484.8,1481.6,1481.6,9892.0
2026-06-17 10:45:00,1482.2,1483.3,1481.1,1481.9,8104.0
2026-06-17 10:50:00,1481.5,1482.5,1481.5,1482.0,3214.0
2026-06-17 10:55:00,1482.0,1484.8,1481.0,1481.0,11525.0
2026-06-17 11:00:00,1481.1,1486.0,1480.0,1484.8,17484.0
2026-06-17 11:05:00,1485.0,1485.0,1479.1,1480.7,12362.0
2026-06-17 11:10:00,1480.0,1480.9,1479.5,1480.2,3665.0
2026-06-17 11:15:00,1480.2,1482.8,1480.2,1482.5,8247.0
2026-06-17 11:20:00,1482.5,1483.7,1482.0,1483.2,2831.0
2026-06-17 11:25:00,1483.0,1483.5,1480.2,1483.0,10852.0
2026-06-17 11:30:00,1482.6,1483.6,1480.8,1482.0,3489.0
2026-06-17 11:35:00,1482.1,1482.7,1478.4,1479.6,9939.0
2026-06-17 11:40:00,1480.0,1483.1,1479.5,1482.1,23064.0
2026-06-17 11:45:00,1482.1,1483.1,1481.4,1481.7,2889.0
2026-06-17 11:50:00,1481.7,1482.6,1481.6,1482.6,3515.0
2026-06-17 11:55:00,1483.0,1483.5,1481.1,1481.8,5797.0
2026-06-17 12:00:00,1481.0,1484.7,1481.0,1483.6,5491.0
2026-06-17 12:05:00,1484.4,1488.3,1484.2,1488.1,12476.0
2026-06-17 12:10:00,1489.0,1489.5,1487.0,1488.2,12528.0
2026-06-17 12:15:00,1488.1,1491.0,1487.0,1490.6,16896.0
2026-06-17 12:20:00,1490.4,1491.9,1488.5,1489.1,12016.0
2026-06-17 12:25:00,1489.0,1490.3,1487.6,1488.0,9550.0
2026-06-17 12:30:00,1488.7,1492.6,1488.1,1492.4,17976.0
2026-06-17 12:35:00,1492.4,1492.4,1489.8,1490.0,9369.0
2026-06-17 12:40:00,1490.5,1491.1,1489.8,1490.7,3350.0
2026-06-17 12:45:00,1491.0,1492.0,1490.3,1490.7,5914.0
2026-06-17 12:50:00,1490.0,1490.0,1486.9,1486.9,8563.0
2026-06-17 12:55:00,1487.0,1487.5,1486.0,1486.2,11709.0
2026-06-17 13:00:00,1486.7,1486.9,1483.2,1485.4,12087.0
2026-06-17 13:05:00,1485.0,1486.4,1484.5,1484.6,12579.0
2026-06-17 13:10:00,1484.7,1486.0,1484.0,1485.4,4204.0
2026-06-17 13:15:00,1485.3,1488.0,1484.2,1486.1,31549.0
2026-06-17 13:20:00,1487.4,1489.4,1486.5,1488.1,10679.0
2026-06-17 13:25:00,1488.0,1489.3,1487.0,1488.2,7717.0
2026-06-17 13:30:00,1488.4,1489.2,1487.9,1488.7,4604.0
2026-06-17 13:35:00,1489.0,1489.6,1486.1,1488.2,8053.0
2026-06-17 13:40:00,1488.9,1489.0,1487.0,1487.1,3327.0
2026-06-17 13:45:00,1487.0,1487.9,1484.5,1485.0,3936.0
2026-06-17 13:50:00,1485.4,1485.4,1481.5,1482.7,7454.0
2026-06-17 13:55:00,1482.7,1484.0,1480.8,1483.2,12814.0
2026-06-17 14:00:00,1483.8,1484.8,1482.5,1484.1,5339.0
2026-06-17 14:05:00,1484.0,1486.9,1484.0,1485.4,22770.0
2026-06-17 14:10:00,1485.4,1485.4,1483.3,1484.6,3004.0
2026-06-17 14:15:00,1484.5,1488.9,1483.7,1488.1,10667.0
2026-06-17 14:20:00,1488.6,1492.0,1487.8,1490.6,19259.0
2026-06-17 14:25:00,1490.6,1490.6,1484.3,1484.8,12944.0
2026-06-17 14:30:00,1485.3,1487.4,1483.5,1486.1,9064.0
2026-06-17 14:35:00,1485.3,1489.9,1485.3,1489.0,7902.0
2026-06-17 14:40:00,1489.3,1491.5,1489.0,1490.5,13618.0
2026-06-17 14:45:00,1490.6,1491.8,1488.4,1489.8,11902.0
2026-06-17 14:50:00,1489.7,1490.6,1488.8,1489.2,5019.0
2026-06-17 14:55:00,1489.8,1492.8,1489.1,1492.5,14711.0
2026-06-17 15:00:00,1492.5,1495.9,1490.9,1492.2,63963.0
2026-06-17 15:05:00,1492.2,1493.0,1490.2,1490.2,20730.0
2026-06-17 15:10:00,1490.5,1490.8,1486.9,1488.4,26600.0
2026-06-17 15:15:00,1488.0,1491.2,1487.4,1490.4,20383.0
2026-06-17 15:20:00,1490.1,1491.5,1488.5,1490.3,19623.0
2026-06-17 15:25:00,1490.3,1490.6,1487.8,1489.8,27530.0
2026-06-18 09:15:00,1493.0,1510.9,1493.0,1503.9,77174.0
2026-06-18 09:20:00,1503.9,1504.0,1493.1,1495.0,40184.0
2026-06-18 09:25:00,1494.0,1496.4,1493.5,1495.9,21055.0
2026-06-18 09:30:00,1495.5,1497.5,1490.0,1490.4,31196.0
2026-06-18 09:35:00,1490.0,1491.7,1488.1,1489.8,18296.0
2026-06-18 09:40:00,1489.1,1493.5,1489.0,1490.9,22554.0
2026-06-18 09:45:00,1490.8,1494.5,1490.0,1491.4,14021.0
2026-06-18 09:50:00,1491.7,1502.5,1491.7,1500.4,40859.0
2026-06-18 09:55:00,1501.0,1501.5,1493.2,1493.3,18195.0
2026-06-18 10:00:00,1493.8,1494.4,1489.0,1489.5,23128.0
2026-06-18 10:05:00,1489.8,1492.7,1488.8,1491.3,12532.0
2026-06-18 10:10:00,1491.3,1491.4,1488.0,1488.6,8411.0
2026-06-18 10:15:00,1488.6,1491.0,1488.4,1491.0,7201.0
2026-06-18 10:20:00,1491.0,1491.5,1488.4,1488.4,19801.0
2026-06-18 10:25:00,1488.4,1489.5,1486.1,1487.3,8464.0
2026-06-18 10:30:00,1487.3,1488.1,1484.2,1487.5,12637.0
2026-06-18 10:35:00,1487.2,1488.6,1485.3,1485.3,6623.0
2026-06-18 10:40:00,1486.0,1487.8,1484.0,1487.1,6458.0
2026-06-18 10:45:00,1486.9,1491.6,1486.8,1490.6,8196.0
2026-06-18 10:50:00,1490.6,1492.8,1488.5,1491.0,6825.0
2026-06-18 10:55:00,1490.5,1491.6,1489.4,1491.0,4512.0
2026-06-18 11:00:00,1491.0,1491.0,1488.3,1489.4,4114.0
2026-06-18 11:05:00,1488.8,1488.8,1485.5,1488.0,24951.0
2026-06-18 11:10:00,1488.0,1488.4,1485.4,1486.5,4835.0
2026-06-18 11:15:00,1485.8,1486.0,1484.0,1484.1,15689.0
2026-06-18 11:20:00,1484.1,1487.0,1483.5,1486.8,7762.0
2026-06-18 11:25:00,1486.8,1489.0,1486.1,1487.5,4123.0
2026-06-18 11:30:00,1487.4,1490.9,1487.4,1490.0,4824.0
2026-06-18 11:35:00,1489.6,1493.0,1488.7,1493.0,23077.0
2026-06-18 11:40:00,1493.0,1493.8,1489.0,1490.7,7049.0
2026-06-18 11:45:00,1490.7,1490.8,1487.8,1490.3,5164.0
2026-06-18 11:50:00,1490.5,1490.5,1487.5,1487.5,3181.0
2026-06-18 11:55:00,1488.2,1489.1,1487.7,1488.9,3601.0
2026-06-18 12:00:00,1488.4,1489.1,1487.9,1489.1,2916.0
2026-06-18 12:05:00,1489.4,1490.2,1488.6,1488.9,2162.0
2026-06-18 12:10:00,1488.9,1489.7,1488.1,1489.7,3384.0
2026-06-18 12:15:00,1489.6,1495.3,1487.9,1494.4,12707.0
2026-06-18 12:20:00,1494.5,1497.7,1494.5,1496.7,17443.0
2026-06-18 12:25:00,1496.6,1516.9,1495.0,1516.0,95171.0
2026-06-18 12:30:00,1515.5,1522.0,1513.5,1516.3,71097.0
2026-06-18 12:35:00,1514.9,1517.0,1508.1,1511.6,60285.0
2026-06-18 12:40:00,1512.4,1515.0,1510.0,1511.5,21519.0
2026-06-18 12:45:00,1511.5,1512.0,1506.9,1509.0,16227.0
2026-06-18 12:50:00,1508.3,1512.5,1506.1,1510.6,18298.0
2026-06-18 12:55:00,1511.3,1518.3,1510.8,1515.9,22131.0
2026-06-18 13:00:00,1515.8,1519.8,1513.6,1517.7,24933.0
2026-06-18 13:05:00,1517.0,1526.7,1514.8,1521.8,62665.0
2026-06-18 13:10:00,1521.8,1522.9,1517.6,1518.6,18179.0
2026-06-18 13:15:00,1519.0,1520.0,1512.1,1513.0,34019.0
2026-06-18 13:20:00,1513.1,1514.6,1504.5,1505.0,35546.0
2026-06-18 13:25:00,1505.0,1505.0,1499.5,1502.2,48773.0
2026-06-18 13:30:00,1501.9,1507.2,1500.1,1503.4,25139.0
2026-06-18 13:35:00,1502.5,1503.0,1501.1,1501.5,16880.0
2026-06-18 13:40:00,1501.1,1504.0,1499.7,1501.6,22726.0
2026-06-18 13:45:00,1501.6,1503.8,1501.0,1502.0,9964.0
2026-06-18 13:50:00,1501.2,1502.2,1500.0,1501.3,5891.0
2026-06-18 13:55:00,1501.2,1501.9,1497.9,1498.4,10182.0
2026-06-18 14:00:00,1498.4,1499.6,1497.0,1497.9,10380.0
2026-06-18 14:05:00,1497.2,1498.8,1495.7,1495.8,10126.0
2026-06-18 14:10:00,1496.2,1499.1,1496.2,1498.5,8346.0
2026-06-18 14:15:00,1498.5,1498.9,1494.4,1496.1,17936.0
2026-06-18 14:20:00,1495.5,1496.7,1493.0,1496.1,9005.0
2026-06-18 14:25:00,1496.3,1497.8,1494.7,1496.0,9729.0
2026-06-18 14:30:00,1495.5,1496.5,1492.5,1496.4,8062.0
2026-06-18 14:35:00,1496.3,1497.6,1494.9,1495.6,8416.0
2026-06-18 14:40:00,1495.3,1496.7,1494.0,1495.7,10230.0
2026-06-18 14:45:00,1495.2,1495.5,1490.5,1491.7,8067.0
2026-06-18 14:50:00,1491.9,1495.2,1490.9,1494.5,8510.0
2026-06-18 14:55:00,1494.6,1502.5,1493.7,1499.5,19126.0
2026-06-18 15:00:00,1499.5,1503.8,1499.5,1503.5,42645.0
2026-06-18 15:05:00,1503.9,1518.0,1500.0,1516.8,114062.0
2026-06-18 15:10:00,1516.7,1523.5,1512.3,1521.1,81288.0
2026-06-18 15:15:00,1521.6,1528.0,1517.4,1527.5,145099.0
2026-06-18 15:20:00,1526.5,1539.6,1526.4,1539.0,113493.0
2026-06-18 15:25:00,1538.7,1540.0,1531.1,1535.0,132746.0
2026-06-19 09:15:00,1530.0,1532.4,1520.5,1531.3,100194.0
2026-06-19 09:20:00,1531.8,1536.2,1529.1,1536.2,66103.0
2026-06-19 09:25:00,1535.3,1540.0,1530.4,1537.6,97742.0
2026-06-19 09:30:00,1536.5,1537.2,1525.9,1525.9,41233.0
2026-06-19 09:35:00,1526.2,1529.3,1522.5,1524.7,28569.0
2026-06-19 09:40:00,1526.4,1533.3,1524.0,1528.2,24287.0
2026-06-19 09:45:00,1528.2,1532.7,1526.0,1529.2,44418.0
2026-06-19 09:50:00,1529.1,1529.1,1525.5,1528.1,22903.0
2026-06-19 09:55:00,1528.6,1532.6,1527.1,1527.5,15602.0
2026-06-19 10:00:00,1528.1,1528.1,1520.0,1522.3,49717.0
2026-06-19 10:05:00,1520.5,1525.0,1520.0,1523.6,17056.0
2026-06-19 10:10:00,1523.6,1530.6,1522.7,1529.5,8961.0
2026-06-19 10:15:00,1528.4,1529.8,1527.1,1528.0,15056.0
2026-06-19 10:20:00,1528.5,1528.5,1524.0,1525.0,8058.0
2026-06-19 10:25:00,1524.6,1525.0,1521.1,1521.6,10145.0
2026-06-19 10:30:00,1521.4,1523.6,1518.2,1520.4,16243.0
2026-06-19 10:35:00,1521.1,1521.3,1518.6,1520.3,10145.0
2026-06-19 10:40:00,1521.0,1524.5,1519.8,1523.8,6019.0
2026-06-19 10:45:00,1523.8,1526.0,1521.6,1524.5,9216.0
2026-06-19 10:50:00,1523.8,1524.9,1522.0,1522.7,8668.0
2026-06-19 10:55:00,1522.7,1523.7,1520.8,1523.1,2190.0
2026-06-19 11:00:00,1523.2,1527.7,1523.1,1525.5,9866.0
2026-06-19 11:05:00,1525.9,1525.9,1524.1,1524.7,4068.0
2026-06-19 11:10:00,1524.7,1530.1,1524.0,1530.1,25718.0
2026-06-19 11:15:00,1530.4,1533.0,1526.5,1527.6,23009.0
2026-06-19 11:20:00,1527.6,1529.3,1526.0,1526.8,3232.0
2026-06-19 11:25:00,1526.8,1527.4,1522.5,1525.7,7631.0
2026-06-19 11:30:00,1525.8,1527.0,1521.0,1523.0,33315.0
2026-06-19 11:35:00,1522.8,1524.4,1517.7,1519.1,19793.0
2026-06-19 11:40:00,1519.1,1521.1,1516.9,1519.0,24736.0
2026-06-19 11:45:00,1518.9,1519.6,1517.0,1517.5,10512.0
2026-06-19 11:50:00,1517.5,1519.7,1516.0,1516.0,47867.0
2026-06-19 11:55:00,1516.4,1519.0,1515.7,1518.3,7893.0
2026-06-19 12:00:00,1519.0,1520.0,1517.6,1518.0,16052.0
2026-06-19 12:05:00,1517.3,1517.3,1515.0,1516.6,9714.0
2026-06-19 12:10:00,1516.7,1517.9,1515.5,1517.6,3692.0
2026-06-19 12:15:00,1517.5,1517.6,1516.2,1516.8,6603.0
2026-06-19 12:20:00,1516.8,1517.9,1516.3,1517.0,7652.0
2026-06-19 12:25:00,1516.8,1518.0,1516.0,1517.6,5542.0
2026-06-19 12:30:00,1517.6,1518.0,1517.0,1518.0,5952.0
2026-06-19 12:35:00,1518.0,1518.0,1513.0,1513.2,20599.0
2026-06-19 12:40:00,1513.3,1513.8,1508.0,1510.1,25477.0
2026-06-19 12:45:00,1510.9,1513.8,1510.9,1512.1,8164.0
2026-06-19 12:50:00,1512.5,1513.2,1511.5,1511.6,5522.0
2026-06-19 12:55:00,1511.7,1512.0,1501.3,1503.6,47870.0
2026-06-19 13:00:00,1505.5,1507.5,1501.8,1502.4,16963.0
2026-06-19 13:05:00,1502.4,1506.5,1502.4,1505.7,11345.0
2026-06-19 13:10:00,1505.8,1509.0,1505.8,1509.0,4901.0
2026-06-19 13:15:00,1508.7,1512.8,1508.7,1511.6,13662.0
2026-06-19 13:20:00,1512.1,1512.6,1508.1,1508.8,14961.0
2026-06-19 13:25:00,1508.8,1511.3,1508.8,1509.7,2063.0
2026-06-19 13:30:00,1509.7,1511.0,1507.3,1510.5,2750.0
2026-06-19 13:35:00,1510.6,1511.3,1510.3,1511.2,1819.0
2026-06-19 13:40:00,1511.3,1513.8,1510.7,1513.1,11133.0
2026-06-19 13:45:00,1513.1,1513.4,1508.9,1511.3,15236.0
2026-06-19 13:50:00,1512.0,1512.3,1506.1,1507.9,15853.0
2026-06-19 13:55:00,1507.9,1511.0,1507.9,1509.4,13388.0
2026-06-19 14:00:00,1508.9,1510.4,1503.0,1506.5,19598.0
2026-06-19 14:05:00,1507.0,1509.3,1506.5,1508.6,9562.0
2026-06-19 14:10:00,1508.5,1509.9,1507.4,1509.1,6974.0
2026-06-19 14:15:00,1509.8,1509.8,1508.0,1508.2,7763.0
2026-06-19 14:20:00,1508.6,1508.9,1506.0,1506.1,8505.0
2026-06-19 14:25:00,1506.6,1508.0,1505.0,1508.0,12473.0
2026-06-19 14:30:00,1508.0,1510.0,1507.0,1509.9,12771.0
2026-06-19 14:35:00,1509.8,1512.0,1508.1,1511.0,18425.0
2026-06-19 14:40:00,1510.0,1510.8,1507.0,1510.0,15757.0
2026-06-19 14:45:00,1509.9,1510.0,1506.2,1508.9,17679.0
2026-06-19 14:50:00,1508.2,1508.7,1497.8,1500.4,38374.0
2026-06-19 14:55:00,1500.0,1500.1,1496.9,1499.4,34011.0
2026-06-19 15:00:00,1499.4,1508.4,1498.2,1506.3,200167.0
2026-06-19 15:05:00,1505.7,1511.8,1505.7,1507.0,184904.0
2026-06-19 15:10:00,1507.0,1511.1,1507.0,1507.8,187514.0
2026-06-19 15:15:00,1508.5,1510.0,1505.2,1507.4,196861.0
2026-06-19 15:20:00,1507.6,1509.3,1504.9,1507.9,194285.0
2026-06-19 15:25:00,1507.9,1511.0,1505.6,1510.6,204073.0
2026-06-22 09:15:00,1515.0,1518.9,1505.0,1512.2,36925.0
2026-06-22 09:20:00,1513.0,1513.1,1506.5,1509.0,31218.0
2026-06-22 09:25:00,1509.0,1514.9,1508.2,1513.3,18836.0
2026-06-22 09:30:00,1513.4,1514.9,1506.9,1508.5,19787.0
2026-06-22 09:35:00,1509.2,1509.3,1502.5,1504.9,20029.0
2026-06-22 09:40:00,1505.0,1508.0,1504.5,1505.2,24970.0
2026-06-22 09:45:00,1505.7,1507.0,1504.0,1505.5,8676.0
2026-06-22 09:50:00,1505.3,1505.8,1501.2,1501.7,13650.0
2026-06-22 09:55:00,1501.7,1503.8,1500.1,1503.5,8830.0
2026-06-22 10:00:00,1502.9,1505.4,1502.9,1504.4,6448.0
2026-06-22 10:05:00,1504.0,1505.8,1499.4,1504.8,28519.0
2026-06-22 10:10:00,1505.5,1505.9,1502.8,1503.4,7033.0
2026-06-22 10:15:00,1503.5,1504.9,1500.0,1500.8,7553.0
2026-06-22 10:20:00,1500.4,1502.4,1500.3,1502.4,7459.0
2026-06-22 10:25:00,1502.3,1503.9,1502.3,1503.0,5275.0
2026-06-22 10:30:00,1503.6,1504.8,1502.9,1502.9,4307.0
2026-06-22 10:35:00,1502.9,1504.4,1502.2,1503.9,3986.0
2026-06-22 10:40:00,1504.0,1504.1,1502.3,1503.6,3447.0
2026-06-22 10:45:00,1503.6,1504.4,1496.2,1498.0,16672.0
2026-06-22 10:50:00,1498.0,1499.0,1496.1,1497.4,13195.0
2026-06-22 10:55:00,1498.3,1502.7,1498.0,1501.7,9383.0
2026-06-22 11:00:00,1501.9,1509.0,1501.1,1507.8,18600.0
2026-06-22 11:05:00,1507.8,1509.0,1507.0,1507.8,12964.0
2026-06-22 11:10:00,1508.0,1518.0,1507.0,1518.0,41654.0
2026-06-22 11:15:00,1517.0,1517.9,1508.3,1511.3,140890.0
2026-06-22 11:20:00,1511.3,1514.6,1507.3,1511.0,81786.0
2026-06-22 11:25:00,1511.0,1512.4,1510.4,1511.2,9213.0
2026-06-22 11:30:00,1510.9,1512.0,1508.7,1510.4,25594.0
2026-06-22 11:35:00,1511.0,1514.7,1510.0,1513.0,47349.0
2026-06-22 11:40:00,1513.3,1516.7,1512.7,1515.8,14028.0
2026-06-22 11:45:00,1515.8,1519.4,1513.9,1518.0,29310.0
2026-06-22 11:50:00,1517.9,1518.0,1512.5,1513.5,32555.0
2026-06-22 11:55:00,1514.0,1515.4,1512.3,1514.0,7876.0
2026-06-22 12:00:00,1514.1,1514.9,1512.0,1513.5,8280.0
2026-06-22 12:05:00,1512.6,1513.3,1510.0,1510.0,9471.0
2026-06-22 12:10:00,1510.0,1510.7,1506.6,1506.8,35062.0
2026-06-22 12:15:00,1506.6,1507.8,1505.8,1506.0,10117.0
2026-06-22 12:20:00,1506.4,1508.0,1505.9,1507.7,8570.0
2026-06-22 12:25:00,1507.2,1512.0,1507.2,1511.4,5830.0
2026-06-22 12:30:00,1512.2,1513.0,1511.6,1512.1,2122.0
2026-06-22 12:35:00,1512.1,1512.4,1511.0,1511.6,2267.0
2026-06-22 12:40:00,1511.6,1512.8,1511.1,1512.2,3404.0
2026-06-22 12:45:00,1512.4,1513.2,1511.0,1513.2,5808.0
2026-06-22 12:50:00,1513.2,1514.6,1513.2,1514.2,6792.0
2026-06-22 12:55:00,1514.3,1515.0,1514.3,1514.8,3857.0
2026-06-22 13:00:00,1515.0,1515.9,1513.2,1513.2,9500.0
2026-06-22 13:05:00,1512.8,1514.9,1512.5,1514.0,1764.0
2026-06-22 13:10:00,1513.4,1514.0,1511.5,1513.7,6168.0
2026-06-22 13:15:00,1513.9,1513.9,1511.8,1512.2,1827.0
2026-06-22 13:20:00,1512.4,1512.4,1510.3,1511.0,2590.0
2026-06-22 13:25:00,1510.7,1512.0,1510.7,1511.7,1236.0
2026-06-22 13:30:00,1511.1,1519.9,1511.1,1517.0,24006.0
2026-06-22 13:35:00,1517.0,1517.2,1514.7,1515.3,2820.0
2026-06-22 13:40:00,1514.7,1515.5,1512.9,1515.1,3136.0
2026-06-22 13:45:00,1515.3,1516.2,1514.1,1514.9,2843.0
2026-06-22 13:50:00,1514.9,1515.6,1514.5,1515.5,2753.0
2026-06-22 13:55:00,1515.0,1517.6,1515.0,1516.4,4436.0
2026-06-22 14:00:00,1516.4,1517.0,1516.1,1516.5,6123.0
2026-06-22 14:05:00,1516.5,1516.6,1515.6,1516.4,5399.0
2026-06-22 14:10:00,1516.3,1518.4,1515.9,1516.7,8652.0
2026-06-22 14:15:00,1516.7,1519.0,1516.1,1518.9,4979.0
2026-06-22 14:20:00,1518.9,1525.0,1518.4,1524.7,52294.0
2026-06-22 14:25:00,1525.0,1530.0,1523.3,1528.8,46582.0
2026-06-22 14:30:00,1528.0,1529.0,1526.3,1527.6,29842.0
2026-06-22 14:35:00,1527.7,1527.8,1522.4,1523.8,19382.0
2026-06-22 14:40:00,1523.8,1525.0,1521.4,1524.3,10174.0
2026-06-22 14:45:00,1524.6,1528.0,1524.3,1527.6,15846.0
2026-06-22 14:50:00,1528.0,1529.7,1527.6,1528.6,19656.0
2026-06-22 14:55:00,1528.0,1529.6,1526.8,1529.6,20505.0
2026-06-22 15:00:00,1529.8,1544.4,1529.8,1541.3,146200.0
2026-06-22 15:05:00,1541.4,1543.0,1538.5,1540.9,77348.0
2026-06-22 15:10:00,1540.9,1541.9,1539.0,1540.6,70678.0
2026-06-22 15:15:00,1541.0,1541.8,1538.1,1539.3,85478.0
2026-06-22 15:20:00,1539.3,1541.0,1538.1,1539.0,72941.0
2026-06-22 15:25:00,1539.0,1539.6,1535.0,1535.0,65688.0
2026-06-23 09:15:00,1547.2,1551.0,1539.4,1544.1,86747.0
2026-06-23 09:20:00,1543.6,1544.0,1537.8,1541.7,40323.0
2026-06-23 09:25:00,1541.7,1542.5,1536.1,1536.8,24331.0
2026-06-23 09:30:00,1536.2,1538.7,1533.0,1535.3,34652.0
2026-06-23 09:35:00,1535.5,1537.5,1534.0,1535.1,14819.0
2026-06-23 09:40:00,1535.1,1536.0,1531.2,1532.9,30168.0
2026-06-23 09:45:00,1532.3,1535.0,1532.2,1533.8,6472.0
2026-06-23 09:50:00,1533.8,1537.1,1532.0,1533.9,18217.0
2026-06-23 09:55:00,1534.3,1534.8,1531.6,1533.9,11128.0
2026-06-23 10:00:00,1533.5,1533.9,1530.5,1531.8,21180.0
2026-06-23 10:05:00,1531.8,1531.8,1528.5,1529.1,18612.0
2026-06-23 10:10:00,1529.0,1530.6,1528.3,1529.9,13433.0
2026-06-23 10:15:00,1529.3,1529.8,1527.8,1528.6,11393.0
2026-06-23 10:20:00,1528.5,1530.0,1520.6,1522.3,29797.0
2026-06-23 10:25:00,1521.9,1523.2,1520.0,1521.7,20967.0
2026-06-23 10:30:00,1521.2,1521.7,1518.0,1520.8,32614.0
2026-06-23 10:35:00,1520.8,1524.8,1520.3,1524.0,10239.0
2026-06-23 10:40:00,1524.6,1525.7,1520.2,1520.4,15807.0
2026-06-23 10:45:00,1520.2,1520.4,1514.1,1514.1,36644.0
2026-06-23 10:50:00,1515.0,1521.3,1513.0,1520.8,29449.0
2026-06-23 10:55:00,1520.9,1525.6,1520.1,1523.1,13429.0
2026-06-23 11:00:00,1524.0,1524.0,1520.9,1522.7,5411.0
2026-06-23 11:05:00,1521.7,1524.5,1521.7,1523.1,9459.0
2026-06-23 11:10:00,1523.0,1524.9,1522.1,1523.0,6259.0
2026-06-23 11:15:00,1523.0,1523.3,1519.0,1519.9,20288.0
2026-06-23 11:20:00,1519.6,1519.6,1514.4,1516.9,9942.0
2026-06-23 11:25:00,1516.4,1517.9,1515.2,1516.9,4009.0
2026-06-23 11:30:00,1516.9,1517.0,1515.2,1516.2,4045.0
2026-06-23 11:35:00,1516.2,1517.6,1513.6,1514.9,11946.0
2026-06-23 11:40:00,1514.3,1514.3,1511.0,1511.0,13793.0
2026-06-23 11:45:00,1511.0,1511.1,1500.0,1500.9,54633.0
2026-06-23 11:50:00,1500.7,1500.9,1490.1,1493.1,77552.0
2026-06-23 11:55:00,1492.9,1493.6,1484.8,1486.8,55957.0
2026-06-23 12:00:00,1486.5,1490.3,1483.6,1487.3,32234.0
2026-06-23 12:05:00,1487.4,1487.8,1482.0,1486.3,46327.0
2026-06-23 12:10:00,1485.5,1487.0,1481.2,1486.9,23039.0
2026-06-23 12:15:00,1486.0,1487.4,1483.4,1485.5,18775.0
2026-06-23 12:20:00,1485.0,1485.0,1480.0,1481.2,23835.0
2026-06-23 12:25:00,1482.1,1494.3,1481.6,1493.2,28791.0
2026-06-23 12:30:00,1493.3,1495.4,1491.7,1493.1,12569.0
2026-06-23 12:35:00,1492.8,1499.5,1492.5,1498.5,15539.0
2026-06-23 12:40:00,1498.4,1502.7,1497.0,1501.8,35768.0
2026-06-23 12:45:00,1502.5,1505.0,1500.2,1501.7,25335.0
2026-06-23 12:50:00,1501.7,1505.9,1498.8,1500.0,36066.0
2026-06-23 12:55:00,1499.6,1502.5,1497.4,1497.6,19442.0
2026-06-23 13:00:00,1497.7,1497.8,1494.7,1497.5,35536.0
2026-06-23 13:05:00,1497.0,1505.9,1496.5,1505.2,12455.0
2026-06-23 13:10:00,1505.7,1509.4,1504.1,1506.0,14552.0
2026-06-23 13:15:00,1506.0,1506.0,1500.2,1503.6,24120.0
2026-06-23 13:20:00,1503.6,1506.0,1502.8,1503.8,4239.0
2026-06-23 13:25:00,1503.8,1504.0,1500.4,1500.4,13211.0
2026-06-23 13:30:00,1500.8,1502.1,1497.7,1501.0,23740.0
2026-06-23 13:35:00,1500.0,1500.3,1496.8,1499.0,8225.0
2026-06-23 13:40:00,1499.7,1504.4,1498.1,1503.6,15323.0
2026-06-23 13:45:00,1503.6,1507.5,1502.8,1505.3,19055.0
2026-06-23 13:50:00,1505.0,1505.9,1502.4,1503.7,4427.0
2026-06-23 13:55:00,1503.1,1503.9,1500.2,1501.5,2088.0
2026-06-23 14:00:00,1500.7,1508.4,1500.7,1508.0,10626.0
2026-06-23 14:05:00,1508.0,1511.0,1505.7,1508.0,16067.0
2026-06-23 14:10:00,1508.5,1511.0,1508.0,1510.4,11397.0
2026-06-23 14:15:00,1510.4,1513.8,1509.3,1510.0,18352.0
2026-06-23 14:20:00,1510.0,1512.0,1507.8,1510.8,14391.0
2026-06-23 14:25:00,1510.8,1510.8,1505.5,1506.9,11096.0
2026-06-23 14:30:00,1507.0,1507.3,1502.0,1502.7,11170.0
2026-06-23 14:35:00,1502.6,1503.3,1498.5,1499.9,17995.0
2026-06-23 14:40:00,1500.0,1500.0,1490.1,1494.6,60044.0
2026-06-23 14:45:00,1494.5,1500.0,1494.0,1499.2,18658.0
2026-06-23 14:50:00,1499.2,1505.0,1499.2,1503.2,26914.0
2026-06-23 14:55:00,1503.5,1506.9,1502.4,1503.9,14248.0
2026-06-23 15:00:00,1503.9,1505.8,1494.4,1496.3,46101.0
2026-06-23 15:05:00,1496.6,1502.0,1495.7,1495.7,26703.0
2026-06-23 15:10:00,1495.8,1497.3,1495.7,1496.6,27765.0
2026-06-23 15:15:00,1496.7,1496.8,1492.0,1492.1,50720.0
2026-06-23 15:20:00,1493.5,1493.6,1487.2,1489.8,49424.0
2026-06-23 15:25:00,1489.9,1493.8,1485.7,1491.7,51433.0
2026-06-24 09:15:00,1499.0,1522.5,1495.0,1516.2,84143.0
2026-06-24 09:20:00,1516.6,1516.6,1500.0,1503.9,85809.0
2026-06-24 09:25:00,1503.3,1505.5,1496.4,1502.2,35401.0
2026-06-24 09:30:00,1501.5,1502.1,1496.1,1496.3,24405.0
2026-06-24 09:35:00,1496.3,1498.0,1490.4,1494.2,27164.0
2026-06-24 09:40:00,1493.4,1494.7,1487.5,1488.4,22522.0
2026-06-24 09:45:00,1488.9,1490.5,1482.4,1482.4,25047.0
2026-06-24 09:50:00,1483.0,1487.2,1482.5,1487.2,19371.0
2026-06-24 09:55:00,1486.7,1493.2,1486.4,1493.2,22128.0
2026-06-24 10:00:00,1494.1,1506.0,1494.0,1501.2,49658.0
2026-06-24 10:05:00,1501.0,1502.0,1498.3,1500.1,12276.0
2026-06-24 10:10:00,1500.1,1502.8,1499.0,1499.1,16315.0
2026-06-24 10:15:00,1499.4,1499.4,1495.2,1496.0,21733.0
2026-06-24 10:20:00,1496.3,1497.3,1494.0,1496.4,9725.0
2026-06-24 10:25:00,1495.7,1501.5,1494.8,1494.9,13735.0
2026-06-24 10:30:00,1494.8,1496.5,1492.5,1493.7,17048.0
2026-06-24 10:35:00,1493.7,1496.7,1492.6,1494.2,7121.0
2026-06-24 10:40:00,1494.4,1495.1,1492.7,1494.0,7181.0
2026-06-24 10:45:00,1495.0,1498.7,1494.2,1494.5,12580.0
2026-06-24 10:50:00,1494.5,1494.5,1491.4,1493.1,8772.0
2026-06-24 10:55:00,1492.5,1494.4,1491.4,1492.9,12488.0
2026-06-24 11:00:00,1492.9,1493.7,1492.5,1493.0,3877.0
2026-06-24 11:05:00,1493.3,1494.7,1492.5,1494.0,10440.0
2026-06-24 11:10:00,1493.7,1494.5,1492.6,1493.0,4740.0
2026-06-24 11:15:00,1493.0,1493.0,1491.1,1491.9,16946.0
2026-06-24 11:20:00,1491.9,1492.8,1489.0,1489.0,13431.0
2026-06-24 11:25:00,1489.4,1491.3,1488.4,1490.3,7309.0
2026-06-24 11:30:00,1490.6,1497.0,1490.1,1497.0,16959.0
2026-06-24 11:35:00,1497.0,1499.0,1494.9,1497.4,18102.0
2026-06-24 11:40:00,1497.8,1498.5,1495.0,1496.7,7655.0
2026-06-24 11:45:00,1497.3,1497.9,1494.5,1497.9,10392.0
2026-06-24 11:50:00,1497.3,1499.0,1495.3,1496.3,6981.0
2026-06-24 11:55:00,1497.1,1497.5,1495.5,1496.5,6918.0
2026-06-24 12:00:00,1496.2,1498.5,1496.2,1498.5,7566.0
2026-06-24 12:05:00,1498.8,1498.8,1494.2,1495.2,21484.0
2026-06-24 12:10:00,1495.2,1495.7,1492.5,1494.3,9289.0
2026-06-24 12:15:00,1494.3,1495.7,1490.4,1491.0,5692.0
2026-06-24 12:20:00,1491.0,1492.3,1489.1,1490.2,10235.0
2026-06-24 12:25:00,1490.7,1490.7,1487.2,1488.8,10229.0
2026-06-24 12:30:00,1488.2,1489.1,1484.7,1485.9,20908.0
2026-06-24 12:35:00,1485.4,1487.6,1485.1,1486.7,13730.0
2026-06-24 12:40:00,1487.1,1489.1,1487.1,1488.9,5596.0
2026-06-24 12:45:00,1489.5,1490.0,1487.7,1488.9,10488.0
2026-06-24 12:50:00,1489.2,1492.0,1487.7,1491.5,15434.0
2026-06-24 12:55:00,1491.0,1493.0,1490.3,1491.2,5440.0
2026-06-24 13:00:00,1491.3,1492.3,1490.5,1491.1,4102.0
2026-06-24 13:05:00,1491.1,1494.0,1491.0,1494.0,7828.0
2026-06-24 13:10:00,1494.0,1502.5,1494.0,1498.1,23609.0
2026-06-24 13:15:00,1498.9,1498.9,1496.6,1497.5,8804.0
2026-06-24 13:20:00,1497.3,1498.0,1496.0,1497.0,6396.0
2026-06-24 13:25:00,1497.6,1498.0,1496.9,1497.2,12281.0
2026-06-24 13:30:00,1497.8,1502.0,1496.0,1500.3,12768.0
2026-06-24 13:35:00,1500.1,1500.4,1495.5,1495.7,19651.0
2026-06-24 13:40:00,1495.3,1498.2,1495.3,1496.3,19713.0
2026-06-24 13:45:00,1496.7,1498.6,1495.3,1495.6,15663.0
2026-06-24 13:50:00,1495.1,1496.2,1495.0,1495.5,7973.0
2026-06-24 13:55:00,1496.0,1496.3,1494.5,1495.1,7116.0
2026-06-24 14:00:00,1495.0,1495.5,1493.1,1495.5,6171.0
2026-06-24 14:05:00,1495.5,1499.0,1494.2,1499.0,8172.0
2026-06-24 14:10:00,1498.8,1499.0,1497.1,1497.9,4367.0
2026-06-24 14:15:00,1497.9,1502.4,1497.7,1499.2,16067.0
2026-06-24 14:20:00,1499.7,1499.8,1497.0,1498.0,10066.0
2026-06-24 14:25:00,1498.0,1501.5,1497.6,1499.2,10786.0
2026-06-24 14:30:00,1499.5,1499.6,1498.2,1499.0,7285.0
2026-06-24 14:35:00,1499.6,1501.0,1498.1,1499.8,15079.0
2026-06-24 14:40:00,1499.4,1502.8,1498.2,1499.1,17481.0
2026-06-24 14:45:00,1499.9,1500.7,1496.8,1498.6,20824.0
2026-06-24 14:50:00,1499.0,1504.2,1499.0,1502.4,32582.0
2026-06-24 14:55:00,1502.8,1504.8,1499.1,1500.5,20169.0
2026-06-24 15:00:00,1500.4,1500.4,1495.4,1497.0,22531.0
2026-06-24 15:05:00,1497.1,1499.2,1496.5,1498.7,17621.0
2026-06-24 15:10:00,1498.7,1501.1,1497.2,1497.5,27262.0
2026-06-24 15:15:00,1497.5,1497.5,1491.5,1492.0,31379.0
2026-06-24 15:20:00,1491.7,1498.8,1491.0,1494.5,42675.0
2026-06-24 15:25:00,1494.5,1498.0,1492.2,1497.0,35846.0
2026-06-25 09:15:00,1509.0,1514.0,1502.7,1513.2,51081.0
2026-06-25 09:20:00,1514.0,1514.7,1509.5,1510.5,23012.0
2026-06-25 09:25:00,1510.9,1512.4,1507.0,1510.5,21527.0
2026-06-25 09:30:00,1510.0,1512.2,1505.3,1511.2,28989.0
2026-06-25 09:35:00,1512.0,1521.0,1510.2,1513.5,58764.0
2026-06-25 09:40:00,1513.2,1517.9,1511.0,1516.6,25125.0
2026-06-25 09:45:00,1516.0,1520.0,1514.3,1514.9,28537.0
2026-06-25 09:50:00,1515.5,1520.0,1511.0,1519.5,22760.0
2026-06-25 09:55:00,1520.0,1520.0,1516.5,1517.3,15939.0
2026-06-25 10:00:00,1517.9,1519.1,1514.0,1514.0,28740.0
2026-06-25 10:05:00,1513.2,1514.9,1508.1,1512.5,21632.0
2026-06-25 10:10:00,1512.5,1515.5,1512.5,1513.0,8002.0
2026-06-25 10:15:00,1513.4,1515.6,1512.9,1513.2,8452.0
2026-06-25 10:20:00,1514.4,1515.5,1512.9,1515.0,7580.0
2026-06-25 10:25:00,1515.0,1515.0,1510.5,1512.7,11164.0
2026-06-25 10:30:00,1513.0,1516.0,1512.2,1515.8,9866.0
2026-06-25 10:35:00,1515.8,1518.8,1515.8,1518.3,17670.0
2026-06-25 10:40:00,1519.0,1520.0,1517.3,1519.4,14886.0
2026-06-25 10:45:00,1518.6,1520.7,1518.3,1519.4,10670.0
2026-06-25 10:50:00,1519.1,1519.5,1514.9,1515.1,10023.0
2026-06-25 10:55:00,1515.1,1515.4,1507.1,1514.5,19105.0
2026-06-25 11:00:00,1514.0,1518.4,1512.9,1518.1,6661.0
2026-06-25 11:05:00,1518.1,1523.6,1517.7,1520.9,40817.0
2026-06-25 11:10:00,1521.5,1522.0,1519.1,1521.7,7593.0
2026-06-25 11:15:00,1521.3,1531.0,1521.0,1526.8,56976.0
2026-06-25 11:20:00,1527.6,1530.3,1526.2,1527.3,23288.0
2026-06-25 11:25:00,1526.5,1527.1,1523.9,1526.5,16701.0
2026-06-25 11:30:00,1526.0,1528.0,1524.5,1525.2,13625.0
2026-06-25 11:35:00,1525.2,1528.0,1523.0,1527.1,18152.0
2026-06-25 11:40:00,1526.7,1527.1,1519.7,1523.0,29329.0
2026-06-25 11:45:00,1522.1,1523.0,1520.7,1522.6,4366.0
2026-06-25 11:50:00,1522.6,1524.1,1521.1,1521.2,7798.0
2026-06-25 11:55:00,1521.6,1524.5,1521.4,1523.9,4582.0
2026-06-25 12:00:00,1524.0,1526.9,1524.0,1526.6,7352.0
2026-06-25 12:05:00,1526.4,1526.4,1525.1,1526.0,5795.0
2026-06-25 12:10:00,1525.9,1527.0,1524.8,1525.4,6734.0
2026-06-25 12:15:00,1525.4,1525.4,1524.0,1525.0,9392.0
2026-06-25 12:20:00,1525.3,1525.4,1522.6,1523.0,10401.0
2026-06-25 12:25:00,1523.0,1523.4,1520.0,1521.1,8747.0
2026-06-25 12:30:00,1521.1,1522.7,1517.6,1521.7,18850.0
2026-06-25 12:35:00,1521.7,1526.0,1521.4,1525.9,8260.0
2026-06-25 12:40:00,1526.0,1526.0,1522.9,1523.5,7318.0
2026-06-25 12:45:00,1523.5,1524.6,1522.3,1523.0,5511.0
2026-06-25 12:50:00,1523.0,1523.4,1518.4,1520.0,7166.0
2026-06-25 12:55:00,1520.0,1520.0,1515.1,1517.1,12868.0
2026-06-25 13:00:00,1517.8,1523.0,1517.0,1523.0,11108.0
2026-06-25 13:05:00,1523.4,1524.4,1522.4,1522.4,2949.0
2026-06-25 13:10:00,1522.9,1522.9,1517.2,1517.2,7331.0
2026-06-25 13:15:00,1517.8,1520.4,1517.1,1519.6,5347.0
2026-06-25 13:20:00,1520.0,1522.9,1520.0,1522.4,4923.0
2026-06-25 13:25:00,1522.3,1522.9,1520.0,1520.0,2489.0
2026-06-25 13:30:00,1520.6,1520.8,1517.7,1519.1,6891.0
2026-06-25 13:35:00,1519.3,1519.9,1518.0,1519.9,3624.0
2026-06-25 13:40:00,1519.8,1519.9,1518.1,1518.7,6259.0
2026-06-25 13:45:00,1519.1,1521.0,1518.0,1520.0,7821.0
2026-06-25 13:50:00,1520.5,1521.9,1518.0,1520.7,24255.0
2026-06-25 13:55:00,1520.7,1521.5,1518.3,1519.4,1958.0
2026-06-25 14:00:00,1519.6,1520.2,1518.0,1519.9,3147.0
2026-06-25 14:05:00,1519.9,1520.0,1515.3,1515.3,21130.0
2026-06-25 14:10:00,1515.3,1515.3,1512.0,1512.7,10053.0
2026-06-25 14:15:00,1512.7,1512.7,1509.8,1509.9,11360.0
2026-06-25 14:20:00,1510.3,1513.3,1510.0,1512.9,9366.0
2026-06-25 14:25:00,1513.0,1513.2,1509.5,1512.7,10453.0
2026-06-25 14:30:00,1511.8,1515.9,1511.8,1515.9,7661.0
2026-06-25 14:35:00,1516.0,1517.2,1512.5,1512.5,9970.0
2026-06-25 14:40:00,1512.5,1512.9,1509.0,1510.0,10393.0
2026-06-25 14:45:00,1510.0,1510.7,1507.1,1507.7,22863.0
2026-06-25 14:50:00,1507.6,1511.9,1507.1,1511.7,7877.0
2026-06-25 14:55:00,1511.7,1511.7,1507.6,1508.4,6857.0
2026-06-25 15:00:00,1509.0,1516.1,1506.3,1516.1,42592.0
2026-06-25 15:05:00,1516.1,1517.5,1511.6,1512.2,21030.0
2026-06-25 15:10:00,1512.2,1513.2,1507.9,1508.4,27111.0
2026-06-25 15:15:00,1508.9,1508.9,1505.0,1505.3,36326.0
2026-06-25 15:20:00,1504.8,1505.6,1500.5,1504.0,58228.0
2026-06-25 15:25:00,1504.0,1506.9,1502.0,1504.0,45636.0
2026-06-29 09:15:00,1505.0,1505.0,1482.6,1485.6,87433.0
2026-06-29 09:20:00,1485.0,1488.7,1476.7,1477.7,65514.0
2026-06-29 09:25:00,1477.0,1479.5,1465.0,1478.5,71163.0
2026-06-29 09:30:00,1479.3,1481.3,1474.8,1474.8,31646.0
2026-06-29 09:35:00,1474.4,1481.1,1470.9,1478.8,17531.0
2026-06-29 09:40:00,1478.7,1480.0,1475.3,1475.5,22028.0
2026-06-29 09:45:00,1475.4,1477.5,1471.8,1472.4,18949.0
2026-06-29 09:50:00,1473.5,1479.3,1472.9,1475.6,26654.0
2026-06-29 09:55:00,1475.6,1480.0,1475.1,1480.0,17736.0
2026-06-29 10:00:00,1480.0,1482.5,1477.9,1482.0,25446.0
2026-06-29 10:05:00,1481.9,1484.6,1478.6,1481.0,36521.0
2026-06-29 10:10:00,1481.0,1482.4,1479.2,1480.0,15549.0
2026-06-29 10:15:00,1479.8,1480.0,1477.0,1479.8,25438.0
2026-06-29 10:20:00,1479.7,1481.5,1477.6,1480.1,23085.0
2026-06-29 10:25:00,1480.4,1485.6,1480.4,1485.1,33311.0
2026-06-29 10:30:00,1484.9,1485.2,1481.2,1484.1,24751.0
2026-06-29 10:35:00,1483.7,1483.9,1480.0,1483.9,20600.0
2026-06-29 10:40:00,1483.7,1485.9,1483.3,1485.6,37376.0
2026-06-29 10:45:00,1485.2,1486.3,1483.6,1485.2,70618.0
2026-06-29 10:50:00,1485.2,1487.8,1484.2,1485.2,64395.0
2026-06-29 10:55:00,1485.2,1487.3,1484.5,1485.7,90044.0
2026-06-29 11:00:00,1486.3,1486.7,1484.4,1485.0,181273.0
2026-06-29 11:05:00,1486.1,1486.1,1483.6,1485.2,39681.0
2026-06-29 11:10:00,1485.2,1488.2,1484.5,1485.1,55351.0
2026-06-29 11:15:00,1485.2,1485.5,1483.2,1485.2,29497.0
2026-06-29 11:20:00,1485.2,1488.8,1484.0,1485.6,90992.0
2026-06-29 11:25:00,1486.1,1491.5,1485.1,1486.9,175049.0
2026-06-29 11:30:00,1487.0,1487.5,1484.6,1485.9,26062.0
2026-06-29 11:35:00,1485.8,1487.9,1485.5,1486.8,20105.0
2026-06-29 11:40:00,1487.4,1487.7,1484.0,1485.4,29888.0
2026-06-29 11:45:00,1485.8,1486.5,1483.2,1485.0,31910.0
2026-06-29 11:50:00,1485.1,1498.6,1485.0,1496.5,45294.0
2026-06-29 11:55:00,1496.5,1497.0,1489.7,1490.2,45712.0
2026-06-29 12:00:00,1490.7,1490.8,1484.8,1485.8,62576.0
2026-06-29 12:05:00,1486.0,1486.0,1483.1,1485.4,62251.0
2026-06-29 12:10:00,1485.4,1486.2,1484.3,1485.4,107301.0
2026-06-29 12:15:00,1485.4,1485.8,1483.0,1484.2,39931.0
2026-06-29 12:20:00,1484.6,1484.9,1481.2,1482.0,39077.0
2026-06-29 12:25:00,1482.0,1482.7,1477.0,1478.5,62199.0
2026-06-29 12:30:00,1478.9,1479.0,1473.4,1477.7,42338.0
2026-06-29 12:35:00,1477.4,1485.2,1476.7,1484.8,36631.0
2026-06-29 12:40:00,1484.8,1485.6,1482.6,1485.3,35850.0
2026-06-29 12:45:00,1485.3,1485.3,1478.5,1479.7,44995.0
2026-06-29 12:50:00,1479.8,1480.0,1477.9,1479.0,39393.0
2026-06-29 12:55:00,1479.0,1484.6,1478.2,1484.0,39886.0
2026-06-29 13:00:00,1484.0,1485.6,1482.8,1485.1,37675.0
2026-06-29 13:05:00,1484.6,1485.7,1483.9,1485.3,58531.0
2026-06-29 13:10:00,1485.3,1485.8,1483.0,1485.0,80045.0
2026-06-29 13:15:00,1485.0,1485.6,1483.9,1485.5,41234.0
2026-06-29 13:20:00,1485.1,1486.0,1481.9,1482.1,44083.0
2026-06-29 13:25:00,1482.1,1488.0,1482.0,1487.0,51581.0
2026-06-29 13:30:00,1485.3,1486.3,1483.8,1485.3,59298.0
2026-06-29 13:35:00,1485.7,1486.1,1485.0,1485.9,137482.0
2026-06-29 13:40:00,1485.3,1494.7,1485.2,1486.0,197564.0
2026-06-29 13:45:00,1486.0,1490.0,1485.5,1487.1,83233.0
2026-06-29 13:50:00,1487.5,1487.5,1483.8,1486.4,84631.0
2026-06-29 13:55:00,1486.4,1488.1,1485.5,1487.8,49881.0
2026-06-29 14:00:00,1487.8,1489.5,1487.1,1487.8,49030.0
2026-06-29 14:05:00,1488.1,1490.0,1486.0,1489.7,56552.0
2026-06-29 14:10:00,1489.7,1489.9,1487.0,1488.3,69953.0
2026-06-29 14:15:00,1488.2,1488.6,1485.5,1486.0,67251.0
2026-06-29 14:20:00,1486.4,1486.4,1484.7,1485.2,80250.0
2026-06-29 14:25:00,1485.0,1486.4,1485.0,1486.0,66558.0
2026-06-29 14:30:00,1486.1,1486.5,1485.1,1485.5,60364.0
2026-06-29 14:35:00,1486.0,1486.5,1485.2,1485.9,69846.0
2026-06-29 14:40:00,1486.3,1486.3,1484.0,1484.0,83980.0
2026-06-29 14:45:00,1484.0,1484.0,1478.6,1479.2,64854.0
2026-06-29 14:50:00,1479.1,1480.0,1477.1,1477.6,76268.0
2026-06-29 14:55:00,1477.4,1480.1,1474.1,1475.9,62898.0
2026-06-29 15:00:00,1477.3,1485.8,1476.5,1485.1,695017.0
2026-06-29 15:05:00,1485.2,1489.0,1485.0,1488.3,698329.0
2026-06-29 15:10:00,1488.2,1489.8,1486.5,1488.8,662029.0
2026-06-29 15:15:00,1488.9,1489.0,1484.4,1485.3,685881.0
2026-06-29 15:20:00,1485.3,1485.8,1484.1,1484.5,666270.0
2026-06-29 15:25:00,1484.5,1485.4,1476.8,1483.0,345559.0
2026-06-30 09:15:00,1494.0,1499.2,1486.1,1486.8,51088.0
2026-06-30 09:20:00,1486.8,1487.3,1474.0,1476.4,50371.0
2026-06-30 09:25:00,1475.8,1485.5,1474.1,1482.5,46357.0
2026-06-30 09:30:00,1479.2,1484.1,1478.1,1482.6,25793.0
2026-06-30 09:35:00,1483.0,1486.9,1480.6,1486.4,22292.0
2026-06-30 09:40:00,1486.4,1487.0,1482.1,1482.9,22607.0
2026-06-30 09:45:00,1483.0,1484.0,1481.5,1482.9,13958.0
2026-06-30 09:50:00,1482.5,1486.4,1482.5,1484.7,12731.0
2026-06-30 09:55:00,1484.9,1485.9,1483.0,1483.0,16208.0
2026-06-30 10:00:00,1483.0,1486.4,1481.6,1486.1,15601.0
2026-06-30 10:05:00,1486.2,1488.6,1485.5,1486.7,13558.0
2026-06-30 10:10:00,1486.6,1487.0,1485.3,1485.5,10905.0
2026-06-30 10:15:00,1485.5,1485.8,1483.4,1483.6,16855.0
2026-06-30 10:20:00,1484.5,1484.5,1479.0,1480.4,30467.0
2026-06-30 10:25:00,1480.1,1480.8,1476.5,1478.9,14020.0
2026-06-30 10:30:00,1478.7,1479.0,1477.9,1478.9,8481.0
2026-06-30 10:35:00,1478.8,1478.9,1478.2,1478.5,6926.0
2026-06-30 10:40:00,1478.4,1478.6,1475.5,1478.6,12687.0
2026-06-30 10:45:00,1478.4,1478.4,1475.2,1478.0,12895.0
2026-06-30 10:50:00,1478.4,1483.5,1478.3,1481.0,11192.0
2026-06-30 10:55:00,1481.3,1481.8,1479.2,1479.7,9743.0
2026-06-30 11:00:00,1479.2,1479.3,1477.0,1477.3,6105.0
2026-06-30 11:05:00,1477.0,1481.5,1477.0,1479.6,7530.0
2026-06-30 11:10:00,1479.7,1486.4,1479.7,1485.8,37855.0
2026-06-30 11:15:00,1485.7,1486.4,1483.6,1483.6,22058.0
2026-06-30 11:20:00,1484.0,1484.0,1480.0,1481.0,19953.0
2026-06-30 11:25:00,1481.0,1481.0,1477.1,1477.1,25254.0
2026-06-30 11:30:00,1477.1,1479.0,1474.5,1477.3,23839.0
2026-06-30 11:35:00,1477.2,1477.5,1475.4,1476.3,13205.0
2026-06-30 11:40:00,1476.5,1478.4,1475.1,1475.7,11569.0
2026-06-30 11:45:00,1475.7,1476.4,1475.4,1475.6,4556.0
2026-06-30 11:50:00,1475.5,1477.3,1475.0,1477.3,8316.0
2026-06-30 11:55:00,1477.7,1480.0,1477.2,1479.5,32657.0
2026-06-30 12:00:00,1479.4,1479.4,1476.5,1477.3,5227.0
2026-06-30 12:05:00,1477.3,1478.6,1477.0,1477.9,5935.0
2026-06-30 12:10:00,1477.9,1478.0,1476.5,1477.0,4369.0
2026-06-30 12:15:00,1477.3,1477.6,1476.0,1477.5,7545.0
2026-06-30 12:20:00,1477.5,1478.9,1476.4,1478.2,4672.0
2026-06-30 12:25:00,1478.4,1478.4,1477.0,1478.0,5452.0
2026-06-30 12:30:00,1478.4,1478.4,1474.7,1474.7,8892.0
2026-06-30 12:35:00,1474.9,1476.5,1474.7,1476.2,7335.0
2026-06-30 12:40:00,1476.0,1478.8,1476.0,1478.7,4579.0
2026-06-30 12:45:00,1478.8,1478.8,1476.8,1477.9,6173.0
2026-06-30 12:50:00,1477.9,1477.9,1476.4,1477.1,3451.0
2026-06-30 12:55:00,1477.4,1477.9,1475.1,1475.9,7464.0
2026-06-30 13:00:00,1476.4,1476.7,1475.3,1475.9,4697.0
2026-06-30 13:05:00,1475.9,1476.6,1474.1,1474.5,16093.0
2026-06-30 13:10:00,1474.5,1474.5,1471.0,1472.0,15879.0
2026-06-30 13:15:00,1472.0,1474.6,1472.0,1473.3,8783.0
2026-06-30 13:20:00,1473.8,1474.2,1473.0,1473.3,5903.0
2026-06-30 13:25:00,1473.2,1476.3,1473.2,1476.2,7517.0
2026-06-30 13:30:00,1476.0,1481.6,1476.0,1479.8,36671.0
2026-06-30 13:35:00,1480.0,1481.0,1479.0,1481.0,11276.0
2026-06-30 13:40:00,1480.6,1486.2,1480.6,1485.3,39115.0
2026-06-30 13:45:00,1485.6,1486.5,1484.2,1486.4,28237.0
2026-06-30 13:50:00,1486.3,1488.6,1481.3,1482.8,124050.0
2026-06-30 13:55:00,1483.3,1483.3,1481.2,1481.5,12356.0
2026-06-30 14:00:00,1481.7,1482.7,1478.5,1479.8,33632.0
2026-06-30 14:05:00,1479.1,1480.9,1478.9,1480.3,49504.0
2026-06-30 14:10:00,1480.0,1482.6,1477.9,1478.5,54129.0
2026-06-30 14:15:00,1478.1,1482.8,1478.0,1482.8,40012.0
2026-06-30 14:20:00,1482.2,1486.0,1481.9,1485.6,13267.0
2026-06-30 14:25:00,1485.3,1494.9,1485.3,1493.5,146775.0
2026-06-30 14:30:00,1493.9,1495.8,1489.6,1493.0,154576.0
2026-06-30 14:35:00,1492.6,1493.0,1489.6,1490.3,22602.0
2026-06-30 14:40:00,1490.3,1493.8,1489.6,1491.8,30220.0
2026-06-30 14:45:00,1491.8,1493.7,1491.6,1493.0,90008.0
2026-06-30 14:50:00,1492.9,1493.6,1492.2,1492.4,60432.0
2026-06-30 14:55:00,1492.9,1493.6,1487.1,1489.9,75084.0
2026-06-30 15:00:00,1490.1,1491.2,1486.0,1489.2,38254.0
2026-06-30 15:05:00,1489.2,1493.0,1488.4,1492.3,61179.0
2026-06-30 15:10:00,1492.2,1493.5,1491.0,1492.0,84685.0
2026-06-30 15:15:00,1492.4,1493.0,1487.0,1489.8,78491.0
2026-06-30 15:20:00,1489.6,1493.0,1489.4,1492.9,67476.0
2026-06-30 15:25:00,1492.9,1493.9,1491.6,1493.9,49321.0
2026-07-01 09:15:00,1491.4,1491.4,1470.0,1480.9,105462.0
2026-07-01 09:20:00,1480.9,1483.7,1479.1,1482.7,23419.0
2026-07-01 09:25:00,1481.1,1483.0,1478.3,1478.3,21781.0
2026-07-01 09:30:00,1478.0,1483.6,1478.0,1483.0,19847.0
2026-07-01 09:35:00,1483.0,1488.9,1482.3,1488.2,30570.0
2026-07-01 09:40:00,1488.1,1488.8,1479.2,1480.9,25886.0
2026-07-01 09:45:00,1480.8,1483.5,1476.2,1477.3,20206.0
2026-07-01 09:50:00,1476.9,1478.1,1475.3,1477.3,18166.0
2026-07-01 09:55:00,1477.3,1478.3,1476.0,1477.2,8725.0
2026-07-01 10:00:00,1477.2,1481.9,1477.0,1480.0,9567.0
2026-07-01 10:05:00,1479.5,1483.2,1479.5,1482.3,4692.0
2026-07-01 10:10:00,1482.0,1482.8,1480.4,1481.5,6765.0
2026-07-01 10:15:00,1481.6,1497.5,1481.5,1497.2,55706.0
2026-07-01 10:20:00,1497.2,1502.0,1495.8,1498.7,33119.0
2026-07-01 10:25:00,1498.1,1509.4,1495.4,1507.7,43620.0
2026-07-01 10:30:00,1507.9,1525.0,1507.8,1520.2,106854.0
2026-07-01 10:35:00,1519.9,1528.9,1518.0,1521.9,55914.0
2026-07-01 10:40:00,1523.5,1523.7,1517.4,1520.8,30813.0
2026-07-01 10:45:00,1521.3,1534.5,1520.9,1533.1,64858.0
2026-07-01 10:50:00,1533.0,1536.7,1525.6,1525.6,65441.0
2026-07-01 10:55:00,1524.9,1527.2,1519.3,1520.0,26497.0
2026-07-01 11:00:00,1519.6,1521.9,1515.3,1520.6,20225.0
2026-07-01 11:05:00,1520.7,1523.7,1517.5,1517.5,8833.0
2026-07-01 11:10:00,1517.3,1521.4,1517.0,1520.2,9577.0
2026-07-01 11:15:00,1521.6,1521.6,1517.5,1517.5,10602.0
2026-07-01 11:20:00,1517.0,1520.3,1517.0,1518.7,8710.0
2026-07-01 11:25:00,1519.2,1519.9,1513.0,1518.2,53025.0
2026-07-01 11:30:00,1518.5,1521.6,1517.3,1518.8,9182.0
2026-07-01 11:35:00,1518.3,1518.8,1513.6,1515.9,48510.0
2026-07-01 11:40:00,1516.2,1517.9,1515.9,1516.1,5605.0
2026-07-01 11:45:00,1516.1,1519.1,1512.2,1512.9,40743.0
2026-07-01 11:50:00,1512.9,1515.1,1510.1,1511.0,12512.0
2026-07-01 11:55:00,1510.8,1511.0,1506.2,1510.6,19064.0
2026-07-01 12:00:00,1510.1,1518.7,1510.1,1518.1,20796.0
2026-07-01 12:05:00,1518.1,1531.6,1517.9,1530.0,42780.0
2026-07-01 12:10:00,1530.3,1530.3,1519.7,1520.7,54645.0
2026-07-01 12:15:00,1521.1,1531.4,1519.5,1531.2,38457.0
2026-07-01 12:20:00,1529.3,1529.7,1521.8,1525.7,18174.0
2026-07-01 12:25:00,1525.3,1525.4,1518.2,1519.8,32500.0
2026-07-01 12:30:00,1519.4,1526.0,1519.4,1524.8,10865.0
2026-07-01 12:35:00,1524.4,1526.0,1524.0,1524.8,6359.0
2026-07-01 12:40:00,1525.0,1525.4,1520.4,1521.9,30928.0
2026-07-01 12:45:00,1522.0,1524.8,1521.2,1523.9,6116.0
2026-07-01 12:50:00,1523.9,1526.8,1522.9,1523.0,12046.0
2026-07-01 12:55:00,1524.0,1527.4,1523.0,1527.0,32520.0
2026-07-01 13:00:00,1526.8,1529.7,1513.0,1515.0,62368.0
2026-07-01 13:05:00,1515.8,1518.7,1513.5,1515.4,24210.0
2026-07-01 13:10:00,1515.4,1520.2,1514.6,1519.6,14728.0
2026-07-01 13:15:00,1520.0,1522.4,1518.6,1519.0,11718.0
2026-07-01 13:20:00,1518.1,1519.2,1516.5,1518.6,4064.0
2026-07-01 13:25:00,1518.4,1519.2,1517.0,1518.8,4773.0
2026-07-01 13:30:00,1518.7,1520.1,1516.3,1520.1,6772.0
2026-07-01 13:35:00,1520.1,1521.1,1517.0,1520.5,7952.0
2026-07-01 13:40:00,1520.5,1523.0,1518.8,1519.4,8507.0
2026-07-01 13:45:00,1519.5,1520.3,1517.8,1518.0,6178.0
2026-07-01 13:50:00,1517.5,1518.0,1515.0,1515.9,10099.0
2026-07-01 13:55:00,1515.2,1518.7,1515.1,1516.2,14390.0
2026-07-01 14:00:00,1516.5,1517.0,1512.3,1515.5,16822.0
2026-07-01 14:05:00,1515.1,1515.2,1512.5,1513.3,18034.0
2026-07-01 14:10:00,1513.4,1515.3,1512.6,1513.9,9420.0
2026-07-01 14:15:00,1513.6,1513.8,1511.0,1511.8,13281.0
2026-07-01 14:20:00,1511.9,1513.3,1511.8,1513.2,10797.0
2026-07-01 14:25:00,1513.2,1515.7,1513.0,1513.0,26278.0
2026-07-01 14:30:00,1512.0,1515.4,1512.0,1514.5,14882.0
2026-07-01 14:35:00,1514.3,1516.6,1512.5,1513.6,20524.0
2026-07-01 14:40:00,1513.0,1520.9,1512.9,1519.0,27637.0
2026-07-01 14:45:00,1519.6,1520.8,1518.2,1518.4,21640.0
2026-07-01 14:50:00,1518.8,1521.0,1518.4,1520.4,22570.0
2026-07-01 14:55:00,1520.3,1521.8,1519.2,1520.0,20436.0
2026-07-01 15:00:00,1520.0,1524.0,1519.5,1521.5,60859.0
2026-07-01 15:05:00,1521.5,1525.9,1518.6,1522.2,65221.0
2026-07-01 15:10:00,1522.2,1522.2,1519.9,1520.3,36885.0
2026-07-01 15:15:00,1520.5,1524.8,1520.2,1524.7,58157.0
2026-07-01 15:20:00,1523.8,1524.0,1520.2,1521.5,77903.0
2026-07-01 15:25:00,1521.2,1522.7,1515.0,1516.0,65448.0
2026-07-02 09:15:00,1524.9,1538.9,1516.1,1517.0,74186.0
2026-07-02 09:20:00,1518.1,1518.1,1500.7,1507.0,73316.0
2026-07-02 09:25:00,1507.3,1511.3,1498.3,1499.0,55141.0
2026-07-02 09:30:00,1498.0,1506.9,1495.9,1505.5,36358.0
2026-07-02 09:35:00,1507.4,1523.5,1507.3,1517.4,44724.0
2026-07-02 09:40:00,1517.0,1517.5,1513.6,1516.3,13852.0
2026-07-02 09:45:00,1515.8,1519.3,1514.0,1517.1,17161.0
2026-07-02 09:50:00,1516.4,1517.5,1511.2,1517.5,12289.0
2026-07-02 09:55:00,1517.7,1521.0,1517.0,1519.7,13517.0
2026-07-02 10:00:00,1519.6,1519.8,1515.7,1519.3,6719.0
2026-07-02 10:05:00,1519.9,1526.4,1516.0,1526.4,32745.0
2026-07-02 10:10:00,1526.4,1534.4,1524.9,1534.2,31082.0
2026-07-02 10:15:00,1534.0,1547.5,1530.6,1541.1,92607.0
2026-07-02 10:20:00,1541.6,1542.0,1534.3,1536.0,39860.0
2026-07-02 10:25:00,1535.0,1538.2,1534.2,1538.1,15502.0
2026-07-02 10:30:00,1537.6,1543.0,1533.4,1542.1,50206.0
2026-07-02 10:35:00,1542.9,1544.0,1540.4,1541.0,23296.0
2026-07-02 10:40:00,1541.0,1541.0,1533.4,1537.8,19759.0
2026-07-02 10:45:00,1538.0,1538.7,1532.1,1532.9,18387.0
2026-07-02 10:50:00,1532.5,1540.4,1532.5,1535.5,48106.0
2026-07-02 10:55:00,1535.7,1537.4,1532.5,1532.9,17870.0
2026-07-02 11:00:00,1532.9,1537.0,1531.4,1537.0,16569.0
2026-07-02 11:05:00,1538.7,1542.1,1535.5,1538.0,35377.0
2026-07-02 11:10:00,1538.5,1541.7,1537.5,1539.0,62103.0
2026-07-02 11:15:00,1538.5,1544.1,1537.5,1540.9,54278.0
2026-07-02 11:20:00,1540.9,1542.3,1538.8,1541.6,49634.0
2026-07-02 11:25:00,1541.4,1551.9,1539.3,1548.3,106595.0
2026-07-02 11:30:00,1548.0,1557.0,1547.1,1556.5,83683.0
2026-07-02 11:35:00,1556.2,1558.9,1555.0,1557.3,57592.0
2026-07-02 11:40:00,1557.3,1558.1,1554.8,1558.0,25967.0
2026-07-02 11:45:00,1558.5,1569.2,1558.0,1562.5,145383.0
2026-07-02 11:50:00,1563.0,1570.3,1557.7,1562.3,175917.0
2026-07-02 11:55:00,1562.3,1567.5,1561.7,1563.1,33610.0
2026-07-02 12:00:00,1563.8,1564.9,1558.2,1560.7,22334.0
2026-07-02 12:05:00,1560.7,1560.8,1553.4,1556.9,49764.0
2026-07-02 12:10:00,1557.4,1557.4,1551.7,1554.2,28561.0
2026-07-02 12:15:00,1553.7,1555.0,1551.6,1554.9,17261.0
2026-07-02 12:20:00,1554.8,1554.8,1551.0,1552.9,23122.0
2026-07-02 12:25:00,1553.2,1553.3,1550.2,1550.3,34078.0
2026-07-02 12:30:00,1550.9,1551.4,1548.2,1550.8,15239.0
2026-07-02 12:35:00,1550.8,1551.2,1547.1,1548.9,49911.0
2026-07-02 12:40:00,1548.7,1549.6,1547.4,1548.0,25520.0
2026-07-02 12:45:00,1548.0,1548.2,1541.1,1541.8,38121.0
2026-07-02 12:50:00,1541.8,1542.8,1539.4,1540.5,24649.0
2026-07-02 12:55:00,1541.3,1542.4,1540.0,1540.3,11913.0
2026-07-02 13:00:00,1540.2,1541.7,1538.8,1541.7,18864.0
2026-07-02 13:05:00,1541.9,1546.5,1539.7,1543.1,37167.0
2026-07-02 13:10:00,1543.7,1544.9,1542.8,1543.5,12566.0
2026-07-02 13:15:00,1543.5,1548.1,1542.7,1547.7,13827.0
2026-07-02 13:20:00,1547.7,1555.0,1547.1,1554.5,29431.0
2026-07-02 13:25:00,1554.5,1556.0,1550.2,1550.9,16747.0
2026-07-02 13:30:00,1550.1,1555.8,1550.1,1555.1,15997.0
2026-07-02 13:35:00,1555.4,1555.4,1550.0,1551.9,13234.0
2026-07-02 13:40:00,1551.5,1554.2,1550.9,1552.6,16572.0
2026-07-02 13:45:00,1552.6,1553.4,1551.1,1552.8,16615.0
2026-07-02 13:50:00,1552.6,1556.0,1551.6,1555.8,16042.0
2026-07-02 13:55:00,1555.9,1556.5,1553.4,1555.1,12556.0
2026-07-02 14:00:00,1555.1,1556.0,1552.5,1554.4,14889.0
2026-07-02 14:05:00,1554.3,1556.0,1550.7,1551.4,18098.0
2026-07-02 14:10:00,1551.4,1552.0,1550.0,1551.7,13605.0
2026-07-02 14:15:00,1551.7,1552.3,1549.9,1551.0,16850.0
2026-07-02 14:20:00,1551.0,1554.1,1550.5,1552.6,11376.0
2026-07-02 14:25:00,1551.9,1552.7,1550.6,1551.6,10733.0
2026-07-02 14:30:00,1552.3,1553.5,1551.0,1552.5,10315.0
2026-07-02 14:35:00,1552.1,1555.6,1551.7,1555.6,10915.0
2026-07-02 14:40:00,1555.3,1555.3,1552.7,1554.1,9318.0
2026-07-02 14:45:00,1554.1,1556.8,1553.5,1555.8,21172.0
2026-07-02 14:50:00,1555.8,1560.0,1554.6,1559.0,24004.0
2026-07-02 14:55:00,1559.5,1560.7,1556.4,1557.3,20936.0
2026-07-02 15:00:00,1557.3,1557.5,1554.6,1556.8,18503.0
2026-07-02 15:05:00,1556.7,1557.4,1555.5,1557.4,19946.0
2026-07-02 15:10:00,1557.4,1559.0,1555.5,1558.8,25663.0
2026-07-02 15:15:00,1558.8,1562.5,1556.2,1556.6,64715.0
2026-07-02 15:20:00,1556.5,1558.8,1555.0,1556.9,58477.0
2026-07-02 15:25:00,1557.0,1557.0,1552.6,1556.8,63648.0
2026-07-03 09:15:00,1562.0,1564.0,1542.5,1548.9,90397.0
2026-07-03 09:20:00,1548.9,1549.0,1534.2,1536.1,85527.0
2026-07-03 09:25:00,1536.2,1539.4,1528.0,1531.4,69185.0
2026-07-03 09:30:00,1528.5,1547.7,1528.5,1544.8,54729.0
2026-07-03 09:35:00,1544.2,1549.9,1543.0,1543.0,26731.0
2026-07-03 09:40:00,1543.0,1543.1,1539.5,1541.5,18131.0
2026-07-03 09:45:00,1542.8,1548.9,1540.3,1547.0,35991.0
2026-07-03 09:50:00,1546.9,1551.3,1546.6,1549.7,29169.0
2026-07-03 09:55:00,1549.0,1551.6,1544.9,1546.3,30164.0
2026-07-03 10:00:00,1546.4,1548.0,1538.0,1541.9,38172.0
2026-07-03 10:05:00,1541.0,1542.6,1534.5,1535.8,40468.0
2026-07-03 10:10:00,1536.3,1538.0,1531.6,1532.0,38604.0
2026-07-03 10:15:00,1531.7,1534.5,1517.3,1518.3,118211.0
2026-07-03 10:20:00,1518.2,1520.7,1514.0,1515.5,68927.0
2026-07-03 10:25:00,1516.2,1531.0,1515.7,1529.8,53770.0
2026-07-03 10:30:00,1529.1,1539.8,1528.4,1536.4,48152.0
2026-07-03 10:35:00,1536.0,1538.2,1534.0,1535.0,36910.0
2026-07-03 10:40:00,1535.0,1536.6,1534.3,1535.5,13996.0
2026-07-03 10:45:00,1535.5,1538.8,1534.5,1537.9,15620.0
2026-07-03 10:50:00,1537.7,1538.1,1536.1,1537.2,11287.0
2026-07-03 10:55:00,1537.0,1537.6,1535.0,1536.7,15810.0
2026-07-03 11:00:00,1536.5,1537.0,1531.7,1535.0,34321.0
2026-07-03 11:05:00,1535.0,1539.9,1533.7,1539.0,46710.0
2026-07-03 11:10:00,1539.7,1542.8,1536.0,1539.3,26433.0
2026-07-03 11:15:00,1539.9,1545.9,1539.8,1543.8,19598.0
2026-07-03 11:20:00,1543.8,1548.0,1543.8,1547.2,24193.0
2026-07-03 11:25:00,1548.0,1567.4,1547.4,1559.0,170434.0
2026-07-03 11:30:00,1559.2,1563.2,1553.4,1555.9,51102.0
2026-07-03 11:35:00,1555.9,1559.8,1553.3,1556.0,26150.0
2026-07-03 11:40:00,1556.0,1558.2,1555.0,1555.8,8889.0
2026-07-03 11:45:00,1555.8,1556.0,1552.2,1555.9,11583.0
2026-07-03 11:50:00,1555.9,1565.9,1554.9,1559.3,41338.0
2026-07-03 11:55:00,1559.3,1563.0,1559.0,1560.8,24242.0
2026-07-03 12:00:00,1560.8,1561.5,1557.0,1557.5,9894.0
2026-07-03 12:05:00,1557.5,1563.4,1554.4,1563.4,37793.0
2026-07-03 12:10:00,1563.0,1563.5,1561.0,1563.5,13945.0
2026-07-03 12:15:00,1563.6,1566.6,1561.8,1566.6,22565.0
2026-07-03 12:20:00,1566.6,1567.5,1557.6,1560.5,38523.0
2026-07-03 12:25:00,1560.9,1563.8,1559.8,1563.8,11838.0
2026-07-03 12:30:00,1563.8,1564.9,1560.7,1564.0,10704.0
2026-07-03 12:35:00,1563.1,1564.0,1561.0,1561.2,10938.0
2026-07-03 12:40:00,1561.6,1566.0,1560.4,1564.4,30897.0
2026-07-03 12:45:00,1565.0,1570.2,1564.3,1568.4,170613.0
2026-07-03 12:50:00,1568.7,1574.0,1565.7,1568.2,50957.0
2026-07-03 12:55:00,1568.5,1570.0,1563.2,1564.6,21616.0
2026-07-03 13:00:00,1564.2,1565.8,1563.0,1563.0,15396.0
2026-07-03 13:05:00,1562.9,1562.9,1556.6,1557.8,27991.0
2026-07-03 13:10:00,1558.4,1562.3,1557.9,1561.6,11891.0
2026-07-03 13:15:00,1561.6,1563.9,1560.1,1563.0,13009.0
2026-07-03 13:20:00,1563.0,1565.7,1562.6,1564.9,11062.0
2026-07-03 13:25:00,1564.9,1565.0,1562.8,1563.8,12732.0
2026-07-03 13:30:00,1564.0,1564.8,1562.2,1563.5,9563.0
2026-07-03 13:35:00,1563.5,1564.4,1561.0,1563.3,9086.0
2026-07-03 13:40:00,1563.8,1564.4,1562.6,1563.5,10015.0
2026-07-03 13:45:00,1563.5,1565.0,1562.8,1565.0,8225.0
2026-07-03 13:50:00,1564.3,1565.0,1561.4,1561.4,11644.0
2026-07-03 13:55:00,1561.7,1562.8,1558.4,1558.4,8871.0
2026-07-03 14:00:00,1559.3,1560.0,1557.5,1558.5,9144.0
2026-07-03 14:05:00,1558.9,1559.0,1557.0,1557.7,10048.0
2026-07-03 14:10:00,1557.7,1561.8,1557.2,1560.5,24022.0
2026-07-03 14:15:00,1560.5,1560.5,1557.7,1558.2,11912.0
2026-07-03 14:20:00,1558.5,1559.6,1557.2,1559.3,10726.0
2026-07-03 14:25:00,1559.2,1560.2,1558.4,1559.2,7428.0
2026-07-03 14:30:00,1559.6,1563.8,1558.7,1562.4,16128.0
2026-07-03 14:35:00,1562.3,1563.1,1561.0,1561.9,13294.0
2026-07-03 14:40:00,1561.9,1563.1,1560.9,1562.4,9203.0
2026-07-03 14:45:00,1562.3,1565.0,1561.2,1565.0,13274.0
2026-07-03 14:50:00,1565.5,1568.0,1560.2,1565.0,51400.0
2026-07-03 14:55:00,1565.0,1573.9,1564.0,1569.1,93146.0
2026-07-03 15:00:00,1568.9,1570.0,1561.9,1562.5,74560.0
2026-07-03 15:05:00,1562.7,1563.9,1557.0,1557.1,57876.0
2026-07-03 15:10:00,1558.3,1563.4,1557.0,1561.7,70211.0
2026-07-03 15:15:00,1562.0,1564.4,1560.9,1563.6,57848.0
2026-07-03 15:20:00,1563.3,1577.9,1563.3,1574.8,204639.0
2026-07-03 15:25:00,1576.4,1579.0,1573.8,1574.1,96944.0
2026-07-06 09:15:00,1580.0,1598.0,1579.0,1581.6,111039.0
2026-07-06 09:20:00,1582.6,1588.0,1571.0,1583.7,65297.0
2026-07-06 09:25:00,1583.7,1587.0,1580.8,1581.7,34464.0
2026-07-06 09:30:00,1581.9,1589.8,1577.4,1589.6,64401.0
2026-07-06 09:35:00,1589.5,1596.5,1587.0,1596.0,71963.0
2026-07-06 09:40:00,1595.2,1597.4,1591.7,1595.1,39861.0
2026-07-06 09:45:00,1595.4,1605.1,1594.6,1598.7,135467.0
2026-07-06 09:50:00,1599.0,1601.9,1593.4,1600.0,62867.0
2026-07-06 09:55:00,1600.0,1601.3,1598.6,1600.0,81232.0
2026-07-06 10:00:00,1600.0,1600.5,1589.4,1592.3,72699.0
2026-07-06 10:05:00,1592.3,1594.0,1590.2,1591.2,9480.0
2026-07-06 10:10:00,1591.6,1597.0,1591.0,1595.0,19372.0
2026-07-06 10:15:00,1595.6,1601.9,1595.0,1600.5,25395.0
2026-07-06 10:20:00,1600.0,1603.0,1598.5,1601.5,71791.0
2026-07-06 10:25:00,1601.4,1607.5,1600.0,1607.5,68317.0
2026-07-06 10:30:00,1607.2,1607.7,1601.0,1601.7,24046.0
2026-07-06 10:35:00,1602.2,1611.0,1601.4,1607.3,109046.0
2026-07-06 10:40:00,1607.1,1609.0,1603.3,1606.5,50618.0
2026-07-06 10:45:00,1606.6,1608.7,1602.4,1604.8,46648.0
2026-07-06 10:50:00,1605.3,1607.0,1604.0,1605.7,14986.0
2026-07-06 10:55:00,1605.1,1606.0,1601.4,1605.8,21128.0
2026-07-06 11:00:00,1606.0,1611.9,1605.4,1606.3,44745.0
2026-07-06 11:05:00,1606.2,1606.9,1600.0,1605.0,42209.0
2026-07-06 11:10:00,1605.3,1610.9,1605.0,1610.5,30766.0
2026-07-06 11:15:00,1610.0,1616.0,1610.0,1615.6,115875.0
2026-07-06 11:20:00,1616.0,1624.4,1615.6,1620.9,170758.0
2026-07-06 11:25:00,1620.8,1634.8,1620.0,1632.9,424530.0
2026-07-06 11:30:00,1633.0,1633.7,1626.4,1631.5,239937.0
2026-07-06 11:35:00,1632.1,1636.0,1630.0,1632.8,79088.0
2026-07-06 11:40:00,1632.7,1641.8,1630.5,1637.2,122529.0
2026-07-06 11:45:00,1636.2,1641.0,1633.8,1634.5,84212.0
2026-07-06 11:50:00,1634.2,1638.8,1633.3,1638.4,66556.0
2026-07-06 11:55:00,1638.4,1646.0,1636.7,1641.0,109242.0
2026-07-06 12:00:00,1640.6,1650.7,1640.2,1644.7,333512.0
2026-07-06 12:05:00,1643.0,1644.7,1631.1,1633.4,153902.0
2026-07-06 12:10:00,1633.0,1635.0,1628.4,1631.8,60166.0
2026-07-06 12:15:00,1633.0,1634.8,1630.0,1631.0,43108.0
2026-07-06 12:20:00,1631.0,1632.5,1624.0,1627.0,71160.0
2026-07-06 12:25:00,1627.0,1628.8,1625.6,1627.2,25361.0
2026-07-06 12:30:00,1627.2,1634.7,1625.0,1627.3,61045.0
2026-07-06 12:35:00,1627.2,1628.8,1625.1,1626.8,30748.0
2026-07-06 12:40:00,1626.8,1628.0,1620.4,1621.2,35662.0
2026-07-06 12:45:00,1622.2,1626.6,1620.6,1624.2,34305.0
2026-07-06 12:50:00,1625.0,1625.1,1621.4,1622.2,15456.0
2026-07-06 12:55:00,1622.2,1624.2,1621.7,1623.9,20723.0
2026-07-06 13:00:00,1623.0,1626.4,1623.0,1625.4,17719.0
2026-07-06 13:05:00,1625.0,1636.0,1624.8,1635.7,61455.0
2026-07-06 13:10:00,1636.0,1641.0,1633.5,1637.6,81544.0
2026-07-06 13:15:00,1637.6,1648.5,1636.1,1646.4,103925.0
2026-07-06 13:20:00,1646.4,1648.9,1643.4,1646.0,75911.0
2026-07-06 13:25:00,1645.9,1649.0,1644.3,1645.2,37094.0
2026-07-06 13:30:00,1645.0,1645.8,1644.0,1645.0,32330.0
2026-07-06 13:35:00,1645.2,1646.6,1643.9,1645.1,32114.0
2026-07-06 13:40:00,1645.1,1647.6,1644.2,1645.1,40453.0
2026-07-06 13:45:00,1645.0,1646.9,1644.6,1646.0,22983.0
2026-07-06 13:50:00,1646.0,1647.5,1645.1,1645.9,28834.0
2026-07-06 13:55:00,1645.1,1645.8,1644.0,1644.1,26425.0
2026-07-06 14:00:00,1644.1,1648.0,1643.7,1647.6,27237.0
2026-07-06 14:05:00,1647.4,1647.5,1643.1,1644.5,34700.0
2026-07-06 14:10:00,1644.1,1645.9,1643.8,1644.1,19995.0
2026-07-06 14:15:00,1644.9,1646.3,1643.0,1643.2,14978.0
2026-07-06 14:20:00,1643.2,1644.4,1642.8,1644.4,25351.0
2026-07-06 14:25:00,1644.4,1645.0,1642.5,1642.6,26755.0
2026-07-06 14:30:00,1643.0,1644.7,1641.7,1644.0,24719.0
2026-07-06 14:35:00,1644.0,1645.8,1635.3,1637.3,41726.0
2026-07-06 14:40:00,1639.0,1643.9,1639.0,1639.3,23762.0
2026-07-06 14:45:00,1639.3,1639.3,1630.0,1631.4,50602.0
2026-07-06 14:50:00,1631.4,1631.5,1627.4,1628.2,44491.0
2026-07-06 14:55:00,1627.5,1630.4,1622.5,1623.0,62500.0
2026-07-06 15:00:00,1623.6,1626.8,1622.1,1623.9,68245.0
2026-07-06 15:05:00,1623.9,1625.9,1622.5,1623.2,29949.0
2026-07-06 15:10:00,1623.4,1624.6,1621.1,1622.1,38901.0
2026-07-06 15:15:00,1622.3,1624.4,1622.0,1623.7,51410.0
2026-07-06 15:20:00,1623.8,1623.8,1620.0,1621.0,70247.0
2026-07-06 15:25:00,1620.5,1629.0,1620.0,1627.6,51973.0
2026-07-07 09:15:00,1637.7,1659.8,1635.0,1657.3,221502.0
2026-07-07 09:20:00,1656.0,1657.2,1649.0,1649.8,128609.0
2026-07-07 09:25:00,1649.8,1652.7,1648.0,1648.0,91717.0
2026-07-07 09:30:00,1648.3,1650.0,1638.3,1648.8,122827.0
2026-07-07 09:35:00,1648.0,1650.2,1644.2,1647.1,103933.0
2026-07-07 09:40:00,1647.0,1652.0,1645.0,1645.6,79362.0
2026-07-07 09:45:00,1645.6,1645.6,1631.5,1634.9,91620.0
2026-07-07 09:50:00,1635.0,1638.1,1630.0,1630.7,74611.0
2026-07-07 09:55:00,1631.5,1632.9,1618.0,1624.3,135995.0
2026-07-07 10:00:00,1624.3,1629.9,1621.8,1626.5,89887.0
2026-07-07 10:05:00,1626.0,1629.3,1625.0,1627.8,61110.0
2026-07-07 10:10:00,1628.4,1628.4,1618.8,1620.8,111232.0
2026-07-07 10:15:00,1621.4,1628.0,1616.0,1625.1,82641.0
2026-07-07 10:20:00,1625.2,1626.0,1620.7,1620.7,70732.0
2026-07-07 10:25:00,1620.7,1623.4,1617.6,1621.7,117250.0
2026-07-07 10:30:00,1622.0,1629.0,1621.9,1628.0,41219.0
2026-07-07 10:35:00,1628.0,1631.6,1627.2,1629.0,43022.0
2026-07-07 10:40:00,1628.7,1629.3,1624.9,1628.0,34196.0
2026-07-07 10:45:00,1628.0,1629.3,1625.8,1627.0,25188.0
2026-07-07 10:50:00,1627.0,1630.0,1625.7,1629.9,25712.0
2026-07-07 10:55:00,1629.9,1629.9,1625.1,1627.2,25551.0
2026-07-07 11:00:00,1627.1,1634.6,1625.2,1634.5,37902.0
2026-07-07 11:05:00,1634.0,1635.8,1630.6,1631.5,35972.0
2026-07-07 11:10:00,1632.0,1639.6,1631.0,1639.3,69357.0
2026-07-07 11:15:00,1639.2,1640.5,1638.0,1639.7,28521.0
2026-07-07 11:20:00,1639.7,1641.7,1636.1,1641.3,22630.0
2026-07-07 11:25:00,1641.6,1643.6,1636.2,1642.9,83604.0
2026-07-07 11:30:00,1642.7,1643.3,1639.1,1640.8,59671.0
2026-07-07 11:35:00,1640.9,1643.4,1639.8,1642.4,55998.0
2026-07-07 11:40:00,1641.8,1643.6,1641.2,1643.2,23455.0
2026-07-07 11:45:00,1643.6,1644.0,1642.5,1642.7,24722.0
2026-07-07 11:50:00,1643.0,1644.8,1637.4,1644.4,36043.0
2026-07-07 11:55:00,1644.4,1649.0,1643.8,1647.9,31284.0
2026-07-07 12:00:00,1647.6,1648.0,1640.6,1644.0,31030.0
2026-07-07 12:05:00,1644.6,1645.0,1641.5,1641.6,54142.0
2026-07-07 12:10:00,1641.6,1648.5,1641.6,1647.0,28171.0
2026-07-07 12:15:00,1646.9,1647.9,1645.4,1646.7,16044.0
2026-07-07 12:20:00,1646.9,1648.8,1646.9,1648.1,21045.0
2026-07-07 12:25:00,1648.1,1650.0,1648.1,1649.6,30734.0
2026-07-07 12:30:00,1649.6,1650.3,1643.1,1644.0,33889.0
2026-07-07 12:35:00,1643.9,1647.2,1643.9,1647.2,15577.0
2026-07-07 12:40:00,1646.6,1647.3,1644.2,1646.0,15181.0
2026-07-07 12:45:00,1646.0,1646.2,1641.1,1642.0,37775.0
2026-07-07 12:50:00,1641.9,1642.5,1641.1,1642.0,12361.0
2026-07-07 12:55:00,1642.0,1642.1,1640.1,1642.1,9671.0
2026-07-07 13:00:00,1641.9,1642.3,1640.2,1641.6,13571.0
2026-07-07 13:05:00,1641.1,1641.8,1637.6,1638.7,20807.0
2026-07-07 13:10:00,1638.7,1640.0,1638.3,1639.4,13965.0
2026-07-07 13:15:00,1639.3,1640.4,1638.0,1638.0,18296.0
2026-07-07 13:20:00,1638.0,1641.1,1637.1,1639.6,17657.0
2026-07-07 13:25:00,1639.6,1643.0,1639.5,1642.8,29565.0
2026-07-07 13:30:00,1643.0,1643.0,1640.2,1641.2,12381.0
2026-07-07 13:35:00,1641.1,1642.0,1639.0,1640.0,25972.0
2026-07-07 13:40:00,1640.0,1643.0,1639.8,1641.6,26516.0
2026-07-07 13:45:00,1641.6,1644.9,1641.6,1642.9,14211.0
2026-07-07 13:50:00,1642.8,1644.4,1642.1,1643.0,11016.0
2026-07-07 13:55:00,1643.0,1644.8,1642.9,1644.0,12061.0
2026-07-07 14:00:00,1644.4,1652.2,1643.7,1651.0,203406.0
2026-07-07 14:05:00,1651.0,1659.7,1649.6,1659.1,261210.0
2026-07-07 14:10:00,1659.7,1659.8,1655.0,1655.1,47137.0
2026-07-07 14:15:00,1655.1,1655.2,1650.0,1653.4,28900.0
2026-07-07 14:20:00,1653.4,1654.5,1650.6,1651.2,32573.0
2026-07-07 14:25:00,1651.7,1653.1,1651.0,1652.1,24022.0
2026-07-07 14:30:00,1652.4,1658.3,1651.4,1656.9,34539.0
2026-07-07 14:35:00,1656.8,1663.9,1655.9,1661.2,70192.0
2026-07-07 14:40:00,1661.2,1661.7,1657.7,1659.3,37813.0
2026-07-07 14:45:00,1659.9,1659.9,1653.7,1656.1,36840.0
2026-07-07 14:50:00,1655.9,1656.8,1652.1,1653.5,29670.0
2026-07-07 14:55:00,1653.5,1655.2,1652.0,1654.4,22247.0
2026-07-07 15:00:00,1654.3,1654.3,1650.4,1653.5,51225.0
2026-07-07 15:05:00,1653.5,1653.5,1651.1,1652.7,52686.0
2026-07-07 15:10:00,1652.6,1654.5,1651.0,1653.3,83944.0
2026-07-07 15:15:00,1653.1,1653.9,1647.8,1648.2,89610.0
2026-07-07 15:20:00,1648.0,1651.4,1646.6,1650.0,76419.0
2026-07-07 15:25:00,1649.8,1654.0,1649.2,1654.0,83327.0
2026-07-08 09:15:00,1639.7,1667.4,1632.5,1653.7,144149.0
2026-07-08 09:20:00,1654.0,1659.3,1651.0,1654.0,44988.0
2026-07-08 09:25:00,1654.0,1663.9,1653.3,1661.3,61314.0
2026-07-08 09:30:00,1661.9,1665.8,1660.0,1662.0,34850.0
2026-07-08 09:35:00,1662.5,1662.9,1659.0,1660.2,69171.0
2026-07-08 09:40:00,1660.4,1666.0,1660.0,1664.5,79258.0
2026-07-08 09:45:00,1665.6,1668.4,1661.4,1666.1,32964.0
2026-07-08 09:50:00,1666.1,1680.0,1664.6,1672.6,109444.0
2026-07-08 09:55:00,1672.7,1677.5,1672.7,1674.7,42217.0
2026-07-08 10:00:00,1675.8,1687.8,1674.7,1680.0,122623.0
2026-07-08 10:05:00,1679.8,1685.0,1678.0,1684.5,57461.0
2026-07-08 10:10:00,1684.5,1699.9,1684.3,1693.0,145894.0
2026-07-08 10:15:00,1693.2,1711.0,1690.1,1703.6,191983.0
2026-07-08 10:20:00,1703.0,1707.6,1698.1,1700.6,93603.0
2026-07-08 10:25:00,1700.6,1712.0,1699.4,1708.1,143989.0
2026-07-08 10:30:00,1707.4,1707.6,1700.0,1703.1,80347.0
2026-07-08 10:35:00,1703.1,1704.1,1696.3,1697.6,59207.0
2026-07-08 10:40:00,1697.0,1698.0,1691.4,1694.6,60371.0
2026-07-08 10:45:00,1694.4,1702.0,1692.8,1700.0,46071.0
2026-07-08 10:50:00,1699.5,1702.8,1681.4,1681.4,152058.0
2026-07-08 10:55:00,1681.2,1682.0,1673.1,1675.5,157321.0
2026-07-08 11:00:00,1675.0,1679.4,1672.0,1674.2,106338.0
2026-07-08 11:05:00,1674.0,1679.9,1673.2,1676.3,116824.0
2026-07-08 11:10:00,1676.9,1679.7,1674.2,1675.5,59099.0
2026-07-08 11:15:00,1675.5,1675.5,1672.0,1674.8,44298.0
2026-07-08 11:20:00,1674.8,1680.0,1674.1,1680.0,27339.0
2026-07-08 11:25:00,1680.0,1688.9,1680.0,1687.4,50598.0
2026-07-08 11:30:00,1688.0,1690.8,1686.1,1687.8,42059.0
2026-07-08 11:35:00,1687.8,1691.4,1682.8,1684.0,37009.0
2026-07-08 11:40:00,1683.5,1685.0,1681.7,1682.8,22937.0
2026-07-08 11:45:00,1682.8,1685.0,1682.4,1683.8,22719.0
2026-07-08 11:50:00,1683.8,1684.2,1681.1,1683.6,16103.0
2026-07-08 11:55:00,1683.6,1685.7,1682.0,1685.5,22163.0
2026-07-08 12:00:00,1686.0,1688.1,1685.7,1686.8,14500.0
2026-07-08 12:05:00,1686.9,1688.4,1686.4,1686.6,15242.0
2026-07-08 12:10:00,1686.6,1689.8,1685.6,1689.7,15891.0
2026-07-08 12:15:00,1689.8,1694.0,1688.0,1694.0,22685.0
2026-07-08 12:20:00,1693.8,1695.1,1686.0,1687.5,32223.0
2026-07-08 12:25:00,1687.1,1689.4,1684.2,1688.6,21473.0
2026-07-08 12:30:00,1688.7,1688.8,1686.9,1687.6,7302.0
2026-07-08 12:35:00,1687.8,1692.7,1687.8,1687.9,18062.0
2026-07-08 12:40:00,1688.4,1691.8,1685.5,1691.8,16998.0
2026-07-08 12:45:00,1691.8,1692.6,1690.6,1690.8,12254.0
2026-07-08 12:50:00,1690.6,1695.2,1690.6,1694.9,20616.0
2026-07-08 12:55:00,1694.8,1695.0,1692.1,1692.4,16992.0
2026-07-08 13:00:00,1692.6,1693.5,1690.8,1693.2,8345.0
2026-07-08 13:05:00,1693.0,1695.5,1690.0,1691.9,30658.0
2026-07-08 13:10:00,1691.9,1692.9,1690.8,1691.2,13545.0
2026-07-08 13:15:00,1690.9,1691.2,1687.4,1688.9,18029.0
2026-07-08 13:20:00,1688.6,1691.0,1688.5,1690.6,7233.0
2026-07-08 13:25:00,1690.2,1693.5,1690.2,1692.2,20470.0
2026-07-08 13:30:00,1691.5,1693.8,1689.0,1689.0,10854.0
2026-07-08 13:35:00,1689.2,1693.0,1689.2,1692.7,9289.0
2026-07-08 13:40:00,1692.5,1695.0,1692.2,1694.3,11850.0
2026-07-08 13:45:00,1694.3,1694.8,1682.1,1686.9,44751.0
2026-07-08 13:50:00,1686.8,1687.4,1681.1,1683.9,48967.0
2026-07-08 13:55:00,1683.3,1684.5,1673.6,1674.0,81718.0
2026-07-08 14:00:00,1674.0,1678.0,1670.0,1670.6,78176.0
2026-07-08 14:05:00,1670.2,1670.5,1662.0,1662.3,96008.0
2026-07-08 14:10:00,1662.1,1666.0,1660.0,1660.2,83281.0
2026-07-08 14:15:00,1660.3,1669.8,1660.0,1664.0,63301.0
2026-07-08 14:20:00,1663.5,1668.5,1661.0,1663.1,44401.0
2026-07-08 14:25:00,1663.1,1665.1,1653.8,1654.9,98074.0
2026-07-08 14:30:00,1654.3,1664.9,1653.4,1658.6,55105.0
2026-07-08 14:35:00,1658.8,1660.7,1652.1,1655.7,52497.0
2026-07-08 14:40:00,1656.5,1656.7,1652.1,1654.0,50995.0
2026-07-08 14:45:00,1654.6,1655.3,1650.3,1652.4,39259.0
2026-07-08 14:50:00,1653.1,1655.2,1648.7,1649.8,67243.0
2026-07-08 14:55:00,1649.7,1652.0,1646.0,1649.5,67950.0
2026-07-08 15:00:00,1648.0,1657.0,1645.0,1651.9,106034.0
2026-07-08 15:05:00,1651.9,1653.6,1650.3,1652.0,58270.0
2026-07-08 15:10:00,1649.0,1651.0,1643.9,1650.6,109833.0
2026-07-08 15:15:00,1650.6,1661.8,1650.2,1658.2,143425.0
2026-07-08 15:20:00,1658.0,1666.6,1657.2,1666.4,117143.0
2026-07-08 15:25:00,1666.4,1668.8,1661.9,1664.0,60101.0
2026-07-09 09:15:00,1660.5,1685.0,1660.5,1675.1,137032.0
2026-07-09 09:20:00,1673.9,1681.8,1663.8,1667.9,100897.0
2026-07-09 09:25:00,1667.1,1667.1,1652.2,1657.9,73321.0
2026-07-09 09:30:00,1656.7,1659.4,1650.0,1651.1,47178.0
2026-07-09 09:35:00,1651.0,1659.2,1647.6,1657.9,40415.0
2026-07-09 09:40:00,1658.4,1659.4,1650.9,1653.0,29798.0
2026-07-09 09:45:00,1653.0,1660.8,1652.0,1655.6,35554.0
2026-07-09 09:50:00,1655.3,1661.5,1654.0,1654.0,18912.0
2026-07-09 09:55:00,1653.5,1657.0,1652.6,1654.0,21702.0
2026-07-09 10:00:00,1654.0,1664.8,1653.3,1664.1,40801.0
2026-07-09 10:05:00,1663.8,1664.1,1658.5,1658.5,15637.0
2026-07-09 10:10:00,1658.5,1661.0,1657.2,1658.8,10841.0
2026-07-09 10:15:00,1658.7,1663.8,1658.7,1660.1,14404.0
2026-07-09 10:20:00,1660.0,1661.9,1657.5,1659.7,14216.0
2026-07-09 10:25:00,1660.3,1660.3,1653.8,1654.7,12524.0
2026-07-09 10:30:00,1654.5,1661.8,1653.6,1661.8,20227.0
2026-07-09 10:35:00,1661.6,1661.8,1657.2,1661.5,17342.0
2026-07-09 10:40:00,1663.0,1668.2,1658.9,1661.9,59301.0
2026-07-09 10:45:00,1662.9,1663.6,1654.5,1658.0,69937.0
2026-07-09 10:50:00,1658.9,1666.0,1657.6,1665.5,19524.0
2026-07-09 10:55:00,1665.6,1666.2,1654.0,1654.3,49187.0
2026-07-09 11:00:00,1654.5,1656.0,1651.7,1653.8,22747.0
2026-07-09 11:05:00,1654.2,1656.5,1652.8,1655.5,6858.0
2026-07-09 11:10:00,1656.1,1656.1,1653.6,1656.1,3872.0
2026-07-09 11:15:00,1655.9,1656.0,1646.0,1646.1,46059.0
2026-07-09 11:20:00,1646.1,1651.9,1642.4,1651.6,55378.0
2026-07-09 11:25:00,1651.0,1656.0,1650.3,1655.0,18174.0
2026-07-09 11:30:00,1655.0,1656.0,1652.1,1656.0,8718.0
2026-07-09 11:35:00,1655.3,1661.8,1654.1,1658.0,46083.0
2026-07-09 11:40:00,1658.5,1660.8,1657.3,1660.5,19735.0
2026-07-09 11:45:00,1660.0,1666.3,1658.2,1664.3,54528.0
2026-07-09 11:50:00,1662.8,1662.8,1655.5,1656.8,62218.0
2026-07-09 11:55:00,1656.3,1658.1,1656.3,1657.9,3693.0
2026-07-09 12:00:00,1657.9,1661.3,1654.8,1658.0,78707.0
2026-07-09 12:05:00,1658.4,1660.4,1657.8,1659.6,6263.0
2026-07-09 12:10:00,1659.9,1659.9,1654.2,1656.0,31541.0
2026-07-09 12:15:00,1655.5,1656.8,1654.2,1656.1,18546.0
2026-07-09 12:20:00,1656.3,1659.4,1655.5,1657.5,21446.0
2026-07-09 12:25:00,1656.9,1666.0,1656.9,1663.7,21592.0
2026-07-09 12:30:00,1663.9,1675.9,1662.9,1673.0,52928.0
2026-07-09 12:35:00,1672.7,1673.0,1668.2,1671.5,24143.0
2026-07-09 12:40:00,1671.8,1671.9,1657.8,1658.3,71225.0
2026-07-09 12:45:00,1658.3,1660.0,1654.0,1654.9,23708.0
2026-07-09 12:50:00,1655.6,1656.9,1646.6,1652.9,31965.0
2026-07-09 12:55:00,1652.1,1655.0,1650.2,1650.9,34738.0
2026-07-09 13:00:00,1650.9,1650.9,1646.0,1648.2,25508.0
2026-07-09 13:05:00,1648.2,1649.6,1646.1,1648.0,19456.0
2026-07-09 13:10:00,1647.5,1655.5,1647.5,1654.0,18173.0
2026-07-09 13:15:00,1653.5,1657.9,1652.8,1657.1,27328.0
2026-07-09 13:20:00,1657.8,1657.8,1654.5,1655.0,8331.0
2026-07-09 13:25:00,1654.9,1655.4,1653.4,1654.0,6383.0
2026-07-09 13:30:00,1654.0,1655.8,1653.0,1655.2,12731.0
2026-07-09 13:35:00,1655.0,1657.8,1654.3,1656.6,13989.0
2026-07-09 13:40:00,1656.8,1657.0,1654.2,1657.0,5119.0
2026-07-09 13:45:00,1655.6,1657.3,1654.2,1655.5,5430.0
2026-07-09 13:50:00,1655.5,1655.9,1652.8,1654.0,10202.0
2026-07-09 13:55:00,1653.9,1656.5,1653.9,1654.8,8661.0
2026-07-09 14:00:00,1654.4,1656.4,1654.0,1654.8,9057.0
2026-07-09 14:05:00,1654.8,1655.3,1653.4,1653.7,5699.0
2026-07-09 14:10:00,1653.4,1656.5,1651.6,1655.7,8255.0
2026-07-09 14:15:00,1656.1,1656.5,1655.1,1655.7,6516.0
2026-07-09 14:20:00,1655.8,1656.3,1653.4,1655.4,11786.0
2026-07-09 14:25:00,1655.9,1656.5,1653.1,1654.8,11753.0
2026-07-09 14:30:00,1655.0,1655.0,1653.5,1654.6,6254.0
2026-07-09 14:35:00,1654.1,1654.1,1647.0,1648.2,21666.0
2026-07-09 14:40:00,1647.2,1648.1,1641.6,1644.0,34903.0
2026-07-09 14:45:00,1644.0,1645.1,1643.0,1643.5,11223.0
2026-07-09 14:50:00,1643.5,1645.4,1633.4,1635.7,37220.0
2026-07-09 14:55:00,1635.7,1638.3,1635.0,1635.5,14135.0
2026-07-09 15:00:00,1634.6,1635.4,1620.0,1622.1,59757.0
2026-07-09 15:05:00,1622.1,1622.4,1612.6,1619.8,77822.0
2026-07-09 15:10:00,1619.8,1620.9,1615.0,1617.9,55093.0
2026-07-09 15:15:00,1617.9,1619.0,1614.0,1616.2,56708.0
2026-07-09 15:20:00,1616.2,1620.9,1614.0,1614.2,72612.0
2026-07-09 15:25:00,1613.1,1627.1,1610.1,1625.8,99256.0
2026-07-10 09:15:00,1635.0,1639.0,1621.2,1626.6,70261.0
2026-07-10 09:20:00,1626.8,1636.5,1626.7,1631.0,33820.0
2026-07-10 09:25:00,1631.1,1633.7,1629.0,1631.7,12468.0
2026-07-10 09:30:00,1631.7,1638.5,1629.1,1638.5,27351.0
2026-07-10 09:35:00,1639.0,1641.5,1635.5,1637.8,15746.0
2026-07-10 09:40:00,1637.5,1644.0,1636.1,1640.4,18697.0
2026-07-10 09:45:00,1640.8,1648.0,1638.9,1646.3,25654.0
2026-07-10 09:50:00,1645.7,1652.5,1645.7,1651.7,43329.0
2026-07-10 09:55:00,1652.2,1659.5,1650.9,1658.8,38682.0
2026-07-10 10:00:00,1657.8,1664.4,1657.4,1659.3,35297.0
2026-07-10 10:05:00,1660.0,1660.5,1652.5,1656.0,32225.0
2026-07-10 10:10:00,1656.8,1657.1,1654.6,1656.0,9379.0
2026-07-10 10:15:00,1656.1,1658.8,1655.5,1656.8,7124.0
2026-07-10 10:20:00,1657.7,1658.6,1653.3,1657.8,44436.0
2026-07-10 10:25:00,1658.3,1663.4,1656.6,1661.8,20333.0
2026-07-10 10:30:00,1661.1,1668.0,1661.1,1668.0,61939.0
2026-07-10 10:35:00,1668.0,1671.0,1667.4,1669.6,32833.0
2026-07-10 10:40:00,1670.0,1670.0,1668.0,1669.0,18105.0
2026-07-10 10:45:00,1669.0,1670.9,1668.5,1669.8,13242.0
2026-07-10 10:50:00,1669.3,1674.2,1669.0,1673.8,15737.0
2026-07-10 10:55:00,1673.8,1683.8,1672.9,1680.9,62008.0
2026-07-10 11:00:00,1680.9,1683.5,1676.5,1679.0,46176.0
2026-07-10 11:05:00,1679.0,1679.6,1674.3,1675.0,20558.0
2026-07-10 11:10:00,1675.3,1678.0,1672.8,1676.5,26750.0
2026-07-10 11:15:00,1676.9,1677.4,1673.5,1675.3,35410.0
2026-07-10 11:20:00,1675.4,1681.2,1675.4,1680.0,24128.0
2026-07-10 11:25:00,1680.0,1682.0,1677.5,1678.2,15318.0
2026-07-10 11:30:00,1679.0,1681.3,1673.5,1673.5,20010.0
2026-07-10 11:35:00,1673.2,1675.0,1670.9,1671.0,27228.0
2026-07-10 11:40:00,1671.0,1673.0,1671.0,1672.2,8359.0
2026-07-10 11:45:00,1672.5,1676.8,1671.8,1674.0,9568.0
2026-07-10 11:50:00,1674.6,1675.3,1671.0,1672.5,10617.0
2026-07-10 11:55:00,1672.3,1675.7,1671.5,1674.8,7646.0
2026-07-10 12:00:00,1675.2,1677.1,1674.1,1674.1,7534.0
2026-07-10 12:05:00,1675.0,1676.2,1674.1,1675.1,6429.0
2026-07-10 12:10:00,1675.1,1675.2,1672.9,1673.6,6342.0
2026-07-10 12:15:00,1673.6,1673.6,1671.6,1672.8,6756.0
2026-07-10 12:20:00,1672.6,1672.8,1671.2,1671.3,5241.0
2026-07-10 12:25:00,1671.9,1675.7,1671.2,1674.6,7104.0
2026-07-10 12:30:00,1674.9,1678.9,1673.7,1677.6,15851.0
2026-07-10 12:35:00,1678.3,1678.5,1674.1,1675.2,6916.0
2026-07-10 12:40:00,1675.6,1677.0,1674.5,1676.5,5897.0
2026-07-10 12:45:00,1676.5,1679.1,1676.5,1677.5,5577.0
2026-07-10 12:50:00,1677.8,1678.5,1676.8,1677.6,4743.0
2026-07-10 12:55:00,1677.6,1678.0,1671.5,1672.5,30971.0
2026-07-10 13:00:00,1672.8,1672.8,1658.6,1658.9,61636.0
2026-07-10 13:05:00,1658.9,1659.3,1647.0,1647.0,87378.0
2026-07-10 13:10:00,1646.5,1649.8,1645.8,1649.8,19712.0
2026-07-10 13:15:00,1649.8,1649.8,1645.6,1647.6,13841.0
2026-07-10 13:20:00,1647.4,1648.0,1644.6,1646.5,42556.0
2026-07-10 13:25:00,1646.5,1649.6,1643.4,1648.9,6981.0
2026-07-10 13:30:00,1648.8,1650.3,1647.6,1650.0,5861.0
2026-07-10 13:35:00,1650.0,1651.7,1649.1,1649.4,6816.0
2026-07-10 13:40:00,1649.9,1653.0,1649.9,1652.2,8588.0
2026-07-10 13:45:00,1651.7,1655.2,1651.5,1655.2,9989.0
2026-07-10 13:50:00,1655.2,1659.9,1654.6,1658.3,16487.0
2026-07-10 13:55:00,1658.0,1658.0,1652.4,1653.5,10373.0
2026-07-10 14:00:00,1654.0,1655.6,1653.1,1655.4,5235.0
2026-07-10 14:05:00,1654.7,1655.6,1645.5,1645.5,20971.0
2026-07-10 14:10:00,1645.4,1649.9,1644.4,1649.4,8746.0
2026-07-10 14:15:00,1649.1,1650.5,1648.0,1648.9,4667.0
2026-07-10 14:20:00,1648.9,1649.8,1647.7,1649.1,5105.0
2026-07-10 14:25:00,1649.1,1650.4,1646.8,1648.1,5374.0
2026-07-10 14:30:00,1648.2,1652.8,1648.2,1651.3,8162.0
2026-07-10 14:35:00,1651.6,1652.7,1650.5,1651.9,3928.0
2026-07-10 14:40:00,1651.8,1653.4,1649.4,1653.4,6288.0
2026-07-10 14:45:00,1653.4,1658.3,1653.4,1658.3,7614.0
2026-07-10 14:50:00,1658.3,1658.7,1654.4,1654.7,11254.0
2026-07-10 14:55:00,1654.0,1657.2,1654.0,1656.4,5794.0
2026-07-10 15:00:00,1655.5,1659.7,1652.1,1658.4,25673.0
2026-07-10 15:05:00,1658.8,1659.5,1656.6,1657.5,19701.0
2026-07-10 15:10:00,1657.5,1657.7,1652.4,1655.9,43955.0
2026-07-10 15:15:00,1655.9,1655.9,1653.0,1654.0,28468.0
2026-07-10 15:20:00,1654.6,1654.8,1649.3,1653.7,62224.0
2026-07-10 15:25:00,1654.1,1654.2,1648.7,1654.0,33938.0
