timestamp,open,high,low,close,volume
2026-05-12 09:15:00,1999.0,1999.0,1978.8,1998.3,29615.0
2026-05-12 09:20:00,1998.1,1998.1,1986.7,1992.0,16848.0
2026-05-12 09:25:00,1991.5,1995.1,1985.0,1985.3,21763.0
2026-05-12 09:30:00,1984.3,1986.4,1975.6,1976.3,17911.0
2026-05-12 09:35:00,1976.2,1984.7,1975.0,1975.3,11368.0
2026-05-12 09:40:00,1975.3,1986.4,1974.7,1982.5,18430.0
2026-05-12 09:45:00,1982.5,1984.3,1979.1,1982.4,8725.0
2026-05-12 09:50:00,1983.6,1983.6,1980.1,1980.9,5344.0
2026-05-12 09:55:00,1980.5,1980.5,1972.1,1973.4,6887.0
2026-05-12 10:00:00,1973.3,1978.2,1972.1,1976.6,5981.0
2026-05-12 10:05:00,1976.2,1976.9,1963.8,1964.2,9454.0
2026-05-12 10:10:00,1963.8,1968.6,1962.2,1966.7,9058.0
2026-05-12 10:15:00,1966.3,1969.9,1965.6,1967.2,5662.0
2026-05-12 10:20:00,1968.1,1976.5,1968.1,1971.0,6843.0
2026-05-12 10:25:00,1971.7,1974.0,1966.8,1968.7,3835.0
2026-05-12 10:30:00,1968.5,1977.3,1962.2,1962.2,24959.0
2026-05-12 10:35:00,1961.9,1965.8,1960.0,1964.7,17429.0
2026-05-12 10:40:00,1965.3,1972.4,1964.7,1969.0,8739.0
2026-05-12 10:45:00,1969.0,1969.0,1965.0,1965.7,7940.0
2026-05-12 10:50:00,1965.6,1965.9,1960.2,1961.7,8244.0
2026-05-12 10:55:00,1962.6,1967.2,1961.7,1964.1,5987.0
2026-05-12 11:00:00,1964.2,1965.1,1961.7,1962.0,5900.0
2026-05-12 11:05:00,1962.0,1962.7,1952.6,1954.5,22007.0
2026-05-12 11:10:00,1954.5,1957.0,1952.8,1952.8,7066.0
2026-05-12 11:15:00,1953.7,1954.4,1948.4,1951.2,15856.0
2026-05-12 11:20:00,1950.9,1954.7,1950.0,1952.2,10178.0
2026-05-12 11:25:00,1952.1,1957.9,1949.4,1957.3,39287.0
2026-05-12 11:30:00,1958.0,1960.0,1951.5,1955.3,47528.0
2026-05-12 11:35:00,1956.4,1960.1,1953.5,1957.0,8779.0
2026-05-12 11:40:00,1957.9,1964.6,1957.0,1963.0,12632.0
2026-05-12 11:45:00,1963.0,1964.0,1956.2,1956.6,7694.0
2026-05-12 11:50:00,1958.1,1959.5,1956.8,1959.2,3254.0
2026-05-12 11:55:00,1958.7,1963.6,1957.3,1961.1,8469.0
2026-05-12 12:00:00,1961.8,1962.0,1958.9,1961.8,5521.0
2026-05-12 12:05:00,1960.9,1963.0,1958.8,1960.7,9390.0
2026-05-12 12:10:00,1960.8,1961.9,1954.5,1954.5,12663.0
2026-05-12 12:15:00,1955.0,1959.2,1953.2,1954.8,7683.0
2026-05-12 12:20:00,1955.1,1956.1,1953.1,1954.3,7515.0
2026-05-12 12:25:00,1954.3,1954.3,1947.0,1947.3,14648.0
2026-05-12 12:30:00,1947.4,1948.0,1941.6,1945.6,28241.0
2026-05-12 12:35:00,1945.6,1945.6,1943.7,1944.6,4893.0
2026-05-12 12:40:00,1944.6,1949.9,1944.6,1948.2,5438.0
2026-05-12 12:45:00,1948.1,1949.4,1947.0,1948.0,2349.0
2026-05-12 12:50:00,1948.0,1949.4,1947.1,1948.4,5165.0
2026-05-12 12:55:00,1948.0,1949.6,1944.6,1944.7,5572.0
2026-05-12 13:00:00,1945.6,1948.6,1943.1,1943.3,6501.0
2026-05-12 13:05:00,1944.0,1946.2,1942.0,1942.0,5304.0
2026-05-12 13:10:00,1942.2,1943.0,1937.1,1942.7,7717.0
2026-05-12 13:15:00,1942.8,1946.8,1942.8,1946.1,3870.0
2026-05-12 13:20:00,1946.0,1947.9,1943.0,1943.0,5168.0
2026-05-12 13:25:00,1943.2,1947.2,1942.6,1946.9,3720.0
2026-05-12 13:30:00,1946.9,1946.9,1940.2,1941.3,5081.0
2026-05-12 13:35:00,1941.1,1941.5,1934.9,1936.5,16811.0
2026-05-12 13:40:00,1935.9,1935.9,1925.4,1928.3,54881.0
2026-05-12 13:45:00,1929.0,1932.9,1926.6,1932.4,11895.0
2026-05-12 13:50:00,1932.3,1934.4,1929.3,1929.8,6473.0
2026-05-12 13:55:00,1929.7,1930.5,1927.5,1930.0,4626.0
2026-05-12 14:00:00,1928.2,1929.4,1927.2,1929.1,8751.0
2026-05-12 14:05:00,1929.0,1929.0,1926.1,1927.5,7620.0
2026-05-12 14:10:00,1928.7,1929.3,1926.8,1928.3,10397.0
2026-05-12 14:15:00,1928.2,1929.2,1926.5,1927.0,5128.0
2026-05-12 14:20:00,1927.0,1931.2,1921.0,1929.6,26867.0
2026-05-12 14:25:00,1928.3,1929.0,1924.6,1926.1,12863.0
2026-05-12 14:30:00,1926.1,1928.9,1923.5,1924.4,7486.0
2026-05-12 14:35:00,1924.0,1926.6,1922.0,1922.9,10743.0
2026-05-12 14:40:00,1922.3,1924.5,1920.7,1921.4,13351.0
2026-05-12 14:45:00,1921.5,1921.9,1917.0,1920.5,19704.0
2026-05-12 14:50:00,1920.1,1920.2,1914.5,1916.5,16039.0
2026-05-12 14:55:00,1916.5,1919.6,1915.0,1915.9,18722.0
2026-05-12 15:00:00,1915.0,1915.2,1908.6,1910.0,39498.0
2026-05-12 15:05:00,1910.5,1913.0,1907.2,1912.1,37721.0
2026-05-12 15:10:00,1912.1,1916.1,1910.0,1912.2,42322.0
2026-05-12 15:15:00,1912.2,1917.6,1911.2,1916.6,41813.0
2026-05-12 15:20:00,1916.5,1917.9,1909.5,1913.2,51222.0
2026-05-12 15:25:00,1913.4,1920.5,1911.1,1916.3,43037.0
2026-05-13 09:15:00,1912.9,1936.0,1912.6,1929.1,41033.0
2026-05-13 09:20:00,1929.0,1935.6,1927.7,1932.1,17828.0
2026-05-13 09:25:00,1932.3,1945.9,1926.7,1932.9,22002.0
2026-05-13 09:30:00,1932.8,1934.1,1925.1,1926.3,21626.0
2026-05-13 09:35:00,1925.3,1926.9,1911.8,1914.9,18143.0
2026-05-13 09:40:00,1915.5,1927.5,1915.5,1927.5,11970.0
2026-05-13 09:45:00,1926.7,1935.3,1923.1,1928.0,23170.0
2026-05-13 09:50:00,1926.7,1932.6,1924.9,1930.8,5526.0
2026-05-13 09:55:00,1930.7,1943.0,1930.7,1939.9,33264.0
2026-05-13 10:00:00,1939.9,1950.7,1937.2,1950.7,16222.0
2026-05-13 10:05:00,1950.0,1963.3,1950.0,1962.2,28640.0
2026-05-13 10:10:00,1961.1,1964.4,1958.4,1961.5,10890.0
2026-05-13 10:15:00,1961.3,1976.8,1960.7,1973.9,19462.0
2026-05-13 10:20:00,1973.7,1976.4,1970.7,1972.1,13031.0
2026-05-13 10:25:00,1972.2,1974.9,1970.0,1973.9,9292.0
2026-05-13 10:30:00,1974.0,1978.8,1972.2,1978.8,9867.0
2026-05-13 10:35:00,1977.9,1978.7,1966.9,1972.4,21314.0
2026-05-13 10:40:00,1970.6,1973.6,1969.7,1972.3,8167.0
2026-05-13 10:45:00,1972.9,1979.9,1972.9,1977.8,11069.0
2026-05-13 10:50:00,1977.7,1978.0,1973.5,1974.6,12091.0
2026-05-13 10:55:00,1974.7,1975.0,1966.9,1966.9,35626.0
2026-05-13 11:00:00,1967.1,1968.3,1964.3,1968.2,10653.0
2026-05-13 11:05:00,1968.2,1969.7,1964.7,1966.8,4820.0
2026-05-13 11:10:00,1966.8,1967.0,1961.1,1963.5,14605.0
2026-05-13 11:15:00,1963.5,1963.5,1959.0,1962.8,15759.0
2026-05-13 11:20:00,1962.0,1962.8,1959.0,1961.2,7936.0
2026-05-13 11:25:00,1961.4,1967.9,1960.7,1966.9,28179.0
2026-05-13 11:30:00,1966.8,1970.0,1963.3,1970.0,52824.0
2026-05-13 11:35:00,1970.0,1970.0,1969.0,1970.0,62864.0
2026-05-13 11:40:00,1970.0,1977.3,1969.9,1974.9,82364.0
2026-05-13 11:45:00,1975.5,1980.1,1975.5,1978.2,19194.0
2026-05-13 11:50:00,1978.2,1978.4,1972.3,1973.0,16159.0
2026-05-13 11:55:00,1973.5,1986.9,1973.3,1983.4,63843.0
2026-05-13 12:00:00,1983.5,1983.7,1972.1,1972.1,18732.0
2026-05-13 12:05:00,1974.1,1977.7,1973.0,1974.9,14810.0
2026-05-13 12:10:00,1974.9,1978.0,1974.4,1977.2,16539.0
2026-05-13 12:15:00,1976.7,1982.7,1976.7,1981.6,14293.0
2026-05-13 12:20:00,1981.3,1981.3,1976.0,1976.0,11229.0
2026-05-13 12:25:00,1976.0,1978.3,1975.0,1978.1,6185.0
2026-05-13 12:30:00,1978.1,1979.5,1973.6,1973.6,8817.0
2026-05-13 12:35:00,1974.0,1974.0,1968.4,1969.2,11071.0
2026-05-13 12:40:00,1968.8,1969.2,1965.0,1968.9,6278.0
2026-05-13 12:45:00,1968.9,1970.5,1968.2,1968.8,3198.0
2026-05-13 12:50:00,1968.6,1974.7,1968.0,1974.7,8843.0
2026-05-13 12:55:00,1975.0,1978.9,1974.4,1978.1,6520.0
2026-05-13 13:00:00,1978.4,1978.4,1972.7,1974.5,4868.0
2026-05-13 13:05:00,1974.0,1976.1,1970.3,1970.6,8952.0
2026-05-13 13:10:00,1970.5,1975.0,1969.8,1972.3,5189.0
2026-05-13 13:15:00,1972.5,1972.5,1967.6,1968.3,4284.0
2026-05-13 13:20:00,1968.3,1968.9,1964.9,1968.2,10424.0
2026-05-13 13:25:00,1968.2,1969.3,1966.5,1967.4,4341.0
2026-05-13 13:30:00,1967.8,1970.0,1966.8,1969.6,7025.0
2026-05-13 13:35:00,1969.8,1969.8,1967.1,1968.4,4880.0
2026-05-13 13:40:00,1968.3,1970.0,1967.5,1967.6,4807.0
2026-05-13 13:45:00,1968.1,1969.4,1965.1,1965.6,4473.0
2026-05-13 13:50:00,1965.6,1967.6,1963.5,1965.0,6543.0
2026-05-13 13:55:00,1965.0,1966.9,1962.9,1964.5,4318.0
2026-05-13 14:00:00,1964.5,1966.6,1961.1,1962.2,4808.0
2026-05-13 14:05:00,1961.9,1964.8,1961.9,1963.7,2734.0
2026-05-13 14:10:00,1964.1,1964.7,1962.1,1963.8,4286.0
2026-05-13 14:15:00,1964.3,1964.9,1961.1,1962.3,11755.0
2026-05-13 14:20:00,1961.0,1964.1,1960.8,1964.1,7883.0
2026-05-13 14:25:00,1965.0,1965.0,1963.2,1965.0,6962.0
2026-05-13 14:30:00,1964.7,1965.0,1962.7,1963.7,4996.0
2026-05-13 14:35:00,1962.9,1963.6,1961.3,1963.1,4038.0
2026-05-13 14:40:00,1963.0,1964.3,1957.7,1957.7,7264.0
2026-05-13 14:45:00,1957.7,1958.4,1954.6,1956.0,6290.0
2026-05-13 14:50:00,1956.6,1957.6,1955.5,1956.2,13401.0
2026-05-13 14:55:00,1956.4,1957.0,1954.5,1955.5,8744.0
2026-05-13 15:00:00,1955.3,1955.7,1948.1,1948.7,29895.0
2026-05-13 15:05:00,1948.6,1948.6,1943.6,1946.7,18429.0
2026-05-13 15:10:00,1947.0,1947.0,1941.9,1944.0,17608.0
2026-05-13 15:15:00,1944.0,1947.7,1942.8,1943.5,38865.0
2026-05-13 15:20:00,1943.5,1943.6,1941.4,1942.6,42734.0
2026-05-13 15:25:00,1942.6,1961.3,1942.6,1952.0,23297.0
2026-05-14 09:15:00,1972.0,1976.4,1960.5,1964.9,30270.0
2026-05-14 09:20:00,1965.7,1970.7,1965.1,1970.7,13007.0
2026-05-14 09:25:00,1971.3,1973.8,1969.7,1973.6,10773.0
2026-05-14 09:30:00,1974.0,1976.7,1972.0,1974.0,17335.0
2026-05-14 09:35:00,1974.3,1975.8,1969.0,1969.0,11264.0
2026-05-14 09:40:00,1969.0,1970.7,1964.0,1965.1,8998.0
2026-05-14 09:45:00,1965.1,1969.8,1960.1,1961.4,9958.0
2026-05-14 09:50:00,1962.4,1962.6,1949.5,1951.1,11134.0
2026-05-14 09:55:00,1951.8,1953.6,1946.9,1949.4,9508.0
2026-05-14 10:00:00,1950.6,1956.3,1946.0,1953.4,8875.0
2026-05-14 10:05:00,1953.1,1955.0,1949.7,1951.7,8040.0
2026-05-14 10:10:00,1950.9,1957.9,1947.6,1955.4,13694.0
2026-05-14 10:15:00,1954.4,1959.2,1952.2,1959.2,7848.0
2026-05-14 10:20:00,1959.9,1960.1,1952.9,1955.1,18522.0
2026-05-14 10:25:00,1954.9,1961.5,1954.0,1954.6,5648.0
2026-05-14 10:30:00,1954.6,1957.7,1951.6,1957.7,14179.0
2026-05-14 10:35:00,1957.7,1963.4,1956.6,1962.7,12595.0
2026-05-14 10:40:00,1962.6,1963.5,1957.1,1957.9,9108.0
2026-05-14 10:45:00,1956.8,1959.6,1952.8,1953.6,8824.0
2026-05-14 10:50:00,1953.2,1959.2,1952.1,1958.0,14100.0
2026-05-14 10:55:00,1958.0,1958.1,1952.0,1952.0,8565.0
2026-05-14 11:00:00,1951.4,1953.6,1948.0,1950.2,16755.0
2026-05-14 11:05:00,1949.9,1950.0,1945.0,1946.5,9497.0
2026-05-14 11:10:00,1946.6,1952.2,1945.2,1952.0,10056.0
2026-05-14 11:15:00,1951.0,1955.6,1950.7,1953.2,8820.0
2026-05-14 11:20:00,1953.8,1956.5,1943.0,1943.2,12709.0
2026-05-14 11:25:00,1943.4,1945.0,1938.8,1943.9,13927.0
2026-05-14 11:30:00,1944.5,1949.0,1941.9,1947.7,9396.0
2026-05-14 11:35:00,1947.7,1951.4,1946.9,1949.9,10041.0
2026-05-14 11:40:00,1950.8,1953.8,1949.0,1951.2,13447.0
2026-05-14 11:45:00,1952.0,1958.0,1950.4,1958.0,12099.0
2026-05-14 11:50:00,1958.6,1965.0,1958.2,1964.9,11704.0
2026-05-14 11:55:00,1965.0,1968.1,1960.4,1963.4,16003.0
2026-05-14 12:00:00,1962.9,1963.2,1959.8,1961.8,10095.0
2026-05-14 12:05:00,1962.0,1963.0,1959.4,1960.1,8728.0
2026-05-14 12:10:00,1960.3,1964.7,1960.2,1962.7,12463.0
2026-05-14 12:15:00,1962.9,1970.0,1962.8,1967.2,13926.0
2026-05-14 12:20:00,1967.1,1969.1,1965.6,1967.7,8422.0
2026-05-14 12:25:00,1967.4,1969.2,1965.8,1968.0,8753.0
2026-05-14 12:30:00,1968.0,1970.0,1967.6,1968.6,6681.0
2026-05-14 12:35:00,1969.0,1970.0,1957.7,1958.9,27146.0
2026-05-14 12:40:00,1960.0,1961.5,1958.1,1959.3,25451.0
2026-05-14 12:45:00,1959.3,1960.0,1953.7,1955.3,53420.0
2026-05-14 12:50:00,1955.0,1956.0,1951.5,1953.3,8905.0
2026-05-14 12:55:00,1953.5,1953.8,1950.2,1950.5,18070.0
2026-05-14 13:00:00,1950.5,1952.1,1948.3,1949.5,52657.0
2026-05-14 13:05:00,1949.8,1951.9,1947.9,1949.2,32727.0
2026-05-14 13:10:00,1949.4,1950.4,1942.9,1948.1,16894.0
2026-05-14 13:15:00,1948.8,1952.0,1948.0,1950.9,11392.0
2026-05-14 13:20:00,1950.9,1952.0,1947.8,1947.8,9760.0
2026-05-14 13:25:00,1947.0,1952.0,1947.0,1950.0,8620.0
2026-05-14 13:30:00,1950.0,1952.0,1948.0,1950.0,9036.0
2026-05-14 13:35:00,1950.0,1952.0,1949.1,1950.4,6127.0
2026-05-14 13:40:00,1950.4,1955.0,1949.3,1955.0,13647.0
2026-05-14 13:45:00,1955.4,1957.0,1953.9,1955.3,8196.0
2026-05-14 13:50:00,1955.0,1956.0,1952.8,1953.4,7216.0
2026-05-14 13:55:00,1953.9,1957.6,1953.5,1957.1,6048.0
2026-05-14 14:00:00,1956.8,1959.4,1956.1,1957.5,9712.0
2026-05-14 14:05:00,1957.5,1960.5,1957.0,1959.0,8242.0
2026-05-14 14:10:00,1959.0,1960.5,1957.5,1960.5,7534.0
2026-05-14 14:15:00,1960.6,1964.8,1953.9,1954.5,36370.0
2026-05-14 14:20:00,1954.7,1956.4,1947.6,1948.8,56313.0
2026-05-14 14:25:00,1948.8,1953.2,1948.3,1953.1,11974.0
2026-05-14 14:30:00,1953.3,1957.0,1952.0,1953.8,12999.0
2026-05-14 14:35:00,1954.2,1954.2,1950.0,1951.7,17281.0
2026-05-14 14:40:00,1951.7,1952.3,1950.4,1950.9,11164.0
2026-05-14 14:45:00,1950.9,1951.7,1948.2,1948.5,12293.0
2026-05-14 14:50:00,1948.9,1950.8,1948.2,1949.3,8233.0
2026-05-14 14:55:00,1949.4,1952.1,1948.0,1949.8,35260.0
2026-05-14 15:00:00,1951.2,1951.5,1948.0,1948.7,18894.0
2026-05-14 15:05:00,1948.6,1949.0,1945.7,1949.0,26027.0
2026-05-14 15:10:00,1949.0,1949.9,1947.8,1948.8,19141.0
2026-05-14 15:15:00,1948.8,1949.9,1946.3,1949.8,43090.0
2026-05-14 15:20:00,1949.3,1950.0,1948.0,1949.4,35140.0
2026-05-14 15:25:00,1949.4,1952.0,1948.9,1950.0,39276.0
2026-05-15 09:15:00,1959.7,1959.7,1939.8,1940.0,17294.0
2026-05-15 09:20:00,1939.1,1943.9,1933.9,1935.0,10095.0
2026-05-15 09:25:00,1935.4,1935.4,1927.0,1930.0,9341.0
2026-05-15 09:30:00,1930.8,1930.8,1921.9,1924.9,15088.0
2026-05-15 09:35:00,1923.6,1929.9,1922.5,1928.5,14565.0
2026-05-15 09:40:00,1929.3,1932.8,1925.3,1931.2,7254.0
2026-05-15 09:45:00,1931.1,1939.6,1931.1,1933.1,6997.0
2026-05-15 09:50:00,1933.2,1939.4,1930.6,1931.7,7216.0
2026-05-15 09:55:00,1931.7,1934.4,1930.3,1933.1,3119.0
2026-05-15 10:00:00,1933.2,1934.6,1931.0,1932.5,3112.0
2026-05-15 10:05:00,1933.6,1937.0,1930.6,1934.3,13299.0
2026-05-15 10:10:00,1934.3,1935.9,1933.0,1933.6,4215.0
2026-05-15 10:15:00,1933.7,1934.6,1930.5,1933.2,4782.0
2026-05-15 10:20:00,1934.0,1937.0,1933.0,1937.0,1649.0
2026-05-15 10:25:00,1937.0,1939.0,1935.9,1936.8,1685.0
2026-05-15 10:30:00,1937.5,1939.8,1935.8,1937.8,3138.0
2026-05-15 10:35:00,1937.4,1940.7,1937.3,1940.1,2425.0
2026-05-15 10:40:00,1939.2,1942.2,1939.1,1940.2,1925.0
2026-05-15 10:45:00,1939.6,1941.1,1938.4,1940.0,1770.0
2026-05-15 10:50:00,1940.0,1941.9,1939.3,1941.0,1843.0
2026-05-15 10:55:00,1941.6,1944.4,1938.8,1943.0,4292.0
2026-05-15 11:00:00,1942.4,1942.8,1939.5,1940.1,3979.0
2026-05-15 11:05:00,1940.1,1940.1,1931.0,1933.0,13492.0
2026-05-15 11:10:00,1933.8,1935.7,1931.0,1931.6,3504.0
2026-05-15 11:15:00,1931.6,1932.0,1925.0,1928.8,5498.0
2026-05-15 11:20:00,1930.1,1931.0,1927.5,1930.4,1718.0
2026-05-15 11:25:00,1929.2,1930.8,1925.1,1926.8,2692.0
2026-05-15 11:30:00,1926.4,1926.5,1922.6,1924.6,5312.0
2026-05-15 11:35:00,1924.6,1925.4,1920.6,1924.6,4954.0
2026-05-15 11:40:00,1925.0,1925.4,1922.2,1924.1,2859.0
2026-05-15 11:45:00,1923.8,1930.7,1922.8,1929.2,1977.0
2026-05-15 11:50:00,1930.0,1932.8,1929.2,1930.8,2249.0
2026-05-15 11:55:00,1930.8,1932.7,1929.9,1932.7,1957.0
2026-05-15 12:00:00,1932.1,1937.7,1931.7,1936.6,3349.0
2026-05-15 12:05:00,1937.1,1942.1,1937.1,1939.8,4572.0
2026-05-15 12:10:00,1939.1,1939.9,1938.1,1938.5,2073.0
2026-05-15 12:15:00,1938.3,1941.1,1927.0,1927.1,8845.0
2026-05-15 12:20:00,1927.6,1928.2,1921.5,1921.7,9391.0
2026-05-15 12:25:00,1921.7,1925.3,1920.4,1922.3,12910.0
2026-05-15 12:30:00,1921.6,1924.2,1920.8,1924.2,2715.0
2026-05-15 12:35:00,1924.2,1930.9,1923.4,1930.6,4648.0
2026-05-15 12:40:00,1930.3,1937.1,1930.3,1935.6,3318.0
2026-05-15 12:45:00,1936.1,1937.9,1935.2,1937.0,2615.0
2026-05-15 12:50:00,1936.7,1940.0,1935.6,1937.2,5661.0
2026-05-15 12:55:00,1936.9,1938.4,1936.0,1936.1,1622.0
2026-05-15 13:00:00,1936.6,1937.3,1929.6,1930.5,16875.0
2026-05-15 13:05:00,1930.5,1931.6,1928.0,1929.5,1359.0
2026-05-15 13:10:00,1928.7,1929.8,1926.7,1927.8,1687.0
2026-05-15 13:15:00,1927.6,1928.8,1926.7,1927.7,1526.0
2026-05-15 13:20:00,1927.0,1930.7,1926.3,1930.7,924.0
2026-05-15 13:25:00,1930.6,1930.6,1918.6,1920.0,11398.0
2026-05-15 13:30:00,1920.1,1922.2,1918.8,1921.9,47849.0
2026-05-15 13:35:00,1921.8,1922.8,1912.7,1915.9,18820.0
2026-05-15 13:40:00,1915.9,1917.8,1914.1,1917.8,3300.0
2026-05-15 13:45:00,1917.9,1919.8,1916.7,1919.5,9903.0
2026-05-15 13:50:00,1919.4,1920.0,1915.0,1919.5,8570.0
2026-05-15 13:55:00,1919.5,1919.9,1915.4,1918.8,5742.0
2026-05-15 14:00:00,1918.7,1918.9,1913.6,1913.9,4558.0
2026-05-15 14:05:00,1913.9,1917.4,1913.5,1915.0,38051.0
2026-05-15 14:10:00,1915.0,1918.9,1913.9,1916.0,31421.0
2026-05-15 14:15:00,1917.0,1917.4,1913.0,1915.0,8840.0
2026-05-15 14:20:00,1915.0,1916.5,1914.2,1915.5,15166.0
2026-05-15 14:25:00,1915.5,1915.7,1913.5,1915.5,11532.0
2026-05-15 14:30:00,1915.9,1917.6,1913.1,1915.3,12769.0
2026-05-15 14:35:00,1915.3,1919.7,1913.1,1914.0,16035.0
2026-05-15 14:40:00,1913.6,1915.0,1912.7,1913.0,9438.0
2026-05-15 14:45:00,1913.0,1913.0,1906.0,1907.2,21719.0
2026-05-15 14:50:00,1908.0,1909.7,1905.3,1907.0,8332.0
2026-05-15 14:55:00,1907.8,1912.8,1905.1,1910.0,17310.0
2026-05-15 15:00:00,1909.1,1917.6,1907.2,1914.5,58776.0
2026-05-15 15:05:00,1914.7,1915.0,1912.4,1913.2,21194.0
2026-05-15 15:10:00,1913.9,1915.6,1909.0,1909.3,71119.0
2026-05-15 15:15:00,1909.6,1916.0,1906.0,1916.0,43932.0
2026-05-15 15:20:00,1916.0,1917.3,1913.5,1915.3,28721.0
2026-05-15 15:25:00,1915.1,1924.0,1914.4,1920.0,26486.0
2026-05-18 09:15:00,1910.0,1910.0,1881.0,1892.3,35081.0
2026-05-18 09:20:00,1893.6,1895.4,1884.7,1885.6,10771.0
2026-05-18 09:25:00,1885.5,1886.4,1870.9,1872.6,14817.0
2026-05-18 09:30:00,1873.0,1883.2,1872.4,1882.9,8316.0
2026-05-18 09:35:00,1882.5,1888.7,1881.4,1883.2,8599.0
2026-05-18 09:40:00,1883.2,1883.2,1874.2,1874.2,12861.0
2026-05-18 09:45:00,1874.3,1879.5,1872.0,1877.3,7261.0
2026-05-18 09:50:00,1876.5,1877.6,1865.4,1866.0,5513.0
2026-05-18 09:55:00,1867.2,1871.8,1866.7,1871.8,7024.0
2026-05-18 10:00:00,1871.8,1873.9,1869.4,1871.0,3088.0
2026-05-18 10:05:00,1872.0,1873.3,1869.4,1872.0,3075.0
2026-05-18 10:10:00,1871.6,1874.0,1870.5,1874.0,2775.0
2026-05-18 10:15:00,1874.0,1879.5,1873.0,1878.6,4593.0
2026-05-18 10:20:00,1878.0,1880.9,1873.9,1877.4,5578.0
2026-05-18 10:25:00,1877.0,1877.4,1875.0,1875.7,2227.0
2026-05-18 10:30:00,1875.6,1879.4,1870.1,1879.3,3358.0
2026-05-18 10:35:00,1878.3,1880.7,1877.2,1877.8,3762.0
2026-05-18 10:40:00,1877.9,1878.8,1873.4,1874.8,2127.0
2026-05-18 10:45:00,1875.2,1875.2,1870.1,1871.4,3390.0
2026-05-18 10:50:00,1871.1,1875.4,1869.2,1875.4,1953.0
2026-05-18 10:55:00,1875.4,1878.5,1874.1,1875.3,4520.0
2026-05-18 11:00:00,1876.0,1881.3,1875.1,1879.1,7219.0
2026-05-18 11:05:00,1879.6,1881.0,1876.9,1881.0,1530.0
2026-05-18 11:10:00,1881.1,1881.3,1877.8,1878.6,2812.0
2026-05-18 11:15:00,1878.6,1880.5,1876.4,1878.8,1839.0
2026-05-18 11:20:00,1879.4,1882.5,1876.5,1882.5,3941.0
2026-05-18 11:25:00,1881.4,1882.6,1876.9,1881.2,2052.0
2026-05-18 11:30:00,1880.7,1887.6,1880.0,1885.0,6738.0
2026-05-18 11:35:00,1884.8,1890.0,1884.1,1886.2,7268.0
2026-05-18 11:40:00,1886.7,1887.0,1880.7,1880.9,3417.0
2026-05-18 11:45:00,1881.8,1881.9,1876.9,1879.0,2238.0
2026-05-18 11:50:00,1879.0,1879.4,1870.3,1871.2,16494.0
2026-05-18 11:55:00,1871.4,1873.8,1870.4,1870.4,4227.0
2026-05-18 12:00:00,1871.3,1873.2,1870.2,1872.4,1424.0
2026-05-18 12:05:00,1872.1,1877.0,1872.0,1873.6,3347.0
2026-05-18 12:10:00,1873.3,1880.0,1873.3,1878.3,1819.0
2026-05-18 12:15:00,1878.4,1878.7,1874.0,1875.0,4158.0
2026-05-18 12:20:00,1875.0,1876.1,1874.0,1875.9,3557.0
2026-05-18 12:25:00,1876.0,1876.0,1873.0,1874.1,1981.0
2026-05-18 12:30:00,1874.1,1875.9,1870.8,1873.7,6827.0
2026-05-18 12:35:00,1874.3,1875.4,1873.2,1875.0,6792.0
2026-05-18 12:40:00,1874.5,1875.0,1870.0,1871.7,4836.0
2026-05-18 12:45:00,1870.5,1871.9,1869.2,1869.8,25117.0
2026-05-18 12:50:00,1869.1,1870.4,1868.6,1868.9,11684.0
2026-05-18 12:55:00,1869.7,1880.0,1869.6,1879.9,6428.0
2026-05-18 13:00:00,1880.0,1886.0,1880.0,1885.2,3679.0
2026-05-18 13:05:00,1885.5,1885.9,1882.6,1885.4,3876.0
2026-05-18 13:10:00,1885.4,1885.7,1880.3,1883.6,2412.0
2026-05-18 13:15:00,1883.6,1885.6,1883.6,1884.5,1660.0
2026-05-18 13:20:00,1883.8,1886.0,1881.9,1886.0,1487.0
2026-05-18 13:25:00,1886.0,1887.0,1883.4,1886.0,1630.0
2026-05-18 13:30:00,1886.0,1887.6,1884.4,1886.2,2045.0
2026-05-18 13:35:00,1886.2,1886.4,1882.4,1885.9,1786.0
2026-05-18 13:40:00,1882.8,1888.9,1882.4,1886.7,4867.0
2026-05-18 13:45:00,1887.6,1888.1,1884.9,1887.6,2044.0
2026-05-18 13:50:00,1887.6,1889.7,1883.7,1883.7,3136.0
2026-05-18 13:55:00,1884.3,1886.3,1880.5,1883.2,1805.0
2026-05-18 14:00:00,1883.2,1883.9,1880.6,1882.7,6659.0
2026-05-18 14:05:00,1882.4,1883.3,1876.7,1881.1,1987.0
2026-05-18 14:10:00,1881.1,1884.6,1880.1,1882.5,1777.0
2026-05-18 14:15:00,1883.0,1884.5,1880.1,1882.8,2736.0
2026-05-18 14:20:00,1882.9,1884.4,1882.1,1882.6,2638.0
2026-05-18 14:25:00,1881.6,1885.9,1881.5,1885.3,5114.0
2026-05-18 14:30:00,1884.8,1885.5,1882.8,1883.2,6832.0
2026-05-18 14:35:00,1882.1,1885.9,1882.1,1884.0,7490.0
2026-05-18 14:40:00,1884.0,1888.5,1883.8,1887.6,4783.0
2026-05-18 14:45:00,1887.6,1887.6,1882.8,1882.8,2394.0
2026-05-18 14:50:00,1882.8,1883.7,1882.0,1882.6,2100.0
2026-05-18 14:55:00,1883.1,1883.1,1880.2,1880.8,2676.0
2026-05-18 15:00:00,1881.2,1896.0,1881.2,1894.6,23281.0
2026-05-18 15:05:00,1894.6,1896.4,1887.3,1888.4,14899.0
2026-05-18 15:10:00,1889.2,1891.0,1888.1,1889.9,13424.0
2026-05-18 15:15:00,1890.0,1892.4,1887.8,1890.8,15856.0
2026-05-18 15:20:00,1890.3,1892.3,1890.2,1891.7,21808.0
2026-05-18 15:25:00,1891.8,1892.3,1885.1,1886.0,15000.0
2026-05-19 09:15:00,1885.0,1897.0,1885.0,1889.8,12838.0
2026-05-19 09:20:00,1891.3,1892.5,1883.1,1884.0,9670.0
2026-05-19 09:25:00,1883.3,1890.3,1883.0,1887.4,5468.0
2026-05-19 09:30:00,1887.1,1888.1,1879.0,1879.9,5427.0
2026-05-19 09:35:00,1879.0,1881.3,1875.0,1881.1,6626.0
2026-05-19 09:40:00,1881.2,1894.7,1881.2,1893.3,7051.0
2026-05-19 09:45:00,1893.1,1902.8,1893.1,1894.2,15380.0
2026-05-19 09:50:00,1894.0,1897.4,1891.9,1895.3,3559.0
2026-05-19 09:55:00,1894.6,1895.3,1885.2,1885.9,9147.0
2026-05-19 10:00:00,1885.8,1886.4,1878.2,1878.2,6851.0
2026-05-19 10:05:00,1878.5,1880.2,1876.7,1879.2,8310.0
2026-05-19 10:10:00,1878.9,1884.9,1878.6,1881.6,5335.0
2026-05-19 10:15:00,1881.6,1882.7,1875.7,1875.7,4370.0
2026-05-19 10:20:00,1876.2,1878.4,1874.5,1875.5,5987.0
2026-05-19 10:25:00,1875.5,1880.1,1875.5,1877.9,6944.0
2026-05-19 10:30:00,1878.2,1882.2,1877.4,1880.0,7248.0
2026-05-19 10:35:00,1880.0,1881.5,1879.4,1881.0,3380.0
2026-05-19 10:40:00,1881.0,1882.7,1879.2,1880.7,3522.0
2026-05-19 10:45:00,1880.7,1882.7,1880.5,1882.4,2990.0
2026-05-19 10:50:00,1881.2,1884.1,1881.2,1882.4,4843.0
2026-05-19 10:55:00,1882.4,1885.6,1881.5,1883.6,7151.0
2026-05-19 11:00:00,1883.2,1885.1,1880.4,1882.0,4172.0
2026-05-19 11:05:00,1882.3,1884.0,1880.9,1882.0,1550.0
2026-05-19 11:10:00,1882.0,1883.7,1882.0,1882.0,1243.0
2026-05-19 11:15:00,1882.0,1882.9,1875.4,1877.0,27441.0
2026-05-19 11:20:00,1876.9,1880.0,1876.0,1879.3,3652.0
2026-05-19 11:25:00,1879.3,1884.9,1878.7,1882.7,8934.0
2026-05-19 11:30:00,1882.6,1883.7,1877.2,1878.6,4097.0
2026-05-19 11:35:00,1878.8,1879.5,1877.4,1877.8,3255.0
2026-05-19 11:40:00,1877.8,1880.9,1877.8,1880.0,24875.0
2026-05-19 11:45:00,1880.0,1884.3,1878.7,1884.0,36377.0
2026-05-19 11:50:00,1884.2,1885.0,1877.9,1879.7,16894.0
2026-05-19 11:55:00,1879.3,1879.8,1877.8,1878.4,4255.0
2026-05-19 12:00:00,1878.1,1882.0,1876.6,1878.2,81553.0
2026-05-19 12:05:00,1878.2,1883.4,1878.0,1881.6,87314.0
2026-05-19 12:10:00,1880.6,1888.9,1880.6,1888.0,28677.0
2026-05-19 12:15:00,1888.1,1888.5,1884.3,1886.3,18695.0
2026-05-19 12:20:00,1886.3,1888.0,1881.9,1882.6,8323.0
2026-05-19 12:25:00,1882.6,1885.9,1880.8,1885.5,21178.0
2026-05-19 12:30:00,1885.1,1890.9,1881.7,1885.1,50436.0
2026-05-19 12:35:00,1884.6,1885.6,1881.7,1882.0,11124.0
2026-05-19 12:40:00,1882.0,1883.2,1880.0,1880.0,7838.0
2026-05-19 12:45:00,1878.3,1880.2,1877.4,1877.4,8730.0
2026-05-19 12:50:00,1877.0,1877.3,1876.0,1876.8,3292.0
2026-05-19 12:55:00,1876.7,1878.9,1876.7,1878.4,4061.0
2026-05-19 13:00:00,1878.0,1878.4,1875.0,1877.0,10622.0
2026-05-19 13:05:00,1876.1,1877.3,1875.3,1876.8,4285.0
2026-05-19 13:10:00,1876.1,1876.9,1872.7,1873.8,7645.0
2026-05-19 13:15:00,1874.0,1878.9,1873.2,1878.5,4284.0
2026-05-19 13:20:00,1878.5,1881.3,1877.0,1881.0,6870.0
2026-05-19 13:25:00,1880.4,1883.1,1880.4,1883.1,2316.0
2026-05-19 13:30:00,1882.7,1887.0,1882.7,1887.0,9364.0
2026-05-19 13:35:00,1886.9,1887.0,1876.9,1881.1,5995.0
2026-05-19 13:40:00,1880.4,1882.3,1880.1,1881.1,3186.0
2026-05-19 13:45:00,1881.0,1885.9,1881.0,1884.9,4375.0
2026-05-19 13:50:00,1884.6,1885.0,1881.5,1881.8,2919.0
2026-05-19 13:55:00,1881.5,1882.9,1880.1,1882.9,3230.0
2026-05-19 14:00:00,1882.1,1886.5,1882.1,1886.5,2412.0
2026-05-19 14:05:00,1886.5,1887.0,1883.8,1884.8,4248.0
2026-05-19 14:10:00,1884.2,1884.9,1882.0,1883.7,2580.0
2026-05-19 14:15:00,1883.4,1885.1,1882.8,1883.5,5281.0
2026-05-19 14:20:00,1883.5,1884.0,1881.1,1882.0,2857.0
2026-05-19 14:25:00,1881.2,1882.9,1881.2,1882.0,1989.0
2026-05-19 14:30:00,1882.0,1883.6,1881.3,1882.0,1739.0
2026-05-19 14:35:00,1882.0,1882.5,1878.2,1879.8,6102.0
2026-05-19 14:40:00,1879.8,1880.4,1877.0,1877.7,5060.0
2026-05-19 14:45:00,1877.7,1878.8,1872.4,1875.2,7988.0
2026-05-19 14:50:00,1874.4,1877.8,1873.9,1874.7,5669.0
2026-05-19 14:55:00,1874.2,1875.6,1866.2,1868.7,23968.0
2026-05-19 15:00:00,1868.0,1868.7,1863.0,1863.0,28035.0
2026-05-19 15:05:00,1863.6,1867.5,1861.0,1864.8,31458.0
2026-05-19 15:10:00,1865.0,1865.2,1861.6,1864.6,17398.0
2026-05-19 15:15:00,1864.5,1864.7,1853.5,1854.7,52350.0
2026-05-19 15:20:00,1854.8,1855.5,1850.5,1853.6,72032.0
2026-05-19 15:25:00,1853.6,1855.0,1848.0,1848.3,73321.0
2026-05-20 09:15:00,1845.0,1845.0,1827.6,1832.1,23677.0
2026-05-20 09:20:00,1831.6,1838.7,1828.3,1836.7,15100.0
2026-05-20 09:25:00,1836.7,1843.2,1835.9,1837.1,12494.0
2026-05-20 09:30:00,1837.0,1843.4,1833.4,1843.1,9855.0
2026-05-20 09:35:00,1840.6,1848.3,1840.6,1848.0,13806.0
2026-05-20 09:40:00,1848.3,1848.7,1845.1,1848.2,8767.0
2026-05-20 09:45:00,1848.0,1851.1,1847.6,1850.8,8378.0
2026-05-20 09:50:00,1850.1,1852.3,1848.0,1848.0,7931.0
2026-05-20 09:55:00,1848.5,1850.2,1848.1,1849.5,3572.0
2026-05-20 10:00:00,1849.3,1854.0,1849.1,1851.7,6378.0
2026-05-20 10:05:00,1851.1,1854.0,1850.0,1854.0,4810.0
2026-05-20 10:10:00,1853.8,1863.0,1853.8,1859.6,8785.0
2026-05-20 10:15:00,1858.6,1868.8,1858.0,1867.6,9269.0
2026-05-20 10:20:00,1867.6,1871.9,1863.6,1864.5,9314.0
2026-05-20 10:25:00,1865.0,1866.3,1861.2,1866.3,6071.0
2026-05-20 10:30:00,1866.7,1878.0,1866.7,1874.8,15098.0
2026-05-20 10:35:00,1874.8,1882.3,1874.7,1880.5,13692.0
2026-05-20 10:40:00,1880.0,1880.4,1876.0,1876.8,8921.0
2026-05-20 10:45:00,1876.0,1882.0,1876.0,1881.0,10963.0
2026-05-20 10:50:00,1881.5,1891.0,1881.3,1887.4,16424.0
2026-05-20 10:55:00,1888.5,1892.9,1887.9,1892.0,10633.0
2026-05-20 11:00:00,1892.1,1895.5,1892.1,1893.7,6580.0
2026-05-20 11:05:00,1893.7,1895.0,1890.1,1891.2,4389.0
2026-05-20 11:10:00,1892.0,1895.0,1891.1,1893.4,4201.0
2026-05-20 11:15:00,1893.4,1897.0,1892.5,1894.2,12378.0
2026-05-20 11:20:00,1893.8,1899.0,1893.7,1898.5,8045.0
2026-05-20 11:25:00,1898.5,1905.7,1897.5,1898.0,20413.0
2026-05-20 11:30:00,1897.8,1900.9,1896.0,1900.2,11862.0
2026-05-20 11:35:00,1900.6,1901.3,1896.1,1896.1,11859.0
2026-05-20 11:40:00,1895.5,1896.3,1888.6,1889.1,13736.0
2026-05-20 11:45:00,1889.5,1891.3,1888.5,1890.5,5394.0
2026-05-20 11:50:00,1890.5,1894.4,1890.5,1894.3,8390.0
2026-05-20 11:55:00,1894.3,1897.1,1893.0,1894.2,7117.0
2026-05-20 12:00:00,1894.0,1894.6,1890.8,1891.6,3326.0
2026-05-20 12:05:00,1892.2,1892.2,1889.9,1890.6,4619.0
2026-05-20 12:10:00,1890.7,1891.0,1888.0,1890.0,6201.0
2026-05-20 12:15:00,1890.3,1892.4,1888.9,1890.6,7446.0
2026-05-20 12:20:00,1890.8,1891.9,1890.0,1891.1,2793.0
2026-05-20 12:25:00,1891.4,1894.0,1890.6,1892.1,6042.0
2026-05-20 12:30:00,1892.8,1894.1,1882.2,1882.6,37032.0
2026-05-20 12:35:00,1882.5,1884.6,1877.0,1881.9,47856.0
2026-05-20 12:40:00,1881.9,1884.1,1869.1,1869.7,52656.0
2026-05-20 12:45:00,1869.5,1870.3,1865.2,1870.3,38813.0
2026-05-20 12:50:00,1869.4,1876.1,1869.4,1875.4,27072.0
2026-05-20 12:55:00,1875.6,1882.0,1875.0,1881.0,13973.0
2026-05-20 13:00:00,1881.0,1886.9,1877.9,1879.1,45870.0
2026-05-20 13:05:00,1879.0,1879.4,1874.8,1876.0,13482.0
2026-05-20 13:10:00,1875.8,1878.8,1875.7,1876.1,5946.0
2026-05-20 13:15:00,1876.9,1878.4,1876.3,1877.9,5048.0
2026-05-20 13:20:00,1877.7,1878.8,1876.9,1877.3,2873.0
2026-05-20 13:25:00,1877.0,1878.8,1875.2,1876.1,4678.0
2026-05-20 13:30:00,1875.6,1877.8,1875.0,1877.8,5112.0
2026-05-20 13:35:00,1878.2,1880.8,1876.2,1877.9,11061.0
2026-05-20 13:40:00,1878.4,1878.9,1876.7,1877.1,3339.0
2026-05-20 13:45:00,1877.3,1878.1,1875.3,1875.9,2473.0
2026-05-20 13:50:00,1876.0,1878.5,1874.0,1874.2,5290.0
2026-05-20 13:55:00,1874.6,1877.4,1874.0,1876.9,4869.0
2026-05-20 14:00:00,1877.9,1879.0,1876.0,1876.8,6417.0
2026-05-20 14:05:00,1876.8,1879.0,1876.5,1878.2,16189.0
2026-05-20 14:10:00,1878.8,1879.0,1877.0,1877.5,4813.0
2026-05-20 14:15:00,1877.5,1878.6,1876.5,1876.7,3986.0
2026-05-20 14:20:00,1877.0,1882.6,1876.5,1878.2,18227.0
2026-05-20 14:25:00,1878.7,1880.9,1876.8,1878.8,12405.0
2026-05-20 14:30:00,1879.6,1884.5,1879.1,1883.3,11937.0
2026-05-20 14:35:00,1883.7,1889.4,1883.4,1889.1,11564.0
2026-05-20 14:40:00,1889.2,1892.1,1889.0,1891.6,10212.0
2026-05-20 14:45:00,1891.5,1893.7,1891.5,1893.4,12836.0
2026-05-20 14:50:00,1893.2,1893.4,1891.7,1892.3,7950.0
2026-05-20 14:55:00,1892.3,1893.6,1891.3,1891.4,6570.0
2026-05-20 15:00:00,1891.4,1893.0,1882.7,1883.8,25258.0
2026-05-20 15:05:00,1882.9,1889.6,1882.1,1889.6,18443.0
2026-05-20 15:10:00,1889.6,1891.1,1887.6,1888.6,21047.0
2026-05-20 15:15:00,1888.6,1892.1,1888.2,1889.4,21010.0
2026-05-20 15:20:00,1890.7,1890.8,1886.2,1887.3,27604.0
2026-05-20 15:25:00,1887.8,1897.0,1885.8,1895.0,18614.0
2026-05-21 09:15:00,1902.0,1913.1,1893.8,1907.7,23809.0
2026-05-21 09:20:00,1909.2,1931.0,1908.8,1925.3,39168.0
2026-05-21 09:25:00,1925.3,1931.9,1916.5,1916.6,36387.0
2026-05-21 09:30:00,1917.5,1918.9,1911.6,1914.9,13773.0
2026-05-21 09:35:00,1914.9,1919.5,1914.3,1919.0,5268.0
2026-05-21 09:40:00,1919.2,1922.4,1915.9,1917.7,23551.0
2026-05-21 09:45:00,1917.7,1917.7,1910.9,1911.2,5007.0
2026-05-21 09:50:00,1911.0,1918.6,1908.8,1917.3,11069.0
2026-05-21 09:55:00,1918.0,1918.0,1913.9,1914.0,6813.0
2026-05-21 10:00:00,1913.0,1915.0,1910.4,1910.8,7233.0
2026-05-21 10:05:00,1910.4,1911.5,1904.1,1905.6,10761.0
2026-05-21 10:10:00,1906.6,1909.4,1906.0,1909.4,3716.0
2026-05-21 10:15:00,1909.6,1913.4,1909.6,1913.2,2993.0
2026-05-21 10:20:00,1912.5,1913.8,1912.4,1913.3,1648.0
2026-05-21 10:25:00,1913.3,1916.8,1912.6,1915.0,5905.0
2026-05-21 10:30:00,1914.4,1915.4,1910.9,1912.2,2861.0
2026-05-21 10:35:00,1912.9,1914.0,1910.4,1911.3,2042.0
2026-05-21 10:40:00,1912.0,1918.1,1912.0,1918.1,3438.0
2026-05-21 10:45:00,1918.2,1918.6,1915.6,1917.5,3731.0
2026-05-21 10:50:00,1917.7,1923.0,1917.1,1920.1,12299.0
2026-05-21 10:55:00,1920.6,1920.6,1917.4,1918.0,1560.0
2026-05-21 11:00:00,1916.9,1916.9,1909.5,1910.8,28409.0
2026-05-21 11:05:00,1910.8,1913.4,1910.1,1912.0,2919.0
2026-05-21 11:10:00,1912.0,1913.1,1909.8,1909.8,3201.0
2026-05-21 11:15:00,1909.0,1909.4,1901.5,1903.5,7959.0
2026-05-21 11:20:00,1903.6,1908.5,1903.6,1908.2,2947.0
2026-05-21 11:25:00,1908.0,1910.4,1907.3,1908.8,7449.0
2026-05-21 11:30:00,1908.8,1908.8,1907.0,1907.8,1998.0
2026-05-21 11:35:00,1907.8,1909.3,1907.8,1909.1,3443.0
2026-05-21 11:40:00,1909.0,1913.0,1905.9,1907.4,16049.0
2026-05-21 11:45:00,1907.4,1912.0,1907.4,1908.4,4617.0
2026-05-21 11:50:00,1908.4,1911.4,1907.0,1907.0,3347.0
2026-05-21 11:55:00,1907.2,1907.2,1903.8,1905.9,1382.0
2026-05-21 12:00:00,1905.7,1908.0,1905.2,1907.0,1417.0
2026-05-21 12:05:00,1906.7,1909.8,1906.4,1907.6,2350.0
2026-05-21 12:10:00,1907.6,1907.6,1905.2,1905.3,1145.0
2026-05-21 12:15:00,1906.0,1907.0,1904.7,1905.7,2206.0
2026-05-21 12:20:00,1905.7,1907.0,1904.9,1906.3,1799.0
2026-05-21 12:25:00,1906.3,1906.3,1899.6,1903.8,5462.0
2026-05-21 12:30:00,1903.5,1905.8,1902.0,1905.6,2860.0
2026-05-21 12:35:00,1905.6,1907.9,1901.5,1902.1,4146.0
2026-05-21 12:40:00,1902.7,1902.7,1898.0,1898.4,2018.0
2026-05-21 12:45:00,1898.8,1898.8,1896.1,1897.3,2621.0
2026-05-21 12:50:00,1898.1,1899.4,1897.3,1898.8,1720.0
2026-05-21 12:55:00,1896.9,1897.9,1895.0,1897.9,9505.0
2026-05-21 13:00:00,1896.0,1900.5,1894.6,1900.1,5173.0
2026-05-21 13:05:00,1900.1,1903.0,1900.0,1902.5,1926.0
2026-05-21 13:10:00,1902.6,1902.6,1898.3,1899.5,7748.0
2026-05-21 13:15:00,1900.0,1904.8,1896.3,1897.4,6792.0
2026-05-21 13:20:00,1897.4,1899.8,1897.0,1897.5,1375.0
2026-05-21 13:25:00,1897.8,1899.8,1897.6,1899.2,1793.0
2026-05-21 13:30:00,1899.2,1900.2,1898.2,1899.3,8458.0
2026-05-21 13:35:00,1899.3,1904.8,1899.1,1903.8,17413.0
2026-05-21 13:40:00,1904.0,1907.1,1903.8,1906.7,2381.0
2026-05-21 13:45:00,1907.1,1908.1,1903.7,1903.7,6456.0
2026-05-21 13:50:00,1903.0,1904.4,1901.8,1904.0,2326.0
2026-05-21 13:55:00,1904.0,1904.1,1898.0,1904.0,12729.0
2026-05-21 14:00:00,1903.8,1904.5,1902.3,1904.5,3477.0
2026-05-21 14:05:00,1904.5,1904.5,1901.8,1902.4,2714.0
2026-05-21 14:10:00,1902.2,1903.6,1901.2,1902.6,2326.0
2026-05-21 14:15:00,1901.9,1904.1,1901.0,1901.8,5030.0
2026-05-21 14:20:00,1902.7,1902.7,1897.0,1899.2,15107.0
2026-05-21 14:25:00,1898.2,1900.0,1892.2,1894.9,13052.0
2026-05-21 14:30:00,1894.9,1898.8,1894.9,1897.3,3093.0
2026-05-21 14:35:00,1897.3,1898.5,1893.5,1895.1,3379.0
2026-05-21 14:40:00,1894.5,1899.8,1893.8,1896.6,3887.0
2026-05-21 14:45:00,1895.9,1899.4,1895.5,1895.5,5094.0
2026-05-21 14:50:00,1896.3,1898.0,1894.4,1894.7,5129.0
2026-05-21 14:55:00,1894.9,1896.9,1894.9,1896.4,5983.0
2026-05-21 15:00:00,1895.8,1900.0,1895.2,1896.8,15386.0
2026-05-21 15:05:00,1896.8,1899.0,1895.9,1896.4,10512.0
2026-05-21 15:10:00,1895.9,1900.0,1895.9,1898.8,15423.0
2026-05-21 15:15:00,1898.8,1900.0,1896.1,1900.0,20203.0
2026-05-21 15:20:00,1899.9,1902.0,1898.5,1899.8,20531.0
2026-05-21 15:25:00,1899.1,1900.0,1895.0,1895.0,19205.0
2026-05-22 09:15:00,1900.0,1915.2,1899.0,1909.9,17385.0
2026-05-22 09:20:00,1909.9,1913.9,1906.5,1912.4,9644.0
2026-05-22 09:25:00,1912.4,1914.0,1904.2,1907.2,10033.0
2026-05-22 09:30:00,1906.4,1910.8,1905.5,1910.8,11247.0
2026-05-22 09:35:00,1911.0,1916.9,1909.6,1913.5,8069.0
2026-05-22 09:40:00,1913.3,1913.3,1906.3,1908.1,6812.0
2026-05-22 09:45:00,1908.1,1911.1,1904.7,1905.0,4795.0
2026-05-22 09:50:00,1904.4,1909.4,1904.4,1907.8,2374.0
2026-05-22 09:55:00,1907.4,1909.0,1905.0,1906.8,5675.0
2026-05-22 10:00:00,1905.8,1907.7,1905.5,1906.1,2897.0
2026-05-22 10:05:00,1906.0,1907.7,1901.6,1905.0,7014.0
2026-05-22 10:10:00,1905.0,1907.0,1905.0,1906.0,1740.0
2026-05-22 10:15:00,1906.0,1906.7,1902.8,1905.5,3794.0
2026-05-22 10:20:00,1905.5,1910.0,1904.8,1906.5,2109.0
2026-05-22 10:25:00,1906.4,1908.0,1906.2,1906.7,2056.0
2026-05-22 10:30:00,1907.0,1908.0,1905.5,1907.1,3169.0
2026-05-22 10:35:00,1907.1,1908.4,1906.0,1907.3,2045.0
2026-05-22 10:40:00,1907.7,1909.2,1906.8,1908.9,1651.0
2026-05-22 10:45:00,1909.5,1910.0,1907.7,1908.4,2870.0
2026-05-22 10:50:00,1907.1,1909.0,1901.9,1904.1,17897.0
2026-05-22 10:55:00,1904.0,1908.4,1902.9,1906.7,18598.0
2026-05-22 11:00:00,1906.4,1907.2,1902.9,1902.9,3165.0
2026-05-22 11:05:00,1902.1,1903.2,1900.5,1902.9,6186.0
2026-05-22 11:10:00,1902.9,1902.9,1900.4,1902.0,3641.0
2026-05-22 11:15:00,1902.0,1904.0,1901.8,1903.6,4210.0
2026-05-22 11:20:00,1903.6,1904.2,1901.8,1903.2,9915.0
2026-05-22 11:25:00,1903.2,1903.2,1900.5,1902.6,1914.0
2026-05-22 11:30:00,1902.8,1903.2,1900.7,1901.3,3250.0
2026-05-22 11:35:00,1901.3,1905.7,1900.7,1905.7,10601.0
2026-05-22 11:40:00,1906.3,1907.9,1905.6,1907.9,3012.0
2026-05-22 11:45:00,1908.0,1909.5,1907.5,1909.5,3563.0
2026-05-22 11:50:00,1909.5,1909.9,1907.9,1909.5,3085.0
2026-05-22 11:55:00,1909.5,1914.2,1908.9,1910.9,8634.0
2026-05-22 12:00:00,1911.9,1912.3,1908.3,1909.9,4590.0
2026-05-22 12:05:00,1909.2,1910.0,1908.7,1909.1,2329.0
2026-05-22 12:10:00,1909.0,1909.6,1907.7,1908.6,2031.0
2026-05-22 12:15:00,1908.8,1913.4,1908.6,1909.6,18733.0
2026-05-22 12:20:00,1909.6,1909.6,1906.0,1906.7,2847.0
2026-05-22 12:25:00,1906.2,1908.6,1906.2,1908.6,1381.0
2026-05-22 12:30:00,1908.2,1909.8,1907.8,1909.8,2143.0
2026-05-22 12:35:00,1909.8,1909.9,1909.0,1909.8,1359.0
2026-05-22 12:40:00,1909.8,1909.9,1909.0,1909.8,1517.0
2026-05-22 12:45:00,1909.8,1909.9,1908.9,1909.9,1871.0
2026-05-22 12:50:00,1909.7,1912.0,1908.1,1910.3,17850.0
2026-05-22 12:55:00,1911.8,1912.3,1910.8,1911.3,1726.0
2026-05-22 13:00:00,1912.0,1916.9,1911.1,1914.9,16916.0
2026-05-22 13:05:00,1914.3,1914.3,1907.9,1910.0,7215.0
2026-05-22 13:10:00,1909.4,1910.5,1906.0,1908.8,27954.0
2026-05-22 13:15:00,1908.8,1910.4,1906.2,1906.2,12294.0
2026-05-22 13:20:00,1906.0,1907.0,1904.1,1907.0,22451.0
2026-05-22 13:25:00,1907.0,1909.7,1905.4,1909.7,5543.0
2026-05-22 13:30:00,1909.0,1909.7,1904.0,1905.0,16566.0
2026-05-22 13:35:00,1905.0,1907.6,1904.7,1907.1,14784.0
2026-05-22 13:40:00,1907.0,1907.6,1905.0,1906.4,2777.0
2026-05-22 13:45:00,1906.8,1908.3,1906.7,1907.2,2236.0
2026-05-22 13:50:00,1907.4,1907.9,1906.3,1907.3,1746.0
2026-05-22 13:55:00,1907.3,1907.3,1904.4,1906.2,2611.0
2026-05-22 14:00:00,1906.4,1906.5,1902.4,1902.4,5282.0
2026-05-22 14:05:00,1902.0,1905.5,1899.1,1905.0,15985.0
2026-05-22 14:10:00,1905.2,1907.0,1904.3,1907.0,2298.0
2026-05-22 14:15:00,1906.7,1907.3,1905.0,1907.1,4576.0
2026-05-22 14:20:00,1906.4,1907.9,1903.7,1904.9,6223.0
2026-05-22 14:25:00,1904.8,1905.0,1902.0,1902.0,3826.0
2026-05-22 14:30:00,1901.0,1902.0,1900.2,1902.0,2499.0
2026-05-22 14:35:00,1902.0,1902.2,1897.8,1898.4,4552.0
2026-05-22 14:40:00,1897.5,1898.5,1896.0,1896.6,6432.0
2026-05-22 14:45:00,1897.0,1901.8,1896.8,1901.8,4548.0
2026-05-22 14:50:00,1901.8,1902.0,1901.2,1902.0,4062.0
2026-05-22 14:55:00,1902.0,1902.0,1900.9,1901.4,1741.0
2026-05-22 15:00:00,1901.3,1901.3,1896.7,1899.6,20639.0
2026-05-22 15:05:00,1900.2,1900.8,1898.0,1899.0,31530.0
2026-05-22 15:10:00,1898.9,1899.9,1896.7,1899.5,25102.0
2026-05-22 15:15:00,1899.8,1900.2,1896.3,1898.1,30806.0
2026-05-22 15:20:00,1898.4,1899.1,1896.2,1898.5,23122.0
2026-05-22 15:25:00,1898.5,1900.8,1892.0,1898.4,47478.0
2026-05-25 09:15:00,1914.8,1929.3,1909.9,1924.5,21469.0
2026-05-25 09:20:00,1924.5,1925.0,1917.4,1923.0,10452.0
2026-05-25 09:25:00,1924.2,1927.1,1922.9,1927.1,10784.0
2026-05-25 09:30:00,1927.6,1928.0,1921.2,1921.2,35267.0
2026-05-25 09:35:00,1922.2,1922.2,1916.2,1916.2,5226.0
2026-05-25 09:40:00,1916.4,1920.0,1916.2,1920.0,3471.0
2026-05-25 09:45:00,1920.0,1920.6,1917.3,1918.5,4896.0
2026-05-25 09:50:00,1918.5,1919.7,1915.6,1917.5,5489.0
2026-05-25 09:55:00,1917.0,1917.4,1914.9,1916.0,2990.0
2026-05-25 10:00:00,1916.4,1916.4,1910.0,1912.5,4524.0
2026-05-25 10:05:00,1911.8,1913.2,1911.1,1913.1,2843.0
2026-05-25 10:10:00,1912.4,1913.8,1910.5,1913.1,6192.0
2026-05-25 10:15:00,1913.6,1914.8,1912.0,1914.7,2333.0
2026-05-25 10:20:00,1914.9,1915.2,1912.9,1913.2,2226.0
2026-05-25 10:25:00,1913.2,1913.8,1908.1,1911.5,3943.0
2026-05-25 10:30:00,1911.5,1913.8,1911.3,1913.1,1779.0
2026-05-25 10:35:00,1912.9,1914.4,1911.0,1913.7,1790.0
2026-05-25 10:40:00,1913.0,1914.4,1912.2,1913.3,2629.0
2026-05-25 10:45:00,1913.1,1920.0,1912.4,1914.0,8335.0
2026-05-25 10:50:00,1914.1,1914.1,1911.0,1911.0,2727.0
2026-05-25 10:55:00,1911.0,1911.0,1903.8,1904.8,8089.0
2026-05-25 11:00:00,1904.8,1906.9,1904.8,1905.5,2090.0
2026-05-25 11:05:00,1906.2,1906.2,1902.3,1903.4,3279.0
2026-05-25 11:10:00,1903.1,1904.4,1902.6,1903.3,1578.0
2026-05-25 11:15:00,1903.5,1903.5,1896.6,1898.2,9521.0
2026-05-25 11:20:00,1898.4,1899.7,1896.3,1897.7,4652.0
2026-05-25 11:25:00,1897.7,1899.9,1896.5,1898.2,4016.0
2026-05-25 11:30:00,1898.2,1902.0,1897.5,1902.0,3707.0
2026-05-25 11:35:00,1902.9,1909.0,1902.0,1908.3,2789.0
2026-05-25 11:40:00,1908.5,1909.4,1905.7,1908.0,2685.0
2026-05-25 11:45:00,1908.0,1912.5,1907.2,1911.6,2949.0
2026-05-25 11:50:00,1911.8,1914.0,1910.7,1913.5,3731.0
2026-05-25 11:55:00,1914.0,1920.0,1912.5,1919.0,5763.0
2026-05-25 12:00:00,1919.6,1940.0,1919.3,1936.0,51221.0
2026-05-25 12:05:00,1935.3,1942.3,1933.0,1942.2,33187.0
2026-05-25 12:10:00,1942.1,1942.9,1936.4,1940.0,21402.0
2026-05-25 12:15:00,1939.4,1941.4,1936.5,1939.6,11561.0
2026-05-25 12:20:00,1938.0,1938.9,1936.5,1936.9,5391.0
2026-05-25 12:25:00,1936.5,1940.3,1935.7,1936.7,12987.0
2026-05-25 12:30:00,1936.0,1939.4,1929.0,1929.7,57532.0
2026-05-25 12:35:00,1929.9,1934.4,1927.6,1934.1,43383.0
2026-05-25 12:40:00,1933.7,1933.8,1926.6,1928.7,44421.0
2026-05-25 12:45:00,1928.7,1929.6,1927.0,1928.8,33227.0
2026-05-25 12:50:00,1928.2,1928.9,1919.0,1922.7,33489.0
2026-05-25 12:55:00,1922.0,1922.2,1916.3,1917.9,23288.0
2026-05-25 13:00:00,1917.7,1922.6,1917.0,1921.0,19788.0
2026-05-25 13:05:00,1920.7,1923.8,1919.9,1923.8,31480.0
2026-05-25 13:10:00,1923.0,1924.1,1922.1,1923.2,4857.0
2026-05-25 13:15:00,1922.5,1924.6,1922.2,1922.3,4032.0
2026-05-25 13:20:00,1922.3,1924.2,1922.0,1922.5,13877.0
2026-05-25 13:25:00,1922.0,1922.0,1919.7,1920.1,9045.0
2026-05-25 13:30:00,1919.7,1920.0,1915.5,1916.8,8298.0
2026-05-25 13:35:00,1916.7,1920.0,1916.2,1920.0,6657.0
2026-05-25 13:40:00,1919.9,1922.7,1919.2,1920.0,12064.0
2026-05-25 13:45:00,1919.6,1920.9,1919.0,1920.0,1664.0
2026-05-25 13:50:00,1920.0,1920.0,1919.0,1919.4,1577.0
2026-05-25 13:55:00,1919.1,1919.2,1916.0,1917.0,4133.0
2026-05-25 14:00:00,1916.5,1916.9,1915.2,1916.3,2613.0
2026-05-25 14:05:00,1916.2,1918.1,1915.2,1915.7,3080.0
2026-05-25 14:10:00,1914.9,1915.9,1913.5,1914.1,5064.0
2026-05-25 14:15:00,1914.1,1916.0,1911.7,1913.6,4498.0
2026-05-25 14:20:00,1914.2,1915.0,1914.0,1914.5,2292.0
2026-05-25 14:25:00,1914.5,1914.9,1913.3,1914.1,1913.0
2026-05-25 14:30:00,1913.6,1914.3,1911.2,1913.3,5429.0
2026-05-25 14:35:00,1913.3,1915.0,1913.3,1915.0,3165.0
2026-05-25 14:40:00,1914.8,1916.2,1914.5,1915.2,2895.0
2026-05-25 14:45:00,1915.5,1919.8,1914.9,1916.5,2996.0
2026-05-25 14:50:00,1916.4,1920.0,1916.4,1919.0,6077.0
2026-05-25 14:55:00,1918.4,1918.4,1910.5,1911.9,4706.0
2026-05-25 15:00:00,1912.7,1914.1,1909.9,1911.7,12190.0
2026-05-25 15:05:00,1911.9,1915.0,1911.4,1913.0,10462.0
2026-05-25 15:10:00,1913.6,1920.0,1913.1,1920.0,13777.0
2026-05-25 15:15:00,1920.0,1922.4,1918.9,1921.0,17585.0
2026-05-25 15:20:00,1920.2,1923.0,1918.4,1921.7,20752.0
2026-05-25 15:25:00,1921.5,1922.0,1917.7,1922.0,28146.0
2026-05-26 09:15:00,1926.6,1931.3,1911.1,1920.7,18626.0
2026-05-26 09:20:00,1921.5,1924.8,1917.6,1919.1,6495.0
2026-05-26 09:25:00,1918.3,1926.6,1918.3,1926.0,12907.0
2026-05-26 09:30:00,1926.0,1927.6,1924.5,1925.0,10299.0
2026-05-26 09:35:00,1924.5,1928.8,1921.5,1926.1,13924.0
2026-05-26 09:40:00,1927.1,1929.9,1925.6,1927.0,8278.0
2026-05-26 09:45:00,1926.6,1926.6,1923.9,1924.0,3598.0
2026-05-26 09:50:00,1924.0,1926.9,1923.6,1925.4,4116.0
2026-05-26 09:55:00,1925.5,1932.4,1925.5,1932.4,5689.0
2026-05-26 10:00:00,1932.6,1935.0,1930.6,1932.3,11481.0
2026-05-26 10:05:00,1932.4,1935.0,1930.0,1930.0,8737.0
2026-05-26 10:10:00,1930.0,1930.4,1927.4,1927.8,5477.0
2026-05-26 10:15:00,1927.8,1929.3,1926.0,1927.8,8556.0
2026-05-26 10:20:00,1928.8,1933.7,1927.8,1933.7,4266.0
2026-05-26 10:25:00,1933.2,1933.7,1930.2,1932.1,2731.0
2026-05-26 10:30:00,1932.0,1932.3,1929.1,1930.5,3516.0
2026-05-26 10:35:00,1929.5,1933.9,1929.1,1931.0,13515.0
2026-05-26 10:40:00,1931.0,1931.5,1926.5,1927.9,6177.0
2026-05-26 10:45:00,1927.9,1929.6,1926.4,1926.6,4688.0
2026-05-26 10:50:00,1926.7,1927.8,1926.1,1927.1,1699.0
2026-05-26 10:55:00,1927.5,1930.0,1927.5,1929.5,15348.0
2026-05-26 11:00:00,1929.0,1929.8,1927.3,1927.9,14843.0
2026-05-26 11:05:00,1927.4,1928.5,1927.3,1928.2,7316.0
2026-05-26 11:10:00,1928.5,1929.5,1927.3,1928.0,7213.0
2026-05-26 11:15:00,1927.4,1929.0,1927.4,1928.5,3903.0
2026-05-26 11:20:00,1929.0,1930.0,1927.4,1929.4,6428.0
2026-05-26 11:25:00,1929.5,1929.8,1927.0,1927.0,3918.0
2026-05-26 11:30:00,1927.8,1928.0,1926.5,1927.9,3352.0
2026-05-26 11:35:00,1928.0,1928.8,1927.9,1927.9,17326.0
2026-05-26 11:40:00,1928.1,1931.4,1927.4,1930.5,27177.0
2026-05-26 11:45:00,1930.5,1934.8,1929.6,1934.8,10623.0
2026-05-26 11:50:00,1933.1,1935.2,1929.8,1930.9,19582.0
2026-05-26 11:55:00,1930.2,1936.8,1929.9,1932.0,65148.0
2026-05-26 12:00:00,1932.7,1933.8,1926.2,1927.9,11525.0
2026-05-26 12:05:00,1927.4,1929.9,1926.4,1928.1,47880.0
2026-05-26 12:10:00,1927.7,1930.0,1927.7,1930.0,6319.0
2026-05-26 12:15:00,1929.5,1930.0,1927.8,1927.9,5716.0
2026-05-26 12:20:00,1928.0,1928.0,1926.1,1927.4,7138.0
2026-05-26 12:25:00,1926.9,1927.4,1922.6,1923.7,8785.0
2026-05-26 12:30:00,1923.8,1924.5,1920.0,1921.2,39465.0
2026-05-26 12:35:00,1920.7,1922.4,1918.3,1918.9,6677.0
2026-05-26 12:40:00,1919.0,1922.1,1918.3,1921.4,7216.0
2026-05-26 12:45:00,1921.0,1921.7,1919.0,1919.5,6118.0
2026-05-26 12:50:00,1920.0,1920.0,1918.0,1918.5,6429.0
2026-05-26 12:55:00,1919.0,1919.0,1915.8,1916.8,6665.0
2026-05-26 13:00:00,1916.3,1916.9,1914.2,1914.7,5936.0
2026-05-26 13:05:00,1914.8,1914.8,1909.2,1912.0,40675.0
2026-05-26 13:10:00,1912.3,1915.9,1912.0,1913.2,9248.0
2026-05-26 13:15:00,1913.4,1917.0,1912.6,1914.9,11005.0
2026-05-26 13:20:00,1914.5,1915.0,1913.1,1913.9,5812.0
2026-05-26 13:25:00,1914.0,1914.6,1908.8,1912.7,35353.0
2026-05-26 13:30:00,1913.4,1915.3,1913.4,1914.7,5227.0
2026-05-26 13:35:00,1915.2,1915.7,1911.6,1911.8,12661.0
2026-05-26 13:40:00,1911.8,1917.7,1911.7,1915.7,32428.0
2026-05-26 13:45:00,1915.7,1917.4,1914.0,1914.4,6569.0
2026-05-26 13:50:00,1915.4,1916.7,1914.7,1915.9,4569.0
2026-05-26 13:55:00,1915.3,1915.9,1914.1,1915.3,4036.0
2026-05-26 14:00:00,1915.5,1915.5,1908.3,1909.7,12650.0
2026-05-26 14:05:00,1909.2,1913.2,1909.2,1911.9,12302.0
2026-05-26 14:10:00,1911.8,1913.4,1911.6,1913.2,5610.0
2026-05-26 14:15:00,1912.8,1914.5,1911.4,1914.0,4469.0
2026-05-26 14:20:00,1914.5,1916.3,1913.4,1916.0,5326.0
2026-05-26 14:25:00,1916.0,1917.4,1915.4,1917.3,5159.0
2026-05-26 14:30:00,1916.8,1917.9,1915.8,1916.9,6795.0
2026-05-26 14:35:00,1917.0,1917.3,1911.8,1913.0,8697.0
2026-05-26 14:40:00,1913.5,1913.5,1910.5,1911.7,5144.0
2026-05-26 14:45:00,1911.0,1914.5,1911.0,1914.1,7755.0
2026-05-26 14:50:00,1914.5,1917.0,1913.8,1915.0,21530.0
2026-05-26 14:55:00,1915.0,1917.3,1912.1,1916.4,62835.0
2026-05-26 15:00:00,1917.0,1927.0,1915.7,1923.6,31513.0
2026-05-26 15:05:00,1923.9,1929.4,1923.6,1928.9,19601.0
2026-05-26 15:10:00,1929.4,1933.9,1928.9,1933.9,21145.0
2026-05-26 15:15:00,1933.4,1937.4,1930.0,1934.0,34086.0
2026-05-26 15:20:00,1934.9,1934.9,1932.2,1934.0,17399.0
2026-05-26 15:25:00,1934.0,1939.9,1932.0,1938.9,38223.0
2026-05-27 09:15:00,1938.9,1953.5,1938.9,1953.5,29711.0
2026-05-27 09:20:00,1953.4,1961.0,1949.4,1959.4,34598.0
2026-05-27 09:25:00,1959.3,1959.3,1950.1,1953.0,14216.0
2026-05-27 09:30:00,1951.7,1955.0,1946.1,1949.6,8730.0
2026-05-27 09:35:00,1949.8,1950.0,1934.2,1935.6,19966.0
2026-05-27 09:40:00,1935.7,1935.7,1930.0,1934.5,11762.0
2026-05-27 09:45:00,1934.5,1945.2,1934.5,1942.8,7659.0
2026-05-27 09:50:00,1942.5,1944.4,1941.9,1942.8,4672.0
2026-05-27 09:55:00,1942.8,1947.1,1935.0,1935.0,11293.0
2026-05-27 10:00:00,1934.6,1938.4,1933.5,1937.5,4968.0
2026-05-27 10:05:00,1938.2,1943.0,1937.5,1940.4,2718.0
2026-05-27 10:10:00,1940.3,1940.9,1937.6,1937.6,3257.0
2026-05-27 10:15:00,1938.8,1939.2,1937.6,1938.2,2576.0
2026-05-27 10:20:00,1937.8,1939.7,1935.6,1937.5,3981.0
2026-05-27 10:25:00,1937.5,1938.9,1937.0,1937.3,772.0
2026-05-27 10:30:00,1937.4,1938.7,1937.4,1938.4,756.0
2026-05-27 10:35:00,1938.0,1938.7,1935.8,1937.4,2930.0
2026-05-27 10:40:00,1936.7,1938.0,1935.1,1935.3,3772.0
2026-05-27 10:45:00,1936.3,1936.3,1931.8,1935.0,4669.0
2026-05-27 10:50:00,1935.0,1936.0,1934.0,1934.1,2201.0
2026-05-27 10:55:00,1934.5,1935.4,1932.4,1934.0,2310.0
2026-05-27 11:00:00,1933.8,1934.6,1930.5,1932.3,4028.0
2026-05-27 11:05:00,1931.6,1937.2,1931.2,1937.1,2068.0
2026-05-27 11:10:00,1937.1,1937.1,1934.0,1934.1,1342.0
2026-05-27 11:15:00,1934.1,1936.7,1934.1,1936.7,2149.0
2026-05-27 11:20:00,1936.9,1937.7,1930.5,1931.4,8959.0
2026-05-27 11:25:00,1930.9,1933.0,1928.1,1932.2,9638.0
2026-05-27 11:30:00,1932.5,1934.1,1932.2,1932.6,2899.0
2026-05-27 11:35:00,1933.1,1933.7,1931.5,1932.4,1963.0
2026-05-27 11:40:00,1932.4,1934.0,1931.0,1931.0,8437.0
2026-05-27 11:45:00,1930.2,1931.4,1929.0,1929.4,5229.0
2026-05-27 11:50:00,1929.9,1930.9,1926.6,1926.7,3425.0
2026-05-27 11:55:00,1926.7,1927.6,1923.7,1925.1,5346.0
2026-05-27 12:00:00,1925.8,1925.8,1921.0,1922.2,6738.0
2026-05-27 12:05:00,1921.9,1923.3,1918.2,1921.8,5470.0
2026-05-27 12:10:00,1921.7,1923.1,1920.8,1922.0,3062.0
2026-05-27 12:15:00,1922.0,1923.3,1921.3,1922.6,2420.0
2026-05-27 12:20:00,1922.6,1923.1,1918.6,1918.8,3382.0
2026-05-27 12:25:00,1920.2,1921.7,1919.0,1919.4,2911.0
2026-05-27 12:30:00,1919.5,1920.1,1916.0,1916.6,3942.0
2026-05-27 12:35:00,1917.9,1919.9,1916.3,1917.5,1532.0
2026-05-27 12:40:00,1917.5,1922.7,1916.1,1921.0,2805.0
2026-05-27 12:45:00,1922.4,1924.6,1921.2,1924.3,1696.0
2026-05-27 12:50:00,1923.4,1924.8,1921.4,1921.9,1074.0
2026-05-27 12:55:00,1922.0,1923.5,1922.0,1923.0,1188.0
2026-05-27 13:00:00,1922.7,1923.5,1921.9,1922.7,1195.0
2026-05-27 13:05:00,1923.4,1925.0,1922.0,1922.0,7173.0
2026-05-27 13:10:00,1922.0,1923.4,1921.4,1922.4,2229.0
2026-05-27 13:15:00,1922.6,1923.2,1921.9,1922.5,1463.0
2026-05-27 13:20:00,1922.7,1924.2,1922.0,1924.2,1150.0
2026-05-27 13:25:00,1924.2,1924.2,1922.6,1923.8,1374.0
2026-05-27 13:30:00,1923.9,1924.1,1922.5,1923.8,1216.0
2026-05-27 13:35:00,1923.1,1924.7,1922.6,1922.8,2431.0
2026-05-27 13:40:00,1921.4,1923.6,1920.0,1922.7,3984.0
2026-05-27 13:45:00,1923.6,1924.5,1921.2,1921.6,2771.0
2026-05-27 13:50:00,1922.6,1923.3,1921.9,1922.9,1517.0
2026-05-27 13:55:00,1922.9,1922.9,1921.7,1922.6,1086.0
2026-05-27 14:00:00,1922.6,1925.0,1921.8,1924.0,9513.0
2026-05-27 14:05:00,1923.8,1924.0,1922.0,1923.9,1563.0
2026-05-27 14:10:00,1923.9,1923.9,1921.4,1922.5,867.0
2026-05-27 14:15:00,1922.5,1922.5,1921.6,1921.9,643.0
2026-05-27 14:20:00,1922.5,1924.7,1921.7,1923.3,1184.0
2026-05-27 14:25:00,1924.1,1924.1,1921.1,1921.7,2097.0
2026-05-27 14:30:00,1921.8,1924.6,1921.8,1923.9,2194.0
2026-05-27 14:35:00,1923.9,1924.4,1923.1,1924.1,1361.0
2026-05-27 14:40:00,1924.1,1927.8,1923.1,1927.5,59047.0
2026-05-27 14:45:00,1927.5,1928.3,1925.8,1925.8,9585.0
2026-05-27 14:50:00,1927.0,1931.9,1923.7,1931.5,29698.0
2026-05-27 14:55:00,1931.0,1932.6,1928.1,1930.2,28148.0
2026-05-27 15:00:00,1928.5,1933.6,1928.4,1933.6,16381.0
2026-05-27 15:05:00,1933.6,1940.0,1932.4,1938.3,17476.0
2026-05-27 15:10:00,1939.3,1939.9,1935.1,1937.3,23328.0
2026-05-27 15:15:00,1937.2,1939.8,1936.9,1939.1,15269.0
2026-05-27 15:20:00,1939.2,1947.0,1937.7,1947.0,23796.0
2026-05-27 15:25:00,1947.0,1950.7,1941.1,1942.6,18513.0
2026-05-29 09:15:00,1956.4,1967.3,1922.9,1931.2,30955.0
2026-05-29 09:20:00,1932.3,1938.6,1930.8,1934.6,15213.0
2026-05-29 09:25:00,1934.9,1934.9,1926.2,1929.1,11054.0
2026-05-29 09:30:00,1927.0,1931.0,1925.5,1929.0,5229.0
2026-05-29 09:35:00,1929.4,1935.0,1929.2,1930.9,5034.0
2026-05-29 09:40:00,1930.9,1930.9,1920.0,1921.7,9152.0
2026-05-29 09:45:00,1921.7,1930.9,1920.0,1930.3,5869.0
2026-05-29 09:50:00,1931.1,1939.2,1930.9,1933.0,5516.0
2026-05-29 09:55:00,1933.0,1933.5,1929.6,1931.7,5542.0
2026-05-29 10:00:00,1932.1,1936.0,1930.6,1935.6,3465.0
2026-05-29 10:05:00,1935.6,1943.3,1935.6,1943.3,4418.0
2026-05-29 10:10:00,1944.1,1947.3,1941.2,1941.7,9433.0
2026-05-29 10:15:00,1941.3,1942.7,1939.0,1940.1,3911.0
2026-05-29 10:20:00,1939.8,1945.0,1938.9,1945.0,3136.0
2026-05-29 10:25:00,1945.0,1948.8,1942.0,1942.8,7214.0
2026-05-29 10:30:00,1942.8,1945.2,1941.9,1944.9,2661.0
2026-05-29 10:35:00,1944.9,1946.7,1942.2,1943.5,5148.0
2026-05-29 10:40:00,1943.3,1944.7,1941.0,1941.3,3458.0
2026-05-29 10:45:00,1941.0,1943.5,1939.3,1942.9,4242.0
2026-05-29 10:50:00,1943.0,1944.7,1939.3,1943.2,3509.0
2026-05-29 10:55:00,1942.2,1946.6,1941.6,1946.0,2372.0
2026-05-29 11:00:00,1945.8,1948.6,1944.9,1948.0,8077.0
2026-05-29 11:05:00,1946.9,1949.7,1945.8,1945.9,8046.0
2026-05-29 11:10:00,1946.0,1946.5,1942.1,1944.6,2667.0
2026-05-29 11:15:00,1944.5,1946.5,1942.3,1943.1,4972.0
2026-05-29 11:20:00,1943.9,1944.3,1941.4,1943.3,7315.0
2026-05-29 11:25:00,1943.3,1943.3,1937.5,1940.5,16918.0
2026-05-29 11:30:00,1940.5,1940.9,1935.3,1937.0,22580.0
2026-05-29 11:35:00,1937.0,1939.0,1930.8,1932.3,43847.0
2026-05-29 11:40:00,1933.0,1935.0,1931.0,1932.0,12087.0
2026-05-29 11:45:00,1932.4,1933.9,1930.0,1932.6,8600.0
2026-05-29 11:50:00,1932.1,1939.1,1929.6,1938.9,65927.0
2026-05-29 11:55:00,1938.8,1939.6,1931.3,1932.3,3416.0
2026-05-29 12:00:00,1933.0,1939.0,1931.7,1935.3,87756.0
2026-05-29 12:05:00,1935.6,1935.9,1931.0,1931.0,57440.0
2026-05-29 12:10:00,1931.0,1931.0,1927.0,1929.0,8179.0
2026-05-29 12:15:00,1928.2,1931.8,1928.2,1931.8,4993.0
2026-05-29 12:20:00,1931.7,1934.0,1931.1,1932.6,2419.0
2026-05-29 12:25:00,1933.9,1933.9,1932.5,1932.5,1915.0
2026-05-29 12:30:00,1932.5,1933.7,1931.2,1931.5,2858.0
2026-05-29 12:35:00,1931.2,1933.5,1930.0,1933.2,2069.0
2026-05-29 12:40:00,1933.2,1945.0,1932.7,1944.6,49940.0
2026-05-29 12:45:00,1943.8,1953.1,1943.8,1946.8,26463.0
2026-05-29 12:50:00,1946.8,1947.8,1943.3,1944.3,12575.0
2026-05-29 12:55:00,1944.3,1944.9,1935.0,1938.1,4348.0
2026-05-29 13:00:00,1938.8,1941.3,1935.4,1939.4,4798.0
2026-05-29 13:05:00,1938.4,1941.0,1936.7,1938.2,3027.0
2026-05-29 13:10:00,1937.7,1937.9,1934.2,1934.4,16257.0
2026-05-29 13:15:00,1934.8,1939.1,1932.2,1937.9,6345.0
2026-05-29 13:20:00,1937.9,1938.3,1935.4,1936.4,2958.0
2026-05-29 13:25:00,1936.3,1938.4,1935.7,1938.2,3624.0
2026-05-29 13:30:00,1938.2,1939.3,1935.2,1935.2,1470.0
2026-05-29 13:35:00,1936.0,1940.4,1935.5,1937.7,12030.0
2026-05-29 13:40:00,1938.0,1945.0,1938.0,1941.8,5715.0
2026-05-29 13:45:00,1941.0,1942.8,1939.3,1940.1,22809.0
2026-05-29 13:50:00,1940.7,1941.2,1936.1,1937.6,3280.0
2026-05-29 13:55:00,1937.6,1946.0,1937.3,1943.2,8545.0
2026-05-29 14:00:00,1943.2,1943.3,1940.0,1942.0,3895.0
2026-05-29 14:05:00,1941.5,1942.0,1940.0,1941.7,3812.0
2026-05-29 14:10:00,1939.8,1942.8,1937.6,1938.6,6742.0
2026-05-29 14:15:00,1938.8,1939.1,1937.1,1937.2,3737.0
2026-05-29 14:20:00,1936.6,1939.9,1936.6,1939.2,4217.0
2026-05-29 14:25:00,1938.0,1939.8,1936.0,1937.8,4289.0
2026-05-29 14:30:00,1938.0,1944.4,1938.0,1941.5,7431.0
2026-05-29 14:35:00,1941.5,1942.0,1938.8,1942.0,4887.0
2026-05-29 14:40:00,1941.9,1943.7,1940.4,1941.7,4998.0
2026-05-29 14:45:00,1941.3,1942.9,1940.8,1941.6,4970.0
2026-05-29 14:50:00,1942.5,1942.5,1939.0,1941.1,2783.0
2026-05-29 14:55:00,1941.2,1941.7,1938.2,1939.8,7366.0
2026-05-29 15:00:00,1939.1,1959.2,1938.2,1957.3,395456.0
2026-05-29 15:05:00,1957.4,1962.5,1952.3,1954.7,388247.0
2026-05-29 15:10:00,1954.8,1958.2,1950.5,1956.5,407414.0
2026-05-29 15:15:00,1956.2,1967.8,1955.9,1961.5,403572.0
2026-05-29 15:20:00,1961.6,1965.5,1951.5,1953.8,440677.0
2026-05-29 15:25:00,1953.8,1962.9,1946.0,1954.0,324695.0
2026-06-01 09:15:00,1970.1,1970.1,1936.1,1940.0,43559.0
2026-06-01 09:20:00,1942.2,1943.1,1934.0,1936.6,18779.0
2026-06-01 09:25:00,1937.6,1939.3,1935.6,1937.0,13479.0
2026-06-01 09:30:00,1937.5,1944.0,1932.3,1941.2,7532.0
2026-06-01 09:35:00,1941.7,1941.9,1933.1,1935.1,7153.0
2026-06-01 09:40:00,1936.2,1940.0,1933.0,1934.7,9295.0
2026-06-01 09:45:00,1934.7,1939.7,1932.8,1939.0,6160.0
2026-06-01 09:50:00,1939.4,1942.0,1925.5,1929.7,12889.0
2026-06-01 09:55:00,1929.7,1930.0,1925.2,1926.3,6337.0
2026-06-01 10:00:00,1927.8,1927.8,1920.5,1920.5,8569.0
2026-06-01 10:05:00,1920.2,1924.6,1918.0,1924.0,8775.0
2026-06-01 10:10:00,1925.6,1927.1,1922.0,1923.6,7687.0
2026-06-01 10:15:00,1924.6,1925.4,1922.3,1923.5,2140.0
2026-06-01 10:20:00,1923.5,1924.5,1920.0,1922.0,3878.0
2026-06-01 10:25:00,1922.9,1928.9,1921.9,1923.4,4773.0
2026-06-01 10:30:00,1923.7,1927.3,1922.0,1926.9,6186.0
2026-06-01 10:35:00,1926.9,1931.8,1924.7,1928.6,5679.0
2026-06-01 10:40:00,1929.3,1932.0,1927.5,1931.0,5327.0
2026-06-01 10:45:00,1931.0,1938.8,1931.0,1937.5,7370.0
2026-06-01 10:50:00,1931.5,1939.3,1931.5,1939.3,9578.0
2026-06-01 10:55:00,1940.0,1945.9,1939.7,1941.0,8580.0
2026-06-01 11:00:00,1942.0,1944.6,1940.3,1943.7,6253.0
2026-06-01 11:05:00,1944.9,1944.9,1941.7,1944.5,3444.0
2026-06-01 11:10:00,1944.7,1947.0,1942.6,1943.8,4679.0
2026-06-01 11:15:00,1944.0,1946.0,1944.0,1945.1,3241.0
2026-06-01 11:20:00,1945.1,1945.2,1941.0,1942.0,3477.0
2026-06-01 11:25:00,1941.0,1941.0,1933.8,1934.5,3189.0
2026-06-01 11:30:00,1934.5,1934.5,1929.9,1932.0,5775.0
2026-06-01 11:35:00,1931.1,1935.3,1931.1,1932.0,3447.0
2026-06-01 11:40:00,1932.0,1932.7,1930.7,1931.3,1620.0
2026-06-01 11:45:00,1931.3,1932.9,1929.5,1932.5,2303.0
2026-06-01 11:50:00,1932.3,1933.0,1930.5,1932.0,2172.0
2026-06-01 11:55:00,1931.6,1932.4,1926.0,1926.0,2284.0
2026-06-01 12:00:00,1926.0,1929.8,1925.1,1929.8,3336.0
2026-06-01 12:05:00,1929.7,1932.1,1927.1,1930.3,2258.0
2026-06-01 12:10:00,1931.1,1932.9,1927.2,1932.3,6315.0
2026-06-01 12:15:00,1931.8,1932.7,1925.6,1925.6,11535.0
2026-06-01 12:20:00,1926.9,1927.2,1922.1,1926.1,6655.0
2026-06-01 12:25:00,1926.9,1927.4,1924.8,1925.0,1823.0
2026-06-01 12:30:00,1925.9,1927.0,1925.6,1926.9,2152.0
2026-06-01 12:35:00,1927.0,1928.9,1922.7,1927.3,5086.0
2026-06-01 12:40:00,1927.3,1930.0,1927.3,1930.0,1083.0
2026-06-01 12:45:00,1930.7,1932.9,1930.6,1931.0,2736.0
2026-06-01 12:50:00,1932.3,1932.3,1930.9,1931.3,1087.0
2026-06-01 12:55:00,1930.9,1931.8,1929.8,1931.2,3167.0
2026-06-01 13:00:00,1931.2,1931.5,1929.3,1929.6,1202.0
2026-06-01 13:05:00,1930.5,1930.5,1925.0,1925.6,1746.0
2026-06-01 13:10:00,1925.0,1925.0,1917.0,1919.8,6492.0
2026-06-01 13:15:00,1918.9,1924.5,1918.9,1923.4,2124.0
2026-06-01 13:20:00,1924.2,1924.9,1922.4,1924.3,1871.0
2026-06-01 13:25:00,1924.3,1928.8,1923.2,1928.8,2648.0
2026-06-01 13:30:00,1928.0,1929.8,1928.0,1929.0,4281.0
2026-06-01 13:35:00,1929.1,1930.7,1928.8,1930.5,5593.0
2026-06-01 13:40:00,1930.4,1935.5,1928.5,1930.8,14737.0
2026-06-01 13:45:00,1930.8,1932.9,1928.9,1929.1,3012.0
2026-06-01 13:50:00,1930.0,1930.5,1928.0,1930.2,3370.0
2026-06-01 13:55:00,1930.2,1932.0,1929.5,1930.2,2808.0
2026-06-01 14:00:00,1930.9,1930.9,1926.0,1928.6,3240.0
2026-06-01 14:05:00,1928.7,1929.7,1926.9,1927.6,2232.0
2026-06-01 14:10:00,1928.0,1929.9,1926.8,1927.5,2369.0
2026-06-01 14:15:00,1926.8,1929.4,1924.7,1929.4,6573.0
2026-06-01 14:20:00,1929.0,1936.2,1927.7,1935.8,24491.0
2026-06-01 14:25:00,1935.6,1936.0,1930.2,1931.5,5000.0
2026-06-01 14:30:00,1931.4,1933.8,1929.3,1929.5,15037.0
2026-06-01 14:35:00,1929.7,1932.5,1929.5,1931.4,4038.0
2026-06-01 14:40:00,1931.4,1933.3,1930.4,1932.6,4880.0
2026-06-01 14:45:00,1931.9,1936.5,1927.2,1930.2,9656.0
2026-06-01 14:50:00,1931.0,1933.1,1928.9,1929.2,28671.0
2026-06-01 14:55:00,1930.3,1932.0,1926.7,1927.8,14865.0
2026-06-01 15:00:00,1928.4,1928.4,1920.2,1924.5,56806.0
2026-06-01 15:05:00,1924.5,1926.3,1920.6,1926.3,35893.0
2026-06-01 15:10:00,1925.9,1928.0,1923.9,1925.2,49507.0
2026-06-01 15:15:00,1925.0,1928.8,1924.7,1924.7,47231.0
2026-06-01 15:20:00,1924.6,1924.7,1917.1,1918.2,50324.0
2026-06-01 15:25:00,1918.2,1921.2,1915.3,1917.0,48524.0
2026-06-02 09:15:00,1913.9,1913.9,1889.1,1912.8,38456.0
2026-06-02 09:20:00,1913.0,1918.8,1908.0,1911.1,25546.0
2026-06-02 09:25:00,1913.0,1915.0,1903.7,1905.4,20388.0
2026-06-02 09:30:00,1905.4,1908.3,1897.0,1898.8,20948.0
2026-06-02 09:35:00,1897.9,1905.0,1895.9,1899.0,56997.0
2026-06-02 09:40:00,1898.3,1903.2,1897.2,1900.0,8262.0
2026-06-02 09:45:00,1899.3,1900.3,1890.1,1894.2,16906.0
2026-06-02 09:50:00,1895.0,1899.5,1892.7,1899.0,10214.0
2026-06-02 09:55:00,1898.5,1901.8,1893.0,1900.5,53164.0
2026-06-02 10:00:00,1901.2,1901.2,1893.9,1898.0,44718.0
2026-06-02 10:05:00,1897.7,1898.2,1890.0,1892.2,9435.0
2026-06-02 10:10:00,1891.0,1892.3,1880.1,1887.0,16229.0
2026-06-02 10:15:00,1886.8,1890.5,1884.1,1889.7,16226.0
2026-06-02 10:20:00,1889.1,1891.8,1882.2,1891.2,11446.0
2026-06-02 10:25:00,1891.1,1895.0,1888.7,1893.8,5045.0
2026-06-02 10:30:00,1893.8,1896.9,1887.7,1888.6,11318.0
2026-06-02 10:35:00,1888.0,1890.3,1885.4,1887.5,4400.0
2026-06-02 10:40:00,1887.1,1890.7,1886.8,1889.3,6036.0
2026-06-02 10:45:00,1889.3,1890.0,1887.1,1888.3,8253.0
2026-06-02 10:50:00,1888.3,1889.4,1873.1,1877.1,14720.0
2026-06-02 10:55:00,1877.0,1877.5,1874.1,1875.8,7360.0
2026-06-02 11:00:00,1876.0,1879.0,1876.0,1877.8,4955.0
2026-06-02 11:05:00,1879.0,1880.9,1877.2,1879.1,4393.0
2026-06-02 11:10:00,1878.2,1881.8,1878.2,1880.0,3806.0
2026-06-02 11:15:00,1879.9,1886.0,1879.9,1885.2,6194.0
2026-06-02 11:20:00,1885.6,1886.3,1879.0,1880.6,12458.0
2026-06-02 11:25:00,1880.0,1886.1,1879.4,1885.7,6404.0
2026-06-02 11:30:00,1885.3,1886.0,1880.0,1880.1,3463.0
2026-06-02 11:35:00,1879.0,1879.4,1871.0,1871.3,8637.0
2026-06-02 11:40:00,1872.2,1876.5,1872.2,1873.9,6680.0
2026-06-02 11:45:00,1872.1,1874.3,1870.9,1873.9,6912.0
2026-06-02 11:50:00,1873.1,1876.9,1872.0,1875.9,5835.0
2026-06-02 11:55:00,1875.9,1876.3,1872.3,1872.7,2893.0
2026-06-02 12:00:00,1872.7,1877.0,1870.5,1875.4,4074.0
2026-06-02 12:05:00,1875.3,1877.8,1873.7,1877.2,2682.0
2026-06-02 12:10:00,1876.8,1878.4,1874.4,1874.4,3979.0
2026-06-02 12:15:00,1875.0,1876.5,1874.3,1875.4,3078.0
2026-06-02 12:20:00,1875.5,1875.5,1870.6,1873.4,3427.0
2026-06-02 12:25:00,1873.5,1875.4,1873.3,1874.4,2382.0
2026-06-02 12:30:00,1874.8,1880.0,1873.7,1878.3,3857.0
2026-06-02 12:35:00,1878.2,1880.0,1877.9,1880.0,3224.0
2026-06-02 12:40:00,1880.0,1884.2,1879.3,1883.2,5608.0
2026-06-02 12:45:00,1883.7,1892.6,1883.0,1891.1,10390.0
2026-06-02 12:50:00,1891.1,1899.0,1891.1,1895.0,12648.0
2026-06-02 12:55:00,1895.0,1897.2,1893.5,1895.6,9985.0
2026-06-02 13:00:00,1897.0,1897.5,1888.1,1889.0,27322.0
2026-06-02 13:05:00,1889.4,1893.6,1889.0,1893.1,16017.0
2026-06-02 13:10:00,1893.1,1897.7,1891.6,1893.3,4712.0
2026-06-02 13:15:00,1893.0,1897.0,1893.0,1895.8,3272.0
2026-06-02 13:20:00,1895.1,1898.0,1890.5,1897.2,13233.0
2026-06-02 13:25:00,1896.4,1898.6,1894.7,1896.3,31930.0
2026-06-02 13:30:00,1896.6,1903.2,1896.6,1902.1,9485.0
2026-06-02 13:35:00,1902.1,1902.9,1897.7,1898.7,22168.0
2026-06-02 13:40:00,1898.0,1898.0,1895.0,1896.0,3325.0
2026-06-02 13:45:00,1896.3,1904.8,1896.0,1904.3,15533.0
2026-06-02 13:50:00,1904.2,1907.0,1903.2,1906.9,8602.0
2026-06-02 13:55:00,1906.9,1906.9,1901.9,1903.0,37878.0
2026-06-02 14:00:00,1903.0,1905.1,1902.5,1904.9,26015.0
2026-06-02 14:05:00,1904.9,1910.1,1904.8,1906.2,13365.0
2026-06-02 14:10:00,1906.5,1909.4,1902.8,1905.5,59640.0
2026-06-02 14:15:00,1905.4,1906.2,1899.3,1899.3,115442.0
2026-06-02 14:20:00,1900.0,1905.2,1899.3,1902.2,63987.0
2026-06-02 14:25:00,1903.3,1903.3,1900.1,1902.0,4600.0
2026-06-02 14:30:00,1901.4,1901.6,1897.0,1897.1,21027.0
2026-06-02 14:35:00,1897.2,1897.3,1891.1,1892.7,9365.0
2026-06-02 14:40:00,1891.8,1892.0,1886.4,1890.0,10437.0
2026-06-02 14:45:00,1890.1,1891.4,1886.4,1890.3,7877.0
2026-06-02 14:50:00,1890.5,1893.1,1890.0,1891.2,8599.0
2026-06-02 14:55:00,1891.9,1894.6,1890.7,1891.4,5410.0
2026-06-02 15:00:00,1891.2,1895.9,1887.3,1894.5,29879.0
2026-06-02 15:05:00,1894.5,1896.5,1893.3,1896.5,27898.0
2026-06-02 15:10:00,1896.5,1898.5,1895.5,1897.4,18355.0
2026-06-02 15:15:00,1898.1,1914.4,1897.4,1907.8,53792.0
2026-06-02 15:20:00,1908.3,1910.8,1905.5,1910.2,41294.0
2026-06-02 15:25:00,1909.1,1910.7,1904.8,1908.1,34956.0
2026-06-03 09:15:00,1908.1,1916.9,1901.7,1905.3,22081.0
2026-06-03 09:20:00,1904.7,1904.7,1897.7,1903.3,7219.0
2026-06-03 09:25:00,1903.9,1903.9,1896.5,1899.4,4931.0
2026-06-03 09:30:00,1899.1,1901.1,1895.6,1897.1,2779.0
2026-06-03 09:35:00,1897.1,1905.0,1894.4,1903.3,5822.0
2026-06-03 09:40:00,1902.3,1907.1,1901.5,1905.1,3682.0
2026-06-03 09:45:00,1904.6,1930.0,1903.9,1927.0,20577.0
2026-06-03 09:50:00,1927.1,1928.3,1915.0,1915.0,8476.0
2026-06-03 09:55:00,1914.9,1914.9,1904.4,1912.6,13864.0
2026-06-03 10:00:00,1912.5,1921.0,1911.1,1919.5,6003.0
2026-06-03 10:05:00,1919.5,1925.0,1917.0,1919.5,8544.0
2026-06-03 10:10:00,1920.5,1920.5,1915.0,1917.6,5491.0
2026-06-03 10:15:00,1917.6,1919.9,1914.2,1919.2,1509.0
2026-06-03 10:20:00,1919.9,1928.6,1919.3,1923.0,10447.0
2026-06-03 10:25:00,1922.0,1925.0,1919.7,1920.4,3750.0
2026-06-03 10:30:00,1920.8,1923.1,1913.4,1913.8,9934.0
2026-06-03 10:35:00,1914.5,1917.1,1913.9,1914.9,3061.0
2026-06-03 10:40:00,1914.9,1915.6,1911.1,1912.2,3253.0
2026-06-03 10:45:00,1911.5,1915.8,1906.0,1906.5,15892.0
2026-06-03 10:50:00,1906.6,1909.0,1901.3,1903.9,10422.0
2026-06-03 10:55:00,1903.9,1907.0,1893.9,1905.4,37265.0
2026-06-03 11:00:00,1904.4,1909.0,1904.1,1907.0,2778.0
2026-06-03 11:05:00,1907.0,1907.0,1904.0,1905.0,1384.0
2026-06-03 11:10:00,1904.8,1909.8,1903.7,1909.3,5842.0
2026-06-03 11:15:00,1907.2,1911.0,1906.1,1911.0,12573.0
2026-06-03 11:20:00,1911.0,1912.0,1907.0,1908.8,14529.0
2026-06-03 11:25:00,1908.0,1911.0,1908.0,1909.3,14705.0
2026-06-03 11:30:00,1909.3,1912.0,1908.3,1908.6,2616.0
2026-06-03 11:35:00,1909.4,1909.4,1905.9,1906.9,2789.0
2026-06-03 11:40:00,1906.9,1909.8,1903.1,1909.0,4709.0
2026-06-03 11:45:00,1909.7,1909.7,1902.0,1904.4,6249.0
2026-06-03 11:50:00,1904.4,1905.1,1902.6,1905.1,832.0
2026-06-03 11:55:00,1904.4,1904.7,1903.0,1903.1,1592.0
2026-06-03 12:00:00,1904.0,1904.0,1898.8,1901.7,4694.0
2026-06-03 12:05:00,1900.6,1901.8,1900.0,1901.0,729.0
2026-06-03 12:10:00,1901.0,1901.0,1895.0,1897.2,38609.0
2026-06-03 12:15:00,1898.2,1900.7,1898.0,1900.1,2940.0
2026-06-03 12:20:00,1900.1,1900.7,1896.0,1896.9,25227.0
2026-06-03 12:25:00,1896.2,1907.3,1896.2,1907.0,35337.0
2026-06-03 12:30:00,1906.4,1912.9,1905.5,1912.5,18755.0
2026-06-03 12:35:00,1912.5,1918.4,1911.2,1918.1,7829.0
2026-06-03 12:40:00,1918.8,1926.8,1918.1,1925.0,17572.0
2026-06-03 12:45:00,1924.4,1925.9,1918.3,1920.0,19573.0
2026-06-03 12:50:00,1920.0,1920.0,1917.1,1917.1,5604.0
2026-06-03 12:55:00,1917.1,1918.0,1913.3,1915.6,20714.0
2026-06-03 13:00:00,1916.3,1921.9,1916.1,1921.1,5158.0
2026-06-03 13:05:00,1921.9,1923.7,1917.2,1921.5,6338.0
2026-06-03 13:10:00,1921.0,1923.5,1919.5,1923.5,5211.0
2026-06-03 13:15:00,1924.0,1928.9,1924.0,1925.8,13594.0
2026-06-03 13:20:00,1926.5,1927.9,1923.8,1924.2,8601.0
2026-06-03 13:25:00,1924.2,1926.5,1923.6,1926.3,13697.0
2026-06-03 13:30:00,1926.3,1930.0,1924.9,1929.1,6104.0
2026-06-03 13:35:00,1929.0,1929.6,1926.5,1926.7,6293.0
2026-06-03 13:40:00,1926.7,1933.5,1926.7,1928.7,15777.0
2026-06-03 13:45:00,1930.0,1937.5,1928.8,1935.6,13737.0
2026-06-03 13:50:00,1935.6,1936.5,1932.7,1935.3,11393.0
2026-06-03 13:55:00,1935.3,1939.7,1935.2,1938.8,8520.0
2026-06-03 14:00:00,1939.1,1943.0,1936.1,1942.0,8883.0
2026-06-03 14:05:00,1942.9,1942.9,1938.9,1939.8,8196.0
2026-06-03 14:10:00,1939.2,1941.8,1936.4,1941.8,5979.0
2026-06-03 14:15:00,1940.9,1944.4,1938.6,1944.0,9127.0
2026-06-03 14:20:00,1943.1,1946.9,1943.1,1945.4,8353.0
2026-06-03 14:25:00,1945.3,1947.3,1944.0,1946.0,7574.0
2026-06-03 14:30:00,1946.8,1948.9,1945.7,1947.0,8039.0
2026-06-03 14:35:00,1946.9,1947.9,1944.5,1947.2,9512.0
2026-06-03 14:40:00,1946.5,1948.5,1946.5,1948.5,4147.0
2026-06-03 14:45:00,1948.1,1948.1,1940.0,1941.8,21317.0
2026-06-03 14:50:00,1941.8,1944.0,1941.0,1943.4,7206.0
2026-06-03 14:55:00,1944.0,1944.6,1940.4,1941.8,10417.0
2026-06-03 15:00:00,1941.7,1943.9,1932.6,1937.6,20527.0
2026-06-03 15:05:00,1938.1,1939.8,1936.6,1937.9,14193.0
2026-06-03 15:10:00,1937.6,1938.0,1931.8,1935.6,13633.0
2026-06-03 15:15:00,1935.6,1939.5,1935.0,1937.5,15162.0
2026-06-03 15:20:00,1936.4,1937.7,1935.0,1936.1,16236.0
2026-06-03 15:25:00,1936.0,1940.0,1932.6,1935.6,30823.0
2026-06-04 09:15:00,1936.5,1977.3,1936.5,1956.4,62820.0
2026-06-04 09:20:00,1956.0,1956.5,1946.5,1947.3,23589.0
2026-06-04 09:25:00,1948.3,1954.0,1945.5,1952.0,18704.0
2026-06-04 09:30:00,1952.4,1956.9,1948.5,1956.5,17485.0
2026-06-04 09:35:00,1957.0,1958.2,1955.1,1956.6,23496.0
2026-06-04 09:40:00,1956.0,1959.6,1951.2,1958.7,18009.0
2026-06-04 09:45:00,1958.9,1965.0,1958.9,1963.7,21340.0
2026-06-04 09:50:00,1963.7,1964.4,1959.9,1964.4,14254.0
2026-06-04 09:55:00,1963.3,1965.2,1962.3,1964.4,15470.0
2026-06-04 10:00:00,1963.8,1973.0,1961.1,1973.0,27297.0
2026-06-04 10:05:00,1972.5,1977.0,1971.5,1976.3,31506.0
2026-06-04 10:10:00,1976.4,1985.0,1976.4,1984.3,43039.0
2026-06-04 10:15:00,1984.6,1985.0,1979.8,1984.0,27482.0
2026-06-04 10:20:00,1984.4,1986.2,1982.3,1985.5,29593.0
2026-06-04 10:25:00,1986.0,1988.5,1983.5,1986.8,24973.0
2026-06-04 10:30:00,1986.7,1988.5,1979.1,1981.4,22088.0
2026-06-04 10:35:00,1981.4,1982.0,1972.0,1975.8,16399.0
2026-06-04 10:40:00,1975.0,1977.0,1972.4,1976.4,12129.0
2026-06-04 10:45:00,1976.4,1978.0,1974.1,1974.1,13939.0
2026-06-04 10:50:00,1975.2,1975.4,1970.4,1972.2,12617.0
2026-06-04 10:55:00,1972.2,1973.8,1969.5,1970.0,14429.0
2026-06-04 11:00:00,1969.5,1970.4,1960.1,1962.6,20831.0
2026-06-04 11:05:00,1962.0,1963.1,1959.2,1960.7,11816.0
2026-06-04 11:10:00,1960.1,1963.5,1959.4,1963.5,12396.0
2026-06-04 11:15:00,1963.5,1968.6,1960.6,1966.5,10994.0
2026-06-04 11:20:00,1965.9,1970.1,1965.9,1970.1,10808.0
2026-06-04 11:25:00,1970.1,1970.1,1963.3,1964.8,20096.0
2026-06-04 11:30:00,1964.0,1967.0,1959.6,1966.9,38092.0
2026-06-04 11:35:00,1966.6,1971.5,1965.0,1971.5,10498.0
2026-06-04 11:40:00,1971.5,1971.5,1968.5,1970.9,8969.0
2026-06-04 11:45:00,1970.4,1970.9,1962.7,1966.7,9343.0
2026-06-04 11:50:00,1966.7,1968.7,1964.3,1965.7,10434.0
2026-06-04 11:55:00,1966.6,1971.0,1966.0,1970.5,14630.0
2026-06-04 12:00:00,1970.5,1975.0,1969.5,1974.7,12593.0
2026-06-04 12:05:00,1975.0,1977.4,1970.5,1971.0,24961.0
2026-06-04 12:10:00,1971.4,1973.1,1965.9,1973.0,10619.0
2026-06-04 12:15:00,1973.0,1973.0,1967.4,1969.0,14974.0
2026-06-04 12:20:00,1968.9,1976.4,1968.1,1975.4,29203.0
2026-06-04 12:25:00,1975.4,1976.0,1970.4,1970.4,9649.0
2026-06-04 12:30:00,1970.2,1971.5,1967.0,1967.5,13156.0
2026-06-04 12:35:00,1967.0,1969.1,1965.3,1969.1,10075.0
2026-06-04 12:40:00,1968.8,1973.5,1967.1,1971.2,14073.0
2026-06-04 12:45:00,1971.2,1973.2,1968.6,1970.0,20997.0
2026-06-04 12:50:00,1970.0,1974.4,1969.9,1974.0,10124.0
2026-06-04 12:55:00,1974.3,1974.6,1971.2,1973.0,8657.0
2026-06-04 13:00:00,1973.0,1975.0,1972.6,1974.5,22988.0
2026-06-04 13:05:00,1975.0,1975.0,1972.3,1973.0,10821.0
2026-06-04 13:10:00,1973.0,1973.0,1963.5,1964.6,10846.0
2026-06-04 13:15:00,1964.6,1966.9,1962.5,1965.7,9023.0
2026-06-04 13:20:00,1965.8,1966.4,1964.0,1965.2,43124.0
2026-06-04 13:25:00,1966.0,1966.1,1955.0,1956.2,16010.0
2026-06-04 13:30:00,1955.8,1955.8,1952.1,1954.4,12427.0
2026-06-04 13:35:00,1954.4,1954.6,1950.1,1952.0,12775.0
2026-06-04 13:40:00,1952.0,1953.3,1949.4,1950.5,8587.0
2026-06-04 13:45:00,1950.5,1951.3,1949.8,1950.6,7567.0
2026-06-04 13:50:00,1949.9,1950.7,1949.2,1950.0,8301.0
2026-06-04 13:55:00,1949.5,1950.6,1949.1,1950.4,12488.0
2026-06-04 14:00:00,1949.5,1956.6,1949.4,1952.7,15376.0
2026-06-04 14:05:00,1952.9,1954.0,1951.0,1953.7,7380.0
2026-06-04 14:10:00,1953.9,1953.9,1948.1,1950.0,8114.0
2026-06-04 14:15:00,1950.0,1952.0,1949.4,1949.8,8771.0
2026-06-04 14:20:00,1949.9,1950.0,1948.5,1949.9,6321.0
2026-06-04 14:25:00,1949.9,1949.9,1945.3,1946.0,9485.0
2026-06-04 14:30:00,1945.3,1946.6,1942.0,1943.2,12872.0
2026-06-04 14:35:00,1942.5,1947.7,1942.2,1946.1,32549.0
2026-06-04 14:40:00,1945.0,1945.1,1941.5,1943.4,9387.0
2026-06-04 14:45:00,1943.6,1945.7,1941.5,1941.6,11972.0
2026-06-04 14:50:00,1942.6,1942.9,1936.4,1936.8,13518.0
2026-06-04 14:55:00,1936.5,1942.8,1936.0,1941.3,14579.0
2026-06-04 15:00:00,1941.7,1941.7,1932.6,1932.7,30030.0
2026-06-04 15:05:00,1933.3,1936.4,1932.5,1936.4,17997.0
2026-06-04 15:10:00,1936.4,1939.6,1935.9,1939.2,22193.0
2026-06-04 15:15:00,1939.2,1942.5,1938.4,1940.9,28908.0
2026-06-04 15:20:00,1939.7,1940.2,1934.6,1938.8,28757.0
2026-06-04 15:25:00,1938.8,1942.0,1931.5,1931.5,34624.0
2026-06-05 09:15:00,1928.1,1942.1,1928.0,1930.1,13303.0
2026-06-05 09:20:00,1930.5,1934.8,1927.5,1929.1,10407.0
2026-06-05 09:25:00,1929.2,1935.0,1926.5,1929.6,7792.0
2026-06-05 09:30:00,1929.0,1936.6,1928.8,1930.3,8144.0
2026-06-05 09:35:00,1930.3,1937.0,1928.1,1933.0,12000.0
2026-06-05 09:40:00,1934.3,1935.8,1931.0,1935.7,2988.0
2026-06-05 09:45:00,1935.1,1937.9,1934.4,1937.7,5186.0
2026-06-05 09:50:00,1936.5,1937.0,1932.7,1936.1,3041.0
2026-06-05 09:55:00,1934.8,1936.2,1930.1,1931.8,3429.0
2026-06-05 10:00:00,1931.8,1937.5,1930.9,1936.6,4452.0
2026-06-05 10:05:00,1936.6,1945.0,1935.0,1944.7,9431.0
2026-06-05 10:10:00,1944.1,1944.1,1938.0,1938.0,4870.0
2026-06-05 10:15:00,1938.0,1941.5,1937.1,1940.7,1832.0
2026-06-05 10:20:00,1940.7,1941.4,1935.1,1937.2,7381.0
2026-06-05 10:25:00,1937.3,1939.3,1934.1,1935.0,9552.0
2026-06-05 10:30:00,1935.5,1937.2,1934.1,1934.2,1298.0
2026-06-05 10:35:00,1934.0,1935.3,1928.0,1928.0,4964.0
2026-06-05 10:40:00,1927.9,1930.0,1927.0,1930.0,5370.0
2026-06-05 10:45:00,1929.8,1934.6,1926.7,1933.1,3892.0
2026-06-05 10:50:00,1933.6,1941.0,1933.6,1939.4,4979.0
2026-06-05 10:55:00,1939.4,1950.0,1939.3,1949.0,7781.0
2026-06-05 11:00:00,1948.5,1950.0,1944.0,1947.5,4262.0
2026-06-05 11:05:00,1948.5,1949.4,1946.4,1948.0,3312.0
2026-06-05 11:10:00,1947.6,1948.4,1946.3,1947.0,1263.0
2026-06-05 11:15:00,1946.9,1948.0,1945.7,1946.9,2146.0
2026-06-05 11:20:00,1947.0,1947.0,1942.3,1942.6,4645.0
2026-06-05 11:25:00,1942.6,1946.3,1942.6,1946.0,2091.0
2026-06-05 11:30:00,1946.0,1947.0,1945.6,1946.8,4972.0
2026-06-05 11:35:00,1946.8,1946.8,1944.3,1945.5,1773.0
2026-06-05 11:40:00,1945.5,1947.0,1945.3,1945.3,1946.0
2026-06-05 11:45:00,1946.5,1948.6,1945.8,1948.3,2871.0
2026-06-05 11:50:00,1948.2,1948.4,1939.5,1940.4,8655.0
2026-06-05 11:55:00,1940.0,1940.0,1938.8,1938.8,1307.0
2026-06-05 12:00:00,1938.8,1943.7,1938.7,1942.7,6650.0
2026-06-05 12:05:00,1943.4,1951.7,1943.2,1951.7,3275.0
2026-06-05 12:10:00,1951.1,1952.0,1948.1,1950.7,3100.0
2026-06-05 12:15:00,1950.5,1951.0,1948.0,1948.0,2254.0
2026-06-05 12:20:00,1945.7,1945.7,1941.1,1941.6,3908.0
2026-06-05 12:25:00,1941.7,1945.0,1941.1,1943.4,2267.0
2026-06-05 12:30:00,1943.3,1943.8,1941.8,1943.0,3201.0
2026-06-05 12:35:00,1943.5,1944.3,1941.4,1944.3,1197.0
2026-06-05 12:40:00,1943.2,1944.5,1939.8,1939.8,4575.0
2026-06-05 12:45:00,1939.8,1940.0,1935.7,1936.1,6935.0
2026-06-05 12:50:00,1935.8,1935.9,1931.1,1934.3,6979.0
2026-06-05 12:55:00,1933.8,1934.8,1933.0,1933.0,1741.0
2026-06-05 13:00:00,1933.0,1933.2,1932.0,1933.0,1708.0
2026-06-05 13:05:00,1933.0,1933.7,1930.1,1931.6,4262.0
2026-06-05 13:10:00,1932.4,1932.4,1929.0,1929.6,3039.0
2026-06-05 13:15:00,1929.0,1934.2,1928.9,1933.9,2665.0
2026-06-05 13:20:00,1933.2,1933.9,1926.6,1928.4,1584.0
2026-06-05 13:25:00,1927.4,1929.8,1925.1,1925.9,11677.0
2026-06-05 13:30:00,1926.0,1928.5,1924.1,1927.4,4790.0
2026-06-05 13:35:00,1927.2,1929.3,1923.6,1924.0,8459.0
2026-06-05 13:40:00,1923.6,1924.0,1917.1,1921.4,6986.0
2026-06-05 13:45:00,1920.5,1922.8,1919.7,1921.1,2259.0
2026-06-05 13:50:00,1921.2,1922.4,1920.2,1921.5,764.0
2026-06-05 13:55:00,1921.5,1923.0,1920.2,1922.3,2560.0
2026-06-05 14:00:00,1923.3,1925.0,1921.6,1922.2,1416.0
2026-06-05 14:05:00,1923.1,1923.1,1921.3,1921.3,1128.0
2026-06-05 14:10:00,1921.3,1922.0,1920.0,1921.2,5378.0
2026-06-05 14:15:00,1921.2,1922.3,1920.0,1921.1,2149.0
2026-06-05 14:20:00,1921.8,1924.8,1918.9,1924.5,6242.0
2026-06-05 14:25:00,1923.8,1929.5,1923.8,1929.1,1803.0
2026-06-05 14:30:00,1928.2,1931.7,1927.9,1929.4,1937.0
2026-06-05 14:35:00,1929.4,1930.0,1925.4,1927.8,1430.0
2026-06-05 14:40:00,1927.8,1935.0,1927.4,1933.5,9171.0
2026-06-05 14:45:00,1933.8,1935.7,1926.5,1927.8,19177.0
2026-06-05 14:50:00,1928.3,1931.0,1927.4,1930.7,1512.0
2026-06-05 14:55:00,1930.7,1934.9,1927.8,1929.2,5104.0
2026-06-05 15:00:00,1929.4,1930.5,1924.3,1927.2,8010.0
2026-06-05 15:05:00,1926.2,1929.3,1925.0,1928.9,6209.0
2026-06-05 15:10:00,1928.1,1930.4,1927.2,1929.6,5388.0
2026-06-05 15:15:00,1929.5,1933.6,1929.1,1931.3,12496.0
2026-06-05 15:20:00,1931.3,1932.0,1929.2,1929.8,8679.0
2026-06-05 15:25:00,1930.5,1933.4,1930.5,1930.5,10250.0
2026-06-08 09:15:00,1909.9,1909.9,1892.0,1897.9,16689.0
2026-06-08 09:20:00,1897.3,1907.3,1896.1,1906.1,8182.0
2026-06-08 09:25:00,1904.9,1909.5,1900.5,1909.0,3587.0
2026-06-08 09:30:00,1909.0,1909.6,1905.0,1907.9,3680.0
2026-06-08 09:35:00,1907.4,1907.4,1901.0,1901.6,3896.0
2026-06-08 09:40:00,1902.3,1907.4,1900.9,1906.3,3919.0
2026-06-08 09:45:00,1907.8,1912.0,1904.2,1905.1,6155.0
2026-06-08 09:50:00,1904.8,1909.5,1903.8,1909.5,2558.0
2026-06-08 09:55:00,1909.5,1913.3,1908.7,1912.8,6240.0
2026-06-08 10:00:00,1913.9,1917.6,1909.5,1916.5,10292.0
2026-06-08 10:05:00,1915.8,1921.4,1915.0,1921.2,10822.0
2026-06-08 10:10:00,1920.5,1921.2,1916.2,1916.6,6085.0
2026-06-08 10:15:00,1917.2,1918.1,1915.0,1917.6,6394.0
2026-06-08 10:20:00,1916.9,1918.1,1915.7,1917.7,2509.0
2026-06-08 10:25:00,1918.4,1919.0,1916.4,1918.6,5522.0
2026-06-08 10:30:00,1918.6,1926.6,1918.4,1926.6,9838.0
2026-06-08 10:35:00,1925.6,1931.0,1925.0,1929.1,8070.0
2026-06-08 10:40:00,1929.0,1929.3,1924.3,1925.4,2937.0
2026-06-08 10:45:00,1925.4,1926.4,1922.1,1925.0,3653.0
2026-06-08 10:50:00,1925.8,1928.0,1924.4,1925.8,2485.0
2026-06-08 10:55:00,1925.8,1927.5,1924.7,1926.0,2694.0
2026-06-08 11:00:00,1926.8,1927.3,1926.0,1927.0,2190.0
2026-06-08 11:05:00,1926.9,1927.3,1923.4,1924.2,1368.0
2026-06-08 11:10:00,1924.2,1925.7,1923.0,1925.0,1896.0
2026-06-08 11:15:00,1925.0,1925.4,1922.1,1922.3,1751.0
2026-06-08 11:20:00,1923.0,1924.1,1912.4,1914.0,16459.0
2026-06-08 11:25:00,1914.1,1914.2,1910.0,1910.0,8997.0
2026-06-08 11:30:00,1910.0,1913.6,1910.0,1910.9,24422.0
2026-06-08 11:35:00,1911.3,1918.1,1910.0,1918.1,5026.0
2026-06-08 11:40:00,1917.7,1921.0,1917.0,1920.6,5602.0
2026-06-08 11:45:00,1920.2,1922.0,1920.1,1922.0,2595.0
2026-06-08 11:50:00,1921.6,1922.7,1919.7,1922.7,3161.0
2026-06-08 11:55:00,1923.0,1923.1,1920.8,1921.8,2325.0
2026-06-08 12:00:00,1921.8,1922.5,1921.5,1922.1,2661.0
2026-06-08 12:05:00,1921.4,1922.4,1919.1,1919.5,2694.0
2026-06-08 12:10:00,1921.0,1923.0,1920.0,1921.9,2667.0
2026-06-08 12:15:00,1921.9,1922.3,1920.8,1921.3,1219.0
2026-06-08 12:20:00,1921.3,1922.8,1920.7,1920.7,2010.0
2026-06-08 12:25:00,1921.5,1923.7,1920.6,1923.3,4165.0
2026-06-08 12:30:00,1923.7,1923.9,1920.0,1922.4,1681.0
2026-06-08 12:35:00,1921.6,1921.6,1919.2,1919.7,1589.0
2026-06-08 12:40:00,1920.1,1921.8,1920.0,1921.6,1522.0
2026-06-08 12:45:00,1921.4,1922.7,1920.1,1922.4,1571.0
2026-06-08 12:50:00,1922.9,1925.1,1922.1,1925.1,4004.0
2026-06-08 12:55:00,1925.0,1926.1,1924.9,1926.0,1906.0
2026-06-08 13:00:00,1926.0,1926.9,1923.4,1924.6,2482.0
2026-06-08 13:05:00,1924.1,1925.0,1921.0,1924.0,2044.0
2026-06-08 13:10:00,1923.5,1923.9,1921.8,1923.0,1516.0
2026-06-08 13:15:00,1922.9,1925.1,1922.9,1923.8,1763.0
2026-06-08 13:20:00,1923.8,1923.8,1922.0,1923.7,1042.0
2026-06-08 13:25:00,1923.7,1923.9,1920.9,1922.4,1549.0
2026-06-08 13:30:00,1923.0,1923.4,1918.2,1919.4,2065.0
2026-06-08 13:35:00,1918.4,1918.8,1914.7,1916.1,2108.0
2026-06-08 13:40:00,1916.5,1916.6,1911.2,1911.6,3057.0
2026-06-08 13:45:00,1911.6,1912.0,1908.6,1910.7,3253.0
2026-06-08 13:50:00,1910.9,1913.7,1910.9,1911.8,2212.0
2026-06-08 13:55:00,1911.9,1912.5,1910.8,1912.0,2997.0
2026-06-08 14:00:00,1912.0,1914.0,1912.0,1914.0,1928.0
2026-06-08 14:05:00,1914.0,1914.6,1911.0,1911.6,2706.0
2026-06-08 14:10:00,1911.5,1911.5,1909.0,1909.3,2563.0
2026-06-08 14:15:00,1909.5,1912.4,1908.0,1911.1,4041.0
2026-06-08 14:20:00,1911.1,1911.6,1909.1,1910.2,1881.0
2026-06-08 14:25:00,1909.9,1910.3,1908.0,1908.5,2926.0
2026-06-08 14:30:00,1908.0,1910.5,1908.0,1909.1,2157.0
2026-06-08 14:35:00,1909.1,1910.1,1908.3,1909.2,2326.0
2026-06-08 14:40:00,1908.0,1910.4,1905.8,1910.4,2954.0
2026-06-08 14:45:00,1910.4,1912.4,1908.6,1911.0,2891.0
2026-06-08 14:50:00,1910.6,1911.1,1907.0,1907.0,2830.0
2026-06-08 14:55:00,1907.0,1909.8,1905.0,1906.7,4423.0
2026-06-08 15:00:00,1906.6,1906.6,1894.6,1895.8,17617.0
2026-06-08 15:05:00,1895.8,1897.9,1893.0,1896.2,23898.0
2026-06-08 15:10:00,1896.8,1897.2,1892.6,1894.2,13354.0
2026-06-08 15:15:00,1893.6,1897.0,1891.2,1896.6,12442.0
2026-06-08 15:20:00,1896.7,1896.8,1882.2,1884.7,26676.0
2026-06-08 15:25:00,1884.6,1895.0,1883.8,1895.0,17866.0
2026-06-09 09:15:00,1908.0,1927.4,1903.4,1922.1,23816.0
2026-06-09 09:20:00,1920.0,1929.8,1920.0,1928.0,11600.0
2026-06-09 09:25:00,1928.1,1931.0,1927.6,1927.9,10340.0
2026-06-09 09:30:00,1928.7,1933.9,1927.4,1933.7,10587.0
2026-06-09 09:35:00,1933.7,1939.0,1933.5,1938.4,30053.0
2026-06-09 09:40:00,1939.0,1939.0,1928.9,1929.0,22398.0
2026-06-09 09:45:00,1929.4,1936.9,1929.4,1930.8,17561.0
2026-06-09 09:50:00,1930.4,1936.5,1930.0,1935.1,10985.0
2026-06-09 09:55:00,1936.5,1936.5,1932.6,1934.9,10325.0
2026-06-09 10:00:00,1934.8,1939.4,1934.0,1938.6,17337.0
2026-06-09 10:05:00,1938.3,1940.0,1929.3,1934.5,25654.0
2026-06-09 10:10:00,1934.5,1935.3,1932.0,1933.7,12237.0
2026-06-09 10:15:00,1933.0,1934.0,1930.1,1933.5,8171.0
2026-06-09 10:20:00,1933.0,1933.9,1930.5,1931.0,5958.0
2026-06-09 10:25:00,1931.0,1933.3,1930.2,1933.0,6499.0
2026-06-09 10:30:00,1933.0,1933.3,1928.8,1930.0,6356.0
2026-06-09 10:35:00,1930.6,1931.2,1929.4,1930.7,5729.0
2026-06-09 10:40:00,1930.7,1934.0,1930.1,1932.6,5984.0
2026-06-09 10:45:00,1932.8,1933.9,1930.4,1931.4,6334.0
2026-06-09 10:50:00,1931.5,1941.6,1929.6,1941.6,29379.0
2026-06-09 10:55:00,1942.0,1944.6,1938.5,1939.4,28265.0
2026-06-09 11:00:00,1939.4,1941.3,1938.0,1940.0,5175.0
2026-06-09 11:05:00,1940.0,1940.8,1938.8,1940.8,11039.0
2026-06-09 11:10:00,1940.0,1940.0,1935.7,1936.0,7998.0
2026-06-09 11:15:00,1935.9,1938.0,1935.5,1937.4,7184.0
2026-06-09 11:20:00,1937.9,1938.0,1935.0,1935.1,3235.0
2026-06-09 11:25:00,1935.3,1938.6,1935.0,1937.9,10327.0
2026-06-09 11:30:00,1937.9,1942.2,1937.7,1940.0,15631.0
2026-06-09 11:35:00,1940.0,1948.9,1939.8,1946.9,24417.0
2026-06-09 11:40:00,1946.9,1950.9,1946.8,1949.0,19714.0
2026-06-09 11:45:00,1949.6,1952.7,1948.5,1950.5,14654.0
2026-06-09 11:50:00,1950.5,1953.6,1949.5,1953.0,21705.0
2026-06-09 11:55:00,1953.5,1953.5,1949.6,1950.3,23823.0
2026-06-09 12:00:00,1951.0,1954.0,1951.0,1952.7,10301.0
2026-06-09 12:05:00,1952.7,1953.5,1950.0,1950.6,12228.0
2026-06-09 12:10:00,1951.2,1954.6,1950.8,1954.6,6353.0
2026-06-09 12:15:00,1954.6,1954.6,1948.0,1948.3,8765.0
2026-06-09 12:20:00,1949.0,1949.0,1948.2,1948.4,5619.0
2026-06-09 12:25:00,1948.7,1948.7,1946.7,1947.0,4684.0
2026-06-09 12:30:00,1947.0,1947.9,1946.0,1947.0,6125.0
2026-06-09 12:35:00,1947.0,1948.3,1946.1,1947.0,3771.0
2026-06-09 12:40:00,1947.7,1948.5,1946.6,1948.5,3480.0
2026-06-09 12:45:00,1947.9,1949.0,1940.4,1941.0,18078.0
2026-06-09 12:50:00,1941.0,1941.0,1936.0,1937.7,9400.0
2026-06-09 12:55:00,1937.2,1938.8,1931.8,1932.0,29014.0
2026-06-09 13:00:00,1932.1,1933.0,1931.2,1932.1,2863.0
2026-06-09 13:05:00,1932.3,1932.9,1931.6,1932.5,4791.0
2026-06-09 13:10:00,1932.5,1934.3,1932.1,1933.9,2348.0
2026-06-09 13:15:00,1933.7,1934.1,1931.4,1932.5,9592.0
2026-06-09 13:20:00,1932.5,1932.7,1927.7,1928.0,6981.0
2026-06-09 13:25:00,1927.8,1930.2,1927.8,1928.6,4794.0
2026-06-09 13:30:00,1928.8,1928.8,1925.1,1927.8,9184.0
2026-06-09 13:35:00,1926.3,1926.7,1923.3,1924.3,25071.0
2026-06-09 13:40:00,1924.3,1924.9,1921.8,1923.9,9860.0
2026-06-09 13:45:00,1924.0,1924.6,1922.2,1923.4,7356.0
2026-06-09 13:50:00,1923.4,1924.0,1922.3,1923.3,9195.0
2026-06-09 13:55:00,1923.4,1923.9,1918.5,1922.7,15768.0
2026-06-09 14:00:00,1922.8,1923.6,1922.2,1923.3,2963.0
2026-06-09 14:05:00,1923.3,1924.7,1919.8,1920.1,7634.0
2026-06-09 14:10:00,1920.2,1924.2,1920.0,1922.0,9523.0
2026-06-09 14:15:00,1922.0,1924.0,1922.0,1923.0,5029.0
2026-06-09 14:20:00,1922.2,1922.9,1921.0,1922.3,7771.0
2026-06-09 14:25:00,1922.3,1924.0,1922.3,1923.5,7928.0
2026-06-09 14:30:00,1924.1,1927.7,1923.4,1924.5,23976.0
2026-06-09 14:35:00,1924.5,1925.6,1922.0,1924.8,6928.0
2026-06-09 14:40:00,1925.8,1927.0,1922.3,1923.5,8528.0
2026-06-09 14:45:00,1923.5,1924.4,1922.0,1922.7,6131.0
2026-06-09 14:50:00,1922.7,1927.3,1922.1,1927.3,18200.0
2026-06-09 14:55:00,1926.9,1927.4,1922.9,1924.2,28832.0
2026-06-09 15:00:00,1923.3,1926.3,1917.4,1926.0,34940.0
2026-06-09 15:05:00,1926.3,1931.9,1926.3,1929.7,31202.0
2026-06-09 15:10:00,1929.8,1930.5,1925.1,1927.1,18977.0
2026-06-09 15:15:00,1927.5,1928.0,1925.1,1925.1,16232.0
2026-06-09 15:20:00,1924.9,1927.4,1923.4,1924.5,41655.0
2026-06-09 15:25:00,1924.3,1925.0,1920.0,1920.1,30602.0
2026-06-10 09:15:00,1925.4,1925.4,1886.0,1889.9,53326.0
2026-06-10 09:20:00,1890.2,1891.8,1877.0,1890.9,35779.0
2026-06-10 09:25:00,1887.7,1898.0,1883.5,1898.0,26067.0
2026-06-10 09:30:00,1897.4,1898.0,1890.1,1896.7,10125.0
2026-06-10 09:35:00,1896.7,1896.9,1891.1,1892.2,9640.0
2026-06-10 09:40:00,1891.4,1897.0,1890.4,1895.1,9171.0
2026-06-10 09:45:00,1894.6,1897.5,1893.2,1896.9,8719.0
2026-06-10 09:50:00,1897.2,1897.4,1893.7,1894.4,4918.0
2026-06-10 09:55:00,1894.1,1902.2,1891.6,1901.0,27018.0
2026-06-10 10:00:00,1901.0,1903.3,1896.7,1898.0,9880.0
2026-06-10 10:05:00,1897.9,1898.0,1894.7,1895.6,11380.0
2026-06-10 10:10:00,1895.0,1896.3,1892.8,1894.7,5492.0
2026-06-10 10:15:00,1894.7,1894.7,1890.0,1893.9,21251.0
2026-06-10 10:20:00,1893.7,1894.8,1891.8,1893.2,3437.0
2026-06-10 10:25:00,1893.2,1895.3,1893.2,1895.2,4777.0
2026-06-10 10:30:00,1895.2,1903.8,1894.1,1901.5,21263.0
2026-06-10 10:35:00,1902.2,1904.2,1899.3,1900.0,8983.0
2026-06-10 10:40:00,1899.3,1900.9,1898.7,1900.3,10180.0
2026-06-10 10:45:00,1900.1,1907.0,1892.3,1893.0,145635.0
2026-06-10 10:50:00,1893.0,1895.0,1890.5,1892.0,8278.0
2026-06-10 10:55:00,1891.8,1893.8,1891.5,1892.7,4436.0
2026-06-10 11:00:00,1892.6,1892.7,1889.2,1891.5,5092.0
2026-06-10 11:05:00,1891.8,1891.9,1887.0,1888.1,9744.0
2026-06-10 11:10:00,1888.1,1890.2,1882.6,1885.0,18391.0
2026-06-10 11:15:00,1885.0,1889.8,1884.3,1888.1,16102.0
2026-06-10 11:20:00,1888.3,1891.0,1887.0,1890.8,4049.0
2026-06-10 11:25:00,1890.5,1894.8,1890.0,1894.1,7030.0
2026-06-10 11:30:00,1894.8,1895.0,1892.3,1895.0,5640.0
2026-06-10 11:35:00,1894.7,1895.1,1891.0,1892.2,3887.0
2026-06-10 11:40:00,1892.2,1895.0,1892.2,1894.9,3312.0
2026-06-10 11:45:00,1895.0,1896.8,1894.0,1896.4,3620.0
2026-06-10 11:50:00,1896.0,1898.2,1892.6,1895.5,13549.0
2026-06-10 11:55:00,1895.5,1895.9,1892.5,1892.7,8238.0
2026-06-10 12:00:00,1893.1,1893.7,1889.0,1890.2,5247.0
2026-06-10 12:05:00,1890.2,1891.2,1889.2,1890.6,6644.0
2026-06-10 12:10:00,1890.4,1911.7,1890.0,1908.8,86196.0
2026-06-10 12:15:00,1908.0,1915.6,1899.8,1915.0,66084.0
2026-06-10 12:20:00,1914.8,1920.3,1912.0,1916.7,42302.0
2026-06-10 12:25:00,1917.0,1918.0,1911.0,1911.6,25474.0
2026-06-10 12:30:00,1911.1,1916.4,1911.1,1914.7,16688.0
2026-06-10 12:35:00,1913.7,1915.1,1912.6,1915.1,7664.0
2026-06-10 12:40:00,1914.6,1914.9,1904.1,1904.7,15258.0
2026-06-10 12:45:00,1904.5,1911.3,1904.1,1911.2,9273.0
2026-06-10 12:50:00,1911.0,1912.2,1908.0,1911.4,12498.0
2026-06-10 12:55:00,1911.4,1916.2,1910.1,1915.8,6182.0
2026-06-10 13:00:00,1915.9,1930.4,1915.9,1927.0,23072.0
2026-06-10 13:05:00,1927.4,1946.6,1927.0,1946.6,67431.0
2026-06-10 13:10:00,1946.8,1975.4,1946.2,1961.9,155728.0
2026-06-10 13:15:00,1962.1,1964.0,1953.8,1953.9,34869.0
2026-06-10 13:20:00,1953.9,1961.7,1952.9,1953.7,30613.0
2026-06-10 13:25:00,1953.7,1962.6,1952.5,1961.0,41362.0
2026-06-10 13:30:00,1961.5,1963.0,1953.5,1956.0,58895.0
2026-06-10 13:35:00,1956.5,1960.0,1952.2,1953.5,22291.0
2026-06-10 13:40:00,1953.7,1955.0,1947.6,1949.0,20434.0
2026-06-10 13:45:00,1948.7,1953.6,1946.0,1953.0,18672.0
2026-06-10 13:50:00,1952.5,1954.7,1949.0,1953.8,10981.0
2026-06-10 13:55:00,1953.3,1954.6,1950.9,1951.8,14760.0
2026-06-10 14:00:00,1951.9,1959.0,1949.2,1958.4,45289.0
2026-06-10 14:05:00,1958.6,1963.9,1954.7,1955.4,39747.0
2026-06-10 14:10:00,1955.4,1958.3,1953.7,1953.9,20229.0
2026-06-10 14:15:00,1953.6,1958.0,1952.5,1955.3,23696.0
2026-06-10 14:20:00,1955.3,1958.5,1952.5,1955.0,17877.0
2026-06-10 14:25:00,1954.9,1957.1,1954.0,1956.9,12266.0
2026-06-10 14:30:00,1956.9,1958.6,1954.5,1958.0,11629.0
2026-06-10 14:35:00,1958.3,1958.9,1947.4,1948.8,18848.0
2026-06-10 14:40:00,1948.9,1950.4,1943.5,1944.2,19494.0
2026-06-10 14:45:00,1944.2,1952.3,1943.2,1952.3,29147.0
2026-06-10 14:50:00,1951.5,1952.5,1950.0,1950.2,20315.0
2026-06-10 14:55:00,1950.4,1952.0,1950.0,1950.9,15530.0
2026-06-10 15:00:00,1950.8,1951.0,1945.7,1948.3,39107.0
2026-06-10 15:05:00,1948.3,1950.0,1945.1,1949.3,39970.0
2026-06-10 15:10:00,1950.0,1952.4,1944.2,1944.7,61332.0
2026-06-10 15:15:00,1944.9,1949.3,1942.9,1949.3,70063.0
2026-06-10 15:20:00,1948.9,1956.9,1948.0,1956.9,52273.0
2026-06-10 15:25:00,1956.3,1958.7,1950.9,1957.7,42779.0
2026-06-11 09:15:00,1947.2,1949.2,1928.8,1935.5,35285.0
2026-06-11 09:20:00,1936.2,1946.3,1933.9,1940.0,13181.0
2026-06-11 09:25:00,1938.1,1946.8,1938.1,1945.8,12519.0
2026-06-11 09:30:00,1945.7,1964.4,1945.3,1959.0,41688.0
2026-06-11 09:35:00,1959.0,1965.0,1957.4,1958.8,42422.0
2026-06-11 09:40:00,1957.8,1961.0,1951.0,1957.1,30110.0
2026-06-11 09:45:00,1956.7,1958.5,1953.9,1956.6,16704.0
2026-06-11 09:50:00,1955.7,1959.1,1955.0,1956.7,8005.0
2026-06-11 09:55:00,1957.0,1957.0,1952.0,1953.0,12323.0
2026-06-11 10:00:00,1952.8,1955.0,1951.1,1952.0,9449.0
2026-06-11 10:05:00,1951.6,1957.0,1951.0,1954.4,12743.0
2026-06-11 10:10:00,1954.0,1957.8,1951.6,1955.8,7276.0
2026-06-11 10:15:00,1955.5,1958.8,1955.5,1958.6,2802.0
2026-06-11 10:20:00,1959.0,1959.3,1957.7,1958.7,5763.0
2026-06-11 10:25:00,1958.9,1959.2,1955.0,1955.2,10214.0
2026-06-11 10:30:00,1955.4,1956.0,1953.0,1954.6,7565.0
2026-06-11 10:35:00,1954.0,1954.0,1951.2,1953.0,6543.0
2026-06-11 10:40:00,1952.7,1954.6,1952.2,1953.5,2260.0
2026-06-11 10:45:00,1953.3,1953.3,1951.2,1951.4,4194.0
2026-06-11 10:50:00,1951.2,1951.5,1944.0,1945.4,12813.0
2026-06-11 10:55:00,1944.9,1946.0,1943.2,1944.4,5242.0
2026-06-11 11:00:00,1944.6,1944.8,1940.8,1942.8,6681.0
2026-06-11 11:05:00,1943.3,1946.6,1943.1,1946.5,5964.0
2026-06-11 11:10:00,1945.8,1947.1,1945.6,1946.6,2414.0
2026-06-11 11:15:00,1946.6,1949.6,1946.3,1948.5,5180.0
2026-06-11 11:20:00,1949.0,1950.3,1948.7,1948.9,4256.0
2026-06-11 11:25:00,1948.8,1950.8,1947.4,1950.0,3499.0
2026-06-11 11:30:00,1949.6,1952.0,1946.9,1948.1,4528.0
2026-06-11 11:35:00,1948.4,1948.6,1942.2,1944.4,8174.0
2026-06-11 11:40:00,1945.5,1950.0,1944.0,1949.4,12476.0
2026-06-11 11:45:00,1949.9,1950.9,1948.1,1949.4,2788.0
2026-06-11 11:50:00,1949.3,1950.0,1947.4,1949.4,2211.0
2026-06-11 11:55:00,1949.4,1949.5,1948.0,1948.8,2804.0
2026-06-11 12:00:00,1948.8,1953.3,1948.4,1953.3,5708.0
2026-06-11 12:05:00,1953.4,1954.3,1950.8,1953.8,4550.0
2026-06-11 12:10:00,1954.3,1954.3,1944.0,1944.6,7910.0
2026-06-11 12:15:00,1944.4,1948.3,1944.3,1946.0,4195.0
2026-06-11 12:20:00,1945.1,1947.5,1941.3,1946.7,10021.0
2026-06-11 12:25:00,1946.5,1948.6,1945.5,1947.7,2825.0
2026-06-11 12:30:00,1947.8,1952.0,1947.8,1951.1,3776.0
2026-06-11 12:35:00,1951.4,1954.1,1950.7,1953.0,17058.0
2026-06-11 12:40:00,1953.1,1953.7,1948.3,1949.1,13303.0
2026-06-11 12:45:00,1948.6,1952.2,1945.1,1946.1,10170.0
2026-06-11 12:50:00,1946.2,1947.6,1945.0,1945.4,2836.0
2026-06-11 12:55:00,1945.6,1955.0,1944.5,1953.8,9609.0
2026-06-11 13:00:00,1953.9,1954.8,1952.0,1953.6,4332.0
2026-06-11 13:05:00,1953.6,1954.3,1949.0,1949.0,9289.0
2026-06-11 13:10:00,1949.2,1950.8,1948.4,1949.2,4004.0
2026-06-11 13:15:00,1949.7,1950.0,1947.0,1947.4,7038.0
2026-06-11 13:20:00,1947.3,1950.5,1942.4,1949.0,23394.0
2026-06-11 13:25:00,1949.3,1950.2,1946.9,1949.0,2864.0
2026-06-11 13:30:00,1950.0,1953.9,1948.8,1951.5,10395.0
2026-06-11 13:35:00,1951.6,1953.0,1949.4,1949.4,2650.0
2026-06-11 13:40:00,1950.5,1952.5,1949.4,1952.5,2624.0
2026-06-11 13:45:00,1951.8,1954.0,1951.6,1952.9,2858.0
2026-06-11 13:50:00,1952.7,1953.9,1950.9,1953.0,2884.0
2026-06-11 13:55:00,1953.0,1953.6,1947.7,1949.0,11611.0
2026-06-11 14:00:00,1949.9,1950.0,1948.4,1949.9,12363.0
2026-06-11 14:05:00,1950.0,1958.5,1949.9,1958.0,21997.0
2026-06-11 14:10:00,1957.6,1958.2,1954.0,1956.9,5309.0
2026-06-11 14:15:00,1956.9,1957.5,1955.4,1956.3,3396.0
2026-06-11 14:20:00,1955.7,1955.7,1951.3,1953.6,5777.0
2026-06-11 14:25:00,1953.4,1957.2,1952.7,1954.8,4102.0
2026-06-11 14:30:00,1955.0,1956.5,1952.4,1952.4,5230.0
2026-06-11 14:35:00,1952.4,1953.0,1946.1,1947.5,11440.0
2026-06-11 14:40:00,1947.5,1948.2,1945.8,1946.0,3671.0
2026-06-11 14:45:00,1946.3,1948.2,1946.3,1948.1,7847.0
2026-06-11 14:50:00,1948.2,1948.2,1944.6,1946.6,14243.0
2026-06-11 14:55:00,1946.7,1949.1,1944.3,1945.1,29587.0
2026-06-11 15:00:00,1944.9,1948.4,1940.4,1940.6,18459.0
2026-06-11 15:05:00,1941.5,1941.5,1938.1,1940.0,18199.0
2026-06-11 15:10:00,1940.0,1943.0,1937.2,1941.7,27761.0
2026-06-11 15:15:00,1941.2,1945.7,1940.4,1944.5,26618.0
2026-06-11 15:20:00,1944.4,1947.7,1943.1,1946.9,25255.0
2026-06-11 15:25:00,1946.0,1951.3,1944.1,1948.0,19404.0
2026-06-12 09:15:00,1952.0,1982.7,1952.0,1973.3,36332.0
2026-06-12 09:20:00,1974.3,1974.4,1962.9,1964.7,58848.0
2026-06-12 09:25:00,1964.7,1969.2,1963.9,1968.8,8461.0
2026-06-12 09:30:00,1968.8,1969.7,1962.9,1964.6,8385.0
2026-06-12 09:35:00,1964.6,1964.9,1960.1,1961.9,10246.0
2026-06-12 09:40:00,1961.9,1961.9,1959.0,1960.9,7284.0
2026-06-12 09:45:00,1960.2,1966.7,1960.2,1966.7,6425.0
2026-06-12 09:50:00,1966.7,1966.9,1962.4,1963.1,3399.0
2026-06-12 09:55:00,1962.5,1963.1,1948.1,1948.5,15412.0
2026-06-12 10:00:00,1948.2,1949.1,1945.6,1947.2,9361.0
2026-06-12 10:05:00,1947.9,1953.0,1947.4,1951.6,8752.0
2026-06-12 10:10:00,1951.6,1951.8,1948.0,1948.1,4399.0
2026-06-12 10:15:00,1948.6,1949.3,1942.9,1943.7,7036.0
2026-06-12 10:20:00,1943.0,1945.8,1943.0,1944.4,8919.0
2026-06-12 10:25:00,1944.4,1945.4,1940.0,1941.7,10270.0
2026-06-12 10:30:00,1941.0,1942.0,1935.0,1935.0,11690.0
2026-06-12 10:35:00,1935.0,1935.0,1924.6,1933.4,38625.0
2026-06-12 10:40:00,1933.5,1934.1,1928.4,1928.9,9569.0
2026-06-12 10:45:00,1928.9,1931.1,1925.5,1929.0,14388.0
2026-06-12 10:50:00,1928.2,1929.9,1927.2,1929.5,5102.0
2026-06-12 10:55:00,1929.1,1932.8,1929.1,1932.8,5701.0
2026-06-12 11:00:00,1932.3,1933.0,1928.3,1930.2,7320.0
2026-06-12 11:05:00,1929.6,1930.8,1928.6,1929.4,7885.0
2026-06-12 11:10:00,1929.4,1932.0,1929.4,1931.1,1471.0
2026-06-12 11:15:00,1932.0,1935.0,1931.0,1932.3,4436.0
2026-06-12 11:20:00,1932.0,1932.6,1931.0,1932.3,2175.0
2026-06-12 11:25:00,1932.6,1932.8,1925.5,1926.2,8865.0
2026-06-12 11:30:00,1923.8,1926.5,1923.3,1926.5,11450.0
2026-06-12 11:35:00,1926.0,1931.3,1926.0,1930.4,16182.0
2026-06-12 11:40:00,1930.9,1932.0,1930.4,1932.0,2060.0
2026-06-12 11:45:00,1931.8,1934.3,1931.4,1934.2,3630.0
2026-06-12 11:50:00,1933.4,1934.2,1928.4,1928.8,4073.0
2026-06-12 11:55:00,1928.8,1931.0,1926.1,1930.4,9032.0
2026-06-12 12:00:00,1930.3,1931.5,1929.7,1930.2,2732.0
2026-06-12 12:05:00,1930.6,1931.1,1927.0,1927.1,3201.0
2026-06-12 12:10:00,1926.5,1927.3,1925.4,1927.1,4928.0
2026-06-12 12:15:00,1927.0,1927.6,1924.5,1924.5,6640.0
2026-06-12 12:20:00,1925.0,1928.2,1924.6,1928.0,2909.0
2026-06-12 12:25:00,1927.7,1928.2,1924.7,1925.5,7590.0
2026-06-12 12:30:00,1926.0,1928.5,1924.4,1927.4,6887.0
2026-06-12 12:35:00,1927.4,1927.9,1924.5,1925.2,3083.0
2026-06-12 12:40:00,1925.6,1925.6,1923.7,1924.0,4145.0
2026-06-12 12:45:00,1924.6,1924.6,1917.0,1918.0,16575.0
2026-06-12 12:50:00,1918.1,1918.9,1916.4,1917.7,11212.0
2026-06-12 12:55:00,1917.6,1918.6,1912.2,1916.8,30037.0
2026-06-12 13:00:00,1917.0,1918.1,1914.4,1918.1,6626.0
2026-06-12 13:05:00,1917.6,1924.1,1915.0,1922.7,10645.0
2026-06-12 13:10:00,1923.4,1926.4,1922.7,1924.6,12106.0
2026-06-12 13:15:00,1923.9,1924.8,1922.1,1923.0,1716.0
2026-06-12 13:20:00,1922.9,1923.0,1919.2,1920.7,1828.0
2026-06-12 13:25:00,1920.3,1927.0,1919.0,1925.3,7097.0
2026-06-12 13:30:00,1925.7,1930.9,1924.6,1930.7,15815.0
2026-06-12 13:35:00,1930.1,1935.4,1930.0,1931.5,32236.0
2026-06-12 13:40:00,1931.5,1933.9,1930.3,1931.8,6473.0
2026-06-12 13:45:00,1932.0,1936.4,1931.4,1935.0,11181.0
2026-06-12 13:50:00,1935.2,1935.2,1933.2,1933.2,6840.0
2026-06-12 13:55:00,1934.6,1938.2,1932.1,1937.5,29031.0
2026-06-12 14:00:00,1938.6,1939.1,1936.0,1936.4,6420.0
2026-06-12 14:05:00,1936.4,1937.6,1935.1,1937.0,4153.0
2026-06-12 14:10:00,1936.8,1937.7,1934.9,1935.0,14186.0
2026-06-12 14:15:00,1935.0,1937.5,1935.0,1935.7,8922.0
2026-06-12 14:20:00,1936.1,1937.3,1932.4,1936.6,15546.0
2026-06-12 14:25:00,1936.6,1941.2,1936.6,1940.7,12259.0
2026-06-12 14:30:00,1941.2,1941.7,1938.6,1939.6,10657.0
2026-06-12 14:35:00,1939.6,1941.9,1938.4,1940.2,14572.0
2026-06-12 14:40:00,1939.7,1942.5,1939.5,1941.0,14138.0
2026-06-12 14:45:00,1941.0,1941.9,1941.0,1941.5,6459.0
2026-06-12 14:50:00,1941.4,1945.0,1937.8,1940.3,36454.0
2026-06-12 14:55:00,1939.8,1940.7,1938.0,1939.1,8086.0
2026-06-12 15:00:00,1939.1,1946.0,1937.3,1945.7,18160.0
2026-06-12 15:05:00,1945.1,1947.3,1945.0,1947.1,14233.0
2026-06-12 15:10:00,1946.7,1947.0,1944.2,1945.0,17116.0
2026-06-12 15:15:00,1945.0,1950.0,1944.9,1947.0,30982.0
2026-06-12 15:20:00,1945.9,1946.9,1945.0,1945.4,14402.0
2026-06-12 15:25:00,1945.4,1945.8,1938.6,1938.6,30570.0
2026-06-15 09:15:00,1971.5,1971.5,1954.8,1964.3,23533.0
2026-06-15 09:20:00,1965.5,1966.9,1959.9,1964.2,30396.0
2026-06-15 09:25:00,1963.8,1967.9,1961.0,1965.5,6711.0
2026-06-15 09:30:00,1965.0,1966.1,1962.8,1964.3,4815.0
2026-06-15 09:35:00,1964.3,1974.6,1964.3,1973.0,13717.0
2026-06-15 09:40:00,1973.0,1976.9,1969.5,1972.2,9036.0
2026-06-15 09:45:00,1972.3,1980.0,1965.6,1980.0,38832.0
2026-06-15 09:50:00,1978.0,1984.4,1977.1,1981.9,15916.0
2026-06-15 09:55:00,1981.0,1983.5,1970.5,1974.5,19913.0
2026-06-15 10:00:00,1974.9,1979.2,1974.0,1976.8,112085.0
2026-06-15 10:05:00,1976.0,1982.0,1974.6,1978.2,24926.0
2026-06-15 10:10:00,1979.3,1982.0,1979.0,1981.9,15097.0
2026-06-15 10:15:00,1981.5,1984.8,1980.0,1982.3,13451.0
2026-06-15 10:20:00,1982.1,1990.4,1982.1,1989.3,49065.0
2026-06-15 10:25:00,1990.0,2004.0,1990.0,2003.3,85821.0
2026-06-15 10:30:00,2003.3,2013.8,2002.6,2011.8,63976.0
2026-06-15 10:35:00,2011.9,2013.9,2010.0,2010.6,22580.0
2026-06-15 10:40:00,2010.1,2018.9,2010.1,2017.0,32210.0
2026-06-15 10:45:00,2017.8,2020.0,2016.1,2018.0,12388.0
2026-06-15 10:50:00,2017.4,2018.0,2014.2,2014.9,11493.0
2026-06-15 10:55:00,2015.0,2018.7,2015.0,2018.0,9554.0
2026-06-15 11:00:00,2018.0,2021.0,2016.9,2018.7,13370.0
2026-06-15 11:05:00,2017.3,2018.4,2016.0,2016.9,5558.0
2026-06-15 11:10:00,2016.9,2017.3,2011.0,2012.9,16495.0
2026-06-15 11:15:00,2013.0,2014.9,2010.0,2011.2,7780.0
2026-06-15 11:20:00,2010.7,2012.5,2009.0,2010.1,5815.0
2026-06-15 11:25:00,2010.7,2011.8,2007.2,2008.9,2975.0
2026-06-15 11:30:00,2008.9,2008.9,2006.1,2006.7,4038.0
2026-06-15 11:35:00,2007.6,2011.8,2006.6,2008.7,6122.0
2026-06-15 11:40:00,2009.1,2009.8,2005.1,2005.1,3315.0
2026-06-15 11:45:00,2006.1,2013.7,2004.8,2011.8,7169.0
2026-06-15 11:50:00,2012.4,2015.0,2011.8,2013.1,4654.0
2026-06-15 11:55:00,2013.8,2018.8,2013.8,2016.1,31800.0
2026-06-15 12:00:00,2016.1,2017.7,2008.9,2011.4,17495.0
2026-06-15 12:05:00,2011.3,2012.0,2007.6,2008.8,16881.0
2026-06-15 12:10:00,2008.9,2009.1,2008.0,2009.1,5072.0
2026-06-15 12:15:00,2009.1,2009.2,2004.3,2004.3,11654.0
2026-06-15 12:20:00,2003.4,2006.4,2000.8,2005.7,24550.0
2026-06-15 12:25:00,2005.9,2007.0,2005.5,2006.3,4430.0
2026-06-15 12:30:00,2006.3,2008.0,2005.0,2006.7,5524.0
2026-06-15 12:35:00,2007.4,2008.1,2003.4,2004.0,6929.0
2026-06-15 12:40:00,2004.0,2004.5,1999.2,2001.9,12684.0
2026-06-15 12:45:00,2001.9,2003.7,1999.0,2000.8,17343.0
2026-06-15 12:50:00,2000.8,2000.8,1998.0,1999.3,3772.0
2026-06-15 12:55:00,1999.6,2000.5,1998.2,1999.2,5722.0
2026-06-15 13:00:00,2000.5,2000.5,1999.0,2000.0,5726.0
2026-06-15 13:05:00,2000.0,2000.0,1998.1,2000.0,7005.0
2026-06-15 13:10:00,2000.0,2004.0,2000.0,2003.4,20890.0
2026-06-15 13:15:00,2003.2,2004.4,2002.3,2004.0,4882.0
2026-06-15 13:20:00,2000.7,2002.4,1998.1,1999.0,32189.0
2026-06-15 13:25:00,1999.0,2003.8,1999.0,2002.5,30609.0
2026-06-15 13:30:00,2002.5,2009.8,2000.6,2009.8,17478.0
2026-06-15 13:35:00,2010.0,2013.1,2007.2,2011.4,44368.0
2026-06-15 13:40:00,2011.4,2012.4,2010.1,2011.0,22537.0
2026-06-15 13:45:00,2011.0,2014.8,2009.9,2014.2,16045.0
2026-06-15 13:50:00,2014.2,2015.6,2011.5,2013.2,12664.0
2026-06-15 13:55:00,2013.2,2018.1,2012.2,2018.0,26679.0
2026-06-15 14:00:00,2018.0,2019.5,2016.3,2018.9,15705.0
2026-06-15 14:05:00,2018.9,2019.0,2017.3,2018.4,7760.0
2026-06-15 14:10:00,2018.0,2020.0,2017.1,2020.0,8684.0
2026-06-15 14:15:00,2020.0,2020.0,2018.0,2018.0,10075.0
2026-06-15 14:20:00,2018.0,2019.6,2017.2,2019.6,10904.0
2026-06-15 14:25:00,2019.5,2029.0,2019.4,2028.8,47454.0
2026-06-15 14:30:00,2028.0,2033.0,2028.0,2031.2,60706.0
2026-06-15 14:35:00,2030.9,2036.0,2030.0,2034.9,56177.0
2026-06-15 14:40:00,2034.5,2035.4,2026.0,2029.3,32440.0
2026-06-15 14:45:00,2028.6,2029.4,2025.2,2028.1,11885.0
2026-06-15 14:50:00,2027.2,2029.1,2024.8,2027.9,13391.0
2026-06-15 14:55:00,2027.7,2028.5,2024.4,2026.0,17680.0
2026-06-15 15:00:00,2025.7,2028.0,2016.9,2021.4,60355.0
2026-06-15 15:05:00,2021.4,2021.4,2017.0,2019.0,17958.0
2026-06-15 15:10:00,2019.0,2022.7,2016.0,2022.7,32087.0
2026-06-15 15:15:00,2022.6,2025.3,2021.2,2023.9,23104.0
2026-06-15 15:20:00,2023.9,2025.0,2020.2,2024.4,48512.0
2026-06-15 15:25:00,2024.2,2024.2,2017.4,2020.0,91301.0
2026-06-16 09:15:00,2040.0,2040.0,2024.7,2032.0,93861.0
2026-06-16 09:20:00,2030.6,2034.5,2025.8,2034.0,33907.0
2026-06-16 09:25:00,2034.4,2034.8,2030.0,2033.4,25767.0
2026-06-16 09:30:00,2033.4,2034.3,2025.5,2025.5,34054.0
2026-06-16 09:35:00,2025.5,2027.6,2024.0,2024.7,20782.0
2026-06-16 09:40:00,2025.0,2027.8,2019.1,2024.9,26523.0
2026-06-16 09:45:00,2024.6,2027.1,2023.5,2025.8,9882.0
2026-06-16 09:50:00,2025.8,2029.9,2024.4,2029.0,5796.0
2026-06-16 09:55:00,2029.8,2030.0,2022.0,2023.2,11282.0
2026-06-16 10:00:00,2022.2,2023.3,2013.0,2014.7,26287.0
2026-06-16 10:05:00,2016.5,2016.5,2010.3,2012.5,12534.0
2026-06-16 10:10:00,2011.9,2015.6,2011.4,2014.1,3883.0
2026-06-16 10:15:00,2014.5,2015.1,2012.1,2014.1,66922.0
2026-06-16 10:20:00,2013.3,2020.0,2013.3,2019.9,3738.0
2026-06-16 10:25:00,2020.0,2021.4,2018.8,2020.3,5039.0
2026-06-16 10:30:00,2020.3,2023.5,2017.6,2021.8,10435.0
2026-06-16 10:35:00,2022.5,2024.0,2021.5,2022.5,4285.0
2026-06-16 10:40:00,2022.3,2023.1,2020.4,2023.1,6033.0
2026-06-16 10:45:00,2023.1,2027.3,2023.1,2026.0,9530.0
2026-06-16 10:50:00,2025.2,2026.1,2025.0,2026.0,3306.0
2026-06-16 10:55:00,2025.8,2028.3,2025.0,2027.4,9970.0
2026-06-16 11:00:00,2027.4,2028.5,2024.6,2025.0,11266.0
2026-06-16 11:05:00,2025.0,2026.0,2023.9,2025.0,15562.0
2026-06-16 11:10:00,2025.0,2025.1,2024.4,2025.0,22119.0
2026-06-16 11:15:00,2025.0,2027.5,2025.0,2025.8,4736.0
2026-06-16 11:20:00,2025.3,2027.3,2025.0,2026.4,7456.0
2026-06-16 11:25:00,2026.0,2027.6,2018.1,2021.9,85010.0
2026-06-16 11:30:00,2020.9,2022.0,2019.8,2020.0,2991.0
2026-06-16 11:35:00,2020.0,2020.7,2016.7,2019.6,9780.0
2026-06-16 11:40:00,2019.5,2020.8,2015.9,2016.0,17774.0
2026-06-16 11:45:00,2016.4,2019.6,2016.4,2018.5,1470.0
2026-06-16 11:50:00,2018.5,2021.0,2018.5,2020.0,3229.0
2026-06-16 11:55:00,2020.0,2020.7,2016.5,2016.5,3820.0
2026-06-16 12:00:00,2017.0,2017.7,2013.4,2014.0,6962.0
2026-06-16 12:05:00,2013.8,2014.5,2008.6,2012.0,24015.0
2026-06-16 12:10:00,2012.0,2013.3,2011.1,2012.3,2336.0
2026-06-16 12:15:00,2012.3,2012.5,2010.2,2011.0,5763.0
2026-06-16 12:20:00,2010.5,2011.7,2007.5,2011.4,3709.0
2026-06-16 12:25:00,2010.9,2013.5,2010.0,2013.5,1890.0
2026-06-16 12:30:00,2013.5,2013.9,2012.4,2012.5,3183.0
2026-06-16 12:35:00,2012.4,2013.3,2011.0,2012.8,1974.0
2026-06-16 12:40:00,2012.6,2012.7,2010.3,2011.5,1880.0
2026-06-16 12:45:00,2012.0,2012.7,2010.0,2011.3,1672.0
2026-06-16 12:50:00,2011.3,2013.0,2010.1,2011.0,3567.0
2026-06-16 12:55:00,2011.0,2012.2,2010.0,2012.0,3002.0
2026-06-16 13:00:00,2011.5,2012.2,2010.0,2010.6,2127.0
2026-06-16 13:05:00,2010.3,2014.7,2010.2,2014.7,3428.0
2026-06-16 13:10:00,2014.9,2016.7,2010.5,2010.7,3401.0
2026-06-16 13:15:00,2011.2,2013.5,2009.8,2009.8,4078.0
2026-06-16 13:20:00,2010.7,2013.5,2009.0,2013.3,6039.0
2026-06-16 13:25:00,2012.3,2013.5,2010.0,2011.8,5241.0
2026-06-16 13:30:00,2011.3,2012.4,2010.0,2011.2,1866.0
2026-06-16 13:35:00,2011.2,2012.0,2008.8,2009.8,5459.0
2026-06-16 13:40:00,2009.8,2010.9,2008.7,2010.2,1996.0
2026-06-16 13:45:00,2010.2,2010.4,2009.0,2010.0,2097.0
2026-06-16 13:50:00,2010.0,2011.5,2009.1,2010.0,3232.0
2026-06-16 13:55:00,2010.0,2012.0,2009.6,2011.9,3402.0
2026-06-16 14:00:00,2011.0,2011.8,2009.1,2009.6,3282.0
2026-06-16 14:05:00,2010.0,2012.0,2009.6,2012.0,2706.0
2026-06-16 14:10:00,2011.9,2014.4,2011.9,2012.9,7876.0
2026-06-16 14:15:00,2012.9,2012.9,2010.1,2010.6,2989.0
2026-06-16 14:20:00,2011.3,2012.0,2009.2,2010.0,6414.0
2026-06-16 14:25:00,2010.0,2011.4,2009.4,2011.2,3938.0
2026-06-16 14:30:00,2011.2,2012.3,2009.5,2009.5,5474.0
2026-06-16 14:35:00,2009.0,2009.0,2005.5,2008.8,4910.0
2026-06-16 14:40:00,2009.0,2014.0,2008.5,2009.8,40431.0
2026-06-16 14:45:00,2009.8,2010.4,2008.4,2010.4,3842.0
2026-06-16 14:50:00,2009.9,2014.0,2008.7,2013.9,10477.0
2026-06-16 14:55:00,2013.9,2014.1,2012.0,2013.7,6525.0
2026-06-16 15:00:00,2014.0,2015.4,2012.5,2014.9,14671.0
2026-06-16 15:05:00,2014.7,2015.4,2013.4,2013.5,14991.0
2026-06-16 15:10:00,2014.0,2014.0,2011.3,2012.2,13686.0
2026-06-16 15:15:00,2012.2,2012.5,2010.6,2011.2,22075.0
2026-06-16 15:20:00,2011.5,2012.5,2010.1,2010.4,19459.0
2026-06-16 15:25:00,2010.1,2011.4,2009.0,2011.0,17975.0
2026-06-17 09:15:00,2022.0,2025.1,2008.0,2012.4,29612.0
2026-06-17 09:20:00,2014.0,2014.0,2002.1,2003.1,15590.0
2026-06-17 09:25:00,2003.1,2010.0,2001.1,2009.3,9232.0
2026-06-17 09:30:00,2010.0,2014.9,2008.0,2011.2,12542.0
2026-06-17 09:35:00,2010.5,2012.8,2009.2,2011.6,3383.0
2026-06-17 09:40:00,2012.6,2018.9,2011.7,2017.8,6598.0
2026-06-17 09:45:00,2017.7,2018.7,2016.6,2017.2,4670.0
2026-06-17 09:50:00,2018.0,2018.0,2015.5,2016.5,2777.0
2026-06-17 09:55:00,2016.5,2017.0,2014.0,2016.4,5082.0
2026-06-17 10:00:00,2016.1,2017.0,2008.0,2010.8,9398.0
2026-06-17 10:05:00,2010.5,2016.6,2009.4,2015.4,6755.0
2026-06-17 10:10:00,2016.4,2016.9,2013.0,2014.1,3038.0
2026-06-17 10:15:00,2014.6,2022.1,2014.1,2022.0,5333.0
2026-06-17 10:20:00,2023.0,2024.2,2019.7,2020.7,9614.0
2026-06-17 10:25:00,2020.6,2021.3,2017.7,2018.0,3523.0
2026-06-17 10:30:00,2018.8,2023.0,2018.8,2022.7,4344.0
2026-06-17 10:35:00,2021.7,2023.0,2021.6,2022.3,2954.0
2026-06-17 10:40:00,2021.6,2029.0,2019.9,2029.0,8937.0
2026-06-17 10:45:00,2029.0,2031.0,2023.0,2024.0,13640.0
2026-06-17 10:50:00,2024.3,2024.4,2019.0,2022.3,5527.0
2026-06-17 10:55:00,2022.2,2022.6,2021.0,2021.3,1793.0
2026-06-17 11:00:00,2021.0,2023.0,2020.5,2023.0,3420.0
2026-06-17 11:05:00,2023.0,2023.0,2021.1,2021.2,4465.0
2026-06-17 11:10:00,2022.0,2022.4,2018.0,2022.0,7066.0
2026-06-17 11:15:00,2022.0,2022.4,2021.0,2021.5,1084.0
2026-06-17 11:20:00,2021.5,2022.7,2020.2,2021.6,2427.0
2026-06-17 11:25:00,2021.4,2021.9,2019.8,2021.9,1685.0
2026-06-17 11:30:00,2021.8,2025.5,2020.1,2025.5,13437.0
2026-06-17 11:35:00,2025.5,2026.8,2022.0,2022.0,4669.0
2026-06-17 11:40:00,2022.8,2024.0,2020.6,2024.0,3579.0
2026-06-17 11:45:00,2024.0,2026.0,2019.1,2021.8,18874.0
2026-06-17 11:50:00,2021.7,2022.3,2020.1,2021.2,1570.0
2026-06-17 11:55:00,2021.2,2023.8,2021.1,2022.6,2138.0
2026-06-17 12:00:00,2022.4,2023.0,2020.6,2022.0,1918.0
2026-06-17 12:05:00,2022.0,2024.8,2021.3,2024.4,2390.0
2026-06-17 12:10:00,2024.9,2025.0,2022.5,2022.6,3472.0
2026-06-17 12:15:00,2022.7,2024.9,2018.0,2024.0,4137.0
2026-06-17 12:20:00,2024.3,2024.5,2021.2,2022.0,3004.0
2026-06-17 12:25:00,2022.1,2023.3,2021.0,2021.6,1971.0
2026-06-17 12:30:00,2021.4,2024.0,2021.0,2021.5,5151.0
2026-06-17 12:35:00,2021.1,2022.1,2021.0,2021.0,5622.0
2026-06-17 12:40:00,2021.0,2023.8,2021.0,2023.0,3950.0
2026-06-17 12:45:00,2023.0,2024.9,2021.5,2024.8,7536.0
2026-06-17 12:50:00,2024.9,2026.9,2022.7,2026.9,13046.0
2026-06-17 12:55:00,2026.6,2027.0,2025.0,2025.8,2339.0
2026-06-17 13:00:00,2025.7,2028.0,2025.0,2027.8,8776.0
2026-06-17 13:05:00,2028.0,2028.0,2019.5,2020.2,9108.0
2026-06-17 13:10:00,2020.3,2021.0,2018.2,2019.6,3241.0
2026-06-17 13:15:00,2019.4,2019.9,2017.7,2019.4,2249.0
2026-06-17 13:20:00,2019.5,2023.3,2019.4,2022.2,1995.0
2026-06-17 13:25:00,2022.4,2024.0,2020.0,2023.6,3349.0
2026-06-17 13:30:00,2023.1,2025.0,2019.5,2021.6,5727.0
2026-06-17 13:35:00,2021.5,2024.0,2021.0,2024.0,3810.0
2026-06-17 13:40:00,2024.0,2024.0,2021.0,2021.7,1659.0
2026-06-17 13:45:00,2022.0,2022.0,2014.4,2017.0,40410.0
2026-06-17 13:50:00,2017.0,2017.0,2010.1,2012.1,15415.0
2026-06-17 13:55:00,2012.5,2015.5,2011.1,2013.2,7838.0
2026-06-17 14:00:00,2013.2,2014.5,2011.5,2011.5,3484.0
2026-06-17 14:05:00,2011.7,2011.9,2006.7,2008.5,6176.0
2026-06-17 14:10:00,2008.5,2011.0,2007.0,2010.9,5360.0
2026-06-17 14:15:00,2011.0,2014.4,2009.8,2014.1,2229.0
2026-06-17 14:20:00,2014.5,2014.9,2012.1,2012.9,2790.0
2026-06-17 14:25:00,2013.0,2014.1,2011.9,2013.5,2420.0
2026-06-17 14:30:00,2013.7,2017.6,2012.5,2016.5,7254.0
2026-06-17 14:35:00,2016.6,2019.0,2012.6,2017.0,13895.0
2026-06-17 14:40:00,2017.1,2017.5,2015.1,2015.5,31821.0
2026-06-17 14:45:00,2015.4,2018.4,2015.1,2018.4,10711.0
2026-06-17 14:50:00,2018.5,2020.3,2015.2,2016.7,8737.0
2026-06-17 14:55:00,2016.7,2030.8,2016.7,2030.0,41407.0
2026-06-17 15:00:00,2030.4,2039.0,2029.5,2034.6,29628.0
2026-06-17 15:05:00,2035.0,2036.9,2032.4,2036.1,25779.0
2026-06-17 15:10:00,2036.1,2036.2,2032.9,2034.7,24677.0
2026-06-17 15:15:00,2035.0,2035.0,2031.9,2034.0,20383.0
2026-06-17 15:20:00,2033.7,2034.9,2031.2,2033.9,19046.0
2026-06-17 15:25:00,2033.0,2034.9,2032.2,2033.1,23688.0
2026-06-18 09:15:00,2040.0,2049.1,2037.5,2046.9,54206.0
2026-06-18 09:20:00,2046.1,2047.8,2036.9,2037.4,21870.0
2026-06-18 09:25:00,2037.2,2043.0,2036.5,2043.0,16753.0
2026-06-18 09:30:00,2043.0,2043.9,2036.6,2038.5,9914.0
2026-06-18 09:35:00,2038.4,2042.0,2035.5,2038.0,18304.0
2026-06-18 09:40:00,2038.1,2040.5,2037.0,2039.0,10017.0
2026-06-18 09:45:00,2039.2,2039.2,2033.9,2034.5,7881.0
2026-06-18 09:50:00,2034.0,2039.0,2034.0,2037.2,7386.0
2026-06-18 09:55:00,2036.3,2042.0,2036.2,2042.0,14436.0
2026-06-18 10:00:00,2042.0,2042.0,2034.6,2037.9,12168.0
2026-06-18 10:05:00,2037.9,2039.3,2036.0,2036.7,5377.0
2026-06-18 10:10:00,2036.7,2036.9,2030.7,2033.1,9422.0
2026-06-18 10:15:00,2034.1,2034.7,2029.5,2029.5,5177.0
2026-06-18 10:20:00,2029.5,2031.5,2027.7,2030.0,9087.0
2026-06-18 10:25:00,2030.0,2030.0,2025.0,2026.0,13140.0
2026-06-18 10:30:00,2026.6,2031.0,2024.0,2031.0,8491.0
2026-06-18 10:35:00,2030.0,2030.6,2026.3,2026.7,6098.0
2026-06-18 10:40:00,2026.7,2030.0,2025.7,2028.9,5205.0
2026-06-18 10:45:00,2029.0,2033.0,2028.7,2030.7,10252.0
2026-06-18 10:50:00,2031.1,2031.2,2029.4,2030.7,5311.0
2026-06-18 10:55:00,2030.8,2031.8,2029.0,2029.1,4506.0
2026-06-18 11:00:00,2029.6,2029.9,2027.1,2029.0,5827.0
2026-06-18 11:05:00,2028.5,2029.6,2026.8,2028.5,4411.0
2026-06-18 11:10:00,2028.5,2028.5,2025.9,2025.9,5347.0
2026-06-18 11:15:00,2025.9,2028.8,2022.8,2027.4,6313.0
2026-06-18 11:20:00,2025.0,2029.0,2023.3,2027.1,7813.0
2026-06-18 11:25:00,2027.1,2029.5,2026.8,2027.5,5133.0
2026-06-18 11:30:00,2028.2,2029.5,2028.2,2029.2,4756.0
2026-06-18 11:35:00,2029.2,2029.2,2027.4,2027.4,3762.0
2026-06-18 11:40:00,2027.9,2029.5,2026.2,2029.0,4943.0
2026-06-18 11:45:00,2029.5,2029.5,2024.9,2026.0,7232.0
2026-06-18 11:50:00,2026.0,2028.3,2024.0,2027.8,6949.0
2026-06-18 11:55:00,2028.2,2029.9,2027.8,2029.5,6203.0
2026-06-18 12:00:00,2029.1,2030.9,2027.4,2028.5,6256.0
2026-06-18 12:05:00,2028.5,2030.1,2026.3,2026.4,7390.0
2026-06-18 12:10:00,2026.3,2028.4,2026.0,2027.4,6029.0
2026-06-18 12:15:00,2027.4,2027.5,2023.5,2024.3,8875.0
2026-06-18 12:20:00,2025.2,2025.7,2019.6,2020.5,21294.0
2026-06-18 12:25:00,2020.9,2028.7,2019.9,2028.7,10218.0
2026-06-18 12:30:00,2028.7,2030.0,2028.0,2029.2,5941.0
2026-06-18 12:35:00,2028.5,2029.5,2022.3,2022.3,24900.0
2026-06-18 12:40:00,2022.5,2024.4,2022.2,2022.7,6269.0
2026-06-18 12:45:00,2023.4,2024.8,2022.6,2023.6,4815.0
2026-06-18 12:50:00,2024.0,2025.0,2014.0,2016.2,15329.0
2026-06-18 12:55:00,2015.8,2018.2,2015.1,2015.3,6231.0
2026-06-18 13:00:00,2015.3,2016.9,2015.2,2016.5,5188.0
2026-06-18 13:05:00,2016.7,2017.9,2015.0,2016.4,8993.0
2026-06-18 13:10:00,2017.1,2017.1,2014.2,2014.8,6193.0
2026-06-18 13:15:00,2015.6,2016.1,2014.6,2015.2,3571.0
2026-06-18 13:20:00,2015.5,2017.8,2015.2,2016.6,5438.0
2026-06-18 13:25:00,2016.6,2017.1,2015.2,2016.2,4227.0
2026-06-18 13:30:00,2016.1,2018.0,2016.1,2016.8,6825.0
2026-06-18 13:35:00,2016.8,2017.7,2013.0,2014.4,21060.0
2026-06-18 13:40:00,2014.4,2014.9,2012.0,2012.3,12904.0
2026-06-18 13:45:00,2012.3,2013.0,2010.0,2011.0,17333.0
2026-06-18 13:50:00,2010.5,2011.5,2010.0,2010.6,4520.0
2026-06-18 13:55:00,2010.6,2012.6,2010.6,2010.8,5199.0
2026-06-18 14:00:00,2010.7,2013.0,2010.0,2012.7,4177.0
2026-06-18 14:05:00,2013.0,2014.4,2010.0,2010.3,7340.0
2026-06-18 14:10:00,2011.2,2012.1,2008.8,2010.4,8001.0
2026-06-18 14:15:00,2011.2,2011.4,2006.5,2006.5,8450.0
2026-06-18 14:20:00,2006.5,2008.3,2005.9,2007.8,7781.0
2026-06-18 14:25:00,2008.3,2016.9,2006.9,2015.6,31959.0
2026-06-18 14:30:00,2014.8,2014.8,2011.8,2013.9,7435.0
2026-06-18 14:35:00,2013.7,2013.7,2009.9,2011.1,11384.0
2026-06-18 14:40:00,2011.1,2012.4,2010.6,2011.8,2830.0
2026-06-18 14:45:00,2011.7,2012.3,2010.1,2010.2,5962.0
2026-06-18 14:50:00,2010.9,2011.2,2008.1,2010.0,10134.0
2026-06-18 14:55:00,2010.0,2015.0,2010.0,2015.0,10731.0
2026-06-18 15:00:00,2015.0,2016.4,2012.3,2015.4,20230.0
2026-06-18 15:05:00,2015.3,2022.8,2014.9,2022.2,39971.0
2026-06-18 15:10:00,2021.9,2025.0,2020.7,2023.0,38582.0
2026-06-18 15:15:00,2023.0,2023.0,2018.6,2020.1,16884.0
2026-06-18 15:20:00,2021.0,2022.6,2015.4,2019.0,26480.0
2026-06-18 15:25:00,2018.6,2020.0,2015.2,2017.2,29947.0
2026-06-19 09:15:00,2031.1,2035.0,2019.9,2033.2,81237.0
2026-06-19 09:20:00,2033.2,2034.5,2030.1,2031.9,28236.0
2026-06-19 09:25:00,2031.8,2034.4,2029.6,2032.5,27858.0
2026-06-19 09:30:00,2032.5,2043.5,2030.0,2042.6,39520.0
2026-06-19 09:35:00,2043.2,2055.0,2041.2,2054.6,94037.0
2026-06-19 09:40:00,2055.0,2059.5,2040.5,2042.6,113308.0
2026-06-19 09:45:00,2040.0,2045.0,2036.1,2041.0,53923.0
2026-06-19 09:50:00,2042.3,2042.3,2035.8,2039.0,30183.0
2026-06-19 09:55:00,2037.0,2040.0,2033.9,2039.9,23201.0
2026-06-19 10:00:00,2039.9,2040.0,2035.2,2039.9,15927.0
2026-06-19 10:05:00,2039.9,2041.0,2038.1,2039.9,14707.0
2026-06-19 10:10:00,2040.0,2040.0,2035.2,2038.6,12677.0
2026-06-19 10:15:00,2038.5,2040.3,2038.5,2038.8,11188.0
2026-06-19 10:20:00,2038.6,2040.0,2037.8,2040.0,9404.0
2026-06-19 10:25:00,2039.2,2040.0,2033.1,2034.7,17885.0
2026-06-19 10:30:00,2034.8,2034.8,2027.2,2028.9,27048.0
2026-06-19 10:35:00,2028.9,2030.0,2026.8,2026.8,15331.0
2026-06-19 10:40:00,2026.8,2032.9,2026.8,2032.6,10714.0
2026-06-19 10:45:00,2032.0,2032.4,2026.4,2028.0,13432.0
2026-06-19 10:50:00,2027.5,2029.5,2021.9,2029.4,15289.0
2026-06-19 10:55:00,2029.0,2035.8,2029.0,2034.3,16996.0
2026-06-19 11:00:00,2035.0,2035.0,2032.1,2032.3,5586.0
2026-06-19 11:05:00,2032.5,2032.6,2029.1,2032.0,5228.0
2026-06-19 11:10:00,2032.0,2034.9,2028.5,2030.2,8477.0
2026-06-19 11:15:00,2031.0,2032.0,2030.0,2032.0,4973.0
2026-06-19 11:20:00,2032.0,2035.0,2030.2,2031.2,9628.0
2026-06-19 11:25:00,2031.2,2032.4,2029.3,2032.4,5655.0
2026-06-19 11:30:00,2032.4,2033.2,2029.8,2033.0,13031.0
2026-06-19 11:35:00,2033.0,2033.0,2027.0,2028.7,5697.0
2026-06-19 11:40:00,2028.3,2031.0,2026.8,2030.9,5017.0
2026-06-19 11:45:00,2030.9,2030.9,2028.5,2030.1,4595.0
2026-06-19 11:50:00,2029.4,2030.1,2024.3,2025.0,5821.0
2026-06-19 11:55:00,2025.0,2029.3,2024.2,2027.3,10696.0
2026-06-19 12:00:00,2027.3,2030.9,2026.6,2028.1,7956.0
2026-06-19 12:05:00,2028.6,2028.7,2025.4,2025.9,7634.0
2026-06-19 12:10:00,2025.9,2026.8,2020.9,2025.5,19304.0
2026-06-19 12:15:00,2025.5,2027.1,2023.1,2026.5,7525.0
2026-06-19 12:20:00,2026.1,2027.2,2025.9,2026.5,4480.0
2026-06-19 12:25:00,2026.5,2029.2,2024.8,2028.5,7923.0
2026-06-19 12:30:00,2028.3,2029.4,2027.7,2029.4,6887.0
2026-06-19 12:35:00,2029.4,2029.9,2028.8,2029.3,6233.0
2026-06-19 12:40:00,2029.3,2029.3,2024.1,2027.7,9210.0
2026-06-19 12:45:00,2027.7,2029.0,2026.9,2029.0,5416.0
2026-06-19 12:50:00,2029.0,2029.9,2027.3,2029.4,5504.0
2026-06-19 12:55:00,2028.8,2029.9,2027.2,2029.9,6495.0
2026-06-19 13:00:00,2029.8,2037.9,2029.8,2034.0,26935.0
2026-06-19 13:05:00,2034.0,2040.0,2034.0,2037.5,39225.0
2026-06-19 13:10:00,2038.2,2039.9,2037.2,2039.7,10812.0
2026-06-19 13:15:00,2039.6,2039.6,2037.5,2038.0,8757.0
2026-06-19 13:20:00,2038.5,2038.5,2034.3,2034.5,6350.0
2026-06-19 13:25:00,2034.5,2037.4,2033.9,2037.4,8006.0
2026-06-19 13:30:00,2037.4,2038.5,2034.6,2038.5,9288.0
2026-06-19 13:35:00,2037.8,2040.0,2037.2,2038.6,11212.0
2026-06-19 13:40:00,2039.0,2040.0,2037.9,2039.0,7354.0
2026-06-19 13:45:00,2039.0,2039.0,2033.9,2033.9,8996.0
2026-06-19 13:50:00,2033.9,2037.0,2031.9,2037.0,14512.0
2026-06-19 13:55:00,2037.0,2037.5,2035.4,2036.6,7079.0
2026-06-19 14:00:00,2036.9,2039.4,2036.8,2038.0,7128.0
2026-06-19 14:05:00,2037.9,2040.1,2037.9,2039.8,12328.0
2026-06-19 14:10:00,2039.8,2041.6,2039.0,2040.9,9050.0
2026-06-19 14:15:00,2041.6,2044.0,2040.9,2043.5,9741.0
2026-06-19 14:20:00,2044.0,2044.0,2040.7,2040.7,13111.0
2026-06-19 14:25:00,2041.0,2042.1,2040.4,2041.0,9552.0
2026-06-19 14:30:00,2041.4,2043.0,2040.0,2042.5,12290.0
2026-06-19 14:35:00,2042.9,2043.0,2039.5,2039.5,10931.0
2026-06-19 14:40:00,2040.0,2041.0,2037.1,2040.2,8076.0
2026-06-19 14:45:00,2040.2,2041.2,2036.6,2037.9,12428.0
2026-06-19 14:50:00,2037.9,2038.7,2030.6,2033.5,18634.0
2026-06-19 14:55:00,2033.5,2033.9,2027.0,2028.7,20373.0
2026-06-19 15:00:00,2028.2,2039.5,2027.0,2039.0,102952.0
2026-06-19 15:05:00,2039.4,2042.2,2039.1,2041.5,75443.0
2026-06-19 15:10:00,2041.5,2045.0,2040.6,2044.0,84813.0
2026-06-19 15:15:00,2043.7,2045.0,2042.6,2044.9,88611.0
2026-06-19 15:20:00,2044.1,2045.0,2039.7,2043.1,124965.0
2026-06-19 15:25:00,2043.1,2045.7,2036.0,2036.0,84801.0
2026-06-22 09:15:00,2060.0,2062.0,2046.6,2049.8,94378.0
2026-06-22 09:20:00,2049.6,2049.9,2043.2,2046.0,42579.0
2026-06-22 09:25:00,2046.0,2051.2,2044.0,2050.9,16687.0
2026-06-22 09:30:00,2050.5,2050.5,2042.7,2049.0,31279.0
2026-06-22 09:35:00,2049.0,2049.9,2047.0,2048.6,9709.0
2026-06-22 09:40:00,2048.9,2049.8,2046.1,2048.0,8250.0
2026-06-22 09:45:00,2048.0,2049.9,2044.1,2046.3,12065.0
2026-06-22 09:50:00,2046.3,2047.3,2044.6,2045.2,7444.0
2026-06-22 09:55:00,2044.5,2050.0,2043.2,2049.3,17979.0
2026-06-22 10:00:00,2048.1,2049.5,2047.2,2047.5,8357.0
2026-06-22 10:05:00,2047.5,2049.0,2045.2,2047.4,32888.0
2026-06-22 10:10:00,2048.6,2055.5,2046.4,2053.0,27966.0
2026-06-22 10:15:00,2054.3,2055.0,2053.0,2054.0,6648.0
2026-06-22 10:20:00,2054.0,2055.2,2053.3,2053.8,9544.0
2026-06-22 10:25:00,2053.8,2053.8,2049.0,2049.3,5820.0
2026-06-22 10:30:00,2050.0,2053.4,2047.1,2052.5,14740.0
2026-06-22 10:35:00,2052.5,2052.8,2049.8,2052.0,3314.0
2026-06-22 10:40:00,2051.9,2055.0,2051.3,2054.9,11536.0
2026-06-22 10:45:00,2055.0,2055.0,2052.0,2052.0,5552.0
2026-06-22 10:50:00,2052.9,2053.4,2050.0,2050.3,6419.0
2026-06-22 10:55:00,2050.9,2053.0,2047.6,2047.7,16978.0
2026-06-22 11:00:00,2048.6,2048.6,2042.0,2043.5,36429.0
2026-06-22 11:05:00,2043.3,2046.7,2042.0,2045.2,2418.0
2026-06-22 11:10:00,2045.2,2047.0,2044.0,2045.6,3282.0
2026-06-22 11:15:00,2045.9,2046.2,2044.0,2045.8,2891.0
2026-06-22 11:20:00,2045.8,2045.8,2042.5,2043.0,3728.0
2026-06-22 11:25:00,2043.0,2044.2,2041.7,2043.1,3766.0
2026-06-22 11:30:00,2044.0,2044.8,2042.3,2043.6,4498.0
2026-06-22 11:35:00,2043.5,2044.5,2042.4,2043.3,2165.0
2026-06-22 11:40:00,2043.4,2044.9,2043.0,2043.7,2480.0
2026-06-22 11:45:00,2043.1,2044.0,2043.0,2043.0,1467.0
2026-06-22 11:50:00,2043.0,2046.0,2043.0,2044.7,2610.0
2026-06-22 11:55:00,2044.1,2049.1,2042.5,2048.3,14962.0
2026-06-22 12:00:00,2048.4,2051.3,2047.0,2050.0,6321.0
2026-06-22 12:05:00,2049.8,2050.7,2048.6,2049.5,1600.0
2026-06-22 12:10:00,2049.5,2053.0,2048.7,2053.0,3742.0
2026-06-22 12:15:00,2052.6,2054.5,2052.0,2053.7,6607.0
2026-06-22 12:20:00,2054.4,2060.6,2053.7,2059.8,44561.0
2026-06-22 12:25:00,2059.5,2060.0,2058.0,2058.2,7296.0
2026-06-22 12:30:00,2058.2,2068.5,2058.1,2067.0,57706.0
2026-06-22 12:35:00,2066.6,2069.0,2065.0,2065.0,31825.0
2026-06-22 12:40:00,2065.0,2067.3,2062.8,2066.0,14657.0
2026-06-22 12:45:00,2066.0,2066.0,2064.1,2064.2,6831.0
2026-06-22 12:50:00,2064.4,2066.8,2064.4,2066.0,8745.0
2026-06-22 12:55:00,2066.0,2067.8,2066.0,2066.8,7269.0
2026-06-22 13:00:00,2067.8,2069.0,2066.8,2068.2,9294.0
2026-06-22 13:05:00,2067.3,2068.3,2061.9,2063.3,24114.0
2026-06-22 13:10:00,2064.3,2064.9,2062.8,2064.1,5149.0
2026-06-22 13:15:00,2064.9,2065.0,2063.8,2065.0,5270.0
2026-06-22 13:20:00,2064.6,2066.9,2064.2,2066.2,6887.0
2026-06-22 13:25:00,2067.6,2072.8,2066.9,2071.0,33783.0
2026-06-22 13:30:00,2070.6,2071.4,2067.4,2067.4,7778.0
2026-06-22 13:35:00,2067.1,2068.5,2066.2,2066.4,3901.0
2026-06-22 13:40:00,2066.4,2073.8,2065.3,2072.0,29011.0
2026-06-22 13:45:00,2072.4,2075.0,2071.2,2073.5,18474.0
2026-06-22 13:50:00,2073.5,2078.0,2073.5,2074.9,43035.0
2026-06-22 13:55:00,2074.3,2076.9,2074.3,2075.2,9877.0
2026-06-22 14:00:00,2075.2,2079.0,2075.0,2078.3,25118.0
2026-06-22 14:05:00,2078.6,2081.0,2076.7,2078.0,37925.0
2026-06-22 14:10:00,2078.1,2080.7,2077.5,2080.0,19947.0
2026-06-22 14:15:00,2080.0,2087.3,2075.9,2076.3,63450.0
2026-06-22 14:20:00,2076.2,2080.9,2076.2,2080.8,22633.0
2026-06-22 14:25:00,2080.8,2082.0,2080.0,2081.4,5357.0
2026-06-22 14:30:00,2081.4,2082.0,2077.2,2079.2,36709.0
2026-06-22 14:35:00,2078.2,2080.6,2078.1,2080.2,13240.0
2026-06-22 14:40:00,2080.0,2084.1,2080.0,2084.0,20311.0
2026-06-22 14:45:00,2084.0,2085.0,2082.9,2083.8,15465.0
2026-06-22 14:50:00,2083.8,2091.4,2083.2,2090.0,38965.0
2026-06-22 14:55:00,2090.7,2093.2,2086.2,2092.1,71983.0
2026-06-22 15:00:00,2093.1,2101.9,2091.1,2101.6,193137.0
2026-06-22 15:05:00,2101.6,2113.6,2101.3,2105.3,155182.0
2026-06-22 15:10:00,2105.3,2108.5,2102.6,2104.0,69497.0
2026-06-22 15:15:00,2105.0,2106.0,2100.8,2105.7,55562.0
2026-06-22 15:20:00,2105.7,2110.5,2105.7,2109.0,64269.0
2026-06-22 15:25:00,2110.0,2110.1,2100.0,2109.0,50300.0
2026-06-23 09:15:00,2115.0,2120.0,2103.8,2119.8,74823.0
2026-06-23 09:20:00,2118.9,2125.0,2117.0,2119.0,39926.0
2026-06-23 09:25:00,2120.0,2120.0,2115.0,2117.5,15859.0
2026-06-23 09:30:00,2116.7,2121.5,2115.4,2121.3,14100.0
2026-06-23 09:35:00,2121.6,2128.5,2121.0,2127.9,44210.0
2026-06-23 09:40:00,2128.4,2134.6,2125.0,2133.9,33499.0
2026-06-23 09:45:00,2133.8,2139.0,2132.1,2139.0,40633.0
2026-06-23 09:50:00,2138.5,2139.0,2130.0,2130.7,32301.0
2026-06-23 09:55:00,2130.8,2134.0,2128.3,2132.9,22476.0
2026-06-23 10:00:00,2132.6,2135.0,2132.6,2134.6,9934.0
2026-06-23 10:05:00,2134.8,2138.9,2133.0,2138.9,17383.0
2026-06-23 10:10:00,2138.0,2144.5,2138.0,2142.4,26278.0
2026-06-23 10:15:00,2142.9,2142.9,2135.6,2138.0,12543.0
2026-06-23 10:20:00,2137.9,2139.8,2135.3,2136.2,8500.0
2026-06-23 10:25:00,2135.7,2136.0,2133.0,2133.5,19283.0
2026-06-23 10:30:00,2133.5,2136.0,2132.0,2136.0,16311.0
2026-06-23 10:35:00,2135.8,2138.0,2130.3,2131.9,18416.0
2026-06-23 10:40:00,2131.6,2136.6,2130.5,2132.5,12662.0
2026-06-23 10:45:00,2132.5,2133.9,2130.9,2133.0,8828.0
2026-06-23 10:50:00,2132.6,2140.4,2132.5,2140.4,13142.0
2026-06-23 10:55:00,2140.1,2142.9,2138.8,2140.0,11686.0
2026-06-23 11:00:00,2139.2,2142.5,2139.1,2141.5,5137.0
2026-06-23 11:05:00,2142.3,2142.5,2140.2,2141.7,4345.0
2026-06-23 11:10:00,2141.7,2142.0,2140.1,2142.0,6087.0
2026-06-23 11:15:00,2141.4,2147.0,2141.3,2142.9,19532.0
2026-06-23 11:20:00,2142.1,2151.0,2141.9,2147.9,32187.0
2026-06-23 11:25:00,2147.2,2150.6,2146.9,2149.0,16657.0
2026-06-23 11:30:00,2148.6,2152.8,2148.6,2151.0,18151.0
2026-06-23 11:35:00,2150.4,2151.4,2140.0,2141.7,25700.0
2026-06-23 11:40:00,2140.8,2141.9,2136.0,2136.1,19111.0
2026-06-23 11:45:00,2136.3,2137.7,2130.3,2131.4,44153.0
2026-06-23 11:50:00,2131.0,2133.3,2130.0,2132.0,12990.0
2026-06-23 11:55:00,2131.9,2132.7,2126.5,2129.4,23939.0
2026-06-23 12:00:00,2128.6,2133.9,2127.5,2129.1,15062.0
2026-06-23 12:05:00,2129.5,2132.0,2128.0,2131.9,10655.0
2026-06-23 12:10:00,2131.9,2133.3,2124.1,2125.7,21339.0
2026-06-23 12:15:00,2126.8,2131.6,2125.0,2130.0,9840.0
2026-06-23 12:20:00,2129.7,2130.3,2124.3,2128.3,9774.0
2026-06-23 12:25:00,2128.3,2134.0,2128.0,2131.0,17615.0
2026-06-23 12:30:00,2130.0,2131.6,2129.0,2131.6,10084.0
2026-06-23 12:35:00,2131.5,2133.3,2131.1,2132.3,3753.0
2026-06-23 12:40:00,2132.4,2134.5,2131.4,2133.6,6489.0
2026-06-23 12:45:00,2133.0,2135.0,2130.0,2131.9,9805.0
2026-06-23 12:50:00,2130.8,2131.9,2128.8,2130.9,10393.0
2026-06-23 12:55:00,2130.0,2132.0,2130.0,2132.0,7125.0
2026-06-23 13:00:00,2131.6,2133.0,2129.0,2133.0,13310.0
2026-06-23 13:05:00,2132.5,2136.6,2132.5,2134.8,15840.0
2026-06-23 13:10:00,2134.4,2134.9,2131.0,2131.7,7488.0
2026-06-23 13:15:00,2131.1,2132.2,2130.0,2131.4,13300.0
2026-06-23 13:20:00,2131.1,2134.2,2131.0,2132.8,8113.0
2026-06-23 13:25:00,2132.8,2133.0,2130.0,2130.6,13459.0
2026-06-23 13:30:00,2130.6,2132.7,2129.9,2130.0,39473.0
2026-06-23 13:35:00,2130.0,2135.3,2130.0,2134.8,21698.0
2026-06-23 13:40:00,2134.2,2136.9,2132.7,2136.8,12536.0
2026-06-23 13:45:00,2136.2,2140.0,2136.0,2139.8,15145.0
2026-06-23 13:50:00,2139.8,2140.5,2137.0,2140.5,33290.0
2026-06-23 13:55:00,2140.5,2141.7,2130.9,2131.0,35493.0
2026-06-23 14:00:00,2131.7,2137.6,2130.0,2137.6,21487.0
2026-06-23 14:05:00,2136.4,2137.4,2132.2,2133.8,3823.0
2026-06-23 14:10:00,2133.3,2135.5,2133.0,2134.6,9810.0
2026-06-23 14:15:00,2134.8,2135.3,2130.6,2131.9,8838.0
2026-06-23 14:20:00,2131.2,2134.7,2131.1,2133.6,7914.0
2026-06-23 14:25:00,2133.7,2135.8,2132.1,2133.4,6077.0
2026-06-23 14:30:00,2133.4,2135.6,2132.6,2134.6,7010.0
2026-06-23 14:35:00,2134.1,2134.6,2131.1,2132.0,9329.0
2026-06-23 14:40:00,2131.9,2137.7,2130.7,2136.7,13071.0
2026-06-23 14:45:00,2136.7,2141.0,2135.0,2139.1,29076.0
2026-06-23 14:50:00,2139.1,2144.9,2139.1,2144.7,28989.0
2026-06-23 14:55:00,2144.3,2158.0,2144.3,2154.8,71223.0
2026-06-23 15:00:00,2155.6,2156.7,2145.6,2151.9,94908.0
2026-06-23 15:05:00,2151.9,2156.9,2151.1,2155.4,84216.0
2026-06-23 15:10:00,2156.0,2156.9,2153.1,2155.6,112995.0
2026-06-23 15:15:00,2155.0,2158.5,2145.5,2148.9,179580.0
2026-06-23 15:20:00,2148.7,2150.9,2146.6,2146.6,58250.0
2026-06-23 15:25:00,2146.6,2146.6,2133.0,2140.0,53468.0
2026-06-24 09:15:00,2145.0,2153.6,2141.0,2148.1,38958.0
2026-06-24 09:20:00,2147.3,2153.9,2145.9,2150.0,28103.0
2026-06-24 09:25:00,2149.3,2150.0,2135.0,2136.2,21890.0
2026-06-24 09:30:00,2137.4,2137.6,2132.4,2135.0,17262.0
2026-06-24 09:35:00,2134.3,2141.9,2134.3,2134.7,29209.0
2026-06-24 09:40:00,2134.7,2135.6,2128.0,2135.0,31645.0
2026-06-24 09:45:00,2135.5,2137.0,2131.0,2132.6,42737.0
2026-06-24 09:50:00,2132.0,2136.3,2130.0,2135.2,19992.0
2026-06-24 09:55:00,2135.8,2141.5,2135.1,2141.5,13382.0
2026-06-24 10:00:00,2141.6,2149.0,2141.6,2146.5,27184.0
2026-06-24 10:05:00,2146.9,2149.8,2144.4,2148.4,9435.0
2026-06-24 10:10:00,2149.0,2150.0,2146.0,2149.0,11261.0
2026-06-24 10:15:00,2149.9,2150.0,2147.4,2147.6,5475.0
2026-06-24 10:20:00,2148.0,2149.9,2146.4,2149.1,8851.0
2026-06-24 10:25:00,2149.0,2150.0,2144.6,2146.9,10347.0
2026-06-24 10:30:00,2147.3,2150.9,2144.4,2150.9,13363.0
2026-06-24 10:35:00,2150.0,2156.0,2150.0,2152.0,16264.0
2026-06-24 10:40:00,2151.7,2158.2,2151.7,2153.9,15927.0
2026-06-24 10:45:00,2154.6,2155.9,2152.4,2153.5,12139.0
2026-06-24 10:50:00,2153.5,2156.0,2153.0,2153.0,9779.0
2026-06-24 10:55:00,2153.0,2160.0,2152.5,2158.5,16745.0
2026-06-24 11:00:00,2159.0,2160.0,2156.7,2157.4,11600.0
2026-06-24 11:05:00,2157.4,2158.3,2154.3,2158.0,11268.0
2026-06-24 11:10:00,2158.0,2165.1,2156.8,2165.0,17965.0
2026-06-24 11:15:00,2165.0,2167.5,2157.6,2158.5,17245.0
2026-06-24 11:20:00,2158.8,2164.0,2158.5,2161.7,19352.0
2026-06-24 11:25:00,2160.4,2161.9,2159.5,2161.5,6916.0
2026-06-24 11:30:00,2160.4,2161.0,2155.7,2157.0,9894.0
2026-06-24 11:35:00,2156.3,2157.3,2155.0,2156.7,5730.0
2026-06-24 11:40:00,2156.7,2159.8,2156.4,2158.4,8076.0
2026-06-24 11:45:00,2159.0,2159.9,2156.4,2157.2,6954.0
2026-06-24 11:50:00,2157.2,2159.0,2155.3,2158.9,6927.0
2026-06-24 11:55:00,2158.9,2159.9,2156.7,2157.0,5794.0
2026-06-24 12:00:00,2157.0,2158.9,2152.5,2153.0,9729.0
2026-06-24 12:05:00,2153.0,2153.0,2151.0,2151.0,16265.0
2026-06-24 12:10:00,2151.0,2151.5,2146.0,2146.0,11814.0
2026-06-24 12:15:00,2145.9,2149.5,2145.1,2149.5,7942.0
2026-06-24 12:20:00,2149.5,2149.7,2147.3,2149.3,6373.0
2026-06-24 12:25:00,2149.2,2149.8,2143.4,2143.8,13555.0
2026-06-24 12:30:00,2142.9,2143.6,2140.0,2143.5,11596.0
2026-06-24 12:35:00,2142.4,2144.4,2141.2,2143.1,6803.0
2026-06-24 12:40:00,2143.6,2145.4,2135.0,2136.0,17606.0
2026-06-24 12:45:00,2135.9,2138.5,2135.2,2135.3,7392.0
2026-06-24 12:50:00,2135.3,2136.8,2134.0,2136.6,10996.0
2026-06-24 12:55:00,2136.4,2138.5,2132.8,2138.5,8379.0
2026-06-24 13:00:00,2137.4,2139.3,2137.0,2138.1,8421.0
2026-06-24 13:05:00,2138.1,2141.8,2138.1,2141.4,8453.0
2026-06-24 13:10:00,2141.4,2142.9,2137.2,2137.2,10389.0
2026-06-24 13:15:00,2137.4,2140.0,2136.0,2138.2,4546.0
2026-06-24 13:20:00,2138.2,2140.0,2138.2,2139.3,8256.0
2026-06-24 13:25:00,2139.3,2141.8,2137.9,2138.5,9778.0
2026-06-24 13:30:00,2139.6,2140.9,2137.0,2137.0,11569.0
2026-06-24 13:35:00,2136.9,2137.1,2122.3,2123.8,41848.0
2026-06-24 13:40:00,2123.0,2123.5,2099.3,2101.5,87688.0
2026-06-24 13:45:00,2101.6,2115.3,2101.2,2114.6,30987.0
2026-06-24 13:50:00,2113.8,2115.0,2108.3,2111.5,19647.0
2026-06-24 13:55:00,2111.8,2112.6,2109.0,2111.3,17805.0
2026-06-24 14:00:00,2111.4,2114.3,2108.6,2114.3,12584.0
2026-06-24 14:05:00,2112.2,2119.4,2112.2,2118.1,11819.0
2026-06-24 14:10:00,2119.2,2119.2,2114.0,2116.7,12258.0
2026-06-24 14:15:00,2117.7,2123.9,2115.8,2122.0,23768.0
2026-06-24 14:20:00,2121.4,2128.0,2121.2,2126.3,14817.0
2026-06-24 14:25:00,2126.3,2127.4,2123.6,2124.6,9693.0
2026-06-24 14:30:00,2124.5,2126.3,2123.5,2123.5,7846.0
2026-06-24 14:35:00,2124.4,2126.1,2122.9,2123.0,8189.0
2026-06-24 14:40:00,2123.8,2126.0,2120.0,2122.2,15462.0
2026-06-24 14:45:00,2122.2,2123.3,2120.0,2122.5,9403.0
2026-06-24 14:50:00,2123.5,2124.9,2121.1,2122.0,14530.0
2026-06-24 14:55:00,2122.9,2125.0,2122.1,2124.5,14757.0
2026-06-24 15:00:00,2124.2,2129.8,2123.2,2127.7,56989.0
2026-06-24 15:05:00,2127.6,2134.6,2126.5,2128.0,30852.0
2026-06-24 15:10:00,2128.0,2128.0,2121.2,2123.2,31641.0
2026-06-24 15:15:00,2122.8,2122.8,2119.1,2119.1,29106.0
2026-06-24 15:20:00,2119.1,2119.6,2114.0,2116.8,40837.0
2026-06-24 15:25:00,2117.1,2125.0,2108.0,2109.8,38015.0
2026-06-25 09:15:00,2139.8,2144.8,2122.9,2133.5,31641.0
2026-06-25 09:20:00,2134.3,2144.0,2131.8,2138.0,26342.0
2026-06-25 09:25:00,2139.0,2142.5,2137.0,2140.5,17580.0
2026-06-25 09:30:00,2140.5,2140.5,2135.0,2139.8,10225.0
2026-06-25 09:35:00,2140.0,2141.0,2134.3,2140.1,9888.0
2026-06-25 09:40:00,2140.4,2140.4,2135.7,2138.7,7717.0
2026-06-25 09:45:00,2139.0,2146.8,2136.7,2140.0,20721.0
2026-06-25 09:50:00,2140.1,2144.4,2138.6,2139.1,6497.0
2026-06-25 09:55:00,2139.0,2143.0,2139.0,2141.0,8010.0
2026-06-25 10:00:00,2141.5,2141.9,2137.5,2138.3,5656.0
2026-06-25 10:05:00,2138.5,2141.1,2133.2,2140.7,13039.0
2026-06-25 10:10:00,2141.0,2147.6,2140.7,2147.1,16512.0
2026-06-25 10:15:00,2147.3,2152.9,2147.0,2150.8,20905.0
2026-06-25 10:20:00,2150.4,2154.3,2148.4,2150.3,11853.0
2026-06-25 10:25:00,2150.8,2153.4,2150.3,2152.6,9375.0
2026-06-25 10:30:00,2152.5,2160.0,2152.4,2158.1,19079.0
2026-06-25 10:35:00,2158.5,2158.5,2156.0,2156.7,9919.0
2026-06-25 10:40:00,2156.7,2157.6,2151.5,2152.9,15532.0
2026-06-25 10:45:00,2152.9,2157.7,2151.8,2157.0,13057.0
2026-06-25 10:50:00,2157.2,2157.3,2152.5,2153.5,6832.0
2026-06-25 10:55:00,2153.5,2157.0,2152.5,2155.8,4885.0
2026-06-25 11:00:00,2156.8,2156.9,2154.0,2154.6,6463.0
2026-06-25 11:05:00,2155.4,2156.8,2154.6,2156.3,3863.0
2026-06-25 11:10:00,2155.9,2157.8,2155.7,2156.8,5962.0
2026-06-25 11:15:00,2157.6,2158.8,2156.1,2158.2,18462.0
2026-06-25 11:20:00,2158.1,2165.0,2156.9,2161.3,28491.0
2026-06-25 11:25:00,2162.5,2163.8,2161.3,2163.3,8465.0
2026-06-25 11:30:00,2163.4,2164.5,2162.0,2163.5,12363.0
2026-06-25 11:35:00,2163.5,2166.0,2163.0,2164.1,15098.0
2026-06-25 11:40:00,2164.1,2164.9,2157.7,2158.4,14314.0
2026-06-25 11:45:00,2158.5,2159.6,2143.0,2145.0,43522.0
2026-06-25 11:50:00,2145.0,2150.0,2141.5,2149.0,29447.0
2026-06-25 11:55:00,2150.0,2150.4,2149.0,2149.8,12611.0
2026-06-25 12:00:00,2149.8,2150.0,2146.1,2149.2,7758.0
2026-06-25 12:05:00,2149.0,2149.9,2147.4,2149.4,5876.0
2026-06-25 12:10:00,2149.1,2150.0,2147.8,2149.4,8579.0
2026-06-25 12:15:00,2149.5,2150.0,2146.4,2148.5,8631.0
2026-06-25 12:20:00,2149.0,2150.6,2148.3,2149.6,15436.0
2026-06-25 12:25:00,2149.9,2149.9,2141.1,2142.9,20974.0
2026-06-25 12:30:00,2142.6,2145.0,2139.0,2143.2,15792.0
2026-06-25 12:35:00,2143.9,2147.6,2143.0,2147.6,19670.0
2026-06-25 12:40:00,2147.6,2155.3,2146.8,2151.4,36101.0
2026-06-25 12:45:00,2151.9,2154.5,2151.4,2154.2,9750.0
2026-06-25 12:50:00,2154.2,2157.9,2153.4,2156.5,15187.0
2026-06-25 12:55:00,2156.5,2158.3,2155.2,2157.6,7813.0
2026-06-25 13:00:00,2157.6,2157.6,2146.3,2148.2,24142.0
2026-06-25 13:05:00,2148.3,2150.5,2148.3,2149.5,13501.0
2026-06-25 13:10:00,2149.5,2150.5,2145.8,2145.8,15392.0
2026-06-25 13:15:00,2145.8,2150.0,2145.6,2150.0,12775.0
2026-06-25 13:20:00,2150.6,2158.2,2150.3,2156.7,30484.0
2026-06-25 13:25:00,2157.0,2158.9,2154.8,2156.5,9265.0
2026-06-25 13:30:00,2156.6,2158.0,2152.6,2156.1,57913.0
2026-06-25 13:35:00,2156.1,2163.1,2156.0,2159.9,19574.0
2026-06-25 13:40:00,2160.5,2162.4,2159.6,2161.6,10014.0
2026-06-25 13:45:00,2162.2,2165.0,2161.7,2163.2,16226.0
2026-06-25 13:50:00,2164.0,2166.0,2162.1,2163.2,16514.0
2026-06-25 13:55:00,2163.2,2164.2,2158.0,2161.8,13451.0
2026-06-25 14:00:00,2161.1,2161.7,2159.4,2160.8,7428.0
2026-06-25 14:05:00,2161.5,2163.8,2160.5,2160.8,7239.0
2026-06-25 14:10:00,2160.8,2161.4,2152.0,2153.5,15200.0
2026-06-25 14:15:00,2153.5,2156.7,2152.5,2153.0,31426.0
2026-06-25 14:20:00,2153.7,2154.0,2147.4,2148.0,24939.0
2026-06-25 14:25:00,2148.7,2150.7,2146.1,2147.3,19250.0
2026-06-25 14:30:00,2148.0,2150.5,2147.3,2149.6,16157.0
2026-06-25 14:35:00,2149.0,2152.4,2147.6,2148.5,19734.0
2026-06-25 14:40:00,2148.6,2150.2,2146.2,2148.1,14738.0
2026-06-25 14:45:00,2148.1,2148.5,2143.8,2144.2,11925.0
2026-06-25 14:50:00,2144.7,2145.2,2142.8,2143.4,8083.0
2026-06-25 14:55:00,2143.9,2145.0,2143.1,2144.8,10740.0
2026-06-25 15:00:00,2144.0,2148.8,2140.2,2147.2,30347.0
2026-06-25 15:05:00,2147.2,2149.0,2146.0,2147.0,26232.0
2026-06-25 15:10:00,2147.6,2147.8,2144.0,2145.1,23145.0
2026-06-25 15:15:00,2144.0,2148.0,2143.6,2145.8,42177.0
2026-06-25 15:20:00,2145.5,2145.7,2140.9,2144.4,47680.0
2026-06-25 15:25:00,2144.0,2149.0,2142.5,2145.0,34348.0
2026-06-29 09:15:00,2145.3,2145.3,2128.3,2134.0,37388.0
2026-06-29 09:20:00,2135.7,2135.7,2111.9,2111.9,25747.0
2026-06-29 09:25:00,2111.9,2118.7,2109.5,2117.4,24572.0
2026-06-29 09:30:00,2117.3,2119.7,2110.8,2112.7,22808.0
2026-06-29 09:35:00,2111.9,2123.0,2105.5,2121.5,23390.0
2026-06-29 09:40:00,2122.9,2123.8,2115.5,2118.4,16038.0
2026-06-29 09:45:00,2118.2,2119.3,2115.4,2117.7,11921.0
2026-06-29 09:50:00,2117.7,2126.7,2116.1,2125.5,28178.0
2026-06-29 09:55:00,2125.4,2127.6,2119.2,2119.2,20350.0
2026-06-29 10:00:00,2118.6,2120.8,2116.3,2119.0,19825.0
2026-06-29 10:05:00,2119.4,2125.0,2118.4,2124.2,11602.0
2026-06-29 10:10:00,2124.2,2124.9,2118.5,2118.6,12880.0
2026-06-29 10:15:00,2118.6,2120.0,2115.0,2115.7,15367.0
2026-06-29 10:20:00,2115.7,2126.3,2115.0,2123.9,14001.0
2026-06-29 10:25:00,2124.1,2129.3,2123.9,2126.6,13365.0
2026-06-29 10:30:00,2126.0,2128.9,2125.1,2127.9,10891.0
2026-06-29 10:35:00,2127.9,2129.4,2125.0,2126.3,13838.0
2026-06-29 10:40:00,2126.3,2129.0,2121.8,2127.4,13209.0
2026-06-29 10:45:00,2127.4,2130.0,2124.0,2127.9,16232.0
2026-06-29 10:50:00,2127.9,2127.9,2118.1,2119.7,24873.0
2026-06-29 10:55:00,2119.0,2122.5,2117.9,2122.2,18881.0
2026-06-29 11:00:00,2122.2,2124.1,2118.4,2121.0,18621.0
2026-06-29 11:05:00,2121.7,2121.9,2116.5,2117.7,20440.0
2026-06-29 11:10:00,2117.6,2120.6,2116.1,2117.2,25075.0
2026-06-29 11:15:00,2116.7,2117.8,2106.5,2113.8,66412.0
2026-06-29 11:20:00,2113.2,2119.6,2113.2,2118.2,28761.0
2026-06-29 11:25:00,2117.2,2123.3,2116.8,2122.3,26382.0
2026-06-29 11:30:00,2122.3,2126.8,2120.3,2123.2,34483.0
2026-06-29 11:35:00,2123.2,2123.2,2117.1,2120.1,27328.0
2026-06-29 11:40:00,2120.1,2122.7,2115.6,2115.6,35697.0
2026-06-29 11:45:00,2115.3,2115.3,2108.6,2113.6,38192.0
2026-06-29 11:50:00,2112.6,2114.2,2110.0,2111.2,39607.0
2026-06-29 11:55:00,2111.0,2112.4,2105.8,2107.2,25320.0
2026-06-29 12:00:00,2107.1,2111.4,2106.0,2108.6,28113.0
2026-06-29 12:05:00,2108.6,2116.7,2107.1,2108.2,26903.0
2026-06-29 12:10:00,2108.4,2111.0,2107.5,2110.9,22180.0
2026-06-29 12:15:00,2110.7,2117.0,2109.3,2115.8,29919.0
2026-06-29 12:20:00,2114.6,2120.4,2113.7,2114.0,34881.0
2026-06-29 12:25:00,2114.0,2116.5,2110.8,2111.1,35800.0
2026-06-29 12:30:00,2111.0,2112.0,2096.5,2097.4,41645.0
2026-06-29 12:35:00,2097.4,2099.7,2096.1,2097.5,29701.0
2026-06-29 12:40:00,2098.0,2100.0,2096.6,2096.6,24163.0
2026-06-29 12:45:00,2096.5,2105.0,2096.5,2104.5,30540.0
2026-06-29 12:50:00,2104.5,2109.6,2104.0,2107.9,44556.0
2026-06-29 12:55:00,2107.3,2108.7,2106.0,2107.3,29759.0
2026-06-29 13:00:00,2107.3,2110.0,2106.1,2108.8,26149.0
2026-06-29 13:05:00,2108.2,2109.8,2107.9,2109.0,24612.0
2026-06-29 13:10:00,2109.3,2120.4,2109.3,2118.7,41265.0
2026-06-29 13:15:00,2118.9,2120.1,2113.8,2115.9,31030.0
2026-06-29 13:20:00,2115.8,2120.8,2114.5,2117.3,55119.0
2026-06-29 13:25:00,2117.3,2122.0,2117.0,2121.7,37597.0
2026-06-29 13:30:00,2122.0,2122.0,2115.6,2117.6,92354.0
2026-06-29 13:35:00,2117.6,2127.9,2116.2,2123.1,47179.0
2026-06-29 13:40:00,2122.5,2126.6,2121.3,2124.0,65142.0
2026-06-29 13:45:00,2124.2,2126.8,2122.9,2124.6,52699.0
2026-06-29 13:50:00,2124.1,2125.8,2120.3,2125.0,48047.0
2026-06-29 13:55:00,2124.5,2126.9,2123.9,2126.6,43354.0
2026-06-29 14:00:00,2126.6,2127.9,2120.3,2123.6,52910.0
2026-06-29 14:05:00,2123.4,2124.6,2117.1,2118.5,43944.0
2026-06-29 14:10:00,2118.4,2124.0,2117.8,2122.7,51173.0
2026-06-29 14:15:00,2122.7,2123.7,2118.3,2121.6,49560.0
2026-06-29 14:20:00,2121.6,2130.6,2121.4,2125.7,47574.0
2026-06-29 14:25:00,2125.2,2128.8,2124.6,2127.2,50395.0
2026-06-29 14:30:00,2127.2,2131.2,2126.1,2129.0,43418.0
2026-06-29 14:35:00,2128.0,2130.6,2123.2,2124.6,42792.0
2026-06-29 14:40:00,2124.5,2124.6,2106.6,2113.4,68944.0
2026-06-29 14:45:00,2112.3,2116.4,2111.1,2114.3,67637.0
2026-06-29 14:50:00,2114.3,2121.9,2112.4,2120.8,187211.0
2026-06-29 14:55:00,2120.8,2132.0,2117.2,2126.7,221262.0
2026-06-29 15:00:00,2126.9,2127.9,2112.2,2125.9,822827.0
2026-06-29 15:05:00,2126.4,2163.4,2123.5,2158.1,871139.0
2026-06-29 15:10:00,2159.9,2168.6,2149.7,2156.3,830714.0
2026-06-29 15:15:00,2157.0,2199.0,2156.4,2197.0,860325.0
2026-06-29 15:20:00,2198.6,2238.0,2197.6,2227.2,815393.0
2026-06-29 15:25:00,2230.8,2235.7,2192.3,2199.4,641457.0
2026-06-30 09:15:00,2114.1,2121.8,2056.1,2068.8,175378.0
2026-06-30 09:20:00,2068.0,2077.4,2067.8,2073.1,76413.0
2026-06-30 09:25:00,2073.1,2085.6,2073.0,2078.7,35795.0
2026-06-30 09:30:00,2078.2,2082.8,2075.3,2081.7,17472.0
2026-06-30 09:35:00,2081.2,2086.5,2071.1,2075.1,41350.0
2026-06-30 09:40:00,2075.0,2081.0,2075.0,2078.8,24985.0
2026-06-30 09:45:00,2078.5,2094.8,2076.1,2086.8,41154.0
2026-06-30 09:50:00,2085.7,2098.1,2083.6,2096.6,30314.0
2026-06-30 09:55:00,2096.6,2107.9,2094.5,2101.2,38075.0
2026-06-30 10:00:00,2100.6,2114.0,2100.6,2113.4,32565.0
2026-06-30 10:05:00,2113.4,2124.4,2109.6,2110.7,50023.0
2026-06-30 10:10:00,2110.0,2121.5,2109.3,2121.0,23967.0
2026-06-30 10:15:00,2120.6,2133.9,2119.3,2133.6,26237.0
2026-06-30 10:20:00,2132.3,2135.2,2125.0,2129.1,36651.0
2026-06-30 10:25:00,2128.6,2132.7,2125.8,2132.5,14158.0
2026-06-30 10:30:00,2131.8,2131.8,2127.2,2129.0,11232.0
2026-06-30 10:35:00,2129.0,2129.7,2121.0,2126.0,11565.0
2026-06-30 10:40:00,2126.0,2128.9,2124.7,2125.8,6637.0
2026-06-30 10:45:00,2125.7,2126.0,2120.3,2123.0,12968.0
2026-06-30 10:50:00,2123.0,2125.9,2116.1,2118.0,58604.0
2026-06-30 10:55:00,2117.4,2119.5,2114.6,2115.3,19102.0
2026-06-30 11:00:00,2115.3,2118.8,2112.1,2113.0,13495.0
2026-06-30 11:05:00,2112.5,2115.0,2111.2,2113.3,11769.0
2026-06-30 11:10:00,2112.9,2114.6,2102.3,2113.8,27021.0
2026-06-30 11:15:00,2113.8,2119.4,2111.2,2118.5,15916.0
2026-06-30 11:20:00,2117.4,2122.6,2116.6,2122.6,15901.0
2026-06-30 11:25:00,2122.6,2123.0,2120.0,2121.5,7327.0
2026-06-30 11:30:00,2121.5,2124.9,2120.0,2120.1,12625.0
2026-06-30 11:35:00,2120.9,2121.1,2117.7,2120.7,16286.0
2026-06-30 11:40:00,2120.7,2127.7,2120.2,2127.7,78427.0
2026-06-30 11:45:00,2127.9,2136.5,2127.9,2135.9,17349.0
2026-06-30 11:50:00,2135.4,2141.6,2135.1,2141.1,16030.0
2026-06-30 11:55:00,2141.2,2145.5,2140.7,2144.3,11160.0
2026-06-30 12:00:00,2144.3,2145.7,2142.7,2145.5,11474.0
2026-06-30 12:05:00,2145.5,2147.0,2142.9,2144.9,18083.0
2026-06-30 12:10:00,2144.9,2145.9,2140.7,2142.3,15839.0
2026-06-30 12:15:00,2142.3,2150.0,2141.4,2150.0,32337.0
2026-06-30 12:20:00,2149.0,2150.0,2143.6,2145.4,10932.0
2026-06-30 12:25:00,2145.4,2146.0,2140.1,2141.0,18558.0
2026-06-30 12:30:00,2140.9,2143.0,2137.0,2138.9,29419.0
2026-06-30 12:35:00,2140.0,2146.0,2140.0,2145.0,21598.0
2026-06-30 12:40:00,2145.0,2146.1,2143.5,2144.5,11601.0
2026-06-30 12:45:00,2144.2,2147.4,2144.0,2144.9,9617.0
2026-06-30 12:50:00,2144.9,2146.4,2140.3,2142.5,10320.0
2026-06-30 12:55:00,2142.6,2144.8,2141.3,2144.1,13519.0
2026-06-30 13:00:00,2143.4,2144.0,2140.0,2141.8,55042.0
2026-06-30 13:05:00,2141.6,2144.7,2140.0,2143.1,28341.0
2026-06-30 13:10:00,2143.1,2145.0,2141.6,2143.6,19593.0
2026-06-30 13:15:00,2143.0,2145.0,2142.2,2144.5,20081.0
2026-06-30 13:20:00,2144.0,2153.5,2142.6,2153.3,28788.0
2026-06-30 13:25:00,2152.3,2157.2,2151.0,2153.0,19174.0
2026-06-30 13:30:00,2152.9,2154.4,2151.0,2154.0,11109.0
2026-06-30 13:35:00,2154.0,2154.5,2150.7,2151.8,6718.0
2026-06-30 13:40:00,2151.1,2152.7,2150.9,2152.1,4041.0
2026-06-30 13:45:00,2151.7,2162.3,2151.0,2160.5,13820.0
2026-06-30 13:50:00,2160.5,2162.5,2156.4,2157.1,14799.0
2026-06-30 13:55:00,2157.2,2157.9,2152.3,2153.4,16567.0
2026-06-30 14:00:00,2153.4,2156.3,2150.4,2156.3,34306.0
2026-06-30 14:05:00,2156.3,2159.6,2155.4,2158.4,19008.0
2026-06-30 14:10:00,2158.4,2158.8,2154.9,2155.8,13450.0
2026-06-30 14:15:00,2155.8,2160.0,2154.5,2160.0,38436.0
2026-06-30 14:20:00,2159.6,2164.6,2158.0,2163.2,21325.0
2026-06-30 14:25:00,2163.2,2166.1,2160.5,2165.8,19778.0
2026-06-30 14:30:00,2165.4,2165.4,2150.7,2152.7,22147.0
2026-06-30 14:35:00,2152.6,2153.6,2150.1,2153.1,10436.0
2026-06-30 14:40:00,2152.1,2155.0,2151.4,2153.2,10792.0
2026-06-30 14:45:00,2153.2,2153.5,2151.0,2152.9,10535.0
2026-06-30 14:50:00,2152.2,2153.8,2151.8,2153.6,10481.0
2026-06-30 14:55:00,2153.2,2156.2,2150.0,2151.4,21117.0
2026-06-30 15:00:00,2151.0,2151.2,2136.6,2141.3,115359.0
2026-06-30 15:05:00,2141.0,2145.3,2140.0,2144.8,46722.0
2026-06-30 15:10:00,2144.2,2144.6,2140.1,2141.6,49541.0
2026-06-30 15:15:00,2141.6,2144.0,2141.6,2143.5,49775.0
2026-06-30 15:20:00,2143.5,2147.1,2142.0,2146.3,62105.0
2026-06-30 15:25:00,2147.3,2151.0,2145.1,2150.1,84915.0
2026-07-01 09:15:00,2151.0,2167.9,2135.2,2140.0,29489.0
2026-07-01 09:20:00,2139.3,2148.3,2138.2,2139.9,16429.0
2026-07-01 09:25:00,2139.4,2141.3,2132.3,2138.2,11218.0
2026-07-01 09:30:00,2137.0,2142.3,2127.0,2127.3,10440.0
2026-07-01 09:35:00,2127.4,2139.0,2127.4,2132.0,7380.0
2026-07-01 09:40:00,2131.5,2133.9,2126.4,2131.0,7384.0
2026-07-01 09:45:00,2131.3,2141.7,2131.3,2134.4,6866.0
2026-07-01 09:50:00,2135.5,2140.3,2135.0,2135.7,4459.0
2026-07-01 09:55:00,2135.2,2138.1,2132.5,2133.7,8116.0
2026-07-01 10:00:00,2132.6,2135.7,2113.4,2114.8,21677.0
2026-07-01 10:05:00,2115.0,2116.4,2110.5,2114.4,6991.0
2026-07-01 10:10:00,2114.2,2116.7,2110.0,2113.8,7177.0
2026-07-01 10:15:00,2114.9,2122.4,2113.1,2113.3,14061.0
2026-07-01 10:20:00,2113.3,2116.1,2111.8,2112.7,9855.0
2026-07-01 10:25:00,2111.6,2113.4,2110.0,2110.7,5081.0
2026-07-01 10:30:00,2110.9,2112.0,2106.0,2107.3,7844.0
2026-07-01 10:35:00,2108.0,2111.0,2107.1,2109.2,6918.0
2026-07-01 10:40:00,2110.1,2112.9,2109.0,2110.5,6173.0
2026-07-01 10:45:00,2110.5,2113.9,2108.0,2110.5,5770.0
2026-07-01 10:50:00,2110.2,2111.9,2108.0,2109.3,3188.0
2026-07-01 10:55:00,2109.3,2112.4,2101.5,2103.1,12567.0
2026-07-01 11:00:00,2103.1,2104.6,2101.0,2102.1,5206.0
2026-07-01 11:05:00,2102.1,2105.0,2101.7,2103.8,3008.0
2026-07-01 11:10:00,2103.8,2109.3,2102.4,2108.3,6600.0
2026-07-01 11:15:00,2108.3,2109.7,2101.6,2104.1,14119.0
2026-07-01 11:20:00,2104.1,2118.5,2103.5,2104.7,55981.0
2026-07-01 11:25:00,2104.7,2105.6,2100.0,2105.6,22045.0
2026-07-01 11:30:00,2104.5,2106.0,2098.1,2098.7,16971.0
2026-07-01 11:35:00,2099.0,2099.9,2093.6,2095.5,14453.0
2026-07-01 11:40:00,2095.5,2098.3,2094.6,2094.9,12028.0
2026-07-01 11:45:00,2094.9,2099.3,2090.9,2091.9,16324.0
2026-07-01 11:50:00,2091.4,2094.0,2088.7,2092.5,12334.0
2026-07-01 11:55:00,2092.5,2104.5,2092.0,2100.7,23071.0
2026-07-01 12:00:00,2101.3,2102.1,2098.1,2099.1,9039.0
2026-07-01 12:05:00,2099.1,2100.0,2095.8,2097.6,24824.0
2026-07-01 12:10:00,2096.9,2097.8,2092.7,2094.3,14343.0
2026-07-01 12:15:00,2094.3,2095.9,2092.8,2094.2,5877.0
2026-07-01 12:20:00,2094.2,2097.1,2093.3,2095.8,9007.0
2026-07-01 12:25:00,2096.0,2098.0,2091.3,2092.9,7220.0
2026-07-01 12:30:00,2095.0,2096.0,2094.5,2095.0,2751.0
2026-07-01 12:35:00,2095.0,2097.8,2092.1,2095.3,6350.0
2026-07-01 12:40:00,2095.3,2099.9,2095.3,2097.0,5368.0
2026-07-01 12:45:00,2097.0,2099.9,2096.4,2098.6,5050.0
2026-07-01 12:50:00,2098.6,2099.2,2096.0,2096.5,4996.0
2026-07-01 12:55:00,2096.5,2097.0,2094.9,2096.2,4176.0
2026-07-01 13:00:00,2095.9,2097.0,2092.7,2093.0,5319.0
2026-07-01 13:05:00,2093.0,2095.7,2093.0,2093.1,7564.0
2026-07-01 13:10:00,2093.0,2096.2,2093.0,2094.5,3490.0
2026-07-01 13:15:00,2094.5,2099.6,2093.5,2094.5,20181.0
2026-07-01 13:20:00,2094.5,2096.6,2094.0,2095.2,4475.0
2026-07-01 13:25:00,2095.2,2098.1,2094.7,2095.1,7360.0
2026-07-01 13:30:00,2095.1,2095.1,2093.0,2093.5,5576.0
2026-07-01 13:35:00,2093.5,2095.4,2089.9,2090.2,36555.0
2026-07-01 13:40:00,2090.2,2096.2,2090.2,2094.9,24916.0
2026-07-01 13:45:00,2093.9,2094.9,2088.3,2091.3,10113.0
2026-07-01 13:50:00,2090.8,2093.0,2090.4,2092.1,16597.0
2026-07-01 13:55:00,2091.6,2092.8,2089.1,2092.7,29907.0
2026-07-01 14:00:00,2092.2,2099.1,2091.7,2099.0,23041.0
2026-07-01 14:05:00,2098.5,2104.3,2097.7,2104.0,43243.0
2026-07-01 14:10:00,2104.0,2110.0,2103.2,2105.2,28821.0
2026-07-01 14:15:00,2105.2,2106.4,2100.1,2104.8,26284.0
2026-07-01 14:20:00,2104.5,2107.1,2103.3,2105.6,8009.0
2026-07-01 14:25:00,2105.1,2107.6,2105.0,2105.0,7733.0
2026-07-01 14:30:00,2105.0,2109.2,2105.0,2108.3,14727.0
2026-07-01 14:35:00,2107.5,2109.7,2106.0,2106.5,9530.0
2026-07-01 14:40:00,2107.0,2107.8,2103.5,2107.0,7478.0
2026-07-01 14:45:00,2107.7,2108.0,2105.3,2107.1,6962.0
2026-07-01 14:50:00,2105.5,2107.5,2103.7,2105.7,9178.0
2026-07-01 14:55:00,2105.5,2106.9,2101.9,2102.9,12600.0
2026-07-01 15:00:00,2104.2,2110.4,2103.5,2109.0,58639.0
2026-07-01 15:05:00,2108.6,2108.9,2105.0,2107.6,34837.0
2026-07-01 15:10:00,2107.8,2111.6,2106.4,2108.7,33839.0
2026-07-01 15:15:00,2108.7,2110.4,2105.0,2109.7,34939.0
2026-07-01 15:20:00,2110.1,2113.0,2108.9,2109.2,45186.0
2026-07-01 15:25:00,2109.8,2112.0,2107.2,2110.0,34398.0
2026-07-02 09:15:00,2135.0,2138.3,2109.1,2110.0,27993.0
2026-07-02 09:20:00,2109.0,2112.8,2104.2,2108.2,19225.0
2026-07-02 09:25:00,2108.2,2109.4,2100.0,2100.9,11162.0
2026-07-02 09:30:00,2099.9,2107.7,2098.2,2104.4,9922.0
2026-07-02 09:35:00,2104.0,2106.7,2102.4,2103.3,5388.0
2026-07-02 09:40:00,2103.7,2104.8,2100.4,2102.8,8148.0
2026-07-02 09:45:00,2102.8,2109.0,2102.2,2103.5,6813.0
2026-07-02 09:50:00,2103.3,2110.3,2102.9,2108.6,7119.0
2026-07-02 09:55:00,2108.6,2108.6,2102.0,2105.0,9022.0
2026-07-02 10:00:00,2104.3,2107.5,2102.5,2104.4,9852.0
2026-07-02 10:05:00,2104.4,2120.0,2104.4,2119.9,13781.0
2026-07-02 10:10:00,2120.0,2123.0,2116.0,2117.9,21287.0
2026-07-02 10:15:00,2117.9,2120.5,2116.3,2119.5,3908.0
2026-07-02 10:20:00,2119.5,2121.4,2117.0,2119.8,5329.0
2026-07-02 10:25:00,2119.6,2125.0,2119.6,2124.1,4801.0
2026-07-02 10:30:00,2123.6,2124.8,2119.3,2122.0,5103.0
2026-07-02 10:35:00,2122.3,2133.0,2122.2,2131.1,9291.0
2026-07-02 10:40:00,2131.1,2135.5,2127.1,2133.3,10521.0
2026-07-02 10:45:00,2133.3,2134.0,2127.0,2130.3,7947.0
2026-07-02 10:50:00,2131.2,2131.2,2128.0,2128.6,4430.0
2026-07-02 10:55:00,2128.7,2130.6,2127.5,2128.5,3584.0
2026-07-02 11:00:00,2128.5,2129.4,2124.0,2125.1,4410.0
2026-07-02 11:05:00,2125.2,2127.7,2124.5,2126.2,2740.0
2026-07-02 11:10:00,2126.3,2128.0,2125.2,2126.2,4015.0
2026-07-02 11:15:00,2126.2,2130.0,2121.3,2125.9,9943.0
2026-07-02 11:20:00,2126.2,2126.2,2121.3,2122.0,5273.0
2026-07-02 11:25:00,2122.0,2125.6,2121.1,2123.2,5731.0
2026-07-02 11:30:00,2123.2,2124.1,2122.0,2123.0,4730.0
2026-07-02 11:35:00,2123.0,2123.6,2121.9,2122.0,4065.0
2026-07-02 11:40:00,2122.0,2124.0,2121.1,2123.0,4383.0
2026-07-02 11:45:00,2122.4,2124.0,2121.0,2122.2,4758.0
2026-07-02 11:50:00,2122.2,2124.0,2120.8,2123.0,5306.0
2026-07-02 11:55:00,2123.0,2130.0,2123.0,2127.2,10059.0
2026-07-02 12:00:00,2127.2,2132.9,2126.8,2130.8,8102.0
2026-07-02 12:05:00,2132.0,2136.8,2127.6,2128.7,17229.0
2026-07-02 12:10:00,2128.9,2131.0,2125.8,2127.4,5313.0
2026-07-02 12:15:00,2127.3,2129.2,2123.0,2125.4,10004.0
2026-07-02 12:20:00,2126.1,2145.0,2125.4,2138.5,56055.0
2026-07-02 12:25:00,2138.6,2139.4,2134.1,2135.3,12031.0
2026-07-02 12:30:00,2134.2,2136.0,2133.0,2134.5,16754.0
2026-07-02 12:35:00,2134.3,2135.1,2132.5,2134.3,5815.0
2026-07-02 12:40:00,2134.1,2136.0,2127.2,2129.4,57612.0
2026-07-02 12:45:00,2129.0,2135.5,2128.2,2131.0,14022.0
2026-07-02 12:50:00,2131.5,2132.7,2128.4,2132.2,4435.0
2026-07-02 12:55:00,2131.2,2132.6,2129.5,2131.1,3491.0
2026-07-02 13:00:00,2130.4,2131.0,2127.2,2127.2,10226.0
2026-07-02 13:05:00,2127.2,2133.2,2127.2,2131.9,5661.0
2026-07-02 13:10:00,2131.4,2135.0,2131.4,2133.4,4113.0
2026-07-02 13:15:00,2133.3,2139.3,2133.0,2138.6,11013.0
2026-07-02 13:20:00,2138.5,2140.9,2136.5,2140.9,8964.0
2026-07-02 13:25:00,2140.0,2140.9,2138.2,2138.6,5398.0
2026-07-02 13:30:00,2138.6,2142.3,2137.5,2141.6,6835.0
2026-07-02 13:35:00,2141.9,2144.0,2140.1,2142.6,9276.0
2026-07-02 13:40:00,2142.6,2144.0,2141.4,2142.4,4796.0
2026-07-02 13:45:00,2142.4,2142.4,2139.5,2139.7,5532.0
2026-07-02 13:50:00,2140.4,2142.0,2140.1,2141.8,4024.0
2026-07-02 13:55:00,2141.6,2143.0,2140.8,2143.0,4964.0
2026-07-02 14:00:00,2142.5,2146.0,2142.0,2143.9,10795.0
2026-07-02 14:05:00,2143.9,2144.0,2142.0,2142.6,4239.0
2026-07-02 14:10:00,2142.1,2143.0,2139.8,2139.8,4516.0
2026-07-02 14:15:00,2140.2,2144.0,2140.1,2142.9,4370.0
2026-07-02 14:20:00,2143.5,2153.7,2142.7,2150.5,15512.0
2026-07-02 14:25:00,2150.4,2151.2,2147.0,2147.7,5279.0
2026-07-02 14:30:00,2147.7,2149.9,2146.3,2146.3,6818.0
2026-07-02 14:35:00,2147.2,2148.0,2142.0,2143.1,8936.0
2026-07-02 14:40:00,2143.0,2143.0,2140.1,2141.2,7106.0
2026-07-02 14:45:00,2141.2,2143.5,2141.2,2142.7,4640.0
2026-07-02 14:50:00,2143.3,2144.3,2142.0,2144.3,5844.0
2026-07-02 14:55:00,2144.3,2144.7,2140.8,2142.1,9873.0
2026-07-02 15:00:00,2142.1,2146.6,2140.1,2144.9,17940.0
2026-07-02 15:05:00,2144.9,2150.9,2144.7,2150.0,13402.0
2026-07-02 15:10:00,2150.7,2151.0,2148.3,2150.2,14007.0
2026-07-02 15:15:00,2149.6,2152.9,2149.3,2151.1,21813.0
2026-07-02 15:20:00,2151.6,2151.9,2147.5,2151.7,24867.0
2026-07-02 15:25:00,2151.9,2152.0,2145.0,2145.9,21574.0
2026-07-03 09:15:00,2160.0,2170.4,2144.7,2167.8,25764.0
2026-07-03 09:20:00,2168.0,2171.6,2158.9,2162.0,22046.0
2026-07-03 09:25:00,2162.0,2167.7,2158.3,2162.2,20915.0
2026-07-03 09:30:00,2162.5,2166.2,2161.0,2164.0,7271.0
2026-07-03 09:35:00,2163.8,2166.0,2163.0,2166.0,6017.0
2026-07-03 09:40:00,2165.3,2165.3,2160.1,2161.6,11516.0
2026-07-03 09:45:00,2163.7,2170.0,2160.0,2169.2,18240.0
2026-07-03 09:50:00,2169.9,2173.9,2167.7,2172.3,11113.0
2026-07-03 09:55:00,2173.1,2175.0,2161.5,2162.1,17071.0
2026-07-03 10:00:00,2163.2,2165.3,2162.0,2164.0,3029.0
2026-07-03 10:05:00,2164.1,2165.5,2163.2,2164.9,1939.0
2026-07-03 10:10:00,2164.4,2166.9,2162.2,2163.5,3231.0
2026-07-03 10:15:00,2163.3,2163.8,2162.0,2162.5,2908.0
2026-07-03 10:20:00,2162.1,2163.9,2160.7,2161.1,4332.0
2026-07-03 10:25:00,2161.1,2162.4,2160.7,2161.1,3243.0
2026-07-03 10:30:00,2161.1,2162.0,2160.1,2160.1,9301.0
2026-07-03 10:35:00,2161.0,2161.1,2152.8,2153.3,9363.0
2026-07-03 10:40:00,2153.8,2161.9,2153.0,2160.3,5704.0
2026-07-03 10:45:00,2164.3,2166.1,2161.5,2164.0,8214.0
2026-07-03 10:50:00,2164.0,2165.0,2162.0,2162.1,2680.0
2026-07-03 10:55:00,2162.3,2164.9,2157.5,2158.2,4738.0
2026-07-03 11:00:00,2157.4,2158.5,2156.6,2157.0,1635.0
2026-07-03 11:05:00,2158.1,2158.5,2155.5,2157.0,1639.0
2026-07-03 11:10:00,2156.0,2157.6,2155.0,2155.5,4396.0
2026-07-03 11:15:00,2155.5,2161.0,2155.5,2161.0,2307.0
2026-07-03 11:20:00,2161.0,2163.1,2160.1,2163.1,3488.0
2026-07-03 11:25:00,2162.2,2163.2,2158.0,2159.1,5271.0
2026-07-03 11:30:00,2159.1,2160.0,2157.4,2158.7,2054.0
2026-07-03 11:35:00,2158.7,2160.0,2156.6,2158.0,3452.0
2026-07-03 11:40:00,2158.0,2160.0,2156.5,2158.0,3810.0
2026-07-03 11:45:00,2156.8,2158.6,2155.4,2156.5,3641.0
2026-07-03 11:50:00,2156.5,2162.0,2155.5,2160.3,4921.0
2026-07-03 11:55:00,2160.3,2161.4,2158.8,2161.1,1749.0
2026-07-03 12:00:00,2161.2,2162.0,2158.9,2159.1,3693.0
2026-07-03 12:05:00,2158.3,2160.1,2151.4,2152.2,7491.0
2026-07-03 12:10:00,2152.3,2156.3,2151.4,2154.4,1948.0
2026-07-03 12:15:00,2154.4,2154.8,2147.4,2149.7,3337.0
2026-07-03 12:20:00,2149.8,2151.4,2145.6,2147.3,2273.0
2026-07-03 12:25:00,2145.7,2150.0,2145.0,2147.3,9628.0
2026-07-03 12:30:00,2146.3,2150.0,2145.5,2148.4,5077.0
2026-07-03 12:35:00,2150.0,2150.8,2147.1,2147.6,24428.0
2026-07-03 12:40:00,2148.0,2149.8,2145.0,2147.2,7139.0
2026-07-03 12:45:00,2147.2,2148.9,2145.1,2146.2,2535.0
2026-07-03 12:50:00,2146.1,2150.0,2146.0,2147.5,4058.0
2026-07-03 12:55:00,2147.3,2147.4,2134.0,2134.9,16148.0
2026-07-03 13:00:00,2134.7,2135.5,2131.8,2132.3,4545.0
2026-07-03 13:05:00,2132.1,2134.2,2131.8,2132.4,2637.0
2026-07-03 13:10:00,2132.1,2134.1,2129.6,2130.3,19410.0
2026-07-03 13:15:00,2130.9,2136.0,2130.0,2135.4,5164.0
2026-07-03 13:20:00,2135.7,2138.9,2134.8,2135.3,6258.0
2026-07-03 13:25:00,2136.0,2138.0,2135.1,2136.5,5258.0
2026-07-03 13:30:00,2136.7,2140.8,2136.5,2139.1,10528.0
2026-07-03 13:35:00,2140.3,2144.6,2139.1,2142.2,7024.0
2026-07-03 13:40:00,2142.5,2144.5,2141.0,2141.2,6436.0
2026-07-03 13:45:00,2141.2,2142.8,2140.1,2141.1,3825.0
2026-07-03 13:50:00,2141.1,2145.6,2141.1,2142.6,4577.0
2026-07-03 13:55:00,2142.4,2143.5,2141.5,2142.4,5261.0
2026-07-03 14:00:00,2142.4,2143.0,2141.0,2141.0,5037.0
2026-07-03 14:05:00,2140.9,2141.7,2139.6,2140.0,2730.0
2026-07-03 14:10:00,2140.1,2144.0,2140.0,2141.7,4787.0
2026-07-03 14:15:00,2142.0,2142.1,2139.5,2140.7,3512.0
2026-07-03 14:20:00,2140.7,2141.6,2140.0,2140.1,3951.0
2026-07-03 14:25:00,2140.1,2141.8,2139.6,2140.1,3026.0
2026-07-03 14:30:00,2140.1,2147.9,2140.0,2143.6,9440.0
2026-07-03 14:35:00,2143.2,2143.5,2139.6,2139.8,2963.0
2026-07-03 14:40:00,2140.3,2141.9,2138.5,2140.1,2754.0
2026-07-03 14:45:00,2140.8,2140.9,2138.0,2139.4,2236.0
2026-07-03 14:50:00,2139.4,2139.9,2131.0,2133.2,4508.0
2026-07-03 14:55:00,2133.0,2135.2,2131.2,2132.2,3328.0
2026-07-03 15:00:00,2132.2,2135.9,2132.2,2133.5,10668.0
2026-07-03 15:05:00,2133.4,2135.2,2132.5,2133.1,10621.0
2026-07-03 15:10:00,2132.8,2138.8,2132.5,2137.4,13927.0
2026-07-03 15:15:00,2136.8,2140.6,2136.5,2137.2,13998.0
2026-07-03 15:20:00,2138.0,2140.0,2136.0,2136.3,18304.0
2026-07-03 15:25:00,2136.3,2144.0,2136.3,2143.9,13011.0
2026-07-06 09:15:00,2139.9,2164.7,2137.1,2158.4,18121.0
2026-07-06 09:20:00,2158.1,2159.1,2146.0,2146.2,10858.0
2026-07-06 09:25:00,2146.1,2149.9,2142.7,2146.8,12419.0
2026-07-06 09:30:00,2146.8,2156.8,2145.6,2155.0,10165.0
2026-07-06 09:35:00,2155.0,2156.0,2147.9,2150.0,7869.0
2026-07-06 09:40:00,2149.4,2156.1,2149.4,2152.5,24166.0
2026-07-06 09:45:00,2152.9,2153.7,2148.1,2152.5,2960.0
2026-07-06 09:50:00,2152.5,2153.2,2142.6,2147.0,26407.0
2026-07-06 09:55:00,2146.0,2174.4,2144.3,2171.6,31100.0
2026-07-06 10:00:00,2171.4,2176.1,2158.1,2160.2,17461.0
2026-07-06 10:05:00,2161.0,2161.9,2154.2,2155.8,5467.0
2026-07-06 10:10:00,2155.4,2159.1,2151.3,2155.0,9127.0
2026-07-06 10:15:00,2155.0,2160.0,2152.5,2159.6,6907.0
2026-07-06 10:20:00,2159.6,2159.6,2157.0,2157.7,2653.0
2026-07-06 10:25:00,2159.1,2162.0,2155.3,2157.0,7216.0
2026-07-06 10:30:00,2157.1,2160.9,2153.4,2154.1,4112.0
2026-07-06 10:35:00,2153.4,2157.4,2152.4,2154.7,4139.0
2026-07-06 10:40:00,2154.5,2159.5,2153.7,2157.8,4431.0
2026-07-06 10:45:00,2158.4,2158.5,2154.8,2155.4,2352.0
2026-07-06 10:50:00,2155.4,2155.9,2152.5,2155.0,5424.0
2026-07-06 10:55:00,2155.0,2157.8,2153.9,2155.0,4033.0
2026-07-06 11:00:00,2155.0,2160.5,2154.2,2159.5,3632.0
2026-07-06 11:05:00,2159.6,2162.0,2156.8,2158.4,8878.0
2026-07-06 11:10:00,2158.0,2159.1,2155.5,2155.8,3032.0
2026-07-06 11:15:00,2156.0,2157.4,2148.3,2156.7,9873.0
2026-07-06 11:20:00,2155.6,2160.0,2155.6,2157.4,5498.0
2026-07-06 11:25:00,2157.2,2162.2,2157.0,2160.0,4322.0
2026-07-06 11:30:00,2159.2,2163.5,2158.9,2162.7,4401.0
2026-07-06 11:35:00,2162.0,2164.4,2161.2,2163.0,2420.0
2026-07-06 11:40:00,2162.1,2163.0,2161.4,2163.0,2273.0
2026-07-06 11:45:00,2162.2,2165.1,2161.0,2162.0,4128.0
2026-07-06 11:50:00,2161.0,2162.8,2156.0,2159.0,19976.0
2026-07-06 11:55:00,2158.8,2160.0,2158.1,2160.0,3200.0
2026-07-06 12:00:00,2159.3,2160.0,2153.4,2154.8,2971.0
2026-07-06 12:05:00,2154.8,2155.8,2153.5,2155.0,3231.0
2026-07-06 12:10:00,2155.0,2158.4,2153.0,2157.9,3917.0
2026-07-06 12:15:00,2156.9,2160.0,2151.4,2152.6,15155.0
2026-07-06 12:20:00,2151.5,2152.0,2145.3,2147.8,6812.0
2026-07-06 12:25:00,2146.8,2149.7,2146.8,2149.0,4925.0
2026-07-06 12:30:00,2148.9,2152.4,2146.8,2147.5,10464.0
2026-07-06 12:35:00,2148.7,2149.5,2147.2,2147.7,5244.0
2026-07-06 12:40:00,2147.3,2147.9,2145.0,2145.0,11724.0
2026-07-06 12:45:00,2145.4,2147.0,2144.4,2145.0,10123.0
2026-07-06 12:50:00,2144.7,2146.0,2142.2,2144.0,6696.0
2026-07-06 12:55:00,2143.9,2146.0,2143.9,2145.1,3323.0
2026-07-06 13:00:00,2145.1,2145.8,2143.5,2144.8,3878.0
2026-07-06 13:05:00,2144.6,2145.0,2143.2,2144.1,2831.0
2026-07-06 13:10:00,2143.9,2144.6,2143.2,2143.4,2728.0
2026-07-06 13:15:00,2144.6,2144.8,2143.2,2143.4,2961.0
2026-07-06 13:20:00,2143.5,2143.6,2139.8,2141.2,9871.0
2026-07-06 13:25:00,2141.4,2142.5,2141.0,2142.0,2999.0
2026-07-06 13:30:00,2142.0,2143.9,2136.1,2137.9,24243.0
2026-07-06 13:35:00,2137.9,2141.0,2136.8,2139.4,4575.0
2026-07-06 13:40:00,2139.4,2140.1,2138.0,2138.6,4342.0
2026-07-06 13:45:00,2138.7,2140.1,2137.6,2138.2,3075.0
2026-07-06 13:50:00,2138.4,2139.8,2137.3,2137.9,2869.0
2026-07-06 13:55:00,2138.0,2139.3,2137.2,2138.5,2096.0
2026-07-06 14:00:00,2137.8,2141.1,2137.5,2140.9,4430.0
2026-07-06 14:05:00,2140.9,2142.2,2139.0,2140.0,4708.0
2026-07-06 14:10:00,2140.0,2141.9,2139.5,2141.0,2181.0
2026-07-06 14:15:00,2141.0,2143.1,2137.9,2138.5,15645.0
2026-07-06 14:20:00,2138.5,2140.0,2137.5,2138.7,4218.0
2026-07-06 14:25:00,2139.3,2142.6,2137.5,2139.0,16085.0
2026-07-06 14:30:00,2139.1,2140.0,2138.3,2139.7,3268.0
2026-07-06 14:35:00,2139.7,2140.8,2138.8,2139.0,7643.0
2026-07-06 14:40:00,2138.9,2139.0,2134.7,2135.2,8455.0
2026-07-06 14:45:00,2136.0,2136.2,2134.1,2134.6,5803.0
2026-07-06 14:50:00,2134.6,2137.8,2134.0,2136.9,8486.0
2026-07-06 14:55:00,2136.7,2138.8,2136.3,2138.5,12494.0
2026-07-06 15:00:00,2137.7,2141.0,2137.7,2139.5,11379.0
2026-07-06 15:05:00,2139.3,2141.9,2138.2,2139.7,23833.0
2026-07-06 15:10:00,2139.5,2140.0,2136.7,2138.2,21393.0
2026-07-06 15:15:00,2138.1,2139.8,2137.1,2137.7,17331.0
2026-07-06 15:20:00,2137.1,2138.0,2135.0,2135.8,20433.0
2026-07-06 15:25:00,2136.4,2140.0,2135.1,2135.1,19913.0
2026-07-07 09:15:00,2136.0,2143.9,2120.9,2123.8,20595.0
2026-07-07 09:20:00,2123.6,2125.3,2114.0,2116.0,16873.0
2026-07-07 09:25:00,2114.8,2117.2,2107.6,2107.9,22963.0
2026-07-07 09:30:00,2108.9,2114.4,2107.4,2110.9,31583.0
2026-07-07 09:35:00,2110.4,2122.2,2110.1,2116.3,9640.0
2026-07-07 09:40:00,2115.9,2119.1,2115.7,2119.1,6286.0
2026-07-07 09:45:00,2119.1,2122.6,2111.0,2111.9,15404.0
2026-07-07 09:50:00,2111.8,2114.9,2108.0,2112.7,10338.0
2026-07-07 09:55:00,2112.7,2118.7,2112.7,2113.9,5893.0
2026-07-07 10:00:00,2114.0,2115.4,2111.8,2112.5,5323.0
2026-07-07 10:05:00,2112.0,2115.2,2107.9,2115.2,9823.0
2026-07-07 10:10:00,2113.9,2115.9,2111.9,2112.1,4892.0
2026-07-07 10:15:00,2112.1,2114.2,2110.5,2114.2,3111.0
2026-07-07 10:20:00,2113.7,2114.5,2108.1,2108.4,4845.0
2026-07-07 10:25:00,2108.1,2109.3,2105.4,2109.3,6519.0
2026-07-07 10:30:00,2109.3,2113.3,2108.8,2111.5,2708.0
2026-07-07 10:35:00,2111.5,2112.1,2109.0,2109.4,2676.0
2026-07-07 10:40:00,2109.3,2110.7,2101.2,2103.1,7408.0
2026-07-07 10:45:00,2101.5,2106.0,2101.5,2104.9,3678.0
2026-07-07 10:50:00,2104.4,2104.5,2101.1,2102.8,8655.0
2026-07-07 10:55:00,2102.3,2102.7,2096.6,2099.4,10576.0
2026-07-07 11:00:00,2099.0,2104.3,2098.1,2104.3,2685.0
2026-07-07 11:05:00,2105.0,2109.5,2104.3,2109.5,3016.0
2026-07-07 11:10:00,2110.4,2112.4,2108.9,2110.8,3300.0
2026-07-07 11:15:00,2110.8,2113.4,2109.9,2112.7,3145.0
2026-07-07 11:20:00,2112.2,2115.0,2111.0,2114.2,8520.0
2026-07-07 11:25:00,2113.6,2118.4,2113.6,2116.9,9104.0
2026-07-07 11:30:00,2116.4,2118.9,2116.2,2116.7,5190.0
2026-07-07 11:35:00,2116.2,2119.7,2112.2,2115.6,11134.0
2026-07-07 11:40:00,2115.1,2116.0,2114.4,2115.5,2093.0
2026-07-07 11:45:00,2115.0,2115.9,2114.1,2115.8,3207.0
2026-07-07 11:50:00,2115.3,2116.6,2111.8,2113.9,7230.0
2026-07-07 11:55:00,2114.5,2117.1,2113.3,2117.1,2785.0
2026-07-07 12:00:00,2116.0,2117.4,2115.8,2116.4,2482.0
2026-07-07 12:05:00,2116.3,2117.0,2115.0,2116.5,3033.0
2026-07-07 12:10:00,2116.2,2117.0,2113.0,2113.1,3400.0
2026-07-07 12:15:00,2113.1,2113.1,2109.8,2110.4,3371.0
2026-07-07 12:20:00,2110.4,2113.0,2110.3,2113.0,2366.0
2026-07-07 12:25:00,2112.5,2117.0,2112.0,2114.9,2839.0
2026-07-07 12:30:00,2114.4,2114.8,2107.2,2107.5,4283.0
2026-07-07 12:35:00,2107.4,2111.6,2107.4,2108.9,5843.0
2026-07-07 12:40:00,2108.9,2110.7,2108.3,2110.2,2047.0
2026-07-07 12:45:00,2109.7,2110.2,2108.0,2110.1,1851.0
2026-07-07 12:50:00,2109.5,2111.9,2109.4,2110.7,3489.0
2026-07-07 12:55:00,2110.4,2110.7,2103.1,2104.1,21329.0
2026-07-07 13:00:00,2104.1,2104.1,2099.9,2100.0,7376.0
2026-07-07 13:05:00,2100.0,2102.0,2097.6,2101.3,10504.0
2026-07-07 13:10:00,2100.8,2103.8,2100.8,2102.4,26880.0
2026-07-07 13:15:00,2101.9,2102.4,2101.5,2102.0,3670.0
2026-07-07 13:20:00,2102.0,2103.0,2101.5,2103.0,3828.0
2026-07-07 13:25:00,2102.5,2104.5,2101.9,2103.0,11092.0
2026-07-07 13:30:00,2102.5,2105.0,2101.5,2102.0,16746.0
2026-07-07 13:35:00,2101.5,2101.7,2097.0,2099.3,15349.0
2026-07-07 13:40:00,2099.4,2108.9,2098.8,2108.9,19338.0
2026-07-07 13:45:00,2108.2,2114.6,2106.3,2107.1,39131.0
2026-07-07 13:50:00,2107.3,2110.0,2105.7,2108.2,11052.0
2026-07-07 13:55:00,2108.2,2110.8,2107.7,2109.5,4849.0
2026-07-07 14:00:00,2110.2,2112.7,2108.2,2112.5,9525.0
2026-07-07 14:05:00,2112.0,2113.0,2110.1,2113.0,9277.0
2026-07-07 14:10:00,2112.3,2119.0,2112.3,2117.0,14794.0
2026-07-07 14:15:00,2117.6,2117.6,2112.5,2113.9,6078.0
2026-07-07 14:20:00,2113.4,2114.2,2108.7,2111.5,22454.0
2026-07-07 14:25:00,2111.0,2114.0,2110.9,2112.8,6523.0
2026-07-07 14:30:00,2112.1,2115.9,2112.1,2115.9,6054.0
2026-07-07 14:35:00,2115.4,2116.1,2113.0,2114.1,7873.0
2026-07-07 14:40:00,2114.1,2115.3,2112.8,2114.9,4451.0
2026-07-07 14:45:00,2113.9,2116.6,2113.8,2115.6,7393.0
2026-07-07 14:50:00,2115.7,2117.8,2115.0,2116.2,13352.0
2026-07-07 14:55:00,2116.2,2117.7,2111.3,2112.8,15365.0
2026-07-07 15:00:00,2112.8,2114.3,2109.4,2113.0,24160.0
2026-07-07 15:05:00,2113.0,2114.0,2111.0,2112.2,20514.0
2026-07-07 15:10:00,2112.0,2112.6,2106.1,2108.8,28807.0
2026-07-07 15:15:00,2109.3,2111.4,2107.0,2107.5,19024.0
2026-07-07 15:20:00,2107.8,2116.0,2107.8,2113.5,35916.0
2026-07-07 15:25:00,2113.3,2115.9,2111.0,2111.0,19122.0
2026-07-08 09:15:00,2108.1,2120.2,2095.0,2113.1,17290.0
2026-07-08 09:20:00,2113.0,2121.7,2111.3,2115.2,9210.0
2026-07-08 09:25:00,2116.5,2116.5,2108.0,2111.7,11253.0
2026-07-08 09:30:00,2111.7,2112.3,2105.5,2106.0,5750.0
2026-07-08 09:35:00,2106.9,2106.9,2101.6,2103.3,5056.0
2026-07-08 09:40:00,2103.2,2107.8,2102.6,2105.4,6097.0
2026-07-08 09:45:00,2105.7,2114.5,2105.0,2112.4,23998.0
2026-07-08 09:50:00,2112.2,2117.9,2111.0,2115.1,8095.0
2026-07-08 09:55:00,2115.1,2120.9,2114.0,2116.6,6653.0
2026-07-08 10:00:00,2116.6,2118.0,2115.3,2117.1,3144.0
2026-07-08 10:05:00,2114.9,2120.0,2114.9,2119.8,5220.0
2026-07-08 10:10:00,2119.4,2135.0,2119.3,2132.5,13695.0
2026-07-08 10:15:00,2132.6,2135.0,2129.8,2134.0,6675.0
2026-07-08 10:20:00,2133.6,2139.2,2133.1,2137.0,18929.0
2026-07-08 10:25:00,2136.9,2143.0,2135.7,2136.0,27266.0
2026-07-08 10:30:00,2134.9,2139.4,2133.5,2138.9,6159.0
2026-07-08 10:35:00,2138.4,2141.3,2138.4,2139.1,5850.0
2026-07-08 10:40:00,2139.1,2140.2,2136.9,2137.1,3709.0
2026-07-08 10:45:00,2137.3,2137.5,2134.4,2136.0,4590.0
2026-07-08 10:50:00,2135.3,2141.3,2135.3,2137.3,6808.0
2026-07-08 10:55:00,2137.1,2137.9,2130.0,2135.8,9046.0
2026-07-08 11:00:00,2135.9,2136.4,2134.4,2135.0,2809.0
2026-07-08 11:05:00,2134.7,2138.8,2134.1,2137.6,3275.0
2026-07-08 11:10:00,2137.1,2140.0,2136.7,2137.9,4839.0
2026-07-08 11:15:00,2137.6,2138.0,2135.0,2135.9,3434.0
2026-07-08 11:20:00,2136.0,2136.6,2134.0,2136.6,2772.0
2026-07-08 11:25:00,2136.9,2139.9,2134.3,2136.1,7530.0
2026-07-08 11:30:00,2136.6,2137.1,2134.1,2135.4,2563.0
2026-07-08 11:35:00,2135.3,2136.6,2133.5,2134.6,1906.0
2026-07-08 11:40:00,2134.8,2134.9,2130.0,2131.0,4137.0
2026-07-08 11:45:00,2131.3,2134.1,2130.7,2133.1,1745.0
2026-07-08 11:50:00,2133.4,2134.8,2130.4,2131.0,14748.0
2026-07-08 11:55:00,2130.9,2131.5,2125.0,2125.6,7231.0
2026-07-08 12:00:00,2125.5,2128.0,2125.5,2127.6,2831.0
2026-07-08 12:05:00,2126.5,2129.5,2126.5,2127.1,2004.0
2026-07-08 12:10:00,2127.1,2128.0,2126.1,2127.0,2034.0
2026-07-08 12:15:00,2127.0,2127.9,2125.1,2127.9,3157.0
2026-07-08 12:20:00,2127.3,2128.4,2126.1,2126.1,2572.0
2026-07-08 12:25:00,2126.2,2128.6,2126.2,2127.6,2195.0
2026-07-08 12:30:00,2127.8,2130.2,2127.4,2129.0,4140.0
2026-07-08 12:35:00,2128.9,2129.5,2128.0,2128.6,1896.0
2026-07-08 12:40:00,2128.5,2131.2,2127.7,2131.0,3267.0
2026-07-08 12:45:00,2131.5,2134.6,2130.2,2132.9,3059.0
2026-07-08 12:50:00,2132.6,2141.6,2131.7,2140.0,16323.0
2026-07-08 12:55:00,2140.4,2148.0,2140.0,2147.0,19863.0
2026-07-08 13:00:00,2147.0,2149.9,2146.4,2147.6,17020.0
2026-07-08 13:05:00,2147.6,2149.2,2144.9,2145.3,4492.0
2026-07-08 13:10:00,2145.5,2146.1,2143.7,2144.8,4623.0
2026-07-08 13:15:00,2145.1,2148.8,2144.0,2148.8,4217.0
2026-07-08 13:20:00,2148.5,2149.7,2146.0,2147.8,5316.0
2026-07-08 13:25:00,2147.2,2148.0,2145.2,2146.0,3249.0
2026-07-08 13:30:00,2146.0,2146.9,2145.0,2145.8,2572.0
2026-07-08 13:35:00,2145.8,2147.0,2145.0,2147.0,3409.0
2026-07-08 13:40:00,2147.0,2147.0,2143.5,2144.3,3693.0
2026-07-08 13:45:00,2144.5,2145.2,2137.3,2139.5,37435.0
2026-07-08 13:50:00,2138.5,2138.9,2121.0,2122.5,15864.0
2026-07-08 13:55:00,2122.0,2123.1,2115.1,2116.3,23578.0
2026-07-08 14:00:00,2116.4,2118.5,2110.0,2111.0,11936.0
2026-07-08 14:05:00,2111.0,2115.0,2098.0,2098.9,75741.0
2026-07-08 14:10:00,2098.5,2104.1,2086.9,2091.5,22463.0
2026-07-08 14:15:00,2091.9,2101.7,2086.0,2092.5,44538.0
2026-07-08 14:20:00,2092.5,2100.8,2092.1,2098.4,12763.0
2026-07-08 14:25:00,2098.2,2099.4,2095.3,2095.8,5035.0
2026-07-08 14:30:00,2095.8,2100.6,2093.5,2096.1,20353.0
2026-07-08 14:35:00,2096.2,2098.3,2093.7,2095.7,8494.0
2026-07-08 14:40:00,2094.9,2096.9,2093.3,2094.1,13098.0
2026-07-08 14:45:00,2094.9,2094.9,2083.0,2083.9,20425.0
2026-07-08 14:50:00,2083.9,2090.4,2083.0,2087.3,14959.0
2026-07-08 14:55:00,2087.6,2090.0,2084.6,2085.8,12532.0
2026-07-08 15:00:00,2084.9,2093.0,2084.6,2085.1,21332.0
2026-07-08 15:05:00,2086.0,2092.0,2086.0,2091.0,15761.0
2026-07-08 15:10:00,2091.0,2098.0,2090.2,2097.5,24366.0
2026-07-08 15:15:00,2097.5,2110.5,2097.3,2108.3,27607.0
2026-07-08 15:20:00,2108.3,2115.7,2106.0,2107.8,38444.0
2026-07-08 15:25:00,2108.3,2108.8,2101.1,2104.2,18880.0
2026-07-09 09:15:00,2102.0,2114.8,2102.0,2110.8,11852.0
2026-07-09 09:20:00,2110.8,2112.2,2104.5,2110.4,10036.0
2026-07-09 09:25:00,2108.9,2111.0,2105.7,2107.2,6941.0
2026-07-09 09:30:00,2106.0,2111.4,2105.0,2107.3,6581.0
2026-07-09 09:35:00,2107.2,2108.2,2102.0,2102.1,4177.0
2026-07-09 09:40:00,2102.3,2108.5,2098.0,2107.4,11581.0
2026-07-09 09:45:00,2106.6,2107.8,2100.4,2101.0,4323.0
2026-07-09 09:50:00,2101.0,2102.3,2099.6,2101.6,4948.0
2026-07-09 09:55:00,2101.6,2104.9,2100.0,2101.0,3984.0
2026-07-09 10:00:00,2101.0,2102.3,2099.0,2099.1,3397.0
2026-07-09 10:05:00,2099.0,2101.4,2095.7,2097.4,5841.0
2026-07-09 10:10:00,2097.0,2098.8,2095.6,2098.0,2392.0
2026-07-09 10:15:00,2098.1,2100.4,2097.5,2099.9,1916.0
2026-07-09 10:20:00,2099.8,2106.9,2098.7,2106.9,3720.0
2026-07-09 10:25:00,2106.1,2106.8,2098.2,2098.2,4332.0
2026-07-09 10:30:00,2098.7,2099.4,2095.2,2096.9,3782.0
2026-07-09 10:35:00,2096.8,2096.8,2091.6,2092.7,8060.0
2026-07-09 10:40:00,2092.5,2103.0,2092.5,2098.6,11379.0
2026-07-09 10:45:00,2099.1,2099.9,2095.4,2098.4,1797.0
2026-07-09 10:50:00,2098.6,2099.8,2097.0,2098.0,2983.0
2026-07-09 10:55:00,2098.2,2098.2,2092.0,2093.1,3911.0
2026-07-09 11:00:00,2092.7,2093.9,2085.4,2086.8,4593.0
2026-07-09 11:05:00,2087.6,2090.2,2086.2,2089.3,2186.0
2026-07-09 11:10:00,2089.3,2090.6,2087.6,2090.3,1982.0
2026-07-09 11:15:00,2089.6,2100.6,2089.6,2099.4,5302.0
2026-07-09 11:20:00,2099.1,2100.6,2096.0,2099.0,5500.0
2026-07-09 11:25:00,2098.2,2100.3,2097.9,2099.6,5616.0
2026-07-09 11:30:00,2099.6,2104.8,2096.9,2100.0,22020.0
2026-07-09 11:35:00,2099.6,2101.6,2099.4,2100.0,11883.0
2026-07-09 11:40:00,2099.7,2115.0,2099.7,2113.0,44360.0
2026-07-09 11:45:00,2113.0,2132.7,2112.9,2129.0,35398.0
2026-07-09 11:50:00,2128.1,2129.0,2124.4,2126.7,8598.0
2026-07-09 11:55:00,2127.8,2127.8,2124.3,2127.5,6213.0
2026-07-09 12:00:00,2127.5,2127.7,2125.1,2125.9,2058.0
2026-07-09 12:05:00,2125.1,2130.1,2125.1,2127.7,6681.0
2026-07-09 12:10:00,2128.7,2129.2,2126.6,2128.7,3036.0
2026-07-09 12:15:00,2128.1,2129.7,2125.0,2127.0,4293.0
2026-07-09 12:20:00,2125.6,2127.6,2124.8,2127.6,4584.0
2026-07-09 12:25:00,2127.5,2129.0,2125.4,2127.0,2684.0
2026-07-09 12:30:00,2126.1,2127.2,2125.0,2126.7,1764.0
2026-07-09 12:35:00,2126.8,2127.0,2125.5,2126.0,1910.0
2026-07-09 12:40:00,2126.0,2126.7,2124.0,2125.2,3135.0
2026-07-09 12:45:00,2125.2,2126.6,2125.0,2125.9,1754.0
2026-07-09 12:50:00,2126.1,2127.5,2125.1,2126.3,2284.0
2026-07-09 12:55:00,2127.3,2129.2,2125.0,2127.8,4391.0
2026-07-09 13:00:00,2127.7,2130.0,2126.4,2129.7,2765.0
2026-07-09 13:05:00,2129.8,2135.0,2129.7,2131.1,6771.0
2026-07-09 13:10:00,2132.0,2133.0,2130.9,2131.4,2424.0
2026-07-09 13:15:00,2131.3,2132.6,2130.5,2131.5,1761.0
2026-07-09 13:20:00,2131.5,2132.5,2130.0,2130.1,2969.0
2026-07-09 13:25:00,2131.0,2132.8,2130.2,2132.8,2919.0
2026-07-09 13:30:00,2132.6,2137.0,2130.8,2135.7,5636.0
2026-07-09 13:35:00,2135.7,2136.5,2133.5,2136.5,3231.0
2026-07-09 13:40:00,2135.4,2136.4,2132.8,2134.3,2336.0
2026-07-09 13:45:00,2133.3,2134.2,2131.7,2132.3,3024.0
2026-07-09 13:50:00,2131.6,2136.2,2131.6,2134.7,5311.0
2026-07-09 13:55:00,2134.7,2135.2,2132.6,2133.1,3772.0
2026-07-09 14:00:00,2133.7,2134.3,2131.1,2131.3,3081.0
2026-07-09 14:05:00,2132.4,2133.0,2130.1,2130.1,2996.0
2026-07-09 14:10:00,2131.0,2133.3,2130.0,2131.0,4380.0
2026-07-09 14:15:00,2131.9,2132.9,2130.3,2130.4,2534.0
2026-07-09 14:20:00,2131.6,2132.6,2130.0,2131.4,3539.0
2026-07-09 14:25:00,2132.0,2132.7,2130.0,2131.1,4394.0
2026-07-09 14:30:00,2131.6,2133.5,2130.0,2132.2,5158.0
2026-07-09 14:35:00,2132.9,2133.3,2131.0,2131.9,3684.0
2026-07-09 14:40:00,2132.0,2132.7,2130.0,2132.1,4169.0
2026-07-09 14:45:00,2132.1,2133.3,2130.0,2132.7,4414.0
2026-07-09 14:50:00,2131.9,2132.0,2130.0,2130.5,3265.0
2026-07-09 14:55:00,2130.0,2133.4,2126.7,2130.9,44262.0
2026-07-09 15:00:00,2130.7,2130.7,2121.3,2129.2,37163.0
2026-07-09 15:05:00,2129.2,2134.7,2124.7,2134.7,31314.0
2026-07-09 15:10:00,2134.1,2134.8,2131.0,2132.2,17405.0
2026-07-09 15:15:00,2131.7,2132.6,2127.4,2127.8,17169.0
2026-07-09 15:20:00,2128.0,2137.9,2127.7,2136.4,26390.0
2026-07-09 15:25:00,2135.0,2140.2,2134.2,2139.0,15644.0
2026-07-10 09:15:00,2143.4,2159.9,2135.0,2138.0,19789.0
2026-07-10 09:20:00,2138.0,2139.4,2136.0,2137.1,6886.0
2026-07-10 09:25:00,2137.0,2139.9,2136.4,2139.2,4665.0
2026-07-10 09:30:00,2137.3,2145.0,2137.3,2144.0,4114.0
2026-07-10 09:35:00,2144.0,2145.0,2137.5,2138.2,4219.0
2026-07-10 09:40:00,2138.6,2139.0,2135.1,2136.6,6168.0
2026-07-10 09:45:00,2136.6,2138.5,2135.0,2137.8,4282.0
2026-07-10 09:50:00,2138.0,2139.5,2136.0,2139.3,5006.0
2026-07-10 09:55:00,2139.3,2146.2,2138.0,2145.6,8891.0
2026-07-10 10:00:00,2145.6,2146.8,2141.0,2146.8,3430.0
2026-07-10 10:05:00,2145.5,2146.6,2142.6,2142.8,5962.0
2026-07-10 10:10:00,2143.7,2146.5,2141.1,2143.7,8075.0
2026-07-10 10:15:00,2143.7,2143.7,2137.2,2137.6,2765.0
2026-07-10 10:20:00,2137.6,2141.5,2137.1,2139.0,3233.0
2026-07-10 10:25:00,2139.0,2143.2,2139.0,2140.3,4723.0
2026-07-10 10:30:00,2141.5,2141.5,2136.9,2137.4,3339.0
2026-07-10 10:35:00,2137.4,2138.4,2136.6,2136.6,2174.0
2026-07-10 10:40:00,2136.6,2139.8,2136.0,2139.1,2420.0
2026-07-10 10:45:00,2139.1,2139.7,2129.5,2129.9,40669.0
2026-07-10 10:50:00,2130.0,2132.1,2123.0,2123.6,23861.0
2026-07-10 10:55:00,2123.6,2125.0,2120.7,2121.8,3833.0
2026-07-10 11:00:00,2121.8,2124.9,2120.3,2121.6,6218.0
2026-07-10 11:05:00,2121.6,2123.9,2121.5,2121.5,2942.0
2026-07-10 11:10:00,2121.3,2123.1,2120.0,2122.9,4474.0
2026-07-10 11:15:00,2122.0,2122.7,2120.3,2121.0,2393.0
2026-07-10 11:20:00,2121.0,2121.4,2116.9,2118.1,7692.0
2026-07-10 11:25:00,2118.2,2119.5,2117.8,2118.6,3620.0
2026-07-10 11:30:00,2117.8,2122.4,2116.1,2122.0,3120.0
2026-07-10 11:35:00,2122.0,2122.8,2119.0,2121.3,3225.0
2026-07-10 11:40:00,2121.2,2121.9,2119.6,2121.3,2933.0
2026-07-10 11:45:00,2120.3,2128.1,2120.2,2126.2,12152.0
2026-07-10 11:50:00,2126.2,2127.1,2124.7,2124.7,3321.0
2026-07-10 11:55:00,2125.6,2127.4,2125.0,2127.1,2323.0
2026-07-10 12:00:00,2127.0,2133.5,2126.2,2130.0,9800.0
2026-07-10 12:05:00,2130.0,2132.5,2130.0,2131.3,3771.0
2026-07-10 12:10:00,2131.9,2133.6,2130.7,2133.5,5330.0
2026-07-10 12:15:00,2133.0,2135.0,2126.8,2130.0,29973.0
2026-07-10 12:20:00,2130.0,2130.3,2129.3,2130.0,1881.0
2026-07-10 12:25:00,2129.7,2130.2,2125.5,2127.8,11512.0
2026-07-10 12:30:00,2128.8,2129.0,2126.8,2127.9,4355.0
2026-07-10 12:35:00,2127.9,2131.4,2125.2,2126.4,6318.0
2026-07-10 12:40:00,2125.3,2128.0,2125.3,2126.1,2809.0
2026-07-10 12:45:00,2126.0,2128.5,2126.0,2127.3,3002.0
2026-07-10 12:50:00,2128.3,2128.6,2123.9,2128.6,6668.0
2026-07-10 12:55:00,2128.6,2128.6,2123.3,2124.5,3780.0
2026-07-10 13:00:00,2124.8,2125.0,2121.5,2121.6,4179.0
2026-07-10 13:05:00,2122.6,2123.5,2120.1,2121.1,3207.0
2026-07-10 13:10:00,2121.0,2121.8,2117.5,2118.1,3631.0
2026-07-10 13:15:00,2117.8,2120.0,2117.0,2117.8,4678.0
2026-07-10 13:20:00,2117.7,2120.6,2116.0,2116.2,4297.0
2026-07-10 13:25:00,2116.3,2119.1,2116.3,2118.0,3922.0
2026-07-10 13:30:00,2118.0,2120.9,2117.0,2118.6,3260.0
2026-07-10 13:35:00,2118.6,2119.3,2108.1,2108.3,18755.0
2026-07-10 13:40:00,2109.6,2112.5,2109.4,2111.1,4836.0
2026-07-10 13:45:00,2111.8,2113.0,2110.5,2111.6,4050.0
2026-07-10 13:50:00,2112.1,2115.0,2111.8,2114.9,4005.0
2026-07-10 13:55:00,2114.8,2116.6,2113.9,2114.8,3780.0
2026-07-10 14:00:00,2115.1,2117.5,2114.3,2117.3,3894.0
2026-07-10 14:05:00,2116.3,2116.9,2113.7,2115.1,3440.0
2026-07-10 14:10:00,2113.9,2117.0,2113.5,2115.9,2739.0
2026-07-10 14:15:00,2115.9,2116.9,2111.5,2115.3,5500.0
2026-07-10 14:20:00,2115.5,2116.9,2114.0,2114.6,4898.0
2026-07-10 14:25:00,2114.6,2118.4,2113.7,2118.4,4906.0
2026-07-10 14:30:00,2118.5,2118.5,2115.4,2116.0,2435.0
2026-07-10 14:35:00,2116.1,2118.1,2116.0,2118.0,2694.0
2026-07-10 14:40:00,2117.1,2118.8,2115.4,2116.3,2933.0
2026-07-10 14:45:00,2115.4,2118.0,2115.3,2117.7,3970.0
2026-07-10 14:50:00,2117.7,2118.0,2115.3,2115.3,3449.0
2026-07-10 14:55:00,2116.0,2117.4,2115.3,2115.9,3542.0
2026-07-10 15:00:00,2116.4,2118.4,2114.2,2117.1,7951.0
2026-07-10 15:05:00,2117.1,2117.1,2115.5,2116.9,6290.0
2026-07-10 15:10:00,2117.0,2118.0,2114.6,2115.9,10845.0
2026-07-10 15:15:00,2116.0,2116.5,2114.2,2115.0,16781.0
2026-07-10 15:20:00,2115.3,2119.4,2114.6,2119.2,11686.0
2026-07-10 15:25:00,2119.4,2121.1,2115.6,2121.1,14358.0
