timestamp,open,high,low,close,volume
2026-06-01 09:15:00,417.0,417.8,413.35,415.0,391329.0
2026-06-01 09:20:00,415.0,415.0,411.3,411.85,328951.0
2026-06-01 09:25:00,411.9,413.2,411.45,411.65,240409.0
2026-06-01 09:30:00,411.75,412.5,411.0,411.65,150505.0
2026-06-01 09:35:00,411.85,411.85,408.3,408.6,372698.0
2026-06-01 09:40:00,408.6,409.9,408.5,408.85,111877.0
2026-06-01 09:45:00,408.8,410.4,408.4,408.85,94387.0
2026-06-01 09:50:00,409.05,409.85,408.05,408.7,77956.0
2026-06-01 09:55:00,408.85,408.95,406.25,406.45,299183.0
2026-06-01 10:00:00,406.7,408.6,405.25,407.0,614636.0
2026-06-01 10:05:00,407.0,408.95,406.55,408.6,156525.0
2026-06-01 10:10:00,408.55,408.75,407.4,407.4,69327.0
2026-06-01 10:15:00,407.8,408.0,407.25,407.5,55472.0
2026-06-01 10:20:00,407.4,407.9,407.0,407.45,55086.0
2026-06-01 10:25:00,407.5,408.7,407.5,408.05,95566.0
2026-06-01 10:30:00,408.05,409.95,407.6,409.15,141152.0
2026-06-01 10:35:00,409.0,409.65,408.7,409.2,94569.0
2026-06-01 10:40:00,409.1,409.2,407.7,408.5,308236.0
2026-06-01 10:45:00,408.3,410.8,408.3,410.1,177105.0
2026-06-01 10:50:00,410.05,410.5,409.6,409.9,282747.0
2026-06-01 10:55:00,410.0,410.85,409.8,409.8,155547.0
2026-06-01 11:00:00,409.95,410.9,409.8,410.25,64461.0
2026-06-01 11:05:00,410.45,411.3,410.2,411.0,133473.0
2026-06-01 11:10:00,410.9,411.25,410.65,410.7,81691.0
2026-06-01 11:15:00,410.75,411.1,410.4,410.65,42462.0
2026-06-01 11:20:00,410.55,410.7,409.85,410.0,65116.0
2026-06-01 11:25:00,409.95,410.45,409.0,409.15,78329.0
2026-06-01 11:30:00,409.05,409.2,408.0,408.45,72922.0
2026-06-01 11:35:00,408.3,409.1,407.65,407.75,54326.0
2026-06-01 11:40:00,407.75,408.05,406.5,406.8,116465.0
2026-06-01 11:45:00,406.8,407.55,406.45,407.4,40351.0
2026-06-01 11:50:00,407.45,407.75,406.6,407.25,56395.0
2026-06-01 11:55:00,407.25,407.45,404.55,405.0,185667.0
2026-06-01 12:00:00,405.0,406.6,404.95,406.35,87649.0
2026-06-01 12:05:00,406.35,406.85,405.55,406.4,44354.0
2026-06-01 12:10:00,406.25,408.3,406.05,408.05,44838.0
2026-06-01 12:15:00,407.8,408.0,406.5,406.55,55261.0
2026-06-01 12:20:00,406.65,406.8,406.1,406.55,28414.0
2026-06-01 12:25:00,406.55,406.8,406.0,406.15,23174.0
2026-06-01 12:30:00,406.2,406.6,406.0,406.25,22919.0
2026-06-01 12:35:00,406.25,407.0,406.15,406.7,21035.0
2026-06-01 12:40:00,406.85,406.85,406.1,406.7,24504.0
2026-06-01 12:45:00,406.9,406.9,405.3,406.05,66366.0
2026-06-01 12:50:00,406.05,406.4,405.55,406.3,36782.0
2026-06-01 12:55:00,406.3,406.45,405.5,406.0,23728.0
2026-06-01 13:00:00,406.0,406.5,405.05,405.85,47515.0
2026-06-01 13:05:00,405.85,406.0,405.0,405.25,61965.0
2026-06-01 13:10:00,405.05,406.0,403.8,405.05,212760.0
2026-06-01 13:15:00,404.9,405.75,404.9,405.45,32035.0
2026-06-01 13:20:00,405.25,405.5,404.65,405.2,39459.0
2026-06-01 13:25:00,405.0,405.75,404.3,405.75,46235.0
2026-06-01 13:30:00,405.75,406.9,405.65,406.35,58868.0
2026-06-01 13:35:00,406.35,406.95,406.1,406.8,43481.0
2026-06-01 13:40:00,406.9,407.65,406.0,406.0,80408.0
2026-06-01 13:45:00,406.35,407.05,405.75,406.2,102064.0
2026-06-01 13:50:00,406.25,406.6,406.0,406.4,17740.0
2026-06-01 13:55:00,406.3,406.9,404.95,405.55,87812.0
2026-06-01 14:00:00,405.5,405.8,404.6,405.15,106469.0
2026-06-01 14:05:00,405.0,405.0,404.45,404.75,64675.0
2026-06-01 14:10:00,404.55,404.8,404.0,404.1,62914.0
2026-06-01 14:15:00,404.1,405.05,403.75,405.05,138612.0
2026-06-01 14:20:00,404.65,404.8,404.0,404.0,32588.0
2026-06-01 14:25:00,403.95,405.2,403.95,404.7,71864.0
2026-06-01 14:30:00,404.55,405.15,403.85,404.0,100481.0
2026-06-01 14:35:00,404.05,405.5,404.0,405.4,58238.0
2026-06-01 14:40:00,405.35,405.75,404.8,404.95,60258.0
2026-06-01 14:45:00,405.0,406.6,404.85,405.5,166611.0
2026-06-01 14:50:00,405.45,405.6,404.3,404.4,109560.0
2026-06-01 14:55:00,404.55,405.0,403.65,404.65,129334.0
2026-06-01 15:00:00,404.35,404.7,403.85,404.6,167614.0
2026-06-01 15:05:00,404.7,405.6,404.3,405.4,223602.0
2026-06-01 15:10:00,405.7,406.1,404.85,405.45,222882.0
2026-06-01 15:15:00,405.6,405.9,404.5,405.15,391328.0
2026-06-01 15:20:00,405.2,405.35,404.05,404.7,286814.0
2026-06-01 15:25:00,404.55,404.7,403.1,404.3,215202.0
2026-06-02 09:15:00,400.0,405.55,399.3,405.35,672953.0
2026-06-02 09:20:00,405.45,406.9,404.65,406.3,252312.0
2026-06-02 09:25:00,406.25,407.0,405.0,406.3,191020.0
2026-06-02 09:30:00,406.5,407.1,405.05,405.35,227100.0
2026-06-02 09:35:00,405.45,407.85,405.25,406.75,240891.0
2026-06-02 09:40:00,406.75,407.75,406.7,407.05,123628.0
2026-06-02 09:45:00,407.1,407.1,405.75,406.8,137102.0
2026-06-02 09:50:00,406.8,410.15,406.55,409.5,245839.0
2026-06-02 09:55:00,409.55,409.7,408.65,409.6,124012.0
2026-06-02 10:00:00,409.85,412.0,409.6,411.8,211382.0
2026-06-02 10:05:00,412.0,413.0,410.65,411.1,306504.0
2026-06-02 10:10:00,410.9,411.0,409.65,409.75,104543.0
2026-06-02 10:15:00,409.7,410.0,408.65,409.85,78532.0
2026-06-02 10:20:00,409.7,411.9,409.6,411.8,83024.0
2026-06-02 10:25:00,411.75,412.25,411.35,411.8,72340.0
2026-06-02 10:30:00,411.6,412.2,408.6,408.85,324994.0
2026-06-02 10:35:00,408.7,409.0,408.25,408.7,54813.0
2026-06-02 10:40:00,408.7,409.8,408.45,409.45,59550.0
2026-06-02 10:45:00,409.45,409.5,408.7,408.7,27983.0
2026-06-02 10:50:00,408.7,408.85,407.2,407.4,75941.0
2026-06-02 10:55:00,407.45,407.7,406.5,407.5,122790.0
2026-06-02 11:00:00,407.5,408.1,407.5,408.05,57146.0
2026-06-02 11:05:00,408.4,408.8,408.05,408.35,38876.0
2026-06-02 11:10:00,408.4,409.0,407.75,408.0,40801.0
2026-06-02 11:15:00,408.0,409.2,407.95,409.2,155318.0
2026-06-02 11:20:00,409.25,410.0,409.1,409.5,87196.0
2026-06-02 11:25:00,409.5,409.5,408.5,409.0,32868.0
2026-06-02 11:30:00,409.0,410.0,408.6,409.85,146961.0
2026-06-02 11:35:00,409.9,409.9,408.65,408.7,38473.0
2026-06-02 11:40:00,408.75,409.35,408.5,409.1,115062.0
2026-06-02 11:45:00,409.1,409.8,409.1,409.5,24763.0
2026-06-02 11:50:00,409.5,409.7,409.15,409.15,12782.0
2026-06-02 11:55:00,409.15,409.25,407.6,407.7,65916.0
2026-06-02 12:00:00,407.7,407.95,407.2,407.2,61521.0
2026-06-02 12:05:00,407.2,407.5,406.8,407.35,41653.0
2026-06-02 12:10:00,407.4,407.4,406.8,406.9,36856.0
2026-06-02 12:15:00,406.95,407.15,406.1,406.55,92504.0
2026-06-02 12:20:00,406.45,406.55,406.15,406.35,49605.0
2026-06-02 12:25:00,406.2,406.7,405.15,405.15,75823.0
2026-06-02 12:30:00,405.2,406.4,405.0,406.35,75885.0
2026-06-02 12:35:00,406.25,406.55,405.75,406.4,85542.0
2026-06-02 12:40:00,406.45,407.45,406.0,407.2,208897.0
2026-06-02 12:45:00,407.4,409.15,407.4,408.8,100822.0
2026-06-02 12:50:00,409.05,409.6,408.8,409.2,83876.0
2026-06-02 12:55:00,409.2,410.0,409.2,409.5,95343.0
2026-06-02 13:00:00,409.45,409.6,408.85,409.0,72379.0
2026-06-02 13:05:00,408.9,409.4,408.8,409.3,43394.0
2026-06-02 13:10:00,409.3,410.0,409.15,409.45,93432.0
2026-06-02 13:15:00,409.5,409.75,408.25,408.5,73810.0
2026-06-02 13:20:00,408.55,409.05,408.2,408.7,110938.0
2026-06-02 13:25:00,409.0,409.3,408.8,409.3,32477.0
2026-06-02 13:30:00,409.4,409.7,409.05,409.7,42072.0
2026-06-02 13:35:00,409.6,409.65,409.0,409.2,31092.0
2026-06-02 13:40:00,409.25,409.55,408.85,409.3,38899.0
2026-06-02 13:45:00,409.3,409.75,409.25,409.6,38416.0
2026-06-02 13:50:00,409.5,409.85,409.3,409.55,28453.0
2026-06-02 13:55:00,409.6,409.9,409.25,409.75,28670.0
2026-06-02 14:00:00,409.75,410.0,409.6,409.85,71242.0
2026-06-02 14:05:00,409.85,410.75,409.8,410.7,77843.0
2026-06-02 14:10:00,410.6,410.85,410.1,410.4,84547.0
2026-06-02 14:15:00,410.4,410.7,410.0,410.05,82470.0
2026-06-02 14:20:00,410.0,410.5,409.8,409.95,39487.0
2026-06-02 14:25:00,409.9,410.6,409.4,410.2,78226.0
2026-06-02 14:30:00,410.2,410.65,410.0,410.3,38966.0
2026-06-02 14:35:00,410.35,410.5,409.05,409.6,316227.0
2026-06-02 14:40:00,409.5,409.8,409.1,409.7,123824.0
2026-06-02 14:45:00,409.8,410.1,408.9,410.1,94089.0
2026-06-02 14:50:00,410.1,410.5,410.0,410.3,78468.0
2026-06-02 14:55:00,410.3,410.75,410.1,410.4,64926.0
2026-06-02 15:00:00,410.45,411.15,409.65,410.95,149537.0
2026-06-02 15:05:00,410.95,411.25,410.55,410.85,98219.0
2026-06-02 15:10:00,410.9,411.8,410.4,410.4,226456.0
2026-06-02 15:15:00,410.65,410.95,410.0,410.95,239456.0
2026-06-02 15:20:00,410.75,411.5,410.45,411.5,187772.0
2026-06-02 15:25:00,411.45,412.0,410.25,411.55,210803.0
2026-06-03 09:15:00,410.75,412.65,409.0,409.3,568453.0
2026-06-03 09:20:00,409.15,409.4,405.95,406.95,535370.0
2026-06-03 09:25:00,407.05,408.0,406.0,406.5,213011.0
2026-06-03 09:30:00,406.7,407.1,405.55,406.35,137634.0
2026-06-03 09:35:00,406.35,407.4,405.3,407.25,182042.0
2026-06-03 09:40:00,407.3,407.75,405.7,406.2,206806.0
2026-06-03 09:45:00,406.2,406.9,405.1,405.1,140806.0
2026-06-03 09:50:00,405.05,405.8,404.05,404.2,148534.0
2026-06-03 09:55:00,404.1,404.45,402.6,403.9,295194.0
2026-06-03 10:00:00,403.85,405.5,403.45,405.4,111166.0
2026-06-03 10:05:00,405.6,405.75,402.3,402.8,426966.0
2026-06-03 10:10:00,402.8,403.0,402.1,402.8,78249.0
2026-06-03 10:15:00,402.85,403.5,402.25,403.3,94899.0
2026-06-03 10:20:00,403.4,403.85,403.2,403.25,81818.0
2026-06-03 10:25:00,403.25,403.5,402.2,402.4,151757.0
2026-06-03 10:30:00,402.4,402.9,401.2,401.55,156159.0
2026-06-03 10:35:00,401.5,402.3,401.1,401.6,169036.0
2026-06-03 10:40:00,401.75,402.5,401.6,402.25,67087.0
2026-06-03 10:45:00,402.3,403.3,402.0,403.25,78149.0
2026-06-03 10:50:00,403.15,403.7,402.9,403.4,82944.0
2026-06-03 10:55:00,403.45,403.7,402.05,403.15,58138.0
2026-06-03 11:00:00,403.3,403.35,402.4,402.6,88063.0
2026-06-03 11:05:00,402.55,402.6,402.05,402.25,35929.0
2026-06-03 11:10:00,402.3,402.8,401.75,402.1,64639.0
2026-06-03 11:15:00,402.2,402.2,401.0,401.5,137457.0
2026-06-03 11:20:00,401.65,402.55,401.45,401.8,345769.0
2026-06-03 11:25:00,401.8,402.2,401.15,401.6,38623.0
2026-06-03 11:30:00,401.65,402.1,401.5,401.8,26735.0
2026-06-03 11:35:00,401.8,402.35,401.8,402.1,39098.0
2026-06-03 11:40:00,402.2,402.4,401.8,402.05,36621.0
2026-06-03 11:45:00,402.1,402.75,402.0,402.1,52633.0
2026-06-03 11:50:00,402.2,402.2,400.45,400.85,106058.0
2026-06-03 11:55:00,400.8,401.0,400.1,400.2,109146.0
2026-06-03 12:00:00,400.3,400.35,397.3,398.1,298026.0
2026-06-03 12:05:00,398.2,399.0,398.0,398.75,163479.0
2026-06-03 12:10:00,398.65,399.15,398.5,398.95,75250.0
2026-06-03 12:15:00,398.9,399.25,398.5,398.95,53166.0
2026-06-03 12:20:00,398.95,400.0,398.95,399.7,69278.0
2026-06-03 12:25:00,399.65,402.25,399.65,402.0,170747.0
2026-06-03 12:30:00,402.0,403.0,402.0,402.8,98313.0
2026-06-03 12:35:00,402.8,403.85,402.75,403.3,326004.0
2026-06-03 12:40:00,403.4,404.0,402.85,402.85,181590.0
2026-06-03 12:45:00,402.85,403.8,402.6,403.0,209765.0
2026-06-03 12:50:00,402.95,403.2,402.55,403.05,54919.0
2026-06-03 12:55:00,403.05,403.65,402.75,403.4,44271.0
2026-06-03 13:00:00,403.3,403.7,403.2,403.4,93928.0
2026-06-03 13:05:00,403.5,403.6,403.0,403.4,38526.0
2026-06-03 13:10:00,403.35,403.7,403.1,403.7,53862.0
2026-06-03 13:15:00,404.1,405.25,404.1,404.95,137196.0
2026-06-03 13:20:00,404.9,405.7,404.9,405.55,86334.0
2026-06-03 13:25:00,405.55,405.65,404.85,405.35,48507.0
2026-06-03 13:30:00,405.5,405.5,404.3,405.25,51585.0
2026-06-03 13:35:00,405.3,405.3,403.9,404.0,116094.0
2026-06-03 13:40:00,404.0,404.9,403.95,404.45,214589.0
2026-06-03 13:45:00,404.25,406.0,404.1,405.4,71718.0
2026-06-03 13:50:00,405.4,405.6,404.7,405.2,58279.0
2026-06-03 13:55:00,405.1,405.5,404.7,405.5,47793.0
2026-06-03 14:00:00,405.5,406.0,405.25,405.9,95003.0
2026-06-03 14:05:00,405.9,406.4,405.4,406.15,75810.0
2026-06-03 14:10:00,406.1,406.35,405.35,406.35,51265.0
2026-06-03 14:15:00,406.35,407.55,406.35,407.5,83108.0
2026-06-03 14:20:00,407.5,407.8,407.05,407.6,88285.0
2026-06-03 14:25:00,407.6,407.8,406.7,407.7,69862.0
2026-06-03 14:30:00,407.75,408.45,407.65,408.05,133983.0
2026-06-03 14:35:00,408.05,408.4,407.0,408.15,77539.0
2026-06-03 14:40:00,408.05,408.7,408.05,408.6,71847.0
2026-06-03 14:45:00,408.6,408.7,408.0,408.5,49996.0
2026-06-03 14:50:00,408.45,408.75,408.2,408.65,63360.0
2026-06-03 14:55:00,408.6,408.6,407.25,407.95,126490.0
2026-06-03 15:00:00,408.25,408.75,406.5,407.4,179780.0
2026-06-03 15:05:00,407.4,408.5,406.35,406.4,214665.0
2026-06-03 15:10:00,406.35,406.65,405.15,406.5,221295.0
2026-06-03 15:15:00,406.55,406.6,405.8,406.1,122532.0
2026-06-03 15:20:00,405.95,406.3,405.6,405.6,140857.0
2026-06-03 15:25:00,405.65,405.65,404.6,405.0,276530.0
2026-06-04 09:15:00,410.4,411.0,404.1,405.7,1674124.0
2026-06-04 09:20:00,405.9,408.0,404.5,407.0,572255.0
2026-06-04 09:25:00,407.15,408.2,406.45,406.95,343148.0
2026-06-04 09:30:00,406.95,407.35,405.9,406.8,202366.0
2026-06-04 09:35:00,407.0,408.1,405.8,406.0,211812.0
2026-06-04 09:40:00,406.1,406.75,405.4,406.15,276449.0
2026-06-04 09:45:00,406.0,406.7,405.2,405.7,172435.0
2026-06-04 09:50:00,405.9,406.25,405.4,406.25,82745.0
2026-06-04 09:55:00,406.05,406.4,405.8,405.9,71529.0
2026-06-04 10:00:00,405.85,406.3,405.4,405.75,91341.0
2026-06-04 10:05:00,405.75,406.95,405.75,406.65,168806.0
2026-06-04 10:10:00,406.7,407.55,406.5,407.35,149340.0
2026-06-04 10:15:00,407.4,408.0,407.3,407.7,138637.0
2026-06-04 10:20:00,407.65,408.7,407.55,408.3,183278.0
2026-06-04 10:25:00,408.5,408.5,407.35,407.65,92530.0
2026-06-04 10:30:00,407.65,407.65,406.5,406.85,103725.0
2026-06-04 10:35:00,406.8,407.15,406.1,406.45,106112.0
2026-06-04 10:40:00,406.45,407.45,406.25,407.45,87788.0
2026-06-04 10:45:00,407.45,409.55,407.15,407.3,285286.0
2026-06-04 10:50:00,407.2,408.7,406.5,408.6,121752.0
2026-06-04 10:55:00,408.6,409.0,407.85,407.85,99739.0
2026-06-04 11:00:00,407.9,408.1,406.85,407.0,123689.0
2026-06-04 11:05:00,406.9,407.25,406.15,406.8,121324.0
2026-06-04 11:10:00,406.8,407.5,406.75,407.35,78738.0
2026-06-04 11:15:00,407.35,407.95,407.15,407.55,81069.0
2026-06-04 11:20:00,407.55,407.6,406.25,407.05,336674.0
2026-06-04 11:25:00,407.15,407.2,406.1,406.6,256574.0
2026-06-04 11:30:00,406.55,406.8,406.1,406.6,119448.0
2026-06-04 11:35:00,406.55,407.2,406.4,407.05,89277.0
2026-06-04 11:40:00,407.05,407.15,406.1,406.1,119113.0
2026-06-04 11:45:00,406.15,406.2,405.65,406.15,115206.0
2026-06-04 11:50:00,406.05,406.2,405.2,405.45,128155.0
2026-06-04 11:55:00,405.3,405.95,404.8,405.9,164655.0
2026-06-04 12:00:00,405.9,406.35,405.25,406.3,253650.0
2026-06-04 12:05:00,406.35,406.95,406.2,406.8,86867.0
2026-06-04 12:10:00,406.85,407.15,406.7,407.15,86394.0
2026-06-04 12:15:00,407.2,407.2,406.25,406.75,74003.0
2026-06-04 12:20:00,406.7,406.95,406.55,406.65,58494.0
2026-06-04 12:25:00,406.6,407.0,406.3,407.0,72029.0
2026-06-04 12:30:00,407.0,407.2,406.6,406.8,94841.0
2026-06-04 12:35:00,406.8,406.95,406.5,406.95,66342.0
2026-06-04 12:40:00,406.95,407.25,406.6,406.9,114281.0
2026-06-04 12:45:00,407.05,407.15,406.3,406.6,76371.0
2026-06-04 12:50:00,406.5,406.7,406.15,406.35,72327.0
2026-06-04 12:55:00,406.55,406.85,406.25,406.8,73340.0
2026-06-04 13:00:00,406.8,406.85,405.35,405.5,140884.0
2026-06-04 13:05:00,405.5,405.6,404.15,404.35,193365.0
2026-06-04 13:10:00,404.3,404.65,402.55,402.75,261395.0
2026-06-04 13:15:00,402.75,403.35,401.75,403.05,262379.0
2026-06-04 13:20:00,403.05,403.5,402.65,402.9,120204.0
2026-06-04 13:25:00,402.85,403.2,402.55,402.8,65673.0
2026-06-04 13:30:00,402.75,403.0,402.15,402.85,92557.0
2026-06-04 13:35:00,402.9,403.5,402.8,403.4,76768.0
2026-06-04 13:40:00,403.35,403.45,402.4,403.3,73206.0
2026-06-04 13:45:00,403.3,403.7,401.85,402.05,212499.0
2026-06-04 13:50:00,402.0,402.15,400.75,400.75,413874.0
2026-06-04 13:55:00,400.8,400.85,399.5,400.0,282199.0
2026-06-04 14:00:00,399.85,400.95,399.85,400.45,119067.0
2026-06-04 14:05:00,400.45,400.55,399.55,399.95,115546.0
2026-06-04 14:10:00,399.95,400.0,398.1,398.35,228581.0
2026-06-04 14:15:00,398.35,398.6,396.0,396.35,491796.0
2026-06-04 14:20:00,396.35,396.45,392.15,392.7,957869.0
2026-06-04 14:25:00,392.7,394.25,388.5,388.95,1009043.0
2026-06-04 14:30:00,389.05,390.0,386.6,387.9,1223746.0
2026-06-04 14:35:00,387.95,390.55,384.5,390.5,1483474.0
2026-06-04 14:40:00,390.2,391.75,390.05,390.6,725323.0
2026-06-04 14:45:00,390.4,391.3,389.2,390.95,611992.0
2026-06-04 14:50:00,391.0,392.4,390.75,392.4,348677.0
2026-06-04 14:55:00,392.55,393.5,392.05,392.4,421910.0
2026-06-04 15:00:00,392.05,392.8,391.05,392.4,432996.0
2026-06-04 15:05:00,392.25,392.9,391.65,392.25,342633.0
2026-06-04 15:10:00,392.2,392.85,391.7,392.0,445983.0
2026-06-04 15:15:00,391.7,391.7,389.1,389.75,741854.0
2026-06-04 15:20:00,389.9,390.0,387.5,387.55,854811.0
2026-06-04 15:25:00,387.5,388.0,385.0,387.0,1372554.0
2026-06-05 09:15:00,390.0,390.8,382.6,385.5,1244667.0
2026-06-05 09:20:00,385.6,386.65,383.6,385.55,427638.0
2026-06-05 09:25:00,385.45,386.0,384.5,385.2,271747.0
2026-06-05 09:30:00,385.35,386.05,384.4,386.0,155799.0
2026-06-05 09:35:00,385.95,392.0,385.8,391.55,723272.0
2026-06-05 09:40:00,391.8,393.8,391.05,392.1,511286.0
2026-06-05 09:45:00,392.0,393.0,391.7,392.0,275886.0
2026-06-05 09:50:00,392.1,392.15,390.35,391.15,249349.0
2026-06-05 09:55:00,391.15,392.9,391.0,392.0,169274.0
2026-06-05 10:00:00,392.0,392.95,391.45,392.65,88502.0
2026-06-05 10:05:00,392.65,393.0,392.2,392.85,298307.0
2026-06-05 10:10:00,392.85,393.0,391.0,391.1,179460.0
2026-06-05 10:15:00,391.15,392.6,391.1,392.2,129160.0
2026-06-05 10:20:00,392.1,392.45,391.7,392.4,64324.0
2026-06-05 10:25:00,392.4,392.85,390.8,391.45,82669.0
2026-06-05 10:30:00,391.5,392.15,391.45,391.6,49019.0
2026-06-05 10:35:00,391.35,391.8,390.25,390.6,104152.0
2026-06-05 10:40:00,390.5,391.1,389.85,390.9,144375.0
2026-06-05 10:45:00,390.95,391.65,390.1,391.65,66285.0
2026-06-05 10:50:00,391.8,393.45,391.8,393.2,125645.0
2026-06-05 10:55:00,393.35,395.0,393.15,394.65,376892.0
2026-06-05 11:00:00,394.5,395.5,394.3,395.2,311188.0
2026-06-05 11:05:00,395.05,395.65,394.5,394.65,116365.0
2026-06-05 11:10:00,394.7,394.75,393.5,393.75,102854.0
2026-06-05 11:15:00,393.75,395.5,393.6,394.35,195420.0
2026-06-05 11:20:00,394.25,394.3,390.45,390.8,451514.0
2026-06-05 11:25:00,390.7,399.65,390.5,399.15,1729759.0
2026-06-05 11:30:00,399.25,400.35,397.5,397.85,1056355.0
2026-06-05 11:35:00,398.0,398.0,392.75,394.6,949040.0
2026-06-05 11:40:00,394.8,395.8,393.75,393.85,297174.0
2026-06-05 11:45:00,394.0,394.45,392.05,392.2,348576.0
2026-06-05 11:50:00,392.15,392.5,391.4,392.05,319508.0
2026-06-05 11:55:00,392.0,392.15,391.45,391.45,106448.0
2026-06-05 12:00:00,391.6,393.0,391.0,392.6,219011.0
2026-06-05 12:05:00,392.7,392.95,392.3,392.95,91168.0
2026-06-05 12:10:00,392.75,392.75,391.7,392.35,75060.0
2026-06-05 12:15:00,392.35,392.7,391.7,391.85,107294.0
2026-06-05 12:20:00,391.85,392.6,391.55,392.3,80774.0
2026-06-05 12:25:00,392.35,392.5,390.7,390.9,139053.0
2026-06-05 12:30:00,390.85,392.0,390.85,391.8,120606.0
2026-06-05 12:35:00,391.85,392.3,391.35,392.0,84602.0
2026-06-05 12:40:00,391.75,392.25,390.65,390.9,109523.0
2026-06-05 12:45:00,390.9,391.65,390.75,391.0,82937.0
2026-06-05 12:50:00,391.0,391.45,390.3,391.05,110146.0
2026-06-05 12:55:00,391.1,391.35,390.5,390.75,59705.0
2026-06-05 13:00:00,390.8,390.8,390.3,390.65,52910.0
2026-06-05 13:05:00,390.7,391.0,389.05,389.35,184259.0
2026-06-05 13:10:00,389.3,389.5,387.45,387.65,171749.0
2026-06-05 13:15:00,387.6,388.55,387.5,388.0,112831.0
2026-06-05 13:20:00,388.05,388.25,386.3,386.75,218805.0
2026-06-05 13:25:00,386.6,386.85,386.0,386.25,97644.0
2026-06-05 13:30:00,386.15,386.75,385.7,386.6,119602.0
2026-06-05 13:35:00,386.65,387.1,385.8,386.05,107333.0
2026-06-05 13:40:00,386.2,386.2,385.05,385.55,105373.0
2026-06-05 13:45:00,385.4,386.5,385.4,386.05,120260.0
2026-06-05 13:50:00,386.0,386.25,385.6,385.75,55578.0
2026-06-05 13:55:00,385.8,386.0,385.3,385.8,54163.0
2026-06-05 14:00:00,385.85,386.3,385.3,385.85,97650.0
2026-06-05 14:05:00,385.95,386.85,385.6,386.3,57041.0
2026-06-05 14:10:00,386.3,386.65,386.0,386.35,47374.0
2026-06-05 14:15:00,386.35,386.6,385.9,386.5,37823.0
2026-06-05 14:20:00,386.5,386.75,385.85,386.7,168844.0
2026-06-05 14:25:00,386.75,389.1,386.5,388.95,335244.0
2026-06-05 14:30:00,389.05,389.5,388.6,388.8,125216.0
2026-06-05 14:35:00,388.7,389.0,387.7,388.3,74119.0
2026-06-05 14:40:00,388.3,390.25,388.2,390.2,156589.0
2026-06-05 14:45:00,390.25,390.7,388.2,388.55,121232.0
2026-06-05 14:50:00,388.55,389.7,388.55,389.5,57779.0
2026-06-05 14:55:00,389.5,389.5,388.25,388.45,146913.0
2026-06-05 15:00:00,388.55,388.75,386.8,387.25,214585.0
2026-06-05 15:05:00,387.25,387.8,387.0,387.5,97150.0
2026-06-05 15:10:00,387.6,388.25,387.1,387.25,240990.0
2026-06-05 15:15:00,387.35,387.95,387.0,387.0,225791.0
2026-06-05 15:20:00,387.05,387.05,386.0,386.85,348807.0
2026-06-05 15:25:00,386.5,386.9,385.85,386.55,348946.0
2026-06-08 09:15:00,378.0,386.8,378.0,386.65,796061.0
2026-06-08 09:20:00,387.3,389.7,386.5,387.55,669549.0
2026-06-08 09:25:00,387.55,388.2,386.85,387.9,320834.0
2026-06-08 09:30:00,387.85,388.35,386.55,386.7,196714.0
2026-06-08 09:35:00,386.8,386.85,384.2,384.95,270457.0
2026-06-08 09:40:00,384.95,386.15,384.2,386.0,359047.0
2026-06-08 09:45:00,385.85,386.9,383.1,383.1,313116.0
2026-06-08 09:50:00,383.35,385.0,382.65,385.0,318328.0
2026-06-08 09:55:00,384.8,385.1,383.15,384.0,391320.0
2026-06-08 10:00:00,383.9,384.15,383.3,383.4,143305.0
2026-06-08 10:05:00,383.55,384.15,382.7,383.0,169613.0
2026-06-08 10:10:00,382.9,383.1,382.15,382.65,127512.0
2026-06-08 10:15:00,382.65,383.2,382.45,382.8,85380.0
2026-06-08 10:20:00,382.85,383.35,382.65,382.85,67501.0
2026-06-08 10:25:00,383.0,383.05,382.0,382.65,67719.0
2026-06-08 10:30:00,382.8,384.65,382.65,384.5,220469.0
2026-06-08 10:35:00,384.45,385.55,384.3,385.3,108677.0
2026-06-08 10:40:00,385.5,386.2,385.0,385.5,117959.0
2026-06-08 10:45:00,385.6,385.8,385.0,385.7,99569.0
2026-06-08 10:50:00,385.55,386.05,384.35,384.7,84261.0
2026-06-08 10:55:00,384.55,385.15,384.15,385.0,72416.0
2026-06-08 11:00:00,385.1,385.4,384.75,385.05,25354.0
2026-06-08 11:05:00,385.05,385.45,384.9,385.3,24268.0
2026-06-08 11:10:00,385.45,385.5,384.5,384.75,51550.0
2026-06-08 11:15:00,384.85,384.95,384.5,384.55,29251.0
2026-06-08 11:20:00,384.6,384.9,384.3,384.5,49875.0
2026-06-08 11:25:00,384.4,385.0,384.3,384.8,28048.0
2026-06-08 11:30:00,384.8,385.0,384.6,384.75,22211.0
2026-06-08 11:35:00,384.85,385.5,384.65,385.45,43269.0
2026-06-08 11:40:00,385.35,388.0,385.35,387.6,219257.0
2026-06-08 11:45:00,387.65,387.75,387.05,387.65,63126.0
2026-06-08 11:50:00,387.7,387.7,387.35,387.55,42671.0
2026-06-08 11:55:00,387.55,387.9,387.5,387.75,29927.0
2026-06-08 12:00:00,387.85,388.0,387.35,387.75,36354.0
2026-06-08 12:05:00,387.85,387.9,387.3,387.4,53898.0
2026-06-08 12:10:00,387.5,387.8,387.15,387.3,38247.0
2026-06-08 12:15:00,387.3,387.4,386.85,387.3,34721.0
2026-06-08 12:20:00,387.3,387.9,387.15,387.65,31400.0
2026-06-08 12:25:00,387.8,388.45,387.65,388.05,61473.0
2026-06-08 12:30:00,387.9,388.4,387.9,388.05,44595.0
2026-06-08 12:35:00,388.1,388.6,388.0,388.0,44238.0
2026-06-08 12:40:00,388.0,388.8,388.0,388.65,49782.0
2026-06-08 12:45:00,388.55,388.9,388.2,388.9,52128.0
2026-06-08 12:50:00,388.8,389.3,388.5,388.8,121264.0
2026-06-08 12:55:00,388.95,389.1,388.6,389.1,25261.0
2026-06-08 13:00:00,389.1,389.9,389.0,389.0,104984.0
2026-06-08 13:05:00,389.0,389.35,387.9,388.2,131870.0
2026-06-08 13:10:00,388.2,388.4,387.7,388.0,69654.0
2026-06-08 13:15:00,388.0,388.4,387.75,387.75,56026.0
2026-06-08 13:20:00,387.75,388.2,387.7,388.05,24256.0
2026-06-08 13:25:00,388.05,388.2,387.65,387.9,44301.0
2026-06-08 13:30:00,388.0,388.25,387.3,387.75,50900.0
2026-06-08 13:35:00,387.75,387.9,387.15,387.6,36171.0
2026-06-08 13:40:00,387.5,387.7,387.2,387.2,52792.0
2026-06-08 13:45:00,387.3,387.75,386.65,387.55,78078.0
2026-06-08 13:50:00,387.6,387.75,386.35,386.5,54668.0
2026-06-08 13:55:00,386.5,387.15,386.15,387.05,57871.0
2026-06-08 14:00:00,387.0,387.75,386.9,387.4,67789.0
2026-06-08 14:05:00,387.35,387.8,387.2,387.4,54066.0
2026-06-08 14:10:00,387.5,387.7,387.0,387.0,28606.0
2026-06-08 14:15:00,386.9,387.6,386.75,387.6,43723.0
2026-06-08 14:20:00,387.25,387.4,386.9,387.05,31625.0
2026-06-08 14:25:00,387.05,387.25,386.5,387.05,46593.0
2026-06-08 14:30:00,387.1,387.6,386.9,386.95,57465.0
2026-06-08 14:35:00,386.95,387.9,386.95,387.65,50485.0
2026-06-08 14:40:00,387.65,388.7,387.0,388.3,106560.0
2026-06-08 14:45:00,388.4,389.25,388.15,388.2,140135.0
2026-06-08 14:50:00,388.2,389.2,387.9,387.95,132405.0
2026-06-08 14:55:00,388.0,388.4,387.5,388.0,98123.0
2026-06-08 15:00:00,388.1,388.1,386.35,386.9,200660.0
2026-06-08 15:05:00,386.9,387.9,386.3,387.45,186615.0
2026-06-08 15:10:00,387.45,388.0,387.2,387.45,190886.0
2026-06-08 15:15:00,387.45,388.3,387.25,387.75,277532.0
2026-06-08 15:20:00,388.0,388.1,383.55,383.95,509701.0
2026-06-08 15:25:00,384.0,385.0,382.75,385.0,271057.0
2026-06-09 09:15:00,388.25,389.0,385.25,388.3,479952.0
2026-06-09 09:20:00,388.4,388.65,386.7,387.05,169325.0
2026-06-09 09:25:00,387.0,387.6,386.5,387.1,207704.0
2026-06-09 09:30:00,387.05,388.15,386.25,387.2,182744.0
2026-06-09 09:35:00,387.2,388.85,387.2,388.3,151466.0
2026-06-09 09:40:00,388.3,388.5,387.1,387.9,121327.0
2026-06-09 09:45:00,387.85,388.6,387.25,387.6,117492.0
2026-06-09 09:50:00,387.4,388.6,387.4,388.25,66746.0
2026-06-09 09:55:00,388.25,388.45,387.1,387.3,82038.0
2026-06-09 10:00:00,387.1,388.1,387.0,387.3,59373.0
2026-06-09 10:05:00,387.3,388.4,387.1,388.1,60146.0
2026-06-09 10:10:00,388.25,388.5,387.8,388.1,68738.0
2026-06-09 10:15:00,388.0,388.45,387.4,387.4,44024.0
2026-06-09 10:20:00,387.35,387.35,385.45,385.5,175262.0
2026-06-09 10:25:00,385.5,387.95,385.05,387.95,229291.0
2026-06-09 10:30:00,387.95,388.2,387.6,387.8,58083.0
2026-06-09 10:35:00,387.8,388.15,387.65,388.05,30532.0
2026-06-09 10:40:00,388.05,388.5,387.95,388.4,73983.0
2026-06-09 10:45:00,388.5,389.5,388.4,388.6,142915.0
2026-06-09 10:50:00,388.6,389.3,388.5,389.2,48089.0
2026-06-09 10:55:00,389.2,389.7,388.6,389.7,224978.0
2026-06-09 11:00:00,389.65,390.75,389.3,390.5,283720.0
2026-06-09 11:05:00,390.6,392.0,389.9,390.55,434168.0
2026-06-09 11:10:00,390.5,391.25,389.5,389.5,307961.0
2026-06-09 11:15:00,389.5,389.85,388.05,388.55,165522.0
2026-06-09 11:20:00,388.55,388.75,387.65,388.0,110578.0
2026-06-09 11:25:00,388.05,389.0,387.6,388.65,47508.0
2026-06-09 11:30:00,388.65,389.25,388.55,389.15,45571.0
2026-06-09 11:35:00,389.1,389.8,389.1,389.8,46421.0
2026-06-09 11:40:00,389.65,389.8,389.45,389.7,39304.0
2026-06-09 11:45:00,389.7,390.7,389.7,390.6,76178.0
2026-06-09 11:50:00,390.6,390.75,390.15,390.55,72286.0
2026-06-09 11:55:00,390.35,390.9,390.25,390.7,36127.0
2026-06-09 12:00:00,390.45,391.5,390.4,391.5,116319.0
2026-06-09 12:05:00,391.5,391.6,391.35,391.5,54619.0
2026-06-09 12:10:00,391.45,392.3,391.45,392.1,76552.0
2026-06-09 12:15:00,392.15,394.8,392.15,394.25,240193.0
2026-06-09 12:20:00,394.35,395.0,394.1,394.5,124313.0
2026-06-09 12:25:00,394.5,394.7,394.05,394.2,77633.0
2026-06-09 12:30:00,394.2,394.25,393.2,393.6,65852.0
2026-06-09 12:35:00,393.6,394.1,393.25,393.4,52573.0
2026-06-09 12:40:00,393.35,394.0,393.2,393.6,187857.0
2026-06-09 12:45:00,393.6,393.65,392.5,392.7,58035.0
2026-06-09 12:50:00,392.75,392.85,392.4,392.65,60009.0
2026-06-09 12:55:00,392.55,392.8,392.1,392.4,55938.0
2026-06-09 13:00:00,392.4,392.6,392.2,392.25,29341.0
2026-06-09 13:05:00,392.3,393.35,392.25,393.3,55607.0
2026-06-09 13:10:00,393.25,393.3,392.5,393.3,68354.0
2026-06-09 13:15:00,393.25,393.4,392.75,393.3,83345.0
2026-06-09 13:20:00,393.3,393.5,392.8,392.85,53998.0
2026-06-09 13:25:00,392.85,393.0,392.0,392.3,90570.0
2026-06-09 13:30:00,392.45,392.85,392.0,392.75,34572.0
2026-06-09 13:35:00,392.65,392.95,391.8,392.4,54255.0
2026-06-09 13:40:00,392.25,392.5,392.0,392.5,27992.0
2026-06-09 13:45:00,392.4,392.55,392.0,392.5,59376.0
2026-06-09 13:50:00,392.4,392.65,392.15,392.4,35564.0
2026-06-09 13:55:00,392.4,392.45,391.6,392.15,52499.0
2026-06-09 14:00:00,392.2,392.2,391.75,392.0,20001.0
2026-06-09 14:05:00,392.05,392.8,392.0,392.8,19765.0
2026-06-09 14:10:00,392.75,393.4,392.65,392.85,67017.0
2026-06-09 14:15:00,392.8,393.3,392.65,393.3,32245.0
2026-06-09 14:20:00,392.9,392.95,392.5,392.55,45745.0
2026-06-09 14:25:00,392.5,392.8,392.5,392.75,27238.0
2026-06-09 14:30:00,393.05,393.5,392.5,393.1,176052.0
2026-06-09 14:35:00,393.1,393.9,392.9,393.7,71844.0
2026-06-09 14:40:00,393.75,394.3,393.7,394.05,61447.0
2026-06-09 14:45:00,394.0,394.15,393.4,393.7,82505.0
2026-06-09 14:50:00,393.6,395.4,393.6,395.4,204411.0
2026-06-09 14:55:00,395.2,396.45,395.2,395.85,212874.0
2026-06-09 15:00:00,395.5,397.0,394.75,396.75,259779.0
2026-06-09 15:05:00,396.75,397.4,396.45,397.0,419572.0
2026-06-09 15:10:00,397.0,397.3,396.05,396.45,359186.0
2026-06-09 15:15:00,396.5,397.05,396.1,396.2,344560.0
2026-06-09 15:20:00,396.1,396.95,396.05,396.85,423715.0
2026-06-09 15:25:00,396.85,396.9,395.7,396.2,357476.0
2026-06-10 09:15:00,397.0,397.2,392.5,393.15,478487.0
2026-06-10 09:20:00,393.05,393.45,391.0,392.15,510764.0
2026-06-10 09:25:00,392.1,392.9,391.8,392.7,252286.0
2026-06-10 09:30:00,392.65,393.2,391.8,393.05,198855.0
2026-06-10 09:35:00,393.05,393.95,392.45,393.75,175946.0
2026-06-10 09:40:00,393.65,393.95,393.0,393.5,232038.0
2026-06-10 09:45:00,393.55,393.55,391.9,392.55,195602.0
2026-06-10 09:50:00,392.55,392.9,392.15,392.4,174774.0
2026-06-10 09:55:00,392.2,392.95,392.05,392.1,58488.0
2026-06-10 10:00:00,392.15,392.9,392.05,392.4,45430.0
2026-06-10 10:05:00,392.3,392.6,391.1,391.35,148000.0
2026-06-10 10:10:00,391.3,391.9,390.2,390.2,203451.0
2026-06-10 10:15:00,390.5,391.95,389.35,391.3,232466.0
2026-06-10 10:20:00,391.35,391.7,390.5,391.25,83322.0
2026-06-10 10:25:00,391.05,391.85,390.65,391.85,62646.0
2026-06-10 10:30:00,391.75,393.65,391.6,393.45,172305.0
2026-06-10 10:35:00,393.4,393.6,392.1,392.1,69218.0
2026-06-10 10:40:00,392.1,392.2,391.4,391.7,79073.0
2026-06-10 10:45:00,391.6,391.85,391.55,391.75,31156.0
2026-06-10 10:50:00,391.75,392.1,391.45,391.65,45074.0
2026-06-10 10:55:00,391.65,392.05,391.5,391.75,35440.0
2026-06-10 11:00:00,391.8,391.9,391.2,391.85,35298.0
2026-06-10 11:05:00,391.85,391.85,391.3,391.8,31918.0
2026-06-10 11:10:00,391.8,392.15,391.5,391.55,37873.0
2026-06-10 11:15:00,391.65,391.75,388.5,388.5,130780.0
2026-06-10 11:20:00,388.55,389.4,387.45,389.4,137621.0
2026-06-10 11:25:00,389.3,389.95,389.3,389.9,53235.0
2026-06-10 11:30:00,389.9,389.95,389.3,389.55,58145.0
2026-06-10 11:35:00,389.55,389.6,388.5,388.95,63580.0
2026-06-10 11:40:00,388.95,389.0,388.5,388.6,29576.0
2026-06-10 11:45:00,388.6,389.2,388.55,389.0,65409.0
2026-06-10 11:50:00,388.9,389.7,388.85,389.25,47264.0
2026-06-10 11:55:00,389.15,390.0,389.15,389.3,107679.0
2026-06-10 12:00:00,389.35,389.4,388.75,388.8,40116.0
2026-06-10 12:05:00,388.8,389.2,388.1,388.15,39368.0
2026-06-10 12:10:00,388.1,388.25,387.05,387.5,153087.0
2026-06-10 12:15:00,387.4,387.65,387.0,387.55,56518.0
2026-06-10 12:20:00,387.4,387.55,386.4,386.6,148079.0
2026-06-10 12:25:00,386.55,386.7,385.6,385.9,153895.0
2026-06-10 12:30:00,385.8,385.9,384.65,384.95,230833.0
2026-06-10 12:35:00,384.95,385.0,384.4,384.55,97803.0
2026-06-10 12:40:00,384.5,384.6,383.5,383.5,151637.0
2026-06-10 12:45:00,383.65,383.7,382.7,383.5,154951.0
2026-06-10 12:50:00,383.4,385.1,383.4,384.1,118331.0
2026-06-10 12:55:00,383.95,384.45,383.55,384.3,66299.0
2026-06-10 13:00:00,384.25,385.0,383.4,383.45,336960.0
2026-06-10 13:05:00,383.35,383.75,382.75,383.7,224787.0
2026-06-10 13:10:00,383.7,383.85,383.2,383.35,57051.0
2026-06-10 13:15:00,383.25,383.5,383.05,383.2,68992.0
2026-06-10 13:20:00,383.15,383.65,382.75,382.9,108179.0
2026-06-10 13:25:00,382.85,383.55,382.5,383.5,97753.0
2026-06-10 13:30:00,383.55,383.55,381.8,382.15,174387.0
2026-06-10 13:35:00,382.15,382.55,381.6,382.0,161567.0
2026-06-10 13:40:00,382.05,382.8,381.7,381.8,122716.0
2026-06-10 13:45:00,381.7,381.85,380.75,380.85,160180.0
2026-06-10 13:50:00,380.95,381.3,380.25,380.7,151396.0
2026-06-10 13:55:00,380.7,380.9,379.6,380.1,211180.0
2026-06-10 14:00:00,380.05,381.45,379.8,380.8,143331.0
2026-06-10 14:05:00,380.65,381.25,380.5,381.0,63979.0
2026-06-10 14:10:00,381.0,381.3,380.65,381.0,77772.0
2026-06-10 14:15:00,381.0,382.2,380.85,382.15,141733.0
2026-06-10 14:20:00,382.15,382.45,381.55,381.65,117217.0
2026-06-10 14:25:00,381.65,381.95,379.25,379.75,226811.0
2026-06-10 14:30:00,379.8,381.55,379.5,381.05,165553.0
2026-06-10 14:35:00,381.2,381.3,380.05,380.1,71560.0
2026-06-10 14:40:00,380.25,380.75,379.45,379.5,91047.0
2026-06-10 14:45:00,379.55,379.75,378.6,378.8,166071.0
2026-06-10 14:50:00,378.75,379.35,378.2,378.5,271613.0
2026-06-10 14:55:00,378.5,379.55,378.15,379.25,146762.0
2026-06-10 15:00:00,379.25,379.65,379.0,379.5,133576.0
2026-06-10 15:05:00,379.5,379.5,378.3,378.55,236816.0
2026-06-10 15:10:00,378.5,378.8,376.5,376.6,405491.0
2026-06-10 15:15:00,376.65,376.9,376.0,376.9,328340.0
2026-06-10 15:20:00,376.8,377.0,376.25,376.5,306626.0
2026-06-10 15:25:00,376.55,377.4,375.75,376.7,327124.0
2026-06-11 09:15:00,376.55,376.55,372.05,375.8,498072.0
2026-06-11 09:20:00,376.0,378.15,375.85,376.8,280340.0
2026-06-11 09:25:00,376.6,378.0,376.2,377.4,139231.0
2026-06-11 09:30:00,377.3,377.5,375.6,376.6,111966.0
2026-06-11 09:35:00,376.45,377.75,376.45,377.75,84658.0
2026-06-11 09:40:00,377.55,377.8,376.5,377.2,65014.0
2026-06-11 09:45:00,377.25,378.9,377.05,378.45,139317.0
2026-06-11 09:50:00,378.55,379.5,377.9,377.9,132518.0
2026-06-11 09:55:00,377.9,378.25,375.4,375.5,168594.0
2026-06-11 10:00:00,375.3,376.35,375.3,375.55,125028.0
2026-06-11 10:05:00,375.65,376.6,375.45,376.55,73819.0
2026-06-11 10:10:00,376.35,376.55,375.7,375.85,74276.0
2026-06-11 10:15:00,375.85,376.1,375.0,376.0,62365.0
2026-06-11 10:20:00,376.1,376.95,375.75,375.8,77100.0
2026-06-11 10:25:00,375.75,375.85,375.1,375.15,66895.0
2026-06-11 10:30:00,375.15,375.3,374.0,374.25,122138.0
2026-06-11 10:35:00,374.0,374.45,370.9,371.4,403559.0
2026-06-11 10:40:00,371.3,372.0,371.15,371.9,145877.0
2026-06-11 10:45:00,371.95,372.9,371.5,371.95,370401.0
2026-06-11 10:50:00,371.85,372.05,370.25,370.6,141049.0
2026-06-11 10:55:00,370.85,370.85,369.15,369.6,149875.0
2026-06-11 11:00:00,369.5,369.7,368.3,369.15,389995.0
2026-06-11 11:05:00,369.15,370.0,369.1,369.85,131661.0
2026-06-11 11:10:00,369.75,369.85,367.6,368.95,236737.0
2026-06-11 11:15:00,369.1,370.2,368.85,369.75,131785.0
2026-06-11 11:20:00,369.9,370.9,369.65,370.4,124436.0
2026-06-11 11:25:00,370.45,372.25,370.35,371.0,232484.0
2026-06-11 11:30:00,371.05,371.9,370.5,371.2,89225.0
2026-06-11 11:35:00,371.0,371.4,370.5,370.5,130258.0
2026-06-11 11:40:00,370.6,372.0,370.55,371.8,83623.0
2026-06-11 11:45:00,371.85,372.1,371.5,371.7,64998.0
2026-06-11 11:50:00,371.65,371.9,371.5,371.75,32884.0
2026-06-11 11:55:00,371.7,372.2,371.25,371.3,68585.0
2026-06-11 12:00:00,371.35,372.15,371.3,372.0,87655.0
2026-06-11 12:05:00,372.0,372.15,371.4,371.6,54006.0
2026-06-11 12:10:00,371.5,371.6,370.1,370.15,170273.0
2026-06-11 12:15:00,371.4,372.1,371.1,372.0,367506.0
2026-06-11 12:20:00,372.0,372.0,371.3,371.6,34962.0
2026-06-11 12:25:00,371.75,371.85,371.2,371.8,151336.0
2026-06-11 12:30:00,371.75,373.8,371.7,373.45,187627.0
2026-06-11 12:35:00,373.55,373.95,372.5,372.85,137738.0
2026-06-11 12:40:00,372.9,373.55,372.25,373.25,122481.0
2026-06-11 12:45:00,373.15,373.25,371.75,371.8,82046.0
2026-06-11 12:50:00,371.95,372.6,371.95,372.25,77102.0
2026-06-11 12:55:00,372.15,372.8,371.6,372.7,62913.0
2026-06-11 13:00:00,372.65,373.0,371.9,372.4,48114.0
2026-06-11 13:05:00,372.35,372.7,371.75,371.75,53352.0
2026-06-11 13:10:00,371.75,371.9,370.65,371.0,176107.0
2026-06-11 13:15:00,370.95,371.15,369.8,369.9,329753.0
2026-06-11 13:20:00,369.85,371.15,369.75,371.0,207768.0
2026-06-11 13:25:00,370.95,371.5,370.5,371.45,123675.0
2026-06-11 13:30:00,371.25,374.9,371.25,372.25,484424.0
2026-06-11 13:35:00,372.25,373.0,371.05,371.45,130927.0
2026-06-11 13:40:00,371.55,371.85,370.75,371.1,72818.0
2026-06-11 13:45:00,371.1,372.45,371.1,372.2,64368.0
2026-06-11 13:50:00,372.15,372.45,371.9,372.1,41766.0
2026-06-11 13:55:00,372.1,372.8,372.0,372.15,52380.0
2026-06-11 14:00:00,372.15,372.85,372.0,372.6,174667.0
2026-06-11 14:05:00,372.45,372.75,371.2,371.45,172945.0
2026-06-11 14:10:00,371.45,371.95,371.3,371.6,42847.0
2026-06-11 14:15:00,371.6,371.9,371.25,371.3,55863.0
2026-06-11 14:20:00,371.4,372.0,371.2,371.45,94910.0
2026-06-11 14:25:00,371.45,373.0,371.45,372.35,110478.0
2026-06-11 14:30:00,372.35,373.15,372.0,372.35,132652.0
2026-06-11 14:35:00,372.5,372.7,371.55,372.25,107570.0
2026-06-11 14:40:00,372.0,372.25,371.45,371.55,61195.0
2026-06-11 14:45:00,371.55,371.9,370.55,371.7,120387.0
2026-06-11 14:50:00,371.65,371.7,370.65,371.25,88910.0
2026-06-11 14:55:00,371.1,371.65,370.85,371.45,82750.0
2026-06-11 15:00:00,371.4,372.0,370.25,370.45,137122.0
2026-06-11 15:05:00,370.4,370.65,369.95,370.15,196578.0
2026-06-11 15:10:00,370.25,371.05,369.85,370.95,163052.0
2026-06-11 15:15:00,371.05,371.55,370.35,370.6,280549.0
2026-06-11 15:20:00,370.6,370.9,370.35,370.9,245330.0
2026-06-11 15:25:00,370.9,371.25,370.3,371.0,353403.0
2026-06-12 09:15:00,379.6,379.6,375.7,377.1,468209.0
2026-06-12 09:20:00,377.25,378.8,376.35,378.8,267077.0
2026-06-12 09:25:00,378.75,378.8,376.7,376.7,109628.0
2026-06-12 09:30:00,376.95,377.45,375.4,376.5,144214.0
2026-06-12 09:35:00,376.35,377.0,376.0,376.4,58129.0
2026-06-12 09:40:00,376.4,376.8,375.65,375.8,60505.0
2026-06-12 09:45:00,376.0,376.5,375.55,376.35,34749.0
2026-06-12 09:50:00,376.35,377.0,375.85,375.85,43917.0
2026-06-12 09:55:00,375.9,376.5,375.6,375.65,44624.0
2026-06-12 10:00:00,375.65,375.85,374.25,375.3,112499.0
2026-06-12 10:05:00,375.3,376.4,373.05,373.5,182070.0
2026-06-12 10:10:00,373.85,374.4,373.0,374.0,265941.0
2026-06-12 10:15:00,374.0,374.4,373.95,374.05,28165.0
2026-06-12 10:20:00,374.05,374.5,373.8,374.4,42135.0
2026-06-12 10:25:00,374.45,374.7,374.0,374.2,46233.0
2026-06-12 10:30:00,374.05,374.75,373.8,373.95,126139.0
2026-06-12 10:35:00,374.0,374.4,373.65,374.0,25669.0
2026-06-12 10:40:00,374.0,374.35,373.7,373.95,22750.0
2026-06-12 10:45:00,373.95,374.05,372.8,373.45,164701.0
2026-06-12 10:50:00,373.5,373.65,373.1,373.55,24778.0
2026-06-12 10:55:00,373.5,373.8,373.3,373.65,22317.0
2026-06-12 11:00:00,373.8,373.9,371.4,372.05,145768.0
2026-06-12 11:05:00,372.15,372.5,372.0,372.45,27849.0
2026-06-12 11:10:00,372.4,373.95,372.3,373.7,63741.0
2026-06-12 11:15:00,373.9,375.1,373.8,374.4,131292.0
2026-06-12 11:20:00,374.4,374.7,373.9,374.0,51960.0
2026-06-12 11:25:00,374.05,374.3,373.5,373.65,27696.0
2026-06-12 11:30:00,373.7,373.9,373.0,373.85,31738.0
2026-06-12 11:35:00,373.85,374.25,373.8,374.2,72109.0
2026-06-12 11:40:00,374.2,374.6,374.1,374.45,24089.0
2026-06-12 11:45:00,374.4,374.6,374.35,374.5,16008.0
2026-06-12 11:50:00,374.5,374.55,374.05,374.15,21600.0
2026-06-12 11:55:00,374.1,374.35,373.05,373.1,18203.0
2026-06-12 12:00:00,373.25,373.6,373.1,373.5,19454.0
2026-06-12 12:05:00,373.5,373.5,372.2,372.2,46891.0
2026-06-12 12:10:00,372.35,372.35,371.0,371.7,94451.0
2026-06-12 12:15:00,371.75,371.85,370.65,371.2,99960.0
2026-06-12 12:20:00,371.05,371.15,370.2,370.65,84576.0
2026-06-12 12:25:00,370.6,371.5,370.5,371.3,96407.0
2026-06-12 12:30:00,371.25,371.3,370.5,370.65,68105.0
2026-06-12 12:35:00,370.7,370.9,370.3,370.45,46952.0
2026-06-12 12:40:00,370.45,370.75,369.8,369.9,97477.0
2026-06-12 12:45:00,369.85,370.25,369.7,369.85,69206.0
2026-06-12 12:50:00,369.8,370.65,369.75,370.6,69936.0
2026-06-12 12:55:00,370.55,371.0,370.35,370.65,55586.0
2026-06-12 13:00:00,370.8,370.85,370.35,370.75,35834.0
2026-06-12 13:05:00,370.6,371.55,370.6,371.25,71970.0
2026-06-12 13:10:00,371.3,371.65,371.0,371.5,66622.0
2026-06-12 13:15:00,371.6,371.8,371.25,371.7,55610.0
2026-06-12 13:20:00,371.75,371.9,370.7,370.85,68418.0
2026-06-12 13:25:00,370.85,372.45,370.5,372.4,122140.0
2026-06-12 13:30:00,372.4,372.7,371.75,372.3,93764.0
2026-06-12 13:35:00,372.55,374.35,372.1,374.25,235476.0
2026-06-12 13:40:00,374.25,375.5,374.25,374.65,288839.0
2026-06-12 13:45:00,374.65,375.9,374.35,375.75,128070.0
2026-06-12 13:50:00,375.65,375.95,374.8,375.15,203168.0
2026-06-12 13:55:00,375.2,376.55,374.7,376.5,130428.0
2026-06-12 14:00:00,376.35,376.55,375.6,375.8,97482.0
2026-06-12 14:05:00,376.0,376.2,375.4,376.0,96551.0
2026-06-12 14:10:00,375.9,376.75,375.65,376.75,107702.0
2026-06-12 14:15:00,376.6,377.5,376.1,376.5,314665.0
2026-06-12 14:20:00,376.5,377.1,376.25,376.95,117463.0
2026-06-12 14:25:00,376.8,377.45,376.5,376.9,281789.0
2026-06-12 14:30:00,377.0,377.75,376.8,377.15,242120.0
2026-06-12 14:35:00,377.2,379.1,376.55,379.05,289199.0
2026-06-12 14:40:00,378.9,379.55,378.5,379.0,235784.0
2026-06-12 14:45:00,379.05,379.2,378.5,379.0,179352.0
2026-06-12 14:50:00,379.05,379.15,378.45,378.9,152086.0
2026-06-12 14:55:00,378.8,379.15,378.35,378.5,119228.0
2026-06-12 15:00:00,378.5,379.85,378.1,379.65,563535.0
2026-06-12 15:05:00,379.7,380.15,379.4,379.6,258351.0
2026-06-12 15:10:00,379.6,379.6,378.1,378.2,259406.0
2026-06-12 15:15:00,378.35,379.05,378.0,378.6,208427.0
2026-06-12 15:20:00,378.7,378.95,377.35,378.1,165340.0
2026-06-12 15:25:00,378.1,378.7,376.7,377.75,268586.0
2026-06-15 09:15:00,384.0,385.7,382.0,383.3,343011.0
2026-06-15 09:20:00,383.2,384.3,381.05,381.85,227408.0
2026-06-15 09:25:00,381.85,382.55,381.35,382.4,204530.0
2026-06-15 09:30:00,382.35,384.7,382.35,384.0,351865.0
2026-06-15 09:35:00,384.0,385.35,383.5,385.25,175052.0
2026-06-15 09:40:00,385.25,385.9,384.9,385.6,105229.0
2026-06-15 09:45:00,385.65,387.1,385.15,386.15,148793.0
2026-06-15 09:50:00,386.15,389.8,385.85,389.0,455823.0
2026-06-15 09:55:00,389.05,389.25,387.8,388.25,126170.0
2026-06-15 10:00:00,388.25,389.9,388.1,389.0,153784.0
2026-06-15 10:05:00,388.95,389.75,388.7,389.5,79185.0
2026-06-15 10:10:00,389.55,390.2,388.05,388.45,146768.0
2026-06-15 10:15:00,388.45,388.7,387.8,388.5,77086.0
2026-06-15 10:20:00,388.4,389.9,388.2,389.5,135042.0
2026-06-15 10:25:00,389.5,390.4,389.05,389.8,104144.0
2026-06-15 10:30:00,390.0,390.0,389.3,389.3,51945.0
2026-06-15 10:35:00,389.6,389.75,388.65,389.2,60746.0
2026-06-15 10:40:00,389.1,389.4,388.9,389.15,28674.0
2026-06-15 10:45:00,389.0,389.95,388.95,389.9,87486.0
2026-06-15 10:50:00,389.9,390.55,389.6,389.8,111844.0
2026-06-15 10:55:00,390.0,390.0,389.0,389.25,40318.0
2026-06-15 11:00:00,389.5,391.2,389.25,391.15,162240.0
2026-06-15 11:05:00,390.95,391.25,390.4,390.65,60318.0
2026-06-15 11:10:00,390.75,390.95,389.5,389.8,52802.0
2026-06-15 11:15:00,389.8,389.85,389.25,389.5,28499.0
2026-06-15 11:20:00,389.5,389.8,389.1,389.4,60204.0
2026-06-15 11:25:00,389.3,389.6,389.1,389.35,17247.0
2026-06-15 11:30:00,389.6,389.65,388.8,389.0,44309.0
2026-06-15 11:35:00,388.95,388.95,387.0,387.7,141038.0
2026-06-15 11:40:00,387.7,387.75,387.25,387.35,44935.0
2026-06-15 11:45:00,387.3,387.6,387.15,387.15,44261.0
2026-06-15 11:50:00,387.25,387.35,386.3,386.55,125508.0
2026-06-15 11:55:00,386.6,386.8,386.25,386.8,37024.0
2026-06-15 12:00:00,386.8,387.0,386.5,386.75,27448.0
2026-06-15 12:05:00,386.7,386.75,386.1,386.25,57739.0
2026-06-15 12:10:00,386.1,386.55,386.1,386.3,21594.0
2026-06-15 12:15:00,386.3,386.35,384.55,384.55,200142.0
2026-06-15 12:20:00,384.75,385.0,384.45,384.95,63376.0
2026-06-15 12:25:00,384.8,385.0,383.35,383.55,428347.0
2026-06-15 12:30:00,383.4,383.65,383.0,383.65,79730.0
2026-06-15 12:35:00,383.35,383.75,382.6,382.65,47080.0
2026-06-15 12:40:00,382.75,382.95,382.1,382.45,114518.0
2026-06-15 12:45:00,382.4,382.6,382.1,382.35,35263.0
2026-06-15 12:50:00,382.4,382.8,381.7,381.7,62121.0
2026-06-15 12:55:00,381.8,382.2,381.7,382.1,40181.0
2026-06-15 13:00:00,382.2,382.5,382.0,382.2,40334.0
2026-06-15 13:05:00,382.15,382.35,381.8,382.15,47865.0
2026-06-15 13:10:00,382.35,383.3,382.2,383.05,67425.0
2026-06-15 13:15:00,383.0,383.5,382.7,383.25,63028.0
2026-06-15 13:20:00,383.1,383.5,383.1,383.5,19283.0
2026-06-15 13:25:00,383.5,383.5,383.1,383.45,26497.0
2026-06-15 13:30:00,383.4,383.5,382.45,382.9,83777.0
2026-06-15 13:35:00,382.9,383.95,382.9,383.95,34108.0
2026-06-15 13:40:00,383.9,384.15,383.55,383.75,78367.0
2026-06-15 13:45:00,383.75,384.75,383.65,384.75,87301.0
2026-06-15 13:50:00,384.5,385.15,384.1,384.55,200393.0
2026-06-15 13:55:00,384.5,386.05,384.35,385.6,133184.0
2026-06-15 14:00:00,385.6,385.9,385.0,385.0,34443.0
2026-06-15 14:05:00,385.0,385.95,384.9,385.55,78724.0
2026-06-15 14:10:00,385.45,385.8,385.05,385.05,21911.0
2026-06-15 14:15:00,385.05,385.35,384.7,385.15,58122.0
2026-06-15 14:20:00,385.1,385.35,384.65,384.85,27327.0
2026-06-15 14:25:00,385.0,385.15,384.6,385.0,31825.0
2026-06-15 14:30:00,385.0,385.75,384.75,384.75,127355.0
2026-06-15 14:35:00,384.7,385.45,384.5,385.15,143208.0
2026-06-15 14:40:00,385.15,385.15,384.0,384.1,57256.0
2026-06-15 14:45:00,384.1,384.6,384.0,384.35,69382.0
2026-06-15 14:50:00,384.35,384.55,383.2,384.55,125051.0
2026-06-15 14:55:00,384.4,384.9,383.55,383.85,72339.0
2026-06-15 15:00:00,384.05,384.5,382.55,383.1,137882.0
2026-06-15 15:05:00,383.15,383.35,382.6,382.8,92446.0
2026-06-15 15:10:00,382.8,383.1,382.0,383.1,124051.0
2026-06-15 15:15:00,382.95,383.45,382.7,383.05,114913.0
2026-06-15 15:20:00,383.0,383.15,382.45,382.7,148433.0
2026-06-15 15:25:00,382.65,383.5,382.15,382.8,171151.0
2026-06-16 09:15:00,383.9,385.85,381.75,385.6,285536.0
2026-06-16 09:20:00,385.4,385.45,383.35,383.55,241718.0
2026-06-16 09:25:00,383.7,385.5,383.7,384.9,191031.0
2026-06-16 09:30:00,385.0,385.95,384.35,384.95,125754.0
2026-06-16 09:35:00,384.7,384.95,383.0,383.4,105644.0
2026-06-16 09:40:00,383.1,384.15,383.1,383.4,56707.0
2026-06-16 09:45:00,383.45,383.85,382.8,383.2,45092.0
2026-06-16 09:50:00,383.2,383.9,382.85,383.75,25569.0
2026-06-16 09:55:00,383.75,384.45,383.55,384.25,43495.0
2026-06-16 10:00:00,384.4,385.3,383.8,384.0,94979.0
2026-06-16 10:05:00,384.05,384.45,383.8,384.1,23706.0
2026-06-16 10:10:00,384.1,384.95,383.95,384.4,116618.0
2026-06-16 10:15:00,384.3,384.95,384.25,384.6,23976.0
2026-06-16 10:20:00,384.55,384.75,384.05,384.15,31122.0
2026-06-16 10:25:00,384.2,385.85,384.15,384.65,152008.0
2026-06-16 10:30:00,384.5,384.55,384.05,384.4,31008.0
2026-06-16 10:35:00,384.4,384.8,384.2,384.65,32815.0
2026-06-16 10:40:00,384.55,385.45,384.3,385.2,42073.0
2026-06-16 10:45:00,385.1,385.75,385.0,385.25,68430.0
2026-06-16 10:50:00,385.3,385.45,385.05,385.1,25768.0
2026-06-16 10:55:00,385.1,385.5,384.6,385.0,67280.0
2026-06-16 11:00:00,385.05,385.2,384.65,385.05,48238.0
2026-06-16 11:05:00,385.0,387.65,384.85,384.9,403174.0
2026-06-16 11:10:00,384.9,385.1,383.25,383.7,117503.0
2026-06-16 11:15:00,383.9,384.05,383.45,383.85,45339.0
2026-06-16 11:20:00,383.8,384.3,383.7,384.2,36715.0
2026-06-16 11:25:00,384.15,384.25,383.65,383.75,38159.0
2026-06-16 11:30:00,383.75,383.8,383.35,383.55,67155.0
2026-06-16 11:35:00,383.55,383.55,382.75,382.9,57225.0
2026-06-16 11:40:00,382.85,383.0,382.6,382.8,46334.0
2026-06-16 11:45:00,382.8,383.25,382.55,383.05,52134.0
2026-06-16 11:50:00,383.1,383.75,383.1,383.7,42018.0
2026-06-16 11:55:00,383.55,383.65,382.85,382.95,56930.0
2026-06-16 12:00:00,382.9,383.15,382.25,382.8,72511.0
2026-06-16 12:05:00,382.65,383.75,382.65,383.65,31935.0
2026-06-16 12:10:00,383.6,383.75,383.45,383.6,45696.0
2026-06-16 12:15:00,383.6,383.65,383.0,383.1,39403.0
2026-06-16 12:20:00,383.05,383.55,382.7,383.1,51913.0
2026-06-16 12:25:00,383.15,384.6,382.95,384.4,101021.0
2026-06-16 12:30:00,384.35,384.45,384.15,384.25,52490.0
2026-06-16 12:35:00,384.35,384.45,384.2,384.35,47006.0
2026-06-16 12:40:00,384.4,384.45,384.25,384.4,78888.0
2026-06-16 12:45:00,384.35,384.6,383.65,384.05,194909.0
2026-06-16 12:50:00,384.0,384.1,382.8,382.9,47926.0
2026-06-16 12:55:00,383.0,383.7,382.95,383.6,36513.0
2026-06-16 13:00:00,383.6,383.8,383.25,383.4,30151.0
2026-06-16 13:05:00,383.4,383.9,383.4,383.9,28404.0
2026-06-16 13:10:00,383.75,384.15,383.5,383.95,47332.0
2026-06-16 13:15:00,383.9,384.25,383.7,383.9,46936.0
2026-06-16 13:20:00,383.85,384.4,383.8,384.2,40448.0
2026-06-16 13:25:00,384.2,384.5,383.35,383.65,64286.0
2026-06-16 13:30:00,383.75,383.75,383.2,383.6,52713.0
2026-06-16 13:35:00,383.55,383.95,383.25,383.7,35282.0
2026-06-16 13:40:00,383.75,383.85,383.5,383.7,33075.0
2026-06-16 13:45:00,383.7,383.8,383.5,383.75,24464.0
2026-06-16 13:50:00,383.7,384.15,383.0,383.25,57935.0
2026-06-16 13:55:00,383.15,384.05,383.15,383.85,49031.0
2026-06-16 14:00:00,383.75,384.25,383.65,384.1,50400.0
2026-06-16 14:05:00,384.1,384.3,383.85,384.2,29381.0
2026-06-16 14:10:00,384.3,384.45,383.95,384.35,50101.0
2026-06-16 14:15:00,384.35,384.45,384.15,384.25,37730.0
2026-06-16 14:20:00,384.35,384.45,383.95,384.35,79768.0
2026-06-16 14:25:00,384.35,384.4,384.05,384.35,72945.0
2026-06-16 14:30:00,384.35,385.2,384.15,384.4,162476.0
2026-06-16 14:35:00,384.35,384.4,383.85,384.3,87284.0
2026-06-16 14:40:00,384.05,384.3,383.25,383.7,120115.0
2026-06-16 14:45:00,383.6,384.2,383.0,383.25,260251.0
2026-06-16 14:50:00,383.35,384.2,383.25,384.1,77372.0
2026-06-16 14:55:00,384.1,384.2,383.65,384.2,85593.0
2026-06-16 15:00:00,384.2,384.95,384.0,384.45,130042.0
2026-06-16 15:05:00,384.35,384.9,384.3,384.55,151597.0
2026-06-16 15:10:00,384.65,384.9,384.4,384.9,108574.0
2026-06-16 15:15:00,384.8,384.9,383.75,383.95,173425.0
2026-06-16 15:20:00,383.85,384.05,383.5,383.65,118888.0
2026-06-16 15:25:00,383.6,384.15,383.05,383.7,182125.0
2026-06-17 09:15:00,384.2,386.3,383.0,383.7,194928.0
2026-06-17 09:20:00,383.9,384.9,383.3,384.4,73441.0
2026-06-17 09:25:00,384.25,385.3,384.2,384.35,166721.0
2026-06-17 09:30:00,384.2,385.0,384.0,384.7,60984.0
2026-06-17 09:35:00,384.7,384.7,383.95,384.2,47771.0
2026-06-17 09:40:00,384.2,385.95,383.9,385.85,156188.0
2026-06-17 09:45:00,385.95,386.6,385.65,386.15,135563.0
2026-06-17 09:50:00,386.2,386.25,385.7,386.1,33800.0
2026-06-17 09:55:00,386.1,386.2,385.2,385.65,32062.0
2026-06-17 10:00:00,385.7,385.85,385.05,385.4,36025.0
2026-06-17 10:05:00,385.5,385.6,384.25,384.4,150175.0
2026-06-17 10:10:00,385.0,385.0,384.15,384.75,50370.0
2026-06-17 10:15:00,383.8,386.15,383.8,386.1,59191.0
2026-06-17 10:20:00,386.15,386.8,385.8,386.2,55366.0
2026-06-17 10:25:00,386.25,386.25,385.35,385.35,26203.0
2026-06-17 10:30:00,385.3,385.8,385.15,385.8,24540.0
2026-06-17 10:35:00,385.75,386.45,385.6,385.9,32261.0
2026-06-17 10:40:00,385.9,386.2,384.75,384.95,46692.0
2026-06-17 10:45:00,384.75,384.8,384.4,384.65,27234.0
2026-06-17 10:50:00,384.6,385.0,384.55,385.0,14721.0
2026-06-17 10:55:00,384.95,385.0,384.55,384.65,26255.0
2026-06-17 11:00:00,384.65,384.75,384.0,384.6,30200.0
2026-06-17 11:05:00,384.7,384.75,384.45,384.45,19878.0
2026-06-17 11:10:00,384.45,384.75,384.2,384.75,26690.0
2026-06-17 11:15:00,384.8,385.0,384.25,384.45,40271.0
2026-06-17 11:20:00,384.45,384.5,384.35,384.45,13916.0
2026-06-17 11:25:00,384.45,384.45,383.55,384.1,38337.0
2026-06-17 11:30:00,384.15,384.75,384.15,384.25,44847.0
2026-06-17 11:35:00,384.35,384.35,384.15,384.25,32596.0
2026-06-17 11:40:00,384.25,385.05,384.05,384.4,120007.0
2026-06-17 11:45:00,384.4,384.55,384.0,384.35,109892.0
2026-06-17 11:50:00,384.35,384.5,384.1,384.35,30006.0
2026-06-17 11:55:00,384.3,384.5,384.0,384.15,36713.0
2026-06-17 12:00:00,384.2,384.35,383.85,384.3,43839.0
2026-06-17 12:05:00,384.3,384.4,384.1,384.35,23638.0
2026-06-17 12:10:00,384.35,384.85,384.15,384.5,41955.0
2026-06-17 12:15:00,384.5,384.65,384.3,384.5,31586.0
2026-06-17 12:20:00,384.5,385.1,384.3,384.5,54571.0
2026-06-17 12:25:00,384.5,384.5,384.0,384.3,30585.0
2026-06-17 12:30:00,384.35,384.45,384.15,384.35,21257.0
2026-06-17 12:35:00,384.4,384.45,384.05,384.4,27942.0
2026-06-17 12:40:00,384.4,385.05,384.2,385.0,65142.0
2026-06-17 12:45:00,385.0,385.05,383.7,384.1,111147.0
2026-06-17 12:50:00,384.1,384.4,383.95,384.25,33232.0
2026-06-17 12:55:00,384.25,384.4,383.9,384.05,37794.0
2026-06-17 13:00:00,384.1,384.15,383.5,383.7,26886.0
2026-06-17 13:05:00,383.7,383.75,382.65,382.65,50798.0
2026-06-17 13:10:00,382.7,383.2,381.9,383.0,150237.0
2026-06-17 13:15:00,382.95,383.6,382.45,383.4,36773.0
2026-06-17 13:20:00,383.45,383.9,383.4,383.9,32230.0
2026-06-17 13:25:00,383.9,384.0,383.7,384.0,33594.0
2026-06-17 13:30:00,384.0,384.05,383.55,384.0,68766.0
2026-06-17 13:35:00,384.0,384.45,383.85,384.35,27693.0
2026-06-17 13:40:00,384.35,384.4,383.3,383.5,53751.0
2026-06-17 13:45:00,383.65,383.65,383.1,383.3,21257.0
2026-06-17 13:50:00,383.3,383.9,383.1,383.55,25127.0
2026-06-17 13:55:00,383.6,383.85,383.2,383.6,46149.0
2026-06-17 14:00:00,383.7,383.85,383.35,383.6,27528.0
2026-06-17 14:05:00,383.5,383.95,383.25,383.5,50921.0
2026-06-17 14:10:00,383.55,384.7,383.25,384.6,41130.0
2026-06-17 14:15:00,384.7,386.65,384.6,386.65,167051.0
2026-06-17 14:20:00,386.6,388.05,386.3,387.35,267918.0
2026-06-17 14:25:00,387.45,388.25,386.8,387.7,162748.0
2026-06-17 14:30:00,387.7,388.05,387.35,387.5,142213.0
2026-06-17 14:35:00,387.45,387.55,386.6,387.1,85165.0
2026-06-17 14:40:00,387.2,387.7,386.9,387.1,86886.0
2026-06-17 14:45:00,387.1,387.4,386.85,387.0,57988.0
2026-06-17 14:50:00,386.95,388.8,386.8,388.15,246256.0
2026-06-17 14:55:00,388.1,390.35,388.05,390.05,316422.0
2026-06-17 15:00:00,390.1,391.9,389.9,391.85,719254.0
2026-06-17 15:05:00,391.85,393.35,391.8,392.8,791881.0
2026-06-17 15:10:00,392.95,394.05,392.75,393.1,688069.0
2026-06-17 15:15:00,393.0,393.2,392.15,392.25,284132.0
2026-06-17 15:20:00,392.45,392.55,392.0,392.15,287026.0
2026-06-17 15:25:00,392.1,392.4,391.85,392.2,347530.0
2026-06-18 09:15:00,392.8,395.75,391.35,395.1,453699.0
2026-06-18 09:20:00,395.0,395.3,393.75,394.1,375912.0
2026-06-18 09:25:00,394.1,394.45,393.8,394.45,111862.0
2026-06-18 09:30:00,394.5,394.95,393.75,394.0,206590.0
2026-06-18 09:35:00,394.1,395.15,393.3,395.15,145948.0
2026-06-18 09:40:00,395.05,396.15,394.85,396.05,318228.0
2026-06-18 09:45:00,396.15,396.9,395.75,395.75,207444.0
2026-06-18 09:50:00,395.7,396.0,395.0,395.75,81625.0
2026-06-18 09:55:00,395.85,395.9,395.0,395.1,116828.0
2026-06-18 10:00:00,395.1,395.45,394.35,395.15,88976.0
2026-06-18 10:05:00,395.2,395.3,394.6,394.9,33829.0
2026-06-18 10:10:00,394.95,394.95,393.25,394.2,111232.0
2026-06-18 10:15:00,394.2,394.3,393.65,394.15,49879.0
2026-06-18 10:20:00,394.15,394.5,393.7,394.0,29860.0
2026-06-18 10:25:00,394.0,394.0,393.4,393.5,40006.0
2026-06-18 10:30:00,393.6,393.9,393.1,393.9,51793.0
2026-06-18 10:35:00,393.9,393.9,393.0,393.2,349237.0
2026-06-18 10:40:00,393.15,395.2,392.9,395.0,108534.0
2026-06-18 10:45:00,395.3,399.35,395.0,397.65,459442.0
2026-06-18 10:50:00,397.6,397.95,396.7,396.9,140386.0
2026-06-18 10:55:00,397.0,397.5,396.9,397.3,97654.0
2026-06-18 11:00:00,397.3,397.3,396.55,397.0,48692.0
2026-06-18 11:05:00,397.0,398.5,397.0,398.4,88121.0
2026-06-18 11:10:00,398.4,398.5,397.1,397.2,90479.0
2026-06-18 11:15:00,397.2,397.35,396.35,396.45,80863.0
2026-06-18 11:20:00,396.5,397.0,396.25,396.75,52740.0
2026-06-18 11:25:00,396.7,397.0,396.0,396.95,119700.0
2026-06-18 11:30:00,397.0,398.2,396.8,398.05,79018.0
2026-06-18 11:35:00,398.05,398.9,397.75,398.2,120590.0
2026-06-18 11:40:00,398.2,398.55,397.95,398.2,65941.0
2026-06-18 11:45:00,398.2,398.5,397.8,398.05,137706.0
2026-06-18 11:50:00,398.15,398.2,397.0,397.3,117065.0
2026-06-18 11:55:00,397.2,397.85,397.0,397.7,33600.0
2026-06-18 12:00:00,397.75,400.25,397.45,398.25,357772.0
2026-06-18 12:05:00,398.2,398.5,397.6,398.45,82577.0
2026-06-18 12:10:00,398.45,399.9,398.25,399.7,140246.0
2026-06-18 12:15:00,399.7,401.65,399.35,401.4,440904.0
2026-06-18 12:20:00,401.65,403.45,401.35,402.65,557441.0
2026-06-18 12:25:00,402.75,404.9,402.1,404.15,542883.0
2026-06-18 12:30:00,404.2,404.35,402.6,402.65,330298.0
2026-06-18 12:35:00,402.65,404.2,401.7,404.05,341208.0
2026-06-18 12:40:00,404.05,404.35,402.25,403.6,276621.0
2026-06-18 12:45:00,403.6,403.75,402.75,403.35,183989.0
2026-06-18 12:50:00,403.35,404.35,403.25,404.0,135129.0
2026-06-18 12:55:00,404.0,405.35,404.0,404.65,292840.0
2026-06-18 13:00:00,404.7,405.9,404.4,405.6,215084.0
2026-06-18 13:05:00,405.7,405.7,405.15,405.25,139792.0
2026-06-18 13:10:00,405.4,406.65,405.25,405.9,380947.0
2026-06-18 13:15:00,405.9,406.85,405.7,406.45,163209.0
2026-06-18 13:20:00,406.4,407.45,405.9,406.8,255292.0
2026-06-18 13:25:00,406.8,407.65,405.5,406.5,300271.0
2026-06-18 13:30:00,406.5,406.9,406.1,406.8,151610.0
2026-06-18 13:35:00,406.8,406.9,406.3,406.5,117698.0
2026-06-18 13:40:00,406.5,406.7,405.45,405.6,160497.0
2026-06-18 13:45:00,405.7,406.65,405.6,406.5,110603.0
2026-06-18 13:50:00,406.5,406.75,406.05,406.65,95585.0
2026-06-18 13:55:00,406.6,406.75,406.2,406.35,105208.0
2026-06-18 14:00:00,406.35,406.7,406.1,406.55,123721.0
2026-06-18 14:05:00,406.55,406.6,405.65,405.95,98651.0
2026-06-18 14:10:00,405.95,406.65,405.95,406.35,121137.0
2026-06-18 14:15:00,406.2,407.35,406.0,407.35,214686.0
2026-06-18 14:20:00,407.35,408.5,407.05,408.3,375817.0
2026-06-18 14:25:00,408.4,409.45,407.0,407.0,525450.0
2026-06-18 14:30:00,407.0,407.45,406.3,407.35,223730.0
2026-06-18 14:35:00,407.5,407.5,406.35,406.45,179922.0
2026-06-18 14:40:00,406.65,407.2,406.55,406.8,124575.0
2026-06-18 14:45:00,406.7,406.8,405.5,405.85,192184.0
2026-06-18 14:50:00,405.9,405.95,404.45,404.7,310891.0
2026-06-18 14:55:00,404.75,405.15,404.55,405.15,184879.0
2026-06-18 15:00:00,405.35,406.5,404.5,404.75,287566.0
2026-06-18 15:05:00,404.75,405.85,404.7,405.55,335269.0
2026-06-18 15:10:00,405.75,406.7,405.2,406.5,371483.0
2026-06-18 15:15:00,406.5,406.85,406.25,406.35,432142.0
2026-06-18 15:20:00,406.35,406.8,405.95,406.25,301070.0
2026-06-18 15:25:00,406.25,406.7,405.0,405.0,262747.0
2026-06-19 09:15:00,405.9,408.55,403.85,407.25,633909.0
2026-06-19 09:20:00,406.9,410.4,406.85,409.7,641417.0
2026-06-19 09:25:00,409.75,410.7,409.0,409.35,326431.0
2026-06-19 09:30:00,409.45,410.65,408.65,410.6,491156.0
2026-06-19 09:35:00,410.65,411.4,410.1,410.95,336841.0
2026-06-19 09:40:00,410.95,412.9,410.85,411.7,373933.0
2026-06-19 09:45:00,411.7,412.65,411.55,412.3,238344.0
2026-06-19 09:50:00,412.35,412.65,411.75,412.55,178167.0
2026-06-19 09:55:00,412.55,412.65,410.5,410.6,260107.0
2026-06-19 10:00:00,410.75,411.1,409.55,410.35,273962.0
2026-06-19 10:05:00,410.35,411.0,410.0,410.85,50787.0
2026-06-19 10:10:00,410.75,412.0,410.6,411.9,87783.0
2026-06-19 10:15:00,411.9,412.0,411.0,411.8,102203.0
2026-06-19 10:20:00,411.75,411.9,411.05,411.25,52633.0
2026-06-19 10:25:00,411.1,411.5,411.0,411.2,45375.0
2026-06-19 10:30:00,411.2,411.5,410.9,411.3,51945.0
2026-06-19 10:35:00,411.3,412.6,410.25,411.95,243382.0
2026-06-19 10:40:00,411.9,411.95,411.0,411.3,95920.0
2026-06-19 10:45:00,411.4,411.9,411.05,411.7,100101.0
2026-06-19 10:50:00,411.8,412.2,411.15,411.4,103191.0
2026-06-19 10:55:00,411.4,411.45,410.75,411.0,65019.0
2026-06-19 11:00:00,411.05,411.7,411.0,411.35,34995.0
2026-06-19 11:05:00,411.55,413.1,411.25,413.0,288379.0
2026-06-19 11:10:00,413.1,416.4,412.75,416.2,1019704.0
2026-06-19 11:15:00,416.1,417.4,415.15,417.4,663476.0
2026-06-19 11:20:00,417.45,420.5,417.15,420.15,974891.0
2026-06-19 11:25:00,420.4,422.25,420.0,422.2,2012663.0
2026-06-19 11:30:00,422.2,423.7,420.0,422.1,975973.0
2026-06-19 11:35:00,422.1,422.2,420.4,420.55,288136.0
2026-06-19 11:40:00,420.5,420.95,419.1,419.75,813175.0
2026-06-19 11:45:00,419.8,420.0,418.6,419.15,282457.0
2026-06-19 11:50:00,419.25,419.65,418.95,419.05,94727.0
2026-06-19 11:55:00,419.25,419.95,418.8,419.4,159066.0
2026-06-19 12:00:00,419.6,419.85,418.1,418.2,207861.0
2026-06-19 12:05:00,418.2,419.55,418.1,419.35,203570.0
2026-06-19 12:10:00,419.3,419.5,418.5,418.6,60486.0
2026-06-19 12:15:00,418.8,418.8,417.85,418.1,111441.0
2026-06-19 12:20:00,418.1,418.75,417.9,418.55,61273.0
2026-06-19 12:25:00,418.7,419.15,418.1,418.3,64282.0
2026-06-19 12:30:00,418.3,418.5,418.1,418.2,35303.0
2026-06-19 12:35:00,418.25,418.25,416.5,416.8,219474.0
2026-06-19 12:40:00,416.8,416.95,415.2,415.5,243406.0
2026-06-19 12:45:00,415.5,416.2,415.45,416.0,324433.0
2026-06-19 12:50:00,416.05,416.15,414.35,414.55,679034.0
2026-06-19 12:55:00,414.45,414.55,413.35,413.8,297424.0
2026-06-19 13:00:00,414.2,415.5,414.15,414.7,147297.0
2026-06-19 13:05:00,414.7,415.1,414.4,414.8,69230.0
2026-06-19 13:10:00,414.9,415.0,414.5,414.95,38908.0
2026-06-19 13:15:00,414.95,414.95,414.45,414.5,31790.0
2026-06-19 13:20:00,414.75,414.9,414.3,414.45,25778.0
2026-06-19 13:25:00,414.5,414.95,414.35,414.4,66469.0
2026-06-19 13:30:00,414.45,414.45,413.75,414.3,87188.0
2026-06-19 13:35:00,414.3,414.4,413.75,414.0,57387.0
2026-06-19 13:40:00,414.4,414.55,414.15,414.4,80918.0
2026-06-19 13:45:00,414.4,414.4,413.8,414.05,33085.0
2026-06-19 13:50:00,414.05,414.25,413.0,413.3,106451.0
2026-06-19 13:55:00,413.3,414.2,413.2,414.0,82238.0
2026-06-19 14:00:00,414.0,414.3,413.3,413.75,91194.0
2026-06-19 14:05:00,413.7,414.4,413.7,414.35,96657.0
2026-06-19 14:10:00,414.35,414.4,413.65,413.9,57001.0
2026-06-19 14:15:00,413.95,414.4,413.6,413.75,74782.0
2026-06-19 14:20:00,413.75,413.85,411.4,411.6,307134.0
2026-06-19 14:25:00,411.7,412.35,411.55,412.25,100955.0
2026-06-19 14:30:00,412.25,412.75,412.25,412.55,76233.0
2026-06-19 14:35:00,412.7,413.3,412.4,413.1,125676.0
2026-06-19 14:40:00,413.2,413.35,412.6,412.95,121298.0
2026-06-19 14:45:00,413.0,413.1,412.6,412.6,102807.0
2026-06-19 14:50:00,412.55,412.85,410.7,411.0,228284.0
2026-06-19 14:55:00,410.85,410.95,408.2,409.85,608304.0
2026-06-19 15:00:00,409.9,413.8,409.35,412.95,599418.0
2026-06-19 15:05:00,413.05,414.1,413.05,413.5,302622.0
2026-06-19 15:10:00,413.6,414.0,412.55,412.55,369882.0
2026-06-19 15:15:00,412.75,414.15,412.15,414.05,785466.0
2026-06-19 15:20:00,414.05,414.95,413.9,414.8,576194.0
2026-06-19 15:25:00,414.8,417.15,414.1,417.0,1644519.0
2026-06-22 09:15:00,417.3,420.7,416.45,419.0,641887.0
2026-06-22 09:20:00,419.0,419.35,417.0,418.1,253582.0
2026-06-22 09:25:00,418.1,418.25,416.6,416.7,148499.0
2026-06-22 09:30:00,416.7,416.95,415.0,415.5,191392.0
2026-06-22 09:35:00,415.55,415.55,412.55,413.1,433177.0
2026-06-22 09:40:00,413.15,413.7,412.25,413.25,190812.0
2026-06-22 09:45:00,413.45,413.45,411.35,412.8,204436.0
2026-06-22 09:50:00,412.85,413.0,412.05,412.55,101145.0
2026-06-22 09:55:00,412.35,413.0,412.2,412.3,67787.0
2026-06-22 10:00:00,412.35,412.65,411.85,412.15,32273.0
2026-06-22 10:05:00,412.15,413.9,411.7,413.8,121300.0
2026-06-22 10:10:00,414.25,414.25,413.05,413.4,94308.0
2026-06-22 10:15:00,413.4,414.7,413.4,414.0,73262.0
2026-06-22 10:20:00,414.1,414.1,411.55,411.55,88586.0
2026-06-22 10:25:00,411.5,411.85,409.1,411.3,837715.0
2026-06-22 10:30:00,411.15,411.4,410.35,410.65,151307.0
2026-06-22 10:35:00,410.65,410.75,409.4,409.6,92214.0
2026-06-22 10:40:00,409.45,410.45,409.1,410.15,180847.0
2026-06-22 10:45:00,410.1,410.25,409.25,410.0,78110.0
2026-06-22 10:50:00,409.8,409.9,409.3,409.75,49700.0
2026-06-22 10:55:00,409.8,410.2,409.6,409.8,54984.0
2026-06-22 11:00:00,409.8,409.9,408.55,408.9,406370.0
2026-06-22 11:05:00,408.9,408.95,408.3,408.8,87113.0
2026-06-22 11:10:00,408.85,410.85,408.4,410.85,419922.0
2026-06-22 11:15:00,411.1,412.0,410.95,411.5,189155.0
2026-06-22 11:20:00,411.25,412.45,411.25,412.25,150595.0
2026-06-22 11:25:00,412.05,412.3,411.65,411.9,47369.0
2026-06-22 11:30:00,412.1,412.2,411.85,412.15,28555.0
2026-06-22 11:35:00,412.1,412.15,411.6,411.85,32852.0
2026-06-22 11:40:00,411.95,412.0,411.5,411.75,32087.0
2026-06-22 11:45:00,411.7,412.2,411.4,412.05,42546.0
2026-06-22 11:50:00,412.05,412.2,411.4,411.6,39195.0
2026-06-22 11:55:00,411.6,412.3,411.4,412.25,85215.0
2026-06-22 12:00:00,412.2,412.25,412.0,412.15,16241.0
2026-06-22 12:05:00,412.1,412.15,411.7,411.9,21363.0
2026-06-22 12:10:00,411.85,412.0,411.4,411.6,15955.0
2026-06-22 12:15:00,411.55,411.65,410.75,410.85,53897.0
2026-06-22 12:20:00,410.85,411.65,410.75,411.6,73003.0
2026-06-22 12:25:00,411.7,411.7,410.9,411.2,13705.0
2026-06-22 12:30:00,411.3,411.55,411.1,411.25,19777.0
2026-06-22 12:35:00,411.35,411.55,411.25,411.4,13542.0
2026-06-22 12:40:00,411.5,411.6,411.4,411.55,8633.0
2026-06-22 12:45:00,411.55,411.6,411.2,411.35,17118.0
2026-06-22 12:50:00,411.3,411.55,411.15,411.4,11498.0
2026-06-22 12:55:00,411.25,412.0,411.25,411.8,58776.0
2026-06-22 13:00:00,411.75,414.95,411.7,414.2,401143.0
2026-06-22 13:05:00,414.3,414.5,413.75,413.75,79827.0
2026-06-22 13:10:00,413.75,413.9,413.15,413.6,62158.0
2026-06-22 13:15:00,413.6,413.65,413.2,413.5,53187.0
2026-06-22 13:20:00,413.5,413.95,413.4,413.95,25262.0
2026-06-22 13:25:00,413.95,414.0,413.15,413.4,40640.0
2026-06-22 13:30:00,413.4,413.75,413.25,413.5,27062.0
2026-06-22 13:35:00,413.35,413.75,413.25,413.35,25384.0
2026-06-22 13:40:00,413.5,413.5,412.9,413.5,50495.0
2026-06-22 13:45:00,413.45,413.8,413.35,413.55,34882.0
2026-06-22 13:50:00,413.75,413.75,413.3,413.6,26450.0
2026-06-22 13:55:00,413.6,414.2,413.2,414.0,89922.0
2026-06-22 14:00:00,414.1,414.1,411.0,411.05,230677.0
2026-06-22 14:05:00,411.1,411.3,410.5,410.85,143827.0
2026-06-22 14:10:00,410.85,411.35,410.65,410.8,107497.0
2026-06-22 14:15:00,410.7,411.55,410.55,411.25,116550.0
2026-06-22 14:20:00,411.25,411.35,410.9,411.2,97036.0
2026-06-22 14:25:00,411.2,411.55,410.8,411.35,112210.0
2026-06-22 14:30:00,411.2,411.85,411.0,411.35,109203.0
2026-06-22 14:35:00,411.25,412.25,411.25,412.1,118040.0
2026-06-22 14:40:00,411.9,412.25,411.85,412.2,114103.0
2026-06-22 14:45:00,412.2,412.95,412.0,412.85,173872.0
2026-06-22 14:50:00,412.85,413.5,412.7,413.15,184120.0
2026-06-22 14:55:00,413.15,413.3,412.65,412.85,141462.0
2026-06-22 15:00:00,412.85,413.1,412.1,412.6,184690.0
2026-06-22 15:05:00,412.5,412.6,410.75,410.9,215192.0
2026-06-22 15:10:00,410.9,411.35,410.3,411.3,217333.0
2026-06-22 15:15:00,411.3,411.3,410.75,411.1,252070.0
2026-06-22 15:20:00,411.1,411.65,410.8,411.1,320810.0
2026-06-22 15:25:00,411.0,412.35,411.0,411.85,302823.0
2026-06-23 09:15:00,413.85,414.75,411.15,413.5,377076.0
2026-06-23 09:20:00,413.1,413.4,411.5,412.0,155009.0
2026-06-23 09:25:00,412.1,412.1,411.0,411.2,130216.0
2026-06-23 09:30:00,411.2,411.6,410.3,410.6,104685.0
2026-06-23 09:35:00,410.65,410.8,406.35,406.45,325764.0
2026-06-23 09:40:00,407.25,408.4,406.0,408.35,261315.0
2026-06-23 09:45:00,408.4,411.6,408.0,411.0,235577.0
2026-06-23 09:50:00,411.15,412.3,410.4,410.6,158385.0
2026-06-23 09:55:00,410.8,414.0,410.6,413.6,196994.0
2026-06-23 10:00:00,413.75,413.8,412.8,413.25,111677.0
2026-06-23 10:05:00,413.35,413.35,412.5,412.5,48445.0
2026-06-23 10:10:00,412.7,412.8,412.0,412.05,35429.0
2026-06-23 10:15:00,412.2,412.25,411.5,412.2,58787.0
2026-06-23 10:20:00,412.15,412.25,411.15,411.15,27584.0
2026-06-23 10:25:00,411.15,411.2,410.6,410.8,55513.0
2026-06-23 10:30:00,410.9,411.2,409.45,410.85,205167.0
2026-06-23 10:35:00,410.7,411.4,410.3,410.85,50011.0
2026-06-23 10:40:00,410.85,411.2,409.5,409.55,114435.0
2026-06-23 10:45:00,409.7,410.0,409.45,409.75,30274.0
2026-06-23 10:50:00,409.85,410.35,409.45,410.2,69933.0
2026-06-23 10:55:00,410.2,410.7,409.65,409.7,55567.0
2026-06-23 11:00:00,409.65,410.4,409.5,410.4,56606.0
2026-06-23 11:05:00,410.4,410.85,410.05,410.5,42838.0
2026-06-23 11:10:00,410.7,410.7,410.3,410.5,27652.0
2026-06-23 11:15:00,410.5,410.65,410.3,410.3,22520.0
2026-06-23 11:20:00,410.3,410.45,409.1,409.55,56004.0
2026-06-23 11:25:00,409.55,409.95,409.25,409.8,23299.0
2026-06-23 11:30:00,409.9,410.2,409.45,409.55,24824.0
2026-06-23 11:35:00,409.55,409.9,409.0,409.0,46985.0
2026-06-23 11:40:00,409.25,409.25,408.0,408.3,266592.0
2026-06-23 11:45:00,408.25,408.3,407.05,407.5,100843.0
2026-06-23 11:50:00,407.45,407.5,406.55,407.25,72628.0
2026-06-23 11:55:00,407.25,407.25,404.2,404.65,209423.0
2026-06-23 12:00:00,404.65,404.95,403.2,403.5,161168.0
2026-06-23 12:05:00,403.55,404.0,403.25,403.95,69959.0
2026-06-23 12:10:00,404.0,404.0,402.55,403.5,101293.0
2026-06-23 12:15:00,403.5,404.0,403.0,403.3,54332.0
2026-06-23 12:20:00,403.25,403.25,402.25,403.0,66532.0
2026-06-23 12:25:00,403.15,405.25,403.05,404.85,79236.0
2026-06-23 12:30:00,404.85,404.95,404.2,404.35,53906.0
2026-06-23 12:35:00,404.45,404.9,404.2,404.5,40740.0
2026-06-23 12:40:00,404.6,404.85,403.15,403.4,131633.0
2026-06-23 12:45:00,403.4,403.8,403.0,403.2,40409.0
2026-06-23 12:50:00,403.35,403.75,402.55,402.85,26129.0
2026-06-23 12:55:00,402.95,403.35,402.55,403.05,26408.0
2026-06-23 13:00:00,403.15,403.35,402.7,403.35,32888.0
2026-06-23 13:05:00,403.35,404.0,402.9,402.9,63481.0
2026-06-23 13:10:00,402.85,402.9,401.4,401.55,167466.0
2026-06-23 13:15:00,401.6,401.65,399.35,400.0,249331.0
2026-06-23 13:20:00,400.15,400.75,400.0,400.4,119124.0
2026-06-23 13:25:00,400.45,400.55,397.75,399.0,237264.0
2026-06-23 13:30:00,399.0,399.05,397.7,398.2,152519.0
2026-06-23 13:35:00,398.0,399.6,398.0,399.25,152608.0
2026-06-23 13:40:00,399.25,401.2,399.0,400.7,187286.0
2026-06-23 13:45:00,400.9,401.2,400.4,400.5,132642.0
2026-06-23 13:50:00,400.6,400.65,399.2,399.55,125007.0
2026-06-23 13:55:00,399.85,399.85,399.0,399.05,97469.0
2026-06-23 14:00:00,399.3,400.7,398.7,400.4,264941.0
2026-06-23 14:05:00,400.75,401.3,400.05,400.35,157116.0
2026-06-23 14:10:00,400.55,402.0,400.35,401.75,164290.0
2026-06-23 14:15:00,401.75,401.8,400.85,401.0,140684.0
2026-06-23 14:20:00,401.1,401.5,400.5,400.65,132202.0
2026-06-23 14:25:00,400.6,400.8,399.95,400.05,136110.0
2026-06-23 14:30:00,400.2,400.7,399.95,400.05,119142.0
2026-06-23 14:35:00,400.1,400.4,399.55,399.8,109673.0
2026-06-23 14:40:00,399.65,400.7,399.3,400.3,120744.0
2026-06-23 14:45:00,400.4,400.8,399.75,400.25,148467.0
2026-06-23 14:50:00,400.25,401.2,399.8,401.0,147849.0
2026-06-23 14:55:00,401.0,401.5,400.8,400.95,189746.0
2026-06-23 15:00:00,401.35,401.65,399.1,399.8,352218.0
2026-06-23 15:05:00,399.75,400.7,399.75,399.9,232438.0
2026-06-23 15:10:00,399.9,400.2,399.25,399.7,219237.0
2026-06-23 15:15:00,399.7,399.85,399.15,399.75,231109.0
2026-06-23 15:20:00,399.75,400.15,399.2,399.85,291755.0
2026-06-23 15:25:00,399.35,400.6,399.35,400.4,237551.0
2026-06-24 09:15:00,401.1,404.95,400.3,404.5,335330.0
2026-06-24 09:20:00,404.5,405.5,404.05,405.35,276665.0
2026-06-24 09:25:00,405.6,406.8,404.45,404.85,236878.0
2026-06-24 09:30:00,404.85,405.55,404.25,404.3,110852.0
2026-06-24 09:35:00,404.45,404.95,401.8,402.15,220334.0
2026-06-24 09:40:00,402.05,402.1,400.35,401.75,144946.0
2026-06-24 09:45:00,401.7,401.9,398.8,399.05,151144.0
2026-06-24 09:50:00,399.0,401.4,398.95,401.25,92168.0
2026-06-24 09:55:00,401.35,402.6,401.3,401.6,98723.0
2026-06-24 10:00:00,401.6,403.95,401.6,403.9,109771.0
2026-06-24 10:05:00,403.8,403.9,402.75,403.0,67839.0
2026-06-24 10:10:00,402.95,404.5,402.55,403.2,132883.0
2026-06-24 10:15:00,403.15,403.85,402.75,403.05,68191.0
2026-06-24 10:20:00,403.15,403.65,402.9,403.3,48071.0
2026-06-24 10:25:00,403.25,403.7,402.85,403.05,75361.0
2026-06-24 10:30:00,403.15,403.7,402.8,403.65,56502.0
2026-06-24 10:35:00,403.7,404.2,403.35,404.05,88580.0
2026-06-24 10:40:00,404.15,405.85,404.0,405.85,186785.0
2026-06-24 10:45:00,405.9,406.7,405.7,406.5,187237.0
2026-06-24 10:50:00,406.45,406.8,405.15,405.2,113379.0
2026-06-24 10:55:00,405.3,406.8,405.3,406.8,78079.0
2026-06-24 11:00:00,406.8,408.0,406.65,406.65,192555.0
2026-06-24 11:05:00,406.7,406.9,405.85,406.7,100587.0
2026-06-24 11:10:00,406.7,406.9,405.05,405.6,88397.0
2026-06-24 11:15:00,405.65,406.0,405.1,405.35,89281.0
2026-06-24 11:20:00,405.5,405.95,405.15,405.25,67265.0
2026-06-24 11:25:00,405.25,405.75,405.1,405.65,60219.0
2026-06-24 11:30:00,405.65,405.7,404.85,405.5,90483.0
2026-06-24 11:35:00,405.5,406.6,405.35,406.6,51826.0
2026-06-24 11:40:00,406.5,406.6,405.75,406.15,64618.0
2026-06-24 11:45:00,406.15,406.5,405.1,405.7,44387.0
2026-06-24 11:50:00,405.7,406.0,405.2,405.55,49096.0
2026-06-24 11:55:00,405.7,406.3,405.55,406.15,33332.0
2026-06-24 12:00:00,406.15,406.95,406.1,406.5,72322.0
2026-06-24 12:05:00,406.5,406.6,406.05,406.15,33329.0
2026-06-24 12:10:00,406.15,406.7,405.6,405.8,239214.0
2026-06-24 12:15:00,405.7,406.7,405.25,406.25,205130.0
2026-06-24 12:20:00,406.1,406.65,404.55,404.8,223685.0
2026-06-24 12:25:00,404.75,405.25,404.55,404.75,81070.0
2026-06-24 12:30:00,404.65,404.75,403.35,404.0,93414.0
2026-06-24 12:35:00,404.0,404.0,403.6,404.0,73984.0
2026-06-24 12:40:00,404.0,404.35,403.8,404.35,164591.0
2026-06-24 12:45:00,404.4,404.75,403.8,403.85,70631.0
2026-06-24 12:50:00,403.95,404.0,403.2,403.25,185517.0
2026-06-24 12:55:00,403.35,403.9,403.25,403.6,50383.0
2026-06-24 13:00:00,403.6,404.2,403.55,404.1,140810.0
2026-06-24 13:05:00,403.75,404.0,403.75,404.0,111412.0
2026-06-24 13:10:00,404.0,404.75,403.8,404.2,279176.0
2026-06-24 13:15:00,404.25,405.55,404.1,405.05,113937.0
2026-06-24 13:20:00,405.05,405.2,404.0,404.2,127711.0
2026-06-24 13:25:00,404.3,404.5,401.15,402.3,194718.0
2026-06-24 13:30:00,402.3,403.65,402.3,403.45,188330.0
2026-06-24 13:35:00,403.45,403.75,402.5,402.7,94843.0
2026-06-24 13:40:00,402.7,403.3,402.6,403.1,109035.0
2026-06-24 13:45:00,403.0,403.9,403.0,403.75,131234.0
2026-06-24 13:50:00,403.55,403.95,403.55,403.8,55598.0
2026-06-24 13:55:00,403.7,404.0,403.35,403.65,90178.0
2026-06-24 14:00:00,403.65,403.75,402.9,403.0,168239.0
2026-06-24 14:05:00,403.1,403.6,402.65,403.35,168427.0
2026-06-24 14:10:00,403.25,403.95,403.15,403.8,54106.0
2026-06-24 14:15:00,403.8,404.0,403.5,403.9,57645.0
2026-06-24 14:20:00,404.0,404.0,403.7,404.0,133572.0
2026-06-24 14:25:00,404.0,404.0,403.5,403.75,83371.0
2026-06-24 14:30:00,403.8,403.9,403.1,403.75,88653.0
2026-06-24 14:35:00,403.9,403.95,403.4,403.75,81450.0
2026-06-24 14:40:00,403.75,403.95,403.2,403.5,88693.0
2026-06-24 14:45:00,403.55,403.65,402.8,403.3,86781.0
2026-06-24 14:50:00,403.35,403.9,403.3,403.8,90987.0
2026-06-24 14:55:00,403.8,404.0,403.65,403.8,78657.0
2026-06-24 15:00:00,403.7,404.0,403.0,403.3,398984.0
2026-06-24 15:05:00,403.35,403.45,402.8,403.4,133557.0
2026-06-24 15:10:00,403.45,403.45,402.55,402.65,150995.0
2026-06-24 15:15:00,402.7,402.7,401.65,401.65,193232.0
2026-06-24 15:20:00,401.65,402.2,401.5,402.05,219883.0
2026-06-24 15:25:00,401.85,402.7,401.8,401.8,141925.0
2026-06-25 09:15:00,404.7,406.4,403.7,404.8,217694.0
2026-06-25 09:20:00,404.95,405.25,404.05,404.75,71145.0
2026-06-25 09:25:00,405.0,405.0,403.15,404.75,57643.0
2026-06-25 09:30:00,404.95,405.25,403.8,405.25,57705.0
2026-06-25 09:35:00,405.25,405.8,404.35,405.1,96344.0
2026-06-25 09:40:00,405.2,406.0,404.4,404.6,88216.0
2026-06-25 09:45:00,404.55,404.7,402.2,403.95,146547.0
2026-06-25 09:50:00,403.95,404.6,403.45,403.75,56872.0
2026-06-25 09:55:00,403.8,404.25,403.2,403.9,61572.0
2026-06-25 10:00:00,404.0,404.0,403.05,403.2,43048.0
2026-06-25 10:05:00,403.2,403.7,402.75,403.05,70526.0
2026-06-25 10:10:00,403.2,403.45,402.8,403.45,34398.0
2026-06-25 10:15:00,403.4,404.05,403.25,403.65,22947.0
2026-06-25 10:20:00,403.75,404.25,403.5,404.1,45200.0
2026-06-25 10:25:00,404.1,404.1,402.8,402.85,39530.0
2026-06-25 10:30:00,403.0,403.9,402.8,403.8,31838.0
2026-06-25 10:35:00,403.9,405.8,403.8,405.1,150638.0
2026-06-25 10:40:00,405.15,405.4,404.8,405.05,27366.0
2026-06-25 10:45:00,405.2,405.2,404.35,404.6,15977.0
2026-06-25 10:50:00,404.65,404.65,403.5,403.9,27642.0
2026-06-25 10:55:00,403.9,404.35,403.6,404.0,9892.0
2026-06-25 11:00:00,404.2,405.0,403.8,404.7,42905.0
2026-06-25 11:05:00,404.65,405.25,404.5,404.7,40866.0
2026-06-25 11:10:00,404.7,405.05,404.35,404.8,11104.0
2026-06-25 11:15:00,405.0,405.2,404.75,404.9,11064.0
2026-06-25 11:20:00,404.9,405.0,404.2,404.45,20851.0
2026-06-25 11:25:00,404.5,404.9,404.05,404.5,11045.0
2026-06-25 11:30:00,404.5,404.6,403.7,404.1,18119.0
2026-06-25 11:35:00,403.9,404.2,403.75,404.05,12124.0
2026-06-25 11:40:00,404.2,404.25,403.65,403.85,20628.0
2026-06-25 11:45:00,403.9,404.05,402.85,403.35,50109.0
2026-06-25 11:50:00,403.35,403.9,403.0,403.7,98321.0
2026-06-25 11:55:00,403.55,404.35,403.55,403.9,36166.0
2026-06-25 12:00:00,404.0,404.45,403.7,404.45,18952.0
2026-06-25 12:05:00,404.4,405.0,404.35,404.8,51373.0
2026-06-25 12:10:00,404.8,405.0,404.25,404.45,20932.0
2026-06-25 12:15:00,404.4,404.7,404.15,404.35,33222.0
2026-06-25 12:20:00,404.35,404.65,404.05,404.35,55453.0
2026-06-25 12:25:00,404.35,404.55,404.0,404.3,100052.0
2026-06-25 12:30:00,404.3,404.3,402.6,402.8,107373.0
2026-06-25 12:35:00,402.85,404.35,402.35,404.25,141723.0
2026-06-25 12:40:00,404.3,404.35,402.8,403.0,92141.0
2026-06-25 12:45:00,403.0,403.75,402.8,403.4,128982.0
2026-06-25 12:50:00,403.2,403.65,403.0,403.05,71015.0
2026-06-25 12:55:00,403.05,403.6,401.65,403.4,213039.0
2026-06-25 13:00:00,403.4,405.9,403.0,405.8,171696.0
2026-06-25 13:05:00,405.9,406.8,405.25,405.7,168735.0
2026-06-25 13:10:00,405.75,406.05,405.25,405.55,90589.0
2026-06-25 13:15:00,405.4,406.7,405.4,406.45,93823.0
2026-06-25 13:20:00,406.45,408.3,406.25,407.4,148067.0
2026-06-25 13:25:00,407.55,407.55,406.35,406.8,74201.0
2026-06-25 13:30:00,406.8,407.0,406.2,406.35,38091.0
2026-06-25 13:35:00,406.3,406.95,405.9,406.85,86731.0
2026-06-25 13:40:00,406.95,407.2,406.8,406.95,53615.0
2026-06-25 13:45:00,407.0,407.6,406.95,407.35,58633.0
2026-06-25 13:50:00,407.45,407.5,406.4,406.4,77320.0
2026-06-25 13:55:00,406.45,406.7,405.55,405.8,127522.0
2026-06-25 14:00:00,405.65,405.7,404.1,404.25,198018.0
2026-06-25 14:05:00,404.35,404.4,403.25,403.8,113726.0
2026-06-25 14:10:00,403.8,403.9,403.2,403.45,90241.0
2026-06-25 14:15:00,403.55,403.6,402.8,403.1,147726.0
2026-06-25 14:20:00,403.05,403.55,402.9,403.55,104575.0
2026-06-25 14:25:00,403.55,404.2,403.1,404.1,119317.0
2026-06-25 14:30:00,404.05,404.6,403.8,404.4,120990.0
2026-06-25 14:35:00,404.6,405.8,404.45,404.45,174423.0
2026-06-25 14:40:00,404.55,404.6,402.9,403.25,208726.0
2026-06-25 14:45:00,403.05,404.05,402.6,403.0,252977.0
2026-06-25 14:50:00,403.0,405.65,402.85,405.2,592831.0
2026-06-25 14:55:00,405.15,405.3,403.95,404.45,429262.0
2026-06-25 15:00:00,404.5,404.5,403.3,403.85,345599.0
2026-06-25 15:05:00,403.9,403.9,403.2,403.25,365358.0
2026-06-25 15:10:00,403.25,403.5,402.25,402.45,347372.0
2026-06-25 15:15:00,402.6,402.6,401.6,401.9,345050.0
2026-06-25 15:20:00,401.7,402.3,401.1,402.15,333151.0
2026-06-25 15:25:00,402.2,402.7,401.6,402.0,332129.0
2026-06-29 09:15:00,402.7,405.15,400.45,400.7,334497.0
2026-06-29 09:20:00,400.45,400.7,398.6,398.7,171461.0
2026-06-29 09:25:00,398.7,399.85,397.65,398.65,190915.0
2026-06-29 09:30:00,398.7,398.75,396.05,397.15,265126.0
2026-06-29 09:35:00,397.25,397.95,396.25,397.5,123414.0
2026-06-29 09:40:00,397.45,398.25,397.0,397.65,89414.0
2026-06-29 09:45:00,397.7,398.0,394.25,394.3,238470.0
2026-06-29 09:50:00,394.4,396.7,393.85,396.05,208627.0
2026-06-29 09:55:00,396.2,396.7,395.15,396.4,193933.0
2026-06-29 10:00:00,396.5,399.15,396.5,399.05,446764.0
2026-06-29 10:05:00,399.05,401.1,398.65,400.65,318026.0
2026-06-29 10:10:00,400.5,400.9,399.95,400.0,108399.0
2026-06-29 10:15:00,399.95,400.0,398.4,398.55,125245.0
2026-06-29 10:20:00,398.55,398.8,398.15,398.35,58222.0
2026-06-29 10:25:00,398.4,400.75,398.3,400.5,124176.0
2026-06-29 10:30:00,400.45,400.95,399.15,400.45,144883.0
2026-06-29 10:35:00,400.35,400.7,399.3,400.25,107120.0
2026-06-29 10:40:00,400.25,401.85,400.0,401.65,134100.0
2026-06-29 10:45:00,401.6,401.85,401.2,401.75,108501.0
2026-06-29 10:50:00,401.7,401.75,400.4,400.6,96052.0
2026-06-29 10:55:00,400.5,401.4,400.5,401.3,70209.0
2026-06-29 11:00:00,401.3,402.35,401.0,402.25,144878.0
2026-06-29 11:05:00,402.3,405.1,401.6,405.1,262351.0
2026-06-29 11:10:00,405.15,405.8,404.3,404.65,250374.0
2026-06-29 11:15:00,404.85,406.45,404.65,406.45,172381.0
2026-06-29 11:20:00,406.5,407.5,406.3,406.7,250507.0
2026-06-29 11:25:00,406.8,407.4,406.35,406.9,221542.0
2026-06-29 11:30:00,406.9,407.05,405.35,405.5,231339.0
2026-06-29 11:35:00,405.55,407.35,405.45,407.25,218270.0
2026-06-29 11:40:00,407.35,409.15,407.35,408.15,357423.0
2026-06-29 11:45:00,408.35,409.2,407.85,408.65,228142.0
2026-06-29 11:50:00,408.65,409.3,407.8,408.1,254074.0
2026-06-29 11:55:00,408.3,408.3,406.8,407.3,200050.0
2026-06-29 12:00:00,407.3,408.85,407.3,408.7,209700.0
2026-06-29 12:05:00,408.85,408.9,407.0,407.0,213590.0
2026-06-29 12:10:00,407.1,408.1,406.4,407.0,250722.0
2026-06-29 12:15:00,407.15,407.4,405.5,406.1,351663.0
2026-06-29 12:20:00,406.25,407.55,406.1,407.0,230732.0
2026-06-29 12:25:00,407.05,407.2,405.0,406.65,411808.0
2026-06-29 12:30:00,407.0,407.95,406.65,407.75,469160.0
2026-06-29 12:35:00,407.95,408.7,407.55,408.25,340575.0
2026-06-29 12:40:00,408.35,408.95,408.1,408.8,339796.0
2026-06-29 12:45:00,408.9,409.9,408.6,409.0,418466.0
2026-06-29 12:50:00,409.1,410.8,408.95,410.75,495233.0
2026-06-29 12:55:00,410.7,411.8,410.05,411.4,517746.0
2026-06-29 13:00:00,411.4,411.6,409.55,409.85,298740.0
2026-06-29 13:05:00,409.7,412.0,409.7,411.1,247291.0
2026-06-29 13:10:00,411.15,411.6,410.65,411.45,225396.0
2026-06-29 13:15:00,411.45,411.55,410.6,410.8,201642.0
2026-06-29 13:20:00,410.75,411.0,410.35,410.9,188669.0
2026-06-29 13:25:00,410.9,411.2,410.35,410.9,218039.0
2026-06-29 13:30:00,410.9,410.95,410.0,410.2,211954.0
2026-06-29 13:35:00,410.35,412.4,409.9,412.2,381189.0
2026-06-29 13:40:00,412.3,412.9,412.0,412.8,346587.0
2026-06-29 13:45:00,412.75,412.95,412.25,412.25,320419.0
2026-06-29 13:50:00,412.25,412.45,409.25,410.45,508849.0
2026-06-29 13:55:00,410.2,410.45,409.5,410.1,342453.0
2026-06-29 14:00:00,410.1,410.45,407.65,408.5,486433.0
2026-06-29 14:05:00,408.5,410.0,408.2,409.15,330746.0
2026-06-29 14:10:00,409.2,410.05,408.75,410.05,313641.0
2026-06-29 14:15:00,410.0,410.1,408.15,408.6,430203.0
2026-06-29 14:20:00,408.65,410.15,408.25,409.75,365698.0
2026-06-29 14:25:00,409.75,410.2,409.35,409.5,321617.0
2026-06-29 14:30:00,409.55,410.35,409.55,409.9,290173.0
2026-06-29 14:35:00,409.9,410.3,409.3,409.8,347929.0
2026-06-29 14:40:00,409.85,410.05,408.85,408.85,368085.0
2026-06-29 14:45:00,408.8,408.8,405.85,407.05,459333.0
2026-06-29 14:50:00,407.15,409.75,407.15,409.45,708254.0
2026-06-29 14:55:00,409.5,410.25,408.85,409.5,854870.0
2026-06-29 15:00:00,409.5,414.1,409.5,411.75,5020113.0
2026-06-29 15:05:00,412.0,414.4,412.0,413.45,4473785.0
2026-06-29 15:10:00,413.45,413.5,412.45,413.4,3879473.0
2026-06-29 15:15:00,413.4,416.4,413.35,415.2,4877294.0
2026-06-29 15:20:00,415.15,416.0,413.25,414.3,4749521.0
2026-06-29 15:25:00,414.35,415.6,412.55,413.9,2786915.0
2026-06-30 09:15:00,414.55,415.7,411.8,412.65,711614.0
2026-06-30 09:20:00,412.9,415.65,412.65,413.35,342688.0
2026-06-30 09:25:00,413.35,414.5,412.85,413.75,131601.0
2026-06-30 09:30:00,413.75,413.8,413.0,413.2,118005.0
2026-06-30 09:35:00,413.2,413.95,413.0,413.55,104980.0
2026-06-30 09:40:00,413.5,417.4,413.5,416.6,423340.0
2026-06-30 09:45:00,416.6,417.25,416.0,417.2,201094.0
2026-06-30 09:50:00,417.25,419.4,415.9,418.8,594102.0
2026-06-30 09:55:00,418.8,418.85,417.35,418.0,206481.0
2026-06-30 10:00:00,417.9,418.1,417.3,417.95,135883.0
2026-06-30 10:05:00,417.95,418.7,416.7,416.8,181581.0
2026-06-30 10:10:00,416.9,417.75,416.7,417.35,64621.0
2026-06-30 10:15:00,417.2,417.8,417.15,417.35,62335.0
2026-06-30 10:20:00,417.3,418.0,417.0,417.8,65282.0
2026-06-30 10:25:00,418.0,418.0,416.2,416.4,87582.0
2026-06-30 10:30:00,416.4,417.15,416.3,416.95,71344.0
2026-06-30 10:35:00,417.0,417.0,416.4,416.55,39068.0
2026-06-30 10:40:00,416.55,416.6,416.0,416.15,47201.0
2026-06-30 10:45:00,416.15,416.35,416.0,416.2,33331.0
2026-06-30 10:50:00,416.25,416.55,416.15,416.3,31784.0
2026-06-30 10:55:00,416.1,416.25,415.3,415.5,138293.0
2026-06-30 11:00:00,415.45,415.95,415.05,415.2,55990.0
2026-06-30 11:05:00,415.2,415.65,415.05,415.45,77757.0
2026-06-30 11:10:00,415.45,416.0,415.3,415.9,58651.0
2026-06-30 11:15:00,415.9,416.0,414.6,415.2,116946.0
2026-06-30 11:20:00,415.15,415.4,414.55,415.25,55862.0
2026-06-30 11:25:00,415.25,415.45,414.75,415.1,83386.0
2026-06-30 11:30:00,415.1,415.55,415.0,415.2,41047.0
2026-06-30 11:35:00,415.4,415.9,414.9,415.75,107907.0
2026-06-30 11:40:00,415.55,415.75,414.4,414.55,71380.0
2026-06-30 11:45:00,414.55,414.95,414.5,414.6,47825.0
2026-06-30 11:50:00,414.75,415.4,414.55,415.35,34893.0
2026-06-30 11:55:00,415.25,415.8,415.1,415.5,62338.0
2026-06-30 12:00:00,415.5,417.4,415.2,417.1,86192.0
2026-06-30 12:05:00,417.15,419.9,416.8,419.45,443093.0
2026-06-30 12:10:00,419.5,419.5,418.4,418.9,162717.0
2026-06-30 12:15:00,418.75,419.0,418.15,418.5,100067.0
2026-06-30 12:20:00,418.5,418.6,418.0,418.4,66479.0
2026-06-30 12:25:00,418.4,418.6,418.1,418.35,52722.0
2026-06-30 12:30:00,418.35,419.2,418.35,418.9,93321.0
2026-06-30 12:35:00,419.0,419.7,417.7,419.65,169204.0
2026-06-30 12:40:00,419.65,420.0,414.8,415.0,2269231.0
2026-06-30 12:45:00,415.0,415.3,412.4,412.4,686229.0
2026-06-30 12:50:00,412.55,413.95,412.5,413.6,253018.0
2026-06-30 12:55:00,413.75,414.95,413.05,414.8,138038.0
2026-06-30 13:00:00,414.8,414.8,413.75,413.9,78526.0
2026-06-30 13:05:00,414.0,414.5,413.55,414.45,48601.0
2026-06-30 13:10:00,414.45,414.75,413.75,414.5,54114.0
2026-06-30 13:15:00,414.45,414.75,414.2,414.2,40092.0
2026-06-30 13:20:00,414.25,414.75,413.8,414.0,54907.0
2026-06-30 13:25:00,413.9,414.65,413.8,414.6,51425.0
2026-06-30 13:30:00,414.6,414.7,414.25,414.7,34601.0
2026-06-30 13:35:00,414.7,414.7,414.35,414.5,19354.0
2026-06-30 13:40:00,414.5,415.15,413.05,413.05,311926.0
2026-06-30 13:45:00,413.05,414.0,412.75,413.1,258648.0
2026-06-30 13:50:00,412.95,413.25,412.5,413.0,215225.0
2026-06-30 13:55:00,413.0,413.2,412.7,412.95,87952.0
2026-06-30 14:00:00,412.95,413.15,411.75,412.05,178313.0
2026-06-30 14:05:00,412.2,413.45,412.0,413.2,146495.0
2026-06-30 14:10:00,413.2,413.95,412.65,413.7,137125.0
2026-06-30 14:15:00,413.75,414.0,413.35,413.4,222923.0
2026-06-30 14:20:00,413.4,414.0,413.15,414.0,157557.0
2026-06-30 14:25:00,413.95,414.0,413.45,413.6,506574.0
2026-06-30 14:30:00,413.7,413.75,413.05,413.25,142245.0
2026-06-30 14:35:00,413.4,413.6,412.8,413.25,155848.0
2026-06-30 14:40:00,413.3,413.85,413.05,413.65,91722.0
2026-06-30 14:45:00,413.65,414.0,413.5,414.0,195521.0
2026-06-30 14:50:00,414.0,414.0,413.5,414.0,950154.0
2026-06-30 14:55:00,414.0,414.0,413.35,413.65,781008.0
2026-06-30 15:00:00,413.65,413.65,412.2,412.8,403933.0
2026-06-30 15:05:00,412.8,413.35,412.55,413.25,330941.0
2026-06-30 15:10:00,413.2,413.3,412.0,413.05,821279.0
2026-06-30 15:15:00,413.1,414.3,412.85,414.15,963317.0
2026-06-30 15:20:00,414.35,415.95,413.85,415.55,1061913.0
2026-06-30 15:25:00,415.55,418.0,415.3,418.0,806968.0
2026-07-01 09:15:00,416.1,417.85,414.75,415.1,267616.0
2026-07-01 09:20:00,415.2,415.2,413.8,413.85,156176.0
2026-07-01 09:25:00,414.05,414.05,411.8,412.6,185380.0
2026-07-01 09:30:00,412.45,414.95,412.25,414.3,246192.0
2026-07-01 09:35:00,414.8,416.45,414.75,416.05,204465.0
2026-07-01 09:40:00,416.15,416.4,415.7,416.15,82199.0
2026-07-01 09:45:00,416.15,416.9,415.85,416.2,124166.0
2026-07-01 09:50:00,416.2,416.45,414.25,415.3,188204.0
2026-07-01 09:55:00,415.3,415.85,414.4,414.9,178168.0
2026-07-01 10:00:00,414.9,419.0,414.8,417.8,493592.0
2026-07-01 10:05:00,417.8,417.8,416.85,417.6,63405.0
2026-07-01 10:10:00,417.55,418.75,417.05,418.45,128716.0
2026-07-01 10:15:00,418.45,419.95,418.25,418.95,232912.0
2026-07-01 10:20:00,418.95,419.0,418.6,418.95,57704.0
2026-07-01 10:25:00,418.95,420.5,418.2,420.15,287061.0
2026-07-01 10:30:00,420.3,422.4,419.75,419.75,539381.0
2026-07-01 10:35:00,419.75,420.2,417.7,418.25,203948.0
2026-07-01 10:40:00,418.3,418.4,417.4,418.25,156774.0
2026-07-01 10:45:00,418.2,419.7,418.05,419.5,91762.0
2026-07-01 10:50:00,419.6,419.9,418.95,418.95,98497.0
2026-07-01 10:55:00,418.9,419.05,418.3,418.7,44722.0
2026-07-01 11:00:00,418.7,419.0,418.55,418.8,49192.0
2026-07-01 11:05:00,418.6,418.9,418.1,418.2,36754.0
2026-07-01 11:10:00,418.2,419.55,418.1,419.25,41364.0
2026-07-01 11:15:00,419.25,419.45,418.8,418.9,30864.0
2026-07-01 11:20:00,419.0,419.0,418.25,418.75,19742.0
2026-07-01 11:25:00,418.6,419.5,418.3,419.05,39856.0
2026-07-01 11:30:00,419.1,420.4,419.0,420.1,238708.0
2026-07-01 11:35:00,420.15,420.3,419.15,419.95,330315.0
2026-07-01 11:40:00,420.0,420.9,419.8,419.8,288002.0
2026-07-01 11:45:00,419.85,419.85,419.3,419.35,68028.0
2026-07-01 11:50:00,419.55,419.7,419.1,419.1,47809.0
2026-07-01 11:55:00,419.2,419.35,418.65,419.15,55292.0
2026-07-01 12:00:00,419.15,419.25,418.3,418.45,45543.0
2026-07-01 12:05:00,418.3,418.75,418.3,418.6,22937.0
2026-07-01 12:10:00,418.55,418.65,418.2,418.2,19158.0
2026-07-01 12:15:00,418.3,418.3,416.6,417.0,114150.0
2026-07-01 12:20:00,417.0,417.35,416.3,416.7,57265.0
2026-07-01 12:25:00,416.7,416.7,415.8,415.9,86571.0
2026-07-01 12:30:00,415.85,417.1,415.85,416.6,64035.0
2026-07-01 12:35:00,416.7,417.45,416.5,417.3,28402.0
2026-07-01 12:40:00,417.45,417.45,415.8,415.85,136167.0
2026-07-01 12:45:00,416.0,416.05,414.55,415.1,148412.0
2026-07-01 12:50:00,415.1,415.2,414.0,414.4,122468.0
2026-07-01 12:55:00,414.35,414.55,414.0,414.0,71469.0
2026-07-01 13:00:00,414.1,414.35,413.15,413.9,172663.0
2026-07-01 13:05:00,413.9,414.4,413.65,414.35,66496.0
2026-07-01 13:10:00,414.3,415.3,413.95,414.35,96304.0
2026-07-01 13:15:00,414.55,414.55,413.65,413.8,110088.0
2026-07-01 13:20:00,413.8,413.9,413.15,413.35,134473.0
2026-07-01 13:25:00,413.45,413.95,413.2,413.85,75802.0
2026-07-01 13:30:00,413.95,413.95,413.45,413.7,64853.0
2026-07-01 13:35:00,413.9,414.65,413.7,414.45,94059.0
2026-07-01 13:40:00,414.45,414.6,413.95,413.95,68964.0
2026-07-01 13:45:00,414.0,414.0,413.05,413.05,68552.0
2026-07-01 13:50:00,413.15,413.7,412.95,413.2,156723.0
2026-07-01 13:55:00,413.35,413.7,413.0,413.25,86850.0
2026-07-01 14:00:00,413.4,413.75,412.8,413.4,101042.0
2026-07-01 14:05:00,413.5,413.8,413.2,413.6,101068.0
2026-07-01 14:10:00,413.7,413.95,413.15,413.95,117362.0
2026-07-01 14:15:00,413.65,413.95,413.5,413.85,68520.0
2026-07-01 14:20:00,413.85,414.4,413.6,413.8,88373.0
2026-07-01 14:25:00,414.0,414.6,413.7,413.75,98458.0
2026-07-01 14:30:00,413.95,414.5,413.7,414.2,96516.0
2026-07-01 14:35:00,414.2,414.4,413.7,413.75,91870.0
2026-07-01 14:40:00,413.85,415.0,413.5,414.75,135635.0
2026-07-01 14:45:00,414.75,414.8,413.95,414.0,93301.0
2026-07-01 14:50:00,414.0,414.45,413.8,414.2,74492.0
2026-07-01 14:55:00,414.3,414.45,413.7,414.0,84605.0
2026-07-01 15:00:00,414.05,414.6,413.75,414.5,168225.0
2026-07-01 15:05:00,414.45,414.5,414.0,414.15,94007.0
2026-07-01 15:10:00,414.15,414.2,413.25,413.35,167349.0
2026-07-01 15:15:00,413.25,413.9,413.05,413.8,248427.0
2026-07-01 15:20:00,413.95,414.3,413.25,414.15,405764.0
2026-07-01 15:25:00,413.85,415.8,413.4,414.3,385206.0
2026-07-02 09:15:00,414.95,415.05,408.3,408.7,620219.0
2026-07-02 09:20:00,408.45,409.0,406.7,407.1,347574.0
2026-07-02 09:25:00,407.0,407.65,405.7,406.65,234212.0
2026-07-02 09:30:00,406.25,406.5,404.15,405.1,302100.0
2026-07-02 09:35:00,404.95,405.75,403.25,403.75,462159.0
2026-07-02 09:40:00,403.7,405.0,403.35,404.15,398839.0
2026-07-02 09:45:00,404.25,405.6,404.0,404.0,189826.0
2026-07-02 09:50:00,404.05,404.85,403.4,404.85,107322.0
2026-07-02 09:55:00,404.85,404.95,403.9,403.9,148115.0
2026-07-02 10:00:00,403.9,404.5,403.65,404.5,64694.0
2026-07-02 10:05:00,404.45,404.55,403.15,404.3,166811.0
2026-07-02 10:10:00,404.25,406.5,404.25,406.25,443019.0
2026-07-02 10:15:00,406.25,408.15,406.05,406.55,294747.0
2026-07-02 10:20:00,406.7,406.75,406.1,406.7,96777.0
2026-07-02 10:25:00,406.7,407.45,406.5,407.45,55369.0
2026-07-02 10:30:00,407.25,408.4,407.15,408.0,116013.0
2026-07-02 10:35:00,407.9,408.5,407.5,408.05,95016.0
2026-07-02 10:40:00,408.15,408.25,407.6,408.05,40022.0
2026-07-02 10:45:00,408.0,408.0,407.6,407.6,25443.0
2026-07-02 10:50:00,407.6,407.6,404.85,405.3,180279.0
2026-07-02 10:55:00,405.35,406.3,405.3,406.2,65831.0
2026-07-02 11:00:00,406.2,406.5,405.05,405.7,77156.0
2026-07-02 11:05:00,405.85,405.95,405.1,405.25,45902.0
2026-07-02 11:10:00,405.1,405.4,404.85,405.3,82535.0
2026-07-02 11:15:00,405.3,405.35,405.0,405.1,66562.0
2026-07-02 11:20:00,405.05,405.05,404.5,404.85,43705.0
2026-07-02 11:25:00,404.8,405.0,404.15,404.2,111379.0
2026-07-02 11:30:00,404.3,404.45,403.1,403.55,159596.0
2026-07-02 11:35:00,403.5,403.75,403.2,403.65,83802.0
2026-07-02 11:40:00,403.6,403.9,402.1,402.25,278947.0
2026-07-02 11:45:00,402.4,402.5,401.85,402.5,257675.0
2026-07-02 11:50:00,402.4,402.5,402.2,402.3,101291.0
2026-07-02 11:55:00,402.2,402.75,402.05,402.45,108433.0
2026-07-02 12:00:00,402.35,402.95,401.9,402.8,155626.0
2026-07-02 12:05:00,402.8,403.55,402.6,403.45,108550.0
2026-07-02 12:10:00,403.2,403.45,402.8,403.0,72633.0
2026-07-02 12:15:00,402.9,403.65,402.7,403.6,105631.0
2026-07-02 12:20:00,403.5,403.6,402.6,402.75,76387.0
2026-07-02 12:25:00,402.7,402.75,402.2,402.5,116207.0
2026-07-02 12:30:00,402.4,402.7,402.2,402.45,78094.0
2026-07-02 12:35:00,402.4,402.7,402.1,402.4,75502.0
2026-07-02 12:40:00,402.4,402.6,401.15,401.35,163488.0
2026-07-02 12:45:00,401.3,401.35,400.6,400.85,181618.0
2026-07-02 12:50:00,400.85,400.95,400.0,400.15,222017.0
2026-07-02 12:55:00,400.2,400.65,399.8,400.4,156273.0
2026-07-02 13:00:00,400.4,401.65,400.0,401.4,138044.0
2026-07-02 13:05:00,401.4,403.0,401.4,402.3,231463.0
2026-07-02 13:10:00,402.2,402.85,402.0,402.4,107079.0
2026-07-02 13:15:00,402.3,403.0,402.3,402.35,117139.0
2026-07-02 13:20:00,402.35,402.95,402.15,402.55,159864.0
2026-07-02 13:25:00,402.55,402.7,401.2,401.25,81974.0
2026-07-02 13:30:00,401.25,402.95,401.0,402.6,158717.0
2026-07-02 13:35:00,402.55,402.7,401.9,402.45,117799.0
2026-07-02 13:40:00,402.45,403.4,402.3,402.95,137514.0
2026-07-02 13:45:00,402.95,403.4,402.5,403.25,103373.0
2026-07-02 13:50:00,403.25,403.35,402.55,403.0,251337.0
2026-07-02 13:55:00,403.05,403.35,402.9,403.3,92025.0
2026-07-02 14:00:00,403.25,403.5,403.05,403.1,131249.0
2026-07-02 14:05:00,403.15,403.2,402.9,402.9,81933.0
2026-07-02 14:10:00,402.95,403.0,402.6,402.65,102176.0
2026-07-02 14:15:00,402.65,402.85,402.5,402.8,65413.0
2026-07-02 14:20:00,402.8,403.2,402.75,403.0,71863.0
2026-07-02 14:25:00,403.05,403.05,402.45,402.45,90767.0
2026-07-02 14:30:00,402.5,402.7,401.9,401.9,96519.0
2026-07-02 14:35:00,402.0,402.45,401.7,402.1,104372.0
2026-07-02 14:40:00,402.2,402.25,401.8,402.2,69706.0
2026-07-02 14:45:00,402.1,402.75,402.0,402.5,113345.0
2026-07-02 14:50:00,402.45,402.7,402.1,402.45,72678.0
2026-07-02 14:55:00,402.45,402.8,402.25,402.4,113918.0
2026-07-02 15:00:00,402.5,402.5,401.45,401.9,284234.0
2026-07-02 15:05:00,401.85,402.5,401.85,402.5,171082.0
2026-07-02 15:10:00,402.4,402.55,402.1,402.3,231114.0
2026-07-02 15:15:00,402.4,402.55,401.15,401.65,363388.0
2026-07-02 15:20:00,401.6,402.15,401.55,401.7,356395.0
2026-07-02 15:25:00,401.75,402.5,401.5,402.5,317609.0
2026-07-03 09:15:00,402.0,402.0,390.65,394.25,1394019.0
2026-07-03 09:20:00,394.2,394.2,388.4,393.4,1392847.0
2026-07-03 09:25:00,393.3,396.75,393.3,395.45,826334.0
2026-07-03 09:30:00,395.75,401.25,395.0,401.0,1190008.0
2026-07-03 09:35:00,401.25,402.4,399.2,400.45,438190.0
2026-07-03 09:40:00,400.3,401.45,399.6,400.25,223840.0
2026-07-03 09:45:00,400.25,400.4,397.1,399.35,353224.0
2026-07-03 09:50:00,399.15,402.7,399.15,402.15,738772.0
2026-07-03 09:55:00,402.4,403.2,399.6,399.7,1735929.0
2026-07-03 10:00:00,399.6,400.5,399.0,399.45,272426.0
2026-07-03 10:05:00,399.4,399.7,397.5,397.8,348085.0
2026-07-03 10:10:00,397.8,398.7,397.6,398.15,192015.0
2026-07-03 10:15:00,398.0,398.45,396.8,396.85,174437.0
2026-07-03 10:20:00,396.85,396.9,395.15,395.15,366683.0
2026-07-03 10:25:00,395.15,397.75,394.7,397.1,292869.0
2026-07-03 10:30:00,397.15,397.55,396.05,396.05,174526.0
2026-07-03 10:35:00,396.05,396.55,395.6,395.75,170868.0
2026-07-03 10:40:00,395.7,395.75,394.5,394.7,234232.0
2026-07-03 10:45:00,394.65,394.65,393.55,393.8,232134.0
2026-07-03 10:50:00,393.75,393.75,393.1,393.45,262281.0
2026-07-03 10:55:00,393.45,393.55,391.7,391.75,350882.0
2026-07-03 11:00:00,391.7,392.4,391.0,391.1,236679.0
2026-07-03 11:05:00,391.05,391.35,390.55,390.8,257318.0
2026-07-03 11:10:00,390.65,391.0,389.35,389.85,355414.0
2026-07-03 11:15:00,389.8,390.35,389.6,389.95,215845.0
2026-07-03 11:20:00,390.0,390.0,388.15,388.55,451589.0
2026-07-03 11:25:00,388.55,388.85,387.25,387.35,406868.0
2026-07-03 11:30:00,387.4,388.35,385.6,386.15,605663.0
2026-07-03 11:35:00,386.15,388.15,385.2,385.5,414453.0
2026-07-03 11:40:00,385.6,385.6,384.5,384.9,620629.0
2026-07-03 11:45:00,384.95,385.55,384.3,385.2,601053.0
2026-07-03 11:50:00,385.1,388.0,385.0,387.35,524021.0
2026-07-03 11:55:00,387.35,387.4,386.15,386.3,227924.0
2026-07-03 12:00:00,386.3,387.95,386.3,386.95,349765.0
2026-07-03 12:05:00,386.85,387.95,386.0,387.15,291407.0
2026-07-03 12:10:00,387.0,387.55,386.5,387.05,186542.0
2026-07-03 12:15:00,387.0,387.8,386.7,387.5,276807.0
2026-07-03 12:20:00,387.45,388.25,387.2,387.6,370189.0
2026-07-03 12:25:00,387.55,387.85,387.25,387.35,172536.0
2026-07-03 12:30:00,387.3,387.7,386.45,386.5,369277.0
2026-07-03 12:35:00,386.65,387.05,386.15,386.35,167435.0
2026-07-03 12:40:00,386.3,386.55,385.8,386.25,168443.0
2026-07-03 12:45:00,386.25,387.85,386.05,387.45,212555.0
2026-07-03 12:50:00,387.3,388.15,387.15,387.55,259120.0
2026-07-03 12:55:00,387.45,387.75,386.25,386.5,148289.0
2026-07-03 13:00:00,386.45,386.9,385.5,385.55,190644.0
2026-07-03 13:05:00,385.7,386.0,384.4,384.8,411571.0
2026-07-03 13:10:00,385.0,386.15,384.75,385.85,211952.0
2026-07-03 13:15:00,385.8,386.1,385.65,385.7,193237.0
2026-07-03 13:20:00,385.7,386.55,385.65,386.2,260988.0
2026-07-03 13:25:00,386.15,387.75,386.05,387.6,270835.0
2026-07-03 13:30:00,387.7,387.75,387.05,387.2,256063.0
2026-07-03 13:35:00,387.15,387.25,385.6,386.0,203191.0
2026-07-03 13:40:00,386.0,386.65,385.75,385.85,189658.0
2026-07-03 13:45:00,385.75,386.6,385.5,386.0,308376.0
2026-07-03 13:50:00,385.9,388.3,385.75,386.7,1019669.0
2026-07-03 13:55:00,386.65,386.7,386.0,386.05,133057.0
2026-07-03 14:00:00,386.0,386.4,385.6,385.7,202243.0
2026-07-03 14:05:00,385.65,385.9,385.15,385.6,198046.0
2026-07-03 14:10:00,385.6,386.0,385.25,385.6,162017.0
2026-07-03 14:15:00,385.55,385.8,385.0,385.0,130957.0
2026-07-03 14:20:00,385.05,385.4,384.5,385.2,282458.0
2026-07-03 14:25:00,385.0,385.35,384.75,384.9,157238.0
2026-07-03 14:30:00,384.85,386.15,384.8,385.75,316033.0
2026-07-03 14:35:00,385.9,385.95,385.2,385.3,197529.0
2026-07-03 14:40:00,385.15,385.6,384.5,384.6,200016.0
2026-07-03 14:45:00,384.5,385.2,384.25,385.05,195689.0
2026-07-03 14:50:00,385.15,385.15,383.4,384.15,388936.0
2026-07-03 14:55:00,384.1,384.25,383.7,384.0,226663.0
2026-07-03 15:00:00,383.95,384.05,383.0,383.7,366995.0
2026-07-03 15:05:00,383.7,384.6,383.55,383.65,449755.0
2026-07-03 15:10:00,383.8,384.05,383.55,383.7,501577.0
2026-07-03 15:15:00,383.7,384.0,383.0,383.9,852169.0
2026-07-03 15:20:00,383.9,384.0,383.0,383.5,831589.0
2026-07-03 15:25:00,383.4,383.85,383.0,383.3,776546.0
2026-07-06 09:15:00,384.0,387.55,384.0,386.0,662933.0
2026-07-06 09:20:00,386.0,388.5,385.65,387.8,516419.0
2026-07-06 09:25:00,387.85,391.0,387.8,390.4,912520.0
2026-07-06 09:30:00,390.55,391.95,390.15,391.1,544900.0
2026-07-06 09:35:00,391.2,391.3,390.05,390.65,258108.0
2026-07-06 09:40:00,390.6,392.4,390.35,391.75,368349.0
2026-07-06 09:45:00,392.1,392.3,391.45,392.0,234250.0
2026-07-06 09:50:00,392.0,392.8,390.8,392.6,315373.0
2026-07-06 09:55:00,392.55,394.0,392.0,392.6,509622.0
2026-07-06 10:00:00,392.6,393.25,391.8,392.2,166865.0
2026-07-06 10:05:00,392.2,392.95,392.0,392.8,123744.0
2026-07-06 10:10:00,392.65,393.2,392.3,392.95,202212.0
2026-07-06 10:15:00,392.95,393.9,392.95,393.7,251044.0
2026-07-06 10:20:00,393.75,393.85,392.65,392.8,167576.0
2026-07-06 10:25:00,392.8,392.85,391.75,392.6,197449.0
2026-07-06 10:30:00,392.65,392.7,392.0,392.0,98925.0
2026-07-06 10:35:00,392.0,392.45,391.75,392.3,71613.0
2026-07-06 10:40:00,392.15,392.5,391.1,391.1,130566.0
2026-07-06 10:45:00,391.15,391.25,389.85,390.25,259576.0
2026-07-06 10:50:00,390.3,390.4,388.7,389.15,232785.0
2026-07-06 10:55:00,389.15,389.15,388.3,388.75,137199.0
2026-07-06 11:00:00,388.85,389.95,388.6,389.3,137853.0
2026-07-06 11:05:00,389.3,389.95,389.05,389.3,111904.0
2026-07-06 11:10:00,389.3,389.7,389.05,389.3,80829.0
2026-07-06 11:15:00,389.3,389.65,389.1,389.1,74886.0
2026-07-06 11:20:00,389.1,389.65,389.0,389.2,68715.0
2026-07-06 11:25:00,389.2,390.0,389.15,389.8,80051.0
2026-07-06 11:30:00,389.8,390.0,389.2,389.4,67665.0
2026-07-06 11:35:00,389.55,389.6,388.85,389.35,220509.0
2026-07-06 11:40:00,389.35,389.8,388.75,389.45,116134.0
2026-07-06 11:45:00,389.5,389.5,387.55,388.05,440869.0
2026-07-06 11:50:00,388.2,388.35,387.5,387.6,72451.0
2026-07-06 11:55:00,387.65,388.0,387.05,387.85,154506.0
2026-07-06 12:00:00,387.55,387.95,387.2,387.7,64114.0
2026-07-06 12:05:00,387.7,388.4,387.7,387.95,65849.0
2026-07-06 12:10:00,387.95,388.25,387.95,388.2,45184.0
2026-07-06 12:15:00,388.05,388.2,387.1,387.8,81702.0
2026-07-06 12:20:00,387.65,387.95,387.4,387.75,58727.0
2026-07-06 12:25:00,387.75,387.8,387.35,387.7,48088.0
2026-07-06 12:30:00,387.7,388.75,387.6,388.65,88424.0
2026-07-06 12:35:00,388.65,389.6,388.5,389.4,119790.0
2026-07-06 12:40:00,389.3,389.6,388.1,388.1,136521.0
2026-07-06 12:45:00,388.1,388.55,388.0,388.45,46224.0
2026-07-06 12:50:00,388.35,388.5,387.55,388.0,77503.0
2026-07-06 12:55:00,387.9,388.35,387.75,388.1,30659.0
2026-07-06 13:00:00,388.0,388.45,388.0,388.15,39832.0
2026-07-06 13:05:00,388.2,388.4,388.0,388.15,35438.0
2026-07-06 13:10:00,388.1,388.75,388.0,388.5,78189.0
2026-07-06 13:15:00,388.5,388.75,388.1,388.55,141900.0
2026-07-06 13:20:00,388.55,389.8,388.55,389.25,130182.0
2026-07-06 13:25:00,389.45,389.75,389.3,389.6,62914.0
2026-07-06 13:30:00,389.6,389.75,389.3,389.4,54813.0
2026-07-06 13:35:00,389.4,389.75,389.25,389.55,99771.0
2026-07-06 13:40:00,389.55,390.05,389.5,389.65,55779.0
2026-07-06 13:45:00,389.65,389.9,389.5,389.55,73430.0
2026-07-06 13:50:00,389.7,390.25,388.8,390.15,269294.0
2026-07-06 13:55:00,390.05,390.15,388.8,388.9,174428.0
2026-07-06 14:00:00,389.1,389.25,388.9,388.9,85387.0
2026-07-06 14:05:00,389.2,389.95,388.9,389.65,66915.0
2026-07-06 14:10:00,389.65,389.85,389.55,389.6,33701.0
2026-07-06 14:15:00,389.75,389.9,389.3,389.55,49072.0
2026-07-06 14:20:00,389.65,389.65,388.7,388.75,148167.0
2026-07-06 14:25:00,388.75,389.4,388.75,388.9,72370.0
2026-07-06 14:30:00,388.9,389.4,388.75,388.8,124821.0
2026-07-06 14:35:00,389.0,389.0,388.15,388.3,302691.0
2026-07-06 14:40:00,388.35,389.0,387.75,387.8,198059.0
2026-07-06 14:45:00,387.75,388.15,387.4,387.75,137926.0
2026-07-06 14:50:00,387.7,388.2,387.6,387.8,130576.0
2026-07-06 14:55:00,387.75,388.05,387.05,387.15,139095.0
2026-07-06 15:00:00,387.6,388.05,387.4,387.65,173974.0
2026-07-06 15:05:00,387.85,388.25,387.5,387.55,197722.0
2026-07-06 15:10:00,387.5,387.8,387.3,387.65,206981.0
2026-07-06 15:15:00,387.55,388.0,387.35,387.55,304395.0
2026-07-06 15:20:00,387.55,387.6,386.6,386.75,254306.0
2026-07-06 15:25:00,386.95,388.2,386.5,387.05,256648.0
2026-07-07 09:15:00,389.7,389.7,383.7,383.7,395551.0
2026-07-07 09:20:00,383.85,383.85,381.4,382.2,310896.0
2026-07-07 09:25:00,382.35,382.95,380.5,381.4,248414.0
2026-07-07 09:30:00,381.6,381.6,379.05,379.7,364558.0
2026-07-07 09:35:00,379.7,381.55,379.6,381.05,127830.0
2026-07-07 09:40:00,381.05,381.4,379.5,380.5,145796.0
2026-07-07 09:45:00,380.65,380.7,378.6,379.4,181392.0
2026-07-07 09:50:00,379.45,380.55,379.45,379.8,106447.0
2026-07-07 09:55:00,379.1,379.4,378.65,378.85,148130.0
2026-07-07 10:00:00,378.9,379.5,378.25,379.1,124296.0
2026-07-07 10:05:00,379.1,379.3,377.7,379.0,188033.0
2026-07-07 10:10:00,379.1,379.1,378.35,378.75,123857.0
2026-07-07 10:15:00,378.8,379.0,378.1,379.0,81714.0
2026-07-07 10:20:00,379.0,379.6,378.8,379.0,106893.0
2026-07-07 10:25:00,378.95,379.85,378.8,379.55,111512.0
2026-07-07 10:30:00,379.5,380.15,378.55,379.6,143514.0
2026-07-07 10:35:00,379.45,379.8,379.15,379.2,70886.0
2026-07-07 10:40:00,379.4,379.4,378.35,378.35,57297.0
2026-07-07 10:45:00,378.55,379.0,378.2,378.35,100549.0
2026-07-07 10:50:00,378.55,378.55,377.5,377.8,153810.0
2026-07-07 10:55:00,377.85,377.85,377.1,377.45,120282.0
2026-07-07 11:00:00,377.5,377.5,375.7,376.3,312122.0
2026-07-07 11:05:00,376.5,376.85,376.15,376.75,105557.0
2026-07-07 11:10:00,376.7,377.7,376.1,376.35,3143251.0
2026-07-07 11:15:00,376.55,376.8,375.6,375.7,132808.0
2026-07-07 11:20:00,375.6,376.25,375.5,376.1,133390.0
2026-07-07 11:25:00,376.1,377.9,376.1,377.75,280950.0
2026-07-07 11:30:00,377.85,380.35,377.65,379.4,311555.0
2026-07-07 11:35:00,379.4,379.5,378.95,379.3,97936.0
2026-07-07 11:40:00,379.45,379.45,378.7,379.15,71281.0
2026-07-07 11:45:00,379.15,379.2,378.2,378.7,234940.0
2026-07-07 11:50:00,378.7,378.7,378.05,378.4,67613.0
2026-07-07 11:55:00,378.6,378.6,378.05,378.2,84068.0
2026-07-07 12:00:00,378.3,378.65,378.15,378.45,77480.0
2026-07-07 12:05:00,378.5,378.5,377.8,377.95,98392.0
2026-07-07 12:10:00,378.0,378.0,377.05,377.15,118538.0
2026-07-07 12:15:00,377.15,377.15,376.3,376.45,93192.0
2026-07-07 12:20:00,376.4,376.75,376.0,376.35,109404.0
2026-07-07 12:25:00,376.35,377.1,376.3,376.85,171573.0
2026-07-07 12:30:00,376.85,377.0,376.15,376.6,140055.0
2026-07-07 12:35:00,376.6,376.85,375.95,376.85,178328.0
2026-07-07 12:40:00,376.85,377.0,376.45,376.9,127083.0
2026-07-07 12:45:00,376.95,377.0,376.4,376.55,119822.0
2026-07-07 12:50:00,376.65,376.9,376.3,376.7,121011.0
2026-07-07 12:55:00,376.7,377.0,376.4,376.5,196358.0
2026-07-07 13:00:00,376.6,376.65,376.05,376.15,78253.0
2026-07-07 13:05:00,376.35,376.5,376.0,376.45,74230.0
2026-07-07 13:10:00,376.5,376.55,376.2,376.45,53182.0
2026-07-07 13:15:00,376.55,377.3,376.2,376.8,199970.0
2026-07-07 13:20:00,377.0,377.0,375.75,376.0,130830.0
2026-07-07 13:25:00,376.2,379.2,375.95,376.85,692373.0
2026-07-07 13:30:00,376.8,378.4,376.7,378.0,264523.0
2026-07-07 13:35:00,377.9,377.95,376.8,377.0,337130.0
2026-07-07 13:40:00,377.05,377.8,376.55,377.7,336108.0
2026-07-07 13:45:00,377.7,377.7,376.75,377.2,417510.0
2026-07-07 13:50:00,377.2,378.15,376.95,377.85,572487.0
2026-07-07 13:55:00,377.85,378.15,376.85,377.4,736150.0
2026-07-07 14:00:00,377.4,378.8,376.9,377.6,366914.0
2026-07-07 14:05:00,377.6,378.25,377.15,377.15,305817.0
2026-07-07 14:10:00,377.0,377.35,376.65,376.9,274014.0
2026-07-07 14:15:00,376.9,377.05,376.7,376.8,193789.0
2026-07-07 14:20:00,376.8,376.8,376.3,376.45,150640.0
2026-07-07 14:25:00,376.45,377.8,376.35,377.35,248743.0
2026-07-07 14:30:00,377.55,377.9,377.35,377.55,129957.0
2026-07-07 14:35:00,377.5,377.95,376.9,377.7,194491.0
2026-07-07 14:40:00,377.6,377.75,377.2,377.75,187218.0
2026-07-07 14:45:00,377.7,377.9,377.5,377.9,132754.0
2026-07-07 14:50:00,377.85,378.25,377.6,377.9,152982.0
2026-07-07 14:55:00,377.85,378.4,377.8,378.15,327780.0
2026-07-07 15:00:00,378.1,378.1,377.15,377.85,250987.0
2026-07-07 15:05:00,377.8,377.85,377.05,377.3,195225.0
2026-07-07 15:10:00,377.35,377.4,376.3,376.65,296157.0
2026-07-07 15:15:00,376.7,376.95,376.0,376.35,382382.0
2026-07-07 15:20:00,376.3,376.4,375.75,376.4,440201.0
2026-07-07 15:25:00,376.4,376.7,375.0,375.4,479636.0
2026-07-08 09:15:00,374.0,374.95,371.8,374.3,406494.0
2026-07-08 09:20:00,374.3,375.8,374.0,374.55,233953.0
2026-07-08 09:25:00,374.55,375.75,374.1,374.65,151919.0
2026-07-08 09:30:00,374.5,375.7,373.5,375.65,159250.0
2026-07-08 09:35:00,375.65,376.0,375.0,375.65,124530.0
2026-07-08 09:40:00,375.7,378.75,375.65,378.35,296650.0
2026-07-08 09:45:00,378.15,378.3,376.6,376.8,195736.0
2026-07-08 09:50:00,376.8,377.5,375.45,375.5,128546.0
2026-07-08 09:55:00,375.55,376.9,375.35,376.3,56258.0
2026-07-08 10:00:00,376.4,376.9,376.0,376.1,38857.0
2026-07-08 10:05:00,376.05,376.3,375.4,375.85,65986.0
2026-07-08 10:10:00,375.9,376.8,374.05,376.75,106975.0
2026-07-08 10:15:00,376.65,378.6,376.6,377.3,201911.0
2026-07-08 10:20:00,377.45,378.55,377.3,378.25,91130.0
2026-07-08 10:25:00,378.25,379.5,378.15,378.9,134946.0
2026-07-08 10:30:00,378.95,379.25,377.3,377.35,174763.0
2026-07-08 10:35:00,377.35,377.65,376.75,377.5,63998.0
2026-07-08 10:40:00,377.5,377.7,376.7,376.8,61380.0
2026-07-08 10:45:00,376.75,376.95,376.0,376.5,77731.0
2026-07-08 10:50:00,376.55,376.8,375.65,375.95,64374.0
2026-07-08 10:55:00,375.9,376.0,375.5,375.85,48189.0
2026-07-08 11:00:00,375.75,376.8,375.6,375.95,51886.0
2026-07-08 11:05:00,376.05,376.35,375.6,376.15,46784.0
2026-07-08 11:10:00,376.1,376.5,375.75,376.3,23563.0
2026-07-08 11:15:00,376.3,376.5,375.5,375.85,34402.0
2026-07-08 11:20:00,375.55,377.85,375.5,377.85,73689.0
2026-07-08 11:25:00,377.85,378.3,377.55,377.7,67262.0
2026-07-08 11:30:00,377.8,378.6,377.25,377.4,135565.0
2026-07-08 11:35:00,377.4,377.4,376.9,377.2,24228.0
2026-07-08 11:40:00,377.2,377.25,376.6,376.65,31199.0
2026-07-08 11:45:00,376.65,377.2,376.55,377.05,22067.0
2026-07-08 11:50:00,377.05,377.15,376.9,377.1,21948.0
2026-07-08 11:55:00,377.05,377.05,376.5,377.0,23851.0
2026-07-08 12:00:00,377.0,377.75,376.9,377.25,93650.0
2026-07-08 12:05:00,377.25,377.8,377.15,377.7,135852.0
2026-07-08 12:10:00,377.65,380.5,377.5,380.35,310735.0
2026-07-08 12:15:00,380.4,382.8,380.35,382.8,410138.0
2026-07-08 12:20:00,382.9,383.7,382.2,383.35,719574.0
2026-07-08 12:25:00,383.15,383.45,382.8,382.95,160671.0
2026-07-08 12:30:00,382.9,382.9,382.0,382.9,275863.0
2026-07-08 12:35:00,382.9,383.6,382.7,382.8,283382.0
2026-07-08 12:40:00,382.9,383.0,382.2,382.85,94048.0
2026-07-08 12:45:00,382.8,383.4,382.5,383.0,75723.0
2026-07-08 12:50:00,383.05,384.35,383.05,384.0,200436.0
2026-07-08 12:55:00,383.95,385.55,383.95,384.6,323000.0
2026-07-08 13:00:00,384.6,385.9,384.0,385.65,218067.0
2026-07-08 13:05:00,385.6,385.7,385.0,385.4,172925.0
2026-07-08 13:10:00,385.35,385.8,385.05,385.75,190918.0
2026-07-08 13:15:00,385.8,387.0,385.75,386.2,414929.0
2026-07-08 13:20:00,386.1,386.75,385.8,386.0,221922.0
2026-07-08 13:25:00,386.0,386.25,385.8,386.0,190846.0
2026-07-08 13:30:00,386.05,386.3,385.9,386.0,82561.0
2026-07-08 13:35:00,386.05,387.25,385.1,387.2,255902.0
2026-07-08 13:40:00,387.25,387.5,386.3,386.7,117755.0
2026-07-08 13:45:00,386.6,386.85,384.0,384.2,320573.0
2026-07-08 13:50:00,384.3,384.3,382.25,382.65,344840.0
2026-07-08 13:55:00,382.65,383.4,381.6,381.6,215714.0
2026-07-08 14:00:00,381.6,382.3,381.2,381.55,302358.0
2026-07-08 14:05:00,381.35,381.5,378.1,378.55,390038.0
2026-07-08 14:10:00,378.55,379.5,378.2,378.2,291991.0
2026-07-08 14:15:00,378.15,379.85,377.55,378.4,218327.0
2026-07-08 14:20:00,378.4,378.8,377.1,377.6,154156.0
2026-07-08 14:25:00,377.7,378.4,377.0,377.3,256473.0
2026-07-08 14:30:00,377.25,378.55,377.15,377.7,119332.0
2026-07-08 14:35:00,377.85,378.3,377.05,377.45,138473.0
2026-07-08 14:40:00,377.45,378.1,377.25,377.8,91945.0
2026-07-08 14:45:00,377.8,377.8,376.25,376.6,297735.0
2026-07-08 14:50:00,376.55,377.55,375.8,376.7,199218.0
2026-07-08 14:55:00,376.4,377.15,376.1,376.7,72352.0
2026-07-08 15:00:00,376.85,378.85,376.65,376.95,286335.0
2026-07-08 15:05:00,377.0,377.5,376.85,377.05,99223.0
2026-07-08 15:10:00,377.1,377.55,376.45,377.3,185727.0
2026-07-08 15:15:00,377.35,378.6,377.3,377.9,290025.0
2026-07-08 15:20:00,377.9,378.7,377.8,378.05,253859.0
2026-07-08 15:25:00,378.1,378.3,377.0,378.0,178079.0
2026-07-09 09:15:00,380.0,386.85,379.3,386.7,500840.0
2026-07-09 09:20:00,386.85,387.0,384.3,385.6,229534.0
2026-07-09 09:25:00,385.6,385.7,383.25,384.1,159433.0
2026-07-09 09:30:00,384.1,384.3,381.8,382.5,166658.0
2026-07-09 09:35:00,382.5,383.05,382.35,382.6,59607.0
2026-07-09 09:40:00,382.3,382.6,381.05,381.9,89818.0
2026-07-09 09:45:00,381.9,382.55,381.75,381.75,80662.0
2026-07-09 09:50:00,381.75,383.25,381.5,382.35,89019.0
2026-07-09 09:55:00,382.45,383.55,382.0,382.5,73993.0
2026-07-09 10:00:00,382.65,385.8,382.5,385.35,224214.0
2026-07-09 10:05:00,385.55,385.6,385.25,385.45,160813.0
2026-07-09 10:10:00,385.5,386.25,385.05,385.85,177916.0
2026-07-09 10:15:00,385.85,386.35,385.65,385.65,103787.0
2026-07-09 10:20:00,385.85,385.9,383.0,383.2,1307648.0
2026-07-09 10:25:00,383.2,383.2,381.1,381.6,161295.0
2026-07-09 10:30:00,381.6,381.95,381.1,381.4,61877.0
2026-07-09 10:35:00,381.4,381.8,380.7,381.8,87984.0
2026-07-09 10:40:00,381.75,384.4,381.45,383.9,168307.0
2026-07-09 10:45:00,383.9,384.1,383.0,383.15,72078.0
2026-07-09 10:50:00,383.2,383.8,382.8,383.5,63403.0
2026-07-09 10:55:00,383.5,383.65,382.95,383.05,35682.0
2026-07-09 11:00:00,383.2,383.5,382.8,382.95,33391.0
2026-07-09 11:05:00,383.0,384.3,382.8,383.65,58295.0
2026-07-09 11:10:00,383.8,384.05,383.45,383.5,49717.0
2026-07-09 11:15:00,383.65,384.2,383.55,383.95,43331.0
2026-07-09 11:20:00,383.95,384.5,383.85,384.45,38003.0
2026-07-09 11:25:00,384.45,384.7,384.2,384.3,41762.0
2026-07-09 11:30:00,384.45,384.95,384.3,384.6,33199.0
2026-07-09 11:35:00,384.7,386.45,384.6,385.5,410983.0
2026-07-09 11:40:00,385.5,385.65,385.2,385.55,67168.0
2026-07-09 11:45:00,385.5,385.85,384.95,385.7,98556.0
2026-07-09 11:50:00,385.7,385.8,385.1,385.55,35346.0
2026-07-09 11:55:00,385.55,386.35,385.2,386.15,162965.0
2026-07-09 12:00:00,386.3,386.9,385.7,386.6,314575.0
2026-07-09 12:05:00,386.55,386.75,385.85,386.25,74051.0
2026-07-09 12:10:00,386.25,386.4,385.8,385.95,54290.0
2026-07-09 12:15:00,385.95,386.0,385.45,385.65,53556.0
2026-07-09 12:20:00,385.85,385.85,385.1,385.35,39254.0
2026-07-09 12:25:00,385.35,385.35,384.3,384.55,71507.0
2026-07-09 12:30:00,384.55,384.8,383.85,383.95,269647.0
2026-07-09 12:35:00,383.95,384.25,383.7,383.8,39055.0
2026-07-09 12:40:00,383.8,383.8,383.3,383.6,42770.0
2026-07-09 12:45:00,383.75,384.4,383.6,384.25,36836.0
2026-07-09 12:50:00,384.3,384.5,384.1,384.45,30813.0
2026-07-09 12:55:00,384.45,384.6,384.3,384.45,25825.0
2026-07-09 13:00:00,384.4,384.45,384.0,384.35,29149.0
2026-07-09 13:05:00,384.35,384.4,383.95,384.15,21108.0
2026-07-09 13:10:00,384.25,384.55,384.0,384.45,27367.0
2026-07-09 13:15:00,384.5,384.55,384.25,384.45,26735.0
2026-07-09 13:20:00,384.45,384.5,384.05,384.05,22594.0
2026-07-09 13:25:00,384.2,384.2,383.75,383.85,33959.0
2026-07-09 13:30:00,383.8,384.75,383.7,384.7,32430.0
2026-07-09 13:35:00,384.65,385.7,384.55,384.65,74148.0
2026-07-09 13:40:00,384.75,384.75,384.15,384.35,66734.0
2026-07-09 13:45:00,384.25,385.3,384.1,384.7,51538.0
2026-07-09 13:50:00,384.7,384.75,384.05,384.1,26682.0
2026-07-09 13:55:00,384.2,384.35,383.1,383.3,88316.0
2026-07-09 14:00:00,383.3,384.2,383.3,384.0,93614.0
2026-07-09 14:05:00,383.9,384.4,383.8,384.2,70211.0
2026-07-09 14:10:00,384.25,384.55,383.85,384.5,87948.0
2026-07-09 14:15:00,384.55,384.7,383.95,384.15,64060.0
2026-07-09 14:20:00,384.15,384.15,382.8,383.3,122341.0
2026-07-09 14:25:00,383.3,383.35,382.75,383.1,100146.0
2026-07-09 14:30:00,382.9,383.5,382.85,383.3,82836.0
2026-07-09 14:35:00,383.3,383.4,382.45,382.9,156863.0
2026-07-09 14:40:00,382.8,383.25,382.25,382.8,91762.0
2026-07-09 14:45:00,382.8,383.0,382.65,382.9,93781.0
2026-07-09 14:50:00,382.8,383.25,382.65,383.0,97123.0
2026-07-09 14:55:00,383.0,383.5,382.85,383.2,96073.0
2026-07-09 15:00:00,383.05,383.05,381.0,381.35,228356.0
2026-07-09 15:05:00,381.3,382.0,380.65,381.75,179866.0
2026-07-09 15:10:00,381.75,381.8,381.1,381.2,183445.0
2026-07-09 15:15:00,381.25,381.9,380.9,381.55,213869.0
2026-07-09 15:20:00,381.45,382.45,381.05,382.45,295325.0
2026-07-09 15:25:00,382.05,382.8,382.05,382.15,119772.0
2026-07-10 09:15:00,388.9,390.95,385.6,387.85,321001.0
2026-07-10 09:20:00,387.7,389.05,387.65,388.8,215037.0
2026-07-10 09:25:00,388.75,392.35,388.7,391.8,554405.0
2026-07-10 09:30:00,391.75,393.45,390.8,392.75,348919.0
2026-07-10 09:35:00,392.7,394.6,392.3,392.65,485086.0
2026-07-10 09:40:00,392.6,393.8,392.05,393.55,175677.0
2026-07-10 09:45:00,393.35,393.95,393.35,393.8,155753.0
2026-07-10 09:50:00,393.8,393.8,392.85,393.1,137303.0
2026-07-10 09:55:00,393.2,394.2,392.1,392.25,223013.0
2026-07-10 10:00:00,392.3,393.6,392.1,393.2,105362.0
2026-07-10 10:05:00,393.2,393.3,392.55,392.7,85876.0
2026-07-10 10:10:00,392.7,393.4,392.5,392.95,113655.0
2026-07-10 10:15:00,392.8,393.05,392.1,392.5,83785.0
2026-07-10 10:20:00,392.4,392.75,392.35,392.5,59457.0
2026-07-10 10:25:00,392.5,394.1,392.4,393.45,249637.0
2026-07-10 10:30:00,393.6,393.85,393.05,393.3,72293.0
2026-07-10 10:35:00,393.35,393.65,393.0,393.35,54745.0
2026-07-10 10:40:00,393.25,394.2,393.1,394.2,126932.0
2026-07-10 10:45:00,394.2,395.2,393.8,394.8,422158.0
2026-07-10 10:50:00,394.8,394.9,394.0,394.2,91528.0
2026-07-10 10:55:00,394.2,394.85,394.05,394.55,69833.0
2026-07-10 11:00:00,394.55,395.0,394.35,395.0,74132.0
2026-07-10 11:05:00,395.0,395.0,394.0,394.1,74085.0
2026-07-10 11:10:00,394.1,394.1,393.2,393.85,99974.0
2026-07-10 11:15:00,393.85,393.85,393.05,393.05,61677.0
2026-07-10 11:20:00,393.15,393.65,393.0,393.3,61960.0
2026-07-10 11:25:00,393.45,393.45,392.05,392.15,127129.0
2026-07-10 11:30:00,392.15,392.45,390.65,390.75,212751.0
2026-07-10 11:35:00,390.8,391.45,390.6,391.2,75739.0
2026-07-10 11:40:00,391.2,391.35,390.35,390.5,85309.0
2026-07-10 11:45:00,390.5,391.0,390.15,390.9,48433.0
2026-07-10 11:50:00,390.9,390.95,390.55,390.65,49069.0
2026-07-10 11:55:00,390.75,391.05,390.4,390.5,43336.0
2026-07-10 12:00:00,390.45,391.8,390.45,391.65,202788.0
2026-07-10 12:05:00,391.55,391.8,391.1,391.35,125698.0
2026-07-10 12:10:00,391.3,391.65,391.05,391.5,201097.0
2026-07-10 12:15:00,391.5,393.05,391.35,392.9,243364.0
2026-07-10 12:20:00,392.9,393.0,392.7,392.95,33434.0
2026-07-10 12:25:00,392.95,393.45,392.85,393.25,48968.0
2026-07-10 12:30:00,393.25,393.45,393.15,393.45,49927.0
2026-07-10 12:35:00,393.35,393.5,392.6,392.9,56618.0
2026-07-10 12:40:00,392.9,393.25,392.85,393.15,44653.0
2026-07-10 12:45:00,393.15,393.45,393.05,393.35,40544.0
2026-07-10 12:50:00,393.35,393.4,392.85,393.05,39872.0
2026-07-10 12:55:00,393.1,393.1,392.4,392.6,49158.0
2026-07-10 13:00:00,392.6,392.85,392.4,392.75,30545.0
2026-07-10 13:05:00,392.8,392.95,392.4,392.5,49376.0
2026-07-10 13:10:00,392.55,392.6,391.0,391.4,210593.0
2026-07-10 13:15:00,391.3,391.6,390.6,390.65,70084.0
2026-07-10 13:20:00,390.65,391.4,390.25,391.35,92719.0
2026-07-10 13:25:00,391.4,392.9,391.1,392.75,214107.0
2026-07-10 13:30:00,392.75,393.0,392.55,392.8,50896.0
2026-07-10 13:35:00,392.8,393.4,392.4,392.45,935869.0
2026-07-10 13:40:00,392.5,392.55,391.75,392.0,40598.0
2026-07-10 13:45:00,391.95,392.15,391.25,391.6,59095.0
2026-07-10 13:50:00,391.6,392.15,391.5,391.7,34755.0
2026-07-10 13:55:00,391.75,392.6,391.3,392.5,51704.0
2026-07-10 14:00:00,392.6,393.4,392.2,393.3,650677.0
2026-07-10 14:05:00,393.25,393.3,392.5,392.55,48270.0
2026-07-10 14:10:00,392.55,393.2,392.25,393.2,68094.0
2026-07-10 14:15:00,393.15,393.45,393.05,393.45,58146.0
2026-07-10 14:20:00,393.4,393.5,393.05,393.2,50522.0
2026-07-10 14:25:00,393.25,393.3,392.55,392.95,55857.0
2026-07-10 14:30:00,393.0,393.95,392.9,393.4,116033.0
2026-07-10 14:35:00,393.4,393.6,393.1,393.6,96381.0
2026-07-10 14:40:00,393.6,393.95,393.1,393.65,116475.0
2026-07-10 14:45:00,393.8,395.0,393.55,394.9,297119.0
2026-07-10 14:50:00,394.85,395.5,394.85,395.4,187929.0
2026-07-10 14:55:00,395.4,395.6,395.05,395.45,185717.0
2026-07-10 15:00:00,395.4,395.8,394.9,395.3,261626.0
2026-07-10 15:05:00,395.35,395.45,395.05,395.25,173620.0
2026-07-10 15:10:00,395.25,395.4,394.8,395.0,225510.0
2026-07-10 15:15:00,395.0,395.4,394.8,395.2,318513.0
2026-07-10 15:20:00,395.15,395.6,394.9,395.0,328109.0
2026-07-10 15:25:00,395.15,395.5,394.55,395.5,257619.0
