timestamp,open,high,low,close,volume
2026-06-01 09:15:00,4180.0,4198.0,4141.1,4143.8,205739.0
2026-06-01 09:20:00,4144.0,4150.0,4128.0,4148.1,94767.0
2026-06-01 09:25:00,4147.0,4154.1,4128.4,4131.0,67855.0
2026-06-01 09:30:00,4133.0,4133.0,4102.5,4109.0,103399.0
2026-06-01 09:35:00,4109.0,4109.0,4070.0,4081.3,136989.0
2026-06-01 09:40:00,4081.3,4095.0,4057.0,4060.3,112169.0
2026-06-01 09:45:00,4059.8,4068.7,4045.0,4052.3,158780.0
2026-06-01 09:50:00,4052.0,4064.9,4031.9,4047.8,138232.0
2026-06-01 09:55:00,4047.0,4075.7,4047.0,4068.0,81614.0
2026-06-01 10:00:00,4066.4,4074.0,4043.4,4047.6,90148.0
2026-06-01 10:05:00,4047.5,4063.0,4045.0,4059.3,80933.0
2026-06-01 10:10:00,4058.1,4074.5,4056.6,4068.1,37841.0
2026-06-01 10:15:00,4068.1,4080.9,4066.0,4075.0,40387.0
2026-06-01 10:20:00,4074.1,4085.0,4070.1,4076.4,44731.0
2026-06-01 10:25:00,4075.4,4081.2,4071.0,4072.2,20834.0
2026-06-01 10:30:00,4072.0,4085.0,4069.4,4084.6,36083.0
2026-06-01 10:35:00,4084.6,4105.0,4081.0,4102.5,82815.0
2026-06-01 10:40:00,4101.7,4119.8,4101.7,4118.0,73690.0
2026-06-01 10:45:00,4117.9,4139.8,4117.0,4138.1,119333.0
2026-06-01 10:50:00,4137.5,4150.0,4135.6,4144.6,76672.0
2026-06-01 10:55:00,4143.2,4149.0,4130.4,4133.2,58841.0
2026-06-01 11:00:00,4133.0,4142.0,4128.3,4133.0,41091.0
2026-06-01 11:05:00,4131.5,4138.8,4122.9,4138.8,47450.0
2026-06-01 11:10:00,4138.8,4140.0,4131.0,4131.8,26928.0
2026-06-01 11:15:00,4131.8,4148.0,4131.8,4144.5,37721.0
2026-06-01 11:20:00,4144.0,4144.6,4132.0,4132.0,19532.0
2026-06-01 11:25:00,4131.9,4132.7,4117.3,4121.7,47072.0
2026-06-01 11:30:00,4122.3,4128.4,4122.3,4126.0,19908.0
2026-06-01 11:35:00,4126.4,4127.0,4117.0,4122.4,18836.0
2026-06-01 11:40:00,4120.2,4124.9,4100.6,4102.9,40372.0
2026-06-01 11:45:00,4103.3,4116.9,4100.0,4112.3,25657.0
2026-06-01 11:50:00,4112.3,4117.5,4112.3,4115.9,12638.0
2026-06-01 11:55:00,4115.9,4116.9,4101.1,4101.8,15980.0
2026-06-01 12:00:00,4103.7,4103.7,4080.2,4086.4,57864.0
2026-06-01 12:05:00,4086.5,4090.0,4083.1,4087.5,27799.0
2026-06-01 12:10:00,4088.6,4089.9,4076.8,4084.5,29065.0
2026-06-01 12:15:00,4083.9,4087.4,4081.2,4082.0,11509.0
2026-06-01 12:20:00,4083.3,4083.3,4072.7,4075.0,19063.0
2026-06-01 12:25:00,4075.0,4077.9,4065.0,4070.0,25634.0
2026-06-01 12:30:00,4070.0,4072.0,4068.0,4068.6,12766.0
2026-06-01 12:35:00,4068.4,4074.9,4065.7,4074.0,21854.0
2026-06-01 12:40:00,4073.0,4074.0,4062.2,4068.0,18574.0
2026-06-01 12:45:00,4069.8,4074.5,4065.0,4074.5,25796.0
2026-06-01 12:50:00,4071.5,4075.0,4065.0,4066.8,17865.0
2026-06-01 12:55:00,4066.8,4068.0,4057.0,4064.5,36337.0
2026-06-01 13:00:00,4064.5,4069.4,4059.3,4061.0,16385.0
2026-06-01 13:05:00,4060.9,4063.0,4053.7,4056.9,18219.0
2026-06-01 13:10:00,4056.8,4056.9,4050.0,4051.1,27651.0
2026-06-01 13:15:00,4052.6,4055.1,4050.0,4053.1,28050.0
2026-06-01 13:20:00,4053.1,4055.0,4050.0,4052.0,14690.0
2026-06-01 13:25:00,4053.0,4053.0,4047.2,4051.3,19905.0
2026-06-01 13:30:00,4050.6,4058.0,4049.9,4053.1,37451.0
2026-06-01 13:35:00,4052.2,4059.3,4050.0,4058.0,21183.0
2026-06-01 13:40:00,4058.0,4065.0,4056.0,4059.6,34702.0
2026-06-01 13:45:00,4060.5,4063.7,4056.6,4058.4,17600.0
2026-06-01 13:50:00,4058.2,4064.0,4057.4,4061.0,17297.0
2026-06-01 13:55:00,4062.0,4066.4,4058.0,4062.1,24967.0
2026-06-01 14:00:00,4063.1,4063.1,4047.6,4054.0,45567.0
2026-06-01 14:05:00,4056.0,4056.0,4050.0,4054.0,15883.0
2026-06-01 14:10:00,4054.5,4055.8,4050.0,4051.0,18123.0
2026-06-01 14:15:00,4051.0,4069.3,4050.1,4067.2,24907.0
2026-06-01 14:20:00,4066.8,4069.0,4059.7,4066.0,37360.0
2026-06-01 14:25:00,4066.0,4069.9,4062.6,4065.9,26705.0
2026-06-01 14:30:00,4065.9,4073.8,4065.2,4071.8,48365.0
2026-06-01 14:35:00,4072.0,4085.7,4071.1,4079.5,55926.0
2026-06-01 14:40:00,4078.1,4085.0,4070.7,4076.5,33526.0
2026-06-01 14:45:00,4076.4,4085.0,4071.0,4073.0,38322.0
2026-06-01 14:50:00,4073.0,4078.8,4063.5,4070.8,41395.0
2026-06-01 14:55:00,4072.4,4073.5,4061.4,4062.2,38049.0
2026-06-01 15:00:00,4063.0,4063.7,4053.0,4061.6,40770.0
2026-06-01 15:05:00,4061.7,4068.0,4052.0,4067.9,53849.0
2026-06-01 15:10:00,4067.9,4075.9,4065.4,4071.0,45333.0
2026-06-01 15:15:00,4071.5,4082.0,4071.5,4073.3,61015.0
2026-06-01 15:20:00,4073.5,4075.0,4058.8,4062.7,54636.0
2026-06-01 15:25:00,4064.6,4070.0,4060.1,4065.0,54732.0
2026-06-02 09:15:00,4020.0,4045.0,4000.3,4020.9,207551.0
2026-06-02 09:20:00,4020.9,4024.5,4002.2,4006.4,127308.0
2026-06-02 09:25:00,4006.5,4009.6,3986.0,4000.0,131901.0
2026-06-02 09:30:00,4000.9,4002.1,3978.1,3990.7,128508.0
2026-06-02 09:35:00,3990.0,4010.0,3986.1,3994.5,118242.0
2026-06-02 09:40:00,3992.0,3999.0,3980.0,3982.0,81502.0
2026-06-02 09:45:00,3981.9,3986.8,3962.0,3967.3,129690.0
2026-06-02 09:50:00,3965.0,3989.9,3960.0,3987.6,93117.0
2026-06-02 09:55:00,3986.8,3999.7,3986.0,3997.5,82430.0
2026-06-02 10:00:00,3996.8,4003.9,3985.4,3999.9,67847.0
2026-06-02 10:05:00,3998.0,3998.7,3990.0,3995.4,22548.0
2026-06-02 10:10:00,3995.4,3995.4,3976.0,3977.1,39568.0
2026-06-02 10:15:00,3977.0,3982.0,3961.1,3978.0,77032.0
2026-06-02 10:20:00,3977.6,3995.0,3975.1,3995.0,61692.0
2026-06-02 10:25:00,3994.7,4001.9,3987.1,3991.1,66283.0
2026-06-02 10:30:00,3991.7,3995.0,3976.2,3978.5,32286.0
2026-06-02 10:35:00,3978.5,3983.1,3972.0,3978.9,30754.0
2026-06-02 10:40:00,3980.0,3989.9,3976.0,3985.8,34921.0
2026-06-02 10:45:00,3985.0,3986.0,3975.0,3976.3,27274.0
2026-06-02 10:50:00,3976.2,3977.9,3961.1,3961.9,62043.0
2026-06-02 10:55:00,3961.9,3962.1,3950.0,3954.0,83549.0
2026-06-02 11:00:00,3955.1,3969.0,3955.0,3968.8,39641.0
2026-06-02 11:05:00,3968.8,3969.0,3955.6,3960.8,43624.0
2026-06-02 11:10:00,3961.5,3963.0,3958.0,3962.1,38548.0
2026-06-02 11:15:00,3962.3,3966.0,3957.1,3961.5,43315.0
2026-06-02 11:20:00,3961.5,3965.2,3958.0,3958.7,32198.0
2026-06-02 11:25:00,3958.7,3962.0,3949.0,3955.0,76806.0
2026-06-02 11:30:00,3955.2,3955.7,3935.4,3943.0,104522.0
2026-06-02 11:35:00,3944.4,3944.4,3937.0,3938.1,34840.0
2026-06-02 11:40:00,3938.2,3939.0,3932.0,3935.2,47609.0
2026-06-02 11:45:00,3936.2,3946.2,3932.4,3944.9,38551.0
2026-06-02 11:50:00,3944.7,3946.0,3934.5,3935.0,35821.0
2026-06-02 11:55:00,3935.0,3945.0,3928.0,3931.1,264503.0
2026-06-02 12:00:00,3930.2,3930.2,3915.1,3919.0,170601.0
2026-06-02 12:05:00,3918.6,3918.6,3896.0,3899.1,211702.0
2026-06-02 12:10:00,3900.0,3903.7,3876.0,3879.9,108808.0
2026-06-02 12:15:00,3878.5,3895.0,3875.6,3892.0,139582.0
2026-06-02 12:20:00,3891.2,3897.5,3887.6,3892.1,60774.0
2026-06-02 12:25:00,3892.7,3896.4,3888.6,3893.8,28155.0
2026-06-02 12:30:00,3894.0,3907.9,3890.5,3898.8,77674.0
2026-06-02 12:35:00,3898.9,3905.9,3895.8,3897.4,49429.0
2026-06-02 12:40:00,3898.0,3913.2,3895.4,3910.0,55153.0
2026-06-02 12:45:00,3909.5,3930.5,3909.5,3928.8,197601.0
2026-06-02 12:50:00,3929.0,3938.4,3928.1,3934.2,103951.0
2026-06-02 12:55:00,3933.5,3938.5,3930.0,3936.9,82665.0
2026-06-02 13:00:00,3934.5,3936.3,3914.3,3918.0,89408.0
2026-06-02 13:05:00,3918.3,3923.6,3918.0,3921.0,36257.0
2026-06-02 13:10:00,3921.0,3923.6,3909.9,3913.5,51258.0
2026-06-02 13:15:00,3912.4,3925.0,3911.6,3921.5,43686.0
2026-06-02 13:20:00,3921.7,3954.0,3920.4,3951.5,138319.0
2026-06-02 13:25:00,3952.0,3952.8,3935.6,3945.1,74532.0
2026-06-02 13:30:00,3945.6,3956.2,3942.8,3949.3,79936.0
2026-06-02 13:35:00,3949.8,3951.3,3942.2,3944.1,33058.0
2026-06-02 13:40:00,3943.9,3945.1,3935.3,3936.0,35526.0
2026-06-02 13:45:00,3936.0,3940.9,3931.0,3940.0,34655.0
2026-06-02 13:50:00,3940.0,3950.0,3940.0,3945.4,39568.0
2026-06-02 13:55:00,3944.5,3950.0,3940.0,3940.0,31380.0
2026-06-02 14:00:00,3940.0,3946.4,3940.0,3946.2,15883.0
2026-06-02 14:05:00,3947.0,3955.0,3945.6,3950.9,39623.0
2026-06-02 14:10:00,3950.9,3950.9,3943.0,3943.6,32944.0
2026-06-02 14:15:00,3943.6,3948.0,3928.2,3930.0,54240.0
2026-06-02 14:20:00,3930.0,3939.2,3929.5,3932.5,37707.0
2026-06-02 14:25:00,3932.8,3939.9,3930.0,3936.0,31690.0
2026-06-02 14:30:00,3936.3,3940.0,3933.3,3936.2,41086.0
2026-06-02 14:35:00,3935.4,3936.2,3928.0,3929.0,31379.0
2026-06-02 14:40:00,3927.0,3928.0,3915.4,3918.8,91957.0
2026-06-02 14:45:00,3918.8,3921.0,3915.3,3920.0,33725.0
2026-06-02 14:50:00,3920.0,3925.0,3919.3,3922.9,38984.0
2026-06-02 14:55:00,3922.9,3924.1,3916.5,3916.5,43737.0
2026-06-02 15:00:00,3917.0,3928.7,3912.2,3927.0,72908.0
2026-06-02 15:05:00,3926.5,3933.2,3926.1,3931.4,75909.0
2026-06-02 15:10:00,3932.0,3940.2,3931.7,3937.6,89853.0
2026-06-02 15:15:00,3937.0,3940.6,3934.4,3938.9,101379.0
2026-06-02 15:20:00,3939.5,3939.7,3926.1,3930.5,99611.0
2026-06-02 15:25:00,3930.5,3936.0,3925.6,3936.0,113856.0
2026-06-03 09:15:00,3935.5,3953.9,3905.7,3913.6,208373.0
2026-06-03 09:20:00,3912.0,3923.6,3904.0,3915.0,87300.0
2026-06-03 09:25:00,3915.0,3919.7,3894.6,3897.8,94986.0
2026-06-03 09:30:00,3898.5,3915.0,3892.0,3893.1,83148.0
2026-06-03 09:35:00,3895.0,3898.8,3876.0,3894.0,97153.0
2026-06-03 09:40:00,3893.7,3894.0,3882.6,3892.7,73114.0
2026-06-03 09:45:00,3890.8,3922.0,3887.8,3918.9,124720.0
2026-06-03 09:50:00,3917.9,3922.3,3895.0,3896.2,79054.0
2026-06-03 09:55:00,3895.0,3899.4,3888.2,3894.3,60430.0
2026-06-03 10:00:00,3895.7,3897.9,3886.0,3889.4,82133.0
2026-06-03 10:05:00,3889.4,3900.0,3888.0,3890.9,79100.0
2026-06-03 10:10:00,3891.5,3893.6,3880.4,3888.0,69994.0
2026-06-03 10:15:00,3887.5,3898.7,3879.3,3894.8,50508.0
2026-06-03 10:20:00,3893.6,3912.8,3893.5,3902.0,72398.0
2026-06-03 10:25:00,3902.0,3910.0,3895.0,3895.0,26368.0
2026-06-03 10:30:00,3895.5,3899.5,3877.0,3879.6,51229.0
2026-06-03 10:35:00,3881.1,3889.0,3878.2,3885.9,28634.0
2026-06-03 10:40:00,3885.6,3890.0,3884.0,3887.5,18574.0
2026-06-03 10:45:00,3887.4,3893.0,3885.1,3891.5,20645.0
2026-06-03 10:50:00,3892.1,3894.5,3871.5,3878.8,90772.0
2026-06-03 10:55:00,3878.0,3880.0,3875.3,3877.2,23373.0
2026-06-03 11:00:00,3876.8,3883.0,3875.2,3876.5,41337.0
2026-06-03 11:05:00,3875.2,3875.8,3867.2,3870.3,48841.0
2026-06-03 11:10:00,3870.3,3874.9,3856.7,3864.1,61279.0
2026-06-03 11:15:00,3864.0,3873.0,3862.0,3871.5,28349.0
2026-06-03 11:20:00,3871.4,3883.6,3870.4,3878.0,31541.0
2026-06-03 11:25:00,3877.8,3888.2,3876.6,3888.2,31340.0
2026-06-03 11:30:00,3888.4,3889.9,3881.5,3885.3,22967.0
2026-06-03 11:35:00,3885.5,3886.2,3877.0,3878.0,19060.0
2026-06-03 11:40:00,3878.1,3878.8,3870.4,3873.7,17253.0
2026-06-03 11:45:00,3873.1,3875.9,3870.5,3874.9,10270.0
2026-06-03 11:50:00,3874.9,3876.8,3870.0,3871.6,12255.0
2026-06-03 11:55:00,3870.1,3873.7,3865.6,3866.0,18316.0
2026-06-03 12:00:00,3865.6,3867.0,3855.1,3857.0,35535.0
2026-06-03 12:05:00,3857.0,3866.2,3856.1,3861.5,25020.0
2026-06-03 12:10:00,3861.9,3865.0,3859.0,3865.0,18019.0
2026-06-03 12:15:00,3864.5,3865.5,3860.0,3860.5,15866.0
2026-06-03 12:20:00,3860.5,3868.0,3855.0,3857.5,29408.0
2026-06-03 12:25:00,3857.0,3866.8,3856.0,3866.2,22192.0
2026-06-03 12:30:00,3866.4,3879.7,3866.4,3878.2,56778.0
2026-06-03 12:35:00,3878.4,3894.5,3877.6,3892.2,92508.0
2026-06-03 12:40:00,3893.7,3911.0,3892.4,3898.6,106893.0
2026-06-03 12:45:00,3898.8,3900.0,3884.1,3884.8,55810.0
2026-06-03 12:50:00,3884.3,3885.5,3877.8,3878.3,34076.0
2026-06-03 12:55:00,3878.7,3883.8,3875.0,3876.1,28422.0
2026-06-03 13:00:00,3878.4,3885.0,3876.3,3881.4,29924.0
2026-06-03 13:05:00,3881.8,3885.0,3880.4,3880.9,18149.0
2026-06-03 13:10:00,3881.7,3885.0,3877.0,3883.3,22135.0
2026-06-03 13:15:00,3888.0,3895.0,3885.0,3886.0,37044.0
2026-06-03 13:20:00,3889.0,3897.8,3888.6,3894.5,31349.0
2026-06-03 13:25:00,3893.8,3899.0,3889.1,3896.9,34782.0
2026-06-03 13:30:00,3896.7,3899.0,3888.0,3894.9,37164.0
2026-06-03 13:35:00,3893.5,3898.0,3888.2,3890.5,17965.0
2026-06-03 13:40:00,3892.7,3901.7,3891.1,3897.5,34680.0
2026-06-03 13:45:00,3897.1,3926.2,3893.9,3920.0,131151.0
2026-06-03 13:50:00,3920.0,3943.0,3909.9,3918.7,149144.0
2026-06-03 13:55:00,3917.8,3920.7,3911.0,3920.0,35069.0
2026-06-03 14:00:00,3920.8,3935.0,3920.8,3935.0,49368.0
2026-06-03 14:05:00,3934.1,3939.9,3927.3,3937.9,77819.0
2026-06-03 14:10:00,3937.2,3945.0,3931.2,3943.0,53765.0
2026-06-03 14:15:00,3944.2,3965.0,3942.5,3957.1,133740.0
2026-06-03 14:20:00,3959.0,3980.0,3957.7,3976.8,170271.0
2026-06-03 14:25:00,3977.8,3998.9,3975.3,3989.0,161586.0
2026-06-03 14:30:00,3988.7,4003.0,3988.7,3996.0,147994.0
2026-06-03 14:35:00,3994.3,3997.9,3987.6,3992.9,77021.0
2026-06-03 14:40:00,3991.7,4013.0,3991.7,4010.0,166577.0
2026-06-03 14:45:00,4009.4,4018.0,4000.0,4003.0,140808.0
2026-06-03 14:50:00,4002.7,4011.0,4000.0,4000.6,115821.0
2026-06-03 14:55:00,4000.2,4001.0,3980.1,3990.1,133833.0
2026-06-03 15:00:00,3992.0,3998.2,3980.0,3991.8,103365.0
2026-06-03 15:05:00,3994.1,3997.6,3967.0,3969.1,121004.0
2026-06-03 15:10:00,3970.1,3971.9,3945.1,3954.6,132316.0
2026-06-03 15:15:00,3954.7,3955.0,3948.4,3954.8,88501.0
2026-06-03 15:20:00,3956.9,3964.8,3955.0,3955.1,101475.0
2026-06-03 15:25:00,3955.1,3969.0,3955.0,3960.1,106106.0
2026-06-04 09:15:00,3949.0,3972.1,3926.4,3964.6,210798.0
2026-06-04 09:20:00,3964.3,3976.8,3960.1,3971.2,92240.0
2026-06-04 09:25:00,3972.5,3982.4,3966.2,3975.0,77304.0
2026-06-04 09:30:00,3975.0,3986.8,3972.6,3985.9,88354.0
2026-06-04 09:35:00,3986.0,3997.0,3973.0,3974.8,121793.0
2026-06-04 09:40:00,3974.8,3977.0,3961.3,3974.3,83038.0
2026-06-04 09:45:00,3974.3,4003.0,3972.5,4001.9,92129.0
2026-06-04 09:50:00,4003.0,4006.0,3988.6,3997.1,92093.0
2026-06-04 09:55:00,3998.0,4011.0,3997.0,4001.2,63602.0
2026-06-04 10:00:00,4001.9,4009.0,3993.7,4006.5,44938.0
2026-06-04 10:05:00,4005.1,4014.0,4002.3,4013.9,48351.0
2026-06-04 10:10:00,4013.0,4013.9,4005.3,4009.7,37714.0
2026-06-04 10:15:00,4009.9,4024.0,4008.8,4023.9,77476.0
2026-06-04 10:20:00,4023.9,4030.5,4018.0,4024.8,108102.0
2026-06-04 10:25:00,4024.8,4030.0,4017.3,4018.0,55333.0
2026-06-04 10:30:00,4017.0,4017.7,4003.0,4003.9,65416.0
2026-06-04 10:35:00,4003.0,4011.8,3997.6,4003.4,75289.0
2026-06-04 10:40:00,4002.4,4011.6,4000.6,4011.6,31048.0
2026-06-04 10:45:00,4012.5,4017.6,4009.6,4015.8,30605.0
2026-06-04 10:50:00,4015.0,4018.0,4011.0,4014.9,18840.0
2026-06-04 10:55:00,4014.0,4024.4,4014.0,4023.3,28771.0
2026-06-04 11:00:00,4023.3,4035.0,4009.1,4013.0,94186.0
2026-06-04 11:05:00,4013.7,4032.0,4010.1,4027.0,43603.0
2026-06-04 11:10:00,4029.5,4037.0,4026.5,4033.9,63974.0
2026-06-04 11:15:00,4033.9,4047.0,4032.4,4041.6,91235.0
2026-06-04 11:20:00,4041.4,4060.0,4040.8,4056.5,112574.0
2026-06-04 11:25:00,4056.8,4060.0,4047.0,4055.0,62263.0
2026-06-04 11:30:00,4056.0,4066.0,4051.0,4064.0,77420.0
2026-06-04 11:35:00,4064.0,4085.9,4061.5,4080.6,111948.0
2026-06-04 11:40:00,4083.6,4087.7,4070.0,4077.6,85930.0
2026-06-04 11:45:00,4077.7,4092.6,4077.7,4091.5,86545.0
2026-06-04 11:50:00,4091.5,4099.9,4088.0,4091.8,120368.0
2026-06-04 11:55:00,4091.7,4104.9,4085.2,4089.0,96051.0
2026-06-04 12:00:00,4087.3,4088.9,4070.1,4086.8,105028.0
2026-06-04 12:05:00,4086.5,4089.0,4080.0,4084.3,25244.0
2026-06-04 12:10:00,4084.3,4085.5,4073.0,4081.0,43359.0
2026-06-04 12:15:00,4081.0,4081.9,4061.6,4072.9,59997.0
2026-06-04 12:20:00,4073.6,4076.8,4068.6,4070.2,29425.0
2026-06-04 12:25:00,4071.5,4076.0,4070.2,4074.0,11256.0
2026-06-04 12:30:00,4073.8,4086.4,4073.0,4080.0,49607.0
2026-06-04 12:35:00,4081.6,4087.8,4081.6,4085.6,28658.0
2026-06-04 12:40:00,4085.6,4088.5,4081.2,4083.5,28045.0
2026-06-04 12:45:00,4083.5,4087.0,4082.3,4084.4,10725.0
2026-06-04 12:50:00,4084.0,4085.0,4077.0,4079.0,22642.0
2026-06-04 12:55:00,4079.0,4081.5,4077.0,4078.0,13651.0
2026-06-04 13:00:00,4078.0,4087.0,4077.2,4085.0,18569.0
2026-06-04 13:05:00,4085.6,4085.7,4080.2,4083.2,14187.0
2026-06-04 13:10:00,4083.7,4086.8,4061.0,4064.6,59133.0
2026-06-04 13:15:00,4064.9,4075.0,4060.2,4075.0,41806.0
2026-06-04 13:20:00,4075.0,4082.9,4070.0,4081.6,30637.0
2026-06-04 13:25:00,4081.6,4087.8,4080.6,4085.6,35350.0
2026-06-04 13:30:00,4084.5,4085.0,4068.7,4077.0,53683.0
2026-06-04 13:35:00,4077.7,4082.8,4074.4,4078.0,22928.0
2026-06-04 13:40:00,4078.0,4078.9,4073.5,4075.0,10494.0
2026-06-04 13:45:00,4075.0,4082.0,4073.5,4080.0,15634.0
2026-06-04 13:50:00,4080.0,4080.0,4072.4,4079.0,12767.0
2026-06-04 13:55:00,4079.0,4079.0,4061.3,4061.4,41671.0
2026-06-04 14:00:00,4061.0,4076.0,4060.8,4065.4,31613.0
2026-06-04 14:05:00,4065.4,4069.8,4061.0,4065.0,27388.0
2026-06-04 14:10:00,4065.5,4071.9,4063.1,4066.0,21159.0
2026-06-04 14:15:00,4066.0,4069.4,4064.0,4064.9,16432.0
2026-06-04 14:20:00,4064.9,4065.2,4047.6,4048.9,65862.0
2026-06-04 14:25:00,4047.8,4056.9,4047.2,4052.5,25945.0
2026-06-04 14:30:00,4051.9,4058.7,4050.0,4054.6,29364.0
2026-06-04 14:35:00,4054.7,4063.9,4052.5,4059.3,31392.0
2026-06-04 14:40:00,4058.5,4060.0,4043.8,4047.5,44601.0
2026-06-04 14:45:00,4046.3,4054.4,4034.4,4041.0,61229.0
2026-06-04 14:50:00,4038.8,4043.6,4030.0,4031.0,52315.0
2026-06-04 14:55:00,4030.3,4038.5,4030.2,4034.1,25314.0
2026-06-04 15:00:00,4036.2,4037.0,4021.7,4022.9,72792.0
2026-06-04 15:05:00,4024.0,4028.5,4020.6,4024.8,42242.0
2026-06-04 15:10:00,4025.0,4030.0,4020.0,4020.0,52826.0
2026-06-04 15:15:00,4020.6,4035.0,4017.3,4032.7,77837.0
2026-06-04 15:20:00,4034.4,4055.0,4031.5,4050.0,97810.0
2026-06-04 15:25:00,4051.1,4051.1,4036.0,4042.0,79355.0
2026-06-05 09:15:00,4053.0,4084.0,4053.0,4078.7,212648.0
2026-06-05 09:20:00,4079.9,4107.1,4079.9,4103.3,198068.0
2026-06-05 09:25:00,4102.4,4114.0,4092.9,4107.0,198879.0
2026-06-05 09:30:00,4107.3,4121.0,4107.3,4116.0,161668.0
2026-06-05 09:35:00,4116.6,4119.8,4104.1,4111.0,71433.0
2026-06-05 09:40:00,4111.0,4111.9,4081.7,4082.5,122399.0
2026-06-05 09:45:00,4083.0,4085.0,4044.9,4046.5,205217.0
2026-06-05 09:50:00,4046.2,4049.9,4030.3,4043.4,125162.0
2026-06-05 09:55:00,4044.0,4060.6,4043.0,4048.0,99557.0
2026-06-05 10:00:00,4048.0,4057.9,4040.2,4056.7,51733.0
2026-06-05 10:05:00,4056.3,4066.0,4046.9,4062.0,59329.0
2026-06-05 10:10:00,4063.8,4064.8,4042.2,4043.5,58859.0
2026-06-05 10:15:00,4043.0,4055.8,4043.0,4053.0,40908.0
2026-06-05 10:20:00,4052.3,4058.0,4042.0,4051.0,47820.0
2026-06-05 10:25:00,4051.0,4054.9,4047.9,4048.5,21371.0
2026-06-05 10:30:00,4049.1,4052.0,4044.4,4044.4,23219.0
2026-06-05 10:35:00,4044.1,4044.8,4010.7,4025.6,136632.0
2026-06-05 10:40:00,4027.0,4027.6,4010.1,4018.0,65681.0
2026-06-05 10:45:00,4019.0,4025.2,4005.5,4025.2,90437.0
2026-06-05 10:50:00,4025.0,4035.5,4025.0,4030.0,54875.0
2026-06-05 10:55:00,4030.3,4030.7,4022.0,4028.4,26184.0
2026-06-05 11:00:00,4029.0,4040.0,4026.1,4039.4,30937.0
2026-06-05 11:05:00,4040.4,4049.9,4039.0,4047.8,69377.0
2026-06-05 11:10:00,4048.0,4049.4,4026.0,4027.0,42603.0
2026-06-05 11:15:00,4028.0,4033.8,4020.8,4028.8,34588.0
2026-06-05 11:20:00,4028.5,4029.3,4012.1,4019.5,46436.0
2026-06-05 11:25:00,4019.4,4026.8,4019.0,4025.4,18648.0
2026-06-05 11:30:00,4024.9,4029.9,4024.1,4027.3,19458.0
2026-06-05 11:35:00,4027.8,4033.0,4025.0,4028.0,27992.0
2026-06-05 11:40:00,4026.5,4033.9,4026.0,4028.2,15635.0
2026-06-05 11:45:00,4028.2,4033.7,4028.1,4031.3,10675.0
2026-06-05 11:50:00,4031.8,4031.8,4016.7,4019.1,16102.0
2026-06-05 11:55:00,4021.7,4025.1,4018.8,4019.9,10542.0
2026-06-05 12:00:00,4019.7,4032.9,4019.1,4031.6,14132.0
2026-06-05 12:05:00,4030.0,4038.0,4030.0,4034.0,19735.0
2026-06-05 12:10:00,4034.0,4037.0,4031.1,4037.0,13322.0
2026-06-05 12:15:00,4036.8,4038.0,4031.8,4034.6,13239.0
2026-06-05 12:20:00,4034.4,4037.0,4033.0,4035.7,6018.0
2026-06-05 12:25:00,4035.0,4044.9,4033.0,4033.2,21882.0
2026-06-05 12:30:00,4034.4,4035.8,4022.0,4025.6,25762.0
2026-06-05 12:35:00,4024.2,4028.0,4016.0,4019.9,30045.0
2026-06-05 12:40:00,4019.9,4019.9,4013.1,4015.7,23977.0
2026-06-05 12:45:00,4015.1,4019.5,3995.0,3995.5,79903.0
2026-06-05 12:50:00,3996.2,3996.2,3953.0,3974.2,155908.0
2026-06-05 12:55:00,3973.7,3984.0,3968.0,3971.2,56670.0
2026-06-05 13:00:00,3969.6,3969.7,3938.0,3943.8,193259.0
2026-06-05 13:05:00,3944.4,3945.6,3870.0,3881.5,349332.0
2026-06-05 13:10:00,3882.3,3882.8,3833.0,3833.8,324408.0
2026-06-05 13:15:00,3834.4,3877.3,3822.9,3861.0,294255.0
2026-06-05 13:20:00,3861.2,3862.6,3825.7,3840.5,212485.0
2026-06-05 13:25:00,3841.0,3885.0,3841.0,3871.9,195819.0
2026-06-05 13:30:00,3871.7,3880.0,3860.0,3874.7,94505.0
2026-06-05 13:35:00,3872.9,3879.0,3852.0,3859.0,118248.0
2026-06-05 13:40:00,3860.0,3860.0,3843.9,3846.7,108419.0
2026-06-05 13:45:00,3846.2,3866.2,3842.4,3863.8,82888.0
2026-06-05 13:50:00,3862.7,3877.0,3860.0,3872.7,100005.0
2026-06-05 13:55:00,3872.0,3873.5,3863.0,3867.0,36103.0
2026-06-05 14:00:00,3869.0,3888.2,3866.5,3879.7,114078.0
2026-06-05 14:05:00,3880.2,3885.0,3865.0,3865.1,65692.0
2026-06-05 14:10:00,3865.0,3879.1,3863.0,3868.0,48017.0
2026-06-05 14:15:00,3866.5,3881.9,3863.2,3881.9,48675.0
2026-06-05 14:20:00,3876.8,3904.1,3876.8,3900.0,159685.0
2026-06-05 14:25:00,3900.0,3907.4,3897.2,3900.0,115687.0
2026-06-05 14:30:00,3902.3,3905.0,3874.8,3876.0,114243.0
2026-06-05 14:35:00,3876.0,3878.0,3869.0,3876.4,76696.0
2026-06-05 14:40:00,3878.1,3894.0,3873.1,3892.0,68317.0
2026-06-05 14:45:00,3892.0,3895.0,3881.0,3883.2,65720.0
2026-06-05 14:50:00,3883.0,3892.0,3881.5,3883.1,50537.0
2026-06-05 14:55:00,3883.1,3894.9,3881.0,3889.3,73861.0
2026-06-05 15:00:00,3888.3,3889.1,3877.3,3879.0,71602.0
2026-06-05 15:05:00,3879.6,3880.0,3872.0,3877.1,70664.0
2026-06-05 15:10:00,3877.0,3884.9,3873.4,3882.3,96209.0
2026-06-05 15:15:00,3882.6,3893.5,3880.0,3886.0,155956.0
2026-06-05 15:20:00,3885.4,3885.6,3872.0,3876.0,116942.0
2026-06-05 15:25:00,3874.3,3885.0,3872.3,3884.0,137984.0
2026-06-08 09:15:00,3812.5,3888.0,3784.8,3882.4,407858.0
2026-06-08 09:20:00,3882.5,3908.0,3880.0,3904.3,188081.0
2026-06-08 09:25:00,3904.4,3916.8,3897.5,3915.0,123120.0
2026-06-08 09:30:00,3913.8,3929.0,3912.8,3920.4,159957.0
2026-06-08 09:35:00,3920.1,3937.0,3907.6,3920.6,182842.0
2026-06-08 09:40:00,3920.8,3939.9,3920.2,3939.7,97002.0
2026-06-08 09:45:00,3942.4,3949.0,3917.6,3923.0,185983.0
2026-06-08 09:50:00,3921.8,3933.8,3914.0,3931.2,90015.0
2026-06-08 09:55:00,3932.9,3957.0,3932.9,3948.1,133788.0
2026-06-08 10:00:00,3948.2,3948.8,3926.4,3927.0,84012.0
2026-06-08 10:05:00,3927.0,3942.0,3923.5,3931.6,46800.0
2026-06-08 10:10:00,3932.0,3932.6,3921.6,3925.9,49354.0
2026-06-08 10:15:00,3924.5,3926.0,3909.9,3914.0,65468.0
2026-06-08 10:20:00,3913.5,3922.2,3893.5,3920.0,139377.0
2026-06-08 10:25:00,3920.0,3924.3,3907.6,3924.0,51847.0
2026-06-08 10:30:00,3924.0,3928.1,3915.1,3926.9,33093.0
2026-06-08 10:35:00,3924.5,3933.5,3922.0,3930.6,45426.0
2026-06-08 10:40:00,3930.2,3939.0,3922.5,3923.0,38418.0
2026-06-08 10:45:00,3922.5,3925.0,3917.9,3921.6,25564.0
2026-06-08 10:50:00,3921.1,3923.9,3918.0,3918.6,19283.0
2026-06-08 10:55:00,3918.6,3929.9,3917.0,3927.3,30770.0
2026-06-08 11:00:00,3928.4,3929.5,3922.5,3922.5,16036.0
2026-06-08 11:05:00,3922.9,3924.2,3910.8,3914.0,29644.0
2026-06-08 11:10:00,3914.5,3918.0,3910.0,3912.5,26866.0
2026-06-08 11:15:00,3912.8,3918.7,3912.0,3913.2,12409.0
2026-06-08 11:20:00,3913.2,3917.9,3909.0,3910.0,27481.0
2026-06-08 11:25:00,3910.1,3922.7,3909.9,3921.0,26475.0
2026-06-08 11:30:00,3921.1,3925.0,3915.0,3924.7,28707.0
2026-06-08 11:35:00,3924.0,3934.0,3923.1,3931.9,44787.0
2026-06-08 11:40:00,3931.9,3933.5,3926.0,3930.7,26907.0
2026-06-08 11:45:00,3929.4,3932.7,3927.0,3928.3,14426.0
2026-06-08 11:50:00,3928.9,3932.0,3927.0,3929.6,14143.0
2026-06-08 11:55:00,3929.6,3939.0,3928.0,3928.0,62029.0
2026-06-08 12:00:00,3928.7,3935.2,3928.0,3933.9,15916.0
2026-06-08 12:05:00,3932.9,3934.9,3928.0,3930.0,14147.0
2026-06-08 12:10:00,3930.0,3935.2,3924.0,3929.2,17168.0
2026-06-08 12:15:00,3930.0,3940.0,3928.0,3939.8,23384.0
2026-06-08 12:20:00,3938.7,3940.0,3932.5,3933.5,19054.0
2026-06-08 12:25:00,3933.1,3939.3,3931.5,3936.0,18663.0
2026-06-08 12:30:00,3936.2,3937.9,3934.0,3935.7,14737.0
2026-06-08 12:35:00,3936.5,3947.0,3936.4,3944.8,62077.0
2026-06-08 12:40:00,3945.0,3953.0,3944.9,3952.0,67446.0
2026-06-08 12:45:00,3951.3,3954.7,3946.0,3947.6,37411.0
2026-06-08 12:50:00,3947.9,3952.0,3947.6,3949.4,25781.0
2026-06-08 12:55:00,3949.6,3949.8,3943.2,3945.2,30532.0
2026-06-08 13:00:00,3945.8,3952.9,3945.2,3950.3,30370.0
2026-06-08 13:05:00,3950.3,3953.0,3947.0,3947.8,28778.0
2026-06-08 13:10:00,3947.7,3948.4,3939.7,3940.4,35170.0
2026-06-08 13:15:00,3940.6,3943.9,3933.8,3934.9,44940.0
2026-06-08 13:20:00,3934.9,3938.0,3932.8,3932.8,20476.0
2026-06-08 13:25:00,3933.0,3934.6,3930.0,3931.6,20024.0
2026-06-08 13:30:00,3928.5,3932.4,3922.8,3926.4,42067.0
2026-06-08 13:35:00,3927.5,3927.8,3922.5,3925.5,14914.0
2026-06-08 13:40:00,3924.7,3925.5,3914.4,3914.9,35942.0
2026-06-08 13:45:00,3915.0,3922.4,3911.3,3918.0,51623.0
2026-06-08 13:50:00,3917.3,3921.9,3917.0,3919.7,13748.0
2026-06-08 13:55:00,3919.4,3925.0,3919.0,3923.3,17388.0
2026-06-08 14:00:00,3923.4,3934.2,3923.4,3933.6,36337.0
2026-06-08 14:05:00,3933.9,3934.6,3926.1,3927.8,22840.0
2026-06-08 14:10:00,3927.7,3929.0,3921.6,3927.0,15688.0
2026-06-08 14:15:00,3927.0,3928.0,3920.0,3924.0,15397.0
2026-06-08 14:20:00,3924.0,3924.0,3912.4,3914.4,23159.0
2026-06-08 14:25:00,3914.1,3919.5,3912.1,3914.1,34052.0
2026-06-08 14:30:00,3914.8,3926.0,3914.1,3925.8,21404.0
2026-06-08 14:35:00,3926.5,3931.0,3925.3,3928.0,41367.0
2026-06-08 14:40:00,3928.8,3932.9,3924.8,3931.8,20623.0
2026-06-08 14:45:00,3932.3,3933.0,3928.3,3932.7,15253.0
2026-06-08 14:50:00,3932.6,3935.0,3930.0,3930.3,25177.0
2026-06-08 14:55:00,3931.0,3937.5,3928.0,3934.8,30823.0
2026-06-08 15:00:00,3935.0,3935.0,3918.0,3919.5,49317.0
2026-06-08 15:05:00,3918.9,3927.0,3915.1,3922.0,54408.0
2026-06-08 15:10:00,3921.9,3925.0,3917.1,3921.8,51006.0
2026-06-08 15:15:00,3922.0,3925.0,3919.0,3922.8,53089.0
2026-06-08 15:20:00,3922.8,3925.0,3902.1,3906.3,109464.0
2026-06-08 15:25:00,3904.2,3908.9,3897.2,3906.3,60937.0
2026-06-09 09:15:00,3955.8,4025.0,3950.8,4025.0,374699.0
2026-06-09 09:20:00,4024.0,4032.9,4010.0,4017.0,194404.0
2026-06-09 09:25:00,4017.5,4030.0,4015.5,4019.4,82974.0
2026-06-09 09:30:00,4021.0,4026.0,4016.0,4016.0,61724.0
2026-06-09 09:35:00,4016.0,4020.0,4006.8,4012.0,69079.0
2026-06-09 09:40:00,4013.6,4017.6,3999.1,3999.7,74206.0
2026-06-09 09:45:00,4000.3,4015.2,4000.3,4004.3,66172.0
2026-06-09 09:50:00,4004.3,4017.0,4002.3,4009.8,33311.0
2026-06-09 09:55:00,4009.0,4009.5,3992.5,4004.8,55619.0
2026-06-09 10:00:00,4004.9,4016.1,4001.4,4009.5,70942.0
2026-06-09 10:05:00,4008.7,4017.0,4008.2,4014.0,31558.0
2026-06-09 10:10:00,4014.4,4016.0,4007.3,4008.2,19065.0
2026-06-09 10:15:00,4009.8,4010.0,4004.1,4007.5,20288.0
2026-06-09 10:20:00,4007.1,4010.0,4003.0,4006.0,16141.0
2026-06-09 10:25:00,4005.8,4010.0,4005.2,4006.7,21005.0
2026-06-09 10:30:00,4006.7,4015.8,4003.0,4015.3,53733.0
2026-06-09 10:35:00,4015.8,4019.0,4010.7,4015.0,65455.0
2026-06-09 10:40:00,4015.0,4023.6,4013.1,4018.0,46279.0
2026-06-09 10:45:00,4018.9,4028.9,4015.1,4015.7,59608.0
2026-06-09 10:50:00,4015.9,4016.3,4005.2,4014.7,52597.0
2026-06-09 10:55:00,4014.8,4015.0,4000.0,4005.9,47035.0
2026-06-09 11:00:00,4006.9,4011.0,4005.0,4006.5,23123.0
2026-06-09 11:05:00,4007.0,4012.5,3992.1,3993.4,44401.0
2026-06-09 11:10:00,3993.1,3995.9,3982.5,3994.7,63501.0
2026-06-09 11:15:00,3994.1,4008.9,3994.0,4002.0,66217.0
2026-06-09 11:20:00,4002.0,4005.8,3993.2,3996.8,27130.0
2026-06-09 11:25:00,3996.2,4000.0,3991.9,3995.7,43656.0
2026-06-09 11:30:00,3995.5,3998.4,3991.2,3995.8,21881.0
2026-06-09 11:35:00,3995.8,4003.2,3994.5,3999.0,32861.0
2026-06-09 11:40:00,3999.0,3999.0,3991.4,3995.0,23546.0
2026-06-09 11:45:00,3994.9,3998.0,3992.3,3997.4,28119.0
2026-06-09 11:50:00,3997.5,3997.5,3984.0,3989.5,40930.0
2026-06-09 11:55:00,3988.8,3994.8,3988.0,3991.9,23939.0
2026-06-09 12:00:00,3991.7,3997.0,3990.5,3994.6,14324.0
2026-06-09 12:05:00,3995.3,4003.3,3983.4,3985.6,65285.0
2026-06-09 12:10:00,3985.5,3989.8,3985.0,3988.2,14512.0
2026-06-09 12:15:00,3988.8,3990.0,3986.0,3989.3,22576.0
2026-06-09 12:20:00,3989.5,3995.1,3988.0,3991.5,31019.0
2026-06-09 12:25:00,3992.1,3996.0,3988.1,3990.1,14858.0
2026-06-09 12:30:00,3989.2,3990.0,3972.3,3976.7,74393.0
2026-06-09 12:35:00,3976.7,3977.9,3971.0,3971.8,25539.0
2026-06-09 12:40:00,3972.0,3973.1,3960.3,3968.0,54876.0
2026-06-09 12:45:00,3967.9,3974.4,3965.0,3968.0,24027.0
2026-06-09 12:50:00,3968.0,3968.0,3965.0,3967.0,13228.0
2026-06-09 12:55:00,3966.0,3967.0,3961.3,3965.1,18627.0
2026-06-09 13:00:00,3965.8,3967.0,3963.7,3967.0,10019.0
2026-06-09 13:05:00,3967.0,3972.2,3966.9,3972.1,13500.0
2026-06-09 13:10:00,3971.9,3982.4,3970.7,3981.9,26609.0
2026-06-09 13:15:00,3980.8,3990.0,3977.3,3988.6,26802.0
2026-06-09 13:20:00,3990.0,3990.8,3983.0,3983.9,14664.0
2026-06-09 13:25:00,3985.0,3985.0,3980.0,3981.0,7341.0
2026-06-09 13:30:00,3981.0,3981.0,3961.9,3965.8,44839.0
2026-06-09 13:35:00,3965.8,3967.4,3961.3,3966.3,24170.0
2026-06-09 13:40:00,3966.4,3967.8,3957.0,3957.0,37728.0
2026-06-09 13:45:00,3957.1,3969.2,3953.3,3968.0,28480.0
2026-06-09 13:50:00,3969.0,3975.0,3968.6,3970.6,17686.0
2026-06-09 13:55:00,3969.1,3975.0,3965.0,3969.3,32113.0
2026-06-09 14:00:00,3968.6,3969.4,3962.5,3965.4,13040.0
2026-06-09 14:05:00,3966.1,3978.8,3962.2,3978.5,21853.0
2026-06-09 14:10:00,3977.4,3978.6,3973.1,3976.5,12081.0
2026-06-09 14:15:00,3976.5,3978.0,3973.1,3978.0,8858.0
2026-06-09 14:20:00,3977.5,3986.9,3977.0,3978.5,27513.0
2026-06-09 14:25:00,3978.7,3979.0,3975.7,3976.0,9539.0
2026-06-09 14:30:00,3976.6,3979.5,3973.0,3977.9,16213.0
2026-06-09 14:35:00,3977.9,3984.5,3976.0,3983.9,18106.0
2026-06-09 14:40:00,3983.4,3987.4,3983.3,3985.0,30520.0
2026-06-09 14:45:00,3985.1,3989.8,3982.5,3987.5,24367.0
2026-06-09 14:50:00,3986.8,3995.9,3985.0,3994.7,32100.0
2026-06-09 14:55:00,3996.0,4000.0,3992.0,4000.0,51134.0
2026-06-09 15:00:00,3999.7,4002.0,3989.0,4001.2,91112.0
2026-06-09 15:05:00,4002.0,4006.2,3994.5,3996.4,93487.0
2026-06-09 15:10:00,3994.5,3994.5,3988.3,3991.5,45922.0
2026-06-09 15:15:00,3991.0,3995.8,3989.0,3992.8,46223.0
2026-06-09 15:20:00,3992.0,3998.0,3990.0,3993.8,67647.0
2026-06-09 15:25:00,3994.9,3999.0,3989.3,3998.0,69010.0
2026-06-10 09:15:00,4012.0,4018.9,3990.0,4008.2,207642.0
2026-06-10 09:20:00,4009.0,4009.0,3975.7,3988.1,100675.0
2026-06-10 09:25:00,3988.5,3992.7,3978.0,3988.7,35681.0
2026-06-10 09:30:00,3989.4,3992.8,3980.0,3991.9,36181.0
2026-06-10 09:35:00,3994.0,4011.5,3992.4,3999.9,112019.0
2026-06-10 09:40:00,3999.0,3999.6,3992.6,3997.2,46359.0
2026-06-10 09:45:00,3997.2,3998.0,3988.7,3991.9,22837.0
2026-06-10 09:50:00,3991.0,3991.3,3980.1,3984.9,35186.0
2026-06-10 09:55:00,3984.7,3995.0,3983.3,3985.8,21431.0
2026-06-10 10:00:00,3984.2,3989.3,3982.0,3984.7,17532.0
2026-06-10 10:05:00,3984.0,3986.9,3975.0,3982.1,36935.0
2026-06-10 10:10:00,3982.1,3982.1,3970.0,3975.0,37651.0
2026-06-10 10:15:00,3974.9,3984.4,3973.6,3983.9,36054.0
2026-06-10 10:20:00,3983.5,3985.9,3976.1,3976.7,21313.0
2026-06-10 10:25:00,3976.9,3987.0,3974.0,3985.0,39030.0
2026-06-10 10:30:00,3985.0,4012.0,3983.1,4012.0,112635.0
2026-06-10 10:35:00,4012.6,4016.0,4009.0,4015.0,78503.0
2026-06-10 10:40:00,4015.0,4018.8,4006.9,4008.7,50274.0
2026-06-10 10:45:00,4008.6,4014.3,4006.6,4012.0,21306.0
2026-06-10 10:50:00,4013.0,4019.7,4010.1,4013.0,40009.0
2026-06-10 10:55:00,4014.0,4018.9,4012.0,4018.9,22983.0
2026-06-10 11:00:00,4018.1,4022.5,4014.0,4016.0,78582.0
2026-06-10 11:05:00,4016.0,4018.0,4008.1,4016.8,20939.0
2026-06-10 11:10:00,4017.0,4029.0,4012.3,4022.1,86931.0
2026-06-10 11:15:00,4022.5,4023.8,4016.0,4018.5,34797.0
2026-06-10 11:20:00,4018.1,4019.9,4014.0,4019.3,25009.0
2026-06-10 11:25:00,4019.3,4023.7,4016.1,4018.6,24878.0
2026-06-10 11:30:00,4018.3,4020.1,4016.2,4017.1,12801.0
2026-06-10 11:35:00,4017.1,4025.0,4015.2,4018.0,33427.0
2026-06-10 11:40:00,4019.0,4024.0,4018.5,4021.8,13436.0
2026-06-10 11:45:00,4021.2,4021.3,4012.0,4015.0,27126.0
2026-06-10 11:50:00,4014.7,4015.0,4011.0,4012.7,18294.0
2026-06-10 11:55:00,4012.7,4014.0,4005.0,4007.7,24253.0
2026-06-10 12:00:00,4009.0,4009.0,3996.5,3998.9,33995.0
2026-06-10 12:05:00,3998.9,3999.0,3993.0,3998.5,24549.0
2026-06-10 12:10:00,3998.3,4002.7,3995.0,4001.4,25096.0
2026-06-10 12:15:00,4001.3,4001.7,3996.6,3997.6,11587.0
2026-06-10 12:20:00,3997.6,4004.7,3997.6,3999.9,14146.0
2026-06-10 12:25:00,3999.9,4001.0,3992.0,3992.6,19258.0
2026-06-10 12:30:00,3992.1,3995.0,3985.1,3988.7,52771.0
2026-06-10 12:35:00,3989.7,3994.7,3972.6,3974.8,59522.0
2026-06-10 12:40:00,3974.9,3975.0,3965.8,3973.9,50489.0
2026-06-10 12:45:00,3973.5,3979.9,3970.0,3977.0,25441.0
2026-06-10 12:50:00,3976.0,3985.7,3976.0,3983.3,35770.0
2026-06-10 12:55:00,3982.0,3984.0,3978.0,3979.1,27664.0
2026-06-10 13:00:00,3979.7,3984.0,3977.0,3980.9,19725.0
2026-06-10 13:05:00,3982.0,3984.0,3980.0,3981.8,27166.0
2026-06-10 13:10:00,3982.3,3988.3,3981.8,3984.4,18308.0
2026-06-10 13:15:00,3985.0,3989.0,3983.5,3985.4,15561.0
2026-06-10 13:20:00,3985.4,3987.7,3981.9,3985.6,12849.0
2026-06-10 13:25:00,3984.1,3988.9,3983.0,3988.9,20068.0
2026-06-10 13:30:00,3989.5,3989.9,3980.0,3982.0,25089.0
2026-06-10 13:35:00,3982.2,3984.3,3976.3,3982.5,28532.0
2026-06-10 13:40:00,3982.5,3985.0,3977.6,3978.9,18881.0
2026-06-10 13:45:00,3978.0,3979.0,3975.0,3978.4,12894.0
2026-06-10 13:50:00,3977.8,3979.9,3975.0,3976.6,17167.0
2026-06-10 13:55:00,3977.0,3977.0,3975.0,3976.0,13168.0
2026-06-10 14:00:00,3976.0,3980.0,3975.1,3976.7,11919.0
2026-06-10 14:05:00,3976.3,3979.5,3974.0,3974.0,14847.0
2026-06-10 14:10:00,3974.8,3975.0,3966.8,3969.6,33832.0
2026-06-10 14:15:00,3969.6,3974.5,3965.0,3974.0,26065.0
2026-06-10 14:20:00,3974.4,3974.5,3970.0,3970.8,14622.0
2026-06-10 14:25:00,3970.8,3972.0,3965.0,3968.6,22087.0
2026-06-10 14:30:00,3969.0,3969.3,3960.1,3963.7,38610.0
2026-06-10 14:35:00,3962.5,3965.9,3948.0,3948.0,58318.0
2026-06-10 14:40:00,3947.3,3950.9,3943.0,3943.0,43611.0
2026-06-10 14:45:00,3944.4,3950.0,3937.5,3942.1,55496.0
2026-06-10 14:50:00,3942.0,3947.0,3940.0,3943.3,28032.0
2026-06-10 14:55:00,3944.1,3956.2,3943.0,3953.8,44765.0
2026-06-10 15:00:00,3953.9,3954.1,3942.0,3944.0,46228.0
2026-06-10 15:05:00,3944.2,3945.5,3930.0,3934.5,93026.0
2026-06-10 15:10:00,3937.0,3938.0,3925.0,3925.2,67807.0
2026-06-10 15:15:00,3926.0,3927.2,3913.1,3923.9,107358.0
2026-06-10 15:20:00,3924.8,3928.9,3916.5,3928.9,69454.0
2026-06-10 15:25:00,3928.9,3935.0,3925.3,3935.0,76862.0
2026-06-11 09:15:00,3909.9,3929.0,3888.0,3921.9,143648.0
2026-06-11 09:20:00,3920.5,3941.6,3914.3,3916.3,107393.0
2026-06-11 09:25:00,3915.0,3932.9,3910.3,3927.4,74762.0
2026-06-11 09:30:00,3928.0,3935.7,3924.0,3925.6,49883.0
2026-06-11 09:35:00,3927.7,3929.9,3920.0,3928.0,44969.0
2026-06-11 09:40:00,3929.0,3937.0,3922.0,3934.4,45427.0
2026-06-11 09:45:00,3933.7,3943.9,3930.3,3939.5,68048.0
2026-06-11 09:50:00,3938.2,3942.7,3931.9,3931.9,31439.0
2026-06-11 09:55:00,3931.0,3931.7,3922.2,3925.5,32715.0
2026-06-11 10:00:00,3925.0,3936.6,3924.0,3930.3,14295.0
2026-06-11 10:05:00,3929.9,3941.0,3928.0,3940.4,29697.0
2026-06-11 10:10:00,3940.5,3940.9,3932.9,3932.9,15855.0
2026-06-11 10:15:00,3933.9,3949.4,3932.7,3947.0,40301.0
2026-06-11 10:20:00,3947.0,3954.1,3945.0,3950.3,36783.0
2026-06-11 10:25:00,3949.0,3952.0,3947.0,3947.5,15684.0
2026-06-11 10:30:00,3947.0,3948.0,3938.0,3942.9,20643.0
2026-06-11 10:35:00,3941.6,3944.0,3940.1,3944.0,7854.0
2026-06-11 10:40:00,3943.6,3947.4,3940.5,3945.0,10938.0
2026-06-11 10:45:00,3945.6,3948.0,3938.0,3938.7,12205.0
2026-06-11 10:50:00,3937.8,3939.0,3928.6,3929.8,26154.0
2026-06-11 10:55:00,3930.0,3931.3,3923.6,3924.2,34993.0
2026-06-11 11:00:00,3924.2,3932.0,3923.6,3926.1,17338.0
2026-06-11 11:05:00,3926.1,3934.0,3926.1,3933.3,12068.0
2026-06-11 11:10:00,3934.0,3935.1,3927.2,3928.0,12328.0
2026-06-11 11:15:00,3929.0,3934.0,3925.0,3934.0,15748.0
2026-06-11 11:20:00,3934.0,3938.9,3931.8,3935.0,23741.0
2026-06-11 11:25:00,3934.7,3946.8,3934.7,3943.6,19186.0
2026-06-11 11:30:00,3944.0,3945.1,3937.6,3940.6,10898.0
2026-06-11 11:35:00,3940.2,3941.6,3930.7,3932.7,15656.0
2026-06-11 11:40:00,3932.6,3939.0,3931.0,3938.0,11621.0
2026-06-11 11:45:00,3938.0,3943.0,3937.4,3939.0,11845.0
2026-06-11 11:50:00,3939.0,3940.7,3936.2,3938.4,8665.0
2026-06-11 11:55:00,3938.2,3939.3,3935.0,3938.9,16870.0
2026-06-11 12:00:00,3938.9,3943.0,3930.7,3930.7,23947.0
2026-06-11 12:05:00,3932.1,3932.1,3926.5,3929.0,18700.0
2026-06-11 12:10:00,3929.2,3929.9,3916.1,3918.4,52774.0
2026-06-11 12:15:00,3918.4,3932.0,3915.4,3928.5,30690.0
2026-06-11 12:20:00,3929.0,3930.0,3925.0,3927.0,14240.0
2026-06-11 12:25:00,3927.1,3930.0,3925.9,3930.0,11966.0
2026-06-11 12:30:00,3930.5,3935.1,3924.9,3929.6,25096.0
2026-06-11 12:35:00,3931.1,3931.4,3923.4,3926.5,10017.0
2026-06-11 12:40:00,3927.9,3927.9,3921.9,3926.0,10634.0
2026-06-11 12:45:00,3926.7,3928.0,3920.1,3921.9,18718.0
2026-06-11 12:50:00,3922.1,3927.0,3920.8,3926.0,10890.0
2026-06-11 12:55:00,3926.6,3932.9,3921.6,3928.7,28086.0
2026-06-11 13:00:00,3928.7,3932.0,3925.0,3927.0,8549.0
2026-06-11 13:05:00,3926.5,3927.0,3911.3,3911.3,45499.0
2026-06-11 13:10:00,3912.3,3918.5,3906.7,3908.7,50435.0
2026-06-11 13:15:00,3908.7,3910.8,3872.4,3874.3,116921.0
2026-06-11 13:20:00,3874.3,3884.2,3865.0,3881.7,77755.0
2026-06-11 13:25:00,3881.7,3883.4,3872.1,3874.6,25629.0
2026-06-11 13:30:00,3875.0,3894.9,3875.0,3887.0,32382.0
2026-06-11 13:35:00,3887.0,3893.0,3885.5,3886.0,12600.0
2026-06-11 13:40:00,3887.0,3889.9,3886.0,3887.8,13309.0
2026-06-11 13:45:00,3887.5,3897.0,3887.5,3892.8,17653.0
2026-06-11 13:50:00,3892.8,3893.7,3886.0,3888.5,19785.0
2026-06-11 13:55:00,3888.5,3898.0,3885.5,3893.1,18904.0
2026-06-11 14:00:00,3893.1,3896.1,3892.0,3895.7,8555.0
2026-06-11 14:05:00,3895.6,3896.7,3885.3,3887.2,14912.0
2026-06-11 14:10:00,3887.0,3895.0,3885.0,3891.0,13801.0
2026-06-11 14:15:00,3891.0,3891.1,3886.0,3887.7,8521.0
2026-06-11 14:20:00,3889.3,3895.0,3888.1,3893.0,10732.0
2026-06-11 14:25:00,3891.9,3908.4,3891.4,3907.0,34197.0
2026-06-11 14:30:00,3907.0,3914.0,3905.0,3908.5,27222.0
2026-06-11 14:35:00,3910.4,3914.5,3893.5,3900.0,33544.0
2026-06-11 14:40:00,3900.0,3900.0,3894.1,3896.7,13992.0
2026-06-11 14:45:00,3896.9,3899.7,3889.5,3899.5,17274.0
2026-06-11 14:50:00,3898.3,3899.2,3892.1,3895.8,10188.0
2026-06-11 14:55:00,3896.0,3898.8,3893.0,3898.2,8531.0
2026-06-11 15:00:00,3898.2,3904.0,3886.5,3886.5,36889.0
2026-06-11 15:05:00,3887.2,3892.7,3885.7,3886.3,25633.0
2026-06-11 15:10:00,3888.0,3889.7,3875.0,3883.7,53495.0
2026-06-11 15:15:00,3883.9,3890.9,3880.3,3887.1,36530.0
2026-06-11 15:20:00,3887.1,3888.0,3883.0,3888.0,34439.0
2026-06-11 15:25:00,3887.0,3897.9,3885.0,3895.1,62131.0
2026-06-12 09:15:00,3950.0,3973.0,3940.0,3958.6,166542.0
2026-06-12 09:20:00,3960.6,3963.0,3933.0,3934.5,91312.0
2026-06-12 09:25:00,3936.4,3949.2,3931.1,3942.0,47970.0
2026-06-12 09:30:00,3941.1,3945.4,3932.0,3934.8,36793.0
2026-06-12 09:35:00,3934.6,3935.0,3921.1,3931.5,42583.0
2026-06-12 09:40:00,3929.5,3931.2,3913.6,3919.2,48303.0
2026-06-12 09:45:00,3919.2,3923.2,3913.0,3919.9,35387.0
2026-06-12 09:50:00,3919.2,3928.1,3916.7,3917.6,36106.0
2026-06-12 09:55:00,3917.0,3923.0,3912.0,3914.9,23502.0
2026-06-12 10:00:00,3914.0,3916.0,3906.9,3914.0,62791.0
2026-06-12 10:05:00,3913.9,3917.0,3911.0,3911.0,14953.0
2026-06-12 10:10:00,3911.5,3923.0,3907.5,3921.4,23032.0
2026-06-12 10:15:00,3921.5,3927.0,3917.1,3926.5,24722.0
2026-06-12 10:20:00,3926.4,3935.0,3924.7,3932.5,34545.0
2026-06-12 10:25:00,3932.2,3941.3,3929.4,3931.5,33625.0
2026-06-12 10:30:00,3931.0,3938.7,3926.0,3936.7,28717.0
2026-06-12 10:35:00,3936.6,3939.9,3933.5,3937.0,16837.0
2026-06-12 10:40:00,3935.5,3936.4,3932.3,3934.0,7020.0
2026-06-12 10:45:00,3934.0,3934.6,3927.0,3932.5,11049.0
2026-06-12 10:50:00,3932.5,3935.0,3931.5,3934.3,8393.0
2026-06-12 10:55:00,3934.3,3936.9,3930.1,3931.0,13180.0
2026-06-12 11:00:00,3931.0,3938.0,3930.0,3936.3,10207.0
2026-06-12 11:05:00,3935.7,3943.3,3928.0,3928.4,25042.0
2026-06-12 11:10:00,3928.4,3948.0,3927.0,3947.0,34853.0
2026-06-12 11:15:00,3947.9,3960.5,3947.3,3956.0,78411.0
2026-06-12 11:20:00,3956.0,3963.8,3951.4,3962.5,38093.0
2026-06-12 11:25:00,3961.4,3963.0,3953.1,3954.7,21964.0
2026-06-12 11:30:00,3955.0,3962.2,3954.2,3959.2,19805.0
2026-06-12 11:35:00,3958.0,3959.0,3955.0,3956.5,9251.0
2026-06-12 11:40:00,3956.5,3959.8,3956.0,3959.8,7401.0
2026-06-12 11:45:00,3959.8,3974.7,3959.6,3968.4,70840.0
2026-06-12 11:50:00,3968.4,3970.1,3962.1,3963.7,16623.0
2026-06-12 11:55:00,3962.0,3964.0,3956.4,3957.6,15313.0
2026-06-12 12:00:00,3958.0,3962.6,3956.1,3961.0,10531.0
2026-06-12 12:05:00,3961.0,3963.3,3952.0,3953.0,16653.0
2026-06-12 12:10:00,3952.2,3953.1,3945.2,3949.0,24581.0
2026-06-12 12:15:00,3949.0,3950.0,3940.2,3944.0,20448.0
2026-06-12 12:20:00,3944.0,3949.0,3935.8,3941.4,26608.0
2026-06-12 12:25:00,3941.4,3949.4,3940.0,3949.0,79942.0
2026-06-12 12:30:00,3949.0,3949.3,3942.1,3948.0,10453.0
2026-06-12 12:35:00,3947.3,3949.0,3944.0,3948.9,13509.0
2026-06-12 12:40:00,3950.6,3952.6,3943.8,3944.4,18131.0
2026-06-12 12:45:00,3944.0,3951.0,3942.0,3946.0,11755.0
2026-06-12 12:50:00,3945.7,3950.9,3944.0,3948.2,10873.0
2026-06-12 12:55:00,3948.1,3948.6,3942.1,3947.0,6354.0
2026-06-12 13:00:00,3947.0,3950.0,3944.2,3950.0,6031.0
2026-06-12 13:05:00,3949.8,3958.9,3949.3,3956.0,27058.0
2026-06-12 13:10:00,3956.0,3959.9,3953.1,3959.9,15296.0
2026-06-12 13:15:00,3959.3,3965.0,3959.3,3961.5,20965.0
2026-06-12 13:20:00,3961.5,3965.0,3960.1,3961.0,12844.0
2026-06-12 13:25:00,3961.0,3968.0,3955.5,3967.2,38134.0
2026-06-12 13:30:00,3967.7,3978.5,3967.7,3974.6,63266.0
2026-06-12 13:35:00,3974.0,3995.0,3972.1,3990.0,87972.0
2026-06-12 13:40:00,3991.5,3998.0,3988.8,3992.3,63767.0
2026-06-12 13:45:00,3992.1,3993.9,3983.3,3987.0,31621.0
2026-06-12 13:50:00,3988.7,3991.8,3985.1,3989.0,22954.0
2026-06-12 13:55:00,3989.0,4000.0,3988.8,3995.0,38918.0
2026-06-12 14:00:00,3995.0,3996.0,3987.7,3989.8,32328.0
2026-06-12 14:05:00,3990.4,3995.0,3986.2,3991.5,28012.0
2026-06-12 14:10:00,3992.0,3999.6,3987.3,3999.0,30990.0
2026-06-12 14:15:00,3999.0,4005.0,3993.8,3995.5,41613.0
2026-06-12 14:20:00,3996.2,4002.0,3995.1,3999.9,30076.0
2026-06-12 14:25:00,4000.0,4019.9,3997.6,4019.9,90623.0
2026-06-12 14:30:00,4019.8,4024.0,4010.0,4012.0,77850.0
2026-06-12 14:35:00,4012.0,4018.0,4010.0,4015.7,30845.0
2026-06-12 14:40:00,4016.2,4020.0,4012.0,4015.0,45388.0
2026-06-12 14:45:00,4014.0,4019.0,4012.0,4017.0,26401.0
2026-06-12 14:50:00,4016.1,4016.2,4010.0,4012.7,18919.0
2026-06-12 14:55:00,4012.1,4015.0,4011.1,4015.0,20973.0
2026-06-12 15:00:00,4013.0,4029.9,4010.5,4029.9,104544.0
2026-06-12 15:05:00,4029.6,4041.0,4025.7,4039.1,83872.0
2026-06-12 15:10:00,4039.9,4046.0,4035.4,4044.2,79039.0
2026-06-12 15:15:00,4044.8,4050.0,4041.3,4043.3,81886.0
2026-06-12 15:20:00,4043.3,4055.5,4043.0,4051.0,117142.0
2026-06-12 15:25:00,4051.0,4054.9,4046.2,4047.0,83603.0
2026-06-15 09:15:00,4149.9,4149.9,4050.0,4056.4,534296.0
2026-06-15 09:20:00,4053.8,4110.0,4048.0,4095.1,279625.0
2026-06-15 09:25:00,4097.3,4124.9,4092.0,4123.8,287447.0
2026-06-15 09:30:00,4123.9,4165.0,4120.1,4164.0,353982.0
2026-06-15 09:35:00,4164.5,4175.0,4149.6,4168.1,287278.0
2026-06-15 09:40:00,4170.0,4192.3,4169.2,4187.0,231030.0
2026-06-15 09:45:00,4187.0,4189.0,4180.0,4181.6,93563.0
2026-06-15 09:50:00,4181.3,4189.8,4173.6,4181.0,96697.0
2026-06-15 09:55:00,4181.9,4185.0,4170.5,4176.5,88210.0
2026-06-15 10:00:00,4178.7,4182.0,4175.0,4181.0,43469.0
2026-06-15 10:05:00,4181.0,4181.0,4162.4,4164.3,83223.0
2026-06-15 10:10:00,4164.0,4166.1,4152.6,4164.0,87587.0
2026-06-15 10:15:00,4164.3,4174.2,4163.2,4167.8,50543.0
2026-06-15 10:20:00,4167.0,4167.7,4156.0,4162.0,37504.0
2026-06-15 10:25:00,4162.0,4181.9,4159.9,4179.5,67923.0
2026-06-15 10:30:00,4180.9,4181.0,4157.7,4159.1,43204.0
2026-06-15 10:35:00,4159.1,4159.1,4131.0,4135.0,120577.0
2026-06-15 10:40:00,4134.0,4135.0,4112.9,4118.0,80973.0
2026-06-15 10:45:00,4116.1,4135.0,4116.1,4134.5,56884.0
2026-06-15 10:50:00,4134.5,4145.0,4134.0,4141.0,52612.0
2026-06-15 10:55:00,4141.5,4145.0,4138.0,4138.6,24894.0
2026-06-15 11:00:00,4140.0,4146.7,4138.5,4144.4,31053.0
2026-06-15 11:05:00,4144.9,4149.6,4144.4,4149.5,23185.0
2026-06-15 11:10:00,4149.2,4149.4,4136.2,4136.2,21974.0
2026-06-15 11:15:00,4138.0,4146.0,4135.0,4146.0,22768.0
2026-06-15 11:20:00,4146.0,4158.9,4142.0,4157.0,41444.0
2026-06-15 11:25:00,4156.6,4159.6,4152.2,4157.1,22352.0
2026-06-15 11:30:00,4158.0,4170.0,4155.1,4168.8,33102.0
2026-06-15 11:35:00,4168.9,4177.9,4165.0,4174.0,47911.0
2026-06-15 11:40:00,4176.0,4178.5,4171.8,4173.0,36686.0
2026-06-15 11:45:00,4173.0,4176.6,4170.8,4170.8,25259.0
2026-06-15 11:50:00,4170.4,4171.9,4162.1,4162.9,29830.0
2026-06-15 11:55:00,4162.9,4167.0,4162.1,4163.9,12681.0
2026-06-15 12:00:00,4163.9,4163.9,4155.2,4155.2,22531.0
2026-06-15 12:05:00,4155.2,4158.0,4151.3,4155.5,21068.0
2026-06-15 12:10:00,4156.0,4163.2,4155.5,4159.2,18880.0
2026-06-15 12:15:00,4159.9,4160.1,4152.5,4152.5,18836.0
2026-06-15 12:20:00,4152.5,4159.8,4152.0,4158.4,12580.0
2026-06-15 12:25:00,4157.7,4157.7,4148.0,4148.0,20719.0
2026-06-15 12:30:00,4149.0,4150.0,4145.1,4147.6,20899.0
2026-06-15 12:35:00,4148.0,4158.5,4146.6,4155.5,12138.0
2026-06-15 12:40:00,4155.0,4158.6,4142.5,4148.0,35278.0
2026-06-15 12:45:00,4147.0,4147.1,4136.0,4136.9,37136.0
2026-06-15 12:50:00,4136.7,4140.0,4135.0,4136.0,19863.0
2026-06-15 12:55:00,4137.1,4137.1,4130.4,4132.0,24564.0
2026-06-15 13:00:00,4132.4,4139.5,4130.1,4137.0,14850.0
2026-06-15 13:05:00,4136.4,4140.0,4132.1,4139.0,16953.0
2026-06-15 13:10:00,4139.9,4147.6,4138.5,4146.5,39474.0
2026-06-15 13:15:00,4147.2,4147.5,4140.5,4140.6,11816.0
2026-06-15 13:20:00,4140.6,4149.9,4140.2,4149.9,10472.0
2026-06-15 13:25:00,4149.1,4149.5,4140.3,4141.6,8311.0
2026-06-15 13:30:00,4141.9,4144.0,4140.3,4144.0,6399.0
2026-06-15 13:35:00,4142.1,4146.6,4141.0,4145.0,8716.0
2026-06-15 13:40:00,4144.9,4146.3,4134.7,4135.8,24550.0
2026-06-15 13:45:00,4135.1,4136.0,4131.9,4132.0,24458.0
2026-06-15 13:50:00,4132.0,4135.0,4124.0,4126.0,48739.0
2026-06-15 13:55:00,4125.9,4145.1,4124.2,4142.1,57291.0
2026-06-15 14:00:00,4143.4,4146.0,4141.8,4144.0,16205.0
2026-06-15 14:05:00,4143.5,4144.2,4137.0,4137.6,9132.0
2026-06-15 14:10:00,4137.6,4156.9,4137.1,4151.3,48518.0
2026-06-15 14:15:00,4151.2,4152.1,4146.0,4147.7,15618.0
2026-06-15 14:20:00,4147.6,4148.1,4140.0,4145.0,13947.0
2026-06-15 14:25:00,4145.0,4147.0,4143.6,4146.0,8129.0
2026-06-15 14:30:00,4145.3,4150.0,4145.3,4148.9,11088.0
2026-06-15 14:35:00,4148.7,4152.9,4147.0,4150.0,19091.0
2026-06-15 14:40:00,4150.0,4150.0,4145.1,4149.5,10777.0
2026-06-15 14:45:00,4148.4,4157.7,4148.2,4156.8,25775.0
2026-06-15 14:50:00,4156.9,4160.6,4150.0,4159.2,44382.0
2026-06-15 14:55:00,4159.3,4160.0,4153.8,4156.0,44160.0
2026-06-15 15:00:00,4156.8,4157.0,4135.8,4138.3,74722.0
2026-06-15 15:05:00,4138.3,4139.8,4124.7,4125.0,70556.0
2026-06-15 15:10:00,4125.0,4127.9,4105.8,4120.0,88755.0
2026-06-15 15:15:00,4120.0,4130.5,4119.0,4121.6,62580.0
2026-06-15 15:20:00,4122.1,4124.0,4115.6,4123.9,61959.0
2026-06-15 15:25:00,4123.8,4129.5,4118.0,4127.0,62152.0
2026-06-16 09:15:00,4148.5,4149.1,4102.0,4110.0,210142.0
2026-06-16 09:20:00,4110.5,4114.9,4093.2,4099.3,137478.0
2026-06-16 09:25:00,4099.7,4112.9,4099.7,4110.5,54309.0
2026-06-16 09:30:00,4112.0,4120.0,4105.0,4120.0,50117.0
2026-06-16 09:35:00,4120.0,4120.6,4111.7,4112.4,36954.0
2026-06-16 09:40:00,4112.3,4115.0,4105.2,4106.2,31662.0
2026-06-16 09:45:00,4106.2,4114.7,4103.1,4108.0,31263.0
2026-06-16 09:50:00,4106.8,4128.0,4105.0,4125.1,82294.0
2026-06-16 09:55:00,4124.7,4138.0,4124.7,4135.0,54474.0
2026-06-16 10:00:00,4135.0,4141.7,4112.6,4118.2,98325.0
2026-06-16 10:05:00,4118.7,4119.9,4107.0,4109.0,41492.0
2026-06-16 10:10:00,4109.5,4114.0,4098.1,4108.1,61587.0
2026-06-16 10:15:00,4108.2,4113.0,4104.0,4111.7,22881.0
2026-06-16 10:20:00,4111.5,4114.0,4107.0,4107.4,17711.0
2026-06-16 10:25:00,4107.5,4108.9,4100.3,4104.0,27295.0
2026-06-16 10:30:00,4104.2,4110.0,4086.9,4108.5,83766.0
2026-06-16 10:35:00,4108.7,4117.7,4105.5,4116.0,30592.0
2026-06-16 10:40:00,4116.1,4117.9,4112.0,4116.6,19289.0
2026-06-16 10:45:00,4116.7,4124.6,4114.0,4123.1,26110.0
2026-06-16 10:50:00,4123.1,4124.6,4120.1,4122.0,21354.0
2026-06-16 10:55:00,4122.1,4128.5,4117.2,4122.0,27893.0
2026-06-16 11:00:00,4122.0,4122.9,4111.0,4111.0,21276.0
2026-06-16 11:05:00,4111.2,4116.0,4108.6,4114.0,18595.0
2026-06-16 11:10:00,4114.1,4116.0,4110.2,4116.0,10659.0
2026-06-16 11:15:00,4115.8,4118.3,4101.4,4102.4,26850.0
2026-06-16 11:20:00,4103.1,4106.9,4095.0,4106.9,34931.0
2026-06-16 11:25:00,4106.9,4107.6,4102.0,4103.4,11019.0
2026-06-16 11:30:00,4102.9,4103.7,4099.0,4101.0,18142.0
2026-06-16 11:35:00,4100.7,4101.0,4096.1,4098.8,14169.0
2026-06-16 11:40:00,4100.0,4102.9,4097.0,4101.0,10052.0
2026-06-16 11:45:00,4100.4,4108.8,4100.0,4107.3,29224.0
2026-06-16 11:50:00,4107.9,4112.3,4106.1,4112.0,14258.0
2026-06-16 11:55:00,4111.4,4111.9,4103.0,4106.7,13350.0
2026-06-16 12:00:00,4106.8,4107.0,4098.0,4101.0,18025.0
2026-06-16 12:05:00,4101.2,4107.9,4100.0,4106.0,12551.0
2026-06-16 12:10:00,4105.9,4108.0,4104.0,4104.0,6257.0
2026-06-16 12:15:00,4104.6,4105.0,4100.5,4101.0,8627.0
2026-06-16 12:20:00,4102.1,4103.0,4098.0,4101.6,11258.0
2026-06-16 12:25:00,4102.1,4121.7,4101.0,4119.6,61624.0
2026-06-16 12:30:00,4119.0,4135.0,4119.0,4126.4,80742.0
2026-06-16 12:35:00,4126.9,4130.0,4122.0,4125.0,28300.0
2026-06-16 12:40:00,4125.3,4127.0,4117.5,4118.2,24385.0
2026-06-16 12:45:00,4119.0,4120.0,4114.1,4117.5,13618.0
2026-06-16 12:50:00,4117.7,4119.1,4107.0,4112.5,20563.0
2026-06-16 12:55:00,4111.8,4117.7,4110.7,4115.9,9304.0
2026-06-16 13:00:00,4115.5,4119.5,4115.2,4118.6,9680.0
2026-06-16 13:05:00,4118.8,4124.7,4118.8,4123.0,13763.0
2026-06-16 13:10:00,4123.0,4134.8,4120.0,4133.0,40010.0
2026-06-16 13:15:00,4133.0,4135.0,4123.5,4124.6,25435.0
2026-06-16 13:20:00,4125.4,4130.0,4125.0,4128.5,13465.0
2026-06-16 13:25:00,4128.8,4129.9,4126.0,4129.8,10649.0
2026-06-16 13:30:00,4129.8,4132.0,4127.0,4131.6,12812.0
2026-06-16 13:35:00,4132.0,4145.0,4131.0,4140.8,70152.0
2026-06-16 13:40:00,4140.0,4142.0,4133.1,4140.5,21635.0
2026-06-16 13:45:00,4141.0,4147.8,4140.5,4143.5,34840.0
2026-06-16 13:50:00,4144.8,4144.8,4138.6,4143.0,21139.0
2026-06-16 13:55:00,4141.0,4148.2,4140.2,4142.4,31619.0
2026-06-16 14:00:00,4142.2,4144.8,4136.0,4139.4,15305.0
2026-06-16 14:05:00,4138.3,4139.0,4136.0,4139.0,10350.0
2026-06-16 14:10:00,4138.4,4146.3,4138.1,4142.8,23040.0
2026-06-16 14:15:00,4142.0,4143.0,4132.6,4133.0,15333.0
2026-06-16 14:20:00,4133.5,4134.5,4128.4,4133.0,19391.0
2026-06-16 14:25:00,4132.6,4137.7,4132.0,4136.5,11671.0
2026-06-16 14:30:00,4136.6,4143.0,4136.1,4138.1,20012.0
2026-06-16 14:35:00,4138.6,4140.4,4136.0,4139.9,8079.0
2026-06-16 14:40:00,4139.5,4140.0,4133.3,4134.1,11984.0
2026-06-16 14:45:00,4134.0,4139.4,4132.7,4137.2,10759.0
2026-06-16 14:50:00,4138.0,4158.0,4137.8,4156.8,73425.0
2026-06-16 14:55:00,4156.8,4165.0,4155.1,4159.0,71939.0
2026-06-16 15:00:00,4158.7,4162.5,4157.4,4161.3,43749.0
2026-06-16 15:05:00,4161.3,4164.0,4151.5,4154.0,50175.0
2026-06-16 15:10:00,4154.0,4158.2,4150.9,4156.8,35432.0
2026-06-16 15:15:00,4155.3,4160.1,4154.0,4157.3,48016.0
2026-06-16 15:20:00,4156.3,4175.0,4155.0,4171.0,101289.0
2026-06-16 15:25:00,4170.0,4174.9,4164.6,4165.0,90801.0
2026-06-17 09:15:00,4180.0,4207.9,4176.0,4193.6,221430.0
2026-06-17 09:20:00,4197.0,4219.9,4195.6,4209.7,211437.0
2026-06-17 09:25:00,4209.8,4210.6,4163.4,4177.0,211961.0
2026-06-17 09:30:00,4179.5,4185.8,4175.0,4183.0,122081.0
2026-06-17 09:35:00,4181.1,4181.1,4166.1,4174.7,79428.0
2026-06-17 09:40:00,4175.2,4177.5,4167.8,4171.1,62104.0
2026-06-17 09:45:00,4168.7,4177.0,4167.0,4171.9,52345.0
2026-06-17 09:50:00,4171.9,4172.0,4145.0,4157.0,150962.0
2026-06-17 09:55:00,4157.2,4162.3,4152.6,4157.0,58917.0
2026-06-17 10:00:00,4157.3,4162.0,4156.0,4161.9,35394.0
2026-06-17 10:05:00,4161.4,4171.0,4161.4,4167.6,43888.0
2026-06-17 10:10:00,4167.5,4170.0,4160.0,4160.9,40856.0
2026-06-17 10:15:00,4160.4,4170.0,4160.0,4167.0,30732.0
2026-06-17 10:20:00,4167.0,4171.9,4161.0,4164.9,52902.0
2026-06-17 10:25:00,4165.0,4167.9,4151.6,4151.6,51442.0
2026-06-17 10:30:00,4151.1,4158.1,4149.0,4157.0,53392.0
2026-06-17 10:35:00,4156.5,4167.9,4156.0,4166.7,24839.0
2026-06-17 10:40:00,4166.7,4169.9,4162.0,4162.9,25031.0
2026-06-17 10:45:00,4162.9,4162.9,4153.0,4157.7,52771.0
2026-06-17 10:50:00,4157.6,4157.6,4141.0,4141.8,54783.0
2026-06-17 10:55:00,4141.8,4150.6,4141.1,4142.1,54432.0
2026-06-17 11:00:00,4142.0,4143.0,4113.3,4120.6,150098.0
2026-06-17 11:05:00,4120.0,4127.2,4111.0,4115.0,62909.0
2026-06-17 11:10:00,4115.4,4125.5,4112.0,4122.2,43935.0
2026-06-17 11:15:00,4122.9,4122.9,4071.0,4072.7,211734.0
2026-06-17 11:20:00,4072.4,4073.0,4040.0,4045.0,283245.0
2026-06-17 11:25:00,4044.7,4044.7,4005.0,4018.0,314961.0
2026-06-17 11:30:00,4018.1,4032.0,3995.1,4027.5,246263.0
2026-06-17 11:35:00,4029.0,4055.0,4026.6,4045.0,205930.0
2026-06-17 11:40:00,4046.0,4052.1,4035.9,4047.7,100474.0
2026-06-17 11:45:00,4048.4,4048.4,4027.5,4042.0,87685.0
2026-06-17 11:50:00,4041.6,4049.8,4032.0,4049.7,58643.0
2026-06-17 11:55:00,4049.6,4051.0,4041.0,4041.6,61494.0
2026-06-17 12:00:00,4042.0,4042.6,4032.1,4035.0,49512.0
2026-06-17 12:05:00,4034.5,4035.8,4021.0,4026.0,77611.0
2026-06-17 12:10:00,4024.1,4032.4,4023.5,4031.9,48977.0
2026-06-17 12:15:00,4031.8,4031.8,4020.0,4030.4,59697.0
2026-06-17 12:20:00,4030.2,4034.0,4023.1,4034.0,39473.0
2026-06-17 12:25:00,4033.1,4034.8,4025.0,4033.5,43769.0
2026-06-17 12:30:00,4032.5,4032.5,4018.0,4019.4,66203.0
2026-06-17 12:35:00,4019.3,4034.0,4018.0,4032.7,46437.0
2026-06-17 12:40:00,4032.8,4034.0,4028.5,4034.0,37507.0
2026-06-17 12:45:00,4034.0,4034.9,4024.0,4026.2,41719.0
2026-06-17 12:50:00,4024.0,4026.4,4020.9,4022.0,35368.0
2026-06-17 12:55:00,4022.3,4028.0,4015.0,4022.0,55983.0
2026-06-17 13:00:00,4022.0,4022.2,4015.0,4021.5,33360.0
2026-06-17 13:05:00,4021.5,4028.0,4021.5,4023.4,30571.0
2026-06-17 13:10:00,4023.4,4026.0,4017.0,4025.9,37076.0
2026-06-17 13:15:00,4025.6,4031.0,4024.0,4031.0,38477.0
2026-06-17 13:20:00,4029.0,4031.0,4025.0,4031.0,20392.0
2026-06-17 13:25:00,4031.0,4044.0,4029.2,4042.0,76062.0
2026-06-17 13:30:00,4042.0,4044.0,4032.0,4041.5,37069.0
2026-06-17 13:35:00,4041.1,4042.0,4033.6,4033.8,23588.0
2026-06-17 13:40:00,4035.0,4035.0,4015.0,4017.8,76094.0
2026-06-17 13:45:00,4016.7,4018.0,3983.5,3996.0,370340.0
2026-06-17 13:50:00,3995.7,3996.0,3977.3,3985.0,140700.0
2026-06-17 13:55:00,3984.5,3992.0,3981.3,3991.6,62551.0
2026-06-17 14:00:00,3991.7,3994.9,3976.4,3976.4,88765.0
2026-06-17 14:05:00,3978.4,3979.7,3961.0,3973.0,164977.0
2026-06-17 14:10:00,3972.1,3990.0,3963.4,3987.7,119088.0
2026-06-17 14:15:00,3985.7,4002.6,3985.3,3999.7,129657.0
2026-06-17 14:20:00,3999.9,4000.0,3983.4,3986.1,86183.0
2026-06-17 14:25:00,3985.9,3994.0,3980.8,3994.0,56405.0
2026-06-17 14:30:00,3994.0,3996.0,3985.0,3986.1,51999.0
2026-06-17 14:35:00,3987.0,3998.0,3985.0,3994.4,46430.0
2026-06-17 14:40:00,3994.4,3995.9,3990.0,3991.3,45500.0
2026-06-17 14:45:00,3991.1,3992.8,3989.2,3990.1,58886.0
2026-06-17 14:50:00,3990.2,3994.9,3986.8,3994.5,67602.0
2026-06-17 14:55:00,3993.9,3995.0,3990.0,3992.5,53771.0
2026-06-17 15:00:00,3992.0,4009.9,3992.0,3999.0,206394.0
2026-06-17 15:05:00,3999.1,4005.0,3999.1,4002.0,82559.0
2026-06-17 15:10:00,4001.3,4001.5,3986.2,3992.0,147678.0
2026-06-17 15:15:00,3992.0,4000.0,3989.8,3999.7,157455.0
2026-06-17 15:20:00,4000.9,4008.0,3998.0,4003.5,165945.0
2026-06-17 15:25:00,4003.6,4008.0,4000.5,4004.0,166801.0
2026-06-18 09:15:00,4000.0,4019.2,3991.0,4007.1,249133.0
2026-06-18 09:20:00,4007.4,4013.5,3975.2,4003.0,265176.0
2026-06-18 09:25:00,4002.7,4007.9,3980.0,3984.2,111783.0
2026-06-18 09:30:00,3981.6,3991.3,3980.6,3983.5,59903.0
2026-06-18 09:35:00,3984.7,3993.9,3978.0,3993.9,71152.0
2026-06-18 09:40:00,3993.0,4018.1,3990.6,3994.6,145642.0
2026-06-18 09:45:00,3995.8,4002.0,3989.9,3991.5,56068.0
2026-06-18 09:50:00,3991.0,3996.8,3987.9,3996.4,27206.0
2026-06-18 09:55:00,3996.8,3997.2,3985.0,3986.0,31696.0
2026-06-18 10:00:00,3986.0,3986.0,3965.3,3965.8,119480.0
2026-06-18 10:05:00,3966.4,3985.0,3962.6,3984.9,83700.0
2026-06-18 10:10:00,3984.9,4028.0,3983.0,4026.7,178717.0
2026-06-18 10:15:00,4028.0,4029.0,4009.0,4019.8,104153.0
2026-06-18 10:20:00,4019.7,4045.0,4019.7,4037.0,215637.0
2026-06-18 10:25:00,4037.0,4042.0,4021.2,4021.5,82680.0
2026-06-18 10:30:00,4022.3,4033.0,4018.0,4030.1,58953.0
2026-06-18 10:35:00,4030.1,4048.0,4027.8,4040.5,122800.0
2026-06-18 10:40:00,4041.3,4043.0,4033.0,4033.0,74561.0
2026-06-18 10:45:00,4033.0,4041.0,4033.0,4038.0,31549.0
2026-06-18 10:50:00,4037.9,4044.0,4036.4,4038.0,38515.0
2026-06-18 10:55:00,4036.5,4048.0,4036.0,4039.9,52746.0
2026-06-18 11:00:00,4039.9,4045.0,4036.0,4044.9,26141.0
2026-06-18 11:05:00,4044.9,4080.0,4040.0,4077.0,207842.0
2026-06-18 11:10:00,4076.4,4078.0,4058.2,4062.0,102486.0
2026-06-18 11:15:00,4062.0,4074.3,4061.0,4067.9,76235.0
2026-06-18 11:20:00,4067.8,4067.9,4058.0,4063.1,50506.0
2026-06-18 11:25:00,4063.1,4075.0,4062.9,4072.0,54958.0
2026-06-18 11:30:00,4072.0,4089.0,4070.1,4088.0,123488.0
2026-06-18 11:35:00,4087.0,4091.0,4062.1,4065.0,125876.0
2026-06-18 11:40:00,4065.0,4070.0,4063.6,4068.3,27512.0
2026-06-18 11:45:00,4067.6,4068.0,4060.0,4062.0,28652.0
2026-06-18 11:50:00,4061.6,4062.0,4050.2,4053.0,58741.0
2026-06-18 11:55:00,4053.4,4058.0,4042.2,4045.0,50768.0
2026-06-18 12:00:00,4045.3,4046.9,4035.0,4038.6,52556.0
2026-06-18 12:05:00,4039.0,4039.8,4021.0,4022.2,102975.0
2026-06-18 12:10:00,4023.0,4024.0,4011.2,4015.0,71678.0
2026-06-18 12:15:00,4016.5,4024.5,4013.0,4024.5,55918.0
2026-06-18 12:20:00,4022.5,4025.9,4018.3,4025.9,33910.0
2026-06-18 12:25:00,4026.4,4026.6,4016.1,4018.7,35359.0
2026-06-18 12:30:00,4019.0,4019.9,4012.5,4018.7,37066.0
2026-06-18 12:35:00,4019.5,4019.9,4015.7,4018.4,21801.0
2026-06-18 12:40:00,4017.6,4018.6,4005.9,4014.0,56097.0
2026-06-18 12:45:00,4014.9,4033.0,4013.7,4030.0,68615.0
2026-06-18 12:50:00,4031.0,4034.4,4022.6,4031.5,36848.0
2026-06-18 12:55:00,4029.8,4030.2,4025.0,4025.0,11557.0
2026-06-18 13:00:00,4025.3,4030.0,4022.1,4030.0,14396.0
2026-06-18 13:05:00,4030.0,4030.0,4022.0,4022.5,19274.0
2026-06-18 13:10:00,4022.1,4024.8,4018.8,4023.0,17667.0
2026-06-18 13:15:00,4024.0,4025.0,4021.2,4024.9,10211.0
2026-06-18 13:20:00,4025.0,4028.0,4024.0,4027.1,12459.0
2026-06-18 13:25:00,4027.2,4027.8,4022.0,4023.3,9962.0
2026-06-18 13:30:00,4023.0,4026.9,4022.0,4026.5,9565.0
2026-06-18 13:35:00,4025.9,4025.9,4021.1,4024.0,10870.0
2026-06-18 13:40:00,4022.8,4026.0,4021.0,4025.7,13929.0
2026-06-18 13:45:00,4025.8,4030.0,4022.6,4024.0,22035.0
2026-06-18 13:50:00,4024.0,4028.0,4022.5,4024.0,9654.0
2026-06-18 13:55:00,4022.8,4024.8,4020.0,4020.0,12966.0
2026-06-18 14:00:00,4020.2,4022.4,4015.2,4016.8,25260.0
2026-06-18 14:05:00,4015.1,4021.9,4015.1,4020.2,13650.0
2026-06-18 14:10:00,4021.0,4025.0,4018.0,4018.1,14911.0
2026-06-18 14:15:00,4018.1,4018.6,4012.2,4013.0,21499.0
2026-06-18 14:20:00,4013.5,4023.0,4010.6,4022.0,34456.0
2026-06-18 14:25:00,4022.8,4025.0,4018.1,4021.5,15278.0
2026-06-18 14:30:00,4021.4,4021.4,4015.4,4017.2,15579.0
2026-06-18 14:35:00,4018.0,4018.5,4015.0,4017.0,12814.0
2026-06-18 14:40:00,4017.5,4019.2,4014.9,4018.0,13972.0
2026-06-18 14:45:00,4018.8,4019.4,4005.0,4009.8,56610.0
2026-06-18 14:50:00,4010.0,4015.0,4010.0,4014.0,19322.0
2026-06-18 14:55:00,4013.3,4016.2,4012.1,4016.2,32960.0
2026-06-18 15:00:00,4015.0,4016.0,4008.0,4014.0,29912.0
2026-06-18 15:05:00,4012.5,4029.0,4012.5,4023.0,91610.0
2026-06-18 15:10:00,4023.3,4024.0,4015.6,4016.1,37757.0
2026-06-18 15:15:00,4017.0,4017.7,4011.5,4012.8,65590.0
2026-06-18 15:20:00,4012.6,4014.5,4007.5,4008.0,84881.0
2026-06-18 15:25:00,4008.0,4018.0,4002.0,4017.0,153561.0
2026-06-19 09:15:00,3991.0,4029.1,3975.6,4021.4,175044.0
2026-06-19 09:20:00,4021.0,4024.5,4010.0,4023.0,63401.0
2026-06-19 09:25:00,4022.0,4032.0,4017.3,4032.0,59062.0
2026-06-19 09:30:00,4032.0,4036.8,4024.0,4030.1,62991.0
2026-06-19 09:35:00,4028.0,4049.0,4027.0,4045.3,76672.0
2026-06-19 09:40:00,4046.1,4054.7,4040.0,4049.1,80715.0
2026-06-19 09:45:00,4048.0,4079.0,4045.3,4060.0,135211.0
2026-06-19 09:50:00,4060.0,4061.0,4046.1,4047.0,52491.0
2026-06-19 09:55:00,4047.0,4051.0,4042.2,4042.4,35965.0
2026-06-19 10:00:00,4042.8,4042.8,4028.0,4033.4,58492.0
2026-06-19 10:05:00,4031.1,4036.0,4026.3,4036.0,23000.0
2026-06-19 10:10:00,4036.0,4036.0,4019.0,4020.2,42192.0
2026-06-19 10:15:00,4019.3,4024.5,4011.2,4023.8,41296.0
2026-06-19 10:20:00,4023.8,4027.6,4020.1,4023.7,18536.0
2026-06-19 10:25:00,4023.7,4027.6,4020.3,4021.7,15713.0
2026-06-19 10:30:00,4023.0,4031.9,4022.2,4028.8,17834.0
2026-06-19 10:35:00,4028.1,4028.9,4021.7,4028.0,15039.0
2026-06-19 10:40:00,4027.3,4028.9,4022.6,4024.9,9991.0
2026-06-19 10:45:00,4023.2,4027.0,4022.0,4025.3,11672.0
2026-06-19 10:50:00,4025.4,4028.5,4023.0,4025.0,8408.0
2026-06-19 10:55:00,4025.0,4026.5,4022.0,4023.0,12467.0
2026-06-19 11:00:00,4023.0,4026.0,4019.4,4023.3,12567.0
2026-06-19 11:05:00,4025.3,4028.9,4023.3,4028.0,10207.0
2026-06-19 11:10:00,4027.4,4042.0,4026.0,4039.9,39086.0
2026-06-19 11:15:00,4039.9,4045.0,4036.0,4042.7,26516.0
2026-06-19 11:20:00,4044.0,4044.9,4037.3,4038.3,15414.0
2026-06-19 11:25:00,4038.2,4039.0,4028.5,4034.0,23049.0
2026-06-19 11:30:00,4034.0,4035.0,4030.4,4035.0,10617.0
2026-06-19 11:35:00,4035.0,4035.0,4023.6,4025.0,16027.0
2026-06-19 11:40:00,4025.0,4028.6,4024.4,4026.9,8513.0
2026-06-19 11:45:00,4026.0,4030.8,4022.4,4025.4,9095.0
2026-06-19 11:50:00,4025.4,4027.8,4023.0,4024.8,6420.0
2026-06-19 11:55:00,4024.7,4026.6,4021.0,4026.1,7963.0
2026-06-19 12:00:00,4026.6,4033.0,4026.1,4028.0,10591.0
2026-06-19 12:05:00,4028.0,4029.0,4019.0,4022.5,17474.0
2026-06-19 12:10:00,4021.0,4025.0,4021.0,4024.9,5065.0
2026-06-19 12:15:00,4024.9,4025.0,4019.0,4021.7,11943.0
2026-06-19 12:20:00,4021.7,4025.0,4021.7,4025.0,5009.0
2026-06-19 12:25:00,4025.0,4028.0,4023.0,4027.1,7518.0
2026-06-19 12:30:00,4028.0,4031.9,4024.8,4030.5,9866.0
2026-06-19 12:35:00,4030.5,4031.3,4027.0,4028.2,3877.0
2026-06-19 12:40:00,4028.2,4029.2,4019.0,4023.0,10678.0
2026-06-19 12:45:00,4023.0,4027.0,4022.5,4024.2,4478.0
2026-06-19 12:50:00,4024.0,4025.0,4021.0,4021.5,4459.0
2026-06-19 12:55:00,4020.5,4023.9,4020.2,4023.0,8090.0
2026-06-19 13:00:00,4021.1,4023.0,4016.4,4017.5,12609.0
2026-06-19 13:05:00,4018.9,4020.0,4016.0,4020.0,11264.0
2026-06-19 13:10:00,4019.0,4020.0,4018.0,4019.2,4391.0
2026-06-19 13:15:00,4019.2,4024.0,4018.0,4019.0,26247.0
2026-06-19 13:20:00,4018.5,4022.9,4018.4,4020.2,20175.0
2026-06-19 13:25:00,4020.1,4024.9,4018.8,4023.5,4606.0
2026-06-19 13:30:00,4024.0,4025.9,4022.1,4024.9,6693.0
2026-06-19 13:35:00,4024.9,4025.9,4021.9,4025.0,4353.0
2026-06-19 13:40:00,4024.0,4025.0,4022.7,4023.9,3552.0
2026-06-19 13:45:00,4024.0,4025.0,4021.8,4024.5,7198.0
2026-06-19 13:50:00,4024.6,4028.5,4022.0,4023.2,11434.0
2026-06-19 13:55:00,4023.0,4026.0,4019.3,4025.2,21885.0
2026-06-19 14:00:00,4026.0,4029.5,4016.4,4019.9,29763.0
2026-06-19 14:05:00,4021.0,4024.3,4019.2,4020.5,9893.0
2026-06-19 14:10:00,4020.5,4022.0,4019.1,4022.0,7752.0
2026-06-19 14:15:00,4022.0,4022.6,4020.1,4022.0,6969.0
2026-06-19 14:20:00,4021.5,4022.0,4017.0,4018.0,13944.0
2026-06-19 14:25:00,4016.5,4020.0,4016.5,4020.0,8517.0
2026-06-19 14:30:00,4020.0,4025.0,4019.0,4024.5,11176.0
2026-06-19 14:35:00,4025.0,4029.5,4023.3,4023.3,16576.0
2026-06-19 14:40:00,4023.8,4023.8,4019.0,4023.4,10298.0
2026-06-19 14:45:00,4023.7,4025.0,4021.0,4024.5,10247.0
2026-06-19 14:50:00,4024.1,4025.0,4005.1,4009.0,43352.0
2026-06-19 14:55:00,4008.3,4012.0,4000.0,4008.3,57411.0
2026-06-19 15:00:00,4008.2,4022.0,4006.4,4020.0,55240.0
2026-06-19 15:05:00,4019.9,4021.0,4015.1,4017.5,36430.0
2026-06-19 15:10:00,4017.9,4024.9,4015.9,4019.7,43033.0
2026-06-19 15:15:00,4019.7,4023.0,4016.0,4022.8,55149.0
2026-06-19 15:20:00,4022.3,4025.0,4020.0,4020.0,56545.0
2026-06-19 15:25:00,4020.8,4025.0,4015.7,4024.8,80541.0
2026-06-22 09:15:00,4035.0,4036.4,4008.0,4011.6,165766.0
2026-06-22 09:20:00,4010.5,4016.0,4000.0,4004.0,89056.0
2026-06-22 09:25:00,4004.0,4007.0,3995.1,3996.5,80315.0
2026-06-22 09:30:00,3998.0,4000.0,3988.0,3989.5,84037.0
2026-06-22 09:35:00,3989.8,4000.5,3982.1,4000.0,64767.0
2026-06-22 09:40:00,3999.0,4006.0,3988.0,3990.0,68422.0
2026-06-22 09:45:00,3989.0,3997.9,3986.8,3990.0,32912.0
2026-06-22 09:50:00,3988.6,4005.0,3988.0,4001.5,48684.0
2026-06-22 09:55:00,4000.5,4003.5,3994.5,3998.0,56641.0
2026-06-22 10:00:00,3998.5,4000.0,3995.0,3997.2,26013.0
2026-06-22 10:05:00,3996.9,4002.9,3993.2,4000.5,36706.0
2026-06-22 10:10:00,4002.2,4004.5,3998.0,4000.0,25639.0
2026-06-22 10:15:00,4000.0,4002.0,3995.9,4001.8,24986.0
2026-06-22 10:20:00,4002.1,4003.8,3998.7,4002.5,15631.0
2026-06-22 10:25:00,4002.0,4011.9,4001.4,4008.0,43042.0
2026-06-22 10:30:00,4008.3,4010.2,4006.0,4006.1,15476.0
2026-06-22 10:35:00,4006.1,4009.8,4006.0,4009.0,10496.0
2026-06-22 10:40:00,4008.5,4011.0,4006.0,4010.5,33294.0
2026-06-22 10:45:00,4010.4,4010.9,4001.0,4004.4,16298.0
2026-06-22 10:50:00,4004.4,4004.4,4000.0,4001.8,10287.0
2026-06-22 10:55:00,4003.0,4003.0,4001.0,4001.5,13310.0
2026-06-22 11:00:00,4001.6,4004.0,3999.0,4000.6,11248.0
2026-06-22 11:05:00,4000.0,4004.0,4000.0,4001.7,7232.0
2026-06-22 11:10:00,4001.2,4015.0,4001.2,4014.9,31774.0
2026-06-22 11:15:00,4014.8,4016.0,4011.1,4015.0,25300.0
2026-06-22 11:20:00,4015.2,4018.0,4008.0,4008.8,40211.0
2026-06-22 11:25:00,4008.9,4010.0,4008.0,4010.0,9352.0
2026-06-22 11:30:00,4009.9,4010.0,4006.0,4007.3,16332.0
2026-06-22 11:35:00,4007.3,4008.0,4001.0,4001.0,16207.0
2026-06-22 11:40:00,4001.9,4002.1,4000.0,4001.5,40241.0
2026-06-22 11:45:00,4001.3,4006.1,3997.0,4000.0,37484.0
2026-06-22 11:50:00,3999.8,4001.0,3998.0,4000.0,10543.0
2026-06-22 11:55:00,4000.0,4001.2,3992.9,4000.0,24458.0
2026-06-22 12:00:00,4000.0,4000.0,3996.4,4000.0,9055.0
2026-06-22 12:05:00,4000.3,4000.5,3998.0,3999.4,8381.0
2026-06-22 12:10:00,3999.0,4000.0,3998.0,3999.0,4845.0
2026-06-22 12:15:00,3999.0,4000.0,3998.0,3999.4,8155.0
2026-06-22 12:20:00,3999.4,4009.8,3998.1,4007.6,29123.0
2026-06-22 12:25:00,4007.2,4008.0,4002.0,4005.7,8610.0
2026-06-22 12:30:00,4005.0,4007.1,4004.0,4005.9,6599.0
2026-06-22 12:35:00,4005.8,4033.0,4005.8,4031.3,96309.0
2026-06-22 12:40:00,4029.8,4030.0,4021.0,4021.5,63570.0
2026-06-22 12:45:00,4022.3,4023.0,4018.0,4020.3,23663.0
2026-06-22 12:50:00,4020.5,4026.0,4020.0,4021.5,28506.0
2026-06-22 12:55:00,4022.2,4022.8,4020.4,4022.8,9060.0
2026-06-22 13:00:00,4022.7,4025.0,4021.6,4024.0,10209.0
2026-06-22 13:05:00,4023.9,4025.0,4015.0,4021.7,32891.0
2026-06-22 13:10:00,4021.0,4021.0,4014.1,4017.0,19462.0
2026-06-22 13:15:00,4016.6,4020.0,4016.5,4017.4,10179.0
2026-06-22 13:20:00,4017.2,4019.5,4016.0,4018.5,6088.0
2026-06-22 13:25:00,4018.2,4019.5,4016.5,4018.3,5752.0
2026-06-22 13:30:00,4018.2,4020.0,4016.9,4017.4,8959.0
2026-06-22 13:35:00,4017.3,4025.0,4017.3,4022.6,27964.0
2026-06-22 13:40:00,4022.2,4022.2,4015.0,4015.3,13995.0
2026-06-22 13:45:00,4015.3,4018.0,4014.0,4014.9,5887.0
2026-06-22 13:50:00,4014.4,4014.9,4008.2,4010.2,20671.0
2026-06-22 13:55:00,4010.8,4015.0,4010.0,4012.3,7764.0
2026-06-22 14:00:00,4012.3,4013.7,4008.0,4009.8,9441.0
2026-06-22 14:05:00,4010.0,4012.0,4005.0,4006.3,14206.0
2026-06-22 14:10:00,4007.1,4008.8,4006.4,4008.0,6792.0
2026-06-22 14:15:00,4007.7,4008.8,4006.0,4006.7,5273.0
2026-06-22 14:20:00,4006.4,4010.7,4005.0,4010.0,10741.0
2026-06-22 14:25:00,4009.4,4010.0,4006.8,4010.0,9022.0
2026-06-22 14:30:00,4010.0,4010.5,4008.0,4008.0,17435.0
2026-06-22 14:35:00,4008.7,4014.5,4008.0,4009.7,13250.0
2026-06-22 14:40:00,4009.4,4021.0,4009.0,4015.8,36917.0
2026-06-22 14:45:00,4017.4,4022.0,4015.1,4022.0,31400.0
2026-06-22 14:50:00,4023.0,4055.0,4023.0,4041.6,206000.0
2026-06-22 14:55:00,4041.6,4045.0,4033.5,4034.3,74316.0
2026-06-22 15:00:00,4035.8,4045.0,4033.0,4033.8,41862.0
2026-06-22 15:05:00,4033.5,4034.7,4024.4,4028.3,52858.0
2026-06-22 15:10:00,4028.0,4033.0,4027.0,4030.1,27094.0
2026-06-22 15:15:00,4031.0,4034.0,4028.0,4032.4,48508.0
2026-06-22 15:20:00,4032.5,4037.0,4030.1,4032.5,84534.0
2026-06-22 15:25:00,4030.5,4036.0,4030.0,4034.0,79796.0
2026-06-23 09:15:00,4051.2,4062.0,4035.0,4045.4,130024.0
2026-06-23 09:20:00,4045.0,4054.0,4026.0,4029.0,73625.0
2026-06-23 09:25:00,4028.0,4029.0,4007.1,4020.0,83032.0
2026-06-23 09:30:00,4016.3,4025.0,4016.0,4019.2,36413.0
2026-06-23 09:35:00,4019.2,4030.8,4018.0,4030.2,34123.0
2026-06-23 09:40:00,4029.7,4032.0,4015.0,4018.0,36125.0
2026-06-23 09:45:00,4018.8,4023.1,4016.1,4021.8,16850.0
2026-06-23 09:50:00,4021.8,4031.4,4021.8,4024.0,28751.0
2026-06-23 09:55:00,4024.2,4025.8,4019.0,4020.9,10787.0
2026-06-23 10:00:00,4021.2,4024.2,4019.1,4021.2,13150.0
2026-06-23 10:05:00,4021.2,4025.0,4020.2,4024.9,7278.0
2026-06-23 10:10:00,4025.0,4025.0,4020.0,4020.9,8711.0
2026-06-23 10:15:00,4022.5,4024.0,4016.0,4017.9,13573.0
2026-06-23 10:20:00,4017.2,4018.9,4006.3,4008.0,44788.0
2026-06-23 10:25:00,4009.3,4010.0,3996.1,4003.0,66305.0
2026-06-23 10:30:00,4001.6,4002.0,3996.0,3999.7,29400.0
2026-06-23 10:35:00,3999.0,4003.5,3993.1,3996.6,48447.0
2026-06-23 10:40:00,3997.0,4000.8,3995.0,3996.9,20909.0
2026-06-23 10:45:00,3997.0,3998.8,3991.3,3994.0,34962.0
2026-06-23 10:50:00,3993.3,3996.4,3986.4,3989.5,50587.0
2026-06-23 10:55:00,3990.9,3995.9,3987.9,3994.2,22228.0
2026-06-23 11:00:00,3994.1,3996.0,3982.5,3984.5,50193.0
2026-06-23 11:05:00,3985.3,3985.6,3977.0,3984.0,61838.0
2026-06-23 11:10:00,3985.0,3994.6,3983.3,3994.0,18715.0
2026-06-23 11:15:00,3994.0,3997.9,3991.1,3996.5,26039.0
2026-06-23 11:20:00,3997.0,3997.3,3977.1,3980.6,63507.0
2026-06-23 11:25:00,3980.6,3982.0,3970.5,3973.5,56217.0
2026-06-23 11:30:00,3972.2,3975.1,3966.5,3968.0,51174.0
2026-06-23 11:35:00,3967.5,3969.9,3945.2,3945.6,85458.0
2026-06-23 11:40:00,3945.9,3950.0,3940.5,3942.4,68323.0
2026-06-23 11:45:00,3942.9,3943.4,3927.0,3928.2,79923.0
2026-06-23 11:50:00,3929.0,3946.4,3923.7,3943.6,67369.0
2026-06-23 11:55:00,3944.8,3945.0,3927.1,3930.4,54164.0
2026-06-23 12:00:00,3931.7,3942.0,3930.0,3934.0,38270.0
2026-06-23 12:05:00,3934.6,3934.6,3926.6,3930.6,41069.0
2026-06-23 12:10:00,3929.1,3930.5,3922.0,3926.5,37903.0
2026-06-23 12:15:00,3926.4,3934.6,3926.0,3927.4,25272.0
2026-06-23 12:20:00,3926.7,3927.5,3915.0,3920.8,58834.0
2026-06-23 12:25:00,3922.0,3937.8,3920.5,3936.5,49757.0
2026-06-23 12:30:00,3936.5,3937.8,3933.2,3935.0,25055.0
2026-06-23 12:35:00,3934.3,3958.8,3934.2,3958.0,74160.0
2026-06-23 12:40:00,3958.1,3964.9,3946.7,3948.6,102867.0
2026-06-23 12:45:00,3950.4,3954.9,3948.2,3951.0,34534.0
2026-06-23 12:50:00,3952.0,3952.6,3946.1,3947.3,27206.0
2026-06-23 12:55:00,3947.3,3950.9,3941.5,3947.5,37057.0
2026-06-23 13:00:00,3948.0,3948.0,3936.6,3939.0,37577.0
2026-06-23 13:05:00,3940.0,3948.2,3938.6,3944.8,33107.0
2026-06-23 13:10:00,3944.8,3949.2,3935.1,3937.3,106401.0
2026-06-23 13:15:00,3936.8,3937.4,3932.0,3933.9,46256.0
2026-06-23 13:20:00,3934.3,3943.0,3933.4,3936.3,29072.0
2026-06-23 13:25:00,3936.3,3937.2,3930.0,3933.6,33587.0
2026-06-23 13:30:00,3934.0,3934.0,3929.0,3929.8,35586.0
2026-06-23 13:35:00,3929.8,3936.0,3928.0,3934.9,33674.0
2026-06-23 13:40:00,3935.3,3940.0,3933.7,3938.7,42784.0
2026-06-23 13:45:00,3938.7,3949.0,3937.6,3947.3,41574.0
2026-06-23 13:50:00,3948.0,3950.6,3933.5,3934.1,54505.0
2026-06-23 13:55:00,3934.7,3939.0,3932.7,3937.6,28138.0
2026-06-23 14:00:00,3936.4,3947.9,3934.9,3947.9,36268.0
2026-06-23 14:05:00,3947.9,3947.9,3938.7,3941.5,33769.0
2026-06-23 14:10:00,3941.4,3947.4,3940.9,3945.4,29992.0
2026-06-23 14:15:00,3944.1,3948.0,3939.0,3939.0,37962.0
2026-06-23 14:20:00,3938.1,3947.5,3937.4,3946.9,29327.0
2026-06-23 14:25:00,3946.9,3948.3,3943.4,3945.9,28351.0
2026-06-23 14:30:00,3945.7,3948.5,3940.0,3941.5,33204.0
2026-06-23 14:35:00,3941.0,3942.5,3938.1,3940.0,54980.0
2026-06-23 14:40:00,3940.0,3954.9,3938.8,3954.0,48814.0
2026-06-23 14:45:00,3953.5,3955.0,3946.0,3952.9,40463.0
2026-06-23 14:50:00,3953.1,3956.0,3949.0,3953.7,51062.0
2026-06-23 14:55:00,3953.7,3958.0,3950.9,3953.2,60161.0
2026-06-23 15:00:00,3955.0,3955.0,3937.0,3947.0,108929.0
2026-06-23 15:05:00,3947.0,3953.0,3945.4,3945.4,79677.0
2026-06-23 15:10:00,3945.3,3947.8,3941.0,3942.6,66245.0
2026-06-23 15:15:00,3942.0,3943.0,3932.7,3939.5,108015.0
2026-06-23 15:20:00,3940.0,3942.4,3934.1,3940.0,113354.0
2026-06-23 15:25:00,3939.5,3944.3,3935.1,3941.0,111680.0
2026-06-24 09:15:00,3939.8,3966.5,3926.0,3931.3,137318.0
2026-06-24 09:20:00,3931.0,3941.6,3923.0,3936.3,58045.0
2026-06-24 09:25:00,3934.5,3934.9,3923.0,3928.7,46235.0
2026-06-24 09:30:00,3929.4,3944.0,3923.9,3933.9,56442.0
2026-06-24 09:35:00,3933.0,3938.9,3928.0,3929.8,38236.0
2026-06-24 09:40:00,3927.7,3934.0,3926.0,3926.4,28426.0
2026-06-24 09:45:00,3926.8,3926.8,3906.2,3909.0,70993.0
2026-06-24 09:50:00,3908.3,3925.1,3903.0,3925.1,57849.0
2026-06-24 09:55:00,3924.5,3933.9,3923.3,3931.2,29995.0
2026-06-24 10:00:00,3932.0,3936.9,3924.1,3936.9,39682.0
2026-06-24 10:05:00,3935.0,3935.6,3905.0,3908.3,55934.0
2026-06-24 10:10:00,3908.1,3914.2,3901.2,3909.1,53843.0
2026-06-24 10:15:00,3910.0,3911.3,3901.0,3901.0,40552.0
2026-06-24 10:20:00,3901.0,3906.9,3901.0,3903.9,24698.0
2026-06-24 10:25:00,3904.0,3912.0,3904.0,3908.8,25643.0
2026-06-24 10:30:00,3911.0,3913.0,3901.0,3902.0,29273.0
2026-06-24 10:35:00,3902.6,3903.2,3892.0,3895.0,70155.0
2026-06-24 10:40:00,3895.3,3906.5,3894.2,3901.1,24194.0
2026-06-24 10:45:00,3900.8,3929.9,3900.8,3923.5,62653.0
2026-06-24 10:50:00,3923.6,3925.1,3915.5,3916.7,24740.0
2026-06-24 10:55:00,3916.7,3920.9,3912.3,3919.9,20471.0
2026-06-24 11:00:00,3920.2,3926.0,3920.0,3924.4,23729.0
2026-06-24 11:05:00,3924.4,3929.9,3912.7,3919.4,38188.0
2026-06-24 11:10:00,3919.9,3920.7,3915.0,3918.6,15937.0
2026-06-24 11:15:00,3917.9,3919.3,3915.0,3915.3,12452.0
2026-06-24 11:20:00,3915.3,3917.4,3912.5,3915.0,14295.0
2026-06-24 11:25:00,3915.4,3933.6,3915.0,3932.2,44514.0
2026-06-24 11:30:00,3932.8,3934.4,3925.0,3928.6,32887.0
2026-06-24 11:35:00,3925.5,3925.5,3919.6,3923.7,22009.0
2026-06-24 11:40:00,3923.7,3927.0,3918.5,3927.0,17099.0
2026-06-24 11:45:00,3926.7,3928.8,3919.4,3921.5,17374.0
2026-06-24 11:50:00,3921.5,3922.4,3918.0,3918.2,15284.0
2026-06-24 11:55:00,3919.0,3919.0,3912.0,3913.0,23359.0
2026-06-24 12:00:00,3914.0,3920.0,3911.0,3917.1,21744.0
2026-06-24 12:05:00,3917.1,3918.5,3913.1,3913.5,12168.0
2026-06-24 12:10:00,3913.5,3913.9,3907.6,3912.8,23437.0
2026-06-24 12:15:00,3912.8,3912.9,3890.1,3894.3,81283.0
2026-06-24 12:20:00,3894.2,3898.7,3890.0,3898.4,53785.0
2026-06-24 12:25:00,3898.1,3902.6,3893.0,3901.0,34772.0
2026-06-24 12:30:00,3902.7,3910.1,3897.4,3910.0,35483.0
2026-06-24 12:35:00,3909.9,3914.4,3903.8,3908.1,52305.0
2026-06-24 12:40:00,3908.3,3908.3,3904.0,3907.9,22602.0
2026-06-24 12:45:00,3907.3,3908.0,3903.0,3906.6,26501.0
2026-06-24 12:50:00,3906.5,3913.0,3904.0,3910.8,27775.0
2026-06-24 12:55:00,3910.0,3915.4,3904.0,3913.3,32055.0
2026-06-24 13:00:00,3912.9,3918.0,3907.6,3916.2,37295.0
2026-06-24 13:05:00,3916.3,3918.0,3913.0,3918.0,22463.0
2026-06-24 13:10:00,3917.1,3919.0,3913.9,3915.8,22936.0
2026-06-24 13:15:00,3915.7,3919.9,3914.5,3919.0,24565.0
2026-06-24 13:20:00,3918.7,3924.0,3917.0,3917.9,33096.0
2026-06-24 13:25:00,3917.5,3918.4,3912.1,3913.7,24447.0
2026-06-24 13:30:00,3913.0,3913.6,3908.0,3908.0,27122.0
2026-06-24 13:35:00,3908.5,3913.3,3908.0,3908.3,54367.0
2026-06-24 13:40:00,3907.9,3910.6,3907.3,3908.3,24690.0
2026-06-24 13:45:00,3909.0,3914.1,3908.0,3912.0,22170.0
2026-06-24 13:50:00,3912.2,3913.0,3907.5,3909.0,24775.0
2026-06-24 13:55:00,3910.0,3910.9,3905.0,3907.1,23582.0
2026-06-24 14:00:00,3909.0,3910.8,3905.0,3910.8,23935.0
2026-06-24 14:05:00,3909.1,3910.8,3904.0,3906.4,23493.0
2026-06-24 14:10:00,3906.5,3910.0,3903.5,3905.4,22492.0
2026-06-24 14:15:00,3905.5,3905.5,3895.0,3897.8,38552.0
2026-06-24 14:20:00,3897.9,3898.6,3893.0,3894.4,30043.0
2026-06-24 14:25:00,3894.4,3900.0,3893.2,3900.0,32578.0
2026-06-24 14:30:00,3899.7,3899.8,3895.0,3899.4,22358.0
2026-06-24 14:35:00,3899.5,3899.9,3895.0,3895.5,24058.0
2026-06-24 14:40:00,3895.1,3905.9,3894.7,3899.0,64474.0
2026-06-24 14:45:00,3898.5,3900.0,3892.0,3894.5,32276.0
2026-06-24 14:50:00,3894.5,3898.0,3893.4,3894.2,22271.0
2026-06-24 14:55:00,3894.2,3898.0,3891.0,3898.0,39436.0
2026-06-24 15:00:00,3897.9,3904.2,3891.5,3896.3,46197.0
2026-06-24 15:05:00,3896.4,3897.0,3892.5,3895.4,39267.0
2026-06-24 15:10:00,3895.4,3895.4,3886.0,3887.9,74405.0
2026-06-24 15:15:00,3887.7,3891.6,3885.0,3885.0,67087.0
2026-06-24 15:20:00,3885.0,3885.0,3877.1,3879.2,112079.0
2026-06-24 15:25:00,3879.1,3885.0,3876.0,3881.4,74467.0
2026-06-25 09:15:00,3905.0,3933.0,3901.5,3908.1,96493.0
2026-06-25 09:20:00,3911.1,3914.0,3882.6,3889.0,104012.0
2026-06-25 09:25:00,3889.0,3898.6,3884.4,3890.9,50032.0
2026-06-25 09:30:00,3890.4,3892.6,3867.1,3867.6,96003.0
2026-06-25 09:35:00,3869.0,3877.5,3868.0,3874.9,30228.0
2026-06-25 09:40:00,3874.1,3874.6,3860.0,3866.5,51220.0
2026-06-25 09:45:00,3866.2,3868.0,3857.0,3867.9,52856.0
2026-06-25 09:50:00,3867.9,3879.3,3866.1,3876.0,39778.0
2026-06-25 09:55:00,3876.2,3889.0,3872.0,3889.0,41694.0
2026-06-25 10:00:00,3886.8,3890.0,3880.2,3887.3,44146.0
2026-06-25 10:05:00,3885.9,3889.9,3872.7,3877.0,39743.0
2026-06-25 10:10:00,3877.0,3878.1,3862.1,3875.5,47811.0
2026-06-25 10:15:00,3876.9,3877.0,3862.7,3870.6,39453.0
2026-06-25 10:20:00,3872.8,3873.0,3864.2,3868.0,21201.0
2026-06-25 10:25:00,3869.0,3873.5,3865.0,3871.5,24652.0
2026-06-25 10:30:00,3871.2,3899.8,3871.0,3898.4,105118.0
2026-06-25 10:35:00,3897.4,3915.0,3897.3,3908.6,67659.0
2026-06-25 10:40:00,3909.1,3914.9,3904.2,3913.0,64518.0
2026-06-25 10:45:00,3913.8,3918.0,3910.3,3918.0,31680.0
2026-06-25 10:50:00,3917.8,3921.5,3907.0,3908.0,52402.0
2026-06-25 10:55:00,3908.0,3918.0,3906.8,3917.4,21136.0
2026-06-25 11:00:00,3916.9,3917.7,3913.2,3916.6,13838.0
2026-06-25 11:05:00,3916.8,3918.0,3915.0,3916.0,12527.0
2026-06-25 11:10:00,3916.1,3922.0,3916.0,3920.8,31107.0
2026-06-25 11:15:00,3921.4,3928.8,3920.9,3923.9,45394.0
2026-06-25 11:20:00,3924.4,3930.0,3923.9,3930.0,26742.0
2026-06-25 11:25:00,3929.6,3933.0,3925.9,3928.0,34133.0
2026-06-25 11:30:00,3928.0,3930.3,3913.8,3919.9,36183.0
2026-06-25 11:35:00,3920.8,3927.0,3913.5,3913.8,24001.0
2026-06-25 11:40:00,3914.0,3914.3,3905.1,3906.0,34950.0
2026-06-25 11:45:00,3908.3,3911.0,3905.0,3908.1,22249.0
2026-06-25 11:50:00,3907.5,3908.9,3892.3,3894.0,75482.0
2026-06-25 11:55:00,3894.0,3906.9,3894.0,3905.6,32691.0
2026-06-25 12:00:00,3905.5,3907.4,3903.4,3905.0,15705.0
2026-06-25 12:05:00,3905.5,3906.5,3899.9,3904.7,24768.0
2026-06-25 12:10:00,3906.2,3907.5,3898.2,3898.3,16234.0
2026-06-25 12:15:00,3897.5,3902.9,3895.3,3900.1,15085.0
2026-06-25 12:20:00,3901.8,3902.3,3896.0,3896.0,11466.0
2026-06-25 12:25:00,3896.3,3897.0,3881.0,3884.9,43867.0
2026-06-25 12:30:00,3884.0,3886.2,3877.3,3884.0,32902.0
2026-06-25 12:35:00,3884.3,3886.7,3879.0,3885.0,19961.0
2026-06-25 12:40:00,3883.8,3884.9,3878.0,3880.5,29933.0
2026-06-25 12:45:00,3881.7,3884.0,3872.4,3873.0,37936.0
2026-06-25 12:50:00,3873.4,3878.9,3872.5,3874.0,21809.0
2026-06-25 12:55:00,3875.2,3877.0,3872.0,3872.6,15818.0
2026-06-25 13:00:00,3872.7,3889.0,3872.0,3888.0,42437.0
2026-06-25 13:05:00,3888.3,3889.8,3885.3,3887.6,21967.0
2026-06-25 13:10:00,3886.9,3892.4,3882.8,3882.8,27205.0
2026-06-25 13:15:00,3882.8,3902.7,3882.5,3900.0,48120.0
2026-06-25 13:20:00,3901.8,3912.9,3900.1,3908.0,47101.0
2026-06-25 13:25:00,3908.0,3908.3,3900.0,3904.9,24008.0
2026-06-25 13:30:00,3904.3,3904.6,3896.9,3897.6,20879.0
2026-06-25 13:35:00,3897.2,3898.7,3892.8,3898.0,28759.0
2026-06-25 13:40:00,3896.7,3898.5,3895.0,3897.0,15429.0
2026-06-25 13:45:00,3896.2,3897.0,3892.0,3895.6,14198.0
2026-06-25 13:50:00,3898.0,3900.5,3891.0,3891.0,23730.0
2026-06-25 13:55:00,3891.0,3902.0,3890.0,3902.0,28405.0
2026-06-25 14:00:00,3900.8,3901.7,3888.5,3890.9,22775.0
2026-06-25 14:05:00,3889.5,3893.1,3884.0,3885.0,20563.0
2026-06-25 14:10:00,3885.8,3887.0,3879.0,3881.7,29412.0
2026-06-25 14:15:00,3880.3,3880.7,3873.0,3876.0,36970.0
2026-06-25 14:20:00,3876.0,3880.9,3875.0,3879.4,22882.0
2026-06-25 14:25:00,3878.8,3884.8,3877.1,3883.8,20637.0
2026-06-25 14:30:00,3883.8,3887.8,3882.6,3885.8,21175.0
2026-06-25 14:35:00,3885.8,3889.8,3883.0,3885.1,17807.0
2026-06-25 14:40:00,3885.4,3886.0,3880.0,3880.4,22244.0
2026-06-25 14:45:00,3881.9,3888.1,3878.1,3887.3,24107.0
2026-06-25 14:50:00,3886.3,3887.1,3883.1,3886.6,16293.0
2026-06-25 14:55:00,3886.6,3888.2,3875.0,3880.1,54820.0
2026-06-25 15:00:00,3881.3,3881.6,3872.4,3876.6,50976.0
2026-06-25 15:05:00,3876.4,3878.1,3865.5,3865.5,73234.0
2026-06-25 15:10:00,3866.3,3869.9,3865.0,3868.0,42981.0
2026-06-25 15:15:00,3868.5,3875.0,3868.0,3873.5,62391.0
2026-06-25 15:20:00,3873.5,3876.0,3870.0,3875.2,71217.0
2026-06-25 15:25:00,3875.4,3877.4,3870.0,3875.0,67995.0
2026-06-29 09:15:00,3878.0,3939.0,3876.0,3934.9,239692.0
2026-06-29 09:20:00,3934.0,3952.0,3934.0,3946.9,204679.0
2026-06-29 09:25:00,3946.8,3959.0,3945.5,3953.2,126214.0
2026-06-29 09:30:00,3952.4,3971.6,3938.7,3968.0,270230.0
2026-06-29 09:35:00,3966.7,3968.7,3932.0,3932.0,134044.0
2026-06-29 09:40:00,3929.6,3938.6,3925.3,3934.9,112125.0
2026-06-29 09:45:00,3933.9,3938.3,3923.6,3925.9,47663.0
2026-06-29 09:50:00,3926.2,3930.0,3916.0,3917.0,52686.0
2026-06-29 09:55:00,3916.3,3920.3,3902.5,3905.6,70739.0
2026-06-29 10:00:00,3906.2,3908.2,3887.0,3888.9,73872.0
2026-06-29 10:05:00,3888.3,3907.3,3884.1,3903.0,65105.0
2026-06-29 10:10:00,3901.6,3902.8,3892.9,3898.2,24230.0
2026-06-29 10:15:00,3897.0,3897.6,3887.6,3889.7,31408.0
2026-06-29 10:20:00,3888.7,3891.2,3882.0,3891.2,30377.0
2026-06-29 10:25:00,3891.2,3901.4,3888.0,3893.0,43468.0
2026-06-29 10:30:00,3893.5,3897.6,3884.4,3884.4,35418.0
2026-06-29 10:35:00,3884.5,3886.7,3875.0,3883.0,47048.0
2026-06-29 10:40:00,3882.3,3894.3,3879.2,3889.7,31088.0
2026-06-29 10:45:00,3889.1,3891.1,3883.6,3885.9,21456.0
2026-06-29 10:50:00,3885.2,3885.2,3880.0,3883.5,18209.0
2026-06-29 10:55:00,3882.9,3890.0,3882.9,3885.9,19267.0
2026-06-29 11:00:00,3885.8,3890.0,3881.0,3889.9,18971.0
2026-06-29 11:05:00,3889.3,3889.9,3881.7,3887.3,18965.0
2026-06-29 11:10:00,3887.3,3895.0,3885.7,3893.0,35982.0
2026-06-29 11:15:00,3893.0,3900.9,3892.8,3899.6,41122.0
2026-06-29 11:20:00,3899.4,3902.6,3898.0,3901.3,29187.0
2026-06-29 11:25:00,3901.3,3908.5,3900.8,3908.0,43226.0
2026-06-29 11:30:00,3907.5,3909.9,3887.1,3891.3,48381.0
2026-06-29 11:35:00,3891.5,3899.0,3890.2,3890.4,22506.0
2026-06-29 11:40:00,3890.6,3891.5,3883.6,3888.7,43261.0
2026-06-29 11:45:00,3888.4,3893.0,3883.4,3891.2,25066.0
2026-06-29 11:50:00,3890.7,3893.0,3887.7,3892.9,15870.0
2026-06-29 11:55:00,3892.6,3903.4,3891.3,3893.9,31869.0
2026-06-29 12:00:00,3896.3,3900.8,3891.0,3895.9,21989.0
2026-06-29 12:05:00,3895.3,3895.9,3883.0,3883.5,25773.0
2026-06-29 12:10:00,3884.6,3884.6,3870.0,3874.0,70346.0
2026-06-29 12:15:00,3874.0,3875.0,3865.0,3865.2,36217.0
2026-06-29 12:20:00,3864.0,3873.6,3863.2,3867.1,38688.0
2026-06-29 12:25:00,3867.3,3872.6,3865.0,3867.2,21497.0
2026-06-29 12:30:00,3867.0,3871.0,3865.7,3866.9,18114.0
2026-06-29 12:35:00,3866.6,3876.3,3865.2,3871.8,28124.0
2026-06-29 12:40:00,3871.9,3875.9,3866.7,3869.2,21763.0
2026-06-29 12:45:00,3869.2,3875.4,3867.6,3873.6,20808.0
2026-06-29 12:50:00,3874.0,3877.9,3872.4,3875.1,21439.0
2026-06-29 12:55:00,3875.1,3880.0,3871.8,3876.8,19888.0
2026-06-29 13:00:00,3876.7,3883.0,3876.2,3878.2,21364.0
2026-06-29 13:05:00,3878.2,3879.9,3872.2,3878.0,19615.0
2026-06-29 13:10:00,3877.8,3888.0,3876.1,3886.3,28216.0
2026-06-29 13:15:00,3887.1,3888.0,3880.0,3884.3,24127.0
2026-06-29 13:20:00,3883.0,3893.9,3883.0,3887.2,29962.0
2026-06-29 13:25:00,3888.0,3892.8,3886.3,3890.3,22198.0
2026-06-29 13:30:00,3889.3,3889.5,3884.8,3886.7,21916.0
2026-06-29 13:35:00,3886.7,3888.0,3881.1,3885.4,21073.0
2026-06-29 13:40:00,3885.4,3889.5,3883.1,3886.3,22694.0
2026-06-29 13:45:00,3886.4,3888.9,3877.0,3881.3,23785.0
2026-06-29 13:50:00,3881.3,3884.4,3875.2,3884.1,26029.0
2026-06-29 13:55:00,3883.8,3885.0,3880.4,3882.1,20272.0
2026-06-29 14:00:00,3882.3,3888.9,3881.3,3883.5,21991.0
2026-06-29 14:05:00,3883.1,3897.3,3882.5,3895.7,37590.0
2026-06-29 14:10:00,3895.9,3895.9,3889.5,3892.3,34739.0
2026-06-29 14:15:00,3892.1,3893.0,3884.8,3888.2,21695.0
2026-06-29 14:20:00,3887.7,3891.1,3885.0,3885.2,21171.0
2026-06-29 14:25:00,3885.1,3889.5,3883.0,3884.5,26060.0
2026-06-29 14:30:00,3884.5,3888.3,3880.0,3885.5,25010.0
2026-06-29 14:35:00,3885.8,3887.6,3880.7,3882.0,17945.0
2026-06-29 14:40:00,3881.7,3888.9,3881.0,3884.7,23038.0
2026-06-29 14:45:00,3884.4,3884.4,3875.2,3878.0,23356.0
2026-06-29 14:50:00,3878.2,3878.5,3860.7,3863.0,72637.0
2026-06-29 14:55:00,3863.0,3867.6,3850.3,3853.9,78743.0
2026-06-29 15:00:00,3854.0,3881.6,3851.0,3856.1,171683.0
2026-06-29 15:05:00,3855.9,3867.4,3855.0,3862.8,137080.0
2026-06-29 15:10:00,3862.7,3862.8,3851.2,3852.1,138613.0
2026-06-29 15:15:00,3852.1,3859.6,3850.0,3857.4,174717.0
2026-06-29 15:20:00,3856.3,3866.8,3855.4,3865.6,189613.0
2026-06-29 15:25:00,3865.6,3878.4,3865.0,3872.0,144954.0
2026-06-30 09:15:00,3900.0,3924.1,3889.9,3912.1,153152.0
2026-06-30 09:20:00,3912.9,3924.0,3894.4,3902.3,118381.0
2026-06-30 09:25:00,3899.8,3914.0,3899.0,3911.2,59445.0
2026-06-30 09:30:00,3911.2,3914.1,3904.4,3912.8,42219.0
2026-06-30 09:35:00,3911.9,3918.1,3903.0,3905.4,46240.0
2026-06-30 09:40:00,3905.4,3914.9,3905.4,3907.5,29187.0
2026-06-30 09:45:00,3907.9,3907.9,3895.0,3896.1,52730.0
2026-06-30 09:50:00,3896.1,3898.7,3890.4,3893.4,41973.0
2026-06-30 09:55:00,3893.9,3898.6,3887.0,3890.0,41338.0
2026-06-30 10:00:00,3889.6,3898.8,3889.6,3898.7,26213.0
2026-06-30 10:05:00,3897.9,3898.7,3888.0,3889.2,21892.0
2026-06-30 10:10:00,3888.0,3895.0,3879.5,3886.0,79470.0
2026-06-30 10:15:00,3885.0,3886.8,3880.0,3880.9,27267.0
2026-06-30 10:20:00,3881.1,3889.8,3880.7,3889.0,26597.0
2026-06-30 10:25:00,3888.9,3893.0,3884.3,3891.0,22025.0
2026-06-30 10:30:00,3891.6,3895.0,3890.2,3892.8,15744.0
2026-06-30 10:35:00,3893.9,3893.9,3887.0,3888.0,15168.0
2026-06-30 10:40:00,3888.0,3889.4,3885.1,3886.9,13943.0
2026-06-30 10:45:00,3886.9,3887.0,3883.2,3886.4,14654.0
2026-06-30 10:50:00,3887.1,3890.1,3885.0,3885.0,16410.0
2026-06-30 10:55:00,3886.0,3886.9,3880.8,3881.1,18857.0
2026-06-30 11:00:00,3883.0,3884.0,3875.6,3875.9,20216.0
2026-06-30 11:05:00,3877.0,3881.9,3875.5,3879.5,15718.0
2026-06-30 11:10:00,3879.9,3886.0,3878.2,3885.0,17080.0
2026-06-30 11:15:00,3885.0,3886.0,3882.0,3884.9,13407.0
2026-06-30 11:20:00,3885.7,3893.4,3884.6,3891.5,20746.0
2026-06-30 11:25:00,3891.5,3899.8,3890.0,3898.3,29737.0
2026-06-30 11:30:00,3898.3,3899.3,3892.0,3892.0,22957.0
2026-06-30 11:35:00,3891.5,3891.5,3870.0,3885.2,47401.0
2026-06-30 11:40:00,3886.5,3892.6,3885.3,3890.8,19000.0
2026-06-30 11:45:00,3890.0,3902.5,3888.7,3890.8,34161.0
2026-06-30 11:50:00,3890.6,3897.0,3889.3,3893.8,12907.0
2026-06-30 11:55:00,3894.9,3898.0,3893.8,3895.2,18154.0
2026-06-30 12:00:00,3895.2,3904.5,3895.1,3902.8,29240.0
2026-06-30 12:05:00,3902.8,3913.8,3901.4,3908.1,45986.0
2026-06-30 12:10:00,3907.8,3909.4,3905.5,3907.0,18379.0
2026-06-30 12:15:00,3907.1,3911.6,3905.7,3907.5,24813.0
2026-06-30 12:20:00,3906.0,3907.0,3900.0,3903.8,19569.0
2026-06-30 12:25:00,3903.8,3907.1,3902.0,3904.6,11963.0
2026-06-30 12:30:00,3904.0,3904.7,3891.2,3891.5,21246.0
2026-06-30 12:35:00,3891.0,3896.1,3891.0,3894.3,13728.0
2026-06-30 12:40:00,3895.8,3898.1,3890.5,3893.2,32594.0
2026-06-30 12:45:00,3894.6,3898.8,3892.5,3897.6,12008.0
2026-06-30 12:50:00,3898.0,3898.0,3884.4,3890.0,52780.0
2026-06-30 12:55:00,3890.9,3891.5,3887.2,3891.0,12584.0
2026-06-30 13:00:00,3891.4,3893.1,3888.3,3893.0,13936.0
2026-06-30 13:05:00,3892.8,3895.0,3891.8,3893.8,10614.0
2026-06-30 13:10:00,3894.6,3897.6,3892.7,3896.5,14840.0
2026-06-30 13:15:00,3895.4,3899.9,3893.5,3893.5,13508.0
2026-06-30 13:20:00,3894.9,3895.4,3890.6,3891.8,13492.0
2026-06-30 13:25:00,3892.9,3898.0,3890.6,3897.4,10024.0
2026-06-30 13:30:00,3897.5,3899.9,3896.0,3896.8,14318.0
2026-06-30 13:35:00,3898.2,3901.0,3892.4,3896.9,20370.0
2026-06-30 13:40:00,3896.9,3901.7,3893.7,3899.1,19394.0
2026-06-30 13:45:00,3900.5,3900.5,3894.3,3899.5,13833.0
2026-06-30 13:50:00,3898.1,3898.7,3890.1,3890.5,29333.0
2026-06-30 13:55:00,3890.5,3890.7,3885.0,3889.4,25272.0
2026-06-30 14:00:00,3889.5,3891.9,3883.3,3884.0,25268.0
2026-06-30 14:05:00,3884.0,3891.2,3883.0,3891.2,31387.0
2026-06-30 14:10:00,3891.2,3891.2,3886.1,3888.0,17752.0
2026-06-30 14:15:00,3888.1,3890.5,3885.1,3886.3,17247.0
2026-06-30 14:20:00,3887.1,3890.8,3885.2,3890.0,18287.0
2026-06-30 14:25:00,3890.7,3896.8,3890.0,3892.7,25876.0
2026-06-30 14:30:00,3891.6,3892.9,3886.8,3889.6,20659.0
2026-06-30 14:35:00,3889.4,3893.8,3889.2,3890.4,15526.0
2026-06-30 14:40:00,3891.4,3895.5,3890.3,3893.8,17057.0
2026-06-30 14:45:00,3893.8,3895.0,3891.0,3891.1,17464.0
2026-06-30 14:50:00,3892.4,3892.4,3887.5,3891.1,38257.0
2026-06-30 14:55:00,3891.1,3891.8,3874.3,3879.9,58072.0
2026-06-30 15:00:00,3880.2,3881.5,3860.0,3862.6,103728.0
2026-06-30 15:05:00,3862.5,3863.7,3857.7,3858.8,88710.0
2026-06-30 15:10:00,3857.9,3863.4,3855.0,3861.0,69826.0
2026-06-30 15:15:00,3861.3,3873.0,3858.8,3872.7,75206.0
2026-06-30 15:20:00,3872.0,3874.2,3865.1,3866.4,102149.0
2026-06-30 15:25:00,3866.5,3875.3,3865.5,3870.1,88085.0
2026-07-01 09:15:00,3870.0,3904.0,3870.0,3889.3,116072.0
2026-07-01 09:20:00,3889.5,3894.9,3881.9,3892.0,52016.0
2026-07-01 09:25:00,3892.0,3909.4,3885.1,3904.0,64630.0
2026-07-01 09:30:00,3903.5,3936.8,3902.7,3917.7,163210.0
2026-07-01 09:35:00,3917.7,3922.0,3911.0,3911.0,43637.0
2026-07-01 09:40:00,3910.5,3913.1,3904.1,3904.1,52849.0
2026-07-01 09:45:00,3904.2,3910.0,3898.3,3900.8,37467.0
2026-07-01 09:50:00,3900.2,3908.0,3896.2,3908.0,28532.0
2026-07-01 09:55:00,3907.5,3914.9,3906.0,3906.4,30338.0
2026-07-01 10:00:00,3906.0,3910.0,3905.5,3906.1,17913.0
2026-07-01 10:05:00,3906.5,3908.3,3901.0,3903.0,13165.0
2026-07-01 10:10:00,3902.7,3906.0,3902.0,3904.8,10084.0
2026-07-01 10:15:00,3904.8,3928.0,3904.8,3925.4,60656.0
2026-07-01 10:20:00,3925.5,3939.0,3915.8,3919.5,99385.0
2026-07-01 10:25:00,3919.6,3923.0,3915.0,3919.3,29386.0
2026-07-01 10:30:00,3918.3,3939.0,3918.3,3930.0,62645.0
2026-07-01 10:35:00,3930.1,3932.7,3925.7,3930.5,26480.0
2026-07-01 10:40:00,3930.0,3933.9,3917.5,3920.2,22950.0
2026-07-01 10:45:00,3920.3,3932.0,3920.1,3929.1,19953.0
2026-07-01 10:50:00,3929.5,3930.0,3922.1,3925.8,13052.0
2026-07-01 10:55:00,3927.7,3928.0,3921.0,3921.0,8591.0
2026-07-01 11:00:00,3921.5,3925.0,3921.0,3924.3,9193.0
2026-07-01 11:05:00,3924.3,3928.0,3920.7,3928.0,12253.0
2026-07-01 11:10:00,3927.5,3930.6,3925.4,3930.6,18197.0
2026-07-01 11:15:00,3930.3,3942.0,3928.1,3931.2,72390.0
2026-07-01 11:20:00,3930.6,3930.9,3925.1,3929.0,14743.0
2026-07-01 11:25:00,3928.6,3932.9,3926.2,3932.0,8462.0
2026-07-01 11:30:00,3931.5,3939.0,3931.1,3935.7,21564.0
2026-07-01 11:35:00,3935.3,3947.0,3934.1,3940.9,59690.0
2026-07-01 11:40:00,3936.8,3940.9,3936.0,3939.1,14680.0
2026-07-01 11:45:00,3938.7,3943.9,3938.7,3941.8,16724.0
2026-07-01 11:50:00,3941.7,3942.7,3932.1,3935.6,16301.0
2026-07-01 11:55:00,3935.7,3948.0,3933.9,3940.3,36649.0
2026-07-01 12:00:00,3940.7,3946.8,3940.3,3942.1,15516.0
2026-07-01 12:05:00,3942.0,3944.0,3938.0,3941.0,12565.0
2026-07-01 12:10:00,3940.9,3944.0,3938.1,3941.0,9990.0
2026-07-01 12:15:00,3940.9,3942.4,3931.0,3935.9,43773.0
2026-07-01 12:20:00,3935.1,3941.0,3935.1,3939.2,12342.0
2026-07-01 12:25:00,3939.7,3939.9,3933.4,3934.4,17057.0
2026-07-01 12:30:00,3934.4,3952.4,3931.9,3950.9,85706.0
2026-07-01 12:35:00,3948.1,3950.0,3938.0,3942.2,22544.0
2026-07-01 12:40:00,3942.0,3942.0,3936.2,3937.9,13009.0
2026-07-01 12:45:00,3937.9,3940.0,3936.5,3939.3,7624.0
2026-07-01 12:50:00,3939.9,3945.0,3938.0,3938.1,11587.0
2026-07-01 12:55:00,3938.1,3944.1,3937.1,3942.8,9969.0
2026-07-01 13:00:00,3942.3,3942.7,3931.3,3935.0,25840.0
2026-07-01 13:05:00,3934.0,3939.0,3934.0,3938.3,6395.0
2026-07-01 13:10:00,3938.2,3942.0,3936.0,3942.0,18591.0
2026-07-01 13:15:00,3941.7,3944.1,3940.0,3940.0,10314.0
2026-07-01 13:20:00,3940.0,3940.4,3936.2,3938.4,6608.0
2026-07-01 13:25:00,3938.3,3940.0,3935.1,3938.5,7131.0
2026-07-01 13:30:00,3938.0,3942.9,3936.4,3940.7,7654.0
2026-07-01 13:35:00,3939.0,3942.5,3938.0,3938.0,9299.0
2026-07-01 13:40:00,3937.8,3939.2,3924.0,3933.3,30677.0
2026-07-01 13:45:00,3933.3,3935.0,3930.0,3934.9,11477.0
2026-07-01 13:50:00,3934.4,3934.9,3930.0,3931.4,19375.0
2026-07-01 13:55:00,3930.0,3933.8,3928.2,3930.0,7779.0
2026-07-01 14:00:00,3929.4,3931.9,3925.0,3931.0,10889.0
2026-07-01 14:05:00,3929.9,3933.0,3928.9,3932.2,5909.0
2026-07-01 14:10:00,3932.1,3938.7,3932.1,3937.0,20419.0
2026-07-01 14:15:00,3937.1,3938.6,3933.8,3934.8,11405.0
2026-07-01 14:20:00,3934.5,3938.9,3934.2,3937.9,8586.0
2026-07-01 14:25:00,3937.4,3941.5,3936.0,3937.2,9608.0
2026-07-01 14:30:00,3936.1,3944.0,3936.0,3942.4,15624.0
2026-07-01 14:35:00,3942.4,3948.0,3941.8,3942.0,29810.0
2026-07-01 14:40:00,3942.0,3948.9,3940.0,3947.9,19615.0
2026-07-01 14:45:00,3947.5,3948.9,3943.0,3943.0,12373.0
2026-07-01 14:50:00,3943.0,3947.0,3940.0,3941.0,21173.0
2026-07-01 14:55:00,3940.9,3942.5,3938.8,3942.2,18985.0
2026-07-01 15:00:00,3942.4,3949.5,3941.0,3949.2,34500.0
2026-07-01 15:05:00,3949.6,3954.0,3946.0,3950.3,51048.0
2026-07-01 15:10:00,3950.5,3953.9,3947.0,3947.8,31318.0
2026-07-01 15:15:00,3948.0,3954.0,3935.8,3936.3,116719.0
2026-07-01 15:20:00,3939.3,3940.0,3935.3,3940.0,72793.0
2026-07-01 15:25:00,3939.0,3945.0,3937.0,3945.0,83676.0
2026-07-02 09:15:00,3963.7,3970.2,3927.1,3944.8,162258.0
2026-07-02 09:20:00,3943.6,3951.8,3938.1,3940.7,67596.0
2026-07-02 09:25:00,3938.0,3952.4,3935.0,3939.2,66992.0
2026-07-02 09:30:00,3938.0,3944.6,3936.2,3940.8,30043.0
2026-07-02 09:35:00,3940.1,3954.0,3940.1,3948.0,41227.0
2026-07-02 09:40:00,3947.0,3955.0,3947.0,3950.1,23863.0
2026-07-02 09:45:00,3950.1,3958.0,3942.3,3947.8,48562.0
2026-07-02 09:50:00,3946.2,3948.4,3930.2,3936.0,53806.0
2026-07-02 09:55:00,3937.0,3948.0,3935.7,3942.5,17674.0
2026-07-02 10:00:00,3942.9,3944.3,3935.0,3940.6,21098.0
2026-07-02 10:05:00,3940.6,3940.7,3933.0,3937.8,14474.0
2026-07-02 10:10:00,3939.0,3948.0,3936.2,3938.7,26097.0
2026-07-02 10:15:00,3937.2,3950.0,3937.0,3941.1,20298.0
2026-07-02 10:20:00,3942.5,3949.9,3940.1,3944.0,16358.0
2026-07-02 10:25:00,3944.0,3944.0,3935.0,3941.0,32071.0
2026-07-02 10:30:00,3939.9,3941.0,3936.5,3936.8,9528.0
2026-07-02 10:35:00,3936.9,3940.0,3921.1,3928.4,34306.0
2026-07-02 10:40:00,3930.0,3936.3,3928.0,3934.7,21549.0
2026-07-02 10:45:00,3934.9,3937.0,3932.1,3936.0,8461.0
2026-07-02 10:50:00,3935.0,3936.0,3928.0,3930.8,10497.0
2026-07-02 10:55:00,3930.8,3935.0,3926.4,3933.0,11270.0
2026-07-02 11:00:00,3933.0,3934.0,3930.0,3933.0,5312.0
2026-07-02 11:05:00,3933.8,3933.8,3930.0,3930.9,3170.0
2026-07-02 11:10:00,3930.1,3932.4,3929.0,3932.0,10089.0
2026-07-02 11:15:00,3932.4,3934.9,3929.1,3933.4,18216.0
2026-07-02 11:20:00,3932.8,3936.0,3930.2,3932.8,8955.0
2026-07-02 11:25:00,3931.2,3933.0,3927.0,3928.8,10600.0
2026-07-02 11:30:00,3928.8,3928.9,3925.0,3926.1,13384.0
2026-07-02 11:35:00,3926.1,3936.8,3924.0,3935.1,26702.0
2026-07-02 11:40:00,3935.0,3936.9,3931.9,3933.3,6446.0
2026-07-02 11:45:00,3934.0,3936.0,3933.5,3935.0,5664.0
2026-07-02 11:50:00,3936.0,3936.9,3935.0,3936.8,5723.0
2026-07-02 11:55:00,3936.8,3938.5,3934.0,3937.0,10904.0
2026-07-02 12:00:00,3937.0,3943.0,3932.8,3933.1,32824.0
2026-07-02 12:05:00,3931.8,3936.4,3931.8,3934.0,7148.0
2026-07-02 12:10:00,3935.0,3935.6,3927.0,3928.2,20855.0
2026-07-02 12:15:00,3926.5,3930.0,3923.8,3925.9,22158.0
2026-07-02 12:20:00,3927.0,3928.1,3908.8,3916.0,45739.0
2026-07-02 12:25:00,3916.0,3916.0,3902.9,3911.0,41778.0
2026-07-02 12:30:00,3909.0,3910.4,3896.7,3905.1,43869.0
2026-07-02 12:35:00,3906.8,3907.7,3903.0,3906.9,11495.0
2026-07-02 12:40:00,3906.0,3906.7,3896.3,3897.2,27122.0
2026-07-02 12:45:00,3895.0,3895.9,3880.0,3886.0,54215.0
2026-07-02 12:50:00,3885.9,3889.6,3840.6,3857.0,133867.0
2026-07-02 12:55:00,3857.0,3861.4,3823.0,3832.6,139844.0
2026-07-02 13:00:00,3833.0,3856.0,3826.6,3854.0,127240.0
2026-07-02 13:05:00,3854.8,3879.5,3852.0,3879.5,93219.0
2026-07-02 13:10:00,3878.9,3885.0,3865.5,3874.0,66640.0
2026-07-02 13:15:00,3872.7,3878.9,3870.0,3873.0,86103.0
2026-07-02 13:20:00,3873.0,3874.9,3861.2,3873.0,83204.0
2026-07-02 13:25:00,3872.8,3872.8,3865.0,3865.2,22883.0
2026-07-02 13:30:00,3865.0,3877.9,3861.7,3877.9,130313.0
2026-07-02 13:35:00,3876.0,3879.1,3872.1,3876.9,19168.0
2026-07-02 13:40:00,3875.0,3879.7,3875.0,3876.0,16999.0
2026-07-02 13:45:00,3877.2,3877.8,3864.6,3869.7,55346.0
2026-07-02 13:50:00,3869.8,3870.0,3855.1,3857.8,39137.0
2026-07-02 13:55:00,3857.8,3870.0,3853.2,3869.8,24428.0
2026-07-02 14:00:00,3869.8,3873.2,3866.4,3868.7,17692.0
2026-07-02 14:05:00,3868.8,3871.8,3858.5,3863.5,42382.0
2026-07-02 14:10:00,3864.1,3865.5,3861.0,3861.4,17107.0
2026-07-02 14:15:00,3861.5,3864.9,3860.2,3861.7,15920.0
2026-07-02 14:20:00,3862.7,3869.9,3862.0,3869.0,17941.0
2026-07-02 14:25:00,3868.9,3870.0,3855.8,3860.6,44155.0
2026-07-02 14:30:00,3861.0,3865.0,3860.0,3861.0,22508.0
2026-07-02 14:35:00,3862.7,3862.7,3854.0,3858.2,85388.0
2026-07-02 14:40:00,3857.1,3857.1,3847.2,3853.0,62893.0
2026-07-02 14:45:00,3849.0,3864.9,3848.0,3862.0,45961.0
2026-07-02 14:50:00,3862.2,3864.0,3860.0,3863.0,18508.0
2026-07-02 14:55:00,3861.9,3863.0,3855.6,3858.0,30417.0
2026-07-02 15:00:00,3858.0,3858.6,3840.9,3843.0,102592.0
2026-07-02 15:05:00,3842.4,3843.1,3837.4,3840.0,81300.0
2026-07-02 15:10:00,3839.9,3840.0,3830.0,3833.4,93902.0
2026-07-02 15:15:00,3832.6,3833.0,3825.0,3828.0,96457.0
2026-07-02 15:20:00,3826.8,3841.9,3825.0,3831.0,193268.0
2026-07-02 15:25:00,3829.7,3842.0,3820.0,3840.0,195365.0
2026-07-03 09:15:00,3870.0,3874.0,3837.0,3860.1,169121.0
2026-07-03 09:20:00,3859.6,3864.9,3850.0,3855.0,68071.0
2026-07-03 09:25:00,3855.0,3861.3,3842.5,3849.0,66619.0
2026-07-03 09:30:00,3848.6,3856.8,3842.9,3845.1,32897.0
2026-07-03 09:35:00,3845.1,3861.6,3832.1,3855.1,87129.0
2026-07-03 09:40:00,3856.5,3857.0,3850.2,3852.4,24840.0
2026-07-03 09:45:00,3854.0,3862.0,3852.0,3861.4,39000.0
2026-07-03 09:50:00,3862.0,3870.0,3860.0,3865.0,57938.0
2026-07-03 09:55:00,3863.3,3869.0,3858.0,3869.0,26070.0
2026-07-03 10:00:00,3868.5,3870.0,3855.0,3856.9,30636.0
2026-07-03 10:05:00,3856.8,3864.2,3855.0,3859.1,13004.0
2026-07-03 10:10:00,3859.5,3860.0,3854.0,3854.4,17475.0
2026-07-03 10:15:00,3855.2,3858.3,3842.0,3845.5,40229.0
2026-07-03 10:20:00,3844.9,3845.0,3815.5,3819.5,106427.0
2026-07-03 10:25:00,3819.5,3836.2,3808.0,3833.0,81188.0
2026-07-03 10:30:00,3833.0,3843.0,3828.0,3831.2,47871.0
2026-07-03 10:35:00,3831.9,3835.0,3818.2,3820.5,39963.0
2026-07-03 10:40:00,3820.3,3822.0,3816.0,3817.1,25254.0
2026-07-03 10:45:00,3816.6,3817.9,3808.3,3812.0,50593.0
2026-07-03 10:50:00,3813.0,3817.0,3810.0,3815.8,32979.0
2026-07-03 10:55:00,3816.0,3816.0,3811.0,3814.6,20977.0
2026-07-03 11:00:00,3815.0,3815.4,3805.2,3807.8,34472.0
2026-07-03 11:05:00,3807.8,3812.0,3806.5,3811.7,22227.0
2026-07-03 11:10:00,3811.0,3820.9,3810.7,3815.0,32017.0
2026-07-03 11:15:00,3815.0,3817.0,3813.0,3814.8,20450.0
2026-07-03 11:20:00,3814.6,3816.9,3813.2,3815.2,18158.0
2026-07-03 11:25:00,3814.9,3815.8,3804.8,3806.0,37975.0
2026-07-03 11:30:00,3806.1,3807.8,3802.0,3804.9,38214.0
2026-07-03 11:35:00,3804.3,3805.9,3796.1,3805.0,81968.0
2026-07-03 11:40:00,3805.0,3808.8,3804.0,3807.3,32512.0
2026-07-03 11:45:00,3807.0,3807.9,3804.1,3804.1,20358.0
2026-07-03 11:50:00,3804.1,3805.7,3798.0,3802.9,39313.0
2026-07-03 11:55:00,3802.1,3804.6,3798.0,3800.0,21408.0
2026-07-03 12:00:00,3799.8,3808.0,3799.8,3807.9,29667.0
2026-07-03 12:05:00,3808.0,3816.0,3805.0,3811.4,56079.0
2026-07-03 12:10:00,3811.4,3813.7,3782.9,3787.0,91745.0
2026-07-03 12:15:00,3787.0,3796.6,3784.6,3791.8,48625.0
2026-07-03 12:20:00,3790.6,3793.9,3787.5,3788.7,17267.0
2026-07-03 12:25:00,3788.6,3793.8,3788.6,3791.6,14923.0
2026-07-03 12:30:00,3791.6,3792.0,3784.0,3788.6,22055.0
2026-07-03 12:35:00,3788.6,3798.6,3780.1,3782.0,56253.0
2026-07-03 12:40:00,3783.0,3785.2,3781.0,3784.0,26826.0
2026-07-03 12:45:00,3784.6,3789.2,3781.0,3787.1,31128.0
2026-07-03 12:50:00,3787.1,3791.3,3784.0,3784.5,42409.0
2026-07-03 12:55:00,3784.5,3789.2,3781.5,3782.0,18731.0
2026-07-03 13:00:00,3782.5,3783.8,3775.3,3779.1,46161.0
2026-07-03 13:05:00,3779.1,3791.0,3775.0,3788.2,46613.0
2026-07-03 13:10:00,3787.4,3794.8,3787.4,3791.1,35959.0
2026-07-03 13:15:00,3791.7,3798.1,3790.1,3796.2,32359.0
2026-07-03 13:20:00,3796.3,3817.0,3795.5,3814.4,73612.0
2026-07-03 13:25:00,3813.7,3824.9,3813.7,3817.8,82795.0
2026-07-03 13:30:00,3818.9,3821.0,3809.5,3812.3,36169.0
2026-07-03 13:35:00,3813.0,3813.0,3805.0,3807.9,26253.0
2026-07-03 13:40:00,3807.9,3815.2,3805.0,3805.0,21793.0
2026-07-03 13:45:00,3805.0,3805.9,3803.0,3804.2,15373.0
2026-07-03 13:50:00,3804.6,3809.9,3803.0,3806.5,12694.0
2026-07-03 13:55:00,3807.2,3808.0,3803.4,3807.2,11328.0
2026-07-03 14:00:00,3806.0,3808.0,3804.5,3804.7,16342.0
2026-07-03 14:05:00,3804.4,3808.5,3804.0,3806.9,11703.0
2026-07-03 14:10:00,3806.6,3808.0,3800.1,3801.0,16757.0
2026-07-03 14:15:00,3801.8,3802.4,3797.1,3800.0,31360.0
2026-07-03 14:20:00,3798.4,3801.3,3792.3,3796.8,22362.0
2026-07-03 14:25:00,3796.8,3798.6,3795.0,3795.0,15219.0
2026-07-03 14:30:00,3795.5,3801.4,3792.9,3797.8,30295.0
2026-07-03 14:35:00,3797.7,3799.7,3790.0,3795.0,24648.0
2026-07-03 14:40:00,3795.0,3804.3,3795.0,3798.6,31419.0
2026-07-03 14:45:00,3799.0,3812.0,3799.0,3809.2,46190.0
2026-07-03 14:50:00,3809.7,3811.4,3807.2,3807.2,20737.0
2026-07-03 14:55:00,3806.6,3807.9,3801.5,3807.7,25185.0
2026-07-03 15:00:00,3808.3,3820.2,3807.1,3815.5,84025.0
2026-07-03 15:05:00,3815.7,3824.6,3815.5,3820.5,61476.0
2026-07-03 15:10:00,3820.1,3822.0,3810.1,3811.1,44599.0
2026-07-03 15:15:00,3811.0,3817.0,3810.1,3816.0,51853.0
2026-07-03 15:20:00,3817.0,3821.0,3812.1,3815.0,56091.0
2026-07-03 15:25:00,3815.0,3817.7,3813.2,3815.5,59995.0
2026-07-06 09:15:00,3829.0,3829.0,3785.8,3789.4,116954.0
2026-07-06 09:20:00,3789.6,3789.6,3742.5,3745.0,184196.0
2026-07-06 09:25:00,3745.3,3763.2,3740.0,3756.9,122250.0
2026-07-06 09:30:00,3758.2,3780.0,3758.1,3770.0,85943.0
2026-07-06 09:35:00,3771.2,3775.8,3742.0,3747.4,209522.0
2026-07-06 09:40:00,3747.3,3747.9,3732.0,3732.2,142029.0
2026-07-06 09:45:00,3731.2,3749.3,3723.3,3747.9,135885.0
2026-07-06 09:50:00,3748.0,3754.0,3742.5,3745.0,58170.0
2026-07-06 09:55:00,3745.0,3755.0,3742.0,3749.0,59196.0
2026-07-06 10:00:00,3749.4,3752.0,3737.0,3738.0,44030.0
2026-07-06 10:05:00,3738.0,3740.6,3731.1,3733.0,79679.0
2026-07-06 10:10:00,3733.9,3749.1,3732.0,3746.4,51043.0
2026-07-06 10:15:00,3745.0,3747.8,3739.1,3745.0,28203.0
2026-07-06 10:20:00,3744.3,3747.0,3740.0,3740.4,31284.0
2026-07-06 10:25:00,3740.4,3745.9,3738.0,3739.1,28458.0
2026-07-06 10:30:00,3739.2,3739.5,3732.7,3732.7,27368.0
2026-07-06 10:35:00,3732.7,3738.6,3732.7,3737.6,22374.0
2026-07-06 10:40:00,3737.7,3774.7,3737.7,3773.6,135626.0
2026-07-06 10:45:00,3773.0,3788.1,3768.1,3781.0,149069.0
2026-07-06 10:50:00,3781.0,3782.4,3767.9,3773.8,55456.0
2026-07-06 10:55:00,3773.8,3785.0,3771.5,3780.0,84153.0
2026-07-06 11:00:00,3779.1,3800.8,3779.0,3790.7,147137.0
2026-07-06 11:05:00,3791.0,3791.1,3765.3,3769.0,49567.0
2026-07-06 11:10:00,3769.8,3776.0,3766.0,3769.1,39989.0
2026-07-06 11:15:00,3768.8,3773.0,3766.3,3768.0,28866.0
2026-07-06 11:20:00,3769.0,3781.0,3765.0,3781.0,41961.0
2026-07-06 11:25:00,3781.9,3781.9,3769.1,3778.0,47917.0
2026-07-06 11:30:00,3780.0,3803.2,3780.0,3798.1,95592.0
2026-07-06 11:35:00,3798.7,3800.0,3789.0,3791.5,59505.0
2026-07-06 11:40:00,3791.0,3800.0,3791.0,3797.9,39966.0
2026-07-06 11:45:00,3799.0,3817.0,3793.0,3813.3,107055.0
2026-07-06 11:50:00,3809.4,3810.8,3796.2,3799.3,51591.0
2026-07-06 11:55:00,3798.8,3815.0,3798.8,3807.2,60864.0
2026-07-06 12:00:00,3808.0,3809.0,3800.8,3802.9,22103.0
2026-07-06 12:05:00,3802.9,3805.9,3800.0,3804.2,24920.0
2026-07-06 12:10:00,3803.2,3803.9,3795.0,3795.1,25163.0
2026-07-06 12:15:00,3796.6,3800.3,3795.0,3797.0,18888.0
2026-07-06 12:20:00,3796.9,3797.0,3792.6,3794.8,26296.0
2026-07-06 12:25:00,3794.8,3807.3,3794.8,3801.1,28789.0
2026-07-06 12:30:00,3802.0,3805.6,3800.1,3802.5,24133.0
2026-07-06 12:35:00,3801.9,3803.2,3795.0,3795.0,16267.0
2026-07-06 12:40:00,3794.3,3802.2,3794.3,3797.8,22740.0
2026-07-06 12:45:00,3797.8,3810.4,3796.0,3803.3,33153.0
2026-07-06 12:50:00,3804.2,3808.6,3797.0,3797.9,20645.0
2026-07-06 12:55:00,3797.9,3804.5,3797.4,3801.0,16332.0
2026-07-06 13:00:00,3805.0,3806.4,3799.0,3803.6,21355.0
2026-07-06 13:05:00,3802.4,3805.0,3795.5,3796.4,15330.0
2026-07-06 13:10:00,3796.4,3801.8,3795.0,3800.3,13897.0
2026-07-06 13:15:00,3800.3,3801.0,3792.1,3792.1,16895.0
2026-07-06 13:20:00,3793.0,3805.0,3793.0,3803.1,20030.0
2026-07-06 13:25:00,3803.0,3808.6,3802.4,3804.7,21262.0
2026-07-06 13:30:00,3804.2,3807.7,3800.6,3803.6,18287.0
2026-07-06 13:35:00,3803.5,3808.4,3803.4,3808.1,17847.0
2026-07-06 13:40:00,3808.0,3809.0,3801.5,3802.6,14961.0
2026-07-06 13:45:00,3801.9,3804.2,3793.4,3794.0,22270.0
2026-07-06 13:50:00,3794.0,3795.3,3792.0,3793.5,16078.0
2026-07-06 13:55:00,3793.5,3793.5,3784.5,3788.5,41772.0
2026-07-06 14:00:00,3788.9,3793.9,3787.0,3793.9,19693.0
2026-07-06 14:05:00,3793.1,3797.1,3791.7,3794.8,13904.0
2026-07-06 14:10:00,3793.9,3805.2,3793.8,3800.1,28308.0
2026-07-06 14:15:00,3801.0,3805.0,3797.4,3803.0,18539.0
2026-07-06 14:20:00,3802.7,3805.1,3797.5,3805.1,25474.0
2026-07-06 14:25:00,3803.8,3811.0,3800.0,3805.2,37968.0
2026-07-06 14:30:00,3805.0,3807.5,3801.2,3803.0,17452.0
2026-07-06 14:35:00,3803.7,3803.7,3796.0,3796.2,17296.0
2026-07-06 14:40:00,3796.0,3799.0,3791.1,3799.0,20061.0
2026-07-06 14:45:00,3799.7,3808.4,3797.7,3802.0,27600.0
2026-07-06 14:50:00,3801.1,3803.6,3796.1,3801.9,31368.0
2026-07-06 14:55:00,3800.8,3801.9,3798.0,3800.6,14135.0
2026-07-06 15:00:00,3800.5,3804.1,3799.1,3802.0,42163.0
2026-07-06 15:05:00,3802.0,3805.0,3799.4,3800.2,41915.0
2026-07-06 15:10:00,3800.8,3801.9,3798.0,3800.2,34069.0
2026-07-06 15:15:00,3800.2,3803.0,3798.8,3801.7,63421.0
2026-07-06 15:20:00,3801.6,3806.0,3800.0,3806.0,75414.0
2026-07-06 15:25:00,3806.0,3812.2,3802.2,3805.0,66350.0
2026-07-07 09:15:00,3820.0,3820.6,3740.1,3742.6,219168.0
2026-07-07 09:20:00,3744.4,3746.6,3710.0,3712.0,264758.0
2026-07-07 09:25:00,3712.4,3720.0,3685.0,3700.0,276148.0
2026-07-07 09:30:00,3698.2,3698.9,3670.0,3683.1,227071.0
2026-07-07 09:35:00,3682.9,3689.3,3667.2,3670.6,168357.0
2026-07-07 09:40:00,3672.0,3683.0,3669.3,3675.0,109930.0
2026-07-07 09:45:00,3673.1,3677.6,3640.0,3646.9,249536.0
2026-07-07 09:50:00,3647.5,3665.0,3645.1,3646.6,121424.0
2026-07-07 09:55:00,3646.4,3674.0,3641.5,3667.0,115097.0
2026-07-07 10:00:00,3667.0,3670.8,3660.2,3664.9,63662.0
2026-07-07 10:05:00,3663.8,3664.9,3648.5,3656.0,77618.0
2026-07-07 10:10:00,3655.5,3656.0,3630.6,3637.0,160697.0
2026-07-07 10:15:00,3637.7,3643.6,3636.1,3642.0,63966.0
2026-07-07 10:20:00,3642.0,3652.0,3637.9,3651.0,81239.0
2026-07-07 10:25:00,3651.0,3659.0,3649.1,3655.0,53710.0
2026-07-07 10:30:00,3655.0,3655.0,3645.0,3647.0,36948.0
2026-07-07 10:35:00,3647.0,3659.0,3640.7,3658.0,80181.0
2026-07-07 10:40:00,3658.4,3668.5,3653.3,3660.4,80589.0
2026-07-07 10:45:00,3660.0,3665.1,3654.1,3657.0,41746.0
2026-07-07 10:50:00,3656.7,3659.5,3652.3,3659.4,41173.0
2026-07-07 10:55:00,3659.3,3660.9,3655.4,3659.2,26063.0
2026-07-07 11:00:00,3659.6,3660.5,3652.2,3655.0,28443.0
2026-07-07 11:05:00,3655.0,3655.0,3650.2,3651.9,27379.0
2026-07-07 11:10:00,3651.2,3653.4,3648.6,3650.0,43053.0
2026-07-07 11:15:00,3650.0,3650.0,3646.1,3648.6,47879.0
2026-07-07 11:20:00,3649.6,3654.9,3648.0,3653.9,38968.0
2026-07-07 11:25:00,3654.0,3658.9,3651.1,3655.0,52283.0
2026-07-07 11:30:00,3654.4,3660.4,3645.1,3651.8,59716.0
2026-07-07 11:35:00,3651.7,3655.0,3649.7,3651.0,31316.0
2026-07-07 11:40:00,3651.0,3651.0,3648.4,3649.4,18397.0
2026-07-07 11:45:00,3649.4,3660.4,3648.2,3654.4,59571.0
2026-07-07 11:50:00,3654.0,3665.0,3653.7,3664.8,62273.0
2026-07-07 11:55:00,3664.0,3664.0,3657.9,3663.8,58313.0
2026-07-07 12:00:00,3663.9,3664.0,3660.5,3664.0,21233.0
2026-07-07 12:05:00,3663.7,3665.0,3656.4,3657.0,32418.0
2026-07-07 12:10:00,3656.8,3657.0,3652.3,3653.8,44995.0
2026-07-07 12:15:00,3653.0,3653.0,3648.2,3648.7,39928.0
2026-07-07 12:20:00,3648.6,3650.0,3646.6,3649.3,34511.0
2026-07-07 12:25:00,3649.3,3660.0,3648.0,3653.8,54938.0
2026-07-07 12:30:00,3653.8,3654.9,3640.0,3640.6,59290.0
2026-07-07 12:35:00,3640.6,3640.6,3633.0,3638.7,73930.0
2026-07-07 12:40:00,3638.7,3645.0,3638.7,3644.5,27693.0
2026-07-07 12:45:00,3644.5,3645.0,3638.0,3640.2,36939.0
2026-07-07 12:50:00,3640.6,3643.0,3636.0,3640.0,23729.0
2026-07-07 12:55:00,3640.0,3640.0,3635.8,3636.1,20675.0
2026-07-07 13:00:00,3636.1,3636.6,3631.0,3634.9,35658.0
2026-07-07 13:05:00,3634.8,3638.2,3632.9,3633.9,25743.0
2026-07-07 13:10:00,3634.0,3649.6,3633.9,3647.8,50187.0
2026-07-07 13:15:00,3648.5,3659.5,3647.5,3655.9,64653.0
2026-07-07 13:20:00,3655.1,3660.0,3653.0,3658.8,45182.0
2026-07-07 13:25:00,3658.7,3669.1,3657.2,3662.1,105399.0
2026-07-07 13:30:00,3662.1,3663.9,3658.0,3658.1,36740.0
2026-07-07 13:35:00,3657.7,3658.1,3651.0,3656.0,29273.0
2026-07-07 13:40:00,3653.7,3672.4,3653.7,3672.4,60705.0
2026-07-07 13:45:00,3672.9,3696.7,3664.9,3682.0,177852.0
2026-07-07 13:50:00,3680.0,3688.8,3678.0,3683.8,52397.0
2026-07-07 13:55:00,3683.5,3684.6,3671.1,3672.8,49501.0
2026-07-07 14:00:00,3673.7,3686.0,3673.3,3685.8,79823.0
2026-07-07 14:05:00,3685.8,3690.0,3677.1,3679.0,77586.0
2026-07-07 14:10:00,3677.6,3683.0,3674.7,3681.8,53334.0
2026-07-07 14:15:00,3681.5,3683.0,3672.6,3680.0,49976.0
2026-07-07 14:20:00,3680.1,3681.2,3678.0,3681.1,31470.0
2026-07-07 14:25:00,3681.1,3689.0,3680.0,3682.0,65314.0
2026-07-07 14:30:00,3682.0,3686.8,3681.0,3684.4,30901.0
2026-07-07 14:35:00,3684.5,3687.0,3680.7,3682.6,48213.0
2026-07-07 14:40:00,3682.5,3686.0,3679.0,3683.8,66046.0
2026-07-07 14:45:00,3683.8,3695.0,3683.3,3692.1,122137.0
2026-07-07 14:50:00,3693.1,3700.0,3691.8,3692.3,167732.0
2026-07-07 14:55:00,3692.2,3692.9,3688.8,3692.0,64745.0
2026-07-07 15:00:00,3693.8,3694.1,3686.0,3687.4,59381.0
2026-07-07 15:05:00,3687.5,3690.0,3683.1,3685.9,82158.0
2026-07-07 15:10:00,3685.9,3686.7,3680.8,3685.0,72729.0
2026-07-07 15:15:00,3685.0,3688.0,3680.0,3684.8,109757.0
2026-07-07 15:20:00,3685.0,3685.0,3678.0,3680.9,113542.0
2026-07-07 15:25:00,3681.5,3685.0,3676.0,3678.7,82264.0
2026-07-08 09:15:00,3640.0,3703.7,3637.9,3685.2,245804.0
2026-07-08 09:20:00,3684.0,3688.4,3672.1,3672.7,102257.0
2026-07-08 09:25:00,3673.2,3674.1,3655.0,3662.7,86228.0
2026-07-08 09:30:00,3663.0,3673.3,3653.3,3654.7,66888.0
2026-07-08 09:35:00,3653.0,3666.2,3643.7,3665.0,74853.0
2026-07-08 09:40:00,3665.0,3680.0,3662.4,3679.9,113844.0
2026-07-08 09:45:00,3680.0,3707.0,3671.4,3695.2,215613.0
2026-07-08 09:50:00,3697.0,3698.0,3682.0,3688.0,83526.0
2026-07-08 09:55:00,3687.0,3708.0,3686.1,3706.0,98806.0
2026-07-08 10:00:00,3706.5,3713.0,3697.5,3699.6,72150.0
2026-07-08 10:05:00,3698.0,3701.7,3693.0,3698.0,32824.0
2026-07-08 10:10:00,3697.5,3701.0,3696.0,3699.2,34684.0
2026-07-08 10:15:00,3699.0,3703.9,3692.1,3701.6,42117.0
2026-07-08 10:20:00,3702.1,3703.9,3696.0,3697.0,28355.0
2026-07-08 10:25:00,3696.9,3702.0,3694.1,3699.7,21679.0
2026-07-08 10:30:00,3699.0,3699.7,3686.5,3691.1,40018.0
2026-07-08 10:35:00,3691.1,3698.5,3686.0,3697.8,22795.0
2026-07-08 10:40:00,3696.0,3714.8,3691.9,3707.2,84048.0
2026-07-08 10:45:00,3705.8,3717.9,3700.3,3702.0,56746.0
2026-07-08 10:50:00,3702.0,3703.1,3697.2,3698.5,18741.0
2026-07-08 10:55:00,3698.6,3701.0,3689.9,3698.0,40133.0
2026-07-08 11:00:00,3699.3,3699.3,3689.0,3694.2,21876.0
2026-07-08 11:05:00,3694.6,3699.0,3693.3,3696.7,19127.0
2026-07-08 11:10:00,3697.1,3707.0,3696.3,3706.8,48770.0
2026-07-08 11:15:00,3709.0,3711.8,3696.0,3697.7,33069.0
2026-07-08 11:20:00,3697.6,3699.6,3692.0,3695.2,16716.0
2026-07-08 11:25:00,3695.0,3698.0,3694.0,3695.3,11230.0
2026-07-08 11:30:00,3695.3,3695.4,3686.0,3688.8,36413.0
2026-07-08 11:35:00,3688.2,3689.1,3675.7,3677.0,36918.0
2026-07-08 11:40:00,3676.4,3678.5,3668.0,3675.0,38619.0
2026-07-08 11:45:00,3675.0,3682.9,3673.0,3679.2,18528.0
2026-07-08 11:50:00,3678.8,3683.0,3678.0,3678.6,12430.0
2026-07-08 11:55:00,3678.6,3682.0,3674.0,3681.0,15707.0
2026-07-08 12:00:00,3681.0,3686.3,3680.5,3680.5,15011.0
2026-07-08 12:05:00,3680.5,3682.8,3678.1,3680.0,13761.0
2026-07-08 12:10:00,3680.2,3685.0,3679.7,3683.9,12421.0
2026-07-08 12:15:00,3683.0,3685.1,3681.1,3682.5,12650.0
2026-07-08 12:20:00,3682.1,3684.9,3676.1,3677.1,13692.0
2026-07-08 12:25:00,3677.1,3680.0,3677.0,3678.0,10559.0
2026-07-08 12:30:00,3678.0,3681.7,3675.3,3679.8,10857.0
2026-07-08 12:35:00,3679.8,3681.0,3673.6,3677.3,19573.0
2026-07-08 12:40:00,3677.3,3682.0,3675.0,3681.5,18172.0
2026-07-08 12:45:00,3681.5,3685.0,3676.0,3676.0,12666.0
2026-07-08 12:50:00,3676.0,3681.0,3676.0,3680.2,8368.0
2026-07-08 12:55:00,3680.2,3682.3,3677.0,3679.0,9072.0
2026-07-08 13:00:00,3679.0,3683.0,3678.7,3682.5,11912.0
2026-07-08 13:05:00,3682.6,3687.0,3680.7,3682.4,16763.0
2026-07-08 13:10:00,3682.4,3682.4,3678.0,3679.1,12619.0
2026-07-08 13:15:00,3679.0,3679.1,3675.2,3676.2,13743.0
2026-07-08 13:20:00,3676.1,3682.3,3675.2,3677.5,11439.0
2026-07-08 13:25:00,3677.5,3687.0,3675.5,3687.0,14864.0
2026-07-08 13:30:00,3687.2,3693.4,3687.2,3691.6,21758.0
2026-07-08 13:35:00,3691.3,3693.9,3689.8,3693.5,11103.0
2026-07-08 13:40:00,3693.0,3694.9,3690.3,3691.3,9776.0
2026-07-08 13:45:00,3691.0,3694.0,3680.0,3683.0,41502.0
2026-07-08 13:50:00,3683.5,3684.6,3670.9,3673.7,36753.0
2026-07-08 13:55:00,3673.3,3680.5,3670.0,3673.6,40096.0
2026-07-08 14:00:00,3672.7,3682.9,3670.0,3672.0,44195.0
2026-07-08 14:05:00,3672.0,3683.5,3665.2,3670.8,67439.0
2026-07-08 14:10:00,3670.0,3682.9,3655.8,3657.6,86524.0
2026-07-08 14:15:00,3657.6,3672.8,3655.0,3664.9,50867.0
2026-07-08 14:20:00,3666.2,3674.0,3664.5,3670.0,40961.0
2026-07-08 14:25:00,3669.9,3674.7,3660.1,3663.2,40141.0
2026-07-08 14:30:00,3663.2,3707.0,3663.1,3692.9,180060.0
2026-07-08 14:35:00,3690.9,3708.8,3690.0,3691.6,127046.0
2026-07-08 14:40:00,3691.4,3699.3,3688.0,3697.7,56112.0
2026-07-08 14:45:00,3697.7,3704.0,3692.0,3697.8,75252.0
2026-07-08 14:50:00,3697.7,3700.0,3690.0,3691.0,56101.0
2026-07-08 14:55:00,3691.2,3697.0,3685.7,3693.0,79704.0
2026-07-08 15:00:00,3692.5,3729.9,3691.7,3719.1,210201.0
2026-07-08 15:05:00,3718.0,3734.9,3717.3,3728.4,111828.0
2026-07-08 15:10:00,3728.4,3739.0,3725.0,3738.4,101823.0
2026-07-08 15:15:00,3738.4,3768.8,3738.4,3757.0,198550.0
2026-07-08 15:20:00,3756.8,3765.0,3756.8,3763.0,112319.0
2026-07-08 15:25:00,3761.6,3765.6,3755.7,3757.0,97800.0
2026-07-09 09:15:00,3762.0,3792.0,3760.6,3766.3,156509.0
2026-07-09 09:20:00,3768.8,3774.4,3762.0,3770.4,54426.0
2026-07-09 09:25:00,3768.9,3784.0,3768.1,3782.9,55514.0
2026-07-09 09:30:00,3783.0,3786.8,3770.8,3775.7,53540.0
2026-07-09 09:35:00,3774.9,3776.0,3768.0,3775.8,22960.0
2026-07-09 09:40:00,3776.0,3780.5,3774.3,3778.4,28015.0
2026-07-09 09:45:00,3779.0,3782.0,3774.8,3776.4,15941.0
2026-07-09 09:50:00,3775.0,3779.9,3770.0,3775.6,19994.0
2026-07-09 09:55:00,3775.5,3782.0,3770.6,3771.0,21739.0
2026-07-09 10:00:00,3771.0,3778.8,3770.2,3775.7,11274.0
2026-07-09 10:05:00,3775.0,3783.6,3774.0,3782.0,22112.0
2026-07-09 10:10:00,3782.5,3784.7,3775.6,3781.0,18403.0
2026-07-09 10:15:00,3780.0,3784.4,3779.6,3780.0,11386.0
2026-07-09 10:20:00,3780.2,3784.3,3780.0,3782.4,14777.0
2026-07-09 10:25:00,3783.0,3795.0,3781.1,3789.3,61818.0
2026-07-09 10:30:00,3789.9,3805.0,3788.6,3803.5,91554.0
2026-07-09 10:35:00,3803.4,3814.0,3799.8,3814.0,62363.0
2026-07-09 10:40:00,3814.0,3819.0,3808.1,3817.0,69047.0
2026-07-09 10:45:00,3817.5,3852.0,3817.0,3828.8,202068.0
2026-07-09 10:50:00,3829.1,3831.3,3824.4,3831.0,45054.0
2026-07-09 10:55:00,3830.4,3836.4,3817.2,3819.0,74734.0
2026-07-09 11:00:00,3819.4,3822.9,3809.9,3810.6,51287.0
2026-07-09 11:05:00,3809.9,3818.0,3807.0,3815.4,38674.0
2026-07-09 11:10:00,3815.6,3818.0,3811.8,3813.9,11222.0
2026-07-09 11:15:00,3814.0,3821.6,3813.9,3816.0,16280.0
2026-07-09 11:20:00,3816.5,3820.0,3811.6,3811.9,17368.0
2026-07-09 11:25:00,3812.6,3815.6,3809.0,3811.1,13461.0
2026-07-09 11:30:00,3812.2,3815.8,3810.0,3813.7,8120.0
2026-07-09 11:35:00,3813.7,3822.0,3809.5,3810.4,28566.0
2026-07-09 11:40:00,3811.2,3820.0,3809.5,3818.0,12431.0
2026-07-09 11:45:00,3818.0,3819.9,3814.0,3816.0,7864.0
2026-07-09 11:50:00,3816.0,3816.8,3798.6,3805.6,43627.0
2026-07-09 11:55:00,3805.9,3813.9,3805.2,3811.0,19470.0
2026-07-09 12:00:00,3811.0,3815.0,3809.1,3812.6,12316.0
2026-07-09 12:05:00,3812.3,3812.3,3804.3,3807.7,9728.0
2026-07-09 12:10:00,3809.3,3812.0,3805.0,3812.0,6747.0
2026-07-09 12:15:00,3812.0,3812.1,3802.6,3805.9,9558.0
2026-07-09 12:20:00,3805.0,3808.9,3802.1,3803.3,6171.0
2026-07-09 12:25:00,3804.2,3805.2,3800.0,3802.3,13252.0
2026-07-09 12:30:00,3802.5,3804.0,3799.1,3800.0,16219.0
2026-07-09 12:35:00,3800.9,3813.4,3800.1,3812.0,18393.0
2026-07-09 12:40:00,3812.5,3813.4,3807.0,3808.9,6954.0
2026-07-09 12:45:00,3809.1,3812.4,3800.1,3800.8,12337.0
2026-07-09 12:50:00,3801.2,3806.7,3799.7,3804.0,14525.0
2026-07-09 12:55:00,3804.4,3804.4,3798.2,3799.1,26264.0
2026-07-09 13:00:00,3800.0,3802.9,3798.2,3800.4,8122.0
2026-07-09 13:05:00,3800.6,3804.1,3800.0,3800.2,41165.0
2026-07-09 13:10:00,3800.8,3803.0,3800.0,3802.0,8325.0
2026-07-09 13:15:00,3802.2,3804.8,3802.0,3803.5,6958.0
2026-07-09 13:20:00,3803.5,3803.5,3800.0,3800.1,8150.0
2026-07-09 13:25:00,3800.2,3800.2,3782.8,3791.4,53882.0
2026-07-09 13:30:00,3790.8,3792.7,3783.4,3792.7,34668.0
2026-07-09 13:35:00,3792.5,3794.8,3790.0,3793.5,15135.0
2026-07-09 13:40:00,3793.1,3798.0,3789.6,3795.7,14942.0
2026-07-09 13:45:00,3796.3,3798.6,3788.3,3791.1,15725.0
2026-07-09 13:50:00,3791.1,3791.4,3786.0,3789.0,11673.0
2026-07-09 13:55:00,3789.0,3790.0,3785.3,3787.5,10546.0
2026-07-09 14:00:00,3789.0,3794.5,3787.6,3790.7,16858.0
2026-07-09 14:05:00,3791.0,3794.0,3789.3,3791.0,7859.0
2026-07-09 14:10:00,3790.9,3798.5,3788.7,3791.0,14864.0
2026-07-09 14:15:00,3795.2,3795.2,3788.3,3791.0,9391.0
2026-07-09 14:20:00,3791.5,3793.9,3789.5,3791.6,9211.0
2026-07-09 14:25:00,3793.1,3794.0,3788.5,3791.9,9199.0
2026-07-09 14:30:00,3792.0,3798.4,3788.4,3798.0,11783.0
2026-07-09 14:35:00,3797.8,3806.5,3797.1,3804.1,32801.0
2026-07-09 14:40:00,3804.6,3814.0,3802.6,3812.9,33068.0
2026-07-09 14:45:00,3812.9,3812.9,3800.2,3804.3,43526.0
2026-07-09 14:50:00,3804.5,3807.0,3800.7,3802.0,13376.0
2026-07-09 14:55:00,3802.0,3802.5,3800.0,3800.5,14135.0
2026-07-09 15:00:00,3798.2,3800.0,3790.8,3796.9,43664.0
2026-07-09 15:05:00,3796.2,3798.8,3788.0,3794.8,29717.0
2026-07-09 15:10:00,3795.9,3798.0,3792.0,3794.8,33254.0
2026-07-09 15:15:00,3795.1,3820.0,3795.1,3819.5,102923.0
2026-07-09 15:20:00,3819.0,3820.0,3807.5,3810.0,78827.0
2026-07-09 15:25:00,3810.5,3815.0,3810.0,3811.8,40451.0
2026-07-10 09:15:00,3815.0,3849.0,3815.0,3834.7,145411.0
2026-07-10 09:20:00,3835.0,3842.3,3817.8,3822.6,83274.0
2026-07-10 09:25:00,3823.9,3840.0,3820.0,3821.5,52395.0
2026-07-10 09:30:00,3821.0,3821.5,3775.0,3783.3,178113.0
2026-07-10 09:35:00,3784.6,3784.6,3761.3,3774.3,90153.0
2026-07-10 09:40:00,3775.1,3781.6,3765.6,3776.7,47906.0
2026-07-10 09:45:00,3777.3,3777.3,3765.0,3765.9,44310.0
2026-07-10 09:50:00,3765.8,3774.0,3762.7,3767.0,37295.0
2026-07-10 09:55:00,3767.0,3772.9,3763.0,3772.8,48581.0
2026-07-10 10:00:00,3772.7,3773.9,3760.1,3766.7,32361.0
2026-07-10 10:05:00,3766.0,3778.8,3761.1,3777.6,50731.0
2026-07-10 10:10:00,3778.2,3789.2,3776.2,3782.6,37241.0
2026-07-10 10:15:00,3782.5,3787.4,3770.3,3783.2,34123.0
2026-07-10 10:20:00,3783.2,3789.8,3781.0,3781.6,36538.0
2026-07-10 10:25:00,3783.0,3805.8,3781.7,3791.6,63945.0
2026-07-10 10:30:00,3791.1,3792.3,3784.9,3790.0,24889.0
2026-07-10 10:35:00,3790.0,3800.0,3790.0,3798.0,20593.0
2026-07-10 10:40:00,3797.0,3802.7,3792.7,3801.6,26847.0
2026-07-10 10:45:00,3802.7,3805.0,3795.0,3797.0,20581.0
2026-07-10 10:50:00,3797.0,3797.0,3792.3,3797.0,12409.0
2026-07-10 10:55:00,3797.0,3804.0,3797.0,3803.5,19486.0
2026-07-10 11:00:00,3803.5,3815.0,3802.2,3810.7,47376.0
2026-07-10 11:05:00,3810.7,3812.5,3801.3,3803.6,32326.0
2026-07-10 11:10:00,3804.2,3812.0,3799.2,3805.7,66639.0
2026-07-10 11:15:00,3804.0,3808.8,3794.0,3795.9,63694.0
2026-07-10 11:20:00,3795.3,3806.0,3794.0,3796.2,61757.0
2026-07-10 11:25:00,3795.6,3814.6,3794.4,3810.0,74516.0
2026-07-10 11:30:00,3810.7,3817.5,3807.5,3814.7,26219.0
2026-07-10 11:35:00,3814.0,3815.9,3806.0,3814.5,19718.0
2026-07-10 11:40:00,3814.2,3819.8,3808.0,3808.5,37681.0
2026-07-10 11:45:00,3809.0,3810.6,3793.0,3799.0,35364.0
2026-07-10 11:50:00,3798.6,3798.6,3790.0,3793.0,16706.0
2026-07-10 11:55:00,3792.0,3793.8,3786.9,3793.0,30934.0
2026-07-10 12:00:00,3793.3,3802.0,3793.3,3796.9,11919.0
2026-07-10 12:05:00,3795.5,3800.0,3795.5,3798.5,14036.0
2026-07-10 12:10:00,3798.8,3807.6,3797.0,3803.4,28339.0
2026-07-10 12:15:00,3803.7,3807.6,3801.8,3807.5,7447.0
2026-07-10 12:20:00,3807.1,3808.0,3800.9,3805.0,7919.0
2026-07-10 12:25:00,3804.7,3809.0,3801.9,3808.6,10131.0
2026-07-10 12:30:00,3809.0,3811.8,3804.3,3806.0,15367.0
2026-07-10 12:35:00,3807.0,3807.0,3798.0,3799.8,13319.0
2026-07-10 12:40:00,3799.9,3802.6,3799.0,3802.3,7050.0
2026-07-10 12:45:00,3801.1,3802.5,3800.0,3800.0,6276.0
2026-07-10 12:50:00,3800.0,3800.0,3796.6,3799.0,7473.0
2026-07-10 12:55:00,3799.0,3802.2,3795.9,3798.5,10548.0
2026-07-10 13:00:00,3798.5,3802.0,3795.9,3801.5,6036.0
2026-07-10 13:05:00,3800.5,3804.0,3798.8,3801.4,6383.0
2026-07-10 13:10:00,3801.0,3801.4,3788.1,3793.0,29947.0
2026-07-10 13:15:00,3794.2,3795.8,3791.1,3795.8,10079.0
2026-07-10 13:20:00,3795.5,3797.0,3792.9,3795.0,7313.0
2026-07-10 13:25:00,3794.6,3795.3,3791.0,3794.1,7838.0
2026-07-10 13:30:00,3794.1,3796.8,3791.4,3796.6,5840.0
2026-07-10 13:35:00,3796.6,3796.6,3791.7,3794.0,5462.0
2026-07-10 13:40:00,3794.3,3797.0,3792.0,3793.4,5404.0
2026-07-10 13:45:00,3793.0,3796.2,3791.0,3792.2,12085.0
2026-07-10 13:50:00,3793.3,3799.0,3792.3,3797.9,7028.0
2026-07-10 13:55:00,3797.9,3797.9,3791.0,3791.9,5714.0
2026-07-10 14:00:00,3791.9,3795.6,3791.0,3792.5,6461.0
2026-07-10 14:05:00,3793.0,3793.2,3784.8,3785.9,23258.0
2026-07-10 14:10:00,3785.9,3789.4,3783.0,3788.2,8827.0
2026-07-10 14:15:00,3788.2,3788.9,3785.0,3787.7,5815.0
2026-07-10 14:20:00,3787.7,3789.9,3786.1,3788.3,6353.0
2026-07-10 14:25:00,3788.0,3788.4,3783.0,3785.2,11624.0
2026-07-10 14:30:00,3785.1,3788.8,3781.1,3783.8,11880.0
2026-07-10 14:35:00,3783.8,3787.8,3782.0,3786.4,8358.0
2026-07-10 14:40:00,3786.4,3788.0,3781.5,3782.0,11267.0
2026-07-10 14:45:00,3782.3,3789.9,3781.9,3788.7,10138.0
2026-07-10 14:50:00,3789.3,3794.0,3788.3,3793.2,12278.0
2026-07-10 14:55:00,3793.5,3805.2,3792.4,3805.0,45833.0
2026-07-10 15:00:00,3805.0,3816.1,3802.0,3806.1,91784.0
2026-07-10 15:05:00,3807.6,3818.0,3807.3,3813.4,42053.0
2026-07-10 15:10:00,3813.5,3814.9,3808.8,3810.5,27901.0
2026-07-10 15:15:00,3810.7,3812.0,3808.0,3811.0,39095.0
2026-07-10 15:20:00,3811.0,3814.2,3808.2,3813.5,52629.0
2026-07-10 15:25:00,3813.5,3813.8,3803.1,3812.0,59048.0
