timestamp,open,high,low,close,volume
2026-06-01 09:15:00,928.95,928.95,919.0,921.85,181260.0
2026-06-01 09:20:00,921.85,924.6,916.8,918.9,136867.0
2026-06-01 09:25:00,918.85,923.75,918.05,921.5,78211.0
2026-06-01 09:30:00,922.1,922.5,919.15,920.3,69857.0
2026-06-01 09:35:00,920.3,920.3,915.6,916.9,76035.0
2026-06-01 09:40:00,917.05,918.3,911.8,912.0,70065.0
2026-06-01 09:45:00,911.75,914.0,908.2,910.35,122368.0
2026-06-01 09:50:00,909.95,911.75,906.05,906.75,82095.0
2026-06-01 09:55:00,906.3,906.8,902.05,902.45,139282.0
2026-06-01 10:00:00,902.4,902.4,896.05,897.2,124050.0
2026-06-01 10:05:00,897.35,902.0,896.75,899.4,57845.0
2026-06-01 10:10:00,899.3,900.4,897.3,897.75,43010.0
2026-06-01 10:15:00,897.45,899.0,896.75,897.5,39373.0
2026-06-01 10:20:00,897.25,898.2,896.3,897.05,32434.0
2026-06-01 10:25:00,897.75,902.7,897.5,902.1,34267.0
2026-06-01 10:30:00,901.7,902.9,900.4,901.15,48945.0
2026-06-01 10:35:00,901.3,901.8,898.35,899.1,22018.0
2026-06-01 10:40:00,899.1,901.85,898.65,899.55,16888.0
2026-06-01 10:45:00,899.95,903.95,899.4,903.65,26064.0
2026-06-01 10:50:00,904.0,906.25,903.5,906.25,34550.0
2026-06-01 10:55:00,906.0,907.9,905.15,905.3,38312.0
2026-06-01 11:00:00,905.3,908.15,905.0,907.8,39685.0
2026-06-01 11:05:00,907.45,912.6,907.4,911.7,48305.0
2026-06-01 11:10:00,911.7,914.9,911.45,913.5,42906.0
2026-06-01 11:15:00,913.5,914.95,913.4,914.25,28149.0
2026-06-01 11:20:00,913.95,914.15,910.65,911.4,20870.0
2026-06-01 11:25:00,911.25,912.2,909.5,909.95,28039.0
2026-06-01 11:30:00,909.9,910.5,907.4,908.55,24305.0
2026-06-01 11:35:00,908.1,910.4,905.25,905.6,31125.0
2026-06-01 11:40:00,905.6,906.65,905.15,905.15,12840.0
2026-06-01 11:45:00,905.15,905.85,904.25,905.4,15817.0
2026-06-01 11:50:00,905.5,908.45,905.35,907.7,26669.0
2026-06-01 11:55:00,907.7,907.85,903.5,903.7,20252.0
2026-06-01 12:00:00,903.65,905.65,903.0,905.0,24047.0
2026-06-01 12:05:00,904.95,907.15,904.95,905.1,14525.0
2026-06-01 12:10:00,905.1,906.95,905.0,906.65,11536.0
2026-06-01 12:15:00,906.45,907.05,905.1,905.15,13456.0
2026-06-01 12:20:00,905.15,905.5,902.0,903.75,27595.0
2026-06-01 12:25:00,903.6,903.9,901.8,902.1,18342.0
2026-06-01 12:30:00,902.3,902.4,901.0,901.9,21063.0
2026-06-01 12:35:00,901.35,906.2,901.1,905.95,36554.0
2026-06-01 12:40:00,905.95,907.35,904.55,907.0,19034.0
2026-06-01 12:45:00,906.95,907.35,905.35,906.15,11187.0
2026-06-01 12:50:00,906.15,906.75,905.5,906.25,9731.0
2026-06-01 12:55:00,906.45,906.75,905.05,906.2,13013.0
2026-06-01 13:00:00,906.2,907.45,906.2,906.55,11325.0
2026-06-01 13:05:00,906.55,906.95,904.25,904.4,14218.0
2026-06-01 13:10:00,904.3,904.7,902.5,903.75,14131.0
2026-06-01 13:15:00,903.6,904.85,903.4,904.1,13667.0
2026-06-01 13:20:00,904.1,905.0,903.9,903.9,14113.0
2026-06-01 13:25:00,903.8,905.0,903.0,904.55,9078.0
2026-06-01 13:30:00,904.6,905.25,903.6,904.45,7335.0
2026-06-01 13:35:00,904.15,905.35,904.0,904.65,8790.0
2026-06-01 13:40:00,904.55,905.75,904.45,904.95,9892.0
2026-06-01 13:45:00,904.95,905.3,903.5,903.65,16847.0
2026-06-01 13:50:00,903.65,903.95,902.75,903.05,16515.0
2026-06-01 13:55:00,903.05,903.7,902.0,902.95,26332.0
2026-06-01 14:00:00,902.75,903.5,901.4,903.35,18376.0
2026-06-01 14:05:00,903.0,903.25,901.6,903.0,23170.0
2026-06-01 14:10:00,902.65,903.5,901.9,902.55,16364.0
2026-06-01 14:15:00,902.25,903.5,901.4,903.5,14925.0
2026-06-01 14:20:00,903.15,903.15,900.45,900.55,22079.0
2026-06-01 14:25:00,900.45,901.65,900.1,900.15,13555.0
2026-06-01 14:30:00,900.15,901.15,899.0,899.6,31374.0
2026-06-01 14:35:00,899.6,901.9,899.6,901.85,13720.0
2026-06-01 14:40:00,901.9,901.9,900.25,900.45,22230.0
2026-06-01 14:45:00,900.45,903.1,900.0,900.35,20619.0
2026-06-01 14:50:00,900.45,901.2,899.0,899.25,20937.0
2026-06-01 14:55:00,899.5,899.5,894.0,895.65,64939.0
2026-06-01 15:00:00,895.7,896.0,891.55,894.1,98635.0
2026-06-01 15:05:00,894.1,895.85,892.8,895.6,93584.0
2026-06-01 15:10:00,896.3,897.7,895.5,896.2,53728.0
2026-06-01 15:15:00,896.7,898.3,895.25,896.3,78502.0
2026-06-01 15:20:00,896.3,896.6,891.3,892.0,154149.0
2026-06-01 15:25:00,891.8,896.0,891.8,894.0,177020.0
2026-06-02 09:15:00,895.05,899.65,883.25,885.85,275133.0
2026-06-02 09:20:00,886.5,889.95,885.2,888.2,114756.0
2026-06-02 09:25:00,888.0,891.05,886.0,890.3,111426.0
2026-06-02 09:30:00,890.15,890.15,883.05,886.05,133179.0
2026-06-02 09:35:00,886.2,893.0,885.3,891.1,92444.0
2026-06-02 09:40:00,891.6,895.15,891.1,892.6,89794.0
2026-06-02 09:45:00,892.7,892.75,888.3,889.35,70649.0
2026-06-02 09:50:00,889.2,893.55,888.7,893.35,58588.0
2026-06-02 09:55:00,892.9,899.85,892.25,899.65,83928.0
2026-06-02 10:00:00,899.65,904.9,899.5,903.0,116978.0
2026-06-02 10:05:00,902.7,903.9,900.5,902.85,64389.0
2026-06-02 10:10:00,902.55,903.6,901.45,901.9,54200.0
2026-06-02 10:15:00,901.8,902.4,899.1,899.7,75477.0
2026-06-02 10:20:00,899.2,902.95,898.05,902.9,63668.0
2026-06-02 10:25:00,903.0,905.55,901.7,902.35,129740.0
2026-06-02 10:30:00,902.05,902.9,898.3,899.25,61622.0
2026-06-02 10:35:00,899.25,900.9,897.75,900.9,50420.0
2026-06-02 10:40:00,901.35,903.8,900.4,902.85,40388.0
2026-06-02 10:45:00,902.85,902.85,900.55,901.4,39305.0
2026-06-02 10:50:00,901.0,901.5,896.8,897.15,52034.0
2026-06-02 10:55:00,897.15,897.35,894.5,895.85,63618.0
2026-06-02 11:00:00,896.05,898.85,896.05,898.1,43875.0
2026-06-02 11:05:00,898.0,899.8,897.7,899.45,39149.0
2026-06-02 11:10:00,899.15,904.4,899.15,904.0,80066.0
2026-06-02 11:15:00,904.0,908.0,903.2,907.75,202847.0
2026-06-02 11:20:00,907.6,908.0,905.35,907.0,54911.0
2026-06-02 11:25:00,907.05,908.2,905.0,907.3,65829.0
2026-06-02 11:30:00,906.9,907.25,904.05,904.05,43125.0
2026-06-02 11:35:00,903.95,904.65,901.9,902.1,37724.0
2026-06-02 11:40:00,903.5,905.75,903.2,903.9,37958.0
2026-06-02 11:45:00,904.1,905.3,902.35,903.85,28599.0
2026-06-02 11:50:00,903.8,903.85,901.85,902.45,32140.0
2026-06-02 11:55:00,902.75,902.85,899.8,899.85,39664.0
2026-06-02 12:00:00,900.35,901.5,899.7,900.5,34949.0
2026-06-02 12:05:00,900.75,902.35,900.0,902.2,38543.0
2026-06-02 12:10:00,902.15,902.45,899.9,900.3,31179.0
2026-06-02 12:15:00,900.1,900.7,898.85,898.85,34083.0
2026-06-02 12:20:00,898.95,899.35,898.15,898.65,24927.0
2026-06-02 12:25:00,898.3,899.8,897.5,897.85,34783.0
2026-06-02 12:30:00,897.85,899.35,896.6,897.25,47575.0
2026-06-02 12:35:00,897.5,898.0,895.45,896.0,32461.0
2026-06-02 12:40:00,896.0,900.8,895.85,900.55,39708.0
2026-06-02 12:45:00,900.55,903.5,900.35,902.4,48015.0
2026-06-02 12:50:00,902.4,903.9,902.05,903.3,40883.0
2026-06-02 12:55:00,903.3,904.2,902.5,903.2,39791.0
2026-06-02 13:00:00,903.2,903.25,901.2,901.8,32468.0
2026-06-02 13:05:00,901.65,902.15,901.05,901.05,17439.0
2026-06-02 13:10:00,901.4,903.15,901.3,902.6,29623.0
2026-06-02 13:15:00,902.55,902.7,901.0,901.7,30829.0
2026-06-02 13:20:00,901.5,902.9,900.55,902.85,27367.0
2026-06-02 13:25:00,902.85,904.95,902.25,904.55,29859.0
2026-06-02 13:30:00,904.55,906.8,904.25,905.35,63423.0
2026-06-02 13:35:00,905.6,906.65,905.0,905.7,44388.0
2026-06-02 13:40:00,905.75,907.0,904.55,905.55,55671.0
2026-06-02 13:45:00,905.85,907.15,905.0,905.05,52402.0
2026-06-02 13:50:00,905.05,907.2,905.05,906.5,42459.0
2026-06-02 13:55:00,906.7,907.55,905.3,907.1,38539.0
2026-06-02 14:00:00,907.55,907.95,907.05,907.95,32815.0
2026-06-02 14:05:00,907.6,908.6,907.4,908.4,32700.0
2026-06-02 14:10:00,908.45,908.45,907.3,907.8,36434.0
2026-06-02 14:15:00,907.65,909.45,906.0,906.05,84439.0
2026-06-02 14:20:00,905.7,908.0,905.7,906.75,46283.0
2026-06-02 14:25:00,906.75,907.5,905.25,906.6,55641.0
2026-06-02 14:30:00,906.85,907.5,906.5,906.9,44105.0
2026-06-02 14:35:00,906.85,907.2,903.25,904.0,60685.0
2026-06-02 14:40:00,903.95,904.0,901.9,902.6,49971.0
2026-06-02 14:45:00,902.5,905.15,901.7,905.15,46592.0
2026-06-02 14:50:00,905.1,905.7,904.05,905.55,48635.0
2026-06-02 14:55:00,905.0,906.05,904.55,905.05,51024.0
2026-06-02 15:00:00,905.05,907.25,903.3,906.35,135343.0
2026-06-02 15:05:00,906.3,906.95,905.6,906.85,95151.0
2026-06-02 15:10:00,906.9,907.0,906.2,906.65,78259.0
2026-06-02 15:15:00,906.75,909.6,906.5,908.9,227469.0
2026-06-02 15:20:00,908.75,910.55,907.95,909.2,181183.0
2026-06-02 15:25:00,909.15,910.0,907.75,909.75,134322.0
2026-06-03 09:15:00,912.95,914.6,899.95,910.05,227344.0
2026-06-03 09:20:00,910.0,911.4,906.5,908.0,79923.0
2026-06-03 09:25:00,907.75,908.8,903.7,905.6,57245.0
2026-06-03 09:30:00,905.45,905.45,901.5,902.05,66349.0
2026-06-03 09:35:00,902.0,911.45,901.65,911.2,50223.0
2026-06-03 09:40:00,911.0,911.0,906.5,908.25,55213.0
2026-06-03 09:45:00,908.25,910.95,908.0,909.3,49538.0
2026-06-03 09:50:00,909.0,910.0,905.65,906.0,45087.0
2026-06-03 09:55:00,905.8,905.8,902.4,903.8,76427.0
2026-06-03 10:00:00,903.45,906.8,903.3,905.4,54386.0
2026-06-03 10:05:00,906.45,907.0,905.0,905.25,35430.0
2026-06-03 10:10:00,905.0,905.95,903.55,905.85,29418.0
2026-06-03 10:15:00,905.75,906.0,902.75,903.75,44237.0
2026-06-03 10:20:00,904.0,905.55,903.0,903.3,43601.0
2026-06-03 10:25:00,903.1,905.4,902.2,902.2,25419.0
2026-06-03 10:30:00,902.3,903.0,896.75,897.7,71473.0
2026-06-03 10:35:00,897.7,899.6,895.9,899.1,51321.0
2026-06-03 10:40:00,898.75,899.7,898.1,898.4,21608.0
2026-06-03 10:45:00,898.0,898.95,894.0,896.25,40892.0
2026-06-03 10:50:00,896.25,896.95,894.8,895.6,25902.0
2026-06-03 10:55:00,895.75,896.05,895.0,895.25,25595.0
2026-06-03 11:00:00,895.1,896.85,895.05,895.6,32088.0
2026-06-03 11:05:00,895.3,895.6,894.55,894.9,31228.0
2026-06-03 11:10:00,894.9,895.7,894.6,895.0,26006.0
2026-06-03 11:15:00,894.75,896.6,892.75,896.6,77427.0
2026-06-03 11:20:00,896.35,899.25,896.35,898.25,39233.0
2026-06-03 11:25:00,898.2,899.55,897.8,898.6,29455.0
2026-06-03 11:30:00,898.4,899.1,897.5,898.35,22209.0
2026-06-03 11:35:00,898.7,899.0,897.0,897.7,29505.0
2026-06-03 11:40:00,897.3,898.3,896.6,897.85,21681.0
2026-06-03 11:45:00,897.85,899.0,893.95,895.3,76910.0
2026-06-03 11:50:00,895.35,895.75,894.0,894.9,27987.0
2026-06-03 11:55:00,894.8,895.55,893.95,893.95,20538.0
2026-06-03 12:00:00,893.5,893.95,890.8,891.3,34140.0
2026-06-03 12:05:00,891.45,892.8,890.45,892.35,25960.0
2026-06-03 12:10:00,892.35,893.75,891.0,893.45,27585.0
2026-06-03 12:15:00,893.45,894.5,892.05,893.9,19274.0
2026-06-03 12:20:00,894.15,895.55,893.7,894.45,20701.0
2026-06-03 12:25:00,894.45,897.0,894.25,896.85,34329.0
2026-06-03 12:30:00,896.85,897.9,895.9,896.75,38069.0
2026-06-03 12:35:00,896.75,900.9,896.3,900.75,186064.0
2026-06-03 12:40:00,900.9,908.0,900.7,906.85,146521.0
2026-06-03 12:45:00,907.0,907.9,901.75,902.45,58801.0
2026-06-03 12:50:00,902.1,903.6,902.1,902.55,28341.0
2026-06-03 12:55:00,902.55,904.55,902.4,903.3,22787.0
2026-06-03 13:00:00,903.35,905.0,903.0,904.1,27507.0
2026-06-03 13:05:00,903.8,904.9,903.0,903.9,27554.0
2026-06-03 13:10:00,903.9,904.5,903.0,904.05,20637.0
2026-06-03 13:15:00,904.9,906.2,904.25,904.5,38507.0
2026-06-03 13:20:00,904.75,907.0,904.6,906.1,29838.0
2026-06-03 13:25:00,906.15,907.0,905.35,905.55,44205.0
2026-06-03 13:30:00,905.9,907.0,905.2,906.8,27495.0
2026-06-03 13:35:00,906.8,907.2,905.35,906.0,25875.0
2026-06-03 13:40:00,906.25,907.6,905.9,906.2,38510.0
2026-06-03 13:45:00,906.25,909.3,906.2,908.2,75357.0
2026-06-03 13:50:00,908.5,909.5,907.7,907.75,99407.0
2026-06-03 13:55:00,907.4,908.2,906.1,907.9,27099.0
2026-06-03 14:00:00,907.9,909.3,907.3,908.55,34978.0
2026-06-03 14:05:00,908.75,909.0,907.3,908.35,24426.0
2026-06-03 14:10:00,908.6,910.0,907.25,908.0,73925.0
2026-06-03 14:15:00,908.25,909.8,908.0,909.35,24670.0
2026-06-03 14:20:00,909.8,909.8,908.25,909.2,21991.0
2026-06-03 14:25:00,909.15,910.4,908.0,910.25,34456.0
2026-06-03 14:30:00,910.35,911.2,909.95,910.45,40344.0
2026-06-03 14:35:00,910.6,910.6,909.2,910.1,28112.0
2026-06-03 14:40:00,910.25,910.35,908.4,908.45,34453.0
2026-06-03 14:45:00,908.45,909.7,907.8,908.7,43232.0
2026-06-03 14:50:00,908.7,909.75,908.55,908.95,25415.0
2026-06-03 14:55:00,908.95,909.05,907.2,907.75,31393.0
2026-06-03 15:00:00,908.1,909.1,904.45,906.0,88309.0
2026-06-03 15:05:00,906.0,909.45,905.95,906.25,125720.0
2026-06-03 15:10:00,906.3,906.55,903.8,905.75,87517.0
2026-06-03 15:15:00,905.9,906.35,904.9,905.7,63356.0
2026-06-03 15:20:00,906.05,908.5,905.75,907.5,72332.0
2026-06-03 15:25:00,907.5,909.0,905.65,906.85,82449.0
2026-06-04 09:15:00,915.0,918.9,906.75,917.85,278394.0
2026-06-04 09:20:00,918.35,925.0,917.65,923.55,226492.0
2026-06-04 09:25:00,923.7,926.0,923.0,925.0,216274.0
2026-06-04 09:30:00,925.0,928.0,923.4,927.15,244938.0
2026-06-04 09:35:00,927.75,928.95,925.65,926.35,132659.0
2026-06-04 09:40:00,925.85,928.8,923.3,928.0,156447.0
2026-06-04 09:45:00,927.95,934.35,927.65,933.05,296450.0
2026-06-04 09:50:00,933.4,933.4,925.5,930.6,210713.0
2026-06-04 09:55:00,930.15,930.75,928.3,929.5,70303.0
2026-06-04 10:00:00,929.3,934.25,929.0,929.45,212091.0
2026-06-04 10:05:00,929.45,931.35,929.0,931.05,55273.0
2026-06-04 10:10:00,931.0,933.3,930.95,932.2,63463.0
2026-06-04 10:15:00,932.2,935.0,931.8,933.4,128661.0
2026-06-04 10:20:00,933.5,933.5,931.0,933.0,50459.0
2026-06-04 10:25:00,932.7,936.55,932.3,935.45,293618.0
2026-06-04 10:30:00,935.45,936.25,933.4,935.0,150905.0
2026-06-04 10:35:00,934.95,936.05,933.45,935.0,90071.0
2026-06-04 10:40:00,935.0,938.9,934.75,938.0,157679.0
2026-06-04 10:45:00,938.2,946.0,937.8,944.9,325397.0
2026-06-04 10:50:00,944.9,949.0,944.9,947.7,284436.0
2026-06-04 10:55:00,947.55,949.6,945.25,945.7,225267.0
2026-06-04 11:00:00,945.55,945.6,941.4,942.3,177995.0
2026-06-04 11:05:00,942.4,943.95,940.75,943.9,104373.0
2026-06-04 11:10:00,944.0,948.6,943.45,948.15,185878.0
2026-06-04 11:15:00,948.5,949.6,947.35,947.7,133484.0
2026-06-04 11:20:00,947.95,948.5,946.25,948.45,96822.0
2026-06-04 11:25:00,948.4,950.0,946.25,946.45,142689.0
2026-06-04 11:30:00,946.05,947.55,944.75,945.9,69719.0
2026-06-04 11:35:00,946.2,946.85,943.9,944.8,82437.0
2026-06-04 11:40:00,944.8,945.4,943.05,944.05,68239.0
2026-06-04 11:45:00,944.05,945.0,943.25,944.0,54353.0
2026-06-04 11:50:00,943.95,943.95,940.1,941.05,132248.0
2026-06-04 11:55:00,941.05,942.0,940.1,942.0,58653.0
2026-06-04 12:00:00,942.0,946.1,941.95,945.05,96354.0
2026-06-04 12:05:00,945.55,946.2,945.0,946.0,42343.0
2026-06-04 12:10:00,946.2,946.5,944.65,945.9,67120.0
2026-06-04 12:15:00,945.8,949.9,945.0,949.0,218003.0
2026-06-04 12:20:00,949.05,951.0,945.3,946.6,154811.0
2026-06-04 12:25:00,946.9,946.95,945.65,945.8,47082.0
2026-06-04 12:30:00,946.0,946.55,943.5,944.0,58745.0
2026-06-04 12:35:00,944.0,944.5,942.8,943.95,50044.0
2026-06-04 12:40:00,943.8,944.15,942.2,943.9,44662.0
2026-06-04 12:45:00,944.0,944.45,942.35,943.5,45916.0
2026-06-04 12:50:00,943.8,944.0,942.1,943.45,44969.0
2026-06-04 12:55:00,943.1,944.25,941.2,942.5,56611.0
2026-06-04 13:00:00,942.0,943.65,941.5,943.5,36299.0
2026-06-04 13:05:00,943.45,943.5,941.45,941.45,40964.0
2026-06-04 13:10:00,942.15,942.65,938.1,938.75,105353.0
2026-06-04 13:15:00,938.75,941.35,938.1,941.25,81401.0
2026-06-04 13:20:00,941.3,941.4,936.85,937.65,88285.0
2026-06-04 13:25:00,938.0,938.8,937.75,938.2,41958.0
2026-06-04 13:30:00,938.2,940.1,937.8,939.25,47833.0
2026-06-04 13:35:00,939.25,940.0,938.7,939.85,55141.0
2026-06-04 13:40:00,939.85,939.85,937.5,938.95,52846.0
2026-06-04 13:45:00,938.7,939.9,938.0,939.0,45410.0
2026-06-04 13:50:00,939.0,939.8,938.2,939.8,36776.0
2026-06-04 13:55:00,939.75,940.1,938.15,938.85,50021.0
2026-06-04 14:00:00,938.55,942.15,938.55,941.05,86294.0
2026-06-04 14:05:00,941.35,942.1,940.8,941.3,44341.0
2026-06-04 14:10:00,941.3,941.65,937.5,937.85,55221.0
2026-06-04 14:15:00,937.75,938.9,936.9,937.75,67725.0
2026-06-04 14:20:00,938.4,938.6,936.4,937.9,68831.0
2026-06-04 14:25:00,937.9,940.0,937.6,938.45,79440.0
2026-06-04 14:30:00,938.35,939.5,938.0,938.55,59778.0
2026-06-04 14:35:00,938.65,940.5,938.5,940.35,47391.0
2026-06-04 14:40:00,940.0,940.4,939.3,939.3,55850.0
2026-06-04 14:45:00,939.3,940.45,938.65,939.2,60801.0
2026-06-04 14:50:00,939.05,939.95,937.0,937.7,83412.0
2026-06-04 14:55:00,938.5,940.0,938.2,939.85,58223.0
2026-06-04 15:00:00,939.35,939.55,936.5,936.6,152473.0
2026-06-04 15:05:00,936.6,939.2,935.3,938.05,199174.0
2026-06-04 15:10:00,938.2,938.65,936.55,936.95,107735.0
2026-06-04 15:15:00,937.25,938.4,936.9,937.1,141514.0
2026-06-04 15:20:00,937.8,938.95,937.0,937.0,134725.0
2026-06-04 15:25:00,937.65,941.0,937.25,941.0,138384.0
2026-06-05 09:15:00,948.85,952.0,939.35,942.3,455616.0
2026-06-05 09:20:00,942.45,943.8,939.1,940.8,270853.0
2026-06-05 09:25:00,940.4,942.2,940.0,941.3,87697.0
2026-06-05 09:30:00,941.3,944.45,940.5,944.45,92157.0
2026-06-05 09:35:00,944.5,950.0,943.1,948.0,194811.0
2026-06-05 09:40:00,947.55,950.15,947.0,949.0,133148.0
2026-06-05 09:45:00,949.5,949.6,942.5,943.0,118644.0
2026-06-05 09:50:00,942.55,942.7,935.2,935.5,189456.0
2026-06-05 09:55:00,935.9,938.6,935.5,937.6,79461.0
2026-06-05 10:00:00,937.7,939.9,936.5,938.6,45256.0
2026-06-05 10:05:00,938.9,941.95,938.05,941.25,44600.0
2026-06-05 10:10:00,941.4,943.0,935.5,936.1,143201.0
2026-06-05 10:15:00,935.9,939.7,935.8,939.65,50865.0
2026-06-05 10:20:00,939.9,940.0,938.35,939.45,43661.0
2026-06-05 10:25:00,939.05,939.5,936.65,937.45,34246.0
2026-06-05 10:30:00,937.45,938.0,935.0,935.0,46708.0
2026-06-05 10:35:00,935.0,935.2,932.1,933.0,84151.0
2026-06-05 10:40:00,933.0,933.9,932.1,933.65,30779.0
2026-06-05 10:45:00,933.5,934.0,931.0,932.6,89832.0
2026-06-05 10:50:00,934.35,938.9,933.85,937.45,90928.0
2026-06-05 10:55:00,937.55,939.8,937.15,938.0,59831.0
2026-06-05 11:00:00,938.0,938.95,937.35,938.0,21694.0
2026-06-05 11:05:00,938.0,938.4,936.4,937.1,36020.0
2026-06-05 11:10:00,937.2,937.7,936.5,937.0,10838.0
2026-06-05 11:15:00,937.2,937.2,934.45,935.55,35533.0
2026-06-05 11:20:00,935.55,935.95,933.8,933.95,30147.0
2026-06-05 11:25:00,934.45,938.2,934.35,937.95,103918.0
2026-06-05 11:30:00,938.0,939.35,936.55,937.45,57268.0
2026-06-05 11:35:00,937.2,937.55,935.55,937.4,18713.0
2026-06-05 11:40:00,937.2,938.25,937.0,937.1,22352.0
2026-06-05 11:45:00,937.8,942.0,937.65,940.85,80416.0
2026-06-05 11:50:00,940.6,940.6,938.8,938.8,27488.0
2026-06-05 11:55:00,938.85,939.75,937.35,937.9,22824.0
2026-06-05 12:00:00,937.8,939.05,937.0,938.8,16619.0
2026-06-05 12:05:00,938.85,939.15,937.0,937.75,13263.0
2026-06-05 12:10:00,937.65,938.95,936.55,938.75,13928.0
2026-06-05 12:15:00,938.8,939.6,938.5,938.65,12860.0
2026-06-05 12:20:00,938.7,939.5,938.0,938.6,13308.0
2026-06-05 12:25:00,938.45,940.4,938.45,938.65,22959.0
2026-06-05 12:30:00,938.7,939.25,936.45,937.45,30021.0
2026-06-05 12:35:00,937.4,937.75,935.0,935.35,36588.0
2026-06-05 12:40:00,935.3,936.05,933.8,935.4,59179.0
2026-06-05 12:45:00,935.1,936.2,935.0,935.0,16659.0
2026-06-05 12:50:00,935.15,935.4,933.85,934.1,29303.0
2026-06-05 12:55:00,934.4,935.2,933.9,934.45,19305.0
2026-06-05 13:00:00,934.45,935.0,933.1,934.95,13994.0
2026-06-05 13:05:00,934.9,935.45,933.7,934.4,17475.0
2026-06-05 13:10:00,934.65,934.85,933.3,933.45,17480.0
2026-06-05 13:15:00,933.4,935.5,933.0,934.3,20927.0
2026-06-05 13:20:00,934.4,934.85,932.25,932.35,22955.0
2026-06-05 13:25:00,932.3,933.4,931.5,932.75,28708.0
2026-06-05 13:30:00,932.7,933.0,930.05,932.55,49186.0
2026-06-05 13:35:00,932.85,933.0,932.1,932.15,12329.0
2026-06-05 13:40:00,932.15,932.4,928.6,930.0,52089.0
2026-06-05 13:45:00,930.0,932.65,929.7,931.1,21005.0
2026-06-05 13:50:00,931.05,932.15,930.7,931.35,17640.0
2026-06-05 13:55:00,931.35,932.45,930.6,932.1,16948.0
2026-06-05 14:00:00,932.2,932.6,930.9,931.2,14983.0
2026-06-05 14:05:00,931.6,935.5,931.6,935.0,38940.0
2026-06-05 14:10:00,935.0,936.3,934.8,936.15,39622.0
2026-06-05 14:15:00,936.3,937.15,935.5,936.65,30969.0
2026-06-05 14:20:00,936.65,936.9,935.45,936.25,56229.0
2026-06-05 14:25:00,935.9,937.35,935.9,937.15,39450.0
2026-06-05 14:30:00,937.15,938.5,936.3,936.45,34156.0
2026-06-05 14:35:00,936.55,937.0,935.55,936.55,25345.0
2026-06-05 14:40:00,936.75,937.9,936.4,937.8,67549.0
2026-06-05 14:45:00,937.85,938.25,936.3,938.05,105698.0
2026-06-05 14:50:00,938.05,938.25,937.5,938.05,28767.0
2026-06-05 14:55:00,938.05,938.25,937.0,937.4,78048.0
2026-06-05 15:00:00,937.5,938.25,935.8,938.0,108642.0
2026-06-05 15:05:00,938.0,938.4,937.85,938.0,91958.0
2026-06-05 15:10:00,938.15,938.3,937.35,937.55,78290.0
2026-06-05 15:15:00,937.55,939.0,937.4,938.0,105197.0
2026-06-05 15:20:00,938.3,938.65,937.0,937.95,109031.0
2026-06-05 15:25:00,938.05,938.35,937.05,938.15,110011.0
2026-06-08 09:15:00,920.0,923.45,902.35,923.35,420299.0
2026-06-08 09:20:00,923.5,927.0,920.2,925.85,179755.0
2026-06-08 09:25:00,925.5,928.1,923.55,927.7,100681.0
2026-06-08 09:30:00,927.85,929.75,926.25,927.4,77326.0
2026-06-08 09:35:00,927.85,928.5,922.6,925.3,181909.0
2026-06-08 09:40:00,925.55,929.1,924.9,927.5,47445.0
2026-06-08 09:45:00,927.5,929.7,926.0,926.05,36083.0
2026-06-08 09:50:00,925.8,930.8,925.6,930.5,43878.0
2026-06-08 09:55:00,930.6,931.8,928.4,930.05,46586.0
2026-06-08 10:00:00,929.65,930.65,928.0,930.45,50074.0
2026-06-08 10:05:00,930.15,933.0,928.4,931.55,40978.0
2026-06-08 10:10:00,931.6,933.0,930.65,931.45,23458.0
2026-06-08 10:15:00,931.1,932.25,930.15,932.25,20723.0
2026-06-08 10:20:00,932.25,932.55,931.3,932.2,16354.0
2026-06-08 10:25:00,932.0,932.2,930.55,931.15,20717.0
2026-06-08 10:30:00,931.15,935.7,929.1,935.7,42682.0
2026-06-08 10:35:00,935.1,936.6,934.5,935.7,38048.0
2026-06-08 10:40:00,935.7,936.35,934.2,935.85,51562.0
2026-06-08 10:45:00,935.5,936.0,934.2,936.0,25375.0
2026-06-08 10:50:00,935.75,937.0,932.0,932.5,34572.0
2026-06-08 10:55:00,932.3,933.0,931.5,932.95,27206.0
2026-06-08 11:00:00,932.55,933.65,931.75,933.25,39944.0
2026-06-08 11:05:00,933.1,935.85,933.1,935.4,32108.0
2026-06-08 11:10:00,935.4,936.95,935.0,936.0,26144.0
2026-06-08 11:15:00,936.05,937.8,935.15,936.05,39182.0
2026-06-08 11:20:00,935.8,936.35,934.45,934.6,21764.0
2026-06-08 11:25:00,934.9,935.65,934.25,935.0,31066.0
2026-06-08 11:30:00,935.0,935.0,933.3,934.85,20727.0
2026-06-08 11:35:00,934.65,936.0,934.65,935.2,12553.0
2026-06-08 11:40:00,935.35,936.0,935.15,935.9,11545.0
2026-06-08 11:45:00,935.75,938.8,934.0,937.45,64001.0
2026-06-08 11:50:00,937.45,937.45,933.6,934.9,35399.0
2026-06-08 11:55:00,934.9,935.2,933.4,934.0,24586.0
2026-06-08 12:00:00,933.6,934.0,932.35,932.95,41055.0
2026-06-08 12:05:00,932.95,933.7,930.65,931.4,61943.0
2026-06-08 12:10:00,931.4,933.9,931.05,933.15,26097.0
2026-06-08 12:15:00,932.75,933.2,932.2,933.0,7592.0
2026-06-08 12:20:00,932.6,933.25,932.0,932.95,16927.0
2026-06-08 12:25:00,932.95,933.5,930.0,931.7,76465.0
2026-06-08 12:30:00,931.3,932.0,930.85,931.7,12151.0
2026-06-08 12:35:00,931.85,933.05,931.5,931.95,16744.0
2026-06-08 12:40:00,931.95,934.0,931.65,933.65,30231.0
2026-06-08 12:45:00,933.35,934.0,932.45,934.0,45240.0
2026-06-08 12:50:00,933.75,934.0,931.4,931.95,25265.0
2026-06-08 12:55:00,931.95,933.0,930.8,931.0,26692.0
2026-06-08 13:00:00,930.9,931.5,929.3,929.55,21163.0
2026-06-08 13:05:00,929.55,931.05,929.3,930.0,20831.0
2026-06-08 13:10:00,930.0,930.2,928.9,929.3,22112.0
2026-06-08 13:15:00,929.25,930.0,928.1,928.6,34229.0
2026-06-08 13:20:00,928.25,930.5,928.2,930.05,126884.0
2026-06-08 13:25:00,930.05,930.4,928.35,929.75,46908.0
2026-06-08 13:30:00,929.45,929.75,926.0,926.05,24382.0
2026-06-08 13:35:00,926.0,926.3,925.2,925.4,22114.0
2026-06-08 13:40:00,925.4,926.0,924.0,924.95,30687.0
2026-06-08 13:45:00,924.55,924.7,922.0,922.55,35803.0
2026-06-08 13:50:00,922.95,923.0,920.05,920.1,21960.0
2026-06-08 13:55:00,920.1,920.1,918.0,918.9,48756.0
2026-06-08 14:00:00,918.5,921.55,918.0,921.5,82930.0
2026-06-08 14:05:00,921.0,922.75,920.35,922.0,61456.0
2026-06-08 14:10:00,921.75,923.65,921.3,922.45,30304.0
2026-06-08 14:15:00,922.25,924.35,921.4,924.35,37314.0
2026-06-08 14:20:00,923.75,923.75,921.65,922.15,12900.0
2026-06-08 14:25:00,922.15,922.15,918.6,919.0,29920.0
2026-06-08 14:30:00,919.0,921.0,918.45,918.8,21669.0
2026-06-08 14:35:00,918.5,919.6,918.0,918.1,45738.0
2026-06-08 14:40:00,918.2,919.6,917.6,919.35,33853.0
2026-06-08 14:45:00,919.35,920.45,918.0,918.0,45965.0
2026-06-08 14:50:00,918.0,919.1,915.0,915.15,69228.0
2026-06-08 14:55:00,915.1,915.75,913.05,913.65,67728.0
2026-06-08 15:00:00,914.35,914.35,907.4,907.6,122319.0
2026-06-08 15:05:00,907.6,907.8,904.4,905.2,163099.0
2026-06-08 15:10:00,905.3,905.5,903.35,904.8,163508.0
2026-06-08 15:15:00,904.4,906.15,904.25,904.95,128384.0
2026-06-08 15:20:00,904.95,905.15,896.7,898.15,141641.0
2026-06-08 15:25:00,898.9,899.0,895.0,897.95,176525.0
2026-06-09 09:15:00,910.2,916.0,905.3,913.0,193220.0
2026-06-09 09:20:00,913.6,914.45,911.8,913.4,54035.0
2026-06-09 09:25:00,913.4,914.5,909.0,909.75,58335.0
2026-06-09 09:30:00,910.3,914.4,908.2,912.6,72366.0
2026-06-09 09:35:00,912.4,915.6,911.8,915.0,73057.0
2026-06-09 09:40:00,915.1,916.95,910.7,911.0,83239.0
2026-06-09 09:45:00,911.0,915.0,910.15,912.1,56307.0
2026-06-09 09:50:00,912.2,915.5,912.2,914.7,32441.0
2026-06-09 09:55:00,914.7,915.0,913.25,914.1,35941.0
2026-06-09 10:00:00,914.1,916.0,913.15,914.35,40994.0
2026-06-09 10:05:00,914.65,916.4,914.25,916.4,34830.0
2026-06-09 10:10:00,916.4,918.0,916.4,917.55,56316.0
2026-06-09 10:15:00,917.3,919.4,916.95,917.9,59105.0
2026-06-09 10:20:00,917.9,917.9,914.15,915.0,49842.0
2026-06-09 10:25:00,915.0,917.5,914.8,917.45,24365.0
2026-06-09 10:30:00,917.45,919.0,916.4,917.35,49331.0
2026-06-09 10:35:00,917.3,917.55,916.0,916.7,17336.0
2026-06-09 10:40:00,916.75,918.0,915.95,918.0,21631.0
2026-06-09 10:45:00,918.0,918.95,917.4,918.05,38767.0
2026-06-09 10:50:00,918.05,918.5,916.55,918.45,44024.0
2026-06-09 10:55:00,917.75,920.55,916.0,919.2,120855.0
2026-06-09 11:00:00,919.2,921.0,918.75,919.75,30587.0
2026-06-09 11:05:00,919.75,920.65,917.8,917.85,26655.0
2026-06-09 11:10:00,917.85,918.75,917.15,918.0,17133.0
2026-06-09 11:15:00,917.9,918.35,917.0,918.35,23320.0
2026-06-09 11:20:00,918.0,918.3,910.25,910.95,77056.0
2026-06-09 11:25:00,911.0,914.15,910.55,913.25,38903.0
2026-06-09 11:30:00,912.95,914.9,911.15,913.8,30617.0
2026-06-09 11:35:00,913.7,914.0,912.9,914.0,15391.0
2026-06-09 11:40:00,913.7,914.4,912.6,913.65,27752.0
2026-06-09 11:45:00,913.5,914.95,912.8,914.2,63993.0
2026-06-09 11:50:00,914.0,914.4,912.4,913.0,18475.0
2026-06-09 11:55:00,913.0,913.0,911.3,912.1,18667.0
2026-06-09 12:00:00,912.35,912.6,911.3,911.35,12155.0
2026-06-09 12:05:00,911.75,912.1,910.2,910.5,25579.0
2026-06-09 12:10:00,910.2,914.6,910.0,913.7,52595.0
2026-06-09 12:15:00,913.1,915.25,913.05,915.0,25961.0
2026-06-09 12:20:00,914.9,915.6,913.6,913.6,22127.0
2026-06-09 12:25:00,913.65,914.0,912.7,912.95,16773.0
2026-06-09 12:30:00,912.9,913.6,912.0,912.3,15976.0
2026-06-09 12:35:00,912.4,912.4,910.7,911.2,19825.0
2026-06-09 12:40:00,911.2,912.7,911.15,912.25,15798.0
2026-06-09 12:45:00,912.4,913.05,911.95,912.4,20517.0
2026-06-09 12:50:00,912.2,912.25,908.55,908.85,22601.0
2026-06-09 12:55:00,908.8,909.65,908.05,908.35,33007.0
2026-06-09 13:00:00,908.65,909.8,908.35,909.35,21667.0
2026-06-09 13:05:00,909.3,910.2,909.3,909.6,11868.0
2026-06-09 13:10:00,909.55,910.55,909.05,909.95,18777.0
2026-06-09 13:15:00,909.95,910.1,909.15,909.55,19808.0
2026-06-09 13:20:00,909.55,909.95,909.0,909.35,14125.0
2026-06-09 13:25:00,909.35,909.35,908.45,908.6,16778.0
2026-06-09 13:30:00,908.65,909.3,907.65,908.85,25723.0
2026-06-09 13:35:00,908.8,910.15,908.8,909.5,26448.0
2026-06-09 13:40:00,909.9,909.9,908.9,909.35,14791.0
2026-06-09 13:45:00,909.5,909.65,908.25,909.25,28843.0
2026-06-09 13:50:00,909.05,909.8,909.05,909.3,10410.0
2026-06-09 13:55:00,909.3,909.4,907.1,908.85,29098.0
2026-06-09 14:00:00,908.85,909.0,907.35,908.35,18979.0
2026-06-09 14:05:00,908.25,909.5,908.05,909.2,12965.0
2026-06-09 14:10:00,909.2,909.65,908.1,908.6,42184.0
2026-06-09 14:15:00,908.8,910.75,908.0,910.05,71440.0
2026-06-09 14:20:00,910.05,912.5,909.7,910.0,159868.0
2026-06-09 14:25:00,910.0,911.65,909.65,911.15,48024.0
2026-06-09 14:30:00,910.7,912.0,909.45,909.55,32326.0
2026-06-09 14:35:00,909.55,910.6,908.15,910.3,27125.0
2026-06-09 14:40:00,910.25,911.6,908.65,908.85,63217.0
2026-06-09 14:45:00,908.8,909.1,907.15,907.35,33649.0
2026-06-09 14:50:00,907.3,910.0,907.3,909.8,78658.0
2026-06-09 14:55:00,909.6,910.2,909.0,909.65,64776.0
2026-06-09 15:00:00,909.25,910.4,906.5,910.4,93133.0
2026-06-09 15:05:00,910.25,911.55,909.6,910.5,115219.0
2026-06-09 15:10:00,910.85,912.9,910.05,911.95,124241.0
2026-06-09 15:15:00,912.75,913.8,911.75,911.9,78913.0
2026-06-09 15:20:00,911.9,912.25,910.7,911.3,132714.0
2026-06-09 15:25:00,911.3,914.15,910.9,911.0,55349.0
2026-06-10 09:15:00,911.2,914.6,901.0,901.4,119198.0
2026-06-10 09:20:00,901.9,905.2,900.0,901.5,112709.0
2026-06-10 09:25:00,901.0,902.7,899.15,902.6,65036.0
2026-06-10 09:30:00,902.7,905.5,901.7,905.1,64515.0
2026-06-10 09:35:00,905.5,905.5,903.1,904.5,27300.0
2026-06-10 09:40:00,904.5,904.95,903.0,904.0,25078.0
2026-06-10 09:45:00,903.85,906.4,902.35,906.15,31236.0
2026-06-10 09:50:00,906.0,906.45,904.55,905.3,35040.0
2026-06-10 09:55:00,905.4,906.0,903.15,903.5,42904.0
2026-06-10 10:00:00,903.55,904.4,902.5,903.1,41476.0
2026-06-10 10:05:00,903.1,903.1,901.3,902.25,16273.0
2026-06-10 10:10:00,902.0,903.4,901.0,901.9,43493.0
2026-06-10 10:15:00,902.2,904.75,901.5,904.75,14489.0
2026-06-10 10:20:00,904.75,904.75,903.75,904.45,8653.0
2026-06-10 10:25:00,904.45,905.95,904.0,905.55,23221.0
2026-06-10 10:30:00,905.9,909.8,905.9,908.85,38715.0
2026-06-10 10:35:00,909.15,909.85,906.4,906.4,34255.0
2026-06-10 10:40:00,906.25,907.55,905.8,906.5,22021.0
2026-06-10 10:45:00,906.5,907.0,905.8,906.0,11795.0
2026-06-10 10:50:00,905.8,906.35,904.6,904.75,20561.0
2026-06-10 10:55:00,904.75,905.1,904.05,904.75,9557.0
2026-06-10 11:00:00,904.8,905.35,904.0,905.2,8362.0
2026-06-10 11:05:00,905.2,905.55,904.25,905.45,8475.0
2026-06-10 11:10:00,905.4,906.6,905.4,906.4,6630.0
2026-06-10 11:15:00,906.4,906.5,904.75,905.2,8134.0
2026-06-10 11:20:00,905.2,908.8,904.3,908.55,30488.0
2026-06-10 11:25:00,908.25,911.0,908.25,910.6,34221.0
2026-06-10 11:30:00,910.7,913.45,908.6,912.35,41187.0
2026-06-10 11:35:00,912.5,912.8,911.1,911.75,26092.0
2026-06-10 11:40:00,911.7,913.5,911.55,912.6,33385.0
2026-06-10 11:45:00,912.7,915.8,912.5,915.0,50757.0
2026-06-10 11:50:00,914.8,915.85,914.0,914.35,30382.0
2026-06-10 11:55:00,914.05,915.05,913.6,914.6,27186.0
2026-06-10 12:00:00,914.8,916.65,914.65,915.75,26419.0
2026-06-10 12:05:00,915.8,918.7,915.1,917.95,43618.0
2026-06-10 12:10:00,918.0,920.0,916.4,919.8,74853.0
2026-06-10 12:15:00,919.55,920.95,919.1,920.4,54762.0
2026-06-10 12:20:00,920.4,920.7,919.25,919.55,32603.0
2026-06-10 12:25:00,919.5,922.0,918.05,921.6,53634.0
2026-06-10 12:30:00,921.6,924.5,921.3,923.0,62414.0
2026-06-10 12:35:00,922.8,924.4,922.35,922.35,42187.0
2026-06-10 12:40:00,922.65,922.8,920.35,920.35,73132.0
2026-06-10 12:45:00,920.45,921.55,918.6,919.3,50450.0
2026-06-10 12:50:00,919.3,922.3,917.65,922.2,43259.0
2026-06-10 12:55:00,922.1,922.45,920.1,921.1,55109.0
2026-06-10 13:00:00,921.0,922.75,921.0,922.6,22751.0
2026-06-10 13:05:00,922.6,922.95,921.4,922.3,25902.0
2026-06-10 13:10:00,922.3,922.3,920.7,921.0,16546.0
2026-06-10 13:15:00,921.0,922.7,920.85,921.8,39723.0
2026-06-10 13:20:00,921.6,922.2,918.15,918.4,40742.0
2026-06-10 13:25:00,918.3,923.2,917.8,921.65,90701.0
2026-06-10 13:30:00,921.65,921.75,919.0,920.25,28643.0
2026-06-10 13:35:00,920.25,920.45,919.0,919.5,22654.0
2026-06-10 13:40:00,919.5,920.85,918.1,918.75,31531.0
2026-06-10 13:45:00,918.6,919.15,918.0,919.0,30451.0
2026-06-10 13:50:00,919.0,919.15,914.5,915.0,56351.0
2026-06-10 13:55:00,915.0,915.75,914.5,915.0,22113.0
2026-06-10 14:00:00,915.0,915.8,914.25,914.55,26370.0
2026-06-10 14:05:00,914.3,917.75,914.2,916.1,46881.0
2026-06-10 14:10:00,916.3,916.4,915.0,915.6,32459.0
2026-06-10 14:15:00,915.6,916.85,914.75,916.45,24301.0
2026-06-10 14:20:00,916.45,919.2,916.35,918.1,86912.0
2026-06-10 14:25:00,917.85,918.1,914.75,915.95,32948.0
2026-06-10 14:30:00,915.1,916.7,915.05,916.6,29016.0
2026-06-10 14:35:00,916.6,917.2,914.2,914.8,42561.0
2026-06-10 14:40:00,914.8,915.7,912.0,912.0,58560.0
2026-06-10 14:45:00,911.85,912.0,909.5,909.5,88203.0
2026-06-10 14:50:00,909.9,911.7,909.05,911.7,58407.0
2026-06-10 14:55:00,911.45,912.45,910.65,911.15,39472.0
2026-06-10 15:00:00,911.3,911.55,908.7,910.6,56281.0
2026-06-10 15:05:00,910.4,910.75,907.85,909.55,90979.0
2026-06-10 15:10:00,909.55,909.85,905.1,905.5,77188.0
2026-06-10 15:15:00,905.5,907.65,904.5,907.65,56140.0
2026-06-10 15:20:00,907.35,908.45,905.9,906.7,117901.0
2026-06-10 15:25:00,906.5,910.3,905.65,908.0,51297.0
2026-06-11 09:15:00,900.5,913.0,900.5,910.65,111297.0
2026-06-11 09:20:00,911.0,914.8,909.75,911.55,67181.0
2026-06-11 09:25:00,911.45,913.1,908.35,912.65,51844.0
2026-06-11 09:30:00,912.5,913.0,908.3,910.0,26835.0
2026-06-11 09:35:00,909.75,912.2,909.7,912.2,24745.0
2026-06-11 09:40:00,912.4,912.4,909.0,911.55,19079.0
2026-06-11 09:45:00,911.6,914.0,911.0,912.85,38279.0
2026-06-11 09:50:00,912.85,913.5,911.35,911.8,17422.0
2026-06-11 09:55:00,911.8,915.9,910.15,913.05,45580.0
2026-06-11 10:00:00,913.1,917.7,913.1,915.25,60027.0
2026-06-11 10:05:00,915.6,920.0,914.85,918.9,91005.0
2026-06-11 10:10:00,918.85,919.8,917.55,918.45,39260.0
2026-06-11 10:15:00,918.5,923.0,918.0,923.0,62001.0
2026-06-11 10:20:00,923.0,926.35,921.85,925.5,114109.0
2026-06-11 10:25:00,924.85,926.5,924.5,924.95,45705.0
2026-06-11 10:30:00,925.0,925.0,922.95,923.1,32119.0
2026-06-11 10:35:00,923.4,923.7,920.4,920.65,36671.0
2026-06-11 10:40:00,920.65,920.8,918.6,919.0,45800.0
2026-06-11 10:45:00,919.0,921.65,918.65,919.45,25804.0
2026-06-11 10:50:00,919.3,921.6,916.8,920.7,59527.0
2026-06-11 10:55:00,921.05,921.45,917.8,918.3,32523.0
2026-06-11 11:00:00,918.0,919.2,916.1,918.1,33424.0
2026-06-11 11:05:00,918.1,918.7,916.1,916.6,27569.0
2026-06-11 11:10:00,916.8,917.0,914.7,915.3,48825.0
2026-06-11 11:15:00,915.25,917.65,914.95,916.75,20897.0
2026-06-11 11:20:00,916.6,917.6,916.2,916.7,27905.0
2026-06-11 11:25:00,916.8,918.0,914.6,915.65,46931.0
2026-06-11 11:30:00,915.6,916.2,913.1,913.25,30986.0
2026-06-11 11:35:00,913.5,915.15,911.9,912.8,31129.0
2026-06-11 11:40:00,912.75,913.9,911.85,913.15,30322.0
2026-06-11 11:45:00,913.15,915.15,913.15,913.75,27963.0
2026-06-11 11:50:00,913.85,914.7,913.6,914.25,23107.0
2026-06-11 11:55:00,914.4,915.85,914.0,914.1,41981.0
2026-06-11 12:00:00,914.45,914.45,910.5,911.9,39511.0
2026-06-11 12:05:00,911.6,911.9,909.0,909.7,53357.0
2026-06-11 12:10:00,909.75,909.75,907.35,908.45,40241.0
2026-06-11 12:15:00,908.8,910.55,908.5,909.65,26567.0
2026-06-11 12:20:00,909.6,910.0,908.25,909.0,21704.0
2026-06-11 12:25:00,909.25,910.1,909.0,909.6,19133.0
2026-06-11 12:30:00,909.6,910.45,909.35,910.0,29710.0
2026-06-11 12:35:00,910.0,910.0,907.0,907.0,36256.0
2026-06-11 12:40:00,906.8,907.7,906.5,907.15,37390.0
2026-06-11 12:45:00,907.15,907.5,905.7,905.85,23094.0
2026-06-11 12:50:00,905.7,906.9,904.65,906.2,33657.0
2026-06-11 12:55:00,906.45,909.7,906.0,909.7,25301.0
2026-06-11 13:00:00,909.55,910.2,908.4,908.95,29710.0
2026-06-11 13:05:00,909.35,909.55,908.15,908.15,20039.0
2026-06-11 13:10:00,908.15,908.7,905.55,906.15,26340.0
2026-06-11 13:15:00,906.5,906.75,905.3,905.5,21384.0
2026-06-11 13:20:00,905.95,906.5,904.6,905.85,26412.0
2026-06-11 13:25:00,905.65,906.1,903.0,905.75,55006.0
2026-06-11 13:30:00,905.85,907.35,903.5,904.45,31336.0
2026-06-11 13:35:00,904.8,905.75,904.05,904.1,14911.0
2026-06-11 13:40:00,904.05,904.55,903.5,903.5,13219.0
2026-06-11 13:45:00,904.1,905.9,903.45,905.0,18161.0
2026-06-11 13:50:00,905.0,906.05,904.5,905.75,11241.0
2026-06-11 13:55:00,906.2,906.75,905.15,906.05,11721.0
2026-06-11 14:00:00,905.95,906.5,905.0,905.05,16156.0
2026-06-11 14:05:00,905.55,905.6,903.5,904.05,12329.0
2026-06-11 14:10:00,904.0,904.6,903.6,904.45,9859.0
2026-06-11 14:15:00,904.55,904.55,903.45,903.65,23154.0
2026-06-11 14:20:00,903.95,905.0,903.7,903.75,22375.0
2026-06-11 14:25:00,903.75,907.0,903.7,906.7,21384.0
2026-06-11 14:30:00,906.05,907.15,905.55,906.25,16760.0
2026-06-11 14:35:00,906.65,906.95,904.45,905.45,19621.0
2026-06-11 14:40:00,905.05,905.95,904.25,904.3,15257.0
2026-06-11 14:45:00,904.75,905.0,901.85,903.65,24991.0
2026-06-11 14:50:00,903.65,903.9,902.2,902.5,20677.0
2026-06-11 14:55:00,903.0,903.95,902.0,903.15,17005.0
2026-06-11 15:00:00,903.45,904.45,900.5,900.75,53250.0
2026-06-11 15:05:00,900.65,901.55,900.0,901.25,92014.0
2026-06-11 15:10:00,901.25,902.0,898.95,901.45,68309.0
2026-06-11 15:15:00,901.5,903.9,900.75,901.65,55855.0
2026-06-11 15:20:00,901.65,902.35,900.4,901.3,79608.0
2026-06-11 15:25:00,901.2,903.9,900.65,903.2,64967.0
2026-06-12 09:15:00,919.0,919.0,912.05,917.25,148629.0
2026-06-12 09:20:00,916.95,917.0,914.85,915.5,46677.0
2026-06-12 09:25:00,915.55,916.45,911.6,911.85,49618.0
2026-06-12 09:30:00,912.05,914.2,910.0,913.95,51015.0
2026-06-12 09:35:00,914.05,914.8,911.0,913.95,97247.0
2026-06-12 09:40:00,914.35,914.4,911.55,912.15,28773.0
2026-06-12 09:45:00,912.35,912.85,909.45,912.6,34790.0
2026-06-12 09:50:00,910.25,914.2,910.25,911.4,42819.0
2026-06-12 09:55:00,911.15,915.5,910.5,912.45,35201.0
2026-06-12 10:00:00,913.0,913.3,897.5,904.3,188626.0
2026-06-12 10:05:00,904.05,907.45,903.8,905.9,34834.0
2026-06-12 10:10:00,905.75,906.85,903.65,906.0,25563.0
2026-06-12 10:15:00,906.0,907.55,905.7,905.8,19634.0
2026-06-12 10:20:00,906.25,908.8,906.0,908.8,33063.0
2026-06-12 10:25:00,908.9,909.3,906.05,906.05,25317.0
2026-06-12 10:30:00,906.5,906.9,902.9,905.2,30558.0
2026-06-12 10:35:00,905.15,909.3,904.9,908.9,25890.0
2026-06-12 10:40:00,908.25,911.45,908.1,908.3,59577.0
2026-06-12 10:45:00,908.25,908.45,902.35,903.5,56368.0
2026-06-12 10:50:00,903.5,904.0,902.1,903.35,25098.0
2026-06-12 10:55:00,903.35,904.0,901.35,902.55,47224.0
2026-06-12 11:00:00,902.8,903.15,900.25,901.35,34144.0
2026-06-12 11:05:00,901.45,901.8,900.25,900.5,29355.0
2026-06-12 11:10:00,900.5,906.0,900.25,904.05,45531.0
2026-06-12 11:15:00,904.6,908.3,904.35,904.6,75459.0
2026-06-12 11:20:00,905.2,906.5,902.8,903.75,29281.0
2026-06-12 11:25:00,903.9,905.0,902.75,903.3,19940.0
2026-06-12 11:30:00,903.25,903.9,902.25,903.5,14600.0
2026-06-12 11:35:00,903.25,905.0,903.2,903.7,31313.0
2026-06-12 11:40:00,904.0,904.2,902.15,903.0,31792.0
2026-06-12 11:45:00,902.65,904.15,902.6,903.4,41139.0
2026-06-12 11:50:00,904.0,904.0,902.4,903.35,19285.0
2026-06-12 11:55:00,902.9,904.95,902.8,904.6,15380.0
2026-06-12 12:00:00,904.55,905.35,903.85,904.7,33553.0
2026-06-12 12:05:00,904.65,904.7,902.6,903.0,28827.0
2026-06-12 12:10:00,902.6,903.85,902.0,903.25,21180.0
2026-06-12 12:15:00,903.3,904.0,902.1,902.4,17467.0
2026-06-12 12:20:00,902.5,904.45,902.1,903.05,18332.0
2026-06-12 12:25:00,903.1,903.65,902.55,902.9,13278.0
2026-06-12 12:30:00,902.9,903.65,902.2,903.45,18262.0
2026-06-12 12:35:00,903.45,903.55,901.5,902.0,22191.0
2026-06-12 12:40:00,902.05,903.0,900.5,900.5,28055.0
2026-06-12 12:45:00,900.9,901.55,900.0,900.3,62637.0
2026-06-12 12:50:00,900.25,901.55,900.15,901.35,20764.0
2026-06-12 12:55:00,900.95,901.1,900.25,900.6,10650.0
2026-06-12 13:00:00,900.6,901.0,899.8,901.0,31461.0
2026-06-12 13:05:00,900.6,902.3,900.6,901.4,29831.0
2026-06-12 13:10:00,901.1,902.2,900.95,901.7,14064.0
2026-06-12 13:15:00,901.7,903.0,901.55,901.85,15864.0
2026-06-12 13:20:00,901.85,902.7,901.5,901.85,13192.0
2026-06-12 13:25:00,901.5,905.1,901.0,904.75,38518.0
2026-06-12 13:30:00,905.0,906.3,903.7,904.75,19081.0
2026-06-12 13:35:00,905.0,905.6,904.4,905.15,22953.0
2026-06-12 13:40:00,905.4,907.7,905.15,906.2,41214.0
2026-06-12 13:45:00,906.4,907.65,905.65,907.65,17256.0
2026-06-12 13:50:00,907.7,907.7,905.35,905.8,12666.0
2026-06-12 13:55:00,905.7,907.45,905.35,907.3,11868.0
2026-06-12 14:00:00,907.2,907.25,905.95,907.0,11585.0
2026-06-12 14:05:00,906.9,907.0,905.8,905.95,17227.0
2026-06-12 14:10:00,905.95,906.9,905.1,906.9,16710.0
2026-06-12 14:15:00,906.7,908.1,906.7,907.55,20776.0
2026-06-12 14:20:00,907.55,910.6,907.55,909.3,61485.0
2026-06-12 14:25:00,909.0,909.65,908.0,909.65,17935.0
2026-06-12 14:30:00,909.65,910.4,908.65,910.15,27602.0
2026-06-12 14:35:00,910.35,910.75,909.35,910.75,21698.0
2026-06-12 14:40:00,910.45,911.8,910.45,910.8,22734.0
2026-06-12 14:45:00,910.8,910.9,909.3,909.4,24500.0
2026-06-12 14:50:00,909.75,910.2,908.2,909.5,33812.0
2026-06-12 14:55:00,909.3,910.9,908.85,910.8,16863.0
2026-06-12 15:00:00,910.1,914.0,910.0,913.6,57681.0
2026-06-12 15:05:00,914.0,916.6,913.35,915.05,104016.0
2026-06-12 15:10:00,914.95,915.9,913.7,914.35,89864.0
2026-06-12 15:15:00,914.2,915.3,913.6,915.3,85621.0
2026-06-12 15:20:00,915.05,915.7,913.75,915.25,109711.0
2026-06-12 15:25:00,915.45,915.9,913.9,914.75,89546.0
2026-06-15 09:15:00,928.0,928.0,918.75,921.4,122685.0
2026-06-15 09:20:00,920.5,921.6,916.55,917.15,60046.0
2026-06-15 09:25:00,917.7,919.5,916.75,919.45,22313.0
2026-06-15 09:30:00,919.35,921.35,918.5,921.35,21910.0
2026-06-15 09:35:00,922.0,929.9,921.65,926.55,95269.0
2026-06-15 09:40:00,926.5,930.95,926.25,930.3,87219.0
2026-06-15 09:45:00,930.75,934.6,930.0,932.45,111665.0
2026-06-15 09:50:00,932.45,933.9,931.05,933.8,73502.0
2026-06-15 09:55:00,933.8,933.95,931.4,932.0,48466.0
2026-06-15 10:00:00,932.0,933.45,931.6,932.45,24339.0
2026-06-15 10:05:00,932.95,935.9,932.45,935.8,103648.0
2026-06-15 10:10:00,935.35,935.8,934.0,934.7,33959.0
2026-06-15 10:15:00,934.7,935.7,933.55,935.3,35764.0
2026-06-15 10:20:00,935.65,936.9,934.9,936.9,27705.0
2026-06-15 10:25:00,936.6,937.9,936.5,937.5,39646.0
2026-06-15 10:30:00,937.5,939.6,937.35,937.5,71729.0
2026-06-15 10:35:00,937.5,937.7,935.6,935.8,18884.0
2026-06-15 10:40:00,935.8,937.9,935.55,937.3,23272.0
2026-06-15 10:45:00,937.3,937.75,936.85,937.7,14507.0
2026-06-15 10:50:00,937.75,938.0,935.35,936.0,28693.0
2026-06-15 10:55:00,936.3,937.2,935.7,936.25,10415.0
2026-06-15 11:00:00,936.5,937.0,935.1,936.2,18507.0
2026-06-15 11:05:00,936.2,936.8,935.75,936.05,11717.0
2026-06-15 11:10:00,936.05,936.5,935.0,935.6,15015.0
2026-06-15 11:15:00,935.6,936.85,935.55,936.75,10055.0
2026-06-15 11:20:00,936.8,936.85,935.2,935.5,14543.0
2026-06-15 11:25:00,935.85,936.0,934.9,935.4,23667.0
2026-06-15 11:30:00,935.6,936.0,935.15,935.7,9486.0
2026-06-15 11:35:00,935.5,937.25,934.55,936.9,30761.0
2026-06-15 11:40:00,936.9,936.9,935.0,936.0,17805.0
2026-06-15 11:45:00,936.0,936.25,935.2,936.0,13205.0
2026-06-15 11:50:00,935.7,937.25,935.7,936.1,17761.0
2026-06-15 11:55:00,936.5,936.75,935.85,936.75,10389.0
2026-06-15 12:00:00,936.9,937.5,936.3,936.55,10167.0
2026-06-15 12:05:00,936.45,937.2,936.0,937.0,24808.0
2026-06-15 12:10:00,937.0,937.0,936.0,936.5,9269.0
2026-06-15 12:15:00,936.35,937.9,934.0,937.3,48396.0
2026-06-15 12:20:00,937.0,937.9,936.65,937.65,24870.0
2026-06-15 12:25:00,937.65,938.0,936.65,936.65,13727.0
2026-06-15 12:30:00,936.65,937.55,936.25,937.0,22092.0
2026-06-15 12:35:00,937.0,937.3,936.35,937.0,12139.0
2026-06-15 12:40:00,937.0,937.0,935.5,936.15,15186.0
2026-06-15 12:45:00,935.95,936.25,934.75,935.2,17374.0
2026-06-15 12:50:00,935.2,936.8,934.8,936.4,14231.0
2026-06-15 12:55:00,936.4,936.5,935.55,936.45,13301.0
2026-06-15 13:00:00,936.45,938.5,935.75,936.9,38949.0
2026-06-15 13:05:00,936.9,937.55,936.35,937.4,10494.0
2026-06-15 13:10:00,937.4,937.8,937.05,937.25,8800.0
2026-06-15 13:15:00,937.2,937.5,936.6,937.1,9358.0
2026-06-15 13:20:00,937.0,937.65,936.75,937.25,11772.0
2026-06-15 13:25:00,937.05,937.6,936.6,937.35,7274.0
2026-06-15 13:30:00,937.5,937.55,936.5,936.75,13968.0
2026-06-15 13:35:00,937.0,937.7,936.3,937.7,15109.0
2026-06-15 13:40:00,937.75,938.95,937.5,938.35,23381.0
2026-06-15 13:45:00,938.65,939.45,938.4,939.05,34282.0
2026-06-15 13:50:00,939.3,939.45,937.5,938.5,14382.0
2026-06-15 13:55:00,938.45,941.9,938.3,941.6,64190.0
2026-06-15 14:00:00,941.8,942.9,938.85,939.4,75727.0
2026-06-15 14:05:00,939.35,939.95,938.7,938.95,26948.0
2026-06-15 14:10:00,938.95,940.0,938.55,939.45,18184.0
2026-06-15 14:15:00,939.15,939.55,936.1,936.65,33063.0
2026-06-15 14:20:00,936.65,937.55,936.3,936.7,23656.0
2026-06-15 14:25:00,936.7,938.5,936.55,938.0,18429.0
2026-06-15 14:30:00,937.85,938.95,936.85,937.15,16903.0
2026-06-15 14:35:00,937.2,938.6,937.0,937.65,34661.0
2026-06-15 14:40:00,938.0,938.05,936.05,936.5,15929.0
2026-06-15 14:45:00,936.4,937.25,936.0,936.95,21623.0
2026-06-15 14:50:00,936.85,937.0,935.5,935.9,19334.0
2026-06-15 14:55:00,936.05,937.8,935.55,935.8,42179.0
2026-06-15 15:00:00,935.85,936.85,933.0,934.05,124833.0
2026-06-15 15:05:00,933.85,934.45,932.6,933.25,66613.0
2026-06-15 15:10:00,933.4,937.55,933.15,937.2,160580.0
2026-06-15 15:15:00,936.75,938.4,935.15,937.7,113967.0
2026-06-15 15:20:00,937.05,937.55,936.0,936.0,85110.0
2026-06-15 15:25:00,936.0,938.5,936.0,938.1,73249.0
2026-06-16 09:15:00,943.55,945.5,939.0,945.0,134691.0
2026-06-16 09:20:00,944.6,946.35,942.35,944.75,154812.0
2026-06-16 09:25:00,944.8,945.5,942.8,944.5,60142.0
2026-06-16 09:30:00,944.4,945.45,943.5,944.0,55077.0
2026-06-16 09:35:00,944.0,944.55,943.2,943.5,29161.0
2026-06-16 09:40:00,943.45,945.5,941.55,945.35,57584.0
2026-06-16 09:45:00,945.4,946.9,942.25,943.2,69704.0
2026-06-16 09:50:00,943.55,944.2,941.55,944.05,51103.0
2026-06-16 09:55:00,943.75,944.35,943.0,944.35,19155.0
2026-06-16 10:00:00,944.35,944.35,940.1,940.85,61320.0
2026-06-16 10:05:00,940.85,941.4,940.15,940.7,26619.0
2026-06-16 10:10:00,940.7,941.9,940.4,941.65,19760.0
2026-06-16 10:15:00,941.65,942.0,941.0,941.3,19525.0
2026-06-16 10:20:00,941.3,941.7,936.05,937.45,79602.0
2026-06-16 10:25:00,937.35,940.5,937.2,939.1,29421.0
2026-06-16 10:30:00,938.95,941.0,938.9,940.45,16986.0
2026-06-16 10:35:00,940.45,941.45,940.35,941.25,15650.0
2026-06-16 10:40:00,941.1,941.9,940.0,941.3,30714.0
2026-06-16 10:45:00,941.4,944.0,940.55,943.7,33645.0
2026-06-16 10:50:00,943.75,944.45,942.9,943.75,25268.0
2026-06-16 10:55:00,943.6,945.4,942.6,943.45,79146.0
2026-06-16 11:00:00,943.0,943.1,941.25,941.8,26055.0
2026-06-16 11:05:00,941.55,942.25,940.3,940.5,20186.0
2026-06-16 11:10:00,940.4,941.0,939.15,940.3,20569.0
2026-06-16 11:15:00,940.35,942.0,940.35,941.5,18081.0
2026-06-16 11:20:00,941.25,942.0,941.0,942.0,13467.0
2026-06-16 11:25:00,941.6,941.95,940.05,941.15,23591.0
2026-06-16 11:30:00,940.8,940.8,938.75,939.95,20166.0
2026-06-16 11:35:00,939.75,939.95,938.75,938.8,16286.0
2026-06-16 11:40:00,938.75,939.65,937.75,938.05,29031.0
2026-06-16 11:45:00,938.0,939.25,937.95,938.55,21060.0
2026-06-16 11:50:00,938.75,939.5,938.55,939.5,12439.0
2026-06-16 11:55:00,939.35,939.5,937.9,938.05,17447.0
2026-06-16 12:00:00,938.3,938.6,933.9,934.3,50015.0
2026-06-16 12:05:00,934.5,936.05,934.35,935.55,19571.0
2026-06-16 12:10:00,935.25,936.9,935.15,935.75,16293.0
2026-06-16 12:15:00,935.8,936.45,935.0,935.0,14077.0
2026-06-16 12:20:00,935.0,935.05,931.6,932.8,41822.0
2026-06-16 12:25:00,932.9,934.15,932.5,932.9,21314.0
2026-06-16 12:30:00,933.1,933.6,932.7,932.95,13811.0
2026-06-16 12:35:00,933.0,933.5,932.2,933.4,15452.0
2026-06-16 12:40:00,933.4,933.5,932.65,933.35,13689.0
2026-06-16 12:45:00,933.4,933.85,932.75,933.75,19094.0
2026-06-16 12:50:00,933.9,933.95,932.6,932.75,16420.0
2026-06-16 12:55:00,933.0,933.6,932.0,933.3,17458.0
2026-06-16 13:00:00,933.3,933.65,932.35,933.35,12215.0
2026-06-16 13:05:00,933.35,935.45,933.15,935.45,18692.0
2026-06-16 13:10:00,935.15,935.85,934.95,935.7,19751.0
2026-06-16 13:15:00,935.35,936.85,935.35,936.05,16099.0
2026-06-16 13:20:00,936.05,939.0,935.5,938.3,31492.0
2026-06-16 13:25:00,938.0,939.4,938.0,939.05,12083.0
2026-06-16 13:30:00,939.05,939.4,938.55,939.2,12782.0
2026-06-16 13:35:00,939.2,939.3,936.45,936.75,27693.0
2026-06-16 13:40:00,936.45,938.3,936.35,937.85,26082.0
2026-06-16 13:45:00,937.85,939.15,937.85,939.15,21640.0
2026-06-16 13:50:00,939.15,939.25,937.85,938.85,37880.0
2026-06-16 13:55:00,939.0,940.95,938.85,940.95,22612.0
2026-06-16 14:00:00,940.95,941.0,939.8,940.6,25424.0
2026-06-16 14:05:00,940.6,941.0,940.05,940.6,22415.0
2026-06-16 14:10:00,940.6,941.0,940.1,940.8,13787.0
2026-06-16 14:15:00,940.8,941.4,940.1,940.45,18478.0
2026-06-16 14:20:00,940.2,940.5,939.05,939.45,17627.0
2026-06-16 14:25:00,939.4,940.3,939.4,940.0,15699.0
2026-06-16 14:30:00,940.0,940.5,939.35,939.75,17227.0
2026-06-16 14:35:00,939.8,941.9,939.5,941.85,41772.0
2026-06-16 14:40:00,941.9,942.7,940.5,940.85,46431.0
2026-06-16 14:45:00,940.7,941.6,940.35,941.0,32124.0
2026-06-16 14:50:00,941.2,942.5,940.7,942.3,35553.0
2026-06-16 14:55:00,942.3,943.45,940.4,940.75,51477.0
2026-06-16 15:00:00,941.1,942.85,940.7,941.6,37958.0
2026-06-16 15:05:00,941.7,942.2,940.45,941.45,39560.0
2026-06-16 15:10:00,941.5,941.8,940.8,941.65,38444.0
2026-06-16 15:15:00,941.55,942.25,939.7,939.7,55472.0
2026-06-16 15:20:00,940.3,940.55,938.9,939.3,74751.0
2026-06-16 15:25:00,939.55,940.0,938.8,939.45,53514.0
2026-06-17 09:15:00,941.0,946.5,937.0,942.65,105166.0
2026-06-17 09:20:00,942.65,944.95,940.25,943.1,116815.0
2026-06-17 09:25:00,942.5,946.4,942.05,944.7,81884.0
2026-06-17 09:30:00,944.4,951.0,944.4,949.3,270518.0
2026-06-17 09:35:00,949.3,949.65,944.35,944.35,111410.0
2026-06-17 09:40:00,944.1,944.9,942.0,943.35,92943.0
2026-06-17 09:45:00,943.05,948.8,943.0,948.6,64344.0
2026-06-17 09:50:00,948.6,953.75,948.0,953.0,146108.0
2026-06-17 09:55:00,952.95,952.95,947.35,949.1,82950.0
2026-06-17 10:00:00,949.55,949.55,947.85,948.85,51449.0
2026-06-17 10:05:00,948.85,950.55,948.8,950.3,31238.0
2026-06-17 10:10:00,950.3,950.6,949.55,949.8,19170.0
2026-06-17 10:15:00,949.95,955.5,949.75,955.05,82706.0
2026-06-17 10:20:00,955.5,955.5,952.3,953.9,84645.0
2026-06-17 10:25:00,953.65,954.0,951.9,952.4,41509.0
2026-06-17 10:30:00,952.4,953.0,951.55,952.65,32878.0
2026-06-17 10:35:00,952.65,953.0,950.7,953.0,72758.0
2026-06-17 10:40:00,953.0,954.85,952.8,954.0,66075.0
2026-06-17 10:45:00,954.0,954.9,953.6,953.95,28210.0
2026-06-17 10:50:00,953.95,954.4,951.9,951.9,31090.0
2026-06-17 10:55:00,951.95,953.85,951.95,953.05,37677.0
2026-06-17 11:00:00,953.0,953.65,952.2,952.55,25815.0
2026-06-17 11:05:00,952.85,953.0,951.1,951.15,30794.0
2026-06-17 11:10:00,951.15,951.4,947.15,948.3,62731.0
2026-06-17 11:15:00,948.3,948.95,947.45,948.55,33140.0
2026-06-17 11:20:00,948.55,950.7,948.25,950.55,33873.0
2026-06-17 11:25:00,950.65,951.55,949.8,950.85,34452.0
2026-06-17 11:30:00,950.85,952.0,950.8,951.15,20325.0
2026-06-17 11:35:00,951.25,952.4,950.4,952.0,53142.0
2026-06-17 11:40:00,952.0,952.1,950.7,951.55,22247.0
2026-06-17 11:45:00,951.55,952.4,951.0,951.0,24183.0
2026-06-17 11:50:00,951.2,954.85,950.9,951.75,43687.0
2026-06-17 11:55:00,952.0,952.2,950.8,950.8,25848.0
2026-06-17 12:00:00,950.75,951.15,949.85,950.85,28857.0
2026-06-17 12:05:00,950.6,951.6,950.55,950.95,30699.0
2026-06-17 12:10:00,951.3,952.0,950.25,950.35,33028.0
2026-06-17 12:15:00,950.0,950.5,949.3,949.95,22635.0
2026-06-17 12:20:00,949.95,951.0,949.75,951.0,27129.0
2026-06-17 12:25:00,950.95,951.15,949.8,950.8,33850.0
2026-06-17 12:30:00,950.8,951.5,950.35,950.65,18718.0
2026-06-17 12:35:00,950.7,951.15,949.8,950.4,20367.0
2026-06-17 12:40:00,950.4,951.25,950.05,951.2,18269.0
2026-06-17 12:45:00,951.2,951.55,950.25,951.4,20046.0
2026-06-17 12:50:00,951.55,951.65,950.35,950.35,23533.0
2026-06-17 12:55:00,950.35,951.45,950.25,951.3,20566.0
2026-06-17 13:00:00,951.3,951.7,950.05,950.05,21515.0
2026-06-17 13:05:00,950.35,950.9,949.4,949.55,22055.0
2026-06-17 13:10:00,949.55,949.95,948.3,949.45,27177.0
2026-06-17 13:15:00,949.4,950.0,948.75,949.7,20034.0
2026-06-17 13:20:00,949.75,951.05,949.35,950.25,32176.0
2026-06-17 13:25:00,950.25,950.85,949.6,950.25,17741.0
2026-06-17 13:30:00,950.4,950.45,949.6,950.3,11854.0
2026-06-17 13:35:00,950.3,950.8,949.5,950.65,13381.0
2026-06-17 13:40:00,950.6,950.95,950.0,950.3,12705.0
2026-06-17 13:45:00,950.4,950.9,949.5,949.85,15199.0
2026-06-17 13:50:00,949.85,950.15,948.05,948.65,18969.0
2026-06-17 13:55:00,948.65,949.6,948.1,948.45,15813.0
2026-06-17 14:00:00,948.55,949.05,948.0,948.0,17868.0
2026-06-17 14:05:00,948.05,948.45,947.7,947.9,21025.0
2026-06-17 14:10:00,947.8,949.55,947.35,949.35,15749.0
2026-06-17 14:15:00,949.35,950.75,949.05,950.5,31942.0
2026-06-17 14:20:00,950.5,953.0,949.95,952.85,79199.0
2026-06-17 14:25:00,952.4,952.9,951.05,952.55,26125.0
2026-06-17 14:30:00,952.55,953.85,952.1,952.5,39206.0
2026-06-17 14:35:00,952.35,957.95,952.3,957.95,128397.0
2026-06-17 14:40:00,957.25,959.9,957.25,958.45,116186.0
2026-06-17 14:45:00,958.4,959.95,958.0,958.95,91522.0
2026-06-17 14:50:00,959.4,962.35,959.0,962.0,153028.0
2026-06-17 14:55:00,961.75,964.8,961.75,963.8,120418.0
2026-06-17 15:00:00,963.8,965.6,963.1,964.35,151138.0
2026-06-17 15:05:00,964.35,964.6,962.2,962.65,72664.0
2026-06-17 15:10:00,962.8,963.95,962.65,963.75,71601.0
2026-06-17 15:15:00,963.9,964.0,962.75,962.9,91688.0
2026-06-17 15:20:00,962.9,964.0,962.9,963.65,79651.0
2026-06-17 15:25:00,963.85,964.9,962.8,964.0,90626.0
2026-06-18 09:15:00,969.9,969.9,963.5,965.55,297066.0
2026-06-18 09:20:00,964.9,965.25,960.0,960.85,141425.0
2026-06-18 09:25:00,960.85,962.6,958.7,962.1,88470.0
2026-06-18 09:30:00,961.35,961.85,958.75,959.0,63822.0
2026-06-18 09:35:00,958.85,959.6,958.0,958.85,46599.0
2026-06-18 09:40:00,958.8,959.8,957.8,958.75,43951.0
2026-06-18 09:45:00,958.9,960.0,956.3,956.65,59579.0
2026-06-18 09:50:00,956.65,957.6,956.0,957.0,41825.0
2026-06-18 09:55:00,957.15,957.15,954.0,954.5,66886.0
2026-06-18 10:00:00,954.6,955.25,954.4,954.65,34515.0
2026-06-18 10:05:00,954.7,954.7,952.1,952.9,74749.0
2026-06-18 10:10:00,952.9,953.2,951.3,953.0,45949.0
2026-06-18 10:15:00,953.0,953.25,945.25,946.35,167691.0
2026-06-18 10:20:00,946.6,950.0,946.2,949.4,49361.0
2026-06-18 10:25:00,949.75,949.75,946.25,948.5,60013.0
2026-06-18 10:30:00,948.2,948.95,947.35,948.7,19989.0
2026-06-18 10:35:00,948.95,949.9,948.25,948.7,29719.0
2026-06-18 10:40:00,948.8,950.0,947.6,949.8,29939.0
2026-06-18 10:45:00,949.8,952.2,949.25,951.85,53672.0
2026-06-18 10:50:00,951.75,952.05,950.0,950.3,45308.0
2026-06-18 10:55:00,950.4,950.85,949.15,949.5,23423.0
2026-06-18 11:00:00,949.5,949.65,947.3,947.95,19575.0
2026-06-18 11:05:00,947.95,948.5,947.0,947.65,20531.0
2026-06-18 11:10:00,947.6,948.05,946.65,946.85,28579.0
2026-06-18 11:15:00,947.0,947.9,946.05,947.0,31246.0
2026-06-18 11:20:00,946.5,948.7,946.5,948.45,23013.0
2026-06-18 11:25:00,948.7,949.7,948.1,949.45,20965.0
2026-06-18 11:30:00,949.7,950.75,949.0,950.0,32570.0
2026-06-18 11:35:00,950.25,950.25,949.15,949.7,14404.0
2026-06-18 11:40:00,949.75,950.0,949.25,950.0,14374.0
2026-06-18 11:45:00,950.0,950.0,949.8,950.0,27913.0
2026-06-18 11:50:00,950.0,950.0,948.6,949.2,30685.0
2026-06-18 11:55:00,949.2,949.6,948.5,949.05,12906.0
2026-06-18 12:00:00,949.05,949.85,949.0,949.4,14609.0
2026-06-18 12:05:00,949.4,950.0,949.05,949.85,18606.0
2026-06-18 12:10:00,949.85,950.0,949.6,949.9,12697.0
2026-06-18 12:15:00,950.0,950.0,949.85,949.85,30608.0
2026-06-18 12:20:00,949.95,954.0,949.65,953.0,91351.0
2026-06-18 12:25:00,953.25,953.5,952.15,953.45,17688.0
2026-06-18 12:30:00,953.5,954.5,952.9,953.85,43997.0
2026-06-18 12:35:00,953.8,953.8,950.6,951.3,36305.0
2026-06-18 12:40:00,951.5,951.5,951.05,951.2,7914.0
2026-06-18 12:45:00,951.2,951.65,949.6,951.65,46816.0
2026-06-18 12:50:00,951.65,952.25,951.3,951.65,9824.0
2026-06-18 12:55:00,952.0,952.5,951.7,952.05,10232.0
2026-06-18 13:00:00,952.25,953.85,952.0,953.15,14601.0
2026-06-18 13:05:00,952.9,953.4,952.75,953.15,8062.0
2026-06-18 13:10:00,953.15,955.0,951.95,954.35,77352.0
2026-06-18 13:15:00,954.0,954.5,952.3,952.85,29810.0
2026-06-18 13:20:00,953.1,953.1,952.2,952.65,13886.0
2026-06-18 13:25:00,952.25,952.5,951.05,951.9,20346.0
2026-06-18 13:30:00,951.9,953.35,950.9,951.3,19169.0
2026-06-18 13:35:00,951.35,951.6,950.3,951.25,22229.0
2026-06-18 13:40:00,951.0,951.2,950.4,950.45,14258.0
2026-06-18 13:45:00,950.4,950.8,950.0,950.05,40016.0
2026-06-18 13:50:00,950.05,951.0,949.6,950.9,18826.0
2026-06-18 13:55:00,950.45,950.8,949.5,950.6,27566.0
2026-06-18 14:00:00,950.7,951.1,949.6,950.35,18919.0
2026-06-18 14:05:00,950.4,950.4,949.2,949.9,11002.0
2026-06-18 14:10:00,949.65,950.55,949.5,949.7,32903.0
2026-06-18 14:15:00,949.75,950.0,949.0,949.1,17003.0
2026-06-18 14:20:00,949.1,950.0,948.3,950.0,32986.0
2026-06-18 14:25:00,950.0,950.25,948.95,948.95,28397.0
2026-06-18 14:30:00,949.0,949.95,948.0,949.95,35373.0
2026-06-18 14:35:00,949.9,949.9,949.0,949.4,18891.0
2026-06-18 14:40:00,949.4,949.7,948.35,948.75,22131.0
2026-06-18 14:45:00,948.85,948.95,947.1,947.8,35576.0
2026-06-18 14:50:00,947.5,949.8,947.1,949.55,48243.0
2026-06-18 14:55:00,949.0,952.45,949.0,952.35,60894.0
2026-06-18 15:00:00,952.45,955.5,952.15,955.3,122241.0
2026-06-18 15:05:00,955.25,955.95,954.35,954.95,124512.0
2026-06-18 15:10:00,955.2,956.4,954.9,956.1,83393.0
2026-06-18 15:15:00,956.1,957.65,954.6,955.0,149789.0
2026-06-18 15:20:00,954.9,955.25,952.5,953.55,159118.0
2026-06-18 15:25:00,953.5,955.0,952.2,953.0,101405.0
2026-06-19 09:15:00,954.1,955.8,950.05,950.15,79102.0
2026-06-19 09:20:00,950.5,959.0,950.15,956.0,93370.0
2026-06-19 09:25:00,956.45,960.9,955.1,960.7,97368.0
2026-06-19 09:30:00,960.05,960.85,958.5,958.7,56465.0
2026-06-19 09:35:00,958.55,960.85,956.85,957.2,40707.0
2026-06-19 09:40:00,957.9,958.85,956.8,957.65,17272.0
2026-06-19 09:45:00,957.85,959.55,957.25,958.85,16377.0
2026-06-19 09:50:00,959.5,964.7,959.05,963.6,92044.0
2026-06-19 09:55:00,963.6,964.4,962.0,962.45,91887.0
2026-06-19 10:00:00,962.45,962.95,959.55,960.75,36332.0
2026-06-19 10:05:00,960.6,961.35,958.55,960.7,32889.0
2026-06-19 10:10:00,960.2,961.0,959.15,959.55,16373.0
2026-06-19 10:15:00,959.85,960.0,957.75,959.2,31104.0
2026-06-19 10:20:00,959.0,959.5,955.1,957.5,93812.0
2026-06-19 10:25:00,957.5,959.0,957.0,958.3,11534.0
2026-06-19 10:30:00,958.65,959.45,956.0,956.1,13006.0
2026-06-19 10:35:00,956.0,956.75,954.4,956.7,18092.0
2026-06-19 10:40:00,956.4,957.0,955.85,956.4,7835.0
2026-06-19 10:45:00,956.4,957.8,955.5,957.8,8269.0
2026-06-19 10:50:00,957.45,958.9,957.0,957.95,27765.0
2026-06-19 10:55:00,957.65,958.7,957.1,957.3,11780.0
2026-06-19 11:00:00,957.7,958.55,956.15,957.5,18123.0
2026-06-19 11:05:00,956.9,957.95,956.85,957.95,6730.0
2026-06-19 11:10:00,957.55,958.35,956.85,957.6,7228.0
2026-06-19 11:15:00,957.6,957.95,957.0,957.45,2679.0
2026-06-19 11:20:00,957.85,958.4,957.3,958.0,3583.0
2026-06-19 11:25:00,958.0,959.5,957.55,959.5,5617.0
2026-06-19 11:30:00,959.5,960.35,958.7,960.3,31624.0
2026-06-19 11:35:00,960.3,960.95,959.75,960.3,29441.0
2026-06-19 11:40:00,960.05,960.65,959.6,960.0,8464.0
2026-06-19 11:45:00,960.4,960.4,958.95,959.35,6160.0
2026-06-19 11:50:00,959.4,960.15,959.0,959.4,11123.0
2026-06-19 11:55:00,959.65,960.0,959.1,959.9,5797.0
2026-06-19 12:00:00,959.9,962.7,959.5,961.3,43088.0
2026-06-19 12:05:00,961.3,961.45,960.35,960.8,5536.0
2026-06-19 12:10:00,960.8,961.0,959.65,959.95,6952.0
2026-06-19 12:15:00,960.4,960.65,959.85,960.0,6513.0
2026-06-19 12:20:00,959.8,960.95,959.35,960.1,8288.0
2026-06-19 12:25:00,960.1,960.5,959.3,959.85,3354.0
2026-06-19 12:30:00,959.5,960.0,959.15,959.85,3731.0
2026-06-19 12:35:00,959.8,959.85,958.65,958.75,6784.0
2026-06-19 12:40:00,958.7,958.7,955.0,955.9,16986.0
2026-06-19 12:45:00,955.95,957.15,955.8,956.6,4392.0
2026-06-19 12:50:00,956.6,956.9,955.9,956.05,7364.0
2026-06-19 12:55:00,955.9,957.6,954.05,957.4,49590.0
2026-06-19 13:00:00,956.8,957.3,954.6,954.65,8400.0
2026-06-19 13:05:00,954.8,955.5,954.3,954.65,8241.0
2026-06-19 13:10:00,954.65,955.65,954.3,955.45,13239.0
2026-06-19 13:15:00,955.1,956.0,955.0,955.25,8687.0
2026-06-19 13:20:00,955.25,956.1,954.5,955.2,9021.0
2026-06-19 13:25:00,954.6,956.25,954.6,955.4,5724.0
2026-06-19 13:30:00,955.5,956.15,954.9,955.85,7947.0
2026-06-19 13:35:00,955.7,956.7,955.35,956.7,4384.0
2026-06-19 13:40:00,956.45,958.9,956.45,958.25,10794.0
2026-06-19 13:45:00,958.25,959.5,958.0,958.7,9342.0
2026-06-19 13:50:00,958.7,959.5,957.75,958.15,12150.0
2026-06-19 13:55:00,958.25,961.85,958.25,960.3,30037.0
2026-06-19 14:00:00,959.9,960.05,957.65,958.35,14151.0
2026-06-19 14:05:00,958.65,959.25,957.7,958.5,10255.0
2026-06-19 14:10:00,958.45,959.2,957.45,957.95,9115.0
2026-06-19 14:15:00,958.0,959.0,957.6,958.9,10490.0
2026-06-19 14:20:00,958.6,958.75,956.55,956.95,12560.0
2026-06-19 14:25:00,956.7,957.6,956.5,956.7,10141.0
2026-06-19 14:30:00,956.85,958.65,956.7,958.65,20476.0
2026-06-19 14:35:00,958.45,959.85,958.25,959.1,22229.0
2026-06-19 14:40:00,959.25,959.85,958.45,958.8,14853.0
2026-06-19 14:45:00,958.75,959.25,958.15,958.45,6132.0
2026-06-19 14:50:00,958.65,958.7,955.55,955.8,21420.0
2026-06-19 14:55:00,955.8,956.05,953.5,954.8,36797.0
2026-06-19 15:00:00,954.95,964.65,954.65,963.4,509836.0
2026-06-19 15:05:00,963.4,965.8,962.9,965.0,388256.0
2026-06-19 15:10:00,964.6,966.05,964.6,965.4,359725.0
2026-06-19 15:15:00,965.4,965.45,962.3,963.05,409903.0
2026-06-19 15:20:00,963.25,964.65,962.55,963.7,370868.0
2026-06-19 15:25:00,963.25,963.9,961.0,962.5,275132.0
2026-06-22 09:15:00,968.0,968.9,960.0,965.0,135040.0
2026-06-22 09:20:00,964.6,967.15,964.0,964.5,52358.0
2026-06-22 09:25:00,964.8,967.4,964.75,965.15,64970.0
2026-06-22 09:30:00,965.7,965.75,962.2,963.2,45733.0
2026-06-22 09:35:00,963.6,963.6,958.0,958.6,90670.0
2026-06-22 09:40:00,958.85,960.0,958.3,959.25,41509.0
2026-06-22 09:45:00,959.45,960.0,958.0,958.85,41745.0
2026-06-22 09:50:00,958.6,958.6,955.4,956.0,51442.0
2026-06-22 09:55:00,956.2,958.7,955.05,955.3,49754.0
2026-06-22 10:00:00,955.3,957.5,955.0,956.65,25494.0
2026-06-22 10:05:00,956.05,957.85,956.0,957.85,18085.0
2026-06-22 10:10:00,958.3,958.3,956.0,957.6,23355.0
2026-06-22 10:15:00,957.6,958.95,957.25,958.2,23603.0
2026-06-22 10:20:00,958.2,958.4,956.0,956.6,25346.0
2026-06-22 10:25:00,956.9,957.6,955.1,955.95,27084.0
2026-06-22 10:30:00,956.55,957.0,954.05,955.3,84081.0
2026-06-22 10:35:00,955.25,959.55,955.25,958.95,42442.0
2026-06-22 10:40:00,958.85,958.85,957.25,958.0,11234.0
2026-06-22 10:45:00,958.3,958.55,957.0,957.4,8866.0
2026-06-22 10:50:00,957.4,958.15,955.15,956.65,22553.0
2026-06-22 10:55:00,956.65,956.95,955.1,955.75,26923.0
2026-06-22 11:00:00,955.75,956.3,955.1,955.8,13249.0
2026-06-22 11:05:00,955.8,956.25,955.1,955.5,10718.0
2026-06-22 11:10:00,955.5,956.0,954.5,955.6,16937.0
2026-06-22 11:15:00,955.7,957.5,955.7,957.35,9768.0
2026-06-22 11:20:00,957.35,959.0,957.05,958.85,44155.0
2026-06-22 11:25:00,958.8,959.5,958.3,959.35,11117.0
2026-06-22 11:30:00,959.35,960.0,958.9,959.7,11510.0
2026-06-22 11:35:00,959.7,959.95,958.75,959.35,12953.0
2026-06-22 11:40:00,959.15,960.45,959.15,959.45,46425.0
2026-06-22 11:45:00,959.4,959.8,958.9,959.7,13306.0
2026-06-22 11:50:00,959.6,959.6,958.25,959.1,15028.0
2026-06-22 11:55:00,959.0,960.0,959.0,959.55,15357.0
2026-06-22 12:00:00,959.55,960.0,958.7,958.95,15809.0
2026-06-22 12:05:00,958.9,959.75,958.35,958.35,5901.0
2026-06-22 12:10:00,958.5,959.1,958.0,958.75,7840.0
2026-06-22 12:15:00,958.6,959.25,958.3,958.85,6199.0
2026-06-22 12:20:00,958.8,959.25,958.25,958.85,7052.0
2026-06-22 12:25:00,958.85,959.2,958.05,958.8,8332.0
2026-06-22 12:30:00,958.75,959.6,958.75,959.6,4023.0
2026-06-22 12:35:00,959.55,960.0,959.0,959.6,11030.0
2026-06-22 12:40:00,959.6,959.9,958.1,959.85,23384.0
2026-06-22 12:45:00,959.7,960.0,959.55,959.8,9580.0
2026-06-22 12:50:00,959.7,960.0,959.0,959.05,5315.0
2026-06-22 12:55:00,959.0,959.9,959.0,959.85,13012.0
2026-06-22 13:00:00,959.9,960.4,959.55,959.7,23563.0
2026-06-22 13:05:00,959.65,959.9,959.0,959.5,8463.0
2026-06-22 13:10:00,959.45,959.85,958.35,959.85,9269.0
2026-06-22 13:15:00,959.65,959.85,958.75,959.8,7698.0
2026-06-22 13:20:00,959.75,960.0,959.0,959.9,27438.0
2026-06-22 13:25:00,959.9,960.8,957.0,957.2,30475.0
2026-06-22 13:30:00,957.2,958.35,957.1,957.95,14350.0
2026-06-22 13:35:00,957.65,958.25,956.45,956.85,21476.0
2026-06-22 13:40:00,956.85,957.4,956.25,956.5,11719.0
2026-06-22 13:45:00,956.45,957.4,956.25,956.7,9932.0
2026-06-22 13:50:00,956.65,957.1,956.25,956.65,6979.0
2026-06-22 13:55:00,956.65,959.4,956.65,959.0,13269.0
2026-06-22 14:00:00,958.65,959.0,958.35,958.65,8142.0
2026-06-22 14:05:00,958.8,959.0,958.2,958.5,13385.0
2026-06-22 14:10:00,958.9,960.0,958.65,959.0,12328.0
2026-06-22 14:15:00,959.35,959.9,958.65,959.85,19948.0
2026-06-22 14:20:00,959.55,960.0,959.45,960.0,11469.0
2026-06-22 14:25:00,960.0,960.0,959.55,959.95,15369.0
2026-06-22 14:30:00,959.9,960.3,959.3,960.3,23594.0
2026-06-22 14:35:00,960.2,960.6,959.25,959.85,35370.0
2026-06-22 14:40:00,959.9,960.8,959.9,960.7,27151.0
2026-06-22 14:45:00,960.35,960.8,960.0,960.35,24840.0
2026-06-22 14:50:00,961.0,963.0,959.95,962.55,65685.0
2026-06-22 14:55:00,962.05,963.7,961.05,962.55,129119.0
2026-06-22 15:00:00,963.1,964.4,962.25,962.7,134299.0
2026-06-22 15:05:00,962.7,963.3,962.05,962.7,95754.0
2026-06-22 15:10:00,962.55,964.0,961.5,961.65,136079.0
2026-06-22 15:15:00,961.7,963.0,961.3,962.55,109555.0
2026-06-22 15:20:00,962.5,963.6,961.1,961.4,139511.0
2026-06-22 15:25:00,961.4,961.65,960.1,961.0,87131.0
2026-06-23 09:15:00,965.0,966.0,963.2,965.05,54643.0
2026-06-23 09:20:00,965.25,966.0,963.0,964.0,24025.0
2026-06-23 09:25:00,964.0,964.4,961.2,962.45,22860.0
2026-06-23 09:30:00,962.2,963.0,960.5,961.3,13379.0
2026-06-23 09:35:00,961.0,961.8,959.35,960.15,17755.0
2026-06-23 09:40:00,959.95,960.35,958.35,959.9,33482.0
2026-06-23 09:45:00,959.35,959.95,958.5,959.45,13808.0
2026-06-23 09:50:00,959.45,960.4,958.4,959.0,16972.0
2026-06-23 09:55:00,959.0,959.65,958.05,958.85,12447.0
2026-06-23 10:00:00,959.15,960.85,958.3,959.75,66551.0
2026-06-23 10:05:00,959.75,963.25,958.9,963.05,25906.0
2026-06-23 10:10:00,963.25,964.3,959.65,959.65,27038.0
2026-06-23 10:15:00,959.95,960.05,958.5,958.55,8597.0
2026-06-23 10:20:00,958.95,959.4,957.75,959.0,23618.0
2026-06-23 10:25:00,958.6,959.45,957.4,958.95,23421.0
2026-06-23 10:30:00,959.45,960.0,959.0,959.95,110931.0
2026-06-23 10:35:00,959.8,960.0,959.0,960.0,16669.0
2026-06-23 10:40:00,960.0,960.7,959.25,959.4,13423.0
2026-06-23 10:45:00,959.4,960.7,959.4,960.5,14075.0
2026-06-23 10:50:00,960.5,961.0,960.05,960.4,10924.0
2026-06-23 10:55:00,960.35,962.7,960.25,961.95,13029.0
2026-06-23 11:00:00,961.95,961.95,960.05,960.05,23802.0
2026-06-23 11:05:00,960.05,960.7,960.0,960.1,9475.0
2026-06-23 11:10:00,960.1,960.55,958.85,960.0,120661.0
2026-06-23 11:15:00,960.0,960.85,960.0,960.3,67068.0
2026-06-23 11:20:00,960.55,960.7,958.0,960.4,73658.0
2026-06-23 11:25:00,960.4,960.8,960.0,960.0,27837.0
2026-06-23 11:30:00,960.05,963.0,960.0,961.25,50169.0
2026-06-23 11:35:00,961.0,961.9,960.1,960.15,9387.0
2026-06-23 11:40:00,960.1,960.25,957.0,958.2,186898.0
2026-06-23 11:45:00,957.8,957.8,953.6,953.85,41405.0
2026-06-23 11:50:00,953.95,956.15,953.35,955.8,37031.0
2026-06-23 11:55:00,955.95,956.0,950.0,950.25,85769.0
2026-06-23 12:00:00,949.55,950.25,948.1,948.8,70299.0
2026-06-23 12:05:00,948.1,950.4,948.1,950.35,27636.0
2026-06-23 12:10:00,950.4,950.4,948.75,949.4,29024.0
2026-06-23 12:15:00,949.4,950.4,948.8,950.25,29712.0
2026-06-23 12:20:00,950.35,950.5,948.2,949.2,43709.0
2026-06-23 12:25:00,949.35,953.0,949.2,953.0,22727.0
2026-06-23 12:30:00,953.0,954.35,952.3,954.1,11747.0
2026-06-23 12:35:00,954.15,955.2,953.75,954.55,11757.0
2026-06-23 12:40:00,954.5,955.2,953.25,954.65,24968.0
2026-06-23 12:45:00,954.9,957.35,954.9,955.1,35675.0
2026-06-23 12:50:00,955.45,956.0,954.8,955.15,12175.0
2026-06-23 12:55:00,955.15,955.15,953.55,953.75,16315.0
2026-06-23 13:00:00,953.75,953.85,952.15,953.2,20827.0
2026-06-23 13:05:00,953.55,954.7,952.75,953.3,26104.0
2026-06-23 13:10:00,953.15,953.25,951.0,951.0,16973.0
2026-06-23 13:15:00,951.45,951.45,949.05,950.25,33461.0
2026-06-23 13:20:00,950.4,952.35,949.75,952.35,17583.0
2026-06-23 13:25:00,952.1,952.3,950.1,951.25,17508.0
2026-06-23 13:30:00,951.05,953.65,950.4,952.2,30329.0
2026-06-23 13:35:00,952.35,952.35,949.1,950.7,42759.0
2026-06-23 13:40:00,950.65,953.5,950.2,953.35,34172.0
2026-06-23 13:45:00,953.2,954.05,952.4,953.55,15833.0
2026-06-23 13:50:00,953.55,953.55,952.0,952.95,15704.0
2026-06-23 13:55:00,953.0,953.0,951.75,951.85,16233.0
2026-06-23 14:00:00,951.85,954.2,951.45,954.2,25861.0
2026-06-23 14:05:00,954.2,954.8,953.3,954.3,14077.0
2026-06-23 14:10:00,954.35,956.0,954.35,955.85,13169.0
2026-06-23 14:15:00,955.85,955.85,953.25,953.3,20566.0
2026-06-23 14:20:00,953.75,955.2,953.15,955.0,23141.0
2026-06-23 14:25:00,955.0,955.35,952.85,953.2,17663.0
2026-06-23 14:30:00,953.45,954.7,952.85,953.7,15954.0
2026-06-23 14:35:00,953.3,953.9,952.2,953.25,22884.0
2026-06-23 14:40:00,952.95,955.6,952.6,955.3,22953.0
2026-06-23 14:45:00,954.85,955.55,953.45,954.4,33768.0
2026-06-23 14:50:00,953.95,956.35,953.3,956.25,37493.0
2026-06-23 14:55:00,956.45,958.4,955.7,956.5,91357.0
2026-06-23 15:00:00,956.9,957.8,950.05,951.65,91978.0
2026-06-23 15:05:00,951.65,953.45,951.45,952.35,87005.0
2026-06-23 15:10:00,952.25,952.5,949.95,950.0,59824.0
2026-06-23 15:15:00,950.0,950.2,948.5,949.05,63986.0
2026-06-23 15:20:00,949.3,949.5,948.2,948.5,79079.0
2026-06-23 15:25:00,948.35,950.0,946.0,949.7,78375.0
2026-06-24 09:15:00,936.0,944.95,912.0,942.1,179084.0
2026-06-24 09:20:00,942.1,943.1,935.05,936.2,94353.0
2026-06-24 09:25:00,936.4,937.0,933.0,934.3,60327.0
2026-06-24 09:30:00,934.65,939.45,934.25,936.05,44067.0
2026-06-24 09:35:00,936.35,937.0,934.3,935.5,36756.0
2026-06-24 09:40:00,935.4,936.1,929.5,929.5,108332.0
2026-06-24 09:45:00,929.5,930.8,924.7,924.7,115191.0
2026-06-24 09:50:00,924.15,925.8,923.7,924.6,63852.0
2026-06-24 09:55:00,924.6,928.55,922.95,928.55,91577.0
2026-06-24 10:00:00,928.4,935.9,927.95,933.15,104916.0
2026-06-24 10:05:00,933.1,933.15,929.35,933.15,44192.0
2026-06-24 10:10:00,933.15,934.0,931.1,932.0,48611.0
2026-06-24 10:15:00,932.25,932.25,929.4,930.85,61054.0
2026-06-24 10:20:00,931.05,931.05,928.1,930.1,45758.0
2026-06-24 10:25:00,930.0,932.0,927.45,931.8,61439.0
2026-06-24 10:30:00,931.6,933.65,929.0,929.55,42737.0
2026-06-24 10:35:00,929.5,929.9,924.75,924.8,112617.0
2026-06-24 10:40:00,924.75,927.0,922.0,926.95,56729.0
2026-06-24 10:45:00,926.95,927.85,926.0,926.95,35907.0
2026-06-24 10:50:00,927.05,929.2,926.4,927.2,37895.0
2026-06-24 10:55:00,927.05,932.25,926.0,930.55,163188.0
2026-06-24 11:00:00,930.55,932.0,930.0,931.15,33609.0
2026-06-24 11:05:00,931.5,931.5,929.35,931.0,11798.0
2026-06-24 11:10:00,930.8,931.5,929.0,929.3,17139.0
2026-06-24 11:15:00,929.7,930.0,928.55,928.8,17581.0
2026-06-24 11:20:00,928.85,929.5,928.0,929.0,20730.0
2026-06-24 11:25:00,928.55,929.3,927.4,929.3,21090.0
2026-06-24 11:30:00,929.2,929.6,926.5,928.8,62654.0
2026-06-24 11:35:00,928.65,929.9,927.75,929.9,23788.0
2026-06-24 11:40:00,929.85,932.55,928.65,931.8,91541.0
2026-06-24 11:45:00,931.8,932.0,930.0,930.65,21886.0
2026-06-24 11:50:00,930.7,932.15,930.6,931.25,78988.0
2026-06-24 11:55:00,931.35,932.5,930.95,932.0,13108.0
2026-06-24 12:00:00,932.0,933.8,931.8,932.5,50741.0
2026-06-24 12:05:00,932.7,933.8,931.8,932.1,73026.0
2026-06-24 12:10:00,932.3,932.75,930.9,932.35,28685.0
2026-06-24 12:15:00,932.25,932.8,931.5,932.5,189346.0
2026-06-24 12:20:00,932.5,932.5,928.0,928.55,40438.0
2026-06-24 12:25:00,928.55,930.5,927.8,929.0,72816.0
2026-06-24 12:30:00,928.9,928.9,923.55,924.3,61171.0
2026-06-24 12:35:00,924.05,924.6,923.5,924.6,27208.0
2026-06-24 12:40:00,925.0,926.7,924.0,926.7,15508.0
2026-06-24 12:45:00,926.9,928.0,925.0,925.05,18909.0
2026-06-24 12:50:00,925.1,925.8,924.4,924.9,14832.0
2026-06-24 12:55:00,925.0,925.0,924.4,924.5,13201.0
2026-06-24 13:00:00,924.1,927.4,924.1,926.15,20259.0
2026-06-24 13:05:00,926.15,927.0,925.15,926.55,27127.0
2026-06-24 13:10:00,926.7,927.5,926.0,926.0,21450.0
2026-06-24 13:15:00,926.0,926.9,924.05,924.9,49732.0
2026-06-24 13:20:00,924.35,924.8,923.45,924.35,25748.0
2026-06-24 13:25:00,924.5,925.0,923.5,923.55,17193.0
2026-06-24 13:30:00,923.35,923.85,922.55,922.8,21111.0
2026-06-24 13:35:00,922.8,923.15,921.35,921.35,40676.0
2026-06-24 13:40:00,921.0,922.0,920.6,921.35,25137.0
2026-06-24 13:45:00,921.35,924.25,921.25,922.7,25496.0
2026-06-24 13:50:00,922.95,923.55,921.9,923.5,14621.0
2026-06-24 13:55:00,923.55,924.75,923.0,923.35,36787.0
2026-06-24 14:00:00,923.0,924.0,922.2,924.0,13012.0
2026-06-24 14:05:00,923.95,924.5,923.2,924.5,15198.0
2026-06-24 14:10:00,924.45,924.9,923.3,923.55,32881.0
2026-06-24 14:15:00,923.55,924.0,922.5,922.55,26695.0
2026-06-24 14:20:00,922.2,925.0,922.0,924.75,29309.0
2026-06-24 14:25:00,924.75,925.0,924.0,924.55,16255.0
2026-06-24 14:30:00,924.55,924.65,923.25,924.5,17340.0
2026-06-24 14:35:00,924.55,925.2,923.05,923.7,21010.0
2026-06-24 14:40:00,923.55,923.75,921.0,921.0,38691.0
2026-06-24 14:45:00,921.25,921.5,917.75,919.5,70948.0
2026-06-24 14:50:00,919.05,920.7,918.6,920.25,66649.0
2026-06-24 14:55:00,920.25,921.5,919.65,920.7,25740.0
2026-06-24 15:00:00,920.55,923.5,919.55,921.5,64317.0
2026-06-24 15:05:00,921.5,921.65,920.0,921.05,120406.0
2026-06-24 15:10:00,921.0,921.7,919.0,919.0,85438.0
2026-06-24 15:15:00,919.2,920.55,918.1,918.45,83923.0
2026-06-24 15:20:00,918.6,920.25,916.6,916.95,175296.0
2026-06-24 15:25:00,917.0,917.0,916.0,917.0,81225.0
2026-06-25 09:15:00,919.45,927.65,919.45,923.8,94308.0
2026-06-25 09:20:00,924.05,929.25,923.9,927.1,82553.0
2026-06-25 09:25:00,927.15,927.25,925.0,926.9,42357.0
2026-06-25 09:30:00,926.9,927.25,923.8,926.4,39664.0
2026-06-25 09:35:00,926.45,927.45,925.65,926.0,24811.0
2026-06-25 09:40:00,925.7,927.2,925.25,925.8,24643.0
2026-06-25 09:45:00,925.8,926.9,925.2,926.05,21476.0
2026-06-25 09:50:00,926.3,926.6,924.0,926.0,21381.0
2026-06-25 09:55:00,925.8,926.35,924.0,924.75,26559.0
2026-06-25 10:00:00,924.7,925.2,924.2,924.35,12377.0
2026-06-25 10:05:00,924.35,924.55,923.65,924.2,17481.0
2026-06-25 10:10:00,923.8,924.45,923.1,923.85,17184.0
2026-06-25 10:15:00,923.75,926.4,923.3,926.0,31531.0
2026-06-25 10:20:00,925.7,928.5,924.6,927.5,45736.0
2026-06-25 10:25:00,927.5,927.85,926.0,927.25,32269.0
2026-06-25 10:30:00,927.55,928.6,927.3,928.5,27266.0
2026-06-25 10:35:00,928.5,931.95,928.4,930.55,77667.0
2026-06-25 10:40:00,930.55,931.5,930.3,930.95,23228.0
2026-06-25 10:45:00,931.0,933.8,930.8,932.25,68801.0
2026-06-25 10:50:00,932.1,932.15,930.0,930.1,35403.0
2026-06-25 10:55:00,930.1,931.45,929.05,930.6,25041.0
2026-06-25 11:00:00,930.9,932.7,930.55,932.5,32262.0
2026-06-25 11:05:00,932.5,932.8,931.5,931.75,17791.0
2026-06-25 11:10:00,931.55,932.25,930.6,930.75,34625.0
2026-06-25 11:15:00,931.0,932.55,930.55,932.1,25142.0
2026-06-25 11:20:00,932.1,934.25,931.95,933.2,23012.0
2026-06-25 11:25:00,932.65,933.7,932.3,932.9,20231.0
2026-06-25 11:30:00,932.95,933.8,932.2,933.5,17529.0
2026-06-25 11:35:00,933.4,934.1,931.75,932.0,101195.0
2026-06-25 11:40:00,932.0,934.9,931.2,931.3,77805.0
2026-06-25 11:45:00,931.25,931.25,930.25,930.95,18431.0
2026-06-25 11:50:00,931.0,931.75,930.35,931.5,17188.0
2026-06-25 11:55:00,931.5,934.5,931.5,933.8,79328.0
2026-06-25 12:00:00,933.85,935.05,932.85,933.1,91097.0
2026-06-25 12:05:00,933.1,933.65,932.45,933.65,15031.0
2026-06-25 12:10:00,933.7,935.6,933.35,935.45,26631.0
2026-06-25 12:15:00,935.05,936.25,934.3,935.75,39405.0
2026-06-25 12:20:00,935.75,935.95,933.45,935.4,19273.0
2026-06-25 12:25:00,935.7,937.8,935.7,937.8,32170.0
2026-06-25 12:30:00,937.8,939.5,937.75,939.05,31212.0
2026-06-25 12:35:00,939.4,942.2,939.0,942.0,39602.0
2026-06-25 12:40:00,941.85,942.9,940.65,942.3,41029.0
2026-06-25 12:45:00,942.3,943.0,941.1,941.85,26893.0
2026-06-25 12:50:00,942.25,945.6,941.4,945.35,59529.0
2026-06-25 12:55:00,945.5,946.95,944.0,944.2,57657.0
2026-06-25 13:00:00,944.2,945.95,943.75,944.65,34048.0
2026-06-25 13:05:00,944.6,945.9,944.0,945.1,33976.0
2026-06-25 13:10:00,944.9,946.4,944.4,944.4,23666.0
2026-06-25 13:15:00,944.4,945.95,940.6,942.0,72893.0
2026-06-25 13:20:00,942.0,944.0,941.95,942.85,22977.0
2026-06-25 13:25:00,942.85,946.0,942.2,945.85,144331.0
2026-06-25 13:30:00,945.85,946.5,944.5,945.25,63331.0
2026-06-25 13:35:00,945.65,947.7,945.2,947.5,36775.0
2026-06-25 13:40:00,947.4,948.65,946.75,948.65,37993.0
2026-06-25 13:45:00,948.65,948.9,947.6,948.45,21367.0
2026-06-25 13:50:00,948.45,948.95,947.7,948.0,26962.0
2026-06-25 13:55:00,948.15,948.25,946.4,947.15,38251.0
2026-06-25 14:00:00,946.55,946.7,944.6,946.0,45020.0
2026-06-25 14:05:00,946.0,947.8,945.5,946.45,23062.0
2026-06-25 14:10:00,946.45,947.2,945.2,945.45,20728.0
2026-06-25 14:15:00,945.45,945.85,944.05,944.6,29461.0
2026-06-25 14:20:00,944.7,946.0,944.1,945.45,20224.0
2026-06-25 14:25:00,945.5,946.4,944.9,946.35,29139.0
2026-06-25 14:30:00,946.35,947.1,945.7,945.85,29932.0
2026-06-25 14:35:00,945.9,948.9,945.75,947.15,57954.0
2026-06-25 14:40:00,947.0,948.05,945.2,946.45,37164.0
2026-06-25 14:45:00,946.45,947.65,945.35,946.35,34230.0
2026-06-25 14:50:00,946.35,947.25,945.55,947.05,23080.0
2026-06-25 14:55:00,947.05,947.7,946.0,946.8,28846.0
2026-06-25 15:00:00,946.2,946.3,941.9,942.7,85315.0
2026-06-25 15:05:00,942.85,943.65,942.0,942.4,67447.0
2026-06-25 15:10:00,942.15,943.25,942.0,942.95,63421.0
2026-06-25 15:15:00,942.9,943.4,942.2,942.75,67168.0
2026-06-25 15:20:00,942.65,942.7,939.85,941.3,148418.0
2026-06-25 15:25:00,941.3,942.2,940.05,941.9,81238.0
2026-06-29 09:15:00,960.1,960.15,942.5,943.45,248996.0
2026-06-29 09:20:00,943.55,946.5,937.5,937.5,193603.0
2026-06-29 09:25:00,937.5,941.3,936.6,939.75,82833.0
2026-06-29 09:30:00,940.0,941.35,936.3,939.45,90318.0
2026-06-29 09:35:00,939.15,945.0,937.85,941.7,82527.0
2026-06-29 09:40:00,941.5,943.2,940.3,943.2,40091.0
2026-06-29 09:45:00,942.9,943.1,940.35,940.4,37299.0
2026-06-29 09:50:00,940.6,947.6,940.4,946.7,80465.0
2026-06-29 09:55:00,946.6,947.5,945.45,945.5,38690.0
2026-06-29 10:00:00,945.55,947.3,945.5,946.0,92188.0
2026-06-29 10:05:00,945.65,947.45,945.45,946.0,35545.0
2026-06-29 10:10:00,946.0,946.2,944.3,945.55,75456.0
2026-06-29 10:15:00,945.45,946.15,944.65,946.15,40612.0
2026-06-29 10:20:00,946.0,946.8,944.05,946.45,38574.0
2026-06-29 10:25:00,946.45,947.55,945.85,946.8,34928.0
2026-06-29 10:30:00,946.55,947.25,945.3,946.55,57618.0
2026-06-29 10:35:00,946.35,947.3,943.9,945.15,56774.0
2026-06-29 10:40:00,945.4,949.65,944.15,949.25,68142.0
2026-06-29 10:45:00,949.3,949.45,946.1,947.75,69098.0
2026-06-29 10:50:00,947.55,948.6,946.1,947.0,43105.0
2026-06-29 10:55:00,946.95,948.1,946.2,946.2,26648.0
2026-06-29 11:00:00,946.2,948.0,945.5,946.7,50778.0
2026-06-29 11:05:00,946.7,947.05,945.0,947.0,54190.0
2026-06-29 11:10:00,947.0,947.0,944.4,944.9,48855.0
2026-06-29 11:15:00,944.85,947.0,944.5,946.95,39880.0
2026-06-29 11:20:00,947.0,947.5,946.1,947.5,40996.0
2026-06-29 11:25:00,947.9,948.0,946.1,946.4,30287.0
2026-06-29 11:30:00,946.4,947.05,945.5,946.1,39869.0
2026-06-29 11:35:00,946.25,947.2,946.1,946.5,33067.0
2026-06-29 11:40:00,946.75,947.4,946.1,947.3,28493.0
2026-06-29 11:45:00,947.0,947.55,945.8,946.5,73195.0
2026-06-29 11:50:00,946.5,947.0,946.1,946.9,36396.0
2026-06-29 11:55:00,946.9,946.9,945.25,946.25,43523.0
2026-06-29 12:00:00,946.25,947.25,945.5,947.0,94098.0
2026-06-29 12:05:00,946.95,946.95,944.4,945.3,55788.0
2026-06-29 12:10:00,945.3,946.7,942.2,942.75,60594.0
2026-06-29 12:15:00,942.65,943.65,940.75,943.2,123774.0
2026-06-29 12:20:00,943.15,945.9,943.0,945.2,79535.0
2026-06-29 12:25:00,945.05,945.6,943.55,945.25,237455.0
2026-06-29 12:30:00,945.25,945.25,942.45,943.15,54836.0
2026-06-29 12:35:00,943.15,944.35,942.5,943.95,60362.0
2026-06-29 12:40:00,943.95,945.45,942.6,944.3,103609.0
2026-06-29 12:45:00,944.4,946.0,944.4,944.75,52690.0
2026-06-29 12:50:00,944.75,945.8,944.05,945.6,52201.0
2026-06-29 12:55:00,945.4,946.7,944.75,946.35,53112.0
2026-06-29 13:00:00,946.45,947.0,945.9,946.5,96911.0
2026-06-29 13:05:00,946.5,946.7,946.0,946.7,38291.0
2026-06-29 13:10:00,946.7,949.15,946.3,948.9,48624.0
2026-06-29 13:15:00,948.9,953.0,948.2,950.8,116621.0
2026-06-29 13:20:00,950.95,952.5,950.4,951.8,69148.0
2026-06-29 13:25:00,951.8,953.0,951.35,952.0,81201.0
2026-06-29 13:30:00,952.3,952.3,950.35,950.75,67589.0
2026-06-29 13:35:00,951.0,952.9,950.4,952.75,69688.0
2026-06-29 13:40:00,953.0,953.5,951.95,952.7,101255.0
2026-06-29 13:45:00,952.85,953.55,950.75,951.6,101129.0
2026-06-29 13:50:00,951.65,951.85,950.0,950.9,117227.0
2026-06-29 13:55:00,951.25,951.25,948.8,950.7,120611.0
2026-06-29 14:00:00,950.9,952.05,950.3,951.4,77396.0
2026-06-29 14:05:00,951.6,953.35,951.0,953.1,90322.0
2026-06-29 14:10:00,953.15,953.7,950.3,951.7,82489.0
2026-06-29 14:15:00,951.95,952.05,950.45,951.5,64392.0
2026-06-29 14:20:00,951.4,951.4,950.0,950.25,64323.0
2026-06-29 14:25:00,950.0,952.3,950.0,951.65,66040.0
2026-06-29 14:30:00,951.65,952.2,950.5,951.25,62363.0
2026-06-29 14:35:00,951.25,951.35,950.0,950.75,71662.0
2026-06-29 14:40:00,950.8,952.0,948.85,949.2,105030.0
2026-06-29 14:45:00,949.2,949.2,946.1,947.55,105327.0
2026-06-29 14:50:00,947.55,948.05,946.05,946.9,81730.0
2026-06-29 14:55:00,947.1,950.1,946.1,949.05,100879.0
2026-06-29 15:00:00,949.2,953.05,948.15,949.9,1354345.0
2026-06-29 15:05:00,949.85,954.5,947.7,954.1,1242362.0
2026-06-29 15:10:00,953.75,954.9,951.55,954.45,1111847.0
2026-06-29 15:15:00,954.3,965.35,953.6,960.75,1456250.0
2026-06-29 15:20:00,960.8,963.5,960.0,961.75,1242030.0
2026-06-29 15:25:00,962.0,963.9,960.0,960.0,763237.0
2026-06-30 09:15:00,963.1,964.6,952.2,960.35,327527.0
2026-06-30 09:20:00,960.95,965.5,960.35,962.45,132802.0
2026-06-30 09:25:00,962.2,967.0,962.2,966.35,112142.0
2026-06-30 09:30:00,966.8,969.0,964.0,965.0,112156.0
2026-06-30 09:35:00,964.6,966.95,964.6,966.05,43026.0
2026-06-30 09:40:00,966.05,966.95,964.1,964.25,86242.0
2026-06-30 09:45:00,964.1,965.5,962.0,963.0,64721.0
2026-06-30 09:50:00,962.55,964.0,962.0,962.65,34240.0
2026-06-30 09:55:00,962.5,962.55,958.15,959.45,132894.0
2026-06-30 10:00:00,959.45,966.0,959.35,964.6,108122.0
2026-06-30 10:05:00,964.6,966.3,964.3,964.8,47836.0
2026-06-30 10:10:00,964.8,965.95,963.1,963.1,51488.0
2026-06-30 10:15:00,963.4,964.0,961.15,961.85,36171.0
2026-06-30 10:20:00,962.0,962.0,958.1,959.85,82371.0
2026-06-30 10:25:00,959.5,960.0,959.05,960.0,9130.0
2026-06-30 10:30:00,960.0,960.0,958.5,959.4,23575.0
2026-06-30 10:35:00,959.4,959.55,957.3,957.9,28665.0
2026-06-30 10:40:00,957.65,959.75,957.25,958.5,21498.0
2026-06-30 10:45:00,958.5,959.0,956.7,957.4,18260.0
2026-06-30 10:50:00,957.4,958.8,956.2,956.5,45352.0
2026-06-30 10:55:00,956.5,956.7,955.2,955.2,23976.0
2026-06-30 11:00:00,955.5,956.05,953.3,953.45,45628.0
2026-06-30 11:05:00,953.4,953.85,950.2,951.65,75764.0
2026-06-30 11:10:00,951.65,954.35,949.3,954.1,86927.0
2026-06-30 11:15:00,954.5,955.85,953.1,953.3,31890.0
2026-06-30 11:20:00,953.0,956.6,952.2,956.6,29784.0
2026-06-30 11:25:00,956.6,957.0,955.95,956.25,14544.0
2026-06-30 11:30:00,956.05,957.0,955.0,957.0,15021.0
2026-06-30 11:35:00,956.75,957.0,956.25,956.85,13333.0
2026-06-30 11:40:00,957.0,959.0,956.55,957.0,137934.0
2026-06-30 11:45:00,957.05,957.05,954.65,954.95,31878.0
2026-06-30 11:50:00,954.5,957.0,953.45,956.7,22735.0
2026-06-30 11:55:00,956.75,957.45,956.25,957.0,12502.0
2026-06-30 12:00:00,957.3,958.55,956.3,958.2,21577.0
2026-06-30 12:05:00,958.25,959.85,957.55,958.0,19416.0
2026-06-30 12:10:00,958.2,958.5,957.8,958.05,5300.0
2026-06-30 12:15:00,958.05,958.5,956.35,956.8,42924.0
2026-06-30 12:20:00,956.8,957.5,955.95,956.4,9219.0
2026-06-30 12:25:00,956.5,956.95,955.6,955.65,9696.0
2026-06-30 12:30:00,955.65,956.55,955.5,956.1,7750.0
2026-06-30 12:35:00,956.1,959.15,955.6,959.0,12635.0
2026-06-30 12:40:00,959.0,959.6,958.0,959.0,16812.0
2026-06-30 12:45:00,958.95,960.0,958.5,959.55,12355.0
2026-06-30 12:50:00,959.55,960.0,957.85,958.3,16513.0
2026-06-30 12:55:00,958.3,959.0,958.0,958.35,5587.0
2026-06-30 13:00:00,958.35,958.85,957.0,957.5,14343.0
2026-06-30 13:05:00,957.5,958.0,956.45,957.05,7236.0
2026-06-30 13:10:00,957.3,958.2,956.75,957.95,22203.0
2026-06-30 13:15:00,957.95,958.7,957.75,958.35,7172.0
2026-06-30 13:20:00,958.3,958.75,957.25,958.5,18887.0
2026-06-30 13:25:00,958.5,960.0,958.1,959.4,32828.0
2026-06-30 13:30:00,959.65,960.0,959.5,959.95,18809.0
2026-06-30 13:35:00,959.95,960.0,959.5,959.65,19958.0
2026-06-30 13:40:00,959.65,960.0,959.0,959.95,14716.0
2026-06-30 13:45:00,959.95,960.0,959.0,959.4,5853.0
2026-06-30 13:50:00,959.4,959.7,958.65,958.65,6662.0
2026-06-30 13:55:00,958.6,959.6,958.0,958.2,5808.0
2026-06-30 14:00:00,958.6,958.6,956.25,956.7,14898.0
2026-06-30 14:05:00,956.45,958.0,956.3,957.6,19534.0
2026-06-30 14:10:00,957.3,957.85,956.15,956.65,14332.0
2026-06-30 14:15:00,956.6,957.6,956.2,956.9,5776.0
2026-06-30 14:20:00,956.9,957.9,956.3,957.9,12889.0
2026-06-30 14:25:00,958.0,959.95,957.85,958.15,21894.0
2026-06-30 14:30:00,958.35,958.5,957.2,957.5,9312.0
2026-06-30 14:35:00,957.5,957.85,956.35,956.7,16753.0
2026-06-30 14:40:00,956.9,957.45,956.2,956.5,8211.0
2026-06-30 14:45:00,956.5,956.95,955.25,955.85,21137.0
2026-06-30 14:50:00,955.85,956.9,954.55,956.85,27067.0
2026-06-30 14:55:00,956.65,958.35,955.2,956.55,44600.0
2026-06-30 15:00:00,955.9,956.05,950.8,952.35,116930.0
2026-06-30 15:05:00,952.55,954.9,952.3,953.5,79732.0
2026-06-30 15:10:00,953.55,953.85,952.1,952.2,98372.0
2026-06-30 15:15:00,952.2,952.5,950.6,951.6,120130.0
2026-06-30 15:20:00,951.5,951.6,950.85,951.3,103052.0
2026-06-30 15:25:00,951.3,954.0,950.6,950.8,129340.0
2026-07-01 09:15:00,958.0,964.0,956.9,962.2,135814.0
2026-07-01 09:20:00,962.1,964.9,961.05,961.95,97965.0
2026-07-01 09:25:00,961.5,963.5,959.6,962.6,41572.0
2026-07-01 09:30:00,962.1,966.8,961.5,965.0,102352.0
2026-07-01 09:35:00,964.95,966.5,964.1,964.3,54759.0
2026-07-01 09:40:00,964.3,964.8,961.2,962.45,52555.0
2026-07-01 09:45:00,962.5,963.5,960.5,960.9,55681.0
2026-07-01 09:50:00,960.9,961.45,959.0,959.6,35333.0
2026-07-01 09:55:00,959.6,960.45,958.2,958.85,21136.0
2026-07-01 10:00:00,958.45,960.5,958.45,959.7,21956.0
2026-07-01 10:05:00,959.65,962.8,959.3,962.25,27087.0
2026-07-01 10:10:00,961.95,963.5,960.8,963.35,18766.0
2026-07-01 10:15:00,962.9,963.95,962.7,963.85,19519.0
2026-07-01 10:20:00,963.5,963.9,961.65,962.1,14242.0
2026-07-01 10:25:00,962.45,962.45,961.05,961.3,15619.0
2026-07-01 10:30:00,961.35,963.15,961.35,962.6,11889.0
2026-07-01 10:35:00,962.6,963.0,961.05,961.9,11950.0
2026-07-01 10:40:00,961.3,962.55,961.2,962.15,6544.0
2026-07-01 10:45:00,962.05,966.0,961.75,965.9,44947.0
2026-07-01 10:50:00,966.15,968.0,965.25,965.45,50139.0
2026-07-01 10:55:00,965.4,965.75,964.1,964.8,12369.0
2026-07-01 11:00:00,964.8,965.0,964.3,964.3,8516.0
2026-07-01 11:05:00,964.3,965.85,963.1,964.45,38551.0
2026-07-01 11:10:00,964.5,966.0,964.0,965.95,26085.0
2026-07-01 11:15:00,965.7,966.9,964.1,966.65,35081.0
2026-07-01 11:20:00,966.25,966.9,965.6,966.5,23917.0
2026-07-01 11:25:00,966.05,966.8,965.15,966.15,17394.0
2026-07-01 11:30:00,966.3,966.65,965.0,965.05,12034.0
2026-07-01 11:35:00,965.05,965.65,964.35,965.2,14241.0
2026-07-01 11:40:00,965.4,966.0,964.85,965.05,9813.0
2026-07-01 11:45:00,965.15,965.55,964.2,964.25,12239.0
2026-07-01 11:50:00,964.25,964.95,962.45,962.85,25370.0
2026-07-01 11:55:00,962.85,963.6,962.0,962.2,24231.0
2026-07-01 12:00:00,962.45,962.8,961.6,962.1,15734.0
2026-07-01 12:05:00,962.0,962.2,960.45,961.8,37419.0
2026-07-01 12:10:00,961.45,961.75,958.35,958.85,28581.0
2026-07-01 12:15:00,958.85,959.15,953.1,953.35,136718.0
2026-07-01 12:20:00,953.6,956.7,951.0,951.55,77116.0
2026-07-01 12:25:00,951.15,952.0,950.0,951.25,61688.0
2026-07-01 12:30:00,951.25,956.0,951.25,955.5,30470.0
2026-07-01 12:35:00,955.75,957.0,955.5,956.9,14688.0
2026-07-01 12:40:00,956.9,957.45,955.4,957.45,14424.0
2026-07-01 12:45:00,957.0,957.35,955.8,957.0,17009.0
2026-07-01 12:50:00,956.3,959.75,956.0,958.8,51691.0
2026-07-01 12:55:00,958.8,961.0,958.2,960.75,21574.0
2026-07-01 13:00:00,960.75,961.4,958.5,958.9,15228.0
2026-07-01 13:05:00,958.75,960.0,958.2,959.6,20180.0
2026-07-01 13:10:00,959.35,960.7,959.1,960.65,8101.0
2026-07-01 13:15:00,960.3,960.7,959.5,959.95,5004.0
2026-07-01 13:20:00,960.0,960.55,959.15,959.15,7418.0
2026-07-01 13:25:00,959.2,960.35,959.0,959.1,17210.0
2026-07-01 13:30:00,959.05,960.0,959.0,959.7,6095.0
2026-07-01 13:35:00,959.85,965.75,959.85,965.6,83553.0
2026-07-01 13:40:00,965.5,967.0,965.0,967.0,73683.0
2026-07-01 13:45:00,967.25,967.7,965.45,965.5,61202.0
2026-07-01 13:50:00,965.5,967.55,964.9,966.85,44229.0
2026-07-01 13:55:00,966.65,969.9,966.65,969.0,90320.0
2026-07-01 14:00:00,968.35,968.5,965.75,968.45,64691.0
2026-07-01 14:05:00,968.5,969.5,968.0,969.0,31482.0
2026-07-01 14:10:00,968.8,969.65,967.95,968.3,42352.0
2026-07-01 14:15:00,967.95,968.9,966.15,967.0,50935.0
2026-07-01 14:20:00,967.1,967.75,966.05,966.75,51890.0
2026-07-01 14:25:00,966.35,969.0,966.0,969.0,61027.0
2026-07-01 14:30:00,968.6,969.7,968.15,969.5,43495.0
2026-07-01 14:35:00,969.25,969.95,967.9,968.05,42579.0
2026-07-01 14:40:00,968.3,973.75,968.05,973.75,108863.0
2026-07-01 14:45:00,973.7,976.0,972.25,972.5,178127.0
2026-07-01 14:50:00,972.25,975.65,971.55,975.65,102093.0
2026-07-01 14:55:00,975.5,976.2,974.55,975.7,85669.0
2026-07-01 15:00:00,975.8,977.0,975.0,976.35,86205.0
2026-07-01 15:05:00,976.4,976.8,975.0,976.35,71362.0
2026-07-01 15:10:00,976.35,976.5,975.4,976.5,66231.0
2026-07-01 15:15:00,976.35,978.7,975.55,977.5,99793.0
2026-07-01 15:20:00,977.5,978.9,975.25,976.25,143855.0
2026-07-01 15:25:00,976.3,976.35,974.65,976.0,100323.0
2026-07-02 09:15:00,980.0,980.9,955.4,956.75,415866.0
2026-07-02 09:20:00,956.7,958.0,952.0,957.5,252894.0
2026-07-02 09:25:00,957.05,960.2,957.05,959.3,219142.0
2026-07-02 09:30:00,958.9,960.35,955.25,956.25,159957.0
2026-07-02 09:35:00,956.7,957.45,951.9,955.85,157529.0
2026-07-02 09:40:00,955.9,957.9,952.9,954.65,87607.0
2026-07-02 09:45:00,954.75,957.35,954.25,956.95,62434.0
2026-07-02 09:50:00,956.8,959.7,955.2,958.95,82999.0
2026-07-02 09:55:00,959.1,959.2,958.05,958.55,26187.0
2026-07-02 10:00:00,958.85,960.3,958.35,959.7,56873.0
2026-07-02 10:05:00,959.7,962.4,959.0,962.3,56740.0
2026-07-02 10:10:00,962.0,967.65,960.8,967.35,103682.0
2026-07-02 10:15:00,967.2,970.0,962.05,964.15,122141.0
2026-07-02 10:20:00,964.15,964.35,962.05,962.75,47396.0
2026-07-02 10:25:00,963.0,966.35,962.5,965.85,61065.0
2026-07-02 10:30:00,965.7,972.65,965.0,970.6,168068.0
2026-07-02 10:35:00,970.0,970.65,969.0,969.25,37627.0
2026-07-02 10:40:00,969.0,970.5,967.6,968.0,32376.0
2026-07-02 10:45:00,968.2,968.7,964.4,965.3,37805.0
2026-07-02 10:50:00,965.0,966.7,965.0,966.4,24960.0
2026-07-02 10:55:00,966.45,968.4,965.15,967.95,28457.0
2026-07-02 11:00:00,967.5,967.9,966.45,967.1,36495.0
2026-07-02 11:05:00,967.05,967.65,966.55,967.2,60329.0
2026-07-02 11:10:00,967.15,967.6,965.2,966.0,44046.0
2026-07-02 11:15:00,965.95,966.55,965.0,965.35,38445.0
2026-07-02 11:20:00,965.5,965.6,964.5,964.65,68488.0
2026-07-02 11:25:00,964.65,965.95,962.3,965.3,67136.0
2026-07-02 11:30:00,965.5,966.1,965.0,965.75,21322.0
2026-07-02 11:35:00,964.4,965.25,963.55,964.85,60743.0
2026-07-02 11:40:00,964.9,966.0,964.5,965.2,36146.0
2026-07-02 11:45:00,965.2,965.9,965.0,965.3,21116.0
2026-07-02 11:50:00,965.3,965.8,965.05,965.6,17729.0
2026-07-02 11:55:00,965.3,966.45,964.85,966.15,26702.0
2026-07-02 12:00:00,966.15,967.5,965.95,967.0,99820.0
2026-07-02 12:05:00,967.0,967.75,965.1,966.2,73033.0
2026-07-02 12:10:00,966.2,966.35,965.0,965.25,27710.0
2026-07-02 12:15:00,965.15,966.2,965.15,965.45,15642.0
2026-07-02 12:20:00,965.1,965.95,965.0,965.5,20180.0
2026-07-02 12:25:00,965.45,965.6,963.5,963.9,29884.0
2026-07-02 12:30:00,963.9,964.8,963.5,964.25,26803.0
2026-07-02 12:35:00,964.25,964.6,963.5,963.85,20655.0
2026-07-02 12:40:00,963.85,964.25,961.15,962.35,52066.0
2026-07-02 12:45:00,962.3,962.55,960.3,960.65,48681.0
2026-07-02 12:50:00,960.65,961.8,960.65,961.65,25938.0
2026-07-02 12:55:00,961.75,963.45,960.65,962.45,36218.0
2026-07-02 13:00:00,962.45,962.45,960.3,960.8,39130.0
2026-07-02 13:05:00,960.8,962.25,960.45,961.7,34111.0
2026-07-02 13:10:00,961.7,962.2,960.9,961.35,27503.0
2026-07-02 13:15:00,961.35,962.0,957.1,959.45,116888.0
2026-07-02 13:20:00,958.8,959.5,957.35,959.3,51971.0
2026-07-02 13:25:00,959.3,959.55,957.5,957.85,45209.0
2026-07-02 13:30:00,957.7,958.2,954.8,955.55,78916.0
2026-07-02 13:35:00,955.5,957.55,955.25,956.95,30173.0
2026-07-02 13:40:00,956.8,957.25,955.5,955.55,28350.0
2026-07-02 13:45:00,955.55,955.65,953.0,954.1,58215.0
2026-07-02 13:50:00,954.1,956.15,954.05,955.95,40094.0
2026-07-02 13:55:00,955.75,956.9,955.55,956.05,35229.0
2026-07-02 14:00:00,956.05,958.05,956.0,957.4,52842.0
2026-07-02 14:05:00,957.2,957.65,956.8,957.1,19762.0
2026-07-02 14:10:00,957.05,957.45,956.5,956.95,18892.0
2026-07-02 14:15:00,956.8,957.45,956.0,957.25,29389.0
2026-07-02 14:20:00,957.2,958.05,957.2,957.75,20205.0
2026-07-02 14:25:00,957.75,957.95,957.0,957.65,31386.0
2026-07-02 14:30:00,957.65,957.65,956.0,956.05,31416.0
2026-07-02 14:35:00,956.0,956.9,956.0,956.9,28002.0
2026-07-02 14:40:00,956.85,957.5,956.0,957.2,33778.0
2026-07-02 14:45:00,957.05,957.9,956.0,956.85,47071.0
2026-07-02 14:50:00,956.85,958.2,956.35,956.95,28279.0
2026-07-02 14:55:00,957.0,957.85,956.2,957.5,150162.0
2026-07-02 15:00:00,957.4,958.1,956.6,958.1,144293.0
2026-07-02 15:05:00,958.1,959.7,957.6,959.7,117590.0
2026-07-02 15:10:00,959.6,961.8,959.05,961.0,187692.0
2026-07-02 15:15:00,961.15,961.9,958.7,959.2,200407.0
2026-07-02 15:20:00,959.45,959.9,958.15,958.5,152510.0
2026-07-02 15:25:00,958.4,959.05,957.15,958.2,107904.0
2026-07-03 09:15:00,911.4,915.15,891.2,899.5,2525931.0
2026-07-03 09:20:00,898.7,906.4,890.6,901.35,1146395.0
2026-07-03 09:25:00,901.9,910.15,899.85,904.95,1293330.0
2026-07-03 09:30:00,905.1,922.85,904.1,913.7,1878820.0
2026-07-03 09:35:00,913.8,919.6,910.15,918.6,968679.0
2026-07-03 09:40:00,918.05,919.55,914.55,918.75,595336.0
2026-07-03 09:45:00,918.35,918.9,908.95,911.0,716095.0
2026-07-03 09:50:00,910.85,918.7,910.85,918.15,314846.0
2026-07-03 09:55:00,919.35,926.0,914.4,916.55,1109930.0
2026-07-03 10:00:00,916.55,920.1,914.25,914.9,552933.0
2026-07-03 10:05:00,915.4,915.45,911.9,915.0,322193.0
2026-07-03 10:10:00,915.0,917.6,914.25,914.55,306956.0
2026-07-03 10:15:00,914.85,915.35,912.8,913.55,189831.0
2026-07-03 10:20:00,913.55,913.65,911.0,912.15,329520.0
2026-07-03 10:25:00,912.3,921.2,911.7,918.0,526159.0
2026-07-03 10:30:00,918.7,919.25,914.6,914.7,128097.0
2026-07-03 10:35:00,914.8,915.0,913.5,913.75,94644.0
2026-07-03 10:40:00,914.05,914.15,905.0,905.0,374729.0
2026-07-03 10:45:00,905.0,906.35,901.75,903.55,357058.0
2026-07-03 10:50:00,904.0,904.95,901.35,901.75,170086.0
2026-07-03 10:55:00,901.75,902.7,900.4,901.0,164048.0
2026-07-03 11:00:00,901.0,902.2,900.05,900.9,132386.0
2026-07-03 11:05:00,901.3,901.3,896.25,896.9,299870.0
2026-07-03 11:10:00,896.9,898.7,895.2,895.55,177221.0
2026-07-03 11:15:00,895.5,899.35,895.5,898.45,152026.0
2026-07-03 11:20:00,898.5,899.7,897.3,898.4,124567.0
2026-07-03 11:25:00,898.5,899.55,898.0,899.45,102488.0
2026-07-03 11:30:00,899.0,899.35,893.0,895.05,376941.0
2026-07-03 11:35:00,895.0,895.2,891.15,893.2,233859.0
2026-07-03 11:40:00,893.1,894.35,892.2,893.65,135064.0
2026-07-03 11:45:00,893.55,895.0,892.6,894.35,146254.0
2026-07-03 11:50:00,894.6,896.3,893.8,894.15,159206.0
2026-07-03 11:55:00,894.3,894.6,893.0,893.5,144254.0
2026-07-03 12:00:00,893.45,895.1,893.0,893.75,125243.0
2026-07-03 12:05:00,893.7,894.25,893.0,894.0,86236.0
2026-07-03 12:10:00,894.05,894.3,892.2,892.4,101413.0
2026-07-03 12:15:00,892.45,893.25,891.5,892.6,126479.0
2026-07-03 12:20:00,892.8,896.75,891.9,894.55,181500.0
2026-07-03 12:25:00,894.8,894.85,893.0,893.0,127682.0
2026-07-03 12:30:00,893.05,893.25,889.0,890.5,327459.0
2026-07-03 12:35:00,890.5,890.6,889.5,889.8,109552.0
2026-07-03 12:40:00,889.8,889.85,887.1,889.1,176695.0
2026-07-03 12:45:00,889.75,890.0,888.25,889.7,85899.0
2026-07-03 12:50:00,889.7,892.05,889.25,890.15,124675.0
2026-07-03 12:55:00,890.05,891.0,889.15,889.85,84070.0
2026-07-03 13:00:00,889.85,894.75,888.25,892.8,157035.0
2026-07-03 13:05:00,892.8,893.0,890.1,890.3,139965.0
2026-07-03 13:10:00,890.25,893.7,890.25,892.6,87837.0
2026-07-03 13:15:00,892.65,893.85,891.9,893.75,111220.0
2026-07-03 13:20:00,893.75,897.4,893.0,894.2,243271.0
2026-07-03 13:25:00,894.3,895.6,893.45,894.95,147001.0
2026-07-03 13:30:00,895.0,898.9,894.8,896.45,232053.0
2026-07-03 13:35:00,896.7,897.85,889.1,891.65,417126.0
2026-07-03 13:40:00,891.5,892.8,891.0,891.7,163496.0
2026-07-03 13:45:00,892.0,898.65,891.55,895.1,279052.0
2026-07-03 13:50:00,894.65,895.75,894.15,895.0,142632.0
2026-07-03 13:55:00,895.1,896.5,894.05,895.05,192118.0
2026-07-03 14:00:00,895.1,895.25,893.95,894.0,208474.0
2026-07-03 14:05:00,894.2,894.9,890.15,891.7,181921.0
2026-07-03 14:10:00,891.85,892.75,890.55,891.3,97422.0
2026-07-03 14:15:00,891.4,894.5,890.75,893.95,120711.0
2026-07-03 14:20:00,893.95,894.85,893.0,894.8,132883.0
2026-07-03 14:25:00,894.9,895.5,893.95,895.15,92810.0
2026-07-03 14:30:00,895.0,895.3,894.0,894.35,73914.0
2026-07-03 14:35:00,894.45,894.45,892.0,892.2,119660.0
2026-07-03 14:40:00,892.25,892.3,889.15,889.9,322598.0
2026-07-03 14:45:00,890.0,892.25,888.6,892.25,190035.0
2026-07-03 14:50:00,892.15,893.8,889.4,889.75,189283.0
2026-07-03 14:55:00,889.75,892.0,889.05,891.05,145573.0
2026-07-03 15:00:00,891.35,894.9,890.3,892.25,366945.0
2026-07-03 15:05:00,892.25,894.0,891.0,891.4,269038.0
2026-07-03 15:10:00,891.45,894.55,891.35,894.35,424569.0
2026-07-03 15:15:00,894.95,895.15,891.0,891.85,401554.0
2026-07-03 15:20:00,891.8,892.5,889.25,892.05,458898.0
2026-07-03 15:25:00,892.45,894.45,892.0,894.4,407725.0
2026-07-06 09:15:00,900.0,909.2,895.4,898.5,487503.0
2026-07-06 09:20:00,898.5,907.75,897.3,905.35,389056.0
2026-07-06 09:25:00,905.0,906.9,904.8,906.0,171480.0
2026-07-06 09:30:00,905.7,912.0,905.0,911.5,281920.0
2026-07-06 09:35:00,911.5,915.8,910.55,913.0,317453.0
2026-07-06 09:40:00,912.75,913.9,907.55,910.8,195365.0
2026-07-06 09:45:00,911.1,918.55,910.1,918.2,308751.0
2026-07-06 09:50:00,918.6,918.8,916.4,918.0,201714.0
2026-07-06 09:55:00,918.0,920.6,917.35,918.7,215883.0
2026-07-06 10:00:00,918.8,924.45,918.75,922.1,317586.0
2026-07-06 10:05:00,922.0,922.0,918.15,918.5,124354.0
2026-07-06 10:10:00,919.0,923.35,918.15,922.5,170993.0
2026-07-06 10:15:00,922.5,925.85,922.45,925.35,219638.0
2026-07-06 10:20:00,925.0,926.0,922.0,922.25,154025.0
2026-07-06 10:25:00,922.0,922.0,919.8,920.3,95488.0
2026-07-06 10:30:00,920.5,920.85,918.5,920.15,134576.0
2026-07-06 10:35:00,919.75,923.2,919.7,921.65,72047.0
2026-07-06 10:40:00,921.15,923.45,920.3,921.2,91489.0
2026-07-06 10:45:00,920.65,921.15,919.85,920.5,63483.0
2026-07-06 10:50:00,920.1,920.6,918.0,918.15,100884.0
2026-07-06 10:55:00,918.1,921.0,917.85,921.0,752878.0
2026-07-06 11:00:00,921.1,921.35,916.5,919.5,117082.0
2026-07-06 11:05:00,919.55,925.8,918.7,923.75,234692.0
2026-07-06 11:10:00,923.6,924.75,922.35,923.65,92083.0
2026-07-06 11:15:00,923.55,924.8,923.3,924.0,66867.0
2026-07-06 11:20:00,923.6,924.7,923.3,924.0,62924.0
2026-07-06 11:25:00,924.0,925.9,923.7,925.7,112683.0
2026-07-06 11:30:00,925.7,925.9,922.6,923.4,77513.0
2026-07-06 11:35:00,922.95,923.3,921.5,922.2,47021.0
2026-07-06 11:40:00,921.55,923.0,921.5,922.3,32974.0
2026-07-06 11:45:00,922.05,922.3,920.0,920.1,56181.0
2026-07-06 11:50:00,920.25,920.55,918.15,918.95,50191.0
2026-07-06 11:55:00,918.95,919.5,917.6,919.2,65970.0
2026-07-06 12:00:00,918.65,919.5,918.5,919.0,34529.0
2026-07-06 12:05:00,918.95,921.0,918.95,920.7,41873.0
2026-07-06 12:10:00,920.6,921.0,920.15,920.8,23877.0
2026-07-06 12:15:00,921.1,921.5,920.05,920.15,47151.0
2026-07-06 12:20:00,920.05,921.4,920.0,920.85,42590.0
2026-07-06 12:25:00,920.55,921.45,920.15,921.0,33113.0
2026-07-06 12:30:00,920.9,922.4,920.45,920.8,33358.0
2026-07-06 12:35:00,920.5,921.0,919.7,919.7,41836.0
2026-07-06 12:40:00,919.75,920.65,917.4,918.1,99369.0
2026-07-06 12:45:00,918.45,920.4,917.5,920.4,43149.0
2026-07-06 12:50:00,920.0,920.4,917.8,918.35,60843.0
2026-07-06 12:55:00,918.35,919.7,917.5,918.0,37388.0
2026-07-06 13:00:00,917.9,918.5,917.45,918.05,25465.0
2026-07-06 13:05:00,918.05,918.95,918.0,918.75,18100.0
2026-07-06 13:10:00,918.8,920.35,918.05,920.3,29715.0
2026-07-06 13:15:00,920.0,920.55,919.0,919.4,28492.0
2026-07-06 13:20:00,919.1,920.85,919.0,919.95,27771.0
2026-07-06 13:25:00,920.0,921.9,919.6,921.6,60803.0
2026-07-06 13:30:00,921.35,921.85,918.5,918.9,59508.0
2026-07-06 13:35:00,918.6,920.8,918.5,920.25,45203.0
2026-07-06 13:40:00,920.3,922.55,920.3,921.2,47816.0
2026-07-06 13:45:00,921.15,923.0,921.15,921.6,33933.0
2026-07-06 13:50:00,921.65,922.0,921.25,921.8,27346.0
2026-07-06 13:55:00,921.45,922.5,920.0,920.5,55745.0
2026-07-06 14:00:00,920.6,922.45,920.6,922.1,35475.0
2026-07-06 14:05:00,922.25,923.6,922.1,923.45,46669.0
2026-07-06 14:10:00,923.05,923.8,922.5,922.5,31358.0
2026-07-06 14:15:00,922.3,923.4,922.05,923.0,26583.0
2026-07-06 14:20:00,923.0,923.45,922.15,922.55,23538.0
2026-07-06 14:25:00,922.9,923.5,922.35,923.3,25732.0
2026-07-06 14:30:00,923.3,925.45,923.3,924.0,81497.0
2026-07-06 14:35:00,923.9,926.9,923.5,926.0,111965.0
2026-07-06 14:40:00,926.0,926.5,924.4,925.0,51764.0
2026-07-06 14:45:00,924.45,925.0,923.15,923.6,34211.0
2026-07-06 14:50:00,923.3,924.95,923.3,924.9,34142.0
2026-07-06 14:55:00,924.7,926.9,924.7,926.1,63539.0
2026-07-06 15:00:00,926.5,926.9,924.2,924.6,73331.0
2026-07-06 15:05:00,925.0,926.7,924.6,926.5,78538.0
2026-07-06 15:10:00,926.85,926.9,924.2,924.2,120027.0
2026-07-06 15:15:00,924.8,926.0,924.05,924.05,149849.0
2026-07-06 15:20:00,924.0,925.2,924.0,924.85,135621.0
2026-07-06 15:25:00,924.85,925.95,922.1,924.0,150052.0
2026-07-07 09:15:00,925.05,927.6,919.55,919.55,138493.0
2026-07-07 09:20:00,919.5,919.85,909.55,909.8,148060.0
2026-07-07 09:25:00,910.0,911.55,905.1,908.95,120116.0
2026-07-07 09:30:00,909.0,911.5,907.0,907.25,127468.0
2026-07-07 09:35:00,907.5,909.0,905.5,906.0,84100.0
2026-07-07 09:40:00,906.0,906.05,901.05,905.0,126923.0
2026-07-07 09:45:00,904.7,905.0,902.0,903.5,132619.0
2026-07-07 09:50:00,903.3,903.5,898.65,901.25,174306.0
2026-07-07 09:55:00,901.15,901.65,899.5,900.3,57282.0
2026-07-07 10:00:00,900.5,901.5,899.15,899.3,67088.0
2026-07-07 10:05:00,899.2,902.55,899.2,901.9,40208.0
2026-07-07 10:10:00,902.05,902.4,901.0,901.55,31432.0
2026-07-07 10:15:00,901.35,902.5,899.75,901.1,34943.0
2026-07-07 10:20:00,901.25,902.4,900.75,901.75,22804.0
2026-07-07 10:25:00,901.7,904.6,901.4,904.5,30382.0
2026-07-07 10:30:00,904.6,905.6,903.1,905.35,34041.0
2026-07-07 10:35:00,905.15,905.5,904.0,904.5,18281.0
2026-07-07 10:40:00,904.6,905.25,904.0,904.2,15746.0
2026-07-07 10:45:00,904.25,905.7,902.35,904.2,66247.0
2026-07-07 10:50:00,904.65,904.9,903.3,903.75,20928.0
2026-07-07 10:55:00,903.95,904.9,903.1,904.9,21704.0
2026-07-07 11:00:00,904.7,905.7,903.5,905.45,26325.0
2026-07-07 11:05:00,905.45,906.85,904.75,906.65,24297.0
2026-07-07 11:10:00,906.65,907.75,906.3,907.15,18188.0
2026-07-07 11:15:00,907.2,907.2,906.3,906.85,11663.0
2026-07-07 11:20:00,906.85,907.8,906.25,907.8,15567.0
2026-07-07 11:25:00,907.6,909.3,907.45,909.3,26101.0
2026-07-07 11:30:00,909.2,910.5,908.85,910.4,33119.0
2026-07-07 11:35:00,910.4,910.7,909.45,910.2,22362.0
2026-07-07 11:40:00,910.05,913.0,910.0,910.7,58625.0
2026-07-07 11:45:00,910.5,910.95,910.05,910.7,12101.0
2026-07-07 11:50:00,910.35,910.8,910.0,910.0,13043.0
2026-07-07 11:55:00,910.0,910.35,910.0,910.2,12228.0
2026-07-07 12:00:00,910.1,911.25,910.0,910.65,13328.0
2026-07-07 12:05:00,910.65,910.9,910.0,910.15,8448.0
2026-07-07 12:10:00,910.0,910.25,909.95,910.0,82006.0
2026-07-07 12:15:00,910.05,910.4,906.45,906.5,56115.0
2026-07-07 12:20:00,906.5,908.85,906.25,908.65,32253.0
2026-07-07 12:25:00,908.5,909.9,908.1,909.2,10863.0
2026-07-07 12:30:00,909.35,909.7,907.65,908.6,31318.0
2026-07-07 12:35:00,908.45,908.8,907.4,908.5,16122.0
2026-07-07 12:40:00,908.3,909.0,907.75,908.3,11101.0
2026-07-07 12:45:00,908.5,909.5,908.35,909.15,9959.0
2026-07-07 12:50:00,909.35,909.85,908.6,908.8,9587.0
2026-07-07 12:55:00,908.8,909.5,908.5,909.0,11282.0
2026-07-07 13:00:00,908.8,909.15,908.5,908.85,16767.0
2026-07-07 13:05:00,908.9,910.0,908.75,909.8,11497.0
2026-07-07 13:10:00,909.75,911.5,909.3,910.95,39029.0
2026-07-07 13:15:00,911.0,912.5,910.3,912.1,34271.0
2026-07-07 13:20:00,911.7,911.8,911.0,911.45,11359.0
2026-07-07 13:25:00,911.45,912.8,911.45,912.35,14460.0
2026-07-07 13:30:00,912.25,912.3,910.5,911.35,10331.0
2026-07-07 13:35:00,911.1,911.25,909.6,909.9,14617.0
2026-07-07 13:40:00,910.0,910.9,909.9,910.65,10867.0
2026-07-07 13:45:00,910.4,911.0,910.0,910.0,10529.0
2026-07-07 13:50:00,910.05,911.4,910.0,910.35,13066.0
2026-07-07 13:55:00,910.4,911.35,910.35,910.8,8011.0
2026-07-07 14:00:00,910.8,912.15,910.4,911.9,18667.0
2026-07-07 14:05:00,912.0,912.1,911.15,911.65,9367.0
2026-07-07 14:10:00,911.35,911.45,910.3,910.75,8486.0
2026-07-07 14:15:00,910.3,910.95,910.0,910.2,9812.0
2026-07-07 14:20:00,910.2,911.0,910.05,910.7,14470.0
2026-07-07 14:25:00,910.7,912.6,910.15,911.75,26311.0
2026-07-07 14:30:00,911.3,911.75,910.7,911.25,9071.0
2026-07-07 14:35:00,911.25,911.5,910.45,910.55,8681.0
2026-07-07 14:40:00,910.5,910.75,909.95,910.25,17064.0
2026-07-07 14:45:00,910.35,910.7,909.95,910.35,22926.0
2026-07-07 14:50:00,910.4,910.9,910.05,910.4,19494.0
2026-07-07 14:55:00,910.4,910.6,909.5,909.9,59315.0
2026-07-07 15:00:00,910.0,913.75,908.3,913.5,120392.0
2026-07-07 15:05:00,913.65,913.8,910.75,910.95,97966.0
2026-07-07 15:10:00,911.25,911.5,908.8,909.0,120330.0
2026-07-07 15:15:00,909.0,910.9,908.5,909.5,151124.0
2026-07-07 15:20:00,909.5,910.4,909.0,910.05,134791.0
2026-07-07 15:25:00,910.4,911.2,909.9,910.45,85538.0
2026-07-08 09:15:00,908.0,908.0,897.35,903.35,96807.0
2026-07-08 09:20:00,903.0,907.0,902.7,903.5,51544.0
2026-07-08 09:25:00,903.4,907.3,903.4,904.65,64210.0
2026-07-08 09:30:00,904.65,907.0,902.0,906.2,46845.0
2026-07-08 09:35:00,906.4,907.35,905.0,906.4,23421.0
2026-07-08 09:40:00,906.4,910.95,906.0,909.05,53884.0
2026-07-08 09:45:00,909.05,909.8,907.25,907.7,31239.0
2026-07-08 09:50:00,907.6,909.6,907.4,907.85,24168.0
2026-07-08 09:55:00,907.95,909.2,907.1,907.25,19270.0
2026-07-08 10:00:00,907.6,912.3,907.25,908.65,52701.0
2026-07-08 10:05:00,908.65,908.95,906.0,907.65,29584.0
2026-07-08 10:10:00,907.15,909.9,905.1,909.8,70390.0
2026-07-08 10:15:00,909.45,910.5,909.05,910.4,29055.0
2026-07-08 10:20:00,910.15,911.9,910.0,911.8,52069.0
2026-07-08 10:25:00,911.85,912.0,909.3,910.75,53696.0
2026-07-08 10:30:00,910.0,910.1,906.5,908.75,87440.0
2026-07-08 10:35:00,908.15,910.2,908.15,909.6,24000.0
2026-07-08 10:40:00,909.15,909.65,908.1,909.0,12903.0
2026-07-08 10:45:00,908.5,909.05,907.1,907.95,23270.0
2026-07-08 10:50:00,907.95,908.6,907.15,907.6,15704.0
2026-07-08 10:55:00,907.6,907.75,905.65,905.9,30368.0
2026-07-08 11:00:00,905.9,907.0,905.9,906.7,16721.0
2026-07-08 11:05:00,906.7,907.9,906.7,907.2,12778.0
2026-07-08 11:10:00,907.15,907.5,906.3,907.3,17288.0
2026-07-08 11:15:00,907.3,908.8,907.3,908.05,14447.0
2026-07-08 11:20:00,908.0,909.0,908.0,909.0,18672.0
2026-07-08 11:25:00,908.75,909.5,908.75,909.05,14974.0
2026-07-08 11:30:00,909.05,909.3,908.0,908.0,9862.0
2026-07-08 11:35:00,908.0,910.25,908.0,909.35,43859.0
2026-07-08 11:40:00,909.15,910.45,909.05,910.4,15538.0
2026-07-08 11:45:00,910.0,911.5,909.0,911.5,96492.0
2026-07-08 11:50:00,911.25,912.0,910.7,911.4,87536.0
2026-07-08 11:55:00,911.5,913.4,910.15,912.75,89260.0
2026-07-08 12:00:00,912.7,915.0,912.0,912.45,58409.0
2026-07-08 12:05:00,912.45,913.0,912.0,912.5,13861.0
2026-07-08 12:10:00,912.25,914.5,912.25,914.3,13560.0
2026-07-08 12:15:00,914.1,914.95,913.0,914.05,23010.0
2026-07-08 12:20:00,914.0,914.45,912.35,912.7,13627.0
2026-07-08 12:25:00,912.35,913.45,912.1,912.1,14268.0
2026-07-08 12:30:00,912.25,913.0,912.0,912.2,10815.0
2026-07-08 12:35:00,912.2,914.0,911.25,913.3,30738.0
2026-07-08 12:40:00,913.55,913.95,913.0,913.95,10944.0
2026-07-08 12:45:00,913.9,914.45,913.15,914.0,13296.0
2026-07-08 12:50:00,914.4,915.6,914.0,914.5,49217.0
2026-07-08 12:55:00,914.3,914.9,914.0,914.9,10993.0
2026-07-08 13:00:00,914.9,915.8,914.4,915.05,18344.0
2026-07-08 13:05:00,915.0,917.65,914.8,917.45,28241.0
2026-07-08 13:10:00,917.3,919.8,917.1,919.25,58978.0
2026-07-08 13:15:00,919.15,924.0,919.0,922.95,159073.0
2026-07-08 13:20:00,922.8,923.4,921.2,921.65,59258.0
2026-07-08 13:25:00,921.35,923.0,921.05,921.55,85734.0
2026-07-08 13:30:00,921.15,922.5,921.1,921.45,88834.0
2026-07-08 13:35:00,921.35,922.95,921.35,922.8,80828.0
2026-07-08 13:40:00,922.5,923.0,921.5,922.2,56285.0
2026-07-08 13:45:00,921.8,922.3,918.0,918.9,82346.0
2026-07-08 13:50:00,918.5,919.2,915.3,915.45,80877.0
2026-07-08 13:55:00,915.65,915.65,912.0,912.45,109596.0
2026-07-08 14:00:00,912.0,913.5,910.7,911.0,163555.0
2026-07-08 14:05:00,910.85,911.6,908.5,908.5,133112.0
2026-07-08 14:10:00,908.85,910.5,906.25,906.25,203212.0
2026-07-08 14:15:00,906.4,910.9,903.8,905.2,239931.0
2026-07-08 14:20:00,905.6,907.9,902.45,905.35,222998.0
2026-07-08 14:25:00,905.0,906.4,903.0,903.7,76348.0
2026-07-08 14:30:00,903.75,906.65,902.9,903.9,110718.0
2026-07-08 14:35:00,904.25,905.0,902.9,903.35,76438.0
2026-07-08 14:40:00,903.25,905.95,902.9,905.0,102369.0
2026-07-08 14:45:00,905.0,905.7,904.0,904.8,115422.0
2026-07-08 14:50:00,904.45,905.45,901.0,904.0,168884.0
2026-07-08 14:55:00,903.6,905.5,902.55,904.95,83948.0
2026-07-08 15:00:00,905.05,907.4,904.5,906.65,148014.0
2026-07-08 15:05:00,906.75,908.0,906.3,908.0,123061.0
2026-07-08 15:10:00,908.2,908.4,907.5,908.15,306896.0
2026-07-08 15:15:00,908.15,909.0,907.9,908.4,395877.0
2026-07-08 15:20:00,908.4,912.0,907.65,911.1,257557.0
2026-07-08 15:25:00,911.35,911.5,909.0,909.05,73662.0
2026-07-09 09:15:00,910.8,922.6,910.8,920.15,168698.0
2026-07-09 09:20:00,920.1,921.5,919.0,919.8,69544.0
2026-07-09 09:25:00,919.8,919.95,916.2,917.05,60809.0
2026-07-09 09:30:00,917.05,918.0,915.2,916.45,33542.0
2026-07-09 09:35:00,916.0,917.65,915.5,915.55,23563.0
2026-07-09 09:40:00,915.1,917.2,915.1,916.45,38349.0
2026-07-09 09:45:00,916.45,917.2,915.4,915.8,26223.0
2026-07-09 09:50:00,915.55,915.75,913.5,914.25,27919.0
2026-07-09 09:55:00,914.55,914.55,912.3,912.85,23375.0
2026-07-09 10:00:00,912.0,912.0,910.0,910.6,73626.0
2026-07-09 10:05:00,910.75,911.5,907.95,908.6,234656.0
2026-07-09 10:10:00,908.65,911.0,908.45,910.25,49787.0
2026-07-09 10:15:00,910.25,911.9,910.25,911.15,50377.0
2026-07-09 10:20:00,911.15,911.35,909.4,910.0,48916.0
2026-07-09 10:25:00,910.0,910.0,906.4,908.0,61992.0
2026-07-09 10:30:00,907.9,908.0,905.0,905.7,70678.0
2026-07-09 10:35:00,905.8,906.35,903.35,904.05,67607.0
2026-07-09 10:40:00,904.0,908.2,903.05,905.85,66016.0
2026-07-09 10:45:00,905.7,908.0,905.4,907.05,143201.0
2026-07-09 10:50:00,907.1,907.8,905.4,905.65,29662.0
2026-07-09 10:55:00,905.95,906.9,904.25,904.5,101719.0
2026-07-09 11:00:00,904.7,906.1,903.6,904.25,44219.0
2026-07-09 11:05:00,904.5,905.2,903.9,904.35,44103.0
2026-07-09 11:10:00,904.35,905.4,903.55,904.5,39613.0
2026-07-09 11:15:00,904.5,905.3,904.2,905.0,30226.0
2026-07-09 11:20:00,904.7,905.3,904.2,904.8,31257.0
2026-07-09 11:25:00,904.85,909.45,904.5,909.05,98860.0
2026-07-09 11:30:00,909.0,912.0,907.9,908.5,187463.0
2026-07-09 11:35:00,908.3,909.5,906.15,906.5,147464.0
2026-07-09 11:40:00,906.7,912.9,906.2,911.95,111918.0
2026-07-09 11:45:00,911.95,912.75,908.15,909.9,106792.0
2026-07-09 11:50:00,909.7,910.65,908.8,909.3,40435.0
2026-07-09 11:55:00,909.7,910.0,908.55,909.15,44413.0
2026-07-09 12:00:00,909.15,909.45,908.65,909.4,38632.0
2026-07-09 12:05:00,909.4,910.9,908.8,910.7,51986.0
2026-07-09 12:10:00,910.35,910.7,909.25,910.35,35086.0
2026-07-09 12:15:00,910.3,910.9,909.8,910.1,40974.0
2026-07-09 12:20:00,909.9,910.7,909.75,910.0,36839.0
2026-07-09 12:25:00,910.0,910.85,909.65,910.0,30007.0
2026-07-09 12:30:00,910.0,912.15,910.0,911.0,55851.0
2026-07-09 12:35:00,911.0,911.7,910.4,910.4,27504.0
2026-07-09 12:40:00,910.55,911.9,909.9,911.25,50078.0
2026-07-09 12:45:00,911.35,912.0,910.1,910.5,38572.0
2026-07-09 12:50:00,910.35,911.95,910.1,911.95,35240.0
2026-07-09 12:55:00,911.6,912.0,910.3,910.7,40474.0
2026-07-09 13:00:00,910.4,911.05,909.95,910.35,25402.0
2026-07-09 13:05:00,910.3,910.85,909.9,910.6,23409.0
2026-07-09 13:10:00,910.5,911.6,910.2,911.0,31520.0
2026-07-09 13:15:00,910.95,911.85,909.9,909.95,28645.0
2026-07-09 13:20:00,909.9,910.75,909.7,909.9,31259.0
2026-07-09 13:25:00,909.9,910.95,909.9,910.55,26078.0
2026-07-09 13:30:00,910.5,910.9,909.9,910.45,22324.0
2026-07-09 13:35:00,910.5,913.5,910.3,912.5,60810.0
2026-07-09 13:40:00,912.5,913.0,911.45,911.85,46507.0
2026-07-09 13:45:00,911.95,912.95,911.3,911.4,31692.0
2026-07-09 13:50:00,911.5,912.5,911.3,911.6,21341.0
2026-07-09 13:55:00,911.7,912.95,911.65,912.05,27130.0
2026-07-09 14:00:00,912.5,914.45,912.5,914.0,27878.0
2026-07-09 14:05:00,914.0,915.3,913.55,914.0,28097.0
2026-07-09 14:10:00,914.05,914.65,913.0,914.15,25288.0
2026-07-09 14:15:00,914.15,914.9,913.55,913.9,17612.0
2026-07-09 14:20:00,913.9,914.75,913.0,914.45,23849.0
2026-07-09 14:25:00,914.5,914.5,913.4,914.45,23368.0
2026-07-09 14:30:00,914.45,915.25,913.65,914.15,35981.0
2026-07-09 14:35:00,913.9,914.4,913.2,914.35,23568.0
2026-07-09 14:40:00,913.85,914.5,913.05,913.55,38961.0
2026-07-09 14:45:00,913.7,914.3,913.2,913.45,21273.0
2026-07-09 14:50:00,913.15,914.0,913.0,913.1,41193.0
2026-07-09 14:55:00,913.3,913.75,913.0,913.1,32172.0
2026-07-09 15:00:00,912.85,912.85,910.0,910.5,98066.0
2026-07-09 15:05:00,910.7,911.1,909.9,910.5,80754.0
2026-07-09 15:10:00,910.5,910.9,909.0,909.95,91671.0
2026-07-09 15:15:00,910.1,911.85,910.05,911.35,125340.0
2026-07-09 15:20:00,911.0,912.25,910.9,911.4,124958.0
2026-07-09 15:25:00,911.5,912.2,909.9,911.35,82019.0
2026-07-10 09:15:00,916.95,919.55,914.85,916.6,101282.0
2026-07-10 09:20:00,916.75,920.25,915.6,915.85,59702.0
2026-07-10 09:25:00,915.65,917.45,915.4,915.95,19753.0
2026-07-10 09:30:00,915.9,916.85,913.65,915.65,28352.0
2026-07-10 09:35:00,915.65,915.65,913.75,913.85,15963.0
2026-07-10 09:40:00,913.9,915.85,913.55,915.65,22991.0
2026-07-10 09:45:00,916.0,916.9,915.5,916.2,12193.0
2026-07-10 09:50:00,916.35,917.0,916.0,916.35,11621.0
2026-07-10 09:55:00,916.4,917.75,916.0,917.4,27539.0
2026-07-10 10:00:00,917.3,922.9,917.15,922.45,103968.0
2026-07-10 10:05:00,922.3,922.7,918.7,918.75,29774.0
2026-07-10 10:10:00,919.0,919.3,917.4,918.05,29880.0
2026-07-10 10:15:00,918.0,918.55,917.0,917.55,15042.0
2026-07-10 10:20:00,917.75,921.0,917.55,920.5,45361.0
2026-07-10 10:25:00,920.3,921.75,918.0,921.1,136979.0
2026-07-10 10:30:00,921.1,921.95,920.7,921.95,59522.0
2026-07-10 10:35:00,921.65,922.0,920.95,921.0,28638.0
2026-07-10 10:40:00,921.0,923.6,920.6,923.45,34911.0
2026-07-10 10:45:00,923.15,923.7,921.5,921.5,24468.0
2026-07-10 10:50:00,921.05,921.9,920.7,921.05,16448.0
2026-07-10 10:55:00,921.0,921.5,920.7,921.3,13521.0
2026-07-10 11:00:00,921.1,921.25,920.7,921.0,34515.0
2026-07-10 11:05:00,919.0,920.25,917.6,919.75,41049.0
2026-07-10 11:10:00,919.5,919.85,918.8,919.7,22422.0
2026-07-10 11:15:00,919.05,919.95,918.7,919.0,8159.0
2026-07-10 11:20:00,919.0,921.0,919.0,920.35,14557.0
2026-07-10 11:25:00,920.35,920.55,919.45,919.65,4127.0
2026-07-10 11:30:00,919.65,920.2,919.55,919.6,5769.0
2026-07-10 11:35:00,919.55,919.55,918.95,919.5,9415.0
2026-07-10 11:40:00,919.5,919.95,919.0,919.1,7111.0
2026-07-10 11:45:00,919.0,920.7,918.7,920.45,19069.0
2026-07-10 11:50:00,920.4,920.4,919.8,919.85,5744.0
2026-07-10 11:55:00,919.85,920.55,919.4,920.15,6628.0
2026-07-10 12:00:00,920.2,920.6,920.0,920.2,6595.0
2026-07-10 12:05:00,919.65,920.6,919.6,920.05,5649.0
2026-07-10 12:10:00,920.0,920.55,919.15,920.1,15753.0
2026-07-10 12:15:00,920.4,920.65,919.85,920.15,5847.0
2026-07-10 12:20:00,920.0,920.15,919.45,919.75,4988.0
2026-07-10 12:25:00,919.65,920.85,919.55,920.85,7659.0
2026-07-10 12:30:00,920.8,920.8,920.15,920.3,5151.0
2026-07-10 12:35:00,920.3,920.5,920.0,920.05,4096.0
2026-07-10 12:40:00,920.0,920.5,920.0,920.05,7389.0
2026-07-10 12:45:00,920.05,920.7,920.0,920.05,7734.0
2026-07-10 12:50:00,920.35,920.85,920.0,920.1,6001.0
2026-07-10 12:55:00,920.1,920.75,920.0,920.25,33323.0
2026-07-10 13:00:00,920.2,920.45,920.0,920.15,3022.0
2026-07-10 13:05:00,920.1,920.15,919.65,920.0,55703.0
2026-07-10 13:10:00,920.0,920.4,919.35,920.05,88662.0
2026-07-10 13:15:00,920.4,920.4,919.6,920.0,41137.0
2026-07-10 13:20:00,920.0,920.05,917.05,917.75,84616.0
2026-07-10 13:25:00,917.4,917.85,917.15,917.55,4754.0
2026-07-10 13:30:00,917.6,918.55,917.4,918.45,3722.0
2026-07-10 13:35:00,918.4,918.4,915.35,916.3,18301.0
2026-07-10 13:40:00,916.7,917.45,916.1,916.3,10214.0
2026-07-10 13:45:00,916.5,916.5,915.6,915.7,17228.0
2026-07-10 13:50:00,915.9,917.0,915.55,916.75,15134.0
2026-07-10 13:55:00,916.85,916.85,915.95,916.0,9415.0
2026-07-10 14:00:00,916.0,916.45,915.75,915.8,12713.0
2026-07-10 14:05:00,916.2,916.2,915.0,915.2,14667.0
2026-07-10 14:10:00,915.05,915.75,914.8,915.2,9862.0
2026-07-10 14:15:00,915.2,916.1,914.95,915.8,30306.0
2026-07-10 14:20:00,916.2,916.2,915.0,915.0,13227.0
2026-07-10 14:25:00,915.0,915.5,915.0,915.3,11761.0
2026-07-10 14:30:00,915.4,915.75,914.7,915.0,20548.0
2026-07-10 14:35:00,915.0,915.45,914.7,915.0,15738.0
2026-07-10 14:40:00,915.0,915.05,914.6,915.0,14294.0
2026-07-10 14:45:00,915.0,916.6,914.8,915.95,23091.0
2026-07-10 14:50:00,916.1,916.8,915.05,916.4,22929.0
2026-07-10 14:55:00,916.25,917.65,916.0,917.65,31817.0
2026-07-10 15:00:00,917.65,918.4,917.35,917.45,73594.0
2026-07-10 15:05:00,917.45,917.8,917.05,917.4,39581.0
2026-07-10 15:10:00,917.35,917.55,917.15,917.4,62447.0
2026-07-10 15:15:00,917.55,917.6,915.3,915.6,65691.0
2026-07-10 15:20:00,915.6,916.05,914.35,915.55,59718.0
2026-07-10 15:25:00,915.55,916.5,914.5,916.0,54978.0
