timestamp,open,high,low,close,volume
2026-06-01 09:15:00,290.0,292.4,288.95,289.4,527187.0
2026-06-01 09:20:00,289.4,291.15,289.1,289.4,287378.0
2026-06-01 09:25:00,289.4,290.75,289.0,289.45,129764.0
2026-06-01 09:30:00,289.5,289.95,289.4,289.7,70808.0
2026-06-01 09:35:00,289.7,289.7,288.65,289.5,132549.0
2026-06-01 09:40:00,289.5,290.0,288.4,288.4,117503.0
2026-06-01 09:45:00,288.6,289.1,288.25,288.25,75737.0
2026-06-01 09:50:00,288.4,288.7,287.15,287.75,170834.0
2026-06-01 09:55:00,287.75,287.8,286.3,286.45,63471.0
2026-06-01 10:00:00,286.55,286.75,285.5,285.65,56329.0
2026-06-01 10:05:00,285.65,286.75,285.5,286.7,310965.0
2026-06-01 10:10:00,286.7,287.85,286.25,287.0,106102.0
2026-06-01 10:15:00,287.0,287.0,286.25,286.35,67373.0
2026-06-01 10:20:00,286.3,286.9,286.2,286.5,40941.0
2026-06-01 10:25:00,286.5,286.9,286.2,286.5,56993.0
2026-06-01 10:30:00,286.5,286.95,286.05,286.2,56252.0
2026-06-01 10:35:00,286.2,286.65,285.95,286.6,35734.0
2026-06-01 10:40:00,286.7,286.9,286.4,286.65,28042.0
2026-06-01 10:45:00,286.65,287.95,286.55,287.9,52434.0
2026-06-01 10:50:00,287.9,288.8,287.65,288.75,96662.0
2026-06-01 10:55:00,288.75,289.0,288.5,288.5,48403.0
2026-06-01 11:00:00,288.6,289.3,288.35,289.25,31098.0
2026-06-01 11:05:00,289.25,290.3,289.0,290.25,65174.0
2026-06-01 11:10:00,290.25,290.65,289.9,290.4,75909.0
2026-06-01 11:15:00,290.4,291.1,290.35,290.95,66511.0
2026-06-01 11:20:00,290.95,290.95,289.8,290.15,81717.0
2026-06-01 11:25:00,290.2,290.5,289.7,290.25,61752.0
2026-06-01 11:30:00,290.25,290.3,289.65,289.9,35281.0
2026-06-01 11:35:00,289.9,290.2,289.8,290.2,31991.0
2026-06-01 11:40:00,290.05,290.15,289.85,289.9,27490.0
2026-06-01 11:45:00,289.95,290.5,289.8,290.5,38270.0
2026-06-01 11:50:00,290.5,290.8,290.2,290.45,46403.0
2026-06-01 11:55:00,290.45,290.45,289.2,289.35,31008.0
2026-06-01 12:00:00,289.3,289.7,289.2,289.65,23406.0
2026-06-01 12:05:00,289.55,289.75,289.25,289.35,17547.0
2026-06-01 12:10:00,289.35,289.45,288.8,289.1,45975.0
2026-06-01 12:15:00,289.25,289.85,289.05,289.6,41800.0
2026-06-01 12:20:00,289.5,289.6,289.2,289.45,23796.0
2026-06-01 12:25:00,289.45,289.5,288.8,289.2,22490.0
2026-06-01 12:30:00,289.2,289.35,289.05,289.35,16453.0
2026-06-01 12:35:00,289.35,289.5,288.7,288.85,25661.0
2026-06-01 12:40:00,288.85,289.45,288.75,289.45,24535.0
2026-06-01 12:45:00,289.45,290.25,289.2,290.15,55593.0
2026-06-01 12:50:00,290.15,290.25,289.8,290.15,20340.0
2026-06-01 12:55:00,290.2,290.2,289.75,290.15,23958.0
2026-06-01 13:00:00,290.15,290.25,289.1,289.35,295294.0
2026-06-01 13:05:00,289.35,289.55,287.85,288.1,314349.0
2026-06-01 13:10:00,288.0,288.2,287.25,287.75,75514.0
2026-06-01 13:15:00,287.75,288.8,287.75,288.7,35056.0
2026-06-01 13:20:00,288.7,288.8,288.45,288.65,32169.0
2026-06-01 13:25:00,288.65,289.1,288.5,289.1,40434.0
2026-06-01 13:30:00,289.1,289.1,288.65,289.05,16215.0
2026-06-01 13:35:00,289.05,289.35,288.55,289.2,52121.0
2026-06-01 13:40:00,289.2,289.2,288.4,288.5,23042.0
2026-06-01 13:45:00,288.5,288.65,288.2,288.4,27070.0
2026-06-01 13:50:00,288.4,288.4,288.05,288.2,20870.0
2026-06-01 13:55:00,288.2,288.65,288.2,288.55,18897.0
2026-06-01 14:00:00,288.5,288.55,287.65,288.05,31781.0
2026-06-01 14:05:00,288.05,288.4,287.25,287.4,35916.0
2026-06-01 14:10:00,287.4,287.55,287.0,287.15,74434.0
2026-06-01 14:15:00,287.15,287.35,286.55,287.25,160498.0
2026-06-01 14:20:00,287.25,287.25,286.15,286.45,152973.0
2026-06-01 14:25:00,286.45,287.25,286.35,286.9,130609.0
2026-06-01 14:30:00,287.1,287.15,286.5,286.8,83751.0
2026-06-01 14:35:00,286.65,287.3,286.6,287.2,97472.0
2026-06-01 14:40:00,287.2,287.25,286.8,287.1,84142.0
2026-06-01 14:45:00,287.1,287.35,286.8,286.85,79487.0
2026-06-01 14:50:00,286.85,286.9,286.35,286.5,108943.0
2026-06-01 14:55:00,286.5,286.9,286.05,286.5,110515.0
2026-06-01 15:00:00,286.6,287.95,286.6,287.85,197660.0
2026-06-01 15:05:00,287.95,288.85,287.65,288.7,173562.0
2026-06-01 15:10:00,288.7,288.95,288.4,288.65,114872.0
2026-06-01 15:15:00,288.65,288.7,288.25,288.45,151529.0
2026-06-01 15:20:00,288.5,288.5,288.15,288.45,217938.0
2026-06-01 15:25:00,288.45,288.75,287.7,288.0,222826.0
2026-06-02 09:15:00,286.5,287.3,284.85,286.7,148623.0
2026-06-02 09:20:00,286.55,287.35,286.45,286.95,93960.0
2026-06-02 09:25:00,286.95,286.95,286.1,286.35,78864.0
2026-06-02 09:30:00,286.4,286.7,285.6,286.05,88307.0
2026-06-02 09:35:00,286.05,287.9,285.85,287.7,92919.0
2026-06-02 09:40:00,287.65,287.85,286.8,287.7,112025.0
2026-06-02 09:45:00,287.7,288.45,287.55,288.45,48491.0
2026-06-02 09:50:00,288.3,289.25,288.1,289.1,60734.0
2026-06-02 09:55:00,289.15,289.2,288.5,289.05,77463.0
2026-06-02 10:00:00,289.05,289.5,288.6,289.35,85262.0
2026-06-02 10:05:00,289.35,289.6,288.5,288.55,36204.0
2026-06-02 10:10:00,288.55,288.55,287.35,287.5,37204.0
2026-06-02 10:15:00,287.35,287.75,286.5,287.35,56203.0
2026-06-02 10:20:00,287.3,287.75,287.0,287.7,35770.0
2026-06-02 10:25:00,287.65,287.7,286.4,286.7,67589.0
2026-06-02 10:30:00,286.7,286.7,285.35,286.1,117398.0
2026-06-02 10:35:00,286.0,286.5,285.7,286.25,78416.0
2026-06-02 10:40:00,286.4,287.15,286.3,286.6,54799.0
2026-06-02 10:45:00,286.65,286.9,286.25,286.65,32182.0
2026-06-02 10:50:00,286.45,286.8,285.95,286.3,32830.0
2026-06-02 10:55:00,286.3,286.7,286.1,286.7,39411.0
2026-06-02 11:00:00,286.7,287.0,286.2,286.45,26020.0
2026-06-02 11:05:00,286.55,286.55,285.95,286.0,15869.0
2026-06-02 11:10:00,286.0,286.85,285.75,286.05,145623.0
2026-06-02 11:15:00,286.1,286.3,285.7,286.0,31262.0
2026-06-02 11:20:00,286.1,286.6,285.75,286.45,49303.0
2026-06-02 11:25:00,286.3,286.4,285.55,285.95,48725.0
2026-06-02 11:30:00,286.0,286.25,285.55,285.75,35992.0
2026-06-02 11:35:00,285.65,285.9,285.25,285.35,52906.0
2026-06-02 11:40:00,285.3,285.75,285.3,285.6,18787.0
2026-06-02 11:45:00,285.6,285.65,285.25,285.45,26655.0
2026-06-02 11:50:00,285.45,285.7,284.95,285.55,233816.0
2026-06-02 11:55:00,285.5,285.65,285.15,285.45,212133.0
2026-06-02 12:00:00,285.55,286.8,285.35,286.5,71458.0
2026-06-02 12:05:00,286.6,286.8,286.25,286.75,34921.0
2026-06-02 12:10:00,286.8,287.15,286.7,287.0,49100.0
2026-06-02 12:15:00,287.0,287.45,286.7,286.75,72669.0
2026-06-02 12:20:00,286.75,286.8,286.1,286.25,23654.0
2026-06-02 12:25:00,286.25,287.05,286.0,287.05,88484.0
2026-06-02 12:30:00,287.1,288.2,287.0,288.0,195830.0
2026-06-02 12:35:00,287.95,288.65,287.9,288.0,122854.0
2026-06-02 12:40:00,288.15,290.15,288.0,290.05,246353.0
2026-06-02 12:45:00,290.25,292.25,290.25,291.85,255956.0
2026-06-02 12:50:00,291.95,292.05,291.1,291.7,67308.0
2026-06-02 12:55:00,291.7,292.9,291.3,292.5,122407.0
2026-06-02 13:00:00,292.5,292.65,291.8,292.4,73614.0
2026-06-02 13:05:00,292.6,292.7,291.95,292.15,88980.0
2026-06-02 13:10:00,292.0,292.85,291.9,292.2,43610.0
2026-06-02 13:15:00,292.2,292.55,292.05,292.2,69649.0
2026-06-02 13:20:00,292.2,292.75,292.1,292.6,46397.0
2026-06-02 13:25:00,292.75,293.0,292.5,293.0,67277.0
2026-06-02 13:30:00,293.2,293.55,292.65,292.7,72149.0
2026-06-02 13:35:00,292.65,292.9,292.2,292.7,42263.0
2026-06-02 13:40:00,292.85,293.1,292.5,292.75,29644.0
2026-06-02 13:45:00,292.75,293.4,292.65,293.15,46734.0
2026-06-02 13:50:00,293.1,293.25,292.6,292.7,37395.0
2026-06-02 13:55:00,292.75,292.85,292.35,292.8,47492.0
2026-06-02 14:00:00,292.8,293.0,292.65,292.95,28389.0
2026-06-02 14:05:00,293.0,293.1,292.75,292.9,27030.0
2026-06-02 14:10:00,292.9,292.9,292.25,292.6,25730.0
2026-06-02 14:15:00,292.45,292.9,292.4,292.7,37473.0
2026-06-02 14:20:00,292.75,293.25,292.5,292.95,71502.0
2026-06-02 14:25:00,293.1,293.1,292.7,292.95,29030.0
2026-06-02 14:30:00,292.95,293.05,292.55,292.95,33780.0
2026-06-02 14:35:00,292.9,292.95,292.05,292.25,43382.0
2026-06-02 14:40:00,292.25,292.25,291.7,291.85,33842.0
2026-06-02 14:45:00,291.85,292.3,291.7,292.2,60038.0
2026-06-02 14:50:00,292.2,292.5,292.15,292.4,20071.0
2026-06-02 14:55:00,292.4,292.5,292.3,292.35,26733.0
2026-06-02 15:00:00,292.3,292.55,291.9,292.4,108007.0
2026-06-02 15:05:00,292.35,292.75,292.35,292.65,108837.0
2026-06-02 15:10:00,292.65,292.95,292.65,292.85,92782.0
2026-06-02 15:15:00,292.85,293.0,292.75,292.95,137750.0
2026-06-02 15:20:00,293.0,293.7,292.9,293.55,393029.0
2026-06-02 15:25:00,293.55,293.8,292.9,293.8,219323.0
2026-06-03 09:15:00,293.95,296.4,291.65,292.25,288642.0
2026-06-03 09:20:00,292.15,293.35,291.9,293.3,53816.0
2026-06-03 09:25:00,293.35,293.55,292.35,293.2,73364.0
2026-06-03 09:30:00,293.1,294.35,292.3,293.75,121821.0
2026-06-03 09:35:00,293.6,294.0,293.1,293.7,42999.0
2026-06-03 09:40:00,293.55,293.9,292.9,293.45,46106.0
2026-06-03 09:45:00,293.45,293.75,292.8,293.1,65378.0
2026-06-03 09:50:00,293.0,294.85,293.0,293.6,87103.0
2026-06-03 09:55:00,293.75,293.75,292.6,292.85,102591.0
2026-06-03 10:00:00,292.8,293.2,292.05,292.8,106232.0
2026-06-03 10:05:00,292.9,293.35,292.7,292.9,122663.0
2026-06-03 10:10:00,292.85,293.0,292.1,292.3,46964.0
2026-06-03 10:15:00,292.3,292.6,291.9,292.1,255554.0
2026-06-03 10:20:00,292.2,292.7,291.7,292.0,276676.0
2026-06-03 10:25:00,292.15,292.6,292.05,292.2,22539.0
2026-06-03 10:30:00,292.15,292.2,290.8,290.8,77431.0
2026-06-03 10:35:00,290.8,291.3,290.8,291.2,18537.0
2026-06-03 10:40:00,291.2,291.6,291.0,291.15,31300.0
2026-06-03 10:45:00,291.15,291.3,290.85,291.25,24445.0
2026-06-03 10:50:00,291.1,291.7,290.9,291.5,33494.0
2026-06-03 10:55:00,291.55,291.75,291.05,291.45,27344.0
2026-06-03 11:00:00,291.45,291.8,290.9,290.95,23342.0
2026-06-03 11:05:00,290.9,291.1,290.65,290.65,23036.0
2026-06-03 11:10:00,290.7,291.3,290.65,291.05,33734.0
2026-06-03 11:15:00,291.2,291.6,291.0,291.45,17383.0
2026-06-03 11:20:00,291.4,291.9,291.05,291.05,59725.0
2026-06-03 11:25:00,291.15,291.3,290.8,290.8,127124.0
2026-06-03 11:30:00,290.8,291.8,290.8,291.6,179719.0
2026-06-03 11:35:00,291.8,291.85,290.85,290.85,569201.0
2026-06-03 11:40:00,290.85,291.1,290.4,290.7,116199.0
2026-06-03 11:45:00,290.8,290.85,290.3,290.6,45025.0
2026-06-03 11:50:00,290.6,291.0,290.6,290.75,35274.0
2026-06-03 11:55:00,290.75,291.95,290.75,291.2,234625.0
2026-06-03 12:00:00,291.3,291.7,290.4,290.6,48174.0
2026-06-03 12:05:00,290.6,291.2,290.55,290.95,31837.0
2026-06-03 12:10:00,291.05,291.1,290.6,290.75,54736.0
2026-06-03 12:15:00,290.75,290.9,290.5,290.7,23951.0
2026-06-03 12:20:00,290.7,291.0,290.5,290.55,35046.0
2026-06-03 12:25:00,290.55,291.55,290.5,291.55,70411.0
2026-06-03 12:30:00,291.6,292.75,291.6,292.4,186539.0
2026-06-03 12:35:00,292.4,294.0,292.2,293.85,145805.0
2026-06-03 12:40:00,293.8,294.45,293.7,294.0,139189.0
2026-06-03 12:45:00,294.0,294.5,293.25,293.45,116356.0
2026-06-03 12:50:00,293.45,294.4,293.25,293.7,65215.0
2026-06-03 12:55:00,293.65,294.0,293.55,293.55,35853.0
2026-06-03 13:00:00,293.5,294.0,293.45,293.55,49228.0
2026-06-03 13:05:00,293.5,293.65,293.15,293.35,35348.0
2026-06-03 13:10:00,293.35,293.8,293.2,293.65,43794.0
2026-06-03 13:15:00,293.8,294.6,293.65,294.15,108950.0
2026-06-03 13:20:00,294.25,295.35,294.25,294.95,131321.0
2026-06-03 13:25:00,294.9,295.2,294.65,294.95,74385.0
2026-06-03 13:30:00,295.0,295.2,294.4,294.5,52300.0
2026-06-03 13:35:00,294.5,294.5,293.5,293.75,259451.0
2026-06-03 13:40:00,293.75,294.8,293.6,294.55,204731.0
2026-06-03 13:45:00,294.55,295.75,294.55,295.45,124334.0
2026-06-03 13:50:00,295.4,295.9,295.2,295.9,126394.0
2026-06-03 13:55:00,295.8,296.25,295.45,296.15,119280.0
2026-06-03 14:00:00,296.25,297.0,296.25,296.9,146555.0
2026-06-03 14:05:00,296.75,297.0,296.3,296.55,157176.0
2026-06-03 14:10:00,296.55,296.55,295.6,296.1,92356.0
2026-06-03 14:15:00,296.0,296.5,296.0,296.35,61599.0
2026-06-03 14:20:00,296.4,296.75,296.15,296.3,138189.0
2026-06-03 14:25:00,296.35,296.5,295.7,296.35,131106.0
2026-06-03 14:30:00,296.35,296.45,296.1,296.25,87840.0
2026-06-03 14:35:00,296.4,297.45,296.0,297.3,290675.0
2026-06-03 14:40:00,297.25,300.0,297.15,299.05,1264584.0
2026-06-03 14:45:00,299.15,301.0,299.15,299.95,1210031.0
2026-06-03 14:50:00,300.0,301.7,299.95,300.8,1655495.0
2026-06-03 14:55:00,300.8,300.95,299.75,300.35,362217.0
2026-06-03 15:00:00,300.35,301.0,299.5,300.7,1480864.0
2026-06-03 15:05:00,300.85,302.85,300.85,301.0,780746.0
2026-06-03 15:10:00,301.0,301.85,300.4,301.45,487248.0
2026-06-03 15:15:00,301.45,301.9,300.8,301.0,518182.0
2026-06-03 15:20:00,301.05,301.05,300.6,300.95,566835.0
2026-06-03 15:25:00,301.0,302.4,300.6,302.4,782033.0
2026-06-04 09:15:00,301.25,303.8,300.4,302.4,1600298.0
2026-06-04 09:20:00,302.4,302.4,300.75,301.9,333288.0
2026-06-04 09:25:00,301.75,302.3,301.4,301.55,213095.0
2026-06-04 09:30:00,301.55,302.0,300.95,302.0,133062.0
2026-06-04 09:35:00,301.95,302.4,301.65,301.85,140201.0
2026-06-04 09:40:00,301.65,301.95,301.4,301.85,71896.0
2026-06-04 09:45:00,301.85,302.3,301.3,301.8,154971.0
2026-06-04 09:50:00,301.9,302.65,301.55,302.05,85031.0
2026-06-04 09:55:00,302.05,302.8,302.0,302.7,129028.0
2026-06-04 10:00:00,302.7,303.0,302.25,302.55,98567.0
2026-06-04 10:05:00,302.7,302.7,301.95,302.15,132215.0
2026-06-04 10:10:00,302.15,302.4,301.9,302.05,43454.0
2026-06-04 10:15:00,301.9,302.0,301.5,301.9,53951.0
2026-06-04 10:20:00,301.7,302.0,301.7,301.95,40468.0
2026-06-04 10:25:00,301.9,301.95,300.45,300.6,154751.0
2026-06-04 10:30:00,300.6,300.6,299.65,299.9,185342.0
2026-06-04 10:35:00,299.7,300.4,299.65,300.4,100048.0
2026-06-04 10:40:00,300.35,300.85,300.35,300.85,71314.0
2026-06-04 10:45:00,300.9,301.6,300.85,301.45,68179.0
2026-06-04 10:50:00,301.4,302.0,301.15,301.7,91083.0
2026-06-04 10:55:00,301.65,302.0,301.4,301.7,57879.0
2026-06-04 11:00:00,301.65,301.8,300.9,301.05,62567.0
2026-06-04 11:05:00,301.05,301.05,300.25,300.75,66766.0
2026-06-04 11:10:00,300.55,300.8,300.15,300.65,54495.0
2026-06-04 11:15:00,300.6,300.85,300.3,300.4,44624.0
2026-06-04 11:20:00,300.4,300.85,300.3,300.5,61015.0
2026-06-04 11:25:00,300.45,300.7,300.1,300.55,122202.0
2026-06-04 11:30:00,300.45,300.45,299.3,299.9,214596.0
2026-06-04 11:35:00,299.8,300.0,299.7,300.0,41937.0
2026-06-04 11:40:00,299.95,300.2,299.7,299.85,112123.0
2026-06-04 11:45:00,299.8,300.55,299.65,300.4,308900.0
2026-06-04 11:50:00,300.4,300.4,299.3,299.4,157913.0
2026-06-04 11:55:00,299.4,299.7,299.2,299.7,38596.0
2026-06-04 12:00:00,299.7,300.0,299.35,299.85,30990.0
2026-06-04 12:05:00,299.75,300.0,299.35,299.8,75083.0
2026-06-04 12:10:00,299.75,299.9,299.2,299.4,51210.0
2026-06-04 12:15:00,299.3,299.55,298.35,298.5,100652.0
2026-06-04 12:20:00,298.65,299.3,298.5,299.25,113253.0
2026-06-04 12:25:00,299.25,299.35,298.95,299.3,53465.0
2026-06-04 12:30:00,299.2,299.35,298.8,298.95,46216.0
2026-06-04 12:35:00,298.75,299.05,298.6,298.75,46244.0
2026-06-04 12:40:00,298.9,299.55,298.75,299.15,44366.0
2026-06-04 12:45:00,299.0,299.2,298.85,299.0,49023.0
2026-06-04 12:50:00,299.0,299.0,298.3,298.35,65970.0
2026-06-04 12:55:00,298.4,298.75,298.3,298.65,49548.0
2026-06-04 13:00:00,298.7,298.85,298.45,298.5,46677.0
2026-06-04 13:05:00,298.35,298.5,297.6,297.75,204040.0
2026-06-04 13:10:00,297.75,297.9,296.0,296.8,196974.0
2026-06-04 13:15:00,296.6,297.35,296.35,297.25,136547.0
2026-06-04 13:20:00,297.3,297.3,296.8,296.9,107841.0
2026-06-04 13:25:00,296.7,296.75,295.65,296.0,368759.0
2026-06-04 13:30:00,296.0,296.15,295.75,296.0,63671.0
2026-06-04 13:35:00,295.95,297.1,295.95,296.8,95911.0
2026-06-04 13:40:00,296.8,297.05,296.55,296.95,69365.0
2026-06-04 13:45:00,296.9,297.3,296.65,297.3,96904.0
2026-06-04 13:50:00,297.3,297.4,296.85,297.4,72851.0
2026-06-04 13:55:00,297.4,297.55,296.75,297.55,105717.0
2026-06-04 14:00:00,297.55,297.95,297.25,297.25,134885.0
2026-06-04 14:05:00,297.35,297.65,297.15,297.5,82144.0
2026-06-04 14:10:00,297.35,297.65,297.2,297.45,85018.0
2026-06-04 14:15:00,297.25,297.7,297.25,297.55,86683.0
2026-06-04 14:20:00,297.6,297.7,297.1,297.5,116090.0
2026-06-04 14:25:00,297.5,297.6,297.25,297.35,94436.0
2026-06-04 14:30:00,297.5,298.1,297.3,297.9,198166.0
2026-06-04 14:35:00,298.05,298.7,297.85,298.65,166631.0
2026-06-04 14:40:00,298.65,299.9,298.4,299.9,210869.0
2026-06-04 14:45:00,299.85,300.0,299.1,299.25,204311.0
2026-06-04 14:50:00,299.3,299.45,298.45,298.65,148539.0
2026-06-04 14:55:00,298.7,299.05,298.65,298.85,123807.0
2026-06-04 15:00:00,298.9,299.5,298.85,299.4,321773.0
2026-06-04 15:05:00,299.45,299.85,299.4,299.85,254332.0
2026-06-04 15:10:00,299.85,300.35,299.8,300.2,351156.0
2026-06-04 15:15:00,300.2,300.3,300.1,300.2,354569.0
2026-06-04 15:20:00,300.2,300.85,299.4,300.65,673115.0
2026-06-04 15:25:00,300.5,301.0,300.0,300.35,420552.0
2026-06-05 09:15:00,300.5,301.35,299.15,299.45,126617.0
2026-06-05 09:20:00,299.35,299.6,298.55,299.3,95758.0
2026-06-05 09:25:00,299.35,299.5,298.75,299.5,70143.0
2026-06-05 09:30:00,299.5,299.9,299.2,299.55,64742.0
2026-06-05 09:35:00,299.65,299.75,298.8,299.4,40195.0
2026-06-05 09:40:00,299.35,299.4,298.1,298.35,84992.0
2026-06-05 09:45:00,298.55,299.0,298.1,299.0,36803.0
2026-06-05 09:50:00,298.95,299.0,298.0,298.15,70552.0
2026-06-05 09:55:00,298.3,298.65,297.85,298.1,118089.0
2026-06-05 10:00:00,298.1,298.7,297.75,298.65,43974.0
2026-06-05 10:05:00,298.6,298.95,297.95,298.65,58146.0
2026-06-05 10:10:00,298.5,298.95,297.9,297.95,59799.0
2026-06-05 10:15:00,297.95,298.8,297.6,298.35,61952.0
2026-06-05 10:20:00,298.35,299.3,297.8,299.05,59123.0
2026-06-05 10:25:00,299.05,299.6,298.55,298.75,102071.0
2026-06-05 10:30:00,298.7,298.9,297.85,297.85,46594.0
2026-06-05 10:35:00,297.85,297.9,296.65,297.4,123912.0
2026-06-05 10:40:00,297.3,297.45,296.2,296.75,47667.0
2026-06-05 10:45:00,296.75,296.9,295.75,296.85,113419.0
2026-06-05 10:50:00,296.95,297.45,296.9,297.35,36822.0
2026-06-05 10:55:00,297.35,297.85,297.25,297.85,45009.0
2026-06-05 11:00:00,297.8,298.9,297.55,298.9,63551.0
2026-06-05 11:05:00,298.8,299.9,298.6,299.2,194448.0
2026-06-05 11:10:00,299.3,299.6,299.0,299.35,84277.0
2026-06-05 11:15:00,299.3,300.65,299.3,300.15,517547.0
2026-06-05 11:20:00,300.1,300.25,299.0,299.8,148282.0
2026-06-05 11:25:00,299.6,299.9,299.3,299.55,65554.0
2026-06-05 11:30:00,299.55,300.2,299.15,299.25,159405.0
2026-06-05 11:35:00,299.2,299.4,298.8,299.15,78099.0
2026-06-05 11:40:00,299.2,299.55,299.1,299.25,30054.0
2026-06-05 11:45:00,299.3,300.15,298.9,299.6,117437.0
2026-06-05 11:50:00,299.6,299.8,299.15,299.45,42375.0
2026-06-05 11:55:00,299.5,299.6,299.15,299.3,41332.0
2026-06-05 12:00:00,299.3,299.95,299.15,299.7,33066.0
2026-06-05 12:05:00,299.7,300.05,299.6,300.0,42366.0
2026-06-05 12:10:00,299.85,299.95,299.5,299.55,32689.0
2026-06-05 12:15:00,299.55,300.05,299.45,299.7,41701.0
2026-06-05 12:20:00,299.65,299.8,299.45,299.65,25553.0
2026-06-05 12:25:00,299.45,299.9,299.15,299.3,42864.0
2026-06-05 12:30:00,299.35,299.5,298.65,298.8,30719.0
2026-06-05 12:35:00,298.8,299.2,298.4,298.9,48344.0
2026-06-05 12:40:00,298.8,298.8,298.15,298.6,149610.0
2026-06-05 12:45:00,298.55,298.7,298.2,298.3,30053.0
2026-06-05 12:50:00,298.25,298.45,297.75,298.1,35556.0
2026-06-05 12:55:00,298.15,298.35,298.0,298.0,30187.0
2026-06-05 13:00:00,298.15,298.25,297.75,298.2,21935.0
2026-06-05 13:05:00,298.2,298.7,298.2,298.65,83841.0
2026-06-05 13:10:00,298.7,298.9,298.4,298.9,45927.0
2026-06-05 13:15:00,298.9,299.7,298.65,299.55,42098.0
2026-06-05 13:20:00,299.5,300.05,298.9,299.1,186123.0
2026-06-05 13:25:00,298.9,299.1,298.25,298.25,20511.0
2026-06-05 13:30:00,298.2,298.55,298.0,298.35,22710.0
2026-06-05 13:35:00,298.25,298.5,298.1,298.3,44445.0
2026-06-05 13:40:00,298.3,298.55,297.15,297.95,47066.0
2026-06-05 13:45:00,297.8,298.3,297.8,298.15,20027.0
2026-06-05 13:50:00,298.0,298.65,297.8,298.5,124094.0
2026-06-05 13:55:00,298.4,299.1,298.4,298.95,61456.0
2026-06-05 14:00:00,298.95,299.35,298.6,298.6,83703.0
2026-06-05 14:05:00,298.6,298.95,298.55,298.6,27024.0
2026-06-05 14:10:00,298.55,298.75,298.2,298.4,41790.0
2026-06-05 14:15:00,298.45,298.45,298.0,298.2,40460.0
2026-06-05 14:20:00,298.2,298.5,297.8,298.3,65284.0
2026-06-05 14:25:00,298.2,299.3,298.15,299.25,47940.0
2026-06-05 14:30:00,299.2,299.6,299.05,299.55,113099.0
2026-06-05 14:35:00,299.5,299.75,299.25,299.45,190735.0
2026-06-05 14:40:00,299.35,301.7,299.35,301.7,145139.0
2026-06-05 14:45:00,301.75,302.05,301.4,301.95,246872.0
2026-06-05 14:50:00,301.9,303.85,301.9,303.55,658714.0
2026-06-05 14:55:00,303.7,304.2,303.0,303.35,454552.0
2026-06-05 15:00:00,303.3,303.7,302.4,303.25,285847.0
2026-06-05 15:05:00,303.25,303.55,302.85,303.45,274768.0
2026-06-05 15:10:00,303.5,304.0,303.4,303.95,331843.0
2026-06-05 15:15:00,303.9,304.75,303.85,304.3,808076.0
2026-06-05 15:20:00,304.35,305.4,304.2,305.05,626622.0
2026-06-05 15:25:00,305.05,305.15,304.55,304.6,488928.0
2026-06-08 09:15:00,302.5,304.65,301.3,304.35,626558.0
2026-06-08 09:20:00,304.3,305.0,303.5,304.95,310466.0
2026-06-08 09:25:00,304.95,305.85,304.25,305.5,626054.0
2026-06-08 09:30:00,305.5,306.3,305.1,306.0,431515.0
2026-06-08 09:35:00,306.0,306.0,304.6,305.1,259615.0
2026-06-08 09:40:00,305.1,305.85,304.45,304.8,176817.0
2026-06-08 09:45:00,304.7,305.65,304.6,305.3,205206.0
2026-06-08 09:50:00,305.3,305.95,305.05,305.65,169384.0
2026-06-08 09:55:00,305.75,306.75,305.0,306.55,379921.0
2026-06-08 10:00:00,306.55,306.55,305.15,305.3,162206.0
2026-06-08 10:05:00,305.2,306.0,304.85,305.75,137132.0
2026-06-08 10:10:00,305.7,306.0,305.25,305.5,87650.0
2026-06-08 10:15:00,305.5,306.8,305.45,306.2,520999.0
2026-06-08 10:20:00,306.3,306.4,305.7,306.15,80271.0
2026-06-08 10:25:00,306.1,306.3,303.55,304.45,269066.0
2026-06-08 10:30:00,304.55,305.2,304.35,304.95,96248.0
2026-06-08 10:35:00,305.0,305.05,304.25,304.85,133132.0
2026-06-08 10:40:00,305.0,305.2,304.7,304.85,57906.0
2026-06-08 10:45:00,304.85,304.9,304.25,304.55,41890.0
2026-06-08 10:50:00,304.55,305.15,304.55,304.9,58613.0
2026-06-08 10:55:00,304.95,305.3,304.65,305.05,40278.0
2026-06-08 11:00:00,305.1,305.5,305.05,305.3,38574.0
2026-06-08 11:05:00,305.35,305.35,304.95,305.3,68061.0
2026-06-08 11:10:00,305.25,305.3,304.5,304.65,32644.0
2026-06-08 11:15:00,304.65,305.0,304.0,304.4,72736.0
2026-06-08 11:20:00,304.3,304.8,304.2,304.55,47220.0
2026-06-08 11:25:00,304.5,305.0,304.35,304.6,83936.0
2026-06-08 11:30:00,304.65,305.4,304.6,305.4,36906.0
2026-06-08 11:35:00,305.25,305.8,305.15,305.65,79344.0
2026-06-08 11:40:00,305.65,305.85,305.5,305.55,33763.0
2026-06-08 11:45:00,305.75,305.95,305.55,305.8,53066.0
2026-06-08 11:50:00,305.9,306.2,305.55,306.1,124088.0
2026-06-08 11:55:00,306.1,307.25,305.95,306.3,430648.0
2026-06-08 12:00:00,306.3,307.0,306.15,306.9,86063.0
2026-06-08 12:05:00,306.85,306.85,306.35,306.55,71648.0
2026-06-08 12:10:00,306.65,307.85,306.55,307.65,286387.0
2026-06-08 12:15:00,307.75,307.8,307.25,307.5,98033.0
2026-06-08 12:20:00,307.75,308.25,307.5,307.75,392308.0
2026-06-08 12:25:00,307.7,308.0,307.35,307.75,173030.0
2026-06-08 12:30:00,307.75,307.9,307.3,307.8,104564.0
2026-06-08 12:35:00,307.9,310.0,307.75,308.75,877380.0
2026-06-08 12:40:00,308.9,309.3,308.3,308.8,174060.0
2026-06-08 12:45:00,308.8,309.15,308.45,308.65,93605.0
2026-06-08 12:50:00,308.5,309.0,307.2,307.6,193672.0
2026-06-08 12:55:00,307.55,307.95,306.75,307.15,204571.0
2026-06-08 13:00:00,307.15,307.75,306.95,307.6,80446.0
2026-06-08 13:05:00,307.6,307.85,307.1,307.35,81035.0
2026-06-08 13:10:00,307.35,307.85,307.25,307.8,53298.0
2026-06-08 13:15:00,307.8,307.95,307.25,307.3,48933.0
2026-06-08 13:20:00,307.3,307.6,307.05,307.25,68330.0
2026-06-08 13:25:00,307.25,307.3,306.5,307.15,123644.0
2026-06-08 13:30:00,307.25,307.35,306.9,306.9,55636.0
2026-06-08 13:35:00,306.95,307.1,306.8,306.9,37410.0
2026-06-08 13:40:00,307.0,307.0,306.3,306.45,69123.0
2026-06-08 13:45:00,306.3,306.5,305.7,306.45,123226.0
2026-06-08 13:50:00,306.35,306.45,306.1,306.3,29581.0
2026-06-08 13:55:00,306.2,306.6,306.0,306.3,118136.0
2026-06-08 14:00:00,306.4,307.1,306.4,307.0,124859.0
2026-06-08 14:05:00,306.85,307.1,306.3,306.35,78231.0
2026-06-08 14:10:00,306.35,306.45,305.05,305.15,157771.0
2026-06-08 14:15:00,305.15,305.4,304.85,305.25,71584.0
2026-06-08 14:20:00,305.35,305.4,305.1,305.2,52018.0
2026-06-08 14:25:00,305.2,305.5,305.0,305.2,44218.0
2026-06-08 14:30:00,305.2,305.75,305.15,305.65,59972.0
2026-06-08 14:35:00,305.6,306.0,305.5,305.8,65487.0
2026-06-08 14:40:00,305.75,306.0,305.25,305.55,91458.0
2026-06-08 14:45:00,305.7,305.8,305.4,305.55,40157.0
2026-06-08 14:50:00,305.7,305.75,305.25,305.45,70807.0
2026-06-08 14:55:00,305.45,305.9,305.1,305.7,126256.0
2026-06-08 15:00:00,305.9,305.95,304.2,304.3,228659.0
2026-06-08 15:05:00,304.4,305.0,304.25,304.85,161468.0
2026-06-08 15:10:00,304.85,305.45,304.7,305.1,286845.0
2026-06-08 15:15:00,305.05,305.25,304.75,304.9,266834.0
2026-06-08 15:20:00,304.95,304.95,303.35,304.0,306998.0
2026-06-08 15:25:00,303.85,304.5,303.25,304.2,195434.0
2026-06-09 09:15:00,306.7,308.75,306.35,307.85,342018.0
2026-06-09 09:20:00,307.7,308.4,307.25,307.85,188311.0
2026-06-09 09:25:00,307.85,308.3,307.0,307.1,265741.0
2026-06-09 09:30:00,307.1,307.65,306.75,306.85,164014.0
2026-06-09 09:35:00,306.85,309.0,306.8,308.8,240621.0
2026-06-09 09:40:00,308.8,309.5,308.3,309.3,571384.0
2026-06-09 09:45:00,309.2,309.85,308.75,308.8,296997.0
2026-06-09 09:50:00,309.0,310.2,308.8,310.2,384727.0
2026-06-09 09:55:00,310.1,310.6,309.5,310.35,754125.0
2026-06-09 10:00:00,310.35,310.75,309.6,310.4,421989.0
2026-06-09 10:05:00,310.4,310.45,309.55,309.8,232637.0
2026-06-09 10:10:00,310.1,311.55,310.1,311.5,283268.0
2026-06-09 10:15:00,311.5,311.9,311.4,311.8,210346.0
2026-06-09 10:20:00,311.7,312.2,311.4,311.45,354924.0
2026-06-09 10:25:00,311.45,312.0,311.4,311.4,179585.0
2026-06-09 10:30:00,311.4,311.95,311.4,311.7,191234.0
2026-06-09 10:35:00,311.65,311.75,310.85,311.0,97317.0
2026-06-09 10:40:00,311.1,311.5,311.0,311.4,55584.0
2026-06-09 10:45:00,311.35,311.35,310.55,310.8,139560.0
2026-06-09 10:50:00,310.8,311.25,310.8,311.25,59892.0
2026-06-09 10:55:00,311.25,311.8,311.2,311.55,99611.0
2026-06-09 11:00:00,311.35,311.8,311.15,311.65,96967.0
2026-06-09 11:05:00,311.65,311.9,311.35,311.85,64180.0
2026-06-09 11:10:00,311.85,312.1,311.5,311.5,147995.0
2026-06-09 11:15:00,311.5,311.65,311.0,311.3,99520.0
2026-06-09 11:20:00,311.45,311.5,310.7,310.9,56452.0
2026-06-09 11:25:00,310.85,311.2,310.4,311.0,123052.0
2026-06-09 11:30:00,310.9,311.9,310.8,311.75,80822.0
2026-06-09 11:35:00,311.6,312.0,310.9,310.9,325554.0
2026-06-09 11:40:00,311.2,311.9,310.9,311.7,279032.0
2026-06-09 11:45:00,311.8,312.0,311.7,311.8,83976.0
2026-06-09 11:50:00,311.75,312.45,311.75,312.2,228078.0
2026-06-09 11:55:00,312.2,312.7,312.2,312.2,111244.0
2026-06-09 12:00:00,312.2,313.45,311.8,313.0,324490.0
2026-06-09 12:05:00,313.2,313.25,312.6,312.8,101671.0
2026-06-09 12:10:00,312.9,313.2,312.75,312.95,143969.0
2026-06-09 12:15:00,312.95,313.75,312.9,313.45,90686.0
2026-06-09 12:20:00,313.45,313.5,313.0,313.1,68786.0
2026-06-09 12:25:00,313.1,313.65,312.95,313.2,75867.0
2026-06-09 12:30:00,313.35,313.7,313.25,313.6,66495.0
2026-06-09 12:35:00,313.65,313.8,313.4,313.6,43452.0
2026-06-09 12:40:00,313.5,313.7,313.35,313.4,55693.0
2026-06-09 12:45:00,313.4,314.0,313.35,313.85,112329.0
2026-06-09 12:50:00,313.85,313.95,313.5,313.75,72751.0
2026-06-09 12:55:00,313.75,313.75,313.15,313.35,98306.0
2026-06-09 13:00:00,313.4,313.75,313.3,313.6,53417.0
2026-06-09 13:05:00,313.65,314.45,313.6,314.4,187333.0
2026-06-09 13:10:00,314.35,315.1,314.35,315.1,520182.0
2026-06-09 13:15:00,315.1,315.15,314.3,314.5,222966.0
2026-06-09 13:20:00,314.6,315.0,314.45,314.8,83616.0
2026-06-09 13:25:00,314.8,315.0,314.5,314.55,78341.0
2026-06-09 13:30:00,314.65,314.65,314.0,314.25,79039.0
2026-06-09 13:35:00,314.25,314.9,314.2,314.85,143503.0
2026-06-09 13:40:00,314.7,315.35,314.5,315.05,255902.0
2026-06-09 13:45:00,315.05,315.25,315.0,315.0,47177.0
2026-06-09 13:50:00,315.0,315.6,314.7,315.45,117847.0
2026-06-09 13:55:00,315.45,315.45,314.7,315.15,57976.0
2026-06-09 14:00:00,315.1,315.45,315.0,315.45,35779.0
2026-06-09 14:05:00,315.4,315.8,315.35,315.7,76321.0
2026-06-09 14:10:00,315.7,315.9,315.55,315.75,61478.0
2026-06-09 14:15:00,315.75,315.75,315.2,315.5,78862.0
2026-06-09 14:20:00,315.45,315.55,315.15,315.5,53005.0
2026-06-09 14:25:00,315.5,315.75,315.4,315.65,31003.0
2026-06-09 14:30:00,315.75,315.9,315.3,315.65,84799.0
2026-06-09 14:35:00,315.6,315.8,315.15,315.7,62673.0
2026-06-09 14:40:00,315.75,315.85,315.4,315.55,53317.0
2026-06-09 14:45:00,315.55,315.6,314.55,314.7,440149.0
2026-06-09 14:50:00,314.6,315.65,314.55,315.6,371711.0
2026-06-09 14:55:00,315.6,315.75,315.25,315.55,106166.0
2026-06-09 15:00:00,315.45,315.5,314.8,315.4,353400.0
2026-06-09 15:05:00,315.4,315.65,315.25,315.4,168768.0
2026-06-09 15:10:00,315.45,315.9,315.1,315.75,219385.0
2026-06-09 15:15:00,315.6,315.7,314.7,314.7,656658.0
2026-06-09 15:20:00,314.7,315.0,314.6,314.95,388670.0
2026-06-09 15:25:00,314.95,315.9,314.7,315.25,548273.0
2026-06-10 09:15:00,315.1,316.7,313.5,313.8,326631.0
2026-06-10 09:20:00,313.75,314.8,313.1,314.4,161074.0
2026-06-10 09:25:00,314.45,314.9,314.0,314.15,98926.0
2026-06-10 09:30:00,314.15,314.25,313.65,313.95,58577.0
2026-06-10 09:35:00,313.95,313.95,313.15,313.7,86987.0
2026-06-10 09:40:00,313.5,313.75,313.3,313.5,42989.0
2026-06-10 09:45:00,313.4,314.0,313.3,313.65,53645.0
2026-06-10 09:50:00,313.6,313.8,312.2,312.55,95300.0
2026-06-10 09:55:00,312.4,312.75,312.2,312.2,59991.0
2026-06-10 10:00:00,312.2,312.75,312.05,312.25,55737.0
2026-06-10 10:05:00,312.1,312.75,311.85,312.2,54042.0
2026-06-10 10:10:00,312.3,312.7,312.15,312.5,38326.0
2026-06-10 10:15:00,312.35,313.4,312.3,313.25,54894.0
2026-06-10 10:20:00,313.4,313.4,312.5,312.75,184191.0
2026-06-10 10:25:00,312.8,313.25,312.65,312.7,44554.0
2026-06-10 10:30:00,312.7,313.2,312.65,312.75,188506.0
2026-06-10 10:35:00,312.75,312.75,312.05,312.35,64140.0
2026-06-10 10:40:00,312.25,312.35,311.55,311.9,99051.0
2026-06-10 10:45:00,311.85,312.1,311.4,312.1,119569.0
2026-06-10 10:50:00,312.0,312.6,311.85,312.5,47978.0
2026-06-10 10:55:00,312.55,312.9,312.3,312.65,43823.0
2026-06-10 11:00:00,312.65,312.9,312.15,312.75,91819.0
2026-06-10 11:05:00,312.8,313.0,312.2,312.9,111609.0
2026-06-10 11:10:00,313.0,313.45,312.75,313.0,61647.0
2026-06-10 11:15:00,313.0,313.15,312.45,312.45,57366.0
2026-06-10 11:20:00,312.3,312.75,312.25,312.45,50529.0
2026-06-10 11:25:00,312.45,312.8,312.2,312.5,44357.0
2026-06-10 11:30:00,312.5,313.5,312.3,313.4,60779.0
2026-06-10 11:35:00,313.4,313.7,312.95,313.15,52411.0
2026-06-10 11:40:00,313.15,314.1,312.85,313.35,92881.0
2026-06-10 11:45:00,313.55,313.65,312.9,313.2,35864.0
2026-06-10 11:50:00,313.15,313.6,313.05,313.45,100610.0
2026-06-10 11:55:00,313.45,313.75,313.2,313.25,58153.0
2026-06-10 12:00:00,313.35,313.9,313.2,313.8,77381.0
2026-06-10 12:05:00,313.9,314.65,313.6,314.5,62577.0
2026-06-10 12:10:00,314.6,314.9,314.05,314.7,85018.0
2026-06-10 12:15:00,314.7,315.0,314.65,314.85,106219.0
2026-06-10 12:20:00,314.9,315.0,314.05,314.2,92403.0
2026-06-10 12:25:00,314.25,314.3,313.85,314.1,58902.0
2026-06-10 12:30:00,314.1,314.15,313.6,313.6,54302.0
2026-06-10 12:35:00,313.65,313.75,313.2,313.35,121920.0
2026-06-10 12:40:00,313.3,313.35,312.25,312.25,79422.0
2026-06-10 12:45:00,312.35,312.5,311.9,312.05,86553.0
2026-06-10 12:50:00,312.2,313.0,312.05,312.95,71313.0
2026-06-10 12:55:00,312.9,313.05,312.6,312.9,62419.0
2026-06-10 13:00:00,312.9,312.9,312.0,312.5,64503.0
2026-06-10 13:05:00,312.3,312.55,311.85,312.25,74937.0
2026-06-10 13:10:00,312.1,312.3,311.35,312.05,118344.0
2026-06-10 13:15:00,312.05,312.5,312.0,312.4,50909.0
2026-06-10 13:20:00,312.35,312.45,312.0,312.2,70737.0
2026-06-10 13:25:00,312.15,313.05,312.05,312.9,163490.0
2026-06-10 13:30:00,312.85,313.05,312.45,312.8,45543.0
2026-06-10 13:35:00,312.65,312.85,312.55,312.75,35768.0
2026-06-10 13:40:00,312.7,313.2,312.45,312.6,67449.0
2026-06-10 13:45:00,312.5,312.9,312.4,312.55,58395.0
2026-06-10 13:50:00,312.45,313.35,312.35,313.35,84451.0
2026-06-10 13:55:00,313.3,313.35,313.0,313.35,44050.0
2026-06-10 14:00:00,313.25,313.85,313.15,313.7,68427.0
2026-06-10 14:05:00,313.7,313.9,313.55,313.7,53622.0
2026-06-10 14:10:00,313.7,313.7,313.05,313.25,53195.0
2026-06-10 14:15:00,313.25,313.6,313.05,313.5,74544.0
2026-06-10 14:20:00,313.45,313.8,313.35,313.6,71593.0
2026-06-10 14:25:00,313.55,313.7,313.0,313.3,65255.0
2026-06-10 14:30:00,313.3,313.3,312.35,312.5,90611.0
2026-06-10 14:35:00,312.55,312.8,310.75,311.25,254854.0
2026-06-10 14:40:00,311.25,311.45,310.35,310.5,138519.0
2026-06-10 14:45:00,310.5,310.95,310.0,310.55,103465.0
2026-06-10 14:50:00,310.35,310.9,310.25,310.85,58299.0
2026-06-10 14:55:00,310.7,311.85,310.7,311.85,77244.0
2026-06-10 15:00:00,311.85,311.9,311.35,311.65,106201.0
2026-06-10 15:05:00,311.65,311.7,311.2,311.55,142908.0
2026-06-10 15:10:00,311.55,311.7,310.3,310.3,189530.0
2026-06-10 15:15:00,310.4,311.8,309.85,311.8,308127.0
2026-06-10 15:20:00,311.75,311.85,310.7,310.7,281900.0
2026-06-10 15:25:00,310.95,312.0,310.75,311.4,151924.0
2026-06-11 09:15:00,309.0,309.55,307.65,309.3,184221.0
2026-06-11 09:20:00,309.5,311.25,309.05,310.2,168620.0
2026-06-11 09:25:00,310.0,310.6,309.45,310.15,111116.0
2026-06-11 09:30:00,310.1,310.3,309.35,309.85,50948.0
2026-06-11 09:35:00,309.95,310.7,309.75,310.65,50081.0
2026-06-11 09:40:00,310.7,311.4,310.05,311.3,142300.0
2026-06-11 09:45:00,311.25,311.6,310.85,311.0,117934.0
2026-06-11 09:50:00,311.0,311.7,310.85,311.15,59555.0
2026-06-11 09:55:00,311.15,311.3,309.4,309.45,89006.0
2026-06-11 10:00:00,309.5,309.95,309.3,309.6,84560.0
2026-06-11 10:05:00,309.65,310.0,309.3,309.8,112452.0
2026-06-11 10:10:00,309.85,309.9,309.35,309.4,46128.0
2026-06-11 10:15:00,309.4,310.0,309.35,310.0,58498.0
2026-06-11 10:20:00,309.95,310.0,309.6,309.75,137425.0
2026-06-11 10:25:00,309.7,310.35,309.6,310.1,361747.0
2026-06-11 10:30:00,310.1,310.2,309.7,309.8,49224.0
2026-06-11 10:35:00,309.85,310.1,309.45,309.95,67902.0
2026-06-11 10:40:00,310.0,310.1,309.8,309.95,52606.0
2026-06-11 10:45:00,310.0,310.0,309.4,309.4,41245.0
2026-06-11 10:50:00,309.45,309.45,308.15,308.55,115970.0
2026-06-11 10:55:00,308.4,309.2,308.3,308.7,119385.0
2026-06-11 11:00:00,308.75,308.95,308.2,308.9,58521.0
2026-06-11 11:05:00,308.85,309.25,308.4,308.95,51082.0
2026-06-11 11:10:00,309.05,309.05,308.55,308.75,63202.0
2026-06-11 11:15:00,308.8,310.0,308.7,309.95,80632.0
2026-06-11 11:20:00,309.9,310.4,309.8,310.2,77419.0
2026-06-11 11:25:00,310.2,310.7,310.0,310.5,72487.0
2026-06-11 11:30:00,310.5,310.65,310.1,310.45,86985.0
2026-06-11 11:35:00,310.45,310.9,310.0,310.05,220996.0
2026-06-11 11:40:00,310.05,310.4,310.0,310.25,52624.0
2026-06-11 11:45:00,310.3,310.6,310.0,310.55,70329.0
2026-06-11 11:50:00,310.55,310.65,310.4,310.4,51582.0
2026-06-11 11:55:00,310.55,310.95,309.85,310.1,92393.0
2026-06-11 12:00:00,310.15,310.75,310.0,310.4,58607.0
2026-06-11 12:05:00,310.45,310.45,309.85,310.0,75054.0
2026-06-11 12:10:00,309.8,310.0,309.55,309.75,104240.0
2026-06-11 12:15:00,309.75,310.0,309.5,309.75,83191.0
2026-06-11 12:20:00,309.75,309.75,309.25,309.6,43551.0
2026-06-11 12:25:00,309.65,309.95,309.3,309.85,72266.0
2026-06-11 12:30:00,309.85,310.0,309.45,309.75,80855.0
2026-06-11 12:35:00,309.7,309.8,309.1,309.4,68789.0
2026-06-11 12:40:00,309.4,310.0,309.4,309.8,82071.0
2026-06-11 12:45:00,309.85,310.0,309.25,309.25,74968.0
2026-06-11 12:50:00,309.15,309.65,309.15,309.45,55014.0
2026-06-11 12:55:00,309.4,309.55,309.0,309.4,60064.0
2026-06-11 13:00:00,309.4,309.45,309.15,309.35,48202.0
2026-06-11 13:05:00,309.4,309.45,309.0,309.0,55354.0
2026-06-11 13:10:00,309.0,309.1,308.5,308.6,68055.0
2026-06-11 13:15:00,308.6,309.15,308.25,308.5,93929.0
2026-06-11 13:20:00,308.45,308.95,308.0,308.5,107678.0
2026-06-11 13:25:00,308.5,308.6,308.2,308.35,57447.0
2026-06-11 13:30:00,308.5,308.8,307.9,308.2,71663.0
2026-06-11 13:35:00,308.15,308.2,307.05,307.55,83765.0
2026-06-11 13:40:00,307.35,307.6,307.25,307.55,56134.0
2026-06-11 13:45:00,307.5,308.1,307.5,307.65,64050.0
2026-06-11 13:50:00,307.55,308.1,307.45,308.1,72875.0
2026-06-11 13:55:00,308.1,308.4,307.9,308.25,81720.0
2026-06-11 14:00:00,308.25,308.6,308.15,308.45,135976.0
2026-06-11 14:05:00,308.35,308.95,308.3,308.7,84968.0
2026-06-11 14:10:00,308.7,309.0,308.45,308.9,103726.0
2026-06-11 14:15:00,308.9,309.1,308.8,309.1,62521.0
2026-06-11 14:20:00,309.15,309.75,309.1,309.5,158789.0
2026-06-11 14:25:00,309.5,310.4,309.3,310.05,232697.0
2026-06-11 14:30:00,310.1,310.25,309.85,309.9,49105.0
2026-06-11 14:35:00,309.95,310.0,309.45,309.5,101662.0
2026-06-11 14:40:00,309.5,309.8,309.15,309.3,96530.0
2026-06-11 14:45:00,309.45,309.45,308.55,309.0,126855.0
2026-06-11 14:50:00,309.05,309.15,308.7,309.0,112335.0
2026-06-11 14:55:00,309.15,309.55,308.95,309.55,123664.0
2026-06-11 15:00:00,309.5,309.75,309.05,309.1,164218.0
2026-06-11 15:05:00,309.0,309.2,308.8,309.0,139906.0
2026-06-11 15:10:00,308.95,309.95,308.85,309.9,263826.0
2026-06-11 15:15:00,309.9,310.0,309.6,310.0,186145.0
2026-06-11 15:20:00,310.0,310.5,309.8,310.25,269676.0
2026-06-11 15:25:00,310.3,310.95,310.1,310.8,263617.0
2026-06-12 09:15:00,315.0,315.0,311.15,314.35,219755.0
2026-06-12 09:20:00,314.45,314.45,313.85,314.0,133588.0
2026-06-12 09:25:00,313.95,314.3,313.7,314.05,76466.0
2026-06-12 09:30:00,314.05,315.4,313.9,315.2,467847.0
2026-06-12 09:35:00,315.1,315.7,314.5,314.7,101730.0
2026-06-12 09:40:00,314.7,314.8,314.3,314.45,38717.0
2026-06-12 09:45:00,314.45,314.9,314.3,314.9,42892.0
2026-06-12 09:50:00,314.85,315.1,314.55,315.1,53701.0
2026-06-12 09:55:00,315.0,315.4,314.95,315.15,28533.0
2026-06-12 10:00:00,315.15,315.15,314.6,314.95,55234.0
2026-06-12 10:05:00,314.95,315.0,314.15,314.65,261331.0
2026-06-12 10:10:00,314.7,314.8,314.25,314.4,34186.0
2026-06-12 10:15:00,314.4,314.55,313.25,314.5,101468.0
2026-06-12 10:20:00,314.55,316.0,314.45,316.0,311919.0
2026-06-12 10:25:00,315.9,316.5,315.9,316.4,269080.0
2026-06-12 10:30:00,316.3,317.75,316.05,317.1,411042.0
2026-06-12 10:35:00,317.05,317.1,316.35,316.45,74569.0
2026-06-12 10:40:00,316.4,316.75,316.15,316.55,59991.0
2026-06-12 10:45:00,316.55,316.7,316.0,316.55,62073.0
2026-06-12 10:50:00,316.55,318.0,316.5,317.9,246636.0
2026-06-12 10:55:00,317.95,318.0,317.55,318.0,136657.0
2026-06-12 11:00:00,318.0,318.35,317.85,318.0,213229.0
2026-06-12 11:05:00,318.1,318.1,316.85,317.35,236120.0
2026-06-12 11:10:00,317.35,317.55,317.05,317.25,144282.0
2026-06-12 11:15:00,317.9,317.95,317.2,317.25,68330.0
2026-06-12 11:20:00,317.2,317.7,317.1,317.65,53253.0
2026-06-12 11:25:00,317.65,317.7,317.15,317.7,54803.0
2026-06-12 11:30:00,317.5,317.9,317.45,317.75,82901.0
2026-06-12 11:35:00,317.55,318.0,317.5,317.95,173230.0
2026-06-12 11:40:00,317.75,318.0,317.25,317.25,136098.0
2026-06-12 11:45:00,317.25,317.25,316.25,316.5,212519.0
2026-06-12 11:50:00,316.3,316.8,316.25,316.55,71795.0
2026-06-12 11:55:00,316.55,316.8,316.3,316.6,62672.0
2026-06-12 12:00:00,316.65,316.75,316.35,316.65,56549.0
2026-06-12 12:05:00,316.65,316.7,315.75,316.3,112802.0
2026-06-12 12:10:00,316.2,316.3,314.75,314.95,252581.0
2026-06-12 12:15:00,314.95,315.15,314.8,314.85,63208.0
2026-06-12 12:20:00,315.0,315.5,314.9,315.35,41204.0
2026-06-12 12:25:00,315.45,315.6,315.2,315.45,39098.0
2026-06-12 12:30:00,315.45,315.45,314.75,314.8,59752.0
2026-06-12 12:35:00,314.9,315.1,314.55,314.65,72732.0
2026-06-12 12:40:00,314.9,315.1,314.6,314.8,48460.0
2026-06-12 12:45:00,314.8,315.15,314.55,314.75,48293.0
2026-06-12 12:50:00,314.95,315.4,314.4,315.25,61609.0
2026-06-12 12:55:00,315.4,315.45,315.1,315.25,38176.0
2026-06-12 13:00:00,315.4,315.75,315.05,315.65,74814.0
2026-06-12 13:05:00,315.65,315.85,315.5,315.8,49485.0
2026-06-12 13:10:00,315.8,316.2,315.15,315.45,188856.0
2026-06-12 13:15:00,315.6,315.8,315.45,315.6,30984.0
2026-06-12 13:20:00,315.7,315.9,315.4,315.4,35026.0
2026-06-12 13:25:00,315.3,316.0,315.25,315.75,119900.0
2026-06-12 13:30:00,315.8,316.0,315.35,315.4,68889.0
2026-06-12 13:35:00,315.55,315.95,315.35,315.9,73631.0
2026-06-12 13:40:00,315.9,316.0,315.4,315.75,52447.0
2026-06-12 13:45:00,315.7,316.0,315.6,315.75,50141.0
2026-06-12 13:50:00,315.75,316.0,315.5,315.9,47400.0
2026-06-12 13:55:00,315.9,316.0,315.75,316.0,38364.0
2026-06-12 14:00:00,316.0,316.0,315.6,315.65,203728.0
2026-06-12 14:05:00,315.55,315.9,315.4,315.6,84686.0
2026-06-12 14:10:00,315.5,316.0,315.45,315.85,49442.0
2026-06-12 14:15:00,316.0,316.5,315.8,316.05,160722.0
2026-06-12 14:20:00,316.2,316.35,315.8,316.05,96924.0
2026-06-12 14:25:00,316.2,316.25,315.75,316.1,132483.0
2026-06-12 14:30:00,316.1,316.25,315.75,315.8,107143.0
2026-06-12 14:35:00,315.8,316.3,315.6,316.05,56784.0
2026-06-12 14:40:00,316.1,316.3,315.7,315.95,138413.0
2026-06-12 14:45:00,316.0,316.0,315.85,315.95,148206.0
2026-06-12 14:50:00,316.0,316.0,315.6,315.85,89879.0
2026-06-12 14:55:00,315.85,316.65,315.75,316.3,126854.0
2026-06-12 15:00:00,316.2,316.35,315.75,316.1,159526.0
2026-06-12 15:05:00,316.1,316.15,315.45,315.85,144846.0
2026-06-12 15:10:00,315.8,316.35,315.5,316.3,186902.0
2026-06-12 15:15:00,316.3,316.3,315.6,315.8,180822.0
2026-06-12 15:20:00,315.95,316.0,315.35,315.6,256935.0
2026-06-12 15:25:00,315.6,315.75,314.55,315.0,271226.0
2026-06-15 09:15:00,320.7,320.7,316.05,316.95,343728.0
2026-06-15 09:20:00,317.0,317.2,315.7,315.7,180125.0
2026-06-15 09:25:00,315.9,316.05,315.0,315.8,100938.0
2026-06-15 09:30:00,316.0,316.0,315.25,315.5,128299.0
2026-06-15 09:35:00,315.3,315.55,314.1,315.1,122304.0
2026-06-15 09:40:00,315.15,315.5,314.65,314.95,79712.0
2026-06-15 09:45:00,314.9,315.15,314.55,314.9,59533.0
2026-06-15 09:50:00,314.85,314.9,313.9,314.25,106126.0
2026-06-15 09:55:00,314.15,314.2,312.75,313.4,133449.0
2026-06-15 10:00:00,313.4,313.75,313.25,313.75,97295.0
2026-06-15 10:05:00,313.7,314.2,313.5,314.1,50244.0
2026-06-15 10:10:00,314.0,314.2,313.7,313.75,114404.0
2026-06-15 10:15:00,313.85,314.25,313.65,313.85,62280.0
2026-06-15 10:20:00,313.9,314.5,313.75,314.1,78392.0
2026-06-15 10:25:00,314.15,314.7,314.05,314.45,98808.0
2026-06-15 10:30:00,314.3,315.5,314.25,315.25,157315.0
2026-06-15 10:35:00,315.3,315.9,314.95,315.9,117364.0
2026-06-15 10:40:00,315.85,316.0,315.05,315.1,160093.0
2026-06-15 10:45:00,315.1,315.25,314.5,314.7,74058.0
2026-06-15 10:50:00,314.6,315.05,314.45,314.7,79680.0
2026-06-15 10:55:00,314.7,314.8,314.3,314.5,60749.0
2026-06-15 11:00:00,314.5,314.75,314.15,314.25,66366.0
2026-06-15 11:05:00,314.3,315.15,314.2,315.0,133130.0
2026-06-15 11:10:00,315.15,315.45,314.7,315.15,128893.0
2026-06-15 11:15:00,315.2,315.3,314.9,315.0,50285.0
2026-06-15 11:20:00,315.05,315.3,314.4,314.4,56119.0
2026-06-15 11:25:00,314.4,314.7,314.4,314.45,42548.0
2026-06-15 11:30:00,314.45,314.7,314.4,314.7,40632.0
2026-06-15 11:35:00,314.6,315.0,314.2,314.4,125286.0
2026-06-15 11:40:00,314.25,315.3,314.25,315.3,66194.0
2026-06-15 11:45:00,315.15,315.25,315.0,315.15,52370.0
2026-06-15 11:50:00,315.0,315.6,315.0,315.4,72655.0
2026-06-15 11:55:00,315.45,315.5,315.1,315.1,55477.0
2026-06-15 12:00:00,315.1,315.35,314.95,314.95,114337.0
2026-06-15 12:05:00,314.95,315.1,314.5,314.8,83827.0
2026-06-15 12:10:00,314.7,314.9,314.6,314.7,37225.0
2026-06-15 12:15:00,314.7,314.8,314.25,314.65,48984.0
2026-06-15 12:20:00,314.65,314.8,314.5,314.5,36121.0
2026-06-15 12:25:00,314.5,315.3,314.5,314.75,130826.0
2026-06-15 12:30:00,314.75,315.0,314.75,314.9,36265.0
2026-06-15 12:35:00,314.95,315.25,314.8,315.2,45689.0
2026-06-15 12:40:00,315.0,315.15,314.95,315.1,30947.0
2026-06-15 12:45:00,315.0,315.15,314.7,314.75,38260.0
2026-06-15 12:50:00,314.75,315.1,314.7,315.0,37686.0
2026-06-15 12:55:00,315.05,315.05,314.8,314.95,29777.0
2026-06-15 13:00:00,315.0,315.1,314.9,315.1,29047.0
2026-06-15 13:05:00,315.1,315.2,315.0,315.2,47488.0
2026-06-15 13:10:00,315.1,315.55,315.05,315.45,47942.0
2026-06-15 13:15:00,315.3,315.75,315.2,315.35,49847.0
2026-06-15 13:20:00,315.2,315.4,315.0,315.3,34535.0
2026-06-15 13:25:00,315.3,315.35,315.1,315.2,41481.0
2026-06-15 13:30:00,315.4,315.5,315.0,315.05,76672.0
2026-06-15 13:35:00,315.05,315.3,315.0,315.15,37824.0
2026-06-15 13:40:00,315.0,315.75,315.0,315.7,50183.0
2026-06-15 13:45:00,315.5,316.0,315.3,315.85,193670.0
2026-06-15 13:50:00,315.85,315.95,315.25,315.55,131809.0
2026-06-15 13:55:00,315.55,316.0,315.45,316.0,105782.0
2026-06-15 14:00:00,315.9,316.75,315.8,316.55,726427.0
2026-06-15 14:05:00,316.55,317.0,316.1,316.2,271823.0
2026-06-15 14:10:00,316.2,316.7,316.0,316.5,110117.0
2026-06-15 14:15:00,316.4,316.55,316.1,316.25,104995.0
2026-06-15 14:20:00,316.25,317.0,316.25,316.85,173299.0
2026-06-15 14:25:00,316.9,316.9,316.5,316.8,89352.0
2026-06-15 14:30:00,316.75,317.0,316.65,316.95,75363.0
2026-06-15 14:35:00,316.95,317.0,316.75,317.0,84243.0
2026-06-15 14:40:00,317.0,317.0,316.05,316.7,95816.0
2026-06-15 14:45:00,316.7,316.9,316.3,316.7,86246.0
2026-06-15 14:50:00,316.7,317.0,316.25,316.45,148794.0
2026-06-15 14:55:00,316.5,317.3,316.4,317.3,197212.0
2026-06-15 15:00:00,317.35,317.65,316.8,317.4,156066.0
2026-06-15 15:05:00,317.4,318.0,317.3,317.7,207665.0
2026-06-15 15:10:00,317.55,317.7,316.85,317.45,141962.0
2026-06-15 15:15:00,317.45,317.95,317.25,317.5,185387.0
2026-06-15 15:20:00,317.35,317.45,316.7,316.7,165168.0
2026-06-15 15:25:00,316.7,317.0,316.5,316.7,513488.0
2026-06-16 09:15:00,317.55,318.9,317.0,318.35,401255.0
2026-06-16 09:20:00,318.35,318.4,317.5,317.55,88328.0
2026-06-16 09:25:00,317.55,318.4,317.4,318.35,69623.0
2026-06-16 09:30:00,318.35,318.35,317.55,317.7,49754.0
2026-06-16 09:35:00,317.7,317.85,316.95,317.0,36519.0
2026-06-16 09:40:00,316.9,317.25,316.5,316.95,41900.0
2026-06-16 09:45:00,317.05,317.65,316.9,317.2,31737.0
2026-06-16 09:50:00,317.25,317.55,316.85,317.4,29062.0
2026-06-16 09:55:00,317.4,318.0,317.15,317.55,78877.0
2026-06-16 10:00:00,317.55,317.7,316.8,316.95,48763.0
2026-06-16 10:05:00,316.95,317.0,316.5,316.55,50588.0
2026-06-16 10:10:00,316.65,317.0,316.5,316.8,43763.0
2026-06-16 10:15:00,316.85,317.0,316.7,316.95,46975.0
2026-06-16 10:20:00,316.95,317.0,316.6,316.6,45582.0
2026-06-16 10:25:00,316.75,316.95,316.55,316.75,46582.0
2026-06-16 10:30:00,316.85,317.1,316.65,317.0,128009.0
2026-06-16 10:35:00,317.0,318.0,316.75,317.75,154873.0
2026-06-16 10:40:00,317.75,317.8,317.4,317.65,24683.0
2026-06-16 10:45:00,317.65,317.85,317.5,317.5,26000.0
2026-06-16 10:50:00,317.6,317.7,317.2,317.3,26679.0
2026-06-16 10:55:00,317.35,317.6,317.1,317.4,114119.0
2026-06-16 11:00:00,317.45,317.8,317.25,317.45,48255.0
2026-06-16 11:05:00,317.45,317.6,317.2,317.5,20664.0
2026-06-16 11:10:00,317.4,317.9,317.35,317.9,48168.0
2026-06-16 11:15:00,317.9,318.0,317.55,317.6,87431.0
2026-06-16 11:20:00,317.55,318.0,317.55,317.8,45499.0
2026-06-16 11:25:00,317.8,318.0,317.45,317.6,24587.0
2026-06-16 11:30:00,317.6,318.35,317.45,318.35,189918.0
2026-06-16 11:35:00,318.25,318.45,316.75,317.1,109657.0
2026-06-16 11:40:00,317.1,317.85,316.6,317.85,110348.0
2026-06-16 11:45:00,317.65,318.25,317.55,318.2,174320.0
2026-06-16 11:50:00,318.0,319.0,318.0,318.35,177609.0
2026-06-16 11:55:00,318.35,318.55,317.65,318.15,217220.0
2026-06-16 12:00:00,318.15,318.9,318.0,318.75,185880.0
2026-06-16 12:05:00,318.7,319.0,318.6,319.0,170479.0
2026-06-16 12:10:00,319.0,319.15,318.8,318.9,156016.0
2026-06-16 12:15:00,318.95,319.55,318.8,318.85,190484.0
2026-06-16 12:20:00,318.95,318.95,318.2,318.45,133529.0
2026-06-16 12:25:00,318.4,318.65,318.0,318.2,135393.0
2026-06-16 12:30:00,318.1,318.85,318.05,318.75,102007.0
2026-06-16 12:35:00,318.75,319.0,318.5,318.9,89776.0
2026-06-16 12:40:00,318.95,318.95,318.35,318.5,95101.0
2026-06-16 12:45:00,318.5,318.9,318.4,318.65,98311.0
2026-06-16 12:50:00,318.65,318.8,318.25,318.6,99570.0
2026-06-16 12:55:00,318.55,318.9,318.3,318.65,123360.0
2026-06-16 13:00:00,318.65,319.0,318.55,319.0,110746.0
2026-06-16 13:05:00,319.0,319.0,318.7,318.95,137708.0
2026-06-16 13:10:00,318.9,319.15,318.3,318.4,139408.0
2026-06-16 13:15:00,318.6,319.5,318.6,319.35,72719.0
2026-06-16 13:20:00,319.4,320.05,319.35,319.65,269974.0
2026-06-16 13:25:00,319.65,320.0,319.65,319.95,177036.0
2026-06-16 13:30:00,319.95,319.95,319.35,319.95,157424.0
2026-06-16 13:35:00,319.85,320.0,319.5,319.6,146038.0
2026-06-16 13:40:00,319.6,319.8,319.3,319.4,158706.0
2026-06-16 13:45:00,319.35,319.85,319.2,319.65,153605.0
2026-06-16 13:50:00,319.75,319.75,319.0,319.45,148882.0
2026-06-16 13:55:00,319.4,319.7,318.9,318.9,86599.0
2026-06-16 14:00:00,319.0,319.35,318.9,319.15,60626.0
2026-06-16 14:05:00,319.05,319.4,319.0,319.25,101152.0
2026-06-16 14:10:00,319.35,319.7,319.25,319.4,69414.0
2026-06-16 14:15:00,319.4,319.5,319.35,319.35,45305.0
2026-06-16 14:20:00,319.45,319.5,319.2,319.35,36396.0
2026-06-16 14:25:00,319.35,319.4,319.05,319.25,54565.0
2026-06-16 14:30:00,319.3,319.55,319.25,319.4,35705.0
2026-06-16 14:35:00,319.4,319.8,319.35,319.7,39209.0
2026-06-16 14:40:00,319.6,321.1,319.6,320.8,1176321.0
2026-06-16 14:45:00,320.75,320.95,320.55,320.65,67254.0
2026-06-16 14:50:00,320.6,321.0,320.55,320.9,41413.0
2026-06-16 14:55:00,320.9,320.95,320.5,320.8,51945.0
2026-06-16 15:00:00,320.7,320.8,320.4,320.45,67816.0
2026-06-16 15:05:00,320.45,320.75,320.4,320.7,63316.0
2026-06-16 15:10:00,320.65,320.75,320.45,320.65,103354.0
2026-06-16 15:15:00,320.6,320.95,320.6,320.7,126501.0
2026-06-16 15:20:00,320.75,321.0,320.7,320.85,157411.0
2026-06-16 15:25:00,320.85,321.0,320.0,320.25,410403.0
2026-06-17 09:15:00,320.65,321.0,319.9,320.4,128176.0
2026-06-17 09:20:00,320.55,320.65,319.3,319.3,81729.0
2026-06-17 09:25:00,319.5,320.1,319.4,320.1,23643.0
2026-06-17 09:30:00,320.0,320.35,319.75,320.2,23075.0
2026-06-17 09:35:00,320.15,321.05,319.95,320.7,123132.0
2026-06-17 09:40:00,320.4,320.6,320.2,320.4,31432.0
2026-06-17 09:45:00,320.35,320.65,320.25,320.55,15725.0
2026-06-17 09:50:00,320.5,320.65,320.35,320.55,21990.0
2026-06-17 09:55:00,320.55,321.0,320.4,321.0,96772.0
2026-06-17 10:00:00,321.0,321.0,319.7,319.7,58880.0
2026-06-17 10:05:00,319.7,320.3,319.55,320.3,36019.0
2026-06-17 10:10:00,320.3,320.5,320.2,320.35,31611.0
2026-06-17 10:15:00,320.4,320.9,320.25,320.85,42287.0
2026-06-17 10:20:00,320.85,321.15,320.75,321.0,137863.0
2026-06-17 10:25:00,321.0,321.0,320.6,320.8,31138.0
2026-06-17 10:30:00,320.75,320.95,320.6,320.75,23436.0
2026-06-17 10:35:00,320.75,320.95,320.3,320.3,22248.0
2026-06-17 10:40:00,320.3,320.8,320.3,320.4,13781.0
2026-06-17 10:45:00,320.5,320.8,320.4,320.7,15198.0
2026-06-17 10:50:00,320.6,320.9,320.6,320.7,17569.0
2026-06-17 10:55:00,320.6,321.0,320.55,320.95,105785.0
2026-06-17 11:00:00,320.95,322.0,320.8,321.7,383392.0
2026-06-17 11:05:00,321.6,322.0,321.4,322.0,125975.0
2026-06-17 11:10:00,322.0,322.4,321.75,322.2,462067.0
2026-06-17 11:15:00,322.25,322.55,322.0,322.35,72159.0
2026-06-17 11:20:00,322.35,322.35,321.9,322.0,65711.0
2026-06-17 11:25:00,321.85,322.4,321.7,322.35,48012.0
2026-06-17 11:30:00,322.35,322.45,321.95,321.95,45915.0
2026-06-17 11:35:00,322.05,322.15,321.6,322.05,50675.0
2026-06-17 11:40:00,322.05,322.05,321.5,321.6,40250.0
2026-06-17 11:45:00,321.6,321.8,321.55,321.75,29138.0
2026-06-17 11:50:00,321.75,322.0,321.35,321.45,53122.0
2026-06-17 11:55:00,321.5,321.55,321.0,321.2,40282.0
2026-06-17 12:00:00,321.2,321.4,321.0,321.15,73110.0
2026-06-17 12:05:00,321.2,321.35,321.0,321.15,55112.0
2026-06-17 12:10:00,321.2,321.5,321.05,321.5,44569.0
2026-06-17 12:15:00,321.5,321.8,321.3,321.8,46333.0
2026-06-17 12:20:00,321.75,321.8,321.35,321.4,32082.0
2026-06-17 12:25:00,321.4,321.4,321.2,321.3,25595.0
2026-06-17 12:30:00,321.35,321.35,320.0,320.0,207638.0
2026-06-17 12:35:00,320.0,320.25,319.9,320.25,50174.0
2026-06-17 12:40:00,320.25,320.85,320.1,320.2,70875.0
2026-06-17 12:45:00,320.2,320.6,320.15,320.6,36189.0
2026-06-17 12:50:00,320.65,320.75,320.15,320.3,40245.0
2026-06-17 12:55:00,320.3,320.3,319.95,320.0,40805.0
2026-06-17 13:00:00,320.0,320.25,319.8,320.25,33541.0
2026-06-17 13:05:00,320.2,320.45,319.9,320.15,52970.0
2026-06-17 13:10:00,320.15,320.25,320.05,320.25,19604.0
2026-06-17 13:15:00,320.2,320.45,320.15,320.3,40830.0
2026-06-17 13:20:00,320.25,320.45,319.8,319.95,36811.0
2026-06-17 13:25:00,319.95,320.0,319.85,319.85,33198.0
2026-06-17 13:30:00,319.9,320.0,319.65,319.95,21468.0
2026-06-17 13:35:00,319.95,320.3,319.9,320.3,31848.0
2026-06-17 13:40:00,320.3,320.3,319.9,319.95,41463.0
2026-06-17 13:45:00,319.95,320.0,319.9,319.95,15833.0
2026-06-17 13:50:00,320.0,320.15,319.75,319.95,54495.0
2026-06-17 13:55:00,319.95,320.3,319.85,320.3,1067697.0
2026-06-17 14:00:00,320.3,320.5,320.15,320.35,55264.0
2026-06-17 14:05:00,320.35,320.8,320.15,320.3,65565.0
2026-06-17 14:10:00,320.35,320.65,320.1,320.55,43677.0
2026-06-17 14:15:00,320.55,320.6,320.5,320.55,25877.0
2026-06-17 14:20:00,320.6,320.75,320.5,320.7,44719.0
2026-06-17 14:25:00,320.7,320.7,320.3,320.5,36900.0
2026-06-17 14:30:00,320.55,320.75,320.45,320.75,41592.0
2026-06-17 14:35:00,320.75,320.75,320.55,320.75,38967.0
2026-06-17 14:40:00,320.7,320.9,320.25,320.4,107087.0
2026-06-17 14:45:00,320.4,320.95,320.0,320.85,179519.0
2026-06-17 14:50:00,320.85,321.5,320.75,321.35,180989.0
2026-06-17 14:55:00,321.35,321.6,321.15,321.55,66538.0
2026-06-17 15:00:00,321.5,322.5,321.5,322.25,566639.0
2026-06-17 15:05:00,322.2,323.2,322.0,323.05,1521232.0
2026-06-17 15:10:00,323.05,323.6,322.8,322.8,757252.0
2026-06-17 15:15:00,322.85,322.85,322.35,322.5,218796.0
2026-06-17 15:20:00,322.45,322.5,322.25,322.25,213593.0
2026-06-17 15:25:00,322.2,322.25,321.85,322.05,183740.0
2026-06-18 09:15:00,323.0,324.0,321.25,321.9,214435.0
2026-06-18 09:20:00,321.95,321.95,321.0,321.2,87354.0
2026-06-18 09:25:00,321.25,321.45,321.05,321.35,74518.0
2026-06-18 09:30:00,321.35,321.4,320.6,320.8,106557.0
2026-06-18 09:35:00,320.9,320.9,320.45,320.75,82765.0
2026-06-18 09:40:00,320.8,321.2,320.6,320.6,51265.0
2026-06-18 09:45:00,320.75,321.0,320.5,320.5,24653.0
2026-06-18 09:50:00,320.65,320.9,320.5,320.8,24559.0
2026-06-18 09:55:00,320.95,320.95,320.65,320.8,33568.0
2026-06-18 10:00:00,320.95,321.1,320.7,320.8,58210.0
2026-06-18 10:05:00,320.8,320.8,320.55,320.65,21974.0
2026-06-18 10:10:00,320.65,320.85,320.1,320.85,66745.0
2026-06-18 10:15:00,320.8,321.1,320.5,321.0,39320.0
2026-06-18 10:20:00,320.95,321.0,320.5,320.65,9888.0
2026-06-18 10:25:00,320.65,320.65,320.5,320.5,5712.0
2026-06-18 10:30:00,320.55,320.55,320.3,320.45,50447.0
2026-06-18 10:35:00,320.45,320.5,320.25,320.3,9026.0
2026-06-18 10:40:00,320.3,320.4,320.0,320.3,17994.0
2026-06-18 10:45:00,320.25,320.75,320.15,320.75,17231.0
2026-06-18 10:50:00,320.8,321.0,320.6,320.75,13917.0
2026-06-18 10:55:00,320.75,321.05,320.6,321.05,28492.0
2026-06-18 11:00:00,321.15,321.15,320.6,320.75,8913.0
2026-06-18 11:05:00,320.8,321.2,320.7,321.0,28284.0
2026-06-18 11:10:00,321.0,321.0,320.5,320.65,20903.0
2026-06-18 11:15:00,320.8,321.65,320.5,321.5,53053.0
2026-06-18 11:20:00,321.5,321.6,321.0,321.15,219797.0
2026-06-18 11:25:00,321.05,321.35,321.05,321.15,8137.0
2026-06-18 11:30:00,321.25,321.35,320.75,321.1,55138.0
2026-06-18 11:35:00,321.15,321.25,320.95,321.2,12040.0
2026-06-18 11:40:00,321.2,321.4,321.0,321.15,12713.0
2026-06-18 11:45:00,321.2,321.35,320.85,320.95,29541.0
2026-06-18 11:50:00,321.0,321.0,320.5,320.75,29274.0
2026-06-18 11:55:00,320.8,320.85,320.5,320.75,19921.0
2026-06-18 12:00:00,320.8,320.8,320.35,320.5,16920.0
2026-06-18 12:05:00,320.6,320.8,320.5,320.7,13126.0
2026-06-18 12:10:00,320.7,320.7,320.4,320.5,26044.0
2026-06-18 12:15:00,320.5,320.7,320.4,320.55,50883.0
2026-06-18 12:20:00,320.5,320.5,320.15,320.45,18504.0
2026-06-18 12:25:00,320.45,320.45,320.0,320.25,33136.0
2026-06-18 12:30:00,320.25,320.4,320.2,320.3,15765.0
2026-06-18 12:35:00,320.4,320.45,320.25,320.4,75277.0
2026-06-18 12:40:00,320.45,320.65,320.25,320.55,49946.0
2026-06-18 12:45:00,320.55,320.7,320.5,320.55,11789.0
2026-06-18 12:50:00,320.55,320.65,320.2,320.5,12261.0
2026-06-18 12:55:00,320.5,320.65,320.25,320.55,9763.0
2026-06-18 13:00:00,320.55,320.65,320.3,320.65,11033.0
2026-06-18 13:05:00,320.65,320.85,320.55,320.85,22514.0
2026-06-18 13:10:00,320.85,320.85,320.6,320.85,22064.0
2026-06-18 13:15:00,320.85,320.85,320.2,320.4,12031.0
2026-06-18 13:20:00,320.4,320.4,320.25,320.35,12581.0
2026-06-18 13:25:00,320.35,320.6,320.25,320.55,12590.0
2026-06-18 13:30:00,320.55,320.85,320.4,320.8,14439.0
2026-06-18 13:35:00,320.8,320.85,320.75,320.8,11333.0
2026-06-18 13:40:00,320.8,321.25,320.7,321.05,16198.0
2026-06-18 13:45:00,321.05,321.2,321.0,321.15,15008.0
2026-06-18 13:50:00,321.05,321.35,320.85,320.95,28444.0
2026-06-18 13:55:00,320.95,321.45,320.8,321.0,47812.0
2026-06-18 14:00:00,321.0,321.05,321.0,321.0,15618.0
2026-06-18 14:05:00,321.05,321.25,320.75,320.9,37244.0
2026-06-18 14:10:00,320.95,321.0,320.75,320.95,24089.0
2026-06-18 14:15:00,320.95,321.0,320.75,320.75,21930.0
2026-06-18 14:20:00,320.95,321.0,320.5,320.85,52187.0
2026-06-18 14:25:00,320.95,321.0,320.55,320.55,60889.0
2026-06-18 14:30:00,320.75,320.85,320.4,320.65,70305.0
2026-06-18 14:35:00,320.85,321.0,320.65,320.7,48313.0
2026-06-18 14:40:00,320.7,320.9,320.45,320.45,39165.0
2026-06-18 14:45:00,320.5,320.7,320.4,320.55,52333.0
2026-06-18 14:50:00,320.65,320.7,320.05,320.2,108043.0
2026-06-18 14:55:00,320.2,320.45,320.0,320.25,122233.0
2026-06-18 15:00:00,320.4,320.5,320.0,320.35,149383.0
2026-06-18 15:05:00,320.35,320.7,320.15,320.55,356409.0
2026-06-18 15:10:00,320.65,320.8,320.3,320.45,124331.0
2026-06-18 15:15:00,320.35,320.65,320.2,320.3,124324.0
2026-06-18 15:20:00,320.55,320.95,320.3,320.85,149687.0
2026-06-18 15:25:00,320.9,321.4,320.65,321.3,173193.0
2026-06-19 09:15:00,320.0,323.0,319.05,322.0,337046.0
2026-06-19 09:20:00,322.0,322.0,320.55,320.6,89025.0
2026-06-19 09:25:00,320.75,321.2,320.55,320.9,63718.0
2026-06-19 09:30:00,320.95,321.3,320.6,320.9,58133.0
2026-06-19 09:35:00,321.0,321.3,320.75,321.05,46962.0
2026-06-19 09:40:00,321.05,321.35,320.7,320.8,63041.0
2026-06-19 09:45:00,320.95,321.3,320.65,321.0,46778.0
2026-06-19 09:50:00,320.9,321.0,320.5,320.6,39113.0
2026-06-19 09:55:00,320.65,321.1,320.55,320.85,23913.0
2026-06-19 10:00:00,320.8,320.8,319.6,320.2,1035437.0
2026-06-19 10:05:00,320.05,320.5,319.6,320.35,37516.0
2026-06-19 10:10:00,320.4,320.85,320.25,320.85,28946.0
2026-06-19 10:15:00,320.8,320.9,320.5,320.75,36004.0
2026-06-19 10:20:00,320.7,320.85,320.7,320.85,12099.0
2026-06-19 10:25:00,320.85,321.1,320.55,320.6,44547.0
2026-06-19 10:30:00,320.6,320.75,320.05,320.45,131251.0
2026-06-19 10:35:00,320.55,320.85,320.3,320.65,8661.0
2026-06-19 10:40:00,320.8,321.0,320.6,320.95,73969.0
2026-06-19 10:45:00,321.0,321.0,320.75,320.85,17679.0
2026-06-19 10:50:00,320.9,321.0,320.75,320.95,31532.0
2026-06-19 10:55:00,321.0,321.0,320.85,320.85,37834.0
2026-06-19 11:00:00,320.95,321.0,320.75,320.9,22274.0
2026-06-19 11:05:00,321.0,321.6,320.85,321.4,195254.0
2026-06-19 11:10:00,321.4,321.95,321.4,321.75,122234.0
2026-06-19 11:15:00,321.8,321.8,321.55,321.55,12773.0
2026-06-19 11:20:00,321.7,321.7,321.3,321.6,24453.0
2026-06-19 11:25:00,321.7,322.0,321.5,321.95,16018.0
2026-06-19 11:30:00,322.0,322.7,321.8,322.5,185863.0
2026-06-19 11:35:00,322.5,322.55,321.55,321.8,25765.0
2026-06-19 11:40:00,321.8,322.0,321.6,321.85,33684.0
2026-06-19 11:45:00,321.9,321.9,321.3,321.6,76511.0
2026-06-19 11:50:00,321.75,321.8,321.35,321.5,28162.0
2026-06-19 11:55:00,321.65,321.75,321.35,321.6,7631.0
2026-06-19 12:00:00,321.75,322.0,321.55,321.95,21282.0
2026-06-19 12:05:00,321.95,322.25,321.9,322.2,18749.0
2026-06-19 12:10:00,322.25,322.25,322.05,322.15,11499.0
2026-06-19 12:15:00,322.25,322.5,322.0,322.2,50477.0
2026-06-19 12:20:00,322.3,322.5,321.95,322.25,169145.0
2026-06-19 12:25:00,322.35,322.45,322.0,322.05,39598.0
2026-06-19 12:30:00,322.15,322.3,321.95,322.1,24220.0
2026-06-19 12:35:00,322.25,322.4,322.15,322.25,19359.0
2026-06-19 12:40:00,322.35,322.35,321.9,322.2,36175.0
2026-06-19 12:45:00,322.25,322.45,322.2,322.25,30078.0
2026-06-19 12:50:00,322.25,322.4,322.15,322.15,10437.0
2026-06-19 12:55:00,322.1,322.1,321.65,321.65,22357.0
2026-06-19 13:00:00,321.7,322.2,321.6,321.95,65509.0
2026-06-19 13:05:00,322.0,322.3,321.9,322.1,56742.0
2026-06-19 13:10:00,322.15,322.4,321.95,322.05,87820.0
2026-06-19 13:15:00,322.2,322.2,321.85,322.0,31478.0
2026-06-19 13:20:00,322.0,322.0,321.5,321.8,53017.0
2026-06-19 13:25:00,321.75,321.95,321.7,321.7,6531.0
2026-06-19 13:30:00,321.7,322.0,321.65,321.95,59121.0
2026-06-19 13:35:00,322.0,322.2,321.95,322.15,56831.0
2026-06-19 13:40:00,322.2,322.5,322.1,322.5,14841.0
2026-06-19 13:45:00,322.45,322.5,322.05,322.25,33122.0
2026-06-19 13:50:00,322.25,322.3,322.05,322.1,20612.0
2026-06-19 13:55:00,322.2,322.5,321.95,322.2,90210.0
2026-06-19 14:00:00,322.3,322.5,322.15,322.45,35237.0
2026-06-19 14:05:00,322.45,322.5,322.3,322.5,68842.0
2026-06-19 14:10:00,322.5,322.85,322.35,322.35,309656.0
2026-06-19 14:15:00,322.5,322.5,322.35,322.35,177063.0
2026-06-19 14:20:00,322.5,323.2,322.35,322.7,281371.0
2026-06-19 14:25:00,322.7,323.0,322.65,322.95,134107.0
2026-06-19 14:30:00,322.95,324.0,322.85,323.95,300044.0
2026-06-19 14:35:00,323.95,324.9,323.85,324.55,199752.0
2026-06-19 14:40:00,324.55,324.7,323.3,323.7,300782.0
2026-06-19 14:45:00,323.8,323.95,323.5,323.55,89620.0
2026-06-19 14:50:00,323.5,323.6,322.3,322.55,86834.0
2026-06-19 14:55:00,322.6,322.95,322.05,322.85,99645.0
2026-06-19 15:00:00,322.7,324.0,322.4,323.85,337261.0
2026-06-19 15:05:00,323.9,324.35,323.65,323.9,247820.0
2026-06-19 15:10:00,323.85,324.2,323.65,324.05,246438.0
2026-06-19 15:15:00,323.95,324.4,323.8,324.0,244940.0
2026-06-19 15:20:00,324.0,324.35,323.75,324.35,296192.0
2026-06-19 15:25:00,324.4,324.4,323.2,323.4,246284.0
2026-06-22 09:15:00,323.95,323.95,322.2,322.65,100421.0
2026-06-22 09:20:00,322.7,323.2,322.5,322.65,68192.0
2026-06-22 09:25:00,322.75,322.75,322.05,322.3,69431.0
2026-06-22 09:30:00,322.5,322.95,322.25,322.6,55851.0
2026-06-22 09:35:00,322.8,322.9,322.35,322.55,31352.0
2026-06-22 09:40:00,322.4,323.15,322.25,322.8,88402.0
2026-06-22 09:45:00,322.6,323.1,322.3,322.3,41758.0
2026-06-22 09:50:00,322.25,322.5,321.8,321.8,76366.0
2026-06-22 09:55:00,321.85,323.15,321.7,323.0,72926.0
2026-06-22 10:00:00,323.0,323.45,322.9,323.1,72501.0
2026-06-22 10:05:00,323.05,323.85,322.9,323.8,70020.0
2026-06-22 10:10:00,323.7,323.9,323.55,323.65,34652.0
2026-06-22 10:15:00,323.8,323.9,323.3,323.35,23291.0
2026-06-22 10:20:00,323.35,323.55,322.95,323.1,86836.0
2026-06-22 10:25:00,323.15,323.4,323.05,323.2,21045.0
2026-06-22 10:30:00,323.4,323.45,323.05,323.1,18812.0
2026-06-22 10:35:00,323.1,323.4,323.05,323.2,19846.0
2026-06-22 10:40:00,323.15,323.8,322.3,322.95,597886.0
2026-06-22 10:45:00,323.05,323.15,322.8,322.95,14743.0
2026-06-22 10:50:00,322.95,322.95,322.65,322.8,37039.0
2026-06-22 10:55:00,322.9,323.25,322.85,323.2,42755.0
2026-06-22 11:00:00,323.4,323.4,323.1,323.25,20538.0
2026-06-22 11:05:00,323.25,323.35,323.05,323.15,17933.0
2026-06-22 11:10:00,323.2,323.4,323.1,323.1,8718.0
2026-06-22 11:15:00,323.15,323.25,322.9,323.05,58121.0
2026-06-22 11:20:00,323.1,323.6,323.05,323.3,32856.0
2026-06-22 11:25:00,323.4,323.5,322.9,323.0,308983.0
2026-06-22 11:30:00,323.05,323.4,323.0,323.25,21232.0
2026-06-22 11:35:00,323.2,323.4,323.15,323.15,15880.0
2026-06-22 11:40:00,323.45,323.55,323.25,323.3,30983.0
2026-06-22 11:45:00,323.3,323.4,323.0,323.3,13833.0
2026-06-22 11:50:00,323.4,323.4,323.0,323.1,7722.0
2026-06-22 11:55:00,323.2,323.25,322.7,322.9,36848.0
2026-06-22 12:00:00,322.95,322.95,322.55,322.8,32827.0
2026-06-22 12:05:00,322.85,322.9,322.6,322.8,11966.0
2026-06-22 12:10:00,322.8,322.95,322.7,322.75,12022.0
2026-06-22 12:15:00,322.8,322.95,322.65,322.85,8655.0
2026-06-22 12:20:00,322.9,323.0,322.8,323.0,12179.0
2026-06-22 12:25:00,323.0,323.0,322.85,322.85,13918.0
2026-06-22 12:30:00,322.9,323.05,322.7,322.95,14147.0
2026-06-22 12:35:00,323.0,323.0,322.7,322.8,11109.0
2026-06-22 12:40:00,322.85,323.0,322.7,322.95,20106.0
2026-06-22 12:45:00,322.95,323.0,322.7,322.95,17651.0
2026-06-22 12:50:00,323.0,323.5,322.95,323.45,43720.0
2026-06-22 12:55:00,323.4,323.45,323.1,323.15,23106.0
2026-06-22 13:00:00,323.3,323.3,323.0,323.25,9300.0
2026-06-22 13:05:00,323.25,323.55,323.1,323.45,15785.0
2026-06-22 13:10:00,323.45,323.5,323.2,323.4,18774.0
2026-06-22 13:15:00,323.45,323.9,323.25,323.55,19441.0
2026-06-22 13:20:00,323.55,323.6,323.2,323.5,13927.0
2026-06-22 13:25:00,323.45,323.8,323.3,323.4,22958.0
2026-06-22 13:30:00,323.5,323.5,323.1,323.1,14921.0
2026-06-22 13:35:00,323.2,323.35,323.1,323.35,9063.0
2026-06-22 13:40:00,323.35,323.45,323.1,323.4,299745.0
2026-06-22 13:45:00,323.45,323.45,323.35,323.4,7277.0
2026-06-22 13:50:00,323.45,323.45,322.7,322.95,94276.0
2026-06-22 13:55:00,323.15,323.25,322.95,323.1,23336.0
2026-06-22 14:00:00,323.1,323.15,322.85,322.9,23207.0
2026-06-22 14:05:00,323.05,323.1,322.85,323.05,21080.0
2026-06-22 14:10:00,323.0,323.2,322.8,322.8,16700.0
2026-06-22 14:15:00,323.05,323.05,322.7,323.0,15212.0
2026-06-22 14:20:00,322.9,323.35,322.85,323.25,14885.0
2026-06-22 14:25:00,323.2,323.4,323.0,323.3,15954.0
2026-06-22 14:30:00,323.3,323.35,322.75,322.95,32385.0
2026-06-22 14:35:00,322.95,323.0,322.8,322.95,13526.0
2026-06-22 14:40:00,322.95,323.0,322.75,322.8,38085.0
2026-06-22 14:45:00,322.8,323.4,322.65,322.95,431059.0
2026-06-22 14:50:00,322.95,323.45,322.85,323.4,108344.0
2026-06-22 14:55:00,323.35,323.55,323.15,323.45,65972.0
2026-06-22 15:00:00,323.55,323.6,322.8,323.1,91008.0
2026-06-22 15:05:00,323.1,323.25,322.85,323.25,168698.0
2026-06-22 15:10:00,323.25,323.7,323.05,323.6,159765.0
2026-06-22 15:15:00,323.65,323.8,323.2,323.65,226506.0
2026-06-22 15:20:00,323.75,323.75,323.15,323.35,179854.0
2026-06-22 15:25:00,323.3,323.9,323.15,323.8,270499.0
2026-06-23 09:15:00,323.4,324.0,322.5,323.65,142150.0
2026-06-23 09:20:00,323.75,324.2,322.55,322.55,197402.0
2026-06-23 09:25:00,322.55,322.75,321.85,322.55,193992.0
2026-06-23 09:30:00,322.55,323.05,322.4,322.55,76206.0
2026-06-23 09:35:00,322.7,323.3,322.5,323.1,96741.0
2026-06-23 09:40:00,323.1,323.5,323.0,323.4,30585.0
2026-06-23 09:45:00,323.5,323.6,323.35,323.55,31458.0
2026-06-23 09:50:00,323.55,324.0,323.3,323.7,102461.0
2026-06-23 09:55:00,323.6,323.6,323.05,323.3,31245.0
2026-06-23 10:00:00,323.25,323.45,322.95,323.0,95254.0
2026-06-23 10:05:00,322.95,323.0,322.7,322.7,47761.0
2026-06-23 10:10:00,322.8,322.8,322.55,322.6,50875.0
2026-06-23 10:15:00,322.6,322.75,322.45,322.55,24420.0
2026-06-23 10:20:00,322.55,322.65,322.1,322.2,35851.0
2026-06-23 10:25:00,322.2,322.65,322.2,322.5,28062.0
2026-06-23 10:30:00,322.4,322.65,322.2,322.5,59454.0
2026-06-23 10:35:00,322.5,323.75,322.4,323.6,290361.0
2026-06-23 10:40:00,323.6,323.85,323.45,323.55,67679.0
2026-06-23 10:45:00,323.45,323.7,323.4,323.45,35761.0
2026-06-23 10:50:00,323.65,324.0,323.6,324.0,71501.0
2026-06-23 10:55:00,323.8,324.0,323.7,323.9,46123.0
2026-06-23 11:00:00,323.95,324.0,323.65,323.9,112045.0
2026-06-23 11:05:00,323.75,324.0,323.65,323.95,38182.0
2026-06-23 11:10:00,323.85,324.0,323.8,323.8,54790.0
2026-06-23 11:15:00,323.8,324.3,323.8,323.9,69606.0
2026-06-23 11:20:00,323.9,323.95,323.45,323.65,30456.0
2026-06-23 11:25:00,323.65,323.65,323.35,323.4,43445.0
2026-06-23 11:30:00,323.5,323.8,323.25,323.75,32773.0
2026-06-23 11:35:00,323.6,323.8,323.0,323.0,36603.0
2026-06-23 11:40:00,323.0,323.3,322.5,322.75,47960.0
2026-06-23 11:45:00,322.75,322.75,321.5,321.6,118633.0
2026-06-23 11:50:00,321.6,322.2,321.4,321.95,43782.0
2026-06-23 11:55:00,321.95,321.95,321.45,321.65,46709.0
2026-06-23 12:00:00,321.65,322.1,321.55,321.55,51962.0
2026-06-23 12:05:00,321.65,321.75,320.7,321.0,60024.0
2026-06-23 12:10:00,321.15,321.15,320.75,320.75,41122.0
2026-06-23 12:15:00,320.7,321.55,320.7,321.4,81928.0
2026-06-23 12:20:00,321.4,321.5,320.4,320.6,49833.0
2026-06-23 12:25:00,320.6,321.05,320.45,320.95,73306.0
2026-06-23 12:30:00,320.95,321.1,320.55,320.7,34686.0
2026-06-23 12:35:00,320.85,320.9,320.6,320.65,47141.0
2026-06-23 12:40:00,320.65,321.35,320.45,320.85,70433.0
2026-06-23 12:45:00,320.7,320.85,320.3,320.35,54896.0
2026-06-23 12:50:00,320.5,320.65,320.35,320.4,21316.0
2026-06-23 12:55:00,320.4,320.45,319.95,320.0,51810.0
2026-06-23 13:00:00,319.95,320.45,319.8,320.3,71357.0
2026-06-23 13:05:00,320.45,320.55,320.25,320.25,29568.0
2026-06-23 13:10:00,320.25,320.5,320.15,320.3,39072.0
2026-06-23 13:15:00,320.3,320.8,319.8,320.5,110935.0
2026-06-23 13:20:00,320.4,320.7,320.25,320.35,46610.0
2026-06-23 13:25:00,320.35,320.6,320.15,320.35,54502.0
2026-06-23 13:30:00,320.45,320.55,320.0,320.0,92106.0
2026-06-23 13:35:00,320.05,320.25,319.5,319.7,63394.0
2026-06-23 13:40:00,319.6,320.2,319.55,319.95,92373.0
2026-06-23 13:45:00,319.95,320.2,319.6,320.15,157893.0
2026-06-23 13:50:00,320.15,320.25,319.65,319.7,52237.0
2026-06-23 13:55:00,319.85,319.95,319.6,319.85,60353.0
2026-06-23 14:00:00,319.85,320.3,319.7,320.3,58218.0
2026-06-23 14:05:00,320.3,320.45,320.05,320.3,57242.0
2026-06-23 14:10:00,320.25,320.6,320.15,320.4,55698.0
2026-06-23 14:15:00,320.45,320.55,319.75,319.75,60562.0
2026-06-23 14:20:00,319.75,320.1,319.55,319.8,50301.0
2026-06-23 14:25:00,319.85,320.25,319.75,320.0,64477.0
2026-06-23 14:30:00,320.0,320.15,319.8,320.0,53993.0
2026-06-23 14:35:00,320.0,320.1,319.8,319.9,46036.0
2026-06-23 14:40:00,319.85,320.4,319.7,320.2,84067.0
2026-06-23 14:45:00,320.1,320.4,319.85,320.15,48285.0
2026-06-23 14:50:00,320.1,320.25,319.8,319.95,90353.0
2026-06-23 14:55:00,319.95,320.1,319.75,319.95,58950.0
2026-06-23 15:00:00,320.05,320.3,319.4,319.8,222563.0
2026-06-23 15:05:00,319.85,320.35,319.75,320.1,163610.0
2026-06-23 15:10:00,320.1,320.55,320.05,320.45,148179.0
2026-06-23 15:15:00,320.45,320.5,319.65,319.85,184616.0
2026-06-23 15:20:00,319.95,319.95,319.25,319.55,216068.0
2026-06-23 15:25:00,319.6,320.15,319.0,319.8,195774.0
2026-06-24 09:15:00,319.5,321.4,319.2,320.45,255644.0
2026-06-24 09:20:00,320.6,321.7,320.4,320.9,113713.0
2026-06-24 09:25:00,320.9,321.35,320.6,321.1,42464.0
2026-06-24 09:30:00,321.1,321.3,320.65,320.65,47397.0
2026-06-24 09:35:00,320.6,321.3,320.5,321.0,36973.0
2026-06-24 09:40:00,321.0,321.35,320.05,320.05,62606.0
2026-06-24 09:45:00,320.1,320.55,319.25,319.35,78682.0
2026-06-24 09:50:00,319.35,319.45,318.2,318.65,104498.0
2026-06-24 09:55:00,318.75,319.05,318.55,318.85,58831.0
2026-06-24 10:00:00,318.8,321.15,318.8,320.8,281115.0
2026-06-24 10:05:00,320.8,321.1,320.55,321.1,25210.0
2026-06-24 10:10:00,321.1,321.5,320.95,321.2,34448.0
2026-06-24 10:15:00,321.15,321.6,321.15,321.3,35600.0
2026-06-24 10:20:00,321.3,321.6,321.1,321.5,43626.0
2026-06-24 10:25:00,321.45,321.9,321.4,321.8,29414.0
2026-06-24 10:30:00,321.75,322.05,321.7,321.85,123707.0
2026-06-24 10:35:00,321.85,322.0,321.8,321.9,30393.0
2026-06-24 10:40:00,321.85,322.25,321.7,321.8,216123.0
2026-06-24 10:45:00,321.8,322.75,321.8,322.7,61345.0
2026-06-24 10:50:00,322.65,322.8,322.5,322.8,37500.0
2026-06-24 10:55:00,322.7,322.85,322.6,322.7,32480.0
2026-06-24 11:00:00,322.65,323.0,322.65,322.95,51685.0
2026-06-24 11:05:00,322.85,323.05,322.8,322.9,235852.0
2026-06-24 11:10:00,322.9,323.85,322.8,323.8,94991.0
2026-06-24 11:15:00,323.7,323.85,323.35,323.85,81851.0
2026-06-24 11:20:00,323.8,324.05,323.65,323.9,224331.0
2026-06-24 11:25:00,323.95,324.0,323.5,323.5,71235.0
2026-06-24 11:30:00,323.5,324.0,323.25,323.95,162826.0
2026-06-24 11:35:00,323.9,324.0,323.6,323.85,59470.0
2026-06-24 11:40:00,323.8,324.0,323.8,323.9,32101.0
2026-06-24 11:45:00,323.85,324.7,323.85,324.55,232060.0
2026-06-24 11:50:00,324.7,325.0,324.4,324.8,117849.0
2026-06-24 11:55:00,324.75,324.85,324.4,324.7,72813.0
2026-06-24 12:00:00,324.65,324.9,324.65,324.9,48293.0
2026-06-24 12:05:00,324.85,325.0,324.45,324.8,79509.0
2026-06-24 12:10:00,324.75,325.0,324.4,324.55,91207.0
2026-06-24 12:15:00,324.45,325.0,324.45,324.7,71249.0
2026-06-24 12:20:00,324.65,324.85,324.55,324.8,25212.0
2026-06-24 12:25:00,324.75,324.8,324.1,324.2,39178.0
2026-06-24 12:30:00,324.2,324.2,323.7,324.0,54812.0
2026-06-24 12:35:00,323.9,324.0,323.4,323.65,59903.0
2026-06-24 12:40:00,323.6,323.95,323.6,323.9,77946.0
2026-06-24 12:45:00,323.85,323.9,323.8,323.9,16639.0
2026-06-24 12:50:00,323.85,324.5,323.85,324.2,40404.0
2026-06-24 12:55:00,324.2,324.35,324.15,324.35,8441.0
2026-06-24 13:00:00,324.35,324.45,323.8,323.85,82922.0
2026-06-24 13:05:00,323.8,324.55,323.4,324.45,102246.0
2026-06-24 13:10:00,324.35,324.95,323.75,324.0,143656.0
2026-06-24 13:15:00,324.05,324.7,323.85,324.5,58004.0
2026-06-24 13:20:00,324.5,324.6,324.3,324.4,40579.0
2026-06-24 13:25:00,324.35,324.65,324.25,324.45,63743.0
2026-06-24 13:30:00,324.4,324.6,324.1,324.6,32302.0
2026-06-24 13:35:00,324.55,325.3,324.55,324.8,445902.0
2026-06-24 13:40:00,324.8,324.95,324.65,324.85,24548.0
2026-06-24 13:45:00,324.8,326.15,324.8,325.9,399959.0
2026-06-24 13:50:00,325.9,326.0,325.7,325.95,223854.0
2026-06-24 13:55:00,325.95,327.0,325.85,326.9,243774.0
2026-06-24 14:00:00,326.75,327.0,326.6,326.95,228647.0
2026-06-24 14:05:00,326.95,327.0,326.05,326.05,134910.0
2026-06-24 14:10:00,326.0,326.4,325.95,326.3,110332.0
2026-06-24 14:15:00,326.25,326.75,326.2,326.55,107414.0
2026-06-24 14:20:00,326.6,326.85,326.4,326.55,122812.0
2026-06-24 14:25:00,326.55,326.65,326.25,326.25,151910.0
2026-06-24 14:30:00,326.2,326.5,326.05,326.35,116235.0
2026-06-24 14:35:00,326.3,326.4,325.3,325.55,151398.0
2026-06-24 14:40:00,325.5,325.95,325.4,325.6,141647.0
2026-06-24 14:45:00,325.6,325.9,325.2,325.5,183245.0
2026-06-24 14:50:00,325.5,326.3,325.5,326.1,120507.0
2026-06-24 14:55:00,326.05,326.25,325.25,325.6,181129.0
2026-06-24 15:00:00,325.6,325.95,325.4,325.8,210716.0
2026-06-24 15:05:00,325.8,325.9,325.55,325.65,141305.0
2026-06-24 15:10:00,325.65,325.7,325.05,325.15,173147.0
2026-06-24 15:15:00,325.2,325.3,324.65,324.75,277433.0
2026-06-24 15:20:00,324.9,325.45,324.85,325.15,885343.0
2026-06-24 15:25:00,325.1,325.45,324.6,325.45,351544.0
2026-06-25 09:15:00,326.7,326.7,323.15,323.15,251637.0
2026-06-25 09:20:00,323.3,323.8,322.65,323.3,208845.0
2026-06-25 09:25:00,323.3,324.0,322.8,323.8,212856.0
2026-06-25 09:30:00,323.8,324.3,323.75,324.15,68977.0
2026-06-25 09:35:00,324.1,324.6,324.0,324.3,46191.0
2026-06-25 09:40:00,324.25,324.45,323.7,323.8,76638.0
2026-06-25 09:45:00,323.95,324.0,323.3,323.75,70865.0
2026-06-25 09:50:00,323.8,323.9,323.0,323.7,107945.0
2026-06-25 09:55:00,323.65,323.95,323.5,323.65,71082.0
2026-06-25 10:00:00,323.7,323.9,323.4,323.85,36602.0
2026-06-25 10:05:00,323.9,323.9,323.2,323.85,64958.0
2026-06-25 10:10:00,323.85,324.5,323.7,324.3,60435.0
2026-06-25 10:15:00,324.3,324.4,323.7,324.0,33281.0
2026-06-25 10:20:00,323.95,324.15,323.75,323.8,34961.0
2026-06-25 10:25:00,323.8,324.0,323.6,323.75,42830.0
2026-06-25 10:30:00,323.8,324.0,323.6,323.6,47258.0
2026-06-25 10:35:00,323.6,324.3,323.6,324.3,66715.0
2026-06-25 10:40:00,324.25,324.25,323.75,323.9,29620.0
2026-06-25 10:45:00,323.8,324.1,323.65,324.05,30839.0
2026-06-25 10:50:00,323.95,323.95,323.25,323.65,145743.0
2026-06-25 10:55:00,323.6,324.3,323.6,324.3,52954.0
2026-06-25 11:00:00,324.25,324.75,324.25,324.7,62382.0
2026-06-25 11:05:00,324.6,324.9,324.3,324.55,32598.0
2026-06-25 11:10:00,324.55,324.9,324.4,324.75,19623.0
2026-06-25 11:15:00,324.75,324.9,323.8,323.95,30121.0
2026-06-25 11:20:00,323.9,324.15,323.5,323.7,52039.0
2026-06-25 11:25:00,323.75,323.8,323.35,323.55,26791.0
2026-06-25 11:30:00,323.55,323.8,323.55,323.6,20811.0
2026-06-25 11:35:00,323.7,324.15,323.6,324.0,127738.0
2026-06-25 11:40:00,324.0,324.25,323.3,323.55,167705.0
2026-06-25 11:45:00,323.6,323.9,323.55,323.6,28337.0
2026-06-25 11:50:00,323.65,323.65,323.4,323.4,40459.0
2026-06-25 11:55:00,323.45,323.5,323.0,323.35,48969.0
2026-06-25 12:00:00,323.35,324.45,323.35,324.25,66969.0
2026-06-25 12:05:00,324.25,324.45,324.1,324.3,35861.0
2026-06-25 12:10:00,324.3,324.45,324.0,324.25,52452.0
2026-06-25 12:15:00,324.15,324.5,324.1,324.35,36295.0
2026-06-25 12:20:00,324.35,324.65,324.3,324.6,36793.0
2026-06-25 12:25:00,324.6,324.9,324.25,324.85,86984.0
2026-06-25 12:30:00,324.65,324.85,324.4,324.7,49446.0
2026-06-25 12:35:00,324.7,325.8,324.65,325.75,171555.0
2026-06-25 12:40:00,325.7,325.8,325.5,325.5,53161.0
2026-06-25 12:45:00,325.6,325.65,325.0,325.35,54763.0
2026-06-25 12:50:00,325.45,326.0,325.35,325.95,80225.0
2026-06-25 12:55:00,325.9,326.0,325.6,325.75,51423.0
2026-06-25 13:00:00,325.75,325.9,325.65,325.85,31080.0
2026-06-25 13:05:00,325.75,325.85,325.3,325.6,70329.0
2026-06-25 13:10:00,325.75,325.75,324.95,325.0,65830.0
2026-06-25 13:15:00,325.0,325.4,324.9,325.3,35406.0
2026-06-25 13:20:00,325.25,325.85,325.25,325.8,49902.0
2026-06-25 13:25:00,325.65,325.85,325.25,325.35,52540.0
2026-06-25 13:30:00,325.4,325.7,325.3,325.5,30681.0
2026-06-25 13:35:00,325.65,325.65,325.35,325.4,29038.0
2026-06-25 13:40:00,325.45,325.55,325.4,325.4,27375.0
2026-06-25 13:45:00,325.55,325.55,325.0,325.2,43841.0
2026-06-25 13:50:00,325.1,325.3,324.65,324.7,34356.0
2026-06-25 13:55:00,324.75,325.15,324.7,325.05,40018.0
2026-06-25 14:00:00,325.05,325.15,324.8,324.8,40286.0
2026-06-25 14:05:00,324.8,325.0,324.2,324.25,62478.0
2026-06-25 14:10:00,324.3,324.5,324.2,324.3,59540.0
2026-06-25 14:15:00,324.2,324.3,323.7,323.8,53821.0
2026-06-25 14:20:00,323.95,324.1,323.5,323.65,78789.0
2026-06-25 14:25:00,323.6,324.15,323.25,323.95,77448.0
2026-06-25 14:30:00,324.05,324.15,323.65,323.7,31268.0
2026-06-25 14:35:00,323.75,324.35,323.7,323.75,106963.0
2026-06-25 14:40:00,323.75,323.85,322.75,322.85,100409.0
2026-06-25 14:45:00,322.85,323.4,322.85,323.1,107789.0
2026-06-25 14:50:00,323.0,323.85,323.0,323.55,87680.0
2026-06-25 14:55:00,323.55,323.85,323.35,323.7,83367.0
2026-06-25 15:00:00,323.7,324.05,323.4,323.95,181000.0
2026-06-25 15:05:00,323.95,324.1,323.55,323.95,252777.0
2026-06-25 15:10:00,323.95,324.4,323.9,324.25,239220.0
2026-06-25 15:15:00,324.25,324.4,324.2,324.35,189453.0
2026-06-25 15:20:00,324.35,324.45,323.95,324.1,427146.0
2026-06-25 15:25:00,324.15,324.55,323.35,323.4,312724.0
2026-06-29 09:15:00,323.0,325.1,322.95,324.7,258944.0
2026-06-29 09:20:00,324.7,325.7,324.1,324.15,151215.0
2026-06-29 09:25:00,324.1,325.05,324.1,324.45,103084.0
2026-06-29 09:30:00,324.45,324.75,323.3,323.65,120242.0
2026-06-29 09:35:00,323.65,323.9,323.0,323.4,101599.0
2026-06-29 09:40:00,323.4,323.9,323.05,323.7,69573.0
2026-06-29 09:45:00,323.9,324.0,323.5,323.75,63059.0
2026-06-29 09:50:00,323.75,324.85,323.75,323.8,82204.0
2026-06-29 09:55:00,323.85,324.45,323.75,324.3,55070.0
2026-06-29 10:00:00,324.3,324.8,324.05,324.1,37213.0
2026-06-29 10:05:00,324.05,324.95,324.05,324.8,42270.0
2026-06-29 10:10:00,324.8,324.9,324.2,324.25,69268.0
2026-06-29 10:15:00,324.2,324.8,323.95,324.45,196530.0
2026-06-29 10:20:00,324.4,325.0,324.4,324.7,73825.0
2026-06-29 10:25:00,324.85,325.75,324.65,325.55,269847.0
2026-06-29 10:30:00,325.55,326.1,325.25,325.5,220256.0
2026-06-29 10:35:00,325.4,326.0,325.3,325.8,87781.0
2026-06-29 10:40:00,325.85,326.0,325.6,325.8,47125.0
2026-06-29 10:45:00,325.7,325.9,325.1,325.3,48995.0
2026-06-29 10:50:00,325.35,325.35,324.8,325.25,88189.0
2026-06-29 10:55:00,325.25,325.45,325.0,325.3,37095.0
2026-06-29 11:00:00,325.15,325.75,325.15,325.45,46890.0
2026-06-29 11:05:00,325.6,325.8,325.35,325.8,61593.0
2026-06-29 11:10:00,325.7,325.9,325.6,325.65,50567.0
2026-06-29 11:15:00,325.65,325.8,325.4,325.8,55657.0
2026-06-29 11:20:00,325.8,326.0,325.6,326.0,69016.0
2026-06-29 11:25:00,326.0,326.2,325.75,325.95,167737.0
2026-06-29 11:30:00,325.95,326.0,325.4,325.6,71442.0
2026-06-29 11:35:00,325.6,326.75,325.6,326.7,201394.0
2026-06-29 11:40:00,326.75,327.0,326.25,326.35,125839.0
2026-06-29 11:45:00,326.35,326.75,326.2,326.4,76503.0
2026-06-29 11:50:00,326.4,326.4,325.95,326.1,74764.0
2026-06-29 11:55:00,326.0,326.15,325.4,325.6,76955.0
2026-06-29 12:00:00,325.5,325.8,325.35,325.55,72633.0
2026-06-29 12:05:00,325.4,325.65,325.3,325.45,54530.0
2026-06-29 12:10:00,325.45,325.55,325.05,325.25,62318.0
2026-06-29 12:15:00,325.15,325.3,324.5,324.55,101336.0
2026-06-29 12:20:00,324.5,324.55,324.05,324.1,96711.0
2026-06-29 12:25:00,324.1,324.25,323.0,323.3,133413.0
2026-06-29 12:30:00,323.3,323.6,323.05,323.15,72192.0
2026-06-29 12:35:00,323.15,323.25,322.4,322.55,119922.0
2026-06-29 12:40:00,322.55,322.7,322.15,322.45,90712.0
2026-06-29 12:45:00,322.45,322.85,322.4,322.7,66279.0
2026-06-29 12:50:00,322.65,323.3,322.55,323.1,77210.0
2026-06-29 12:55:00,323.05,323.35,322.95,323.05,72255.0
2026-06-29 13:00:00,323.1,323.7,323.0,323.55,117556.0
2026-06-29 13:05:00,323.4,324.3,323.2,324.15,107303.0
2026-06-29 13:10:00,324.3,325.5,324.1,325.1,146615.0
2026-06-29 13:15:00,325.1,325.15,324.2,324.6,107669.0
2026-06-29 13:20:00,324.7,325.15,324.4,325.05,112149.0
2026-06-29 13:25:00,324.95,325.25,324.75,325.1,116748.0
2026-06-29 13:30:00,325.05,325.2,324.55,324.75,117001.0
2026-06-29 13:35:00,324.65,325.2,324.5,325.15,119853.0
2026-06-29 13:40:00,325.1,325.35,324.95,325.1,125546.0
2026-06-29 13:45:00,325.15,325.5,324.9,325.0,136931.0
2026-06-29 13:50:00,325.0,325.5,324.65,325.5,123860.0
2026-06-29 13:55:00,325.45,325.75,325.4,325.55,122023.0
2026-06-29 14:00:00,325.55,325.8,325.35,325.75,151235.0
2026-06-29 14:05:00,325.65,325.85,325.25,325.5,127295.0
2026-06-29 14:10:00,325.5,325.8,325.5,325.75,151482.0
2026-06-29 14:15:00,325.6,325.85,325.3,325.3,129402.0
2026-06-29 14:20:00,325.3,325.5,325.0,325.2,135065.0
2026-06-29 14:25:00,325.1,325.45,325.0,325.35,136017.0
2026-06-29 14:30:00,325.4,326.0,325.3,326.0,127075.0
2026-06-29 14:35:00,325.95,326.0,325.35,325.55,152670.0
2026-06-29 14:40:00,325.55,326.0,325.55,325.8,210510.0
2026-06-29 14:45:00,325.7,325.9,324.65,325.0,165430.0
2026-06-29 14:50:00,325.0,325.6,324.65,324.75,240467.0
2026-06-29 14:55:00,324.8,325.1,324.4,324.6,212503.0
2026-06-29 15:00:00,324.45,324.45,322.3,322.6,1092850.0
2026-06-29 15:05:00,322.45,323.2,322.3,322.85,1084359.0
2026-06-29 15:10:00,322.95,324.9,322.6,324.5,1516397.0
2026-06-29 15:15:00,324.45,325.05,324.2,324.9,1404750.0
2026-06-29 15:20:00,324.75,325.25,324.4,324.4,1491275.0
2026-06-29 15:25:00,324.2,325.4,323.45,324.5,868573.0
2026-06-30 09:15:00,324.8,325.45,324.25,325.35,150428.0
2026-06-30 09:20:00,325.2,325.4,324.05,324.05,208643.0
2026-06-30 09:25:00,324.1,324.95,323.85,324.05,105156.0
2026-06-30 09:30:00,324.15,325.35,323.7,324.9,166571.0
2026-06-30 09:35:00,325.0,325.65,324.75,325.5,166900.0
2026-06-30 09:40:00,325.5,326.05,325.15,325.5,185784.0
2026-06-30 09:45:00,325.5,325.7,324.85,325.2,187495.0
2026-06-30 09:50:00,325.15,326.8,325.15,326.55,145652.0
2026-06-30 09:55:00,326.55,328.95,326.5,328.3,585571.0
2026-06-30 10:00:00,328.4,329.25,328.4,329.25,253661.0
2026-06-30 10:05:00,329.25,329.4,327.75,328.1,453963.0
2026-06-30 10:10:00,328.05,330.85,328.05,330.85,367548.0
2026-06-30 10:15:00,330.85,330.85,330.3,330.6,162145.0
2026-06-30 10:20:00,330.7,330.7,329.6,329.9,161027.0
2026-06-30 10:25:00,330.0,330.55,329.85,330.55,148809.0
2026-06-30 10:30:00,330.6,331.5,330.45,331.3,266078.0
2026-06-30 10:35:00,331.5,331.8,330.25,330.3,193763.0
2026-06-30 10:40:00,330.45,330.65,330.0,330.3,150868.0
2026-06-30 10:45:00,330.3,330.5,330.0,330.35,95915.0
2026-06-30 10:50:00,330.3,330.4,329.8,330.0,128076.0
2026-06-30 10:55:00,329.95,330.2,329.45,329.75,123606.0
2026-06-30 11:00:00,329.75,329.95,329.5,329.7,98028.0
2026-06-30 11:05:00,329.7,330.0,329.55,329.75,90779.0
2026-06-30 11:10:00,329.65,330.0,329.5,330.0,97671.0
2026-06-30 11:15:00,330.0,330.2,328.95,329.45,429557.0
2026-06-30 11:20:00,329.45,330.1,329.35,330.0,177459.0
2026-06-30 11:25:00,330.0,330.0,329.05,329.25,100262.0
2026-06-30 11:30:00,329.3,330.0,329.1,329.8,125682.0
2026-06-30 11:35:00,329.8,330.0,329.4,329.85,126466.0
2026-06-30 11:40:00,329.95,330.0,329.2,329.4,116922.0
2026-06-30 11:45:00,329.4,329.6,329.15,329.35,89045.0
2026-06-30 11:50:00,329.35,329.75,329.2,329.35,146970.0
2026-06-30 11:55:00,329.35,329.6,328.95,329.6,108618.0
2026-06-30 12:00:00,329.65,329.65,327.9,328.3,175100.0
2026-06-30 12:05:00,328.25,328.4,327.8,328.3,140662.0
2026-06-30 12:10:00,328.3,328.6,327.85,328.4,180471.0
2026-06-30 12:15:00,328.55,328.65,328.15,328.35,101381.0
2026-06-30 12:20:00,328.35,328.6,328.2,328.6,119374.0
2026-06-30 12:25:00,328.6,328.65,328.3,328.5,107437.0
2026-06-30 12:30:00,328.5,328.5,327.7,328.2,180955.0
2026-06-30 12:35:00,328.25,328.9,327.95,328.9,121203.0
2026-06-30 12:40:00,328.9,329.0,328.65,328.95,107185.0
2026-06-30 12:45:00,328.95,329.6,328.75,329.6,184393.0
2026-06-30 12:50:00,329.5,330.0,329.3,329.75,196751.0
2026-06-30 12:55:00,329.8,330.0,329.55,329.75,223953.0
2026-06-30 13:00:00,329.6,330.0,329.55,329.9,83668.0
2026-06-30 13:05:00,329.95,329.95,329.15,329.35,121087.0
2026-06-30 13:10:00,329.3,329.45,329.0,329.2,88015.0
2026-06-30 13:15:00,329.15,329.75,329.0,329.0,145677.0
2026-06-30 13:20:00,329.0,329.3,328.85,329.2,123411.0
2026-06-30 13:25:00,329.2,329.45,329.0,329.4,133363.0
2026-06-30 13:30:00,329.4,329.5,329.05,329.4,188052.0
2026-06-30 13:35:00,329.5,329.55,329.05,329.2,92069.0
2026-06-30 13:40:00,329.2,329.35,329.0,329.1,106603.0
2026-06-30 13:45:00,329.15,329.75,328.95,329.55,97726.0
2026-06-30 13:50:00,329.5,329.95,329.4,329.55,112991.0
2026-06-30 13:55:00,329.55,329.7,328.7,328.85,231184.0
2026-06-30 14:00:00,328.75,329.45,328.5,329.05,247061.0
2026-06-30 14:05:00,329.2,329.5,328.7,329.25,175408.0
2026-06-30 14:10:00,329.35,329.45,328.9,329.0,127917.0
2026-06-30 14:15:00,329.0,329.2,328.8,329.0,134038.0
2026-06-30 14:20:00,329.15,329.85,328.95,329.75,112129.0
2026-06-30 14:25:00,329.9,330.0,329.6,329.75,142165.0
2026-06-30 14:30:00,329.85,330.0,329.3,329.9,153305.0
2026-06-30 14:35:00,329.9,330.4,329.65,330.25,295186.0
2026-06-30 14:40:00,330.3,330.55,330.0,330.35,130126.0
2026-06-30 14:45:00,330.4,330.5,330.15,330.45,111540.0
2026-06-30 14:50:00,330.55,330.55,329.9,329.95,175266.0
2026-06-30 14:55:00,330.1,330.5,329.75,330.3,140793.0
2026-06-30 15:00:00,330.3,330.65,329.95,330.3,559293.0
2026-06-30 15:05:00,330.35,330.65,329.8,330.4,782962.0
2026-06-30 15:10:00,330.45,331.0,330.1,330.25,852517.0
2026-06-30 15:15:00,330.25,330.45,328.95,329.2,742109.0
2026-06-30 15:20:00,329.35,329.85,328.95,329.65,766338.0
2026-06-30 15:25:00,329.7,330.2,328.65,329.05,430802.0
2026-07-01 09:15:00,329.0,329.0,325.65,327.25,239714.0
2026-07-01 09:20:00,327.35,328.0,326.9,327.55,105001.0
2026-07-01 09:25:00,327.55,327.9,327.4,327.55,57107.0
2026-07-01 09:30:00,327.35,328.1,327.2,327.5,97737.0
2026-07-01 09:35:00,327.55,327.8,327.3,327.55,45459.0
2026-07-01 09:40:00,327.6,328.25,327.45,328.05,74016.0
2026-07-01 09:45:00,328.05,328.5,327.85,328.25,45963.0
2026-07-01 09:50:00,328.25,328.25,327.65,328.05,52273.0
2026-07-01 09:55:00,327.95,328.3,327.75,328.0,31577.0
2026-07-01 10:00:00,328.0,328.2,327.3,327.65,56469.0
2026-07-01 10:05:00,327.55,327.7,327.15,327.65,35974.0
2026-07-01 10:10:00,327.65,328.9,327.25,328.85,66192.0
2026-07-01 10:15:00,328.9,329.5,328.75,329.25,84907.0
2026-07-01 10:20:00,329.25,329.9,329.2,329.7,79533.0
2026-07-01 10:25:00,329.75,329.9,329.15,329.8,82635.0
2026-07-01 10:30:00,329.85,330.1,329.5,329.65,105286.0
2026-07-01 10:35:00,329.7,329.7,329.2,329.45,55893.0
2026-07-01 10:40:00,329.4,329.7,329.25,329.65,76227.0
2026-07-01 10:45:00,329.75,330.35,329.65,330.1,102065.0
2026-07-01 10:50:00,330.05,330.1,329.7,329.9,31887.0
2026-07-01 10:55:00,329.95,330.0,329.7,329.85,38977.0
2026-07-01 11:00:00,329.9,330.3,329.7,330.2,121286.0
2026-07-01 11:05:00,330.2,330.45,330.1,330.25,67407.0
2026-07-01 11:10:00,330.4,330.9,330.35,330.85,52447.0
2026-07-01 11:15:00,330.9,331.0,330.6,330.7,65132.0
2026-07-01 11:20:00,330.7,330.9,330.65,330.9,36412.0
2026-07-01 11:25:00,330.9,330.9,330.4,330.55,91250.0
2026-07-01 11:30:00,330.55,330.9,330.35,330.9,48525.0
2026-07-01 11:35:00,330.9,330.95,330.55,330.8,34172.0
2026-07-01 11:40:00,330.75,330.8,330.1,330.25,42669.0
2026-07-01 11:45:00,330.35,330.55,330.2,330.4,38110.0
2026-07-01 11:50:00,330.45,330.45,329.7,329.9,31610.0
2026-07-01 11:55:00,329.9,330.3,329.75,330.3,46585.0
2026-07-01 12:00:00,330.3,330.3,329.85,330.05,39731.0
2026-07-01 12:05:00,330.05,330.15,330.0,330.1,34337.0
2026-07-01 12:10:00,330.1,330.55,330.05,330.3,40876.0
2026-07-01 12:15:00,330.3,330.35,330.0,330.25,52203.0
2026-07-01 12:20:00,330.25,330.65,330.0,330.65,50175.0
2026-07-01 12:25:00,330.55,330.85,329.7,329.7,96389.0
2026-07-01 12:30:00,329.85,330.65,329.85,330.45,43923.0
2026-07-01 12:35:00,330.45,330.5,329.8,330.3,28980.0
2026-07-01 12:40:00,330.35,330.35,329.95,330.05,36937.0
2026-07-01 12:45:00,330.05,330.95,329.65,329.65,192077.0
2026-07-01 12:50:00,329.8,330.6,329.65,330.45,247694.0
2026-07-01 12:55:00,330.45,330.85,330.35,330.85,59239.0
2026-07-01 13:00:00,330.7,330.9,330.25,330.6,28172.0
2026-07-01 13:05:00,330.55,330.8,330.5,330.7,22087.0
2026-07-01 13:10:00,330.7,330.95,330.55,330.7,67923.0
2026-07-01 13:15:00,330.75,330.75,330.4,330.7,29165.0
2026-07-01 13:20:00,330.7,330.95,330.65,330.9,31427.0
2026-07-01 13:25:00,330.9,330.9,330.25,330.3,33612.0
2026-07-01 13:30:00,330.3,330.5,330.15,330.5,24710.0
2026-07-01 13:35:00,330.45,330.75,330.35,330.65,31747.0
2026-07-01 13:40:00,330.7,330.8,330.45,330.75,31629.0
2026-07-01 13:45:00,330.7,330.75,330.5,330.55,26706.0
2026-07-01 13:50:00,330.6,330.8,330.55,330.8,28891.0
2026-07-01 13:55:00,330.8,330.9,330.65,330.65,55936.0
2026-07-01 14:00:00,330.75,330.75,330.1,330.3,51036.0
2026-07-01 14:05:00,330.45,330.45,330.05,330.3,46950.0
2026-07-01 14:10:00,330.3,330.45,330.15,330.4,49265.0
2026-07-01 14:15:00,330.45,330.45,330.15,330.25,27466.0
2026-07-01 14:20:00,330.2,330.45,330.0,330.45,47510.0
2026-07-01 14:25:00,330.5,330.5,330.3,330.3,24332.0
2026-07-01 14:30:00,330.35,330.4,330.2,330.2,19987.0
2026-07-01 14:35:00,330.3,330.5,330.1,330.25,43542.0
2026-07-01 14:40:00,330.25,330.45,330.0,330.45,77027.0
2026-07-01 14:45:00,330.3,330.7,330.3,330.45,46294.0
2026-07-01 14:50:00,330.45,331.0,330.4,331.0,247160.0
2026-07-01 14:55:00,331.0,332.0,330.85,331.8,320174.0
2026-07-01 15:00:00,331.85,332.0,331.6,331.8,374982.0
2026-07-01 15:05:00,331.8,331.9,331.3,331.55,280971.0
2026-07-01 15:10:00,331.55,331.7,331.35,331.45,478047.0
2026-07-01 15:15:00,331.5,331.5,330.8,331.0,169277.0
2026-07-01 15:20:00,330.95,331.2,330.75,330.95,264997.0
2026-07-01 15:25:00,331.0,331.25,330.2,330.85,226194.0
2026-07-02 09:15:00,331.75,332.35,329.7,330.15,449567.0
2026-07-02 09:20:00,330.1,330.3,329.3,330.0,98928.0
2026-07-02 09:25:00,330.05,330.8,330.05,330.6,65614.0
2026-07-02 09:30:00,330.6,330.95,330.2,330.35,195915.0
2026-07-02 09:35:00,330.3,331.95,330.3,331.85,212446.0
2026-07-02 09:40:00,331.85,332.0,331.55,331.75,79555.0
2026-07-02 09:45:00,331.75,332.0,331.55,331.85,82710.0
2026-07-02 09:50:00,331.85,332.0,331.6,331.75,189212.0
2026-07-02 09:55:00,331.75,332.0,331.6,331.95,48343.0
2026-07-02 10:00:00,331.95,332.0,331.55,331.75,77329.0
2026-07-02 10:05:00,331.7,331.85,331.2,331.6,52248.0
2026-07-02 10:10:00,331.55,332.0,331.5,331.5,48736.0
2026-07-02 10:15:00,331.5,331.95,331.05,331.5,62112.0
2026-07-02 10:20:00,331.3,331.6,331.15,331.45,69740.0
2026-07-02 10:25:00,331.45,331.65,331.35,331.5,61615.0
2026-07-02 10:30:00,331.4,331.6,331.1,331.35,43419.0
2026-07-02 10:35:00,331.35,331.65,331.2,331.65,34032.0
2026-07-02 10:40:00,331.65,331.75,331.0,331.3,46035.0
2026-07-02 10:45:00,331.25,331.5,331.05,331.25,48592.0
2026-07-02 10:50:00,331.25,331.25,330.55,330.8,49270.0
2026-07-02 10:55:00,330.75,331.15,330.55,330.85,65736.0
2026-07-02 11:00:00,330.8,331.0,330.6,331.0,47109.0
2026-07-02 11:05:00,331.0,331.3,330.8,331.05,91410.0
2026-07-02 11:10:00,331.05,331.1,330.65,330.85,51626.0
2026-07-02 11:15:00,330.75,330.85,330.15,330.35,53769.0
2026-07-02 11:20:00,330.55,330.95,330.3,330.75,45167.0
2026-07-02 11:25:00,330.75,330.95,330.45,330.75,41326.0
2026-07-02 11:30:00,330.75,330.75,330.3,330.35,52803.0
2026-07-02 11:35:00,330.2,330.75,330.0,330.0,318676.0
2026-07-02 11:40:00,330.0,330.25,330.0,330.1,99347.0
2026-07-02 11:45:00,330.05,330.3,330.05,330.1,67370.0
2026-07-02 11:50:00,330.05,330.45,330.05,330.4,63129.0
2026-07-02 11:55:00,330.4,330.45,330.05,330.2,49684.0
2026-07-02 12:00:00,330.15,330.45,330.15,330.4,46682.0
2026-07-02 12:05:00,330.3,330.45,330.25,330.3,36915.0
2026-07-02 12:10:00,330.25,330.3,330.0,330.05,54251.0
2026-07-02 12:15:00,330.0,330.45,330.0,330.35,112964.0
2026-07-02 12:20:00,330.2,330.6,330.2,330.55,41350.0
2026-07-02 12:25:00,330.55,330.65,330.3,330.45,47326.0
2026-07-02 12:30:00,330.45,330.45,330.0,330.1,35932.0
2026-07-02 12:35:00,330.05,330.5,330.05,330.45,52501.0
2026-07-02 12:40:00,330.45,330.6,330.05,330.15,49262.0
2026-07-02 12:45:00,330.15,330.15,330.0,330.05,39287.0
2026-07-02 12:50:00,330.0,330.1,330.0,330.05,52985.0
2026-07-02 12:55:00,330.0,330.55,330.0,330.55,331194.0
2026-07-02 13:00:00,330.7,330.8,330.15,330.5,162712.0
2026-07-02 13:05:00,330.45,330.6,330.2,330.3,35127.0
2026-07-02 13:10:00,330.25,330.3,330.0,330.2,54485.0
2026-07-02 13:15:00,330.2,330.3,330.05,330.25,44617.0
2026-07-02 13:20:00,330.1,330.3,330.05,330.15,47834.0
2026-07-02 13:25:00,330.15,330.3,330.0,330.15,325338.0
2026-07-02 13:30:00,330.15,330.45,330.0,330.3,46871.0
2026-07-02 13:35:00,330.2,330.3,330.0,330.05,36510.0
2026-07-02 13:40:00,330.05,330.3,330.0,330.0,74861.0
2026-07-02 13:45:00,330.05,330.15,329.45,330.05,187986.0
2026-07-02 13:50:00,330.1,330.35,330.0,330.15,55982.0
2026-07-02 13:55:00,330.15,330.2,329.8,330.15,114643.0
2026-07-02 14:00:00,330.15,330.45,330.05,330.2,75754.0
2026-07-02 14:05:00,330.1,330.3,330.0,330.15,43995.0
2026-07-02 14:10:00,330.1,330.25,330.0,330.25,133003.0
2026-07-02 14:15:00,330.25,330.25,330.0,330.1,96187.0
2026-07-02 14:20:00,330.0,330.25,330.0,330.05,104756.0
2026-07-02 14:25:00,330.0,330.2,330.0,330.2,127985.0
2026-07-02 14:30:00,330.15,330.3,330.05,330.2,59733.0
2026-07-02 14:35:00,330.15,330.95,330.1,330.85,82642.0
2026-07-02 14:40:00,330.85,330.85,330.3,330.55,79959.0
2026-07-02 14:45:00,330.55,330.9,330.45,330.75,75450.0
2026-07-02 14:50:00,330.75,331.4,330.6,331.25,118285.0
2026-07-02 14:55:00,331.15,331.35,330.85,331.25,154399.0
2026-07-02 15:00:00,331.25,331.25,330.9,331.1,127591.0
2026-07-02 15:05:00,331.1,331.1,330.65,330.9,134264.0
2026-07-02 15:10:00,330.9,331.1,330.6,331.0,170709.0
2026-07-02 15:15:00,331.15,331.25,330.9,331.05,187691.0
2026-07-02 15:20:00,331.05,331.3,330.75,330.95,329089.0
2026-07-02 15:25:00,330.95,332.0,330.9,331.5,146540.0
2026-07-03 09:15:00,332.4,334.15,331.8,332.9,132430.0
2026-07-03 09:20:00,332.9,333.85,332.6,332.6,62271.0
2026-07-03 09:25:00,332.65,332.75,332.25,332.5,51887.0
2026-07-03 09:30:00,332.2,333.05,332.2,332.95,92825.0
2026-07-03 09:35:00,332.95,333.6,332.55,333.35,91641.0
2026-07-03 09:40:00,333.45,334.0,333.25,333.6,72921.0
2026-07-03 09:45:00,333.65,334.0,333.25,333.65,74442.0
2026-07-03 09:50:00,333.7,334.3,333.7,334.0,76180.0
2026-07-03 09:55:00,334.0,334.2,333.4,333.45,102430.0
2026-07-03 10:00:00,333.7,333.7,333.3,333.6,24083.0
2026-07-03 10:05:00,333.7,333.7,333.45,333.7,22990.0
2026-07-03 10:10:00,333.5,333.7,332.85,333.05,79001.0
2026-07-03 10:15:00,333.05,334.2,333.0,333.6,91480.0
2026-07-03 10:20:00,333.65,334.2,333.55,334.0,29734.0
2026-07-03 10:25:00,333.85,334.1,333.5,333.6,37473.0
2026-07-03 10:30:00,333.5,333.65,333.35,333.65,25579.0
2026-07-03 10:35:00,333.65,333.65,333.2,333.25,25560.0
2026-07-03 10:40:00,333.2,333.5,333.05,333.05,15256.0
2026-07-03 10:45:00,333.25,333.3,332.95,333.0,20471.0
2026-07-03 10:50:00,333.0,333.25,332.75,332.85,20491.0
2026-07-03 10:55:00,332.75,332.9,332.2,332.2,29909.0
2026-07-03 11:00:00,332.35,332.5,332.15,332.25,20273.0
2026-07-03 11:05:00,332.4,332.4,331.25,331.3,44863.0
2026-07-03 11:10:00,331.3,331.55,330.95,331.2,42321.0
2026-07-03 11:15:00,331.2,331.65,330.95,331.15,28925.0
2026-07-03 11:20:00,331.2,331.7,330.5,331.25,362010.0
2026-07-03 11:25:00,331.05,331.4,330.7,331.05,357914.0
2026-07-03 11:30:00,330.85,331.45,330.7,330.8,40323.0
2026-07-03 11:35:00,330.85,331.1,329.95,330.95,471122.0
2026-07-03 11:40:00,330.85,331.5,330.8,331.45,23751.0
2026-07-03 11:45:00,331.4,331.9,331.25,331.4,51823.0
2026-07-03 11:50:00,331.3,331.5,330.6,330.9,51810.0
2026-07-03 11:55:00,330.75,330.9,330.5,330.6,34913.0
2026-07-03 12:00:00,330.65,330.8,330.55,330.75,23450.0
2026-07-03 12:05:00,330.6,330.8,330.3,330.3,63490.0
2026-07-03 12:10:00,330.3,330.5,329.4,330.2,66712.0
2026-07-03 12:15:00,330.1,330.35,330.0,330.1,27460.0
2026-07-03 12:20:00,330.05,330.4,329.7,329.85,30703.0
2026-07-03 12:25:00,329.7,330.0,329.55,329.65,13632.0
2026-07-03 12:30:00,329.55,329.7,329.0,329.35,57881.0
2026-07-03 12:35:00,329.35,329.5,328.65,328.85,67875.0
2026-07-03 12:40:00,328.9,329.0,328.65,328.95,35503.0
2026-07-03 12:45:00,328.95,328.95,328.25,328.95,60542.0
2026-07-03 12:50:00,328.85,328.95,328.5,328.75,23153.0
2026-07-03 12:55:00,328.75,328.95,328.5,328.75,30408.0
2026-07-03 13:00:00,328.75,328.8,327.75,327.95,58457.0
2026-07-03 13:05:00,327.95,328.05,327.25,327.45,65186.0
2026-07-03 13:10:00,327.4,327.5,326.8,327.15,97337.0
2026-07-03 13:15:00,327.1,327.15,326.7,326.95,49073.0
2026-07-03 13:20:00,326.85,327.35,326.85,327.1,67919.0
2026-07-03 13:25:00,327.05,327.15,326.75,327.0,58898.0
2026-07-03 13:30:00,326.85,327.3,326.65,326.8,123364.0
2026-07-03 13:35:00,326.85,327.0,326.65,327.0,50024.0
2026-07-03 13:40:00,326.9,327.6,326.9,327.25,46464.0
2026-07-03 13:45:00,327.1,327.65,327.0,327.45,32907.0
2026-07-03 13:50:00,327.45,327.75,327.35,327.65,49045.0
2026-07-03 13:55:00,327.5,327.65,327.1,327.1,69194.0
2026-07-03 14:00:00,327.1,327.3,326.4,326.65,157365.0
2026-07-03 14:05:00,326.65,327.15,326.5,327.05,74949.0
2026-07-03 14:10:00,326.9,327.6,326.85,327.3,114000.0
2026-07-03 14:15:00,327.3,327.9,327.3,327.5,25113.0
2026-07-03 14:20:00,327.5,328.0,327.4,328.0,14997.0
2026-07-03 14:25:00,327.9,327.9,327.5,327.75,20196.0
2026-07-03 14:30:00,327.75,328.35,327.6,328.3,32230.0
2026-07-03 14:35:00,327.95,328.1,327.5,328.0,45877.0
2026-07-03 14:40:00,327.85,327.95,327.5,327.5,20013.0
2026-07-03 14:45:00,327.45,327.95,327.45,327.85,28790.0
2026-07-03 14:50:00,327.7,327.8,327.2,327.25,26434.0
2026-07-03 14:55:00,327.2,327.85,327.1,327.2,106202.0
2026-07-03 15:00:00,327.25,327.7,327.05,327.5,123889.0
2026-07-03 15:05:00,327.5,327.85,327.35,327.55,69937.0
2026-07-03 15:10:00,327.45,327.65,327.25,327.3,171303.0
2026-07-03 15:15:00,327.3,327.8,327.25,327.6,141722.0
2026-07-03 15:20:00,327.6,327.65,327.05,327.5,110738.0
2026-07-03 15:25:00,327.5,327.65,327.0,327.5,147571.0
2026-07-06 09:15:00,327.8,329.9,327.2,329.2,79740.0
2026-07-06 09:20:00,329.25,329.25,327.05,327.6,101937.0
2026-07-06 09:25:00,327.6,327.65,326.7,327.15,90679.0
2026-07-06 09:30:00,327.1,327.45,326.1,326.45,115821.0
2026-07-06 09:35:00,326.45,326.45,325.55,325.75,101820.0
2026-07-06 09:40:00,325.8,326.1,325.5,325.85,65749.0
2026-07-06 09:45:00,326.05,326.75,326.0,326.1,74740.0
2026-07-06 09:50:00,326.15,326.6,326.15,326.5,10551.0
2026-07-06 09:55:00,326.5,327.2,326.2,327.2,67025.0
2026-07-06 10:00:00,327.2,327.3,326.7,326.75,26950.0
2026-07-06 10:05:00,326.7,326.95,326.4,326.85,20015.0
2026-07-06 10:10:00,326.95,327.65,326.75,327.5,74871.0
2026-07-06 10:15:00,327.5,327.5,327.0,327.05,37001.0
2026-07-06 10:20:00,327.2,327.75,326.85,327.35,35215.0
2026-07-06 10:25:00,327.5,327.9,327.25,327.6,57282.0
2026-07-06 10:30:00,327.6,328.9,327.5,328.2,71736.0
2026-07-06 10:35:00,328.1,328.55,328.0,328.35,30402.0
2026-07-06 10:40:00,328.15,328.5,328.15,328.45,15081.0
2026-07-06 10:45:00,328.45,328.45,328.1,328.4,27657.0
2026-07-06 10:50:00,328.2,328.5,328.2,328.4,20244.0
2026-07-06 10:55:00,328.25,328.5,328.05,328.5,13809.0
2026-07-06 11:00:00,328.3,328.9,328.3,328.75,50842.0
2026-07-06 11:05:00,328.55,329.2,328.5,328.95,41789.0
2026-07-06 11:10:00,328.8,329.2,328.65,329.0,15524.0
2026-07-06 11:15:00,328.9,329.35,328.8,329.15,23379.0
2026-07-06 11:20:00,329.15,329.9,329.15,329.85,51312.0
2026-07-06 11:25:00,329.8,329.9,328.75,328.95,26305.0
2026-07-06 11:30:00,328.75,329.1,328.65,329.05,18911.0
2026-07-06 11:35:00,328.9,329.05,328.65,328.65,17914.0
2026-07-06 11:40:00,328.75,328.85,328.55,328.75,12288.0
2026-07-06 11:45:00,328.75,328.8,328.55,328.8,13309.0
2026-07-06 11:50:00,328.8,329.05,328.65,328.85,17568.0
2026-07-06 11:55:00,328.85,329.55,328.85,329.4,35379.0
2026-07-06 12:00:00,329.45,329.5,329.2,329.25,14442.0
2026-07-06 12:05:00,329.25,329.75,329.05,329.6,26375.0
2026-07-06 12:10:00,329.5,329.9,329.1,329.8,51694.0
2026-07-06 12:15:00,330.15,330.5,329.6,329.8,46798.0
2026-07-06 12:20:00,329.8,329.95,329.75,329.8,11561.0
2026-07-06 12:25:00,329.75,330.0,329.7,329.75,15946.0
2026-07-06 12:30:00,329.75,330.9,329.75,330.6,32935.0
2026-07-06 12:35:00,330.6,330.8,330.15,330.15,31294.0
2026-07-06 12:40:00,330.25,330.5,330.15,330.45,22072.0
2026-07-06 12:45:00,330.45,330.6,330.15,330.45,18337.0
2026-07-06 12:50:00,330.45,330.6,330.05,330.3,33642.0
2026-07-06 12:55:00,330.3,331.45,330.3,331.25,55042.0
2026-07-06 13:00:00,331.3,331.7,331.05,331.25,56205.0
2026-07-06 13:05:00,331.1,331.5,331.1,331.5,38130.0
2026-07-06 13:10:00,331.5,331.7,331.35,331.45,25608.0
2026-07-06 13:15:00,331.6,331.65,331.2,331.35,32682.0
2026-07-06 13:20:00,331.3,331.5,331.15,331.3,19220.0
2026-07-06 13:25:00,331.45,332.5,331.25,332.5,68523.0
2026-07-06 13:30:00,332.5,332.5,332.1,332.4,42428.0
2026-07-06 13:35:00,332.35,332.6,332.25,332.4,29522.0
2026-07-06 13:40:00,332.2,332.45,332.1,332.2,22191.0
2026-07-06 13:45:00,332.2,332.4,332.05,332.2,36833.0
2026-07-06 13:50:00,332.25,332.45,332.1,332.2,27946.0
2026-07-06 13:55:00,332.3,332.65,332.1,332.3,93038.0
2026-07-06 14:00:00,332.25,332.8,332.25,332.75,51561.0
2026-07-06 14:05:00,332.7,332.9,332.2,332.55,47739.0
2026-07-06 14:10:00,332.55,333.0,332.55,332.95,40561.0
2026-07-06 14:15:00,333.0,333.45,332.75,333.1,85517.0
2026-07-06 14:20:00,333.1,333.1,332.45,332.65,45351.0
2026-07-06 14:25:00,332.5,332.7,331.6,331.65,140162.0
2026-07-06 14:30:00,331.65,331.8,331.05,331.05,52004.0
2026-07-06 14:35:00,330.9,331.3,330.7,331.25,98045.0
2026-07-06 14:40:00,331.1,331.4,330.9,331.0,53799.0
2026-07-06 14:45:00,330.9,331.0,330.45,330.6,49163.0
2026-07-06 14:50:00,330.6,330.95,330.1,330.7,42391.0
2026-07-06 14:55:00,330.9,331.0,330.4,330.55,72111.0
2026-07-06 15:00:00,330.5,330.8,330.0,330.25,33789.0
2026-07-06 15:05:00,330.15,330.5,330.15,330.15,44404.0
2026-07-06 15:10:00,330.15,330.3,330.0,330.1,105368.0
2026-07-06 15:15:00,330.1,330.7,330.1,330.5,47559.0
2026-07-06 15:20:00,330.45,330.65,330.25,330.3,78228.0
2026-07-06 15:25:00,330.1,330.6,330.0,330.0,73526.0
2026-07-07 09:15:00,330.0,331.45,328.2,331.0,110667.0
2026-07-07 09:20:00,330.95,331.8,330.75,331.2,35689.0
2026-07-07 09:25:00,331.2,331.6,330.25,330.6,47858.0
2026-07-07 09:30:00,330.4,330.55,327.6,327.9,104147.0
2026-07-07 09:35:00,327.8,328.1,327.05,327.2,108451.0
2026-07-07 09:40:00,327.2,327.9,327.05,327.6,71944.0
2026-07-07 09:45:00,327.6,328.25,327.5,328.15,70205.0
2026-07-07 09:50:00,328.15,328.6,328.0,328.0,33296.0
2026-07-07 09:55:00,328.15,328.2,327.9,328.0,15724.0
2026-07-07 10:00:00,328.0,328.3,327.9,327.9,26189.0
2026-07-07 10:05:00,327.9,328.05,327.6,327.65,29398.0
2026-07-07 10:10:00,327.65,327.85,327.6,327.65,20902.0
2026-07-07 10:15:00,327.65,328.05,327.55,327.6,38297.0
2026-07-07 10:20:00,327.75,327.75,326.75,327.05,61832.0
2026-07-07 10:25:00,326.85,326.95,326.7,326.7,27061.0
2026-07-07 10:30:00,326.75,328.4,326.7,328.4,51771.0
2026-07-07 10:35:00,328.2,328.5,328.05,328.45,11638.0
2026-07-07 10:40:00,328.45,328.5,328.0,328.2,22807.0
2026-07-07 10:45:00,328.4,328.4,328.05,328.3,19335.0
2026-07-07 10:50:00,328.3,328.35,327.8,327.8,15113.0
2026-07-07 10:55:00,327.9,327.95,327.3,327.8,26945.0
2026-07-07 11:00:00,327.9,328.15,327.65,327.8,13760.0
2026-07-07 11:05:00,327.7,329.0,327.7,329.0,61797.0
2026-07-07 11:10:00,328.8,329.0,328.7,328.9,15074.0
2026-07-07 11:15:00,328.85,328.85,328.6,328.8,10540.0
2026-07-07 11:20:00,328.7,329.2,328.7,329.05,27185.0
2026-07-07 11:25:00,328.9,329.9,328.9,329.8,34492.0
2026-07-07 11:30:00,329.9,330.0,329.4,329.5,31089.0
2026-07-07 11:35:00,329.45,329.8,329.35,329.7,23661.0
2026-07-07 11:40:00,329.65,329.9,329.45,329.8,23649.0
2026-07-07 11:45:00,329.8,329.95,329.75,329.95,17319.0
2026-07-07 11:50:00,329.95,329.95,329.35,329.5,26517.0
2026-07-07 11:55:00,329.45,329.55,329.2,329.55,32214.0
2026-07-07 12:00:00,329.5,329.55,329.35,329.55,13269.0
2026-07-07 12:05:00,329.4,329.65,329.4,329.55,12881.0
2026-07-07 12:10:00,329.6,329.65,328.85,329.2,72428.0
2026-07-07 12:15:00,329.15,329.25,329.05,329.05,13419.0
2026-07-07 12:20:00,329.25,329.35,329.05,329.1,17712.0
2026-07-07 12:25:00,329.1,329.45,329.0,329.25,29332.0
2026-07-07 12:30:00,329.35,329.35,328.55,328.75,24076.0
2026-07-07 12:35:00,328.6,329.35,328.5,329.35,31657.0
2026-07-07 12:40:00,329.35,329.45,329.1,329.4,32765.0
2026-07-07 12:45:00,329.25,329.5,329.1,329.4,30441.0
2026-07-07 12:50:00,329.5,329.5,328.9,328.9,27738.0
2026-07-07 12:55:00,328.85,329.0,328.6,328.95,53368.0
2026-07-07 13:00:00,328.9,329.35,328.85,329.3,56616.0
2026-07-07 13:05:00,329.3,329.3,329.0,329.3,28000.0
2026-07-07 13:10:00,329.3,329.65,328.85,329.2,30239.0
2026-07-07 13:15:00,329.15,329.9,329.0,329.85,32106.0
2026-07-07 13:20:00,329.8,330.1,329.6,329.95,208637.0
2026-07-07 13:25:00,329.95,330.45,329.85,330.35,36200.0
2026-07-07 13:30:00,330.35,330.7,330.15,330.3,40506.0
2026-07-07 13:35:00,330.2,330.55,330.05,330.5,28786.0
2026-07-07 13:40:00,330.45,330.5,330.15,330.5,28802.0
2026-07-07 13:45:00,330.45,330.75,330.2,330.45,49250.0
2026-07-07 13:50:00,330.45,330.5,330.05,330.4,31976.0
2026-07-07 13:55:00,330.35,331.0,330.15,331.0,42765.0
2026-07-07 14:00:00,331.0,331.2,330.9,331.1,26843.0
2026-07-07 14:05:00,331.1,331.35,331.0,331.15,31505.0
2026-07-07 14:10:00,331.1,331.6,330.9,331.4,40412.0
2026-07-07 14:15:00,331.4,331.4,331.0,331.15,55740.0
2026-07-07 14:20:00,331.1,331.2,331.0,331.05,35348.0
2026-07-07 14:25:00,331.05,331.2,330.75,331.15,57199.0
2026-07-07 14:30:00,331.2,331.25,331.0,331.25,30369.0
2026-07-07 14:35:00,331.15,331.6,331.0,331.1,39205.0
2026-07-07 14:40:00,331.05,331.4,331.0,331.05,61332.0
2026-07-07 14:45:00,331.1,331.2,331.0,331.0,59957.0
2026-07-07 14:50:00,331.0,331.2,330.55,331.1,128063.0
2026-07-07 14:55:00,331.0,331.35,331.0,331.2,58478.0
2026-07-07 15:00:00,331.2,331.5,331.0,331.3,149842.0
2026-07-07 15:05:00,331.4,331.9,331.2,331.6,185666.0
2026-07-07 15:10:00,331.6,331.75,331.25,331.35,176142.0
2026-07-07 15:15:00,331.35,331.95,331.3,331.55,269083.0
2026-07-07 15:20:00,331.75,331.9,331.3,331.8,209682.0
2026-07-07 15:25:00,331.75,332.0,331.2,331.2,147308.0
2026-07-08 09:15:00,330.45,330.9,327.7,330.4,117880.0
2026-07-08 09:20:00,330.55,330.55,329.25,329.45,39792.0
2026-07-08 09:25:00,329.25,330.0,329.25,329.85,35218.0
2026-07-08 09:30:00,329.85,329.85,328.8,329.35,51495.0
2026-07-08 09:35:00,329.25,329.8,329.2,329.75,15601.0
2026-07-08 09:40:00,329.75,330.3,329.5,330.1,37786.0
2026-07-08 09:45:00,330.0,330.15,329.15,329.5,36280.0
2026-07-08 09:50:00,329.35,329.85,329.1,329.1,20851.0
2026-07-08 09:55:00,329.3,330.1,329.3,329.5,25416.0
2026-07-08 10:00:00,329.5,330.2,329.4,329.85,17162.0
2026-07-08 10:05:00,329.85,330.35,329.85,329.9,36646.0
2026-07-08 10:10:00,329.9,330.45,329.9,330.15,40667.0
2026-07-08 10:15:00,330.0,330.25,329.9,330.2,11927.0
2026-07-08 10:20:00,330.1,330.35,330.0,330.1,8667.0
2026-07-08 10:25:00,330.1,330.45,330.0,330.3,6226.0
2026-07-08 10:30:00,330.45,330.45,330.0,330.2,23947.0
2026-07-08 10:35:00,330.15,330.4,329.9,330.3,25698.0
2026-07-08 10:40:00,330.3,330.45,330.15,330.3,23021.0
2026-07-08 10:45:00,330.3,330.3,329.15,329.4,32497.0
2026-07-08 10:50:00,329.4,329.4,328.45,328.6,75668.0
2026-07-08 10:55:00,328.5,328.65,328.05,328.4,35986.0
2026-07-08 11:00:00,328.4,328.85,328.25,328.7,36703.0
2026-07-08 11:05:00,328.8,328.9,328.55,328.85,57761.0
2026-07-08 11:10:00,328.7,329.05,328.65,328.85,34177.0
2026-07-08 11:15:00,328.85,329.05,328.65,329.0,43662.0
2026-07-08 11:20:00,329.05,329.15,328.8,329.0,27578.0
2026-07-08 11:25:00,328.85,330.5,328.8,329.7,59918.0
2026-07-08 11:30:00,329.85,329.85,329.2,329.25,21116.0
2026-07-08 11:35:00,329.4,329.75,329.15,329.4,32358.0
2026-07-08 11:40:00,329.25,329.3,328.85,328.9,25911.0
2026-07-08 11:45:00,328.9,329.15,328.85,328.9,20037.0
2026-07-08 11:50:00,328.95,329.4,328.8,329.25,35471.0
2026-07-08 11:55:00,329.2,329.35,328.85,329.1,30706.0
2026-07-08 12:00:00,329.05,329.15,328.9,329.0,24131.0
2026-07-08 12:05:00,329.0,329.1,328.65,328.75,26659.0
2026-07-08 12:10:00,328.65,329.35,328.65,329.3,55960.0
2026-07-08 12:15:00,329.15,329.85,329.15,329.15,29610.0
2026-07-08 12:20:00,329.3,329.65,329.15,329.35,28668.0
2026-07-08 12:25:00,329.15,329.35,328.9,329.3,19689.0
2026-07-08 12:30:00,329.15,329.45,328.25,328.65,38754.0
2026-07-08 12:35:00,328.45,328.65,328.2,328.4,42682.0
2026-07-08 12:40:00,328.35,328.65,328.25,328.6,21507.0
2026-07-08 12:45:00,328.4,328.65,328.25,328.4,18306.0
2026-07-08 12:50:00,328.45,328.55,328.25,328.3,23069.0
2026-07-08 12:55:00,328.3,328.95,328.3,328.95,23431.0
2026-07-08 13:00:00,328.95,329.05,328.6,328.8,9898.0
2026-07-08 13:05:00,328.8,328.8,328.2,328.25,12804.0
2026-07-08 13:10:00,328.4,328.55,328.25,328.5,9524.0
2026-07-08 13:15:00,328.4,328.5,328.25,328.35,17860.0
2026-07-08 13:20:00,328.35,328.35,328.2,328.35,11753.0
2026-07-08 13:25:00,328.25,328.35,328.1,328.35,8378.0
2026-07-08 13:30:00,328.35,328.35,328.05,328.2,7427.0
2026-07-08 13:35:00,328.2,328.25,328.05,328.25,16328.0
2026-07-08 13:40:00,328.25,328.25,328.05,328.2,4957.0
2026-07-08 13:45:00,328.2,328.4,327.3,327.55,69009.0
2026-07-08 13:50:00,327.5,327.55,326.5,326.65,22994.0
2026-07-08 13:55:00,326.65,326.65,325.3,325.3,52314.0
2026-07-08 14:00:00,325.5,325.85,324.1,324.8,66164.0
2026-07-08 14:05:00,324.7,324.95,324.1,324.25,80229.0
2026-07-08 14:10:00,324.35,324.4,323.0,323.2,68024.0
2026-07-08 14:15:00,323.1,324.45,323.1,323.8,74885.0
2026-07-08 14:20:00,323.7,325.05,323.2,324.55,176392.0
2026-07-08 14:25:00,324.35,324.8,324.1,324.15,165057.0
2026-07-08 14:30:00,324.3,325.25,324.15,324.4,105394.0
2026-07-08 14:35:00,324.5,325.25,324.2,324.6,68096.0
2026-07-08 14:40:00,324.6,324.85,324.1,324.6,80735.0
2026-07-08 14:45:00,324.85,324.85,324.0,324.3,120006.0
2026-07-08 14:50:00,324.25,324.55,324.0,324.15,91536.0
2026-07-08 14:55:00,324.0,325.25,323.75,324.9,146888.0
2026-07-08 15:00:00,324.9,326.65,324.9,325.65,196473.0
2026-07-08 15:05:00,325.65,326.35,325.15,326.0,233577.0
2026-07-08 15:10:00,326.15,326.35,325.65,326.3,472284.0
2026-07-08 15:15:00,326.2,327.25,326.2,326.95,231072.0
2026-07-08 15:20:00,326.8,328.35,326.75,327.65,379846.0
2026-07-08 15:25:00,327.5,328.45,327.0,327.5,186722.0
2026-07-09 09:15:00,326.55,329.9,326.55,329.0,59838.0
2026-07-09 09:20:00,328.85,329.1,328.3,328.7,23635.0
2026-07-09 09:25:00,328.7,328.8,327.4,327.75,18413.0
2026-07-09 09:30:00,327.7,327.95,327.15,327.9,19004.0
2026-07-09 09:35:00,327.75,328.1,327.4,327.8,35598.0
2026-07-09 09:40:00,327.9,328.85,327.7,328.65,66664.0
2026-07-09 09:45:00,328.65,328.9,328.3,328.5,20019.0
2026-07-09 09:50:00,328.35,328.7,328.35,328.55,9225.0
2026-07-09 09:55:00,328.55,328.8,328.25,328.35,24955.0
2026-07-09 10:00:00,328.4,328.95,328.35,328.8,39368.0
2026-07-09 10:05:00,328.75,329.55,328.35,329.35,28569.0
2026-07-09 10:10:00,329.55,329.55,328.8,329.15,43298.0
2026-07-09 10:15:00,329.2,329.25,328.45,328.5,18184.0
2026-07-09 10:20:00,328.5,328.8,328.0,328.4,24204.0
2026-07-09 10:25:00,328.4,328.55,327.95,328.3,26512.0
2026-07-09 10:30:00,328.25,328.75,328.15,328.4,33863.0
2026-07-09 10:35:00,328.35,328.55,328.0,328.55,13940.0
2026-07-09 10:40:00,328.65,330.5,328.55,330.15,70632.0
2026-07-09 10:45:00,330.1,330.15,329.1,329.1,24498.0
2026-07-09 10:50:00,329.1,330.2,329.0,329.75,45156.0
2026-07-09 10:55:00,329.75,331.0,329.75,330.0,61889.0
2026-07-09 11:00:00,330.1,330.3,329.75,330.2,27396.0
2026-07-09 11:05:00,330.15,330.5,329.9,330.0,28669.0
2026-07-09 11:10:00,329.95,330.15,329.75,330.05,26206.0
2026-07-09 11:15:00,329.9,330.1,329.7,330.1,25774.0
2026-07-09 11:20:00,330.0,330.1,329.45,329.8,25488.0
2026-07-09 11:25:00,329.8,330.4,329.65,330.3,32824.0
2026-07-09 11:30:00,330.25,330.3,329.75,329.95,20825.0
2026-07-09 11:35:00,330.0,330.4,329.75,330.35,31455.0
2026-07-09 11:40:00,330.3,330.3,329.8,330.0,22991.0
2026-07-09 11:45:00,329.95,330.25,329.6,330.0,23214.0
2026-07-09 11:50:00,330.0,330.1,329.7,330.0,20363.0
2026-07-09 11:55:00,330.0,330.1,329.75,330.0,22328.0
2026-07-09 12:00:00,330.1,330.1,329.6,330.1,16254.0
2026-07-09 12:05:00,330.1,330.1,329.8,330.0,12397.0
2026-07-09 12:10:00,330.0,330.0,329.7,329.9,8173.0
2026-07-09 12:15:00,329.85,330.5,329.75,330.0,33105.0
2026-07-09 12:20:00,330.05,330.25,329.9,330.0,12415.0
2026-07-09 12:25:00,330.0,330.25,329.95,330.05,16924.0
2026-07-09 12:30:00,329.95,330.0,329.7,329.8,10143.0
2026-07-09 12:35:00,329.9,330.15,329.8,330.0,9417.0
2026-07-09 12:40:00,330.0,330.05,329.65,329.8,9433.0
2026-07-09 12:45:00,329.7,329.85,329.3,329.7,25068.0
2026-07-09 12:50:00,329.7,330.2,329.65,330.15,23464.0
2026-07-09 12:55:00,330.0,331.9,330.0,331.85,253472.0
2026-07-09 13:00:00,331.85,332.7,331.6,332.4,136529.0
2026-07-09 13:05:00,332.4,332.5,330.7,331.0,70205.0
2026-07-09 13:10:00,331.0,331.0,329.85,329.9,292159.0
2026-07-09 13:15:00,329.9,330.15,329.35,329.5,70468.0
2026-07-09 13:20:00,329.35,329.6,329.05,329.05,26133.0
2026-07-09 13:25:00,329.2,329.3,328.5,328.7,35319.0
2026-07-09 13:30:00,328.6,328.85,328.3,328.65,40008.0
2026-07-09 13:35:00,328.55,329.55,328.4,329.3,43805.0
2026-07-09 13:40:00,329.2,329.3,328.4,328.55,49880.0
2026-07-09 13:45:00,328.55,328.7,328.25,328.35,29318.0
2026-07-09 13:50:00,328.35,328.35,328.05,328.2,46277.0
2026-07-09 13:55:00,328.2,328.25,328.05,328.1,18689.0
2026-07-09 14:00:00,328.15,328.25,328.0,328.0,37238.0
2026-07-09 14:05:00,328.0,328.3,327.85,328.2,22429.0
2026-07-09 14:10:00,328.15,328.15,327.75,328.05,13270.0
2026-07-09 14:15:00,328.05,328.25,327.8,327.95,15117.0
2026-07-09 14:20:00,327.95,328.15,327.9,328.1,17941.0
2026-07-09 14:25:00,328.1,328.3,327.8,328.15,18486.0
2026-07-09 14:30:00,328.15,328.2,327.75,327.75,44754.0
2026-07-09 14:35:00,327.75,328.0,327.5,327.95,138566.0
2026-07-09 14:40:00,327.95,327.95,327.05,327.3,146545.0
2026-07-09 14:45:00,327.45,327.5,326.95,327.1,77421.0
2026-07-09 14:50:00,327.2,327.65,327.1,327.45,35449.0
2026-07-09 14:55:00,327.45,328.0,327.45,327.8,59609.0
2026-07-09 15:00:00,327.85,327.85,327.15,327.35,112658.0
2026-07-09 15:05:00,327.3,327.65,326.8,327.6,197938.0
2026-07-09 15:10:00,327.5,328.3,327.45,328.25,106313.0
2026-07-09 15:15:00,328.25,328.45,328.0,328.3,76544.0
2026-07-09 15:20:00,328.25,328.45,327.9,328.2,156960.0
2026-07-09 15:25:00,328.1,328.55,327.95,328.0,111669.0
2026-07-10 09:15:00,330.3,332.5,329.95,330.8,153985.0
2026-07-10 09:20:00,330.7,332.15,330.7,331.65,71988.0
2026-07-10 09:25:00,331.65,331.75,331.05,331.25,50976.0
2026-07-10 09:30:00,331.15,331.5,331.05,331.5,15734.0
2026-07-10 09:35:00,331.5,331.6,331.1,331.1,19951.0
2026-07-10 09:40:00,331.1,331.45,331.1,331.25,6304.0
2026-07-10 09:45:00,331.15,331.45,331.0,331.15,21386.0
2026-07-10 09:50:00,331.15,331.15,330.1,330.4,35700.0
2026-07-10 09:55:00,330.25,330.6,330.1,330.5,13814.0
2026-07-10 10:00:00,330.4,330.65,330.05,330.25,63690.0
2026-07-10 10:05:00,330.2,331.3,330.2,330.95,37991.0
2026-07-10 10:10:00,330.8,331.35,330.5,331.3,24306.0
2026-07-10 10:15:00,331.25,331.6,331.25,331.5,34657.0
2026-07-10 10:20:00,331.35,331.55,331.1,331.35,25172.0
2026-07-10 10:25:00,331.35,331.5,331.0,331.15,32181.0
2026-07-10 10:30:00,331.0,331.05,330.35,330.75,40811.0
2026-07-10 10:35:00,330.7,331.0,330.65,330.75,19954.0
2026-07-10 10:40:00,330.75,330.75,330.5,330.5,11773.0
2026-07-10 10:45:00,330.5,330.8,330.4,330.5,18848.0
2026-07-10 10:50:00,330.45,330.6,330.3,330.35,14107.0
2026-07-10 10:55:00,330.3,330.55,330.2,330.2,17413.0
2026-07-10 11:00:00,330.25,330.45,329.55,329.9,32392.0
2026-07-10 11:05:00,329.9,330.0,329.5,329.8,22129.0
2026-07-10 11:10:00,329.7,330.1,329.55,330.05,17229.0
2026-07-10 11:15:00,329.95,330.05,329.6,329.7,15500.0
2026-07-10 11:20:00,329.7,329.7,329.35,329.45,32775.0
2026-07-10 11:25:00,329.45,329.6,329.2,329.3,57173.0
2026-07-10 11:30:00,329.35,329.6,329.25,329.45,14585.0
2026-07-10 11:35:00,329.4,329.55,329.15,329.45,17557.0
2026-07-10 11:40:00,329.5,329.7,327.85,328.25,715308.0
2026-07-10 11:45:00,328.25,328.9,328.2,328.8,29242.0
2026-07-10 11:50:00,328.75,328.75,328.5,328.55,21929.0
2026-07-10 11:55:00,328.55,328.9,328.4,328.85,26430.0
2026-07-10 12:00:00,328.7,329.0,328.55,328.55,34142.0
2026-07-10 12:05:00,328.45,328.85,328.4,328.65,19282.0
2026-07-10 12:10:00,328.75,329.05,328.6,329.0,15750.0
2026-07-10 12:15:00,328.95,329.2,328.9,329.1,22899.0
2026-07-10 12:20:00,329.05,329.25,329.0,329.1,22523.0
2026-07-10 12:25:00,329.05,329.45,329.0,329.15,19327.0
2026-07-10 12:30:00,329.2,329.35,328.9,328.95,26503.0
2026-07-10 12:35:00,328.95,329.1,328.55,328.75,31472.0
2026-07-10 12:40:00,328.75,330.1,328.65,329.3,106830.0
2026-07-10 12:45:00,329.3,329.4,328.8,329.05,44543.0
2026-07-10 12:50:00,328.9,329.05,328.35,328.4,57546.0
2026-07-10 12:55:00,328.55,329.65,328.35,329.5,59468.0
2026-07-10 13:00:00,329.5,329.65,329.1,329.15,51070.0
2026-07-10 13:05:00,329.2,330.75,329.05,329.9,89463.0
2026-07-10 13:10:00,329.85,330.05,328.65,328.7,39911.0
2026-07-10 13:15:00,328.75,328.85,328.25,328.35,50860.0
2026-07-10 13:20:00,328.35,328.5,328.25,328.4,27461.0
2026-07-10 13:25:00,328.35,328.7,328.35,328.6,26300.0
2026-07-10 13:30:00,328.5,328.8,328.4,328.55,27501.0
2026-07-10 13:35:00,328.5,329.1,328.5,328.95,32853.0
2026-07-10 13:40:00,328.9,329.25,328.75,329.1,26115.0
2026-07-10 13:45:00,329.05,329.25,328.75,328.85,36866.0
2026-07-10 13:50:00,328.8,329.25,328.65,329.2,30569.0
2026-07-10 13:55:00,328.95,329.8,328.8,329.65,37885.0
2026-07-10 14:00:00,329.6,329.9,329.05,329.4,31993.0
2026-07-10 14:05:00,329.35,329.65,329.0,329.45,35394.0
2026-07-10 14:10:00,329.45,329.6,329.1,329.4,32396.0
2026-07-10 14:15:00,329.4,329.6,329.15,329.25,33379.0
2026-07-10 14:20:00,329.25,329.65,329.2,329.55,56543.0
2026-07-10 14:25:00,329.55,330.0,329.45,329.7,48893.0
2026-07-10 14:30:00,329.7,329.85,329.4,329.45,35710.0
2026-07-10 14:35:00,329.45,329.6,329.3,329.45,29551.0
2026-07-10 14:40:00,329.45,329.55,329.15,329.35,65642.0
2026-07-10 14:45:00,329.25,329.75,329.2,329.6,43362.0
2026-07-10 14:50:00,329.6,329.6,329.2,329.35,46811.0
2026-07-10 14:55:00,329.35,330.45,329.2,329.9,209217.0
2026-07-10 15:00:00,330.0,330.9,329.8,330.2,139377.0
2026-07-10 15:05:00,330.25,330.4,329.6,329.7,219677.0
2026-07-10 15:10:00,329.65,330.6,329.6,329.7,492535.0
2026-07-10 15:15:00,329.75,329.95,329.55,329.85,451790.0
2026-07-10 15:20:00,329.65,329.75,329.4,329.4,324663.0
2026-07-10 15:25:00,329.4,330.0,329.25,330.0,393111.0
