timestamp,open,high,low,close,volume
2026-06-01 09:15:00,1157.0,1180.0,1148.0,1167.5,46902.0
2026-06-01 09:20:00,1165.6,1167.5,1160.9,1164.5,13962.0
2026-06-01 09:25:00,1165.0,1166.0,1134.4,1137.0,28750.0
2026-06-01 09:30:00,1136.8,1137.0,1117.1,1118.7,19686.0
2026-06-01 09:35:00,1118.6,1118.6,1093.3,1096.0,43687.0
2026-06-01 09:40:00,1096.2,1103.9,1081.7,1095.0,54759.0
2026-06-01 09:45:00,1094.8,1095.2,1080.0,1082.5,29030.0
2026-06-01 09:50:00,1084.1,1085.4,1068.6,1071.5,50229.0
2026-06-01 09:55:00,1071.8,1074.2,1066.3,1068.6,15212.0
2026-06-01 10:00:00,1069.0,1069.6,1057.0,1060.0,55951.0
2026-06-01 10:05:00,1061.3,1067.2,1056.7,1057.0,26848.0
2026-06-01 10:10:00,1057.7,1060.7,1056.1,1058.8,15636.0
2026-06-01 10:15:00,1058.8,1061.7,1045.6,1050.7,32434.0
2026-06-01 10:20:00,1049.6,1052.7,1045.0,1052.0,22505.0
2026-06-01 10:25:00,1052.5,1059.3,1052.0,1054.9,13380.0
2026-06-01 10:30:00,1055.0,1056.4,1045.4,1046.7,18471.0
2026-06-01 10:35:00,1046.4,1051.6,1043.1,1048.1,22707.0
2026-06-01 10:40:00,1048.2,1052.5,1047.4,1048.1,8192.0
2026-06-01 10:45:00,1049.8,1055.8,1049.4,1054.7,12544.0
2026-06-01 10:50:00,1054.9,1064.5,1054.9,1063.5,26139.0
2026-06-01 10:55:00,1062.0,1069.9,1061.3,1067.9,26937.0
2026-06-01 11:00:00,1067.2,1075.1,1067.2,1074.2,29580.0
2026-06-01 11:05:00,1075.3,1075.9,1070.1,1072.9,15655.0
2026-06-01 11:10:00,1072.9,1075.4,1072.0,1073.5,8974.0
2026-06-01 11:15:00,1073.6,1074.1,1067.2,1067.2,18125.0
2026-06-01 11:20:00,1067.7,1067.7,1060.8,1062.1,20218.0
2026-06-01 11:25:00,1062.0,1062.5,1050.0,1051.3,32787.0
2026-06-01 11:30:00,1051.4,1052.9,1046.9,1048.3,18702.0
2026-06-01 11:35:00,1049.0,1052.4,1047.3,1047.4,13593.0
2026-06-01 11:40:00,1047.4,1048.3,1046.1,1046.1,8490.0
2026-06-01 11:45:00,1046.7,1048.4,1044.1,1047.1,12410.0
2026-06-01 11:50:00,1047.1,1051.0,1047.0,1048.7,8042.0
2026-06-01 11:55:00,1048.7,1049.3,1043.8,1044.0,11249.0
2026-06-01 12:00:00,1043.5,1053.9,1043.5,1051.3,13186.0
2026-06-01 12:05:00,1052.6,1054.0,1051.7,1052.9,3975.0
2026-06-01 12:10:00,1053.0,1053.5,1050.0,1053.1,8729.0
2026-06-01 12:15:00,1051.8,1053.3,1048.6,1048.7,10745.0
2026-06-01 12:20:00,1050.1,1050.1,1046.0,1048.8,4057.0
2026-06-01 12:25:00,1048.7,1049.5,1046.0,1046.7,4624.0
2026-06-01 12:30:00,1045.8,1047.0,1044.7,1046.7,3803.0
2026-06-01 12:35:00,1045.8,1048.2,1044.3,1045.6,4749.0
2026-06-01 12:40:00,1046.0,1046.0,1041.0,1044.4,15256.0
2026-06-01 12:45:00,1044.6,1045.3,1041.1,1042.6,6316.0
2026-06-01 12:50:00,1043.0,1043.7,1041.1,1043.3,6041.0
2026-06-01 12:55:00,1043.3,1044.0,1040.8,1043.7,7207.0
2026-06-01 13:00:00,1043.7,1044.8,1041.2,1042.3,3845.0
2026-06-01 13:05:00,1042.3,1043.8,1040.1,1040.7,7412.0
2026-06-01 13:10:00,1041.5,1041.5,1036.0,1039.9,17240.0
2026-06-01 13:15:00,1039.6,1040.4,1038.4,1040.3,4207.0
2026-06-01 13:20:00,1040.2,1040.2,1036.8,1037.0,6025.0
2026-06-01 13:25:00,1037.1,1038.0,1034.3,1035.9,17202.0
2026-06-01 13:30:00,1036.1,1038.0,1034.9,1037.4,8030.0
2026-06-01 13:35:00,1037.4,1038.9,1037.1,1038.0,6015.0
2026-06-01 13:40:00,1037.9,1039.9,1037.4,1038.7,5103.0
2026-06-01 13:45:00,1038.7,1039.0,1035.2,1036.0,8638.0
2026-06-01 13:50:00,1036.0,1036.0,1027.0,1028.6,23372.0
2026-06-01 13:55:00,1029.4,1029.9,1011.5,1017.8,108371.0
2026-06-01 14:00:00,1017.3,1019.2,1015.1,1015.7,38483.0
2026-06-01 14:05:00,1015.7,1017.2,1005.5,1007.0,87165.0
2026-06-01 14:10:00,1007.8,1009.0,1001.0,1004.0,69814.0
2026-06-01 14:15:00,1004.0,1007.8,1000.0,1001.9,38774.0
2026-06-01 14:20:00,1001.5,1003.0,994.1,996.7,70216.0
2026-06-01 14:25:00,997.0,1003.3,992.0,995.6,83709.0
2026-06-01 14:30:00,997.0,1002.9,991.3,993.5,50417.0
2026-06-01 14:35:00,994.2,995.1,990.0,994.1,54515.0
2026-06-01 14:40:00,994.1,997.1,993.5,995.1,21132.0
2026-06-01 14:45:00,995.3,1001.0,992.3,995.1,37741.0
2026-06-01 14:50:00,994.7,995.9,984.8,989.8,54486.0
2026-06-01 14:55:00,989.5,991.2,987.8,989.3,28353.0
2026-06-01 15:00:00,989.3,990.6,986.3,990.6,36237.0
2026-06-01 15:05:00,990.6,990.6,986.9,988.7,27056.0
2026-06-01 15:10:00,988.7,994.6,988.0,990.1,32285.0
2026-06-01 15:15:00,990.9,994.0,988.6,992.0,58475.0
2026-06-01 15:20:00,992.0,992.3,986.7,988.5,63892.0
2026-06-01 15:25:00,988.3,991.8,985.1,990.0,40538.0
2026-06-02 09:15:00,990.0,990.0,961.8,975.0,102460.0
2026-06-02 09:20:00,976.0,980.4,970.0,978.4,55192.0
2026-06-02 09:25:00,978.2,985.0,975.1,980.0,35684.0
2026-06-02 09:30:00,980.6,980.8,975.2,978.8,13941.0
2026-06-02 09:35:00,980.8,992.9,978.1,984.4,32170.0
2026-06-02 09:40:00,985.2,990.8,984.1,988.1,21302.0
2026-06-02 09:45:00,987.2,988.3,984.2,986.8,14132.0
2026-06-02 09:50:00,986.8,986.8,980.4,983.6,14711.0
2026-06-02 09:55:00,984.0,985.0,980.1,982.6,9157.0
2026-06-02 10:00:00,982.2,984.0,981.0,982.5,7724.0
2026-06-02 10:05:00,982.5,983.4,980.4,982.2,8299.0
2026-06-02 10:10:00,982.4,983.4,980.0,980.2,5860.0
2026-06-02 10:15:00,980.2,980.3,974.6,975.3,14222.0
2026-06-02 10:20:00,974.4,981.5,973.8,981.0,8945.0
2026-06-02 10:25:00,981.4,985.6,981.2,983.8,8981.0
2026-06-02 10:30:00,984.6,986.8,978.5,979.7,9456.0
2026-06-02 10:35:00,979.6,980.6,976.4,978.3,8473.0
2026-06-02 10:40:00,978.9,982.4,977.4,981.5,4669.0
2026-06-02 10:45:00,981.1,981.9,978.2,980.7,4347.0
2026-06-02 10:50:00,980.7,981.1,974.4,975.0,5020.0
2026-06-02 10:55:00,975.0,975.7,973.4,975.1,5000.0
2026-06-02 11:00:00,975.2,977.7,975.1,975.2,4513.0
2026-06-02 11:05:00,975.5,977.3,975.5,976.1,4429.0
2026-06-02 11:10:00,976.8,979.9,976.1,979.0,4249.0
2026-06-02 11:15:00,979.0,980.2,978.3,979.1,2882.0
2026-06-02 11:20:00,979.6,984.0,979.2,983.5,4191.0
2026-06-02 11:25:00,984.0,984.0,981.0,983.7,2245.0
2026-06-02 11:30:00,983.7,984.8,982.2,983.1,2055.0
2026-06-02 11:35:00,983.0,983.2,978.3,979.3,2728.0
2026-06-02 11:40:00,979.3,979.9,978.1,978.1,1920.0
2026-06-02 11:45:00,978.7,978.7,976.0,976.9,4541.0
2026-06-02 11:50:00,977.5,977.7,975.1,976.5,4149.0
2026-06-02 11:55:00,975.5,976.1,974.3,974.3,2905.0
2026-06-02 12:00:00,974.9,977.4,972.7,975.4,3596.0
2026-06-02 12:05:00,975.3,978.4,974.7,977.7,1661.0
2026-06-02 12:10:00,977.6,978.7,976.1,977.1,3990.0
2026-06-02 12:15:00,976.5,978.2,975.0,975.6,1812.0
2026-06-02 12:20:00,975.4,976.5,973.4,973.5,4098.0
2026-06-02 12:25:00,973.6,976.2,973.5,974.4,3337.0
2026-06-02 12:30:00,973.5,976.2,972.8,975.7,1564.0
2026-06-02 12:35:00,975.7,976.3,974.7,975.2,1476.0
2026-06-02 12:40:00,975.5,976.9,973.4,976.9,5120.0
2026-06-02 12:45:00,976.4,980.4,976.0,979.9,5123.0
2026-06-02 12:50:00,979.1,981.4,979.0,980.6,5067.0
2026-06-02 12:55:00,981.3,982.5,980.2,981.7,2881.0
2026-06-02 13:00:00,982.4,982.4,980.5,981.4,15749.0
2026-06-02 13:05:00,980.6,983.6,980.6,983.6,10932.0
2026-06-02 13:10:00,983.5,984.8,982.6,982.7,3011.0
2026-06-02 13:15:00,986.5,991.8,986.2,991.0,35413.0
2026-06-02 13:20:00,990.5,995.0,989.7,992.5,31385.0
2026-06-02 13:25:00,993.0,996.0,991.7,994.4,22099.0
2026-06-02 13:30:00,995.2,995.4,989.9,995.1,10354.0
2026-06-02 13:35:00,995.4,995.9,992.0,992.0,5939.0
2026-06-02 13:40:00,991.8,993.9,991.1,992.7,2205.0
2026-06-02 13:45:00,994.4,995.4,992.7,994.0,4593.0
2026-06-02 13:50:00,995.0,995.2,991.5,992.9,5013.0
2026-06-02 13:55:00,993.0,996.5,992.6,995.0,9354.0
2026-06-02 14:00:00,995.0,998.0,994.8,997.7,6593.0
2026-06-02 14:05:00,997.6,999.5,995.0,996.8,11632.0
2026-06-02 14:10:00,997.0,1001.0,996.2,1000.6,16666.0
2026-06-02 14:15:00,1001.5,1003.9,997.0,1002.4,16332.0
2026-06-02 14:20:00,1002.0,1004.4,998.0,999.4,9913.0
2026-06-02 14:25:00,998.4,999.0,995.8,996.8,8322.0
2026-06-02 14:30:00,996.8,1004.2,995.8,1002.7,15591.0
2026-06-02 14:35:00,1002.5,1004.9,998.7,998.7,13138.0
2026-06-02 14:40:00,999.0,999.0,993.0,993.3,7661.0
2026-06-02 14:45:00,993.3,994.8,991.3,994.8,12129.0
2026-06-02 14:50:00,994.7,996.0,994.0,995.1,3083.0
2026-06-02 14:55:00,995.1,1007.2,994.2,1002.1,35677.0
2026-06-02 15:00:00,1001.7,1005.8,1000.4,1004.7,6628.0
2026-06-02 15:05:00,1004.9,1004.9,1000.1,1000.7,17106.0
2026-06-02 15:10:00,1000.7,1003.3,999.6,1002.9,12777.0
2026-06-02 15:15:00,1002.9,1003.2,1000.0,1002.0,15687.0
2026-06-02 15:20:00,1001.8,1003.0,1001.6,1002.5,14372.0
2026-06-02 15:25:00,1002.5,1005.2,1001.0,1005.0,21794.0
2026-06-03 09:15:00,1002.2,1021.6,997.1,1013.2,47348.0
2026-06-03 09:20:00,1012.5,1014.3,1001.7,1002.2,30439.0
2026-06-03 09:25:00,1001.5,1002.9,986.6,987.7,24917.0
2026-06-03 09:30:00,988.0,993.6,987.3,989.3,13244.0
2026-06-03 09:35:00,989.5,994.8,988.7,993.9,9007.0
2026-06-03 09:40:00,993.9,993.9,990.2,990.3,5147.0
2026-06-03 09:45:00,991.4,1004.8,991.4,1000.6,17013.0
2026-06-03 09:50:00,1000.6,1004.0,996.7,996.7,12668.0
2026-06-03 09:55:00,997.2,997.2,991.0,991.5,8054.0
2026-06-03 10:00:00,992.5,998.1,991.1,998.1,5141.0
2026-06-03 10:05:00,998.3,998.3,993.0,996.9,7003.0
2026-06-03 10:10:00,996.1,997.5,993.0,993.8,2325.0
2026-06-03 10:15:00,993.9,997.3,992.0,996.3,1935.0
2026-06-03 10:20:00,996.7,998.8,996.4,997.8,1248.0
2026-06-03 10:25:00,996.8,997.9,994.0,994.0,2022.0
2026-06-03 10:30:00,994.9,995.7,991.2,992.1,5266.0
2026-06-03 10:35:00,991.9,997.4,991.8,997.4,7453.0
2026-06-03 10:40:00,997.2,998.8,996.7,998.6,2798.0
2026-06-03 10:45:00,997.3,999.9,996.1,997.2,4055.0
2026-06-03 10:50:00,997.8,998.7,993.6,994.8,5130.0
2026-06-03 10:55:00,995.3,995.7,991.5,991.5,4421.0
2026-06-03 11:00:00,993.2,993.8,990.1,992.8,11533.0
2026-06-03 11:05:00,992.2,993.0,991.0,993.0,5017.0
2026-06-03 11:10:00,992.9,994.8,992.0,992.7,617.0
2026-06-03 11:15:00,991.7,995.9,991.7,995.8,2349.0
2026-06-03 11:20:00,995.8,996.9,994.6,996.2,981.0
2026-06-03 11:25:00,995.4,996.1,993.1,994.9,1777.0
2026-06-03 11:30:00,995.0,995.0,992.1,992.1,2081.0
2026-06-03 11:35:00,993.0,993.5,989.2,990.8,5275.0
2026-06-03 11:40:00,990.9,991.2,988.6,989.8,3891.0
2026-06-03 11:45:00,989.9,991.0,989.1,990.0,1508.0
2026-06-03 11:50:00,990.0,990.5,985.3,986.9,4822.0
2026-06-03 11:55:00,987.1,988.7,983.3,984.0,5871.0
2026-06-03 12:00:00,983.2,984.2,981.0,981.1,1713.0
2026-06-03 12:05:00,981.8,982.6,978.2,979.4,7964.0
2026-06-03 12:10:00,979.0,979.1,975.8,978.4,5171.0
2026-06-03 12:15:00,978.4,982.7,977.3,982.6,8969.0
2026-06-03 12:20:00,983.0,984.7,981.7,981.7,2993.0
2026-06-03 12:25:00,982.6,986.7,982.5,985.9,2645.0
2026-06-03 12:30:00,985.2,989.0,984.4,988.4,2231.0
2026-06-03 12:35:00,989.0,991.9,988.6,991.1,3392.0
2026-06-03 12:40:00,991.1,993.8,991.0,991.6,3287.0
2026-06-03 12:45:00,992.3,992.3,989.2,990.2,3403.0
2026-06-03 12:50:00,990.0,990.5,988.3,988.3,1887.0
2026-06-03 12:55:00,988.3,992.0,988.3,990.5,2866.0
2026-06-03 13:00:00,990.1,990.1,986.9,987.2,868.0
2026-06-03 13:05:00,987.4,988.1,985.3,987.0,2400.0
2026-06-03 13:10:00,986.6,987.4,985.3,987.1,2208.0
2026-06-03 13:15:00,987.5,991.4,987.3,990.4,1138.0
2026-06-03 13:20:00,989.4,996.0,989.4,995.8,6940.0
2026-06-03 13:25:00,995.8,997.9,995.3,996.3,3641.0
2026-06-03 13:30:00,996.0,998.9,995.0,996.0,3093.0
2026-06-03 13:35:00,996.9,997.9,996.2,997.3,1227.0
2026-06-03 13:40:00,997.0,997.9,994.1,995.2,2665.0
2026-06-03 13:45:00,995.1,1000.0,994.7,998.7,5924.0
2026-06-03 13:50:00,998.1,999.8,997.2,998.2,2280.0
2026-06-03 13:55:00,998.3,999.9,998.1,999.9,2698.0
2026-06-03 14:00:00,999.9,1000.0,997.8,999.0,2457.0
2026-06-03 14:05:00,998.5,1001.9,997.2,1000.9,4689.0
2026-06-03 14:10:00,1000.1,1001.2,998.5,999.0,1822.0
2026-06-03 14:15:00,999.0,1000.3,998.0,1000.3,1424.0
2026-06-03 14:20:00,1000.5,1002.2,1000.2,1001.2,2003.0
2026-06-03 14:25:00,1001.2,1001.2,998.0,1000.9,1917.0
2026-06-03 14:30:00,1000.9,1001.5,999.8,1001.5,2118.0
2026-06-03 14:35:00,1001.4,1002.0,1000.0,1001.9,1918.0
2026-06-03 14:40:00,1001.3,1004.8,1001.3,1003.1,3152.0
2026-06-03 14:45:00,1002.8,1005.0,1002.0,1004.8,4426.0
2026-06-03 14:50:00,1004.6,1005.0,1003.3,1004.1,2646.0
2026-06-03 14:55:00,1004.7,1004.9,1003.0,1003.0,3088.0
2026-06-03 15:00:00,1003.0,1003.2,995.8,999.8,11259.0
2026-06-03 15:05:00,999.9,1001.8,996.3,997.2,5332.0
2026-06-03 15:10:00,997.8,997.8,993.6,996.0,9556.0
2026-06-03 15:15:00,996.3,998.0,995.0,998.0,7290.0
2026-06-03 15:20:00,998.0,998.0,994.7,995.9,5707.0
2026-06-03 15:25:00,995.9,1000.0,993.1,1000.0,11177.0
2026-06-04 09:15:00,996.1,1006.0,991.0,1004.8,20793.0
2026-06-04 09:20:00,1003.0,1006.0,1001.1,1004.4,12218.0
2026-06-04 09:25:00,1003.4,1004.4,1000.0,1003.9,8698.0
2026-06-04 09:30:00,1003.9,1005.0,1002.3,1005.0,4263.0
2026-06-04 09:35:00,1005.0,1012.0,1004.0,1011.0,18448.0
2026-06-04 09:40:00,1010.5,1013.6,1008.3,1013.6,11251.0
2026-06-04 09:45:00,1013.4,1015.0,1010.2,1010.2,10844.0
2026-06-04 09:50:00,1011.3,1013.0,1010.4,1012.1,7515.0
2026-06-04 09:55:00,1011.9,1017.0,1011.9,1015.3,15042.0
2026-06-04 10:00:00,1015.4,1016.3,1013.1,1015.1,8712.0
2026-06-04 10:05:00,1015.1,1015.9,1013.5,1014.0,3242.0
2026-06-04 10:10:00,1014.6,1015.0,1013.3,1014.0,2644.0
2026-06-04 10:15:00,1014.0,1015.0,1011.5,1014.5,3696.0
2026-06-04 10:20:00,1013.7,1019.0,1012.4,1018.9,5219.0
2026-06-04 10:25:00,1018.4,1019.5,1014.6,1015.4,8509.0
2026-06-04 10:30:00,1015.0,1015.0,1011.0,1011.0,2399.0
2026-06-04 10:35:00,1011.0,1014.0,1010.3,1014.0,3625.0
2026-06-04 10:40:00,1014.6,1014.8,1012.1,1013.9,2685.0
2026-06-04 10:45:00,1014.4,1016.0,1013.4,1014.7,2043.0
2026-06-04 10:50:00,1015.4,1015.9,1014.5,1015.7,585.0
2026-06-04 10:55:00,1015.9,1017.0,1015.0,1017.0,2713.0
2026-06-04 11:00:00,1017.0,1017.6,1015.0,1016.0,1140.0
2026-06-04 11:05:00,1016.5,1028.0,1016.0,1027.4,40533.0
2026-06-04 11:10:00,1028.0,1029.0,1025.0,1026.8,14125.0
2026-06-04 11:15:00,1026.0,1026.3,1025.1,1025.3,5030.0
2026-06-04 11:20:00,1025.1,1025.5,1023.2,1024.1,4161.0
2026-06-04 11:25:00,1024.1,1026.0,1024.0,1025.1,4595.0
2026-06-04 11:30:00,1025.0,1025.3,1021.7,1025.3,5099.0
2026-06-04 11:35:00,1024.7,1027.5,1024.6,1027.0,3724.0
2026-06-04 11:40:00,1026.5,1028.9,1025.0,1025.7,4200.0
2026-06-04 11:45:00,1026.5,1026.9,1022.3,1024.7,5046.0
2026-06-04 11:50:00,1024.0,1024.9,1021.1,1021.3,4498.0
2026-06-04 11:55:00,1021.9,1025.0,1021.3,1025.0,2158.0
2026-06-04 12:00:00,1024.4,1025.0,1023.3,1023.6,1658.0
2026-06-04 12:05:00,1023.5,1026.4,1022.2,1024.7,6284.0
2026-06-04 12:10:00,1024.7,1025.3,1022.3,1025.3,2320.0
2026-06-04 12:15:00,1025.3,1026.5,1024.2,1024.4,2065.0
2026-06-04 12:20:00,1024.5,1025.8,1023.9,1024.9,1915.0
2026-06-04 12:25:00,1024.9,1024.9,1022.4,1023.3,1752.0
2026-06-04 12:30:00,1024.0,1024.0,1022.0,1023.3,5447.0
2026-06-04 12:35:00,1023.6,1025.0,1022.8,1023.5,6232.0
2026-06-04 12:40:00,1023.5,1024.5,1022.6,1023.8,1360.0
2026-06-04 12:45:00,1024.0,1025.0,1023.0,1025.0,1668.0
2026-06-04 12:50:00,1025.0,1025.0,1023.4,1024.9,2128.0
2026-06-04 12:55:00,1025.0,1027.0,1024.7,1025.6,2783.0
2026-06-04 13:00:00,1025.0,1026.0,1023.4,1023.4,629.0
2026-06-04 13:05:00,1024.2,1024.2,1021.0,1022.4,1707.0
2026-06-04 13:10:00,1022.4,1023.0,1020.4,1020.4,12830.0
2026-06-04 13:15:00,1021.0,1022.9,1020.4,1022.0,5276.0
2026-06-04 13:20:00,1022.7,1024.2,1021.1,1023.8,3370.0
2026-06-04 13:25:00,1023.9,1024.5,1022.8,1024.1,1901.0
2026-06-04 13:30:00,1023.5,1024.5,1023.0,1024.1,847.0
2026-06-04 13:35:00,1024.0,1026.0,1022.6,1025.6,3793.0
2026-06-04 13:40:00,1025.6,1026.0,1024.3,1024.4,2990.0
2026-06-04 13:45:00,1024.0,1025.6,1024.0,1024.1,597.0
2026-06-04 13:50:00,1025.0,1025.0,1024.0,1025.0,1487.0
2026-06-04 13:55:00,1024.4,1025.0,1022.7,1025.0,717.0
2026-06-04 14:00:00,1025.0,1026.0,1024.4,1025.0,2016.0
2026-06-04 14:05:00,1025.5,1025.7,1025.0,1025.4,305.0
2026-06-04 14:10:00,1025.4,1026.4,1023.0,1023.0,3380.0
2026-06-04 14:15:00,1024.1,1025.7,1023.0,1024.7,1174.0
2026-06-04 14:20:00,1024.7,1024.7,1021.5,1022.0,2966.0
2026-06-04 14:25:00,1021.6,1023.7,1021.2,1022.8,1507.0
2026-06-04 14:30:00,1022.1,1023.7,1021.3,1021.5,2328.0
2026-06-04 14:35:00,1021.5,1023.0,1021.5,1023.0,1958.0
2026-06-04 14:40:00,1022.5,1023.0,1021.0,1022.6,2280.0
2026-06-04 14:45:00,1022.6,1022.8,1021.0,1021.6,1198.0
2026-06-04 14:50:00,1022.0,1022.3,1021.0,1021.5,778.0
2026-06-04 14:55:00,1021.0,1022.4,1021.0,1022.4,1866.0
2026-06-04 15:00:00,1022.5,1022.7,1020.7,1021.6,5029.0
2026-06-04 15:05:00,1021.6,1021.6,1016.5,1017.5,9338.0
2026-06-04 15:10:00,1017.9,1018.5,1016.5,1017.2,2582.0
2026-06-04 15:15:00,1017.2,1018.0,1016.5,1017.1,5423.0
2026-06-04 15:20:00,1017.6,1018.6,1016.2,1017.4,10004.0
2026-06-04 15:25:00,1017.3,1019.0,1012.0,1012.0,12013.0
2026-06-05 09:15:00,1020.0,1024.7,1020.0,1024.6,7462.0
2026-06-05 09:20:00,1024.6,1024.6,1013.5,1015.3,19483.0
2026-06-05 09:25:00,1015.5,1019.2,1015.5,1018.0,4448.0
2026-06-05 09:30:00,1018.8,1024.5,1018.7,1024.1,4299.0
2026-06-05 09:35:00,1024.5,1030.9,1024.0,1030.1,10759.0
2026-06-05 09:40:00,1030.9,1034.0,1027.8,1033.6,9572.0
2026-06-05 09:45:00,1033.7,1033.8,1029.9,1029.9,2941.0
2026-06-05 09:50:00,1026.6,1029.9,1022.5,1028.4,11964.0
2026-06-05 09:55:00,1028.0,1028.4,1025.0,1026.0,1965.0
2026-06-05 10:00:00,1025.7,1027.2,1021.1,1025.0,6397.0
2026-06-05 10:05:00,1025.0,1029.7,1023.1,1028.8,4570.0
2026-06-05 10:10:00,1029.3,1033.6,1028.0,1033.6,7675.0
2026-06-05 10:15:00,1032.8,1035.1,1027.0,1029.2,10249.0
2026-06-05 10:20:00,1029.1,1029.8,1026.7,1029.2,1253.0
2026-06-05 10:25:00,1030.0,1032.3,1024.8,1032.3,8455.0
2026-06-05 10:30:00,1032.3,1033.5,1031.2,1031.2,4675.0
2026-06-05 10:35:00,1030.2,1033.1,1030.0,1030.0,4809.0
2026-06-05 10:40:00,1030.1,1032.1,1029.5,1030.4,1760.0
2026-06-05 10:45:00,1030.4,1035.0,1030.0,1035.0,8360.0
2026-06-05 10:50:00,1034.6,1044.0,1034.1,1042.5,23438.0
2026-06-05 10:55:00,1042.0,1049.4,1042.0,1048.4,37062.0
2026-06-05 11:00:00,1048.7,1049.4,1041.3,1042.0,18758.0
2026-06-05 11:05:00,1041.4,1045.2,1040.0,1045.0,49193.0
2026-06-05 11:10:00,1044.5,1056.1,1042.2,1053.2,38103.0
2026-06-05 11:15:00,1053.2,1060.0,1050.0,1050.3,34270.0
2026-06-05 11:20:00,1050.5,1058.8,1046.0,1058.8,24154.0
2026-06-05 11:25:00,1058.5,1058.6,1054.8,1058.6,8947.0
2026-06-05 11:30:00,1059.1,1060.9,1055.2,1057.7,14335.0
2026-06-05 11:35:00,1057.0,1057.5,1055.2,1057.4,3485.0
2026-06-05 11:40:00,1057.4,1058.2,1055.8,1056.2,5521.0
2026-06-05 11:45:00,1055.6,1058.0,1051.4,1052.0,21161.0
2026-06-05 11:50:00,1052.0,1053.4,1050.0,1052.4,5206.0
2026-06-05 11:55:00,1052.4,1053.4,1050.2,1050.3,2684.0
2026-06-05 12:00:00,1051.0,1051.0,1050.1,1050.1,3045.0
2026-06-05 12:05:00,1050.2,1052.3,1050.2,1051.3,2152.0
2026-06-05 12:10:00,1051.0,1051.8,1050.1,1050.7,2027.0
2026-06-05 12:15:00,1050.7,1053.0,1050.6,1052.1,4794.0
2026-06-05 12:20:00,1052.0,1065.0,1050.1,1063.8,21618.0
2026-06-05 12:25:00,1063.8,1064.0,1053.3,1053.3,11842.0
2026-06-05 12:30:00,1054.0,1055.7,1051.5,1052.0,10082.0
2026-06-05 12:35:00,1051.6,1052.7,1050.2,1052.5,3301.0
2026-06-05 12:40:00,1051.9,1052.7,1048.6,1049.9,5278.0
2026-06-05 12:45:00,1050.0,1054.0,1049.4,1052.0,4690.0
2026-06-05 12:50:00,1052.7,1052.7,1050.2,1051.5,3023.0
2026-06-05 12:55:00,1051.4,1051.9,1050.9,1051.1,904.0
2026-06-05 13:00:00,1051.6,1052.5,1050.0,1051.0,2998.0
2026-06-05 13:05:00,1052.0,1052.0,1050.0,1051.1,2810.0
2026-06-05 13:10:00,1051.0,1051.9,1050.0,1051.9,8264.0
2026-06-05 13:15:00,1051.4,1054.9,1051.4,1054.1,4077.0
2026-06-05 13:20:00,1054.7,1055.8,1048.8,1052.0,8573.0
2026-06-05 13:25:00,1051.8,1051.8,1048.6,1049.2,6508.0
2026-06-05 13:30:00,1050.0,1052.0,1048.8,1050.4,4267.0
2026-06-05 13:35:00,1050.4,1051.2,1050.0,1050.8,3763.0
2026-06-05 13:40:00,1051.0,1051.8,1049.6,1050.7,6901.0
2026-06-05 13:45:00,1050.7,1052.4,1050.0,1050.1,1869.0
2026-06-05 13:50:00,1050.1,1051.6,1049.5,1050.3,3703.0
2026-06-05 13:55:00,1050.2,1051.5,1050.1,1051.0,5858.0
2026-06-05 14:00:00,1051.0,1052.7,1051.0,1051.9,1928.0
2026-06-05 14:05:00,1051.8,1057.9,1051.8,1055.8,12856.0
2026-06-05 14:10:00,1056.0,1056.7,1054.2,1056.0,4534.0
2026-06-05 14:15:00,1056.0,1058.0,1055.1,1057.0,5331.0
2026-06-05 14:20:00,1056.2,1057.1,1055.0,1056.5,4537.0
2026-06-05 14:25:00,1057.2,1059.7,1056.4,1058.5,7818.0
2026-06-05 14:30:00,1058.5,1059.0,1056.3,1056.7,2726.0
2026-06-05 14:35:00,1055.9,1056.4,1052.4,1055.8,6890.0
2026-06-05 14:40:00,1055.9,1059.1,1055.0,1058.1,5126.0
2026-06-05 14:45:00,1058.2,1059.0,1055.0,1056.7,5769.0
2026-06-05 14:50:00,1056.4,1058.5,1055.4,1058.5,6206.0
2026-06-05 14:55:00,1057.4,1058.4,1055.1,1056.0,5540.0
2026-06-05 15:00:00,1056.1,1057.8,1055.0,1057.3,6811.0
2026-06-05 15:05:00,1057.2,1058.0,1055.9,1057.0,3700.0
2026-06-05 15:10:00,1057.6,1058.3,1056.1,1057.0,11681.0
2026-06-05 15:15:00,1056.7,1057.7,1055.2,1057.1,16529.0
2026-06-05 15:20:00,1056.5,1060.0,1055.1,1056.4,19330.0
2026-06-05 15:25:00,1055.9,1060.0,1055.1,1055.1,19775.0
2026-06-08 09:15:00,1045.0,1045.0,1015.1,1038.2,31536.0
2026-06-08 09:20:00,1039.1,1041.2,1035.7,1035.9,15215.0
2026-06-08 09:25:00,1036.8,1041.6,1032.1,1039.4,7700.0
2026-06-08 09:30:00,1038.8,1042.8,1037.8,1039.5,8539.0
2026-06-08 09:35:00,1039.3,1046.0,1035.4,1044.7,25647.0
2026-06-08 09:40:00,1045.0,1049.4,1045.0,1047.4,9959.0
2026-06-08 09:45:00,1048.8,1054.6,1047.9,1047.9,21656.0
2026-06-08 09:50:00,1047.9,1047.9,1046.2,1046.9,3022.0
2026-06-08 09:55:00,1046.0,1053.0,1046.0,1052.0,6354.0
2026-06-08 10:00:00,1052.2,1052.2,1046.1,1046.8,12860.0
2026-06-08 10:05:00,1047.1,1048.4,1044.3,1047.1,11795.0
2026-06-08 10:10:00,1046.0,1046.5,1035.5,1035.5,4238.0
2026-06-08 10:15:00,1036.3,1040.8,1034.6,1039.5,11414.0
2026-06-08 10:20:00,1038.7,1045.0,1038.7,1041.3,9358.0
2026-06-08 10:25:00,1040.5,1040.5,1037.1,1038.0,6830.0
2026-06-08 10:30:00,1036.9,1043.6,1036.7,1043.6,2895.0
2026-06-08 10:35:00,1042.8,1044.0,1040.8,1041.8,2398.0
2026-06-08 10:40:00,1041.8,1044.2,1040.7,1041.6,2667.0
2026-06-08 10:45:00,1041.6,1042.8,1040.3,1041.9,1554.0
2026-06-08 10:50:00,1041.9,1042.0,1040.1,1040.1,672.0
2026-06-08 10:55:00,1040.9,1043.7,1040.2,1042.0,2719.0
2026-06-08 11:00:00,1040.9,1044.5,1039.6,1040.0,8122.0
2026-06-08 11:05:00,1040.0,1041.4,1039.0,1041.0,4095.0
2026-06-08 11:10:00,1040.8,1042.0,1039.0,1040.0,1923.0
2026-06-08 11:15:00,1040.3,1044.0,1040.3,1040.4,4668.0
2026-06-08 11:20:00,1041.1,1043.5,1039.8,1043.0,1099.0
2026-06-08 11:25:00,1043.0,1043.0,1040.0,1040.0,847.0
2026-06-08 11:30:00,1039.5,1041.1,1039.1,1039.1,1407.0
2026-06-08 11:35:00,1039.4,1040.6,1039.1,1040.2,680.0
2026-06-08 11:40:00,1040.0,1044.7,1039.1,1042.0,3752.0
2026-06-08 11:45:00,1042.6,1043.9,1042.0,1043.1,1399.0
2026-06-08 11:50:00,1042.4,1042.8,1041.7,1041.7,777.0
2026-06-08 11:55:00,1042.5,1042.5,1038.5,1039.5,6185.0
2026-06-08 12:00:00,1039.2,1043.0,1039.2,1041.1,1052.0
2026-06-08 12:05:00,1041.0,1045.9,1041.0,1043.2,3298.0
2026-06-08 12:10:00,1044.0,1044.8,1041.9,1044.0,1300.0
2026-06-08 12:15:00,1044.6,1045.2,1042.2,1042.6,2302.0
2026-06-08 12:20:00,1043.4,1045.0,1042.4,1044.4,1616.0
2026-06-08 12:25:00,1044.4,1044.4,1043.0,1044.4,1009.0
2026-06-08 12:30:00,1043.9,1044.4,1042.7,1043.8,696.0
2026-06-08 12:35:00,1043.2,1044.0,1041.7,1041.7,1341.0
2026-06-08 12:40:00,1042.5,1043.7,1041.8,1042.5,442.0
2026-06-08 12:45:00,1043.4,1043.5,1042.5,1043.1,435.0
2026-06-08 12:50:00,1043.9,1045.4,1043.0,1043.7,1722.0
2026-06-08 12:55:00,1044.2,1044.2,1043.0,1043.8,1322.0
2026-06-08 13:00:00,1042.9,1043.5,1042.5,1043.5,814.0
2026-06-08 13:05:00,1043.5,1044.4,1041.0,1042.7,1743.0
2026-06-08 13:10:00,1042.1,1042.8,1040.8,1042.3,943.0
2026-06-08 13:15:00,1042.9,1042.9,1041.8,1042.8,511.0
2026-06-08 13:20:00,1042.3,1042.8,1040.1,1040.5,2184.0
2026-06-08 13:25:00,1040.5,1040.7,1039.1,1040.6,4385.0
2026-06-08 13:30:00,1041.4,1041.4,1040.0,1040.5,505.0
2026-06-08 13:35:00,1040.3,1041.2,1040.0,1040.4,1507.0
2026-06-08 13:40:00,1041.2,1043.0,1041.0,1042.0,1803.0
2026-06-08 13:45:00,1042.0,1042.0,1036.3,1036.9,13396.0
2026-06-08 13:50:00,1037.0,1037.7,1034.0,1034.3,2006.0
2026-06-08 13:55:00,1034.0,1034.0,1032.2,1032.9,1828.0
2026-06-08 14:00:00,1032.9,1034.3,1032.0,1033.0,1679.0
2026-06-08 14:05:00,1032.9,1033.6,1030.2,1031.2,6717.0
2026-06-08 14:10:00,1031.1,1031.8,1024.4,1026.3,11286.0
2026-06-08 14:15:00,1026.3,1037.7,1025.1,1028.2,28223.0
2026-06-08 14:20:00,1028.2,1033.2,1026.0,1030.7,13790.0
2026-06-08 14:25:00,1031.1,1032.7,1029.0,1029.5,13094.0
2026-06-08 14:30:00,1029.1,1037.7,1028.8,1036.4,18156.0
2026-06-08 14:35:00,1036.2,1036.8,1032.0,1032.9,5844.0
2026-06-08 14:40:00,1034.0,1037.4,1032.3,1036.6,5261.0
2026-06-08 14:45:00,1036.5,1040.0,1036.1,1037.1,6247.0
2026-06-08 14:50:00,1037.0,1041.9,1037.0,1038.6,8625.0
2026-06-08 14:55:00,1039.1,1039.4,1033.1,1035.7,3070.0
2026-06-08 15:00:00,1035.2,1035.5,1030.0,1030.7,10332.0
2026-06-08 15:05:00,1030.7,1032.0,1030.0,1030.7,12403.0
2026-06-08 15:10:00,1030.6,1038.0,1030.6,1033.1,11850.0
2026-06-08 15:15:00,1033.6,1034.0,1028.0,1029.0,9358.0
2026-06-08 15:20:00,1029.7,1029.7,1022.9,1023.2,12985.0
2026-06-08 15:25:00,1023.0,1023.0,1008.5,1010.3,77940.0
2026-06-09 09:15:00,1022.9,1039.9,1018.9,1035.0,20872.0
2026-06-09 09:20:00,1035.4,1037.0,1032.9,1035.7,9312.0
2026-06-09 09:25:00,1035.5,1035.6,1023.4,1023.8,14001.0
2026-06-09 09:30:00,1024.9,1035.0,1023.9,1034.1,8174.0
2026-06-09 09:35:00,1033.1,1035.2,1032.3,1032.8,5231.0
2026-06-09 09:40:00,1032.8,1033.3,1029.4,1031.4,3432.0
2026-06-09 09:45:00,1031.2,1043.9,1029.1,1039.4,18278.0
2026-06-09 09:50:00,1039.8,1046.7,1038.8,1044.4,110713.0
2026-06-09 09:55:00,1044.0,1044.7,1037.7,1040.7,6434.0
2026-06-09 10:00:00,1040.1,1041.8,1037.5,1037.9,3389.0
2026-06-09 10:05:00,1037.0,1039.5,1036.7,1038.0,1477.0
2026-06-09 10:10:00,1038.0,1039.9,1037.3,1038.7,1506.0
2026-06-09 10:15:00,1039.4,1042.0,1038.9,1042.0,3990.0
2026-06-09 10:20:00,1042.8,1043.4,1031.4,1031.9,6876.0
2026-06-09 10:25:00,1031.9,1032.6,1030.5,1031.5,3319.0
2026-06-09 10:30:00,1031.2,1031.3,1027.1,1031.3,3036.0
2026-06-09 10:35:00,1031.1,1033.3,1028.9,1031.8,3815.0
2026-06-09 10:40:00,1031.8,1035.3,1031.4,1035.3,3760.0
2026-06-09 10:45:00,1035.3,1038.0,1029.3,1029.3,3143.0
2026-06-09 10:50:00,1029.0,1031.0,1028.2,1031.0,6204.0
2026-06-09 10:55:00,1030.3,1031.0,1029.0,1030.2,1409.0
2026-06-09 11:00:00,1028.5,1031.0,1026.0,1028.0,3800.0
2026-06-09 11:05:00,1028.5,1032.2,1028.5,1031.5,2399.0
2026-06-09 11:10:00,1032.3,1033.7,1028.7,1029.7,3247.0
2026-06-09 11:15:00,1029.7,1031.2,1029.7,1030.1,659.0
2026-06-09 11:20:00,1030.0,1030.7,1026.2,1026.7,1538.0
2026-06-09 11:25:00,1027.1,1030.0,1026.1,1030.0,376.0
2026-06-09 11:30:00,1029.0,1029.7,1027.0,1029.7,2546.0
2026-06-09 11:35:00,1029.1,1032.1,1029.1,1031.7,971.0
2026-06-09 11:40:00,1031.9,1032.4,1028.2,1030.0,1193.0
2026-06-09 11:45:00,1029.9,1033.6,1029.9,1033.2,1104.0
2026-06-09 11:50:00,1032.6,1033.4,1031.3,1032.4,680.0
2026-06-09 11:55:00,1032.4,1034.5,1032.1,1033.0,3137.0
2026-06-09 12:00:00,1033.0,1036.2,1031.3,1036.0,2781.0
2026-06-09 12:05:00,1036.0,1038.5,1033.7,1037.9,10118.0
2026-06-09 12:10:00,1037.9,1037.9,1035.6,1035.6,1013.0
2026-06-09 12:15:00,1037.3,1038.0,1035.6,1036.1,690.0
2026-06-09 12:20:00,1035.6,1037.8,1032.5,1033.5,2241.0
2026-06-09 12:25:00,1033.4,1036.6,1033.0,1035.7,1400.0
2026-06-09 12:30:00,1034.7,1035.5,1032.7,1033.5,3719.0
2026-06-09 12:35:00,1034.2,1036.5,1032.0,1035.9,3001.0
2026-06-09 12:40:00,1035.7,1037.5,1034.3,1035.8,2018.0
2026-06-09 12:45:00,1036.0,1037.0,1034.1,1035.7,1229.0
2026-06-09 12:50:00,1034.9,1035.9,1034.9,1035.2,440.0
2026-06-09 12:55:00,1035.0,1035.1,1032.1,1033.7,1750.0
2026-06-09 13:00:00,1033.2,1033.8,1031.8,1033.8,2294.0
2026-06-09 13:05:00,1033.8,1034.5,1033.0,1033.5,406.0
2026-06-09 13:10:00,1033.0,1034.7,1031.8,1033.6,827.0
2026-06-09 13:15:00,1034.4,1034.9,1033.2,1033.6,539.0
2026-06-09 13:20:00,1033.3,1033.6,1030.2,1031.3,5814.0
2026-06-09 13:25:00,1030.5,1032.2,1030.1,1032.1,1087.0
2026-06-09 13:30:00,1032.3,1032.3,1027.9,1031.0,3103.0
2026-06-09 13:35:00,1031.2,1033.0,1030.7,1032.0,1556.0
2026-06-09 13:40:00,1032.0,1032.4,1030.0,1030.6,1507.0
2026-06-09 13:45:00,1031.3,1031.3,1026.0,1026.1,3342.0
2026-06-09 13:50:00,1026.1,1030.9,1026.1,1030.4,2154.0
2026-06-09 13:55:00,1030.4,1031.0,1026.8,1029.0,810.0
2026-06-09 14:00:00,1028.3,1029.8,1027.0,1029.1,2257.0
2026-06-09 14:05:00,1029.1,1030.5,1028.0,1029.6,2645.0
2026-06-09 14:10:00,1029.6,1030.0,1028.1,1028.8,708.0
2026-06-09 14:15:00,1028.1,1030.9,1028.1,1030.7,1103.0
2026-06-09 14:20:00,1030.0,1031.8,1030.0,1030.2,630.0
2026-06-09 14:25:00,1030.2,1031.3,1030.1,1031.2,1647.0
2026-06-09 14:30:00,1030.2,1032.0,1029.0,1029.6,6392.0
2026-06-09 14:35:00,1029.0,1029.6,1024.7,1028.7,4648.0
2026-06-09 14:40:00,1028.7,1030.8,1028.4,1030.6,1377.0
2026-06-09 14:45:00,1030.0,1030.6,1027.5,1028.3,998.0
2026-06-09 14:50:00,1028.3,1030.3,1027.2,1029.7,1716.0
2026-06-09 14:55:00,1029.6,1033.0,1029.2,1033.0,3716.0
2026-06-09 15:00:00,1032.6,1032.6,1027.3,1028.3,8347.0
2026-06-09 15:05:00,1028.3,1036.0,1027.9,1032.7,21524.0
2026-06-09 15:10:00,1032.3,1037.0,1032.0,1034.1,11439.0
2026-06-09 15:15:00,1034.2,1035.0,1032.6,1032.8,5132.0
2026-06-09 15:20:00,1033.2,1033.3,1031.4,1033.2,8502.0
2026-06-09 15:25:00,1033.2,1035.4,1027.8,1030.7,15869.0
2026-06-10 09:15:00,1030.3,1047.6,1027.9,1040.0,7697.0
2026-06-10 09:20:00,1037.6,1039.7,1030.5,1033.2,16021.0
2026-06-10 09:25:00,1033.0,1033.0,1020.8,1022.9,11876.0
2026-06-10 09:30:00,1022.8,1024.6,1020.4,1024.6,6302.0
2026-06-10 09:35:00,1023.5,1024.1,1015.4,1019.2,6421.0
2026-06-10 09:40:00,1019.8,1021.4,1019.0,1020.8,5022.0
2026-06-10 09:45:00,1021.0,1021.0,1014.7,1019.7,5503.0
2026-06-10 09:50:00,1020.0,1020.5,1015.0,1015.1,3111.0
2026-06-10 09:55:00,1014.7,1017.1,1012.1,1012.9,7237.0
2026-06-10 10:00:00,1013.1,1013.7,1011.0,1011.9,2578.0
2026-06-10 10:05:00,1011.4,1014.3,1009.9,1013.1,9175.0
2026-06-10 10:10:00,1013.6,1015.0,1010.5,1011.3,2489.0
2026-06-10 10:15:00,1010.6,1014.6,1009.4,1013.6,3954.0
2026-06-10 10:20:00,1013.5,1013.9,1010.9,1011.8,2433.0
2026-06-10 10:25:00,1013.1,1015.2,1012.5,1014.6,1459.0
2026-06-10 10:30:00,1015.4,1016.1,1014.8,1015.1,1008.0
2026-06-10 10:35:00,1015.0,1018.3,1015.0,1015.2,3339.0
2026-06-10 10:40:00,1016.0,1016.7,1014.2,1014.2,619.0
2026-06-10 10:45:00,1014.5,1015.0,1013.6,1014.1,1684.0
2026-06-10 10:50:00,1014.0,1015.4,1012.5,1013.0,1443.0
2026-06-10 10:55:00,1013.0,1014.6,1012.2,1014.5,1464.0
2026-06-10 11:00:00,1013.8,1014.5,1013.3,1013.8,368.0
2026-06-10 11:05:00,1014.0,1014.9,1012.6,1013.5,683.0
2026-06-10 11:10:00,1013.5,1014.9,1009.5,1011.3,2232.0
2026-06-10 11:15:00,1011.0,1011.9,1008.2,1009.2,2618.0
2026-06-10 11:20:00,1008.5,1010.4,1005.1,1010.4,6298.0
2026-06-10 11:25:00,1010.1,1011.2,1008.7,1010.4,2057.0
2026-06-10 11:30:00,1010.1,1010.2,1007.6,1008.2,1212.0
2026-06-10 11:35:00,1008.3,1008.9,1005.3,1006.4,3611.0
2026-06-10 11:40:00,1006.3,1007.6,1005.7,1006.2,597.0
2026-06-10 11:45:00,1006.2,1010.2,1005.7,1008.7,9564.0
2026-06-10 11:50:00,1009.5,1011.9,1008.6,1010.4,1347.0
2026-06-10 11:55:00,1010.7,1014.9,1010.4,1013.1,5088.0
2026-06-10 12:00:00,1013.1,1013.5,1012.2,1013.5,705.0
2026-06-10 12:05:00,1013.5,1014.1,1010.1,1011.1,2100.0
2026-06-10 12:10:00,1012.1,1013.0,1010.0,1010.2,806.0
2026-06-10 12:15:00,1010.4,1013.2,1010.4,1013.0,3158.0
2026-06-10 12:20:00,1011.6,1012.9,1010.0,1010.4,789.0
2026-06-10 12:25:00,1009.8,1010.9,1009.1,1010.7,2324.0
2026-06-10 12:30:00,1010.0,1012.0,1010.0,1012.0,1764.0
2026-06-10 12:35:00,1011.8,1011.9,1010.0,1010.8,696.0
2026-06-10 12:40:00,1010.2,1010.3,1008.1,1009.7,987.0
2026-06-10 12:45:00,1009.0,1009.9,1007.1,1008.0,1229.0
2026-06-10 12:50:00,1008.0,1008.0,1006.8,1008.0,600.0
2026-06-10 12:55:00,1008.0,1009.0,1007.7,1008.7,1212.0
2026-06-10 13:00:00,1008.7,1011.4,1008.7,1010.0,1550.0
2026-06-10 13:05:00,1010.0,1016.0,1009.2,1016.0,4957.0
2026-06-10 13:10:00,1016.0,1016.0,1013.8,1014.6,1135.0
2026-06-10 13:15:00,1014.0,1015.9,1013.1,1014.4,1362.0
2026-06-10 13:20:00,1014.4,1014.6,1012.1,1012.2,555.0
2026-06-10 13:25:00,1012.7,1013.9,1012.6,1013.7,650.0
2026-06-10 13:30:00,1013.6,1014.0,1012.1,1013.6,788.0
2026-06-10 13:35:00,1012.0,1012.0,1009.6,1009.6,512.0
2026-06-10 13:40:00,1010.1,1010.4,1006.4,1007.7,1842.0
2026-06-10 13:45:00,1007.7,1009.9,1007.7,1009.7,890.0
2026-06-10 13:50:00,1010.1,1010.2,1007.3,1008.1,733.0
2026-06-10 13:55:00,1008.0,1009.3,1007.4,1007.8,596.0
2026-06-10 14:00:00,1008.7,1009.4,1006.6,1009.0,1592.0
2026-06-10 14:05:00,1008.5,1009.4,1008.0,1008.5,325.0
2026-06-10 14:10:00,1008.5,1008.7,1007.0,1007.3,942.0
2026-06-10 14:15:00,1007.8,1008.2,1005.3,1007.7,1925.0
2026-06-10 14:20:00,1007.9,1008.0,1006.9,1008.0,522.0
2026-06-10 14:25:00,1008.0,1008.2,1006.3,1007.0,514.0
2026-06-10 14:30:00,1007.0,1007.0,1005.5,1005.8,1254.0
2026-06-10 14:35:00,1005.3,1006.2,1000.6,1000.6,6040.0
2026-06-10 14:40:00,1001.2,1003.2,1000.5,1001.4,4280.0
2026-06-10 14:45:00,1001.4,1003.2,1001.2,1002.8,1616.0
2026-06-10 14:50:00,1002.7,1002.9,1000.0,1001.9,3464.0
2026-06-10 14:55:00,1001.9,1002.8,1000.1,1001.0,2283.0
2026-06-10 15:00:00,1001.9,1001.9,997.7,997.8,4283.0
2026-06-10 15:05:00,998.3,998.3,995.5,997.1,3456.0
2026-06-10 15:10:00,997.7,997.7,993.1,994.1,10680.0
2026-06-10 15:15:00,994.7,994.9,991.0,993.5,14270.0
2026-06-10 15:20:00,993.5,993.5,991.2,993.5,7145.0
2026-06-10 15:25:00,993.5,996.5,991.2,996.0,14701.0
2026-06-11 09:15:00,993.0,997.0,975.5,995.3,10297.0
2026-06-11 09:20:00,996.4,1004.5,996.4,999.5,9956.0
2026-06-11 09:25:00,999.5,1013.2,999.4,1010.7,16851.0
2026-06-11 09:30:00,1010.2,1012.0,1007.3,1011.9,6545.0
2026-06-11 09:35:00,1012.0,1018.9,1011.1,1018.2,14238.0
2026-06-11 09:40:00,1018.9,1024.9,1018.8,1022.4,15476.0
2026-06-11 09:45:00,1022.4,1024.0,1018.1,1019.4,6865.0
2026-06-11 09:50:00,1020.4,1023.5,1018.5,1019.0,6151.0
2026-06-11 09:55:00,1019.6,1021.6,1015.5,1020.4,9168.0
2026-06-11 10:00:00,1020.2,1029.9,1020.0,1029.1,27526.0
2026-06-11 10:05:00,1029.1,1034.4,1023.9,1033.0,24103.0
2026-06-11 10:10:00,1031.7,1033.0,1028.0,1030.4,16819.0
2026-06-11 10:15:00,1030.9,1033.0,1030.2,1032.0,4233.0
2026-06-11 10:20:00,1032.0,1032.0,1029.2,1030.0,3365.0
2026-06-11 10:25:00,1030.0,1031.0,1028.0,1030.4,6544.0
2026-06-11 10:30:00,1030.4,1032.0,1029.0,1031.2,1874.0
2026-06-11 10:35:00,1031.2,1031.6,1025.9,1026.0,5128.0
2026-06-11 10:40:00,1026.1,1027.6,1024.0,1024.4,9254.0
2026-06-11 10:45:00,1024.9,1024.9,1022.7,1022.7,3628.0
2026-06-11 10:50:00,1021.5,1021.5,1018.4,1019.2,8293.0
2026-06-11 10:55:00,1017.6,1019.8,1014.3,1015.6,7217.0
2026-06-11 11:00:00,1016.0,1020.0,1015.0,1018.3,5826.0
2026-06-11 11:05:00,1018.3,1023.5,1015.7,1022.7,5634.0
2026-06-11 11:10:00,1022.0,1024.7,1022.0,1023.5,6685.0
2026-06-11 11:15:00,1024.0,1024.0,1019.2,1020.5,8047.0
2026-06-11 11:20:00,1021.1,1022.0,1020.5,1022.0,1618.0
2026-06-11 11:25:00,1022.0,1024.9,1021.4,1023.3,7120.0
2026-06-11 11:30:00,1023.3,1027.0,1023.3,1026.1,2738.0
2026-06-11 11:35:00,1026.2,1029.4,1026.2,1028.6,6583.0
2026-06-11 11:40:00,1027.8,1028.6,1025.4,1026.0,2065.0
2026-06-11 11:45:00,1026.0,1028.5,1025.6,1028.3,3332.0
2026-06-11 11:50:00,1028.0,1029.6,1019.2,1019.2,9077.0
2026-06-11 11:55:00,1019.1,1021.5,1013.0,1015.9,7580.0
2026-06-11 12:00:00,1015.2,1017.9,1013.0,1013.8,11682.0
2026-06-11 12:05:00,1014.4,1015.0,1012.5,1014.1,3166.0
2026-06-11 12:10:00,1014.4,1014.4,1011.4,1013.9,1821.0
2026-06-11 12:15:00,1014.4,1014.9,1013.0,1013.4,1271.0
2026-06-11 12:20:00,1013.9,1014.4,1008.1,1009.3,5399.0
2026-06-11 12:25:00,1008.9,1012.0,1008.1,1010.7,4621.0
2026-06-11 12:30:00,1009.8,1012.2,1009.7,1011.7,6065.0
2026-06-11 12:35:00,1011.7,1012.2,1010.5,1011.0,1209.0
2026-06-11 12:40:00,1011.0,1011.0,1009.9,1010.2,1607.0
2026-06-11 12:45:00,1010.0,1010.3,1008.2,1009.2,3757.0
2026-06-11 12:50:00,1009.2,1010.8,1008.7,1010.8,801.0
2026-06-11 12:55:00,1010.8,1014.9,1008.6,1013.2,15201.0
2026-06-11 13:00:00,1014.2,1014.9,1013.0,1014.0,3177.0
2026-06-11 13:05:00,1014.0,1014.2,1012.7,1013.2,2172.0
2026-06-11 13:10:00,1013.2,1014.0,1009.0,1009.1,3392.0
2026-06-11 13:15:00,1010.2,1010.9,1007.7,1008.0,4511.0
2026-06-11 13:20:00,1009.0,1009.3,1005.7,1008.5,3213.0
2026-06-11 13:25:00,1008.1,1010.2,1007.3,1010.2,1246.0
2026-06-11 13:30:00,1011.8,1014.0,1009.7,1013.6,3873.0
2026-06-11 13:35:00,1013.5,1014.0,1011.4,1011.7,917.0
2026-06-11 13:40:00,1011.7,1011.7,1009.5,1011.0,3682.0
2026-06-11 13:45:00,1010.7,1014.0,1010.7,1012.0,3536.0
2026-06-11 13:50:00,1012.3,1013.5,1012.1,1013.1,672.0
2026-06-11 13:55:00,1014.0,1014.1,1009.2,1009.3,4395.0
2026-06-11 14:00:00,1009.3,1013.0,1008.9,1012.9,1872.0
2026-06-11 14:05:00,1013.6,1013.9,1011.2,1012.0,964.0
2026-06-11 14:10:00,1010.5,1012.0,1010.1,1012.0,1392.0
2026-06-11 14:15:00,1012.0,1012.5,1010.0,1012.3,2393.0
2026-06-11 14:20:00,1011.9,1012.5,1009.9,1011.9,3387.0
2026-06-11 14:25:00,1011.7,1014.0,1010.9,1013.6,2835.0
2026-06-11 14:30:00,1013.3,1015.0,1013.1,1013.7,836.0
2026-06-11 14:35:00,1013.8,1014.0,1011.6,1012.8,1369.0
2026-06-11 14:40:00,1013.5,1014.0,1011.7,1014.0,2006.0
2026-06-11 14:45:00,1013.5,1013.9,1008.1,1011.5,8006.0
2026-06-11 14:50:00,1011.5,1016.6,1009.2,1014.0,20542.0
2026-06-11 14:55:00,1014.9,1014.9,1009.0,1010.1,5878.0
2026-06-11 15:00:00,1011.0,1011.0,1008.1,1008.5,4645.0
2026-06-11 15:05:00,1008.6,1011.8,1008.6,1010.1,6289.0
2026-06-11 15:10:00,1010.1,1014.2,1009.6,1013.2,9599.0
2026-06-11 15:15:00,1013.8,1016.9,1012.4,1013.5,11644.0
2026-06-11 15:20:00,1013.5,1016.3,1012.2,1015.3,9902.0
2026-06-11 15:25:00,1015.3,1018.7,1014.0,1017.6,7981.0
2026-06-12 09:15:00,1021.9,1035.1,1020.0,1031.6,24871.0
2026-06-12 09:20:00,1032.4,1037.1,1029.6,1035.4,11085.0
2026-06-12 09:25:00,1035.0,1038.8,1031.1,1031.1,15725.0
2026-06-12 09:30:00,1031.8,1036.5,1026.6,1035.5,17697.0
2026-06-12 09:35:00,1035.5,1037.8,1032.9,1032.9,10490.0
2026-06-12 09:40:00,1033.8,1035.0,1031.8,1033.1,2532.0
2026-06-12 09:45:00,1033.1,1033.4,1027.2,1029.0,9147.0
2026-06-12 09:50:00,1029.4,1031.9,1028.9,1031.1,2565.0
2026-06-12 09:55:00,1030.3,1030.7,1028.3,1029.5,5311.0
2026-06-12 10:00:00,1030.9,1031.5,1021.4,1022.5,7444.0
2026-06-12 10:05:00,1022.7,1030.8,1021.1,1027.0,9965.0
2026-06-12 10:10:00,1026.8,1027.7,1024.0,1027.5,2039.0
2026-06-12 10:15:00,1027.1,1029.4,1026.0,1028.0,2071.0
2026-06-12 10:20:00,1028.5,1031.4,1028.4,1029.4,11069.0
2026-06-12 10:25:00,1028.9,1028.9,1026.0,1027.0,2000.0
2026-06-12 10:30:00,1027.0,1027.0,1023.7,1024.0,986.0
2026-06-12 10:35:00,1024.1,1028.2,1024.1,1027.7,1526.0
2026-06-12 10:40:00,1027.3,1029.9,1027.2,1028.9,2240.0
2026-06-12 10:45:00,1027.0,1028.2,1023.1,1023.8,2900.0
2026-06-12 10:50:00,1023.1,1024.2,1023.0,1023.3,1087.0
2026-06-12 10:55:00,1023.5,1024.0,1022.3,1023.4,990.0
2026-06-12 11:00:00,1023.8,1024.7,1023.5,1024.7,647.0
2026-06-12 11:05:00,1024.6,1024.6,1022.1,1022.5,1370.0
2026-06-12 11:10:00,1022.8,1025.5,1022.5,1025.5,2479.0
2026-06-12 11:15:00,1025.0,1026.9,1025.0,1026.3,1328.0
2026-06-12 11:20:00,1026.3,1026.6,1024.3,1026.6,1851.0
2026-06-12 11:25:00,1026.5,1027.5,1025.7,1025.7,1629.0
2026-06-12 11:30:00,1025.0,1026.7,1024.5,1025.6,1290.0
2026-06-12 11:35:00,1025.3,1026.4,1025.3,1025.8,539.0
2026-06-12 11:40:00,1025.2,1027.0,1024.7,1026.2,2300.0
2026-06-12 11:45:00,1026.2,1028.0,1026.2,1027.1,601.0
2026-06-12 11:50:00,1027.0,1028.6,1026.0,1026.0,1627.0
2026-06-12 11:55:00,1026.6,1028.7,1026.2,1027.7,1536.0
2026-06-12 12:00:00,1028.1,1029.0,1027.1,1027.1,514.0
2026-06-12 12:05:00,1027.1,1028.0,1025.2,1027.4,2150.0
2026-06-12 12:10:00,1026.6,1026.6,1024.0,1024.0,1461.0
2026-06-12 12:15:00,1024.5,1025.4,1023.1,1023.1,463.0
2026-06-12 12:20:00,1023.6,1024.0,1022.8,1022.8,968.0
2026-06-12 12:25:00,1022.8,1023.7,1022.8,1023.3,304.0
2026-06-12 12:30:00,1023.3,1023.8,1022.2,1023.3,1117.0
2026-06-12 12:35:00,1023.2,1023.3,1022.6,1022.7,303.0
2026-06-12 12:40:00,1022.7,1023.0,1018.2,1019.5,3203.0
2026-06-12 12:45:00,1019.2,1020.4,1017.3,1019.0,1855.0
2026-06-12 12:50:00,1019.0,1021.9,1019.0,1021.1,4594.0
2026-06-12 12:55:00,1021.0,1021.4,1020.7,1020.7,400.0
2026-06-12 13:00:00,1020.8,1021.1,1020.7,1021.0,571.0
2026-06-12 13:05:00,1021.3,1021.8,1020.2,1021.3,660.0
2026-06-12 13:10:00,1021.1,1021.4,1020.2,1020.6,970.0
2026-06-12 13:15:00,1020.7,1021.0,1016.0,1016.5,4473.0
2026-06-12 13:20:00,1016.5,1018.3,1015.0,1015.5,1297.0
2026-06-12 13:25:00,1015.2,1021.1,1015.2,1020.1,10379.0
2026-06-12 13:30:00,1020.8,1026.5,1020.1,1026.0,4431.0
2026-06-12 13:35:00,1026.0,1030.0,1026.0,1029.6,6228.0
2026-06-12 13:40:00,1029.3,1034.3,1029.3,1032.5,8738.0
2026-06-12 13:45:00,1032.0,1032.0,1030.4,1030.4,683.0
2026-06-12 13:50:00,1030.4,1031.8,1029.2,1031.8,2137.0
2026-06-12 13:55:00,1031.3,1038.0,1030.2,1037.5,7708.0
2026-06-12 14:00:00,1037.4,1037.4,1032.2,1032.3,12812.0
2026-06-12 14:05:00,1032.2,1033.8,1032.0,1032.4,1328.0
2026-06-12 14:10:00,1032.0,1033.9,1032.0,1033.3,1540.0
2026-06-12 14:15:00,1033.3,1034.2,1032.6,1033.5,1101.0
2026-06-12 14:20:00,1033.5,1035.8,1033.5,1035.0,2884.0
2026-06-12 14:25:00,1034.5,1036.2,1032.4,1035.3,2578.0
2026-06-12 14:30:00,1035.3,1037.5,1035.0,1035.3,1971.0
2026-06-12 14:35:00,1035.3,1040.0,1035.3,1038.7,4331.0
2026-06-12 14:40:00,1038.6,1040.0,1038.1,1040.0,2308.0
2026-06-12 14:45:00,1039.9,1039.9,1037.1,1038.5,1785.0
2026-06-12 14:50:00,1039.0,1039.5,1036.3,1036.7,2203.0
2026-06-12 14:55:00,1036.7,1037.0,1032.9,1036.4,8393.0
2026-06-12 15:00:00,1035.4,1038.5,1034.3,1038.5,2442.0
2026-06-12 15:05:00,1038.5,1038.6,1036.0,1036.0,4267.0
2026-06-12 15:10:00,1036.9,1037.7,1035.0,1037.7,1507.0
2026-06-12 15:15:00,1037.0,1037.7,1033.7,1035.5,9162.0
2026-06-12 15:20:00,1035.5,1037.0,1032.6,1034.9,8648.0
2026-06-12 15:25:00,1034.9,1036.0,1033.1,1035.2,9323.0
2026-06-15 09:15:00,1092.0,1092.0,1063.1,1086.2,103422.0
2026-06-15 09:20:00,1086.8,1091.4,1081.0,1083.8,79946.0
2026-06-15 09:25:00,1084.0,1091.0,1081.4,1088.5,67471.0
2026-06-15 09:30:00,1089.4,1090.0,1081.9,1088.0,39886.0
2026-06-15 09:35:00,1087.2,1088.0,1077.6,1077.8,35401.0
2026-06-15 09:40:00,1077.9,1087.0,1076.1,1087.0,24322.0
2026-06-15 09:45:00,1087.0,1087.0,1083.4,1084.1,21014.0
2026-06-15 09:50:00,1084.8,1091.0,1083.1,1090.7,27946.0
2026-06-15 09:55:00,1091.0,1091.0,1083.9,1086.4,15757.0
2026-06-15 10:00:00,1085.4,1089.6,1085.4,1088.8,9866.0
2026-06-15 10:05:00,1088.4,1089.0,1086.1,1088.2,8107.0
2026-06-15 10:10:00,1088.2,1088.2,1083.8,1087.9,10322.0
2026-06-15 10:15:00,1087.8,1089.0,1084.5,1089.0,5289.0
2026-06-15 10:20:00,1089.0,1089.0,1082.9,1086.9,10362.0
2026-06-15 10:25:00,1087.0,1087.0,1081.8,1083.4,10668.0
2026-06-15 10:30:00,1083.6,1084.6,1080.5,1081.6,5313.0
2026-06-15 10:35:00,1081.8,1082.1,1078.2,1078.9,9262.0
2026-06-15 10:40:00,1078.1,1079.0,1074.6,1075.3,10770.0
2026-06-15 10:45:00,1074.7,1075.8,1073.0,1075.0,6748.0
2026-06-15 10:50:00,1075.1,1077.8,1074.1,1077.1,7060.0
2026-06-15 10:55:00,1076.8,1077.8,1073.1,1077.0,9546.0
2026-06-15 11:00:00,1077.0,1077.5,1073.6,1076.5,8350.0
2026-06-15 11:05:00,1076.9,1078.0,1076.0,1077.4,5378.0
2026-06-15 11:10:00,1078.0,1078.0,1074.5,1077.0,4990.0
2026-06-15 11:15:00,1075.7,1077.0,1074.2,1076.5,5791.0
2026-06-15 11:20:00,1076.4,1076.8,1075.0,1075.8,2302.0
2026-06-15 11:25:00,1075.0,1077.5,1074.5,1076.5,2999.0
2026-06-15 11:30:00,1076.4,1077.2,1072.0,1073.8,5304.0
2026-06-15 11:35:00,1073.8,1075.0,1072.5,1074.2,5271.0
2026-06-15 11:40:00,1073.5,1077.9,1072.6,1077.1,7761.0
2026-06-15 11:45:00,1077.0,1077.5,1074.1,1075.6,3906.0
2026-06-15 11:50:00,1075.6,1078.1,1074.9,1076.2,9322.0
2026-06-15 11:55:00,1075.0,1077.5,1074.8,1075.9,2296.0
2026-06-15 12:00:00,1076.0,1079.5,1074.3,1075.7,23635.0
2026-06-15 12:05:00,1075.3,1075.4,1072.7,1073.9,2746.0
2026-06-15 12:10:00,1073.8,1076.9,1073.8,1075.8,1637.0
2026-06-15 12:15:00,1074.9,1076.6,1073.5,1075.6,4324.0
2026-06-15 12:20:00,1075.7,1076.9,1071.1,1072.6,3542.0
2026-06-15 12:25:00,1072.8,1072.8,1061.5,1064.2,16982.0
2026-06-15 12:30:00,1064.3,1064.5,1056.7,1061.0,18573.0
2026-06-15 12:35:00,1060.6,1061.1,1058.5,1060.7,5171.0
2026-06-15 12:40:00,1060.9,1060.9,1055.6,1057.0,6723.0
2026-06-15 12:45:00,1056.9,1057.5,1054.1,1055.0,6791.0
2026-06-15 12:50:00,1055.0,1055.9,1052.5,1054.7,5312.0
2026-06-15 12:55:00,1052.7,1057.3,1052.7,1057.2,5268.0
2026-06-15 13:00:00,1057.3,1057.3,1054.0,1055.9,5459.0
2026-06-15 13:05:00,1056.2,1057.5,1054.7,1057.2,3297.0
2026-06-15 13:10:00,1056.7,1058.8,1052.8,1053.4,6964.0
2026-06-15 13:15:00,1053.8,1053.8,1051.0,1053.5,7350.0
2026-06-15 13:20:00,1052.9,1056.0,1052.2,1052.7,3895.0
2026-06-15 13:25:00,1052.7,1055.2,1050.0,1054.5,8171.0
2026-06-15 13:30:00,1054.9,1055.0,1052.5,1053.7,3013.0
2026-06-15 13:35:00,1053.7,1054.9,1049.2,1051.5,9895.0
2026-06-15 13:40:00,1051.5,1054.9,1051.0,1052.0,5198.0
2026-06-15 13:45:00,1052.2,1053.8,1050.4,1052.8,3311.0
2026-06-15 13:50:00,1052.8,1054.2,1051.1,1051.7,5932.0
2026-06-15 13:55:00,1051.8,1052.7,1050.6,1052.6,2377.0
2026-06-15 14:00:00,1051.8,1057.1,1051.2,1053.4,9773.0
2026-06-15 14:05:00,1053.9,1054.0,1048.3,1050.7,10685.0
2026-06-15 14:10:00,1050.8,1051.3,1047.4,1050.2,5139.0
2026-06-15 14:15:00,1050.0,1050.5,1047.8,1049.0,4879.0
2026-06-15 14:20:00,1049.0,1050.0,1048.2,1049.5,5109.0
2026-06-15 14:25:00,1049.5,1050.9,1048.2,1048.9,5416.0
2026-06-15 14:30:00,1049.9,1052.3,1048.0,1048.2,7164.0
2026-06-15 14:35:00,1048.7,1050.5,1048.7,1049.8,1336.0
2026-06-15 14:40:00,1050.0,1050.0,1046.4,1049.0,3833.0
2026-06-15 14:45:00,1049.0,1049.0,1045.8,1047.2,5102.0
2026-06-15 14:50:00,1047.9,1048.5,1045.3,1046.4,3491.0
2026-06-15 14:55:00,1046.2,1046.8,1042.4,1044.1,10790.0
2026-06-15 15:00:00,1044.9,1045.9,1042.1,1043.4,15461.0
2026-06-15 15:05:00,1043.3,1046.9,1042.0,1045.1,17473.0
2026-06-15 15:10:00,1045.5,1045.5,1041.6,1043.3,10259.0
2026-06-15 15:15:00,1043.7,1047.0,1043.2,1044.1,18898.0
2026-06-15 15:20:00,1043.8,1045.8,1041.5,1043.3,12301.0
2026-06-15 15:25:00,1043.4,1045.0,1041.0,1041.0,22368.0
2026-06-16 09:15:00,1047.2,1061.4,1044.8,1056.7,14020.0
2026-06-16 09:20:00,1055.8,1061.0,1054.5,1058.6,9007.0
2026-06-16 09:25:00,1058.0,1063.9,1057.1,1062.5,8791.0
2026-06-16 09:30:00,1062.3,1063.1,1057.5,1060.9,10556.0
2026-06-16 09:35:00,1060.9,1064.5,1059.7,1062.5,4071.0
2026-06-16 09:40:00,1062.6,1063.5,1057.6,1058.5,5254.0
2026-06-16 09:45:00,1057.5,1059.1,1054.0,1054.5,4292.0
2026-06-16 09:50:00,1054.6,1060.5,1054.5,1057.6,4114.0
2026-06-16 09:55:00,1057.1,1060.0,1057.1,1058.6,2300.0
2026-06-16 10:00:00,1058.5,1059.9,1055.0,1056.4,2308.0
2026-06-16 10:05:00,1056.0,1056.4,1052.1,1054.3,2435.0
2026-06-16 10:10:00,1054.1,1054.7,1052.6,1053.7,1107.0
2026-06-16 10:15:00,1053.2,1056.1,1053.0,1055.1,1967.0
2026-06-16 10:20:00,1055.3,1057.6,1054.6,1057.3,3303.0
2026-06-16 10:25:00,1057.3,1062.9,1057.1,1060.8,6078.0
2026-06-16 10:30:00,1061.1,1061.6,1059.0,1060.8,1811.0
2026-06-16 10:35:00,1060.1,1064.5,1059.9,1062.3,3575.0
2026-06-16 10:40:00,1061.6,1062.8,1059.2,1061.7,3406.0
2026-06-16 10:45:00,1062.2,1063.0,1061.4,1061.7,1153.0
2026-06-16 10:50:00,1061.7,1063.7,1060.8,1063.7,2730.0
2026-06-16 10:55:00,1064.0,1064.0,1060.8,1061.6,2321.0
2026-06-16 11:00:00,1061.1,1062.5,1059.5,1061.0,7476.0
2026-06-16 11:05:00,1061.5,1066.5,1060.0,1063.1,10838.0
2026-06-16 11:10:00,1063.1,1063.2,1059.3,1059.9,6686.0
2026-06-16 11:15:00,1060.1,1062.3,1059.9,1060.7,1657.0
2026-06-16 11:20:00,1060.7,1061.0,1058.6,1061.0,2651.0
2026-06-16 11:25:00,1061.2,1062.2,1059.0,1060.9,890.0
2026-06-16 11:30:00,1060.9,1061.8,1058.5,1059.1,6371.0
2026-06-16 11:35:00,1059.1,1059.9,1058.1,1059.1,590.0
2026-06-16 11:40:00,1059.1,1059.8,1053.0,1058.8,9718.0
2026-06-16 11:45:00,1058.3,1062.3,1058.3,1061.2,966.0
2026-06-16 11:50:00,1061.1,1061.8,1058.5,1059.5,766.0
2026-06-16 11:55:00,1059.0,1060.7,1058.3,1059.5,995.0
2026-06-16 12:00:00,1059.5,1061.3,1058.3,1058.3,1822.0
2026-06-16 12:05:00,1058.1,1061.4,1056.8,1059.3,3257.0
2026-06-16 12:10:00,1060.0,1060.9,1058.1,1059.6,2975.0
2026-06-16 12:15:00,1058.6,1059.5,1057.4,1058.0,534.0
2026-06-16 12:20:00,1057.4,1058.8,1056.5,1057.5,533.0
2026-06-16 12:25:00,1056.5,1061.1,1056.2,1059.7,4019.0
2026-06-16 12:30:00,1060.6,1061.6,1058.5,1058.7,948.0
2026-06-16 12:35:00,1058.7,1058.7,1056.2,1056.2,493.0
2026-06-16 12:40:00,1056.2,1058.3,1056.0,1057.1,813.0
2026-06-16 12:45:00,1058.0,1059.2,1056.2,1059.2,1257.0
2026-06-16 12:50:00,1059.2,1059.7,1056.8,1057.9,694.0
2026-06-16 12:55:00,1058.5,1060.0,1056.6,1058.1,848.0
2026-06-16 13:00:00,1058.2,1058.2,1055.1,1056.2,1995.0
2026-06-16 13:05:00,1056.5,1057.0,1055.1,1056.0,890.0
2026-06-16 13:10:00,1056.9,1057.0,1056.0,1056.0,736.0
2026-06-16 13:15:00,1055.0,1055.6,1053.8,1055.1,1684.0
2026-06-16 13:20:00,1056.0,1057.0,1054.4,1056.0,967.0
2026-06-16 13:25:00,1056.0,1057.0,1055.0,1056.2,1253.0
2026-06-16 13:30:00,1056.4,1056.7,1055.0,1055.7,492.0
2026-06-16 13:35:00,1055.7,1056.6,1055.0,1055.0,458.0
2026-06-16 13:40:00,1055.0,1056.5,1054.1,1054.1,516.0
2026-06-16 13:45:00,1054.5,1056.8,1054.3,1055.0,1962.0
2026-06-16 13:50:00,1054.9,1057.0,1054.6,1056.3,897.0
2026-06-16 13:55:00,1056.2,1057.0,1055.4,1056.6,1898.0
2026-06-16 14:00:00,1057.0,1057.6,1056.5,1056.5,414.0
2026-06-16 14:05:00,1056.5,1057.0,1053.9,1055.0,1798.0
2026-06-16 14:10:00,1054.1,1055.0,1054.0,1054.5,726.0
2026-06-16 14:15:00,1054.5,1055.0,1054.5,1054.7,1784.0
2026-06-16 14:20:00,1054.7,1055.0,1054.5,1054.6,1125.0
2026-06-16 14:25:00,1054.5,1055.0,1052.5,1052.9,2106.0
2026-06-16 14:30:00,1053.5,1054.8,1052.0,1053.3,1208.0
2026-06-16 14:35:00,1053.3,1054.4,1052.4,1053.5,845.0
2026-06-16 14:40:00,1054.4,1054.4,1053.2,1053.4,413.0
2026-06-16 14:45:00,1054.0,1056.4,1052.6,1056.4,3355.0
2026-06-16 14:50:00,1057.0,1058.0,1057.0,1057.2,2035.0
2026-06-16 14:55:00,1057.2,1057.6,1055.4,1056.9,1934.0
2026-06-16 15:00:00,1056.3,1057.5,1056.3,1056.3,5755.0
2026-06-16 15:05:00,1057.0,1057.0,1054.0,1056.8,6712.0
2026-06-16 15:10:00,1056.8,1057.0,1052.1,1052.9,4997.0
2026-06-16 15:15:00,1053.0,1057.8,1053.0,1055.7,9394.0
2026-06-16 15:20:00,1056.1,1056.5,1053.7,1054.5,2951.0
2026-06-16 15:25:00,1055.0,1058.0,1054.5,1058.0,4000.0
2026-06-17 09:15:00,1059.9,1066.9,1056.5,1060.1,14186.0
2026-06-17 09:20:00,1060.6,1061.0,1057.2,1059.2,8176.0
2026-06-17 09:25:00,1059.7,1061.0,1056.1,1060.0,6842.0
2026-06-17 09:30:00,1060.3,1060.9,1057.9,1059.9,2466.0
2026-06-17 09:35:00,1059.0,1061.0,1058.1,1060.8,7027.0
2026-06-17 09:40:00,1061.0,1062.0,1060.3,1061.9,2378.0
2026-06-17 09:45:00,1061.9,1062.0,1060.9,1062.0,2740.0
2026-06-17 09:50:00,1062.0,1063.0,1060.8,1062.0,3590.0
2026-06-17 09:55:00,1062.0,1062.9,1060.3,1060.7,3165.0
2026-06-17 10:00:00,1060.7,1062.0,1060.0,1061.3,3065.0
2026-06-17 10:05:00,1061.4,1068.0,1060.8,1068.0,20344.0
2026-06-17 10:10:00,1067.8,1072.1,1067.8,1070.5,13192.0
2026-06-17 10:15:00,1070.5,1071.3,1068.7,1071.3,3142.0
2026-06-17 10:20:00,1071.2,1071.3,1066.4,1067.0,3675.0
2026-06-17 10:25:00,1066.5,1068.9,1066.5,1067.0,2039.0
2026-06-17 10:30:00,1066.4,1068.9,1066.4,1068.9,4816.0
2026-06-17 10:35:00,1068.9,1070.5,1068.9,1070.5,5984.0
2026-06-17 10:40:00,1070.5,1071.0,1069.5,1071.0,6256.0
2026-06-17 10:45:00,1071.0,1080.0,1071.0,1079.0,40928.0
2026-06-17 10:50:00,1078.9,1090.0,1078.0,1088.2,53863.0
2026-06-17 10:55:00,1087.6,1099.0,1087.2,1089.3,59089.0
2026-06-17 11:00:00,1088.9,1093.0,1080.0,1081.5,31467.0
2026-06-17 11:05:00,1083.1,1083.3,1080.4,1082.3,10048.0
2026-06-17 11:10:00,1080.6,1083.9,1079.1,1083.0,10429.0
2026-06-17 11:15:00,1083.0,1083.8,1079.5,1081.1,4765.0
2026-06-17 11:20:00,1080.6,1082.8,1080.2,1082.5,2108.0
2026-06-17 11:25:00,1082.5,1086.6,1081.6,1085.6,7760.0
2026-06-17 11:30:00,1086.5,1087.0,1082.8,1085.1,3628.0
2026-06-17 11:35:00,1085.0,1085.1,1082.0,1082.0,2094.0
2026-06-17 11:40:00,1082.0,1084.3,1082.0,1084.1,4531.0
2026-06-17 11:45:00,1083.0,1084.0,1080.3,1081.3,5014.0
2026-06-17 11:50:00,1080.3,1082.5,1080.2,1080.5,3188.0
2026-06-17 11:55:00,1081.6,1082.4,1080.6,1080.6,1411.0
2026-06-17 12:00:00,1081.3,1082.1,1079.5,1082.1,7083.0
2026-06-17 12:05:00,1081.5,1082.5,1080.5,1080.5,2106.0
2026-06-17 12:10:00,1080.5,1084.9,1080.0,1084.9,5367.0
2026-06-17 12:15:00,1084.9,1089.0,1084.4,1089.0,9586.0
2026-06-17 12:20:00,1088.9,1089.9,1086.3,1086.8,6356.0
2026-06-17 12:25:00,1087.0,1087.0,1083.5,1086.2,3029.0
2026-06-17 12:30:00,1086.5,1087.0,1083.7,1085.4,3838.0
2026-06-17 12:35:00,1084.4,1086.4,1084.0,1084.8,2756.0
2026-06-17 12:40:00,1084.5,1094.9,1084.0,1091.4,32023.0
2026-06-17 12:45:00,1091.7,1093.8,1090.2,1091.4,5422.0
2026-06-17 12:50:00,1091.7,1093.5,1089.0,1092.9,5028.0
2026-06-17 12:55:00,1092.9,1093.0,1088.9,1089.5,7796.0
2026-06-17 13:00:00,1089.9,1092.3,1086.1,1091.2,17429.0
2026-06-17 13:05:00,1091.5,1091.8,1088.8,1091.0,3024.0
2026-06-17 13:10:00,1091.0,1091.9,1089.1,1090.0,3523.0
2026-06-17 13:15:00,1090.6,1093.3,1089.2,1093.2,8250.0
2026-06-17 13:20:00,1093.2,1096.0,1092.0,1094.5,8529.0
2026-06-17 13:25:00,1095.0,1096.7,1094.3,1095.6,4535.0
2026-06-17 13:30:00,1095.1,1095.9,1093.0,1093.1,1292.0
2026-06-17 13:35:00,1093.8,1099.4,1092.3,1099.0,21457.0
2026-06-17 13:40:00,1098.8,1098.8,1095.8,1098.0,4115.0
2026-06-17 13:45:00,1097.7,1098.0,1096.5,1097.0,2104.0
2026-06-17 13:50:00,1097.0,1098.7,1095.4,1098.2,5066.0
2026-06-17 13:55:00,1098.5,1112.4,1097.1,1111.0,49548.0
2026-06-17 14:00:00,1110.3,1115.0,1105.3,1109.8,38101.0
2026-06-17 14:05:00,1109.8,1111.8,1108.3,1109.9,11793.0
2026-06-17 14:10:00,1109.1,1109.9,1106.1,1107.3,15168.0
2026-06-17 14:15:00,1107.0,1108.9,1105.0,1107.5,16899.0
2026-06-17 14:20:00,1108.3,1109.8,1107.8,1109.7,8879.0
2026-06-17 14:25:00,1109.7,1109.8,1105.7,1108.0,7534.0
2026-06-17 14:30:00,1108.0,1108.9,1106.5,1107.0,11323.0
2026-06-17 14:35:00,1107.1,1111.0,1107.0,1111.0,7907.0
2026-06-17 14:40:00,1111.0,1113.8,1109.0,1109.4,9492.0
2026-06-17 14:45:00,1109.0,1110.2,1108.5,1109.2,8502.0
2026-06-17 14:50:00,1109.9,1110.6,1108.1,1109.2,6101.0
2026-06-17 14:55:00,1108.6,1112.9,1108.0,1112.7,12160.0
2026-06-17 15:00:00,1112.1,1112.8,1110.5,1111.0,13755.0
2026-06-17 15:05:00,1111.1,1112.3,1110.0,1111.0,10848.0
2026-06-17 15:10:00,1111.2,1112.6,1110.2,1112.5,10293.0
2026-06-17 15:15:00,1112.4,1124.1,1111.3,1119.0,37081.0
2026-06-17 15:20:00,1119.0,1128.0,1116.1,1120.4,30900.0
2026-06-17 15:25:00,1120.9,1140.0,1118.3,1120.0,66630.0
2026-06-18 09:15:00,1122.5,1129.9,1116.6,1127.6,42195.0
2026-06-18 09:20:00,1128.2,1142.7,1122.0,1139.8,33905.0
2026-06-18 09:25:00,1139.5,1147.6,1138.9,1138.9,31846.0
2026-06-18 09:30:00,1139.4,1141.7,1134.0,1135.3,16109.0
2026-06-18 09:35:00,1135.0,1135.8,1126.6,1131.6,14449.0
2026-06-18 09:40:00,1131.0,1159.3,1128.1,1151.0,67552.0
2026-06-18 09:45:00,1152.8,1159.0,1151.2,1156.7,51627.0
2026-06-18 09:50:00,1155.5,1158.1,1150.5,1155.9,36432.0
2026-06-18 09:55:00,1156.3,1158.0,1150.4,1151.7,13931.0
2026-06-18 10:00:00,1150.6,1156.3,1150.4,1154.0,15139.0
2026-06-18 10:05:00,1153.9,1156.4,1151.7,1156.2,7482.0
2026-06-18 10:10:00,1156.2,1157.0,1151.7,1152.3,10071.0
2026-06-18 10:15:00,1152.3,1153.9,1151.0,1151.9,7040.0
2026-06-18 10:20:00,1151.0,1153.0,1148.2,1150.0,12333.0
2026-06-18 10:25:00,1149.3,1152.8,1149.0,1151.0,11202.0
2026-06-18 10:30:00,1151.8,1153.8,1149.4,1153.4,5803.0
2026-06-18 10:35:00,1153.5,1155.0,1151.4,1152.6,4219.0
2026-06-18 10:40:00,1151.9,1154.9,1150.0,1154.3,7839.0
2026-06-18 10:45:00,1153.5,1159.0,1153.0,1157.8,16303.0
2026-06-18 10:50:00,1157.8,1158.6,1151.5,1153.7,9802.0
2026-06-18 10:55:00,1153.6,1156.0,1146.0,1156.0,17078.0
2026-06-18 11:00:00,1154.1,1155.9,1153.0,1153.9,4784.0
2026-06-18 11:05:00,1153.8,1153.8,1151.0,1152.5,4525.0
2026-06-18 11:10:00,1151.8,1152.9,1147.8,1148.4,8857.0
2026-06-18 11:15:00,1148.4,1149.4,1145.0,1148.8,10966.0
2026-06-18 11:20:00,1148.5,1148.5,1145.1,1148.4,5796.0
2026-06-18 11:25:00,1148.3,1150.2,1147.5,1148.9,4500.0
2026-06-18 11:30:00,1148.9,1151.7,1142.6,1150.5,7706.0
2026-06-18 11:35:00,1151.0,1151.6,1149.0,1150.0,5310.0
2026-06-18 11:40:00,1150.0,1150.9,1148.4,1149.0,2498.0
2026-06-18 11:45:00,1149.0,1151.3,1148.4,1150.5,3355.0
2026-06-18 11:50:00,1150.6,1150.9,1148.6,1149.9,6621.0
2026-06-18 11:55:00,1150.0,1152.6,1149.4,1152.1,7165.0
2026-06-18 12:00:00,1152.8,1154.7,1151.3,1151.3,4740.0
2026-06-18 12:05:00,1152.2,1153.9,1148.3,1148.3,6704.0
2026-06-18 12:10:00,1148.9,1151.0,1148.0,1151.0,2880.0
2026-06-18 12:15:00,1151.0,1153.1,1150.2,1153.1,4773.0
2026-06-18 12:20:00,1153.6,1153.6,1151.0,1152.0,2595.0
2026-06-18 12:25:00,1152.9,1152.9,1150.7,1152.6,4703.0
2026-06-18 12:30:00,1152.6,1154.7,1151.9,1153.2,5717.0
2026-06-18 12:35:00,1154.0,1154.0,1150.0,1151.0,5910.0
2026-06-18 12:40:00,1151.9,1152.4,1151.1,1151.8,2891.0
2026-06-18 12:45:00,1152.0,1152.9,1151.0,1152.0,5505.0
2026-06-18 12:50:00,1150.9,1155.6,1150.9,1155.2,9092.0
2026-06-18 12:55:00,1155.2,1157.5,1153.9,1156.5,7024.0
2026-06-18 13:00:00,1157.0,1159.0,1155.5,1157.0,10424.0
2026-06-18 13:05:00,1157.0,1161.0,1157.0,1159.1,27661.0
2026-06-18 13:10:00,1158.9,1162.6,1157.5,1162.0,12642.0
2026-06-18 13:15:00,1161.8,1171.9,1161.6,1170.0,45490.0
2026-06-18 13:20:00,1169.1,1170.0,1167.1,1168.8,14531.0
2026-06-18 13:25:00,1169.2,1173.0,1166.4,1172.7,29618.0
2026-06-18 13:30:00,1172.6,1173.0,1168.7,1169.6,8910.0
2026-06-18 13:35:00,1170.3,1170.3,1166.2,1168.2,11939.0
2026-06-18 13:40:00,1168.8,1169.0,1165.6,1166.5,6793.0
2026-06-18 13:45:00,1166.5,1167.0,1162.3,1166.1,32175.0
2026-06-18 13:50:00,1165.0,1169.6,1165.0,1168.1,7502.0
2026-06-18 13:55:00,1168.5,1168.7,1165.0,1166.0,4892.0
2026-06-18 14:00:00,1166.0,1167.2,1165.3,1166.4,5919.0
2026-06-18 14:05:00,1165.6,1167.2,1165.0,1166.0,13244.0
2026-06-18 14:10:00,1166.0,1166.1,1164.5,1165.9,4457.0
2026-06-18 14:15:00,1165.2,1167.0,1164.2,1164.8,5055.0
2026-06-18 14:20:00,1165.0,1165.0,1163.1,1164.8,6928.0
2026-06-18 14:25:00,1164.8,1164.9,1163.1,1164.8,7124.0
2026-06-18 14:30:00,1164.8,1164.9,1162.5,1162.8,6497.0
2026-06-18 14:35:00,1163.8,1166.8,1162.9,1163.8,10393.0
2026-06-18 14:40:00,1163.0,1164.0,1162.0,1162.7,7160.0
2026-06-18 14:45:00,1162.7,1163.9,1160.1,1160.3,14023.0
2026-06-18 14:50:00,1160.2,1165.7,1160.2,1160.8,11111.0
2026-06-18 14:55:00,1161.6,1165.0,1160.9,1163.5,8715.0
2026-06-18 15:00:00,1164.0,1164.5,1163.2,1164.5,6202.0
2026-06-18 15:05:00,1164.5,1166.2,1162.3,1163.9,19685.0
2026-06-18 15:10:00,1163.2,1165.0,1162.3,1163.2,6629.0
2026-06-18 15:15:00,1163.2,1163.4,1160.2,1162.1,17887.0
2026-06-18 15:20:00,1161.3,1161.6,1149.6,1150.2,43654.0
2026-06-18 15:25:00,1151.0,1154.0,1150.0,1152.3,11307.0
2026-06-19 09:15:00,1157.0,1157.0,1135.5,1152.5,29798.0
2026-06-19 09:20:00,1153.4,1167.3,1153.1,1165.0,24744.0
2026-06-19 09:25:00,1165.0,1169.0,1162.5,1167.4,13104.0
2026-06-19 09:30:00,1167.4,1167.7,1162.8,1166.4,5730.0
2026-06-19 09:35:00,1165.3,1169.2,1164.9,1165.9,10033.0
2026-06-19 09:40:00,1165.9,1174.0,1165.9,1167.9,23606.0
2026-06-19 09:45:00,1167.3,1171.0,1162.0,1162.6,10262.0
2026-06-19 09:50:00,1162.5,1168.1,1162.0,1166.1,7316.0
2026-06-19 09:55:00,1166.1,1166.9,1162.2,1162.9,2242.0
2026-06-19 10:00:00,1162.4,1162.8,1155.2,1159.2,15211.0
2026-06-19 10:05:00,1159.4,1159.7,1156.0,1156.0,3747.0
2026-06-19 10:10:00,1156.3,1157.7,1153.8,1156.4,21051.0
2026-06-19 10:15:00,1156.9,1157.7,1151.9,1153.8,9654.0
2026-06-19 10:20:00,1153.7,1156.5,1152.0,1154.5,2820.0
2026-06-19 10:25:00,1154.4,1156.0,1151.7,1155.0,7426.0
2026-06-19 10:30:00,1155.0,1156.9,1154.1,1155.0,1497.0
2026-06-19 10:35:00,1155.6,1155.9,1152.5,1153.7,1222.0
2026-06-19 10:40:00,1153.7,1154.2,1151.0,1153.1,1764.0
2026-06-19 10:45:00,1153.0,1153.0,1150.0,1151.4,3990.0
2026-06-19 10:50:00,1151.0,1152.6,1149.4,1150.8,10477.0
2026-06-19 10:55:00,1150.5,1151.4,1147.5,1148.3,2705.0
2026-06-19 11:00:00,1148.5,1148.7,1147.0,1147.4,2483.0
2026-06-19 11:05:00,1148.2,1149.7,1147.0,1148.1,7432.0
2026-06-19 11:10:00,1148.6,1148.7,1144.0,1144.8,4077.0
2026-06-19 11:15:00,1145.2,1145.6,1143.0,1143.8,1659.0
2026-06-19 11:20:00,1143.0,1143.3,1141.5,1142.9,10454.0
2026-06-19 11:25:00,1143.1,1147.2,1140.8,1146.4,7615.0
2026-06-19 11:30:00,1146.8,1154.4,1146.5,1154.2,21797.0
2026-06-19 11:35:00,1153.6,1159.7,1150.8,1151.8,20646.0
2026-06-19 11:40:00,1149.9,1152.7,1149.5,1151.2,2149.0
2026-06-19 11:45:00,1150.9,1153.9,1149.9,1153.9,5227.0
2026-06-19 11:50:00,1154.5,1155.8,1152.0,1152.3,4004.0
2026-06-19 11:55:00,1153.0,1153.0,1151.0,1152.3,1142.0
2026-06-19 12:00:00,1152.5,1155.4,1152.5,1153.3,1864.0
2026-06-19 12:05:00,1152.7,1154.3,1152.3,1153.2,613.0
2026-06-19 12:10:00,1152.3,1153.3,1151.3,1151.7,1544.0
2026-06-19 12:15:00,1151.7,1153.9,1151.7,1151.9,1488.0
2026-06-19 12:20:00,1152.7,1153.0,1151.0,1151.0,4052.0
2026-06-19 12:25:00,1151.6,1151.9,1150.6,1151.5,1173.0
2026-06-19 12:30:00,1151.5,1152.0,1150.3,1152.0,1212.0
2026-06-19 12:35:00,1151.9,1153.0,1150.0,1152.1,3801.0
2026-06-19 12:40:00,1152.1,1152.1,1150.0,1150.7,444.0
2026-06-19 12:45:00,1150.1,1152.7,1149.5,1151.4,4274.0
2026-06-19 12:50:00,1151.4,1152.2,1150.4,1150.5,921.0
2026-06-19 12:55:00,1150.6,1151.4,1148.0,1149.5,3272.0
2026-06-19 13:00:00,1148.8,1149.8,1146.0,1146.0,2111.0
2026-06-19 13:05:00,1146.0,1147.2,1145.0,1145.5,2537.0
2026-06-19 13:10:00,1146.2,1146.9,1144.8,1146.9,1313.0
2026-06-19 13:15:00,1147.6,1147.6,1145.4,1145.4,1168.0
2026-06-19 13:20:00,1145.3,1148.9,1145.3,1147.0,3743.0
2026-06-19 13:25:00,1147.3,1151.9,1146.4,1151.3,13088.0
2026-06-19 13:30:00,1151.7,1154.2,1150.5,1152.0,3388.0
2026-06-19 13:35:00,1155.0,1155.8,1153.0,1153.9,8227.0
2026-06-19 13:40:00,1153.9,1166.5,1153.8,1164.1,11945.0
2026-06-19 13:45:00,1164.0,1166.5,1163.1,1165.4,4171.0
2026-06-19 13:50:00,1166.4,1166.7,1161.9,1162.1,2419.0
2026-06-19 13:55:00,1162.0,1163.6,1158.0,1158.0,5852.0
2026-06-19 14:00:00,1159.1,1161.6,1159.0,1161.6,2094.0
2026-06-19 14:05:00,1161.0,1162.0,1160.5,1161.9,2410.0
2026-06-19 14:10:00,1161.9,1162.0,1160.4,1160.9,1280.0
2026-06-19 14:15:00,1160.4,1161.4,1157.0,1159.5,4279.0
2026-06-19 14:20:00,1159.8,1160.0,1157.0,1157.0,17534.0
2026-06-19 14:25:00,1157.0,1158.0,1155.0,1157.0,12889.0
2026-06-19 14:30:00,1157.2,1161.6,1157.1,1161.0,10965.0
2026-06-19 14:35:00,1161.0,1162.0,1160.7,1161.5,2126.0
2026-06-19 14:40:00,1161.5,1162.0,1159.7,1159.7,1717.0
2026-06-19 14:45:00,1160.2,1161.0,1159.7,1160.7,1551.0
2026-06-19 14:50:00,1160.1,1160.1,1156.0,1158.8,3268.0
2026-06-19 14:55:00,1159.5,1160.1,1157.0,1159.2,4160.0
2026-06-19 15:00:00,1159.9,1164.1,1155.0,1162.2,16850.0
2026-06-19 15:05:00,1162.4,1165.5,1161.9,1163.8,11481.0
2026-06-19 15:10:00,1163.7,1164.4,1160.8,1162.5,14930.0
2026-06-19 15:15:00,1161.9,1164.0,1160.5,1162.6,12136.0
2026-06-19 15:20:00,1163.5,1164.5,1160.0,1164.5,15237.0
2026-06-19 15:25:00,1164.4,1171.0,1163.8,1169.9,32675.0
2026-06-22 09:15:00,1178.0,1182.0,1165.0,1178.1,33024.0
2026-06-22 09:20:00,1179.0,1179.0,1171.2,1173.3,23194.0
2026-06-22 09:25:00,1172.8,1173.9,1165.1,1166.2,12720.0
2026-06-22 09:30:00,1167.0,1170.1,1164.0,1166.4,9377.0
2026-06-22 09:35:00,1166.4,1167.4,1164.0,1166.7,6692.0
2026-06-22 09:40:00,1167.6,1170.0,1167.0,1168.4,4887.0
2026-06-22 09:45:00,1168.4,1168.4,1162.1,1163.9,6129.0
2026-06-22 09:50:00,1163.8,1165.4,1163.0,1165.4,2839.0
2026-06-22 09:55:00,1165.4,1174.5,1163.5,1172.7,15813.0
2026-06-22 10:00:00,1171.4,1189.0,1171.4,1184.3,37176.0
2026-06-22 10:05:00,1183.4,1199.0,1183.2,1197.5,86123.0
2026-06-22 10:10:00,1199.0,1200.0,1191.5,1195.7,68170.0
2026-06-22 10:15:00,1196.0,1198.9,1192.0,1193.0,25184.0
2026-06-22 10:20:00,1192.0,1193.0,1187.1,1191.0,29116.0
2026-06-22 10:25:00,1191.1,1193.0,1188.0,1191.3,16175.0
2026-06-22 10:30:00,1191.3,1192.8,1188.5,1189.1,9258.0
2026-06-22 10:35:00,1188.6,1191.7,1188.2,1191.7,4819.0
2026-06-22 10:40:00,1191.9,1195.0,1190.8,1193.7,26422.0
2026-06-22 10:45:00,1194.9,1198.8,1194.8,1197.0,18970.0
2026-06-22 10:50:00,1197.0,1198.7,1194.5,1198.7,10772.0
2026-06-22 10:55:00,1198.2,1203.9,1197.2,1200.0,34694.0
2026-06-22 11:00:00,1198.1,1199.9,1196.0,1197.2,12059.0
2026-06-22 11:05:00,1197.9,1199.9,1191.5,1191.5,18316.0
2026-06-22 11:10:00,1191.4,1195.0,1190.6,1192.5,6955.0
2026-06-22 11:15:00,1192.8,1195.9,1192.6,1194.6,3612.0
2026-06-22 11:20:00,1195.1,1195.5,1191.4,1192.8,7832.0
2026-06-22 11:25:00,1193.3,1195.0,1192.1,1193.8,4672.0
2026-06-22 11:30:00,1194.4,1194.5,1191.7,1193.3,4505.0
2026-06-22 11:35:00,1193.9,1194.5,1192.3,1193.8,1946.0
2026-06-22 11:40:00,1192.9,1193.9,1190.1,1191.1,4838.0
2026-06-22 11:45:00,1191.1,1193.9,1191.0,1193.8,2422.0
2026-06-22 11:50:00,1193.0,1197.0,1192.4,1194.0,9602.0
2026-06-22 11:55:00,1194.0,1194.9,1192.9,1194.9,3056.0
2026-06-22 12:00:00,1194.1,1194.8,1191.1,1191.4,2826.0
2026-06-22 12:05:00,1191.4,1193.5,1191.4,1191.7,1826.0
2026-06-22 12:10:00,1192.3,1193.4,1189.2,1192.5,6637.0
2026-06-22 12:15:00,1193.0,1194.8,1192.0,1192.9,3167.0
2026-06-22 12:20:00,1193.0,1194.4,1192.8,1193.5,1750.0
2026-06-22 12:25:00,1194.0,1194.5,1192.2,1192.7,2685.0
2026-06-22 12:30:00,1193.0,1194.4,1193.0,1193.1,1524.0
2026-06-22 12:35:00,1193.7,1194.9,1192.5,1194.4,3492.0
2026-06-22 12:40:00,1194.1,1194.1,1187.0,1188.4,19930.0
2026-06-22 12:45:00,1188.4,1189.6,1188.1,1189.5,3832.0
2026-06-22 12:50:00,1189.5,1196.0,1188.8,1195.2,4634.0
2026-06-22 12:55:00,1194.7,1195.2,1193.0,1194.2,4933.0
2026-06-22 13:00:00,1195.0,1195.1,1188.1,1192.6,7373.0
2026-06-22 13:05:00,1192.1,1194.5,1191.3,1192.5,4504.0
2026-06-22 13:10:00,1192.6,1193.2,1189.5,1190.4,2703.0
2026-06-22 13:15:00,1189.9,1193.3,1189.9,1192.1,2699.0
2026-06-22 13:20:00,1192.1,1193.5,1191.3,1192.0,1246.0
2026-06-22 13:25:00,1192.3,1193.5,1190.0,1190.4,2420.0
2026-06-22 13:30:00,1190.4,1192.2,1190.0,1191.0,1358.0
2026-06-22 13:35:00,1191.0,1191.8,1189.0,1189.1,2620.0
2026-06-22 13:40:00,1189.7,1194.4,1188.5,1194.0,6900.0
2026-06-22 13:45:00,1194.8,1196.7,1193.9,1196.0,6286.0
2026-06-22 13:50:00,1195.5,1196.0,1195.1,1195.6,3991.0
2026-06-22 13:55:00,1196.0,1196.0,1195.0,1195.7,3706.0
2026-06-22 14:00:00,1195.7,1196.0,1194.1,1194.7,3226.0
2026-06-22 14:05:00,1195.4,1196.0,1194.1,1194.1,2563.0
2026-06-22 14:10:00,1194.5,1196.0,1194.0,1195.1,2775.0
2026-06-22 14:15:00,1195.8,1196.0,1194.9,1195.9,1930.0
2026-06-22 14:20:00,1195.9,1195.9,1194.0,1194.5,2321.0
2026-06-22 14:25:00,1195.0,1195.1,1192.0,1192.8,12228.0
2026-06-22 14:30:00,1193.6,1195.0,1192.8,1195.0,4694.0
2026-06-22 14:35:00,1195.0,1195.2,1192.8,1195.0,11785.0
2026-06-22 14:40:00,1195.0,1198.7,1194.5,1196.5,9173.0
2026-06-22 14:45:00,1196.9,1197.6,1192.0,1193.0,9070.0
2026-06-22 14:50:00,1193.0,1195.2,1191.8,1193.9,7060.0
2026-06-22 14:55:00,1193.8,1194.6,1191.8,1192.9,4558.0
2026-06-22 15:00:00,1192.9,1195.9,1191.4,1194.6,4851.0
2026-06-22 15:05:00,1194.6,1195.0,1191.8,1193.5,8712.0
2026-06-22 15:10:00,1193.5,1194.9,1189.5,1190.0,12731.0
2026-06-22 15:15:00,1190.5,1191.0,1188.0,1190.7,15508.0
2026-06-22 15:20:00,1190.9,1191.0,1188.0,1189.4,12735.0
2026-06-22 15:25:00,1189.4,1193.9,1185.5,1189.0,20210.0
2026-06-23 09:15:00,1198.9,1198.9,1176.0,1178.0,23298.0
2026-06-23 09:20:00,1177.3,1186.0,1172.0,1174.1,23043.0
2026-06-23 09:25:00,1174.7,1179.7,1167.0,1177.3,15637.0
2026-06-23 09:30:00,1177.9,1178.2,1174.2,1176.0,6257.0
2026-06-23 09:35:00,1176.0,1179.9,1175.0,1176.2,4535.0
2026-06-23 09:40:00,1175.6,1177.1,1173.9,1175.0,5262.0
2026-06-23 09:45:00,1175.0,1176.3,1173.6,1175.5,2650.0
2026-06-23 09:50:00,1175.0,1177.6,1174.1,1175.0,3959.0
2026-06-23 09:55:00,1175.6,1175.8,1170.1,1173.0,7391.0
2026-06-23 10:00:00,1172.3,1177.8,1171.8,1175.7,2720.0
2026-06-23 10:05:00,1175.7,1176.8,1171.5,1176.3,4591.0
2026-06-23 10:10:00,1175.1,1175.1,1171.1,1171.5,2684.0
2026-06-23 10:15:00,1171.9,1172.3,1165.0,1166.6,9899.0
2026-06-23 10:20:00,1166.8,1168.0,1165.1,1166.2,3732.0
2026-06-23 10:25:00,1166.2,1177.0,1166.0,1177.0,8371.0
2026-06-23 10:30:00,1177.0,1177.0,1172.8,1172.8,3987.0
2026-06-23 10:35:00,1172.6,1176.3,1171.0,1174.1,2585.0
2026-06-23 10:40:00,1173.4,1180.0,1173.4,1179.2,3584.0
2026-06-23 10:45:00,1179.9,1179.9,1175.2,1177.0,3457.0
2026-06-23 10:50:00,1177.0,1177.9,1174.8,1174.8,2495.0
2026-06-23 10:55:00,1174.8,1176.2,1172.2,1176.1,2917.0
2026-06-23 11:00:00,1175.9,1177.0,1174.6,1177.0,894.0
2026-06-23 11:05:00,1176.9,1183.0,1176.3,1181.4,5874.0
2026-06-23 11:10:00,1181.0,1182.4,1180.3,1180.3,1819.0
2026-06-23 11:15:00,1180.9,1183.9,1180.0,1183.0,3633.0
2026-06-23 11:20:00,1183.9,1184.0,1179.2,1181.2,3676.0
2026-06-23 11:25:00,1181.4,1182.9,1180.4,1181.3,1234.0
2026-06-23 11:30:00,1181.3,1181.3,1178.6,1179.3,1861.0
2026-06-23 11:35:00,1179.7,1179.9,1176.7,1178.2,1553.0
2026-06-23 11:40:00,1178.4,1178.4,1163.3,1171.9,14007.0
2026-06-23 11:45:00,1170.7,1171.0,1164.5,1166.2,6029.0
2026-06-23 11:50:00,1166.8,1171.8,1163.9,1168.1,5038.0
2026-06-23 11:55:00,1168.1,1169.3,1165.0,1165.8,3355.0
2026-06-23 12:00:00,1166.1,1166.1,1154.1,1156.2,24447.0
2026-06-23 12:05:00,1156.1,1159.6,1152.5,1157.4,12939.0
2026-06-23 12:10:00,1157.0,1159.0,1151.5,1153.3,10128.0
2026-06-23 12:15:00,1153.0,1156.1,1152.1,1154.0,2822.0
2026-06-23 12:20:00,1154.0,1155.4,1151.3,1152.3,3162.0
2026-06-23 12:25:00,1152.3,1158.4,1152.0,1156.6,4281.0
2026-06-23 12:30:00,1156.6,1160.0,1156.2,1158.9,2865.0
2026-06-23 12:35:00,1159.9,1159.9,1155.1,1157.4,3992.0
2026-06-23 12:40:00,1157.1,1158.1,1155.0,1155.0,2742.0
2026-06-23 12:45:00,1155.7,1156.4,1153.0,1153.0,2202.0
2026-06-23 12:50:00,1152.5,1154.0,1151.6,1152.1,3424.0
2026-06-23 12:55:00,1151.6,1152.1,1148.0,1152.0,7466.0
2026-06-23 13:00:00,1152.2,1154.7,1151.0,1154.0,1935.0
2026-06-23 13:05:00,1154.9,1157.0,1149.5,1150.4,3830.0
2026-06-23 13:10:00,1150.4,1151.1,1149.0,1149.0,1954.0
2026-06-23 13:15:00,1149.6,1150.9,1147.2,1149.7,7984.0
2026-06-23 13:20:00,1150.1,1152.0,1150.0,1151.1,3440.0
2026-06-23 13:25:00,1151.4,1151.4,1148.7,1149.9,4566.0
2026-06-23 13:30:00,1149.6,1151.5,1147.2,1147.4,5779.0
2026-06-23 13:35:00,1147.4,1148.3,1146.0,1148.3,4045.0
2026-06-23 13:40:00,1149.0,1149.9,1147.9,1149.9,1803.0
2026-06-23 13:45:00,1149.9,1150.0,1148.0,1149.4,6113.0
2026-06-23 13:50:00,1149.0,1149.0,1147.0,1148.3,1443.0
2026-06-23 13:55:00,1147.6,1148.8,1147.0,1147.0,1775.0
2026-06-23 14:00:00,1147.5,1148.0,1145.0,1147.2,2188.0
2026-06-23 14:05:00,1147.3,1149.0,1145.1,1146.7,1929.0
2026-06-23 14:10:00,1147.4,1149.4,1147.2,1149.0,1773.0
2026-06-23 14:15:00,1149.7,1159.8,1148.2,1157.2,16719.0
2026-06-23 14:20:00,1158.2,1161.5,1156.8,1160.5,4081.0
2026-06-23 14:25:00,1161.0,1161.5,1158.0,1158.8,2777.0
2026-06-23 14:30:00,1159.1,1160.9,1158.2,1158.3,1401.0
2026-06-23 14:35:00,1159.0,1160.9,1158.0,1158.0,6227.0
2026-06-23 14:40:00,1158.0,1159.6,1156.2,1159.6,1538.0
2026-06-23 14:45:00,1159.6,1161.7,1158.9,1161.5,4438.0
2026-06-23 14:50:00,1161.9,1163.0,1161.2,1162.0,2135.0
2026-06-23 14:55:00,1161.8,1163.0,1159.8,1160.1,3644.0
2026-06-23 15:00:00,1160.8,1161.1,1156.0,1157.3,5329.0
2026-06-23 15:05:00,1156.9,1161.9,1156.9,1161.9,7066.0
2026-06-23 15:10:00,1161.5,1161.5,1154.1,1158.8,9907.0
2026-06-23 15:15:00,1159.0,1159.0,1154.4,1157.2,7235.0
2026-06-23 15:20:00,1157.0,1157.3,1153.2,1155.8,6224.0
2026-06-23 15:25:00,1155.6,1156.1,1151.0,1155.6,11740.0
2026-06-24 09:15:00,1160.3,1170.0,1150.5,1167.3,19398.0
2026-06-24 09:20:00,1167.8,1170.0,1156.5,1158.0,20308.0
2026-06-24 09:25:00,1158.0,1160.0,1154.7,1160.0,6907.0
2026-06-24 09:30:00,1161.1,1162.1,1156.8,1162.0,5348.0
2026-06-24 09:35:00,1163.3,1169.6,1159.2,1169.6,10885.0
2026-06-24 09:40:00,1168.5,1168.5,1160.7,1162.2,3819.0
2026-06-24 09:45:00,1160.0,1163.4,1155.0,1155.0,5619.0
2026-06-24 09:50:00,1154.1,1154.8,1150.0,1151.4,11480.0
2026-06-24 09:55:00,1152.4,1157.9,1151.0,1153.0,3053.0
2026-06-24 10:00:00,1152.3,1160.4,1152.3,1159.1,4520.0
2026-06-24 10:05:00,1157.2,1160.7,1156.7,1159.9,4266.0
2026-06-24 10:10:00,1160.0,1162.9,1158.1,1160.6,3595.0
2026-06-24 10:15:00,1161.2,1161.5,1158.3,1158.3,4379.0
2026-06-24 10:20:00,1159.4,1159.4,1155.6,1156.6,1668.0
2026-06-24 10:25:00,1157.0,1157.9,1151.9,1152.9,5030.0
2026-06-24 10:30:00,1153.6,1155.7,1152.6,1155.5,1824.0
2026-06-24 10:35:00,1155.5,1155.5,1151.1,1154.0,2531.0
2026-06-24 10:40:00,1155.0,1156.7,1152.2,1152.3,3453.0
2026-06-24 10:45:00,1152.6,1155.9,1151.9,1155.0,1597.0
2026-06-24 10:50:00,1154.2,1155.5,1152.5,1153.2,1601.0
2026-06-24 10:55:00,1152.7,1153.9,1152.0,1152.0,3164.0
2026-06-24 11:00:00,1153.0,1162.8,1151.6,1162.8,6389.0
2026-06-24 11:05:00,1162.1,1163.0,1160.1,1161.9,7178.0
2026-06-24 11:10:00,1161.3,1163.8,1161.2,1162.9,2535.0
2026-06-24 11:15:00,1162.9,1162.9,1155.0,1155.9,9001.0
2026-06-24 11:20:00,1156.0,1156.8,1155.1,1155.9,2050.0
2026-06-24 11:25:00,1155.9,1155.9,1153.8,1154.6,5985.0
2026-06-24 11:30:00,1154.6,1155.0,1152.4,1154.9,1404.0
2026-06-24 11:35:00,1154.9,1156.8,1153.9,1156.7,2843.0
2026-06-24 11:40:00,1156.6,1156.8,1154.4,1156.6,1887.0
2026-06-24 11:45:00,1156.7,1158.0,1154.9,1156.9,1457.0
2026-06-24 11:50:00,1156.9,1161.0,1156.7,1159.2,1593.0
2026-06-24 11:55:00,1160.4,1160.5,1158.5,1158.5,2289.0
2026-06-24 12:00:00,1157.9,1158.6,1152.9,1154.3,3449.0
2026-06-24 12:05:00,1153.6,1154.1,1147.0,1148.1,5733.0
2026-06-24 12:10:00,1147.8,1147.8,1140.9,1143.0,12071.0
2026-06-24 12:15:00,1143.0,1143.0,1141.0,1142.1,5934.0
2026-06-24 12:20:00,1142.0,1142.0,1138.8,1140.0,7988.0
2026-06-24 12:25:00,1139.5,1140.5,1137.0,1140.0,4444.0
2026-06-24 12:30:00,1140.0,1140.0,1138.7,1139.6,4376.0
2026-06-24 12:35:00,1139.6,1139.8,1137.9,1138.5,2824.0
2026-06-24 12:40:00,1139.0,1139.9,1138.5,1139.6,1110.0
2026-06-24 12:45:00,1139.6,1139.8,1139.0,1139.4,1730.0
2026-06-24 12:50:00,1139.4,1139.4,1138.5,1139.1,337.0
2026-06-24 12:55:00,1139.0,1140.0,1139.0,1139.9,3316.0
2026-06-24 13:00:00,1140.0,1140.0,1139.1,1139.3,666.0
2026-06-24 13:05:00,1139.3,1140.0,1139.1,1140.0,846.0
2026-06-24 13:10:00,1140.0,1140.0,1139.0,1139.7,779.0
2026-06-24 13:15:00,1139.0,1140.0,1139.0,1139.4,883.0
2026-06-24 13:20:00,1139.4,1140.0,1138.3,1138.3,1196.0
2026-06-24 13:25:00,1138.9,1139.8,1137.6,1138.2,1098.0
2026-06-24 13:30:00,1138.2,1139.1,1137.3,1138.9,1181.0
2026-06-24 13:35:00,1138.2,1140.0,1137.4,1137.5,2231.0
2026-06-24 13:40:00,1137.5,1138.1,1136.4,1137.6,1603.0
2026-06-24 13:45:00,1137.8,1138.0,1137.0,1137.8,1136.0
2026-06-24 13:50:00,1137.2,1138.0,1135.5,1138.0,4055.0
2026-06-24 13:55:00,1137.0,1138.0,1135.6,1137.1,2417.0
2026-06-24 14:00:00,1137.1,1138.0,1136.2,1136.2,1721.0
2026-06-24 14:05:00,1136.2,1137.8,1136.2,1137.4,948.0
2026-06-24 14:10:00,1137.5,1138.8,1136.9,1138.0,4344.0
2026-06-24 14:15:00,1138.8,1138.9,1137.5,1138.9,1665.0
2026-06-24 14:20:00,1138.1,1139.9,1132.0,1134.3,8520.0
2026-06-24 14:25:00,1134.2,1135.0,1133.2,1133.6,2465.0
2026-06-24 14:30:00,1134.4,1134.6,1133.1,1133.7,954.0
2026-06-24 14:35:00,1133.6,1134.5,1132.1,1132.5,4162.0
2026-06-24 14:40:00,1132.5,1132.6,1129.7,1130.8,10981.0
2026-06-24 14:45:00,1130.9,1133.6,1129.9,1133.1,6696.0
2026-06-24 14:50:00,1132.3,1133.1,1130.6,1132.1,2178.0
2026-06-24 14:55:00,1132.1,1136.4,1128.2,1133.9,11688.0
2026-06-24 15:00:00,1134.6,1139.1,1133.3,1138.8,5252.0
2026-06-24 15:05:00,1137.5,1138.7,1136.3,1137.9,3497.0
2026-06-24 15:10:00,1137.8,1138.8,1136.5,1136.5,6386.0
2026-06-24 15:15:00,1137.3,1139.0,1135.3,1137.0,5533.0
2026-06-24 15:20:00,1136.0,1139.0,1135.4,1138.4,4006.0
2026-06-24 15:25:00,1137.6,1140.0,1133.0,1136.4,17366.0
2026-06-25 09:15:00,1138.4,1155.0,1138.4,1140.2,13112.0
2026-06-25 09:20:00,1140.5,1146.8,1123.8,1124.8,12686.0
2026-06-25 09:25:00,1125.0,1125.0,1112.8,1119.5,11639.0
2026-06-25 09:30:00,1119.3,1120.0,1114.8,1119.2,8039.0
2026-06-25 09:35:00,1118.3,1119.5,1115.6,1119.1,3143.0
2026-06-25 09:40:00,1119.0,1121.8,1116.4,1118.1,5403.0
2026-06-25 09:45:00,1118.3,1120.5,1115.8,1116.1,9686.0
2026-06-25 09:50:00,1117.1,1119.8,1115.3,1118.3,2819.0
2026-06-25 09:55:00,1118.3,1118.3,1109.4,1112.0,11168.0
2026-06-25 10:00:00,1112.6,1115.0,1111.0,1114.8,8048.0
2026-06-25 10:05:00,1114.8,1115.0,1109.4,1112.0,12496.0
2026-06-25 10:10:00,1112.4,1113.8,1109.6,1112.9,3514.0
2026-06-25 10:15:00,1113.0,1117.7,1112.9,1116.9,5930.0
2026-06-25 10:20:00,1117.5,1120.0,1116.3,1119.9,5722.0
2026-06-25 10:25:00,1119.9,1121.5,1117.2,1118.0,4565.0
2026-06-25 10:30:00,1118.0,1129.8,1116.2,1127.7,8885.0
2026-06-25 10:35:00,1128.0,1132.0,1128.0,1129.2,4069.0
2026-06-25 10:40:00,1128.4,1130.5,1125.0,1125.4,3416.0
2026-06-25 10:45:00,1125.7,1128.0,1125.0,1126.9,3909.0
2026-06-25 10:50:00,1127.4,1129.1,1125.0,1126.0,2991.0
2026-06-25 10:55:00,1126.0,1127.0,1123.9,1125.5,3513.0
2026-06-25 11:00:00,1124.7,1127.0,1121.2,1123.3,3491.0
2026-06-25 11:05:00,1122.5,1123.9,1121.4,1122.5,2600.0
2026-06-25 11:10:00,1123.2,1123.2,1121.3,1121.3,578.0
2026-06-25 11:15:00,1121.1,1123.2,1121.1,1123.0,2237.0
2026-06-25 11:20:00,1122.7,1123.6,1122.7,1122.9,1215.0
2026-06-25 11:25:00,1122.9,1129.6,1122.1,1126.8,4889.0
2026-06-25 11:30:00,1126.9,1130.5,1124.6,1128.4,2848.0
2026-06-25 11:35:00,1128.4,1128.6,1124.2,1124.5,1239.0
2026-06-25 11:40:00,1125.3,1126.6,1124.4,1124.5,597.0
2026-06-25 11:45:00,1125.2,1125.3,1123.4,1124.6,996.0
2026-06-25 11:50:00,1123.8,1123.8,1120.3,1120.7,1648.0
2026-06-25 11:55:00,1121.5,1121.5,1119.0,1120.8,4060.0
2026-06-25 12:00:00,1120.7,1123.6,1120.7,1121.5,1299.0
2026-06-25 12:05:00,1122.3,1123.2,1119.5,1119.6,768.0
2026-06-25 12:10:00,1120.5,1121.5,1119.5,1120.4,3124.0
2026-06-25 12:15:00,1120.2,1120.9,1119.3,1119.5,536.0
2026-06-25 12:20:00,1119.5,1121.0,1118.4,1118.7,2364.0
2026-06-25 12:25:00,1118.7,1119.8,1116.0,1117.6,2999.0
2026-06-25 12:30:00,1116.8,1118.0,1115.0,1115.1,3778.0
2026-06-25 12:35:00,1115.1,1119.7,1115.0,1118.2,1130.0
2026-06-25 12:40:00,1118.4,1118.4,1115.0,1115.3,772.0
2026-06-25 12:45:00,1115.3,1117.0,1115.0,1115.7,1473.0
2026-06-25 12:50:00,1115.7,1118.0,1115.3,1117.5,2398.0
2026-06-25 12:55:00,1116.2,1117.8,1113.7,1113.9,2099.0
2026-06-25 13:00:00,1114.1,1114.6,1112.9,1114.3,931.0
2026-06-25 13:05:00,1114.3,1114.5,1113.2,1113.2,592.0
2026-06-25 13:10:00,1113.2,1114.3,1112.9,1114.1,811.0
2026-06-25 13:15:00,1113.6,1115.8,1113.6,1114.6,772.0
2026-06-25 13:20:00,1114.6,1116.2,1114.2,1114.7,594.0
2026-06-25 13:25:00,1114.7,1116.6,1114.7,1116.2,1453.0
2026-06-25 13:30:00,1115.7,1116.2,1115.3,1116.2,538.0
2026-06-25 13:35:00,1115.8,1116.8,1115.1,1116.1,1010.0
2026-06-25 13:40:00,1116.1,1117.8,1115.6,1117.0,1521.0
2026-06-25 13:45:00,1116.4,1117.9,1116.0,1117.2,489.0
2026-06-25 13:50:00,1117.2,1117.9,1115.1,1116.3,790.0
2026-06-25 13:55:00,1115.5,1116.6,1114.1,1114.1,788.0
2026-06-25 14:00:00,1114.0,1115.3,1112.9,1113.3,1402.0
2026-06-25 14:05:00,1113.3,1113.7,1111.8,1112.7,1331.0
2026-06-25 14:10:00,1111.9,1112.6,1111.1,1112.5,748.0
2026-06-25 14:15:00,1111.9,1114.9,1110.7,1114.4,6363.0
2026-06-25 14:20:00,1114.4,1117.1,1114.4,1116.0,717.0
2026-06-25 14:25:00,1115.9,1116.3,1113.7,1114.6,1023.0
2026-06-25 14:30:00,1114.6,1117.8,1114.6,1117.0,913.0
2026-06-25 14:35:00,1117.1,1118.3,1115.3,1116.5,1702.0
2026-06-25 14:40:00,1116.1,1116.5,1112.8,1113.3,1650.0
2026-06-25 14:45:00,1114.0,1115.1,1112.8,1112.9,1065.0
2026-06-25 14:50:00,1113.0,1115.5,1111.7,1114.0,1617.0
2026-06-25 14:55:00,1113.9,1115.3,1112.6,1113.5,1485.0
2026-06-25 15:00:00,1114.1,1117.7,1113.6,1117.7,3093.0
2026-06-25 15:05:00,1117.5,1119.9,1116.5,1119.4,3748.0
2026-06-25 15:10:00,1118.8,1119.8,1113.9,1113.9,6661.0
2026-06-25 15:15:00,1114.7,1116.7,1114.7,1115.5,3686.0
2026-06-25 15:20:00,1115.5,1118.9,1114.0,1114.0,7456.0
2026-06-25 15:25:00,1114.9,1120.0,1113.7,1117.0,6099.0
2026-06-29 09:15:00,1116.5,1122.3,1103.9,1107.7,17320.0
2026-06-29 09:20:00,1107.0,1122.6,1106.9,1110.9,8869.0
2026-06-29 09:25:00,1110.0,1115.6,1107.0,1115.6,7735.0
2026-06-29 09:30:00,1114.5,1117.7,1111.8,1117.3,6759.0
2026-06-29 09:35:00,1116.7,1130.0,1115.9,1127.9,9484.0
2026-06-29 09:40:00,1127.0,1131.5,1125.0,1129.2,11463.0
2026-06-29 09:45:00,1132.0,1137.0,1125.0,1130.3,16916.0
2026-06-29 09:50:00,1130.4,1143.0,1128.6,1136.9,14841.0
2026-06-29 09:55:00,1137.3,1144.7,1134.7,1140.7,15883.0
2026-06-29 10:00:00,1140.4,1149.0,1139.0,1148.5,13458.0
2026-06-29 10:05:00,1148.4,1155.0,1145.2,1150.3,15919.0
2026-06-29 10:10:00,1149.5,1149.8,1144.2,1145.2,9123.0
2026-06-29 10:15:00,1144.8,1147.5,1144.2,1145.4,11104.0
2026-06-29 10:20:00,1145.4,1152.0,1143.7,1147.0,10305.0
2026-06-29 10:25:00,1147.9,1150.8,1147.1,1149.0,13650.0
2026-06-29 10:30:00,1149.4,1160.0,1148.1,1159.0,22092.0
2026-06-29 10:35:00,1159.0,1163.0,1154.8,1155.7,23205.0
2026-06-29 10:40:00,1155.1,1156.5,1152.8,1153.0,8563.0
2026-06-29 10:45:00,1153.7,1156.2,1150.1,1154.5,12905.0
2026-06-29 10:50:00,1155.4,1155.8,1150.0,1151.5,13269.0
2026-06-29 10:55:00,1151.9,1156.0,1151.9,1155.7,7531.0
2026-06-29 11:00:00,1156.0,1160.0,1156.0,1160.0,9460.0
2026-06-29 11:05:00,1160.0,1160.0,1154.6,1156.9,9214.0
2026-06-29 11:10:00,1156.9,1157.6,1153.0,1153.9,5677.0
2026-06-29 11:15:00,1153.0,1161.3,1151.8,1161.1,24413.0
2026-06-29 11:20:00,1160.5,1166.8,1158.5,1166.0,24907.0
2026-06-29 11:25:00,1166.0,1166.5,1161.0,1161.0,18023.0
2026-06-29 11:30:00,1161.8,1163.5,1161.2,1162.3,8084.0
2026-06-29 11:35:00,1161.8,1165.0,1161.6,1163.6,9724.0
2026-06-29 11:40:00,1163.6,1166.0,1163.1,1165.2,7233.0
2026-06-29 11:45:00,1165.5,1165.5,1164.0,1165.5,5119.0
2026-06-29 11:50:00,1165.5,1168.0,1164.8,1164.8,9500.0
2026-06-29 11:55:00,1165.6,1165.8,1161.5,1162.9,9405.0
2026-06-29 12:00:00,1162.9,1163.5,1160.0,1160.8,7630.0
2026-06-29 12:05:00,1160.2,1162.1,1160.0,1160.9,6864.0
2026-06-29 12:10:00,1160.5,1161.0,1154.6,1158.4,21205.0
2026-06-29 12:15:00,1158.4,1160.9,1157.1,1159.3,7447.0
2026-06-29 12:20:00,1159.4,1162.4,1157.7,1159.5,8125.0
2026-06-29 12:25:00,1160.0,1160.0,1151.9,1153.0,9222.0
2026-06-29 12:30:00,1153.6,1153.6,1145.0,1145.6,18695.0
2026-06-29 12:35:00,1145.5,1149.7,1144.5,1147.0,8947.0
2026-06-29 12:40:00,1147.0,1148.0,1145.5,1147.9,3405.0
2026-06-29 12:45:00,1148.0,1151.6,1145.3,1146.3,4890.0
2026-06-29 12:50:00,1147.0,1147.1,1142.4,1144.9,7023.0
2026-06-29 12:55:00,1145.0,1148.4,1144.6,1146.6,1744.0
2026-06-29 13:00:00,1147.1,1152.7,1146.7,1152.0,5697.0
2026-06-29 13:05:00,1152.0,1156.7,1150.1,1151.8,13367.0
2026-06-29 13:10:00,1151.9,1156.0,1150.8,1155.5,10601.0
2026-06-29 13:15:00,1155.5,1156.4,1153.0,1153.3,3140.0
2026-06-29 13:20:00,1154.7,1157.4,1151.6,1157.4,11309.0
2026-06-29 13:25:00,1158.0,1159.5,1157.0,1157.7,6931.0
2026-06-29 13:30:00,1157.6,1159.6,1157.0,1158.8,6333.0
2026-06-29 13:35:00,1159.0,1163.8,1158.2,1163.3,9538.0
2026-06-29 13:40:00,1164.0,1164.0,1155.3,1155.7,8200.0
2026-06-29 13:45:00,1156.9,1162.8,1153.7,1159.8,6898.0
2026-06-29 13:50:00,1160.2,1162.3,1158.9,1161.2,7198.0
2026-06-29 13:55:00,1162.0,1162.9,1160.2,1161.8,7690.0
2026-06-29 14:00:00,1162.6,1164.5,1160.8,1164.1,5148.0
2026-06-29 14:05:00,1163.9,1164.8,1161.0,1164.3,7056.0
2026-06-29 14:10:00,1164.8,1165.0,1163.0,1164.4,6585.0
2026-06-29 14:15:00,1165.0,1165.8,1164.0,1165.6,5379.0
2026-06-29 14:20:00,1165.0,1165.8,1162.2,1164.7,6944.0
2026-06-29 14:25:00,1165.0,1165.8,1163.1,1165.4,9113.0
2026-06-29 14:30:00,1165.0,1165.6,1162.5,1162.5,6411.0
2026-06-29 14:35:00,1162.5,1165.3,1160.1,1160.8,6277.0
2026-06-29 14:40:00,1161.0,1165.0,1161.0,1164.6,6969.0
2026-06-29 14:45:00,1164.5,1164.5,1156.1,1160.8,9309.0
2026-06-29 14:50:00,1160.9,1167.5,1160.9,1165.3,18539.0
2026-06-29 14:55:00,1165.3,1169.6,1163.8,1169.6,25967.0
2026-06-29 15:00:00,1169.2,1169.4,1159.0,1167.9,65075.0
2026-06-29 15:05:00,1167.9,1169.9,1165.8,1167.5,61030.0
2026-06-29 15:10:00,1167.7,1178.8,1166.2,1178.4,108511.0
2026-06-29 15:15:00,1178.7,1190.0,1176.1,1189.9,108567.0
2026-06-29 15:20:00,1187.5,1193.0,1186.7,1191.4,99376.0
2026-06-29 15:25:00,1192.2,1193.3,1174.9,1178.2,73799.0
2026-06-30 09:15:00,1185.0,1186.1,1161.0,1163.5,29233.0
2026-06-30 09:20:00,1162.9,1163.5,1152.5,1156.8,13290.0
2026-06-30 09:25:00,1156.1,1164.9,1156.1,1161.9,9091.0
2026-06-30 09:30:00,1160.4,1161.3,1155.2,1159.3,5968.0
2026-06-30 09:35:00,1159.0,1164.0,1159.0,1163.7,6884.0
2026-06-30 09:40:00,1162.9,1167.3,1160.5,1160.5,9178.0
2026-06-30 09:45:00,1160.3,1162.0,1158.4,1160.3,3542.0
2026-06-30 09:50:00,1161.2,1163.3,1160.4,1161.0,3325.0
2026-06-30 09:55:00,1161.0,1167.1,1160.0,1167.1,6439.0
2026-06-30 10:00:00,1166.4,1167.0,1163.1,1165.8,2548.0
2026-06-30 10:05:00,1165.0,1166.1,1163.7,1163.7,2586.0
2026-06-30 10:10:00,1163.1,1165.5,1163.0,1165.0,1352.0
2026-06-30 10:15:00,1164.3,1166.3,1162.1,1162.1,1380.0
2026-06-30 10:20:00,1162.2,1164.8,1161.4,1164.3,2085.0
2026-06-30 10:25:00,1164.9,1166.9,1164.3,1166.8,2054.0
2026-06-30 10:30:00,1166.7,1166.8,1163.4,1164.0,878.0
2026-06-30 10:35:00,1163.5,1166.9,1162.7,1164.6,2552.0
2026-06-30 10:40:00,1165.5,1178.1,1163.5,1175.7,9495.0
2026-06-30 10:45:00,1176.0,1178.2,1174.7,1176.3,4335.0
2026-06-30 10:50:00,1176.9,1179.0,1176.0,1176.0,4279.0
2026-06-30 10:55:00,1176.5,1177.2,1175.0,1176.1,2255.0
2026-06-30 11:00:00,1175.6,1182.6,1175.6,1178.2,6366.0
2026-06-30 11:05:00,1179.0,1179.4,1172.9,1173.5,2034.0
2026-06-30 11:10:00,1172.9,1184.4,1171.6,1183.0,6118.0
2026-06-30 11:15:00,1182.9,1184.9,1180.8,1183.7,6328.0
2026-06-30 11:20:00,1183.1,1185.0,1180.5,1181.8,5080.0
2026-06-30 11:25:00,1181.4,1181.6,1176.6,1177.0,3293.0
2026-06-30 11:30:00,1176.9,1177.5,1173.4,1173.4,5167.0
2026-06-30 11:35:00,1173.5,1175.9,1170.8,1174.1,2516.0
2026-06-30 11:40:00,1175.0,1175.0,1170.1,1172.0,2616.0
2026-06-30 11:45:00,1171.9,1176.8,1170.0,1175.6,15627.0
2026-06-30 11:50:00,1175.5,1177.9,1175.4,1177.3,1275.0
2026-06-30 11:55:00,1177.2,1177.4,1170.7,1172.0,498.0
2026-06-30 12:00:00,1171.5,1175.6,1170.4,1175.6,10386.0
2026-06-30 12:05:00,1174.6,1178.5,1173.8,1176.5,9371.0
2026-06-30 12:10:00,1176.5,1178.1,1176.0,1177.0,1266.0
2026-06-30 12:15:00,1177.2,1178.0,1175.7,1176.8,1775.0
2026-06-30 12:20:00,1176.8,1179.9,1176.4,1179.7,2567.0
2026-06-30 12:25:00,1179.9,1179.9,1176.7,1178.2,2035.0
2026-06-30 12:30:00,1178.2,1179.1,1176.3,1177.6,614.0
2026-06-30 12:35:00,1178.0,1179.0,1176.2,1177.8,1334.0
2026-06-30 12:40:00,1177.8,1177.8,1175.6,1176.7,585.0
2026-06-30 12:45:00,1176.2,1176.4,1173.7,1174.3,2691.0
2026-06-30 12:50:00,1174.6,1176.5,1172.0,1176.3,2705.0
2026-06-30 12:55:00,1176.0,1176.3,1172.1,1174.7,2553.0
2026-06-30 13:00:00,1173.2,1175.2,1171.0,1171.0,6501.0
2026-06-30 13:05:00,1172.2,1173.0,1170.0,1171.7,913.0
2026-06-30 13:10:00,1171.1,1172.4,1170.6,1171.4,676.0
2026-06-30 13:15:00,1171.3,1173.0,1171.3,1172.9,926.0
2026-06-30 13:20:00,1172.8,1172.8,1171.1,1171.8,1504.0
2026-06-30 13:25:00,1171.8,1172.1,1171.0,1172.0,902.0
2026-06-30 13:30:00,1172.0,1173.7,1171.1,1172.5,3369.0
2026-06-30 13:35:00,1172.5,1172.8,1170.3,1171.0,1103.0
2026-06-30 13:40:00,1171.0,1171.5,1166.1,1170.0,24633.0
2026-06-30 13:45:00,1170.8,1171.8,1169.5,1170.9,1222.0
2026-06-30 13:50:00,1170.8,1171.0,1170.0,1170.8,1357.0
2026-06-30 13:55:00,1170.8,1170.8,1170.0,1170.0,550.0
2026-06-30 14:00:00,1170.0,1170.8,1168.5,1168.5,3194.0
2026-06-30 14:05:00,1169.1,1169.8,1168.1,1169.5,2959.0
2026-06-30 14:10:00,1169.5,1169.5,1165.0,1165.8,6064.0
2026-06-30 14:15:00,1165.1,1171.3,1165.1,1170.6,10667.0
2026-06-30 14:20:00,1171.6,1171.8,1166.7,1169.5,7306.0
2026-06-30 14:25:00,1169.4,1170.1,1167.7,1168.8,5788.0
2026-06-30 14:30:00,1169.0,1169.3,1166.3,1167.8,1637.0
2026-06-30 14:35:00,1168.0,1168.3,1166.9,1167.5,886.0
2026-06-30 14:40:00,1167.5,1168.5,1167.0,1167.5,780.0
2026-06-30 14:45:00,1167.5,1167.5,1163.0,1163.2,2915.0
2026-06-30 14:50:00,1163.2,1164.9,1162.1,1164.9,2152.0
2026-06-30 14:55:00,1164.9,1168.0,1163.0,1168.0,7896.0
2026-06-30 15:00:00,1167.3,1169.7,1162.0,1167.8,12491.0
2026-06-30 15:05:00,1168.2,1172.6,1167.5,1172.5,5322.0
2026-06-30 15:10:00,1172.1,1173.5,1169.2,1171.2,7330.0
2026-06-30 15:15:00,1170.1,1172.3,1169.1,1170.0,9150.0
2026-06-30 15:20:00,1170.0,1172.9,1170.0,1170.0,6303.0
2026-06-30 15:25:00,1170.4,1172.7,1166.4,1168.9,7771.0
2026-07-01 09:15:00,1170.6,1185.8,1162.6,1173.8,11123.0
2026-07-01 09:20:00,1173.2,1175.0,1167.3,1168.1,7523.0
2026-07-01 09:25:00,1168.8,1169.8,1164.5,1169.0,3427.0
2026-07-01 09:30:00,1168.5,1170.0,1165.1,1167.3,9609.0
2026-07-01 09:35:00,1167.3,1168.2,1162.1,1162.6,3963.0
2026-07-01 09:40:00,1162.4,1165.0,1160.0,1160.6,4313.0
2026-07-01 09:45:00,1161.2,1163.0,1158.5,1158.8,3740.0
2026-07-01 09:50:00,1157.2,1161.9,1157.2,1161.3,2841.0
2026-07-01 09:55:00,1161.3,1161.6,1157.8,1159.6,3413.0
2026-07-01 10:00:00,1159.1,1160.8,1158.0,1158.2,1618.0
2026-07-01 10:05:00,1158.1,1160.4,1156.1,1158.2,3407.0
2026-07-01 10:10:00,1158.0,1158.6,1153.2,1158.1,6010.0
2026-07-01 10:15:00,1158.1,1159.0,1157.0,1158.9,1760.0
2026-07-01 10:20:00,1158.3,1159.9,1157.2,1157.6,1347.0
2026-07-01 10:25:00,1157.6,1158.7,1156.0,1157.0,2453.0
2026-07-01 10:30:00,1157.0,1157.2,1153.9,1155.4,3217.0
2026-07-01 10:35:00,1155.0,1157.0,1152.5,1154.2,6521.0
2026-07-01 10:40:00,1153.6,1165.5,1153.0,1164.8,15399.0
2026-07-01 10:45:00,1164.2,1165.0,1161.0,1162.3,1508.0
2026-07-01 10:50:00,1162.5,1163.1,1160.5,1162.4,8334.0
2026-07-01 10:55:00,1162.3,1163.0,1159.5,1161.5,2322.0
2026-07-01 11:00:00,1162.0,1162.9,1160.1,1161.1,912.0
2026-07-01 11:05:00,1161.6,1162.6,1159.9,1161.3,1810.0
2026-07-01 11:10:00,1160.9,1162.0,1160.4,1160.5,592.0
2026-07-01 11:15:00,1160.5,1161.7,1160.2,1160.5,1024.0
2026-07-01 11:20:00,1160.3,1161.0,1153.1,1153.1,5134.0
2026-07-01 11:25:00,1153.0,1153.1,1151.1,1152.0,5842.0
2026-07-01 11:30:00,1152.0,1152.0,1150.0,1150.5,1708.0
2026-07-01 11:35:00,1150.5,1151.6,1150.1,1150.2,770.0
2026-07-01 11:40:00,1150.7,1151.5,1147.1,1148.9,4004.0
2026-07-01 11:45:00,1148.0,1149.4,1145.1,1145.1,5481.0
2026-07-01 11:50:00,1146.1,1146.1,1143.3,1144.8,1840.0
2026-07-01 11:55:00,1144.2,1145.0,1143.0,1143.1,3676.0
2026-07-01 12:00:00,1143.0,1143.0,1140.0,1141.5,2776.0
2026-07-01 12:05:00,1140.0,1141.1,1136.0,1138.5,9772.0
2026-07-01 12:10:00,1139.2,1148.4,1139.0,1143.3,11227.0
2026-07-01 12:15:00,1142.1,1144.1,1125.0,1132.4,28230.0
2026-07-01 12:20:00,1131.0,1141.5,1131.0,1137.5,12317.0
2026-07-01 12:25:00,1137.9,1137.9,1135.0,1135.4,1772.0
2026-07-01 12:30:00,1135.3,1136.7,1130.5,1132.3,2045.0
2026-07-01 12:35:00,1132.3,1134.2,1132.0,1133.1,2350.0
2026-07-01 12:40:00,1133.1,1133.1,1131.2,1132.0,538.0
2026-07-01 12:45:00,1131.5,1132.5,1129.1,1130.1,3896.0
2026-07-01 12:50:00,1130.1,1132.6,1130.0,1131.9,2856.0
2026-07-01 12:55:00,1131.2,1135.1,1131.2,1135.1,3503.0
2026-07-01 13:00:00,1136.2,1136.9,1135.5,1136.9,609.0
2026-07-01 13:05:00,1135.6,1138.1,1135.6,1136.6,1122.0
2026-07-01 13:10:00,1137.4,1142.2,1137.4,1142.2,2619.0
2026-07-01 13:15:00,1143.7,1144.9,1140.0,1140.6,3695.0
2026-07-01 13:20:00,1141.0,1141.8,1139.6,1141.2,957.0
2026-07-01 13:25:00,1140.3,1142.0,1139.1,1142.0,1030.0
2026-07-01 13:30:00,1142.0,1143.1,1140.3,1142.5,775.0
2026-07-01 13:35:00,1142.5,1143.4,1141.8,1142.7,505.0
2026-07-01 13:40:00,1142.0,1142.8,1141.3,1141.5,758.0
2026-07-01 13:45:00,1141.3,1142.3,1140.2,1140.9,542.0
2026-07-01 13:50:00,1141.4,1142.0,1140.5,1140.5,763.0
2026-07-01 13:55:00,1140.5,1141.1,1138.9,1140.5,1457.0
2026-07-01 14:00:00,1139.7,1142.8,1136.6,1142.2,4514.0
2026-07-01 14:05:00,1142.0,1143.3,1142.0,1143.3,375.0
2026-07-01 14:10:00,1141.3,1143.1,1141.1,1142.0,600.0
2026-07-01 14:15:00,1141.9,1142.3,1141.0,1141.5,494.0
2026-07-01 14:20:00,1141.5,1142.3,1141.1,1142.1,466.0
2026-07-01 14:25:00,1142.1,1143.2,1141.2,1141.2,397.0
2026-07-01 14:30:00,1141.5,1141.9,1141.0,1141.5,411.0
2026-07-01 14:35:00,1141.5,1141.5,1140.2,1140.9,1213.0
2026-07-01 14:40:00,1140.7,1141.1,1140.0,1140.0,834.0
2026-07-01 14:45:00,1140.0,1141.7,1137.5,1140.1,4716.0
2026-07-01 14:50:00,1140.1,1141.8,1140.0,1141.0,1674.0
2026-07-01 14:55:00,1141.0,1141.0,1140.0,1140.4,1720.0
2026-07-01 15:00:00,1140.0,1141.3,1139.3,1140.5,4653.0
2026-07-01 15:05:00,1140.0,1143.8,1140.0,1143.1,4047.0
2026-07-01 15:10:00,1143.1,1143.5,1142.0,1142.2,7289.0
2026-07-01 15:15:00,1142.2,1145.7,1142.0,1145.0,9919.0
2026-07-01 15:20:00,1145.0,1149.9,1145.0,1146.4,9824.0
2026-07-01 15:25:00,1146.2,1149.8,1144.8,1147.0,7786.0
2026-07-02 09:15:00,1148.0,1154.7,1145.7,1145.7,10681.0
2026-07-02 09:20:00,1145.9,1146.5,1138.3,1140.6,4892.0
2026-07-02 09:25:00,1141.6,1142.9,1138.0,1141.0,3481.0
2026-07-02 09:30:00,1141.9,1143.6,1140.5,1141.0,2224.0
2026-07-02 09:35:00,1141.9,1144.5,1140.1,1141.4,3224.0
2026-07-02 09:40:00,1141.0,1143.1,1140.0,1142.5,1891.0
2026-07-02 09:45:00,1142.4,1145.0,1141.4,1144.1,744.0
2026-07-02 09:50:00,1144.1,1149.0,1144.1,1149.0,2521.0
2026-07-02 09:55:00,1148.4,1152.0,1147.5,1152.0,4311.0
2026-07-02 10:00:00,1152.0,1152.0,1149.3,1150.4,1012.0
2026-07-02 10:05:00,1150.0,1150.0,1145.6,1150.0,4597.0
2026-07-02 10:10:00,1150.3,1154.0,1150.0,1150.5,2528.0
2026-07-02 10:15:00,1151.2,1152.7,1150.6,1150.9,643.0
2026-07-02 10:20:00,1151.0,1153.7,1151.0,1152.8,1028.0
2026-07-02 10:25:00,1153.2,1153.5,1150.1,1151.7,2012.0
2026-07-02 10:30:00,1151.0,1153.5,1151.0,1152.2,1835.0
2026-07-02 10:35:00,1152.1,1152.1,1150.5,1151.1,485.0
2026-07-02 10:40:00,1151.9,1152.4,1148.4,1150.3,1744.0
2026-07-02 10:45:00,1149.3,1150.3,1147.7,1148.7,662.0
2026-07-02 10:50:00,1149.4,1149.4,1146.0,1147.7,3559.0
2026-07-02 10:55:00,1147.5,1147.7,1144.0,1144.6,1551.0
2026-07-02 11:00:00,1145.8,1146.7,1145.0,1146.0,813.0
2026-07-02 11:05:00,1147.0,1149.9,1146.0,1148.0,1506.0
2026-07-02 11:10:00,1147.7,1148.6,1145.0,1146.1,2303.0
2026-07-02 11:15:00,1145.3,1149.0,1145.1,1147.1,902.0
2026-07-02 11:20:00,1146.9,1148.8,1145.4,1145.4,833.0
2026-07-02 11:25:00,1146.4,1146.7,1143.2,1144.6,1518.0
2026-07-02 11:30:00,1145.5,1146.8,1144.5,1145.5,638.0
2026-07-02 11:35:00,1146.8,1147.5,1145.9,1146.4,382.0
2026-07-02 11:40:00,1147.0,1147.0,1142.0,1143.0,1321.0
2026-07-02 11:45:00,1143.0,1143.7,1139.7,1140.4,6259.0
2026-07-02 11:50:00,1141.4,1143.5,1140.1,1141.7,992.0
2026-07-02 11:55:00,1142.6,1143.8,1141.8,1142.9,492.0
2026-07-02 12:00:00,1143.5,1144.5,1141.8,1142.2,971.0
2026-07-02 12:05:00,1143.1,1144.0,1141.9,1143.3,2053.0
2026-07-02 12:10:00,1144.0,1144.5,1142.6,1142.6,663.0
2026-07-02 12:15:00,1142.6,1144.5,1142.5,1143.6,517.0
2026-07-02 12:20:00,1144.4,1144.4,1140.7,1142.0,2298.0
2026-07-02 12:25:00,1142.8,1143.0,1140.3,1141.8,555.0
2026-07-02 12:30:00,1141.6,1142.2,1138.3,1139.3,1191.0
2026-07-02 12:35:00,1139.5,1140.1,1139.0,1139.1,459.0
2026-07-02 12:40:00,1139.5,1140.8,1139.1,1139.9,791.0
2026-07-02 12:45:00,1139.8,1140.1,1138.1,1139.8,1587.0
2026-07-02 12:50:00,1139.1,1139.9,1138.0,1139.2,1537.0
2026-07-02 12:55:00,1138.2,1139.0,1135.4,1137.0,2305.0
2026-07-02 13:00:00,1137.2,1137.8,1135.4,1137.1,1259.0
2026-07-02 13:05:00,1137.1,1139.1,1136.3,1137.2,935.0
2026-07-02 13:10:00,1137.8,1138.9,1135.0,1135.1,1642.0
2026-07-02 13:15:00,1135.7,1135.7,1131.2,1134.0,4015.0
2026-07-02 13:20:00,1134.5,1136.2,1134.2,1136.1,1173.0
2026-07-02 13:25:00,1136.1,1136.8,1134.1,1134.8,1075.0
2026-07-02 13:30:00,1135.0,1136.0,1134.4,1135.3,809.0
2026-07-02 13:35:00,1134.6,1135.9,1134.6,1135.9,423.0
2026-07-02 13:40:00,1135.1,1135.9,1134.6,1135.5,288.0
2026-07-02 13:45:00,1134.7,1135.4,1133.0,1133.5,1425.0
2026-07-02 13:50:00,1134.0,1141.0,1133.5,1138.1,2424.0
2026-07-02 13:55:00,1137.2,1138.5,1133.9,1134.5,3766.0
2026-07-02 14:00:00,1134.5,1136.3,1133.2,1134.8,2306.0
2026-07-02 14:05:00,1135.2,1135.8,1134.1,1134.2,622.0
2026-07-02 14:10:00,1134.9,1135.2,1133.6,1135.0,918.0
2026-07-02 14:15:00,1134.3,1135.0,1126.8,1131.0,10427.0
2026-07-02 14:20:00,1131.0,1132.0,1129.9,1131.6,2068.0
2026-07-02 14:25:00,1131.6,1132.3,1126.3,1126.4,3033.0
2026-07-02 14:30:00,1127.1,1127.7,1121.6,1123.0,8277.0
2026-07-02 14:35:00,1123.0,1123.9,1121.5,1123.5,3456.0
2026-07-02 14:40:00,1123.5,1125.5,1122.3,1125.0,2851.0
2026-07-02 14:45:00,1124.9,1129.4,1124.9,1126.3,5082.0
2026-07-02 14:50:00,1126.3,1128.5,1126.3,1127.8,908.0
2026-07-02 14:55:00,1127.5,1128.4,1125.1,1127.8,1434.0
2026-07-02 15:00:00,1128.3,1134.7,1128.3,1132.5,4064.0
2026-07-02 15:05:00,1132.6,1132.8,1130.1,1130.7,4901.0
2026-07-02 15:10:00,1130.3,1133.4,1129.0,1130.5,5043.0
2026-07-02 15:15:00,1130.7,1132.3,1129.6,1131.1,7890.0
2026-07-02 15:20:00,1131.1,1133.8,1126.3,1127.5,10644.0
2026-07-02 15:25:00,1127.5,1135.0,1124.9,1132.5,13667.0
2026-07-03 09:15:00,1135.5,1136.4,1107.6,1108.8,26077.0
2026-07-03 09:20:00,1107.1,1109.9,1100.1,1109.1,34850.0
2026-07-03 09:25:00,1109.2,1113.8,1108.0,1111.0,21529.0
2026-07-03 09:30:00,1110.1,1118.0,1108.5,1118.0,16524.0
2026-07-03 09:35:00,1118.0,1121.0,1115.8,1115.8,12763.0
2026-07-03 09:40:00,1116.9,1117.5,1115.0,1117.5,9219.0
2026-07-03 09:45:00,1117.5,1118.5,1110.0,1110.0,8392.0
2026-07-03 09:50:00,1110.0,1118.4,1110.0,1115.0,8973.0
2026-07-03 09:55:00,1115.0,1116.8,1115.0,1115.3,2574.0
2026-07-03 10:00:00,1116.4,1120.0,1115.0,1116.0,10116.0
2026-07-03 10:05:00,1116.5,1117.5,1111.0,1112.3,20392.0
2026-07-03 10:10:00,1111.2,1116.6,1111.0,1111.5,6761.0
2026-07-03 10:15:00,1111.6,1113.9,1106.5,1111.4,8231.0
2026-07-03 10:20:00,1110.1,1112.2,1107.7,1107.8,4863.0
2026-07-03 10:25:00,1108.6,1110.0,1107.0,1107.8,4208.0
2026-07-03 10:30:00,1107.2,1110.9,1106.5,1106.5,2754.0
2026-07-03 10:35:00,1107.4,1107.4,1106.0,1106.1,2527.0
2026-07-03 10:40:00,1107.3,1107.4,1104.0,1106.0,4200.0
2026-07-03 10:45:00,1106.0,1107.9,1101.5,1107.0,6929.0
2026-07-03 10:50:00,1107.9,1108.8,1106.2,1106.2,1783.0
2026-07-03 10:55:00,1107.5,1108.4,1106.0,1106.0,1836.0
2026-07-03 11:00:00,1106.8,1107.1,1103.0,1103.8,2450.0
2026-07-03 11:05:00,1103.9,1105.8,1103.1,1104.9,3236.0
2026-07-03 11:10:00,1104.1,1105.1,1104.1,1104.7,2025.0
2026-07-03 11:15:00,1104.7,1105.5,1104.1,1104.3,1419.0
2026-07-03 11:20:00,1104.2,1106.0,1104.2,1106.0,898.0
2026-07-03 11:25:00,1106.4,1106.9,1105.0,1105.0,1448.0
2026-07-03 11:30:00,1105.0,1106.6,1105.0,1105.6,2026.0
2026-07-03 11:35:00,1105.6,1106.7,1105.1,1105.1,2537.0
2026-07-03 11:40:00,1105.1,1105.5,1103.0,1103.0,2068.0
2026-07-03 11:45:00,1103.0,1105.0,1101.5,1105.0,2292.0
2026-07-03 11:50:00,1104.8,1105.7,1103.0,1104.0,2066.0
2026-07-03 11:55:00,1104.0,1104.7,1102.0,1102.9,2825.0
2026-07-03 12:00:00,1103.9,1104.0,1101.7,1102.8,1838.0
2026-07-03 12:05:00,1102.8,1106.0,1102.6,1105.9,2742.0
2026-07-03 12:10:00,1105.1,1107.0,1104.9,1107.0,2355.0
2026-07-03 12:15:00,1107.0,1107.4,1106.0,1107.0,1216.0
2026-07-03 12:20:00,1107.0,1107.4,1105.0,1106.3,2877.0
2026-07-03 12:25:00,1106.3,1106.5,1104.3,1105.4,3902.0
2026-07-03 12:30:00,1104.5,1106.8,1104.1,1105.0,1879.0
2026-07-03 12:35:00,1104.9,1106.5,1104.4,1105.0,1462.0
2026-07-03 12:40:00,1105.0,1105.0,1101.5,1101.5,5820.0
2026-07-03 12:45:00,1101.5,1103.5,1100.9,1103.5,2245.0
2026-07-03 12:50:00,1102.8,1111.9,1102.8,1105.0,10019.0
2026-07-03 12:55:00,1104.2,1105.0,1101.5,1101.7,2728.0
2026-07-03 13:00:00,1102.6,1102.6,1100.4,1100.9,1954.0
2026-07-03 13:05:00,1100.4,1101.2,1100.2,1101.2,3292.0
2026-07-03 13:10:00,1101.1,1102.0,1100.5,1102.0,966.0
2026-07-03 13:15:00,1101.5,1103.4,1101.5,1102.0,899.0
2026-07-03 13:20:00,1102.0,1103.1,1101.2,1102.0,1291.0
2026-07-03 13:25:00,1102.7,1103.0,1096.0,1097.8,11030.0
2026-07-03 13:30:00,1098.1,1098.4,1095.6,1097.9,4352.0
2026-07-03 13:35:00,1096.3,1098.6,1095.7,1096.7,2687.0
2026-07-03 13:40:00,1096.5,1098.0,1096.0,1096.0,1682.0
2026-07-03 13:45:00,1096.2,1097.0,1093.8,1094.8,7043.0
2026-07-03 13:50:00,1094.9,1096.9,1093.1,1095.3,4889.0
2026-07-03 13:55:00,1095.3,1096.5,1093.5,1093.9,3347.0
2026-07-03 14:00:00,1094.1,1095.3,1093.7,1095.3,975.0
2026-07-03 14:05:00,1094.7,1096.9,1094.7,1096.9,1753.0
2026-07-03 14:10:00,1095.9,1097.0,1094.7,1094.7,1589.0
2026-07-03 14:15:00,1094.7,1096.1,1094.5,1095.6,6337.0
2026-07-03 14:20:00,1095.5,1096.1,1092.5,1094.0,2198.0
2026-07-03 14:25:00,1094.0,1095.0,1092.8,1092.8,1417.0
2026-07-03 14:30:00,1092.8,1094.9,1092.7,1093.6,1244.0
2026-07-03 14:35:00,1093.6,1094.5,1092.1,1093.1,4191.0
2026-07-03 14:40:00,1091.8,1094.2,1091.7,1092.8,2030.0
2026-07-03 14:45:00,1092.8,1094.9,1091.4,1093.7,2714.0
2026-07-03 14:50:00,1095.1,1098.1,1092.2,1094.1,4721.0
2026-07-03 14:55:00,1095.0,1095.6,1092.9,1093.5,5155.0
2026-07-03 15:00:00,1095.3,1098.7,1093.8,1097.6,5179.0
2026-07-03 15:05:00,1098.5,1100.4,1096.7,1097.7,9327.0
2026-07-03 15:10:00,1096.6,1101.8,1096.1,1100.8,9088.0
2026-07-03 15:15:00,1100.8,1101.1,1098.0,1101.1,7246.0
2026-07-03 15:20:00,1100.5,1107.7,1100.5,1102.6,9459.0
2026-07-03 15:25:00,1102.1,1105.0,1100.0,1105.0,8720.0
2026-07-06 09:15:00,1101.3,1103.6,1091.9,1100.8,11202.0
2026-07-06 09:20:00,1100.8,1111.7,1098.8,1109.0,12140.0
2026-07-06 09:25:00,1110.1,1111.5,1102.1,1103.0,7172.0
2026-07-06 09:30:00,1103.0,1104.3,1096.0,1096.0,8541.0
2026-07-06 09:35:00,1096.0,1098.5,1094.2,1097.0,2540.0
2026-07-06 09:40:00,1097.7,1098.7,1095.1,1095.4,2508.0
2026-07-06 09:45:00,1096.0,1097.8,1094.3,1095.0,3395.0
2026-07-06 09:50:00,1095.1,1098.0,1093.7,1098.0,3002.0
2026-07-06 09:55:00,1097.1,1099.0,1095.0,1095.5,1359.0
2026-07-06 10:00:00,1095.3,1096.5,1093.7,1093.7,2045.0
2026-07-06 10:05:00,1094.3,1095.3,1093.4,1094.1,486.0
2026-07-06 10:10:00,1094.7,1094.9,1092.5,1093.2,1715.0
2026-07-06 10:15:00,1094.0,1097.9,1093.2,1097.9,3081.0
2026-07-06 10:20:00,1098.0,1098.4,1096.5,1097.8,1187.0
2026-07-06 10:25:00,1098.2,1099.0,1094.5,1095.6,964.0
2026-07-06 10:30:00,1096.5,1096.5,1093.8,1094.3,626.0
2026-07-06 10:35:00,1094.7,1095.9,1093.7,1095.0,717.0
2026-07-06 10:40:00,1096.1,1096.3,1093.7,1094.5,2087.0
2026-07-06 10:45:00,1095.5,1097.9,1094.0,1094.1,1464.0
2026-07-06 10:50:00,1094.0,1095.0,1093.0,1093.5,10324.0
2026-07-06 10:55:00,1093.0,1093.5,1091.1,1093.2,4337.0
2026-07-06 11:00:00,1092.1,1096.2,1092.1,1096.2,1931.0
2026-07-06 11:05:00,1096.2,1096.9,1095.2,1096.0,470.0
2026-07-06 11:10:00,1097.1,1097.8,1095.4,1096.2,719.0
2026-07-06 11:15:00,1095.4,1096.1,1093.6,1094.1,713.0
2026-07-06 11:20:00,1093.7,1093.7,1089.0,1089.6,4940.0
2026-07-06 11:25:00,1089.6,1092.8,1088.6,1090.0,2233.0
2026-07-06 11:30:00,1090.9,1090.9,1088.8,1090.1,2121.0
2026-07-06 11:35:00,1090.8,1090.8,1088.9,1089.1,2096.0
2026-07-06 11:40:00,1089.0,1089.9,1088.4,1089.0,2000.0
2026-07-06 11:45:00,1089.5,1091.1,1086.3,1089.2,4788.0
2026-07-06 11:50:00,1088.1,1088.5,1085.1,1086.2,552.0
2026-07-06 11:55:00,1086.5,1088.1,1086.5,1087.8,1800.0
2026-07-06 12:00:00,1086.7,1087.6,1083.0,1083.0,2955.0
2026-07-06 12:05:00,1083.1,1084.9,1083.1,1083.8,1757.0
2026-07-06 12:10:00,1084.3,1085.3,1082.2,1085.1,3782.0
2026-07-06 12:15:00,1084.0,1084.0,1082.2,1083.0,622.0
2026-07-06 12:20:00,1083.0,1084.2,1082.5,1083.4,908.0
2026-07-06 12:25:00,1083.1,1084.8,1083.0,1084.1,655.0
2026-07-06 12:30:00,1084.5,1088.9,1083.3,1087.0,1744.0
2026-07-06 12:35:00,1086.9,1088.4,1086.1,1086.5,629.0
2026-07-06 12:40:00,1087.0,1088.6,1086.5,1086.5,2340.0
2026-07-06 12:45:00,1086.6,1087.0,1083.0,1085.3,3631.0
2026-07-06 12:50:00,1085.3,1085.9,1083.9,1084.0,240.0
2026-07-06 12:55:00,1084.0,1084.4,1083.0,1083.5,1537.0
2026-07-06 13:00:00,1085.2,1086.1,1085.0,1085.3,1118.0
2026-07-06 13:05:00,1086.1,1086.2,1085.2,1085.8,371.0
2026-07-06 13:10:00,1085.3,1085.4,1084.1,1084.3,1003.0
2026-07-06 13:15:00,1084.3,1086.8,1084.3,1085.2,855.0
2026-07-06 13:20:00,1085.1,1086.8,1085.0,1085.8,879.0
2026-07-06 13:25:00,1085.7,1086.8,1085.5,1086.0,421.0
2026-07-06 13:30:00,1086.0,1086.9,1084.1,1085.6,1409.0
2026-07-06 13:35:00,1085.9,1086.8,1085.0,1086.5,1225.0
2026-07-06 13:40:00,1086.4,1087.8,1086.0,1087.8,572.0
2026-07-06 13:45:00,1087.8,1087.8,1085.1,1085.7,1089.0
2026-07-06 13:50:00,1086.4,1087.1,1086.4,1086.4,270.0
2026-07-06 13:55:00,1085.5,1086.5,1084.8,1086.0,788.0
2026-07-06 14:00:00,1086.0,1086.3,1085.1,1086.0,758.0
2026-07-06 14:05:00,1086.5,1086.5,1085.2,1086.4,220.0
2026-07-06 14:10:00,1085.6,1087.1,1085.6,1086.1,215.0
2026-07-06 14:15:00,1085.8,1086.5,1084.0,1084.7,2145.0
2026-07-06 14:20:00,1085.0,1085.5,1084.6,1084.8,343.0
2026-07-06 14:25:00,1085.3,1087.5,1085.3,1087.5,286.0
2026-07-06 14:30:00,1086.3,1088.4,1085.7,1087.1,3345.0
2026-07-06 14:35:00,1086.9,1087.4,1085.3,1086.1,533.0
2026-07-06 14:40:00,1086.1,1086.8,1085.1,1086.4,1271.0
2026-07-06 14:45:00,1085.4,1086.4,1085.0,1086.2,578.0
2026-07-06 14:50:00,1085.2,1088.4,1085.1,1086.3,2228.0
2026-07-06 14:55:00,1086.5,1087.5,1085.6,1086.2,1534.0
2026-07-06 15:00:00,1089.8,1089.9,1085.3,1087.0,4078.0
2026-07-06 15:05:00,1087.0,1089.9,1086.5,1086.7,7537.0
2026-07-06 15:10:00,1086.3,1088.2,1083.8,1087.5,7223.0
2026-07-06 15:15:00,1087.8,1089.4,1085.2,1087.4,5767.0
2026-07-06 15:20:00,1087.4,1089.9,1085.7,1086.6,4365.0
2026-07-06 15:25:00,1087.7,1089.8,1085.0,1089.8,6697.0
2026-07-07 09:15:00,1088.1,1088.1,1072.6,1075.3,10041.0
2026-07-07 09:20:00,1074.6,1074.6,1066.9,1067.9,10363.0
2026-07-07 09:25:00,1066.5,1069.0,1066.0,1068.3,3814.0
2026-07-07 09:30:00,1068.2,1068.8,1066.0,1066.0,6100.0
2026-07-07 09:35:00,1065.2,1069.4,1064.7,1065.8,5794.0
2026-07-07 09:40:00,1069.3,1069.3,1066.0,1067.5,4121.0
2026-07-07 09:45:00,1069.1,1069.1,1065.6,1065.9,5086.0
2026-07-07 09:50:00,1065.3,1068.0,1065.3,1066.5,3562.0
2026-07-07 09:55:00,1066.8,1068.0,1065.5,1066.5,3395.0
2026-07-07 10:00:00,1066.5,1069.3,1066.0,1068.1,3506.0
2026-07-07 10:05:00,1068.2,1070.9,1066.2,1070.9,4451.0
2026-07-07 10:10:00,1070.9,1071.9,1069.7,1070.0,2838.0
2026-07-07 10:15:00,1069.7,1071.9,1067.8,1071.9,3900.0
2026-07-07 10:20:00,1071.0,1074.8,1067.3,1072.8,3543.0
2026-07-07 10:25:00,1072.1,1072.8,1069.1,1069.1,1130.0
2026-07-07 10:30:00,1069.7,1072.5,1068.7,1071.0,11365.0
2026-07-07 10:35:00,1071.3,1072.2,1069.7,1069.9,961.0
2026-07-07 10:40:00,1069.7,1069.7,1065.0,1065.2,4179.0
2026-07-07 10:45:00,1065.0,1067.9,1065.0,1067.1,1235.0
2026-07-07 10:50:00,1065.1,1066.1,1061.8,1063.6,3428.0
2026-07-07 10:55:00,1063.7,1063.7,1061.2,1063.0,2125.0
2026-07-07 11:00:00,1062.0,1064.6,1061.5,1063.5,1277.0
2026-07-07 11:05:00,1063.5,1065.5,1062.4,1063.8,861.0
2026-07-07 11:10:00,1064.2,1066.0,1062.6,1065.3,1681.0
2026-07-07 11:15:00,1065.5,1065.5,1061.1,1062.0,1753.0
2026-07-07 11:20:00,1062.0,1064.1,1061.4,1064.0,676.0
2026-07-07 11:25:00,1064.1,1064.4,1062.2,1063.5,1284.0
2026-07-07 11:30:00,1064.9,1067.5,1064.6,1065.3,2173.0
2026-07-07 11:35:00,1065.3,1065.7,1063.8,1064.8,1114.0
2026-07-07 11:40:00,1064.8,1065.3,1061.5,1061.5,1457.0
2026-07-07 11:45:00,1062.2,1064.0,1061.2,1063.9,853.0
2026-07-07 11:50:00,1063.1,1064.0,1063.0,1063.6,466.0
2026-07-07 11:55:00,1063.6,1063.6,1062.3,1062.3,791.0
2026-07-07 12:00:00,1062.5,1063.2,1062.0,1063.0,833.0
2026-07-07 12:05:00,1063.0,1063.0,1061.2,1062.5,1379.0
2026-07-07 12:10:00,1062.1,1063.0,1061.5,1062.0,653.0
2026-07-07 12:15:00,1062.6,1062.6,1060.2,1061.0,2301.0
2026-07-07 12:20:00,1061.2,1063.0,1061.0,1062.8,783.0
2026-07-07 12:25:00,1062.8,1063.5,1062.0,1062.0,2533.0
2026-07-07 12:30:00,1063.4,1063.5,1058.1,1059.9,4450.0
2026-07-07 12:35:00,1060.1,1061.6,1059.9,1061.0,971.0
2026-07-07 12:40:00,1061.3,1063.3,1060.9,1061.8,1413.0
2026-07-07 12:45:00,1061.4,1062.8,1060.5,1061.0,629.0
2026-07-07 12:50:00,1061.9,1063.5,1061.0,1062.3,1739.0
2026-07-07 12:55:00,1062.6,1064.9,1062.2,1064.5,568.0
2026-07-07 13:00:00,1064.5,1064.5,1062.8,1063.9,875.0
2026-07-07 13:05:00,1063.9,1065.3,1063.2,1063.4,1523.0
2026-07-07 13:10:00,1063.1,1064.2,1061.5,1063.2,838.0
2026-07-07 13:15:00,1063.0,1063.6,1060.5,1061.2,1641.0
2026-07-07 13:20:00,1061.5,1062.1,1060.1,1062.1,654.0
2026-07-07 13:25:00,1062.1,1063.9,1061.1,1063.1,872.0
2026-07-07 13:30:00,1063.3,1065.0,1063.0,1065.0,422.0
2026-07-07 13:35:00,1065.0,1065.4,1064.3,1064.3,3136.0
2026-07-07 13:40:00,1064.3,1064.7,1063.5,1064.2,579.0
2026-07-07 13:45:00,1064.0,1065.5,1064.0,1065.3,1089.0
2026-07-07 13:50:00,1065.3,1065.6,1064.7,1065.3,601.0
2026-07-07 13:55:00,1065.3,1065.9,1064.4,1065.0,706.0
2026-07-07 14:00:00,1065.0,1066.7,1064.1,1065.3,931.0
2026-07-07 14:05:00,1065.4,1065.9,1063.7,1063.7,1188.0
2026-07-07 14:10:00,1064.3,1065.0,1062.3,1063.6,1440.0
2026-07-07 14:15:00,1065.0,1065.3,1063.4,1064.1,2903.0
2026-07-07 14:20:00,1064.9,1066.0,1061.7,1063.8,7011.0
2026-07-07 14:25:00,1063.8,1064.0,1049.2,1050.0,17095.0
2026-07-07 14:30:00,1050.8,1052.0,1030.5,1035.1,108953.0
2026-07-07 14:35:00,1035.2,1048.0,1033.0,1038.8,46167.0
2026-07-07 14:40:00,1040.0,1047.7,1040.0,1046.5,21280.0
2026-07-07 14:45:00,1046.7,1048.2,1041.6,1047.0,9660.0
2026-07-07 14:50:00,1046.9,1048.5,1045.0,1046.6,9324.0
2026-07-07 14:55:00,1047.0,1048.4,1046.2,1048.4,6629.0
2026-07-07 15:00:00,1048.7,1049.6,1043.1,1047.3,12234.0
2026-07-07 15:05:00,1047.0,1049.0,1045.2,1048.7,4906.0
2026-07-07 15:10:00,1048.7,1049.7,1047.0,1047.9,6139.0
2026-07-07 15:15:00,1047.0,1051.6,1045.8,1047.8,12243.0
2026-07-07 15:20:00,1047.4,1050.0,1046.9,1048.8,7767.0
2026-07-07 15:25:00,1048.8,1053.0,1047.3,1053.0,11675.0
2026-07-08 09:15:00,1047.7,1066.5,1036.5,1062.2,23697.0
2026-07-08 09:20:00,1062.2,1066.9,1061.0,1061.3,7187.0
2026-07-08 09:25:00,1062.1,1064.8,1055.0,1056.8,11653.0
2026-07-08 09:30:00,1057.3,1058.1,1053.7,1055.6,3180.0
2026-07-08 09:35:00,1055.7,1058.1,1053.6,1055.6,2255.0
2026-07-08 09:40:00,1054.6,1055.0,1051.0,1053.5,3191.0
2026-07-08 09:45:00,1054.4,1055.2,1050.3,1051.2,2955.0
2026-07-08 09:50:00,1051.2,1052.9,1048.3,1050.3,2952.0
2026-07-08 09:55:00,1051.0,1055.0,1050.6,1051.1,2622.0
2026-07-08 10:00:00,1051.0,1052.5,1050.0,1051.3,1188.0
2026-07-08 10:05:00,1051.2,1052.5,1048.6,1052.5,5061.0
2026-07-08 10:10:00,1052.4,1053.8,1050.0,1052.8,1510.0
2026-07-08 10:15:00,1052.8,1053.5,1050.3,1051.4,1083.0
2026-07-08 10:20:00,1051.6,1052.4,1050.2,1051.0,384.0
2026-07-08 10:25:00,1051.9,1054.3,1051.3,1053.0,475.0
2026-07-08 10:30:00,1052.2,1052.7,1048.9,1050.0,1616.0
2026-07-08 10:35:00,1050.4,1052.7,1047.3,1052.7,3401.0
2026-07-08 10:40:00,1052.8,1053.2,1040.1,1041.5,5218.0
2026-07-08 10:45:00,1041.6,1045.6,1041.6,1042.5,2091.0
2026-07-08 10:50:00,1043.6,1048.3,1042.5,1047.6,1254.0
2026-07-08 10:55:00,1047.6,1052.3,1047.4,1048.4,3054.0
2026-07-08 11:00:00,1047.3,1048.0,1046.1,1046.2,1932.0
2026-07-08 11:05:00,1046.2,1049.5,1045.4,1048.7,1969.0
2026-07-08 11:10:00,1049.4,1050.0,1046.1,1047.2,3757.0
2026-07-08 11:15:00,1047.3,1050.0,1047.0,1047.2,1714.0
2026-07-08 11:20:00,1048.5,1051.0,1047.1,1050.4,5181.0
2026-07-08 11:25:00,1050.2,1051.9,1049.5,1050.4,1719.0
2026-07-08 11:30:00,1050.4,1053.2,1050.4,1052.1,2662.0
2026-07-08 11:35:00,1052.0,1053.1,1051.0,1053.1,2446.0
2026-07-08 11:40:00,1051.5,1053.0,1046.1,1046.7,4898.0
2026-07-08 11:45:00,1046.1,1047.0,1043.1,1043.1,2820.0
2026-07-08 11:50:00,1044.1,1052.0,1043.1,1047.9,4277.0
2026-07-08 11:55:00,1045.8,1054.9,1045.8,1054.9,4200.0
2026-07-08 12:00:00,1054.0,1055.5,1052.5,1052.7,2219.0
2026-07-08 12:05:00,1053.8,1054.9,1050.7,1051.6,3432.0
2026-07-08 12:10:00,1050.7,1054.1,1050.6,1053.5,1346.0
2026-07-08 12:15:00,1052.6,1055.0,1052.3,1054.8,1697.0
2026-07-08 12:20:00,1054.8,1054.8,1050.9,1051.5,4706.0
2026-07-08 12:25:00,1051.5,1053.7,1051.5,1052.7,1120.0
2026-07-08 12:30:00,1052.8,1053.5,1049.2,1049.8,997.0
2026-07-08 12:35:00,1049.6,1050.4,1049.2,1049.8,512.0
2026-07-08 12:40:00,1049.8,1050.0,1047.6,1048.5,1568.0
2026-07-08 12:45:00,1047.6,1050.1,1047.4,1049.9,1989.0
2026-07-08 12:50:00,1049.9,1052.0,1049.3,1050.7,2110.0
2026-07-08 12:55:00,1050.1,1051.7,1049.6,1050.1,667.0
2026-07-08 13:00:00,1050.1,1051.8,1050.0,1050.7,653.0
2026-07-08 13:05:00,1050.7,1052.0,1050.0,1052.0,2501.0
2026-07-08 13:10:00,1052.0,1053.1,1050.2,1050.7,2033.0
2026-07-08 13:15:00,1050.7,1053.1,1050.1,1052.2,842.0
2026-07-08 13:20:00,1052.0,1061.5,1052.0,1061.5,4763.0
2026-07-08 13:25:00,1061.0,1062.8,1055.3,1057.7,3325.0
2026-07-08 13:30:00,1057.7,1058.7,1056.2,1057.5,1319.0
2026-07-08 13:35:00,1057.4,1059.3,1057.1,1058.1,630.0
2026-07-08 13:40:00,1058.1,1059.9,1057.2,1057.2,1929.0
2026-07-08 13:45:00,1057.0,1059.2,1051.9,1051.9,3814.0
2026-07-08 13:50:00,1051.4,1052.9,1047.0,1047.0,4456.0
2026-07-08 13:55:00,1048.0,1048.4,1038.0,1038.3,14944.0
2026-07-08 14:00:00,1038.0,1039.4,1034.5,1036.8,7171.0
2026-07-08 14:05:00,1035.7,1036.4,1031.9,1032.8,4828.0
2026-07-08 14:10:00,1031.9,1033.0,1028.0,1028.0,8203.0
2026-07-08 14:15:00,1028.5,1031.4,1027.0,1027.6,3620.0
2026-07-08 14:20:00,1028.2,1030.0,1027.2,1027.8,2667.0
2026-07-08 14:25:00,1028.8,1029.8,1027.2,1028.1,4191.0
2026-07-08 14:30:00,1027.3,1032.4,1027.2,1028.3,4871.0
2026-07-08 14:35:00,1029.1,1031.3,1028.2,1028.2,3463.0
2026-07-08 14:40:00,1028.2,1029.9,1027.2,1029.7,2446.0
2026-07-08 14:45:00,1028.4,1028.4,1024.4,1026.0,3423.0
2026-07-08 14:50:00,1025.0,1025.5,1021.2,1024.1,4791.0
2026-07-08 14:55:00,1021.6,1025.4,1020.6,1025.3,4076.0
2026-07-08 15:00:00,1024.1,1029.5,1022.3,1026.4,5640.0
2026-07-08 15:05:00,1026.1,1028.8,1023.0,1026.9,4257.0
2026-07-08 15:10:00,1027.4,1029.7,1024.1,1028.9,7249.0
2026-07-08 15:15:00,1028.8,1032.8,1028.1,1031.6,4205.0
2026-07-08 15:20:00,1031.6,1034.8,1031.1,1033.5,3780.0
2026-07-08 15:25:00,1033.9,1034.6,1030.0,1032.5,4369.0
2026-07-09 09:15:00,1028.9,1044.8,1025.5,1041.9,11093.0
2026-07-09 09:20:00,1043.0,1043.8,1039.8,1041.1,2766.0
2026-07-09 09:25:00,1041.0,1043.2,1038.1,1043.2,1338.0
2026-07-09 09:30:00,1043.5,1043.9,1037.1,1038.7,2882.0
2026-07-09 09:35:00,1037.7,1042.9,1037.7,1039.0,2040.0
2026-07-09 09:40:00,1040.2,1043.0,1039.0,1042.4,6167.0
2026-07-09 09:45:00,1042.7,1044.7,1042.1,1043.5,1192.0
2026-07-09 09:50:00,1043.3,1043.3,1038.9,1040.6,2900.0
2026-07-09 09:55:00,1039.9,1042.7,1039.4,1041.1,1327.0
2026-07-09 10:00:00,1040.7,1043.1,1040.2,1042.3,1086.0
2026-07-09 10:05:00,1042.9,1045.0,1042.0,1044.9,1444.0
2026-07-09 10:10:00,1044.2,1045.5,1043.6,1044.1,1338.0
2026-07-09 10:15:00,1044.8,1044.8,1041.3,1044.3,4316.0
2026-07-09 10:20:00,1044.5,1046.8,1043.0,1046.0,1882.0
2026-07-09 10:25:00,1046.5,1046.7,1041.0,1045.0,1975.0
2026-07-09 10:30:00,1044.1,1046.1,1044.0,1045.0,1378.0
2026-07-09 10:35:00,1044.3,1047.9,1042.0,1046.9,4549.0
2026-07-09 10:40:00,1046.9,1052.3,1045.2,1047.8,8105.0
2026-07-09 10:45:00,1049.4,1051.9,1048.9,1050.5,2756.0
2026-07-09 10:50:00,1049.7,1050.7,1046.7,1048.0,1518.0
2026-07-09 10:55:00,1047.4,1048.0,1046.9,1047.6,1131.0
2026-07-09 11:00:00,1047.6,1047.7,1046.7,1047.7,521.0
2026-07-09 11:05:00,1047.7,1047.8,1045.7,1046.4,808.0
2026-07-09 11:10:00,1045.2,1046.9,1041.7,1043.3,4261.0
2026-07-09 11:15:00,1043.5,1049.9,1043.1,1049.7,2566.0
2026-07-09 11:20:00,1049.7,1050.3,1048.0,1049.1,1509.0
2026-07-09 11:25:00,1049.1,1050.4,1048.0,1048.4,1737.0
2026-07-09 11:30:00,1048.6,1049.0,1046.5,1047.1,549.0
2026-07-09 11:35:00,1048.0,1048.5,1047.2,1048.0,557.0
2026-07-09 11:40:00,1047.9,1049.7,1047.6,1047.8,452.0
2026-07-09 11:45:00,1048.5,1048.5,1045.7,1046.4,265.0
2026-07-09 11:50:00,1047.0,1047.1,1042.6,1044.0,3575.0
2026-07-09 11:55:00,1043.8,1044.1,1043.3,1044.0,181.0
2026-07-09 12:00:00,1043.2,1043.8,1042.1,1043.8,973.0
2026-07-09 12:05:00,1043.7,1045.6,1042.8,1044.2,1678.0
2026-07-09 12:10:00,1043.3,1048.8,1043.3,1047.5,3251.0
2026-07-09 12:15:00,1047.4,1047.4,1045.2,1045.5,256.0
2026-07-09 12:20:00,1045.2,1047.4,1045.0,1045.7,963.0
2026-07-09 12:25:00,1045.4,1046.8,1045.0,1045.7,877.0
2026-07-09 12:30:00,1047.2,1047.9,1046.5,1046.5,292.0
2026-07-09 12:35:00,1047.3,1048.5,1045.0,1045.0,1863.0
2026-07-09 12:40:00,1045.0,1045.0,1041.4,1041.7,3110.0
2026-07-09 12:45:00,1041.7,1043.0,1041.7,1042.5,164.0
2026-07-09 12:50:00,1042.5,1043.7,1042.5,1043.0,455.0
2026-07-09 12:55:00,1043.0,1045.6,1043.0,1044.2,683.0
2026-07-09 13:00:00,1044.0,1047.8,1043.7,1045.2,974.0
2026-07-09 13:05:00,1045.9,1045.9,1044.7,1045.2,412.0
2026-07-09 13:10:00,1044.8,1046.3,1044.8,1045.4,2412.0
2026-07-09 13:15:00,1045.6,1047.9,1044.6,1045.0,1243.0
2026-07-09 13:20:00,1045.0,1046.9,1044.8,1045.3,661.0
2026-07-09 13:25:00,1045.3,1047.9,1045.0,1047.0,294.0
2026-07-09 13:30:00,1047.0,1050.0,1046.2,1048.3,699.0
2026-07-09 13:35:00,1048.7,1049.4,1048.2,1048.2,397.0
2026-07-09 13:40:00,1048.2,1048.7,1046.9,1048.0,682.0
2026-07-09 13:45:00,1048.0,1048.0,1046.0,1047.0,411.0
2026-07-09 13:50:00,1046.4,1050.0,1044.8,1050.0,2156.0
2026-07-09 13:55:00,1050.2,1050.2,1047.6,1048.2,380.0
2026-07-09 14:00:00,1048.2,1049.8,1048.0,1049.8,358.0
2026-07-09 14:05:00,1048.6,1050.8,1048.3,1050.6,517.0
2026-07-09 14:10:00,1051.0,1051.2,1049.5,1051.1,1540.0
2026-07-09 14:15:00,1051.1,1054.0,1050.5,1053.8,1723.0
2026-07-09 14:20:00,1054.0,1054.0,1050.1,1050.1,1468.0
2026-07-09 14:25:00,1049.9,1051.5,1049.6,1050.4,323.0
2026-07-09 14:30:00,1050.2,1053.0,1050.0,1051.6,797.0
2026-07-09 14:35:00,1051.5,1051.6,1050.2,1050.7,1644.0
2026-07-09 14:40:00,1050.7,1051.1,1050.0,1050.3,439.0
2026-07-09 14:45:00,1050.3,1050.8,1048.0,1050.1,1430.0
2026-07-09 14:50:00,1049.2,1050.8,1049.0,1050.1,1122.0
2026-07-09 14:55:00,1050.1,1050.5,1049.0,1049.9,901.0
2026-07-09 15:00:00,1050.3,1051.8,1046.5,1047.4,2476.0
2026-07-09 15:05:00,1047.5,1048.0,1045.3,1047.0,2360.0
2026-07-09 15:10:00,1047.2,1047.7,1045.0,1045.9,2823.0
2026-07-09 15:15:00,1045.8,1048.8,1045.8,1045.8,5498.0
2026-07-09 15:20:00,1045.9,1048.0,1043.0,1044.2,12114.0
2026-07-09 15:25:00,1045.0,1049.9,1043.3,1049.9,6736.0
2026-07-10 09:15:00,1055.0,1057.9,1045.1,1051.4,3952.0
2026-07-10 09:20:00,1051.9,1057.4,1050.2,1050.2,9014.0
2026-07-10 09:25:00,1049.3,1053.4,1049.3,1051.9,3463.0
2026-07-10 09:30:00,1051.7,1056.8,1050.7,1055.7,3996.0
2026-07-10 09:35:00,1054.6,1056.8,1051.2,1051.6,1713.0
2026-07-10 09:40:00,1051.5,1055.3,1050.1,1054.8,2484.0
2026-07-10 09:45:00,1055.4,1055.4,1050.1,1053.0,2502.0
2026-07-10 09:50:00,1053.7,1054.0,1051.1,1054.0,3490.0
2026-07-10 09:55:00,1055.0,1056.9,1052.0,1056.8,4454.0
2026-07-10 10:00:00,1055.7,1062.9,1055.7,1060.1,7651.0
2026-07-10 10:05:00,1059.5,1059.5,1057.1,1058.4,1314.0
2026-07-10 10:10:00,1058.8,1058.8,1056.5,1056.6,677.0
2026-07-10 10:15:00,1055.1,1056.5,1055.1,1056.0,1318.0
2026-07-10 10:20:00,1055.9,1056.7,1055.2,1056.4,1830.0
2026-07-10 10:25:00,1056.1,1057.0,1053.1,1053.8,1863.0
2026-07-10 10:30:00,1054.6,1056.3,1053.1,1053.9,729.0
2026-07-10 10:35:00,1053.9,1055.6,1052.1,1052.2,803.0
2026-07-10 10:40:00,1052.3,1053.9,1051.2,1051.4,1429.0
2026-07-10 10:45:00,1052.5,1053.0,1051.1,1052.9,593.0
2026-07-10 10:50:00,1052.1,1053.1,1051.1,1051.1,841.0
2026-07-10 10:55:00,1051.1,1053.9,1051.1,1053.3,645.0
2026-07-10 11:00:00,1053.8,1054.8,1050.2,1051.9,2537.0
2026-07-10 11:05:00,1051.2,1051.9,1050.1,1050.1,706.0
2026-07-10 11:10:00,1050.1,1050.9,1050.0,1050.0,441.0
2026-07-10 11:15:00,1050.6,1051.3,1049.4,1049.4,2783.0
2026-07-10 11:20:00,1050.1,1051.0,1049.3,1050.1,290.0
2026-07-10 11:25:00,1049.2,1051.8,1048.7,1051.6,753.0
2026-07-10 11:30:00,1050.6,1052.8,1050.6,1050.7,883.0
2026-07-10 11:35:00,1051.0,1052.6,1050.5,1051.1,191.0
2026-07-10 11:40:00,1050.0,1050.9,1049.0,1049.0,1138.0
2026-07-10 11:45:00,1050.2,1050.5,1047.0,1049.2,1534.0
2026-07-10 11:50:00,1048.4,1048.8,1047.0,1048.1,940.0
2026-07-10 11:55:00,1048.9,1049.5,1048.0,1048.3,350.0
2026-07-10 12:00:00,1048.1,1053.0,1048.0,1051.7,1945.0
2026-07-10 12:05:00,1050.9,1053.3,1050.0,1052.8,4678.0
2026-07-10 12:10:00,1052.8,1054.0,1052.4,1054.0,613.0
2026-07-10 12:15:00,1055.6,1056.0,1053.7,1054.6,534.0
2026-07-10 12:20:00,1054.6,1054.6,1052.0,1052.8,200.0
2026-07-10 12:25:00,1052.1,1053.4,1050.8,1050.8,505.0
2026-07-10 12:30:00,1051.0,1054.0,1050.7,1053.0,307.0
2026-07-10 12:35:00,1053.1,1055.4,1053.1,1053.6,641.0
2026-07-10 12:40:00,1053.5,1055.5,1052.8,1054.3,1450.0
2026-07-10 12:45:00,1053.6,1054.5,1053.0,1053.0,317.0
2026-07-10 12:50:00,1053.0,1053.7,1052.6,1053.7,994.0
2026-07-10 12:55:00,1053.5,1053.5,1052.0,1052.0,96.0
2026-07-10 13:00:00,1052.0,1053.0,1051.5,1051.6,111.0
2026-07-10 13:05:00,1051.5,1057.8,1051.5,1056.4,5804.0
2026-07-10 13:10:00,1056.4,1057.5,1055.6,1056.3,1189.0
2026-07-10 13:15:00,1056.3,1058.0,1055.1,1056.4,959.0
2026-07-10 13:20:00,1057.3,1057.5,1055.8,1056.8,1021.0
2026-07-10 13:25:00,1056.7,1057.2,1055.1,1055.8,766.0
2026-07-10 13:30:00,1056.4,1059.8,1056.1,1059.8,1452.0
2026-07-10 13:35:00,1059.8,1059.8,1057.2,1058.7,1026.0
2026-07-10 13:40:00,1058.8,1059.6,1057.4,1059.5,454.0
2026-07-10 13:45:00,1059.5,1059.7,1057.6,1058.0,789.0
2026-07-10 13:50:00,1058.0,1059.6,1056.9,1059.6,937.0
2026-07-10 13:55:00,1059.5,1061.9,1058.5,1060.3,2790.0
2026-07-10 14:00:00,1060.3,1061.3,1060.0,1060.0,341.0
2026-07-10 14:05:00,1060.6,1061.0,1059.4,1059.4,1224.0
2026-07-10 14:10:00,1060.0,1061.0,1059.2,1060.3,599.0
2026-07-10 14:15:00,1059.6,1060.8,1059.5,1060.0,824.0
2026-07-10 14:20:00,1060.8,1061.0,1060.0,1060.1,320.0
2026-07-10 14:25:00,1060.8,1062.7,1060.2,1062.7,2629.0
2026-07-10 14:30:00,1063.2,1063.2,1059.3,1060.0,3068.0
2026-07-10 14:35:00,1059.9,1059.9,1054.7,1054.7,4948.0
2026-07-10 14:40:00,1055.1,1055.6,1053.8,1053.8,1755.0
2026-07-10 14:45:00,1054.3,1057.0,1053.3,1056.1,1281.0
2026-07-10 14:50:00,1056.9,1057.0,1055.2,1056.0,914.0
2026-07-10 14:55:00,1056.0,1056.0,1054.3,1055.1,500.0
2026-07-10 15:00:00,1055.1,1055.5,1052.5,1053.0,2221.0
2026-07-10 15:05:00,1052.9,1054.7,1052.0,1054.6,2207.0
2026-07-10 15:10:00,1054.6,1055.5,1053.0,1054.9,3809.0
2026-07-10 15:15:00,1054.9,1056.2,1053.7,1055.0,3935.0
2026-07-10 15:20:00,1054.9,1057.0,1052.5,1053.7,5188.0
2026-07-10 15:25:00,1052.7,1057.6,1052.6,1057.0,4323.0
