timestamp,open,high,low,close,volume
2026-05-12 09:15:00,1580.0,1584.9,1560.5,1572.2,19585.0
2026-05-12 09:20:00,1570.0,1582.9,1567.1,1572.6,9924.0
2026-05-12 09:25:00,1575.0,1575.0,1563.0,1565.9,12534.0
2026-05-12 09:30:00,1565.0,1565.0,1552.0,1553.1,13695.0
2026-05-12 09:35:00,1553.0,1556.8,1548.2,1551.3,9853.0
2026-05-12 09:40:00,1551.7,1564.3,1551.2,1563.3,7145.0
2026-05-12 09:45:00,1564.0,1568.8,1561.1,1565.2,7628.0
2026-05-12 09:50:00,1565.2,1572.5,1565.0,1570.9,10352.0
2026-05-12 09:55:00,1570.9,1571.8,1565.0,1565.2,2557.0
2026-05-12 10:00:00,1565.6,1565.9,1562.8,1563.4,2849.0
2026-05-12 10:05:00,1562.1,1562.9,1555.1,1556.1,5886.0
2026-05-12 10:10:00,1556.4,1568.4,1556.3,1566.4,7487.0
2026-05-12 10:15:00,1565.8,1566.9,1562.8,1566.9,1447.0
2026-05-12 10:20:00,1566.0,1567.5,1561.3,1562.3,532.0
2026-05-12 10:25:00,1562.3,1565.0,1560.0,1562.3,2246.0
2026-05-12 10:30:00,1562.0,1562.7,1556.2,1558.8,5650.0
2026-05-12 10:35:00,1559.8,1560.0,1556.1,1557.3,1518.0
2026-05-12 10:40:00,1556.4,1557.6,1553.0,1554.0,7630.0
2026-05-12 10:45:00,1552.6,1560.2,1551.3,1558.2,6130.0
2026-05-12 10:50:00,1558.2,1561.1,1557.0,1560.0,2544.0
2026-05-12 10:55:00,1560.1,1564.6,1560.1,1562.7,753.0
2026-05-12 11:00:00,1563.9,1567.4,1562.6,1566.1,1486.0
2026-05-12 11:05:00,1566.1,1572.2,1565.7,1571.6,5861.0
2026-05-12 11:10:00,1571.0,1571.6,1568.8,1568.9,1972.0
2026-05-12 11:15:00,1568.9,1571.0,1567.6,1570.1,1163.0
2026-05-12 11:20:00,1569.8,1571.0,1568.0,1568.0,1103.0
2026-05-12 11:25:00,1569.4,1569.4,1562.9,1565.2,5133.0
2026-05-12 11:30:00,1565.2,1566.0,1563.5,1565.5,1172.0
2026-05-12 11:35:00,1565.5,1565.5,1562.7,1564.3,1051.0
2026-05-12 11:40:00,1564.2,1569.5,1563.3,1566.1,2473.0
2026-05-12 11:45:00,1564.0,1566.2,1563.8,1565.0,1412.0
2026-05-12 11:50:00,1566.0,1566.0,1563.3,1565.9,1527.0
2026-05-12 11:55:00,1565.9,1566.3,1564.7,1565.9,2653.0
2026-05-12 12:00:00,1565.9,1566.4,1561.9,1565.4,5603.0
2026-05-12 12:05:00,1566.4,1569.9,1566.4,1569.9,2144.0
2026-05-12 12:10:00,1569.9,1569.9,1567.0,1568.0,1021.0
2026-05-12 12:15:00,1567.2,1575.3,1566.7,1575.3,8482.0
2026-05-12 12:20:00,1574.8,1575.3,1569.4,1571.5,2246.0
2026-05-12 12:25:00,1571.5,1571.5,1569.0,1569.2,847.0
2026-05-12 12:30:00,1570.0,1570.0,1554.2,1555.3,4740.0
2026-05-12 12:35:00,1555.2,1561.4,1554.3,1560.0,5831.0
2026-05-12 12:40:00,1560.5,1562.9,1559.7,1561.0,7717.0
2026-05-12 12:45:00,1559.9,1568.1,1559.9,1565.0,3127.0
2026-05-12 12:50:00,1565.0,1565.7,1563.0,1564.4,1056.0
2026-05-12 12:55:00,1565.1,1570.9,1563.6,1569.1,2112.0
2026-05-12 13:00:00,1568.1,1570.5,1564.0,1564.5,8935.0
2026-05-12 13:05:00,1564.0,1564.1,1560.0,1561.9,12152.0
2026-05-12 13:10:00,1562.8,1563.8,1560.2,1562.9,2368.0
2026-05-12 13:15:00,1562.9,1565.8,1562.5,1563.0,616.0
2026-05-12 13:20:00,1563.4,1568.5,1561.3,1562.6,4639.0
2026-05-12 13:25:00,1562.5,1567.3,1561.0,1563.0,24912.0
2026-05-12 13:30:00,1563.0,1563.8,1555.0,1561.7,13988.0
2026-05-12 13:35:00,1561.7,1561.8,1558.5,1560.4,2289.0
2026-05-12 13:40:00,1560.8,1562.8,1557.0,1559.4,3996.0
2026-05-12 13:45:00,1559.6,1561.2,1552.9,1559.0,16398.0
2026-05-12 13:50:00,1558.0,1559.0,1550.5,1550.8,8328.0
2026-05-12 13:55:00,1551.0,1555.0,1551.0,1552.8,6575.0
2026-05-12 14:00:00,1553.9,1554.5,1550.5,1552.0,4747.0
2026-05-12 14:05:00,1551.7,1551.9,1543.0,1543.7,12949.0
2026-05-12 14:10:00,1543.7,1547.3,1528.4,1534.1,18961.0
2026-05-12 14:15:00,1534.0,1539.6,1533.3,1535.6,6431.0
2026-05-12 14:20:00,1535.0,1541.7,1531.5,1539.4,13354.0
2026-05-12 14:25:00,1538.7,1539.1,1533.0,1535.9,2717.0
2026-05-12 14:30:00,1536.8,1541.4,1528.0,1528.7,18527.0
2026-05-12 14:35:00,1528.7,1529.4,1522.9,1528.6,6785.0
2026-05-12 14:40:00,1528.6,1528.9,1523.9,1525.0,10480.0
2026-05-12 14:45:00,1524.5,1525.4,1516.5,1519.0,15482.0
2026-05-12 14:50:00,1519.0,1521.6,1516.1,1519.6,5503.0
2026-05-12 14:55:00,1518.6,1520.1,1515.6,1517.3,6945.0
2026-05-12 15:00:00,1517.4,1517.4,1501.0,1509.4,44144.0
2026-05-12 15:05:00,1510.2,1511.3,1505.5,1508.1,12432.0
2026-05-12 15:10:00,1509.0,1510.7,1505.0,1510.0,13241.0
2026-05-12 15:15:00,1510.0,1512.8,1507.9,1512.4,10022.0
2026-05-12 15:20:00,1512.2,1515.2,1510.1,1511.7,17466.0
2026-05-12 15:25:00,1511.8,1516.0,1510.7,1513.0,19576.0
2026-05-13 09:15:00,1519.0,1536.9,1505.6,1528.8,28631.0
2026-05-13 09:20:00,1529.9,1533.5,1525.2,1528.4,4484.0
2026-05-13 09:25:00,1530.0,1530.9,1521.5,1522.6,8232.0
2026-05-13 09:30:00,1521.1,1527.1,1512.5,1520.0,12411.0
2026-05-13 09:35:00,1520.0,1520.2,1508.2,1510.4,7444.0
2026-05-13 09:40:00,1510.1,1517.7,1508.5,1517.3,7779.0
2026-05-13 09:45:00,1517.3,1518.6,1508.5,1508.5,3951.0
2026-05-13 09:50:00,1508.2,1516.7,1507.7,1515.5,4386.0
2026-05-13 09:55:00,1516.6,1521.7,1515.8,1518.0,6209.0
2026-05-13 10:00:00,1518.3,1525.0,1516.5,1519.3,2651.0
2026-05-13 10:05:00,1519.6,1527.2,1518.7,1521.8,3524.0
2026-05-13 10:10:00,1520.1,1523.5,1520.0,1522.2,4065.0
2026-05-13 10:15:00,1522.2,1526.4,1520.4,1523.7,2449.0
2026-05-13 10:20:00,1523.7,1524.9,1521.8,1523.8,2079.0
2026-05-13 10:25:00,1524.0,1525.1,1520.0,1520.8,2245.0
2026-05-13 10:30:00,1519.5,1522.4,1517.5,1518.5,3364.0
2026-05-13 10:35:00,1518.2,1523.7,1517.0,1522.5,3458.0
2026-05-13 10:40:00,1522.5,1526.3,1517.7,1520.5,5743.0
2026-05-13 10:45:00,1521.1,1522.1,1517.5,1517.5,1903.0
2026-05-13 10:50:00,1518.5,1519.4,1515.5,1516.9,2108.0
2026-05-13 10:55:00,1512.0,1513.8,1509.7,1509.7,3806.0
2026-05-13 11:00:00,1509.7,1514.1,1508.0,1513.5,3488.0
2026-05-13 11:05:00,1513.1,1513.8,1510.0,1512.4,1832.0
2026-05-13 11:10:00,1512.4,1514.2,1508.0,1514.2,4321.0
2026-05-13 11:15:00,1514.0,1516.5,1512.1,1515.3,1420.0
2026-05-13 11:20:00,1515.8,1515.8,1510.1,1511.2,1528.0
2026-05-13 11:25:00,1511.0,1511.5,1508.5,1509.9,3267.0
2026-05-13 11:30:00,1509.0,1510.5,1508.2,1508.2,1969.0
2026-05-13 11:35:00,1509.0,1510.5,1507.5,1510.5,2416.0
2026-05-13 11:40:00,1510.4,1512.6,1509.9,1511.6,1563.0
2026-05-13 11:45:00,1511.6,1512.7,1510.0,1510.0,3679.0
2026-05-13 11:50:00,1509.1,1511.3,1507.7,1508.9,3221.0
2026-05-13 11:55:00,1509.3,1514.8,1509.2,1511.2,2287.0
2026-05-13 12:00:00,1511.2,1515.8,1511.2,1515.6,1526.0
2026-05-13 12:05:00,1515.0,1515.8,1512.5,1515.1,1282.0
2026-05-13 12:10:00,1514.6,1517.9,1514.3,1517.9,2629.0
2026-05-13 12:15:00,1517.6,1517.6,1512.0,1512.8,3700.0
2026-05-13 12:20:00,1511.0,1512.3,1508.0,1508.9,2274.0
2026-05-13 12:25:00,1508.7,1512.2,1508.1,1510.4,2444.0
2026-05-13 12:30:00,1511.2,1511.9,1508.5,1508.5,1613.0
2026-05-13 12:35:00,1508.6,1510.2,1506.0,1508.0,4109.0
2026-05-13 12:40:00,1508.3,1510.5,1505.7,1509.1,1918.0
2026-05-13 12:45:00,1509.3,1511.3,1507.3,1509.6,626.0
2026-05-13 12:50:00,1510.0,1513.6,1509.3,1511.6,1185.0
2026-05-13 12:55:00,1512.4,1515.0,1511.2,1512.2,1302.0
2026-05-13 13:00:00,1512.0,1512.4,1509.0,1509.0,1541.0
2026-05-13 13:05:00,1508.7,1510.7,1508.1,1510.1,2241.0
2026-05-13 13:10:00,1509.4,1511.8,1508.1,1508.1,1890.0
2026-05-13 13:15:00,1508.1,1508.4,1505.6,1506.5,1843.0
2026-05-13 13:20:00,1506.5,1509.1,1506.1,1509.0,951.0
2026-05-13 13:25:00,1509.0,1509.8,1506.1,1508.7,2863.0
2026-05-13 13:30:00,1509.8,1512.8,1507.9,1511.2,1397.0
2026-05-13 13:35:00,1511.1,1513.5,1510.6,1513.0,2402.0
2026-05-13 13:40:00,1514.1,1516.2,1511.8,1512.1,4058.0
2026-05-13 13:45:00,1512.3,1514.1,1508.5,1508.5,2689.0
2026-05-13 13:50:00,1507.3,1508.9,1507.0,1507.4,1406.0
2026-05-13 13:55:00,1507.8,1508.5,1505.9,1506.8,1312.0
2026-05-13 14:00:00,1506.8,1513.1,1505.6,1513.1,4278.0
2026-05-13 14:05:00,1512.7,1514.7,1508.2,1509.5,2684.0
2026-05-13 14:10:00,1509.8,1513.0,1509.3,1510.9,1358.0
2026-05-13 14:15:00,1511.9,1512.7,1510.8,1511.2,2037.0
2026-05-13 14:20:00,1512.0,1512.0,1508.1,1509.6,5361.0
2026-05-13 14:25:00,1509.8,1511.2,1509.1,1509.7,933.0
2026-05-13 14:30:00,1510.0,1511.6,1509.7,1510.4,1030.0
2026-05-13 14:35:00,1509.8,1511.3,1508.0,1508.0,1874.0
2026-05-13 14:40:00,1508.3,1508.6,1507.0,1508.1,1472.0
2026-05-13 14:45:00,1507.1,1508.0,1505.6,1507.3,2342.0
2026-05-13 14:50:00,1507.3,1509.7,1506.0,1506.5,1169.0
2026-05-13 14:55:00,1507.4,1507.4,1502.5,1503.9,3726.0
2026-05-13 15:00:00,1503.7,1504.8,1493.2,1501.7,13302.0
2026-05-13 15:05:00,1502.1,1503.6,1497.5,1497.5,5220.0
2026-05-13 15:10:00,1497.8,1499.3,1495.5,1497.1,9452.0
2026-05-13 15:15:00,1496.9,1501.6,1495.0,1495.2,15574.0
2026-05-13 15:20:00,1496.4,1498.9,1494.0,1496.9,14287.0
2026-05-13 15:25:00,1497.6,1505.0,1493.0,1504.8,17500.0
2026-05-14 09:15:00,1505.0,1518.5,1504.8,1506.0,10373.0
2026-05-14 09:20:00,1506.2,1512.2,1506.1,1511.1,5302.0
2026-05-14 09:25:00,1511.1,1522.0,1511.0,1521.4,6016.0
2026-05-14 09:30:00,1520.4,1521.9,1512.6,1513.4,7925.0
2026-05-14 09:35:00,1513.7,1518.0,1513.5,1514.5,3088.0
2026-05-14 09:40:00,1514.9,1516.3,1508.2,1508.7,2400.0
2026-05-14 09:45:00,1509.8,1518.0,1508.1,1513.0,2146.0
2026-05-14 09:50:00,1513.0,1513.0,1503.8,1505.0,2597.0
2026-05-14 09:55:00,1503.7,1505.3,1493.9,1497.4,7930.0
2026-05-14 10:00:00,1497.4,1503.5,1493.0,1503.5,3465.0
2026-05-14 10:05:00,1502.9,1506.1,1499.0,1501.9,1580.0
2026-05-14 10:10:00,1501.7,1504.7,1498.5,1504.7,1231.0
2026-05-14 10:15:00,1504.7,1506.4,1502.8,1505.9,1184.0
2026-05-14 10:20:00,1506.0,1506.0,1498.0,1501.4,1510.0
2026-05-14 10:25:00,1501.3,1503.8,1499.1,1503.0,3178.0
2026-05-14 10:30:00,1503.0,1503.8,1501.2,1503.0,1744.0
2026-05-14 10:35:00,1503.0,1503.4,1497.9,1499.8,3559.0
2026-05-14 10:40:00,1499.8,1499.8,1493.5,1493.8,3473.0
2026-05-14 10:45:00,1494.5,1494.6,1480.5,1485.0,11764.0
2026-05-14 10:50:00,1485.9,1496.8,1483.4,1494.5,5646.0
2026-05-14 10:55:00,1494.0,1494.4,1489.3,1489.9,1183.0
2026-05-14 11:00:00,1490.6,1491.7,1486.0,1486.3,2131.0
2026-05-14 11:05:00,1486.3,1486.4,1483.3,1485.3,1161.0
2026-05-14 11:10:00,1484.8,1490.2,1483.3,1490.2,1455.0
2026-05-14 11:15:00,1489.6,1491.0,1485.2,1486.5,1647.0
2026-05-14 11:20:00,1485.6,1492.3,1484.6,1489.0,1959.0
2026-05-14 11:25:00,1489.0,1489.0,1472.0,1477.1,12635.0
2026-05-14 11:30:00,1478.3,1481.0,1475.2,1480.0,6436.0
2026-05-14 11:35:00,1480.0,1480.0,1473.6,1478.4,4240.0
2026-05-14 11:40:00,1478.3,1479.9,1475.9,1478.7,3956.0
2026-05-14 11:45:00,1478.0,1478.7,1476.0,1477.8,2149.0
2026-05-14 11:50:00,1477.8,1487.7,1477.0,1482.9,5627.0
2026-05-14 11:55:00,1484.1,1484.1,1479.8,1481.7,2537.0
2026-05-14 12:00:00,1482.3,1482.3,1479.4,1481.0,1461.0
2026-05-14 12:05:00,1480.5,1484.9,1480.0,1481.2,1429.0
2026-05-14 12:10:00,1480.1,1482.9,1479.0,1482.9,660.0
2026-05-14 12:15:00,1482.8,1489.0,1482.8,1485.0,3205.0
2026-05-14 12:20:00,1485.5,1487.4,1483.1,1484.9,1147.0
2026-05-14 12:25:00,1483.6,1485.9,1482.8,1484.0,1479.0
2026-05-14 12:30:00,1484.1,1484.1,1482.8,1483.1,5666.0
2026-05-14 12:35:00,1484.0,1486.0,1483.1,1483.6,2126.0
2026-05-14 12:40:00,1483.4,1489.0,1483.4,1488.1,1513.0
2026-05-14 12:45:00,1490.1,1491.0,1483.0,1484.6,8689.0
2026-05-14 12:50:00,1484.0,1484.0,1478.2,1481.1,4407.0
2026-05-14 12:55:00,1482.7,1482.9,1478.8,1479.7,806.0
2026-05-14 13:00:00,1480.2,1483.8,1479.8,1481.1,1578.0
2026-05-14 13:05:00,1480.8,1482.6,1476.3,1477.5,3958.0
2026-05-14 13:10:00,1476.0,1476.0,1462.1,1470.8,19857.0
2026-05-14 13:15:00,1470.1,1472.0,1465.2,1467.0,4264.0
2026-05-14 13:20:00,1467.2,1467.9,1465.0,1466.0,4144.0
2026-05-14 13:25:00,1465.8,1473.5,1464.2,1467.7,7311.0
2026-05-14 13:30:00,1468.0,1472.3,1466.8,1469.1,4051.0
2026-05-14 13:35:00,1469.8,1475.8,1468.6,1470.8,2824.0
2026-05-14 13:40:00,1471.0,1473.9,1470.2,1473.5,2969.0
2026-05-14 13:45:00,1473.9,1476.7,1471.6,1472.8,3317.0
2026-05-14 13:50:00,1472.8,1481.3,1472.0,1479.3,7849.0
2026-05-14 13:55:00,1478.9,1479.8,1477.6,1477.7,1614.0
2026-05-14 14:00:00,1477.7,1490.3,1476.9,1488.8,8009.0
2026-05-14 14:05:00,1488.3,1488.6,1484.4,1485.5,3609.0
2026-05-14 14:10:00,1485.5,1485.5,1481.0,1481.9,2206.0
2026-05-14 14:15:00,1482.4,1483.5,1477.8,1479.8,2133.0
2026-05-14 14:20:00,1478.2,1480.3,1477.1,1478.7,2765.0
2026-05-14 14:25:00,1479.7,1480.6,1477.3,1477.4,981.0
2026-05-14 14:30:00,1477.5,1480.6,1477.5,1479.1,1027.0
2026-05-14 14:35:00,1479.1,1479.1,1475.4,1479.0,1816.0
2026-05-14 14:40:00,1479.6,1480.3,1475.1,1478.0,3539.0
2026-05-14 14:45:00,1478.2,1484.1,1478.2,1483.1,4123.0
2026-05-14 14:50:00,1481.8,1484.0,1481.7,1482.5,2340.0
2026-05-14 14:55:00,1481.7,1485.9,1480.0,1482.6,6464.0
2026-05-14 15:00:00,1482.4,1487.0,1480.0,1484.7,19215.0
2026-05-14 15:05:00,1485.2,1486.6,1482.4,1484.0,5533.0
2026-05-14 15:10:00,1484.7,1485.0,1481.2,1484.0,9860.0
2026-05-14 15:15:00,1484.8,1485.5,1480.0,1480.3,16862.0
2026-05-14 15:20:00,1480.4,1490.0,1480.0,1488.8,20692.0
2026-05-14 15:25:00,1488.8,1495.0,1486.1,1486.2,21961.0
2026-05-15 09:15:00,1550.0,1616.1,1550.0,1614.1,763671.0
2026-05-15 09:20:00,1611.0,1620.0,1595.2,1599.0,520760.0
2026-05-15 09:25:00,1596.5,1612.6,1591.3,1612.5,363185.0
2026-05-15 09:30:00,1613.0,1618.6,1588.7,1604.1,487265.0
2026-05-15 09:35:00,1605.1,1609.2,1600.1,1604.1,158972.0
2026-05-15 09:40:00,1604.9,1618.2,1596.4,1615.9,298490.0
2026-05-15 09:45:00,1617.7,1634.0,1616.1,1623.6,563793.0
2026-05-15 09:50:00,1623.7,1642.7,1622.7,1636.3,460477.0
2026-05-15 09:55:00,1637.0,1637.3,1602.5,1612.9,496765.0
2026-05-15 10:00:00,1611.8,1614.3,1602.5,1608.0,214040.0
2026-05-15 10:05:00,1608.8,1616.3,1602.0,1615.3,191710.0
2026-05-15 10:10:00,1615.0,1623.8,1605.0,1605.7,253227.0
2026-05-15 10:15:00,1606.0,1610.7,1602.5,1606.0,118860.0
2026-05-15 10:20:00,1606.4,1610.0,1602.5,1608.6,76560.0
2026-05-15 10:25:00,1607.6,1608.0,1576.0,1584.1,439050.0
2026-05-15 10:30:00,1583.3,1584.0,1573.1,1579.9,201245.0
2026-05-15 10:35:00,1579.9,1584.7,1578.0,1582.0,108326.0
2026-05-15 10:40:00,1581.0,1585.0,1580.0,1583.1,67298.0
2026-05-15 10:45:00,1581.8,1582.9,1572.9,1574.5,103798.0
2026-05-15 10:50:00,1574.7,1582.8,1574.7,1581.6,44755.0
2026-05-15 10:55:00,1581.7,1582.0,1562.3,1568.9,149780.0
2026-05-15 11:00:00,1568.4,1571.7,1563.2,1564.2,77950.0
2026-05-15 11:05:00,1564.7,1569.0,1559.6,1563.0,98291.0
2026-05-15 11:10:00,1562.9,1570.2,1561.4,1565.0,71469.0
2026-05-15 11:15:00,1565.0,1565.0,1553.7,1555.5,138263.0
2026-05-15 11:20:00,1555.8,1558.0,1552.9,1553.7,59773.0
2026-05-15 11:25:00,1554.2,1554.2,1540.0,1549.0,121047.0
2026-05-15 11:30:00,1547.4,1555.0,1541.0,1553.7,109916.0
2026-05-15 11:35:00,1553.8,1554.6,1546.8,1553.5,44300.0
2026-05-15 11:40:00,1553.0,1553.9,1529.9,1531.9,137829.0
2026-05-15 11:45:00,1532.8,1542.8,1532.8,1538.5,86675.0
2026-05-15 11:50:00,1538.5,1538.5,1533.0,1534.0,43611.0
2026-05-15 11:55:00,1533.0,1534.4,1522.0,1527.0,94768.0
2026-05-15 12:00:00,1526.8,1529.4,1520.4,1526.8,69752.0
2026-05-15 12:05:00,1527.4,1534.8,1525.9,1529.9,49914.0
2026-05-15 12:10:00,1529.7,1536.5,1525.0,1535.3,92654.0
2026-05-15 12:15:00,1535.0,1549.6,1532.1,1545.5,147588.0
2026-05-15 12:20:00,1544.0,1545.9,1536.1,1539.9,59736.0
2026-05-15 12:25:00,1539.4,1539.4,1532.3,1532.5,37203.0
2026-05-15 12:30:00,1532.4,1532.9,1513.0,1520.0,148380.0
2026-05-15 12:35:00,1520.0,1521.0,1511.1,1516.2,76092.0
2026-05-15 12:40:00,1515.3,1516.5,1511.0,1512.5,39621.0
2026-05-15 12:45:00,1512.5,1513.8,1506.1,1510.5,70185.0
2026-05-15 12:50:00,1510.5,1514.9,1510.5,1511.8,43611.0
2026-05-15 12:55:00,1511.1,1516.6,1510.0,1512.4,36893.0
2026-05-15 13:00:00,1512.2,1515.3,1507.5,1514.0,32181.0
2026-05-15 13:05:00,1514.0,1514.3,1507.0,1507.8,34349.0
2026-05-15 13:10:00,1507.4,1513.0,1505.6,1511.7,35606.0
2026-05-15 13:15:00,1510.4,1513.0,1508.2,1508.2,26452.0
2026-05-15 13:20:00,1508.2,1509.6,1505.6,1507.0,33351.0
2026-05-15 13:25:00,1507.0,1512.1,1503.7,1508.2,48469.0
2026-05-15 13:30:00,1508.6,1534.7,1508.6,1527.0,181672.0
2026-05-15 13:35:00,1526.9,1527.0,1518.4,1519.7,44715.0
2026-05-15 13:40:00,1519.7,1523.5,1517.2,1519.1,26462.0
2026-05-15 13:45:00,1520.0,1520.0,1512.1,1514.9,35608.0
2026-05-15 13:50:00,1514.4,1518.4,1512.2,1517.6,22749.0
2026-05-15 13:55:00,1518.0,1521.0,1514.5,1517.0,21052.0
2026-05-15 14:00:00,1516.7,1518.6,1512.0,1515.4,15921.0
2026-05-15 14:05:00,1514.1,1515.2,1510.1,1513.0,30329.0
2026-05-15 14:10:00,1512.1,1518.1,1512.1,1516.0,21252.0
2026-05-15 14:15:00,1516.3,1523.5,1515.8,1522.0,22663.0
2026-05-15 14:20:00,1522.9,1530.7,1516.5,1516.5,68707.0
2026-05-15 14:25:00,1518.8,1521.3,1516.0,1517.0,22690.0
2026-05-15 14:30:00,1516.0,1519.0,1513.2,1516.0,31921.0
2026-05-15 14:35:00,1516.3,1524.9,1516.0,1522.2,40416.0
2026-05-15 14:40:00,1522.2,1532.5,1522.2,1531.1,80079.0
2026-05-15 14:45:00,1530.1,1532.7,1524.0,1525.8,69845.0
2026-05-15 14:50:00,1525.8,1526.4,1519.4,1521.5,38214.0
2026-05-15 14:55:00,1521.1,1521.6,1515.7,1517.9,43350.0
2026-05-15 15:00:00,1517.9,1522.3,1515.2,1518.0,39345.0
2026-05-15 15:05:00,1518.0,1519.9,1516.0,1516.2,39330.0
2026-05-15 15:10:00,1517.3,1524.9,1512.8,1523.7,98872.0
2026-05-15 15:15:00,1524.9,1529.0,1520.6,1527.9,146275.0
2026-05-15 15:20:00,1528.5,1555.0,1528.2,1554.0,198539.0
2026-05-15 15:25:00,1554.3,1555.0,1543.6,1550.7,122964.0
2026-05-18 09:15:00,1533.9,1585.7,1533.9,1583.7,130300.0
2026-05-18 09:20:00,1584.6,1616.7,1579.4,1610.9,295850.0
2026-05-18 09:25:00,1609.7,1625.0,1609.0,1620.6,338783.0
2026-05-18 09:30:00,1619.6,1639.0,1619.1,1639.0,485372.0
2026-05-18 09:35:00,1639.0,1649.8,1626.5,1647.0,519479.0
2026-05-18 09:40:00,1648.0,1653.0,1635.0,1641.4,534790.0
2026-05-18 09:45:00,1640.3,1653.0,1639.0,1651.9,272803.0
2026-05-18 09:50:00,1652.0,1667.9,1649.9,1664.0,579915.0
2026-05-18 09:55:00,1665.0,1674.9,1655.0,1672.6,568874.0
2026-05-18 10:00:00,1674.0,1685.0,1671.8,1682.4,526921.0
2026-05-18 10:05:00,1683.5,1690.0,1672.0,1687.5,393276.0
2026-05-18 10:10:00,1688.1,1693.7,1683.1,1688.5,395040.0
2026-05-18 10:15:00,1688.7,1719.5,1685.5,1718.9,946224.0
2026-05-18 10:20:00,1719.0,1720.0,1694.9,1713.4,754070.0
2026-05-18 10:25:00,1713.6,1715.0,1697.8,1702.0,357156.0
2026-05-18 10:30:00,1701.5,1705.0,1689.7,1702.9,484731.0
2026-05-18 10:35:00,1701.2,1718.6,1691.3,1713.8,486040.0
2026-05-18 10:40:00,1713.5,1716.7,1706.5,1711.9,196711.0
2026-05-18 10:45:00,1711.3,1711.9,1700.6,1703.1,192428.0
2026-05-18 10:50:00,1703.4,1703.8,1693.9,1696.7,208707.0
2026-05-18 10:55:00,1696.6,1713.0,1696.5,1709.7,250592.0
2026-05-18 11:00:00,1709.8,1709.9,1702.3,1704.0,136228.0
2026-05-18 11:05:00,1702.4,1702.4,1688.2,1693.5,325874.0
2026-05-18 11:10:00,1693.5,1707.7,1693.0,1700.3,184629.0
2026-05-18 11:15:00,1700.4,1703.0,1695.1,1699.9,94377.0
2026-05-18 11:20:00,1699.9,1699.9,1687.0,1689.0,230402.0
2026-05-18 11:25:00,1688.8,1693.6,1687.5,1690.5,115077.0
2026-05-18 11:30:00,1691.0,1691.0,1679.0,1684.4,242584.0
2026-05-18 11:35:00,1685.0,1687.0,1680.0,1684.4,156468.0
2026-05-18 11:40:00,1683.9,1687.2,1682.0,1687.0,94359.0
2026-05-18 11:45:00,1686.3,1687.8,1683.0,1685.0,94175.0
2026-05-18 11:50:00,1684.1,1687.7,1683.1,1684.2,66207.0
2026-05-18 11:55:00,1683.5,1712.8,1683.0,1711.0,466687.0
2026-05-18 12:00:00,1711.3,1718.0,1700.6,1703.2,390888.0
2026-05-18 12:05:00,1703.1,1704.0,1688.0,1691.0,225751.0
2026-05-18 12:10:00,1690.8,1695.0,1684.6,1692.6,219700.0
2026-05-18 12:15:00,1692.8,1701.0,1692.8,1699.0,120882.0
2026-05-18 12:20:00,1699.5,1701.7,1698.0,1698.7,108678.0
2026-05-18 12:25:00,1698.2,1699.0,1694.0,1695.2,61205.0
2026-05-18 12:30:00,1696.0,1701.0,1694.4,1696.0,73850.0
2026-05-18 12:35:00,1695.6,1696.4,1693.1,1694.9,51951.0
2026-05-18 12:40:00,1694.6,1695.2,1690.0,1690.6,73196.0
2026-05-18 12:45:00,1690.6,1699.0,1690.5,1698.0,91948.0
2026-05-18 12:50:00,1697.6,1701.0,1696.0,1701.0,65413.0
2026-05-18 12:55:00,1701.0,1702.2,1695.0,1696.9,91225.0
2026-05-18 13:00:00,1696.5,1697.6,1692.1,1697.6,70945.0
2026-05-18 13:05:00,1696.9,1702.0,1696.0,1700.0,102253.0
2026-05-18 13:10:00,1700.0,1701.4,1695.6,1697.0,85149.0
2026-05-18 13:15:00,1697.9,1698.6,1692.1,1694.9,74401.0
2026-05-18 13:20:00,1694.1,1698.5,1692.0,1698.4,57151.0
2026-05-18 13:25:00,1698.5,1705.0,1697.4,1699.0,202286.0
2026-05-18 13:30:00,1699.6,1712.0,1699.6,1704.3,269540.0
2026-05-18 13:35:00,1703.5,1705.7,1675.0,1681.9,451953.0
2026-05-18 13:40:00,1683.0,1688.0,1673.0,1686.0,303774.0
2026-05-18 13:45:00,1685.0,1695.5,1685.0,1692.9,185702.0
2026-05-18 13:50:00,1692.5,1704.4,1692.5,1701.0,261732.0
2026-05-18 13:55:00,1701.1,1704.1,1694.3,1696.8,170565.0
2026-05-18 14:00:00,1697.4,1700.0,1694.2,1694.4,82340.0
2026-05-18 14:05:00,1694.8,1699.0,1683.5,1688.4,190759.0
2026-05-18 14:10:00,1687.1,1689.9,1686.9,1688.3,77743.0
2026-05-18 14:15:00,1688.2,1689.0,1685.4,1686.5,69272.0
2026-05-18 14:20:00,1687.2,1699.8,1687.0,1697.2,161523.0
2026-05-18 14:25:00,1696.6,1698.6,1693.1,1695.3,85381.0
2026-05-18 14:30:00,1695.0,1705.0,1693.4,1702.0,198619.0
2026-05-18 14:35:00,1702.0,1702.0,1683.9,1690.0,202164.0
2026-05-18 14:40:00,1689.6,1694.9,1688.3,1693.0,76124.0
2026-05-18 14:45:00,1693.6,1695.8,1690.0,1691.2,78625.0
2026-05-18 14:50:00,1691.1,1695.2,1686.0,1692.5,93043.0
2026-05-18 14:55:00,1692.4,1697.4,1687.6,1695.3,126051.0
2026-05-18 15:00:00,1695.7,1704.0,1692.9,1698.0,247153.0
2026-05-18 15:05:00,1697.8,1700.9,1692.7,1699.0,163957.0
2026-05-18 15:10:00,1697.6,1700.0,1691.9,1695.9,183793.0
2026-05-18 15:15:00,1696.6,1730.0,1694.6,1702.9,637290.0
2026-05-18 15:20:00,1700.5,1701.9,1677.7,1678.6,352844.0
2026-05-18 15:25:00,1678.1,1685.0,1662.1,1682.0,237357.0
2026-05-19 09:15:00,1705.0,1719.0,1676.5,1702.6,324571.0
2026-05-19 09:20:00,1701.6,1738.0,1691.0,1737.7,287919.0
2026-05-19 09:25:00,1736.8,1755.0,1736.8,1747.0,366726.0
2026-05-19 09:30:00,1746.8,1763.7,1742.9,1746.3,297530.0
2026-05-19 09:35:00,1745.4,1755.0,1735.0,1750.7,261709.0
2026-05-19 09:40:00,1751.9,1758.8,1742.1,1742.6,144950.0
2026-05-19 09:45:00,1744.0,1749.0,1742.2,1743.8,84538.0
2026-05-19 09:50:00,1743.0,1745.0,1732.3,1736.4,169032.0
2026-05-19 09:55:00,1735.3,1749.3,1730.4,1747.4,139569.0
2026-05-19 10:00:00,1747.3,1774.9,1745.0,1773.0,350096.0
2026-05-19 10:05:00,1773.5,1791.2,1773.4,1787.9,411373.0
2026-05-19 10:10:00,1787.1,1788.0,1775.1,1777.8,166741.0
2026-05-19 10:15:00,1778.0,1796.7,1777.2,1789.9,288145.0
2026-05-19 10:20:00,1790.9,1797.0,1788.2,1791.0,190705.0
2026-05-19 10:25:00,1790.7,1798.0,1786.5,1789.0,205182.0
2026-05-19 10:30:00,1788.3,1788.3,1775.2,1777.0,219690.0
2026-05-19 10:35:00,1777.0,1778.9,1770.3,1773.2,161508.0
2026-05-19 10:40:00,1772.0,1772.9,1763.2,1764.0,208814.0
2026-05-19 10:45:00,1763.9,1769.9,1762.1,1766.9,102998.0
2026-05-19 10:50:00,1767.3,1768.9,1753.9,1755.1,164449.0
2026-05-19 10:55:00,1755.1,1761.7,1754.0,1758.8,77654.0
2026-05-19 11:00:00,1759.3,1768.5,1755.0,1757.9,111514.0
2026-05-19 11:05:00,1757.2,1761.1,1755.6,1760.0,47198.0
2026-05-19 11:10:00,1759.1,1760.0,1744.5,1744.7,134513.0
2026-05-19 11:15:00,1744.2,1745.2,1737.2,1745.0,144202.0
2026-05-19 11:20:00,1745.0,1746.7,1735.4,1737.1,77133.0
2026-05-19 11:25:00,1736.9,1741.7,1735.5,1739.6,52356.0
2026-05-19 11:30:00,1739.8,1740.0,1736.2,1738.1,40914.0
2026-05-19 11:35:00,1738.5,1740.0,1732.0,1739.0,71753.0
2026-05-19 11:40:00,1739.0,1743.2,1734.9,1743.0,51859.0
2026-05-19 11:45:00,1742.0,1747.4,1740.6,1741.5,61904.0
2026-05-19 11:50:00,1742.9,1743.4,1735.3,1735.4,33861.0
2026-05-19 11:55:00,1734.7,1735.1,1725.0,1726.0,99004.0
2026-05-19 12:00:00,1726.3,1731.8,1725.1,1728.9,44639.0
2026-05-19 12:05:00,1728.9,1733.3,1727.3,1727.3,36348.0
2026-05-19 12:10:00,1727.6,1731.0,1723.9,1729.0,56408.0
2026-05-19 12:15:00,1729.7,1733.7,1727.1,1729.8,43973.0
2026-05-19 12:20:00,1729.2,1730.8,1727.4,1728.1,18369.0
2026-05-19 12:25:00,1728.1,1728.9,1722.1,1723.2,56154.0
2026-05-19 12:30:00,1722.1,1724.8,1717.2,1721.0,59874.0
2026-05-19 12:35:00,1720.4,1728.0,1719.0,1722.8,65195.0
2026-05-19 12:40:00,1724.2,1731.0,1723.0,1725.5,35985.0
2026-05-19 12:45:00,1725.5,1727.5,1723.4,1724.3,14522.0
2026-05-19 12:50:00,1724.2,1725.6,1721.3,1723.2,18387.0
2026-05-19 12:55:00,1722.5,1727.9,1722.5,1724.9,18992.0
2026-05-19 13:00:00,1724.1,1725.6,1720.0,1720.9,25218.0
2026-05-19 13:05:00,1720.0,1722.8,1718.1,1721.6,33107.0
2026-05-19 13:10:00,1721.5,1723.4,1720.6,1722.7,13993.0
2026-05-19 13:15:00,1723.7,1723.8,1715.7,1717.1,46764.0
2026-05-19 13:20:00,1718.0,1735.0,1717.1,1735.0,91938.0
2026-05-19 13:25:00,1733.8,1734.7,1724.0,1724.1,39838.0
2026-05-19 13:30:00,1724.0,1726.8,1721.1,1723.2,26296.0
2026-05-19 13:35:00,1724.0,1725.3,1718.2,1721.1,33128.0
2026-05-19 13:40:00,1720.1,1722.3,1719.0,1719.3,18862.0
2026-05-19 13:45:00,1719.9,1722.0,1717.9,1721.0,27064.0
2026-05-19 13:50:00,1721.8,1724.4,1718.1,1722.0,22995.0
2026-05-19 13:55:00,1722.7,1723.7,1721.1,1721.9,10049.0
2026-05-19 14:00:00,1722.0,1726.8,1722.0,1726.2,26239.0
2026-05-19 14:05:00,1726.3,1731.7,1724.1,1731.0,35001.0
2026-05-19 14:10:00,1731.0,1731.0,1726.7,1727.9,24374.0
2026-05-19 14:15:00,1727.4,1730.0,1722.2,1723.6,28080.0
2026-05-19 14:20:00,1723.5,1724.9,1722.3,1723.5,12135.0
2026-05-19 14:25:00,1722.6,1724.9,1721.0,1723.5,16897.0
2026-05-19 14:30:00,1723.5,1724.6,1721.7,1721.8,11421.0
2026-05-19 14:35:00,1722.0,1728.7,1718.3,1726.1,55755.0
2026-05-19 14:40:00,1727.1,1735.0,1725.0,1729.0,83490.0
2026-05-19 14:45:00,1728.9,1729.0,1724.0,1728.3,33820.0
2026-05-19 14:50:00,1728.1,1730.0,1725.4,1727.1,22431.0
2026-05-19 14:55:00,1727.1,1727.1,1723.0,1724.1,24029.0
2026-05-19 15:00:00,1724.0,1729.2,1723.5,1727.1,30310.0
2026-05-19 15:05:00,1727.8,1732.4,1727.0,1731.1,51320.0
2026-05-19 15:10:00,1731.1,1732.0,1724.1,1726.5,54643.0
2026-05-19 15:15:00,1726.5,1729.4,1724.2,1725.1,100872.0
2026-05-19 15:20:00,1720.0,1720.0,1703.0,1703.0,164909.0
2026-05-19 15:25:00,1703.0,1708.7,1693.6,1705.0,109367.0
2026-05-20 09:15:00,1698.0,1719.2,1686.0,1710.0,179741.0
2026-05-20 09:20:00,1709.5,1712.0,1685.5,1691.4,97676.0
2026-05-20 09:25:00,1690.1,1703.3,1690.1,1702.0,41285.0
2026-05-20 09:30:00,1701.9,1707.7,1700.2,1701.0,47623.0
2026-05-20 09:35:00,1700.3,1701.5,1690.0,1692.5,35140.0
2026-05-20 09:40:00,1691.4,1696.0,1688.4,1694.0,28030.0
2026-05-20 09:45:00,1693.7,1695.0,1675.3,1678.5,61920.0
2026-05-20 09:50:00,1678.5,1679.8,1670.5,1677.0,40322.0
2026-05-20 09:55:00,1677.0,1678.0,1660.5,1662.1,33974.0
2026-05-20 10:00:00,1662.6,1673.0,1653.7,1668.4,69029.0
2026-05-20 10:05:00,1667.5,1669.9,1664.4,1668.9,18689.0
2026-05-20 10:10:00,1669.4,1679.8,1668.9,1677.5,41126.0
2026-05-20 10:15:00,1677.5,1679.9,1676.1,1676.8,16372.0
2026-05-20 10:20:00,1676.8,1687.0,1676.8,1683.1,29302.0
2026-05-20 10:25:00,1684.0,1687.0,1680.3,1681.2,20012.0
2026-05-20 10:30:00,1681.1,1691.1,1678.9,1684.4,30633.0
2026-05-20 10:35:00,1683.6,1685.0,1680.9,1683.6,10593.0
2026-05-20 10:40:00,1682.6,1685.0,1676.5,1679.4,12456.0
2026-05-20 10:45:00,1679.4,1680.5,1665.5,1666.9,31619.0
2026-05-20 10:50:00,1665.8,1674.1,1663.3,1668.8,29052.0
2026-05-20 10:55:00,1668.5,1669.9,1661.2,1663.9,18288.0
2026-05-20 11:00:00,1664.8,1665.0,1645.0,1648.1,49821.0
2026-05-20 11:05:00,1649.0,1649.9,1645.0,1647.2,30891.0
2026-05-20 11:10:00,1646.0,1650.0,1645.1,1649.0,12359.0
2026-05-20 11:15:00,1648.5,1650.2,1641.0,1644.9,27415.0
2026-05-20 11:20:00,1645.1,1652.6,1645.0,1651.8,23234.0
2026-05-20 11:25:00,1651.5,1652.1,1635.5,1639.0,29819.0
2026-05-20 11:30:00,1639.1,1639.9,1634.1,1638.6,25653.0
2026-05-20 11:35:00,1638.1,1648.7,1637.0,1647.2,20756.0
2026-05-20 11:40:00,1647.4,1653.6,1645.0,1649.8,16923.0
2026-05-20 11:45:00,1649.8,1651.9,1647.5,1649.0,12746.0
2026-05-20 11:50:00,1649.0,1649.0,1645.3,1646.7,11641.0
2026-05-20 11:55:00,1646.6,1650.7,1646.0,1650.3,9719.0
2026-05-20 12:00:00,1650.2,1668.6,1643.8,1666.7,55958.0
2026-05-20 12:05:00,1666.7,1669.0,1664.4,1666.0,32189.0
2026-05-20 12:10:00,1666.6,1668.6,1664.9,1666.3,17126.0
2026-05-20 12:15:00,1666.2,1669.6,1665.0,1668.9,22547.0
2026-05-20 12:20:00,1669.1,1670.4,1666.6,1667.0,22412.0
2026-05-20 12:25:00,1667.2,1670.0,1665.6,1668.6,25455.0
2026-05-20 12:30:00,1668.0,1669.0,1665.2,1667.2,8416.0
2026-05-20 12:35:00,1667.1,1668.8,1665.5,1667.6,13854.0
2026-05-20 12:40:00,1667.7,1669.8,1666.9,1667.5,8949.0
2026-05-20 12:45:00,1667.5,1667.9,1665.1,1665.8,7676.0
2026-05-20 12:50:00,1665.7,1669.5,1665.1,1668.5,16069.0
2026-05-20 12:55:00,1668.7,1670.0,1668.0,1669.5,8646.0
2026-05-20 13:00:00,1669.5,1670.0,1667.7,1668.6,17113.0
2026-05-20 13:05:00,1668.0,1669.1,1665.2,1666.4,9217.0
2026-05-20 13:10:00,1666.2,1668.1,1666.0,1666.1,4164.0
2026-05-20 13:15:00,1667.0,1668.0,1666.0,1666.0,5644.0
2026-05-20 13:20:00,1666.0,1667.2,1665.1,1666.1,6731.0
2026-05-20 13:25:00,1666.1,1668.9,1666.1,1666.5,5903.0
2026-05-20 13:30:00,1666.3,1670.4,1666.3,1669.0,8328.0
2026-05-20 13:35:00,1669.6,1670.2,1667.6,1669.1,7790.0
2026-05-20 13:40:00,1669.0,1670.9,1667.3,1669.9,9959.0
2026-05-20 13:45:00,1669.9,1670.5,1661.1,1662.6,29650.0
2026-05-20 13:50:00,1663.1,1664.5,1657.6,1657.6,11660.0
2026-05-20 13:55:00,1657.4,1661.0,1656.0,1660.1,18590.0
2026-05-20 14:00:00,1661.0,1661.9,1653.0,1653.1,7850.0
2026-05-20 14:05:00,1654.0,1655.0,1643.0,1646.5,30434.0
2026-05-20 14:10:00,1646.5,1649.6,1646.1,1649.4,12966.0
2026-05-20 14:15:00,1649.8,1654.4,1649.8,1653.9,22593.0
2026-05-20 14:20:00,1653.4,1657.6,1651.5,1652.7,15801.0
2026-05-20 14:25:00,1653.5,1657.0,1650.7,1657.0,13269.0
2026-05-20 14:30:00,1656.9,1658.2,1655.4,1656.0,9402.0
2026-05-20 14:35:00,1655.7,1658.0,1655.7,1656.0,6565.0
2026-05-20 14:40:00,1656.0,1657.8,1654.4,1654.7,8704.0
2026-05-20 14:45:00,1654.7,1655.6,1651.6,1654.5,11503.0
2026-05-20 14:50:00,1654.5,1655.6,1647.5,1649.1,16331.0
2026-05-20 14:55:00,1649.9,1653.5,1648.7,1651.1,15062.0
2026-05-20 15:00:00,1653.8,1654.8,1650.3,1654.2,19137.0
2026-05-20 15:05:00,1654.3,1662.7,1654.2,1661.0,39895.0
2026-05-20 15:10:00,1660.4,1667.6,1659.0,1667.0,29665.0
2026-05-20 15:15:00,1666.3,1670.0,1661.5,1665.6,52342.0
2026-05-20 15:20:00,1666.1,1670.8,1663.1,1669.9,63715.0
2026-05-20 15:25:00,1669.8,1672.0,1661.4,1667.5,40660.0
2026-05-21 09:15:00,1672.4,1704.5,1672.4,1679.0,98264.0
2026-05-21 09:20:00,1679.8,1690.5,1677.5,1685.0,31479.0
2026-05-21 09:25:00,1685.0,1699.8,1684.2,1693.2,51903.0
2026-05-21 09:30:00,1693.3,1710.0,1691.3,1704.3,72349.0
2026-05-21 09:35:00,1706.3,1711.1,1694.3,1708.2,43161.0
2026-05-21 09:40:00,1708.1,1722.3,1708.1,1719.0,86735.0
2026-05-21 09:45:00,1718.9,1734.9,1717.4,1732.0,101774.0
2026-05-21 09:50:00,1731.6,1732.9,1721.8,1724.3,53400.0
2026-05-21 09:55:00,1723.5,1745.0,1723.4,1727.8,128583.0
2026-05-21 10:00:00,1728.6,1730.6,1715.0,1721.0,86425.0
2026-05-21 10:05:00,1720.8,1721.6,1712.6,1715.4,36663.0
2026-05-21 10:10:00,1715.0,1715.8,1711.5,1715.0,39672.0
2026-05-21 10:15:00,1715.0,1715.9,1708.0,1712.9,41008.0
2026-05-21 10:20:00,1712.0,1715.7,1708.7,1714.6,25833.0
2026-05-21 10:25:00,1714.2,1715.0,1696.2,1697.4,69611.0
2026-05-21 10:30:00,1697.0,1699.9,1689.3,1691.2,45363.0
2026-05-21 10:35:00,1691.1,1691.9,1684.5,1684.9,34699.0
2026-05-21 10:40:00,1684.9,1687.4,1683.0,1685.4,73668.0
2026-05-21 10:45:00,1685.6,1690.4,1679.2,1679.5,71102.0
2026-05-21 10:50:00,1680.0,1699.0,1679.2,1688.7,44722.0
2026-05-21 10:55:00,1688.7,1690.0,1681.2,1682.0,20596.0
2026-05-21 11:00:00,1682.0,1689.5,1681.0,1685.0,22382.0
2026-05-21 11:05:00,1685.0,1689.3,1682.2,1685.0,65688.0
2026-05-21 11:10:00,1685.0,1712.0,1685.0,1708.5,60964.0
2026-05-21 11:15:00,1708.1,1709.0,1696.0,1697.0,30244.0
2026-05-21 11:20:00,1698.0,1700.0,1695.5,1699.4,19569.0
2026-05-21 11:25:00,1699.6,1700.1,1697.1,1698.0,24191.0
2026-05-21 11:30:00,1697.8,1699.2,1694.8,1696.1,26978.0
2026-05-21 11:35:00,1696.0,1710.8,1695.9,1709.8,34946.0
2026-05-21 11:40:00,1708.4,1714.0,1702.8,1707.7,32189.0
2026-05-21 11:45:00,1707.7,1710.0,1707.1,1708.5,9660.0
2026-05-21 11:50:00,1709.2,1709.9,1697.9,1699.0,29709.0
2026-05-21 11:55:00,1699.1,1700.0,1695.0,1696.4,26038.0
2026-05-21 12:00:00,1695.8,1699.8,1695.0,1697.8,50295.0
2026-05-21 12:05:00,1697.8,1700.0,1695.3,1695.8,27628.0
2026-05-21 12:10:00,1696.0,1699.0,1692.9,1693.1,12974.0
2026-05-21 12:15:00,1694.4,1699.8,1688.5,1699.5,37861.0
2026-05-21 12:20:00,1699.8,1707.0,1699.5,1703.6,19358.0
2026-05-21 12:25:00,1704.0,1707.0,1700.1,1703.3,12076.0
2026-05-21 12:30:00,1703.6,1709.0,1703.3,1708.7,8515.0
2026-05-21 12:35:00,1708.0,1708.7,1703.1,1704.8,16361.0
2026-05-21 12:40:00,1703.7,1708.7,1702.2,1708.2,10609.0
2026-05-21 12:45:00,1708.1,1708.4,1703.7,1706.6,8317.0
2026-05-21 12:50:00,1705.8,1709.0,1705.8,1709.0,11260.0
2026-05-21 12:55:00,1708.8,1714.5,1706.7,1713.2,18836.0
2026-05-21 13:00:00,1713.8,1714.9,1708.9,1713.5,20267.0
2026-05-21 13:05:00,1714.4,1719.8,1712.0,1719.5,22424.0
2026-05-21 13:10:00,1719.3,1720.0,1717.5,1718.2,16829.0
2026-05-21 13:15:00,1717.8,1719.0,1716.7,1717.5,9025.0
2026-05-21 13:20:00,1718.0,1720.0,1718.0,1718.2,12555.0
2026-05-21 13:25:00,1718.2,1724.0,1717.6,1722.3,20980.0
2026-05-21 13:30:00,1722.5,1723.5,1720.1,1723.2,16672.0
2026-05-21 13:35:00,1723.0,1726.3,1723.0,1724.9,13799.0
2026-05-21 13:40:00,1725.0,1726.3,1721.1,1721.2,17119.0
2026-05-21 13:45:00,1721.0,1725.0,1719.6,1721.4,16893.0
2026-05-21 13:50:00,1721.5,1722.8,1718.5,1719.0,13911.0
2026-05-21 13:55:00,1718.4,1718.5,1710.6,1716.1,27233.0
2026-05-21 14:00:00,1716.9,1729.9,1715.8,1727.6,41557.0
2026-05-21 14:05:00,1727.9,1730.0,1726.0,1729.3,12907.0
2026-05-21 14:10:00,1728.9,1729.3,1726.4,1728.5,11645.0
2026-05-21 14:15:00,1728.5,1730.0,1725.2,1728.2,17324.0
2026-05-21 14:20:00,1728.0,1729.5,1719.0,1723.8,34596.0
2026-05-21 14:25:00,1723.8,1726.8,1719.6,1719.9,20257.0
2026-05-21 14:30:00,1720.1,1722.5,1718.9,1720.0,34721.0
2026-05-21 14:35:00,1720.0,1730.0,1719.6,1729.8,46643.0
2026-05-21 14:40:00,1729.8,1729.9,1724.4,1725.1,16380.0
2026-05-21 14:45:00,1725.7,1729.2,1725.0,1726.4,13631.0
2026-05-21 14:50:00,1726.9,1729.9,1726.9,1729.0,17342.0
2026-05-21 14:55:00,1728.6,1730.2,1722.5,1725.2,36727.0
2026-05-21 15:00:00,1725.1,1725.1,1720.6,1723.8,18753.0
2026-05-21 15:05:00,1725.0,1725.0,1712.4,1720.2,43716.0
2026-05-21 15:10:00,1719.8,1723.3,1718.2,1719.6,26580.0
2026-05-21 15:15:00,1720.1,1725.0,1716.3,1720.6,38947.0
2026-05-21 15:20:00,1720.6,1723.2,1716.1,1717.7,42004.0
2026-05-21 15:25:00,1718.0,1721.4,1714.0,1718.5,45528.0
2026-05-22 09:15:00,1720.1,1733.4,1701.3,1702.6,45507.0
2026-05-22 09:20:00,1703.2,1711.8,1699.5,1706.4,32743.0
2026-05-22 09:25:00,1706.0,1708.6,1702.3,1706.0,12135.0
2026-05-22 09:30:00,1706.0,1706.0,1692.0,1694.8,20475.0
2026-05-22 09:35:00,1695.9,1699.0,1692.1,1698.6,15740.0
2026-05-22 09:40:00,1699.9,1702.7,1695.6,1698.0,15661.0
2026-05-22 09:45:00,1697.6,1699.1,1688.0,1688.0,25272.0
2026-05-22 09:50:00,1689.4,1693.0,1687.5,1692.3,14023.0
2026-05-22 09:55:00,1692.2,1692.2,1688.4,1689.4,6551.0
2026-05-22 10:00:00,1689.4,1690.4,1685.3,1687.9,9144.0
2026-05-22 10:05:00,1688.4,1693.5,1686.2,1690.6,12561.0
2026-05-22 10:10:00,1690.3,1691.0,1686.0,1689.4,6588.0
2026-05-22 10:15:00,1688.8,1693.9,1688.4,1690.9,8882.0
2026-05-22 10:20:00,1691.0,1694.0,1685.1,1685.8,11595.0
2026-05-22 10:25:00,1686.0,1687.2,1682.2,1686.0,9318.0
2026-05-22 10:30:00,1686.2,1688.0,1685.0,1687.3,3060.0
2026-05-22 10:35:00,1687.4,1691.4,1686.5,1687.2,7390.0
2026-05-22 10:40:00,1687.2,1688.2,1682.1,1684.7,6835.0
2026-05-22 10:45:00,1685.1,1685.6,1683.1,1684.4,3793.0
2026-05-22 10:50:00,1684.4,1684.9,1680.5,1683.0,11405.0
2026-05-22 10:55:00,1682.1,1684.0,1681.8,1684.0,1340.0
2026-05-22 11:00:00,1684.0,1685.8,1682.6,1684.0,5180.0
2026-05-22 11:05:00,1682.1,1685.3,1680.0,1683.0,10070.0
2026-05-22 11:10:00,1682.3,1685.3,1682.0,1685.3,3280.0
2026-05-22 11:15:00,1685.0,1685.2,1683.7,1684.9,3034.0
2026-05-22 11:20:00,1684.9,1692.9,1684.0,1688.9,24455.0
2026-05-22 11:25:00,1689.5,1694.0,1687.6,1692.8,6578.0
2026-05-22 11:30:00,1692.7,1693.9,1691.8,1692.5,5054.0
2026-05-22 11:35:00,1692.5,1693.0,1684.2,1684.3,6825.0
2026-05-22 11:40:00,1683.3,1683.3,1676.2,1680.4,14067.0
2026-05-22 11:45:00,1679.3,1680.1,1673.1,1675.1,13593.0
2026-05-22 11:50:00,1675.0,1675.4,1670.0,1672.0,14031.0
2026-05-22 11:55:00,1671.2,1673.9,1671.2,1672.3,5447.0
2026-05-22 12:00:00,1673.1,1675.0,1671.2,1672.1,5503.0
2026-05-22 12:05:00,1672.0,1674.5,1671.2,1671.5,8034.0
2026-05-22 12:10:00,1671.9,1674.0,1670.6,1674.0,4080.0
2026-05-22 12:15:00,1673.5,1675.0,1672.3,1673.0,3978.0
2026-05-22 12:20:00,1673.0,1673.2,1667.5,1668.3,12043.0
2026-05-22 12:25:00,1668.3,1668.5,1662.7,1666.3,18734.0
2026-05-22 12:30:00,1666.0,1668.0,1665.6,1667.7,5992.0
2026-05-22 12:35:00,1667.7,1670.0,1665.0,1669.0,6346.0
2026-05-22 12:40:00,1669.8,1674.5,1669.0,1672.0,7315.0
2026-05-22 12:45:00,1672.4,1672.4,1668.8,1670.7,9290.0
2026-05-22 12:50:00,1671.1,1671.1,1669.0,1670.1,4272.0
2026-05-22 12:55:00,1670.0,1670.0,1665.5,1665.5,5393.0
2026-05-22 13:00:00,1665.5,1668.3,1664.2,1668.3,6223.0
2026-05-22 13:05:00,1667.0,1668.1,1666.8,1667.5,3890.0
2026-05-22 13:10:00,1668.0,1671.0,1667.9,1670.2,3720.0
2026-05-22 13:15:00,1670.0,1670.0,1668.1,1669.6,2640.0
2026-05-22 13:20:00,1668.8,1669.3,1666.5,1667.4,4347.0
2026-05-22 13:25:00,1668.0,1669.5,1666.6,1667.1,4159.0
2026-05-22 13:30:00,1667.5,1673.0,1664.6,1668.4,12694.0
2026-05-22 13:35:00,1668.5,1670.5,1668.5,1670.0,3677.0
2026-05-22 13:40:00,1670.2,1670.2,1666.1,1669.1,3114.0
2026-05-22 13:45:00,1669.1,1671.3,1669.1,1669.7,5636.0
2026-05-22 13:50:00,1669.9,1672.4,1668.9,1672.0,7187.0
2026-05-22 13:55:00,1671.9,1671.9,1670.1,1671.8,2486.0
2026-05-22 14:00:00,1672.1,1674.4,1670.6,1671.0,7222.0
2026-05-22 14:05:00,1671.0,1672.5,1670.0,1672.5,1700.0
2026-05-22 14:10:00,1671.9,1674.3,1671.9,1673.1,4952.0
2026-05-22 14:15:00,1673.7,1674.3,1673.1,1673.1,3948.0
2026-05-22 14:20:00,1673.7,1673.9,1671.6,1673.0,4192.0
2026-05-22 14:25:00,1673.1,1673.1,1670.8,1670.8,3150.0
2026-05-22 14:30:00,1670.5,1670.7,1668.1,1670.1,7536.0
2026-05-22 14:35:00,1670.1,1672.0,1670.1,1671.0,5738.0
2026-05-22 14:40:00,1671.0,1671.7,1670.0,1670.9,3020.0
2026-05-22 14:45:00,1670.9,1672.5,1670.0,1672.0,5246.0
2026-05-22 14:50:00,1671.9,1673.0,1670.4,1672.0,5395.0
2026-05-22 14:55:00,1672.5,1674.4,1671.0,1674.4,4216.0
2026-05-22 15:00:00,1674.4,1675.2,1667.5,1667.5,15118.0
2026-05-22 15:05:00,1668.0,1672.0,1667.6,1670.3,15920.0
2026-05-22 15:10:00,1670.3,1670.3,1667.4,1669.0,13003.0
2026-05-22 15:15:00,1669.0,1669.6,1665.0,1666.6,32205.0
2026-05-22 15:20:00,1665.6,1668.0,1657.5,1659.7,30085.0
2026-05-22 15:25:00,1659.7,1663.5,1655.0,1657.2,21845.0
2026-05-25 09:15:00,1685.0,1708.0,1677.5,1687.7,86139.0
2026-05-25 09:20:00,1687.7,1696.0,1683.5,1691.1,27514.0
2026-05-25 09:25:00,1691.1,1696.4,1686.1,1687.5,20134.0
2026-05-25 09:30:00,1687.3,1695.8,1685.7,1691.6,21573.0
2026-05-25 09:35:00,1691.7,1694.0,1685.7,1685.8,16650.0
2026-05-25 09:40:00,1685.7,1690.2,1684.4,1689.8,14619.0
2026-05-25 09:45:00,1689.9,1695.0,1688.5,1690.0,12126.0
2026-05-25 09:50:00,1690.0,1693.4,1688.0,1689.4,8436.0
2026-05-25 09:55:00,1688.3,1693.0,1686.4,1690.5,9972.0
2026-05-25 10:00:00,1690.0,1692.5,1688.6,1691.3,8593.0
2026-05-25 10:05:00,1690.2,1691.2,1684.3,1687.1,10781.0
2026-05-25 10:10:00,1686.6,1691.3,1670.1,1674.2,20814.0
2026-05-25 10:15:00,1675.4,1680.0,1670.9,1672.7,17818.0
2026-05-25 10:20:00,1672.6,1672.7,1662.0,1662.0,27751.0
2026-05-25 10:25:00,1663.3,1664.5,1657.5,1660.6,18659.0
2026-05-25 10:30:00,1660.5,1663.6,1658.5,1658.5,6441.0
2026-05-25 10:35:00,1659.3,1659.6,1639.5,1642.6,33504.0
2026-05-25 10:40:00,1641.5,1648.0,1637.0,1646.7,36423.0
2026-05-25 10:45:00,1645.0,1648.8,1640.3,1645.6,15725.0
2026-05-25 10:50:00,1645.6,1646.7,1643.0,1644.8,4200.0
2026-05-25 10:55:00,1645.4,1647.9,1641.0,1642.2,10867.0
2026-05-25 11:00:00,1642.3,1645.4,1641.2,1641.5,7106.0
2026-05-25 11:05:00,1642.4,1643.7,1640.0,1643.6,8202.0
2026-05-25 11:10:00,1642.3,1643.4,1639.3,1642.4,7657.0
2026-05-25 11:15:00,1643.0,1643.0,1640.2,1642.5,4082.0
2026-05-25 11:20:00,1641.6,1645.0,1641.0,1644.3,5025.0
2026-05-25 11:25:00,1644.7,1645.1,1640.6,1641.4,7995.0
2026-05-25 11:30:00,1641.1,1643.2,1640.2,1640.5,6488.0
2026-05-25 11:35:00,1641.3,1643.9,1641.0,1643.0,2350.0
2026-05-25 11:40:00,1642.2,1642.9,1638.8,1641.4,10404.0
2026-05-25 11:45:00,1640.7,1643.0,1640.0,1641.5,8648.0
2026-05-25 11:50:00,1640.6,1645.0,1640.2,1645.0,3684.0
2026-05-25 11:55:00,1644.1,1648.0,1638.3,1642.8,56006.0
2026-05-25 12:00:00,1642.1,1643.3,1637.5,1642.7,8180.0
2026-05-25 12:05:00,1642.2,1644.9,1642.1,1643.0,3470.0
2026-05-25 12:10:00,1642.5,1643.6,1636.5,1637.6,8415.0
2026-05-25 12:15:00,1637.0,1638.0,1630.6,1634.7,27261.0
2026-05-25 12:20:00,1634.7,1644.4,1634.2,1639.9,19881.0
2026-05-25 12:25:00,1639.9,1640.5,1637.6,1639.0,5203.0
2026-05-25 12:30:00,1639.0,1639.0,1635.9,1637.8,8646.0
2026-05-25 12:35:00,1636.5,1638.9,1636.3,1638.1,6194.0
2026-05-25 12:40:00,1638.1,1638.4,1635.0,1636.9,7069.0
2026-05-25 12:45:00,1636.7,1638.2,1635.0,1637.1,7526.0
2026-05-25 12:50:00,1635.7,1638.4,1635.5,1638.4,4532.0
2026-05-25 12:55:00,1637.8,1638.4,1636.0,1638.3,3298.0
2026-05-25 13:00:00,1637.6,1639.2,1636.0,1637.4,7737.0
2026-05-25 13:05:00,1637.8,1638.4,1636.1,1637.8,2589.0
2026-05-25 13:10:00,1637.8,1638.4,1636.7,1637.6,3169.0
2026-05-25 13:15:00,1636.8,1638.0,1635.2,1637.6,3865.0
2026-05-25 13:20:00,1636.6,1638.0,1636.4,1637.9,3458.0
2026-05-25 13:25:00,1637.8,1638.0,1637.3,1637.4,2251.0
2026-05-25 13:30:00,1637.4,1647.6,1637.4,1640.0,34694.0
2026-05-25 13:35:00,1639.3,1640.0,1637.4,1639.0,6751.0
2026-05-25 13:40:00,1638.6,1640.0,1638.4,1639.0,10267.0
2026-05-25 13:45:00,1638.7,1639.3,1638.7,1639.0,4193.0
2026-05-25 13:50:00,1638.9,1639.0,1635.3,1636.5,10464.0
2026-05-25 13:55:00,1636.4,1636.5,1634.5,1635.0,4652.0
2026-05-25 14:00:00,1635.0,1636.4,1634.5,1635.0,3097.0
2026-05-25 14:05:00,1635.7,1639.0,1635.0,1638.1,4009.0
2026-05-25 14:10:00,1637.4,1638.9,1634.6,1635.2,6563.0
2026-05-25 14:15:00,1634.9,1638.4,1634.3,1636.7,4210.0
2026-05-25 14:20:00,1636.7,1639.6,1636.0,1637.8,5565.0
2026-05-25 14:25:00,1637.3,1638.9,1637.3,1638.5,8544.0
2026-05-25 14:30:00,1638.4,1639.0,1637.6,1638.8,2463.0
2026-05-25 14:35:00,1638.8,1647.5,1638.4,1645.6,15792.0
2026-05-25 14:40:00,1645.6,1645.9,1643.2,1643.8,6138.0
2026-05-25 14:45:00,1644.2,1646.5,1643.7,1644.8,6439.0
2026-05-25 14:50:00,1645.0,1652.0,1645.0,1649.1,12117.0
2026-05-25 14:55:00,1648.2,1650.3,1646.5,1649.3,8226.0
2026-05-25 15:00:00,1649.0,1651.6,1648.0,1650.5,11692.0
2026-05-25 15:05:00,1649.9,1653.9,1649.7,1652.2,9684.0
2026-05-25 15:10:00,1653.0,1654.0,1645.2,1647.6,14090.0
2026-05-25 15:15:00,1647.6,1652.1,1645.8,1646.8,33096.0
2026-05-25 15:20:00,1646.9,1648.4,1645.0,1648.2,17548.0
2026-05-25 15:25:00,1648.1,1648.6,1640.1,1647.2,19524.0
2026-05-26 09:15:00,1650.1,1679.9,1643.3,1678.8,41475.0
2026-05-26 09:20:00,1677.8,1695.0,1677.5,1687.8,46475.0
2026-05-26 09:25:00,1687.3,1693.1,1685.6,1691.5,30722.0
2026-05-26 09:30:00,1690.9,1692.1,1684.0,1685.0,23151.0
2026-05-26 09:35:00,1684.3,1688.0,1680.5,1681.9,14474.0
2026-05-26 09:40:00,1681.9,1685.0,1681.5,1685.0,8677.0
2026-05-26 09:45:00,1684.2,1685.1,1681.5,1683.2,3949.0
2026-05-26 09:50:00,1683.2,1684.1,1678.1,1679.8,16146.0
2026-05-26 09:55:00,1679.0,1679.7,1673.2,1677.6,11803.0
2026-05-26 10:00:00,1677.1,1679.0,1674.8,1679.0,5098.0
2026-05-26 10:05:00,1678.7,1679.0,1669.9,1671.0,12030.0
2026-05-26 10:10:00,1672.0,1675.0,1669.7,1670.5,4645.0
2026-05-26 10:15:00,1669.9,1675.6,1669.5,1673.7,4671.0
2026-05-26 10:20:00,1671.9,1676.0,1670.1,1671.0,5848.0
2026-05-26 10:25:00,1670.2,1671.0,1667.5,1669.0,5421.0
2026-05-26 10:30:00,1669.0,1669.0,1666.5,1668.5,9418.0
2026-05-26 10:35:00,1668.5,1668.5,1666.9,1668.2,1187.0
2026-05-26 10:40:00,1668.2,1670.2,1667.5,1669.9,1758.0
2026-05-26 10:45:00,1669.9,1673.2,1669.2,1671.4,17607.0
2026-05-26 10:50:00,1671.4,1675.9,1670.1,1671.0,12466.0
2026-05-26 10:55:00,1671.0,1671.2,1670.1,1671.0,1766.0
2026-05-26 11:00:00,1670.6,1671.0,1666.9,1669.0,6429.0
2026-05-26 11:05:00,1669.0,1671.0,1667.7,1669.1,2971.0
2026-05-26 11:10:00,1669.4,1671.5,1669.4,1670.8,3433.0
2026-05-26 11:15:00,1670.8,1672.2,1670.7,1671.3,31305.0
2026-05-26 11:20:00,1670.8,1671.3,1668.5,1669.6,4975.0
2026-05-26 11:25:00,1670.0,1670.7,1669.1,1669.6,3746.0
2026-05-26 11:30:00,1669.6,1671.4,1669.2,1671.0,7365.0
2026-05-26 11:35:00,1670.8,1671.4,1670.0,1671.0,4369.0
2026-05-26 11:40:00,1670.7,1671.0,1669.3,1670.9,3236.0
2026-05-26 11:45:00,1671.0,1671.0,1669.4,1669.8,3349.0
2026-05-26 11:50:00,1669.8,1670.1,1660.6,1661.6,10534.0
2026-05-26 11:55:00,1661.0,1661.9,1659.5,1660.9,4923.0
2026-05-26 12:00:00,1661.0,1664.0,1660.3,1661.2,6950.0
2026-05-26 12:05:00,1661.9,1663.6,1659.3,1662.5,2999.0
2026-05-26 12:10:00,1662.4,1662.4,1660.3,1660.9,1117.0
2026-05-26 12:15:00,1660.3,1663.9,1660.2,1662.4,3986.0
2026-05-26 12:20:00,1662.0,1665.7,1662.0,1664.7,2803.0
2026-05-26 12:25:00,1664.3,1665.1,1661.8,1662.7,3662.0
2026-05-26 12:30:00,1662.7,1662.8,1660.8,1660.8,1752.0
2026-05-26 12:35:00,1660.9,1665.8,1660.2,1665.3,3657.0
2026-05-26 12:40:00,1664.9,1665.2,1663.2,1664.1,1713.0
2026-05-26 12:45:00,1664.1,1666.7,1660.5,1661.8,7969.0
2026-05-26 12:50:00,1661.8,1663.1,1660.0,1662.6,1753.0
2026-05-26 12:55:00,1662.6,1662.8,1659.7,1660.6,3438.0
2026-05-26 13:00:00,1661.3,1661.3,1650.4,1652.7,17549.0
2026-05-26 13:05:00,1652.2,1652.6,1650.0,1650.0,6090.0
2026-05-26 13:10:00,1650.7,1652.6,1650.0,1650.9,6155.0
2026-05-26 13:15:00,1651.5,1652.5,1647.9,1650.0,5315.0
2026-05-26 13:20:00,1650.0,1650.6,1648.6,1648.8,4132.0
2026-05-26 13:25:00,1648.8,1649.9,1648.0,1649.8,2111.0
2026-05-26 13:30:00,1649.8,1650.0,1649.0,1649.3,1616.0
2026-05-26 13:35:00,1649.9,1649.9,1646.5,1648.1,2752.0
2026-05-26 13:40:00,1648.5,1648.5,1647.1,1647.1,1267.0
2026-05-26 13:45:00,1647.8,1648.6,1646.9,1647.0,5529.0
2026-05-26 13:50:00,1647.4,1648.9,1647.2,1648.0,1756.0
2026-05-26 13:55:00,1648.9,1654.2,1648.0,1653.1,22498.0
2026-05-26 14:00:00,1653.1,1654.9,1652.7,1653.2,2537.0
2026-05-26 14:05:00,1653.1,1655.0,1653.0,1654.8,2503.0
2026-05-26 14:10:00,1654.9,1654.9,1653.0,1654.8,2059.0
2026-05-26 14:15:00,1655.1,1656.0,1653.9,1654.9,1972.0
2026-05-26 14:20:00,1655.1,1655.1,1648.4,1649.7,8320.0
2026-05-26 14:25:00,1649.9,1649.9,1648.1,1649.6,3052.0
2026-05-26 14:30:00,1649.6,1649.7,1648.5,1649.0,1435.0
2026-05-26 14:35:00,1648.9,1648.9,1645.9,1646.4,2457.0
2026-05-26 14:40:00,1646.5,1646.6,1643.5,1643.5,5439.0
2026-05-26 14:45:00,1644.1,1644.9,1638.8,1643.4,15442.0
2026-05-26 14:50:00,1643.4,1644.1,1640.4,1641.3,3617.0
2026-05-26 14:55:00,1641.0,1644.2,1641.0,1643.5,4756.0
2026-05-26 15:00:00,1642.5,1649.8,1642.4,1648.6,20374.0
2026-05-26 15:05:00,1648.6,1652.7,1644.0,1652.3,12108.0
2026-05-26 15:10:00,1652.4,1652.8,1651.4,1652.3,14516.0
2026-05-26 15:15:00,1652.3,1653.0,1649.0,1652.4,23169.0
2026-05-26 15:20:00,1652.0,1654.6,1651.5,1652.7,12440.0
2026-05-26 15:25:00,1652.7,1654.9,1644.0,1644.0,17264.0
2026-05-27 09:15:00,1650.0,1650.0,1627.5,1631.8,25982.0
2026-05-27 09:20:00,1631.8,1638.5,1631.0,1638.3,12485.0
2026-05-27 09:25:00,1636.4,1636.4,1625.7,1631.6,14256.0
2026-05-27 09:30:00,1631.6,1636.0,1630.0,1635.2,13413.0
2026-05-27 09:35:00,1635.2,1638.4,1632.2,1633.0,8305.0
2026-05-27 09:40:00,1633.0,1633.1,1622.2,1623.1,21936.0
2026-05-27 09:45:00,1623.7,1624.9,1610.3,1614.9,30048.0
2026-05-27 09:50:00,1614.9,1615.6,1607.6,1609.7,15441.0
2026-05-27 09:55:00,1608.2,1613.6,1608.2,1611.0,23009.0
2026-05-27 10:00:00,1612.0,1615.3,1611.1,1613.0,38506.0
2026-05-27 10:05:00,1613.8,1613.8,1605.0,1607.0,17608.0
2026-05-27 10:10:00,1607.1,1612.5,1604.4,1606.0,12549.0
2026-05-27 10:15:00,1606.0,1610.6,1605.0,1606.0,5704.0
2026-05-27 10:20:00,1607.1,1607.6,1598.3,1601.0,16038.0
2026-05-27 10:25:00,1601.0,1601.9,1596.0,1598.0,10147.0
2026-05-27 10:30:00,1598.0,1598.8,1592.6,1594.0,15704.0
2026-05-27 10:35:00,1594.0,1594.0,1578.0,1580.0,38813.0
2026-05-27 10:40:00,1579.9,1579.9,1575.2,1578.0,22554.0
2026-05-27 10:45:00,1577.1,1577.7,1568.9,1569.7,26575.0
2026-05-27 10:50:00,1569.6,1572.4,1566.4,1569.6,22360.0
2026-05-27 10:55:00,1569.9,1569.9,1565.0,1567.9,21141.0
2026-05-27 11:00:00,1568.0,1577.1,1565.5,1573.8,24486.0
2026-05-27 11:05:00,1573.8,1573.8,1566.7,1568.0,13435.0
2026-05-27 11:10:00,1567.6,1568.0,1560.1,1565.7,18664.0
2026-05-27 11:15:00,1565.7,1567.4,1557.9,1561.1,20762.0
2026-05-27 11:20:00,1560.1,1563.9,1560.0,1563.8,11442.0
2026-05-27 11:25:00,1563.7,1568.0,1562.5,1565.1,37385.0
2026-05-27 11:30:00,1567.2,1568.0,1565.4,1568.0,14083.0
2026-05-27 11:35:00,1567.2,1568.0,1560.5,1565.3,22144.0
2026-05-27 11:40:00,1565.3,1568.0,1564.3,1566.0,11475.0
2026-05-27 11:45:00,1566.0,1568.9,1565.0,1566.0,9962.0
2026-05-27 11:50:00,1566.8,1566.8,1562.0,1564.0,5794.0
2026-05-27 11:55:00,1564.0,1564.0,1560.0,1561.1,8917.0
2026-05-27 12:00:00,1561.1,1566.0,1561.1,1564.6,23046.0
2026-05-27 12:05:00,1564.6,1565.0,1562.8,1565.0,2292.0
2026-05-27 12:10:00,1565.4,1567.4,1548.7,1553.7,101400.0
2026-05-27 12:15:00,1553.7,1561.8,1553.7,1556.7,11931.0
2026-05-27 12:20:00,1557.0,1564.9,1556.0,1562.0,15445.0
2026-05-27 12:25:00,1561.1,1561.7,1547.3,1548.5,49872.0
2026-05-27 12:30:00,1548.5,1550.3,1543.3,1545.2,64280.0
2026-05-27 12:35:00,1544.9,1549.1,1544.0,1547.6,30190.0
2026-05-27 12:40:00,1547.6,1548.6,1540.0,1541.5,25900.0
2026-05-27 12:45:00,1542.3,1552.3,1539.7,1548.0,55086.0
2026-05-27 12:50:00,1548.0,1551.9,1546.1,1549.6,13084.0
2026-05-27 12:55:00,1549.6,1552.9,1548.8,1552.0,8590.0
2026-05-27 13:00:00,1552.0,1553.0,1551.0,1552.0,5645.0
2026-05-27 13:05:00,1552.0,1552.2,1550.0,1551.9,6090.0
2026-05-27 13:10:00,1551.5,1552.0,1550.5,1551.1,3929.0
2026-05-27 13:15:00,1551.9,1552.0,1550.0,1552.0,6162.0
2026-05-27 13:20:00,1551.8,1554.0,1548.9,1550.0,9367.0
2026-05-27 13:25:00,1550.0,1550.0,1543.8,1546.4,21531.0
2026-05-27 13:30:00,1546.4,1547.5,1544.0,1544.1,7675.0
2026-05-27 13:35:00,1545.1,1545.1,1541.2,1542.9,11466.0
2026-05-27 13:40:00,1542.4,1542.9,1531.3,1536.0,69499.0
2026-05-27 13:45:00,1536.8,1538.7,1528.7,1531.8,86741.0
2026-05-27 13:50:00,1533.0,1541.8,1532.4,1540.7,10716.0
2026-05-27 13:55:00,1540.8,1543.0,1539.9,1540.9,9331.0
2026-05-27 14:00:00,1540.1,1543.8,1539.5,1541.0,8673.0
2026-05-27 14:05:00,1540.4,1541.0,1535.0,1537.0,9174.0
2026-05-27 14:10:00,1536.8,1537.9,1535.0,1536.0,5122.0
2026-05-27 14:15:00,1536.8,1536.8,1532.4,1535.1,9731.0
2026-05-27 14:20:00,1535.0,1537.0,1531.1,1531.1,11762.0
2026-05-27 14:25:00,1531.5,1533.1,1531.0,1531.7,11402.0
2026-05-27 14:30:00,1532.3,1533.1,1520.3,1523.0,41641.0
2026-05-27 14:35:00,1523.5,1524.4,1516.0,1517.3,34879.0
2026-05-27 14:40:00,1517.7,1519.0,1516.9,1517.0,19531.0
2026-05-27 14:45:00,1517.0,1518.3,1510.1,1513.0,36220.0
2026-05-27 14:50:00,1511.2,1513.5,1505.9,1510.0,46059.0
2026-05-27 14:55:00,1510.0,1511.1,1506.0,1506.1,30822.0
2026-05-27 15:00:00,1506.5,1512.6,1502.0,1511.0,67447.0
2026-05-27 15:05:00,1510.7,1512.1,1503.4,1509.2,60046.0
2026-05-27 15:10:00,1510.0,1510.9,1506.2,1510.0,22703.0
2026-05-27 15:15:00,1509.8,1514.7,1508.8,1512.5,68523.0
2026-05-27 15:20:00,1512.0,1518.0,1512.0,1514.9,50769.0
2026-05-27 15:25:00,1515.0,1520.9,1514.8,1520.0,46816.0
2026-05-29 09:15:00,1522.0,1526.3,1461.0,1479.3,161868.0
2026-05-29 09:20:00,1482.3,1483.8,1462.3,1463.7,62972.0
2026-05-29 09:25:00,1464.1,1466.9,1453.1,1453.8,91745.0
2026-05-29 09:30:00,1454.4,1460.5,1450.9,1454.4,66275.0
2026-05-29 09:35:00,1454.9,1461.5,1450.5,1451.9,57387.0
2026-05-29 09:40:00,1451.4,1458.0,1450.0,1453.1,24530.0
2026-05-29 09:45:00,1452.8,1454.5,1433.0,1437.8,95838.0
2026-05-29 09:50:00,1437.8,1440.5,1432.1,1432.9,48644.0
2026-05-29 09:55:00,1431.2,1433.0,1428.8,1430.8,40748.0
2026-05-29 10:00:00,1430.1,1439.4,1430.1,1437.9,31326.0
2026-05-29 10:05:00,1437.9,1440.3,1436.6,1437.4,31312.0
2026-05-29 10:10:00,1437.6,1440.0,1426.0,1428.8,66138.0
2026-05-29 10:15:00,1428.9,1429.7,1425.7,1427.1,28755.0
2026-05-29 10:20:00,1427.1,1427.7,1424.5,1425.6,28219.0
2026-05-29 10:25:00,1425.4,1426.6,1424.0,1424.9,19132.0
2026-05-29 10:30:00,1424.8,1426.6,1422.0,1425.8,32924.0
2026-05-29 10:35:00,1425.4,1429.5,1424.3,1424.9,22689.0
2026-05-29 10:40:00,1425.0,1428.0,1423.0,1426.7,18113.0
2026-05-29 10:45:00,1426.7,1429.9,1426.0,1429.0,24779.0
2026-05-29 10:50:00,1429.0,1430.2,1428.0,1429.4,37019.0
2026-05-29 10:55:00,1428.6,1429.9,1427.1,1429.0,11402.0
2026-05-29 11:00:00,1428.6,1429.6,1427.1,1427.9,8310.0
2026-05-29 11:05:00,1427.3,1428.1,1424.1,1424.3,26714.0
2026-05-29 11:10:00,1424.0,1424.9,1423.0,1423.8,11615.0
2026-05-29 11:15:00,1423.7,1430.0,1422.5,1427.9,23019.0
2026-05-29 11:20:00,1428.4,1428.9,1422.8,1425.0,19212.0
2026-05-29 11:25:00,1424.9,1425.0,1423.1,1424.1,11342.0
2026-05-29 11:30:00,1424.1,1425.0,1424.0,1424.1,7045.0
2026-05-29 11:35:00,1424.1,1424.5,1419.7,1422.2,33909.0
2026-05-29 11:40:00,1421.6,1423.5,1421.0,1421.9,12348.0
2026-05-29 11:45:00,1421.6,1422.0,1420.0,1420.8,18552.0
2026-05-29 11:50:00,1420.1,1421.6,1419.9,1420.7,12816.0
2026-05-29 11:55:00,1420.2,1420.6,1412.3,1417.6,104508.0
2026-05-29 12:00:00,1417.7,1422.9,1416.7,1421.5,77672.0
2026-05-29 12:05:00,1421.0,1425.0,1421.0,1424.0,17572.0
2026-05-29 12:10:00,1424.7,1425.0,1418.8,1419.2,21126.0
2026-05-29 12:15:00,1418.7,1422.3,1417.6,1421.4,26002.0
2026-05-29 12:20:00,1421.4,1423.2,1420.0,1422.2,10213.0
2026-05-29 12:25:00,1421.8,1422.7,1420.5,1421.6,6481.0
2026-05-29 12:30:00,1421.6,1423.1,1420.0,1420.5,17880.0
2026-05-29 12:35:00,1420.2,1421.4,1420.0,1420.7,8894.0
2026-05-29 12:40:00,1420.4,1421.8,1420.0,1421.8,6317.0
2026-05-29 12:45:00,1421.7,1422.0,1415.0,1415.7,16067.0
2026-05-29 12:50:00,1415.6,1415.6,1412.5,1414.7,20270.0
2026-05-29 12:55:00,1414.3,1415.4,1414.0,1414.6,6513.0
2026-05-29 13:00:00,1415.3,1415.3,1410.5,1411.6,25589.0
2026-05-29 13:05:00,1411.5,1414.3,1410.1,1412.3,10824.0
2026-05-29 13:10:00,1412.0,1415.8,1411.8,1412.8,13639.0
2026-05-29 13:15:00,1412.6,1414.7,1411.0,1413.3,9375.0
2026-05-29 13:20:00,1413.4,1414.0,1410.2,1410.3,8841.0
2026-05-29 13:25:00,1410.2,1412.8,1410.0,1412.1,17607.0
2026-05-29 13:30:00,1412.4,1417.9,1412.4,1416.0,16347.0
2026-05-29 13:35:00,1416.0,1416.6,1412.9,1415.5,11936.0
2026-05-29 13:40:00,1415.5,1417.5,1415.0,1416.5,10580.0
2026-05-29 13:45:00,1416.9,1417.0,1415.8,1416.0,5395.0
2026-05-29 13:50:00,1416.2,1419.9,1415.5,1418.4,19468.0
2026-05-29 13:55:00,1418.3,1419.0,1416.6,1418.7,7912.0
2026-05-29 14:00:00,1418.7,1418.7,1414.4,1416.3,12150.0
2026-05-29 14:05:00,1416.7,1416.7,1414.1,1414.7,14590.0
2026-05-29 14:10:00,1414.7,1416.1,1413.0,1416.1,13740.0
2026-05-29 14:15:00,1416.1,1418.6,1415.9,1418.5,10467.0
2026-05-29 14:20:00,1418.1,1419.6,1417.6,1419.1,6281.0
2026-05-29 14:25:00,1419.1,1419.8,1415.4,1416.9,18823.0
2026-05-29 14:30:00,1417.0,1424.9,1417.0,1422.6,21945.0
2026-05-29 14:35:00,1422.6,1424.6,1420.7,1421.5,13104.0
2026-05-29 14:40:00,1421.8,1424.1,1421.0,1422.2,17324.0
2026-05-29 14:45:00,1422.0,1423.7,1422.0,1423.7,7185.0
2026-05-29 14:50:00,1423.6,1423.8,1420.5,1422.4,11223.0
2026-05-29 14:55:00,1423.5,1424.4,1419.0,1420.1,18634.0
2026-05-29 15:00:00,1420.1,1425.0,1420.1,1424.9,142081.0
2026-05-29 15:05:00,1424.6,1425.0,1412.5,1413.9,93648.0
2026-05-29 15:10:00,1413.9,1416.4,1410.9,1413.8,81586.0
2026-05-29 15:15:00,1413.6,1418.0,1410.0,1417.7,101122.0
2026-05-29 15:20:00,1418.0,1420.5,1417.8,1420.4,80848.0
2026-05-29 15:25:00,1420.4,1425.0,1412.8,1425.0,89741.0
2026-06-01 09:15:00,1418.9,1444.0,1415.0,1435.7,79216.0
2026-06-01 09:20:00,1437.7,1464.0,1436.9,1456.7,126157.0
2026-06-01 09:25:00,1457.4,1458.6,1443.1,1443.3,69284.0
2026-06-01 09:30:00,1442.5,1443.9,1431.1,1431.1,46175.0
2026-06-01 09:35:00,1431.6,1437.1,1423.9,1437.1,61920.0
2026-06-01 09:40:00,1438.0,1456.4,1437.3,1455.0,52802.0
2026-06-01 09:45:00,1457.0,1461.0,1451.0,1452.3,58898.0
2026-06-01 09:50:00,1451.4,1457.8,1449.8,1455.8,27606.0
2026-06-01 09:55:00,1454.6,1456.4,1446.8,1448.8,28300.0
2026-06-01 10:00:00,1448.0,1449.2,1435.1,1436.1,24656.0
2026-06-01 10:05:00,1436.0,1444.1,1434.3,1442.3,15990.0
2026-06-01 10:10:00,1442.6,1442.6,1438.0,1438.9,14072.0
2026-06-01 10:15:00,1439.5,1442.2,1437.0,1438.2,12401.0
2026-06-01 10:20:00,1437.1,1439.0,1435.2,1437.9,10287.0
2026-06-01 10:25:00,1437.4,1441.7,1436.9,1438.7,10741.0
2026-06-01 10:30:00,1438.6,1452.3,1438.6,1448.2,17639.0
2026-06-01 10:35:00,1448.2,1458.7,1448.2,1454.7,25819.0
2026-06-01 10:40:00,1454.0,1462.9,1453.0,1461.1,36576.0
2026-06-01 10:45:00,1460.6,1464.9,1457.1,1463.7,26452.0
2026-06-01 10:50:00,1463.7,1477.9,1461.6,1476.6,44341.0
2026-06-01 10:55:00,1476.7,1483.5,1474.1,1477.8,81329.0
2026-06-01 11:00:00,1477.8,1478.0,1475.0,1477.2,20032.0
2026-06-01 11:05:00,1476.6,1478.7,1475.0,1475.1,10893.0
2026-06-01 11:10:00,1476.3,1481.1,1475.4,1479.5,30291.0
2026-06-01 11:15:00,1479.8,1480.0,1476.0,1477.0,12857.0
2026-06-01 11:20:00,1477.4,1477.4,1475.0,1475.1,9478.0
2026-06-01 11:25:00,1475.6,1475.6,1471.0,1471.8,45861.0
2026-06-01 11:30:00,1472.2,1477.7,1471.3,1476.0,12312.0
2026-06-01 11:35:00,1476.0,1476.0,1473.5,1476.0,6145.0
2026-06-01 11:40:00,1475.6,1477.0,1474.3,1474.8,5592.0
2026-06-01 11:45:00,1474.9,1475.5,1471.5,1474.8,6878.0
2026-06-01 11:50:00,1474.6,1479.9,1474.6,1479.9,8661.0
2026-06-01 11:55:00,1479.9,1479.9,1472.5,1474.2,9232.0
2026-06-01 12:00:00,1474.3,1479.0,1472.5,1473.3,8674.0
2026-06-01 12:05:00,1473.3,1477.1,1473.3,1474.1,5077.0
2026-06-01 12:10:00,1473.7,1475.3,1472.1,1474.8,4114.0
2026-06-01 12:15:00,1475.3,1481.9,1473.9,1480.8,14467.0
2026-06-01 12:20:00,1481.0,1487.0,1478.8,1483.0,25808.0
2026-06-01 12:25:00,1483.6,1484.5,1477.1,1478.1,14760.0
2026-06-01 12:30:00,1479.0,1479.0,1475.6,1476.5,7037.0
2026-06-01 12:35:00,1476.5,1479.3,1475.0,1476.9,13328.0
2026-06-01 12:40:00,1476.1,1478.0,1475.8,1476.1,3190.0
2026-06-01 12:45:00,1476.3,1477.2,1472.0,1473.5,8524.0
2026-06-01 12:50:00,1473.5,1478.0,1473.0,1477.1,6134.0
2026-06-01 12:55:00,1477.1,1479.1,1477.1,1478.6,2378.0
2026-06-01 13:00:00,1478.6,1479.4,1468.7,1473.0,22320.0
2026-06-01 13:05:00,1472.7,1474.0,1470.0,1470.0,4490.0
2026-06-01 13:10:00,1470.0,1470.4,1466.0,1468.0,9309.0
2026-06-01 13:15:00,1468.5,1473.1,1468.4,1472.8,6347.0
2026-06-01 13:20:00,1472.8,1475.2,1466.2,1466.9,11894.0
2026-06-01 13:25:00,1467.8,1470.0,1466.9,1469.6,2874.0
2026-06-01 13:30:00,1469.6,1472.0,1468.2,1469.8,7371.0
2026-06-01 13:35:00,1469.1,1471.4,1468.5,1469.7,3916.0
2026-06-01 13:40:00,1469.7,1471.7,1469.7,1470.3,2454.0
2026-06-01 13:45:00,1470.3,1470.4,1467.4,1468.0,3660.0
2026-06-01 13:50:00,1467.7,1468.2,1465.0,1465.8,8708.0
2026-06-01 13:55:00,1465.1,1467.8,1465.1,1466.9,3069.0
2026-06-01 14:00:00,1466.9,1467.6,1464.3,1465.0,4956.0
2026-06-01 14:05:00,1464.3,1467.7,1464.2,1465.3,5253.0
2026-06-01 14:10:00,1465.2,1466.0,1462.2,1463.4,9128.0
2026-06-01 14:15:00,1462.9,1465.6,1461.6,1465.1,5958.0
2026-06-01 14:20:00,1465.1,1465.4,1462.5,1462.5,4979.0
2026-06-01 14:25:00,1462.9,1465.0,1462.9,1463.9,3131.0
2026-06-01 14:30:00,1463.0,1465.2,1461.8,1464.6,6781.0
2026-06-01 14:35:00,1464.6,1467.1,1464.3,1466.1,6995.0
2026-06-01 14:40:00,1466.1,1473.6,1466.1,1471.6,12517.0
2026-06-01 14:45:00,1471.0,1472.8,1470.0,1470.8,5093.0
2026-06-01 14:50:00,1470.8,1470.8,1464.4,1465.3,11768.0
2026-06-01 14:55:00,1465.8,1467.5,1463.0,1464.2,9700.0
2026-06-01 15:00:00,1462.7,1469.2,1462.2,1467.5,33929.0
2026-06-01 15:05:00,1467.5,1468.8,1466.0,1467.2,10524.0
2026-06-01 15:10:00,1466.8,1467.2,1462.3,1464.1,18588.0
2026-06-01 15:15:00,1464.2,1471.1,1463.5,1471.1,34403.0
2026-06-01 15:20:00,1470.2,1473.5,1470.2,1471.0,28934.0
2026-06-01 15:25:00,1470.9,1472.0,1467.3,1472.0,24309.0
2026-06-02 09:15:00,1467.7,1491.1,1466.0,1489.5,73294.0
2026-06-02 09:20:00,1488.7,1504.0,1482.2,1483.5,108649.0
2026-06-02 09:25:00,1483.5,1485.7,1470.3,1473.0,57559.0
2026-06-02 09:30:00,1472.0,1488.0,1472.0,1488.0,30919.0
2026-06-02 09:35:00,1489.4,1500.0,1485.7,1491.9,29296.0
2026-06-02 09:40:00,1491.9,1493.7,1488.3,1493.7,15570.0
2026-06-02 09:45:00,1494.0,1494.5,1490.5,1493.8,15226.0
2026-06-02 09:50:00,1493.8,1495.5,1489.6,1489.6,20047.0
2026-06-02 09:55:00,1490.1,1491.1,1485.8,1488.0,14343.0
2026-06-02 10:00:00,1487.3,1489.5,1470.1,1480.0,40231.0
2026-06-02 10:05:00,1480.0,1482.0,1478.4,1480.9,10041.0
2026-06-02 10:10:00,1481.2,1487.5,1480.7,1485.1,11579.0
2026-06-02 10:15:00,1485.1,1486.9,1482.2,1486.5,6258.0
2026-06-02 10:20:00,1486.0,1489.5,1486.0,1489.5,18895.0
2026-06-02 10:25:00,1489.4,1489.5,1487.7,1488.3,6516.0
2026-06-02 10:30:00,1488.3,1496.5,1487.5,1495.9,22216.0
2026-06-02 10:35:00,1495.9,1500.0,1493.4,1496.4,25152.0
2026-06-02 10:40:00,1496.3,1498.0,1494.3,1494.3,7032.0
2026-06-02 10:45:00,1494.3,1495.0,1492.2,1493.0,7874.0
2026-06-02 10:50:00,1493.7,1494.0,1487.4,1488.4,8089.0
2026-06-02 10:55:00,1487.6,1489.4,1485.0,1487.5,2539.0
2026-06-02 11:00:00,1487.5,1488.5,1486.1,1486.9,6646.0
2026-06-02 11:05:00,1487.0,1488.0,1486.2,1487.8,3845.0
2026-06-02 11:10:00,1487.8,1489.9,1487.2,1487.3,3293.0
2026-06-02 11:15:00,1487.2,1488.0,1486.1,1487.1,1895.0
2026-06-02 11:20:00,1487.2,1489.6,1485.4,1486.4,4520.0
2026-06-02 11:25:00,1486.3,1486.9,1483.0,1484.3,4143.0
2026-06-02 11:30:00,1485.0,1486.5,1483.8,1484.8,1363.0
2026-06-02 11:35:00,1485.0,1485.0,1474.5,1476.2,13143.0
2026-06-02 11:40:00,1476.1,1477.0,1473.1,1474.0,9092.0
2026-06-02 11:45:00,1474.0,1475.4,1472.7,1474.9,4465.0
2026-06-02 11:50:00,1474.4,1475.3,1471.1,1473.1,7344.0
2026-06-02 11:55:00,1474.0,1474.0,1472.0,1472.0,3075.0
2026-06-02 12:00:00,1471.5,1472.7,1467.7,1470.0,16678.0
2026-06-02 12:05:00,1470.0,1472.2,1469.1,1471.9,4630.0
2026-06-02 12:10:00,1471.3,1472.3,1468.9,1471.4,3576.0
2026-06-02 12:15:00,1470.9,1471.7,1468.6,1469.2,6626.0
2026-06-02 12:20:00,1469.2,1472.3,1467.1,1470.0,9944.0
2026-06-02 12:25:00,1469.4,1477.1,1469.4,1477.1,9165.0
2026-06-02 12:30:00,1479.3,1481.0,1477.5,1480.3,11032.0
2026-06-02 12:35:00,1480.3,1482.9,1480.3,1480.5,2573.0
2026-06-02 12:40:00,1480.6,1482.8,1477.2,1482.1,7705.0
2026-06-02 12:45:00,1481.7,1486.8,1481.7,1485.0,7478.0
2026-06-02 12:50:00,1485.2,1486.8,1484.0,1484.5,2868.0
2026-06-02 12:55:00,1485.0,1487.4,1484.7,1487.0,5396.0
2026-06-02 13:00:00,1486.9,1486.9,1482.8,1485.0,2865.0
2026-06-02 13:05:00,1485.4,1488.8,1485.1,1488.5,3195.0
2026-06-02 13:10:00,1489.4,1490.0,1488.2,1488.2,5095.0
2026-06-02 13:15:00,1488.4,1488.8,1485.0,1487.6,5386.0
2026-06-02 13:20:00,1487.8,1487.9,1485.3,1487.9,2426.0
2026-06-02 13:25:00,1488.0,1489.8,1486.6,1489.0,2585.0
2026-06-02 13:30:00,1489.1,1497.3,1489.1,1495.9,15775.0
2026-06-02 13:35:00,1496.2,1496.6,1493.5,1493.6,3516.0
2026-06-02 13:40:00,1493.6,1495.5,1491.9,1495.5,9858.0
2026-06-02 13:45:00,1495.5,1497.0,1495.0,1497.0,4217.0
2026-06-02 13:50:00,1496.6,1497.0,1493.9,1494.1,1759.0
2026-06-02 13:55:00,1493.2,1495.9,1492.8,1493.5,5048.0
2026-06-02 14:00:00,1493.9,1495.1,1493.0,1495.0,1451.0
2026-06-02 14:05:00,1494.8,1496.0,1492.8,1494.6,2642.0
2026-06-02 14:10:00,1494.8,1499.7,1494.2,1499.4,14051.0
2026-06-02 14:15:00,1499.4,1499.9,1497.0,1498.5,4508.0
2026-06-02 14:20:00,1498.5,1498.6,1495.3,1495.9,2255.0
2026-06-02 14:25:00,1496.0,1497.7,1496.0,1497.7,1871.0
2026-06-02 14:30:00,1497.0,1500.0,1496.3,1497.9,9917.0
2026-06-02 14:35:00,1499.0,1499.0,1495.3,1495.3,4943.0
2026-06-02 14:40:00,1495.0,1498.4,1494.2,1498.4,2908.0
2026-06-02 14:45:00,1498.2,1499.3,1496.9,1498.4,4188.0
2026-06-02 14:50:00,1499.0,1499.7,1497.4,1498.5,2582.0
2026-06-02 14:55:00,1497.5,1509.5,1496.1,1506.7,28751.0
2026-06-02 15:00:00,1506.6,1518.8,1506.0,1516.2,38953.0
2026-06-02 15:05:00,1517.3,1518.5,1515.6,1518.5,14662.0
2026-06-02 15:10:00,1518.5,1521.9,1516.1,1520.8,28411.0
2026-06-02 15:15:00,1521.0,1522.0,1514.1,1515.4,22312.0
2026-06-02 15:20:00,1514.8,1519.7,1514.6,1519.5,23220.0
2026-06-02 15:25:00,1519.4,1520.0,1515.0,1520.0,25502.0
2026-06-03 09:15:00,1520.0,1536.0,1515.0,1524.3,36784.0
2026-06-03 09:20:00,1525.3,1526.5,1518.3,1521.0,15685.0
2026-06-03 09:25:00,1521.1,1522.0,1507.5,1509.0,23307.0
2026-06-03 09:30:00,1508.3,1513.8,1503.1,1508.4,17017.0
2026-06-03 09:35:00,1507.5,1514.7,1507.1,1512.3,6037.0
2026-06-03 09:40:00,1512.3,1513.1,1507.8,1509.1,6014.0
2026-06-03 09:45:00,1509.1,1515.7,1508.4,1510.0,5355.0
2026-06-03 09:50:00,1510.0,1511.1,1485.8,1485.8,30889.0
2026-06-03 09:55:00,1487.0,1487.2,1482.0,1482.7,14645.0
2026-06-03 10:00:00,1482.0,1482.0,1475.0,1478.4,15122.0
2026-06-03 10:05:00,1478.0,1478.0,1470.5,1477.7,12762.0
2026-06-03 10:10:00,1477.6,1495.0,1475.1,1495.0,17025.0
2026-06-03 10:15:00,1493.9,1499.8,1491.7,1496.5,19531.0
2026-06-03 10:20:00,1496.5,1496.5,1495.3,1495.3,3559.0
2026-06-03 10:25:00,1497.4,1502.5,1496.8,1498.2,25460.0
2026-06-03 10:30:00,1498.7,1505.6,1493.5,1494.1,16236.0
2026-06-03 10:35:00,1495.0,1502.9,1493.2,1499.9,31995.0
2026-06-03 10:40:00,1499.9,1500.8,1499.0,1500.0,4982.0
2026-06-03 10:45:00,1500.0,1500.8,1496.4,1498.3,5425.0
2026-06-03 10:50:00,1498.2,1499.7,1497.3,1498.0,2427.0
2026-06-03 10:55:00,1498.0,1498.0,1495.8,1498.0,2538.0
2026-06-03 11:00:00,1498.0,1499.9,1497.5,1498.4,3410.0
2026-06-03 11:05:00,1497.8,1498.0,1495.5,1496.8,2198.0
2026-06-03 11:10:00,1496.0,1499.1,1496.0,1497.9,1922.0
2026-06-03 11:15:00,1497.6,1498.7,1495.5,1498.0,2216.0
2026-06-03 11:20:00,1498.0,1498.9,1496.3,1497.9,4393.0
2026-06-03 11:25:00,1496.6,1498.2,1494.1,1496.7,3726.0
2026-06-03 11:30:00,1496.8,1497.8,1487.0,1489.0,10615.0
2026-06-03 11:35:00,1489.0,1490.7,1487.6,1489.0,2674.0
2026-06-03 11:40:00,1488.9,1490.5,1482.4,1483.2,5742.0
2026-06-03 11:45:00,1483.3,1484.7,1480.7,1482.3,10575.0
2026-06-03 11:50:00,1483.2,1485.0,1481.8,1483.5,9629.0
2026-06-03 11:55:00,1482.6,1484.0,1480.5,1481.9,5013.0
2026-06-03 12:00:00,1482.0,1482.0,1477.8,1479.9,5153.0
2026-06-03 12:05:00,1478.9,1481.5,1478.6,1480.3,2695.0
2026-06-03 12:10:00,1480.2,1480.4,1477.5,1479.3,4039.0
2026-06-03 12:15:00,1479.1,1479.6,1475.2,1477.6,8449.0
2026-06-03 12:20:00,1478.0,1479.3,1476.8,1477.9,9910.0
2026-06-03 12:25:00,1478.0,1483.8,1476.0,1482.9,9064.0
2026-06-03 12:30:00,1479.2,1484.3,1478.7,1483.0,4892.0
2026-06-03 12:35:00,1484.7,1486.5,1484.7,1486.5,10712.0
2026-06-03 12:40:00,1486.5,1489.0,1486.5,1488.9,2655.0
2026-06-03 12:45:00,1488.2,1489.0,1486.4,1486.4,1569.0
2026-06-03 12:50:00,1487.3,1490.0,1486.3,1488.6,2346.0
2026-06-03 12:55:00,1487.7,1488.6,1480.5,1484.3,5219.0
2026-06-03 13:00:00,1483.8,1486.9,1483.1,1486.0,1117.0
2026-06-03 13:05:00,1485.1,1486.6,1482.1,1484.0,1167.0
2026-06-03 13:10:00,1484.0,1485.5,1482.3,1482.3,1603.0
2026-06-03 13:15:00,1482.4,1485.2,1481.3,1484.4,1319.0
2026-06-03 13:20:00,1484.4,1485.8,1483.3,1485.0,742.0
2026-06-03 13:25:00,1484.9,1486.9,1482.2,1484.5,5017.0
2026-06-03 13:30:00,1485.4,1485.7,1483.6,1484.0,2035.0
2026-06-03 13:35:00,1485.1,1485.1,1483.6,1484.7,1281.0
2026-06-03 13:40:00,1484.6,1485.3,1484.0,1484.0,983.0
2026-06-03 13:45:00,1484.0,1485.3,1482.1,1483.8,3220.0
2026-06-03 13:50:00,1483.8,1484.8,1482.0,1482.9,3869.0
2026-06-03 13:55:00,1482.1,1482.8,1481.5,1482.3,603.0
2026-06-03 14:00:00,1482.0,1483.1,1481.0,1481.4,5258.0
2026-06-03 14:05:00,1481.2,1484.8,1481.2,1484.6,2173.0
2026-06-03 14:10:00,1484.6,1485.0,1483.7,1483.7,1998.0
2026-06-03 14:15:00,1483.7,1485.5,1483.0,1485.5,752.0
2026-06-03 14:20:00,1485.0,1488.8,1485.0,1487.7,3431.0
2026-06-03 14:25:00,1487.5,1488.6,1486.0,1486.9,2394.0
2026-06-03 14:30:00,1486.9,1488.1,1486.7,1487.1,1201.0
2026-06-03 14:35:00,1486.7,1487.0,1483.4,1485.3,1712.0
2026-06-03 14:40:00,1485.3,1486.9,1484.1,1485.5,2194.0
2026-06-03 14:45:00,1484.4,1486.0,1483.6,1486.0,2232.0
2026-06-03 14:50:00,1485.6,1488.4,1485.0,1487.0,4047.0
2026-06-03 14:55:00,1487.5,1487.7,1485.0,1486.0,4322.0
2026-06-03 15:00:00,1486.0,1488.8,1480.0,1481.5,14345.0
2026-06-03 15:05:00,1481.1,1481.7,1478.0,1479.0,11720.0
2026-06-03 15:10:00,1479.0,1480.5,1477.5,1479.9,12470.0
2026-06-03 15:15:00,1479.7,1479.9,1476.6,1479.0,14591.0
2026-06-03 15:20:00,1478.8,1480.9,1477.5,1480.8,14385.0
2026-06-03 15:25:00,1480.9,1481.5,1476.5,1481.0,15147.0
2026-06-04 09:15:00,1479.1,1509.6,1477.0,1508.6,26958.0
2026-06-04 09:20:00,1507.5,1517.0,1504.7,1509.6,32452.0
2026-06-04 09:25:00,1509.5,1511.8,1491.4,1495.0,20207.0
2026-06-04 09:30:00,1495.0,1504.1,1495.0,1504.1,6235.0
2026-06-04 09:35:00,1503.7,1510.0,1503.7,1507.6,10625.0
2026-06-04 09:40:00,1508.2,1510.0,1507.1,1508.1,6681.0
2026-06-04 09:45:00,1509.0,1510.2,1506.4,1510.2,7765.0
2026-06-04 09:50:00,1512.0,1519.6,1511.4,1519.0,27901.0
2026-06-04 09:55:00,1518.5,1522.0,1518.0,1521.8,12333.0
2026-06-04 10:00:00,1521.1,1524.4,1521.1,1523.5,15300.0
2026-06-04 10:05:00,1523.5,1530.0,1523.5,1529.3,29806.0
2026-06-04 10:10:00,1528.7,1530.0,1504.0,1504.0,41223.0
2026-06-04 10:15:00,1504.1,1504.2,1496.8,1498.3,32307.0
2026-06-04 10:20:00,1498.6,1502.4,1498.4,1499.9,13900.0
2026-06-04 10:25:00,1500.0,1500.4,1497.5,1499.8,8430.0
2026-06-04 10:30:00,1499.5,1501.3,1498.8,1499.5,14001.0
2026-06-04 10:35:00,1499.2,1500.0,1498.6,1499.0,4445.0
2026-06-04 10:40:00,1498.9,1499.9,1496.5,1499.2,7660.0
2026-06-04 10:45:00,1499.2,1499.9,1495.9,1498.2,3999.0
2026-06-04 10:50:00,1495.5,1498.1,1493.0,1496.2,9018.0
2026-06-04 10:55:00,1496.8,1498.0,1495.1,1496.0,3736.0
2026-06-04 11:00:00,1496.1,1498.4,1492.5,1495.3,9313.0
2026-06-04 11:05:00,1494.4,1498.6,1494.4,1497.8,2129.0
2026-06-04 11:10:00,1497.9,1499.4,1488.0,1491.7,11342.0
2026-06-04 11:15:00,1491.7,1497.0,1491.2,1496.9,4035.0
2026-06-04 11:20:00,1496.4,1498.3,1495.9,1497.3,4034.0
2026-06-04 11:25:00,1497.7,1498.0,1496.2,1496.3,2259.0
2026-06-04 11:30:00,1496.3,1497.6,1496.0,1496.7,2172.0
2026-06-04 11:35:00,1497.3,1497.9,1490.5,1492.3,15198.0
2026-06-04 11:40:00,1491.9,1493.1,1489.1,1489.6,17842.0
2026-06-04 11:45:00,1490.8,1492.0,1487.1,1488.5,14595.0
2026-06-04 11:50:00,1488.5,1489.6,1487.4,1489.5,3559.0
2026-06-04 11:55:00,1489.5,1499.7,1489.5,1499.4,10336.0
2026-06-04 12:00:00,1499.3,1499.9,1495.2,1498.6,5611.0
2026-06-04 12:05:00,1496.2,1499.3,1495.8,1498.7,2845.0
2026-06-04 12:10:00,1497.3,1499.6,1497.1,1499.1,2538.0
2026-06-04 12:15:00,1498.3,1498.6,1496.7,1497.4,2666.0
2026-06-04 12:20:00,1497.4,1498.9,1496.5,1497.7,1122.0
2026-06-04 12:25:00,1497.8,1498.3,1496.0,1498.3,1310.0
2026-06-04 12:30:00,1498.1,1499.3,1496.4,1496.4,2418.0
2026-06-04 12:35:00,1496.5,1498.9,1496.4,1497.4,3390.0
2026-06-04 12:40:00,1498.3,1498.8,1496.5,1497.3,2585.0
2026-06-04 12:45:00,1496.8,1498.0,1496.8,1498.0,1069.0
2026-06-04 12:50:00,1497.8,1498.9,1495.5,1497.0,3752.0
2026-06-04 12:55:00,1496.8,1497.1,1496.2,1496.3,793.0
2026-06-04 13:00:00,1496.4,1498.6,1496.3,1498.2,1652.0
2026-06-04 13:05:00,1498.9,1499.7,1496.8,1499.7,2728.0
2026-06-04 13:10:00,1499.7,1499.7,1496.5,1496.7,2233.0
2026-06-04 13:15:00,1497.5,1499.7,1497.0,1498.9,1615.0
2026-06-04 13:20:00,1499.2,1499.8,1498.4,1499.8,1162.0
2026-06-04 13:25:00,1499.7,1500.5,1498.1,1498.8,6620.0
2026-06-04 13:30:00,1498.7,1500.0,1498.0,1499.9,2787.0
2026-06-04 13:35:00,1499.2,1499.9,1495.4,1499.2,4563.0
2026-06-04 13:40:00,1499.6,1500.0,1498.2,1498.2,3411.0
2026-06-04 13:45:00,1498.2,1499.3,1498.1,1498.1,1075.0
2026-06-04 13:50:00,1498.4,1499.0,1497.8,1497.9,1911.0
2026-06-04 13:55:00,1498.8,1498.8,1497.1,1498.1,939.0
2026-06-04 14:00:00,1498.5,1499.8,1498.5,1499.5,1948.0
2026-06-04 14:05:00,1499.6,1499.8,1497.0,1498.3,2356.0
2026-06-04 14:10:00,1498.3,1499.6,1497.1,1498.3,2478.0
2026-06-04 14:15:00,1499.0,1501.0,1498.0,1500.0,10701.0
2026-06-04 14:20:00,1500.0,1502.7,1499.9,1499.9,34280.0
2026-06-04 14:25:00,1500.2,1504.4,1499.8,1500.1,33733.0
2026-06-04 14:30:00,1500.1,1500.8,1499.4,1499.9,15384.0
2026-06-04 14:35:00,1500.0,1500.7,1498.1,1498.1,7476.0
2026-06-04 14:40:00,1500.0,1500.0,1491.6,1494.1,8644.0
2026-06-04 14:45:00,1494.9,1496.9,1494.1,1495.7,5122.0
2026-06-04 14:50:00,1495.4,1496.2,1491.3,1491.3,5155.0
2026-06-04 14:55:00,1492.9,1493.3,1488.2,1490.0,4858.0
2026-06-04 15:00:00,1490.0,1495.0,1490.0,1492.9,9456.0
2026-06-04 15:05:00,1492.9,1495.4,1490.7,1494.1,10805.0
2026-06-04 15:10:00,1494.2,1494.7,1490.6,1492.8,9167.0
2026-06-04 15:15:00,1492.2,1497.2,1490.1,1491.8,14863.0
2026-06-04 15:20:00,1492.3,1492.9,1490.5,1490.5,15984.0
2026-06-04 15:25:00,1491.8,1494.9,1488.5,1490.1,12629.0
2026-06-05 09:15:00,1492.0,1499.8,1463.5,1463.5,27481.0
2026-06-05 09:20:00,1463.6,1465.6,1460.0,1462.1,24016.0
2026-06-05 09:25:00,1462.0,1466.0,1460.1,1460.9,10991.0
2026-06-05 09:30:00,1461.9,1467.4,1457.5,1462.1,14368.0
2026-06-05 09:35:00,1463.0,1467.2,1461.4,1463.4,10383.0
2026-06-05 09:40:00,1464.2,1464.6,1458.6,1464.6,6829.0
2026-06-05 09:45:00,1463.5,1469.0,1462.0,1463.3,9431.0
2026-06-05 09:50:00,1463.0,1465.3,1458.8,1464.0,11852.0
2026-06-05 09:55:00,1464.0,1464.0,1460.1,1462.4,2675.0
2026-06-05 10:00:00,1462.4,1466.0,1460.0,1465.2,4934.0
2026-06-05 10:05:00,1465.3,1467.2,1462.0,1467.2,4324.0
2026-06-05 10:10:00,1467.0,1467.0,1461.0,1461.9,5885.0
2026-06-05 10:15:00,1461.7,1466.7,1460.0,1466.7,4770.0
2026-06-05 10:20:00,1465.2,1466.7,1461.2,1462.6,3035.0
2026-06-05 10:25:00,1462.7,1463.5,1460.1,1460.7,7608.0
2026-06-05 10:30:00,1460.9,1462.4,1460.4,1460.9,1619.0
2026-06-05 10:35:00,1460.7,1461.6,1455.0,1456.2,15540.0
2026-06-05 10:40:00,1457.5,1458.4,1453.7,1455.4,9216.0
2026-06-05 10:45:00,1455.5,1456.2,1454.0,1455.6,3454.0
2026-06-05 10:50:00,1456.5,1457.8,1456.1,1457.7,1497.0
2026-06-05 10:55:00,1457.1,1460.4,1457.0,1459.0,5729.0
2026-06-05 11:00:00,1459.7,1462.4,1457.5,1462.0,5486.0
2026-06-05 11:05:00,1462.3,1467.8,1462.0,1463.2,5305.0
2026-06-05 11:10:00,1463.5,1465.5,1462.0,1464.8,4683.0
2026-06-05 11:15:00,1464.8,1465.5,1460.7,1462.9,2711.0
2026-06-05 11:20:00,1462.2,1463.3,1460.0,1461.1,1391.0
2026-06-05 11:25:00,1461.1,1464.9,1461.0,1463.4,2085.0
2026-06-05 11:30:00,1463.9,1465.5,1462.3,1464.0,4586.0
2026-06-05 11:35:00,1463.7,1464.0,1461.5,1462.5,1250.0
2026-06-05 11:40:00,1463.1,1469.3,1463.1,1468.9,6107.0
2026-06-05 11:45:00,1469.6,1472.4,1469.5,1471.8,9616.0
2026-06-05 11:50:00,1471.5,1473.0,1468.9,1472.8,3721.0
2026-06-05 11:55:00,1472.3,1480.7,1472.3,1472.6,10349.0
2026-06-05 12:00:00,1473.5,1477.4,1471.8,1475.5,6378.0
2026-06-05 12:05:00,1475.6,1477.0,1474.9,1474.9,1666.0
2026-06-05 12:10:00,1474.9,1475.7,1472.0,1475.5,2296.0
2026-06-05 12:15:00,1474.8,1475.7,1472.8,1472.8,3518.0
2026-06-05 12:20:00,1474.0,1474.0,1470.6,1471.7,1307.0
2026-06-05 12:25:00,1471.0,1472.0,1469.4,1470.8,1361.0
2026-06-05 12:30:00,1469.3,1471.5,1469.1,1470.6,1537.0
2026-06-05 12:35:00,1470.6,1471.9,1469.4,1470.4,1005.0
2026-06-05 12:40:00,1469.7,1473.0,1469.7,1472.1,974.0
2026-06-05 12:45:00,1471.0,1471.2,1465.0,1465.2,5688.0
2026-06-05 12:50:00,1465.5,1468.9,1464.8,1467.2,6087.0
2026-06-05 12:55:00,1467.9,1468.6,1466.6,1468.4,387.0
2026-06-05 13:00:00,1468.6,1468.6,1466.9,1467.7,1093.0
2026-06-05 13:05:00,1468.4,1468.4,1465.1,1465.8,725.0
2026-06-05 13:10:00,1465.2,1466.5,1464.1,1465.2,1461.0
2026-06-05 13:15:00,1464.6,1476.1,1464.6,1475.1,9236.0
2026-06-05 13:20:00,1475.9,1475.9,1466.0,1467.4,2684.0
2026-06-05 13:25:00,1467.4,1468.3,1465.4,1465.7,896.0
2026-06-05 13:30:00,1465.7,1467.4,1464.8,1465.6,2380.0
2026-06-05 13:35:00,1465.5,1467.2,1464.0,1466.1,3727.0
2026-06-05 13:40:00,1467.1,1467.1,1462.0,1463.8,7224.0
2026-06-05 13:45:00,1462.8,1465.2,1461.8,1463.8,4593.0
2026-06-05 13:50:00,1464.2,1464.9,1462.1,1463.8,1503.0
2026-06-05 13:55:00,1463.8,1463.8,1461.1,1462.9,2420.0
2026-06-05 14:00:00,1462.2,1465.0,1462.2,1464.2,872.0
2026-06-05 14:05:00,1464.2,1465.0,1463.8,1463.8,497.0
2026-06-05 14:10:00,1464.0,1464.8,1462.5,1464.6,910.0
2026-06-05 14:15:00,1463.9,1464.9,1462.1,1463.9,1545.0
2026-06-05 14:20:00,1463.1,1465.0,1462.5,1465.0,1474.0
2026-06-05 14:25:00,1465.0,1468.4,1464.6,1467.5,2096.0
2026-06-05 14:30:00,1468.1,1468.6,1465.8,1466.0,1375.0
2026-06-05 14:35:00,1466.3,1467.0,1464.0,1465.3,1197.0
2026-06-05 14:40:00,1465.3,1467.3,1463.9,1466.4,2234.0
2026-06-05 14:45:00,1467.2,1467.4,1463.0,1463.7,3848.0
2026-06-05 14:50:00,1463.3,1465.7,1463.3,1464.7,969.0
2026-06-05 14:55:00,1465.4,1466.4,1463.4,1464.6,2627.0
2026-06-05 15:00:00,1464.6,1465.3,1461.1,1463.2,10606.0
2026-06-05 15:05:00,1463.2,1463.2,1460.2,1463.2,7311.0
2026-06-05 15:10:00,1463.0,1464.1,1462.0,1463.5,6930.0
2026-06-05 15:15:00,1464.0,1465.0,1462.0,1465.0,15722.0
2026-06-05 15:20:00,1465.0,1466.9,1462.2,1466.9,11624.0
2026-06-05 15:25:00,1466.1,1470.0,1463.0,1469.8,17731.0
2026-06-08 09:15:00,1444.6,1485.4,1441.1,1480.7,34657.0
2026-06-08 09:20:00,1482.0,1483.0,1474.5,1475.8,17202.0
2026-06-08 09:25:00,1475.8,1480.1,1465.0,1473.5,30827.0
2026-06-08 09:30:00,1473.0,1474.8,1468.7,1469.5,5987.0
2026-06-08 09:35:00,1470.0,1471.3,1465.6,1466.7,5075.0
2026-06-08 09:40:00,1466.7,1469.0,1464.0,1466.4,5727.0
2026-06-08 09:45:00,1466.7,1469.9,1464.1,1465.0,4943.0
2026-06-08 09:50:00,1463.4,1465.0,1461.1,1464.0,5010.0
2026-06-08 09:55:00,1463.2,1468.0,1462.5,1467.2,4134.0
2026-06-08 10:00:00,1467.2,1467.2,1462.1,1464.3,4543.0
2026-06-08 10:05:00,1463.6,1466.5,1460.6,1464.2,4016.0
2026-06-08 10:10:00,1463.4,1465.7,1463.0,1463.8,2182.0
2026-06-08 10:15:00,1465.1,1465.4,1462.6,1462.6,2546.0
2026-06-08 10:20:00,1463.5,1466.4,1462.2,1462.4,3257.0
2026-06-08 10:25:00,1462.3,1462.3,1457.3,1457.7,6524.0
2026-06-08 10:30:00,1458.6,1463.9,1457.4,1463.8,4464.0
2026-06-08 10:35:00,1463.2,1468.2,1463.2,1466.4,4844.0
2026-06-08 10:40:00,1466.4,1469.6,1466.4,1468.0,3623.0
2026-06-08 10:45:00,1468.6,1471.8,1467.3,1470.9,4474.0
2026-06-08 10:50:00,1470.9,1472.0,1467.4,1467.4,4337.0
2026-06-08 10:55:00,1467.4,1467.4,1466.0,1466.8,1337.0
2026-06-08 11:00:00,1467.1,1468.6,1466.8,1467.5,1784.0
2026-06-08 11:05:00,1467.3,1467.3,1465.5,1465.5,1569.0
2026-06-08 11:10:00,1465.5,1467.1,1465.0,1465.6,1527.0
2026-06-08 11:15:00,1465.7,1466.7,1465.7,1466.0,1699.0
2026-06-08 11:20:00,1466.8,1466.8,1462.6,1462.6,1317.0
2026-06-08 11:25:00,1463.6,1465.8,1462.1,1462.7,1111.0
2026-06-08 11:30:00,1463.1,1464.0,1462.2,1462.3,787.0
2026-06-08 11:35:00,1462.7,1465.4,1462.7,1464.4,488.0
2026-06-08 11:40:00,1465.0,1466.4,1462.0,1463.6,2320.0
2026-06-08 11:45:00,1463.6,1464.6,1462.2,1462.2,1914.0
2026-06-08 11:50:00,1463.5,1463.5,1460.0,1460.0,1239.0
2026-06-08 11:55:00,1460.0,1462.1,1456.6,1456.6,2686.0
2026-06-08 12:00:00,1455.4,1456.8,1450.0,1452.0,9582.0
2026-06-08 12:05:00,1452.0,1452.1,1449.5,1452.0,2896.0
2026-06-08 12:10:00,1451.3,1453.4,1451.0,1452.3,1401.0
2026-06-08 12:15:00,1452.5,1454.6,1450.7,1451.6,5785.0
2026-06-08 12:20:00,1451.4,1452.5,1450.5,1451.5,1815.0
2026-06-08 12:25:00,1451.0,1452.6,1450.8,1451.2,2425.0
2026-06-08 12:30:00,1451.2,1452.9,1450.1,1450.1,2218.0
2026-06-08 12:35:00,1450.9,1452.9,1450.1,1452.1,841.0
2026-06-08 12:40:00,1452.2,1453.3,1452.0,1452.7,2029.0
2026-06-08 12:45:00,1452.7,1455.4,1450.3,1454.2,4426.0
2026-06-08 12:50:00,1453.5,1454.7,1453.0,1453.9,5506.0
2026-06-08 12:55:00,1453.5,1455.0,1452.8,1453.3,10247.0
2026-06-08 13:00:00,1453.9,1456.9,1453.2,1454.3,11016.0
2026-06-08 13:05:00,1453.4,1455.4,1451.5,1452.4,9882.0
2026-06-08 13:10:00,1452.4,1453.9,1451.2,1451.2,1544.0
2026-06-08 13:15:00,1451.2,1451.7,1448.4,1449.9,2655.0
2026-06-08 13:20:00,1448.9,1450.0,1448.0,1448.0,1109.0
2026-06-08 13:25:00,1448.0,1450.3,1448.0,1449.6,1880.0
2026-06-08 13:30:00,1448.8,1449.6,1445.0,1445.0,2832.0
2026-06-08 13:35:00,1445.7,1446.0,1444.6,1445.3,3074.0
2026-06-08 13:40:00,1445.3,1445.4,1443.4,1443.4,5173.0
2026-06-08 13:45:00,1444.0,1444.0,1439.6,1441.9,7514.0
2026-06-08 13:50:00,1442.0,1443.0,1440.4,1441.9,2549.0
2026-06-08 13:55:00,1441.0,1441.3,1437.1,1439.0,4284.0
2026-06-08 14:00:00,1439.0,1444.0,1438.2,1443.0,4227.0
2026-06-08 14:05:00,1443.5,1444.5,1441.4,1443.2,3127.0
2026-06-08 14:10:00,1443.3,1443.3,1436.0,1439.0,8126.0
2026-06-08 14:15:00,1438.8,1442.0,1438.8,1440.8,2557.0
2026-06-08 14:20:00,1440.8,1441.5,1439.8,1440.7,1755.0
2026-06-08 14:25:00,1440.0,1440.6,1436.9,1437.8,2973.0
2026-06-08 14:30:00,1437.1,1440.0,1437.0,1438.6,4318.0
2026-06-08 14:35:00,1438.6,1440.0,1436.9,1436.9,2606.0
2026-06-08 14:40:00,1437.0,1439.0,1436.0,1438.9,2281.0
2026-06-08 14:45:00,1439.0,1440.4,1438.5,1439.1,2321.0
2026-06-08 14:50:00,1439.4,1440.2,1436.0,1437.1,3898.0
2026-06-08 14:55:00,1437.1,1437.1,1431.0,1435.6,12075.0
2026-06-08 15:00:00,1435.9,1435.9,1427.0,1428.2,9342.0
2026-06-08 15:05:00,1428.1,1434.4,1428.0,1434.4,6385.0
2026-06-08 15:10:00,1434.4,1436.0,1432.5,1434.8,7946.0
2026-06-08 15:15:00,1434.9,1435.9,1432.7,1435.1,10670.0
2026-06-08 15:20:00,1435.1,1435.2,1431.2,1432.0,11511.0
2026-06-08 15:25:00,1430.6,1435.0,1430.5,1433.0,7452.0
2026-06-09 09:15:00,1439.1,1463.2,1439.1,1454.6,24721.0
2026-06-09 09:20:00,1454.0,1456.3,1442.0,1442.0,12583.0
2026-06-09 09:25:00,1440.6,1448.6,1436.1,1447.4,16252.0
2026-06-09 09:30:00,1446.6,1453.1,1442.1,1452.0,8177.0
2026-06-09 09:35:00,1452.0,1454.6,1447.3,1447.3,9752.0
2026-06-09 09:40:00,1448.1,1450.6,1437.0,1437.9,12767.0
2026-06-09 09:45:00,1438.1,1438.1,1431.2,1431.9,8854.0
2026-06-09 09:50:00,1431.8,1435.9,1430.3,1435.8,8784.0
2026-06-09 09:55:00,1435.1,1435.8,1432.3,1434.1,3533.0
2026-06-09 10:00:00,1433.8,1434.0,1428.1,1431.0,5224.0
2026-06-09 10:05:00,1430.2,1436.0,1430.2,1435.1,5151.0
2026-06-09 10:10:00,1435.7,1439.4,1434.6,1434.9,3662.0
2026-06-09 10:15:00,1434.9,1435.7,1433.3,1433.8,3037.0
2026-06-09 10:20:00,1434.4,1435.9,1431.6,1434.8,2701.0
2026-06-09 10:25:00,1434.8,1435.7,1433.6,1434.9,1666.0
2026-06-09 10:30:00,1435.1,1435.7,1433.4,1433.5,1914.0
2026-06-09 10:35:00,1433.3,1434.8,1432.9,1433.5,1015.0
2026-06-09 10:40:00,1433.5,1434.9,1432.5,1434.2,1562.0
2026-06-09 10:45:00,1434.1,1437.7,1434.1,1435.7,4731.0
2026-06-09 10:50:00,1435.3,1435.3,1432.1,1434.6,5294.0
2026-06-09 10:55:00,1434.8,1436.9,1434.4,1436.1,1204.0
2026-06-09 11:00:00,1436.0,1436.1,1434.9,1436.1,1293.0
2026-06-09 11:05:00,1435.5,1439.4,1435.5,1439.4,6574.0
2026-06-09 11:10:00,1439.0,1440.0,1437.7,1437.9,3603.0
2026-06-09 11:15:00,1438.0,1439.1,1436.1,1437.1,1612.0
2026-06-09 11:20:00,1436.9,1436.9,1434.5,1434.5,1244.0
2026-06-09 11:25:00,1434.6,1436.0,1434.0,1436.0,1336.0
2026-06-09 11:30:00,1436.0,1436.0,1434.2,1434.9,842.0
2026-06-09 11:35:00,1434.3,1438.4,1434.3,1438.1,1048.0
2026-06-09 11:40:00,1438.1,1440.4,1436.5,1437.1,3733.0
2026-06-09 11:45:00,1438.5,1440.0,1437.8,1440.0,1034.0
2026-06-09 11:50:00,1439.5,1439.9,1435.3,1437.4,4145.0
2026-06-09 11:55:00,1438.0,1438.5,1437.4,1438.5,861.0
2026-06-09 12:00:00,1438.1,1438.5,1436.1,1436.7,828.0
2026-06-09 12:05:00,1437.6,1437.8,1434.0,1434.0,1166.0
2026-06-09 12:10:00,1434.0,1436.8,1434.0,1436.8,606.0
2026-06-09 12:15:00,1436.8,1437.5,1435.5,1437.5,791.0
2026-06-09 12:20:00,1437.5,1438.5,1436.7,1436.7,1537.0
2026-06-09 12:25:00,1436.7,1442.3,1436.6,1441.0,13284.0
2026-06-09 12:30:00,1440.5,1441.1,1437.6,1439.7,4624.0
2026-06-09 12:35:00,1439.7,1440.5,1438.3,1439.0,2172.0
2026-06-09 12:40:00,1439.7,1439.7,1436.9,1437.8,1315.0
2026-06-09 12:45:00,1438.0,1439.4,1436.0,1437.3,1294.0
2026-06-09 12:50:00,1436.7,1437.3,1435.2,1435.2,1431.0
2026-06-09 12:55:00,1435.9,1435.9,1434.3,1435.2,1644.0
2026-06-09 13:00:00,1435.3,1437.3,1434.2,1434.8,765.0
2026-06-09 13:05:00,1434.8,1434.8,1426.5,1429.2,8515.0
2026-06-09 13:10:00,1429.2,1429.2,1427.2,1428.3,4692.0
2026-06-09 13:15:00,1428.8,1429.7,1428.0,1428.3,957.0
2026-06-09 13:20:00,1428.6,1430.0,1428.3,1430.0,3709.0
2026-06-09 13:25:00,1429.6,1430.0,1428.7,1429.3,1473.0
2026-06-09 13:30:00,1429.0,1430.0,1427.0,1428.0,5701.0
2026-06-09 13:35:00,1428.2,1430.5,1428.1,1430.0,1668.0
2026-06-09 13:40:00,1430.0,1430.0,1428.8,1429.0,1439.0
2026-06-09 13:45:00,1429.0,1429.0,1426.8,1428.0,5200.0
2026-06-09 13:50:00,1428.0,1428.9,1428.0,1428.6,703.0
2026-06-09 13:55:00,1428.6,1429.8,1425.1,1428.1,4705.0
2026-06-09 14:00:00,1427.8,1429.9,1426.2,1426.9,5996.0
2026-06-09 14:05:00,1426.2,1428.7,1426.2,1428.7,981.0
2026-06-09 14:10:00,1428.7,1429.3,1426.1,1429.3,2255.0
2026-06-09 14:15:00,1429.3,1430.0,1427.2,1429.9,1399.0
2026-06-09 14:20:00,1430.0,1430.0,1428.1,1428.9,1883.0
2026-06-09 14:25:00,1429.3,1429.8,1428.3,1429.8,2121.0
2026-06-09 14:30:00,1429.5,1429.9,1428.9,1429.4,1491.0
2026-06-09 14:35:00,1428.7,1433.1,1428.0,1432.4,4498.0
2026-06-09 14:40:00,1429.0,1433.0,1429.0,1431.9,3249.0
2026-06-09 14:45:00,1431.9,1432.4,1431.4,1431.5,1416.0
2026-06-09 14:50:00,1431.9,1433.9,1431.4,1433.1,2640.0
2026-06-09 14:55:00,1433.1,1435.0,1433.1,1434.2,2446.0
2026-06-09 15:00:00,1434.8,1443.8,1432.8,1442.3,16245.0
2026-06-09 15:05:00,1442.2,1443.5,1441.0,1441.0,17656.0
2026-06-09 15:10:00,1441.6,1442.6,1440.0,1442.6,8711.0
2026-06-09 15:15:00,1442.5,1443.0,1442.1,1442.8,11364.0
2026-06-09 15:20:00,1442.8,1443.1,1441.7,1442.9,13094.0
2026-06-09 15:25:00,1442.8,1443.0,1440.0,1443.0,33728.0
2026-06-10 09:15:00,1448.0,1458.0,1440.0,1441.5,23010.0
2026-06-10 09:20:00,1441.1,1444.1,1432.2,1436.6,12943.0
2026-06-10 09:25:00,1437.0,1437.2,1431.4,1433.2,4313.0
2026-06-10 09:30:00,1432.5,1434.0,1428.6,1434.0,6061.0
2026-06-10 09:35:00,1436.0,1436.8,1425.1,1430.0,11838.0
2026-06-10 09:40:00,1429.3,1429.3,1423.8,1427.6,8022.0
2026-06-10 09:45:00,1428.0,1433.6,1426.9,1433.0,5810.0
2026-06-10 09:50:00,1433.0,1434.3,1431.5,1432.3,2200.0
2026-06-10 09:55:00,1432.0,1432.4,1430.2,1430.5,3387.0
2026-06-10 10:00:00,1430.2,1434.2,1429.2,1432.4,3187.0
2026-06-10 10:05:00,1432.9,1433.5,1431.0,1432.4,2160.0
2026-06-10 10:10:00,1432.2,1432.8,1426.6,1428.1,5553.0
2026-06-10 10:15:00,1428.4,1430.2,1427.4,1429.3,1618.0
2026-06-10 10:20:00,1429.4,1433.3,1428.5,1432.0,3089.0
2026-06-10 10:25:00,1432.0,1434.2,1426.5,1426.5,3963.0
2026-06-10 10:30:00,1428.1,1428.5,1426.0,1427.8,1689.0
2026-06-10 10:35:00,1427.7,1432.0,1426.6,1429.6,3026.0
2026-06-10 10:40:00,1429.5,1429.7,1428.0,1429.7,1420.0
2026-06-10 10:45:00,1429.4,1430.2,1427.9,1427.9,1028.0
2026-06-10 10:50:00,1427.6,1429.0,1407.8,1408.0,22221.0
2026-06-10 10:55:00,1408.9,1411.0,1401.1,1404.0,28239.0
2026-06-10 11:00:00,1403.9,1405.4,1401.5,1402.6,8952.0
2026-06-10 11:05:00,1403.1,1405.8,1398.9,1405.6,22340.0
2026-06-10 11:10:00,1404.6,1405.0,1401.0,1402.7,6339.0
2026-06-10 11:15:00,1402.7,1405.8,1400.6,1401.4,7826.0
2026-06-10 11:20:00,1401.6,1401.9,1394.9,1396.7,28526.0
2026-06-10 11:25:00,1397.6,1397.6,1391.9,1393.0,31527.0
2026-06-10 11:30:00,1393.0,1393.2,1379.0,1381.7,69056.0
2026-06-10 11:35:00,1381.8,1391.6,1381.8,1391.6,53577.0
2026-06-10 11:40:00,1389.4,1389.8,1378.9,1384.8,35233.0
2026-06-10 11:45:00,1384.4,1385.8,1382.0,1383.8,13099.0
2026-06-10 11:50:00,1383.8,1386.0,1382.7,1385.9,7764.0
2026-06-10 11:55:00,1386.0,1388.9,1383.0,1388.8,22295.0
2026-06-10 12:00:00,1389.1,1389.9,1384.9,1386.0,8349.0
2026-06-10 12:05:00,1386.4,1386.5,1383.4,1383.9,6140.0
2026-06-10 12:10:00,1383.9,1387.8,1382.0,1386.4,14048.0
2026-06-10 12:15:00,1386.4,1386.6,1384.0,1385.9,4774.0
2026-06-10 12:20:00,1385.4,1386.9,1382.0,1383.6,7329.0
2026-06-10 12:25:00,1383.5,1385.4,1382.1,1383.5,7577.0
2026-06-10 12:30:00,1384.3,1384.4,1382.0,1383.1,5737.0
2026-06-10 12:35:00,1383.1,1383.5,1382.0,1383.5,5538.0
2026-06-10 12:40:00,1385.5,1386.0,1382.0,1382.0,7445.0
2026-06-10 12:45:00,1382.0,1383.4,1382.0,1382.7,7133.0
2026-06-10 12:50:00,1382.1,1383.1,1382.0,1382.0,4868.0
2026-06-10 12:55:00,1382.9,1382.9,1378.2,1381.5,25314.0
2026-06-10 13:00:00,1381.6,1383.7,1380.3,1382.9,8122.0
2026-06-10 13:05:00,1382.9,1384.6,1380.5,1382.7,5833.0
2026-06-10 13:10:00,1383.4,1384.4,1380.0,1380.0,5358.0
2026-06-10 13:15:00,1380.9,1381.8,1378.3,1378.3,9744.0
2026-06-10 13:20:00,1378.7,1379.0,1372.8,1375.9,17022.0
2026-06-10 13:25:00,1375.9,1381.5,1375.5,1379.5,7826.0
2026-06-10 13:30:00,1378.2,1388.9,1378.2,1388.5,14754.0
2026-06-10 13:35:00,1388.8,1389.0,1386.4,1387.2,3935.0
2026-06-10 13:40:00,1386.0,1387.2,1385.0,1386.9,19039.0
2026-06-10 13:45:00,1386.8,1387.3,1385.0,1385.9,3210.0
2026-06-10 13:50:00,1385.8,1388.0,1384.4,1386.9,10487.0
2026-06-10 13:55:00,1386.9,1387.6,1386.0,1387.6,2597.0
2026-06-10 14:00:00,1387.6,1389.1,1387.1,1388.1,8833.0
2026-06-10 14:05:00,1388.0,1388.8,1386.0,1386.0,29530.0
2026-06-10 14:10:00,1386.1,1387.7,1386.0,1386.6,3400.0
2026-06-10 14:15:00,1386.0,1386.7,1386.0,1386.0,2007.0
2026-06-10 14:20:00,1386.0,1386.2,1382.0,1384.0,7706.0
2026-06-10 14:25:00,1382.8,1383.6,1377.3,1379.0,9186.0
2026-06-10 14:30:00,1378.0,1378.0,1371.9,1376.4,32030.0
2026-06-10 14:35:00,1376.4,1376.4,1372.6,1373.8,9595.0
2026-06-10 14:40:00,1372.5,1375.0,1372.0,1374.0,5099.0
2026-06-10 14:45:00,1374.0,1374.0,1370.5,1372.5,7651.0
2026-06-10 14:50:00,1373.2,1373.7,1371.0,1373.0,7025.0
2026-06-10 14:55:00,1373.7,1375.3,1372.7,1374.3,7624.0
2026-06-10 15:00:00,1374.0,1375.2,1372.1,1373.8,5625.0
2026-06-10 15:05:00,1373.8,1376.6,1373.2,1375.9,18259.0
2026-06-10 15:10:00,1375.3,1375.9,1362.1,1363.0,24461.0
2026-06-10 15:15:00,1362.8,1366.4,1360.0,1365.2,33166.0
2026-06-10 15:20:00,1364.9,1369.9,1364.8,1368.0,16022.0
2026-06-10 15:25:00,1367.9,1372.9,1363.5,1367.0,24890.0
2026-06-11 09:15:00,1353.0,1372.0,1352.1,1369.3,42406.0
2026-06-11 09:20:00,1370.7,1388.4,1369.1,1388.3,29868.0
2026-06-11 09:25:00,1388.3,1398.0,1384.3,1398.0,42612.0
2026-06-11 09:30:00,1397.6,1399.4,1388.0,1391.3,25455.0
2026-06-11 09:35:00,1391.3,1394.0,1390.6,1393.4,9376.0
2026-06-11 09:40:00,1394.0,1395.2,1391.3,1391.9,13442.0
2026-06-11 09:45:00,1391.9,1393.0,1390.7,1390.7,9991.0
2026-06-11 09:50:00,1390.2,1392.9,1388.2,1392.9,10159.0
2026-06-11 09:55:00,1392.8,1397.8,1392.7,1397.1,23732.0
2026-06-11 10:00:00,1397.1,1403.8,1395.7,1400.2,20865.0
2026-06-11 10:05:00,1400.2,1404.0,1388.2,1393.2,32783.0
2026-06-11 10:10:00,1394.1,1414.0,1393.6,1411.9,44675.0
2026-06-11 10:15:00,1411.3,1420.0,1410.8,1416.6,37135.0
2026-06-11 10:20:00,1417.1,1417.5,1412.0,1412.0,16125.0
2026-06-11 10:25:00,1412.1,1413.3,1405.2,1410.2,14808.0
2026-06-11 10:30:00,1410.6,1415.0,1410.1,1413.3,8234.0
2026-06-11 10:35:00,1412.7,1414.0,1401.8,1407.1,21629.0
2026-06-11 10:40:00,1406.1,1407.5,1405.0,1405.9,4986.0
2026-06-11 10:45:00,1405.9,1406.9,1395.1,1395.3,30225.0
2026-06-11 10:50:00,1395.0,1395.9,1392.5,1393.5,9662.0
2026-06-11 10:55:00,1393.6,1393.9,1389.3,1390.0,12370.0
2026-06-11 11:00:00,1391.0,1392.0,1387.5,1390.1,20153.0
2026-06-11 11:05:00,1390.1,1394.2,1390.1,1393.6,6313.0
2026-06-11 11:10:00,1393.6,1394.5,1392.0,1393.1,7520.0
2026-06-11 11:15:00,1392.9,1393.8,1390.2,1392.0,3571.0
2026-06-11 11:20:00,1392.5,1394.9,1392.3,1394.8,5444.0
2026-06-11 11:25:00,1394.0,1398.6,1393.9,1395.8,5970.0
2026-06-11 11:30:00,1395.9,1396.3,1391.5,1393.2,5944.0
2026-06-11 11:35:00,1393.2,1394.1,1392.1,1392.9,3432.0
2026-06-11 11:40:00,1393.0,1397.6,1392.9,1395.2,9804.0
2026-06-11 11:45:00,1394.5,1396.3,1394.5,1395.0,2042.0
2026-06-11 11:50:00,1395.3,1397.5,1393.8,1394.1,9758.0
2026-06-11 11:55:00,1393.9,1394.6,1393.8,1394.4,3618.0
2026-06-11 12:00:00,1393.7,1397.0,1393.5,1397.0,1582.0
2026-06-11 12:05:00,1396.3,1398.0,1395.2,1395.2,4442.0
2026-06-11 12:10:00,1395.5,1397.4,1395.2,1396.7,726.0
2026-06-11 12:15:00,1397.8,1397.8,1395.7,1396.4,2980.0
2026-06-11 12:20:00,1396.4,1397.0,1394.8,1395.8,2510.0
2026-06-11 12:25:00,1395.8,1396.4,1392.8,1392.8,4738.0
2026-06-11 12:30:00,1392.2,1398.6,1391.9,1398.5,1778.0
2026-06-11 12:35:00,1398.5,1398.5,1394.8,1396.3,5700.0
2026-06-11 12:40:00,1396.4,1398.0,1396.4,1397.6,4036.0
2026-06-11 12:45:00,1397.7,1399.4,1397.2,1398.2,8908.0
2026-06-11 12:50:00,1398.1,1399.1,1394.0,1394.2,3271.0
2026-06-11 12:55:00,1394.1,1394.1,1390.8,1393.2,3691.0
2026-06-11 13:00:00,1393.3,1394.8,1391.1,1392.7,3592.0
2026-06-11 13:05:00,1392.3,1396.3,1392.3,1395.4,4150.0
2026-06-11 13:10:00,1395.4,1395.6,1393.6,1393.6,1871.0
2026-06-11 13:15:00,1393.9,1396.0,1393.6,1395.5,2322.0
2026-06-11 13:20:00,1395.9,1395.9,1393.2,1394.7,2728.0
2026-06-11 13:25:00,1394.4,1395.0,1394.1,1395.0,2081.0
2026-06-11 13:30:00,1395.0,1396.4,1394.9,1395.3,4224.0
2026-06-11 13:35:00,1395.4,1396.5,1393.7,1393.7,2671.0
2026-06-11 13:40:00,1393.9,1394.7,1390.6,1391.4,4378.0
2026-06-11 13:45:00,1391.4,1393.9,1391.1,1393.8,3703.0
2026-06-11 13:50:00,1393.7,1393.7,1392.0,1393.1,2028.0
2026-06-11 13:55:00,1393.1,1396.9,1393.1,1396.5,2720.0
2026-06-11 14:00:00,1396.5,1396.5,1393.1,1395.1,3022.0
2026-06-11 14:05:00,1395.1,1396.0,1393.2,1395.2,2930.0
2026-06-11 14:10:00,1394.9,1395.5,1388.0,1388.1,9082.0
2026-06-11 14:15:00,1388.1,1390.7,1388.1,1390.0,5422.0
2026-06-11 14:20:00,1390.0,1390.5,1389.1,1389.6,8150.0
2026-06-11 14:25:00,1389.3,1390.6,1388.4,1389.6,11638.0
2026-06-11 14:30:00,1389.4,1390.0,1388.1,1389.0,3003.0
2026-06-11 14:35:00,1389.3,1390.2,1388.7,1389.8,4431.0
2026-06-11 14:40:00,1390.0,1390.1,1388.6,1389.3,5562.0
2026-06-11 14:45:00,1389.3,1390.5,1388.7,1390.3,8940.0
2026-06-11 14:50:00,1390.0,1390.4,1389.0,1389.8,4849.0
2026-06-11 14:55:00,1389.4,1389.8,1382.2,1383.2,8863.0
2026-06-11 15:00:00,1383.1,1391.6,1382.7,1387.7,33660.0
2026-06-11 15:05:00,1388.1,1390.0,1387.8,1389.2,18709.0
2026-06-11 15:10:00,1389.2,1390.0,1388.2,1390.0,15666.0
2026-06-11 15:15:00,1390.0,1390.1,1388.6,1390.0,21667.0
2026-06-11 15:20:00,1390.0,1390.1,1389.9,1389.9,25293.0
2026-06-11 15:25:00,1390.0,1390.2,1383.2,1388.0,20916.0
2026-06-12 09:15:00,1404.0,1417.2,1392.0,1398.3,21509.0
2026-06-12 09:20:00,1401.2,1402.0,1396.2,1399.2,11966.0
2026-06-12 09:25:00,1398.6,1400.9,1391.6,1394.9,10640.0
2026-06-12 09:30:00,1395.2,1395.2,1391.5,1392.8,3166.0
2026-06-12 09:35:00,1393.6,1395.5,1392.1,1392.9,4021.0
2026-06-12 09:40:00,1392.7,1393.2,1390.1,1393.0,3418.0
2026-06-12 09:45:00,1393.0,1393.7,1386.0,1390.1,4584.0
2026-06-12 09:50:00,1389.4,1389.4,1381.3,1382.0,6807.0
2026-06-12 09:55:00,1381.8,1382.8,1376.3,1380.1,9434.0
2026-06-12 10:00:00,1379.9,1380.8,1375.0,1379.3,5041.0
2026-06-12 10:05:00,1378.6,1384.8,1378.4,1382.0,7809.0
2026-06-12 10:10:00,1382.7,1384.1,1380.0,1381.6,2543.0
2026-06-12 10:15:00,1382.2,1385.7,1382.2,1385.4,1183.0
2026-06-12 10:20:00,1385.6,1389.2,1385.2,1387.8,3352.0
2026-06-12 10:25:00,1387.7,1390.8,1383.0,1384.9,3857.0
2026-06-12 10:30:00,1385.6,1386.8,1380.2,1386.8,3605.0
2026-06-12 10:35:00,1387.1,1391.3,1387.1,1390.9,4264.0
2026-06-12 10:40:00,1391.0,1392.0,1366.5,1367.7,28065.0
2026-06-12 10:45:00,1368.5,1369.2,1365.5,1367.6,10645.0
2026-06-12 10:50:00,1368.8,1369.8,1366.3,1367.6,7032.0
2026-06-12 10:55:00,1367.6,1368.7,1365.5,1366.2,5734.0
2026-06-12 11:00:00,1365.5,1368.3,1364.7,1367.7,7612.0
2026-06-12 11:05:00,1367.6,1369.1,1366.6,1367.0,5569.0
2026-06-12 11:10:00,1367.2,1377.6,1367.1,1377.6,10236.0
2026-06-12 11:15:00,1376.4,1378.7,1375.0,1377.3,7911.0
2026-06-12 11:20:00,1376.5,1377.3,1371.9,1372.4,6240.0
2026-06-12 11:25:00,1373.2,1376.0,1372.6,1375.4,7243.0
2026-06-12 11:30:00,1374.7,1378.0,1374.4,1376.9,5339.0
2026-06-12 11:35:00,1376.7,1377.9,1376.0,1377.2,6632.0
2026-06-12 11:40:00,1376.5,1377.7,1375.0,1376.4,6157.0
2026-06-12 11:45:00,1375.7,1377.5,1375.0,1375.5,4679.0
2026-06-12 11:50:00,1375.4,1377.4,1375.0,1377.0,4866.0
2026-06-12 11:55:00,1376.8,1378.0,1376.4,1376.9,5863.0
2026-06-12 12:00:00,1376.8,1377.6,1375.0,1375.5,7114.0
2026-06-12 12:05:00,1375.3,1375.9,1371.6,1373.6,5671.0
2026-06-12 12:10:00,1373.1,1373.7,1370.5,1370.5,4541.0
2026-06-12 12:15:00,1371.4,1371.4,1368.8,1369.7,6301.0
2026-06-12 12:20:00,1369.1,1371.3,1369.1,1371.3,5299.0
2026-06-12 12:25:00,1370.1,1372.5,1370.0,1370.9,5159.0
2026-06-12 12:30:00,1370.8,1372.0,1369.3,1371.2,4875.0
2026-06-12 12:35:00,1371.5,1371.7,1368.6,1370.0,4392.0
2026-06-12 12:40:00,1369.4,1370.8,1365.0,1365.8,7953.0
2026-06-12 12:45:00,1365.7,1366.5,1364.1,1365.3,6816.0
2026-06-12 12:50:00,1364.5,1366.5,1364.4,1365.0,5900.0
2026-06-12 12:55:00,1364.4,1365.0,1362.1,1363.4,7208.0
2026-06-12 13:00:00,1363.2,1365.7,1362.5,1365.4,9696.0
2026-06-12 13:05:00,1365.1,1367.3,1364.2,1365.0,7325.0
2026-06-12 13:10:00,1364.6,1367.4,1363.7,1365.3,7727.0
2026-06-12 13:15:00,1365.0,1380.3,1364.2,1379.1,15919.0
2026-06-12 13:20:00,1379.4,1381.8,1369.2,1369.2,9349.0
2026-06-12 13:25:00,1368.9,1372.1,1366.8,1368.6,12111.0
2026-06-12 13:30:00,1368.5,1376.1,1368.5,1375.7,3973.0
2026-06-12 13:35:00,1374.6,1378.0,1372.8,1375.5,7329.0
2026-06-12 13:40:00,1375.3,1381.6,1375.3,1380.9,12591.0
2026-06-12 13:45:00,1380.9,1383.9,1379.0,1383.3,5975.0
2026-06-12 13:50:00,1383.2,1383.6,1380.9,1381.1,2672.0
2026-06-12 13:55:00,1381.1,1384.7,1381.1,1383.6,2884.0
2026-06-12 14:00:00,1383.5,1384.1,1382.0,1383.5,1603.0
2026-06-12 14:05:00,1383.6,1387.1,1382.3,1386.0,5012.0
2026-06-12 14:10:00,1385.9,1388.9,1380.4,1382.7,11381.0
2026-06-12 14:15:00,1382.8,1384.9,1382.4,1384.1,1602.0
2026-06-12 14:20:00,1384.7,1386.6,1382.8,1385.4,2816.0
2026-06-12 14:25:00,1385.3,1386.6,1382.6,1384.4,2131.0
2026-06-12 14:30:00,1384.5,1387.5,1383.6,1385.9,2995.0
2026-06-12 14:35:00,1385.9,1385.9,1383.0,1385.3,2464.0
2026-06-12 14:40:00,1386.0,1386.4,1384.3,1385.1,2645.0
2026-06-12 14:45:00,1385.0,1385.8,1382.9,1384.0,3329.0
2026-06-12 14:50:00,1383.9,1385.1,1383.0,1383.9,1484.0
2026-06-12 14:55:00,1384.9,1387.9,1381.1,1386.4,7449.0
2026-06-12 15:00:00,1385.7,1388.4,1384.4,1388.0,5409.0
2026-06-12 15:05:00,1388.5,1391.5,1386.5,1391.1,8668.0
2026-06-12 15:10:00,1391.0,1391.0,1387.3,1388.3,12082.0
2026-06-12 15:15:00,1388.4,1390.0,1386.8,1389.2,12290.0
2026-06-12 15:20:00,1389.1,1390.0,1387.4,1388.0,9127.0
2026-06-12 15:25:00,1389.1,1394.0,1387.7,1389.0,14055.0
2026-06-15 09:15:00,1404.0,1424.0,1402.9,1417.5,49155.0
2026-06-15 09:20:00,1415.6,1444.6,1415.6,1444.6,81040.0
2026-06-15 09:25:00,1443.1,1449.0,1442.6,1447.3,61238.0
2026-06-15 09:30:00,1448.0,1455.0,1445.2,1447.0,46331.0
2026-06-15 09:35:00,1448.2,1448.2,1442.5,1444.9,29455.0
2026-06-15 09:40:00,1444.6,1445.0,1441.5,1444.6,23001.0
2026-06-15 09:45:00,1445.0,1449.0,1442.1,1444.7,21965.0
2026-06-15 09:50:00,1445.3,1445.3,1432.8,1437.0,25359.0
2026-06-15 09:55:00,1437.0,1441.0,1434.8,1438.8,18935.0
2026-06-15 10:00:00,1438.4,1445.5,1438.3,1443.5,18545.0
2026-06-15 10:05:00,1443.6,1444.7,1437.9,1439.0,16955.0
2026-06-15 10:10:00,1438.7,1440.6,1431.2,1432.5,32933.0
2026-06-15 10:15:00,1432.7,1438.0,1431.2,1438.0,18869.0
2026-06-15 10:20:00,1439.1,1442.6,1437.3,1442.5,23033.0
2026-06-15 10:25:00,1441.4,1442.5,1438.3,1440.2,12311.0
2026-06-15 10:30:00,1440.7,1444.9,1440.4,1441.8,14954.0
2026-06-15 10:35:00,1441.6,1443.4,1421.3,1422.7,49678.0
2026-06-15 10:40:00,1422.2,1422.2,1415.5,1419.6,34781.0
2026-06-15 10:45:00,1419.1,1420.3,1412.2,1413.4,15429.0
2026-06-15 10:50:00,1412.9,1417.1,1395.3,1398.4,45942.0
2026-06-15 10:55:00,1397.9,1403.5,1393.3,1402.2,22167.0
2026-06-15 11:00:00,1402.5,1402.5,1395.0,1396.0,15022.0
2026-06-15 11:05:00,1395.5,1397.7,1395.0,1396.3,12513.0
2026-06-15 11:10:00,1396.4,1400.0,1396.1,1396.4,14269.0
2026-06-15 11:15:00,1396.0,1397.0,1389.4,1392.2,22388.0
2026-06-15 11:20:00,1391.9,1394.0,1390.5,1393.5,12661.0
2026-06-15 11:25:00,1393.0,1395.8,1392.1,1394.0,12291.0
2026-06-15 11:30:00,1394.0,1407.8,1394.0,1403.2,22015.0
2026-06-15 11:35:00,1402.7,1406.0,1402.0,1403.3,7751.0
2026-06-15 11:40:00,1402.8,1404.3,1401.0,1403.3,8689.0
2026-06-15 11:45:00,1402.8,1402.8,1387.5,1391.8,18443.0
2026-06-15 11:50:00,1391.7,1395.4,1391.7,1392.6,10228.0
2026-06-15 11:55:00,1392.2,1394.4,1390.6,1392.0,11705.0
2026-06-15 12:00:00,1391.5,1394.4,1391.1,1393.5,8772.0
2026-06-15 12:05:00,1393.6,1394.1,1389.7,1391.2,19919.0
2026-06-15 12:10:00,1391.1,1393.3,1390.7,1393.2,9204.0
2026-06-15 12:15:00,1392.8,1393.7,1387.5,1388.3,12772.0
2026-06-15 12:20:00,1387.8,1389.7,1387.0,1387.7,12810.0
2026-06-15 12:25:00,1387.2,1387.7,1385.0,1385.6,11094.0
2026-06-15 12:30:00,1385.1,1389.8,1384.0,1388.5,16320.0
2026-06-15 12:35:00,1388.9,1397.9,1388.9,1395.3,16684.0
2026-06-15 12:40:00,1394.8,1395.3,1393.2,1394.6,12681.0
2026-06-15 12:45:00,1394.8,1395.9,1393.9,1394.7,16004.0
2026-06-15 12:50:00,1394.6,1395.5,1393.8,1394.6,12180.0
2026-06-15 12:55:00,1394.6,1396.8,1394.1,1395.4,9798.0
2026-06-15 13:00:00,1395.8,1396.1,1394.0,1395.4,11161.0
2026-06-15 13:05:00,1394.3,1395.0,1390.0,1393.0,9682.0
2026-06-15 13:10:00,1392.0,1393.1,1390.5,1391.4,9124.0
2026-06-15 13:15:00,1390.9,1394.0,1390.6,1393.6,7902.0
2026-06-15 13:20:00,1393.1,1393.9,1391.1,1391.1,10391.0
2026-06-15 13:25:00,1391.9,1393.9,1390.5,1392.6,10697.0
2026-06-15 13:30:00,1392.1,1402.0,1392.1,1395.9,14779.0
2026-06-15 13:35:00,1396.3,1396.9,1393.8,1395.3,7239.0
2026-06-15 13:40:00,1395.7,1398.2,1395.1,1396.6,4185.0
2026-06-15 13:45:00,1396.3,1398.8,1394.2,1398.8,6610.0
2026-06-15 13:50:00,1398.6,1400.5,1392.0,1395.1,6187.0
2026-06-15 13:55:00,1394.5,1396.1,1393.8,1394.5,2956.0
2026-06-15 14:00:00,1395.2,1395.4,1393.3,1395.0,4904.0
2026-06-15 14:05:00,1394.0,1394.0,1391.2,1393.8,3820.0
2026-06-15 14:10:00,1394.5,1394.5,1391.1,1392.0,6634.0
2026-06-15 14:15:00,1391.5,1393.6,1390.4,1393.0,4692.0
2026-06-15 14:20:00,1393.0,1394.6,1391.6,1393.3,2501.0
2026-06-15 14:25:00,1393.2,1393.9,1392.0,1393.0,2736.0
2026-06-15 14:30:00,1392.8,1394.6,1390.4,1391.1,3882.0
2026-06-15 14:35:00,1391.1,1392.2,1390.7,1391.0,3034.0
2026-06-15 14:40:00,1391.4,1391.4,1387.0,1388.3,8549.0
2026-06-15 14:45:00,1388.9,1389.1,1386.3,1388.5,10980.0
2026-06-15 14:50:00,1388.0,1389.2,1386.8,1387.9,7050.0
2026-06-15 14:55:00,1387.6,1389.9,1385.1,1387.0,7182.0
2026-06-15 15:00:00,1386.8,1388.2,1383.7,1385.0,19452.0
2026-06-15 15:05:00,1385.6,1387.6,1383.5,1384.2,14277.0
2026-06-15 15:10:00,1384.7,1387.6,1378.0,1383.4,35469.0
2026-06-15 15:15:00,1382.9,1387.4,1382.6,1385.0,35466.0
2026-06-15 15:20:00,1385.1,1386.1,1381.0,1382.4,24354.0
2026-06-15 15:25:00,1381.5,1389.9,1381.0,1385.0,31799.0
2026-06-16 09:15:00,1391.0,1418.7,1381.1,1407.0,60414.0
2026-06-16 09:20:00,1408.4,1412.1,1401.1,1401.1,25021.0
2026-06-16 09:25:00,1401.0,1405.5,1400.0,1400.6,12120.0
2026-06-16 09:30:00,1401.4,1411.0,1399.2,1406.3,17791.0
2026-06-16 09:35:00,1406.6,1410.3,1399.8,1409.3,18789.0
2026-06-16 09:40:00,1409.5,1409.5,1402.7,1404.0,7878.0
2026-06-16 09:45:00,1403.3,1405.0,1396.8,1398.8,10269.0
2026-06-16 09:50:00,1398.0,1399.9,1392.2,1393.8,19421.0
2026-06-16 09:55:00,1393.8,1395.5,1392.2,1393.6,8749.0
2026-06-16 10:00:00,1393.6,1395.0,1392.0,1393.9,4341.0
2026-06-16 10:05:00,1395.0,1395.7,1392.4,1393.2,5330.0
2026-06-16 10:10:00,1393.2,1395.0,1392.1,1394.2,2697.0
2026-06-16 10:15:00,1395.0,1395.3,1392.9,1393.4,4884.0
2026-06-16 10:20:00,1394.3,1400.1,1393.2,1398.5,11321.0
2026-06-16 10:25:00,1397.4,1398.1,1393.7,1393.7,6202.0
2026-06-16 10:30:00,1394.5,1396.8,1393.1,1393.1,7425.0
2026-06-16 10:35:00,1393.1,1395.7,1393.1,1394.0,3718.0
2026-06-16 10:40:00,1394.0,1395.5,1393.2,1394.1,4601.0
2026-06-16 10:45:00,1394.1,1399.8,1394.0,1395.7,8367.0
2026-06-16 10:50:00,1396.5,1397.0,1395.5,1396.2,2197.0
2026-06-16 10:55:00,1395.0,1397.0,1394.4,1397.0,4264.0
2026-06-16 11:00:00,1397.0,1397.0,1396.0,1396.6,1545.0
2026-06-16 11:05:00,1397.0,1397.2,1395.3,1396.9,2557.0
2026-06-16 11:10:00,1396.5,1397.2,1395.4,1396.8,1591.0
2026-06-16 11:15:00,1396.9,1397.0,1396.3,1396.3,1142.0
2026-06-16 11:20:00,1396.3,1397.0,1395.3,1396.1,2403.0
2026-06-16 11:25:00,1396.2,1397.1,1395.6,1396.3,3204.0
2026-06-16 11:30:00,1397.0,1405.5,1395.0,1404.7,6154.0
2026-06-16 11:35:00,1405.0,1407.5,1403.9,1405.5,3459.0
2026-06-16 11:40:00,1405.5,1410.0,1404.4,1407.7,11440.0
2026-06-16 11:45:00,1408.5,1410.9,1408.0,1410.6,10540.0
2026-06-16 11:50:00,1411.2,1415.5,1410.7,1414.8,14398.0
2026-06-16 11:55:00,1414.1,1415.2,1411.2,1411.2,5557.0
2026-06-16 12:00:00,1412.5,1414.1,1410.9,1413.0,3440.0
2026-06-16 12:05:00,1413.1,1414.0,1411.8,1412.8,2780.0
2026-06-16 12:10:00,1413.0,1420.0,1411.0,1417.3,16877.0
2026-06-16 12:15:00,1416.3,1425.0,1416.2,1416.4,48471.0
2026-06-16 12:20:00,1416.1,1416.1,1408.1,1409.5,15674.0
2026-06-16 12:25:00,1410.0,1410.7,1407.5,1407.8,9244.0
2026-06-16 12:30:00,1407.8,1408.0,1405.5,1405.5,7004.0
2026-06-16 12:35:00,1405.5,1405.6,1402.5,1402.6,12333.0
2026-06-16 12:40:00,1403.8,1403.8,1391.7,1392.4,21937.0
2026-06-16 12:45:00,1393.4,1394.7,1392.0,1394.0,7333.0
2026-06-16 12:50:00,1394.5,1395.0,1392.4,1393.6,7465.0
2026-06-16 12:55:00,1394.5,1399.0,1393.4,1397.4,7309.0
2026-06-16 13:00:00,1397.4,1398.6,1395.0,1396.8,4248.0
2026-06-16 13:05:00,1397.7,1397.8,1394.4,1394.4,3666.0
2026-06-16 13:10:00,1394.7,1399.9,1393.6,1398.9,5437.0
2026-06-16 13:15:00,1398.9,1401.4,1397.5,1400.8,7994.0
2026-06-16 13:20:00,1400.1,1400.8,1397.2,1397.5,4453.0
2026-06-16 13:25:00,1398.0,1404.0,1396.9,1404.0,5160.0
2026-06-16 13:30:00,1404.0,1407.6,1404.0,1406.5,7216.0
2026-06-16 13:35:00,1406.3,1406.5,1404.9,1404.9,2525.0
2026-06-16 13:40:00,1405.6,1406.5,1404.9,1406.4,2178.0
2026-06-16 13:45:00,1406.1,1409.5,1406.1,1408.2,3310.0
2026-06-16 13:50:00,1408.2,1410.0,1405.4,1405.9,5119.0
2026-06-16 13:55:00,1406.6,1408.8,1406.6,1408.5,3188.0
2026-06-16 14:00:00,1408.6,1410.0,1407.0,1407.0,3062.0
2026-06-16 14:05:00,1407.0,1407.2,1402.2,1403.1,6020.0
2026-06-16 14:10:00,1403.3,1405.0,1402.5,1403.8,2066.0
2026-06-16 14:15:00,1403.8,1413.5,1402.6,1412.9,7666.0
2026-06-16 14:20:00,1415.0,1415.0,1411.0,1413.3,7706.0
2026-06-16 14:25:00,1413.3,1415.1,1412.6,1414.0,6169.0
2026-06-16 14:30:00,1413.8,1417.8,1413.5,1417.0,7771.0
2026-06-16 14:35:00,1417.0,1417.5,1415.0,1416.0,8444.0
2026-06-16 14:40:00,1415.3,1415.9,1412.0,1412.3,6088.0
2026-06-16 14:45:00,1412.4,1414.8,1412.4,1413.9,6694.0
2026-06-16 14:50:00,1413.6,1415.0,1412.5,1415.0,3322.0
2026-06-16 14:55:00,1414.8,1415.6,1412.0,1415.3,6359.0
2026-06-16 15:00:00,1415.6,1419.9,1415.3,1419.0,17673.0
2026-06-16 15:05:00,1419.8,1421.0,1418.8,1420.2,12595.0
2026-06-16 15:10:00,1420.2,1420.4,1417.1,1418.0,17551.0
2026-06-16 15:15:00,1418.0,1421.0,1418.0,1420.9,20257.0
2026-06-16 15:20:00,1421.0,1421.0,1416.2,1418.5,21146.0
2026-06-16 15:25:00,1418.5,1418.6,1412.5,1415.6,19467.0
2026-06-17 09:15:00,1416.0,1433.5,1404.0,1412.3,41347.0
2026-06-17 09:20:00,1411.4,1412.7,1405.0,1410.0,17043.0
2026-06-17 09:25:00,1410.0,1410.0,1404.2,1409.5,9196.0
2026-06-17 09:30:00,1409.3,1410.1,1405.5,1407.6,8034.0
2026-06-17 09:35:00,1408.2,1408.6,1400.6,1404.3,14435.0
2026-06-17 09:40:00,1404.4,1406.3,1402.5,1405.0,3812.0
2026-06-17 09:45:00,1404.9,1408.9,1404.0,1406.1,4643.0
2026-06-17 09:50:00,1406.1,1406.1,1402.1,1403.5,4729.0
2026-06-17 09:55:00,1404.0,1408.0,1403.5,1406.4,5317.0
2026-06-17 10:00:00,1406.3,1408.2,1398.8,1399.9,10189.0
2026-06-17 10:05:00,1399.9,1403.9,1398.9,1402.4,3955.0
2026-06-17 10:10:00,1402.4,1402.7,1398.5,1399.9,5958.0
2026-06-17 10:15:00,1399.1,1402.9,1399.1,1401.9,2214.0
2026-06-17 10:20:00,1402.4,1403.9,1400.6,1401.7,4230.0
2026-06-17 10:25:00,1401.0,1402.1,1396.3,1397.9,7582.0
2026-06-17 10:30:00,1397.8,1401.9,1397.0,1399.6,4442.0
2026-06-17 10:35:00,1399.5,1401.9,1398.8,1400.7,2204.0
2026-06-17 10:40:00,1400.7,1402.6,1399.2,1402.6,2598.0
2026-06-17 10:45:00,1401.5,1402.9,1398.2,1398.8,3920.0
2026-06-17 10:50:00,1398.3,1400.4,1397.3,1399.3,1987.0
2026-06-17 10:55:00,1399.8,1404.9,1399.4,1402.9,8688.0
2026-06-17 11:00:00,1402.9,1402.9,1401.2,1401.4,1422.0
2026-06-17 11:05:00,1401.7,1404.1,1401.4,1403.2,2206.0
2026-06-17 11:10:00,1403.1,1404.5,1402.1,1403.7,2076.0
2026-06-17 11:15:00,1403.7,1407.0,1403.7,1406.9,4151.0
2026-06-17 11:20:00,1407.0,1408.0,1406.2,1406.3,3184.0
2026-06-17 11:25:00,1405.4,1407.4,1405.0,1407.0,1747.0
2026-06-17 11:30:00,1407.0,1407.5,1406.5,1407.0,1582.0
2026-06-17 11:35:00,1407.0,1409.7,1406.5,1407.8,6234.0
2026-06-17 11:40:00,1407.2,1414.2,1406.5,1411.7,5340.0
2026-06-17 11:45:00,1411.7,1413.5,1411.2,1412.7,5441.0
2026-06-17 11:50:00,1412.1,1412.8,1411.0,1411.7,1288.0
2026-06-17 11:55:00,1411.6,1412.2,1408.8,1410.5,3890.0
2026-06-17 12:00:00,1410.5,1410.6,1407.0,1408.0,3008.0
2026-06-17 12:05:00,1408.0,1409.9,1408.0,1409.4,1023.0
2026-06-17 12:10:00,1409.4,1410.6,1408.1,1408.9,3071.0
2026-06-17 12:15:00,1408.1,1410.5,1407.0,1408.0,2914.0
2026-06-17 12:20:00,1408.0,1408.7,1407.3,1408.7,1228.0
2026-06-17 12:25:00,1408.7,1411.1,1407.3,1410.4,2949.0
2026-06-17 12:30:00,1410.5,1410.6,1406.4,1406.8,2929.0
2026-06-17 12:35:00,1407.0,1407.7,1405.7,1406.7,3585.0
2026-06-17 12:40:00,1406.9,1409.8,1405.2,1408.4,2159.0
2026-06-17 12:45:00,1409.0,1410.9,1409.0,1410.0,1206.0
2026-06-17 12:50:00,1410.7,1411.1,1408.1,1408.9,1981.0
2026-06-17 12:55:00,1408.9,1411.0,1408.4,1410.2,1221.0
2026-06-17 13:00:00,1410.3,1410.7,1407.6,1410.1,1056.0
2026-06-17 13:05:00,1410.1,1411.6,1408.1,1409.7,1816.0
2026-06-17 13:10:00,1409.8,1411.5,1409.4,1410.5,2199.0
2026-06-17 13:15:00,1410.2,1415.0,1408.8,1415.0,3698.0
2026-06-17 13:20:00,1414.8,1415.5,1410.2,1411.2,3692.0
2026-06-17 13:25:00,1411.2,1414.9,1411.2,1414.5,3707.0
2026-06-17 13:30:00,1414.5,1414.9,1411.5,1413.8,1611.0
2026-06-17 13:35:00,1413.8,1414.1,1412.1,1413.2,733.0
2026-06-17 13:40:00,1413.5,1414.0,1412.2,1412.6,633.0
2026-06-17 13:45:00,1412.3,1413.3,1410.8,1411.5,1018.0
2026-06-17 13:50:00,1411.8,1413.9,1409.2,1412.5,4272.0
2026-06-17 13:55:00,1412.0,1413.8,1410.0,1413.3,1827.0
2026-06-17 14:00:00,1413.2,1413.8,1412.1,1412.1,913.0
2026-06-17 14:05:00,1412.6,1413.0,1409.0,1410.3,2508.0
2026-06-17 14:10:00,1410.3,1411.4,1408.4,1408.5,2622.0
2026-06-17 14:15:00,1408.6,1412.1,1408.0,1408.0,2662.0
2026-06-17 14:20:00,1408.5,1409.0,1407.5,1408.0,1228.0
2026-06-17 14:25:00,1408.0,1408.6,1405.3,1407.0,1914.0
2026-06-17 14:30:00,1407.0,1407.0,1398.8,1406.2,9144.0
2026-06-17 14:35:00,1405.4,1407.0,1405.1,1406.3,1473.0
2026-06-17 14:40:00,1406.2,1407.9,1405.8,1406.8,2400.0
2026-06-17 14:45:00,1405.0,1406.9,1404.0,1404.0,3945.0
2026-06-17 14:50:00,1404.0,1406.6,1403.1,1404.6,3380.0
2026-06-17 14:55:00,1405.2,1406.9,1403.2,1405.6,4651.0
2026-06-17 15:00:00,1405.4,1407.0,1405.0,1405.4,8893.0
2026-06-17 15:05:00,1405.4,1407.0,1404.0,1404.9,7842.0
2026-06-17 15:10:00,1404.9,1405.2,1404.1,1405.0,7829.0
2026-06-17 15:15:00,1405.0,1406.5,1404.7,1406.1,10029.0
2026-06-17 15:20:00,1406.1,1406.5,1405.0,1405.9,13180.0
2026-06-17 15:25:00,1405.9,1405.9,1400.1,1400.2,27325.0
2026-06-18 09:15:00,1408.9,1412.6,1404.0,1407.0,30463.0
2026-06-18 09:20:00,1408.3,1408.7,1401.7,1408.0,10465.0
2026-06-18 09:25:00,1408.9,1415.5,1408.0,1412.0,11810.0
2026-06-18 09:30:00,1412.6,1415.0,1404.4,1405.0,9038.0
2026-06-18 09:35:00,1405.0,1410.8,1402.1,1410.2,8980.0
2026-06-18 09:40:00,1411.0,1412.2,1409.3,1409.6,7697.0
2026-06-18 09:45:00,1410.1,1412.2,1409.4,1411.5,3634.0
2026-06-18 09:50:00,1411.5,1412.2,1410.0,1410.0,8426.0
2026-06-18 09:55:00,1410.0,1410.8,1407.7,1408.8,4585.0
2026-06-18 10:00:00,1409.5,1412.0,1408.7,1411.1,2283.0
2026-06-18 10:05:00,1412.0,1412.0,1404.6,1405.6,3028.0
2026-06-18 10:10:00,1407.0,1408.3,1404.9,1408.2,1630.0
2026-06-18 10:15:00,1408.2,1408.9,1405.0,1406.9,2550.0
2026-06-18 10:20:00,1406.8,1409.3,1406.8,1408.9,981.0
2026-06-18 10:25:00,1409.1,1409.1,1401.6,1403.9,5294.0
2026-06-18 10:30:00,1403.6,1407.0,1402.8,1407.0,2052.0
2026-06-18 10:35:00,1407.0,1407.8,1402.8,1403.7,2520.0
2026-06-18 10:40:00,1403.0,1405.1,1402.0,1403.9,5268.0
2026-06-18 10:45:00,1404.0,1405.9,1402.7,1402.7,2150.0
2026-06-18 10:50:00,1402.2,1405.9,1402.2,1404.5,1533.0
2026-06-18 10:55:00,1405.1,1405.6,1402.5,1403.4,1504.0
2026-06-18 11:00:00,1403.5,1405.4,1403.5,1404.8,1067.0
2026-06-18 11:05:00,1403.9,1406.5,1403.0,1405.1,1455.0
2026-06-18 11:10:00,1405.6,1407.0,1401.1,1401.1,2971.0
2026-06-18 11:15:00,1401.7,1402.4,1400.9,1401.2,4842.0
2026-06-18 11:20:00,1401.2,1403.5,1401.0,1402.4,1578.0
2026-06-18 11:25:00,1402.9,1403.1,1400.6,1402.0,1739.0
2026-06-18 11:30:00,1402.0,1404.3,1402.0,1403.6,1846.0
2026-06-18 11:35:00,1404.5,1404.9,1400.2,1401.3,3443.0
2026-06-18 11:40:00,1401.0,1402.8,1399.8,1401.9,3280.0
2026-06-18 11:45:00,1402.0,1407.8,1401.9,1407.8,3779.0
2026-06-18 11:50:00,1407.3,1409.2,1405.0,1407.3,5523.0
2026-06-18 11:55:00,1407.1,1409.8,1406.8,1409.6,1138.0
2026-06-18 12:00:00,1409.4,1411.8,1408.5,1411.0,2033.0
2026-06-18 12:05:00,1410.0,1411.0,1407.4,1408.0,1941.0
2026-06-18 12:10:00,1407.8,1409.5,1405.7,1409.3,1619.0
2026-06-18 12:15:00,1409.5,1409.7,1406.7,1409.5,2380.0
2026-06-18 12:20:00,1409.7,1410.1,1406.8,1407.0,1049.0
2026-06-18 12:25:00,1408.2,1409.1,1406.9,1407.6,1020.0
2026-06-18 12:30:00,1409.4,1409.4,1408.2,1408.9,389.0
2026-06-18 12:35:00,1408.7,1408.9,1406.8,1407.0,1404.0
2026-06-18 12:40:00,1406.5,1408.9,1406.5,1407.4,681.0
2026-06-18 12:45:00,1408.2,1408.4,1405.4,1408.0,1646.0
2026-06-18 12:50:00,1408.0,1409.6,1407.3,1408.1,2148.0
2026-06-18 12:55:00,1408.2,1409.3,1406.6,1407.2,1614.0
2026-06-18 13:00:00,1407.8,1409.2,1406.5,1407.7,1219.0
2026-06-18 13:05:00,1406.8,1409.9,1406.8,1409.8,830.0
2026-06-18 13:10:00,1409.8,1410.8,1409.0,1409.2,1914.0
2026-06-18 13:15:00,1409.2,1409.6,1407.4,1407.5,1153.0
2026-06-18 13:20:00,1407.5,1408.3,1406.8,1408.2,374.0
2026-06-18 13:25:00,1408.2,1409.5,1407.7,1409.0,666.0
2026-06-18 13:30:00,1409.0,1409.9,1409.0,1409.2,312.0
2026-06-18 13:35:00,1409.8,1409.9,1408.5,1409.2,1153.0
2026-06-18 13:40:00,1409.0,1409.8,1407.3,1408.6,1561.0
2026-06-18 13:45:00,1408.0,1409.4,1408.0,1408.1,983.0
2026-06-18 13:50:00,1408.0,1408.6,1407.0,1407.9,1091.0
2026-06-18 13:55:00,1407.0,1408.5,1406.9,1407.6,808.0
2026-06-18 14:00:00,1408.3,1411.1,1408.1,1410.2,3077.0
2026-06-18 14:05:00,1410.2,1417.5,1409.5,1414.2,8115.0
2026-06-18 14:10:00,1414.2,1417.0,1413.7,1414.5,5359.0
2026-06-18 14:15:00,1414.6,1414.6,1411.0,1411.2,1365.0
2026-06-18 14:20:00,1411.2,1413.8,1411.1,1413.7,1494.0
2026-06-18 14:25:00,1413.1,1415.9,1411.1,1412.9,3364.0
2026-06-18 14:30:00,1412.2,1412.3,1410.2,1410.6,1902.0
2026-06-18 14:35:00,1410.6,1411.0,1409.4,1410.0,1363.0
2026-06-18 14:40:00,1410.9,1412.9,1410.2,1412.2,2112.0
2026-06-18 14:45:00,1412.2,1412.9,1409.4,1410.3,1686.0
2026-06-18 14:50:00,1410.3,1411.6,1409.7,1410.1,1275.0
2026-06-18 14:55:00,1410.6,1415.1,1409.0,1415.0,5218.0
2026-06-18 15:00:00,1414.1,1417.5,1412.9,1412.9,29056.0
2026-06-18 15:05:00,1412.9,1415.3,1407.8,1410.4,23296.0
2026-06-18 15:10:00,1410.4,1411.0,1405.0,1406.9,19623.0
2026-06-18 15:15:00,1407.9,1411.4,1407.8,1411.1,24447.0
2026-06-18 15:20:00,1411.3,1415.0,1410.3,1411.2,26569.0
2026-06-18 15:25:00,1411.1,1420.5,1409.3,1414.5,43058.0
2026-06-19 09:15:00,1408.0,1437.0,1407.0,1434.7,55915.0
2026-06-19 09:20:00,1434.7,1451.0,1433.3,1446.9,94587.0
2026-06-19 09:25:00,1447.6,1450.0,1440.0,1443.7,38559.0
2026-06-19 09:30:00,1443.0,1446.1,1438.0,1441.4,20161.0
2026-06-19 09:35:00,1441.1,1446.0,1440.1,1441.0,15406.0
2026-06-19 09:40:00,1441.0,1445.0,1435.7,1436.8,17593.0
2026-06-19 09:45:00,1436.8,1442.0,1430.0,1439.2,12031.0
2026-06-19 09:50:00,1438.1,1444.2,1437.8,1444.2,8434.0
2026-06-19 09:55:00,1444.6,1447.5,1443.6,1444.5,16401.0
2026-06-19 10:00:00,1444.1,1445.7,1442.0,1444.9,8714.0
2026-06-19 10:05:00,1445.0,1446.5,1440.0,1440.5,8917.0
2026-06-19 10:10:00,1440.3,1444.2,1439.8,1444.0,6804.0
2026-06-19 10:15:00,1444.0,1445.0,1440.1,1441.0,6545.0
2026-06-19 10:20:00,1441.0,1441.6,1436.5,1439.4,5998.0
2026-06-19 10:25:00,1438.8,1442.1,1437.0,1437.9,5726.0
2026-06-19 10:30:00,1438.5,1441.1,1432.8,1436.0,4654.0
2026-06-19 10:35:00,1436.0,1436.2,1430.0,1433.8,9387.0
2026-06-19 10:40:00,1433.3,1436.6,1433.3,1435.4,1952.0
2026-06-19 10:45:00,1435.4,1438.0,1432.4,1433.7,4679.0
2026-06-19 10:50:00,1434.0,1435.7,1433.9,1434.0,1246.0
2026-06-19 10:55:00,1433.9,1434.9,1432.1,1433.0,1127.0
2026-06-19 11:00:00,1433.0,1439.7,1431.5,1437.0,4584.0
2026-06-19 11:05:00,1437.4,1439.0,1436.3,1438.2,2108.0
2026-06-19 11:10:00,1438.2,1438.4,1437.1,1437.2,840.0
2026-06-19 11:15:00,1437.2,1438.4,1436.2,1436.5,1078.0
2026-06-19 11:20:00,1437.0,1443.1,1437.0,1439.4,7281.0
2026-06-19 11:25:00,1440.4,1445.0,1440.4,1443.5,9826.0
2026-06-19 11:30:00,1442.7,1443.0,1440.2,1442.8,4114.0
2026-06-19 11:35:00,1441.6,1443.9,1441.6,1443.1,7266.0
2026-06-19 11:40:00,1442.6,1445.5,1442.4,1443.3,4444.0
2026-06-19 11:45:00,1442.8,1443.8,1439.9,1439.9,3081.0
2026-06-19 11:50:00,1439.6,1441.1,1437.2,1439.9,5811.0
2026-06-19 11:55:00,1439.9,1440.8,1439.4,1440.1,903.0
2026-06-19 12:00:00,1440.8,1440.9,1436.3,1439.0,6945.0
2026-06-19 12:05:00,1439.0,1442.4,1438.2,1441.0,2776.0
2026-06-19 12:10:00,1440.3,1442.1,1439.1,1442.1,5505.0
2026-06-19 12:15:00,1441.8,1441.8,1432.9,1436.4,10595.0
2026-06-19 12:20:00,1435.8,1441.6,1435.3,1441.1,8082.0
2026-06-19 12:25:00,1441.0,1441.4,1439.1,1440.0,1514.0
2026-06-19 12:30:00,1440.3,1445.3,1439.1,1442.1,9454.0
2026-06-19 12:35:00,1442.2,1444.0,1440.8,1442.0,3720.0
2026-06-19 12:40:00,1442.0,1442.0,1437.3,1439.7,2741.0
2026-06-19 12:45:00,1439.8,1445.5,1439.3,1444.8,7557.0
2026-06-19 12:50:00,1445.0,1445.5,1443.3,1445.3,5856.0
2026-06-19 12:55:00,1445.3,1445.5,1444.2,1444.2,942.0
2026-06-19 13:00:00,1444.9,1445.0,1443.0,1443.5,5557.0
2026-06-19 13:05:00,1443.5,1443.5,1440.9,1443.2,2537.0
2026-06-19 13:10:00,1443.4,1443.5,1441.1,1442.2,1164.0
2026-06-19 13:15:00,1442.2,1445.5,1442.0,1442.9,4590.0
2026-06-19 13:20:00,1442.1,1444.0,1442.1,1442.9,3872.0
2026-06-19 13:25:00,1443.9,1449.0,1442.7,1447.9,24158.0
2026-06-19 13:30:00,1447.9,1450.0,1447.0,1448.0,7443.0
2026-06-19 13:35:00,1447.5,1448.5,1447.4,1447.7,2109.0
2026-06-19 13:40:00,1447.7,1448.0,1446.8,1448.0,3722.0
2026-06-19 13:45:00,1448.4,1448.4,1442.0,1444.9,6937.0
2026-06-19 13:50:00,1445.7,1445.7,1431.2,1439.1,15335.0
2026-06-19 13:55:00,1438.0,1444.1,1438.0,1442.0,6441.0
2026-06-19 14:00:00,1442.7,1443.4,1438.8,1443.4,3151.0
2026-06-19 14:05:00,1442.8,1446.3,1439.4,1439.4,6737.0
2026-06-19 14:10:00,1439.4,1444.5,1439.3,1444.5,4793.0
2026-06-19 14:15:00,1444.9,1445.0,1443.5,1443.6,3872.0
2026-06-19 14:20:00,1444.1,1445.0,1442.0,1442.3,4146.0
2026-06-19 14:25:00,1443.1,1444.4,1441.9,1443.7,4802.0
2026-06-19 14:30:00,1443.8,1444.0,1442.4,1443.3,3640.0
2026-06-19 14:35:00,1443.3,1448.0,1443.3,1447.0,9758.0
2026-06-19 14:40:00,1447.4,1448.0,1443.9,1444.5,8002.0
2026-06-19 14:45:00,1444.5,1445.4,1442.4,1442.6,4039.0
2026-06-19 14:50:00,1442.6,1443.1,1436.2,1440.9,8144.0
2026-06-19 14:55:00,1441.8,1442.0,1436.0,1436.0,10437.0
2026-06-19 15:00:00,1437.3,1441.8,1425.5,1432.8,26512.0
2026-06-19 15:05:00,1434.3,1438.8,1432.2,1437.3,17402.0
2026-06-19 15:10:00,1437.6,1438.1,1433.9,1436.1,16999.0
2026-06-19 15:15:00,1436.4,1439.5,1433.8,1438.1,25466.0
2026-06-19 15:20:00,1438.4,1442.5,1436.0,1441.0,24653.0
2026-06-19 15:25:00,1442.1,1445.0,1436.6,1440.0,17841.0
2026-06-22 09:15:00,1448.0,1453.5,1434.5,1441.8,17466.0
2026-06-22 09:20:00,1440.4,1445.0,1436.6,1443.2,9103.0
2026-06-22 09:25:00,1442.5,1443.5,1428.5,1436.0,16900.0
2026-06-22 09:30:00,1435.4,1442.3,1434.1,1440.7,8111.0
2026-06-22 09:35:00,1440.1,1444.0,1440.0,1440.3,7389.0
2026-06-22 09:40:00,1440.5,1444.0,1440.4,1443.7,3447.0
2026-06-22 09:45:00,1443.7,1459.6,1440.8,1456.3,23752.0
2026-06-22 09:50:00,1456.8,1457.9,1454.0,1455.0,6677.0
2026-06-22 09:55:00,1454.0,1454.9,1449.7,1453.6,9730.0
2026-06-22 10:00:00,1454.2,1467.0,1453.3,1463.3,16944.0
2026-06-22 10:05:00,1463.5,1464.0,1456.5,1457.8,5717.0
2026-06-22 10:10:00,1458.0,1458.8,1455.0,1457.1,3029.0
2026-06-22 10:15:00,1457.0,1457.5,1452.7,1454.3,5142.0
2026-06-22 10:20:00,1453.3,1454.6,1448.4,1449.4,4130.0
2026-06-22 10:25:00,1448.4,1450.2,1446.0,1447.3,5813.0
2026-06-22 10:30:00,1448.1,1448.2,1443.0,1443.6,4870.0
2026-06-22 10:35:00,1444.0,1446.8,1441.3,1445.8,1252.0
2026-06-22 10:40:00,1445.4,1445.8,1441.3,1442.0,4031.0
2026-06-22 10:45:00,1442.1,1447.0,1442.0,1445.4,2917.0
2026-06-22 10:50:00,1446.2,1453.3,1445.0,1451.8,8707.0
2026-06-22 10:55:00,1450.8,1452.5,1450.1,1450.7,1626.0
2026-06-22 11:00:00,1450.7,1451.6,1448.0,1448.1,2090.0
2026-06-22 11:05:00,1448.1,1453.4,1447.5,1452.0,6664.0
2026-06-22 11:10:00,1451.5,1452.0,1448.9,1450.9,621.0
2026-06-22 11:15:00,1450.4,1450.4,1447.4,1449.4,1694.0
2026-06-22 11:20:00,1450.0,1450.0,1446.2,1447.5,2272.0
2026-06-22 11:25:00,1447.1,1449.7,1447.1,1448.2,682.0
2026-06-22 11:30:00,1448.4,1448.4,1443.3,1443.9,2999.0
2026-06-22 11:35:00,1444.8,1446.8,1443.9,1446.3,844.0
2026-06-22 11:40:00,1446.3,1446.3,1441.8,1442.5,2862.0
2026-06-22 11:45:00,1441.9,1446.9,1440.5,1446.3,9706.0
2026-06-22 11:50:00,1447.5,1447.9,1445.6,1446.4,941.0
2026-06-22 11:55:00,1447.3,1454.3,1446.6,1453.5,10347.0
2026-06-22 12:00:00,1453.6,1454.0,1449.3,1450.8,3140.0
2026-06-22 12:05:00,1450.3,1451.1,1448.2,1448.5,1214.0
2026-06-22 12:10:00,1449.4,1450.4,1448.0,1448.3,610.0
2026-06-22 12:15:00,1448.2,1451.3,1448.2,1449.8,4707.0
2026-06-22 12:20:00,1450.2,1452.5,1448.8,1448.8,2685.0
2026-06-22 12:25:00,1448.8,1451.6,1448.6,1450.8,1044.0
2026-06-22 12:30:00,1450.8,1451.3,1449.8,1450.9,561.0
2026-06-22 12:35:00,1450.8,1450.8,1448.2,1449.5,2701.0
2026-06-22 12:40:00,1449.0,1449.9,1448.4,1449.9,332.0
2026-06-22 12:45:00,1449.1,1453.5,1448.9,1453.3,5505.0
2026-06-22 12:50:00,1454.1,1457.3,1453.3,1454.8,4266.0
2026-06-22 12:55:00,1455.9,1455.9,1453.6,1455.0,7360.0
2026-06-22 13:00:00,1455.0,1455.0,1451.7,1452.9,545.0
2026-06-22 13:05:00,1452.9,1453.6,1451.3,1452.8,548.0
2026-06-22 13:10:00,1451.8,1453.5,1451.1,1453.5,981.0
2026-06-22 13:15:00,1453.5,1455.0,1451.8,1454.3,2522.0
2026-06-22 13:20:00,1454.3,1455.5,1453.7,1454.5,1061.0
2026-06-22 13:25:00,1454.5,1455.0,1453.0,1454.5,1505.0
2026-06-22 13:30:00,1453.4,1454.0,1450.5,1452.6,2187.0
2026-06-22 13:35:00,1453.6,1454.5,1452.3,1453.8,1681.0
2026-06-22 13:40:00,1456.0,1457.8,1455.0,1457.0,3046.0
2026-06-22 13:45:00,1456.1,1459.0,1455.4,1459.0,3007.0
2026-06-22 13:50:00,1459.0,1461.0,1458.1,1460.5,4126.0
2026-06-22 13:55:00,1460.1,1460.3,1457.5,1458.3,2473.0
2026-06-22 14:00:00,1458.3,1460.4,1457.5,1460.0,2746.0
2026-06-22 14:05:00,1460.0,1460.1,1457.7,1459.0,2136.0
2026-06-22 14:10:00,1458.4,1460.0,1458.1,1459.0,9264.0
2026-06-22 14:15:00,1458.8,1460.7,1457.7,1460.0,6978.0
2026-06-22 14:20:00,1460.0,1462.7,1459.1,1460.9,5861.0
2026-06-22 14:25:00,1461.1,1463.7,1459.6,1463.3,1356.0
2026-06-22 14:30:00,1461.6,1464.8,1460.7,1463.8,5497.0
2026-06-22 14:35:00,1464.5,1465.9,1463.3,1463.4,7111.0
2026-06-22 14:40:00,1463.9,1465.7,1462.9,1465.0,6677.0
2026-06-22 14:45:00,1465.0,1467.5,1464.5,1467.5,6592.0
2026-06-22 14:50:00,1466.7,1469.0,1466.5,1468.9,11074.0
2026-06-22 14:55:00,1468.8,1469.0,1465.0,1466.6,11108.0
2026-06-22 15:00:00,1468.1,1470.0,1468.0,1469.5,10274.0
2026-06-22 15:05:00,1469.5,1474.0,1467.3,1473.8,21179.0
2026-06-22 15:10:00,1472.6,1473.9,1471.5,1473.0,9325.0
2026-06-22 15:15:00,1472.7,1476.0,1472.1,1474.0,18872.0
2026-06-22 15:20:00,1474.1,1475.8,1473.1,1474.8,20703.0
2026-06-22 15:25:00,1474.6,1479.0,1474.0,1477.0,27194.0
2026-06-23 09:15:00,1479.0,1490.9,1463.8,1473.9,38689.0
2026-06-23 09:20:00,1472.7,1480.0,1462.8,1465.2,20116.0
2026-06-23 09:25:00,1464.2,1470.1,1460.1,1469.4,12572.0
2026-06-23 09:30:00,1470.0,1479.2,1469.8,1478.6,13820.0
2026-06-23 09:35:00,1478.6,1483.3,1477.9,1482.1,9290.0
2026-06-23 09:40:00,1481.3,1482.5,1478.0,1482.2,7677.0
2026-06-23 09:45:00,1481.6,1503.6,1481.6,1502.2,43144.0
2026-06-23 09:50:00,1501.7,1507.6,1501.0,1504.9,32456.0
2026-06-23 09:55:00,1503.7,1506.0,1501.3,1504.4,13878.0
2026-06-23 10:00:00,1505.6,1512.9,1501.3,1504.3,24223.0
2026-06-23 10:05:00,1505.0,1517.0,1505.0,1516.9,35402.0
2026-06-23 10:10:00,1515.6,1517.8,1510.0,1510.0,8686.0
2026-06-23 10:15:00,1510.5,1511.8,1507.9,1511.0,17265.0
2026-06-23 10:20:00,1511.0,1511.9,1510.0,1511.1,3838.0
2026-06-23 10:25:00,1510.9,1511.6,1509.3,1510.0,19464.0
2026-06-23 10:30:00,1510.0,1513.0,1501.8,1503.3,13076.0
2026-06-23 10:35:00,1503.4,1503.4,1496.2,1498.0,16742.0
2026-06-23 10:40:00,1497.2,1500.0,1492.9,1498.1,15153.0
2026-06-23 10:45:00,1498.8,1499.0,1494.0,1495.9,4706.0
2026-06-23 10:50:00,1496.6,1498.0,1495.1,1496.1,3918.0
2026-06-23 10:55:00,1495.5,1497.8,1494.0,1494.0,3770.0
2026-06-23 11:00:00,1495.3,1497.2,1493.5,1497.1,4057.0
2026-06-23 11:05:00,1497.1,1499.8,1494.8,1498.7,4621.0
2026-06-23 11:10:00,1498.7,1498.8,1495.1,1495.1,4265.0
2026-06-23 11:15:00,1495.1,1501.3,1495.1,1498.4,38786.0
2026-06-23 11:20:00,1499.3,1500.1,1498.0,1499.6,5627.0
2026-06-23 11:25:00,1498.8,1501.1,1498.8,1500.0,35619.0
2026-06-23 11:30:00,1499.8,1502.3,1496.0,1496.8,28120.0
2026-06-23 11:35:00,1496.8,1497.1,1494.0,1496.0,5923.0
2026-06-23 11:40:00,1496.0,1496.0,1493.7,1493.7,2978.0
2026-06-23 11:45:00,1494.3,1494.3,1482.4,1484.0,17636.0
2026-06-23 11:50:00,1483.6,1486.6,1482.5,1486.0,6121.0
2026-06-23 11:55:00,1486.0,1487.1,1482.5,1484.7,7709.0
2026-06-23 12:00:00,1484.5,1485.1,1481.5,1482.1,6118.0
2026-06-23 12:05:00,1483.1,1484.0,1480.4,1482.5,4604.0
2026-06-23 12:10:00,1483.6,1485.7,1482.1,1483.9,2977.0
2026-06-23 12:15:00,1484.0,1484.8,1482.6,1484.5,2635.0
2026-06-23 12:20:00,1484.5,1485.0,1478.0,1478.0,8158.0
2026-06-23 12:25:00,1478.0,1486.5,1477.8,1485.9,5177.0
2026-06-23 12:30:00,1485.5,1487.9,1485.0,1486.8,3792.0
2026-06-23 12:35:00,1486.8,1487.8,1485.9,1487.1,2453.0
2026-06-23 12:40:00,1487.1,1487.5,1484.8,1486.5,2875.0
2026-06-23 12:45:00,1486.5,1487.1,1485.0,1486.1,2649.0
2026-06-23 12:50:00,1485.9,1486.6,1482.7,1482.7,5561.0
2026-06-23 12:55:00,1483.3,1485.3,1481.1,1483.9,3606.0
2026-06-23 13:00:00,1483.9,1485.3,1480.2,1484.5,6358.0
2026-06-23 13:05:00,1484.9,1486.6,1483.7,1484.8,2518.0
2026-06-23 13:10:00,1483.9,1485.3,1482.5,1483.3,2946.0
2026-06-23 13:15:00,1483.5,1484.0,1482.0,1483.2,2203.0
2026-06-23 13:20:00,1483.4,1484.4,1482.2,1484.2,2908.0
2026-06-23 13:25:00,1484.2,1484.3,1482.2,1483.2,2331.0
2026-06-23 13:30:00,1482.9,1483.5,1480.2,1480.2,3016.0
2026-06-23 13:35:00,1481.5,1481.5,1478.7,1480.8,3235.0
2026-06-23 13:40:00,1480.8,1485.9,1478.2,1485.1,5764.0
2026-06-23 13:45:00,1485.9,1488.5,1484.3,1484.5,8063.0
2026-06-23 13:50:00,1484.8,1485.5,1481.7,1482.1,2615.0
2026-06-23 13:55:00,1482.7,1483.9,1481.2,1483.5,2561.0
2026-06-23 14:00:00,1483.5,1487.1,1482.4,1486.3,2497.0
2026-06-23 14:05:00,1485.2,1485.4,1482.3,1484.5,3258.0
2026-06-23 14:10:00,1485.0,1486.8,1484.5,1486.0,2629.0
2026-06-23 14:15:00,1486.5,1486.5,1481.8,1483.8,5975.0
2026-06-23 14:20:00,1483.8,1485.3,1482.8,1484.6,2226.0
2026-06-23 14:25:00,1484.5,1485.7,1482.8,1484.6,2649.0
2026-06-23 14:30:00,1484.5,1485.4,1483.8,1485.1,2166.0
2026-06-23 14:35:00,1485.1,1485.7,1483.4,1485.6,2869.0
2026-06-23 14:40:00,1485.1,1486.5,1483.6,1486.4,2678.0
2026-06-23 14:45:00,1485.9,1487.6,1485.3,1485.9,6181.0
2026-06-23 14:50:00,1486.2,1487.1,1485.4,1485.4,3799.0
2026-06-23 14:55:00,1485.9,1486.0,1482.3,1483.3,6668.0
2026-06-23 15:00:00,1481.0,1482.0,1466.3,1468.6,32791.0
2026-06-23 15:05:00,1468.5,1472.2,1468.5,1471.2,15122.0
2026-06-23 15:10:00,1471.3,1472.4,1468.0,1468.0,12715.0
2026-06-23 15:15:00,1468.3,1470.0,1468.0,1468.8,15477.0
2026-06-23 15:20:00,1468.8,1470.7,1468.2,1469.0,15425.0
2026-06-23 15:25:00,1469.0,1473.0,1467.0,1469.9,19026.0
2026-06-24 09:15:00,1463.7,1473.2,1435.2,1443.0,36019.0
2026-06-24 09:20:00,1445.8,1450.7,1442.0,1444.4,20152.0
2026-06-24 09:25:00,1444.3,1447.1,1442.0,1445.4,10250.0
2026-06-24 09:30:00,1445.2,1462.0,1442.4,1461.2,20205.0
2026-06-24 09:35:00,1461.2,1462.4,1458.8,1460.9,7514.0
2026-06-24 09:40:00,1460.8,1464.6,1459.0,1460.9,5150.0
2026-06-24 09:45:00,1460.3,1461.3,1459.3,1460.0,6371.0
2026-06-24 09:50:00,1460.0,1462.9,1458.0,1462.7,10886.0
2026-06-24 09:55:00,1462.6,1464.4,1462.1,1462.7,4300.0
2026-06-24 10:00:00,1462.5,1468.0,1462.1,1466.3,5282.0
2026-06-24 10:05:00,1465.3,1465.8,1462.2,1465.1,3269.0
2026-06-24 10:10:00,1465.1,1465.5,1461.3,1465.3,3029.0
2026-06-24 10:15:00,1464.7,1465.3,1461.0,1461.0,2492.0
2026-06-24 10:20:00,1461.0,1463.8,1460.5,1463.0,3152.0
2026-06-24 10:25:00,1462.0,1463.3,1460.5,1460.5,3088.0
2026-06-24 10:30:00,1460.5,1464.1,1459.1,1463.4,5700.0
2026-06-24 10:35:00,1463.4,1463.7,1460.1,1463.2,3270.0
2026-06-24 10:40:00,1463.2,1463.4,1459.8,1461.0,3776.0
2026-06-24 10:45:00,1460.7,1467.2,1459.8,1467.0,4747.0
2026-06-24 10:50:00,1466.4,1476.4,1466.4,1475.3,15156.0
2026-06-24 10:55:00,1476.5,1479.6,1473.7,1476.3,9775.0
2026-06-24 11:00:00,1476.3,1476.3,1473.4,1476.0,1848.0
2026-06-24 11:05:00,1476.0,1477.0,1474.4,1475.0,1315.0
2026-06-24 11:10:00,1474.2,1475.2,1471.3,1472.5,1703.0
2026-06-24 11:15:00,1472.9,1474.1,1471.4,1472.5,2351.0
2026-06-24 11:20:00,1472.6,1474.0,1470.6,1473.1,1955.0
2026-06-24 11:25:00,1473.0,1477.3,1472.4,1476.3,2438.0
2026-06-24 11:30:00,1476.4,1477.3,1474.4,1477.3,1033.0
2026-06-24 11:35:00,1476.5,1477.3,1474.9,1477.2,1455.0
2026-06-24 11:40:00,1476.0,1476.0,1473.4,1475.0,1674.0
2026-06-24 11:45:00,1474.0,1474.1,1471.3,1472.6,2146.0
2026-06-24 11:50:00,1473.3,1475.0,1472.0,1474.8,4754.0
2026-06-24 11:55:00,1474.1,1477.8,1474.1,1476.5,2700.0
2026-06-24 12:00:00,1475.8,1487.5,1475.0,1476.3,18069.0
2026-06-24 12:05:00,1477.2,1489.1,1477.2,1484.6,10590.0
2026-06-24 12:10:00,1484.4,1492.0,1484.4,1489.3,11259.0
2026-06-24 12:15:00,1490.8,1491.5,1488.0,1488.8,4184.0
2026-06-24 12:20:00,1488.1,1491.0,1486.1,1489.5,22455.0
2026-06-24 12:25:00,1490.1,1491.4,1475.3,1476.7,12868.0
2026-06-24 12:30:00,1476.0,1476.9,1475.0,1476.0,4350.0
2026-06-24 12:35:00,1476.5,1478.0,1475.0,1477.2,1810.0
2026-06-24 12:40:00,1477.2,1478.0,1474.4,1476.1,5155.0
2026-06-24 12:45:00,1475.9,1476.9,1475.2,1476.9,1411.0
2026-06-24 12:50:00,1476.9,1482.8,1476.4,1481.6,3464.0
2026-06-24 12:55:00,1481.4,1482.4,1481.4,1482.3,554.0
2026-06-24 13:00:00,1482.3,1483.0,1480.5,1482.4,2215.0
2026-06-24 13:05:00,1483.2,1483.9,1480.1,1483.9,3270.0
2026-06-24 13:10:00,1483.9,1484.0,1483.0,1483.1,831.0
2026-06-24 13:15:00,1482.4,1483.0,1480.8,1481.6,1288.0
2026-06-24 13:20:00,1482.3,1482.3,1481.2,1481.2,912.0
2026-06-24 13:25:00,1481.2,1482.6,1480.7,1482.6,1071.0
2026-06-24 13:30:00,1483.5,1489.2,1483.5,1488.0,4560.0
2026-06-24 13:35:00,1487.9,1493.5,1483.1,1483.1,4526.0
2026-06-24 13:40:00,1482.5,1484.5,1481.7,1484.5,2576.0
2026-06-24 13:45:00,1484.5,1493.5,1482.8,1492.0,2900.0
2026-06-24 13:50:00,1492.0,1498.0,1491.8,1496.9,13884.0
2026-06-24 13:55:00,1496.8,1501.0,1496.2,1497.8,10207.0
2026-06-24 14:00:00,1498.2,1499.6,1497.7,1498.9,4506.0
2026-06-24 14:05:00,1498.7,1501.8,1497.1,1501.2,8647.0
2026-06-24 14:10:00,1501.2,1503.7,1500.1,1500.5,6018.0
2026-06-24 14:15:00,1500.5,1503.0,1497.6,1499.7,4750.0
2026-06-24 14:20:00,1499.7,1501.0,1496.6,1500.9,6884.0
2026-06-24 14:25:00,1500.9,1501.8,1499.9,1501.0,3117.0
2026-06-24 14:30:00,1501.0,1501.0,1499.2,1500.8,3590.0
2026-06-24 14:35:00,1500.1,1500.5,1498.8,1499.4,3819.0
2026-06-24 14:40:00,1500.0,1500.5,1498.1,1500.0,7346.0
2026-06-24 14:45:00,1500.0,1500.4,1498.4,1500.3,11116.0
2026-06-24 14:50:00,1500.4,1502.0,1499.8,1500.0,2392.0
2026-06-24 14:55:00,1500.2,1500.6,1498.3,1500.4,11249.0
2026-06-24 15:00:00,1500.1,1502.0,1499.3,1500.3,7800.0
2026-06-24 15:05:00,1500.6,1500.6,1494.5,1496.0,9148.0
2026-06-24 15:10:00,1496.0,1498.6,1495.6,1498.6,10186.0
2026-06-24 15:15:00,1498.6,1499.3,1495.5,1496.4,10166.0
2026-06-24 15:20:00,1496.5,1499.2,1495.0,1499.0,11640.0
2026-06-24 15:25:00,1499.0,1500.0,1490.5,1491.1,17820.0
2026-06-25 09:15:00,1498.0,1510.5,1480.0,1504.0,21577.0
2026-06-25 09:20:00,1502.7,1513.9,1500.1,1500.9,17875.0
2026-06-25 09:25:00,1500.8,1516.0,1491.6,1516.0,23372.0
2026-06-25 09:30:00,1515.2,1521.9,1510.1,1520.5,18854.0
2026-06-25 09:35:00,1521.2,1524.6,1518.0,1523.6,18527.0
2026-06-25 09:40:00,1523.6,1529.0,1523.6,1527.5,20870.0
2026-06-25 09:45:00,1527.5,1529.1,1522.9,1525.0,30871.0
2026-06-25 09:50:00,1525.0,1528.6,1519.6,1521.1,25979.0
2026-06-25 09:55:00,1521.9,1528.5,1518.0,1527.8,13762.0
2026-06-25 10:00:00,1528.0,1529.5,1519.0,1521.8,17471.0
2026-06-25 10:05:00,1522.3,1522.3,1515.5,1515.5,26520.0
2026-06-25 10:10:00,1514.1,1517.0,1511.3,1515.2,22614.0
2026-06-25 10:15:00,1514.3,1522.2,1514.0,1520.4,88664.0
2026-06-25 10:20:00,1520.9,1525.1,1519.0,1524.4,6435.0
2026-06-25 10:25:00,1524.2,1525.9,1523.5,1524.0,4933.0
2026-06-25 10:30:00,1524.2,1532.5,1524.0,1529.5,24738.0
2026-06-25 10:35:00,1529.5,1531.0,1523.7,1524.0,14686.0
2026-06-25 10:40:00,1524.3,1524.3,1517.0,1518.1,18553.0
2026-06-25 10:45:00,1517.1,1519.9,1517.0,1517.8,6510.0
2026-06-25 10:50:00,1517.8,1519.4,1517.5,1518.4,3720.0
2026-06-25 10:55:00,1517.6,1518.9,1517.0,1518.1,2734.0
2026-06-25 11:00:00,1518.3,1519.0,1514.2,1516.4,58826.0
2026-06-25 11:05:00,1516.0,1517.9,1514.2,1515.1,4979.0
2026-06-25 11:10:00,1515.1,1516.0,1503.6,1504.5,56476.0
2026-06-25 11:15:00,1503.9,1504.7,1498.7,1499.1,13120.0
2026-06-25 11:20:00,1499.1,1503.1,1498.5,1501.0,8103.0
2026-06-25 11:25:00,1501.0,1505.8,1500.0,1505.0,6971.0
2026-06-25 11:30:00,1505.0,1506.0,1503.3,1503.4,8842.0
2026-06-25 11:35:00,1503.0,1507.6,1503.0,1507.6,3728.0
2026-06-25 11:40:00,1506.6,1509.8,1503.9,1503.9,12452.0
2026-06-25 11:45:00,1504.6,1507.8,1504.1,1506.8,3764.0
2026-06-25 11:50:00,1506.8,1509.1,1506.4,1508.4,3210.0
2026-06-25 11:55:00,1508.2,1510.8,1507.9,1509.6,4083.0
2026-06-25 12:00:00,1509.7,1511.2,1509.3,1510.1,4088.0
2026-06-25 12:05:00,1510.1,1511.5,1508.2,1510.2,3269.0
2026-06-25 12:10:00,1509.4,1510.4,1508.0,1508.7,3414.0
2026-06-25 12:15:00,1508.7,1510.2,1508.1,1508.1,3462.0
2026-06-25 12:20:00,1508.0,1509.0,1506.1,1506.1,3284.0
2026-06-25 12:25:00,1506.1,1507.1,1501.9,1504.1,10761.0
2026-06-25 12:30:00,1503.4,1503.4,1499.3,1500.1,16730.0
2026-06-25 12:35:00,1500.0,1503.7,1500.0,1502.9,4366.0
2026-06-25 12:40:00,1502.7,1502.7,1499.7,1500.0,3539.0
2026-06-25 12:45:00,1500.0,1501.1,1500.0,1500.0,2968.0
2026-06-25 12:50:00,1500.0,1501.3,1500.0,1500.0,2337.0
2026-06-25 12:55:00,1500.0,1500.7,1499.5,1500.0,5470.0
2026-06-25 13:00:00,1500.0,1501.3,1500.0,1500.1,2150.0
2026-06-25 13:05:00,1500.1,1501.2,1500.0,1500.0,4981.0
2026-06-25 13:10:00,1500.0,1501.1,1499.6,1500.0,3992.0
2026-06-25 13:15:00,1500.0,1502.1,1499.3,1501.9,2856.0
2026-06-25 13:20:00,1501.5,1502.8,1501.2,1502.1,2293.0
2026-06-25 13:25:00,1502.1,1502.9,1501.6,1502.0,2939.0
2026-06-25 13:30:00,1502.0,1503.6,1500.7,1502.1,3433.0
2026-06-25 13:35:00,1502.1,1502.5,1501.3,1502.3,2179.0
2026-06-25 13:40:00,1502.3,1503.5,1501.0,1501.5,1946.0
2026-06-25 13:45:00,1501.5,1503.2,1500.7,1501.9,3532.0
2026-06-25 13:50:00,1501.9,1506.0,1501.9,1504.6,6364.0
2026-06-25 13:55:00,1504.0,1505.3,1501.6,1501.7,2675.0
2026-06-25 14:00:00,1501.7,1502.6,1501.0,1501.6,2596.0
2026-06-25 14:05:00,1501.6,1501.6,1500.4,1500.9,3056.0
2026-06-25 14:10:00,1500.9,1501.9,1500.3,1501.2,1925.0
2026-06-25 14:15:00,1501.2,1501.8,1500.0,1500.2,2667.0
2026-06-25 14:20:00,1500.2,1501.7,1500.0,1501.7,2049.0
2026-06-25 14:25:00,1500.9,1501.7,1500.1,1500.2,2605.0
2026-06-25 14:30:00,1500.2,1502.3,1500.2,1500.8,3410.0
2026-06-25 14:35:00,1500.8,1501.9,1500.5,1500.6,2059.0
2026-06-25 14:40:00,1500.6,1501.0,1495.5,1499.5,9686.0
2026-06-25 14:45:00,1498.1,1499.9,1497.2,1497.7,3363.0
2026-06-25 14:50:00,1497.7,1500.0,1497.2,1498.4,2648.0
2026-06-25 14:55:00,1498.4,1500.0,1498.4,1500.0,2638.0
2026-06-25 15:00:00,1498.5,1499.5,1495.1,1495.8,29038.0
2026-06-25 15:05:00,1495.9,1499.0,1495.0,1496.6,17005.0
2026-06-25 15:10:00,1496.6,1498.0,1496.6,1497.5,18208.0
2026-06-25 15:15:00,1497.5,1501.9,1497.4,1500.0,27675.0
2026-06-25 15:20:00,1500.0,1502.4,1499.5,1500.0,34511.0
2026-06-25 15:25:00,1499.6,1507.5,1497.4,1500.0,31557.0
2026-06-29 09:15:00,1495.1,1497.5,1472.0,1475.9,26419.0
2026-06-29 09:20:00,1473.8,1476.9,1461.2,1464.0,21118.0
2026-06-29 09:25:00,1463.1,1463.1,1452.3,1455.9,17088.0
2026-06-29 09:30:00,1455.7,1468.4,1452.6,1466.6,11371.0
2026-06-29 09:35:00,1467.1,1472.8,1465.3,1471.1,17032.0
2026-06-29 09:40:00,1470.7,1478.6,1470.7,1478.4,13149.0
2026-06-29 09:45:00,1478.0,1478.3,1470.9,1473.7,7291.0
2026-06-29 09:50:00,1473.2,1478.4,1473.1,1474.2,12474.0
2026-06-29 09:55:00,1474.2,1475.1,1470.6,1471.7,7994.0
2026-06-29 10:00:00,1471.8,1477.1,1470.8,1476.3,6462.0
2026-06-29 10:05:00,1476.1,1479.5,1474.6,1477.0,7978.0
2026-06-29 10:10:00,1476.2,1489.3,1475.2,1488.6,14512.0
2026-06-29 10:15:00,1490.1,1492.1,1469.1,1470.3,27336.0
2026-06-29 10:20:00,1470.3,1476.6,1469.0,1472.2,13048.0
2026-06-29 10:25:00,1473.1,1479.7,1472.0,1475.7,9873.0
2026-06-29 10:30:00,1476.4,1483.0,1475.5,1481.9,9108.0
2026-06-29 10:35:00,1481.8,1482.2,1475.0,1476.5,5969.0
2026-06-29 10:40:00,1477.4,1480.3,1473.7,1478.6,5687.0
2026-06-29 10:45:00,1480.3,1482.4,1478.8,1481.5,3158.0
2026-06-29 10:50:00,1481.3,1481.9,1478.1,1481.9,3431.0
2026-06-29 10:55:00,1482.3,1484.4,1480.7,1482.0,8313.0
2026-06-29 11:00:00,1482.0,1484.9,1480.5,1481.4,5231.0
2026-06-29 11:05:00,1481.4,1483.1,1480.9,1482.2,3495.0
2026-06-29 11:10:00,1482.4,1482.4,1480.2,1481.0,2745.0
2026-06-29 11:15:00,1481.0,1483.1,1480.0,1482.2,3817.0
2026-06-29 11:20:00,1482.2,1482.8,1480.1,1481.8,3837.0
2026-06-29 11:25:00,1481.8,1482.8,1481.0,1482.5,2949.0
2026-06-29 11:30:00,1482.5,1487.5,1481.4,1487.1,5986.0
2026-06-29 11:35:00,1486.8,1487.5,1484.5,1485.0,3574.0
2026-06-29 11:40:00,1485.0,1487.1,1484.6,1486.2,7043.0
2026-06-29 11:45:00,1486.2,1486.4,1484.4,1485.8,5655.0
2026-06-29 11:50:00,1485.5,1487.2,1484.0,1484.0,4698.0
2026-06-29 11:55:00,1485.8,1486.7,1481.7,1482.6,4524.0
2026-06-29 12:00:00,1482.6,1482.7,1480.7,1481.4,3941.0
2026-06-29 12:05:00,1481.4,1482.2,1480.5,1481.0,3458.0
2026-06-29 12:10:00,1481.7,1484.3,1480.6,1482.2,7365.0
2026-06-29 12:15:00,1482.4,1482.4,1481.2,1482.0,4511.0
2026-06-29 12:20:00,1482.0,1482.1,1480.5,1481.1,3981.0
2026-06-29 12:25:00,1481.1,1482.4,1479.9,1481.2,6396.0
2026-06-29 12:30:00,1481.2,1482.3,1480.1,1481.1,15211.0
2026-06-29 12:35:00,1481.2,1482.3,1480.9,1481.1,39676.0
2026-06-29 12:40:00,1481.1,1482.1,1476.0,1481.4,15579.0
2026-06-29 12:45:00,1482.0,1483.2,1469.2,1469.4,18894.0
2026-06-29 12:50:00,1469.4,1469.7,1460.0,1460.3,16055.0
2026-06-29 12:55:00,1460.3,1461.0,1456.0,1457.3,6510.0
2026-06-29 13:00:00,1457.0,1463.5,1456.0,1460.8,8768.0
2026-06-29 13:05:00,1461.0,1468.5,1460.1,1467.5,6320.0
2026-06-29 13:10:00,1467.3,1475.1,1465.0,1472.2,11306.0
2026-06-29 13:15:00,1472.4,1472.4,1468.0,1470.3,8034.0
2026-06-29 13:20:00,1470.2,1482.3,1469.2,1479.8,19669.0
2026-06-29 13:25:00,1479.8,1482.0,1477.7,1478.1,12039.0
2026-06-29 13:30:00,1479.3,1480.5,1477.5,1479.3,10154.0
2026-06-29 13:35:00,1480.5,1481.4,1478.8,1480.1,8703.0
2026-06-29 13:40:00,1480.3,1482.5,1477.2,1481.7,10783.0
2026-06-29 13:45:00,1482.1,1482.9,1480.2,1481.0,9252.0
2026-06-29 13:50:00,1481.9,1484.2,1478.4,1480.9,12322.0
2026-06-29 13:55:00,1480.6,1484.9,1479.9,1482.8,10638.0
2026-06-29 14:00:00,1483.1,1500.0,1482.0,1499.1,29180.0
2026-06-29 14:05:00,1499.5,1503.6,1498.6,1500.3,12671.0
2026-06-29 14:10:00,1501.3,1502.4,1498.2,1499.5,10820.0
2026-06-29 14:15:00,1499.5,1506.4,1496.4,1497.5,23278.0
2026-06-29 14:20:00,1497.8,1506.0,1492.1,1504.4,14957.0
2026-06-29 14:25:00,1504.7,1506.3,1503.1,1504.0,13282.0
2026-06-29 14:30:00,1505.2,1506.0,1503.6,1504.8,8078.0
2026-06-29 14:35:00,1505.4,1505.4,1494.9,1494.9,16674.0
2026-06-29 14:40:00,1495.3,1497.9,1485.3,1489.2,15577.0
2026-06-29 14:45:00,1487.1,1493.2,1481.6,1488.9,15450.0
2026-06-29 14:50:00,1488.9,1490.0,1480.1,1486.5,18035.0
2026-06-29 14:55:00,1486.5,1495.0,1478.8,1488.5,15073.0
2026-06-29 15:00:00,1489.9,1521.0,1489.9,1517.0,73417.0
2026-06-29 15:05:00,1517.0,1524.8,1513.9,1518.2,56508.0
2026-06-29 15:10:00,1516.2,1529.0,1515.1,1529.0,73347.0
2026-06-29 15:15:00,1529.0,1529.8,1524.3,1529.8,64957.0
2026-06-29 15:20:00,1529.8,1535.0,1529.7,1534.8,62560.0
2026-06-29 15:25:00,1534.9,1536.0,1525.0,1534.5,36903.0
2026-06-30 09:15:00,1524.8,1528.6,1475.3,1480.0,37561.0
2026-06-30 09:20:00,1480.4,1495.0,1478.4,1485.0,28008.0
2026-06-30 09:25:00,1485.0,1486.5,1477.5,1477.5,12625.0
2026-06-30 09:30:00,1478.4,1478.4,1463.5,1465.5,26123.0
2026-06-30 09:35:00,1465.4,1469.3,1456.0,1456.7,21651.0
2026-06-30 09:40:00,1457.5,1472.0,1456.0,1471.1,25807.0
2026-06-30 09:45:00,1471.1,1473.3,1468.0,1472.2,10629.0
2026-06-30 09:50:00,1471.0,1474.5,1470.0,1474.4,17165.0
2026-06-30 09:55:00,1475.0,1475.5,1474.0,1474.0,3939.0
2026-06-30 10:00:00,1473.0,1476.2,1473.0,1473.5,6737.0
2026-06-30 10:05:00,1473.5,1474.1,1472.1,1473.9,12518.0
2026-06-30 10:10:00,1473.8,1475.3,1473.0,1473.0,32970.0
2026-06-30 10:15:00,1473.0,1474.4,1470.2,1471.1,27753.0
2026-06-30 10:20:00,1471.1,1472.7,1469.1,1471.5,6808.0
2026-06-30 10:25:00,1472.0,1474.5,1470.0,1472.4,3448.0
2026-06-30 10:30:00,1473.2,1473.2,1470.1,1471.8,4601.0
2026-06-30 10:35:00,1472.0,1472.2,1470.0,1471.0,4193.0
2026-06-30 10:40:00,1471.6,1473.3,1470.8,1470.9,3244.0
2026-06-30 10:45:00,1470.8,1475.0,1470.1,1471.2,7668.0
2026-06-30 10:50:00,1470.9,1473.3,1470.7,1472.1,4339.0
2026-06-30 10:55:00,1472.1,1472.7,1470.5,1471.3,3558.0
2026-06-30 11:00:00,1471.3,1472.0,1470.5,1470.5,3149.0
2026-06-30 11:05:00,1470.5,1472.1,1470.1,1470.6,3324.0
2026-06-30 11:10:00,1470.5,1472.0,1470.1,1470.5,3217.0
2026-06-30 11:15:00,1471.3,1472.0,1470.0,1471.5,4863.0
2026-06-30 11:20:00,1472.0,1473.4,1470.1,1472.5,3954.0
2026-06-30 11:25:00,1473.2,1477.8,1470.0,1476.4,20634.0
2026-06-30 11:30:00,1477.0,1477.4,1475.1,1476.1,8423.0
2026-06-30 11:35:00,1475.4,1476.9,1475.1,1475.3,3498.0
2026-06-30 11:40:00,1476.2,1476.3,1475.0,1475.2,3724.0
2026-06-30 11:45:00,1476.0,1476.4,1475.1,1475.4,4694.0
2026-06-30 11:50:00,1476.2,1476.9,1475.0,1475.3,5090.0
2026-06-30 11:55:00,1476.1,1476.2,1475.0,1476.1,4255.0
2026-06-30 12:00:00,1476.1,1476.9,1475.2,1475.8,3362.0
2026-06-30 12:05:00,1476.1,1478.5,1475.0,1476.4,4611.0
2026-06-30 12:10:00,1476.4,1476.8,1475.0,1476.4,2609.0
2026-06-30 12:15:00,1476.4,1476.4,1475.1,1475.4,2735.0
2026-06-30 12:20:00,1476.1,1477.8,1475.1,1477.4,7564.0
2026-06-30 12:25:00,1477.5,1478.2,1475.2,1477.0,2962.0
2026-06-30 12:30:00,1477.0,1478.2,1475.2,1476.5,6602.0
2026-06-30 12:35:00,1476.5,1477.4,1475.6,1477.4,2697.0
2026-06-30 12:40:00,1477.0,1478.0,1475.9,1476.7,2440.0
2026-06-30 12:45:00,1477.3,1479.3,1476.5,1477.4,3343.0
2026-06-30 12:50:00,1477.4,1477.5,1475.7,1475.7,1172.0
2026-06-30 12:55:00,1476.3,1477.8,1475.3,1477.4,3205.0
2026-06-30 13:00:00,1477.4,1479.3,1476.0,1477.6,4569.0
2026-06-30 13:05:00,1477.9,1478.5,1476.8,1478.0,2606.0
2026-06-30 13:10:00,1478.0,1478.1,1475.9,1475.9,4588.0
2026-06-30 13:15:00,1476.6,1478.1,1475.9,1476.9,4113.0
2026-06-30 13:20:00,1477.8,1478.9,1477.2,1478.2,5271.0
2026-06-30 13:25:00,1479.0,1482.5,1478.0,1482.0,9366.0
2026-06-30 13:30:00,1482.5,1484.7,1481.1,1484.0,5667.0
2026-06-30 13:35:00,1484.7,1484.9,1482.6,1484.6,5594.0
2026-06-30 13:40:00,1484.0,1487.9,1484.0,1485.9,7613.0
2026-06-30 13:45:00,1485.9,1485.9,1481.0,1482.2,7407.0
2026-06-30 13:50:00,1482.4,1484.0,1481.0,1482.6,4063.0
2026-06-30 13:55:00,1483.4,1483.5,1481.5,1483.1,2777.0
2026-06-30 14:00:00,1483.2,1483.7,1481.0,1481.7,2995.0
2026-06-30 14:05:00,1481.7,1483.7,1481.0,1483.0,3992.0
2026-06-30 14:10:00,1482.8,1482.8,1481.1,1481.7,2467.0
2026-06-30 14:15:00,1482.4,1483.1,1481.0,1481.5,4538.0
2026-06-30 14:20:00,1482.0,1485.0,1481.3,1484.4,5321.0
2026-06-30 14:25:00,1484.5,1485.8,1478.8,1479.0,13104.0
2026-06-30 14:30:00,1479.8,1480.0,1478.0,1478.7,3328.0
2026-06-30 14:35:00,1479.1,1481.6,1478.9,1481.1,5314.0
2026-06-30 14:40:00,1481.1,1489.8,1478.3,1489.8,15113.0
2026-06-30 14:45:00,1488.7,1490.6,1485.6,1485.7,14279.0
2026-06-30 14:50:00,1486.0,1486.0,1482.5,1484.1,5225.0
2026-06-30 14:55:00,1484.7,1484.8,1481.9,1482.7,5674.0
2026-06-30 15:00:00,1483.1,1486.3,1481.3,1481.7,23752.0
2026-06-30 15:05:00,1481.7,1483.0,1480.6,1482.4,23247.0
2026-06-30 15:10:00,1482.4,1483.4,1480.6,1481.8,16444.0
2026-06-30 15:15:00,1481.5,1485.8,1481.2,1483.8,35348.0
2026-06-30 15:20:00,1483.5,1484.0,1481.5,1483.8,20523.0
2026-06-30 15:25:00,1483.7,1484.1,1480.5,1482.0,21191.0
2026-07-01 09:15:00,1484.6,1509.2,1480.5,1484.6,19659.0
2026-07-01 09:20:00,1484.6,1484.6,1477.0,1477.7,7995.0
2026-07-01 09:25:00,1478.0,1480.0,1473.0,1478.2,8272.0
2026-07-01 09:30:00,1479.5,1480.8,1475.0,1480.8,6750.0
2026-07-01 09:35:00,1480.8,1483.0,1478.9,1480.0,1383.0
2026-07-01 09:40:00,1479.2,1481.9,1477.1,1477.1,3387.0
2026-07-01 09:45:00,1478.2,1480.5,1477.1,1479.0,3049.0
2026-07-01 09:50:00,1479.0,1481.2,1478.5,1478.9,977.0
2026-07-01 09:55:00,1476.5,1480.7,1475.5,1478.1,2339.0
2026-07-01 10:00:00,1477.7,1482.0,1477.7,1479.7,2000.0
2026-07-01 10:05:00,1480.0,1481.5,1479.0,1479.6,869.0
2026-07-01 10:10:00,1479.0,1479.5,1477.2,1479.5,755.0
2026-07-01 10:15:00,1478.0,1480.0,1474.5,1476.1,4438.0
2026-07-01 10:20:00,1475.3,1476.2,1473.7,1474.5,3895.0
2026-07-01 10:25:00,1474.6,1474.8,1469.3,1472.6,5278.0
2026-07-01 10:30:00,1474.1,1474.9,1470.0,1470.0,2960.0
2026-07-01 10:35:00,1469.0,1469.9,1465.9,1466.5,2744.0
2026-07-01 10:40:00,1465.9,1466.5,1460.8,1463.7,6919.0
2026-07-01 10:45:00,1463.1,1469.9,1462.9,1468.7,4835.0
2026-07-01 10:50:00,1470.2,1473.8,1469.5,1473.0,5209.0
2026-07-01 10:55:00,1473.0,1474.4,1471.3,1473.3,4034.0
2026-07-01 11:00:00,1474.8,1476.8,1466.0,1467.0,3654.0
2026-07-01 11:05:00,1467.0,1469.1,1466.0,1466.9,2665.0
2026-07-01 11:10:00,1467.3,1467.9,1466.0,1467.9,2075.0
2026-07-01 11:15:00,1467.9,1468.0,1465.3,1465.6,2230.0
2026-07-01 11:20:00,1466.5,1466.5,1459.0,1459.0,10346.0
2026-07-01 11:25:00,1459.6,1461.2,1458.2,1459.8,4428.0
2026-07-01 11:30:00,1459.3,1460.8,1457.3,1458.5,3874.0
2026-07-01 11:35:00,1458.5,1459.8,1456.2,1459.8,7818.0
2026-07-01 11:40:00,1460.1,1463.4,1457.1,1457.4,4619.0
2026-07-01 11:45:00,1457.4,1460.8,1456.6,1458.4,3589.0
2026-07-01 11:50:00,1458.8,1458.8,1455.2,1455.2,2457.0
2026-07-01 11:55:00,1455.2,1456.1,1454.1,1455.0,3648.0
2026-07-01 12:00:00,1454.1,1456.6,1454.1,1456.1,1963.0
2026-07-01 12:05:00,1455.9,1458.4,1455.1,1457.0,5226.0
2026-07-01 12:10:00,1457.8,1457.8,1455.5,1457.2,2113.0
2026-07-01 12:15:00,1455.8,1456.4,1452.5,1452.6,2841.0
2026-07-01 12:20:00,1453.6,1454.6,1451.1,1451.5,3886.0
2026-07-01 12:25:00,1451.5,1452.0,1447.5,1448.3,10092.0
2026-07-01 12:30:00,1448.3,1449.4,1447.0,1447.6,3024.0
2026-07-01 12:35:00,1447.6,1447.6,1441.0,1443.7,9239.0
2026-07-01 12:40:00,1443.9,1446.0,1442.5,1443.3,4105.0
2026-07-01 12:45:00,1443.3,1443.3,1439.2,1439.5,5455.0
2026-07-01 12:50:00,1439.4,1442.8,1437.9,1440.3,4844.0
2026-07-01 12:55:00,1440.3,1442.0,1440.0,1441.1,2273.0
2026-07-01 13:00:00,1440.7,1441.8,1438.3,1440.2,7949.0
2026-07-01 13:05:00,1440.5,1440.8,1437.0,1437.5,4915.0
2026-07-01 13:10:00,1436.5,1437.2,1433.7,1434.5,6463.0
2026-07-01 13:15:00,1434.5,1435.0,1433.0,1434.2,7141.0
2026-07-01 13:20:00,1433.5,1435.0,1433.0,1433.4,4361.0
2026-07-01 13:25:00,1433.0,1434.0,1432.0,1433.0,2566.0
2026-07-01 13:30:00,1433.0,1433.0,1430.7,1431.0,3720.0
2026-07-01 13:35:00,1431.5,1433.7,1431.0,1433.0,3026.0
2026-07-01 13:40:00,1433.0,1433.4,1431.0,1431.6,5112.0
2026-07-01 13:45:00,1431.6,1432.2,1430.1,1430.6,2523.0
2026-07-01 13:50:00,1431.1,1431.1,1428.0,1428.6,6511.0
2026-07-01 13:55:00,1428.6,1431.0,1428.0,1431.0,8551.0
2026-07-01 14:00:00,1430.8,1434.5,1428.9,1429.4,10771.0
2026-07-01 14:05:00,1428.6,1431.4,1428.6,1429.2,4327.0
2026-07-01 14:10:00,1429.2,1429.2,1425.5,1426.0,5049.0
2026-07-01 14:15:00,1427.4,1427.8,1425.0,1425.3,3163.0
2026-07-01 14:20:00,1425.1,1428.1,1425.1,1426.4,5701.0
2026-07-01 14:25:00,1426.4,1427.7,1425.0,1425.8,8280.0
2026-07-01 14:30:00,1425.8,1426.1,1423.2,1425.1,4764.0
2026-07-01 14:35:00,1425.1,1427.0,1423.0,1423.0,6451.0
2026-07-01 14:40:00,1423.4,1427.2,1422.7,1424.0,5992.0
2026-07-01 14:45:00,1424.7,1434.0,1423.7,1425.0,15582.0
2026-07-01 14:50:00,1424.7,1428.3,1424.4,1426.9,9886.0
2026-07-01 14:55:00,1425.5,1428.9,1425.0,1425.4,10731.0
2026-07-01 15:00:00,1426.3,1429.1,1425.1,1429.1,12346.0
2026-07-01 15:05:00,1429.2,1429.9,1428.0,1428.9,12596.0
2026-07-01 15:10:00,1428.1,1428.9,1424.1,1426.3,17166.0
2026-07-01 15:15:00,1426.3,1427.2,1415.2,1419.5,40288.0
2026-07-01 15:20:00,1418.8,1419.5,1415.1,1419.3,24797.0
2026-07-01 15:25:00,1418.8,1419.9,1415.0,1417.0,29865.0
2026-07-02 09:15:00,1422.0,1428.7,1391.3,1405.4,64372.0
2026-07-02 09:20:00,1405.4,1410.9,1400.0,1400.6,29245.0
2026-07-02 09:25:00,1400.3,1413.7,1400.0,1411.6,21530.0
2026-07-02 09:30:00,1411.5,1418.5,1411.5,1418.1,11317.0
2026-07-02 09:35:00,1419.0,1423.0,1418.2,1418.4,10772.0
2026-07-02 09:40:00,1419.2,1419.9,1413.0,1414.8,7413.0
2026-07-02 09:45:00,1414.6,1417.2,1414.0,1416.6,2924.0
2026-07-02 09:50:00,1417.4,1418.9,1415.1,1417.1,21262.0
2026-07-02 09:55:00,1417.1,1419.1,1415.1,1415.4,2544.0
2026-07-02 10:00:00,1415.8,1420.0,1415.5,1418.6,2487.0
2026-07-02 10:05:00,1418.3,1426.9,1416.0,1426.9,7574.0
2026-07-02 10:10:00,1427.5,1431.7,1426.1,1427.8,7962.0
2026-07-02 10:15:00,1428.3,1434.9,1427.8,1433.0,11202.0
2026-07-02 10:20:00,1433.0,1433.0,1432.0,1432.5,2539.0
2026-07-02 10:25:00,1432.4,1434.9,1430.1,1434.7,4409.0
2026-07-02 10:30:00,1434.0,1434.7,1424.8,1427.0,12121.0
2026-07-02 10:35:00,1426.0,1427.5,1421.2,1423.6,4513.0
2026-07-02 10:40:00,1423.5,1426.3,1422.4,1425.9,1541.0
2026-07-02 10:45:00,1425.9,1425.9,1422.0,1423.0,4233.0
2026-07-02 10:50:00,1422.0,1431.8,1421.2,1429.0,7290.0
2026-07-02 10:55:00,1429.2,1432.5,1428.9,1429.9,6176.0
2026-07-02 11:00:00,1430.9,1439.1,1430.0,1437.4,9042.0
2026-07-02 11:05:00,1437.4,1439.1,1436.5,1438.2,4145.0
2026-07-02 11:10:00,1437.6,1438.2,1436.2,1436.6,1731.0
2026-07-02 11:15:00,1436.6,1436.6,1433.0,1433.4,2726.0
2026-07-02 11:20:00,1433.0,1435.3,1433.0,1434.5,2903.0
2026-07-02 11:25:00,1434.5,1434.6,1429.7,1431.6,5524.0
2026-07-02 11:30:00,1431.7,1433.6,1430.7,1433.6,5936.0
2026-07-02 11:35:00,1433.7,1433.7,1430.0,1430.5,3200.0
2026-07-02 11:40:00,1430.5,1433.0,1429.0,1432.1,4455.0
2026-07-02 11:45:00,1432.0,1432.0,1428.7,1428.7,1548.0
2026-07-02 11:50:00,1429.0,1429.0,1426.4,1428.5,6996.0
2026-07-02 11:55:00,1428.8,1430.8,1428.1,1429.7,6932.0
2026-07-02 12:00:00,1429.7,1431.3,1428.5,1431.2,1850.0
2026-07-02 12:05:00,1431.1,1431.3,1429.1,1430.4,2117.0
2026-07-02 12:10:00,1430.2,1433.6,1430.2,1432.0,10623.0
2026-07-02 12:15:00,1431.8,1433.6,1431.0,1432.7,2459.0
2026-07-02 12:20:00,1431.9,1432.4,1430.7,1432.1,2049.0
2026-07-02 12:25:00,1431.8,1432.1,1430.0,1430.0,1176.0
2026-07-02 12:30:00,1430.8,1430.8,1428.1,1428.7,1250.0
2026-07-02 12:35:00,1428.9,1431.0,1428.9,1429.7,1569.0
2026-07-02 12:40:00,1427.3,1427.5,1421.6,1424.1,9953.0
2026-07-02 12:45:00,1423.0,1423.0,1420.5,1421.0,3080.0
2026-07-02 12:50:00,1421.5,1423.9,1420.7,1422.1,3250.0
2026-07-02 12:55:00,1422.2,1426.5,1422.0,1425.0,2556.0
2026-07-02 13:00:00,1425.0,1427.0,1424.8,1425.3,2662.0
2026-07-02 13:05:00,1425.1,1425.3,1423.7,1423.7,2247.0
2026-07-02 13:10:00,1423.7,1424.7,1422.7,1422.7,1334.0
2026-07-02 13:15:00,1422.7,1424.1,1422.2,1422.5,1851.0
2026-07-02 13:20:00,1422.6,1424.2,1422.5,1423.2,1967.0
2026-07-02 13:25:00,1422.9,1422.9,1419.5,1420.7,4453.0
2026-07-02 13:30:00,1420.9,1422.5,1420.3,1421.2,2089.0
2026-07-02 13:35:00,1421.2,1423.3,1420.4,1422.9,1760.0
2026-07-02 13:40:00,1423.0,1423.0,1421.7,1422.4,1821.0
2026-07-02 13:45:00,1422.4,1423.0,1421.7,1422.4,1629.0
2026-07-02 13:50:00,1422.4,1426.2,1420.4,1421.0,4292.0
2026-07-02 13:55:00,1422.0,1424.9,1421.2,1423.8,5134.0
2026-07-02 14:00:00,1423.8,1423.8,1423.0,1423.1,1380.0
2026-07-02 14:05:00,1423.2,1423.2,1421.8,1422.0,2657.0
2026-07-02 14:10:00,1422.4,1423.7,1422.0,1423.0,2473.0
2026-07-02 14:15:00,1423.0,1424.4,1422.0,1423.4,2859.0
2026-07-02 14:20:00,1423.4,1425.9,1421.5,1425.0,3708.0
2026-07-02 14:25:00,1425.3,1425.3,1423.4,1424.5,1762.0
2026-07-02 14:30:00,1425.1,1428.0,1425.1,1427.7,4127.0
2026-07-02 14:35:00,1427.7,1429.9,1425.1,1426.0,6011.0
2026-07-02 14:40:00,1427.1,1428.3,1425.2,1427.1,2990.0
2026-07-02 14:45:00,1427.1,1427.6,1425.5,1426.0,3998.0
2026-07-02 14:50:00,1426.0,1427.5,1425.5,1426.1,4595.0
2026-07-02 14:55:00,1426.1,1426.3,1425.1,1426.3,3750.0
2026-07-02 15:00:00,1425.8,1428.5,1423.2,1424.6,15448.0
2026-07-02 15:05:00,1424.6,1424.9,1423.0,1423.8,11179.0
2026-07-02 15:10:00,1424.1,1425.4,1421.9,1422.2,13362.0
2026-07-02 15:15:00,1422.3,1422.3,1419.0,1420.6,17886.0
2026-07-02 15:20:00,1421.0,1422.3,1418.4,1419.0,12209.0
2026-07-02 15:25:00,1418.9,1424.0,1415.5,1424.0,27456.0
2026-07-03 09:15:00,1423.0,1433.4,1423.0,1426.5,13094.0
2026-07-03 09:20:00,1425.4,1428.8,1419.0,1420.8,7772.0
2026-07-03 09:25:00,1423.1,1434.0,1422.6,1432.0,15796.0
2026-07-03 09:30:00,1431.6,1432.0,1425.0,1427.0,10516.0
2026-07-03 09:35:00,1426.3,1428.9,1424.6,1427.9,6248.0
2026-07-03 09:40:00,1427.6,1429.4,1425.0,1425.5,3172.0
2026-07-03 09:45:00,1425.0,1427.4,1423.1,1424.9,6628.0
2026-07-03 09:50:00,1424.9,1427.1,1423.0,1424.8,3853.0
2026-07-03 09:55:00,1425.0,1429.2,1424.4,1428.0,4837.0
2026-07-03 10:00:00,1427.5,1429.0,1426.3,1427.9,1474.0
2026-07-03 10:05:00,1427.3,1429.0,1427.1,1428.0,1667.0
2026-07-03 10:10:00,1428.1,1428.9,1426.4,1426.6,1063.0
2026-07-03 10:15:00,1426.6,1428.0,1424.1,1428.0,14087.0
2026-07-03 10:20:00,1428.0,1429.9,1427.5,1429.3,3962.0
2026-07-03 10:25:00,1429.3,1430.6,1428.1,1430.1,4434.0
2026-07-03 10:30:00,1431.0,1431.8,1430.2,1431.4,1771.0
2026-07-03 10:35:00,1431.4,1433.4,1430.6,1433.4,2429.0
2026-07-03 10:40:00,1433.4,1434.6,1432.6,1432.9,4624.0
2026-07-03 10:45:00,1432.8,1433.9,1428.6,1432.0,3856.0
2026-07-03 10:50:00,1432.0,1432.0,1426.8,1428.7,2808.0
2026-07-03 10:55:00,1428.3,1431.5,1428.1,1430.6,2627.0
2026-07-03 11:00:00,1431.5,1434.0,1430.6,1431.8,1320.0
2026-07-03 11:05:00,1431.8,1431.8,1429.0,1429.9,399.0
2026-07-03 11:10:00,1429.3,1433.9,1429.3,1433.0,2943.0
2026-07-03 11:15:00,1433.0,1434.9,1432.4,1432.9,1965.0
2026-07-03 11:20:00,1431.3,1432.6,1431.0,1432.0,3781.0
2026-07-03 11:25:00,1431.1,1433.0,1430.4,1431.6,724.0
2026-07-03 11:30:00,1430.8,1433.4,1430.2,1431.5,1557.0
2026-07-03 11:35:00,1431.5,1431.5,1430.0,1430.9,817.0
2026-07-03 11:40:00,1430.9,1431.0,1428.0,1429.4,1335.0
2026-07-03 11:45:00,1429.4,1431.0,1428.9,1430.8,2335.0
2026-07-03 11:50:00,1430.8,1430.9,1428.0,1430.7,2098.0
2026-07-03 11:55:00,1430.7,1431.9,1429.7,1431.3,538.0
2026-07-03 12:00:00,1431.2,1431.2,1429.5,1430.4,628.0
2026-07-03 12:05:00,1430.4,1430.4,1429.2,1430.3,582.0
2026-07-03 12:10:00,1430.4,1430.4,1430.0,1430.4,277.0
2026-07-03 12:15:00,1430.4,1431.2,1430.0,1431.0,1868.0
2026-07-03 12:20:00,1430.3,1431.2,1430.0,1431.0,538.0
2026-07-03 12:25:00,1431.0,1432.0,1430.2,1431.8,1067.0
2026-07-03 12:30:00,1431.0,1434.5,1430.6,1432.9,3507.0
2026-07-03 12:35:00,1432.3,1433.0,1431.0,1432.0,507.0
2026-07-03 12:40:00,1432.2,1433.0,1431.4,1431.4,800.0
2026-07-03 12:45:00,1431.5,1435.9,1430.3,1435.9,3266.0
2026-07-03 12:50:00,1435.9,1438.4,1434.4,1438.0,5649.0
2026-07-03 12:55:00,1438.3,1440.0,1436.5,1438.0,3406.0
2026-07-03 13:00:00,1438.0,1441.2,1437.5,1439.0,4701.0
2026-07-03 13:05:00,1438.5,1442.3,1438.5,1440.7,5331.0
2026-07-03 13:10:00,1440.7,1440.7,1439.0,1440.0,751.0
2026-07-03 13:15:00,1440.0,1440.0,1438.7,1440.0,1141.0
2026-07-03 13:20:00,1439.6,1440.0,1438.3,1439.1,634.0
2026-07-03 13:25:00,1438.1,1439.1,1436.4,1437.7,1560.0
2026-07-03 13:30:00,1437.7,1438.3,1436.3,1438.3,1668.0
2026-07-03 13:35:00,1438.3,1439.7,1437.0,1438.8,1176.0
2026-07-03 13:40:00,1438.8,1439.7,1438.3,1439.0,1490.0
2026-07-03 13:45:00,1439.0,1439.4,1436.5,1437.0,1209.0
2026-07-03 13:50:00,1437.0,1437.5,1436.0,1437.5,2445.0
2026-07-03 13:55:00,1437.5,1438.6,1436.1,1438.6,1420.0
2026-07-03 14:00:00,1437.6,1438.5,1436.1,1437.0,1207.0
2026-07-03 14:05:00,1437.0,1437.5,1436.0,1437.1,1246.0
2026-07-03 14:10:00,1437.0,1437.3,1435.8,1436.7,603.0
2026-07-03 14:15:00,1436.8,1437.9,1435.4,1437.0,2372.0
2026-07-03 14:20:00,1436.8,1437.8,1434.6,1437.3,1294.0
2026-07-03 14:25:00,1437.3,1437.3,1435.9,1437.0,517.0
2026-07-03 14:30:00,1437.0,1438.0,1435.0,1437.8,1771.0
2026-07-03 14:35:00,1436.6,1437.8,1436.2,1437.4,619.0
2026-07-03 14:40:00,1436.9,1437.9,1436.2,1436.4,780.0
2026-07-03 14:45:00,1436.8,1438.0,1436.1,1438.0,1941.0
2026-07-03 14:50:00,1438.0,1438.8,1435.7,1437.7,2613.0
2026-07-03 14:55:00,1437.5,1438.5,1436.3,1438.5,1520.0
2026-07-03 15:00:00,1438.0,1441.0,1438.0,1440.4,7393.0
2026-07-03 15:05:00,1440.7,1441.3,1439.2,1440.6,3982.0
2026-07-03 15:10:00,1440.7,1442.6,1440.0,1440.7,4655.0
2026-07-03 15:15:00,1440.8,1442.0,1435.7,1438.4,8702.0
2026-07-03 15:20:00,1439.0,1441.5,1438.5,1440.3,5590.0
2026-07-03 15:25:00,1440.3,1445.0,1438.1,1440.0,6731.0
2026-07-06 09:15:00,1437.0,1439.9,1427.1,1431.2,12247.0
2026-07-06 09:20:00,1428.7,1431.9,1426.9,1431.0,4957.0
2026-07-06 09:25:00,1431.2,1435.2,1430.0,1433.0,10710.0
2026-07-06 09:30:00,1432.2,1447.9,1432.2,1445.9,13039.0
2026-07-06 09:35:00,1444.6,1449.0,1442.1,1447.7,54925.0
2026-07-06 09:40:00,1447.9,1448.0,1442.6,1443.7,9242.0
2026-07-06 09:45:00,1444.8,1447.5,1444.3,1445.1,3469.0
2026-07-06 09:50:00,1446.0,1446.3,1443.0,1446.0,6658.0
2026-07-06 09:55:00,1446.0,1446.0,1441.1,1443.4,4021.0
2026-07-06 10:00:00,1444.1,1445.9,1443.6,1443.7,3711.0
2026-07-06 10:05:00,1443.6,1447.0,1441.2,1446.3,4700.0
2026-07-06 10:10:00,1445.7,1446.5,1442.9,1444.4,1520.0
2026-07-06 10:15:00,1444.3,1449.7,1443.0,1448.5,4912.0
2026-07-06 10:20:00,1447.7,1454.6,1447.3,1451.9,8364.0
2026-07-06 10:25:00,1452.0,1452.4,1450.0,1451.0,2885.0
2026-07-06 10:30:00,1450.9,1452.0,1450.3,1450.5,1872.0
2026-07-06 10:35:00,1451.2,1451.2,1434.0,1434.0,16314.0
2026-07-06 10:40:00,1434.0,1439.0,1430.3,1439.0,10268.0
2026-07-06 10:45:00,1439.0,1442.4,1436.5,1440.4,5263.0
2026-07-06 10:50:00,1441.2,1443.7,1439.5,1442.8,1930.0
2026-07-06 10:55:00,1442.6,1442.6,1438.2,1439.5,1217.0
2026-07-06 11:00:00,1440.0,1441.0,1438.2,1439.3,1347.0
2026-07-06 11:05:00,1439.4,1439.4,1438.4,1438.4,576.0
2026-07-06 11:10:00,1438.6,1440.8,1438.1,1440.8,710.0
2026-07-06 11:15:00,1440.7,1440.7,1438.3,1438.3,338.0
2026-07-06 11:20:00,1439.0,1440.0,1438.4,1439.9,828.0
2026-07-06 11:25:00,1439.6,1440.0,1438.3,1439.0,758.0
2026-07-06 11:30:00,1439.0,1439.0,1435.0,1436.0,5986.0
2026-07-06 11:35:00,1435.7,1437.1,1433.5,1434.0,2059.0
2026-07-06 11:40:00,1434.6,1434.9,1432.5,1434.2,1364.0
2026-07-06 11:45:00,1434.3,1435.0,1432.9,1433.2,1187.0
2026-07-06 11:50:00,1433.8,1434.3,1431.4,1431.7,1501.0
2026-07-06 11:55:00,1432.4,1433.9,1430.5,1432.5,2860.0
2026-07-06 12:00:00,1432.9,1433.9,1432.0,1432.9,3302.0
2026-07-06 12:05:00,1432.8,1436.8,1431.0,1432.1,5662.0
2026-07-06 12:10:00,1432.0,1433.4,1428.5,1429.8,4867.0
2026-07-06 12:15:00,1429.3,1430.6,1428.3,1429.3,1455.0
2026-07-06 12:20:00,1429.7,1430.0,1426.0,1426.9,4169.0
2026-07-06 12:25:00,1426.6,1426.9,1424.2,1425.1,3209.0
2026-07-06 12:30:00,1424.5,1424.8,1419.0,1421.9,24971.0
2026-07-06 12:35:00,1419.6,1426.3,1419.6,1424.1,12138.0
2026-07-06 12:40:00,1424.0,1424.1,1421.1,1421.9,1682.0
2026-07-06 12:45:00,1421.3,1422.1,1420.1,1420.8,2501.0
2026-07-06 12:50:00,1420.6,1423.0,1420.0,1420.9,7148.0
2026-07-06 12:55:00,1421.2,1423.3,1420.3,1422.6,1433.0
2026-07-06 13:00:00,1422.0,1423.6,1421.0,1422.2,2587.0
2026-07-06 13:05:00,1421.7,1422.1,1421.0,1421.7,716.0
2026-07-06 13:10:00,1421.2,1422.1,1421.0,1422.1,890.0
2026-07-06 13:15:00,1421.7,1422.7,1419.5,1420.8,2920.0
2026-07-06 13:20:00,1420.0,1421.0,1419.1,1420.0,1346.0
2026-07-06 13:25:00,1420.0,1420.0,1418.4,1420.0,1762.0
2026-07-06 13:30:00,1420.0,1420.8,1417.9,1418.2,2101.0
2026-07-06 13:35:00,1418.6,1418.9,1417.5,1418.1,3882.0
2026-07-06 13:40:00,1418.0,1419.0,1417.5,1418.3,2703.0
2026-07-06 13:45:00,1418.3,1419.7,1416.3,1419.7,4795.0
2026-07-06 13:50:00,1419.7,1419.7,1416.0,1416.1,1965.0
2026-07-06 13:55:00,1416.6,1416.7,1413.5,1414.4,4120.0
2026-07-06 14:00:00,1414.6,1415.7,1413.4,1415.2,2324.0
2026-07-06 14:05:00,1415.7,1415.9,1414.0,1415.4,1330.0
2026-07-06 14:10:00,1415.0,1416.0,1413.0,1413.9,3768.0
2026-07-06 14:15:00,1413.9,1415.0,1412.0,1414.2,4367.0
2026-07-06 14:20:00,1414.4,1416.0,1413.7,1415.9,5690.0
2026-07-06 14:25:00,1415.9,1415.9,1413.8,1414.7,1304.0
2026-07-06 14:30:00,1414.8,1415.1,1412.0,1413.0,3557.0
2026-07-06 14:35:00,1413.0,1413.0,1411.8,1411.8,1219.0
2026-07-06 14:40:00,1411.8,1412.7,1410.5,1411.7,4040.0
2026-07-06 14:45:00,1412.0,1412.5,1410.5,1412.5,3512.0
2026-07-06 14:50:00,1412.3,1414.9,1412.3,1413.7,3280.0
2026-07-06 14:55:00,1413.0,1414.7,1412.1,1414.5,2143.0
2026-07-06 15:00:00,1414.4,1416.0,1410.0,1413.1,12937.0
2026-07-06 15:05:00,1412.4,1412.9,1410.1,1410.4,8549.0
2026-07-06 15:10:00,1410.3,1411.5,1410.0,1410.4,7654.0
2026-07-06 15:15:00,1411.3,1411.9,1405.0,1408.4,16422.0
2026-07-06 15:20:00,1408.7,1410.6,1406.8,1409.1,12064.0
2026-07-06 15:25:00,1409.8,1414.0,1409.1,1412.0,11987.0
2026-07-07 09:15:00,1408.0,1409.7,1395.0,1395.3,17250.0
2026-07-07 09:20:00,1395.2,1396.7,1392.2,1393.7,11506.0
2026-07-07 09:25:00,1393.6,1398.2,1393.0,1393.8,4592.0
2026-07-07 09:30:00,1393.9,1394.6,1386.2,1388.9,19416.0
2026-07-07 09:35:00,1389.0,1391.9,1388.0,1388.0,3374.0
2026-07-07 09:40:00,1388.1,1390.5,1385.4,1388.9,6477.0
2026-07-07 09:45:00,1388.9,1389.3,1387.0,1387.7,2499.0
2026-07-07 09:50:00,1388.0,1388.4,1385.1,1385.5,3811.0
2026-07-07 09:55:00,1385.5,1385.5,1383.5,1384.6,2237.0
2026-07-07 10:00:00,1384.6,1384.8,1381.5,1383.8,2720.0
2026-07-07 10:05:00,1383.8,1387.3,1382.7,1387.0,6379.0
2026-07-07 10:10:00,1386.4,1387.0,1384.0,1384.0,2302.0
2026-07-07 10:15:00,1384.7,1384.7,1382.8,1383.5,1475.0
2026-07-07 10:20:00,1383.5,1383.7,1381.3,1382.3,2338.0
2026-07-07 10:25:00,1382.8,1383.8,1381.6,1382.9,1687.0
2026-07-07 10:30:00,1382.4,1383.7,1381.0,1383.5,4864.0
2026-07-07 10:35:00,1383.5,1385.1,1383.5,1384.8,763.0
2026-07-07 10:40:00,1384.0,1386.3,1384.0,1385.6,2282.0
2026-07-07 10:45:00,1385.6,1386.0,1378.0,1378.0,19592.0
2026-07-07 10:50:00,1377.6,1378.8,1376.3,1378.8,3873.0
2026-07-07 10:55:00,1378.9,1379.8,1376.2,1377.3,2115.0
2026-07-07 11:00:00,1377.5,1378.5,1376.5,1378.4,3107.0
2026-07-07 11:05:00,1378.4,1379.3,1377.3,1378.2,3364.0
2026-07-07 11:10:00,1377.3,1385.4,1377.3,1383.1,2873.0
2026-07-07 11:15:00,1383.2,1384.0,1376.5,1376.9,3239.0
2026-07-07 11:20:00,1376.5,1379.6,1376.3,1379.2,2911.0
2026-07-07 11:25:00,1379.5,1386.0,1379.5,1383.2,7753.0
2026-07-07 11:30:00,1384.2,1384.7,1381.5,1382.0,2411.0
2026-07-07 11:35:00,1381.5,1384.6,1380.5,1384.2,2423.0
2026-07-07 11:40:00,1383.9,1385.9,1381.1,1381.9,2368.0
2026-07-07 11:45:00,1381.9,1382.6,1381.1,1382.5,1037.0
2026-07-07 11:50:00,1382.5,1383.6,1382.0,1382.7,993.0
2026-07-07 11:55:00,1381.1,1382.6,1381.0,1382.6,3214.0
2026-07-07 12:00:00,1382.3,1382.9,1381.9,1382.1,727.0
2026-07-07 12:05:00,1382.0,1382.7,1382.0,1382.5,1353.0
2026-07-07 12:10:00,1383.1,1386.0,1382.8,1383.5,2698.0
2026-07-07 12:15:00,1383.5,1383.5,1382.0,1382.6,1057.0
2026-07-07 12:20:00,1382.0,1383.1,1382.0,1382.5,1028.0
2026-07-07 12:25:00,1382.5,1383.3,1382.0,1382.9,1671.0
2026-07-07 12:30:00,1382.5,1382.9,1381.0,1381.0,4079.0
2026-07-07 12:35:00,1381.7,1386.3,1381.0,1383.4,2223.0
2026-07-07 12:40:00,1383.0,1383.4,1382.0,1382.1,992.0
2026-07-07 12:45:00,1382.0,1386.2,1382.0,1386.2,2180.0
2026-07-07 12:50:00,1386.6,1386.8,1383.7,1384.8,1580.0
2026-07-07 12:55:00,1384.8,1390.8,1384.1,1390.1,5409.0
2026-07-07 13:00:00,1390.0,1392.7,1388.4,1391.1,6104.0
2026-07-07 13:05:00,1390.4,1391.0,1387.4,1387.6,1884.0
2026-07-07 13:10:00,1387.6,1389.0,1386.6,1387.0,1505.0
2026-07-07 13:15:00,1386.9,1388.0,1386.0,1387.4,1219.0
2026-07-07 13:20:00,1387.0,1388.6,1386.1,1388.6,3897.0
2026-07-07 13:25:00,1388.6,1394.0,1387.7,1393.0,4055.0
2026-07-07 13:30:00,1393.6,1393.6,1390.4,1390.5,1066.0
2026-07-07 13:35:00,1390.5,1391.5,1389.2,1389.5,2985.0
2026-07-07 13:40:00,1390.7,1394.2,1389.7,1393.6,3351.0
2026-07-07 13:45:00,1393.1,1393.6,1390.9,1391.7,1415.0
2026-07-07 13:50:00,1391.2,1391.8,1390.8,1391.5,968.0
2026-07-07 13:55:00,1390.8,1391.5,1390.0,1391.4,1533.0
2026-07-07 14:00:00,1391.4,1392.5,1390.0,1392.1,1949.0
2026-07-07 14:05:00,1392.5,1392.5,1390.1,1390.1,927.0
2026-07-07 14:10:00,1390.1,1390.8,1390.0,1390.2,959.0
2026-07-07 14:15:00,1391.1,1395.2,1390.5,1393.0,4963.0
2026-07-07 14:20:00,1393.0,1393.8,1391.2,1392.7,2875.0
2026-07-07 14:25:00,1392.1,1393.5,1391.6,1393.4,2715.0
2026-07-07 14:30:00,1393.0,1393.7,1391.0,1391.3,2916.0
2026-07-07 14:35:00,1391.3,1391.5,1390.5,1391.3,1466.0
2026-07-07 14:40:00,1391.3,1392.2,1390.0,1390.9,2524.0
2026-07-07 14:45:00,1390.9,1391.6,1390.0,1390.8,1787.0
2026-07-07 14:50:00,1390.7,1391.6,1388.1,1389.9,2866.0
2026-07-07 14:55:00,1389.9,1390.8,1388.0,1390.8,6413.0
2026-07-07 15:00:00,1390.8,1390.8,1385.1,1385.5,13763.0
2026-07-07 15:05:00,1385.4,1386.0,1382.5,1384.2,10344.0
2026-07-07 15:10:00,1384.2,1385.3,1382.1,1385.2,11467.0
2026-07-07 15:15:00,1385.2,1387.8,1383.9,1385.1,15929.0
2026-07-07 15:20:00,1384.8,1386.3,1383.0,1385.6,12100.0
2026-07-07 15:25:00,1384.7,1386.3,1382.0,1386.0,11421.0
2026-07-08 09:15:00,1374.6,1381.6,1361.6,1377.1,14934.0
2026-07-08 09:20:00,1376.4,1384.6,1371.0,1381.6,21419.0
2026-07-08 09:25:00,1380.5,1382.0,1376.7,1380.0,3695.0
2026-07-08 09:30:00,1379.6,1386.2,1379.6,1386.0,8967.0
2026-07-08 09:35:00,1386.2,1389.4,1385.4,1386.8,4218.0
2026-07-08 09:40:00,1386.8,1402.0,1386.8,1400.6,29830.0
2026-07-08 09:45:00,1400.5,1406.1,1398.1,1403.0,16742.0
2026-07-08 09:50:00,1404.0,1409.8,1398.6,1407.9,34987.0
2026-07-08 09:55:00,1406.4,1417.0,1406.0,1412.5,29595.0
2026-07-08 10:00:00,1412.4,1418.6,1409.6,1414.7,17199.0
2026-07-08 10:05:00,1415.8,1416.0,1410.6,1414.5,9754.0
2026-07-08 10:10:00,1414.9,1422.0,1414.6,1416.9,12883.0
2026-07-08 10:15:00,1416.8,1416.9,1412.9,1414.7,7958.0
2026-07-08 10:20:00,1413.7,1416.0,1413.7,1414.9,2333.0
2026-07-08 10:25:00,1414.9,1416.8,1412.4,1413.8,2295.0
2026-07-08 10:30:00,1414.3,1415.9,1413.1,1413.2,4470.0
2026-07-08 10:35:00,1414.2,1417.9,1413.6,1414.3,3741.0
2026-07-08 10:40:00,1414.3,1415.0,1410.0,1410.0,6511.0
2026-07-08 10:45:00,1410.2,1412.5,1410.2,1411.2,1214.0
2026-07-08 10:50:00,1412.3,1414.5,1410.0,1413.3,5137.0
2026-07-08 10:55:00,1413.5,1414.7,1411.7,1413.0,2329.0
2026-07-08 11:00:00,1413.0,1413.1,1408.0,1408.8,2492.0
2026-07-08 11:05:00,1408.4,1409.4,1408.0,1408.6,2669.0
2026-07-08 11:10:00,1408.6,1411.9,1408.3,1411.0,2413.0
2026-07-08 11:15:00,1411.3,1411.3,1408.8,1408.9,1407.0
2026-07-08 11:20:00,1409.8,1410.1,1408.6,1409.6,1540.0
2026-07-08 11:25:00,1409.3,1409.6,1399.7,1401.3,11359.0
2026-07-08 11:30:00,1401.3,1404.8,1400.3,1404.8,2666.0
2026-07-08 11:35:00,1404.8,1405.6,1403.4,1403.9,1301.0
2026-07-08 11:40:00,1404.7,1405.1,1403.4,1405.0,2075.0
2026-07-08 11:45:00,1405.0,1405.8,1403.7,1404.2,1108.0
2026-07-08 11:50:00,1404.2,1404.6,1401.2,1401.5,1446.0
2026-07-08 11:55:00,1401.5,1403.0,1401.5,1402.3,998.0
2026-07-08 12:00:00,1402.3,1403.7,1401.1,1403.6,1296.0
2026-07-08 12:05:00,1403.8,1404.2,1401.3,1403.0,1064.0
2026-07-08 12:10:00,1403.3,1403.3,1400.2,1400.2,585.0
2026-07-08 12:15:00,1400.0,1401.3,1400.0,1400.9,669.0
2026-07-08 12:20:00,1400.9,1403.2,1398.6,1400.2,4061.0
2026-07-08 12:25:00,1400.6,1402.0,1400.0,1400.8,969.0
2026-07-08 12:30:00,1400.8,1400.8,1393.8,1394.6,12148.0
2026-07-08 12:35:00,1394.6,1395.8,1394.0,1394.2,2564.0
2026-07-08 12:40:00,1394.9,1395.4,1394.0,1395.3,811.0
2026-07-08 12:45:00,1395.4,1396.0,1393.7,1394.6,1894.0
2026-07-08 12:50:00,1394.6,1396.0,1393.9,1394.0,1832.0
2026-07-08 12:55:00,1394.0,1394.0,1392.7,1393.4,1274.0
2026-07-08 13:00:00,1393.8,1393.8,1392.0,1393.8,3444.0
2026-07-08 13:05:00,1393.8,1394.0,1392.3,1392.8,2668.0
2026-07-08 13:10:00,1392.8,1393.1,1392.5,1392.9,542.0
2026-07-08 13:15:00,1392.9,1393.8,1392.8,1393.3,1326.0
2026-07-08 13:20:00,1393.3,1394.2,1391.3,1392.1,980.0
2026-07-08 13:25:00,1391.8,1392.1,1390.5,1391.3,1061.0
2026-07-08 13:30:00,1391.9,1392.9,1389.3,1389.3,4548.0
2026-07-08 13:35:00,1389.5,1390.7,1389.2,1390.1,847.0
2026-07-08 13:40:00,1390.1,1391.0,1387.9,1389.6,2494.0
2026-07-08 13:45:00,1389.7,1390.0,1386.1,1387.6,3006.0
2026-07-08 13:50:00,1387.6,1387.8,1385.8,1386.1,2776.0
2026-07-08 13:55:00,1386.6,1386.6,1377.6,1377.9,8410.0
2026-07-08 14:00:00,1378.8,1379.8,1375.6,1377.0,8037.0
2026-07-08 14:05:00,1377.9,1378.1,1373.3,1376.0,6115.0
2026-07-08 14:10:00,1376.5,1376.5,1371.5,1372.3,3727.0
2026-07-08 14:15:00,1370.8,1378.0,1370.7,1373.0,3399.0
2026-07-08 14:20:00,1374.0,1374.9,1371.7,1373.5,1132.0
2026-07-08 14:25:00,1373.8,1373.9,1371.0,1371.5,1681.0
2026-07-08 14:30:00,1371.2,1375.0,1369.7,1374.3,3679.0
2026-07-08 14:35:00,1374.3,1377.0,1373.1,1375.0,3434.0
2026-07-08 14:40:00,1375.0,1379.0,1373.3,1378.0,4441.0
2026-07-08 14:45:00,1378.5,1378.5,1374.3,1377.1,4006.0
2026-07-08 14:50:00,1377.4,1378.8,1376.0,1377.3,3997.0
2026-07-08 14:55:00,1378.0,1383.0,1376.2,1381.0,6528.0
2026-07-08 15:00:00,1380.5,1384.3,1379.5,1382.8,9111.0
2026-07-08 15:05:00,1383.0,1383.0,1370.0,1371.8,7710.0
2026-07-08 15:10:00,1371.1,1373.3,1370.0,1372.8,5425.0
2026-07-08 15:15:00,1372.5,1375.0,1371.2,1372.6,7736.0
2026-07-08 15:20:00,1372.5,1374.9,1372.5,1374.0,10294.0
2026-07-08 15:25:00,1373.9,1375.0,1372.5,1374.8,8812.0
2026-07-09 09:15:00,1380.1,1399.9,1378.2,1398.5,11673.0
2026-07-09 09:20:00,1398.3,1409.8,1398.0,1407.0,15333.0
2026-07-09 09:25:00,1406.8,1419.9,1406.8,1417.5,25605.0
2026-07-09 09:30:00,1417.6,1423.0,1414.2,1422.0,20144.0
2026-07-09 09:35:00,1423.7,1424.2,1419.6,1423.1,12094.0
2026-07-09 09:40:00,1422.8,1426.0,1420.7,1424.9,9668.0
2026-07-09 09:45:00,1426.0,1426.5,1423.7,1425.0,5543.0
2026-07-09 09:50:00,1424.7,1426.2,1423.3,1425.0,6772.0
2026-07-09 09:55:00,1425.1,1427.0,1424.1,1425.1,7301.0
2026-07-09 10:00:00,1425.8,1427.4,1424.6,1426.0,5997.0
2026-07-09 10:05:00,1426.6,1428.7,1424.1,1427.2,9319.0
2026-07-09 10:10:00,1426.6,1428.3,1425.2,1426.6,2714.0
2026-07-09 10:15:00,1426.1,1427.0,1423.7,1425.6,8045.0
2026-07-09 10:20:00,1426.5,1426.6,1423.7,1425.1,3569.0
2026-07-09 10:25:00,1426.0,1427.0,1425.0,1426.3,4828.0
2026-07-09 10:30:00,1426.4,1426.8,1424.6,1424.9,3284.0
2026-07-09 10:35:00,1425.5,1426.3,1423.7,1423.7,2608.0
2026-07-09 10:40:00,1424.0,1427.0,1423.0,1426.5,6514.0
2026-07-09 10:45:00,1426.5,1426.5,1414.0,1414.0,16286.0
2026-07-09 10:50:00,1414.0,1415.0,1412.7,1414.4,4072.0
2026-07-09 10:55:00,1414.4,1415.0,1413.5,1415.0,2115.0
2026-07-09 11:00:00,1415.0,1415.0,1411.5,1412.7,2873.0
2026-07-09 11:05:00,1413.4,1414.0,1411.9,1413.3,1892.0
2026-07-09 11:10:00,1413.9,1416.5,1413.2,1414.5,6617.0
2026-07-09 11:15:00,1414.5,1415.9,1413.6,1415.5,1488.0
2026-07-09 11:20:00,1415.5,1416.0,1414.0,1414.4,1745.0
2026-07-09 11:25:00,1415.0,1415.4,1413.9,1414.6,1155.0
2026-07-09 11:30:00,1414.6,1417.2,1414.0,1416.0,3978.0
2026-07-09 11:35:00,1416.0,1417.2,1415.3,1416.0,1353.0
2026-07-09 11:40:00,1416.0,1416.0,1415.0,1416.0,1095.0
2026-07-09 11:45:00,1416.0,1416.0,1415.2,1416.0,536.0
2026-07-09 11:50:00,1416.0,1416.0,1415.2,1415.9,499.0
2026-07-09 11:55:00,1415.9,1415.9,1415.2,1415.7,328.0
2026-07-09 12:00:00,1415.7,1416.0,1415.1,1415.9,363.0
2026-07-09 12:05:00,1415.9,1416.4,1412.2,1414.9,20089.0
2026-07-09 12:10:00,1416.0,1419.7,1414.7,1419.0,1913.0
2026-07-09 12:15:00,1419.0,1423.5,1419.0,1422.9,7122.0
2026-07-09 12:20:00,1420.5,1421.5,1415.7,1416.2,5278.0
2026-07-09 12:25:00,1416.1,1417.2,1415.7,1417.1,3592.0
2026-07-09 12:30:00,1416.1,1419.4,1415.8,1416.7,4637.0
2026-07-09 12:35:00,1417.6,1418.5,1415.6,1416.0,1769.0
2026-07-09 12:40:00,1416.0,1417.2,1415.3,1416.7,1114.0
2026-07-09 12:45:00,1416.8,1417.0,1415.8,1416.9,2620.0
2026-07-09 12:50:00,1416.9,1417.2,1415.9,1416.7,562.0
2026-07-09 12:55:00,1416.7,1418.0,1416.3,1417.8,452.0
2026-07-09 13:00:00,1418.0,1418.0,1415.5,1415.5,1748.0
2026-07-09 13:05:00,1415.6,1417.3,1413.3,1414.8,8832.0
2026-07-09 13:10:00,1414.8,1415.6,1414.0,1415.3,362.0
2026-07-09 13:15:00,1415.3,1415.4,1414.2,1415.2,309.0
2026-07-09 13:20:00,1415.2,1415.7,1414.5,1415.2,503.0
2026-07-09 13:25:00,1415.2,1415.2,1412.0,1413.5,2307.0
2026-07-09 13:30:00,1413.5,1414.8,1412.2,1414.8,2412.0
2026-07-09 13:35:00,1414.8,1415.8,1414.5,1415.6,502.0
2026-07-09 13:40:00,1414.9,1416.0,1413.2,1414.7,2021.0
2026-07-09 13:45:00,1414.7,1416.0,1414.4,1415.7,642.0
2026-07-09 13:50:00,1415.7,1415.8,1415.1,1415.1,352.0
2026-07-09 13:55:00,1415.7,1415.7,1413.9,1413.9,348.0
2026-07-09 14:00:00,1414.2,1415.0,1413.9,1414.0,420.0
2026-07-09 14:05:00,1414.7,1416.6,1413.3,1415.5,2812.0
2026-07-09 14:10:00,1415.4,1415.6,1414.0,1415.0,935.0
2026-07-09 14:15:00,1415.0,1415.0,1413.0,1413.7,861.0
2026-07-09 14:20:00,1413.5,1415.0,1412.9,1413.8,1342.0
2026-07-09 14:25:00,1413.8,1415.3,1412.2,1414.2,5774.0
2026-07-09 14:30:00,1415.3,1415.3,1413.0,1414.5,442.0
2026-07-09 14:35:00,1414.5,1414.5,1414.0,1414.5,426.0
2026-07-09 14:40:00,1414.5,1417.3,1413.5,1417.0,5809.0
2026-07-09 14:45:00,1416.0,1416.0,1415.6,1416.0,461.0
2026-07-09 14:50:00,1416.0,1416.2,1415.0,1415.4,1171.0
2026-07-09 14:55:00,1415.8,1415.8,1414.4,1414.5,1653.0
2026-07-09 15:00:00,1414.5,1416.1,1412.2,1413.2,8348.0
2026-07-09 15:05:00,1413.2,1413.8,1411.2,1413.2,4432.0
2026-07-09 15:10:00,1413.3,1415.3,1413.0,1414.3,10207.0
2026-07-09 15:15:00,1413.8,1416.0,1411.5,1414.9,7422.0
2026-07-09 15:20:00,1415.0,1416.0,1411.6,1414.3,8377.0
2026-07-09 15:25:00,1414.3,1418.0,1413.0,1416.0,12135.0
2026-07-10 09:15:00,1422.0,1431.0,1407.0,1410.5,22128.0
2026-07-10 09:20:00,1410.5,1415.0,1405.5,1407.7,14647.0
2026-07-10 09:25:00,1407.7,1414.7,1407.7,1408.2,6231.0
2026-07-10 09:30:00,1408.5,1411.6,1408.5,1411.2,2104.0
2026-07-10 09:35:00,1410.1,1411.6,1408.3,1409.0,3965.0
2026-07-10 09:40:00,1408.5,1410.0,1407.5,1409.3,2632.0
2026-07-10 09:45:00,1408.2,1410.3,1408.0,1410.2,784.0
2026-07-10 09:50:00,1409.8,1409.8,1408.1,1408.2,1506.0
2026-07-10 09:55:00,1408.9,1408.9,1405.5,1406.0,3646.0
2026-07-10 10:00:00,1405.7,1407.4,1405.7,1407.0,2022.0
2026-07-10 10:05:00,1407.0,1408.6,1405.6,1408.5,4507.0
2026-07-10 10:10:00,1408.0,1409.8,1407.0,1408.5,2246.0
2026-07-10 10:15:00,1408.6,1408.6,1403.0,1404.1,5146.0
2026-07-10 10:20:00,1403.6,1409.4,1403.6,1407.8,7220.0
2026-07-10 10:25:00,1407.8,1411.4,1405.2,1410.9,6991.0
2026-07-10 10:30:00,1410.8,1410.8,1409.0,1410.4,1069.0
2026-07-10 10:35:00,1410.4,1411.5,1409.0,1409.0,1593.0
2026-07-10 10:40:00,1409.0,1411.1,1408.7,1411.1,1005.0
2026-07-10 10:45:00,1411.1,1414.0,1410.5,1410.5,13747.0
2026-07-10 10:50:00,1411.0,1411.0,1406.5,1407.0,3018.0
2026-07-10 10:55:00,1407.8,1409.5,1407.0,1409.0,2334.0
2026-07-10 11:00:00,1409.0,1410.2,1408.6,1409.3,924.0
2026-07-10 11:05:00,1409.0,1409.0,1407.5,1408.0,698.0
2026-07-10 11:10:00,1408.0,1408.0,1406.5,1407.0,2061.0
2026-07-10 11:15:00,1407.0,1407.0,1405.8,1406.9,722.0
2026-07-10 11:20:00,1406.5,1407.4,1405.5,1407.4,837.0
2026-07-10 11:25:00,1407.2,1407.6,1406.4,1407.0,1358.0
2026-07-10 11:30:00,1406.4,1406.9,1405.5,1406.0,649.0
2026-07-10 11:35:00,1406.0,1406.2,1405.0,1405.5,1698.0
2026-07-10 11:40:00,1404.5,1405.0,1402.4,1402.9,2757.0
2026-07-10 11:45:00,1402.7,1402.7,1401.0,1401.8,2191.0
2026-07-10 11:50:00,1401.6,1402.0,1400.5,1401.1,2985.0
2026-07-10 11:55:00,1401.1,1407.1,1401.0,1406.4,4244.0
2026-07-10 12:00:00,1406.4,1406.4,1403.1,1404.9,714.0
2026-07-10 12:05:00,1405.0,1406.5,1403.3,1405.7,1246.0
2026-07-10 12:10:00,1406.3,1408.0,1403.7,1405.8,2923.0
2026-07-10 12:15:00,1405.8,1405.8,1404.9,1405.5,2410.0
2026-07-10 12:20:00,1405.5,1405.9,1404.0,1405.9,983.0
2026-07-10 12:25:00,1404.8,1407.2,1404.4,1407.0,2910.0
2026-07-10 12:30:00,1407.2,1410.9,1406.4,1410.2,3609.0
2026-07-10 12:35:00,1411.0,1414.9,1409.1,1409.1,8055.0
2026-07-10 12:40:00,1410.7,1411.4,1409.2,1411.2,3107.0
2026-07-10 12:45:00,1411.3,1413.7,1410.9,1412.4,3205.0
2026-07-10 12:50:00,1412.4,1413.6,1411.0,1413.6,3597.0
2026-07-10 12:55:00,1413.6,1414.5,1412.1,1413.1,2376.0
2026-07-10 13:00:00,1413.9,1415.0,1413.4,1414.9,2236.0
2026-07-10 13:05:00,1414.9,1415.5,1414.4,1414.6,5865.0
2026-07-10 13:10:00,1414.6,1414.6,1411.0,1411.7,1683.0
2026-07-10 13:15:00,1411.7,1413.2,1411.7,1413.2,1830.0
2026-07-10 13:20:00,1412.5,1413.5,1411.0,1411.7,1076.0
2026-07-10 13:25:00,1411.7,1413.0,1410.8,1412.8,1056.0
2026-07-10 13:30:00,1412.5,1413.5,1411.6,1412.9,744.0
2026-07-10 13:35:00,1412.9,1414.6,1412.6,1414.0,738.0
2026-07-10 13:40:00,1414.0,1415.4,1413.5,1415.4,2247.0
2026-07-10 13:45:00,1415.4,1415.4,1412.4,1415.0,2576.0
2026-07-10 13:50:00,1415.1,1418.6,1414.8,1418.2,5490.0
2026-07-10 13:55:00,1418.2,1423.8,1417.4,1419.2,8641.0
2026-07-10 14:00:00,1419.0,1420.2,1416.8,1416.8,2598.0
2026-07-10 14:05:00,1416.7,1418.5,1415.5,1418.0,1859.0
2026-07-10 14:10:00,1418.0,1419.1,1417.5,1418.6,1153.0
2026-07-10 14:15:00,1418.7,1419.2,1417.8,1419.1,2133.0
2026-07-10 14:20:00,1419.2,1419.4,1418.1,1418.9,711.0
2026-07-10 14:25:00,1418.4,1418.4,1413.0,1416.5,5376.0
2026-07-10 14:30:00,1417.0,1418.0,1413.3,1413.6,3594.0
2026-07-10 14:35:00,1414.1,1415.8,1413.2,1415.8,1163.0
2026-07-10 14:40:00,1415.0,1415.7,1413.4,1413.4,1724.0
2026-07-10 14:45:00,1414.5,1419.1,1413.7,1417.8,4014.0
2026-07-10 14:50:00,1418.1,1422.0,1416.9,1420.6,6369.0
2026-07-10 14:55:00,1420.8,1421.4,1417.1,1419.2,3126.0
2026-07-10 15:00:00,1418.5,1422.4,1416.5,1420.4,9381.0
2026-07-10 15:05:00,1420.9,1421.9,1418.6,1420.3,7130.0
2026-07-10 15:10:00,1420.2,1424.8,1417.1,1423.2,12978.0
2026-07-10 15:15:00,1423.5,1424.0,1420.6,1421.4,6049.0
2026-07-10 15:20:00,1422.3,1422.8,1419.8,1421.1,7430.0
2026-07-10 15:25:00,1422.9,1425.0,1420.0,1423.9,11247.0
