timestamp,open,high,low,close,volume
2026-06-01 09:15:00,670.95,676.0,666.0,674.35,129577.0
2026-06-01 09:20:00,674.25,674.8,670.1,671.4,45414.0
2026-06-01 09:25:00,670.85,678.0,670.5,674.1,68521.0
2026-06-01 09:30:00,673.7,677.0,672.4,675.9,31056.0
2026-06-01 09:35:00,675.9,675.9,670.1,674.65,34318.0
2026-06-01 09:40:00,674.35,675.65,672.6,675.1,21278.0
2026-06-01 09:45:00,675.15,677.9,673.45,674.35,39553.0
2026-06-01 09:50:00,674.05,675.95,671.3,672.2,38016.0
2026-06-01 09:55:00,672.2,672.75,669.0,671.35,33246.0
2026-06-01 10:00:00,671.3,671.3,667.8,667.8,31816.0
2026-06-01 10:05:00,667.8,670.35,667.8,670.0,6924.0
2026-06-01 10:10:00,670.0,671.95,669.55,670.8,13831.0
2026-06-01 10:15:00,670.55,671.25,669.55,670.1,7471.0
2026-06-01 10:20:00,669.95,670.5,668.25,670.5,13042.0
2026-06-01 10:25:00,670.7,671.25,668.2,668.3,13632.0
2026-06-01 10:30:00,668.2,668.95,665.05,665.05,29275.0
2026-06-01 10:35:00,665.35,668.85,665.05,667.9,23288.0
2026-06-01 10:40:00,668.4,672.95,667.9,672.95,33967.0
2026-06-01 10:45:00,672.9,673.9,672.35,673.6,34715.0
2026-06-01 10:50:00,673.65,687.0,673.65,684.05,217185.0
2026-06-01 10:55:00,684.85,690.25,684.1,689.3,262176.0
2026-06-01 11:00:00,689.3,689.9,685.6,686.35,61135.0
2026-06-01 11:05:00,685.7,687.0,684.6,685.4,55022.0
2026-06-01 11:10:00,685.15,685.15,683.8,684.45,40798.0
2026-06-01 11:15:00,684.3,687.25,684.3,684.5,30482.0
2026-06-01 11:20:00,684.95,685.8,683.3,684.0,21605.0
2026-06-01 11:25:00,683.7,684.15,681.0,681.3,40840.0
2026-06-01 11:30:00,681.25,682.15,680.3,681.45,20868.0
2026-06-01 11:35:00,681.15,683.0,681.05,682.7,12258.0
2026-06-01 11:40:00,682.75,683.1,681.6,681.6,8356.0
2026-06-01 11:45:00,681.45,682.0,680.4,681.6,13975.0
2026-06-01 11:50:00,681.6,682.8,681.1,682.0,5979.0
2026-06-01 11:55:00,682.0,682.0,677.4,678.25,35473.0
2026-06-01 12:00:00,677.9,678.75,677.0,677.5,18996.0
2026-06-01 12:05:00,676.9,677.85,676.6,677.0,5501.0
2026-06-01 12:10:00,676.7,677.0,675.5,676.35,18315.0
2026-06-01 12:15:00,676.55,678.0,676.25,677.3,10250.0
2026-06-01 12:20:00,677.4,677.4,676.05,676.9,4635.0
2026-06-01 12:25:00,676.75,677.2,676.15,676.8,5807.0
2026-06-01 12:30:00,677.0,677.0,675.65,676.0,4253.0
2026-06-01 12:35:00,676.0,677.4,676.0,676.85,7534.0
2026-06-01 12:40:00,676.9,676.95,675.7,676.0,3014.0
2026-06-01 12:45:00,676.0,679.35,675.85,679.35,20524.0
2026-06-01 12:50:00,680.0,681.55,679.4,681.55,19947.0
2026-06-01 12:55:00,681.65,682.1,680.25,681.2,23668.0
2026-06-01 13:00:00,681.4,681.65,678.9,679.6,16329.0
2026-06-01 13:05:00,679.5,679.6,677.1,677.2,5452.0
2026-06-01 13:10:00,677.65,677.65,675.0,675.7,12790.0
2026-06-01 13:15:00,675.5,676.4,675.2,676.4,9152.0
2026-06-01 13:20:00,675.95,677.0,673.55,673.6,22261.0
2026-06-01 13:25:00,673.1,673.9,672.2,673.75,10790.0
2026-06-01 13:30:00,673.9,674.5,673.45,673.95,11775.0
2026-06-01 13:35:00,674.0,674.25,671.4,672.6,22078.0
2026-06-01 13:40:00,671.55,674.4,671.55,672.65,25105.0
2026-06-01 13:45:00,673.15,673.15,670.8,671.0,15721.0
2026-06-01 13:50:00,671.0,671.3,669.5,670.0,46368.0
2026-06-01 13:55:00,670.0,671.15,670.0,670.2,9713.0
2026-06-01 14:00:00,670.2,670.2,668.0,669.0,22570.0
2026-06-01 14:05:00,669.0,669.7,668.3,668.7,5713.0
2026-06-01 14:10:00,668.35,669.25,666.75,667.0,13065.0
2026-06-01 14:15:00,666.9,668.25,665.15,667.55,17859.0
2026-06-01 14:20:00,667.25,667.3,665.9,666.8,12284.0
2026-06-01 14:25:00,666.8,668.5,666.45,666.8,11825.0
2026-06-01 14:30:00,667.5,668.95,667.2,668.55,13621.0
2026-06-01 14:35:00,668.55,669.45,668.1,669.25,9736.0
2026-06-01 14:40:00,669.25,671.5,669.0,669.65,20294.0
2026-06-01 14:45:00,669.6,671.5,669.15,670.0,9627.0
2026-06-01 14:50:00,670.2,670.35,668.15,669.2,3494.0
2026-06-01 14:55:00,669.15,669.2,667.35,667.95,13845.0
2026-06-01 15:00:00,667.4,667.85,666.0,667.7,19654.0
2026-06-01 15:05:00,667.7,668.2,666.05,667.95,17656.0
2026-06-01 15:10:00,667.95,669.85,667.95,668.9,33516.0
2026-06-01 15:15:00,668.75,670.0,668.3,669.5,52480.0
2026-06-01 15:20:00,669.5,669.9,666.75,666.75,40826.0
2026-06-01 15:25:00,666.75,670.0,666.05,670.0,38035.0
2026-06-02 09:15:00,664.05,677.7,663.0,673.3,126654.0
2026-06-02 09:20:00,673.45,675.6,671.7,672.0,49701.0
2026-06-02 09:25:00,672.0,673.8,670.5,672.65,28807.0
2026-06-02 09:30:00,671.75,671.8,669.15,670.7,26994.0
2026-06-02 09:35:00,671.1,675.9,670.65,675.4,47686.0
2026-06-02 09:40:00,675.4,678.65,674.55,675.75,62059.0
2026-06-02 09:45:00,675.35,677.0,673.15,674.45,15232.0
2026-06-02 09:50:00,674.45,677.15,674.0,677.15,25052.0
2026-06-02 09:55:00,677.45,678.7,675.8,676.2,32777.0
2026-06-02 10:00:00,676.2,678.65,676.0,676.9,14896.0
2026-06-02 10:05:00,676.9,677.0,672.0,672.6,34962.0
2026-06-02 10:10:00,672.85,673.0,668.25,669.0,35530.0
2026-06-02 10:15:00,669.0,669.35,667.5,669.35,21999.0
2026-06-02 10:20:00,669.7,672.65,669.35,672.2,20811.0
2026-06-02 10:25:00,672.15,674.3,671.85,673.6,15558.0
2026-06-02 10:30:00,673.25,673.6,671.0,671.65,17274.0
2026-06-02 10:35:00,670.8,671.8,670.0,670.85,14708.0
2026-06-02 10:40:00,670.85,672.55,670.85,671.05,7401.0
2026-06-02 10:45:00,671.0,671.0,668.75,668.75,13386.0
2026-06-02 10:50:00,669.0,669.55,666.15,666.75,30054.0
2026-06-02 10:55:00,666.75,667.05,665.5,666.25,22797.0
2026-06-02 11:00:00,666.45,667.0,664.15,665.6,32340.0
2026-06-02 11:05:00,665.65,667.4,665.4,666.2,8988.0
2026-06-02 11:10:00,666.65,666.85,665.95,666.65,6273.0
2026-06-02 11:15:00,666.85,667.0,665.7,666.6,6896.0
2026-06-02 11:20:00,666.9,668.6,666.8,667.45,19108.0
2026-06-02 11:25:00,667.5,668.2,666.1,668.2,10083.0
2026-06-02 11:30:00,667.7,668.0,665.85,666.6,9483.0
2026-06-02 11:35:00,666.55,666.65,664.6,664.8,9087.0
2026-06-02 11:40:00,664.65,666.25,664.65,665.5,6224.0
2026-06-02 11:45:00,665.85,666.6,664.65,665.7,10286.0
2026-06-02 11:50:00,665.45,665.8,663.5,663.55,10507.0
2026-06-02 11:55:00,663.5,663.5,661.1,661.5,21429.0
2026-06-02 12:00:00,661.35,666.85,660.65,664.3,63366.0
2026-06-02 12:05:00,664.3,664.45,660.15,662.65,39854.0
2026-06-02 12:10:00,662.65,663.85,661.3,662.35,13201.0
2026-06-02 12:15:00,662.0,662.95,661.5,661.85,5392.0
2026-06-02 12:20:00,661.5,661.85,658.65,659.0,42641.0
2026-06-02 12:25:00,659.0,659.55,658.1,659.15,22861.0
2026-06-02 12:30:00,659.35,659.35,654.05,655.6,93695.0
2026-06-02 12:35:00,655.75,656.1,654.0,654.95,18105.0
2026-06-02 12:40:00,654.8,656.2,654.0,655.1,20016.0
2026-06-02 12:45:00,655.55,656.85,655.15,656.65,23962.0
2026-06-02 12:50:00,656.65,658.4,656.1,658.05,27263.0
2026-06-02 12:55:00,658.3,663.4,657.05,661.3,76269.0
2026-06-02 13:00:00,661.3,661.35,660.0,660.3,16605.0
2026-06-02 13:05:00,660.7,663.0,660.4,662.8,21938.0
2026-06-02 13:10:00,662.8,663.7,662.5,662.8,27089.0
2026-06-02 13:15:00,662.55,666.4,662.55,666.4,20322.0
2026-06-02 13:20:00,666.4,673.0,665.1,672.55,88879.0
2026-06-02 13:25:00,672.6,673.35,670.05,670.95,34200.0
2026-06-02 13:30:00,670.8,670.8,668.8,669.55,20291.0
2026-06-02 13:35:00,669.8,669.9,667.0,667.6,17953.0
2026-06-02 13:40:00,667.6,667.6,665.1,665.9,21795.0
2026-06-02 13:45:00,665.85,666.35,664.1,665.7,34932.0
2026-06-02 13:50:00,665.75,666.65,664.05,665.2,25875.0
2026-06-02 13:55:00,665.65,665.85,664.45,665.55,11730.0
2026-06-02 14:00:00,665.55,667.9,665.05,667.75,7322.0
2026-06-02 14:05:00,667.9,668.65,667.6,668.65,7387.0
2026-06-02 14:10:00,668.65,669.0,668.25,668.65,9481.0
2026-06-02 14:15:00,668.7,669.3,666.05,666.15,18239.0
2026-06-02 14:20:00,666.6,668.15,666.05,666.45,23028.0
2026-06-02 14:25:00,666.3,666.85,665.15,665.15,11860.0
2026-06-02 14:30:00,665.1,666.15,664.9,665.7,10998.0
2026-06-02 14:35:00,666.0,666.3,665.0,665.1,13921.0
2026-06-02 14:40:00,665.1,665.75,662.75,663.0,15041.0
2026-06-02 14:45:00,663.0,664.4,662.0,663.85,21153.0
2026-06-02 14:50:00,663.75,664.65,663.0,663.6,8525.0
2026-06-02 14:55:00,663.3,664.55,663.0,663.3,8450.0
2026-06-02 15:00:00,663.3,666.65,662.1,666.05,28819.0
2026-06-02 15:05:00,666.4,668.0,665.85,667.55,22471.0
2026-06-02 15:10:00,667.25,670.0,666.85,669.65,43310.0
2026-06-02 15:15:00,669.4,669.9,668.1,669.4,44801.0
2026-06-02 15:20:00,669.4,669.9,668.5,669.5,34434.0
2026-06-02 15:25:00,669.5,670.95,668.5,668.5,52738.0
2026-06-03 09:15:00,670.0,675.65,667.05,672.05,112307.0
2026-06-03 09:20:00,671.65,672.8,668.8,669.35,58658.0
2026-06-03 09:25:00,669.35,672.1,668.0,668.3,42473.0
2026-06-03 09:30:00,667.5,668.95,665.3,666.0,31029.0
2026-06-03 09:35:00,666.25,669.8,665.3,669.55,34856.0
2026-06-03 09:40:00,669.2,673.9,669.0,670.5,50329.0
2026-06-03 09:45:00,670.55,671.8,669.2,669.8,14832.0
2026-06-03 09:50:00,669.6,670.85,667.2,667.2,24333.0
2026-06-03 09:55:00,667.45,667.7,664.0,664.0,48208.0
2026-06-03 10:00:00,664.0,665.0,662.55,664.45,19746.0
2026-06-03 10:05:00,664.45,665.1,663.3,663.85,16513.0
2026-06-03 10:10:00,663.15,663.55,661.55,661.95,23585.0
2026-06-03 10:15:00,661.6,663.0,661.05,662.9,15144.0
2026-06-03 10:20:00,662.8,664.95,662.05,663.95,17354.0
2026-06-03 10:25:00,664.3,665.0,662.9,663.05,11798.0
2026-06-03 10:30:00,663.4,664.5,660.0,660.3,31380.0
2026-06-03 10:35:00,660.15,661.5,659.4,661.35,21168.0
2026-06-03 10:40:00,661.1,662.8,661.0,661.9,12006.0
2026-06-03 10:45:00,661.5,661.8,660.0,660.8,11147.0
2026-06-03 10:50:00,660.8,661.3,659.85,660.75,9930.0
2026-06-03 10:55:00,660.95,661.2,659.5,660.2,8896.0
2026-06-03 11:00:00,660.6,660.6,659.0,659.0,12114.0
2026-06-03 11:05:00,658.6,659.5,657.3,658.35,19520.0
2026-06-03 11:10:00,657.55,658.2,657.1,657.45,9284.0
2026-06-03 11:15:00,657.5,660.15,657.1,659.8,10380.0
2026-06-03 11:20:00,658.75,660.0,658.2,658.85,7193.0
2026-06-03 11:25:00,659.1,659.3,657.05,657.95,13485.0
2026-06-03 11:30:00,658.1,658.15,656.7,657.5,13794.0
2026-06-03 11:35:00,657.5,657.8,656.1,656.85,11847.0
2026-06-03 11:40:00,657.15,657.15,656.0,657.0,7971.0
2026-06-03 11:45:00,656.75,657.8,656.1,657.8,20419.0
2026-06-03 11:50:00,657.55,657.8,656.75,657.0,11250.0
2026-06-03 11:55:00,657.1,657.3,656.1,656.45,10640.0
2026-06-03 12:00:00,656.45,656.45,652.7,653.45,41601.0
2026-06-03 12:05:00,653.75,655.05,653.1,653.1,14884.0
2026-06-03 12:10:00,653.15,654.2,652.05,653.55,18494.0
2026-06-03 12:15:00,653.55,654.0,652.2,653.1,13374.0
2026-06-03 12:20:00,653.2,655.5,653.1,655.05,13355.0
2026-06-03 12:25:00,655.0,657.25,654.8,655.8,11084.0
2026-06-03 12:30:00,655.8,659.0,655.75,658.55,22829.0
2026-06-03 12:35:00,658.55,660.7,658.15,659.7,25330.0
2026-06-03 12:40:00,659.55,660.55,659.4,659.9,19169.0
2026-06-03 12:45:00,660.0,660.95,659.3,659.7,9660.0
2026-06-03 12:50:00,659.4,660.0,658.8,659.0,13549.0
2026-06-03 12:55:00,659.25,659.8,658.55,659.4,4590.0
2026-06-03 13:00:00,659.15,659.85,659.15,659.65,1415.0
2026-06-03 13:05:00,659.7,659.8,659.0,659.45,3308.0
2026-06-03 13:10:00,659.45,659.45,658.55,659.4,2255.0
2026-06-03 13:15:00,659.75,660.8,659.0,660.4,14846.0
2026-06-03 13:20:00,660.4,661.4,660.4,661.05,6924.0
2026-06-03 13:25:00,661.05,661.4,660.65,661.3,7810.0
2026-06-03 13:30:00,661.3,661.7,660.8,661.7,5682.0
2026-06-03 13:35:00,661.7,661.9,660.95,661.85,4434.0
2026-06-03 13:40:00,661.55,663.9,661.4,661.5,31981.0
2026-06-03 13:45:00,662.0,667.35,662.0,665.75,53975.0
2026-06-03 13:50:00,665.4,666.4,664.55,665.55,30165.0
2026-06-03 13:55:00,665.95,665.95,664.15,665.0,21503.0
2026-06-03 14:00:00,665.0,665.0,664.0,664.9,7888.0
2026-06-03 14:05:00,664.95,665.75,664.0,664.6,9491.0
2026-06-03 14:10:00,664.6,665.55,664.6,665.1,7385.0
2026-06-03 14:15:00,665.5,666.35,664.65,666.3,5449.0
2026-06-03 14:20:00,666.25,667.7,665.7,667.6,16288.0
2026-06-03 14:25:00,667.25,667.65,666.0,666.6,19483.0
2026-06-03 14:30:00,666.9,668.0,666.3,666.95,10847.0
2026-06-03 14:35:00,666.45,666.85,665.05,666.75,8890.0
2026-06-03 14:40:00,666.75,668.0,666.3,667.5,26430.0
2026-06-03 14:45:00,667.8,668.4,666.45,668.4,17304.0
2026-06-03 14:50:00,668.35,670.4,667.85,669.9,44142.0
2026-06-03 14:55:00,669.7,670.6,668.65,669.0,21487.0
2026-06-03 15:00:00,669.15,670.0,665.2,668.0,38297.0
2026-06-03 15:05:00,667.95,668.8,666.55,667.3,22893.0
2026-06-03 15:10:00,667.3,667.5,666.35,667.5,25974.0
2026-06-03 15:15:00,667.7,667.7,665.35,665.8,46018.0
2026-06-03 15:20:00,666.1,668.95,665.5,668.0,26397.0
2026-06-03 15:25:00,667.9,668.5,665.0,668.5,57652.0
2026-06-04 09:15:00,668.0,674.75,667.9,672.45,115216.0
2026-06-04 09:20:00,671.55,677.0,671.15,675.85,120827.0
2026-06-04 09:25:00,676.55,679.95,675.6,678.1,221893.0
2026-06-04 09:30:00,677.95,684.2,677.65,682.0,126999.0
2026-06-04 09:35:00,682.0,682.25,679.1,682.0,84428.0
2026-06-04 09:40:00,681.05,681.4,679.1,679.2,39131.0
2026-06-04 09:45:00,679.15,680.0,678.05,678.7,18506.0
2026-06-04 09:50:00,677.85,679.25,676.9,678.05,36429.0
2026-06-04 09:55:00,678.05,681.9,678.0,679.8,39406.0
2026-06-04 10:00:00,679.8,681.0,679.0,680.25,13774.0
2026-06-04 10:05:00,680.5,683.45,680.4,681.7,29560.0
2026-06-04 10:10:00,681.9,683.4,681.45,682.5,34522.0
2026-06-04 10:15:00,682.55,683.0,681.55,682.3,17489.0
2026-06-04 10:20:00,682.6,683.5,682.2,682.85,18286.0
2026-06-04 10:25:00,682.85,682.85,680.0,680.1,23127.0
2026-06-04 10:30:00,680.1,680.1,676.45,676.95,38405.0
2026-06-04 10:35:00,676.2,677.3,675.65,676.5,40201.0
2026-06-04 10:40:00,676.05,677.7,675.7,676.3,13686.0
2026-06-04 10:45:00,676.3,678.0,676.0,676.8,12090.0
2026-06-04 10:50:00,677.25,679.7,676.9,679.5,19973.0
2026-06-04 10:55:00,679.25,679.5,677.8,678.1,9125.0
2026-06-04 11:00:00,678.25,678.25,676.4,677.0,10915.0
2026-06-04 11:05:00,676.5,676.95,676.0,676.4,7469.0
2026-06-04 11:10:00,676.2,676.75,676.0,676.75,3139.0
2026-06-04 11:15:00,676.45,677.0,676.1,676.7,7897.0
2026-06-04 11:20:00,676.8,677.0,676.1,676.9,9404.0
2026-06-04 11:25:00,676.95,679.1,676.1,677.35,13671.0
2026-06-04 11:30:00,677.35,678.85,677.1,678.6,12049.0
2026-06-04 11:35:00,678.75,680.6,678.4,679.7,15319.0
2026-06-04 11:40:00,679.9,681.9,679.4,679.4,21286.0
2026-06-04 11:45:00,679.4,679.4,678.4,678.45,6329.0
2026-06-04 11:50:00,678.65,678.8,677.1,677.6,7792.0
2026-06-04 11:55:00,677.25,678.3,677.0,677.1,7361.0
2026-06-04 12:00:00,677.5,678.6,677.2,678.05,4827.0
2026-06-04 12:05:00,677.7,678.6,677.6,678.2,2990.0
2026-06-04 12:10:00,678.35,678.35,676.85,677.25,3488.0
2026-06-04 12:15:00,677.5,677.55,676.5,676.5,5505.0
2026-06-04 12:20:00,676.95,677.7,676.45,676.45,9904.0
2026-06-04 12:25:00,676.5,676.85,676.15,676.6,2385.0
2026-06-04 12:30:00,676.6,676.8,675.5,675.55,18001.0
2026-06-04 12:35:00,675.5,676.2,675.0,675.95,15834.0
2026-06-04 12:40:00,676.2,676.8,676.0,676.15,7081.0
2026-06-04 12:45:00,676.15,676.45,675.8,676.3,9186.0
2026-06-04 12:50:00,676.8,677.0,676.35,677.0,2749.0
2026-06-04 12:55:00,677.0,677.35,676.45,677.05,2923.0
2026-06-04 13:00:00,677.05,677.2,676.25,677.1,3824.0
2026-06-04 13:05:00,676.9,676.95,676.25,676.7,2813.0
2026-06-04 13:10:00,677.0,677.0,674.0,674.1,23439.0
2026-06-04 13:15:00,674.0,675.4,673.05,675.4,8993.0
2026-06-04 13:20:00,674.85,675.4,674.4,675.25,8839.0
2026-06-04 13:25:00,675.05,675.8,674.4,675.8,5639.0
2026-06-04 13:30:00,675.75,675.8,675.15,675.7,4845.0
2026-06-04 13:35:00,675.5,675.75,674.5,675.05,9550.0
2026-06-04 13:40:00,675.05,675.25,674.5,674.6,6077.0
2026-06-04 13:45:00,674.9,675.5,674.6,675.5,4102.0
2026-06-04 13:50:00,675.5,675.5,674.3,675.25,7629.0
2026-06-04 13:55:00,674.9,675.25,674.0,675.25,2664.0
2026-06-04 14:00:00,674.85,675.8,674.85,675.2,4656.0
2026-06-04 14:05:00,675.3,675.9,675.1,675.45,5789.0
2026-06-04 14:10:00,675.1,675.8,674.9,675.5,8224.0
2026-06-04 14:15:00,675.7,676.0,674.8,674.8,7858.0
2026-06-04 14:20:00,674.85,675.0,674.3,674.5,3304.0
2026-06-04 14:25:00,674.5,674.85,674.05,674.1,9443.0
2026-06-04 14:30:00,674.1,675.45,674.1,675.45,4252.0
2026-06-04 14:35:00,675.5,678.25,675.0,677.5,21443.0
2026-06-04 14:40:00,677.3,677.5,676.0,677.1,23144.0
2026-06-04 14:45:00,676.6,680.05,676.6,677.4,69363.0
2026-06-04 14:50:00,677.55,677.75,676.45,676.8,10519.0
2026-06-04 14:55:00,676.95,677.0,676.35,676.95,9869.0
2026-06-04 15:00:00,677.0,677.5,675.5,676.0,17520.0
2026-06-04 15:05:00,676.0,677.75,675.65,677.55,19478.0
2026-06-04 15:10:00,677.75,679.4,677.35,678.9,37553.0
2026-06-04 15:15:00,678.75,678.85,677.35,677.5,44505.0
2026-06-04 15:20:00,677.3,677.45,674.2,675.85,54303.0
2026-06-04 15:25:00,675.85,676.3,674.0,674.95,43859.0
2026-06-05 09:15:00,680.0,680.0,672.2,672.2,80734.0
2026-06-05 09:20:00,671.6,673.2,670.1,670.5,53674.0
2026-06-05 09:25:00,670.2,672.3,669.75,670.8,40171.0
2026-06-05 09:30:00,670.85,672.95,670.25,672.45,21904.0
2026-06-05 09:35:00,672.05,673.9,672.05,672.9,15848.0
2026-06-05 09:40:00,672.9,672.9,671.15,671.75,9102.0
2026-06-05 09:45:00,672.0,672.75,668.2,669.35,42710.0
2026-06-05 09:50:00,669.35,669.8,668.0,668.65,27242.0
2026-06-05 09:55:00,669.0,669.5,666.05,666.9,42025.0
2026-06-05 10:00:00,667.0,668.55,663.9,667.85,68347.0
2026-06-05 10:05:00,668.0,669.8,667.45,669.45,18478.0
2026-06-05 10:10:00,669.4,671.6,669.0,670.75,29704.0
2026-06-05 10:15:00,670.45,671.0,669.2,670.3,6908.0
2026-06-05 10:20:00,670.0,670.65,669.1,669.9,13320.0
2026-06-05 10:25:00,669.9,670.6,668.2,668.6,9437.0
2026-06-05 10:30:00,669.05,669.65,667.5,667.75,15190.0
2026-06-05 10:35:00,667.5,667.8,664.6,664.8,37389.0
2026-06-05 10:40:00,664.95,665.95,664.0,664.45,27194.0
2026-06-05 10:45:00,664.0,664.9,663.1,663.9,19232.0
2026-06-05 10:50:00,664.15,665.6,664.15,665.6,21492.0
2026-06-05 10:55:00,665.55,667.2,665.55,666.75,8618.0
2026-06-05 11:00:00,667.0,667.8,667.0,667.45,6071.0
2026-06-05 11:05:00,667.45,668.5,667.15,668.0,15423.0
2026-06-05 11:10:00,668.35,668.4,666.45,666.45,16942.0
2026-06-05 11:15:00,666.5,666.5,665.5,665.8,10660.0
2026-06-05 11:20:00,665.8,665.8,664.2,665.0,14373.0
2026-06-05 11:25:00,665.25,666.0,664.85,665.7,8590.0
2026-06-05 11:30:00,665.65,666.1,662.4,663.15,30640.0
2026-06-05 11:35:00,663.1,663.1,661.9,662.6,34318.0
2026-06-05 11:40:00,662.5,663.05,662.0,662.3,23216.0
2026-06-05 11:45:00,662.2,664.8,662.0,664.8,23306.0
2026-06-05 11:50:00,664.7,664.85,662.75,663.2,16123.0
2026-06-05 11:55:00,663.25,664.0,663.0,663.25,22335.0
2026-06-05 12:00:00,663.2,664.1,663.0,663.05,8800.0
2026-06-05 12:05:00,663.1,664.3,663.1,663.65,13247.0
2026-06-05 12:10:00,663.7,664.6,662.75,663.95,14553.0
2026-06-05 12:15:00,664.5,665.55,664.15,665.05,23699.0
2026-06-05 12:20:00,665.05,665.4,664.25,664.7,8233.0
2026-06-05 12:25:00,664.7,664.95,663.4,663.8,13241.0
2026-06-05 12:30:00,663.75,663.8,662.55,663.1,10296.0
2026-06-05 12:35:00,662.75,663.3,662.1,662.45,10493.0
2026-06-05 12:40:00,662.45,662.6,661.8,662.6,12345.0
2026-06-05 12:45:00,662.4,662.9,661.8,662.4,6710.0
2026-06-05 12:50:00,662.35,662.4,661.2,661.4,12515.0
2026-06-05 12:55:00,661.3,662.05,661.2,661.65,5301.0
2026-06-05 13:00:00,661.65,662.35,660.65,661.85,25289.0
2026-06-05 13:05:00,661.85,661.85,660.5,661.0,15565.0
2026-06-05 13:10:00,661.05,661.25,660.1,660.1,15231.0
2026-06-05 13:15:00,660.3,661.05,660.0,660.0,30665.0
2026-06-05 13:20:00,660.05,660.05,658.15,658.95,20423.0
2026-06-05 13:25:00,658.7,658.95,657.45,657.85,19556.0
2026-06-05 13:30:00,657.75,659.3,656.85,658.35,21584.0
2026-06-05 13:35:00,658.1,658.65,658.0,658.5,7914.0
2026-06-05 13:40:00,658.4,658.75,657.2,657.7,20789.0
2026-06-05 13:45:00,657.55,658.6,657.2,658.05,10040.0
2026-06-05 13:50:00,657.95,658.3,657.3,657.35,8415.0
2026-06-05 13:55:00,657.3,657.95,656.5,657.65,19527.0
2026-06-05 14:00:00,657.55,658.5,656.45,657.6,17183.0
2026-06-05 14:05:00,657.5,659.45,657.3,658.3,12426.0
2026-06-05 14:10:00,658.3,658.7,657.5,657.8,9437.0
2026-06-05 14:15:00,658.1,658.45,657.0,658.3,11713.0
2026-06-05 14:20:00,658.65,658.65,657.2,658.2,10008.0
2026-06-05 14:25:00,658.4,659.8,658.2,659.3,25791.0
2026-06-05 14:30:00,659.55,660.3,659.2,659.2,11857.0
2026-06-05 14:35:00,659.55,659.85,658.0,658.25,14537.0
2026-06-05 14:40:00,658.05,661.0,658.0,660.7,27592.0
2026-06-05 14:45:00,660.8,661.0,658.05,658.95,22269.0
2026-06-05 14:50:00,658.75,659.55,658.4,658.55,10824.0
2026-06-05 14:55:00,658.95,658.95,657.5,657.85,24803.0
2026-06-05 15:00:00,657.85,658.35,657.0,658.25,18576.0
2026-06-05 15:05:00,658.3,658.3,656.05,657.0,32221.0
2026-06-05 15:10:00,657.0,657.05,656.1,656.8,28700.0
2026-06-05 15:15:00,656.8,658.7,656.5,658.7,67771.0
2026-06-05 15:20:00,658.45,658.95,657.75,658.25,37770.0
2026-06-05 15:25:00,658.25,659.5,657.65,658.55,42844.0
2026-06-08 09:15:00,649.95,650.55,643.5,649.35,139683.0
2026-06-08 09:20:00,649.5,651.25,647.05,649.2,50793.0
2026-06-08 09:25:00,649.45,649.65,646.65,647.45,38301.0
2026-06-08 09:30:00,647.8,649.6,646.5,647.3,30792.0
2026-06-08 09:35:00,647.7,647.9,644.75,645.15,42611.0
2026-06-08 09:40:00,645.95,647.0,638.4,639.95,181984.0
2026-06-08 09:45:00,639.95,642.55,636.3,637.0,104632.0
2026-06-08 09:50:00,636.95,638.95,635.85,638.9,36601.0
2026-06-08 09:55:00,638.95,641.2,637.45,641.0,29390.0
2026-06-08 10:00:00,640.9,640.9,636.55,637.65,42837.0
2026-06-08 10:05:00,637.5,639.55,636.0,638.7,24142.0
2026-06-08 10:10:00,638.75,640.1,638.2,639.65,28376.0
2026-06-08 10:15:00,639.45,640.5,638.25,639.2,17314.0
2026-06-08 10:20:00,638.85,640.9,638.65,639.6,28972.0
2026-06-08 10:25:00,640.5,640.5,638.25,638.25,10729.0
2026-06-08 10:30:00,638.55,640.65,638.0,640.0,8988.0
2026-06-08 10:35:00,639.8,640.95,639.55,640.7,17489.0
2026-06-08 10:40:00,640.3,641.85,639.8,640.35,24197.0
2026-06-08 10:45:00,639.75,640.5,639.2,640.3,12415.0
2026-06-08 10:50:00,640.3,640.5,639.15,639.65,5405.0
2026-06-08 10:55:00,639.0,640.15,638.7,640.1,8514.0
2026-06-08 11:00:00,640.1,640.4,639.5,639.5,4396.0
2026-06-08 11:05:00,639.6,639.8,638.35,639.35,18700.0
2026-06-08 11:10:00,638.9,639.4,638.2,638.9,4386.0
2026-06-08 11:15:00,638.75,639.75,638.6,638.75,9788.0
2026-06-08 11:20:00,639.1,639.25,638.1,638.6,6319.0
2026-06-08 11:25:00,638.7,639.1,638.0,638.5,5906.0
2026-06-08 11:30:00,638.5,639.35,638.0,638.5,7477.0
2026-06-08 11:35:00,638.65,638.8,637.85,638.8,7737.0
2026-06-08 11:40:00,638.8,639.3,638.3,639.0,12077.0
2026-06-08 11:45:00,638.8,639.65,638.8,639.45,5296.0
2026-06-08 11:50:00,639.0,639.45,638.05,638.35,4708.0
2026-06-08 11:55:00,638.0,638.4,637.5,637.5,4425.0
2026-06-08 12:00:00,637.8,638.85,637.8,638.05,16518.0
2026-06-08 12:05:00,638.15,638.5,637.9,638.3,4370.0
2026-06-08 12:10:00,638.3,639.0,638.1,638.95,7240.0
2026-06-08 12:15:00,638.65,638.95,638.05,638.35,4007.0
2026-06-08 12:20:00,638.0,638.9,638.0,638.8,4006.0
2026-06-08 12:25:00,638.8,638.9,637.05,637.4,19887.0
2026-06-08 12:30:00,637.45,637.45,636.8,637.25,6224.0
2026-06-08 12:35:00,637.4,637.4,636.55,637.2,6964.0
2026-06-08 12:40:00,637.2,638.5,637.0,638.35,10697.0
2026-06-08 12:45:00,638.35,638.4,637.4,638.4,8782.0
2026-06-08 12:50:00,638.4,639.7,638.1,638.9,13826.0
2026-06-08 12:55:00,638.9,639.05,638.5,638.95,4427.0
2026-06-08 13:00:00,638.95,639.0,638.0,638.2,4370.0
2026-06-08 13:05:00,638.2,638.25,636.25,636.55,16656.0
2026-06-08 13:10:00,636.05,636.6,636.0,636.25,12634.0
2026-06-08 13:15:00,636.25,636.6,635.05,635.8,26335.0
2026-06-08 13:20:00,635.6,635.95,633.5,633.75,41211.0
2026-06-08 13:25:00,634.0,634.65,632.9,633.1,22603.0
2026-06-08 13:30:00,633.1,633.3,632.0,632.2,29174.0
2026-06-08 13:35:00,632.0,632.2,631.25,631.5,11850.0
2026-06-08 13:40:00,631.55,631.55,631.1,631.35,13350.0
2026-06-08 13:45:00,631.35,631.4,630.6,631.2,23834.0
2026-06-08 13:50:00,631.0,631.55,630.0,631.2,26698.0
2026-06-08 13:55:00,631.1,631.1,626.0,628.0,95037.0
2026-06-08 14:00:00,628.0,630.15,627.9,629.55,32434.0
2026-06-08 14:05:00,629.9,630.4,629.25,630.25,10751.0
2026-06-08 14:10:00,630.25,630.6,629.0,629.75,11949.0
2026-06-08 14:15:00,629.5,632.0,629.5,631.45,23244.0
2026-06-08 14:20:00,631.45,631.45,630.0,630.3,16428.0
2026-06-08 14:25:00,630.3,630.4,627.1,627.5,56069.0
2026-06-08 14:30:00,627.55,628.2,627.1,627.75,15129.0
2026-06-08 14:35:00,627.75,627.85,625.1,626.35,44813.0
2026-06-08 14:40:00,626.3,628.75,625.95,628.75,10580.0
2026-06-08 14:45:00,628.5,629.45,627.9,628.3,15538.0
2026-06-08 14:50:00,628.05,628.6,627.05,627.45,8252.0
2026-06-08 14:55:00,627.45,628.8,626.6,627.9,13213.0
2026-06-08 15:00:00,627.85,627.85,624.1,624.55,48943.0
2026-06-08 15:05:00,624.55,624.55,621.7,622.0,85529.0
2026-06-08 15:10:00,622.15,622.85,616.1,617.6,208921.0
2026-06-08 15:15:00,617.45,619.0,616.8,617.85,83412.0
2026-06-08 15:20:00,617.9,618.0,609.0,610.3,282778.0
2026-06-08 15:25:00,609.95,610.7,595.2,608.3,725675.0
2026-06-09 09:15:00,610.95,624.4,608.75,618.4,292181.0
2026-06-09 09:20:00,618.6,621.9,612.35,613.5,122673.0
2026-06-09 09:25:00,613.25,614.65,610.6,610.8,66362.0
2026-06-09 09:30:00,610.9,617.95,610.9,617.1,42501.0
2026-06-09 09:35:00,617.35,622.15,617.0,619.9,63241.0
2026-06-09 09:40:00,619.85,621.9,618.75,620.0,28116.0
2026-06-09 09:45:00,619.8,620.5,617.45,617.5,40050.0
2026-06-09 09:50:00,617.45,620.75,617.05,620.0,21917.0
2026-06-09 09:55:00,620.35,620.35,617.4,618.0,11318.0
2026-06-09 10:00:00,618.2,621.1,617.5,617.95,29809.0
2026-06-09 10:05:00,618.05,620.55,617.6,620.05,12634.0
2026-06-09 10:10:00,621.0,621.5,619.8,620.0,15842.0
2026-06-09 10:15:00,619.8,620.5,619.0,619.6,13955.0
2026-06-09 10:20:00,619.9,621.0,618.8,619.45,12996.0
2026-06-09 10:25:00,619.15,621.5,619.15,620.85,12805.0
2026-06-09 10:30:00,620.95,622.4,620.05,621.85,14211.0
2026-06-09 10:35:00,621.9,621.9,619.05,619.05,12424.0
2026-06-09 10:40:00,619.4,620.9,618.3,620.9,23326.0
2026-06-09 10:45:00,620.85,621.5,620.2,620.25,20461.0
2026-06-09 10:50:00,620.25,620.55,618.6,620.35,17536.0
2026-06-09 10:55:00,620.5,621.35,620.0,621.3,6892.0
2026-06-09 11:00:00,621.3,622.4,620.85,622.2,15388.0
2026-06-09 11:05:00,622.2,626.0,622.2,624.3,71916.0
2026-06-09 11:10:00,624.8,624.8,623.05,623.55,14271.0
2026-06-09 11:15:00,623.55,624.5,623.1,623.75,10514.0
2026-06-09 11:20:00,623.8,623.8,619.2,620.2,26984.0
2026-06-09 11:25:00,619.9,620.7,619.25,620.0,12574.0
2026-06-09 11:30:00,619.9,619.95,618.4,619.5,14303.0
2026-06-09 11:35:00,619.2,621.0,619.0,620.0,9290.0
2026-06-09 11:40:00,620.75,620.9,619.3,620.4,3938.0
2026-06-09 11:45:00,620.4,622.25,620.25,622.0,12632.0
2026-06-09 11:50:00,622.05,622.4,621.0,621.3,7066.0
2026-06-09 11:55:00,621.3,622.3,620.6,622.0,6486.0
2026-06-09 12:00:00,622.0,622.0,620.4,620.5,8736.0
2026-06-09 12:05:00,620.65,621.15,619.55,621.0,6962.0
2026-06-09 12:10:00,620.8,621.2,620.5,620.55,1961.0
2026-06-09 12:15:00,620.5,622.0,620.5,621.8,5904.0
2026-06-09 12:20:00,621.55,623.4,621.55,622.35,15558.0
2026-06-09 12:25:00,622.15,622.8,622.0,622.5,4969.0
2026-06-09 12:30:00,622.5,622.7,621.7,622.25,3175.0
2026-06-09 12:35:00,622.25,623.2,621.5,623.05,12314.0
2026-06-09 12:40:00,623.05,623.55,622.05,622.95,11735.0
2026-06-09 12:45:00,623.0,623.0,622.0,622.3,8817.0
2026-06-09 12:50:00,622.0,622.25,621.3,621.35,5543.0
2026-06-09 12:55:00,621.35,621.35,620.2,620.7,4513.0
2026-06-09 13:00:00,620.75,621.25,620.5,621.1,1999.0
2026-06-09 13:05:00,621.1,621.25,620.25,621.25,3622.0
2026-06-09 13:10:00,621.05,622.25,620.7,622.25,3960.0
2026-06-09 13:15:00,622.25,622.25,621.6,621.8,2447.0
2026-06-09 13:20:00,621.75,621.95,621.05,621.5,2214.0
2026-06-09 13:25:00,621.5,621.9,621.0,621.5,4776.0
2026-06-09 13:30:00,621.5,621.55,620.95,621.1,2881.0
2026-06-09 13:35:00,621.4,622.65,621.4,622.65,5095.0
2026-06-09 13:40:00,622.5,622.7,621.0,621.05,4909.0
2026-06-09 13:45:00,621.15,621.6,621.05,621.2,2951.0
2026-06-09 13:50:00,621.2,621.3,620.7,621.15,2682.0
2026-06-09 13:55:00,621.15,622.9,620.95,621.4,16877.0
2026-06-09 14:00:00,621.4,622.35,621.25,622.1,9826.0
2026-06-09 14:05:00,622.2,624.15,622.2,623.4,15607.0
2026-06-09 14:10:00,623.55,624.0,622.65,622.85,7909.0
2026-06-09 14:15:00,622.85,623.6,622.3,622.55,18046.0
2026-06-09 14:20:00,622.45,622.55,621.6,622.0,4503.0
2026-06-09 14:25:00,622.0,623.45,622.0,623.45,5332.0
2026-06-09 14:30:00,623.45,623.95,623.1,623.5,19147.0
2026-06-09 14:35:00,623.5,623.85,622.4,622.9,4920.0
2026-06-09 14:40:00,622.9,623.8,622.55,623.65,8471.0
2026-06-09 14:45:00,623.65,623.85,622.65,623.65,9521.0
2026-06-09 14:50:00,623.65,625.55,622.45,625.55,58986.0
2026-06-09 14:55:00,625.2,626.75,624.3,626.4,38399.0
2026-06-09 15:00:00,626.1,626.1,624.2,625.35,21282.0
2026-06-09 15:05:00,625.4,629.0,625.1,628.15,61072.0
2026-06-09 15:10:00,628.35,628.95,627.25,628.0,34394.0
2026-06-09 15:15:00,628.2,629.5,627.6,629.2,43548.0
2026-06-09 15:20:00,629.5,629.9,627.5,628.25,45693.0
2026-06-09 15:25:00,628.25,629.5,627.1,629.0,45438.0
2026-06-10 09:15:00,630.0,630.45,611.2,611.85,232744.0
2026-06-10 09:20:00,611.75,614.55,608.25,610.0,185060.0
2026-06-10 09:25:00,609.95,612.8,609.25,610.7,103344.0
2026-06-10 09:30:00,610.7,612.8,610.0,612.45,77838.0
2026-06-10 09:35:00,612.45,612.6,611.0,611.7,36560.0
2026-06-10 09:40:00,611.9,612.0,609.3,609.8,42206.0
2026-06-10 09:45:00,609.55,616.4,609.3,615.7,87823.0
2026-06-10 09:50:00,615.7,617.0,615.0,615.2,47236.0
2026-06-10 09:55:00,615.5,615.8,613.3,614.0,30248.0
2026-06-10 10:00:00,613.35,614.85,613.3,613.8,11915.0
2026-06-10 10:05:00,613.8,614.5,612.5,614.4,16981.0
2026-06-10 10:10:00,614.4,615.7,612.5,612.65,27038.0
2026-06-10 10:15:00,612.65,614.0,612.0,613.85,14294.0
2026-06-10 10:20:00,613.85,615.55,612.8,614.45,28872.0
2026-06-10 10:25:00,615.15,615.4,614.0,615.0,18101.0
2026-06-10 10:30:00,615.3,616.8,614.45,616.5,17175.0
2026-06-10 10:35:00,617.0,619.0,616.65,617.1,48858.0
2026-06-10 10:40:00,617.0,617.4,616.2,617.0,10908.0
2026-06-10 10:45:00,617.0,617.1,615.35,615.7,19821.0
2026-06-10 10:50:00,615.9,616.1,614.05,614.55,12955.0
2026-06-10 10:55:00,614.75,616.0,614.35,616.0,7593.0
2026-06-10 11:00:00,616.0,616.0,614.3,614.5,8824.0
2026-06-10 11:05:00,614.85,616.0,614.4,616.0,13637.0
2026-06-10 11:10:00,615.95,616.8,615.75,616.75,14281.0
2026-06-10 11:15:00,616.85,616.95,614.85,615.0,8495.0
2026-06-10 11:20:00,615.15,615.35,614.6,615.0,2913.0
2026-06-10 11:25:00,615.0,615.75,614.6,615.75,4739.0
2026-06-10 11:30:00,615.6,616.0,615.0,615.4,5573.0
2026-06-10 11:35:00,615.4,615.4,614.0,614.3,18668.0
2026-06-10 11:40:00,614.3,615.65,614.0,614.7,8739.0
2026-06-10 11:45:00,615.0,615.05,614.3,614.55,4908.0
2026-06-10 11:50:00,614.65,615.4,614.65,615.15,4018.0
2026-06-10 11:55:00,615.15,615.75,614.75,614.85,7644.0
2026-06-10 12:00:00,614.85,615.5,614.25,614.65,4270.0
2026-06-10 12:05:00,614.85,615.0,614.25,614.95,3271.0
2026-06-10 12:10:00,614.95,614.95,614.0,614.7,12538.0
2026-06-10 12:15:00,614.35,614.8,614.0,614.5,4773.0
2026-06-10 12:20:00,614.55,614.8,613.1,613.6,3915.0
2026-06-10 12:25:00,613.4,613.45,612.6,613.05,9054.0
2026-06-10 12:30:00,613.3,613.75,612.7,612.7,14349.0
2026-06-10 12:35:00,612.7,613.0,612.1,612.2,5350.0
2026-06-10 12:40:00,612.5,612.6,611.1,611.65,10950.0
2026-06-10 12:45:00,611.2,612.0,610.35,611.85,17292.0
2026-06-10 12:50:00,612.0,612.0,609.9,610.15,22829.0
2026-06-10 12:55:00,610.15,612.0,609.55,612.0,11251.0
2026-06-10 13:00:00,612.3,613.0,611.8,613.0,6236.0
2026-06-10 13:05:00,613.0,614.35,612.1,613.6,9612.0
2026-06-10 13:10:00,614.0,614.3,612.35,612.5,6809.0
2026-06-10 13:15:00,612.5,613.85,612.5,613.55,8408.0
2026-06-10 13:20:00,613.15,613.35,612.4,612.45,2540.0
2026-06-10 13:25:00,612.65,613.25,611.85,613.1,9097.0
2026-06-10 13:30:00,613.1,613.1,612.05,612.65,7342.0
2026-06-10 13:35:00,612.95,612.95,612.2,612.3,3077.0
2026-06-10 13:40:00,612.35,612.7,611.5,612.15,8064.0
2026-06-10 13:45:00,612.15,612.15,611.4,611.8,2267.0
2026-06-10 13:50:00,611.8,612.5,611.75,612.35,4290.0
2026-06-10 13:55:00,612.25,612.35,611.1,611.5,11418.0
2026-06-10 14:00:00,611.5,612.3,611.15,611.9,4594.0
2026-06-10 14:05:00,611.85,612.35,611.4,611.85,4080.0
2026-06-10 14:10:00,611.5,611.85,610.45,610.85,4634.0
2026-06-10 14:15:00,610.5,611.6,609.9,609.95,36806.0
2026-06-10 14:20:00,609.95,611.0,609.9,610.65,5967.0
2026-06-10 14:25:00,610.95,610.95,609.0,610.2,15309.0
2026-06-10 14:30:00,610.0,610.7,609.0,610.7,20414.0
2026-06-10 14:35:00,610.4,610.7,608.35,608.5,30913.0
2026-06-10 14:40:00,608.35,609.15,607.0,607.45,48904.0
2026-06-10 14:45:00,607.5,607.5,606.05,606.15,46062.0
2026-06-10 14:50:00,606.15,607.2,605.6,606.45,24179.0
2026-06-10 14:55:00,606.9,607.5,606.3,607.45,12254.0
2026-06-10 15:00:00,607.5,607.5,605.5,606.0,16664.0
2026-06-10 15:05:00,606.25,606.5,604.55,606.35,54289.0
2026-06-10 15:10:00,606.4,606.55,603.35,604.45,41551.0
2026-06-10 15:15:00,604.2,604.75,602.55,604.75,49674.0
2026-06-10 15:20:00,604.5,605.0,602.15,602.8,69296.0
2026-06-10 15:25:00,602.8,604.2,602.0,603.7,40231.0
2026-06-11 09:15:00,600.9,600.9,587.05,597.9,159366.0
2026-06-11 09:20:00,597.8,604.3,597.45,603.05,101512.0
2026-06-11 09:25:00,602.85,605.0,601.6,603.0,69388.0
2026-06-11 09:30:00,603.3,603.95,599.2,600.35,31548.0
2026-06-11 09:35:00,600.0,602.0,600.0,601.85,13781.0
2026-06-11 09:40:00,601.9,604.9,599.2,603.55,33133.0
2026-06-11 09:45:00,603.6,603.7,601.3,601.9,20618.0
2026-06-11 09:50:00,601.9,602.6,601.05,602.0,17765.0
2026-06-11 09:55:00,602.2,602.2,599.1,600.3,22947.0
2026-06-11 10:00:00,600.3,606.9,599.1,604.6,69109.0
2026-06-11 10:05:00,604.65,606.6,603.0,606.1,46981.0
2026-06-11 10:10:00,606.1,606.6,602.7,603.3,45831.0
2026-06-11 10:15:00,603.3,603.7,603.0,603.7,8041.0
2026-06-11 10:20:00,603.7,604.45,603.2,603.9,14599.0
2026-06-11 10:25:00,603.8,603.9,602.6,602.8,10502.0
2026-06-11 10:30:00,603.15,605.9,602.55,604.7,43329.0
2026-06-11 10:35:00,604.9,605.9,603.7,604.75,38104.0
2026-06-11 10:40:00,604.85,605.35,603.4,603.4,6321.0
2026-06-11 10:45:00,603.85,604.75,603.3,604.4,9007.0
2026-06-11 10:50:00,604.35,604.35,600.7,600.9,15451.0
2026-06-11 10:55:00,600.9,602.5,600.05,601.25,16020.0
2026-06-11 11:00:00,601.45,602.85,601.1,602.0,9048.0
2026-06-11 11:05:00,602.4,602.95,600.7,601.9,17770.0
2026-06-11 11:10:00,601.7,601.7,600.1,601.15,6937.0
2026-06-11 11:15:00,600.85,601.05,600.25,600.85,4426.0
2026-06-11 11:20:00,600.85,601.95,600.85,601.65,8412.0
2026-06-11 11:25:00,601.8,602.85,601.4,601.85,8101.0
2026-06-11 11:30:00,602.0,602.0,599.2,600.8,24685.0
2026-06-11 11:35:00,600.6,600.7,598.55,598.85,7578.0
2026-06-11 11:40:00,598.65,599.8,598.25,599.75,12942.0
2026-06-11 11:45:00,600.25,601.3,600.0,600.9,5927.0
2026-06-11 11:50:00,600.55,601.65,600.05,600.65,4211.0
2026-06-11 11:55:00,600.65,600.65,599.3,599.55,4313.0
2026-06-11 12:00:00,599.95,600.8,599.5,599.8,7407.0
2026-06-11 12:05:00,599.8,599.85,597.05,597.05,17112.0
2026-06-11 12:10:00,597.15,597.6,596.8,597.55,14743.0
2026-06-11 12:15:00,597.8,598.7,597.15,597.15,14507.0
2026-06-11 12:20:00,597.6,597.6,595.95,596.35,7274.0
2026-06-11 12:25:00,596.25,597.0,596.0,596.9,6835.0
2026-06-11 12:30:00,596.9,598.0,596.6,597.8,7509.0
2026-06-11 12:35:00,597.9,598.25,596.5,597.5,4533.0
2026-06-11 12:40:00,597.0,597.55,596.55,596.7,5732.0
2026-06-11 12:45:00,596.25,596.5,593.25,593.25,36467.0
2026-06-11 12:50:00,593.55,594.45,593.0,593.0,11999.0
2026-06-11 12:55:00,593.3,593.95,592.5,593.4,11985.0
2026-06-11 13:00:00,593.55,594.6,592.2,593.0,10535.0
2026-06-11 13:05:00,593.0,593.3,589.9,590.1,85122.0
2026-06-11 13:10:00,590.0,591.5,590.0,590.85,13559.0
2026-06-11 13:15:00,590.95,590.95,588.55,590.35,67036.0
2026-06-11 13:20:00,590.4,590.4,589.1,589.65,7928.0
2026-06-11 13:25:00,589.9,589.9,588.0,589.0,21643.0
2026-06-11 13:30:00,589.0,590.8,588.6,589.85,16231.0
2026-06-11 13:35:00,590.0,590.3,589.3,589.5,9657.0
2026-06-11 13:40:00,589.5,589.95,587.4,588.2,16209.0
2026-06-11 13:45:00,588.45,590.15,588.2,589.4,20372.0
2026-06-11 13:50:00,589.6,589.9,587.2,588.4,22466.0
2026-06-11 13:55:00,588.65,590.4,588.5,589.55,7413.0
2026-06-11 14:00:00,589.6,590.4,589.05,590.4,4071.0
2026-06-11 14:05:00,590.55,590.9,588.4,588.8,10080.0
2026-06-11 14:10:00,588.8,590.0,588.0,589.1,6476.0
2026-06-11 14:15:00,589.35,590.9,589.0,590.2,19305.0
2026-06-11 14:20:00,590.2,590.9,590.0,590.2,22167.0
2026-06-11 14:25:00,590.0,592.85,590.0,592.85,11312.0
2026-06-11 14:30:00,592.8,593.0,591.15,591.55,9675.0
2026-06-11 14:35:00,591.55,591.85,590.0,590.65,9462.0
2026-06-11 14:40:00,590.75,590.75,589.45,590.0,7079.0
2026-06-11 14:45:00,590.05,590.7,589.05,590.05,8462.0
2026-06-11 14:50:00,590.05,590.05,588.5,589.05,11010.0
2026-06-11 14:55:00,589.0,589.3,588.3,588.9,10710.0
2026-06-11 15:00:00,589.2,589.45,585.7,586.4,42497.0
2026-06-11 15:05:00,586.4,587.85,585.55,587.0,22864.0
2026-06-11 15:10:00,587.0,589.2,586.45,589.05,34473.0
2026-06-11 15:15:00,588.55,591.35,588.55,590.1,49724.0
2026-06-11 15:20:00,590.0,590.0,588.0,589.35,34711.0
2026-06-11 15:25:00,589.35,590.7,588.3,589.9,63626.0
2026-06-12 09:15:00,601.0,608.0,601.0,607.0,176196.0
2026-06-12 09:20:00,606.9,607.2,603.45,606.6,93721.0
2026-06-12 09:25:00,606.25,606.9,602.0,602.0,69590.0
2026-06-12 09:30:00,602.0,604.0,601.45,603.6,32235.0
2026-06-12 09:35:00,604.0,606.8,603.05,603.4,68254.0
2026-06-12 09:40:00,603.8,603.85,599.2,600.0,93038.0
2026-06-12 09:45:00,599.75,600.0,597.8,599.0,34570.0
2026-06-12 09:50:00,598.7,601.0,596.55,596.55,36828.0
2026-06-12 09:55:00,597.55,599.85,596.35,599.0,19304.0
2026-06-12 10:00:00,598.55,599.05,596.9,598.15,27288.0
2026-06-12 10:05:00,598.15,599.8,598.05,599.0,7470.0
2026-06-12 10:10:00,599.0,599.25,597.9,597.9,10315.0
2026-06-12 10:15:00,598.1,598.75,597.3,598.55,11251.0
2026-06-12 10:20:00,598.5,599.95,598.1,598.85,26517.0
2026-06-12 10:25:00,598.85,600.5,598.55,599.9,34771.0
2026-06-12 10:30:00,599.8,599.8,598.0,598.75,9602.0
2026-06-12 10:35:00,598.75,599.9,598.15,598.8,12800.0
2026-06-12 10:40:00,599.1,599.3,598.05,598.7,11934.0
2026-06-12 10:45:00,598.7,599.4,597.25,598.2,8577.0
2026-06-12 10:50:00,598.2,598.2,597.1,597.85,7253.0
2026-06-12 10:55:00,597.85,598.0,597.85,598.0,3510.0
2026-06-12 11:00:00,598.3,599.2,598.3,598.95,6895.0
2026-06-12 11:05:00,598.65,599.0,598.0,598.35,13664.0
2026-06-12 11:10:00,598.35,599.85,598.05,599.85,4885.0
2026-06-12 11:15:00,599.85,605.15,599.55,603.55,101762.0
2026-06-12 11:20:00,603.5,603.5,601.9,602.1,11016.0
2026-06-12 11:25:00,602.0,602.5,601.2,601.2,7601.0
2026-06-12 11:30:00,601.5,601.85,600.7,601.85,5990.0
2026-06-12 11:35:00,601.85,601.85,600.15,601.0,6684.0
2026-06-12 11:40:00,601.25,602.2,600.7,601.95,12776.0
2026-06-12 11:45:00,601.75,602.9,601.5,602.65,9413.0
2026-06-12 11:50:00,602.3,602.8,601.8,602.5,4938.0
2026-06-12 11:55:00,601.95,602.25,601.5,602.0,5017.0
2026-06-12 12:00:00,602.3,602.6,601.55,602.2,11313.0
2026-06-12 12:05:00,602.1,603.75,601.9,603.1,18640.0
2026-06-12 12:10:00,602.7,602.7,600.6,600.75,13167.0
2026-06-12 12:15:00,601.4,601.7,600.0,600.55,7057.0
2026-06-12 12:20:00,600.5,601.4,600.1,601.4,3391.0
2026-06-12 12:25:00,601.45,601.5,600.6,601.05,1456.0
2026-06-12 12:30:00,601.3,601.55,600.65,601.0,10602.0
2026-06-12 12:35:00,600.55,600.85,600.1,600.45,2106.0
2026-06-12 12:40:00,600.5,600.5,598.0,598.4,30479.0
2026-06-12 12:45:00,598.4,598.7,597.4,597.7,9947.0
2026-06-12 12:50:00,597.7,598.0,597.4,597.95,3714.0
2026-06-12 12:55:00,598.0,598.0,597.1,597.2,6375.0
2026-06-12 13:00:00,597.25,597.5,597.0,597.5,3810.0
2026-06-12 13:05:00,597.2,598.25,597.2,597.95,3395.0
2026-06-12 13:10:00,597.95,598.25,597.6,597.6,2022.0
2026-06-12 13:15:00,597.9,599.4,597.85,598.5,7276.0
2026-06-12 13:20:00,598.95,599.0,598.25,598.45,2646.0
2026-06-12 13:25:00,598.1,600.5,598.05,600.5,15710.0
2026-06-12 13:30:00,600.35,602.7,599.7,602.05,31597.0
2026-06-12 13:35:00,602.0,602.75,601.5,602.75,8716.0
2026-06-12 13:40:00,602.6,603.55,602.3,602.9,11185.0
2026-06-12 13:45:00,602.75,606.0,602.1,606.0,45069.0
2026-06-12 13:50:00,605.75,606.25,604.5,605.7,26873.0
2026-06-12 13:55:00,605.25,607.45,605.25,607.0,43214.0
2026-06-12 14:00:00,607.1,607.15,605.55,606.8,21865.0
2026-06-12 14:05:00,606.8,607.0,605.45,605.45,12711.0
2026-06-12 14:10:00,605.5,606.25,604.35,606.1,26378.0
2026-06-12 14:15:00,605.5,609.65,605.5,609.3,50696.0
2026-06-12 14:20:00,609.35,609.5,607.4,607.65,18400.0
2026-06-12 14:25:00,607.7,607.9,606.35,607.85,13968.0
2026-06-12 14:30:00,607.75,608.45,607.75,608.0,17106.0
2026-06-12 14:35:00,608.0,608.3,606.6,607.45,15175.0
2026-06-12 14:40:00,607.85,608.95,607.4,608.8,18898.0
2026-06-12 14:45:00,608.8,609.5,608.0,608.1,15783.0
2026-06-12 14:50:00,608.45,608.5,607.25,607.95,11474.0
2026-06-12 14:55:00,608.1,608.25,607.55,608.1,11347.0
2026-06-12 15:00:00,608.1,612.0,607.15,611.6,54054.0
2026-06-12 15:05:00,611.6,614.5,611.25,612.2,79804.0
2026-06-12 15:10:00,612.0,614.25,612.0,613.3,61036.0
2026-06-12 15:15:00,613.45,613.7,608.75,612.7,72163.0
2026-06-12 15:20:00,612.7,613.3,611.5,612.35,42857.0
2026-06-12 15:25:00,612.35,613.85,611.05,612.0,66030.0
2026-06-15 09:15:00,622.2,624.4,618.5,621.2,155264.0
2026-06-15 09:20:00,620.8,622.8,617.2,618.25,73571.0
2026-06-15 09:25:00,618.5,620.5,617.75,619.15,29112.0
2026-06-15 09:30:00,619.05,621.0,617.95,618.65,35295.0
2026-06-15 09:35:00,618.25,622.3,618.25,621.2,23958.0
2026-06-15 09:40:00,621.3,621.7,620.4,620.9,18305.0
2026-06-15 09:45:00,621.15,621.2,619.6,619.6,17440.0
2026-06-15 09:50:00,619.9,620.0,618.9,619.2,18446.0
2026-06-15 09:55:00,619.45,619.45,616.4,616.65,32976.0
2026-06-15 10:00:00,616.6,618.0,616.3,617.25,18104.0
2026-06-15 10:05:00,617.0,617.7,616.3,617.5,13026.0
2026-06-15 10:10:00,617.4,617.85,615.3,616.0,26390.0
2026-06-15 10:15:00,615.95,616.0,614.3,615.85,43798.0
2026-06-15 10:20:00,615.85,616.75,615.5,616.65,8155.0
2026-06-15 10:25:00,616.65,616.7,616.05,616.7,10276.0
2026-06-15 10:30:00,616.6,617.5,616.05,616.15,16735.0
2026-06-15 10:35:00,616.5,616.7,615.85,616.0,8552.0
2026-06-15 10:40:00,616.4,616.8,615.6,615.9,6864.0
2026-06-15 10:45:00,615.9,617.25,615.7,617.2,12110.0
2026-06-15 10:50:00,617.5,617.85,617.0,617.0,15178.0
2026-06-15 10:55:00,617.35,619.5,617.0,619.5,30834.0
2026-06-15 11:00:00,619.5,620.0,617.85,618.6,9909.0
2026-06-15 11:05:00,618.6,618.75,618.0,618.1,6036.0
2026-06-15 11:10:00,618.1,618.35,617.6,617.6,3769.0
2026-06-15 11:15:00,617.85,617.85,616.9,617.2,4166.0
2026-06-15 11:20:00,616.95,617.95,616.0,617.95,16950.0
2026-06-15 11:25:00,618.0,618.75,617.75,618.6,10467.0
2026-06-15 11:30:00,618.3,618.7,617.3,618.3,20256.0
2026-06-15 11:35:00,618.3,618.3,617.2,617.45,3203.0
2026-06-15 11:40:00,617.45,617.6,617.0,617.0,4545.0
2026-06-15 11:45:00,617.45,617.45,614.3,614.7,46144.0
2026-06-15 11:50:00,614.65,615.5,614.65,615.2,13918.0
2026-06-15 11:55:00,615.2,615.45,614.3,614.3,13389.0
2026-06-15 12:00:00,614.3,614.6,613.05,613.3,19034.0
2026-06-15 12:05:00,613.2,613.6,612.3,613.6,19654.0
2026-06-15 12:10:00,613.4,615.0,613.4,614.5,27370.0
2026-06-15 12:15:00,614.8,614.8,612.3,613.5,20725.0
2026-06-15 12:20:00,613.5,614.5,613.35,614.45,9228.0
2026-06-15 12:25:00,614.2,614.5,613.4,614.35,4689.0
2026-06-15 12:30:00,614.1,614.7,613.6,614.7,7196.0
2026-06-15 12:35:00,614.7,615.0,614.05,614.5,5779.0
2026-06-15 12:40:00,614.5,614.7,614.0,614.15,5810.0
2026-06-15 12:45:00,614.5,614.5,614.15,614.4,3005.0
2026-06-15 12:50:00,614.15,614.65,614.0,614.4,10458.0
2026-06-15 12:55:00,614.4,615.0,614.05,614.5,8097.0
2026-06-15 13:00:00,614.5,614.85,614.1,614.4,6120.0
2026-06-15 13:05:00,614.2,614.7,614.1,614.5,4484.0
2026-06-15 13:10:00,614.65,615.5,614.5,615.35,15620.0
2026-06-15 13:15:00,615.05,615.55,614.65,615.55,3824.0
2026-06-15 13:20:00,615.25,615.6,614.1,614.2,7397.0
2026-06-15 13:25:00,614.4,615.4,614.05,614.6,4649.0
2026-06-15 13:30:00,614.85,615.0,614.6,615.0,1764.0
2026-06-15 13:35:00,614.8,614.85,613.4,614.05,17892.0
2026-06-15 13:40:00,614.05,614.95,613.6,613.65,8998.0
2026-06-15 13:45:00,614.05,615.0,613.5,614.7,7804.0
2026-06-15 13:50:00,614.4,614.8,613.7,614.45,2878.0
2026-06-15 13:55:00,614.45,614.75,614.0,614.4,4650.0
2026-06-15 14:00:00,614.4,614.5,613.5,613.7,5855.0
2026-06-15 14:05:00,613.7,614.35,613.65,613.95,4336.0
2026-06-15 14:10:00,613.95,613.95,612.0,612.85,30826.0
2026-06-15 14:15:00,613.1,613.45,612.4,613.1,12747.0
2026-06-15 14:20:00,613.1,613.25,612.35,613.25,7389.0
2026-06-15 14:25:00,613.2,613.45,612.0,612.4,13826.0
2026-06-15 14:30:00,612.35,613.0,612.0,612.9,6897.0
2026-06-15 14:35:00,612.9,612.95,612.15,612.6,12183.0
2026-06-15 14:40:00,612.5,612.8,610.8,612.15,18383.0
2026-06-15 14:45:00,612.0,613.45,611.6,612.5,12672.0
2026-06-15 14:50:00,612.0,612.8,609.8,610.4,43316.0
2026-06-15 14:55:00,610.4,611.2,609.15,610.4,29827.0
2026-06-15 15:00:00,610.3,610.65,607.4,608.5,51614.0
2026-06-15 15:05:00,608.45,609.35,608.0,608.2,39388.0
2026-06-15 15:10:00,608.35,609.35,606.5,607.4,74982.0
2026-06-15 15:15:00,607.6,608.5,605.05,606.0,80097.0
2026-06-15 15:20:00,606.05,607.6,605.0,606.0,75991.0
2026-06-15 15:25:00,606.2,607.9,605.35,607.9,82179.0
2026-06-16 09:15:00,609.6,609.6,604.0,608.0,90099.0
2026-06-16 09:20:00,608.05,608.9,605.05,605.4,55330.0
2026-06-16 09:25:00,605.05,611.8,605.05,609.75,49712.0
2026-06-16 09:30:00,609.6,610.1,607.7,609.3,26965.0
2026-06-16 09:35:00,609.2,611.9,608.5,611.2,35015.0
2026-06-16 09:40:00,610.2,613.9,610.0,612.2,32354.0
2026-06-16 09:45:00,612.85,613.8,611.45,611.85,32459.0
2026-06-16 09:50:00,612.2,613.0,610.45,612.0,16900.0
2026-06-16 09:55:00,612.0,616.3,611.25,613.3,36712.0
2026-06-16 10:00:00,613.8,614.3,612.35,612.75,17789.0
2026-06-16 10:05:00,613.0,613.2,610.6,612.0,7220.0
2026-06-16 10:10:00,611.9,612.2,610.65,611.1,8135.0
2026-06-16 10:15:00,611.25,611.25,610.1,610.1,8006.0
2026-06-16 10:20:00,610.2,612.15,610.05,611.2,5537.0
2026-06-16 10:25:00,611.2,611.4,610.4,610.85,3449.0
2026-06-16 10:30:00,611.0,611.8,610.3,611.1,8682.0
2026-06-16 10:35:00,610.85,612.5,610.85,611.45,4711.0
2026-06-16 10:40:00,611.45,611.5,610.3,610.55,4497.0
2026-06-16 10:45:00,610.5,610.8,609.55,610.7,7992.0
2026-06-16 10:50:00,610.0,610.7,609.1,609.1,6475.0
2026-06-16 10:55:00,609.1,609.75,609.05,609.35,3698.0
2026-06-16 11:00:00,609.35,609.55,608.25,608.25,7651.0
2026-06-16 11:05:00,608.5,618.0,608.25,617.7,104971.0
2026-06-16 11:10:00,618.95,619.0,613.7,614.35,74411.0
2026-06-16 11:15:00,614.6,616.0,612.2,612.2,21362.0
2026-06-16 11:20:00,612.35,612.8,611.4,611.9,15941.0
2026-06-16 11:25:00,611.95,613.5,611.15,612.25,16262.0
2026-06-16 11:30:00,612.0,612.0,610.3,611.45,10931.0
2026-06-16 11:35:00,611.35,612.3,610.75,611.55,7012.0
2026-06-16 11:40:00,611.85,612.55,611.3,612.0,5161.0
2026-06-16 11:45:00,611.8,612.05,611.5,612.0,2359.0
2026-06-16 11:50:00,612.0,613.5,612.0,613.5,7435.0
2026-06-16 11:55:00,613.45,613.6,612.6,613.1,5874.0
2026-06-16 12:00:00,613.1,613.3,611.7,612.4,4092.0
2026-06-16 12:05:00,612.4,612.5,611.3,612.1,4249.0
2026-06-16 12:10:00,611.7,612.6,611.7,612.0,2144.0
2026-06-16 12:15:00,611.5,612.0,610.9,611.5,7794.0
2026-06-16 12:20:00,611.2,611.5,610.4,611.1,3226.0
2026-06-16 12:25:00,611.45,612.5,611.1,612.25,2440.0
2026-06-16 12:30:00,612.25,612.85,611.1,611.1,4784.0
2026-06-16 12:35:00,611.55,611.65,610.5,611.5,5719.0
2026-06-16 12:40:00,610.95,611.4,610.75,610.75,3409.0
2026-06-16 12:45:00,610.95,613.2,610.2,612.15,16511.0
2026-06-16 12:50:00,612.1,612.15,610.45,610.95,3334.0
2026-06-16 12:55:00,610.95,612.0,610.95,611.0,2585.0
2026-06-16 13:00:00,611.4,611.85,610.6,611.65,4326.0
2026-06-16 13:05:00,611.2,613.0,611.2,612.75,4087.0
2026-06-16 13:10:00,613.0,613.5,612.25,613.0,7318.0
2026-06-16 13:15:00,612.95,613.8,612.7,613.0,7180.0
2026-06-16 13:20:00,613.2,613.65,612.65,613.6,9919.0
2026-06-16 13:25:00,613.5,614.9,613.35,614.2,8160.0
2026-06-16 13:30:00,614.55,615.5,613.7,615.5,17716.0
2026-06-16 13:35:00,615.45,615.5,614.95,615.3,8165.0
2026-06-16 13:40:00,615.05,615.6,614.1,614.1,7064.0
2026-06-16 13:45:00,614.25,615.0,614.0,615.0,2571.0
2026-06-16 13:50:00,614.8,615.0,614.4,614.4,5562.0
2026-06-16 13:55:00,614.4,614.9,614.15,614.45,2788.0
2026-06-16 14:00:00,614.45,614.55,613.6,614.1,3706.0
2026-06-16 14:05:00,614.5,614.55,613.55,613.65,1531.0
2026-06-16 14:10:00,614.2,615.8,614.0,615.55,13621.0
2026-06-16 14:15:00,615.55,615.95,615.55,615.85,13720.0
2026-06-16 14:20:00,615.85,615.85,614.0,614.15,7838.0
2026-06-16 14:25:00,614.4,615.45,614.05,615.1,9637.0
2026-06-16 14:30:00,615.05,616.8,614.8,616.35,20470.0
2026-06-16 14:35:00,616.35,617.4,615.55,616.8,17886.0
2026-06-16 14:40:00,616.8,617.8,615.25,615.45,19494.0
2026-06-16 14:45:00,615.6,618.75,615.55,617.25,30912.0
2026-06-16 14:50:00,617.7,618.2,617.25,617.75,14620.0
2026-06-16 14:55:00,617.45,618.4,617.0,618.15,17914.0
2026-06-16 15:00:00,618.15,618.8,617.55,617.8,21488.0
2026-06-16 15:05:00,617.85,618.85,617.55,618.6,17391.0
2026-06-16 15:10:00,618.75,619.5,617.65,618.25,50537.0
2026-06-16 15:15:00,618.25,618.55,616.6,617.75,36837.0
2026-06-16 15:20:00,617.75,621.0,617.55,620.25,117403.0
2026-06-16 15:25:00,620.45,621.25,619.0,620.0,101169.0
2026-06-17 09:15:00,622.0,624.3,616.4,618.75,102211.0
2026-06-17 09:20:00,618.5,618.6,615.4,616.3,75151.0
2026-06-17 09:25:00,616.4,616.4,614.4,616.2,44692.0
2026-06-17 09:30:00,616.35,618.1,615.8,617.6,32399.0
2026-06-17 09:35:00,617.6,618.0,616.6,617.7,28794.0
2026-06-17 09:40:00,617.75,618.75,616.8,618.75,19936.0
2026-06-17 09:45:00,618.65,618.95,617.5,618.25,12953.0
2026-06-17 09:50:00,618.35,618.35,616.65,617.55,7394.0
2026-06-17 09:55:00,617.7,617.75,617.05,617.45,5225.0
2026-06-17 10:00:00,617.25,617.75,616.0,616.5,9654.0
2026-06-17 10:05:00,616.6,617.9,616.1,617.85,5388.0
2026-06-17 10:10:00,617.5,617.9,616.2,616.2,12769.0
2026-06-17 10:15:00,616.75,617.85,616.55,617.55,4844.0
2026-06-17 10:20:00,617.55,617.55,616.65,617.1,5502.0
2026-06-17 10:25:00,617.2,622.65,616.6,622.3,63438.0
2026-06-17 10:30:00,622.3,626.5,620.5,621.35,114775.0
2026-06-17 10:35:00,621.05,623.9,621.0,622.15,30359.0
2026-06-17 10:40:00,622.1,622.1,620.6,621.0,16903.0
2026-06-17 10:45:00,621.0,621.0,619.1,619.1,17489.0
2026-06-17 10:50:00,619.2,620.65,619.0,620.65,10890.0
2026-06-17 10:55:00,620.6,629.2,620.5,626.45,172299.0
2026-06-17 11:00:00,626.0,627.35,624.1,624.85,46284.0
2026-06-17 11:05:00,624.5,627.8,624.5,627.35,55032.0
2026-06-17 11:10:00,627.55,627.7,625.4,626.05,25206.0
2026-06-17 11:15:00,626.05,628.35,626.05,627.8,34945.0
2026-06-17 11:20:00,627.55,629.45,627.55,627.9,48394.0
2026-06-17 11:25:00,627.5,628.95,626.95,628.5,26699.0
2026-06-17 11:30:00,628.35,629.7,628.15,628.3,37674.0
2026-06-17 11:35:00,628.5,631.9,628.15,630.5,114280.0
2026-06-17 11:40:00,630.5,630.5,628.6,628.9,21732.0
2026-06-17 11:45:00,628.8,629.0,627.0,627.05,14183.0
2026-06-17 11:50:00,627.0,627.2,626.3,627.0,9914.0
2026-06-17 11:55:00,627.1,627.1,625.5,625.5,21647.0
2026-06-17 12:00:00,625.35,625.8,625.0,625.8,14199.0
2026-06-17 12:05:00,625.95,626.65,625.65,626.0,7362.0
2026-06-17 12:10:00,626.05,627.15,625.5,627.15,8132.0
2026-06-17 12:15:00,627.15,628.9,626.75,628.25,17668.0
2026-06-17 12:20:00,628.35,628.8,627.05,627.95,12256.0
2026-06-17 12:25:00,627.85,627.85,626.2,626.7,9253.0
2026-06-17 12:30:00,626.55,626.7,625.9,626.35,6636.0
2026-06-17 12:35:00,626.35,626.65,625.3,625.7,6402.0
2026-06-17 12:40:00,625.7,626.6,625.5,626.4,5071.0
2026-06-17 12:45:00,626.7,626.85,626.3,626.85,4115.0
2026-06-17 12:50:00,626.8,627.0,625.75,625.75,9626.0
2026-06-17 12:55:00,625.75,625.75,625.0,625.6,8513.0
2026-06-17 13:00:00,625.05,625.7,624.2,625.0,12883.0
2026-06-17 13:05:00,625.3,625.7,624.2,624.2,9686.0
2026-06-17 13:10:00,624.2,624.95,624.05,624.2,5127.0
2026-06-17 13:15:00,624.05,625.5,623.45,625.0,11297.0
2026-06-17 13:20:00,625.45,625.5,624.85,625.4,4704.0
2026-06-17 13:25:00,625.25,626.0,624.95,625.75,5513.0
2026-06-17 13:30:00,625.3,625.75,625.2,625.2,1251.0
2026-06-17 13:35:00,625.2,625.85,625.2,625.75,4040.0
2026-06-17 13:40:00,625.4,626.4,625.2,626.0,6390.0
2026-06-17 13:45:00,626.0,626.0,625.2,625.2,2558.0
2026-06-17 13:50:00,625.4,625.5,623.65,624.1,24781.0
2026-06-17 13:55:00,624.1,625.6,624.0,624.45,6497.0
2026-06-17 14:00:00,624.45,625.2,624.0,624.4,6361.0
2026-06-17 14:05:00,624.45,624.8,623.9,623.9,6570.0
2026-06-17 14:10:00,623.9,624.75,623.9,624.55,3473.0
2026-06-17 14:15:00,624.6,624.8,624.0,624.0,2252.0
2026-06-17 14:20:00,624.0,624.0,623.4,623.6,5303.0
2026-06-17 14:25:00,623.6,623.75,623.15,623.75,7332.0
2026-06-17 14:30:00,623.7,623.7,622.1,622.2,14300.0
2026-06-17 14:35:00,622.1,622.7,622.05,622.35,7773.0
2026-06-17 14:40:00,622.35,622.5,621.1,621.1,11189.0
2026-06-17 14:45:00,621.5,621.95,621.0,621.2,20470.0
2026-06-17 14:50:00,621.2,621.4,619.35,620.0,25055.0
2026-06-17 14:55:00,619.8,621.65,619.25,621.65,25217.0
2026-06-17 15:00:00,621.3,622.2,620.85,622.0,10840.0
2026-06-17 15:05:00,621.95,622.55,621.6,622.4,45698.0
2026-06-17 15:10:00,622.3,622.4,620.6,620.95,27908.0
2026-06-17 15:15:00,621.3,621.3,619.0,620.0,58583.0
2026-06-17 15:20:00,620.0,620.5,619.2,619.8,31079.0
2026-06-17 15:25:00,619.8,621.5,618.4,620.0,70302.0
2026-06-18 09:15:00,623.0,627.85,621.2,626.0,84290.0
2026-06-18 09:20:00,626.4,626.8,625.0,625.5,32170.0
2026-06-18 09:25:00,625.6,626.0,622.35,622.8,54919.0
2026-06-18 09:30:00,622.55,623.0,621.25,622.3,24330.0
2026-06-18 09:35:00,621.4,622.25,619.1,620.7,33638.0
2026-06-18 09:40:00,620.5,623.95,620.5,622.0,24125.0
2026-06-18 09:45:00,622.15,622.5,621.2,622.0,8273.0
2026-06-18 09:50:00,622.35,622.35,621.25,621.85,11327.0
2026-06-18 09:55:00,621.4,622.25,620.85,621.85,12823.0
2026-06-18 10:00:00,621.9,622.0,620.95,621.85,9921.0
2026-06-18 10:05:00,621.8,628.45,621.8,623.05,156948.0
2026-06-18 10:10:00,623.25,624.9,622.5,622.95,11504.0
2026-06-18 10:15:00,622.95,624.7,622.05,624.0,23289.0
2026-06-18 10:20:00,624.25,625.1,623.8,625.0,15277.0
2026-06-18 10:25:00,624.5,624.5,623.7,624.25,3608.0
2026-06-18 10:30:00,624.0,625.95,623.6,625.85,11744.0
2026-06-18 10:35:00,626.0,626.0,623.0,623.3,10241.0
2026-06-18 10:40:00,622.95,623.9,622.0,623.2,8085.0
2026-06-18 10:45:00,622.75,623.5,622.2,622.8,2983.0
2026-06-18 10:50:00,623.0,623.1,620.55,621.15,20868.0
2026-06-18 10:55:00,621.5,621.6,620.5,621.0,14730.0
2026-06-18 11:00:00,621.0,621.6,620.7,621.6,8099.0
2026-06-18 11:05:00,621.6,621.6,620.9,621.6,10678.0
2026-06-18 11:10:00,621.55,621.8,620.05,620.8,21505.0
2026-06-18 11:15:00,621.0,621.0,620.25,620.7,11324.0
2026-06-18 11:20:00,620.5,621.0,620.0,620.75,7797.0
2026-06-18 11:25:00,620.7,620.8,619.15,620.0,17889.0
2026-06-18 11:30:00,619.85,620.5,619.85,620.2,10655.0
2026-06-18 11:35:00,620.45,620.5,619.5,619.8,4365.0
2026-06-18 11:40:00,619.8,620.25,619.55,619.95,6910.0
2026-06-18 11:45:00,619.8,619.9,618.45,619.0,16361.0
2026-06-18 11:50:00,618.8,619.1,618.1,619.1,12670.0
2026-06-18 11:55:00,619.4,619.95,619.0,619.6,2795.0
2026-06-18 12:00:00,619.6,620.0,619.0,619.7,5697.0
2026-06-18 12:05:00,619.7,619.7,618.3,619.25,9974.0
2026-06-18 12:10:00,619.0,619.05,618.2,618.9,4767.0
2026-06-18 12:15:00,618.95,619.7,618.55,619.35,2936.0
2026-06-18 12:20:00,619.2,620.0,619.2,619.95,3893.0
2026-06-18 12:25:00,619.95,620.0,619.05,619.75,8349.0
2026-06-18 12:30:00,619.75,620.25,619.5,620.0,13314.0
2026-06-18 12:35:00,620.0,620.0,619.5,619.6,4281.0
2026-06-18 12:40:00,619.6,619.95,619.05,619.3,4043.0
2026-06-18 12:45:00,619.05,619.25,618.4,618.95,5030.0
2026-06-18 12:50:00,618.95,619.2,618.2,618.95,2931.0
2026-06-18 12:55:00,619.0,619.75,618.7,619.5,2739.0
2026-06-18 13:00:00,619.4,619.6,619.0,619.5,3320.0
2026-06-18 13:05:00,619.5,619.5,618.5,619.0,3450.0
2026-06-18 13:10:00,619.0,619.3,618.65,619.0,2960.0
2026-06-18 13:15:00,619.0,619.6,619.0,619.15,3648.0
2026-06-18 13:20:00,619.5,619.5,618.8,619.05,2956.0
2026-06-18 13:25:00,619.05,619.8,618.7,619.5,15600.0
2026-06-18 13:30:00,619.45,619.65,619.1,619.3,2471.0
2026-06-18 13:35:00,619.5,619.8,619.0,619.5,2097.0
2026-06-18 13:40:00,619.5,619.7,619.0,619.35,1177.0
2026-06-18 13:45:00,619.3,619.45,618.7,618.95,2937.0
2026-06-18 13:50:00,618.9,619.35,618.35,619.0,2563.0
2026-06-18 13:55:00,619.0,619.35,618.7,619.0,2995.0
2026-06-18 14:00:00,619.0,619.0,616.3,617.7,24372.0
2026-06-18 14:05:00,617.7,617.75,616.4,616.8,4695.0
2026-06-18 14:10:00,616.8,617.7,616.6,617.0,4715.0
2026-06-18 14:15:00,617.0,617.5,616.5,616.75,2643.0
2026-06-18 14:20:00,616.75,618.35,615.05,618.2,15556.0
2026-06-18 14:25:00,618.35,618.4,617.1,617.4,4880.0
2026-06-18 14:30:00,617.6,617.9,617.0,617.5,3744.0
2026-06-18 14:35:00,617.5,618.15,617.05,617.8,7478.0
2026-06-18 14:40:00,617.95,617.95,615.75,615.8,16972.0
2026-06-18 14:45:00,615.65,616.95,615.15,616.3,6812.0
2026-06-18 14:50:00,616.1,617.35,615.75,617.25,4218.0
2026-06-18 14:55:00,617.25,618.75,617.05,618.45,19103.0
2026-06-18 15:00:00,618.45,619.95,617.55,619.5,19968.0
2026-06-18 15:05:00,619.1,619.75,618.85,619.55,30412.0
2026-06-18 15:10:00,619.4,619.8,618.95,619.8,13320.0
2026-06-18 15:15:00,619.8,620.35,619.0,619.2,24016.0
2026-06-18 15:20:00,619.0,619.45,617.55,619.0,36268.0
2026-06-18 15:25:00,619.0,619.2,617.0,618.0,43778.0
2026-06-19 09:15:00,615.0,618.65,612.15,617.25,54505.0
2026-06-19 09:20:00,617.0,618.75,616.4,617.45,23525.0
2026-06-19 09:25:00,617.0,619.8,616.5,617.0,30284.0
2026-06-19 09:30:00,617.05,618.15,615.75,616.4,19113.0
2026-06-19 09:35:00,616.0,617.5,615.95,616.45,8669.0
2026-06-19 09:40:00,616.45,617.15,615.6,615.95,8385.0
2026-06-19 09:45:00,616.0,616.65,615.25,616.15,10706.0
2026-06-19 09:50:00,616.05,616.5,615.1,616.05,11469.0
2026-06-19 09:55:00,616.45,617.0,616.05,616.05,5851.0
2026-06-19 10:00:00,616.55,616.7,616.0,616.7,6884.0
2026-06-19 10:05:00,616.65,617.5,616.4,617.5,8892.0
2026-06-19 10:10:00,617.5,617.5,616.2,617.0,5732.0
2026-06-19 10:15:00,616.75,617.45,616.5,616.85,6438.0
2026-06-19 10:20:00,616.85,617.0,616.0,616.55,5327.0
2026-06-19 10:25:00,616.8,617.15,616.0,616.3,5215.0
2026-06-19 10:30:00,616.3,616.5,615.0,615.6,14949.0
2026-06-19 10:35:00,615.7,615.7,614.25,615.45,15160.0
2026-06-19 10:40:00,615.2,615.6,614.55,614.55,5351.0
2026-06-19 10:45:00,615.0,615.25,614.5,614.7,2370.0
2026-06-19 10:50:00,614.5,614.7,613.55,614.0,13990.0
2026-06-19 10:55:00,613.8,614.0,613.25,613.95,8376.0
2026-06-19 11:00:00,614.0,614.6,613.5,614.5,2743.0
2026-06-19 11:05:00,614.45,615.5,614.1,615.25,4918.0
2026-06-19 11:10:00,615.2,615.6,615.0,615.2,2262.0
2026-06-19 11:15:00,615.2,615.5,614.7,615.5,3687.0
2026-06-19 11:20:00,615.6,615.85,614.8,615.3,6240.0
2026-06-19 11:25:00,614.8,615.2,614.65,615.0,1239.0
2026-06-19 11:30:00,615.0,615.65,614.6,615.0,5630.0
2026-06-19 11:35:00,615.3,615.3,614.6,614.8,4124.0
2026-06-19 11:40:00,614.6,615.2,614.2,614.35,3477.0
2026-06-19 11:45:00,614.65,614.7,614.2,614.2,2577.0
2026-06-19 11:50:00,614.6,614.7,614.05,614.15,3442.0
2026-06-19 11:55:00,614.05,614.8,613.5,614.35,5685.0
2026-06-19 12:00:00,614.7,614.85,613.9,614.4,2289.0
2026-06-19 12:05:00,614.4,614.4,614.0,614.0,1422.0
2026-06-19 12:10:00,614.15,614.45,613.8,614.2,3239.0
2026-06-19 12:15:00,614.0,614.4,613.65,614.4,8724.0
2026-06-19 12:20:00,614.4,614.8,614.15,614.3,1786.0
2026-06-19 12:25:00,614.55,614.9,614.2,614.75,2660.0
2026-06-19 12:30:00,614.75,614.75,614.1,614.2,2017.0
2026-06-19 12:35:00,614.2,614.7,614.0,614.35,3236.0
2026-06-19 12:40:00,614.3,614.4,613.35,613.6,4046.0
2026-06-19 12:45:00,613.55,614.5,613.4,613.8,3070.0
2026-06-19 12:50:00,613.8,613.9,613.2,613.7,3183.0
2026-06-19 12:55:00,613.75,614.25,613.05,613.35,5416.0
2026-06-19 13:00:00,613.6,613.95,613.1,613.35,3407.0
2026-06-19 13:05:00,613.1,613.35,612.45,612.95,9571.0
2026-06-19 13:10:00,612.85,612.85,611.3,612.25,16236.0
2026-06-19 13:15:00,611.8,612.35,611.45,611.85,10534.0
2026-06-19 13:20:00,611.7,612.3,611.1,611.6,4759.0
2026-06-19 13:25:00,611.65,612.2,611.5,612.2,2891.0
2026-06-19 13:30:00,612.0,613.35,611.7,613.35,5810.0
2026-06-19 13:35:00,613.25,613.35,612.7,612.9,1286.0
2026-06-19 13:40:00,612.9,613.65,612.55,613.55,2086.0
2026-06-19 13:45:00,613.3,613.9,613.0,613.5,4174.0
2026-06-19 13:50:00,613.5,613.5,612.65,612.85,4746.0
2026-06-19 13:55:00,612.85,613.6,612.5,613.6,3924.0
2026-06-19 14:00:00,613.6,613.75,613.0,613.15,2519.0
2026-06-19 14:05:00,613.55,613.95,613.0,613.2,2326.0
2026-06-19 14:10:00,613.4,613.7,613.05,613.25,1463.0
2026-06-19 14:15:00,613.6,614.2,613.2,614.05,7604.0
2026-06-19 14:20:00,614.0,614.0,613.0,613.45,4326.0
2026-06-19 14:25:00,613.0,613.0,612.5,612.75,3221.0
2026-06-19 14:30:00,612.75,613.0,612.3,612.55,5628.0
2026-06-19 14:35:00,612.6,613.7,612.35,613.5,9713.0
2026-06-19 14:40:00,613.05,613.4,612.8,613.0,1293.0
2026-06-19 14:45:00,613.3,613.45,612.8,613.0,1999.0
2026-06-19 14:50:00,613.2,613.2,612.0,612.3,10931.0
2026-06-19 14:55:00,612.45,612.7,611.65,612.6,10515.0
2026-06-19 15:00:00,612.4,615.5,612.25,614.75,34125.0
2026-06-19 15:05:00,614.75,615.6,614.25,615.25,22019.0
2026-06-19 15:10:00,615.3,615.3,613.15,613.4,45692.0
2026-06-19 15:15:00,613.5,614.3,612.5,613.05,57305.0
2026-06-19 15:20:00,613.15,613.25,611.15,612.0,33207.0
2026-06-19 15:25:00,612.0,612.8,610.55,612.8,103992.0
2026-06-22 09:15:00,614.25,619.6,614.25,619.6,80310.0
2026-06-22 09:20:00,619.65,621.0,618.0,619.35,53654.0
2026-06-22 09:25:00,619.85,619.85,616.0,617.05,29706.0
2026-06-22 09:30:00,617.15,618.0,615.4,615.65,29501.0
2026-06-22 09:35:00,616.0,616.8,615.5,615.9,11942.0
2026-06-22 09:40:00,616.2,616.8,615.65,616.2,7529.0
2026-06-22 09:45:00,615.9,616.1,614.5,615.65,21188.0
2026-06-22 09:50:00,615.65,615.65,614.35,614.8,16852.0
2026-06-22 09:55:00,614.4,619.5,614.4,619.5,51127.0
2026-06-22 10:00:00,619.1,622.25,618.15,620.85,56160.0
2026-06-22 10:05:00,621.2,622.5,620.0,622.45,33418.0
2026-06-22 10:10:00,623.1,623.8,620.65,621.95,39174.0
2026-06-22 10:15:00,621.65,621.75,619.85,620.5,10752.0
2026-06-22 10:20:00,620.5,621.25,619.5,621.0,30673.0
2026-06-22 10:25:00,621.0,621.3,619.6,619.95,18905.0
2026-06-22 10:30:00,619.65,620.35,619.55,619.7,3333.0
2026-06-22 10:35:00,619.7,620.25,618.9,620.0,10976.0
2026-06-22 10:40:00,620.0,622.6,620.0,622.0,12138.0
2026-06-22 10:45:00,622.2,622.2,620.1,620.5,3392.0
2026-06-22 10:50:00,620.0,620.7,619.5,620.4,5647.0
2026-06-22 10:55:00,620.4,621.25,619.6,620.7,5192.0
2026-06-22 11:00:00,620.7,620.95,619.7,619.9,4694.0
2026-06-22 11:05:00,619.9,620.55,619.4,620.0,4390.0
2026-06-22 11:10:00,620.0,620.05,619.4,619.4,4283.0
2026-06-22 11:15:00,619.3,620.1,619.3,619.95,1734.0
2026-06-22 11:20:00,619.95,620.1,619.15,619.5,2586.0
2026-06-22 11:25:00,619.15,619.8,619.0,619.4,13964.0
2026-06-22 11:30:00,619.4,619.9,618.4,618.65,10144.0
2026-06-22 11:35:00,618.65,619.3,618.0,618.9,13714.0
2026-06-22 11:40:00,618.95,618.95,617.4,618.65,9121.0
2026-06-22 11:45:00,618.65,619.4,618.4,619.0,3854.0
2026-06-22 11:50:00,619.0,619.1,617.2,617.45,3101.0
2026-06-22 11:55:00,617.7,618.3,617.0,618.0,8863.0
2026-06-22 12:00:00,618.35,618.5,617.1,617.65,4326.0
2026-06-22 12:05:00,617.65,618.0,617.2,617.75,2830.0
2026-06-22 12:10:00,617.15,618.75,617.15,618.0,2843.0
2026-06-22 12:15:00,618.05,618.5,617.6,617.85,3007.0
2026-06-22 12:20:00,617.85,618.55,617.5,618.3,2586.0
2026-06-22 12:25:00,618.0,618.65,617.6,618.1,4766.0
2026-06-22 12:30:00,618.1,618.65,617.8,618.0,3879.0
2026-06-22 12:35:00,618.0,618.55,618.0,618.35,2757.0
2026-06-22 12:40:00,618.35,618.45,617.3,617.3,3728.0
2026-06-22 12:45:00,617.35,618.0,617.0,617.4,9389.0
2026-06-22 12:50:00,617.4,618.5,617.4,618.25,9331.0
2026-06-22 12:55:00,618.25,618.6,617.85,618.0,3338.0
2026-06-22 13:00:00,618.2,618.25,617.7,617.85,1679.0
2026-06-22 13:05:00,617.85,617.85,617.1,617.5,3313.0
2026-06-22 13:10:00,617.5,617.5,616.05,617.35,8824.0
2026-06-22 13:15:00,617.4,617.95,617.0,617.9,4742.0
2026-06-22 13:20:00,617.9,617.9,617.45,617.8,1282.0
2026-06-22 13:25:00,617.8,617.8,617.0,617.3,979.0
2026-06-22 13:30:00,617.4,617.45,616.75,617.4,1433.0
2026-06-22 13:35:00,617.4,617.4,616.2,616.5,9616.0
2026-06-22 13:40:00,616.35,616.65,615.4,616.0,12587.0
2026-06-22 13:45:00,616.45,616.8,616.1,616.35,1990.0
2026-06-22 13:50:00,616.5,616.65,616.05,616.65,694.0
2026-06-22 13:55:00,616.65,616.95,616.05,616.75,2298.0
2026-06-22 14:00:00,616.75,617.2,616.55,616.55,3726.0
2026-06-22 14:05:00,616.8,616.95,616.05,616.3,2536.0
2026-06-22 14:10:00,616.3,616.35,615.8,616.2,1757.0
2026-06-22 14:15:00,616.2,616.3,615.6,616.15,2575.0
2026-06-22 14:20:00,615.75,616.4,615.75,616.35,1601.0
2026-06-22 14:25:00,616.35,616.95,616.0,616.55,7033.0
2026-06-22 14:30:00,616.55,617.0,616.1,616.95,3816.0
2026-06-22 14:35:00,616.45,617.0,616.4,616.8,3015.0
2026-06-22 14:40:00,616.8,616.8,616.2,616.75,2037.0
2026-06-22 14:45:00,616.7,617.7,616.35,617.65,9396.0
2026-06-22 14:50:00,617.75,617.75,616.05,616.5,9981.0
2026-06-22 14:55:00,616.4,616.45,615.4,615.85,15127.0
2026-06-22 15:00:00,615.75,616.45,615.55,616.0,14613.0
2026-06-22 15:05:00,615.95,616.8,615.05,615.1,16906.0
2026-06-22 15:10:00,615.1,616.45,615.0,615.55,23729.0
2026-06-22 15:15:00,615.5,615.5,614.0,615.1,34001.0
2026-06-22 15:20:00,615.1,615.25,614.0,614.2,21651.0
2026-06-22 15:25:00,614.1,615.6,613.2,613.2,34407.0
2026-06-23 09:15:00,615.0,616.55,609.45,611.65,76432.0
2026-06-23 09:20:00,612.0,613.95,610.8,611.5,34672.0
2026-06-23 09:25:00,611.25,611.35,608.4,609.1,45560.0
2026-06-23 09:30:00,608.95,610.65,608.6,610.45,27927.0
2026-06-23 09:35:00,610.5,611.0,610.0,610.85,8856.0
2026-06-23 09:40:00,610.8,611.0,609.4,610.0,13919.0
2026-06-23 09:45:00,610.15,610.55,609.4,609.75,8466.0
2026-06-23 09:50:00,609.55,610.4,609.45,610.2,4541.0
2026-06-23 09:55:00,610.35,610.4,609.8,610.3,6914.0
2026-06-23 10:00:00,610.3,612.45,610.3,612.15,13020.0
2026-06-23 10:05:00,612.0,612.0,611.05,611.5,2324.0
2026-06-23 10:10:00,611.5,611.6,610.35,610.9,8244.0
2026-06-23 10:15:00,610.9,611.55,610.2,610.35,3993.0
2026-06-23 10:20:00,610.35,611.0,609.9,610.1,4985.0
2026-06-23 10:25:00,610.0,610.0,609.1,609.2,9498.0
2026-06-23 10:30:00,609.3,609.85,609.2,609.65,1782.0
2026-06-23 10:35:00,609.65,610.65,609.2,609.75,10624.0
2026-06-23 10:40:00,609.75,610.25,608.8,609.0,8707.0
2026-06-23 10:45:00,608.8,609.0,608.05,608.65,9716.0
2026-06-23 10:50:00,608.65,608.85,608.15,608.45,4009.0
2026-06-23 10:55:00,608.5,609.4,608.45,608.5,3532.0
2026-06-23 11:00:00,608.3,608.5,607.1,608.3,11406.0
2026-06-23 11:05:00,608.0,608.9,607.75,608.4,5594.0
2026-06-23 11:10:00,608.4,608.5,607.9,608.45,6727.0
2026-06-23 11:15:00,608.5,609.0,608.2,608.5,3307.0
2026-06-23 11:20:00,608.85,608.95,608.0,608.65,6364.0
2026-06-23 11:25:00,608.5,608.5,608.0,608.35,1234.0
2026-06-23 11:30:00,608.05,608.35,607.2,607.25,8221.0
2026-06-23 11:35:00,607.2,607.45,605.5,606.05,25606.0
2026-06-23 11:40:00,606.1,606.3,605.0,605.15,14722.0
2026-06-23 11:45:00,605.15,605.35,603.0,603.25,34610.0
2026-06-23 11:50:00,603.25,604.2,603.0,603.7,7170.0
2026-06-23 11:55:00,603.7,604.0,602.6,603.15,14833.0
2026-06-23 12:00:00,603.15,604.15,603.0,603.0,8686.0
2026-06-23 12:05:00,603.0,603.5,602.55,603.3,9198.0
2026-06-23 12:10:00,603.3,603.75,602.6,602.8,6869.0
2026-06-23 12:15:00,602.8,603.75,601.95,603.5,9813.0
2026-06-23 12:20:00,603.5,603.6,601.6,601.8,11711.0
2026-06-23 12:25:00,601.8,602.75,601.55,602.2,17379.0
2026-06-23 12:30:00,602.2,602.3,601.2,602.0,5753.0
2026-06-23 12:35:00,602.0,602.4,601.5,602.2,9558.0
2026-06-23 12:40:00,602.2,602.4,601.85,601.9,2365.0
2026-06-23 12:45:00,601.9,602.15,601.35,601.4,4840.0
2026-06-23 12:50:00,601.5,601.95,600.5,600.85,13352.0
2026-06-23 12:55:00,600.3,601.3,600.2,600.7,6386.0
2026-06-23 13:00:00,600.9,601.0,600.0,600.9,22661.0
2026-06-23 13:05:00,601.15,601.9,600.9,601.55,4090.0
2026-06-23 13:10:00,601.85,601.95,600.4,600.5,11526.0
2026-06-23 13:15:00,600.5,600.65,600.0,600.2,6351.0
2026-06-23 13:20:00,600.25,601.05,600.2,600.75,3014.0
2026-06-23 13:25:00,600.75,601.05,600.25,600.5,4729.0
2026-06-23 13:30:00,600.5,601.1,600.15,600.2,8672.0
2026-06-23 13:35:00,600.2,600.7,600.2,600.35,2022.0
2026-06-23 13:40:00,600.35,602.8,600.35,602.35,9731.0
2026-06-23 13:45:00,602.35,603.4,601.7,602.1,8332.0
2026-06-23 13:50:00,602.15,602.5,601.0,601.15,6365.0
2026-06-23 13:55:00,601.15,601.35,600.8,600.8,2515.0
2026-06-23 14:00:00,600.8,601.5,600.8,601.45,2462.0
2026-06-23 14:05:00,601.45,601.8,601.0,601.15,4069.0
2026-06-23 14:10:00,601.15,602.2,600.9,602.0,7193.0
2026-06-23 14:15:00,602.0,602.9,602.0,602.0,6774.0
2026-06-23 14:20:00,601.8,602.65,601.65,602.2,5057.0
2026-06-23 14:25:00,602.45,603.45,602.15,603.0,11126.0
2026-06-23 14:30:00,603.0,603.8,602.55,602.6,4585.0
2026-06-23 14:35:00,602.6,603.4,602.5,603.1,6268.0
2026-06-23 14:40:00,603.1,604.2,603.0,604.05,8991.0
2026-06-23 14:45:00,604.05,604.4,603.8,604.1,8222.0
2026-06-23 14:50:00,604.1,604.7,604.0,604.0,5067.0
2026-06-23 14:55:00,604.05,604.5,603.45,604.0,16912.0
2026-06-23 15:00:00,603.9,604.3,600.95,602.0,36243.0
2026-06-23 15:05:00,602.0,602.9,601.5,601.6,12913.0
2026-06-23 15:10:00,602.0,602.3,600.7,601.0,22472.0
2026-06-23 15:15:00,601.3,601.75,600.3,600.9,32893.0
2026-06-23 15:20:00,600.75,602.0,600.45,601.2,23308.0
2026-06-23 15:25:00,601.4,602.0,600.0,601.0,28784.0
2026-06-24 09:15:00,601.4,603.7,597.75,602.9,52607.0
2026-06-24 09:20:00,602.95,603.55,599.95,600.65,34935.0
2026-06-24 09:25:00,599.4,599.9,597.05,598.15,32342.0
2026-06-24 09:30:00,598.5,599.0,597.25,598.5,7636.0
2026-06-24 09:35:00,598.5,598.95,597.25,597.85,11025.0
2026-06-24 09:40:00,597.85,598.0,595.6,595.8,10841.0
2026-06-24 09:45:00,595.35,595.4,593.25,593.25,29866.0
2026-06-24 09:50:00,593.1,593.6,592.0,592.7,31296.0
2026-06-24 09:55:00,592.55,594.95,592.55,593.8,22070.0
2026-06-24 10:00:00,594.3,597.05,594.05,595.8,19181.0
2026-06-24 10:05:00,596.0,596.25,595.2,596.2,8311.0
2026-06-24 10:10:00,596.2,596.3,594.65,596.1,7601.0
2026-06-24 10:15:00,596.1,596.15,595.05,595.5,8456.0
2026-06-24 10:20:00,595.2,597.35,595.05,596.8,11633.0
2026-06-24 10:25:00,596.95,598.0,596.5,596.65,9499.0
2026-06-24 10:30:00,596.6,597.0,596.0,596.3,11826.0
2026-06-24 10:35:00,596.2,597.3,595.55,597.3,10354.0
2026-06-24 10:40:00,597.2,597.6,596.75,596.75,4131.0
2026-06-24 10:45:00,596.75,597.9,596.75,597.45,11958.0
2026-06-24 10:50:00,597.6,597.75,596.75,597.0,2823.0
2026-06-24 10:55:00,597.0,597.0,595.95,596.7,2675.0
2026-06-24 11:00:00,596.3,596.95,596.05,596.65,1528.0
2026-06-24 11:05:00,597.0,598.75,596.3,598.5,15398.0
2026-06-24 11:10:00,598.5,599.6,598.2,598.9,7424.0
2026-06-24 11:15:00,599.4,601.35,599.4,599.5,11029.0
2026-06-24 11:20:00,599.5,599.8,599.05,599.1,4112.0
2026-06-24 11:25:00,599.05,599.05,598.15,598.45,1963.0
2026-06-24 11:30:00,599.05,599.3,597.25,599.25,4978.0
2026-06-24 11:35:00,599.0,599.3,598.55,599.1,1799.0
2026-06-24 11:40:00,599.1,599.4,597.85,598.4,2932.0
2026-06-24 11:45:00,598.65,599.3,598.05,599.05,2679.0
2026-06-24 11:50:00,599.25,599.3,598.85,599.05,1442.0
2026-06-24 11:55:00,599.05,600.3,599.05,599.3,7556.0
2026-06-24 12:00:00,599.35,600.0,599.05,599.3,3122.0
2026-06-24 12:05:00,599.3,599.55,598.65,598.85,2126.0
2026-06-24 12:10:00,598.55,598.85,598.05,598.25,2585.0
2026-06-24 12:15:00,598.05,599.0,598.0,598.9,3772.0
2026-06-24 12:20:00,598.9,599.0,598.3,598.5,1646.0
2026-06-24 12:25:00,598.75,598.75,596.55,596.95,7535.0
2026-06-24 12:30:00,597.0,597.4,596.0,596.05,5650.0
2026-06-24 12:35:00,596.45,596.5,596.0,596.4,2593.0
2026-06-24 12:40:00,596.05,597.0,596.05,597.0,987.0
2026-06-24 12:45:00,597.0,597.25,596.65,597.25,1450.0
2026-06-24 12:50:00,597.2,597.6,596.25,597.05,4917.0
2026-06-24 12:55:00,597.0,597.4,596.5,597.1,3879.0
2026-06-24 13:00:00,597.15,597.4,597.05,597.3,1326.0
2026-06-24 13:05:00,597.05,598.35,597.05,598.3,10053.0
2026-06-24 13:10:00,598.35,599.0,598.1,598.95,7732.0
2026-06-24 13:15:00,598.85,598.95,597.55,598.15,17111.0
2026-06-24 13:20:00,598.15,598.75,597.9,598.25,3447.0
2026-06-24 13:25:00,598.25,598.65,597.95,598.0,2086.0
2026-06-24 13:30:00,598.5,598.7,598.1,598.7,1404.0
2026-06-24 13:35:00,598.7,599.7,598.2,598.35,7565.0
2026-06-24 13:40:00,598.5,598.7,598.1,598.5,1240.0
2026-06-24 13:45:00,598.5,599.15,598.15,598.9,1594.0
2026-06-24 13:50:00,599.0,599.4,598.5,599.35,5688.0
2026-06-24 13:55:00,598.95,599.3,598.75,599.05,1407.0
2026-06-24 14:00:00,599.05,599.05,598.5,598.55,3668.0
2026-06-24 14:05:00,598.55,598.85,598.05,598.55,3601.0
2026-06-24 14:10:00,598.55,598.85,598.1,598.3,691.0
2026-06-24 14:15:00,598.4,598.85,598.0,598.25,3982.0
2026-06-24 14:20:00,598.25,598.3,597.5,597.85,4380.0
2026-06-24 14:25:00,598.0,598.5,597.9,597.9,7041.0
2026-06-24 14:30:00,598.1,598.15,597.3,597.5,2142.0
2026-06-24 14:35:00,597.6,597.7,596.8,597.0,7120.0
2026-06-24 14:40:00,597.45,597.45,596.2,597.2,13853.0
2026-06-24 14:45:00,597.25,597.3,596.05,596.85,3911.0
2026-06-24 14:50:00,596.95,597.35,596.75,597.25,2606.0
2026-06-24 14:55:00,597.0,597.4,596.55,597.15,3460.0
2026-06-24 15:00:00,597.35,600.0,597.1,598.55,40080.0
2026-06-24 15:05:00,598.5,598.5,597.45,597.95,7957.0
2026-06-24 15:10:00,597.95,598.4,597.45,598.15,12293.0
2026-06-24 15:15:00,597.85,598.4,596.0,597.0,22907.0
2026-06-24 15:20:00,597.0,597.5,596.0,596.35,26103.0
2026-06-24 15:25:00,596.0,596.5,594.6,596.0,64687.0
2026-06-25 09:15:00,597.0,598.75,594.1,594.85,60806.0
2026-06-25 09:20:00,594.95,596.5,592.3,593.45,32942.0
2026-06-25 09:25:00,593.55,593.75,592.0,593.45,15403.0
2026-06-25 09:30:00,593.3,594.05,592.05,593.15,14646.0
2026-06-25 09:35:00,593.1,594.25,592.2,592.95,21455.0
2026-06-25 09:40:00,593.05,593.05,591.0,591.2,15392.0
2026-06-25 09:45:00,591.65,593.2,591.15,592.5,12776.0
2026-06-25 09:50:00,592.5,593.2,592.0,592.05,15906.0
2026-06-25 09:55:00,592.05,592.45,591.5,591.95,17220.0
2026-06-25 10:00:00,591.9,591.95,591.1,591.7,9290.0
2026-06-25 10:05:00,591.7,591.8,591.25,591.65,6869.0
2026-06-25 10:10:00,591.75,592.25,591.55,592.0,4271.0
2026-06-25 10:15:00,592.15,592.5,592.0,592.45,6147.0
2026-06-25 10:20:00,592.5,592.6,592.05,592.2,2602.0
2026-06-25 10:25:00,592.2,592.5,591.3,591.7,7165.0
2026-06-25 10:30:00,591.5,592.2,591.5,592.0,1853.0
2026-06-25 10:35:00,592.0,592.5,592.0,592.4,3233.0
2026-06-25 10:40:00,592.4,592.7,592.0,592.15,3042.0
2026-06-25 10:45:00,592.5,592.65,592.2,592.2,1263.0
2026-06-25 10:50:00,592.5,592.7,591.7,592.0,2295.0
2026-06-25 10:55:00,591.95,592.4,591.9,592.05,1518.0
2026-06-25 11:00:00,592.1,592.5,592.0,592.25,1263.0
2026-06-25 11:05:00,592.45,592.6,592.2,592.6,1387.0
2026-06-25 11:10:00,592.6,593.0,592.35,592.7,2626.0
2026-06-25 11:15:00,592.65,592.95,592.2,592.8,5398.0
2026-06-25 11:20:00,592.55,593.3,592.55,593.0,2472.0
2026-06-25 11:25:00,593.0,593.0,592.5,592.95,2193.0
2026-06-25 11:30:00,592.95,593.0,591.5,591.8,5644.0
2026-06-25 11:35:00,591.5,592.3,591.5,592.0,1840.0
2026-06-25 11:40:00,592.2,592.45,591.55,591.75,2825.0
2026-06-25 11:45:00,591.55,591.85,591.5,591.5,2792.0
2026-06-25 11:50:00,591.5,591.8,591.5,591.8,1560.0
2026-06-25 11:55:00,591.5,591.8,591.3,591.8,4450.0
2026-06-25 12:00:00,591.8,592.25,591.6,592.25,1990.0
2026-06-25 12:05:00,592.25,592.4,591.4,592.1,2440.0
2026-06-25 12:10:00,592.3,592.6,591.8,592.45,1619.0
2026-06-25 12:15:00,592.4,592.4,592.0,592.0,2430.0
2026-06-25 12:20:00,592.4,592.4,591.5,591.5,3406.0
2026-06-25 12:25:00,591.35,591.75,590.35,590.6,14995.0
2026-06-25 12:30:00,590.35,590.75,590.05,590.4,6559.0
2026-06-25 12:35:00,590.5,591.65,590.5,591.45,1803.0
2026-06-25 12:40:00,591.3,591.4,590.5,590.65,1846.0
2026-06-25 12:45:00,590.25,590.75,590.1,590.65,2763.0
2026-06-25 12:50:00,590.7,590.75,590.25,590.4,8195.0
2026-06-25 12:55:00,590.75,590.95,590.1,590.5,2604.0
2026-06-25 13:00:00,590.5,591.15,590.2,590.7,4736.0
2026-06-25 13:05:00,590.9,590.9,589.0,589.05,19599.0
2026-06-25 13:10:00,589.0,589.55,589.0,589.1,7465.0
2026-06-25 13:15:00,589.25,590.05,589.0,589.9,4936.0
2026-06-25 13:20:00,589.85,590.0,589.3,590.0,5766.0
2026-06-25 13:25:00,590.0,590.5,589.5,590.0,5404.0
2026-06-25 13:30:00,589.8,590.5,589.5,590.25,1723.0
2026-06-25 13:35:00,590.0,590.25,589.55,590.0,3620.0
2026-06-25 13:40:00,590.25,590.9,590.0,590.25,6781.0
2026-06-25 13:45:00,590.0,590.7,589.85,590.5,1211.0
2026-06-25 13:50:00,590.45,590.45,589.1,589.75,7704.0
2026-06-25 13:55:00,589.75,589.75,589.0,589.25,4019.0
2026-06-25 14:00:00,588.65,589.15,588.1,588.45,7583.0
2026-06-25 14:05:00,588.45,588.45,587.2,587.25,10433.0
2026-06-25 14:10:00,587.25,588.0,587.25,587.75,5867.0
2026-06-25 14:15:00,587.75,587.75,586.2,586.7,19734.0
2026-06-25 14:20:00,587.0,587.5,586.6,587.3,13768.0
2026-06-25 14:25:00,587.2,587.2,586.0,586.65,13973.0
2026-06-25 14:30:00,586.5,587.0,586.15,586.8,7634.0
2026-06-25 14:35:00,586.75,589.75,586.1,589.5,29971.0
2026-06-25 14:40:00,589.5,590.7,586.65,587.0,27596.0
2026-06-25 14:45:00,587.75,587.95,586.1,586.1,16653.0
2026-06-25 14:50:00,586.65,587.5,586.25,587.05,7393.0
2026-06-25 14:55:00,586.95,587.5,586.6,587.45,2862.0
2026-06-25 15:00:00,587.3,588.6,586.5,588.55,15205.0
2026-06-25 15:05:00,588.55,588.85,587.65,588.6,13997.0
2026-06-25 15:10:00,588.6,588.8,586.55,587.05,11573.0
2026-06-25 15:15:00,587.15,588.35,586.15,587.05,30788.0
2026-06-25 15:20:00,586.7,587.0,585.5,586.05,26267.0
2026-06-25 15:25:00,586.0,586.5,583.65,584.0,58818.0
2026-06-29 09:15:00,584.55,593.85,581.1,590.55,150668.0
2026-06-29 09:20:00,590.5,591.5,586.2,588.2,37986.0
2026-06-29 09:25:00,588.2,590.25,587.0,587.75,20231.0
2026-06-29 09:30:00,587.3,587.55,584.05,586.2,28883.0
2026-06-29 09:35:00,586.25,588.8,582.25,582.65,42135.0
2026-06-29 09:40:00,582.5,583.9,582.0,583.9,31273.0
2026-06-29 09:45:00,583.8,583.95,582.0,582.9,9385.0
2026-06-29 09:50:00,582.85,583.55,582.55,582.55,8521.0
2026-06-29 09:55:00,582.55,583.75,581.85,583.0,13125.0
2026-06-29 10:00:00,583.0,583.95,582.1,583.3,6623.0
2026-06-29 10:05:00,583.6,584.9,583.25,584.85,28453.0
2026-06-29 10:10:00,584.8,585.85,584.2,584.2,7235.0
2026-06-29 10:15:00,584.15,585.0,582.3,583.85,12437.0
2026-06-29 10:20:00,583.8,583.8,582.85,583.2,4374.0
2026-06-29 10:25:00,583.5,585.65,583.1,583.45,27936.0
2026-06-29 10:30:00,583.2,584.2,583.2,583.8,3231.0
2026-06-29 10:35:00,583.5,583.8,582.55,583.0,6533.0
2026-06-29 10:40:00,583.05,583.65,582.35,583.1,4734.0
2026-06-29 10:45:00,583.15,583.15,582.05,582.35,4692.0
2026-06-29 10:50:00,582.1,582.55,582.0,582.15,5421.0
2026-06-29 10:55:00,582.2,583.0,582.0,582.45,2390.0
2026-06-29 11:00:00,582.45,583.0,582.0,582.55,5375.0
2026-06-29 11:05:00,582.3,582.7,582.0,582.35,2374.0
2026-06-29 11:10:00,582.55,582.9,582.0,582.05,4641.0
2026-06-29 11:15:00,582.55,583.0,582.05,582.9,4850.0
2026-06-29 11:20:00,582.9,583.0,582.05,582.15,2925.0
2026-06-29 11:25:00,582.15,582.45,581.65,581.8,14377.0
2026-06-29 11:30:00,582.1,582.5,578.05,579.65,34746.0
2026-06-29 11:35:00,580.0,580.65,579.8,580.45,4675.0
2026-06-29 11:40:00,580.5,581.5,580.45,581.2,4950.0
2026-06-29 11:45:00,581.2,581.9,580.8,581.4,3562.0
2026-06-29 11:50:00,581.4,581.85,580.6,580.95,3683.0
2026-06-29 11:55:00,580.8,581.45,580.35,580.4,2628.0
2026-06-29 12:00:00,580.7,580.8,579.6,580.0,9641.0
2026-06-29 12:05:00,580.0,580.55,578.95,579.0,16441.0
2026-06-29 12:10:00,579.3,580.0,578.85,579.15,8027.0
2026-06-29 12:15:00,579.15,579.9,578.9,579.2,6408.0
2026-06-29 12:20:00,579.2,579.5,578.9,579.4,2247.0
2026-06-29 12:25:00,579.35,579.4,578.2,578.45,4852.0
2026-06-29 12:30:00,578.45,578.85,576.3,577.75,42059.0
2026-06-29 12:35:00,577.95,578.55,577.75,577.85,9329.0
2026-06-29 12:40:00,578.0,578.15,577.5,577.65,6225.0
2026-06-29 12:45:00,577.9,578.0,576.45,576.45,11798.0
2026-06-29 12:50:00,576.45,577.45,576.45,577.45,4347.0
2026-06-29 12:55:00,577.15,577.7,577.1,577.5,1200.0
2026-06-29 13:00:00,577.55,577.95,577.2,577.9,5518.0
2026-06-29 13:05:00,577.65,578.9,577.25,578.85,9809.0
2026-06-29 13:10:00,578.85,579.45,578.5,579.3,22105.0
2026-06-29 13:15:00,579.35,579.4,578.05,578.15,2177.0
2026-06-29 13:20:00,578.2,578.65,578.1,578.2,1041.0
2026-06-29 13:25:00,578.3,579.25,578.1,578.65,4434.0
2026-06-29 13:30:00,578.75,579.35,578.2,578.8,3565.0
2026-06-29 13:35:00,579.1,579.35,578.7,579.1,2617.0
2026-06-29 13:40:00,579.1,579.15,578.15,578.8,4160.0
2026-06-29 13:45:00,578.6,578.95,578.1,578.3,11994.0
2026-06-29 13:50:00,578.35,578.7,578.0,578.4,3281.0
2026-06-29 13:55:00,578.45,578.9,578.35,578.55,5846.0
2026-06-29 14:00:00,578.55,579.35,578.4,579.15,11577.0
2026-06-29 14:05:00,579.15,579.35,578.4,578.55,3971.0
2026-06-29 14:10:00,578.55,579.4,578.35,579.4,7458.0
2026-06-29 14:15:00,579.4,579.4,578.5,578.7,3037.0
2026-06-29 14:20:00,578.8,578.95,578.2,578.2,3784.0
2026-06-29 14:25:00,578.4,579.0,577.85,578.75,6360.0
2026-06-29 14:30:00,578.75,579.1,578.25,578.7,4471.0
2026-06-29 14:35:00,578.7,578.95,577.95,578.25,2361.0
2026-06-29 14:40:00,578.65,578.65,577.8,578.45,4713.0
2026-06-29 14:45:00,578.45,578.45,577.55,578.3,9589.0
2026-06-29 14:50:00,578.35,578.8,577.6,578.35,10778.0
2026-06-29 14:55:00,578.65,578.7,577.25,577.9,11314.0
2026-06-29 15:00:00,577.55,579.25,577.3,578.45,16430.0
2026-06-29 15:05:00,578.45,579.45,578.0,578.9,20973.0
2026-06-29 15:10:00,578.95,579.1,577.1,578.65,22745.0
2026-06-29 15:15:00,578.6,578.8,577.55,577.55,39251.0
2026-06-29 15:20:00,578.0,579.0,577.0,578.55,40660.0
2026-06-29 15:25:00,579.0,579.6,578.2,579.4,49614.0
2026-06-30 09:15:00,580.4,585.0,576.0,576.05,96683.0
2026-06-30 09:20:00,576.0,577.25,574.4,576.25,45844.0
2026-06-30 09:25:00,576.45,577.3,574.1,574.45,16531.0
2026-06-30 09:30:00,574.5,574.95,573.25,574.7,22127.0
2026-06-30 09:35:00,574.8,575.95,573.6,574.25,20104.0
2026-06-30 09:40:00,574.25,574.55,573.25,573.25,13172.0
2026-06-30 09:45:00,573.2,573.9,572.0,573.6,44255.0
2026-06-30 09:50:00,573.9,575.7,573.1,574.6,14712.0
2026-06-30 09:55:00,574.2,574.8,573.6,574.25,6756.0
2026-06-30 10:00:00,574.6,575.6,574.0,575.4,15089.0
2026-06-30 10:05:00,575.8,576.15,574.05,574.05,13165.0
2026-06-30 10:10:00,574.15,575.6,574.15,575.05,5547.0
2026-06-30 10:15:00,575.1,576.05,575.0,575.45,14336.0
2026-06-30 10:20:00,575.8,575.8,573.6,574.0,7289.0
2026-06-30 10:25:00,573.9,575.0,573.8,574.75,4068.0
2026-06-30 10:30:00,574.75,575.3,574.6,574.95,6899.0
2026-06-30 10:35:00,575.25,575.5,574.5,574.8,3031.0
2026-06-30 10:40:00,574.8,575.95,571.75,572.9,39465.0
2026-06-30 10:45:00,572.9,574.85,572.5,574.6,7971.0
2026-06-30 10:50:00,574.2,575.0,574.0,574.0,3644.0
2026-06-30 10:55:00,574.25,574.35,573.25,574.1,6064.0
2026-06-30 11:00:00,573.6,574.8,573.15,574.05,2971.0
2026-06-30 11:05:00,573.8,574.05,573.15,573.75,2875.0
2026-06-30 11:10:00,573.8,575.0,573.35,574.9,3738.0
2026-06-30 11:15:00,574.9,575.45,574.45,574.85,11130.0
2026-06-30 11:20:00,575.05,578.95,574.05,578.65,26010.0
2026-06-30 11:25:00,578.3,578.3,576.2,576.2,8028.0
2026-06-30 11:30:00,576.45,576.55,575.15,576.5,10009.0
2026-06-30 11:35:00,576.4,576.45,575.35,576.0,5690.0
2026-06-30 11:40:00,576.0,576.5,575.1,575.3,3023.0
2026-06-30 11:45:00,575.4,576.0,575.2,575.65,3716.0
2026-06-30 11:50:00,575.65,576.2,575.45,575.75,2051.0
2026-06-30 11:55:00,575.95,576.9,575.65,576.5,3604.0
2026-06-30 12:00:00,576.5,577.0,575.95,576.75,3837.0
2026-06-30 12:05:00,576.75,579.75,576.35,579.15,21618.0
2026-06-30 12:10:00,579.4,582.0,578.5,581.4,28649.0
2026-06-30 12:15:00,581.05,582.4,581.0,581.6,16402.0
2026-06-30 12:20:00,581.6,581.6,579.5,580.3,8761.0
2026-06-30 12:25:00,580.45,580.5,579.6,580.0,4357.0
2026-06-30 12:30:00,580.0,580.2,578.1,578.45,8596.0
2026-06-30 12:35:00,578.75,579.95,578.5,579.85,4533.0
2026-06-30 12:40:00,579.9,581.25,579.15,580.85,6383.0
2026-06-30 12:45:00,580.8,580.85,579.95,580.0,2760.0
2026-06-30 12:50:00,579.8,580.25,579.25,579.9,2474.0
2026-06-30 12:55:00,579.8,580.45,579.8,580.2,1663.0
2026-06-30 13:00:00,580.2,580.75,579.1,579.9,13453.0
2026-06-30 13:05:00,580.0,580.5,579.05,579.9,3725.0
2026-06-30 13:10:00,579.95,579.95,579.0,579.0,2470.0
2026-06-30 13:15:00,579.25,579.95,579.0,579.8,1716.0
2026-06-30 13:20:00,579.8,580.5,579.15,580.3,3113.0
2026-06-30 13:25:00,580.3,583.95,580.3,582.75,18999.0
2026-06-30 13:30:00,582.75,584.0,582.6,584.0,14632.0
2026-06-30 13:35:00,584.15,584.15,582.5,582.8,4866.0
2026-06-30 13:40:00,582.8,586.75,582.35,585.4,49100.0
2026-06-30 13:45:00,585.3,585.3,582.7,583.1,11190.0
2026-06-30 13:50:00,583.45,583.85,582.65,583.15,5860.0
2026-06-30 13:55:00,583.15,584.45,582.8,583.2,8115.0
2026-06-30 14:00:00,583.2,583.6,581.55,582.55,5395.0
2026-06-30 14:05:00,582.7,583.0,582.05,582.65,4450.0
2026-06-30 14:10:00,582.65,583.25,582.0,583.25,6693.0
2026-06-30 14:15:00,583.25,583.9,582.65,583.45,6436.0
2026-06-30 14:20:00,583.05,585.5,582.35,585.35,13863.0
2026-06-30 14:25:00,585.6,587.3,584.5,585.1,31412.0
2026-06-30 14:30:00,585.15,585.4,583.6,584.35,10960.0
2026-06-30 14:35:00,584.4,584.95,584.0,584.55,5113.0
2026-06-30 14:40:00,584.6,585.5,584.6,584.9,6990.0
2026-06-30 14:45:00,584.9,585.0,584.5,584.7,2940.0
2026-06-30 14:50:00,584.5,584.9,583.6,584.35,7517.0
2026-06-30 14:55:00,584.45,584.95,583.6,584.2,7497.0
2026-06-30 15:00:00,584.0,584.4,582.05,584.05,18562.0
2026-06-30 15:05:00,584.1,584.8,583.6,584.2,15741.0
2026-06-30 15:10:00,584.35,584.95,582.85,583.5,23659.0
2026-06-30 15:15:00,583.1,583.95,582.5,583.5,21485.0
2026-06-30 15:20:00,583.5,584.45,582.95,583.95,20451.0
2026-06-30 15:25:00,584.0,585.7,583.6,585.5,53763.0
2026-07-01 09:15:00,582.0,584.9,579.65,583.3,40816.0
2026-07-01 09:20:00,583.05,583.95,580.05,580.05,27210.0
2026-07-01 09:25:00,580.05,582.3,579.6,582.3,13674.0
2026-07-01 09:30:00,582.15,584.0,581.55,583.1,20244.0
2026-07-01 09:35:00,583.45,584.95,583.2,584.15,21012.0
2026-07-01 09:40:00,584.35,586.5,583.65,585.75,43022.0
2026-07-01 09:45:00,585.75,586.2,584.95,585.1,11958.0
2026-07-01 09:50:00,585.0,586.45,584.25,586.0,8820.0
2026-07-01 09:55:00,585.65,592.65,585.4,592.1,70109.0
2026-07-01 10:00:00,592.25,598.9,592.25,596.25,147843.0
2026-07-01 10:05:00,596.5,598.75,596.05,597.55,102334.0
2026-07-01 10:10:00,597.65,601.2,596.5,601.0,75542.0
2026-07-01 10:15:00,600.5,608.85,599.4,605.6,242935.0
2026-07-01 10:20:00,605.95,605.95,602.3,602.6,83393.0
2026-07-01 10:25:00,602.8,602.85,600.6,602.75,43250.0
2026-07-01 10:30:00,602.85,603.5,601.95,601.95,32007.0
2026-07-01 10:35:00,601.95,602.0,598.55,598.75,36116.0
2026-07-01 10:40:00,598.5,601.1,598.25,599.45,29637.0
2026-07-01 10:45:00,599.7,601.5,599.3,600.65,15474.0
2026-07-01 10:50:00,600.65,601.4,599.3,601.1,17944.0
2026-07-01 10:55:00,601.1,601.6,600.15,600.9,7605.0
2026-07-01 11:00:00,600.9,601.5,598.55,599.0,31618.0
2026-07-01 11:05:00,599.0,602.0,598.95,601.2,16557.0
2026-07-01 11:10:00,601.45,602.0,601.0,601.45,11159.0
2026-07-01 11:15:00,601.5,601.75,600.3,601.35,5012.0
2026-07-01 11:20:00,601.3,601.3,600.35,600.75,4805.0
2026-07-01 11:25:00,601.1,601.15,600.0,600.3,7755.0
2026-07-01 11:30:00,600.0,600.5,600.0,600.4,4858.0
2026-07-01 11:35:00,600.1,600.5,599.35,600.5,6163.0
2026-07-01 11:40:00,600.2,601.0,599.9,600.15,6193.0
2026-07-01 11:45:00,600.15,601.35,600.1,600.1,9492.0
2026-07-01 11:50:00,600.15,600.4,599.3,600.0,5454.0
2026-07-01 11:55:00,600.0,600.0,598.75,599.75,11623.0
2026-07-01 12:00:00,599.95,600.5,599.2,599.55,8044.0
2026-07-01 12:05:00,599.3,600.0,599.25,599.25,3827.0
2026-07-01 12:10:00,599.45,599.55,598.9,599.0,3459.0
2026-07-01 12:15:00,599.0,599.55,598.55,599.1,6785.0
2026-07-01 12:20:00,598.7,599.5,598.25,598.95,10143.0
2026-07-01 12:25:00,598.9,599.0,598.05,598.15,9485.0
2026-07-01 12:30:00,598.35,599.45,598.2,598.5,3544.0
2026-07-01 12:35:00,598.85,598.85,598.1,598.45,3872.0
2026-07-01 12:40:00,598.45,598.85,596.5,596.55,14052.0
2026-07-01 12:45:00,596.0,597.0,595.35,595.7,36584.0
2026-07-01 12:50:00,596.0,596.0,595.35,595.65,6439.0
2026-07-01 12:55:00,595.35,595.9,595.05,595.35,5628.0
2026-07-01 13:00:00,595.35,596.0,595.05,595.8,8731.0
2026-07-01 13:05:00,596.2,596.5,596.0,596.5,7912.0
2026-07-01 13:10:00,596.25,603.9,596.25,602.5,139948.0
2026-07-01 13:15:00,602.7,612.8,601.05,609.85,429602.0
2026-07-01 13:20:00,610.4,612.15,606.2,607.5,272050.0
2026-07-01 13:25:00,607.6,608.3,605.0,606.05,91028.0
2026-07-01 13:30:00,606.35,606.65,604.85,605.85,49416.0
2026-07-01 13:35:00,606.05,607.9,605.7,607.0,32171.0
2026-07-01 13:40:00,607.0,607.0,605.3,605.8,16089.0
2026-07-01 13:45:00,606.0,606.95,605.55,605.85,29071.0
2026-07-01 13:50:00,605.85,606.5,605.1,605.5,22751.0
2026-07-01 13:55:00,605.6,605.8,602.5,603.15,45623.0
2026-07-01 14:00:00,603.15,604.0,602.6,603.7,15741.0
2026-07-01 14:05:00,603.45,603.85,603.2,603.2,6677.0
2026-07-01 14:10:00,603.7,604.0,603.45,604.0,12709.0
2026-07-01 14:15:00,604.0,604.45,603.8,604.0,9387.0
2026-07-01 14:20:00,603.85,609.35,603.85,608.2,133422.0
2026-07-01 14:25:00,608.3,608.65,606.85,607.05,38270.0
2026-07-01 14:30:00,607.4,608.2,606.3,607.0,27405.0
2026-07-01 14:35:00,606.7,608.45,606.1,606.4,25493.0
2026-07-01 14:40:00,606.4,609.9,606.0,609.5,44001.0
2026-07-01 14:45:00,609.5,610.65,606.65,607.5,53302.0
2026-07-01 14:50:00,607.55,609.0,606.4,608.8,25462.0
2026-07-01 14:55:00,608.55,610.0,607.7,609.4,54989.0
2026-07-01 15:00:00,609.45,612.75,608.2,612.65,94877.0
2026-07-01 15:05:00,612.3,612.7,610.55,611.7,82852.0
2026-07-01 15:10:00,612.0,612.0,610.5,610.75,47216.0
2026-07-01 15:15:00,610.75,611.9,610.05,610.7,103446.0
2026-07-01 15:20:00,610.45,611.5,608.55,610.15,68634.0
2026-07-01 15:25:00,610.05,610.9,608.0,609.3,94175.0
2026-07-02 09:15:00,613.0,613.75,609.1,609.8,138235.0
2026-07-02 09:20:00,609.85,611.7,607.0,609.0,56183.0
2026-07-02 09:25:00,609.1,617.95,608.45,615.3,154571.0
2026-07-02 09:30:00,615.15,616.9,612.5,615.95,65038.0
2026-07-02 09:35:00,616.5,618.1,615.0,616.9,69983.0
2026-07-02 09:40:00,616.5,616.75,614.5,615.1,33947.0
2026-07-02 09:45:00,615.05,616.05,614.6,615.85,13632.0
2026-07-02 09:50:00,616.0,617.0,614.6,615.2,23307.0
2026-07-02 09:55:00,615.7,616.25,615.0,615.7,13964.0
2026-07-02 10:00:00,616.05,616.15,615.0,615.7,7182.0
2026-07-02 10:05:00,615.15,615.75,614.15,614.95,19392.0
2026-07-02 10:10:00,614.9,616.9,614.9,615.2,21017.0
2026-07-02 10:15:00,615.1,616.0,614.75,615.5,16037.0
2026-07-02 10:20:00,615.65,615.65,614.7,615.0,10148.0
2026-07-02 10:25:00,615.0,615.3,614.6,614.8,3842.0
2026-07-02 10:30:00,614.75,615.0,614.0,614.85,23554.0
2026-07-02 10:35:00,614.85,615.1,613.5,613.8,28947.0
2026-07-02 10:40:00,613.8,614.15,613.1,613.75,13168.0
2026-07-02 10:45:00,613.95,614.0,613.2,613.4,7591.0
2026-07-02 10:50:00,613.7,613.7,612.45,612.65,15545.0
2026-07-02 10:55:00,612.85,612.95,609.25,609.75,40816.0
2026-07-02 11:00:00,609.8,610.25,609.15,609.9,16649.0
2026-07-02 11:05:00,609.9,610.25,608.2,608.7,13279.0
2026-07-02 11:10:00,608.7,609.0,608.4,609.0,8541.0
2026-07-02 11:15:00,609.0,609.1,608.05,608.25,8580.0
2026-07-02 11:20:00,607.85,608.05,606.55,607.8,15457.0
2026-07-02 11:25:00,607.8,609.9,607.3,609.1,26738.0
2026-07-02 11:30:00,609.45,609.6,608.55,609.35,5365.0
2026-07-02 11:35:00,609.35,609.6,609.0,609.0,5209.0
2026-07-02 11:40:00,609.25,609.25,608.5,608.5,3339.0
2026-07-02 11:45:00,608.8,609.9,608.7,609.55,9287.0
2026-07-02 11:50:00,609.6,609.75,609.1,609.5,1371.0
2026-07-02 11:55:00,609.45,609.7,609.1,609.5,1265.0
2026-07-02 12:00:00,609.55,609.7,609.15,609.3,4514.0
2026-07-02 12:05:00,609.55,609.85,609.1,609.3,2344.0
2026-07-02 12:10:00,609.55,609.55,608.0,608.05,17218.0
2026-07-02 12:15:00,608.4,608.7,608.05,608.5,3883.0
2026-07-02 12:20:00,608.7,609.15,608.45,608.55,6111.0
2026-07-02 12:25:00,608.85,609.0,608.1,608.1,3152.0
2026-07-02 12:30:00,608.15,608.7,607.8,607.85,3381.0
2026-07-02 12:35:00,607.9,608.95,607.2,608.95,7531.0
2026-07-02 12:40:00,609.1,609.45,608.1,608.1,2015.0
2026-07-02 12:45:00,608.25,608.35,607.6,608.05,3867.0
2026-07-02 12:50:00,607.9,608.2,607.6,607.7,7142.0
2026-07-02 12:55:00,608.0,608.5,607.45,607.8,4729.0
2026-07-02 13:00:00,607.85,607.85,607.2,607.5,3179.0
2026-07-02 13:05:00,607.7,607.85,607.4,607.5,2926.0
2026-07-02 13:10:00,607.4,607.85,607.25,607.55,3002.0
2026-07-02 13:15:00,607.9,608.9,607.5,608.8,3634.0
2026-07-02 13:20:00,608.5,608.9,608.2,608.4,5795.0
2026-07-02 13:25:00,608.8,608.8,608.2,608.25,1380.0
2026-07-02 13:30:00,608.5,608.7,608.25,608.45,2523.0
2026-07-02 13:35:00,608.45,614.8,608.4,613.65,130633.0
2026-07-02 13:40:00,613.65,615.5,613.15,613.5,52558.0
2026-07-02 13:45:00,613.5,613.75,612.1,612.85,19727.0
2026-07-02 13:50:00,612.8,613.45,611.0,611.35,24006.0
2026-07-02 13:55:00,611.3,611.6,610.65,611.0,12872.0
2026-07-02 14:00:00,611.0,611.85,610.7,611.5,5670.0
2026-07-02 14:05:00,611.85,613.2,611.5,612.05,12295.0
2026-07-02 14:10:00,612.25,613.05,612.05,612.5,6390.0
2026-07-02 14:15:00,612.65,613.35,612.4,612.4,8368.0
2026-07-02 14:20:00,612.65,612.7,611.5,611.9,5294.0
2026-07-02 14:25:00,612.2,612.2,611.6,611.7,3484.0
2026-07-02 14:30:00,611.9,611.95,610.6,611.3,9870.0
2026-07-02 14:35:00,611.3,612.0,610.15,610.85,22905.0
2026-07-02 14:40:00,610.85,610.85,609.8,610.7,15036.0
2026-07-02 14:45:00,610.7,611.95,610.35,610.9,10225.0
2026-07-02 14:50:00,611.0,611.35,610.45,610.5,15988.0
2026-07-02 14:55:00,610.5,613.0,610.4,612.7,20614.0
2026-07-02 15:00:00,612.85,612.9,611.75,612.4,13985.0
2026-07-02 15:05:00,612.4,613.5,611.0,612.45,28797.0
2026-07-02 15:10:00,612.15,612.9,609.2,609.8,33500.0
2026-07-02 15:15:00,610.0,610.0,606.2,608.3,52981.0
2026-07-02 15:20:00,608.3,610.0,608.2,608.65,29760.0
2026-07-02 15:25:00,608.75,609.15,604.6,607.45,104308.0
2026-07-03 09:15:00,612.0,621.4,611.85,617.0,174417.0
2026-07-03 09:20:00,616.8,617.3,612.55,613.5,69340.0
2026-07-03 09:25:00,613.5,614.4,612.3,613.55,37790.0
2026-07-03 09:30:00,613.35,614.65,612.95,613.0,24129.0
2026-07-03 09:35:00,613.2,614.0,612.05,612.35,19271.0
2026-07-03 09:40:00,612.3,612.65,610.1,610.4,26961.0
2026-07-03 09:45:00,610.4,612.3,609.6,612.3,36454.0
2026-07-03 09:50:00,612.0,612.2,610.65,611.2,11582.0
2026-07-03 09:55:00,611.15,611.8,610.55,611.2,8976.0
2026-07-03 10:00:00,611.2,611.5,610.3,611.3,12236.0
2026-07-03 10:05:00,610.55,611.7,610.55,611.6,6042.0
2026-07-03 10:10:00,611.7,611.7,611.0,611.6,4293.0
2026-07-03 10:15:00,611.5,611.55,610.45,610.85,7049.0
2026-07-03 10:20:00,610.85,611.5,610.5,610.9,4858.0
2026-07-03 10:25:00,610.6,611.7,610.6,611.3,4918.0
2026-07-03 10:30:00,611.3,611.7,610.25,610.7,10052.0
2026-07-03 10:35:00,610.6,610.6,609.05,609.1,17632.0
2026-07-03 10:40:00,609.7,609.9,609.3,609.45,5118.0
2026-07-03 10:45:00,609.45,609.8,608.95,609.8,8166.0
2026-07-03 10:50:00,609.8,609.95,609.1,609.5,6259.0
2026-07-03 10:55:00,609.25,609.25,608.25,608.5,13497.0
2026-07-03 11:00:00,608.5,609.65,608.05,608.1,13133.0
2026-07-03 11:05:00,607.1,607.45,606.25,606.45,14579.0
2026-07-03 11:10:00,606.45,607.2,606.45,606.7,7390.0
2026-07-03 11:15:00,606.7,607.45,606.7,607.2,4322.0
2026-07-03 11:20:00,607.45,607.85,607.0,607.7,5165.0
2026-07-03 11:25:00,607.5,607.85,607.15,607.2,2205.0
2026-07-03 11:30:00,607.0,607.2,606.25,607.0,14182.0
2026-07-03 11:35:00,607.2,607.25,606.25,606.3,3111.0
2026-07-03 11:40:00,606.25,607.3,606.2,606.9,6356.0
2026-07-03 11:45:00,606.9,607.15,606.25,606.4,5780.0
2026-07-03 11:50:00,606.8,607.15,606.45,606.45,3345.0
2026-07-03 11:55:00,606.95,608.05,606.65,607.75,3466.0
2026-07-03 12:00:00,607.75,608.0,607.0,607.2,2045.0
2026-07-03 12:05:00,607.4,607.8,607.1,607.1,2696.0
2026-07-03 12:10:00,607.5,607.75,607.1,607.15,1262.0
2026-07-03 12:15:00,607.5,607.85,607.0,607.3,5282.0
2026-07-03 12:20:00,607.55,607.95,607.2,607.35,2974.0
2026-07-03 12:25:00,607.3,607.95,607.0,607.25,2486.0
2026-07-03 12:30:00,607.5,607.7,607.1,607.3,3439.0
2026-07-03 12:35:00,607.55,607.7,606.0,606.1,10344.0
2026-07-03 12:40:00,606.05,606.1,605.0,605.55,11761.0
2026-07-03 12:45:00,605.55,606.0,603.9,605.05,12180.0
2026-07-03 12:50:00,604.95,605.25,604.55,605.0,5764.0
2026-07-03 12:55:00,605.25,605.6,605.05,605.05,1623.0
2026-07-03 13:00:00,605.5,605.5,604.5,604.6,2431.0
2026-07-03 13:05:00,604.6,604.9,604.25,604.7,2303.0
2026-07-03 13:10:00,604.4,604.7,604.2,604.3,3620.0
2026-07-03 13:15:00,604.3,604.6,604.3,604.3,1427.0
2026-07-03 13:20:00,604.45,604.45,604.0,604.2,4271.0
2026-07-03 13:25:00,604.2,604.2,603.35,603.9,4245.0
2026-07-03 13:30:00,603.8,604.45,603.35,603.7,3245.0
2026-07-03 13:35:00,603.7,604.05,603.4,603.95,2263.0
2026-07-03 13:40:00,604.15,604.3,603.6,603.6,2000.0
2026-07-03 13:45:00,603.8,604.4,603.5,604.1,6368.0
2026-07-03 13:50:00,604.2,604.3,603.7,604.3,837.0
2026-07-03 13:55:00,604.3,604.3,603.7,603.8,2217.0
2026-07-03 14:00:00,603.8,604.2,603.7,603.85,1561.0
2026-07-03 14:05:00,603.85,604.0,603.5,603.65,8520.0
2026-07-03 14:10:00,604.0,604.0,603.6,603.6,2556.0
2026-07-03 14:15:00,603.6,603.95,603.4,603.85,3907.0
2026-07-03 14:20:00,603.55,604.0,603.55,603.85,2317.0
2026-07-03 14:25:00,603.85,604.0,603.7,603.7,3645.0
2026-07-03 14:30:00,603.8,604.0,603.1,603.8,10238.0
2026-07-03 14:35:00,603.95,604.6,603.7,603.95,9938.0
2026-07-03 14:40:00,603.95,604.45,603.95,604.35,2114.0
2026-07-03 14:45:00,604.05,604.6,603.6,604.4,9071.0
2026-07-03 14:50:00,605.1,605.2,604.0,604.3,14694.0
2026-07-03 14:55:00,604.35,604.7,603.65,604.0,7031.0
2026-07-03 15:00:00,604.0,605.0,604.0,604.85,8575.0
2026-07-03 15:05:00,605.0,605.5,603.8,605.3,20858.0
2026-07-03 15:10:00,605.5,605.9,604.3,604.65,19157.0
2026-07-03 15:15:00,604.55,605.0,603.0,603.95,35771.0
2026-07-03 15:20:00,604.0,604.0,600.05,601.25,64555.0
2026-07-03 15:25:00,601.55,603.2,600.0,603.0,44327.0
2026-07-06 09:15:00,603.1,604.75,597.5,598.55,69038.0
2026-07-06 09:20:00,598.0,599.65,597.5,598.8,33779.0
2026-07-06 09:25:00,598.75,600.65,598.0,599.3,28241.0
2026-07-06 09:30:00,599.15,599.75,599.0,599.0,10173.0
2026-07-06 09:35:00,599.0,600.95,599.0,599.5,24639.0
2026-07-06 09:40:00,599.75,600.8,598.35,600.75,13160.0
2026-07-06 09:45:00,600.85,602.6,600.4,600.4,12526.0
2026-07-06 09:50:00,600.5,602.85,600.5,602.0,9089.0
2026-07-06 09:55:00,602.0,602.35,600.5,601.55,11290.0
2026-07-06 10:00:00,601.4,602.35,601.3,601.55,7137.0
2026-07-06 10:05:00,601.3,602.0,600.85,601.8,4433.0
2026-07-06 10:10:00,602.0,602.35,601.95,602.05,4733.0
2026-07-06 10:15:00,602.05,602.35,601.55,601.65,3626.0
2026-07-06 10:20:00,601.95,603.6,601.65,602.2,12725.0
2026-07-06 10:25:00,602.3,602.8,600.5,600.5,11219.0
2026-07-06 10:30:00,600.85,600.85,599.05,599.65,7708.0
2026-07-06 10:35:00,599.35,600.0,599.0,599.2,3733.0
2026-07-06 10:40:00,599.2,599.95,599.0,599.95,1760.0
2026-07-06 10:45:00,599.8,599.9,599.05,599.1,2889.0
2026-07-06 10:50:00,599.05,599.7,598.5,598.5,7281.0
2026-07-06 10:55:00,598.5,598.9,597.9,598.0,18094.0
2026-07-06 11:00:00,597.9,599.25,597.05,598.0,7133.0
2026-07-06 11:05:00,598.0,598.05,597.05,597.6,6312.0
2026-07-06 11:10:00,597.6,597.65,597.05,597.5,2484.0
2026-07-06 11:15:00,597.5,597.75,597.05,597.3,3097.0
2026-07-06 11:20:00,597.3,598.2,597.25,597.85,4139.0
2026-07-06 11:25:00,597.55,598.1,597.15,597.8,2122.0
2026-07-06 11:30:00,597.65,597.85,597.0,597.25,3433.0
2026-07-06 11:35:00,597.25,597.35,596.0,597.2,7756.0
2026-07-06 11:40:00,597.2,598.0,597.0,597.7,1892.0
2026-07-06 11:45:00,597.9,598.2,597.5,597.55,3070.0
2026-07-06 11:50:00,597.55,597.95,596.35,596.95,2477.0
2026-07-06 11:55:00,596.7,597.5,596.7,597.15,1253.0
2026-07-06 12:00:00,597.2,597.95,597.15,597.5,2516.0
2026-07-06 12:05:00,597.5,598.0,597.4,597.65,1382.0
2026-07-06 12:10:00,597.65,599.55,597.1,599.55,13366.0
2026-07-06 12:15:00,599.55,599.75,598.65,598.9,2510.0
2026-07-06 12:20:00,598.55,599.0,598.35,598.85,1120.0
2026-07-06 12:25:00,598.5,598.95,598.15,598.75,2258.0
2026-07-06 12:30:00,598.6,599.55,598.05,598.5,3769.0
2026-07-06 12:35:00,598.25,598.8,597.05,597.05,9671.0
2026-07-06 12:40:00,597.1,597.75,597.1,597.4,1563.0
2026-07-06 12:45:00,597.4,597.65,597.0,597.0,2355.0
2026-07-06 12:50:00,597.05,597.8,596.4,597.3,5421.0
2026-07-06 12:55:00,597.3,597.85,597.0,597.1,1427.0
2026-07-06 13:00:00,597.1,597.35,596.8,597.35,1068.0
2026-07-06 13:05:00,597.0,597.25,596.75,596.75,1603.0
2026-07-06 13:10:00,596.8,597.2,596.8,596.8,2105.0
2026-07-06 13:15:00,596.85,598.2,596.8,598.2,3258.0
2026-07-06 13:20:00,597.85,598.45,597.5,598.2,4041.0
2026-07-06 13:25:00,597.65,598.5,597.4,598.25,3872.0
2026-07-06 13:30:00,598.25,599.25,598.25,598.5,3756.0
2026-07-06 13:35:00,598.5,598.95,598.25,598.25,2043.0
2026-07-06 13:40:00,598.35,598.65,597.5,597.8,2289.0
2026-07-06 13:45:00,597.8,598.1,597.45,597.5,680.0
2026-07-06 13:50:00,597.25,597.95,597.05,597.1,2476.0
2026-07-06 13:55:00,597.15,597.9,597.0,597.15,3074.0
2026-07-06 14:00:00,597.3,597.9,596.6,597.2,7521.0
2026-07-06 14:05:00,597.2,598.0,597.2,597.95,1775.0
2026-07-06 14:10:00,597.6,598.1,597.6,597.95,890.0
2026-07-06 14:15:00,597.95,598.05,597.1,597.9,2855.0
2026-07-06 14:20:00,597.8,598.1,597.3,597.3,4426.0
2026-07-06 14:25:00,597.3,598.0,597.25,597.5,1668.0
2026-07-06 14:30:00,597.5,598.6,597.45,598.6,3502.0
2026-07-06 14:35:00,598.05,598.05,597.15,597.8,8953.0
2026-07-06 14:40:00,597.4,598.2,597.3,597.75,2736.0
2026-07-06 14:45:00,597.7,598.3,597.2,597.85,7965.0
2026-07-06 14:50:00,597.75,598.3,597.55,598.0,4583.0
2026-07-06 14:55:00,597.9,598.7,597.85,598.0,5355.0
2026-07-06 15:00:00,598.85,599.5,598.0,598.25,10306.0
2026-07-06 15:05:00,598.0,598.7,597.7,598.6,15101.0
2026-07-06 15:10:00,598.3,599.1,597.7,598.85,14874.0
2026-07-06 15:15:00,598.75,598.8,597.5,598.0,15773.0
2026-07-06 15:20:00,597.7,598.95,597.6,598.65,26741.0
2026-07-06 15:25:00,598.5,599.45,595.0,596.65,30715.0
2026-07-07 09:15:00,597.85,599.1,592.0,593.0,36768.0
2026-07-07 09:20:00,592.9,593.2,590.25,590.25,32606.0
2026-07-07 09:25:00,590.6,591.0,589.75,590.0,24542.0
2026-07-07 09:30:00,590.0,592.05,589.3,591.85,17774.0
2026-07-07 09:35:00,591.85,592.85,590.0,590.8,10820.0
2026-07-07 09:40:00,591.2,592.3,590.5,591.45,6727.0
2026-07-07 09:45:00,591.5,592.25,590.4,590.8,9018.0
2026-07-07 09:50:00,590.9,591.35,590.0,590.25,7330.0
2026-07-07 09:55:00,590.65,591.0,590.0,590.7,8639.0
2026-07-07 10:00:00,590.7,590.95,590.15,590.15,3391.0
2026-07-07 10:05:00,590.5,591.0,590.15,590.9,3601.0
2026-07-07 10:10:00,590.85,590.95,589.45,589.55,6636.0
2026-07-07 10:15:00,589.55,590.2,588.15,589.0,10994.0
2026-07-07 10:20:00,589.0,589.4,588.45,588.7,5028.0
2026-07-07 10:25:00,588.7,589.0,587.0,587.2,24548.0
2026-07-07 10:30:00,587.45,588.85,587.2,588.7,5229.0
2026-07-07 10:35:00,588.5,588.7,586.6,588.4,27712.0
2026-07-07 10:40:00,588.4,588.4,587.55,587.55,11730.0
2026-07-07 10:45:00,587.55,589.35,587.55,588.95,2937.0
2026-07-07 10:50:00,589.0,589.15,588.5,588.8,5236.0
2026-07-07 10:55:00,588.8,588.8,587.75,587.75,2246.0
2026-07-07 11:00:00,588.0,588.8,587.75,588.65,2390.0
2026-07-07 11:05:00,588.3,589.15,588.2,588.55,14394.0
2026-07-07 11:10:00,588.55,591.0,588.55,589.75,20124.0
2026-07-07 11:15:00,589.75,589.95,588.7,588.95,3455.0
2026-07-07 11:20:00,588.6,588.95,588.5,588.65,2988.0
2026-07-07 11:25:00,588.65,589.8,588.6,589.4,2789.0
2026-07-07 11:30:00,589.1,590.1,589.0,589.0,5208.0
2026-07-07 11:35:00,588.8,590.5,588.8,590.5,2966.0
2026-07-07 11:40:00,590.2,590.8,589.25,589.3,2350.0
2026-07-07 11:45:00,589.4,590.25,589.2,589.5,1438.0
2026-07-07 11:50:00,589.5,589.75,588.1,588.3,8932.0
2026-07-07 11:55:00,588.35,589.15,588.2,588.7,14637.0
2026-07-07 12:00:00,588.45,589.05,588.35,589.05,2086.0
2026-07-07 12:05:00,588.7,589.4,588.6,589.0,962.0
2026-07-07 12:10:00,589.0,589.0,588.3,588.3,4265.0
2026-07-07 12:15:00,588.3,588.75,588.0,588.05,2235.0
2026-07-07 12:20:00,588.05,588.45,587.45,588.35,2716.0
2026-07-07 12:25:00,588.05,589.2,587.85,588.35,4094.0
2026-07-07 12:30:00,588.2,588.8,587.45,588.0,5216.0
2026-07-07 12:35:00,587.7,588.0,587.2,587.9,2502.0
2026-07-07 12:40:00,587.7,588.0,587.35,587.7,1799.0
2026-07-07 12:45:00,587.75,588.0,587.5,587.95,1010.0
2026-07-07 12:50:00,587.65,588.0,587.5,587.5,1608.0
2026-07-07 12:55:00,587.6,588.25,587.4,587.75,1656.0
2026-07-07 13:00:00,587.75,588.5,587.75,588.35,1281.0
2026-07-07 13:05:00,588.15,588.4,587.95,587.95,948.0
2026-07-07 13:10:00,587.95,588.2,586.8,586.9,6488.0
2026-07-07 13:15:00,586.8,587.0,586.7,587.0,3120.0
2026-07-07 13:20:00,586.75,587.1,586.3,586.6,16756.0
2026-07-07 13:25:00,586.65,588.0,586.65,587.9,3954.0
2026-07-07 13:30:00,587.75,587.75,586.9,587.05,2310.0
2026-07-07 13:35:00,587.1,587.6,587.0,587.05,3770.0
2026-07-07 13:40:00,587.0,587.6,587.0,587.55,1595.0
2026-07-07 13:45:00,587.55,587.55,587.1,587.45,1536.0
2026-07-07 13:50:00,587.15,587.5,587.0,587.1,1934.0
2026-07-07 13:55:00,587.1,587.55,586.9,587.05,4055.0
2026-07-07 14:00:00,587.1,588.1,587.05,587.8,8626.0
2026-07-07 14:05:00,588.0,588.5,587.5,588.4,2655.0
2026-07-07 14:10:00,588.05,588.5,588.05,588.5,1460.0
2026-07-07 14:15:00,588.45,588.5,587.6,587.75,2475.0
2026-07-07 14:20:00,587.7,588.35,587.55,587.65,2120.0
2026-07-07 14:25:00,587.6,588.45,587.55,588.15,3175.0
2026-07-07 14:30:00,588.45,588.5,588.0,588.05,1780.0
2026-07-07 14:35:00,588.4,588.4,587.95,588.05,1876.0
2026-07-07 14:40:00,588.35,588.35,587.6,587.8,3118.0
2026-07-07 14:45:00,588.05,588.7,587.8,588.5,5765.0
2026-07-07 14:50:00,588.7,588.8,588.0,588.0,4055.0
2026-07-07 14:55:00,588.15,588.4,587.45,587.65,6765.0
2026-07-07 15:00:00,588.05,588.05,586.45,587.15,15351.0
2026-07-07 15:05:00,587.2,587.45,586.1,586.65,26996.0
2026-07-07 15:10:00,586.55,587.1,585.3,586.95,20874.0
2026-07-07 15:15:00,586.85,587.0,585.65,586.7,20285.0
2026-07-07 15:20:00,586.75,586.9,585.0,586.65,31223.0
2026-07-07 15:25:00,586.65,586.95,585.0,585.6,39483.0
2026-07-08 09:15:00,582.25,584.5,580.65,583.8,28805.0
2026-07-08 09:20:00,583.8,583.8,581.55,583.65,14959.0
2026-07-08 09:25:00,583.2,593.95,583.2,592.8,83533.0
2026-07-08 09:30:00,592.7,592.7,589.5,591.6,24307.0
2026-07-08 09:35:00,591.85,592.5,590.0,591.75,12401.0
2026-07-08 09:40:00,591.85,594.85,591.0,593.0,25267.0
2026-07-08 09:45:00,593.6,595.0,592.15,592.25,31873.0
2026-07-08 09:50:00,592.35,593.8,591.35,592.1,10193.0
2026-07-08 09:55:00,591.7,594.0,590.3,593.75,20882.0
2026-07-08 10:00:00,593.75,598.4,593.1,596.2,45530.0
2026-07-08 10:05:00,596.2,598.8,595.6,598.35,31561.0
2026-07-08 10:10:00,598.7,603.8,598.1,602.4,109412.0
2026-07-08 10:15:00,602.5,606.6,602.0,603.55,157071.0
2026-07-08 10:20:00,603.3,603.75,601.5,603.1,45973.0
2026-07-08 10:25:00,603.2,604.8,601.6,603.0,38977.0
2026-07-08 10:30:00,603.2,608.0,603.2,604.85,137048.0
2026-07-08 10:35:00,604.9,611.0,603.75,608.55,165663.0
2026-07-08 10:40:00,608.7,609.35,605.55,606.1,105453.0
2026-07-08 10:45:00,606.05,607.6,605.55,605.6,42448.0
2026-07-08 10:50:00,605.8,606.7,603.2,604.65,47813.0
2026-07-08 10:55:00,604.3,604.7,601.5,602.5,70461.0
2026-07-08 11:00:00,602.5,603.7,601.5,601.7,26843.0
2026-07-08 11:05:00,602.05,602.05,601.0,601.9,26764.0
2026-07-08 11:10:00,601.9,603.15,601.05,602.45,20383.0
2026-07-08 11:15:00,602.4,602.85,601.25,601.3,28747.0
2026-07-08 11:20:00,601.65,601.9,601.0,601.65,16961.0
2026-07-08 11:25:00,601.6,602.95,601.0,601.2,16102.0
2026-07-08 11:30:00,601.2,601.7,601.0,601.4,8885.0
2026-07-08 11:35:00,601.7,602.55,601.3,601.95,13167.0
2026-07-08 11:40:00,601.6,605.0,601.0,604.65,33858.0
2026-07-08 11:45:00,604.25,604.55,602.45,602.5,15667.0
2026-07-08 11:50:00,603.0,603.3,601.85,602.2,8463.0
2026-07-08 11:55:00,602.05,602.9,601.55,602.75,7744.0
2026-07-08 12:00:00,603.0,603.35,602.05,602.2,3557.0
2026-07-08 12:05:00,602.2,603.35,602.0,602.9,11796.0
2026-07-08 12:10:00,602.9,603.4,602.1,602.3,7385.0
2026-07-08 12:15:00,602.85,603.35,602.0,602.15,4802.0
2026-07-08 12:20:00,602.2,602.2,601.1,601.1,10333.0
2026-07-08 12:25:00,601.05,602.15,601.05,601.5,5396.0
2026-07-08 12:30:00,601.2,603.2,601.05,602.7,20063.0
2026-07-08 12:35:00,602.85,602.9,601.85,601.85,4921.0
2026-07-08 12:40:00,602.3,602.35,601.3,601.75,10138.0
2026-07-08 12:45:00,601.75,602.35,601.75,601.9,1685.0
2026-07-08 12:50:00,601.9,602.9,601.9,602.5,3261.0
2026-07-08 12:55:00,602.45,602.85,601.0,601.1,10385.0
2026-07-08 13:00:00,601.1,602.0,601.0,601.6,9151.0
2026-07-08 13:05:00,601.9,601.95,601.2,601.5,1880.0
2026-07-08 13:10:00,601.55,601.8,601.15,601.3,5584.0
2026-07-08 13:15:00,601.5,601.7,601.2,601.3,2271.0
2026-07-08 13:20:00,601.4,602.3,601.3,601.35,2578.0
2026-07-08 13:25:00,601.3,602.15,601.25,601.5,3153.0
2026-07-08 13:30:00,601.3,601.5,601.15,601.2,2574.0
2026-07-08 13:35:00,601.2,602.1,601.2,602.0,11960.0
2026-07-08 13:40:00,601.95,601.95,600.05,600.55,19752.0
2026-07-08 13:45:00,600.35,600.7,597.15,597.8,55860.0
2026-07-08 13:50:00,597.45,597.9,594.65,595.15,33812.0
2026-07-08 13:55:00,595.05,595.35,593.0,593.0,39991.0
2026-07-08 14:00:00,593.0,594.3,590.8,591.2,35755.0
2026-07-08 14:05:00,591.55,591.55,588.65,589.15,36520.0
2026-07-08 14:10:00,588.8,589.85,587.35,587.7,36872.0
2026-07-08 14:15:00,587.7,591.45,587.25,589.0,23002.0
2026-07-08 14:20:00,589.25,590.4,588.0,589.85,13077.0
2026-07-08 14:25:00,590.0,590.0,588.15,588.85,12385.0
2026-07-08 14:30:00,588.85,590.4,587.75,588.0,14614.0
2026-07-08 14:35:00,588.6,588.85,586.0,586.0,23278.0
2026-07-08 14:40:00,586.0,586.95,585.6,586.2,10106.0
2026-07-08 14:45:00,585.75,586.15,583.85,585.45,30689.0
2026-07-08 14:50:00,585.4,586.0,581.0,583.45,53085.0
2026-07-08 14:55:00,583.4,583.7,581.95,583.0,14758.0
2026-07-08 15:00:00,582.85,586.5,582.85,584.4,28659.0
2026-07-08 15:05:00,584.1,584.6,582.5,583.05,43233.0
2026-07-08 15:10:00,583.4,583.8,582.3,582.3,22569.0
2026-07-08 15:15:00,582.5,585.0,582.35,584.65,35596.0
2026-07-08 15:20:00,584.7,585.8,582.8,583.0,37252.0
2026-07-08 15:25:00,583.0,583.35,580.5,581.0,59294.0
2026-07-09 09:15:00,585.0,585.6,579.75,584.0,106007.0
2026-07-09 09:20:00,583.9,589.4,583.9,588.85,73764.0
2026-07-09 09:25:00,588.85,588.95,587.2,588.85,23512.0
2026-07-09 09:30:00,588.85,590.3,588.0,589.5,36704.0
2026-07-09 09:35:00,589.8,590.7,589.1,590.5,13899.0
2026-07-09 09:40:00,590.9,591.8,590.05,590.9,19381.0
2026-07-09 09:45:00,590.85,593.6,590.75,592.05,26115.0
2026-07-09 09:50:00,592.55,593.0,591.0,591.5,11488.0
2026-07-09 09:55:00,591.4,591.75,590.3,590.8,12207.0
2026-07-09 10:00:00,590.85,593.45,590.45,592.25,13005.0
2026-07-09 10:05:00,592.3,592.5,591.5,591.9,5074.0
2026-07-09 10:10:00,591.95,591.95,588.7,589.65,17903.0
2026-07-09 10:15:00,589.45,589.7,588.35,588.85,6897.0
2026-07-09 10:20:00,588.7,588.95,588.1,588.4,8971.0
2026-07-09 10:25:00,588.45,588.65,587.35,587.6,8058.0
2026-07-09 10:30:00,587.6,588.6,587.6,587.7,4893.0
2026-07-09 10:35:00,587.7,588.0,587.2,588.0,4886.0
2026-07-09 10:40:00,588.5,591.95,588.05,590.75,23138.0
2026-07-09 10:45:00,591.0,591.4,589.75,590.05,12225.0
2026-07-09 10:50:00,590.0,590.45,589.0,590.45,5353.0
2026-07-09 10:55:00,590.0,590.3,588.55,588.55,3340.0
2026-07-09 11:00:00,588.55,589.0,588.05,588.4,5908.0
2026-07-09 11:05:00,588.6,589.0,588.0,588.2,3866.0
2026-07-09 11:10:00,588.1,588.7,588.0,588.15,3573.0
2026-07-09 11:15:00,588.1,588.2,587.6,588.2,1708.0
2026-07-09 11:20:00,588.25,589.65,587.6,588.65,6318.0
2026-07-09 11:25:00,588.7,589.8,588.5,589.2,2133.0
2026-07-09 11:30:00,589.5,590.8,589.35,589.6,11647.0
2026-07-09 11:35:00,589.8,589.9,588.25,588.25,7566.0
2026-07-09 11:40:00,588.7,589.05,588.25,588.7,1722.0
2026-07-09 11:45:00,589.0,589.6,588.15,589.25,3515.0
2026-07-09 11:50:00,589.25,589.85,589.1,589.1,1651.0
2026-07-09 11:55:00,589.0,589.5,588.75,589.05,2506.0
2026-07-09 12:00:00,589.2,589.7,589.05,589.25,675.0
2026-07-09 12:05:00,589.05,589.65,588.25,588.25,7355.0
2026-07-09 12:10:00,588.35,588.7,588.0,588.15,2738.0
2026-07-09 12:15:00,588.4,589.0,588.15,588.8,2342.0
2026-07-09 12:20:00,588.8,588.85,588.5,588.65,2738.0
2026-07-09 12:25:00,588.5,588.9,588.5,588.6,1561.0
2026-07-09 12:30:00,588.55,590.0,588.5,589.5,10807.0
2026-07-09 12:35:00,589.5,589.5,588.8,588.9,1895.0
2026-07-09 12:40:00,588.9,592.3,588.05,591.7,19260.0
2026-07-09 12:45:00,592.0,596.75,591.65,592.8,61755.0
2026-07-09 12:50:00,592.05,592.75,592.0,592.5,12506.0
2026-07-09 12:55:00,592.35,592.8,591.3,591.65,17820.0
2026-07-09 13:00:00,591.65,592.4,590.8,592.1,3251.0
2026-07-09 13:05:00,592.7,592.7,591.45,592.35,4583.0
2026-07-09 13:10:00,591.9,593.55,591.9,593.1,5375.0
2026-07-09 13:15:00,592.75,593.1,591.95,592.0,7149.0
2026-07-09 13:20:00,592.05,592.8,591.95,592.15,981.0
2026-07-09 13:25:00,592.5,592.5,591.5,592.0,3020.0
2026-07-09 13:30:00,592.0,592.8,591.6,592.2,2110.0
2026-07-09 13:35:00,592.4,593.25,592.3,593.0,2513.0
2026-07-09 13:40:00,593.0,593.65,592.55,592.75,6664.0
2026-07-09 13:45:00,592.55,593.05,592.2,592.65,2743.0
2026-07-09 13:50:00,592.4,592.85,591.95,592.5,4724.0
2026-07-09 13:55:00,592.5,592.8,591.95,592.15,4077.0
2026-07-09 14:00:00,592.15,592.45,591.55,591.6,4046.0
2026-07-09 14:05:00,591.55,592.25,591.4,591.5,2820.0
2026-07-09 14:10:00,591.8,592.3,591.5,592.2,2717.0
2026-07-09 14:15:00,592.2,592.3,591.55,591.85,1459.0
2026-07-09 14:20:00,592.2,592.2,591.6,591.6,2487.0
2026-07-09 14:25:00,591.5,591.75,589.7,589.95,19040.0
2026-07-09 14:30:00,589.9,589.95,588.6,588.65,11233.0
2026-07-09 14:35:00,588.35,589.0,588.35,588.5,4074.0
2026-07-09 14:40:00,588.5,588.55,587.3,588.5,12319.0
2026-07-09 14:45:00,588.5,588.6,587.5,587.7,3119.0
2026-07-09 14:50:00,588.0,588.5,587.7,588.5,7340.0
2026-07-09 14:55:00,588.7,589.1,588.0,589.0,9797.0
2026-07-09 15:00:00,588.95,588.95,586.5,586.5,17175.0
2026-07-09 15:05:00,586.5,586.5,585.0,585.85,15396.0
2026-07-09 15:10:00,585.5,585.85,585.0,585.75,12001.0
2026-07-09 15:15:00,585.75,586.35,585.05,586.3,16275.0
2026-07-09 15:20:00,586.35,587.2,585.5,586.7,20217.0
2026-07-09 15:25:00,586.75,587.3,585.4,586.6,38292.0
2026-07-10 09:15:00,590.0,600.3,590.0,597.35,98686.0
2026-07-10 09:20:00,597.2,600.85,596.4,597.6,62310.0
2026-07-10 09:25:00,597.0,599.4,596.55,598.15,33516.0
2026-07-10 09:30:00,597.65,599.7,597.65,598.6,20063.0
2026-07-10 09:35:00,598.25,598.95,596.35,597.55,15671.0
2026-07-10 09:40:00,597.55,598.8,597.35,598.65,9931.0
2026-07-10 09:45:00,598.4,600.4,597.0,599.0,28419.0
2026-07-10 09:50:00,599.35,600.35,598.25,598.25,19708.0
2026-07-10 09:55:00,598.5,599.6,598.15,599.0,9255.0
2026-07-10 10:00:00,599.05,600.35,598.0,599.4,12406.0
2026-07-10 10:05:00,599.4,599.65,598.0,598.25,4608.0
2026-07-10 10:10:00,598.25,600.9,598.25,600.9,25573.0
2026-07-10 10:15:00,601.85,603.05,598.2,598.35,37430.0
2026-07-10 10:20:00,598.25,599.25,597.8,598.5,10370.0
2026-07-10 10:25:00,598.5,598.85,597.4,597.4,8001.0
2026-07-10 10:30:00,597.1,597.5,596.0,596.6,6030.0
2026-07-10 10:35:00,596.75,597.25,596.2,597.0,8074.0
2026-07-10 10:40:00,597.0,597.9,596.6,597.55,4310.0
2026-07-10 10:45:00,597.5,598.65,597.5,598.0,5745.0
2026-07-10 10:50:00,598.05,599.35,598.05,598.85,5397.0
2026-07-10 10:55:00,598.85,599.0,598.5,598.8,2580.0
2026-07-10 11:00:00,598.8,598.95,597.9,598.65,12450.0
2026-07-10 11:05:00,598.65,598.65,596.75,596.8,16267.0
2026-07-10 11:10:00,597.05,597.4,595.85,596.25,16685.0
2026-07-10 11:15:00,596.25,596.65,595.6,595.9,6880.0
2026-07-10 11:20:00,595.75,595.85,595.0,595.25,9204.0
2026-07-10 11:25:00,595.6,595.65,594.45,595.15,12859.0
2026-07-10 11:30:00,594.8,595.7,594.55,595.45,9211.0
2026-07-10 11:35:00,595.45,596.0,595.35,595.95,3108.0
2026-07-10 11:40:00,595.9,595.95,595.1,595.35,7279.0
2026-07-10 11:45:00,595.1,596.0,595.1,595.75,2750.0
2026-07-10 11:50:00,595.9,596.0,595.45,595.45,1317.0
2026-07-10 11:55:00,595.4,595.5,595.1,595.5,2350.0
2026-07-10 12:00:00,595.5,595.75,595.1,595.25,1338.0
2026-07-10 12:05:00,595.1,595.65,595.1,595.35,1316.0
2026-07-10 12:10:00,595.35,595.75,595.3,595.3,2023.0
2026-07-10 12:15:00,595.25,595.8,595.1,595.45,3819.0
2026-07-10 12:20:00,595.65,595.65,595.0,595.0,5558.0
2026-07-10 12:25:00,595.05,595.65,595.0,595.6,3790.0
2026-07-10 12:30:00,595.25,595.4,595.0,595.05,1644.0
2026-07-10 12:35:00,595.3,596.0,595.05,595.3,3013.0
2026-07-10 12:40:00,595.5,595.9,595.0,595.0,3659.0
2026-07-10 12:45:00,595.0,595.4,594.7,595.0,6659.0
2026-07-10 12:50:00,595.0,595.25,594.5,594.55,4901.0
2026-07-10 12:55:00,594.9,595.25,594.9,595.0,1126.0
2026-07-10 13:00:00,595.15,595.35,594.55,595.05,3525.0
2026-07-10 13:05:00,594.4,595.15,594.1,594.1,3782.0
2026-07-10 13:10:00,594.1,594.25,593.25,593.55,8359.0
2026-07-10 13:15:00,593.5,593.95,593.3,593.55,2241.0
2026-07-10 13:20:00,593.55,593.65,593.1,593.45,6775.0
2026-07-10 13:25:00,593.4,593.65,593.25,593.3,1372.0
2026-07-10 13:30:00,593.3,593.5,593.3,593.45,888.0
2026-07-10 13:35:00,593.45,594.9,593.45,594.15,6680.0
2026-07-10 13:40:00,594.1,594.6,594.05,594.1,1518.0
2026-07-10 13:45:00,594.1,594.5,593.25,593.45,3978.0
2026-07-10 13:50:00,593.8,593.9,593.3,593.5,1291.0
2026-07-10 13:55:00,593.5,593.9,593.3,593.9,840.0
2026-07-10 14:00:00,593.75,594.15,593.1,593.3,4378.0
2026-07-10 14:05:00,593.3,594.0,593.1,593.6,3969.0
2026-07-10 14:10:00,593.6,594.8,593.6,593.75,10341.0
2026-07-10 14:15:00,593.75,593.95,593.3,593.55,656.0
2026-07-10 14:20:00,593.35,594.15,593.3,593.75,1787.0
2026-07-10 14:25:00,593.75,594.15,593.3,593.6,14256.0
2026-07-10 14:30:00,593.85,593.9,592.15,592.6,6892.0
2026-07-10 14:35:00,592.6,592.9,591.55,592.0,13942.0
2026-07-10 14:40:00,592.0,592.45,591.0,591.2,10522.0
2026-07-10 14:45:00,591.5,593.0,589.5,590.15,62333.0
2026-07-10 14:50:00,589.95,590.45,589.6,590.15,14631.0
2026-07-10 14:55:00,590.0,590.5,589.15,589.5,12658.0
2026-07-10 15:00:00,589.65,591.4,589.3,590.6,13005.0
2026-07-10 15:05:00,590.5,590.85,590.05,590.65,10663.0
2026-07-10 15:10:00,590.05,590.8,589.5,589.85,18167.0
2026-07-10 15:15:00,589.75,589.75,588.0,589.45,33090.0
2026-07-10 15:20:00,589.5,590.9,587.2,590.1,37992.0
2026-07-10 15:25:00,590.1,591.45,589.0,591.45,40170.0
