timestamp,open,high,low,close,volume
2026-05-12 09:15:00,754.0,757.4,749.5,752.5,18424.0
2026-05-12 09:20:00,752.25,753.35,750.1,750.5,11014.0
2026-05-12 09:25:00,750.95,752.85,749.5,749.5,19756.0
2026-05-12 09:30:00,749.25,750.25,748.0,748.0,9047.0
2026-05-12 09:35:00,748.0,750.85,748.0,748.0,8324.0
2026-05-12 09:40:00,748.0,751.85,747.7,751.25,4331.0
2026-05-12 09:45:00,751.7,752.0,749.7,750.05,5741.0
2026-05-12 09:50:00,750.25,750.8,747.0,747.95,7229.0
2026-05-12 09:55:00,747.85,748.85,746.7,746.7,3953.0
2026-05-12 10:00:00,747.0,748.75,746.8,748.75,7158.0
2026-05-12 10:05:00,748.0,749.8,747.0,747.75,3320.0
2026-05-12 10:10:00,747.5,749.35,747.2,749.35,3130.0
2026-05-12 10:15:00,748.85,749.65,747.4,749.0,12238.0
2026-05-12 10:20:00,749.25,749.25,747.2,747.2,3623.0
2026-05-12 10:25:00,747.9,748.1,747.1,747.1,1994.0
2026-05-12 10:30:00,747.6,748.25,745.15,745.15,7604.0
2026-05-12 10:35:00,745.65,746.0,744.0,745.55,7043.0
2026-05-12 10:40:00,745.0,746.8,744.55,746.8,2948.0
2026-05-12 10:45:00,746.15,746.55,745.6,746.15,950.0
2026-05-12 10:50:00,746.15,746.45,744.05,744.45,10660.0
2026-05-12 10:55:00,745.05,747.2,744.5,746.1,4977.0
2026-05-12 11:00:00,746.25,746.45,744.25,744.45,2424.0
2026-05-12 11:05:00,744.45,745.6,744.0,744.95,4234.0
2026-05-12 11:10:00,744.45,744.6,743.5,743.5,3231.0
2026-05-12 11:15:00,743.5,744.25,743.1,743.2,2414.0
2026-05-12 11:20:00,743.2,744.0,743.05,743.15,3249.0
2026-05-12 11:25:00,743.7,743.7,742.5,743.05,4507.0
2026-05-12 11:30:00,742.65,742.85,740.95,742.05,4093.0
2026-05-12 11:35:00,742.05,743.15,740.0,742.85,10494.0
2026-05-12 11:40:00,742.85,744.75,742.05,742.05,5731.0
2026-05-12 11:45:00,742.1,743.4,740.8,741.55,12395.0
2026-05-12 11:50:00,740.8,740.8,737.0,737.15,19293.0
2026-05-12 11:55:00,736.6,739.3,736.5,736.5,6854.0
2026-05-12 12:00:00,736.65,738.0,736.6,737.95,6590.0
2026-05-12 12:05:00,738.0,738.0,735.05,736.1,8351.0
2026-05-12 12:10:00,736.65,737.0,735.1,737.0,4074.0
2026-05-12 12:15:00,736.9,737.95,736.5,736.55,9777.0
2026-05-12 12:20:00,737.0,737.15,736.3,736.4,1910.0
2026-05-12 12:25:00,736.15,736.15,734.25,734.85,5756.0
2026-05-12 12:30:00,734.5,734.65,733.5,734.2,6876.0
2026-05-12 12:35:00,734.0,734.2,731.25,733.05,16926.0
2026-05-12 12:40:00,732.85,734.65,732.65,734.65,3057.0
2026-05-12 12:45:00,734.65,735.55,733.5,734.5,13575.0
2026-05-12 12:50:00,734.0,739.4,734.0,739.35,24666.0
2026-05-12 12:55:00,739.35,739.85,738.45,738.65,5303.0
2026-05-12 13:00:00,739.2,739.7,738.65,739.6,2755.0
2026-05-12 13:05:00,739.65,739.65,736.5,736.5,23266.0
2026-05-12 13:10:00,736.65,737.75,735.8,737.6,3858.0
2026-05-12 13:15:00,737.8,739.2,736.95,738.75,4233.0
2026-05-12 13:20:00,738.7,738.85,737.0,737.85,5380.0
2026-05-12 13:25:00,737.9,739.1,737.15,738.85,2819.0
2026-05-12 13:30:00,738.9,739.9,737.6,739.35,2228.0
2026-05-12 13:35:00,739.3,739.35,737.6,738.0,2865.0
2026-05-12 13:40:00,738.0,738.45,737.4,738.35,2542.0
2026-05-12 13:45:00,738.45,740.2,738.0,739.7,6024.0
2026-05-12 13:50:00,739.7,740.6,738.55,739.65,4745.0
2026-05-12 13:55:00,739.65,739.75,737.6,738.05,4282.0
2026-05-12 14:00:00,738.05,738.05,736.3,737.3,3345.0
2026-05-12 14:05:00,737.4,737.65,733.45,735.4,19541.0
2026-05-12 14:10:00,735.4,735.55,733.85,734.1,4745.0
2026-05-12 14:15:00,734.15,735.0,733.7,735.0,3973.0
2026-05-12 14:20:00,735.0,735.95,734.1,735.05,6392.0
2026-05-12 14:25:00,735.65,735.75,733.05,734.05,2012.0
2026-05-12 14:30:00,733.6,734.3,732.2,732.6,4532.0
2026-05-12 14:35:00,732.65,733.0,731.6,732.0,4076.0
2026-05-12 14:40:00,732.25,733.1,731.25,732.6,10849.0
2026-05-12 14:45:00,732.6,732.6,730.1,731.6,10698.0
2026-05-12 14:50:00,731.7,738.45,730.45,732.6,23133.0
2026-05-12 14:55:00,733.0,734.0,732.0,734.0,12405.0
2026-05-12 15:00:00,733.85,733.85,731.05,733.45,11660.0
2026-05-12 15:05:00,732.85,733.45,727.1,727.5,18861.0
2026-05-12 15:10:00,727.8,728.05,726.1,727.4,13668.0
2026-05-12 15:15:00,727.45,729.1,727.0,728.75,11511.0
2026-05-12 15:20:00,729.1,729.9,727.9,728.85,13665.0
2026-05-12 15:25:00,728.9,731.6,727.75,731.6,18766.0
2026-05-13 09:15:00,729.05,740.25,728.0,739.0,21534.0
2026-05-13 09:20:00,738.5,739.1,736.65,738.8,8591.0
2026-05-13 09:25:00,739.7,742.5,738.0,740.9,14800.0
2026-05-13 09:30:00,740.9,741.3,737.15,737.8,6788.0
2026-05-13 09:35:00,737.8,737.8,734.55,734.55,7048.0
2026-05-13 09:40:00,734.5,737.35,734.15,737.0,10267.0
2026-05-13 09:45:00,737.4,738.2,734.5,735.85,5632.0
2026-05-13 09:50:00,735.85,738.85,735.05,738.7,3660.0
2026-05-13 09:55:00,738.7,739.55,736.0,736.5,5225.0
2026-05-13 10:00:00,736.15,736.9,735.15,736.6,3722.0
2026-05-13 10:05:00,736.5,738.8,736.5,738.15,6285.0
2026-05-13 10:10:00,737.45,739.75,737.2,739.45,4484.0
2026-05-13 10:15:00,739.45,743.45,739.45,743.25,23531.0
2026-05-13 10:20:00,744.0,744.0,742.55,742.6,6541.0
2026-05-13 10:25:00,742.6,744.0,740.55,740.9,7942.0
2026-05-13 10:30:00,740.9,741.15,738.5,738.9,3489.0
2026-05-13 10:35:00,738.0,738.55,732.6,733.2,9716.0
2026-05-13 10:40:00,732.55,734.05,732.55,733.25,3254.0
2026-05-13 10:45:00,733.5,734.45,732.5,734.3,6712.0
2026-05-13 10:50:00,734.05,734.55,733.75,733.75,2404.0
2026-05-13 10:55:00,733.15,733.45,731.0,731.3,8058.0
2026-05-13 11:00:00,731.3,732.0,731.0,731.5,2611.0
2026-05-13 11:05:00,731.5,731.6,730.6,730.8,2954.0
2026-05-13 11:10:00,730.65,731.15,729.0,729.7,8137.0
2026-05-13 11:15:00,729.7,732.2,729.7,732.15,2828.0
2026-05-13 11:20:00,731.5,732.0,730.6,731.2,2895.0
2026-05-13 11:25:00,731.6,733.0,731.3,733.0,2159.0
2026-05-13 11:30:00,733.0,733.9,732.35,732.85,2028.0
2026-05-13 11:35:00,733.35,733.35,732.35,732.7,1707.0
2026-05-13 11:40:00,732.35,732.65,731.55,731.55,2957.0
2026-05-13 11:45:00,731.55,732.75,731.35,731.75,3498.0
2026-05-13 11:50:00,731.6,733.0,731.0,732.15,2472.0
2026-05-13 11:55:00,731.05,731.95,731.05,731.55,5219.0
2026-05-13 12:00:00,731.55,731.95,730.95,731.4,3278.0
2026-05-13 12:05:00,731.4,731.85,730.95,731.6,2877.0
2026-05-13 12:10:00,731.4,733.25,731.4,732.5,1982.0
2026-05-13 12:15:00,732.4,732.65,730.45,731.5,8786.0
2026-05-13 12:20:00,732.1,732.85,732.1,732.45,1957.0
2026-05-13 12:25:00,732.1,732.55,731.9,732.0,1860.0
2026-05-13 12:30:00,731.8,732.0,731.15,731.25,4291.0
2026-05-13 12:35:00,731.0,732.35,730.0,731.8,6189.0
2026-05-13 12:40:00,731.5,732.55,730.95,732.45,10612.0
2026-05-13 12:45:00,732.4,733.25,732.4,733.1,2583.0
2026-05-13 12:50:00,733.0,734.25,732.45,733.6,4680.0
2026-05-13 12:55:00,733.6,734.65,733.55,734.25,2328.0
2026-05-13 13:00:00,734.25,734.7,732.55,733.75,18185.0
2026-05-13 13:05:00,733.8,733.8,732.15,732.9,843.0
2026-05-13 13:10:00,732.8,733.6,732.8,733.4,1631.0
2026-05-13 13:15:00,733.1,733.85,733.1,733.85,806.0
2026-05-13 13:20:00,733.85,734.5,733.45,734.35,3370.0
2026-05-13 13:25:00,734.3,735.0,734.0,735.0,3451.0
2026-05-13 13:30:00,735.0,735.0,734.4,734.9,1275.0
2026-05-13 13:35:00,734.9,735.3,734.7,735.05,21933.0
2026-05-13 13:40:00,735.65,735.65,734.25,734.65,2973.0
2026-05-13 13:45:00,734.4,735.0,734.35,734.85,2605.0
2026-05-13 13:50:00,734.45,734.45,733.05,733.05,2147.0
2026-05-13 13:55:00,733.05,733.8,732.0,733.45,5681.0
2026-05-13 14:00:00,733.45,733.45,732.6,732.6,1355.0
2026-05-13 14:05:00,732.85,734.0,732.8,733.65,2594.0
2026-05-13 14:10:00,733.95,735.0,733.65,734.65,2986.0
2026-05-13 14:15:00,734.3,734.85,733.8,733.8,4691.0
2026-05-13 14:20:00,733.8,733.85,733.15,733.25,2750.0
2026-05-13 14:25:00,733.6,733.6,732.5,732.8,3582.0
2026-05-13 14:30:00,732.6,733.4,732.6,733.35,1205.0
2026-05-13 14:35:00,733.35,733.8,733.1,733.8,3724.0
2026-05-13 14:40:00,733.8,734.5,733.65,733.95,2809.0
2026-05-13 14:45:00,734.0,734.15,733.3,733.65,3180.0
2026-05-13 14:50:00,733.6,733.6,733.1,733.4,2044.0
2026-05-13 14:55:00,733.15,733.4,731.6,732.45,4178.0
2026-05-13 15:00:00,732.45,732.45,729.0,730.7,8751.0
2026-05-13 15:05:00,730.75,731.05,730.25,730.8,6475.0
2026-05-13 15:10:00,730.4,731.95,730.35,731.85,10755.0
2026-05-13 15:15:00,731.85,732.0,726.95,728.35,35742.0
2026-05-13 15:20:00,727.95,731.0,724.35,729.5,105044.0
2026-05-13 15:25:00,729.5,730.9,725.95,727.4,25721.0
2026-05-14 09:15:00,737.0,742.9,730.05,739.2,18859.0
2026-05-14 09:20:00,740.45,742.0,739.25,741.0,19576.0
2026-05-14 09:25:00,741.15,744.8,741.15,742.95,11710.0
2026-05-14 09:30:00,742.95,743.0,741.2,741.55,5475.0
2026-05-14 09:35:00,741.8,741.8,737.25,737.85,4849.0
2026-05-14 09:40:00,737.9,737.9,735.0,735.95,8089.0
2026-05-14 09:45:00,735.8,738.95,735.75,737.8,6458.0
2026-05-14 09:50:00,737.7,738.8,734.8,736.15,5005.0
2026-05-14 09:55:00,736.15,736.15,733.9,735.85,5462.0
2026-05-14 10:00:00,734.4,737.9,734.15,735.85,9925.0
2026-05-14 10:05:00,736.15,736.85,734.7,735.55,2649.0
2026-05-14 10:10:00,735.55,735.95,734.25,735.95,1526.0
2026-05-14 10:15:00,735.5,735.55,734.6,734.65,5482.0
2026-05-14 10:20:00,734.5,734.65,733.15,734.6,8579.0
2026-05-14 10:25:00,734.6,736.7,734.1,736.4,3339.0
2026-05-14 10:30:00,736.4,737.2,735.8,736.3,1937.0
2026-05-14 10:35:00,735.85,736.95,735.25,735.25,2452.0
2026-05-14 10:40:00,735.5,735.5,733.05,733.65,2095.0
2026-05-14 10:45:00,733.65,733.65,732.15,732.6,1310.0
2026-05-14 10:50:00,732.25,736.4,732.25,735.2,12165.0
2026-05-14 10:55:00,735.2,735.35,732.9,733.8,3783.0
2026-05-14 11:00:00,733.8,733.95,733.2,733.5,1044.0
2026-05-14 11:05:00,733.5,733.5,732.3,732.7,1529.0
2026-05-14 11:10:00,732.3,735.0,732.2,734.65,5817.0
2026-05-14 11:15:00,734.65,736.7,734.55,735.85,21496.0
2026-05-14 11:20:00,735.6,738.35,735.6,738.0,5860.0
2026-05-14 11:25:00,737.6,738.0,735.6,737.3,3523.0
2026-05-14 11:30:00,737.35,737.35,735.3,736.0,1711.0
2026-05-14 11:35:00,736.0,736.5,735.55,736.5,1396.0
2026-05-14 11:40:00,736.45,736.95,735.75,736.4,2547.0
2026-05-14 11:45:00,736.9,738.45,736.6,736.95,4316.0
2026-05-14 11:50:00,737.4,738.6,737.25,737.7,2789.0
2026-05-14 11:55:00,737.55,738.7,737.55,738.7,1050.0
2026-05-14 12:00:00,738.65,739.0,736.5,738.45,2906.0
2026-05-14 12:05:00,738.65,739.1,736.6,738.1,14577.0
2026-05-14 12:10:00,738.15,739.15,737.4,737.95,1927.0
2026-05-14 12:15:00,737.95,739.2,737.95,738.75,2957.0
2026-05-14 12:20:00,738.8,739.2,737.3,737.8,1906.0
2026-05-14 12:25:00,738.25,739.55,738.0,739.55,9345.0
2026-05-14 12:30:00,739.5,739.5,738.6,739.25,7010.0
2026-05-14 12:35:00,739.25,740.0,738.75,740.0,3792.0
2026-05-14 12:40:00,740.0,741.0,740.0,740.95,1767.0
2026-05-14 12:45:00,740.9,740.95,739.15,739.65,5573.0
2026-05-14 12:50:00,739.65,739.65,738.7,738.85,1344.0
2026-05-14 12:55:00,739.25,739.25,738.5,738.85,1864.0
2026-05-14 13:00:00,738.95,739.25,738.55,739.25,2266.0
2026-05-14 13:05:00,739.25,739.25,738.85,739.25,1069.0
2026-05-14 13:10:00,739.25,739.25,738.3,739.0,2440.0
2026-05-14 13:15:00,739.0,739.2,738.65,739.0,873.0
2026-05-14 13:20:00,739.0,739.0,738.35,738.65,1496.0
2026-05-14 13:25:00,738.65,738.85,736.05,736.65,10673.0
2026-05-14 13:30:00,736.7,737.0,735.0,735.6,11204.0
2026-05-14 13:35:00,735.6,736.0,735.45,736.0,1372.0
2026-05-14 13:40:00,736.0,736.95,736.0,736.6,1581.0
2026-05-14 13:45:00,736.7,738.25,736.7,737.75,3008.0
2026-05-14 13:50:00,737.35,737.9,736.25,736.5,2311.0
2026-05-14 13:55:00,736.8,737.8,736.5,737.8,1593.0
2026-05-14 14:00:00,738.0,738.0,737.3,737.5,2333.0
2026-05-14 14:05:00,737.45,737.7,737.15,737.6,1067.0
2026-05-14 14:10:00,737.65,737.75,735.75,735.75,1676.0
2026-05-14 14:15:00,735.75,736.6,735.7,736.2,2916.0
2026-05-14 14:20:00,736.0,736.65,735.85,736.65,1488.0
2026-05-14 14:25:00,736.65,736.85,736.25,736.75,1580.0
2026-05-14 14:30:00,736.8,736.9,736.25,736.85,1788.0
2026-05-14 14:35:00,736.55,738.15,735.8,738.15,32228.0
2026-05-14 14:40:00,738.15,738.15,737.1,737.7,3105.0
2026-05-14 14:45:00,737.65,737.7,736.15,736.5,1949.0
2026-05-14 14:50:00,736.55,736.7,735.2,736.3,3192.0
2026-05-14 14:55:00,736.3,736.5,734.0,734.75,12175.0
2026-05-14 15:00:00,734.75,735.45,734.1,734.85,5135.0
2026-05-14 15:05:00,734.85,735.35,734.45,734.95,3460.0
2026-05-14 15:10:00,734.95,735.15,734.3,735.0,8429.0
2026-05-14 15:15:00,734.95,736.95,734.9,736.15,9940.0
2026-05-14 15:20:00,736.15,737.0,735.3,735.9,9183.0
2026-05-14 15:25:00,735.9,736.2,732.15,732.15,10628.0
2026-05-15 09:15:00,739.75,743.0,734.15,734.45,15655.0
2026-05-15 09:20:00,734.35,734.4,732.0,732.0,5769.0
2026-05-15 09:25:00,732.0,733.95,731.2,732.85,2916.0
2026-05-15 09:30:00,732.5,737.4,731.7,736.4,11373.0
2026-05-15 09:35:00,736.35,741.0,735.0,740.75,9292.0
2026-05-15 09:40:00,740.7,742.2,740.5,741.45,8326.0
2026-05-15 09:45:00,741.6,743.85,740.85,743.8,12349.0
2026-05-15 09:50:00,744.05,746.0,743.4,745.8,11426.0
2026-05-15 09:55:00,745.8,746.4,741.9,744.55,69972.0
2026-05-15 10:00:00,744.95,745.5,742.9,745.35,18599.0
2026-05-15 10:05:00,745.45,746.05,744.95,745.15,14329.0
2026-05-15 10:10:00,745.15,746.0,744.55,745.9,10469.0
2026-05-15 10:15:00,746.0,748.8,745.65,748.1,22969.0
2026-05-15 10:20:00,747.7,748.8,747.4,748.4,21980.0
2026-05-15 10:25:00,748.55,748.7,744.0,744.85,16596.0
2026-05-15 10:30:00,745.7,746.4,744.65,745.2,4343.0
2026-05-15 10:35:00,745.2,746.5,744.9,745.7,8531.0
2026-05-15 10:40:00,745.5,746.25,745.0,746.0,4867.0
2026-05-15 10:45:00,746.4,747.0,745.5,746.55,6925.0
2026-05-15 10:50:00,746.6,747.0,744.05,746.2,6934.0
2026-05-15 10:55:00,745.55,746.35,745.2,746.35,2580.0
2026-05-15 11:00:00,746.15,746.25,744.95,745.15,3823.0
2026-05-15 11:05:00,744.95,747.5,744.3,746.9,15343.0
2026-05-15 11:10:00,746.9,747.15,746.15,746.5,6028.0
2026-05-15 11:15:00,746.55,746.7,745.0,745.7,2763.0
2026-05-15 11:20:00,746.4,746.4,745.0,745.8,2912.0
2026-05-15 11:25:00,745.15,746.85,745.0,746.25,6692.0
2026-05-15 11:30:00,746.25,746.9,744.5,746.0,4232.0
2026-05-15 11:35:00,745.75,745.75,744.45,745.1,3385.0
2026-05-15 11:40:00,745.5,747.0,745.0,746.5,4753.0
2026-05-15 11:45:00,746.5,747.0,746.4,747.0,4548.0
2026-05-15 11:50:00,747.0,747.0,742.2,742.75,18177.0
2026-05-15 11:55:00,742.8,744.1,742.4,744.0,6049.0
2026-05-15 12:00:00,744.2,744.45,743.15,743.5,15425.0
2026-05-15 12:05:00,743.6,743.6,740.5,741.0,11072.0
2026-05-15 12:10:00,741.0,741.3,739.35,740.35,8640.0
2026-05-15 12:15:00,740.6,741.85,740.15,741.15,1692.0
2026-05-15 12:20:00,741.15,741.4,739.85,740.7,1246.0
2026-05-15 12:25:00,740.7,741.8,740.7,741.35,775.0
2026-05-15 12:30:00,741.3,742.4,741.3,742.4,1065.0
2026-05-15 12:35:00,741.6,742.5,741.6,742.45,1928.0
2026-05-15 12:40:00,742.9,743.8,742.45,743.55,4509.0
2026-05-15 12:45:00,743.55,743.95,742.65,743.0,1594.0
2026-05-15 12:50:00,743.0,743.4,742.8,743.35,1660.0
2026-05-15 12:55:00,743.35,743.8,743.05,743.2,1123.0
2026-05-15 13:00:00,743.6,744.0,743.5,744.0,1639.0
2026-05-15 13:05:00,743.6,744.1,743.0,744.0,14786.0
2026-05-15 13:10:00,744.0,744.0,742.8,742.85,8857.0
2026-05-15 13:15:00,742.85,744.0,742.7,743.5,1841.0
2026-05-15 13:20:00,743.5,743.9,741.0,741.55,4064.0
2026-05-15 13:25:00,741.55,742.6,741.45,742.15,1604.0
2026-05-15 13:30:00,741.7,742.8,741.7,742.8,884.0
2026-05-15 13:35:00,742.8,743.45,741.15,742.0,2755.0
2026-05-15 13:40:00,742.25,742.85,742.0,742.4,1651.0
2026-05-15 13:45:00,742.45,742.85,739.35,739.35,11168.0
2026-05-15 13:50:00,739.15,740.55,738.65,740.0,3392.0
2026-05-15 13:55:00,739.65,739.85,737.8,738.0,5283.0
2026-05-15 14:00:00,737.65,739.55,737.65,739.3,3851.0
2026-05-15 14:05:00,739.3,740.4,738.45,740.4,2893.0
2026-05-15 14:10:00,739.95,741.2,739.95,740.8,3572.0
2026-05-15 14:15:00,741.0,742.55,740.85,741.5,5486.0
2026-05-15 14:20:00,741.5,741.8,739.75,740.15,5028.0
2026-05-15 14:25:00,740.25,740.75,738.65,739.55,10930.0
2026-05-15 14:30:00,739.5,740.3,739.5,739.6,4321.0
2026-05-15 14:35:00,740.0,740.25,739.6,740.0,3821.0
2026-05-15 14:40:00,740.0,740.7,739.65,740.05,3629.0
2026-05-15 14:45:00,740.25,740.25,736.95,737.95,12976.0
2026-05-15 14:50:00,737.45,738.0,736.9,737.5,3843.0
2026-05-15 14:55:00,736.8,740.0,736.45,739.75,11473.0
2026-05-15 15:00:00,738.9,739.3,736.75,737.85,17636.0
2026-05-15 15:05:00,738.0,738.9,737.65,738.2,5078.0
2026-05-15 15:10:00,738.1,738.1,732.6,733.65,32139.0
2026-05-15 15:15:00,733.05,737.7,732.1,735.35,18945.0
2026-05-15 15:20:00,736.1,738.8,735.8,737.75,19955.0
2026-05-15 15:25:00,737.75,740.35,736.2,738.0,19341.0
2026-05-18 09:15:00,731.0,736.8,730.0,731.0,14197.0
2026-05-18 09:20:00,732.1,735.8,731.8,732.8,11608.0
2026-05-18 09:25:00,733.3,733.3,725.0,726.85,13732.0
2026-05-18 09:30:00,726.75,729.0,725.8,727.5,17734.0
2026-05-18 09:35:00,727.6,727.8,722.0,725.05,31223.0
2026-05-18 09:40:00,724.95,730.25,724.0,730.1,8809.0
2026-05-18 09:45:00,730.1,731.35,727.55,727.8,5072.0
2026-05-18 09:50:00,728.3,730.0,727.25,729.5,9167.0
2026-05-18 09:55:00,729.15,730.45,725.35,726.95,24732.0
2026-05-18 10:00:00,726.95,727.15,725.2,726.85,5321.0
2026-05-18 10:05:00,726.85,729.1,726.2,726.9,4660.0
2026-05-18 10:10:00,726.9,727.55,725.0,726.0,3224.0
2026-05-18 10:15:00,726.0,727.2,724.8,726.8,2672.0
2026-05-18 10:20:00,726.8,726.8,723.2,723.65,6444.0
2026-05-18 10:25:00,723.7,724.45,722.6,723.1,1814.0
2026-05-18 10:30:00,722.15,724.6,721.15,724.45,5695.0
2026-05-18 10:35:00,724.6,725.9,723.85,724.95,2504.0
2026-05-18 10:40:00,724.85,725.75,723.65,725.4,2273.0
2026-05-18 10:45:00,725.4,727.0,724.65,724.65,12188.0
2026-05-18 10:50:00,724.7,726.5,724.1,726.5,6115.0
2026-05-18 10:55:00,726.5,728.05,724.0,726.0,9449.0
2026-05-18 11:00:00,725.8,727.7,725.7,727.7,3613.0
2026-05-18 11:05:00,727.4,729.05,726.95,729.0,4009.0
2026-05-18 11:10:00,729.05,730.55,728.35,729.75,7122.0
2026-05-18 11:15:00,729.55,730.35,729.1,729.9,1985.0
2026-05-18 11:20:00,729.75,730.0,728.5,729.85,1686.0
2026-05-18 11:25:00,729.75,729.8,728.55,728.55,805.0
2026-05-18 11:30:00,728.55,730.7,728.55,730.05,1677.0
2026-05-18 11:35:00,730.2,730.45,728.4,730.4,3055.0
2026-05-18 11:40:00,730.05,730.05,726.6,728.0,13759.0
2026-05-18 11:45:00,728.1,728.3,726.3,727.3,2011.0
2026-05-18 11:50:00,727.15,728.05,726.25,727.45,1827.0
2026-05-18 11:55:00,727.45,727.85,725.65,725.95,1988.0
2026-05-18 12:00:00,725.95,727.5,725.65,726.65,4742.0
2026-05-18 12:05:00,726.5,728.85,726.5,728.6,1499.0
2026-05-18 12:10:00,728.4,728.8,727.4,727.95,990.0
2026-05-18 12:15:00,728.0,728.0,726.5,727.3,1857.0
2026-05-18 12:20:00,726.5,728.6,726.5,728.5,1814.0
2026-05-18 12:25:00,728.4,728.75,727.35,728.05,1378.0
2026-05-18 12:30:00,728.05,728.05,726.6,727.25,1835.0
2026-05-18 12:35:00,727.45,727.9,727.05,727.55,1700.0
2026-05-18 12:40:00,727.55,727.55,725.8,726.3,831.0
2026-05-18 12:45:00,726.3,726.3,725.0,725.7,3385.0
2026-05-18 12:50:00,725.55,726.25,725.4,725.9,1124.0
2026-05-18 12:55:00,726.15,727.0,725.5,726.7,1025.0
2026-05-18 13:00:00,726.8,727.0,726.35,726.5,1103.0
2026-05-18 13:05:00,726.6,727.3,725.55,726.8,3929.0
2026-05-18 13:10:00,726.8,728.1,725.9,726.25,8851.0
2026-05-18 13:15:00,726.25,726.5,725.85,726.15,1703.0
2026-05-18 13:20:00,726.1,727.5,725.35,727.5,4686.0
2026-05-18 13:25:00,727.45,728.4,726.35,727.9,1800.0
2026-05-18 13:30:00,727.95,728.15,727.5,728.0,1163.0
2026-05-18 13:35:00,727.75,728.05,726.95,727.3,1040.0
2026-05-18 13:40:00,727.05,727.95,726.25,726.85,2233.0
2026-05-18 13:45:00,727.05,727.6,726.25,727.6,899.0
2026-05-18 13:50:00,727.4,727.8,726.95,727.8,961.0
2026-05-18 13:55:00,727.65,728.65,727.5,728.1,2249.0
2026-05-18 14:00:00,728.1,728.25,726.75,727.65,1447.0
2026-05-18 14:05:00,727.65,727.65,726.65,727.35,1716.0
2026-05-18 14:10:00,727.35,727.5,725.3,726.5,4960.0
2026-05-18 14:15:00,726.6,726.6,725.1,725.65,1631.0
2026-05-18 14:20:00,725.8,725.9,724.6,724.85,1631.0
2026-05-18 14:25:00,725.1,726.45,725.1,726.15,1439.0
2026-05-18 14:30:00,726.15,726.15,724.95,725.9,1572.0
2026-05-18 14:35:00,725.85,726.0,725.1,725.1,936.0
2026-05-18 14:40:00,725.1,725.3,724.2,725.0,2632.0
2026-05-18 14:45:00,725.0,725.05,723.05,723.8,10466.0
2026-05-18 14:50:00,724.1,724.8,723.3,724.75,2988.0
2026-05-18 14:55:00,724.75,730.35,723.65,728.75,20312.0
2026-05-18 15:00:00,728.75,729.65,727.25,728.85,13242.0
2026-05-18 15:05:00,728.0,730.0,728.0,728.95,4478.0
2026-05-18 15:10:00,728.6,735.2,728.05,735.2,16876.0
2026-05-18 15:15:00,734.35,735.05,732.0,732.6,10974.0
2026-05-18 15:20:00,732.1,733.0,731.2,731.95,8521.0
2026-05-18 15:25:00,732.05,736.0,730.5,736.0,39487.0
2026-05-19 09:15:00,737.0,741.55,734.5,738.5,20475.0
2026-05-19 09:20:00,738.5,739.45,737.15,738.0,11753.0
2026-05-19 09:25:00,737.5,740.0,737.5,739.15,7793.0
2026-05-19 09:30:00,739.1,744.85,738.35,738.75,47047.0
2026-05-19 09:35:00,738.75,741.5,737.2,741.5,11803.0
2026-05-19 09:40:00,741.8,742.55,737.65,739.85,10727.0
2026-05-19 09:45:00,739.6,742.0,739.6,741.85,3397.0
2026-05-19 09:50:00,741.85,742.0,739.2,739.6,8129.0
2026-05-19 09:55:00,739.7,744.65,739.05,744.65,14391.0
2026-05-19 10:00:00,744.55,746.0,743.65,744.45,18155.0
2026-05-19 10:05:00,744.0,745.25,744.0,744.75,2794.0
2026-05-19 10:10:00,745.0,746.3,741.3,742.1,47621.0
2026-05-19 10:15:00,742.3,744.2,742.25,743.7,14329.0
2026-05-19 10:20:00,743.9,746.9,743.05,744.3,23535.0
2026-05-19 10:25:00,744.0,744.7,743.6,743.9,7433.0
2026-05-19 10:30:00,743.95,744.5,743.65,743.9,4232.0
2026-05-19 10:35:00,744.0,750.95,743.9,750.0,32885.0
2026-05-19 10:40:00,750.25,750.25,748.1,748.65,10579.0
2026-05-19 10:45:00,748.3,751.5,748.3,749.05,9323.0
2026-05-19 10:50:00,749.6,750.0,748.65,749.0,5206.0
2026-05-19 10:55:00,749.0,749.75,745.9,746.55,15544.0
2026-05-19 11:00:00,747.05,748.8,746.9,747.9,10575.0
2026-05-19 11:05:00,747.65,747.9,746.3,746.9,6848.0
2026-05-19 11:10:00,746.95,752.5,746.65,749.9,38325.0
2026-05-19 11:15:00,749.9,750.55,748.45,749.35,13668.0
2026-05-19 11:20:00,749.45,749.7,748.3,749.2,5207.0
2026-05-19 11:25:00,749.25,749.85,747.85,749.1,5388.0
2026-05-19 11:30:00,749.15,749.25,748.1,748.85,3097.0
2026-05-19 11:35:00,748.9,749.85,748.45,749.85,3269.0
2026-05-19 11:40:00,749.85,750.0,748.7,749.1,5460.0
2026-05-19 11:45:00,749.5,749.8,748.55,749.55,4460.0
2026-05-19 11:50:00,749.55,750.0,749.05,749.5,3405.0
2026-05-19 11:55:00,749.4,749.65,748.3,748.85,2951.0
2026-05-19 12:00:00,748.85,749.65,747.05,747.5,5967.0
2026-05-19 12:05:00,748.0,748.3,747.5,747.95,2154.0
2026-05-19 12:10:00,747.95,748.0,747.75,747.9,1758.0
2026-05-19 12:15:00,747.9,747.9,747.8,747.9,2564.0
2026-05-19 12:20:00,747.9,747.9,747.8,747.9,2530.0
2026-05-19 12:25:00,747.9,748.0,747.45,747.5,3570.0
2026-05-19 12:30:00,747.5,750.7,746.8,750.1,13816.0
2026-05-19 12:35:00,750.7,750.8,749.65,749.65,3909.0
2026-05-19 12:40:00,750.0,750.95,750.0,750.95,2439.0
2026-05-19 12:45:00,750.95,751.8,750.55,751.5,6432.0
2026-05-19 12:50:00,751.35,752.0,750.8,751.4,3810.0
2026-05-19 12:55:00,751.3,752.0,749.2,750.0,14162.0
2026-05-19 13:00:00,750.0,750.45,749.15,750.0,3057.0
2026-05-19 13:05:00,750.0,750.0,749.3,750.0,4282.0
2026-05-19 13:10:00,750.0,750.05,749.45,749.85,3057.0
2026-05-19 13:15:00,749.5,750.0,749.5,750.0,1923.0
2026-05-19 13:20:00,750.0,750.0,747.5,747.8,7333.0
2026-05-19 13:25:00,747.8,749.1,747.7,748.0,32552.0
2026-05-19 13:30:00,748.0,748.0,747.4,747.4,3602.0
2026-05-19 13:35:00,747.4,747.4,746.0,746.75,6471.0
2026-05-19 13:40:00,746.9,747.65,746.35,747.5,3832.0
2026-05-19 13:45:00,747.5,749.6,747.4,748.0,14128.0
2026-05-19 13:50:00,748.0,748.3,747.8,748.0,3629.0
2026-05-19 13:55:00,748.0,748.0,747.15,748.0,3400.0
2026-05-19 14:00:00,748.0,755.75,747.9,755.75,79730.0
2026-05-19 14:05:00,755.0,756.0,753.3,755.2,23798.0
2026-05-19 14:10:00,755.2,757.0,755.2,756.95,16657.0
2026-05-19 14:15:00,756.35,757.0,755.5,756.25,12626.0
2026-05-19 14:20:00,756.0,761.6,755.2,760.95,48221.0
2026-05-19 14:25:00,760.9,764.55,760.35,762.45,73419.0
2026-05-19 14:30:00,762.0,763.45,762.0,762.85,22723.0
2026-05-19 14:35:00,762.65,766.0,762.55,765.05,74751.0
2026-05-19 14:40:00,765.25,765.25,761.35,763.85,26589.0
2026-05-19 14:45:00,763.9,765.4,763.1,765.0,28360.0
2026-05-19 14:50:00,765.0,767.8,764.7,767.3,53468.0
2026-05-19 14:55:00,767.4,770.45,763.8,764.5,115700.0
2026-05-19 15:00:00,764.1,772.85,763.5,770.25,115011.0
2026-05-19 15:05:00,771.0,773.2,762.15,768.0,167733.0
2026-05-19 15:10:00,767.95,768.2,764.15,766.05,91256.0
2026-05-19 15:15:00,766.05,769.15,764.0,765.0,92348.0
2026-05-19 15:20:00,764.9,769.65,764.65,765.8,85188.0
2026-05-19 15:25:00,765.45,768.8,765.0,767.0,49629.0
2026-05-20 09:15:00,763.95,766.0,760.3,762.1,44171.0
2026-05-20 09:20:00,761.3,763.25,758.0,762.65,18929.0
2026-05-20 09:25:00,763.45,766.0,762.65,765.0,12150.0
2026-05-20 09:30:00,764.5,768.0,763.0,763.75,22272.0
2026-05-20 09:35:00,763.7,764.15,761.5,763.95,9909.0
2026-05-20 09:40:00,764.6,764.7,762.55,762.8,8175.0
2026-05-20 09:45:00,763.4,771.8,762.7,771.0,23741.0
2026-05-20 09:50:00,770.9,770.95,765.9,765.9,21869.0
2026-05-20 09:55:00,765.45,766.4,763.8,765.95,6934.0
2026-05-20 10:00:00,765.7,765.85,763.9,764.8,5754.0
2026-05-20 10:05:00,764.8,765.0,763.25,764.05,3932.0
2026-05-20 10:10:00,764.75,765.0,764.15,765.0,1915.0
2026-05-20 10:15:00,764.9,765.85,764.9,765.65,4806.0
2026-05-20 10:20:00,765.1,765.8,764.05,764.6,4940.0
2026-05-20 10:25:00,764.6,764.95,763.7,764.2,4227.0
2026-05-20 10:30:00,764.2,765.0,764.2,764.95,2030.0
2026-05-20 10:35:00,764.3,765.4,762.6,764.4,8629.0
2026-05-20 10:40:00,763.5,764.2,762.7,763.7,2953.0
2026-05-20 10:45:00,763.15,763.75,762.6,763.05,2473.0
2026-05-20 10:50:00,762.6,764.65,762.5,764.45,4694.0
2026-05-20 10:55:00,763.85,764.45,763.1,763.95,2299.0
2026-05-20 11:00:00,763.55,764.5,762.95,764.2,5535.0
2026-05-20 11:05:00,764.15,764.6,763.35,764.5,4197.0
2026-05-20 11:10:00,764.5,765.0,763.15,763.6,5409.0
2026-05-20 11:15:00,763.15,764.65,762.65,763.6,6731.0
2026-05-20 11:20:00,763.2,765.05,762.9,764.35,6139.0
2026-05-20 11:25:00,763.9,765.3,762.35,764.0,13059.0
2026-05-20 11:30:00,763.55,766.75,763.1,766.75,7036.0
2026-05-20 11:35:00,766.75,768.0,762.95,763.5,38809.0
2026-05-20 11:40:00,763.25,763.9,762.25,763.3,4167.0
2026-05-20 11:45:00,763.35,764.45,763.0,764.1,3359.0
2026-05-20 11:50:00,764.25,764.7,763.25,764.5,4585.0
2026-05-20 11:55:00,764.0,764.55,763.05,763.25,5404.0
2026-05-20 12:00:00,763.95,764.75,763.95,764.5,6255.0
2026-05-20 12:05:00,764.5,764.5,763.7,764.45,2929.0
2026-05-20 12:10:00,764.15,764.45,763.5,764.3,3168.0
2026-05-20 12:15:00,764.4,764.5,764.0,764.3,2670.0
2026-05-20 12:20:00,764.3,764.5,763.85,764.45,4931.0
2026-05-20 12:25:00,764.45,764.5,763.95,764.5,2102.0
2026-05-20 12:30:00,764.05,764.5,764.05,764.4,3399.0
2026-05-20 12:35:00,764.4,764.5,763.65,764.45,4019.0
2026-05-20 12:40:00,764.45,765.0,763.0,765.0,24681.0
2026-05-20 12:45:00,765.0,765.0,764.3,764.7,2712.0
2026-05-20 12:50:00,764.7,764.8,764.25,764.75,2046.0
2026-05-20 12:55:00,764.75,765.0,764.2,764.95,2130.0
2026-05-20 13:00:00,764.95,765.0,764.1,765.0,2353.0
2026-05-20 13:05:00,764.45,765.0,764.1,764.85,2245.0
2026-05-20 13:10:00,764.85,765.0,764.05,764.9,5071.0
2026-05-20 13:15:00,764.9,765.0,764.1,764.95,2540.0
2026-05-20 13:20:00,764.95,765.0,764.0,765.0,4872.0
2026-05-20 13:25:00,765.0,765.0,764.0,764.2,2567.0
2026-05-20 13:30:00,764.35,765.0,759.5,760.0,19925.0
2026-05-20 13:35:00,760.0,760.1,758.35,758.85,5227.0
2026-05-20 13:40:00,758.5,759.05,757.05,757.85,4208.0
2026-05-20 13:45:00,757.85,757.9,756.55,757.35,4370.0
2026-05-20 13:50:00,757.4,758.75,757.4,758.5,2733.0
2026-05-20 13:55:00,758.5,759.25,758.45,759.25,2282.0
2026-05-20 14:00:00,759.25,760.0,758.1,758.1,1933.0
2026-05-20 14:05:00,758.7,764.0,758.3,762.05,24553.0
2026-05-20 14:10:00,762.05,762.05,760.5,760.6,2857.0
2026-05-20 14:15:00,761.0,761.0,760.0,760.0,3835.0
2026-05-20 14:20:00,760.15,761.65,760.15,761.6,1170.0
2026-05-20 14:25:00,761.2,761.6,760.6,761.55,2282.0
2026-05-20 14:30:00,761.55,761.6,760.8,761.4,1026.0
2026-05-20 14:35:00,760.8,761.4,760.35,761.0,917.0
2026-05-20 14:40:00,761.05,761.3,760.35,761.2,1356.0
2026-05-20 14:45:00,760.7,761.6,760.3,761.25,2413.0
2026-05-20 14:50:00,761.2,762.05,760.05,761.65,9967.0
2026-05-20 14:55:00,761.65,761.9,760.4,761.75,4216.0
2026-05-20 15:00:00,760.8,761.4,759.2,759.7,18189.0
2026-05-20 15:05:00,759.7,760.0,758.8,758.95,21271.0
2026-05-20 15:10:00,759.0,760.0,759.0,759.5,6876.0
2026-05-20 15:15:00,759.5,760.0,759.0,759.0,13083.0
2026-05-20 15:20:00,759.7,760.0,756.1,757.6,29539.0
2026-05-20 15:25:00,758.3,758.3,754.5,756.95,19226.0
2026-05-21 09:15:00,763.9,765.5,758.0,761.1,28191.0
2026-05-21 09:20:00,761.0,761.0,757.0,758.35,12207.0
2026-05-21 09:25:00,758.35,760.75,757.0,757.6,17653.0
2026-05-21 09:30:00,758.0,761.8,757.55,761.0,14521.0
2026-05-21 09:35:00,761.5,764.45,761.5,764.45,8169.0
2026-05-21 09:40:00,764.35,764.45,762.3,762.4,3648.0
2026-05-21 09:45:00,762.9,763.9,762.6,763.7,4122.0
2026-05-21 09:50:00,763.9,766.5,763.0,764.05,15183.0
2026-05-21 09:55:00,764.45,764.7,762.1,762.8,4512.0
2026-05-21 10:00:00,762.75,763.0,760.55,760.95,3684.0
2026-05-21 10:05:00,761.6,762.15,760.5,760.5,2980.0
2026-05-21 10:10:00,760.7,761.5,758.55,760.15,14169.0
2026-05-21 10:15:00,760.1,760.8,759.0,759.75,4959.0
2026-05-21 10:20:00,759.95,760.2,759.0,759.25,15481.0
2026-05-21 10:25:00,759.25,761.6,758.15,761.4,18666.0
2026-05-21 10:30:00,761.25,761.25,760.05,761.05,8509.0
2026-05-21 10:35:00,761.25,763.15,761.25,763.15,7458.0
2026-05-21 10:40:00,763.05,764.4,761.95,763.2,4240.0
2026-05-21 10:45:00,763.85,765.0,762.65,762.75,17093.0
2026-05-21 10:50:00,763.7,763.95,762.65,763.75,7353.0
2026-05-21 10:55:00,763.9,764.3,762.3,763.9,3957.0
2026-05-21 11:00:00,763.8,764.45,763.15,763.85,6530.0
2026-05-21 11:05:00,763.8,765.0,763.25,765.0,3882.0
2026-05-21 11:10:00,764.45,765.0,763.5,764.5,4459.0
2026-05-21 11:15:00,764.0,764.8,762.75,763.4,3952.0
2026-05-21 11:20:00,764.05,764.8,763.5,764.75,1797.0
2026-05-21 11:25:00,764.75,764.85,764.0,764.35,2431.0
2026-05-21 11:30:00,764.35,765.5,763.9,765.5,11718.0
2026-05-21 11:35:00,765.5,766.0,765.2,765.8,3142.0
2026-05-21 11:40:00,765.95,766.0,764.95,765.85,5132.0
2026-05-21 11:45:00,765.85,766.0,765.35,766.0,2043.0
2026-05-21 11:50:00,765.95,766.0,765.15,765.15,2601.0
2026-05-21 11:55:00,765.6,765.6,764.0,765.3,2093.0
2026-05-21 12:00:00,765.3,766.0,764.85,765.35,2054.0
2026-05-21 12:05:00,765.85,766.85,765.25,766.75,5124.0
2026-05-21 12:10:00,766.7,766.95,766.0,766.95,3212.0
2026-05-21 12:15:00,766.6,767.15,766.15,767.0,4610.0
2026-05-21 12:20:00,767.4,769.3,767.05,768.95,14882.0
2026-05-21 12:25:00,768.85,769.15,766.2,768.5,7371.0
2026-05-21 12:30:00,767.75,768.5,767.25,768.3,3735.0
2026-05-21 12:35:00,768.3,768.35,766.6,767.4,3409.0
2026-05-21 12:40:00,767.4,768.05,766.4,768.0,3142.0
2026-05-21 12:45:00,767.8,768.8,767.5,767.5,3967.0
2026-05-21 12:50:00,768.35,769.0,767.6,767.8,2637.0
2026-05-21 12:55:00,767.95,769.0,765.1,766.05,11460.0
2026-05-21 13:00:00,766.1,767.5,765.45,767.45,14859.0
2026-05-21 13:05:00,767.45,768.5,766.85,768.2,2757.0
2026-05-21 13:10:00,768.25,769.0,768.0,768.85,3836.0
2026-05-21 13:15:00,768.6,768.6,766.5,767.55,3107.0
2026-05-21 13:20:00,767.15,767.7,766.15,767.5,2297.0
2026-05-21 13:25:00,767.1,767.65,766.5,766.85,2510.0
2026-05-21 13:30:00,767.6,769.0,766.85,769.0,4284.0
2026-05-21 13:35:00,769.0,769.15,767.75,768.0,3223.0
2026-05-21 13:40:00,768.0,768.0,767.45,768.0,1957.0
2026-05-21 13:45:00,767.9,768.0,767.2,767.75,5850.0
2026-05-21 13:50:00,767.75,768.2,767.3,768.2,4128.0
2026-05-21 13:55:00,768.2,768.2,767.1,768.15,2359.0
2026-05-21 14:00:00,768.15,768.15,767.05,767.85,2073.0
2026-05-21 14:05:00,767.95,768.2,767.0,768.2,2273.0
2026-05-21 14:10:00,768.2,768.2,767.0,767.3,4644.0
2026-05-21 14:15:00,767.75,768.0,766.95,767.25,1816.0
2026-05-21 14:20:00,767.5,768.2,767.15,768.2,2095.0
2026-05-21 14:25:00,768.0,768.2,767.45,767.55,3528.0
2026-05-21 14:30:00,767.55,767.85,767.2,767.55,1830.0
2026-05-21 14:35:00,767.55,768.0,766.3,767.85,2843.0
2026-05-21 14:40:00,767.85,767.9,766.45,766.85,4863.0
2026-05-21 14:45:00,766.85,767.0,765.8,766.0,4227.0
2026-05-21 14:50:00,765.95,765.95,764.85,764.85,6123.0
2026-05-21 14:55:00,764.85,765.35,764.15,765.0,2236.0
2026-05-21 15:00:00,764.7,765.0,763.65,764.6,11589.0
2026-05-21 15:05:00,764.6,764.95,760.25,763.95,12825.0
2026-05-21 15:10:00,763.5,764.95,763.5,764.85,7707.0
2026-05-21 15:15:00,764.9,765.95,763.45,765.5,22461.0
2026-05-21 15:20:00,765.2,765.25,764.6,765.15,8187.0
2026-05-21 15:25:00,765.15,765.95,764.05,765.2,13883.0
2026-05-22 09:15:00,766.8,767.5,758.55,763.45,29240.0
2026-05-22 09:20:00,763.25,769.2,760.25,768.3,38284.0
2026-05-22 09:25:00,769.2,770.0,765.45,765.65,43545.0
2026-05-22 09:30:00,765.55,769.9,765.5,769.5,13852.0
2026-05-22 09:35:00,769.85,769.85,765.15,765.7,5626.0
2026-05-22 09:40:00,765.65,766.8,764.0,765.5,8194.0
2026-05-22 09:45:00,765.5,771.5,764.65,765.4,66280.0
2026-05-22 09:50:00,765.9,769.7,765.05,769.6,45460.0
2026-05-22 09:55:00,769.2,770.2,767.0,767.65,52267.0
2026-05-22 10:00:00,767.25,767.8,764.4,764.5,7584.0
2026-05-22 10:05:00,764.5,765.4,763.7,765.25,5111.0
2026-05-22 10:10:00,764.8,766.0,764.4,765.55,4545.0
2026-05-22 10:15:00,766.0,766.0,763.75,763.75,3409.0
2026-05-22 10:20:00,763.75,766.0,763.75,765.2,1738.0
2026-05-22 10:25:00,765.2,765.9,764.7,765.65,1163.0
2026-05-22 10:30:00,765.35,765.7,764.1,765.3,2668.0
2026-05-22 10:35:00,765.3,765.5,763.8,764.65,4067.0
2026-05-22 10:40:00,764.5,765.75,764.5,765.15,431.0
2026-05-22 10:45:00,765.2,765.75,764.75,765.65,1747.0
2026-05-22 10:50:00,765.05,767.35,764.7,765.3,4440.0
2026-05-22 10:55:00,765.3,766.05,764.7,764.75,9594.0
2026-05-22 11:00:00,764.75,765.0,761.65,762.55,8604.0
2026-05-22 11:05:00,762.5,762.55,760.2,760.95,4625.0
2026-05-22 11:10:00,760.3,761.25,759.65,760.8,2773.0
2026-05-22 11:15:00,760.7,761.5,760.7,761.0,1559.0
2026-05-22 11:20:00,761.0,761.5,760.7,761.5,1236.0
2026-05-22 11:25:00,761.3,761.5,760.0,760.65,2523.0
2026-05-22 11:30:00,760.35,761.5,760.1,760.75,2376.0
2026-05-22 11:35:00,760.7,761.6,760.15,760.75,5721.0
2026-05-22 11:40:00,761.35,762.0,760.75,761.85,4457.0
2026-05-22 11:45:00,761.85,762.95,761.4,762.75,3698.0
2026-05-22 11:50:00,762.15,762.5,761.6,762.0,1291.0
2026-05-22 11:55:00,762.0,762.35,761.05,761.7,1286.0
2026-05-22 12:00:00,761.15,761.9,761.0,761.25,2077.0
2026-05-22 12:05:00,761.8,761.9,761.0,761.85,1465.0
2026-05-22 12:10:00,761.3,761.6,756.5,757.3,17461.0
2026-05-22 12:15:00,757.05,758.05,755.2,756.1,9424.0
2026-05-22 12:20:00,756.1,756.95,755.25,756.85,6653.0
2026-05-22 12:25:00,756.2,756.55,755.5,756.05,3481.0
2026-05-22 12:30:00,755.5,756.35,755.2,755.8,6950.0
2026-05-22 12:35:00,755.8,756.45,755.2,755.5,4355.0
2026-05-22 12:40:00,755.5,756.4,755.0,755.6,4973.0
2026-05-22 12:45:00,755.1,755.75,752.5,752.6,12499.0
2026-05-22 12:50:00,752.65,753.4,752.0,752.75,15470.0
2026-05-22 12:55:00,752.75,753.15,752.0,752.1,4591.0
2026-05-22 13:00:00,752.0,753.0,751.5,752.7,7467.0
2026-05-22 13:05:00,752.35,753.75,751.5,753.35,11350.0
2026-05-22 13:10:00,753.35,753.95,752.65,753.15,6739.0
2026-05-22 13:15:00,753.1,753.3,751.6,751.9,3773.0
2026-05-22 13:20:00,751.7,752.6,751.05,751.2,6980.0
2026-05-22 13:25:00,751.2,752.15,751.0,751.9,6591.0
2026-05-22 13:30:00,751.65,753.0,751.5,753.0,4081.0
2026-05-22 13:35:00,752.55,753.35,752.15,752.35,3814.0
2026-05-22 13:40:00,752.55,753.0,751.0,751.0,4746.0
2026-05-22 13:45:00,751.0,751.4,750.15,750.5,4031.0
2026-05-22 13:50:00,750.5,750.9,750.0,750.5,6129.0
2026-05-22 13:55:00,750.5,756.45,750.1,756.45,9817.0
2026-05-22 14:00:00,757.0,757.0,754.55,754.55,5826.0
2026-05-22 14:05:00,754.0,756.0,753.3,753.8,13070.0
2026-05-22 14:10:00,754.55,755.2,753.75,754.8,495.0
2026-05-22 14:15:00,755.05,755.05,754.3,754.7,693.0
2026-05-22 14:20:00,754.3,755.55,754.3,755.55,3108.0
2026-05-22 14:25:00,755.75,755.75,753.4,753.4,5473.0
2026-05-22 14:30:00,753.15,754.0,752.0,752.45,7701.0
2026-05-22 14:35:00,752.2,753.9,752.05,753.6,4203.0
2026-05-22 14:40:00,753.6,753.9,752.3,753.05,4223.0
2026-05-22 14:45:00,752.65,754.0,752.65,753.85,3525.0
2026-05-22 14:50:00,753.9,753.9,752.5,753.4,2016.0
2026-05-22 14:55:00,753.5,753.5,752.6,752.65,2098.0
2026-05-22 15:00:00,752.7,752.75,751.55,751.55,5514.0
2026-05-22 15:05:00,751.7,753.05,751.55,753.05,3385.0
2026-05-22 15:10:00,753.05,753.5,751.7,752.1,8891.0
2026-05-22 15:15:00,752.55,753.25,751.35,753.05,15941.0
2026-05-22 15:20:00,753.25,753.4,750.9,752.05,17303.0
2026-05-22 15:25:00,752.35,752.35,750.0,752.0,8885.0
2026-05-25 09:15:00,753.25,761.3,753.05,759.05,45032.0
2026-05-25 09:20:00,759.05,761.7,757.25,758.35,7787.0
2026-05-25 09:25:00,758.2,759.9,757.65,758.15,10127.0
2026-05-25 09:30:00,757.6,760.0,755.0,759.75,22702.0
2026-05-25 09:35:00,759.5,759.75,755.45,756.65,26890.0
2026-05-25 09:40:00,756.6,757.9,755.6,756.45,7197.0
2026-05-25 09:45:00,756.35,758.1,756.3,758.1,2330.0
2026-05-25 09:50:00,758.3,760.85,757.7,759.9,19970.0
2026-05-25 09:55:00,759.4,761.7,759.0,761.55,6046.0
2026-05-25 10:00:00,761.7,762.5,760.55,761.1,14753.0
2026-05-25 10:05:00,760.85,761.35,759.3,759.75,7001.0
2026-05-25 10:10:00,759.75,761.0,759.5,760.0,6292.0
2026-05-25 10:15:00,760.5,760.9,759.3,760.25,7597.0
2026-05-25 10:20:00,760.3,760.45,759.5,759.5,4126.0
2026-05-25 10:25:00,759.55,760.45,759.0,759.9,8334.0
2026-05-25 10:30:00,760.05,760.4,759.1,759.7,4625.0
2026-05-25 10:35:00,760.3,760.45,759.25,760.35,3747.0
2026-05-25 10:40:00,759.8,760.65,759.5,760.4,1969.0
2026-05-25 10:45:00,760.4,760.65,759.65,759.65,3747.0
2026-05-25 10:50:00,759.55,760.45,759.35,760.2,1535.0
2026-05-25 10:55:00,760.4,760.4,759.75,760.25,773.0
2026-05-25 11:00:00,760.3,760.35,759.75,759.75,1619.0
2026-05-25 11:05:00,759.6,759.95,759.2,759.95,780.0
2026-05-25 11:10:00,759.95,761.0,759.5,761.0,6004.0
2026-05-25 11:15:00,761.0,761.4,760.0,760.9,7966.0
2026-05-25 11:20:00,760.95,761.05,760.0,760.45,2833.0
2026-05-25 11:25:00,760.85,761.25,759.55,760.9,2402.0
2026-05-25 11:30:00,760.85,762.9,760.85,762.85,6870.0
2026-05-25 11:35:00,762.85,763.3,762.05,762.75,21007.0
2026-05-25 11:40:00,762.75,763.15,762.15,762.15,3201.0
2026-05-25 11:45:00,762.45,762.45,761.7,762.3,1202.0
2026-05-25 11:50:00,762.45,762.45,761.9,762.45,928.0
2026-05-25 11:55:00,762.45,762.5,761.55,762.25,2635.0
2026-05-25 12:00:00,762.0,762.4,761.05,762.1,2957.0
2026-05-25 12:05:00,761.9,762.55,761.45,762.45,520.0
2026-05-25 12:10:00,762.45,762.45,760.8,761.0,1428.0
2026-05-25 12:15:00,761.0,761.6,759.0,759.25,5893.0
2026-05-25 12:20:00,759.55,760.55,759.3,759.3,2373.0
2026-05-25 12:25:00,760.05,760.8,758.0,758.05,11272.0
2026-05-25 12:30:00,758.7,760.65,758.05,759.7,2767.0
2026-05-25 12:35:00,759.85,760.45,759.5,759.65,1526.0
2026-05-25 12:40:00,759.7,760.0,759.3,760.0,957.0
2026-05-25 12:45:00,760.0,760.0,758.8,759.15,10792.0
2026-05-25 12:50:00,759.15,760.65,758.8,760.5,4216.0
2026-05-25 12:55:00,760.5,760.8,759.95,760.0,875.0
2026-05-25 13:00:00,760.0,760.6,759.85,760.25,613.0
2026-05-25 13:05:00,760.25,760.35,759.7,760.35,701.0
2026-05-25 13:10:00,760.35,760.35,759.0,759.0,2133.0
2026-05-25 13:15:00,759.1,760.0,758.5,759.0,5555.0
2026-05-25 13:20:00,759.55,759.9,758.9,759.6,1380.0
2026-05-25 13:25:00,759.55,759.8,759.45,759.8,626.0
2026-05-25 13:30:00,759.8,759.8,758.7,758.75,3093.0
2026-05-25 13:35:00,758.75,759.15,758.05,758.85,1183.0
2026-05-25 13:40:00,758.85,758.9,758.15,758.45,429.0
2026-05-25 13:45:00,758.75,759.15,758.15,758.85,883.0
2026-05-25 13:50:00,758.85,758.85,756.65,758.0,3097.0
2026-05-25 13:55:00,758.0,758.65,757.5,758.45,972.0
2026-05-25 14:00:00,758.4,758.8,757.85,758.35,972.0
2026-05-25 14:05:00,758.35,758.6,756.75,758.15,2109.0
2026-05-25 14:10:00,758.0,758.5,757.5,758.5,1247.0
2026-05-25 14:15:00,758.3,759.4,757.95,758.75,3619.0
2026-05-25 14:20:00,758.9,758.95,756.55,757.05,4398.0
2026-05-25 14:25:00,757.05,758.7,757.05,758.4,2154.0
2026-05-25 14:30:00,758.45,758.7,757.55,758.65,2795.0
2026-05-25 14:35:00,758.15,758.65,756.95,756.95,4417.0
2026-05-25 14:40:00,757.0,759.5,756.25,759.5,6615.0
2026-05-25 14:45:00,759.5,760.2,758.6,759.4,5691.0
2026-05-25 14:50:00,758.85,759.6,758.5,759.1,1351.0
2026-05-25 14:55:00,759.05,759.45,758.25,759.35,2462.0
2026-05-25 15:00:00,759.35,759.35,757.8,758.85,4631.0
2026-05-25 15:05:00,758.5,759.05,757.55,758.8,3264.0
2026-05-25 15:10:00,758.75,759.05,758.45,759.0,3869.0
2026-05-25 15:15:00,759.0,759.75,758.2,759.7,6655.0
2026-05-25 15:20:00,759.7,759.7,758.15,758.6,5514.0
2026-05-25 15:25:00,758.6,760.4,756.0,760.4,16890.0
2026-05-26 09:15:00,758.5,766.5,758.4,765.3,15771.0
2026-05-26 09:20:00,765.3,767.8,764.3,767.0,13928.0
2026-05-26 09:25:00,767.8,769.0,767.05,767.8,12083.0
2026-05-26 09:30:00,767.0,767.65,765.05,766.65,5619.0
2026-05-26 09:35:00,765.85,766.65,764.45,766.0,3281.0
2026-05-26 09:40:00,766.0,769.0,764.75,766.0,39986.0
2026-05-26 09:45:00,765.9,768.2,765.9,767.75,10934.0
2026-05-26 09:50:00,767.75,768.75,763.6,764.75,31211.0
2026-05-26 09:55:00,764.85,778.75,763.0,773.9,83758.0
2026-05-26 10:00:00,773.95,774.0,768.95,771.45,42722.0
2026-05-26 10:05:00,771.45,772.0,768.5,771.65,12254.0
2026-05-26 10:10:00,771.65,772.1,770.75,772.0,8724.0
2026-05-26 10:15:00,772.0,772.0,771.1,772.0,25632.0
2026-05-26 10:20:00,772.0,772.0,771.45,772.0,6398.0
2026-05-26 10:25:00,772.0,772.0,766.4,766.5,8132.0
2026-05-26 10:30:00,765.9,766.55,765.0,766.35,13537.0
2026-05-26 10:35:00,765.8,766.25,763.8,766.2,23777.0
2026-05-26 10:40:00,766.2,768.0,765.65,766.3,7012.0
2026-05-26 10:45:00,765.9,767.6,762.1,762.5,22011.0
2026-05-26 10:50:00,763.75,766.1,763.4,763.4,34449.0
2026-05-26 10:55:00,764.0,765.0,763.25,765.0,27301.0
2026-05-26 11:00:00,764.95,765.0,763.95,764.0,5141.0
2026-05-26 11:05:00,764.0,766.55,763.55,764.25,23501.0
2026-05-26 11:10:00,764.2,764.85,763.6,764.5,1585.0
2026-05-26 11:15:00,764.4,765.0,764.15,764.95,2089.0
2026-05-26 11:20:00,764.5,764.55,762.5,763.8,6586.0
2026-05-26 11:25:00,763.3,764.65,763.05,763.3,2168.0
2026-05-26 11:30:00,763.65,763.8,763.0,763.2,2486.0
2026-05-26 11:35:00,763.2,763.85,762.3,762.8,2805.0
2026-05-26 11:40:00,762.8,764.9,762.8,764.9,8502.0
2026-05-26 11:45:00,764.85,764.9,764.45,764.5,1477.0
2026-05-26 11:50:00,764.5,765.0,764.15,764.35,3109.0
2026-05-26 11:55:00,764.35,765.0,764.35,764.95,1829.0
2026-05-26 12:00:00,764.95,765.0,764.0,764.0,1029.0
2026-05-26 12:05:00,764.2,764.95,764.1,764.8,641.0
2026-05-26 12:10:00,764.8,764.8,763.2,763.85,1916.0
2026-05-26 12:15:00,763.8,764.0,763.0,763.0,2682.0
2026-05-26 12:20:00,764.0,764.0,763.05,763.85,687.0
2026-05-26 12:25:00,763.85,763.85,762.2,762.2,5039.0
2026-05-26 12:30:00,762.3,763.7,762.3,763.35,2348.0
2026-05-26 12:35:00,763.35,763.65,762.95,763.0,992.0
2026-05-26 12:40:00,762.95,763.45,762.4,762.85,1353.0
2026-05-26 12:45:00,762.8,762.8,761.2,761.65,7367.0
2026-05-26 12:50:00,762.0,762.4,761.2,762.4,2890.0
2026-05-26 12:55:00,762.4,762.6,762.0,762.3,928.0
2026-05-26 13:00:00,762.25,762.3,760.0,761.0,6312.0
2026-05-26 13:05:00,761.35,761.45,760.8,761.2,755.0
2026-05-26 13:10:00,761.4,761.5,757.55,759.05,29500.0
2026-05-26 13:15:00,758.15,760.0,757.0,759.85,4563.0
2026-05-26 13:20:00,760.0,760.0,759.15,760.0,2521.0
2026-05-26 13:25:00,760.0,760.0,757.95,759.1,4950.0
2026-05-26 13:30:00,758.55,758.55,756.1,756.95,9412.0
2026-05-26 13:35:00,757.0,757.0,756.2,756.5,2846.0
2026-05-26 13:40:00,756.45,760.9,756.45,760.9,4943.0
2026-05-26 13:45:00,759.95,760.5,759.2,759.7,5186.0
2026-05-26 13:50:00,759.7,759.7,758.25,758.75,1483.0
2026-05-26 13:55:00,758.75,759.75,758.25,759.15,1594.0
2026-05-26 14:00:00,759.2,759.2,756.4,757.0,4415.0
2026-05-26 14:05:00,756.6,757.7,756.2,756.95,4950.0
2026-05-26 14:10:00,756.9,757.65,756.3,757.65,3649.0
2026-05-26 14:15:00,757.7,757.7,756.95,756.95,1794.0
2026-05-26 14:20:00,757.15,758.25,756.75,757.85,1694.0
2026-05-26 14:25:00,757.8,758.3,757.4,757.55,1513.0
2026-05-26 14:30:00,758.1,758.6,756.85,757.3,3185.0
2026-05-26 14:35:00,757.55,758.2,756.95,757.4,3138.0
2026-05-26 14:40:00,757.5,757.9,756.75,756.8,1552.0
2026-05-26 14:45:00,756.8,757.65,756.5,756.65,3134.0
2026-05-26 14:50:00,756.2,756.75,755.5,756.25,5290.0
2026-05-26 14:55:00,756.6,757.85,755.5,756.8,4653.0
2026-05-26 15:00:00,757.3,757.4,754.0,754.0,13656.0
2026-05-26 15:05:00,754.4,756.75,752.55,756.6,15905.0
2026-05-26 15:10:00,756.7,757.8,756.25,757.3,9437.0
2026-05-26 15:15:00,757.7,757.85,756.55,757.25,11530.0
2026-05-26 15:20:00,757.25,758.3,756.8,757.7,12251.0
2026-05-26 15:25:00,757.7,760.0,755.6,757.0,21572.0
2026-05-27 09:15:00,760.0,766.35,754.85,765.8,4220513.0
2026-05-27 09:20:00,766.3,771.9,764.65,768.05,517295.0
2026-05-27 09:25:00,768.0,770.7,766.35,770.4,569408.0
2026-05-27 09:30:00,770.15,784.0,770.15,781.45,503873.0
2026-05-27 09:35:00,781.65,788.8,780.0,784.6,262251.0
2026-05-27 09:40:00,784.1,786.6,781.6,784.45,184770.0
2026-05-27 09:45:00,784.45,794.95,784.0,792.5,281242.0
2026-05-27 09:50:00,793.05,800.0,793.05,799.4,417683.0
2026-05-27 09:55:00,799.8,800.0,795.0,795.55,266638.0
2026-05-27 10:00:00,795.55,797.65,787.75,796.8,312424.0
2026-05-27 10:05:00,796.95,798.0,794.15,797.25,106685.0
2026-05-27 10:10:00,797.4,798.15,791.4,793.5,200999.0
2026-05-27 10:15:00,793.9,794.6,780.4,784.4,303475.0
2026-05-27 10:20:00,784.75,791.8,784.0,785.0,143877.0
2026-05-27 10:25:00,784.55,786.3,780.7,784.0,150561.0
2026-05-27 10:30:00,784.0,784.9,782.05,783.55,29103.0
2026-05-27 10:35:00,783.25,786.95,780.1,785.6,98185.0
2026-05-27 10:40:00,785.4,788.9,781.0,782.3,81923.0
2026-05-27 10:45:00,781.55,783.65,780.75,782.35,28422.0
2026-05-27 10:50:00,782.5,782.8,781.0,782.05,23280.0
2026-05-27 10:55:00,781.65,781.65,778.15,778.5,45985.0
2026-05-27 11:00:00,780.95,780.95,779.1,779.9,48592.0
2026-05-27 11:05:00,779.9,784.6,779.65,784.05,174230.0
2026-05-27 11:10:00,784.05,793.9,781.05,793.1,660581.0
2026-05-27 11:15:00,793.45,795.0,790.0,790.45,119541.0
2026-05-27 11:20:00,790.15,791.7,788.0,791.7,89460.0
2026-05-27 11:25:00,791.95,793.5,791.65,792.1,58853.0
2026-05-27 11:30:00,792.1,792.55,790.15,790.85,21184.0
2026-05-27 11:35:00,790.9,793.35,790.4,792.75,63672.0
2026-05-27 11:40:00,792.7,793.1,790.6,791.75,30536.0
2026-05-27 11:45:00,791.8,792.65,791.0,792.0,13276.0
2026-05-27 11:50:00,791.55,792.0,789.9,791.8,60528.0
2026-05-27 11:55:00,791.7,792.0,788.55,790.4,49457.0
2026-05-27 12:00:00,790.35,790.7,787.15,787.8,28200.0
2026-05-27 12:05:00,787.75,789.45,786.7,786.95,22355.0
2026-05-27 12:10:00,787.0,787.75,785.95,787.35,12490.0
2026-05-27 12:15:00,787.4,789.0,787.0,788.85,17304.0
2026-05-27 12:20:00,789.3,789.3,787.1,787.4,8651.0
2026-05-27 12:25:00,787.5,788.9,787.0,788.4,25287.0
2026-05-27 12:30:00,788.4,791.95,788.3,790.75,31637.0
2026-05-27 12:35:00,791.1,791.85,790.0,791.25,20734.0
2026-05-27 12:40:00,791.05,791.6,789.85,790.3,14245.0
2026-05-27 12:45:00,790.35,791.45,790.35,791.3,11541.0
2026-05-27 12:50:00,790.75,791.4,790.3,790.65,4165.0
2026-05-27 12:55:00,790.65,793.5,790.3,791.3,44059.0
2026-05-27 13:00:00,791.45,791.75,788.0,788.45,42330.0
2026-05-27 13:05:00,788.5,790.8,788.4,789.05,25006.0
2026-05-27 13:10:00,789.6,791.15,789.05,790.1,10919.0
2026-05-27 13:15:00,790.5,790.6,789.35,790.25,8603.0
2026-05-27 13:20:00,790.15,790.6,789.5,790.0,10159.0
2026-05-27 13:25:00,790.05,790.85,787.65,788.2,13533.0
2026-05-27 13:30:00,788.1,788.7,785.25,786.6,37879.0
2026-05-27 13:35:00,786.6,786.6,785.3,785.75,11039.0
2026-05-27 13:40:00,785.75,786.95,785.5,786.55,8789.0
2026-05-27 13:45:00,786.95,787.0,785.7,786.8,10076.0
2026-05-27 13:50:00,786.9,787.0,785.15,786.5,11727.0
2026-05-27 13:55:00,786.55,787.0,785.35,786.4,7901.0
2026-05-27 14:00:00,786.9,787.0,785.65,785.95,10640.0
2026-05-27 14:05:00,785.7,786.0,784.5,784.55,22382.0
2026-05-27 14:10:00,785.05,787.25,784.5,787.0,13697.0
2026-05-27 14:15:00,786.8,787.25,785.45,787.25,14218.0
2026-05-27 14:20:00,787.25,787.25,783.5,783.9,33267.0
2026-05-27 14:25:00,784.5,784.75,783.5,784.3,11306.0
2026-05-27 14:30:00,784.3,784.95,783.5,783.8,12110.0
2026-05-27 14:35:00,784.2,784.8,782.5,783.2,27086.0
2026-05-27 14:40:00,782.7,783.05,782.0,782.6,24356.0
2026-05-27 14:45:00,782.95,783.0,781.5,782.0,15090.0
2026-05-27 14:50:00,781.55,783.4,781.55,782.0,11085.0
2026-05-27 14:55:00,781.8,782.8,781.7,781.75,17066.0
2026-05-27 15:00:00,782.0,783.9,781.75,783.0,62506.0
2026-05-27 15:05:00,782.95,785.45,780.4,785.2,48383.0
2026-05-27 15:10:00,785.2,785.2,781.05,781.25,47032.0
2026-05-27 15:15:00,781.5,781.85,778.0,780.55,79129.0
2026-05-27 15:20:00,780.55,784.7,780.55,782.7,639185.0
2026-05-27 15:25:00,782.9,793.65,780.65,787.0,309906.0
2026-05-29 09:15:00,795.0,804.3,791.0,795.65,219509.0
2026-05-29 09:20:00,795.65,799.2,794.5,796.95,118087.0
2026-05-29 09:25:00,797.0,800.0,795.0,798.9,34086.0
2026-05-29 09:30:00,798.85,798.85,795.05,795.4,14894.0
2026-05-29 09:35:00,795.45,796.9,795.1,796.6,8321.0
2026-05-29 09:40:00,796.6,796.9,790.0,790.9,22061.0
2026-05-29 09:45:00,790.95,793.65,790.05,793.6,6642.0
2026-05-29 09:50:00,793.75,793.85,790.95,791.0,7179.0
2026-05-29 09:55:00,790.95,790.95,788.7,790.75,11934.0
2026-05-29 10:00:00,790.8,793.95,790.0,792.15,13489.0
2026-05-29 10:05:00,792.35,793.75,792.0,793.5,8087.0
2026-05-29 10:10:00,793.4,793.4,792.05,793.15,3917.0
2026-05-29 10:15:00,793.15,793.95,792.55,793.6,3156.0
2026-05-29 10:20:00,793.6,794.4,790.25,790.7,7550.0
2026-05-29 10:25:00,790.8,791.55,789.85,790.0,3357.0
2026-05-29 10:30:00,790.0,790.5,789.0,790.45,13036.0
2026-05-29 10:35:00,790.05,790.3,789.2,789.45,2931.0
2026-05-29 10:40:00,789.5,790.75,789.2,790.7,4583.0
2026-05-29 10:45:00,790.7,790.7,788.1,788.5,10403.0
2026-05-29 10:50:00,788.9,789.6,788.45,788.9,1625.0
2026-05-29 10:55:00,789.0,789.9,789.0,789.35,1631.0
2026-05-29 11:00:00,789.5,789.5,788.25,789.0,2367.0
2026-05-29 11:05:00,789.0,789.55,788.4,789.15,1949.0
2026-05-29 11:10:00,789.15,789.15,786.5,787.85,10404.0
2026-05-29 11:15:00,787.75,788.75,787.0,788.75,5154.0
2026-05-29 11:20:00,789.2,789.2,788.1,788.5,2463.0
2026-05-29 11:25:00,788.6,788.9,788.0,788.25,1697.0
2026-05-29 11:30:00,788.8,788.9,788.2,788.25,1349.0
2026-05-29 11:35:00,788.75,788.75,787.05,787.85,2143.0
2026-05-29 11:40:00,787.9,788.75,786.9,788.65,4283.0
2026-05-29 11:45:00,788.7,790.0,788.7,789.85,2526.0
2026-05-29 11:50:00,789.85,790.05,788.0,788.0,4220.0
2026-05-29 11:55:00,788.0,788.75,787.65,788.05,4904.0
2026-05-29 12:00:00,787.85,788.85,787.6,788.4,871.0
2026-05-29 12:05:00,788.35,788.9,788.3,788.55,2103.0
2026-05-29 12:10:00,788.5,788.55,786.6,787.1,2432.0
2026-05-29 12:15:00,786.5,787.15,785.25,786.7,4914.0
2026-05-29 12:20:00,786.8,787.75,786.35,787.45,2977.0
2026-05-29 12:25:00,787.45,787.95,786.55,787.3,3211.0
2026-05-29 12:30:00,787.0,789.85,786.55,788.7,13335.0
2026-05-29 12:35:00,788.75,790.05,788.0,790.05,8286.0
2026-05-29 12:40:00,790.05,792.0,789.8,792.0,10513.0
2026-05-29 12:45:00,792.0,792.85,792.0,792.1,3922.0
2026-05-29 12:50:00,792.0,792.0,790.85,791.4,1325.0
2026-05-29 12:55:00,791.0,791.0,790.1,790.35,1659.0
2026-05-29 13:00:00,790.4,790.4,789.35,790.0,1956.0
2026-05-29 13:05:00,789.75,789.95,788.2,788.65,1926.0
2026-05-29 13:10:00,788.55,788.95,787.5,788.75,10164.0
2026-05-29 13:15:00,788.75,789.4,788.25,789.15,1302.0
2026-05-29 13:20:00,789.35,789.35,787.75,787.75,1697.0
2026-05-29 13:25:00,788.5,788.65,788.0,788.0,1193.0
2026-05-29 13:30:00,788.45,789.0,788.05,788.95,2881.0
2026-05-29 13:35:00,788.85,790.15,788.3,789.9,6304.0
2026-05-29 13:40:00,790.05,790.55,788.75,789.2,3596.0
2026-05-29 13:45:00,788.75,789.4,785.7,785.7,14563.0
2026-05-29 13:50:00,786.0,787.1,784.55,785.5,30093.0
2026-05-29 13:55:00,785.5,786.75,785.4,786.75,2591.0
2026-05-29 14:00:00,786.5,786.5,785.2,786.25,1329.0
2026-05-29 14:05:00,786.2,786.8,785.1,786.65,2262.0
2026-05-29 14:10:00,786.75,787.4,786.15,787.35,2989.0
2026-05-29 14:15:00,787.35,787.95,786.0,786.0,7674.0
2026-05-29 14:20:00,785.95,787.75,785.05,787.6,2372.0
2026-05-29 14:25:00,787.55,787.55,787.0,787.55,2076.0
2026-05-29 14:30:00,787.6,788.65,786.05,786.05,7500.0
2026-05-29 14:35:00,786.55,786.95,785.1,786.15,2736.0
2026-05-29 14:40:00,785.9,786.45,785.45,786.2,1993.0
2026-05-29 14:45:00,786.3,787.05,786.2,787.05,3626.0
2026-05-29 14:50:00,787.1,787.55,786.5,786.9,1914.0
2026-05-29 14:55:00,786.5,786.95,785.65,786.1,6043.0
2026-05-29 15:00:00,785.7,785.7,768.55,773.35,124845.0
2026-05-29 15:05:00,773.0,776.15,771.35,775.35,74128.0
2026-05-29 15:10:00,775.0,776.8,773.05,773.45,61887.0
2026-05-29 15:15:00,773.45,773.7,772.0,772.0,41654.0
2026-05-29 15:20:00,772.0,772.75,770.2,771.1,59528.0
2026-05-29 15:25:00,771.0,778.0,770.0,778.0,56274.0
2026-06-01 09:15:00,780.0,788.95,776.75,783.8,32905.0
2026-06-01 09:20:00,784.05,784.05,776.7,783.0,38510.0
2026-06-01 09:25:00,783.3,783.5,778.5,779.45,20374.0
2026-06-01 09:30:00,778.75,780.9,774.7,775.15,32131.0
2026-06-01 09:35:00,774.8,774.8,770.6,774.6,19400.0
2026-06-01 09:40:00,775.75,779.4,775.0,778.6,13064.0
2026-06-01 09:45:00,778.6,780.7,778.0,778.75,10172.0
2026-06-01 09:50:00,778.6,780.0,776.2,779.2,7538.0
2026-06-01 09:55:00,779.75,781.2,778.3,781.1,7285.0
2026-06-01 10:00:00,781.0,781.85,779.05,780.0,6636.0
2026-06-01 10:05:00,778.85,781.5,778.85,780.25,10324.0
2026-06-01 10:10:00,780.4,782.7,779.65,782.2,6044.0
2026-06-01 10:15:00,782.2,783.85,781.3,783.3,7044.0
2026-06-01 10:20:00,782.95,784.9,782.95,784.2,6095.0
2026-06-01 10:25:00,784.55,785.6,783.25,784.85,3576.0
2026-06-01 10:30:00,785.0,788.55,784.65,787.15,13330.0
2026-06-01 10:35:00,787.7,789.8,786.15,789.5,36923.0
2026-06-01 10:40:00,789.5,790.95,789.15,790.7,25784.0
2026-06-01 10:45:00,790.7,792.0,788.8,789.5,13202.0
2026-06-01 10:50:00,789.6,791.6,788.7,790.65,6758.0
2026-06-01 10:55:00,790.65,791.5,789.0,789.55,5917.0
2026-06-01 11:00:00,789.75,790.85,789.15,790.45,7927.0
2026-06-01 11:05:00,790.8,791.65,789.95,790.75,11846.0
2026-06-01 11:10:00,790.75,792.0,790.5,791.4,8272.0
2026-06-01 11:15:00,791.05,793.0,790.9,792.15,20958.0
2026-06-01 11:20:00,791.75,792.3,789.25,789.7,5548.0
2026-06-01 11:25:00,789.0,789.75,786.2,787.55,19950.0
2026-06-01 11:30:00,787.55,787.95,785.5,787.85,5971.0
2026-06-01 11:35:00,788.0,790.2,788.0,790.1,6293.0
2026-06-01 11:40:00,790.1,790.1,785.9,787.95,5781.0
2026-06-01 11:45:00,787.75,788.4,787.15,788.4,2199.0
2026-06-01 11:50:00,787.85,788.65,787.65,788.3,1561.0
2026-06-01 11:55:00,787.8,787.8,785.5,785.85,3892.0
2026-06-01 12:00:00,786.55,788.2,786.0,787.45,1203.0
2026-06-01 12:05:00,786.9,788.8,786.8,788.0,3954.0
2026-06-01 12:10:00,788.0,789.65,787.5,788.5,2541.0
2026-06-01 12:15:00,788.0,788.0,785.45,785.5,6891.0
2026-06-01 12:20:00,785.0,786.0,784.5,785.0,5518.0
2026-06-01 12:25:00,785.0,786.3,784.1,784.45,7312.0
2026-06-01 12:30:00,784.6,789.15,784.35,788.7,7055.0
2026-06-01 12:35:00,788.15,789.0,786.8,787.4,5292.0
2026-06-01 12:40:00,787.4,787.5,786.95,787.5,2707.0
2026-06-01 12:45:00,787.5,789.3,786.95,788.75,11444.0
2026-06-01 12:50:00,788.8,789.0,787.9,788.95,4681.0
2026-06-01 12:55:00,788.9,789.25,788.0,788.0,3778.0
2026-06-01 13:00:00,788.45,788.55,786.9,787.0,1936.0
2026-06-01 13:05:00,787.1,787.75,786.7,786.7,2226.0
2026-06-01 13:10:00,787.1,787.25,785.4,786.85,5034.0
2026-06-01 13:15:00,786.85,787.7,786.1,787.2,3135.0
2026-06-01 13:20:00,787.4,787.5,786.55,786.85,2776.0
2026-06-01 13:25:00,786.5,787.3,782.75,784.2,22767.0
2026-06-01 13:30:00,783.9,784.0,781.6,782.4,13541.0
2026-06-01 13:35:00,782.95,784.05,782.55,784.05,1768.0
2026-06-01 13:40:00,784.05,784.35,782.35,782.35,1754.0
2026-06-01 13:45:00,782.8,783.4,782.3,783.25,1165.0
2026-06-01 13:50:00,782.85,784.0,782.85,783.7,5664.0
2026-06-01 13:55:00,783.9,784.0,783.05,783.5,3784.0
2026-06-01 14:00:00,783.6,783.6,781.5,781.5,6581.0
2026-06-01 14:05:00,781.2,782.0,781.0,782.0,4860.0
2026-06-01 14:10:00,782.0,782.85,781.5,781.85,2634.0
2026-06-01 14:15:00,781.5,783.4,781.2,782.75,2301.0
2026-06-01 14:20:00,783.25,783.6,778.65,778.9,17512.0
2026-06-01 14:25:00,778.85,779.8,778.0,778.15,9574.0
2026-06-01 14:30:00,778.45,779.7,778.05,778.6,4135.0
2026-06-01 14:35:00,778.6,780.0,778.55,780.0,5608.0
2026-06-01 14:40:00,780.0,781.0,779.75,780.0,4979.0
2026-06-01 14:45:00,779.9,780.95,779.0,779.8,7115.0
2026-06-01 14:50:00,779.45,779.75,777.6,778.8,6947.0
2026-06-01 14:55:00,778.95,779.55,778.25,778.95,2922.0
2026-06-01 15:00:00,779.05,780.95,776.7,780.95,20563.0
2026-06-01 15:05:00,780.95,780.95,779.5,779.75,15028.0
2026-06-01 15:10:00,780.1,780.7,779.45,780.1,13754.0
2026-06-01 15:15:00,779.95,780.85,779.3,779.75,21122.0
2026-06-01 15:20:00,779.3,779.95,777.95,778.65,21228.0
2026-06-01 15:25:00,778.25,781.0,776.1,777.1,27217.0
2026-06-02 09:15:00,779.5,780.6,772.0,778.75,12562.0
2026-06-02 09:20:00,778.75,782.85,778.3,780.9,6210.0
2026-06-02 09:25:00,780.9,782.45,780.0,780.75,17829.0
2026-06-02 09:30:00,780.8,784.3,780.55,784.15,10542.0
2026-06-02 09:35:00,783.5,786.75,782.5,786.1,10127.0
2026-06-02 09:40:00,786.35,786.8,784.25,785.15,3990.0
2026-06-02 09:45:00,785.15,786.5,784.7,786.5,3975.0
2026-06-02 09:50:00,786.0,786.8,785.2,786.25,3659.0
2026-06-02 09:55:00,786.75,787.0,785.4,786.05,3695.0
2026-06-02 10:00:00,786.5,787.25,785.45,785.45,4583.0
2026-06-02 10:05:00,785.85,786.05,784.1,784.65,3575.0
2026-06-02 10:10:00,784.55,785.0,783.65,784.5,2692.0
2026-06-02 10:15:00,784.5,784.5,780.2,781.85,7865.0
2026-06-02 10:20:00,782.6,783.8,780.5,782.25,4449.0
2026-06-02 10:25:00,781.8,782.5,778.15,778.9,10242.0
2026-06-02 10:30:00,779.0,779.8,778.9,779.6,1996.0
2026-06-02 10:35:00,779.7,780.15,778.5,778.95,2344.0
2026-06-02 10:40:00,778.6,779.3,778.1,778.9,3433.0
2026-06-02 10:45:00,778.85,779.4,778.25,778.25,2367.0
2026-06-02 10:50:00,778.25,779.3,776.95,779.3,4273.0
2026-06-02 10:55:00,778.4,778.6,776.45,776.75,4622.0
2026-06-02 11:00:00,776.65,777.65,773.0,773.0,9681.0
2026-06-02 11:05:00,773.15,774.1,772.3,773.3,5131.0
2026-06-02 11:10:00,772.95,775.0,772.65,774.45,3198.0
2026-06-02 11:15:00,774.45,774.75,773.2,774.6,2108.0
2026-06-02 11:20:00,774.5,775.0,774.45,774.7,136.0
2026-06-02 11:25:00,774.7,775.0,774.2,774.85,2442.0
2026-06-02 11:30:00,774.4,775.0,774.25,774.5,1425.0
2026-06-02 11:35:00,773.95,774.3,771.55,772.3,7227.0
2026-06-02 11:40:00,772.3,773.7,772.0,772.0,3276.0
2026-06-02 11:45:00,772.4,773.05,771.7,773.05,1844.0
2026-06-02 11:50:00,772.95,773.2,772.5,772.5,847.0
2026-06-02 11:55:00,772.2,773.15,771.95,771.95,2209.0
2026-06-02 12:00:00,772.4,772.4,771.0,771.2,3950.0
2026-06-02 12:05:00,771.3,771.95,770.95,771.05,1513.0
2026-06-02 12:10:00,771.6,771.95,771.15,771.5,2270.0
2026-06-02 12:15:00,771.95,771.95,771.15,771.15,1523.0
2026-06-02 12:20:00,771.7,771.85,771.0,771.2,2277.0
2026-06-02 12:25:00,771.2,772.2,768.75,769.55,6214.0
2026-06-02 12:30:00,769.0,770.6,768.9,770.35,3579.0
2026-06-02 12:35:00,770.6,771.05,770.15,770.25,1474.0
2026-06-02 12:40:00,770.75,772.0,770.3,771.55,7265.0
2026-06-02 12:45:00,772.2,773.1,771.7,772.0,4022.0
2026-06-02 12:50:00,772.0,772.5,771.5,771.95,2658.0
2026-06-02 12:55:00,772.45,773.7,772.0,772.75,1651.0
2026-06-02 13:00:00,772.8,773.45,772.15,773.0,4077.0
2026-06-02 13:05:00,773.0,773.8,772.95,773.2,1408.0
2026-06-02 13:10:00,773.35,773.65,772.45,773.15,2980.0
2026-06-02 13:15:00,773.4,773.4,772.35,772.65,2136.0
2026-06-02 13:20:00,773.4,778.8,773.25,778.4,18107.0
2026-06-02 13:25:00,778.4,780.9,778.4,779.1,5716.0
2026-06-02 13:30:00,779.85,782.0,779.45,781.5,4628.0
2026-06-02 13:35:00,781.8,782.8,781.25,781.25,2443.0
2026-06-02 13:40:00,781.75,781.95,779.5,781.55,8492.0
2026-06-02 13:45:00,781.25,782.0,779.3,779.8,9140.0
2026-06-02 13:50:00,780.05,780.6,779.25,779.6,3842.0
2026-06-02 13:55:00,779.6,781.0,779.3,780.7,1841.0
2026-06-02 14:00:00,780.7,780.7,776.5,776.5,17083.0
2026-06-02 14:05:00,777.55,779.55,777.55,779.45,1720.0
2026-06-02 14:10:00,779.45,779.6,778.45,778.65,1782.0
2026-06-02 14:15:00,779.7,779.7,776.9,779.3,10455.0
2026-06-02 14:20:00,778.95,780.7,778.6,778.9,3441.0
2026-06-02 14:25:00,779.25,779.3,778.1,778.95,6143.0
2026-06-02 14:30:00,778.7,779.55,778.5,779.3,2363.0
2026-06-02 14:35:00,779.25,779.25,777.55,777.8,2629.0
2026-06-02 14:40:00,777.4,777.5,775.5,776.25,4261.0
2026-06-02 14:45:00,776.25,777.95,776.25,777.0,3584.0
2026-06-02 14:50:00,777.3,777.35,774.65,775.8,23835.0
2026-06-02 14:55:00,775.95,777.0,775.85,776.6,2965.0
2026-06-02 15:00:00,776.0,777.0,775.1,775.9,9604.0
2026-06-02 15:05:00,776.2,776.7,775.25,776.0,8696.0
2026-06-02 15:10:00,776.0,779.25,775.95,778.1,9843.0
2026-06-02 15:15:00,777.6,779.4,776.1,779.0,18003.0
2026-06-02 15:20:00,778.55,778.7,777.75,777.95,12097.0
2026-06-02 15:25:00,778.25,781.0,775.3,781.0,19010.0
2026-06-03 09:15:00,782.0,789.0,780.45,786.25,40401.0
2026-06-03 09:20:00,785.7,791.15,785.7,788.3,37687.0
2026-06-03 09:25:00,788.5,788.5,782.3,784.25,11685.0
2026-06-03 09:30:00,784.25,788.0,783.0,784.25,11865.0
2026-06-03 09:35:00,784.25,787.9,784.25,787.9,9519.0
2026-06-03 09:40:00,788.0,792.0,787.45,791.7,41148.0
2026-06-03 09:45:00,791.3,793.0,790.2,791.5,35682.0
2026-06-03 09:50:00,791.5,792.0,788.35,788.8,35640.0
2026-06-03 09:55:00,788.35,789.35,786.35,787.7,7976.0
2026-06-03 10:00:00,787.15,789.4,786.1,789.4,6234.0
2026-06-03 10:05:00,788.6,790.0,787.7,788.55,2742.0
2026-06-03 10:10:00,787.9,788.0,786.5,786.9,5027.0
2026-06-03 10:15:00,786.9,788.3,785.75,788.3,4639.0
2026-06-03 10:20:00,788.3,789.0,787.25,788.5,4143.0
2026-06-03 10:25:00,788.1,788.5,784.1,784.7,8811.0
2026-06-03 10:30:00,784.6,786.5,781.15,785.85,77103.0
2026-06-03 10:35:00,786.0,786.6,785.05,786.6,6851.0
2026-06-03 10:40:00,785.95,787.95,785.8,787.25,3881.0
2026-06-03 10:45:00,787.25,791.0,787.05,788.45,19155.0
2026-06-03 10:50:00,788.35,788.35,786.9,787.55,1066.0
2026-06-03 10:55:00,787.6,788.0,786.1,787.05,3164.0
2026-06-03 11:00:00,787.3,787.7,786.9,787.7,577.0
2026-06-03 11:05:00,787.05,787.05,785.65,786.35,1905.0
2026-06-03 11:10:00,786.5,786.5,785.85,785.95,1578.0
2026-06-03 11:15:00,785.95,786.8,785.95,786.6,2109.0
2026-06-03 11:20:00,786.6,787.5,786.05,787.4,869.0
2026-06-03 11:25:00,786.95,787.05,786.4,786.5,797.0
2026-06-03 11:30:00,787.0,789.2,787.0,788.3,3508.0
2026-06-03 11:35:00,788.15,790.0,788.05,789.2,7712.0
2026-06-03 11:40:00,789.85,793.7,789.0,793.0,23101.0
2026-06-03 11:45:00,792.5,792.5,788.4,790.8,21222.0
2026-06-03 11:50:00,790.35,792.95,789.65,790.35,20973.0
2026-06-03 11:55:00,789.05,789.9,788.3,789.55,6718.0
2026-06-03 12:00:00,789.15,789.85,788.0,788.2,6111.0
2026-06-03 12:05:00,788.2,789.25,787.25,787.8,4197.0
2026-06-03 12:10:00,787.85,788.7,787.4,787.5,1214.0
2026-06-03 12:15:00,787.55,787.9,787.05,787.85,1632.0
2026-06-03 12:20:00,787.5,789.0,787.35,788.2,615.0
2026-06-03 12:25:00,788.35,788.5,787.2,787.55,1206.0
2026-06-03 12:30:00,787.55,788.7,787.55,788.7,3208.0
2026-06-03 12:35:00,788.9,789.0,787.05,787.1,4287.0
2026-06-03 12:40:00,787.15,793.45,787.0,792.0,11615.0
2026-06-03 12:45:00,792.0,792.15,790.0,790.0,5877.0
2026-06-03 12:50:00,790.0,791.0,789.0,789.0,7484.0
2026-06-03 12:55:00,789.0,790.5,788.0,790.15,11346.0
2026-06-03 13:00:00,790.4,790.95,789.55,790.25,1517.0
2026-06-03 13:05:00,790.0,790.6,788.4,788.4,4488.0
2026-06-03 13:10:00,789.3,789.3,788.05,789.0,1821.0
2026-06-03 13:15:00,789.3,789.85,788.0,789.0,3132.0
2026-06-03 13:20:00,788.8,789.85,788.2,788.3,3639.0
2026-06-03 13:25:00,789.15,789.65,788.5,788.5,2621.0
2026-06-03 13:30:00,789.3,789.65,788.25,788.65,2477.0
2026-06-03 13:35:00,788.65,790.0,788.65,789.2,2662.0
2026-06-03 13:40:00,789.8,791.0,789.25,790.25,4982.0
2026-06-03 13:45:00,790.5,791.5,790.0,791.35,4673.0
2026-06-03 13:50:00,791.0,792.65,790.85,791.45,7007.0
2026-06-03 13:55:00,791.2,791.8,791.2,791.5,911.0
2026-06-03 14:00:00,791.5,791.8,791.5,791.8,1215.0
2026-06-03 14:05:00,791.8,791.95,791.3,791.75,2465.0
2026-06-03 14:10:00,791.65,791.75,791.1,791.5,3287.0
2026-06-03 14:15:00,791.5,792.0,791.1,791.95,2527.0
2026-06-03 14:20:00,791.95,792.0,791.4,791.7,2053.0
2026-06-03 14:25:00,791.85,792.1,791.35,792.0,2317.0
2026-06-03 14:30:00,792.1,792.8,791.35,791.35,4213.0
2026-06-03 14:35:00,791.8,791.85,790.5,791.4,5046.0
2026-06-03 14:40:00,791.4,792.0,791.4,792.0,3272.0
2026-06-03 14:45:00,791.05,791.7,790.25,790.4,5250.0
2026-06-03 14:50:00,790.45,797.0,790.45,795.35,42879.0
2026-06-03 14:55:00,795.05,795.85,794.0,794.7,12719.0
2026-06-03 15:00:00,794.7,795.8,793.5,793.6,9383.0
2026-06-03 15:05:00,793.8,795.0,793.55,793.7,51186.0
2026-06-03 15:10:00,794.0,794.0,793.0,793.3,10746.0
2026-06-03 15:15:00,793.65,794.5,793.0,793.65,15653.0
2026-06-03 15:20:00,793.35,795.0,792.5,792.5,14812.0
2026-06-03 15:25:00,792.5,793.25,791.0,793.0,15028.0
2026-06-04 09:15:00,794.75,794.75,781.6,783.0,24537.0
2026-06-04 09:20:00,783.85,785.0,782.95,783.85,21553.0
2026-06-04 09:25:00,783.25,788.3,782.0,788.1,19780.0
2026-06-04 09:30:00,788.05,790.4,787.65,788.8,8824.0
2026-06-04 09:35:00,788.8,790.55,787.95,788.7,3115.0
2026-06-04 09:40:00,789.7,789.7,787.8,788.8,3290.0
2026-06-04 09:45:00,789.3,792.0,788.9,790.85,7110.0
2026-06-04 09:50:00,792.0,796.9,789.05,795.4,22894.0
2026-06-04 09:55:00,795.9,796.3,794.55,796.0,8827.0
2026-06-04 10:00:00,796.3,796.9,794.4,795.0,9574.0
2026-06-04 10:05:00,794.9,795.0,791.65,791.65,14523.0
2026-06-04 10:10:00,792.0,793.4,791.65,792.85,5587.0
2026-06-04 10:15:00,792.6,792.85,791.05,791.85,8290.0
2026-06-04 10:20:00,791.8,794.1,790.15,794.1,4903.0
2026-06-04 10:25:00,794.45,794.8,791.95,792.9,15146.0
2026-06-04 10:30:00,793.35,793.35,790.15,790.7,2264.0
2026-06-04 10:35:00,790.7,791.2,789.2,789.95,2726.0
2026-06-04 10:40:00,789.9,790.65,789.9,789.95,824.0
2026-06-04 10:45:00,789.95,795.4,789.95,795.4,40125.0
2026-06-04 10:50:00,795.45,797.4,789.5,790.35,55754.0
2026-06-04 10:55:00,791.15,791.15,788.75,788.75,2886.0
2026-06-04 11:00:00,788.8,789.7,786.6,787.15,3971.0
2026-06-04 11:05:00,787.15,788.1,786.1,786.5,4928.0
2026-06-04 11:10:00,786.7,788.9,786.65,787.55,978.0
2026-06-04 11:15:00,787.55,790.1,787.25,789.3,5876.0
2026-06-04 11:20:00,789.1,789.8,788.5,789.6,946.0
2026-06-04 11:25:00,789.6,790.35,789.0,790.35,1908.0
2026-06-04 11:30:00,790.2,790.2,788.55,788.75,962.0
2026-06-04 11:35:00,789.15,790.8,789.15,789.95,712.0
2026-06-04 11:40:00,789.95,790.75,789.9,790.0,2325.0
2026-06-04 11:45:00,790.0,790.4,789.45,789.9,2324.0
2026-06-04 11:50:00,789.75,792.4,789.35,790.85,2493.0
2026-06-04 11:55:00,790.9,793.8,790.9,792.75,15933.0
2026-06-04 12:00:00,792.5,792.8,791.0,792.15,3510.0
2026-06-04 12:05:00,792.0,792.15,791.45,791.95,1209.0
2026-06-04 12:10:00,792.0,792.0,791.05,791.4,1661.0
2026-06-04 12:15:00,791.6,793.5,791.2,793.5,2915.0
2026-06-04 12:20:00,793.8,793.8,792.6,792.95,802.0
2026-06-04 12:25:00,794.2,794.5,793.1,793.55,7434.0
2026-06-04 12:30:00,793.3,793.85,793.1,793.1,952.0
2026-06-04 12:35:00,793.1,793.7,792.8,793.15,2347.0
2026-06-04 12:40:00,793.15,793.85,792.8,793.6,2755.0
2026-06-04 12:45:00,793.6,794.3,793.0,794.1,1080.0
2026-06-04 12:50:00,794.1,794.9,794.0,794.3,2352.0
2026-06-04 12:55:00,794.9,795.85,794.35,795.75,6568.0
2026-06-04 13:00:00,795.35,796.0,795.15,795.15,5557.0
2026-06-04 13:05:00,795.0,795.8,795.0,795.5,1514.0
2026-06-04 13:10:00,795.55,796.0,795.0,795.45,3927.0
2026-06-04 13:15:00,794.85,795.2,794.15,794.75,2308.0
2026-06-04 13:20:00,794.35,795.2,794.1,794.5,5407.0
2026-06-04 13:25:00,794.5,795.45,794.5,795.45,1046.0
2026-06-04 13:30:00,795.45,795.45,795.0,795.35,881.0
2026-06-04 13:35:00,794.7,795.35,794.7,795.05,410.0
2026-06-04 13:40:00,795.05,795.5,794.05,794.85,855.0
2026-06-04 13:45:00,794.85,795.0,794.6,794.8,1069.0
2026-06-04 13:50:00,794.8,795.0,794.2,794.9,686.0
2026-06-04 13:55:00,794.9,794.9,794.2,794.9,842.0
2026-06-04 14:00:00,794.9,795.0,794.0,795.0,6367.0
2026-06-04 14:05:00,795.0,795.0,794.75,795.0,1151.0
2026-06-04 14:10:00,795.0,795.0,794.7,795.0,2371.0
2026-06-04 14:15:00,795.0,795.0,794.6,794.95,2339.0
2026-06-04 14:20:00,794.95,795.0,794.5,794.5,4645.0
2026-06-04 14:25:00,795.0,795.0,794.5,794.95,1944.0
2026-06-04 14:30:00,794.95,795.6,794.6,795.25,5707.0
2026-06-04 14:35:00,795.0,795.15,794.5,795.0,1419.0
2026-06-04 14:40:00,795.0,795.5,794.5,795.0,1659.0
2026-06-04 14:45:00,795.0,795.65,794.8,795.0,888.0
2026-06-04 14:50:00,795.3,795.55,791.05,793.4,12690.0
2026-06-04 14:55:00,793.4,795.95,793.4,794.6,13365.0
2026-06-04 15:00:00,795.0,795.15,793.0,793.0,10396.0
2026-06-04 15:05:00,793.45,794.3,789.9,789.9,16396.0
2026-06-04 15:10:00,790.05,791.2,789.15,790.9,8393.0
2026-06-04 15:15:00,790.9,792.25,790.75,790.85,7893.0
2026-06-04 15:20:00,791.15,792.2,789.7,790.2,11947.0
2026-06-04 15:25:00,790.2,791.6,787.35,787.5,9132.0
2026-06-05 09:15:00,797.0,797.85,792.35,796.25,24347.0
2026-06-05 09:20:00,796.05,797.9,794.45,796.4,17314.0
2026-06-05 09:25:00,796.5,796.5,790.05,790.1,13716.0
2026-06-05 09:30:00,790.15,790.75,786.45,787.6,13647.0
2026-06-05 09:35:00,787.65,788.3,785.55,786.4,6779.0
2026-06-05 09:40:00,786.4,789.35,785.8,788.75,7271.0
2026-06-05 09:45:00,788.7,788.7,787.1,787.35,4143.0
2026-06-05 09:50:00,787.1,787.55,785.4,787.0,3694.0
2026-06-05 09:55:00,787.4,789.0,787.0,787.6,5648.0
2026-06-05 10:00:00,787.25,787.4,785.8,786.35,5675.0
2026-06-05 10:05:00,786.35,787.75,785.3,787.1,6806.0
2026-06-05 10:10:00,787.35,788.6,787.3,788.15,2947.0
2026-06-05 10:15:00,787.75,788.6,787.6,787.9,1827.0
2026-06-05 10:20:00,787.9,792.8,787.3,789.95,5841.0
2026-06-05 10:25:00,789.8,790.15,788.4,789.2,2571.0
2026-06-05 10:30:00,789.05,789.75,788.15,788.85,4605.0
2026-06-05 10:35:00,788.8,788.9,787.25,787.65,2275.0
2026-06-05 10:40:00,787.35,788.25,787.2,787.65,2177.0
2026-06-05 10:45:00,787.4,789.65,787.2,788.55,6523.0
2026-06-05 10:50:00,788.25,789.65,787.55,788.55,1304.0
2026-06-05 10:55:00,788.6,790.0,787.9,790.0,2820.0
2026-06-05 11:00:00,789.5,789.95,789.2,789.95,1436.0
2026-06-05 11:05:00,789.95,790.85,789.95,790.1,2460.0
2026-06-05 11:10:00,790.25,790.25,789.1,789.2,2573.0
2026-06-05 11:15:00,789.2,789.2,789.0,789.1,257.0
2026-06-05 11:20:00,789.1,789.1,787.35,787.65,2870.0
2026-06-05 11:25:00,787.65,787.75,787.0,787.75,2651.0
2026-06-05 11:30:00,787.8,788.05,786.95,786.95,1964.0
2026-06-05 11:35:00,786.9,789.35,786.9,788.7,4991.0
2026-06-05 11:40:00,788.75,791.6,788.7,790.6,7374.0
2026-06-05 11:45:00,790.15,791.35,790.15,791.1,898.0
2026-06-05 11:50:00,791.05,791.05,790.6,790.85,826.0
2026-06-05 11:55:00,790.75,791.0,789.65,789.65,1572.0
2026-06-05 12:00:00,789.65,790.2,789.1,789.7,999.0
2026-06-05 12:05:00,789.7,789.7,788.9,789.0,1283.0
2026-06-05 12:10:00,789.0,790.4,788.75,789.65,1710.0
2026-06-05 12:15:00,789.35,790.05,789.3,789.85,1309.0
2026-06-05 12:20:00,789.85,789.85,787.05,787.6,5584.0
2026-06-05 12:25:00,787.55,787.85,786.65,786.85,3711.0
2026-06-05 12:30:00,786.85,786.85,786.0,786.25,1506.0
2026-06-05 12:35:00,786.3,786.95,785.2,786.7,2123.0
2026-06-05 12:40:00,786.35,786.5,785.0,785.7,1566.0
2026-06-05 12:45:00,785.55,786.05,784.3,785.4,7677.0
2026-06-05 12:50:00,785.25,786.0,784.55,784.55,1197.0
2026-06-05 12:55:00,784.3,784.9,783.2,783.8,2848.0
2026-06-05 13:00:00,783.7,783.7,782.7,782.95,1720.0
2026-06-05 13:05:00,782.95,783.3,782.0,782.15,4437.0
2026-06-05 13:10:00,781.95,782.0,780.55,780.8,2543.0
2026-06-05 13:15:00,780.7,781.7,780.55,781.55,1976.0
2026-06-05 13:20:00,781.45,781.55,778.2,778.7,7328.0
2026-06-05 13:25:00,778.35,779.85,778.0,778.75,3906.0
2026-06-05 13:30:00,778.65,779.15,777.5,778.6,7475.0
2026-06-05 13:35:00,778.55,779.15,778.0,778.75,2969.0
2026-06-05 13:40:00,778.7,780.45,777.35,780.45,9766.0
2026-06-05 13:45:00,780.25,781.15,780.05,780.95,1959.0
2026-06-05 13:50:00,780.85,782.65,780.0,781.9,4033.0
2026-06-05 13:55:00,782.4,783.75,781.8,783.75,1763.0
2026-06-05 14:00:00,783.55,784.8,783.5,784.35,3790.0
2026-06-05 14:05:00,784.6,784.6,784.0,784.25,887.0
2026-06-05 14:10:00,784.25,784.25,782.9,783.55,1850.0
2026-06-05 14:15:00,783.55,784.0,783.0,783.85,1667.0
2026-06-05 14:20:00,783.5,784.85,782.7,783.75,11623.0
2026-06-05 14:25:00,783.75,783.85,783.1,783.55,3453.0
2026-06-05 14:30:00,783.55,784.5,782.7,782.7,6526.0
2026-06-05 14:35:00,782.7,790.9,782.0,790.0,76263.0
2026-06-05 14:40:00,790.0,795.25,790.0,794.9,28549.0
2026-06-05 14:45:00,794.9,796.0,793.55,794.7,24330.0
2026-06-05 14:50:00,794.6,794.75,791.25,792.4,20526.0
2026-06-05 14:55:00,792.4,793.05,790.85,791.55,21203.0
2026-06-05 15:00:00,791.55,791.8,789.0,791.15,22779.0
2026-06-05 15:05:00,791.15,791.3,789.45,790.6,20782.0
2026-06-05 15:10:00,791.0,791.0,789.8,790.85,24466.0
2026-06-05 15:15:00,790.45,790.9,789.1,789.6,26632.0
2026-06-05 15:20:00,789.7,790.45,786.85,787.45,25861.0
2026-06-05 15:25:00,786.9,792.1,785.3,785.3,16068.0
2026-06-08 09:15:00,775.0,797.5,772.6,792.75,40920.0
2026-06-08 09:20:00,794.35,796.0,792.55,795.25,12329.0
2026-06-08 09:25:00,795.3,795.7,793.05,793.5,7626.0
2026-06-08 09:30:00,793.5,794.0,789.15,790.05,9428.0
2026-06-08 09:35:00,790.15,790.3,785.0,786.0,9611.0
2026-06-08 09:40:00,786.0,786.1,781.85,784.8,12172.0
2026-06-08 09:45:00,784.85,786.75,782.85,782.85,6549.0
2026-06-08 09:50:00,783.45,785.95,781.9,785.95,16671.0
2026-06-08 09:55:00,785.0,786.2,784.0,785.5,4487.0
2026-06-08 10:00:00,785.8,786.0,782.6,783.5,3807.0
2026-06-08 10:05:00,783.5,785.5,782.4,784.75,5115.0
2026-06-08 10:10:00,784.8,785.7,781.5,781.85,5929.0
2026-06-08 10:15:00,781.85,782.5,780.55,781.85,3207.0
2026-06-08 10:20:00,781.85,783.15,781.5,783.15,1314.0
2026-06-08 10:25:00,783.4,783.4,781.05,781.65,2306.0
2026-06-08 10:30:00,781.45,782.7,781.0,782.5,2856.0
2026-06-08 10:35:00,782.55,783.75,782.2,782.8,2220.0
2026-06-08 10:40:00,783.35,784.3,782.75,783.1,1122.0
2026-06-08 10:45:00,783.0,783.35,781.85,782.4,881.0
2026-06-08 10:50:00,783.0,783.0,780.05,782.1,6320.0
2026-06-08 10:55:00,781.55,783.0,781.5,782.8,1963.0
2026-06-08 11:00:00,782.8,783.25,782.3,782.85,591.0
2026-06-08 11:05:00,782.65,782.65,781.1,781.1,1663.0
2026-06-08 11:10:00,781.1,781.8,780.15,780.75,5152.0
2026-06-08 11:15:00,781.2,782.35,780.05,780.7,3752.0
2026-06-08 11:20:00,781.1,781.1,778.4,780.8,5316.0
2026-06-08 11:25:00,779.55,780.85,779.1,780.0,2016.0
2026-06-08 11:30:00,779.7,780.3,779.25,780.3,765.0
2026-06-08 11:35:00,779.8,780.75,779.5,780.5,837.0
2026-06-08 11:40:00,780.25,781.8,780.2,781.8,2487.0
2026-06-08 11:45:00,781.0,782.0,780.65,782.0,2054.0
2026-06-08 11:50:00,782.3,782.3,781.0,781.0,1209.0
2026-06-08 11:55:00,781.05,781.5,779.05,779.3,2311.0
2026-06-08 12:00:00,779.5,779.95,778.15,779.85,1226.0
2026-06-08 12:05:00,779.7,780.75,779.45,779.7,518.0
2026-06-08 12:10:00,779.85,780.8,779.3,779.6,321.0
2026-06-08 12:15:00,779.75,779.75,777.4,777.75,1591.0
2026-06-08 12:20:00,777.75,779.35,777.75,779.3,1129.0
2026-06-08 12:25:00,779.3,780.0,778.5,779.55,625.0
2026-06-08 12:30:00,779.6,780.0,778.55,780.0,950.0
2026-06-08 12:35:00,779.8,780.3,778.4,779.15,889.0
2026-06-08 12:40:00,779.45,779.7,778.05,779.4,3203.0
2026-06-08 12:45:00,779.25,780.3,778.15,779.1,1852.0
2026-06-08 12:50:00,780.0,781.7,779.45,781.7,5075.0
2026-06-08 12:55:00,781.7,783.1,781.4,782.6,1843.0
2026-06-08 13:00:00,782.75,782.75,780.6,781.05,1035.0
2026-06-08 13:05:00,781.05,781.1,779.95,779.95,811.0
2026-06-08 13:10:00,779.95,780.15,778.95,779.6,533.0
2026-06-08 13:15:00,779.4,781.0,779.35,779.35,1115.0
2026-06-08 13:20:00,779.45,779.95,778.2,778.2,1752.0
2026-06-08 13:25:00,778.15,778.5,775.35,776.05,8224.0
2026-06-08 13:30:00,776.3,776.8,776.0,776.25,631.0
2026-06-08 13:35:00,776.25,778.35,775.5,778.0,3602.0
2026-06-08 13:40:00,778.0,778.25,776.35,776.5,5531.0
2026-06-08 13:45:00,776.1,776.8,774.15,776.45,13645.0
2026-06-08 13:50:00,776.55,776.85,776.0,776.4,758.0
2026-06-08 13:55:00,776.4,776.45,775.0,775.9,8285.0
2026-06-08 14:00:00,775.8,776.25,775.0,776.15,2085.0
2026-06-08 14:05:00,776.15,776.25,774.9,775.5,6797.0
2026-06-08 14:10:00,775.65,775.75,774.35,775.0,1620.0
2026-06-08 14:15:00,774.85,775.0,774.05,774.65,1519.0
2026-06-08 14:20:00,774.65,774.65,773.0,774.25,13570.0
2026-06-08 14:25:00,774.0,774.2,771.0,771.4,14811.0
2026-06-08 14:30:00,771.05,773.2,770.4,771.9,5310.0
2026-06-08 14:35:00,772.45,775.55,772.0,773.4,3822.0
2026-06-08 14:40:00,773.7,773.7,771.25,772.1,8852.0
2026-06-08 14:45:00,772.4,772.75,771.65,772.65,3649.0
2026-06-08 14:50:00,772.5,772.9,771.5,772.45,3730.0
2026-06-08 14:55:00,772.7,772.8,769.2,771.1,18616.0
2026-06-08 15:00:00,771.1,771.1,767.0,768.05,29636.0
2026-06-08 15:05:00,768.25,768.25,765.05,767.7,27490.0
2026-06-08 15:10:00,767.75,768.85,767.55,768.3,19067.0
2026-06-08 15:15:00,768.3,768.9,765.0,766.55,40930.0
2026-06-08 15:20:00,766.5,767.9,764.0,764.35,40906.0
2026-06-08 15:25:00,764.0,768.85,761.0,767.95,56722.0
2026-06-09 09:15:00,767.0,779.0,766.6,775.7,15392.0
2026-06-09 09:20:00,774.05,775.15,770.0,773.9,28629.0
2026-06-09 09:25:00,774.0,775.5,772.75,773.65,4407.0
2026-06-09 09:30:00,774.15,775.0,772.45,775.0,2368.0
2026-06-09 09:35:00,774.5,775.25,773.25,773.8,5395.0
2026-06-09 09:40:00,773.95,777.5,773.4,777.35,4308.0
2026-06-09 09:45:00,777.2,777.4,775.3,777.4,5706.0
2026-06-09 09:50:00,777.4,778.45,774.35,775.75,6470.0
2026-06-09 09:55:00,775.7,775.8,774.85,775.3,1772.0
2026-06-09 10:00:00,775.7,778.0,775.65,776.6,3512.0
2026-06-09 10:05:00,777.05,777.9,772.05,772.1,20105.0
2026-06-09 10:10:00,771.65,775.1,771.65,774.6,7446.0
2026-06-09 10:15:00,774.6,777.05,774.15,775.5,6899.0
2026-06-09 10:20:00,775.3,775.8,774.05,774.7,2549.0
2026-06-09 10:25:00,775.2,775.2,772.85,773.65,3360.0
2026-06-09 10:30:00,773.95,774.45,773.2,774.45,1660.0
2026-06-09 10:35:00,774.25,774.7,774.0,774.25,1536.0
2026-06-09 10:40:00,774.45,774.95,773.65,774.55,2050.0
2026-06-09 10:45:00,774.85,775.75,774.6,775.5,2147.0
2026-06-09 10:50:00,775.4,777.25,775.15,777.25,6251.0
2026-06-09 10:55:00,776.9,777.05,774.65,776.15,8084.0
2026-06-09 11:00:00,776.0,777.7,773.95,776.35,12140.0
2026-06-09 11:05:00,776.35,777.6,776.35,777.15,2112.0
2026-06-09 11:10:00,777.5,777.65,776.55,776.6,2357.0
2026-06-09 11:15:00,776.8,777.2,774.95,775.35,795.0
2026-06-09 11:20:00,775.4,775.4,772.05,772.5,1974.0
2026-06-09 11:25:00,772.35,772.9,769.9,772.8,18134.0
2026-06-09 11:30:00,772.35,773.25,772.15,773.05,1498.0
2026-06-09 11:35:00,773.0,773.5,772.7,772.85,818.0
2026-06-09 11:40:00,773.0,773.55,772.05,772.25,2288.0
2026-06-09 11:45:00,772.25,772.5,772.15,772.5,1896.0
2026-06-09 11:50:00,772.5,774.45,772.5,773.9,10617.0
2026-06-09 11:55:00,773.95,775.15,772.8,773.6,2232.0
2026-06-09 12:00:00,773.4,775.5,772.45,774.6,19469.0
2026-06-09 12:05:00,774.1,774.8,773.55,773.75,3588.0
2026-06-09 12:10:00,774.55,774.85,773.1,774.45,8435.0
2026-06-09 12:15:00,774.1,774.1,769.0,769.3,5673.0
2026-06-09 12:20:00,769.3,770.15,765.6,769.5,16374.0
2026-06-09 12:25:00,769.35,770.0,768.3,768.3,3742.0
2026-06-09 12:30:00,768.75,769.25,766.95,767.9,2204.0
2026-06-09 12:35:00,768.0,768.2,765.0,766.4,6389.0
2026-06-09 12:40:00,766.7,767.0,764.0,764.9,3460.0
2026-06-09 12:45:00,764.6,764.9,762.55,763.5,5474.0
2026-06-09 12:50:00,763.15,766.05,762.25,766.0,8714.0
2026-06-09 12:55:00,766.25,766.25,764.0,764.0,2938.0
2026-06-09 13:00:00,764.25,764.85,763.35,763.7,3162.0
2026-06-09 13:05:00,763.85,766.2,762.0,765.0,21014.0
2026-06-09 13:10:00,764.85,765.0,763.4,763.5,3235.0
2026-06-09 13:15:00,763.25,763.75,762.55,763.25,3198.0
2026-06-09 13:20:00,763.3,764.0,762.65,763.3,1650.0
2026-06-09 13:25:00,763.7,764.0,762.25,763.2,2666.0
2026-06-09 13:30:00,763.2,763.2,757.95,761.6,21083.0
2026-06-09 13:35:00,761.55,762.9,761.2,762.45,1866.0
2026-06-09 13:40:00,762.2,763.0,761.75,762.95,1934.0
2026-06-09 13:45:00,762.95,763.0,761.5,762.1,2137.0
2026-06-09 13:50:00,761.8,762.8,761.0,761.95,2501.0
2026-06-09 13:55:00,761.9,762.3,760.7,761.55,1851.0
2026-06-09 14:00:00,761.4,761.55,760.25,760.9,1148.0
2026-06-09 14:05:00,760.85,761.95,757.1,761.4,21319.0
2026-06-09 14:10:00,761.95,762.45,761.2,762.15,2297.0
2026-06-09 14:15:00,762.3,762.85,761.35,762.0,2330.0
2026-06-09 14:20:00,762.45,763.9,761.05,761.3,7251.0
2026-06-09 14:25:00,762.05,762.8,761.65,762.55,1877.0
2026-06-09 14:30:00,762.2,762.75,760.0,762.4,17953.0
2026-06-09 14:35:00,762.9,763.4,761.5,762.5,5594.0
2026-06-09 14:40:00,762.8,762.8,760.6,761.0,4199.0
2026-06-09 14:45:00,760.7,761.0,760.0,761.0,11650.0
2026-06-09 14:50:00,761.0,762.0,760.75,762.0,10958.0
2026-06-09 14:55:00,761.05,763.8,761.05,762.85,31748.0
2026-06-09 15:00:00,762.75,763.45,761.7,762.85,15598.0
2026-06-09 15:05:00,762.6,766.75,762.6,765.5,20314.0
2026-06-09 15:10:00,765.5,767.75,764.7,767.5,17454.0
2026-06-09 15:15:00,767.2,767.7,765.0,765.95,16570.0
2026-06-09 15:20:00,765.95,767.2,763.85,764.7,34855.0
2026-06-09 15:25:00,764.75,769.8,764.75,767.7,21101.0
2026-06-10 09:15:00,769.9,780.0,769.8,772.15,61286.0
2026-06-10 09:20:00,772.2,772.35,770.05,771.95,11128.0
2026-06-10 09:25:00,771.15,771.8,768.1,769.75,13565.0
2026-06-10 09:30:00,769.15,770.55,769.0,769.0,10976.0
2026-06-10 09:35:00,769.0,771.45,768.4,771.45,19985.0
2026-06-10 09:40:00,771.45,773.55,770.95,773.55,4496.0
2026-06-10 09:45:00,773.4,774.85,772.05,774.0,11436.0
2026-06-10 09:50:00,773.8,775.8,773.55,774.8,10229.0
2026-06-10 09:55:00,774.15,775.0,772.7,773.15,5127.0
2026-06-10 10:00:00,773.15,773.15,769.0,770.0,10993.0
2026-06-10 10:05:00,770.0,770.9,769.7,770.0,3442.0
2026-06-10 10:10:00,770.0,770.0,769.45,769.85,2073.0
2026-06-10 10:15:00,769.8,771.95,768.85,771.85,4400.0
2026-06-10 10:20:00,771.85,772.55,771.35,772.55,2337.0
2026-06-10 10:25:00,772.55,774.15,770.7,773.1,9369.0
2026-06-10 10:30:00,773.1,774.6,772.9,774.55,1650.0
2026-06-10 10:35:00,774.45,774.45,773.1,773.75,2478.0
2026-06-10 10:40:00,773.0,774.5,773.0,773.85,1566.0
2026-06-10 10:45:00,773.95,774.25,772.55,773.0,854.0
2026-06-10 10:50:00,773.0,774.0,772.8,773.2,1999.0
2026-06-10 10:55:00,773.2,773.9,773.0,773.0,1404.0
2026-06-10 11:00:00,772.9,774.45,772.0,773.0,11707.0
2026-06-10 11:05:00,773.25,774.75,773.25,774.35,1233.0
2026-06-10 11:10:00,774.2,775.9,773.55,775.4,8502.0
2026-06-10 11:15:00,775.65,776.0,774.55,775.15,13940.0
2026-06-10 11:20:00,775.65,778.0,775.65,778.0,4370.0
2026-06-10 11:25:00,778.0,778.95,776.95,778.2,12867.0
2026-06-10 11:30:00,778.2,778.8,777.45,778.0,2963.0
2026-06-10 11:35:00,777.8,778.95,777.1,778.9,3978.0
2026-06-10 11:40:00,778.9,778.95,777.0,777.55,3412.0
2026-06-10 11:45:00,777.55,778.4,777.55,778.35,1721.0
2026-06-10 11:50:00,778.35,778.35,777.05,778.0,3917.0
2026-06-10 11:55:00,778.05,778.7,777.6,778.35,3189.0
2026-06-10 12:00:00,778.1,778.35,776.5,778.1,9963.0
2026-06-10 12:05:00,777.75,778.1,775.1,777.4,7789.0
2026-06-10 12:10:00,777.6,777.75,776.65,777.3,1767.0
2026-06-10 12:15:00,777.3,777.6,774.05,775.15,32574.0
2026-06-10 12:20:00,774.7,775.65,774.0,774.2,11562.0
2026-06-10 12:25:00,774.15,774.8,771.35,773.0,477201.0
2026-06-10 12:30:00,773.0,775.0,772.05,772.4,135360.0
2026-06-10 12:35:00,772.15,773.5,770.1,770.7,34039.0
2026-06-10 12:40:00,770.05,770.3,766.7,767.0,8738.0
2026-06-10 12:45:00,766.55,766.55,765.1,766.2,20816.0
2026-06-10 12:50:00,766.0,768.45,765.5,768.35,12593.0
2026-06-10 12:55:00,768.15,769.55,767.4,769.45,5122.0
2026-06-10 13:00:00,769.15,772.4,768.75,770.05,35219.0
2026-06-10 13:05:00,769.5,773.0,769.5,772.0,30319.0
2026-06-10 13:10:00,770.4,770.85,769.95,770.55,9474.0
2026-06-10 13:15:00,770.2,770.35,768.5,768.85,2978.0
2026-06-10 13:20:00,768.5,768.75,767.75,768.0,3034.0
2026-06-10 13:25:00,767.25,768.95,766.8,768.6,11453.0
2026-06-10 13:30:00,768.45,768.75,768.05,768.7,2240.0
2026-06-10 13:35:00,768.0,768.7,768.0,768.4,2356.0
2026-06-10 13:40:00,768.15,768.95,767.3,768.95,5562.0
2026-06-10 13:45:00,768.95,769.15,768.0,768.45,8836.0
2026-06-10 13:50:00,768.45,768.75,766.3,767.25,9962.0
2026-06-10 13:55:00,767.05,767.3,765.55,765.55,10779.0
2026-06-10 14:00:00,765.75,766.5,765.25,766.5,8384.0
2026-06-10 14:05:00,766.85,767.0,766.55,766.95,1749.0
2026-06-10 14:10:00,766.65,766.9,765.5,766.2,2922.0
2026-06-10 14:15:00,766.2,766.65,765.8,765.9,2832.0
2026-06-10 14:20:00,766.25,766.6,765.8,766.6,1452.0
2026-06-10 14:25:00,766.6,766.75,766.0,766.0,1856.0
2026-06-10 14:30:00,765.5,767.0,765.15,765.25,13556.0
2026-06-10 14:35:00,765.25,765.75,765.0,765.4,26173.0
2026-06-10 14:40:00,765.4,765.4,765.0,765.25,43309.0
2026-06-10 14:45:00,765.25,765.7,765.1,765.6,2400.0
2026-06-10 14:50:00,765.6,766.0,765.0,765.2,9775.0
2026-06-10 14:55:00,765.7,765.8,760.75,762.45,79460.0
2026-06-10 15:00:00,762.55,762.55,760.05,760.3,38072.0
2026-06-10 15:05:00,760.4,760.95,760.0,760.6,35739.0
2026-06-10 15:10:00,760.5,760.8,760.05,760.3,11888.0
2026-06-10 15:15:00,760.05,760.85,760.0,760.45,42375.0
2026-06-10 15:20:00,760.25,763.0,760.0,762.35,37912.0
2026-06-10 15:25:00,762.7,764.0,761.0,763.95,50180.0
2026-06-11 09:15:00,756.5,765.75,751.0,763.95,21859.0
2026-06-11 09:20:00,763.2,765.8,763.0,764.8,4177.0
2026-06-11 09:25:00,765.15,769.75,763.5,769.35,9969.0
2026-06-11 09:30:00,769.7,771.85,767.15,771.1,9001.0
2026-06-11 09:35:00,771.1,773.6,770.6,772.8,7873.0
2026-06-11 09:40:00,773.1,773.95,772.5,773.3,6834.0
2026-06-11 09:45:00,773.7,773.7,768.2,770.05,14519.0
2026-06-11 09:50:00,770.55,773.7,769.65,771.95,10489.0
2026-06-11 09:55:00,772.0,772.4,771.2,771.6,2051.0
2026-06-11 10:00:00,771.35,774.6,771.0,773.8,20555.0
2026-06-11 10:05:00,774.0,775.0,773.0,775.0,10580.0
2026-06-11 10:10:00,775.0,778.95,774.8,776.85,35863.0
2026-06-11 10:15:00,776.75,778.8,776.55,777.55,7033.0
2026-06-11 10:20:00,777.7,778.9,777.3,778.65,3486.0
2026-06-11 10:25:00,778.25,778.7,776.25,777.55,4733.0
2026-06-11 10:30:00,777.4,778.6,777.4,778.3,3775.0
2026-06-11 10:35:00,778.15,779.9,778.0,779.8,25943.0
2026-06-11 10:40:00,779.9,780.9,778.75,779.3,20211.0
2026-06-11 10:45:00,779.3,780.1,777.3,778.0,13214.0
2026-06-11 10:50:00,777.35,778.15,774.2,774.7,19462.0
2026-06-11 10:55:00,774.4,775.3,773.0,774.0,5774.0
2026-06-11 11:00:00,774.45,774.5,772.9,773.65,4301.0
2026-06-11 11:05:00,773.85,775.75,773.5,774.15,7968.0
2026-06-11 11:10:00,774.45,774.9,773.3,773.3,3412.0
2026-06-11 11:15:00,773.35,775.3,773.35,775.15,5344.0
2026-06-11 11:20:00,775.3,778.35,774.45,774.5,8651.0
2026-06-11 11:25:00,774.65,775.5,774.2,775.4,3823.0
2026-06-11 11:30:00,774.75,774.75,772.5,773.2,4699.0
2026-06-11 11:35:00,773.0,773.5,770.1,770.3,5659.0
2026-06-11 11:40:00,770.1,774.2,770.1,772.9,14663.0
2026-06-11 11:45:00,772.5,773.55,769.55,769.55,21176.0
2026-06-11 11:50:00,769.85,770.5,768.7,769.6,4256.0
2026-06-11 11:55:00,769.7,770.05,768.65,769.2,2618.0
2026-06-11 12:00:00,769.2,770.0,769.0,769.5,1915.0
2026-06-11 12:05:00,769.7,769.7,768.1,768.5,1560.0
2026-06-11 12:10:00,768.65,768.9,767.35,768.9,1911.0
2026-06-11 12:15:00,768.95,769.05,768.0,768.35,2137.0
2026-06-11 12:20:00,768.55,768.7,767.3,767.3,917.0
2026-06-11 12:25:00,767.55,770.5,767.55,770.1,7106.0
2026-06-11 12:30:00,770.1,772.0,769.55,769.85,18487.0
2026-06-11 12:35:00,770.0,770.4,769.7,770.0,25644.0
2026-06-11 12:40:00,769.8,770.0,769.6,770.0,7874.0
2026-06-11 12:45:00,770.0,770.0,768.55,768.75,10624.0
2026-06-11 12:50:00,768.9,769.0,766.0,768.65,82985.0
2026-06-11 12:55:00,768.6,768.65,767.45,768.5,5548.0
2026-06-11 13:00:00,768.5,769.8,768.5,769.5,3914.0
2026-06-11 13:05:00,769.5,769.8,769.0,769.0,3616.0
2026-06-11 13:10:00,769.0,769.5,768.75,768.95,3316.0
2026-06-11 13:15:00,769.0,769.5,767.7,768.9,4642.0
2026-06-11 13:20:00,768.65,768.9,767.65,768.6,2935.0
2026-06-11 13:25:00,768.65,768.7,766.7,767.8,2484.0
2026-06-11 13:30:00,767.9,768.5,767.65,767.8,2464.0
2026-06-11 13:35:00,767.8,768.1,766.55,767.8,2910.0
2026-06-11 13:40:00,767.85,768.0,766.7,766.85,2284.0
2026-06-11 13:45:00,767.0,767.7,764.55,764.7,7116.0
2026-06-11 13:50:00,764.4,767.5,764.4,767.5,17210.0
2026-06-11 13:55:00,767.5,769.1,767.45,769.1,3567.0
2026-06-11 14:00:00,769.15,769.65,767.55,769.05,5747.0
2026-06-11 14:05:00,767.7,769.0,767.7,768.0,3820.0
2026-06-11 14:10:00,767.95,768.0,767.45,767.95,1939.0
2026-06-11 14:15:00,767.55,767.55,764.95,765.4,16580.0
2026-06-11 14:20:00,765.7,767.95,765.7,767.0,34201.0
2026-06-11 14:25:00,766.7,769.5,766.0,769.5,12477.0
2026-06-11 14:30:00,769.45,770.55,769.1,769.25,6392.0
2026-06-11 14:35:00,769.5,769.7,766.5,766.8,5502.0
2026-06-11 14:40:00,766.85,767.25,765.0,765.25,4765.0
2026-06-11 14:45:00,765.75,768.3,764.0,767.35,62960.0
2026-06-11 14:50:00,767.0,767.35,765.6,766.05,7620.0
2026-06-11 14:55:00,766.65,766.7,763.7,764.4,12519.0
2026-06-11 15:00:00,764.7,764.85,762.2,762.5,17779.0
2026-06-11 15:05:00,762.3,763.85,762.15,762.9,12407.0
2026-06-11 15:10:00,762.85,764.1,762.55,763.4,18933.0
2026-06-11 15:15:00,763.4,764.3,762.1,763.75,26249.0
2026-06-11 15:20:00,763.65,764.55,761.9,762.7,26618.0
2026-06-11 15:25:00,763.15,765.55,760.0,762.9,31320.0
2026-06-12 09:15:00,770.0,775.6,767.95,773.75,18614.0
2026-06-12 09:20:00,773.05,775.85,772.35,775.1,13867.0
2026-06-12 09:25:00,775.4,777.0,774.5,776.55,10255.0
2026-06-12 09:30:00,776.75,778.95,776.35,776.9,25021.0
2026-06-12 09:35:00,776.05,777.0,775.6,775.95,10519.0
2026-06-12 09:40:00,775.9,776.7,775.0,775.5,6786.0
2026-06-12 09:45:00,773.9,775.9,772.2,775.55,9368.0
2026-06-12 09:50:00,775.55,777.3,774.6,774.6,5060.0
2026-06-12 09:55:00,774.6,775.8,773.05,774.45,4345.0
2026-06-12 10:00:00,774.85,774.85,771.0,771.35,5432.0
2026-06-12 10:05:00,771.5,772.05,769.0,770.5,7899.0
2026-06-12 10:10:00,770.5,772.3,770.05,772.05,2363.0
2026-06-12 10:15:00,772.45,772.85,771.4,772.55,2813.0
2026-06-12 10:20:00,772.2,773.75,772.2,772.7,3030.0
2026-06-12 10:25:00,772.65,772.65,771.45,772.0,1855.0
2026-06-12 10:30:00,772.0,772.95,772.0,772.6,1335.0
2026-06-12 10:35:00,772.6,773.65,772.6,773.1,1736.0
2026-06-12 10:40:00,773.3,774.4,773.0,773.0,4810.0
2026-06-12 10:45:00,773.0,773.65,772.75,772.75,1165.0
2026-06-12 10:50:00,772.9,773.2,771.5,771.7,3126.0
2026-06-12 10:55:00,771.75,772.05,771.5,771.85,1351.0
2026-06-12 11:00:00,771.85,773.0,771.85,773.0,2381.0
2026-06-12 11:05:00,773.3,773.85,773.15,773.15,1779.0
2026-06-12 11:10:00,773.1,773.1,771.6,772.75,2666.0
2026-06-12 11:15:00,772.75,773.2,772.75,773.2,262.0
2026-06-12 11:20:00,773.25,774.35,773.25,773.85,2421.0
2026-06-12 11:25:00,773.6,774.05,767.85,768.6,20519.0
2026-06-12 11:30:00,768.35,768.35,767.05,767.9,4015.0
2026-06-12 11:35:00,767.65,768.7,767.6,767.85,2695.0
2026-06-12 11:40:00,767.85,768.6,767.85,768.55,1796.0
2026-06-12 11:45:00,768.35,768.45,767.7,768.2,1761.0
2026-06-12 11:50:00,768.2,769.4,767.7,768.75,4451.0
2026-06-12 11:55:00,768.6,769.15,767.4,768.75,2660.0
2026-06-12 12:00:00,769.0,769.45,768.1,768.5,1183.0
2026-06-12 12:05:00,768.9,769.05,768.15,768.6,694.0
2026-06-12 12:10:00,768.6,768.6,767.25,767.95,2273.0
2026-06-12 12:15:00,767.95,768.5,767.9,768.5,1093.0
2026-06-12 12:20:00,768.45,768.55,768.1,768.25,498.0
2026-06-12 12:25:00,768.5,768.5,768.25,768.5,1149.0
2026-06-12 12:30:00,768.85,768.85,767.85,767.9,2203.0
2026-06-12 12:35:00,767.9,768.05,767.4,767.4,1316.0
2026-06-12 12:40:00,767.4,767.5,766.0,766.0,3291.0
2026-06-12 12:45:00,766.4,766.8,765.15,765.2,2031.0
2026-06-12 12:50:00,765.55,766.45,765.5,766.4,2257.0
2026-06-12 12:55:00,766.05,766.85,765.75,766.4,1786.0
2026-06-12 13:00:00,765.8,765.8,764.8,765.2,2111.0
2026-06-12 13:05:00,765.5,767.55,765.2,766.85,1736.0
2026-06-12 13:10:00,766.9,767.55,766.55,767.0,1884.0
2026-06-12 13:15:00,766.85,767.65,766.85,767.0,1725.0
2026-06-12 13:20:00,767.0,767.4,765.85,766.4,2265.0
2026-06-12 13:25:00,766.4,767.0,766.3,766.75,3933.0
2026-06-12 13:30:00,766.7,768.2,766.3,766.3,4265.0
2026-06-12 13:35:00,765.75,766.45,765.6,766.45,5473.0
2026-06-12 13:40:00,766.4,767.7,766.4,766.8,2105.0
2026-06-12 13:45:00,766.8,767.9,766.55,767.35,2286.0
2026-06-12 13:50:00,767.45,767.7,767.15,767.15,1349.0
2026-06-12 13:55:00,767.15,767.7,767.15,767.4,937.0
2026-06-12 14:00:00,767.4,767.7,767.2,767.2,1549.0
2026-06-12 14:05:00,767.35,767.45,766.55,767.0,1460.0
2026-06-12 14:10:00,766.95,766.95,765.65,766.0,1360.0
2026-06-12 14:15:00,766.0,767.85,765.8,767.0,2287.0
2026-06-12 14:20:00,767.5,767.5,766.65,767.45,1718.0
2026-06-12 14:25:00,767.1,767.45,766.5,766.55,2590.0
2026-06-12 14:30:00,766.5,766.8,766.25,766.3,2230.0
2026-06-12 14:35:00,766.65,766.65,765.4,766.45,3174.0
2026-06-12 14:40:00,766.5,768.0,766.4,767.35,3473.0
2026-06-12 14:45:00,767.35,767.85,767.1,767.1,1868.0
2026-06-12 14:50:00,767.2,767.7,766.15,766.5,4215.0
2026-06-12 14:55:00,766.15,768.0,765.7,767.5,5615.0
2026-06-12 15:00:00,766.9,768.55,766.8,768.15,7799.0
2026-06-12 15:05:00,768.1,768.95,767.85,768.1,10901.0
2026-06-12 15:10:00,768.05,768.05,766.25,767.65,11039.0
2026-06-12 15:15:00,766.9,768.25,766.9,767.4,8027.0
2026-06-12 15:20:00,767.4,768.25,764.0,765.2,23138.0
2026-06-12 15:25:00,765.2,766.0,763.1,765.5,13446.0
2026-06-15 09:15:00,769.95,772.0,757.15,757.2,35376.0
2026-06-15 09:20:00,757.2,757.7,750.6,753.8,41033.0
2026-06-15 09:25:00,753.15,762.0,752.45,759.8,34342.0
2026-06-15 09:30:00,759.8,761.3,758.9,760.55,11299.0
2026-06-15 09:35:00,761.3,761.9,758.9,760.35,12770.0
2026-06-15 09:40:00,760.85,761.0,757.85,759.9,12114.0
2026-06-15 09:45:00,759.9,760.35,757.0,758.15,12804.0
2026-06-15 09:50:00,758.1,761.85,757.55,761.85,17075.0
2026-06-15 09:55:00,761.85,764.5,761.0,764.45,28303.0
2026-06-15 10:00:00,763.55,765.65,760.2,761.05,28417.0
2026-06-15 10:05:00,760.85,762.45,759.0,759.5,8062.0
2026-06-15 10:10:00,759.65,762.3,758.45,762.3,4681.0
2026-06-15 10:15:00,762.3,762.55,759.4,760.15,6609.0
2026-06-15 10:20:00,760.15,760.2,756.7,758.7,15587.0
2026-06-15 10:25:00,758.85,760.35,758.05,759.65,8163.0
2026-06-15 10:30:00,759.7,759.85,756.0,756.5,11352.0
2026-06-15 10:35:00,756.65,758.5,756.0,758.5,8328.0
2026-06-15 10:40:00,758.4,759.0,754.0,754.4,15806.0
2026-06-15 10:45:00,754.95,755.0,754.0,754.75,9705.0
2026-06-15 10:50:00,754.2,754.7,752.9,753.3,8978.0
2026-06-15 10:55:00,753.6,753.95,751.0,752.4,22800.0
2026-06-15 11:00:00,752.1,753.3,751.35,752.95,7808.0
2026-06-15 11:05:00,752.95,753.8,751.5,752.4,9877.0
2026-06-15 11:10:00,752.6,752.6,750.1,750.8,16209.0
2026-06-15 11:15:00,750.8,750.8,747.6,749.9,31756.0
2026-06-15 11:20:00,749.9,750.0,745.25,747.95,29610.0
2026-06-15 11:25:00,747.95,749.35,747.6,748.35,8260.0
2026-06-15 11:30:00,748.45,749.5,748.0,749.5,3919.0
2026-06-15 11:35:00,749.5,749.65,745.6,746.25,10297.0
2026-06-15 11:40:00,746.35,747.0,743.75,746.0,26186.0
2026-06-15 11:45:00,746.0,747.0,744.55,746.1,15940.0
2026-06-15 11:50:00,746.1,746.9,745.5,746.55,6819.0
2026-06-15 11:55:00,746.55,746.7,742.6,744.9,49829.0
2026-06-15 12:00:00,744.9,748.4,743.35,747.8,49959.0
2026-06-15 12:05:00,748.45,749.9,747.45,749.8,11767.0
2026-06-15 12:10:00,749.6,750.0,748.85,749.85,7526.0
2026-06-15 12:15:00,750.0,750.0,748.95,749.3,18577.0
2026-06-15 12:20:00,748.9,748.9,747.05,747.95,6929.0
2026-06-15 12:25:00,747.95,748.0,745.95,746.95,8073.0
2026-06-15 12:30:00,746.9,747.7,745.7,747.5,21619.0
2026-06-15 12:35:00,747.0,747.4,745.35,747.0,4382.0
2026-06-15 12:40:00,747.0,747.35,743.2,743.8,14445.0
2026-06-15 12:45:00,743.85,743.9,743.0,743.5,6414.0
2026-06-15 12:50:00,743.5,743.5,741.05,742.75,14542.0
2026-06-15 12:55:00,742.75,743.6,742.15,743.15,6658.0
2026-06-15 13:00:00,743.45,743.45,741.05,741.15,16012.0
2026-06-15 13:05:00,741.15,745.0,740.25,745.0,21074.0
2026-06-15 13:10:00,745.0,745.0,744.25,744.8,5104.0
2026-06-15 13:15:00,745.0,745.0,743.9,745.0,6109.0
2026-06-15 13:20:00,745.0,745.5,743.75,743.8,9338.0
2026-06-15 13:25:00,744.2,744.55,742.1,742.55,23111.0
2026-06-15 13:30:00,742.8,747.95,741.55,745.8,34789.0
2026-06-15 13:35:00,746.35,746.85,745.15,745.85,25640.0
2026-06-15 13:40:00,746.1,746.7,745.0,745.0,8151.0
2026-06-15 13:45:00,745.0,745.5,744.65,745.35,2230.0
2026-06-15 13:50:00,745.25,746.05,744.65,745.8,4751.0
2026-06-15 13:55:00,745.8,746.3,744.7,744.7,3514.0
2026-06-15 14:00:00,744.8,745.35,743.65,744.4,8570.0
2026-06-15 14:05:00,743.9,744.7,739.85,740.85,63804.0
2026-06-15 14:10:00,740.8,746.7,740.8,746.7,26474.0
2026-06-15 14:15:00,746.65,747.0,745.1,746.7,4401.0
2026-06-15 14:20:00,746.7,747.0,745.5,745.5,18894.0
2026-06-15 14:25:00,746.2,746.4,744.25,745.95,4997.0
2026-06-15 14:30:00,745.8,745.95,744.05,745.3,5608.0
2026-06-15 14:35:00,744.95,746.0,744.25,745.45,5357.0
2026-06-15 14:40:00,744.9,749.0,744.4,748.3,23105.0
2026-06-15 14:45:00,748.75,748.75,747.5,748.15,9285.0
2026-06-15 14:50:00,748.45,748.9,747.25,747.9,12922.0
2026-06-15 14:55:00,748.25,749.2,747.1,749.05,13216.0
2026-06-15 15:00:00,748.85,749.5,747.1,748.3,21255.0
2026-06-15 15:05:00,748.25,749.8,747.65,748.5,38025.0
2026-06-15 15:10:00,748.4,751.55,748.0,751.0,50012.0
2026-06-15 15:15:00,751.5,751.5,747.0,747.9,34735.0
2026-06-15 15:20:00,748.15,748.45,747.0,747.25,23804.0
2026-06-15 15:25:00,747.25,748.8,747.0,747.9,30666.0
2026-06-16 09:15:00,748.55,757.0,748.55,751.8,23812.0
2026-06-16 09:20:00,752.2,753.3,748.7,748.7,8182.0
2026-06-16 09:25:00,748.65,749.5,747.25,748.25,7865.0
2026-06-16 09:30:00,748.05,751.95,747.1,749.75,5371.0
2026-06-16 09:35:00,749.7,749.85,747.5,748.35,5522.0
2026-06-16 09:40:00,748.35,751.0,748.1,750.95,6970.0
2026-06-16 09:45:00,750.2,750.75,745.2,746.2,29207.0
2026-06-16 09:50:00,746.45,750.8,746.25,748.65,18905.0
2026-06-16 09:55:00,748.65,749.25,747.4,748.65,3501.0
2026-06-16 10:00:00,749.05,749.05,747.25,748.0,14643.0
2026-06-16 10:05:00,748.0,749.9,747.05,749.9,27858.0
2026-06-16 10:10:00,749.8,751.0,748.9,750.4,14699.0
2026-06-16 10:15:00,750.45,750.7,749.35,749.7,3123.0
2026-06-16 10:20:00,749.8,751.0,749.0,751.0,5906.0
2026-06-16 10:25:00,750.2,752.6,750.2,751.2,25871.0
2026-06-16 10:30:00,751.3,751.95,749.2,749.2,3034.0
2026-06-16 10:35:00,749.45,751.95,749.0,750.05,4282.0
2026-06-16 10:40:00,750.6,751.7,750.15,751.3,2403.0
2026-06-16 10:45:00,751.2,751.8,750.4,751.5,2639.0
2026-06-16 10:50:00,751.5,753.0,751.0,751.9,4326.0
2026-06-16 10:55:00,751.15,752.0,750.95,751.55,2015.0
2026-06-16 11:00:00,751.85,752.75,750.35,750.85,3788.0
2026-06-16 11:05:00,750.5,751.9,750.0,751.65,509791.0
2026-06-16 11:10:00,752.35,757.0,751.75,755.1,32892.0
2026-06-16 11:15:00,755.0,755.65,753.2,753.8,6848.0
2026-06-16 11:20:00,753.75,754.9,753.1,754.9,6133.0
2026-06-16 11:25:00,754.9,755.1,754.45,754.55,2331.0
2026-06-16 11:30:00,753.9,754.2,753.0,754.2,4394.0
2026-06-16 11:35:00,754.55,754.55,753.3,753.95,1004.0
2026-06-16 11:40:00,754.15,754.85,754.0,754.85,1206.0
2026-06-16 11:45:00,754.85,754.95,751.15,751.35,24353.0
2026-06-16 11:50:00,751.25,753.8,751.25,753.6,6877.0
2026-06-16 11:55:00,753.15,754.7,750.05,752.35,76502.0
2026-06-16 12:00:00,752.4,752.9,751.85,752.9,900.0
2026-06-16 12:05:00,752.55,753.55,752.0,753.55,5834.0
2026-06-16 12:10:00,753.0,753.85,753.0,753.45,801.0
2026-06-16 12:15:00,753.1,753.7,752.95,753.0,375.0
2026-06-16 12:20:00,753.1,753.4,750.8,751.4,14754.0
2026-06-16 12:25:00,751.15,751.9,751.0,751.35,1076.0
2026-06-16 12:30:00,751.4,751.8,750.35,750.85,12836.0
2026-06-16 12:35:00,750.95,750.95,750.35,750.6,7555.0
2026-06-16 12:40:00,750.6,750.85,750.35,750.6,1174.0
2026-06-16 12:45:00,750.6,750.7,750.55,750.6,832.0
2026-06-16 12:50:00,750.65,750.75,750.4,750.75,1838.0
2026-06-16 12:55:00,750.75,750.75,750.7,750.75,123.0
2026-06-16 13:00:00,750.75,750.9,750.75,750.9,456.0
2026-06-16 13:05:00,750.9,750.9,746.25,746.55,159210.0
2026-06-16 13:10:00,747.0,747.6,747.0,747.05,1985.0
2026-06-16 13:15:00,747.7,748.9,746.3,747.95,6339.0
2026-06-16 13:20:00,748.0,748.6,747.75,748.0,654.0
2026-06-16 13:25:00,748.35,748.7,746.95,747.0,13064.0
2026-06-16 13:30:00,747.1,748.45,746.25,747.85,10644.0
2026-06-16 13:35:00,747.8,748.2,746.55,746.55,7186.0
2026-06-16 13:40:00,746.95,747.6,746.8,747.55,1269.0
2026-06-16 13:45:00,747.1,747.95,746.9,747.95,823.0
2026-06-16 13:50:00,747.95,748.5,747.15,747.4,1278.0
2026-06-16 13:55:00,747.0,748.2,747.0,747.9,1179.0
2026-06-16 14:00:00,748.0,748.15,747.05,747.05,1040.0
2026-06-16 14:05:00,747.45,747.45,746.25,746.25,11418.0
2026-06-16 14:10:00,746.25,748.05,745.8,747.65,14544.0
2026-06-16 14:15:00,746.45,748.6,746.45,746.7,16168.0
2026-06-16 14:20:00,746.95,747.15,746.3,746.5,1154.0
2026-06-16 14:25:00,746.45,747.5,745.8,746.85,32280.0
2026-06-16 14:30:00,746.85,747.0,746.65,746.9,3096.0
2026-06-16 14:35:00,746.75,747.0,746.45,747.0,14407.0
2026-06-16 14:40:00,746.8,750.0,746.8,748.75,19191.0
2026-06-16 14:45:00,748.95,749.35,747.75,747.8,2637.0
2026-06-16 14:50:00,747.25,749.05,747.25,748.45,10486.0
2026-06-16 14:55:00,748.3,749.0,747.6,748.8,16899.0
2026-06-16 15:00:00,748.8,749.0,746.4,746.55,14262.0
2026-06-16 15:05:00,747.1,750.25,746.4,749.4,27740.0
2026-06-16 15:10:00,749.4,749.65,747.8,749.55,9608.0
2026-06-16 15:15:00,749.55,750.4,747.3,748.25,33393.0
2026-06-16 15:20:00,748.15,750.2,747.05,750.1,526957.0
2026-06-16 15:25:00,749.95,751.9,749.0,750.0,36059.0
2026-06-17 09:15:00,752.0,758.65,750.05,753.25,62703.0
2026-06-17 09:20:00,751.85,757.0,751.85,756.85,11841.0
2026-06-17 09:25:00,757.0,757.25,754.35,755.1,9302.0
2026-06-17 09:30:00,755.1,755.5,753.65,754.0,3481.0
2026-06-17 09:35:00,753.45,755.85,753.45,755.35,2960.0
2026-06-17 09:40:00,756.0,756.45,754.0,755.2,14102.0
2026-06-17 09:45:00,754.0,754.2,750.0,750.75,7597.0
2026-06-17 09:50:00,750.75,751.0,749.4,750.2,5551.0
2026-06-17 09:55:00,750.7,752.8,750.6,751.55,3390.0
2026-06-17 10:00:00,751.55,751.85,750.75,751.65,2218.0
2026-06-17 10:05:00,751.7,752.0,750.65,752.0,1121.0
2026-06-17 10:10:00,752.0,752.0,750.7,750.7,1660.0
2026-06-17 10:15:00,749.85,750.0,748.85,748.85,4926.0
2026-06-17 10:20:00,748.35,749.4,748.1,748.3,2868.0
2026-06-17 10:25:00,748.55,749.3,747.75,748.0,3346.0
2026-06-17 10:30:00,748.0,749.4,747.4,747.45,6625.0
2026-06-17 10:35:00,747.6,749.0,747.2,748.75,1065.0
2026-06-17 10:40:00,748.85,748.9,746.05,748.25,12771.0
2026-06-17 10:45:00,748.8,748.8,746.05,746.4,4687.0
2026-06-17 10:50:00,746.4,746.85,745.65,746.55,5318.0
2026-06-17 10:55:00,746.5,747.05,744.0,744.1,5019.0
2026-06-17 11:00:00,744.3,746.95,744.0,746.95,3486.0
2026-06-17 11:05:00,747.5,747.5,745.15,745.15,2477.0
2026-06-17 11:10:00,745.45,745.45,741.8,745.3,14109.0
2026-06-17 11:15:00,745.2,745.35,744.25,744.9,3008.0
2026-06-17 11:20:00,744.45,745.2,744.25,744.55,680.0
2026-06-17 11:25:00,744.55,745.1,743.1,743.5,4412.0
2026-06-17 11:30:00,743.9,744.9,743.25,744.9,3268.0
2026-06-17 11:35:00,744.9,746.8,744.6,746.5,2496.0
2026-06-17 11:40:00,746.55,746.55,744.35,744.95,2090.0
2026-06-17 11:45:00,744.3,745.45,744.3,745.05,1235.0
2026-06-17 11:50:00,744.6,745.4,741.75,745.1,14290.0
2026-06-17 11:55:00,745.45,745.95,743.05,744.0,4258.0
2026-06-17 12:00:00,744.25,745.0,744.0,744.8,2714.0
2026-06-17 12:05:00,745.25,748.35,744.75,747.0,8158.0
2026-06-17 12:10:00,747.85,749.9,747.85,749.6,5878.0
2026-06-17 12:15:00,749.6,750.0,748.85,749.15,5692.0
2026-06-17 12:20:00,748.55,749.65,747.7,748.15,6678.0
2026-06-17 12:25:00,748.85,750.0,748.15,749.5,7055.0
2026-06-17 12:30:00,749.8,750.2,747.4,749.85,21645.0
2026-06-17 12:35:00,749.85,750.95,749.8,750.65,4298.0
2026-06-17 12:40:00,750.65,750.65,750.0,750.45,1783.0
2026-06-17 12:45:00,750.45,752.0,750.45,752.0,4143.0
2026-06-17 12:50:00,752.0,752.8,750.5,751.0,4627.0
2026-06-17 12:55:00,751.05,752.0,751.05,751.85,3859.0
2026-06-17 13:00:00,751.5,752.0,750.75,751.05,3424.0
2026-06-17 13:05:00,751.75,752.15,750.8,751.0,5675.0
2026-06-17 13:10:00,751.5,752.45,751.4,751.6,5481.0
2026-06-17 13:15:00,751.5,752.35,749.9,751.65,11338.0
2026-06-17 13:20:00,752.1,752.1,742.25,742.85,110922.0
2026-06-17 13:25:00,741.7,742.2,740.3,741.9,18200.0
2026-06-17 13:30:00,742.2,742.6,741.7,742.6,5506.0
2026-06-17 13:35:00,742.9,743.85,742.0,743.45,7771.0
2026-06-17 13:40:00,743.45,743.8,742.15,742.9,3191.0
2026-06-17 13:45:00,742.55,742.9,741.1,742.0,5441.0
2026-06-17 13:50:00,742.0,742.5,741.25,742.15,2686.0
2026-06-17 13:55:00,742.3,742.8,741.5,742.0,3421.0
2026-06-17 14:00:00,742.0,742.0,740.5,741.4,6743.0
2026-06-17 14:05:00,740.75,741.45,737.0,738.95,22569.0
2026-06-17 14:10:00,738.6,740.0,738.6,739.8,6611.0
2026-06-17 14:15:00,739.4,740.25,739.4,740.25,2648.0
2026-06-17 14:20:00,740.25,740.8,739.7,740.2,7940.0
2026-06-17 14:25:00,740.15,741.95,739.55,741.8,9420.0
2026-06-17 14:30:00,741.2,743.35,740.95,742.9,11530.0
2026-06-17 14:35:00,742.55,742.75,739.95,741.75,21230.0
2026-06-17 14:40:00,741.75,742.75,741.75,742.4,10707.0
2026-06-17 14:45:00,743.0,743.0,739.05,739.55,12520.0
2026-06-17 14:50:00,739.55,740.1,738.4,738.7,6217.0
2026-06-17 14:55:00,738.5,740.35,736.5,739.95,17340.0
2026-06-17 15:00:00,739.65,743.0,739.65,741.5,33497.0
2026-06-17 15:05:00,741.7,742.4,740.95,742.2,23247.0
2026-06-17 15:10:00,742.2,742.2,740.05,741.5,25475.0
2026-06-17 15:15:00,741.8,742.0,739.8,740.9,32207.0
2026-06-17 15:20:00,740.85,742.7,740.3,741.55,29111.0
2026-06-17 15:25:00,741.0,743.85,740.0,742.6,47727.0
2026-06-18 09:15:00,742.6,745.3,740.55,742.2,12980.0
2026-06-18 09:20:00,742.15,746.0,740.75,745.15,8389.0
2026-06-18 09:25:00,746.0,747.9,745.35,746.15,6509.0
2026-06-18 09:30:00,746.6,748.6,745.05,748.25,10233.0
2026-06-18 09:35:00,748.0,750.0,746.25,749.9,6917.0
2026-06-18 09:40:00,749.55,750.75,748.9,749.65,6798.0
2026-06-18 09:45:00,749.65,749.65,747.5,747.5,3547.0
2026-06-18 09:50:00,747.15,749.3,745.3,746.0,6979.0
2026-06-18 09:55:00,745.45,746.1,745.45,745.6,2283.0
2026-06-18 10:00:00,745.75,746.75,745.3,746.75,757.0
2026-06-18 10:05:00,747.0,748.0,745.3,745.3,8219.0
2026-06-18 10:10:00,745.05,747.0,744.0,746.0,6714.0
2026-06-18 10:15:00,746.1,747.0,745.85,746.2,4378.0
2026-06-18 10:20:00,745.85,747.2,745.85,746.95,2265.0
2026-06-18 10:25:00,746.7,747.4,745.85,747.0,5680.0
2026-06-18 10:30:00,746.85,747.4,745.0,745.0,6404.0
2026-06-18 10:35:00,745.0,746.45,745.0,745.35,3007.0
2026-06-18 10:40:00,745.35,746.65,743.3,745.95,7922.0
2026-06-18 10:45:00,745.9,747.0,744.9,745.65,7030.0
2026-06-18 10:50:00,746.2,746.3,744.1,745.55,3288.0
2026-06-18 10:55:00,745.85,746.9,745.0,745.8,2522.0
2026-06-18 11:00:00,745.15,745.75,744.7,745.4,2231.0
2026-06-18 11:05:00,745.0,745.0,744.1,744.15,928.0
2026-06-18 11:10:00,744.3,744.65,743.05,743.4,1066.0
2026-06-18 11:15:00,743.15,744.6,743.0,744.15,1616.0
2026-06-18 11:20:00,743.9,745.05,742.35,742.95,22444.0
2026-06-18 11:25:00,742.95,743.75,741.85,743.75,14357.0
2026-06-18 11:30:00,743.15,745.25,743.15,745.25,2030.0
2026-06-18 11:35:00,745.35,748.0,744.5,746.95,4962.0
2026-06-18 11:40:00,747.75,748.2,747.0,748.05,3699.0
2026-06-18 11:45:00,747.6,748.15,746.0,747.05,1810.0
2026-06-18 11:50:00,746.85,747.0,746.1,746.7,4633.0
2026-06-18 11:55:00,748.05,748.05,746.5,747.25,5939.0
2026-06-18 12:00:00,747.4,748.2,747.25,747.25,6141.0
2026-06-18 12:05:00,746.7,747.15,745.15,746.15,6808.0
2026-06-18 12:10:00,746.45,747.35,746.0,746.65,2568.0
2026-06-18 12:15:00,747.15,747.3,746.65,746.9,1411.0
2026-06-18 12:20:00,746.65,748.55,746.5,748.05,6971.0
2026-06-18 12:25:00,748.4,748.55,745.15,748.0,5096.0
2026-06-18 12:30:00,747.85,752.95,747.85,749.95,28998.0
2026-06-18 12:35:00,750.4,750.5,749.2,749.95,3282.0
2026-06-18 12:40:00,750.1,750.2,749.25,749.45,1339.0
2026-06-18 12:45:00,749.5,749.75,748.25,749.75,1909.0
2026-06-18 12:50:00,749.3,750.0,749.2,749.55,1128.0
2026-06-18 12:55:00,749.65,749.95,748.2,748.95,6709.0
2026-06-18 13:00:00,748.95,750.8,748.35,750.0,3598.0
2026-06-18 13:05:00,750.0,750.15,749.3,749.65,1673.0
2026-06-18 13:10:00,749.6,749.95,749.05,749.35,1147.0
2026-06-18 13:15:00,749.45,758.0,749.45,753.9,64038.0
2026-06-18 13:20:00,753.9,755.5,753.2,754.25,9003.0
2026-06-18 13:25:00,753.65,754.25,752.75,753.45,4781.0
2026-06-18 13:30:00,753.5,754.25,752.8,753.15,9087.0
2026-06-18 13:35:00,753.15,754.2,753.15,753.4,3304.0
2026-06-18 13:40:00,753.65,754.0,753.25,753.6,3460.0
2026-06-18 13:45:00,753.6,753.95,752.75,752.75,2979.0
2026-06-18 13:50:00,752.75,753.25,752.5,752.8,9329.0
2026-06-18 13:55:00,752.85,753.85,752.75,752.85,3812.0
2026-06-18 14:00:00,752.85,753.85,752.85,752.95,4797.0
2026-06-18 14:05:00,753.3,753.8,752.0,752.0,3418.0
2026-06-18 14:10:00,751.75,754.9,751.75,754.25,7171.0
2026-06-18 14:15:00,754.15,764.3,753.35,763.45,45741.0
2026-06-18 14:20:00,764.0,773.65,763.15,770.85,179836.0
2026-06-18 14:25:00,770.35,777.0,770.35,772.15,177892.0
2026-06-18 14:30:00,772.15,776.5,769.75,776.5,63812.0
2026-06-18 14:35:00,776.0,783.5,775.8,782.5,75694.0
2026-06-18 14:40:00,783.0,783.0,778.05,779.95,32811.0
2026-06-18 14:45:00,779.95,780.3,778.1,778.3,29765.0
2026-06-18 14:50:00,778.7,779.95,776.7,778.25,35949.0
2026-06-18 14:55:00,778.3,780.3,776.05,778.55,38029.0
2026-06-18 15:00:00,779.0,784.85,778.55,783.6,74485.0
2026-06-18 15:05:00,783.2,784.3,782.15,783.1,62913.0
2026-06-18 15:10:00,783.1,784.8,782.5,783.2,71514.0
2026-06-18 15:15:00,783.3,784.85,779.65,783.55,104310.0
2026-06-18 15:20:00,783.35,783.35,779.7,780.1,105207.0
2026-06-18 15:25:00,780.1,782.4,779.05,779.95,120751.0
2026-06-19 09:15:00,778.2,784.45,771.35,778.55,53208.0
2026-06-19 09:20:00,778.3,778.6,775.2,778.2,10514.0
2026-06-19 09:25:00,778.5,782.4,778.0,780.2,16428.0
2026-06-19 09:30:00,780.65,784.95,779.15,784.35,16148.0
2026-06-19 09:35:00,784.9,788.9,784.3,788.8,32298.0
2026-06-19 09:40:00,788.95,789.9,787.7,788.4,15935.0
2026-06-19 09:45:00,788.4,788.4,782.2,782.3,13319.0
2026-06-19 09:50:00,782.5,787.85,782.0,787.25,16787.0
2026-06-19 09:55:00,787.1,787.75,785.0,786.15,8259.0
2026-06-19 10:00:00,785.95,786.0,784.5,785.1,3914.0
2026-06-19 10:05:00,785.1,785.45,784.85,785.3,2499.0
2026-06-19 10:10:00,785.3,786.95,785.3,786.95,1397.0
2026-06-19 10:15:00,786.8,787.0,785.1,785.5,3671.0
2026-06-19 10:20:00,785.65,785.65,784.2,785.55,6182.0
2026-06-19 10:25:00,785.3,787.95,785.3,786.85,9604.0
2026-06-19 10:30:00,787.0,787.75,786.0,786.15,881.0
2026-06-19 10:35:00,786.65,793.95,786.65,793.25,55107.0
2026-06-19 10:40:00,793.65,794.0,791.35,793.7,11670.0
2026-06-19 10:45:00,793.15,793.5,790.85,791.1,6585.0
2026-06-19 10:50:00,791.05,791.1,790.15,790.55,4581.0
2026-06-19 10:55:00,790.55,790.75,787.75,789.05,25311.0
2026-06-19 11:00:00,789.0,790.0,788.35,789.3,1591.0
2026-06-19 11:05:00,789.35,789.35,788.3,788.3,1642.0
2026-06-19 11:10:00,788.35,792.95,788.3,791.55,15059.0
2026-06-19 11:15:00,791.55,792.3,790.85,791.9,2773.0
2026-06-19 11:20:00,792.0,792.45,790.65,791.2,13730.0
2026-06-19 11:25:00,791.1,791.25,790.0,790.45,28229.0
2026-06-19 11:30:00,789.9,789.9,787.65,788.95,43496.0
2026-06-19 11:35:00,788.95,788.95,788.35,788.65,1411.0
2026-06-19 11:40:00,788.6,791.75,788.3,791.75,38695.0
2026-06-19 11:45:00,791.75,792.5,790.5,791.2,73854.0
2026-06-19 11:50:00,791.2,791.2,790.0,790.45,16660.0
2026-06-19 11:55:00,790.25,791.0,789.0,790.95,34821.0
2026-06-19 12:00:00,790.6,791.0,790.0,790.4,10383.0
2026-06-19 12:05:00,790.6,790.9,790.15,790.2,2430.0
2026-06-19 12:10:00,790.4,790.45,790.15,790.15,1654.0
2026-06-19 12:15:00,790.25,791.0,790.0,790.75,7231.0
2026-06-19 12:20:00,790.75,791.5,790.35,790.55,12783.0
2026-06-19 12:25:00,790.55,790.7,790.45,790.45,744.0
2026-06-19 12:30:00,790.25,790.7,790.0,790.65,9015.0
2026-06-19 12:35:00,790.6,790.6,790.0,790.0,3797.0
2026-06-19 12:40:00,790.0,790.95,790.0,790.85,3884.0
2026-06-19 12:45:00,791.0,791.0,790.2,791.0,9295.0
2026-06-19 12:50:00,791.2,791.25,790.0,790.85,25345.0
2026-06-19 12:55:00,790.9,791.0,790.1,790.55,1517.0
2026-06-19 13:00:00,790.45,790.65,790.15,790.15,1749.0
2026-06-19 13:05:00,790.2,790.9,790.0,790.8,18857.0
2026-06-19 13:10:00,790.9,795.0,790.55,793.55,261221.0
2026-06-19 13:15:00,793.55,795.6,792.75,792.8,36374.0
2026-06-19 13:20:00,792.6,793.65,790.5,792.35,20791.0
2026-06-19 13:25:00,792.55,792.55,786.35,786.9,35455.0
2026-06-19 13:30:00,786.15,786.65,784.45,786.35,12544.0
2026-06-19 13:35:00,785.9,786.0,784.45,785.45,5346.0
2026-06-19 13:40:00,785.65,785.65,783.55,784.1,7371.0
2026-06-19 13:45:00,784.2,784.2,782.3,783.0,4562.0
2026-06-19 13:50:00,782.0,782.2,779.95,781.6,32470.0
2026-06-19 13:55:00,781.55,783.5,781.55,782.5,3966.0
2026-06-19 14:00:00,782.4,783.2,780.95,782.2,10805.0
2026-06-19 14:05:00,782.4,783.25,782.05,783.0,5698.0
2026-06-19 14:10:00,783.0,783.3,782.55,782.6,3677.0
2026-06-19 14:15:00,782.95,783.2,782.25,783.2,2606.0
2026-06-19 14:20:00,783.3,783.3,781.2,781.65,4248.0
2026-06-19 14:25:00,781.2,783.05,780.8,782.8,2293.0
2026-06-19 14:30:00,783.05,783.5,781.1,782.05,8714.0
2026-06-19 14:35:00,782.45,783.8,781.95,783.7,3560.0
2026-06-19 14:40:00,783.35,783.85,782.0,782.9,3871.0
2026-06-19 14:45:00,783.2,783.55,781.05,782.9,16072.0
2026-06-19 14:50:00,782.6,782.6,779.0,779.55,11776.0
2026-06-19 14:55:00,779.55,779.6,776.25,777.2,43894.0
2026-06-19 15:00:00,775.8,787.95,773.7,787.05,94567.0
2026-06-19 15:05:00,787.05,792.5,787.0,788.75,93665.0
2026-06-19 15:10:00,788.6,788.8,785.1,787.1,79798.0
2026-06-19 15:15:00,786.85,787.8,784.7,785.95,78891.0
2026-06-19 15:20:00,785.15,788.6,784.25,787.6,98310.0
2026-06-19 15:25:00,787.7,793.7,786.0,789.9,99058.0
2026-06-22 09:15:00,790.0,797.0,783.0,784.0,94856.0
2026-06-22 09:20:00,784.25,786.3,782.1,782.1,9392.0
2026-06-22 09:25:00,782.75,783.25,780.15,783.25,9822.0
2026-06-22 09:30:00,783.4,783.4,780.2,781.6,9198.0
2026-06-22 09:35:00,781.85,784.85,780.35,783.95,14235.0
2026-06-22 09:40:00,783.9,785.5,782.3,783.15,4346.0
2026-06-22 09:45:00,783.15,783.75,781.15,782.1,3692.0
2026-06-22 09:50:00,782.1,782.75,781.1,782.35,3818.0
2026-06-22 09:55:00,782.15,783.6,781.6,782.0,2705.0
2026-06-22 10:00:00,782.45,783.05,780.25,780.95,4924.0
2026-06-22 10:05:00,780.95,782.65,780.85,781.85,2612.0
2026-06-22 10:10:00,781.85,781.95,780.8,781.65,2575.0
2026-06-22 10:15:00,781.75,781.9,780.25,781.55,1756.0
2026-06-22 10:20:00,781.5,781.5,780.45,781.05,1865.0
2026-06-22 10:25:00,781.05,781.55,779.65,779.85,4181.0
2026-06-22 10:30:00,779.25,782.25,779.25,782.2,7866.0
2026-06-22 10:35:00,781.65,783.0,781.3,782.9,3011.0
2026-06-22 10:40:00,782.35,783.0,781.55,782.85,1311.0
2026-06-22 10:45:00,782.4,783.0,782.25,783.0,1198.0
2026-06-22 10:50:00,783.0,783.0,781.1,781.25,2305.0
2026-06-22 10:55:00,781.6,782.95,781.6,782.45,808.0
2026-06-22 11:00:00,782.95,783.0,781.45,781.45,1209.0
2026-06-22 11:05:00,782.2,782.2,778.2,778.6,14081.0
2026-06-22 11:10:00,778.6,779.0,778.15,779.0,2078.0
2026-06-22 11:15:00,779.0,779.0,777.0,778.1,3293.0
2026-06-22 11:20:00,778.1,778.65,776.75,776.75,10300.0
2026-06-22 11:25:00,776.15,777.35,776.0,777.05,2126.0
2026-06-22 11:30:00,776.9,777.7,776.65,776.7,2734.0
2026-06-22 11:35:00,776.7,778.65,776.7,777.7,7229.0
2026-06-22 11:40:00,778.0,778.0,776.9,777.25,1562.0
2026-06-22 11:45:00,777.3,777.8,776.7,777.15,1978.0
2026-06-22 11:50:00,777.15,778.0,777.0,777.45,1869.0
2026-06-22 11:55:00,777.35,778.75,777.0,778.65,876.0
2026-06-22 12:00:00,778.65,779.0,778.0,778.5,1277.0
2026-06-22 12:05:00,778.5,778.8,777.35,778.4,1121.0
2026-06-22 12:10:00,778.4,778.5,777.55,777.55,640.0
2026-06-22 12:15:00,777.65,778.5,777.2,777.2,1898.0
2026-06-22 12:20:00,777.75,778.0,776.65,777.5,3119.0
2026-06-22 12:25:00,777.65,777.65,776.95,777.5,732.0
2026-06-22 12:30:00,777.9,778.9,777.4,777.8,2347.0
2026-06-22 12:35:00,778.25,779.0,777.8,779.0,553.0
2026-06-22 12:40:00,779.0,779.35,778.25,778.4,2637.0
2026-06-22 12:45:00,779.1,780.85,777.8,780.25,3348.0
2026-06-22 12:50:00,780.55,781.0,780.25,780.25,2402.0
2026-06-22 12:55:00,780.85,781.0,780.4,780.95,1929.0
2026-06-22 13:00:00,780.85,780.95,778.35,779.75,7896.0
2026-06-22 13:05:00,780.05,780.15,778.5,778.8,1597.0
2026-06-22 13:10:00,778.5,778.95,777.6,778.85,1409.0
2026-06-22 13:15:00,779.0,779.85,778.55,779.35,1207.0
2026-06-22 13:20:00,779.9,780.5,778.8,779.85,1659.0
2026-06-22 13:25:00,779.05,779.85,778.8,778.8,966.0
2026-06-22 13:30:00,778.8,779.85,778.25,779.15,671.0
2026-06-22 13:35:00,779.4,779.85,778.15,778.8,1824.0
2026-06-22 13:40:00,778.85,779.65,778.15,779.65,2071.0
2026-06-22 13:45:00,779.85,779.9,779.0,779.0,520.0
2026-06-22 13:50:00,778.95,779.8,778.55,779.0,700.0
2026-06-22 13:55:00,779.0,779.85,778.45,779.3,1307.0
2026-06-22 14:00:00,778.9,780.05,778.9,779.45,1031.0
2026-06-22 14:05:00,779.65,779.95,779.25,779.7,564.0
2026-06-22 14:10:00,779.9,779.95,779.05,779.15,634.0
2026-06-22 14:15:00,779.1,779.85,779.1,779.35,1960.0
2026-06-22 14:20:00,779.35,780.7,779.35,780.2,2231.0
2026-06-22 14:25:00,780.2,780.7,780.0,780.15,255.0
2026-06-22 14:30:00,780.15,780.95,780.05,780.95,905.0
2026-06-22 14:35:00,780.95,780.95,780.3,780.75,728.0
2026-06-22 14:40:00,780.1,781.0,780.1,780.8,4953.0
2026-06-22 14:45:00,780.8,780.95,780.1,780.75,1296.0
2026-06-22 14:50:00,780.3,780.85,779.8,780.3,1692.0
2026-06-22 14:55:00,780.25,780.45,778.6,779.6,7179.0
2026-06-22 15:00:00,778.9,779.7,778.0,779.5,7152.0
2026-06-22 15:05:00,779.5,780.45,778.8,780.35,4977.0
2026-06-22 15:10:00,779.95,780.25,779.0,779.35,5240.0
2026-06-22 15:15:00,779.35,780.55,777.05,779.55,25895.0
2026-06-22 15:20:00,778.4,779.05,777.05,777.7,5481.0
2026-06-22 15:25:00,777.1,780.0,775.1,780.0,21051.0
2026-06-23 09:15:00,789.0,800.0,786.6,799.55,138982.0
2026-06-23 09:20:00,799.75,803.9,798.2,801.35,160805.0
2026-06-23 09:25:00,801.45,802.9,794.45,796.1,86172.0
2026-06-23 09:30:00,796.05,800.0,794.0,799.95,57086.0
2026-06-23 09:35:00,800.0,802.0,799.0,800.7,58710.0
2026-06-23 09:40:00,800.0,800.95,786.2,790.0,90584.0
2026-06-23 09:45:00,789.85,796.3,789.8,795.55,129358.0
2026-06-23 09:50:00,795.85,797.2,794.6,795.9,14240.0
2026-06-23 09:55:00,795.9,799.5,795.5,799.5,20214.0
2026-06-23 10:00:00,799.0,799.95,797.0,799.0,21434.0
2026-06-23 10:05:00,798.7,799.2,797.05,798.25,14306.0
2026-06-23 10:10:00,798.55,798.95,797.35,798.0,12948.0
2026-06-23 10:15:00,798.0,798.0,794.15,795.85,13444.0
2026-06-23 10:20:00,795.7,798.5,794.9,797.75,22483.0
2026-06-23 10:25:00,797.75,798.95,797.25,797.95,10804.0
2026-06-23 10:30:00,797.85,798.8,795.4,796.6,11434.0
2026-06-23 10:35:00,796.25,797.0,795.0,796.45,8501.0
2026-06-23 10:40:00,796.95,798.65,796.25,798.45,12501.0
2026-06-23 10:45:00,798.45,798.65,796.3,797.3,13078.0
2026-06-23 10:50:00,798.15,798.35,795.55,796.3,9117.0
2026-06-23 10:55:00,796.3,797.65,795.7,797.05,5858.0
2026-06-23 11:00:00,796.6,798.0,795.5,797.75,18665.0
2026-06-23 11:05:00,797.95,799.0,796.75,799.0,15674.0
2026-06-23 11:10:00,799.0,800.0,798.7,800.0,22447.0
2026-06-23 11:15:00,800.0,800.0,798.85,800.0,9836.0
2026-06-23 11:20:00,800.0,800.0,798.0,799.35,6926.0
2026-06-23 11:25:00,799.25,799.95,797.55,798.0,7754.0
2026-06-23 11:30:00,795.0,795.0,788.85,790.0,53334.0
2026-06-23 11:35:00,790.4,790.6,789.0,790.0,10835.0
2026-06-23 11:40:00,790.0,790.65,789.1,790.0,15766.0
2026-06-23 11:45:00,790.0,790.35,788.15,789.2,15481.0
2026-06-23 11:50:00,789.15,790.45,788.7,789.35,6143.0
2026-06-23 11:55:00,789.1,789.7,788.2,789.55,7539.0
2026-06-23 12:00:00,789.45,790.2,788.7,789.8,8935.0
2026-06-23 12:05:00,789.8,790.45,789.2,789.95,7194.0
2026-06-23 12:10:00,790.3,790.5,785.3,789.35,12948.0
2026-06-23 12:15:00,789.45,790.25,788.5,790.0,6879.0
2026-06-23 12:20:00,790.0,790.4,788.6,789.35,8290.0
2026-06-23 12:25:00,789.25,793.8,789.0,793.8,35292.0
2026-06-23 12:30:00,793.65,793.9,792.65,793.6,5227.0
2026-06-23 12:35:00,793.6,795.6,793.0,795.0,12288.0
2026-06-23 12:40:00,795.0,795.0,792.6,793.45,6574.0
2026-06-23 12:45:00,792.8,794.25,792.0,794.25,11194.0
2026-06-23 12:50:00,794.25,794.25,789.55,790.0,35910.0
2026-06-23 12:55:00,789.8,790.0,789.1,789.75,5719.0
2026-06-23 13:00:00,789.75,790.0,788.65,789.8,5258.0
2026-06-23 13:05:00,789.8,791.35,788.5,789.85,12564.0
2026-06-23 13:10:00,789.85,789.85,787.5,787.95,5299.0
2026-06-23 13:15:00,787.8,789.45,786.9,789.1,13435.0
2026-06-23 13:20:00,789.0,790.0,788.1,789.75,5683.0
2026-06-23 13:25:00,789.65,789.95,786.95,788.65,11194.0
2026-06-23 13:30:00,787.85,789.25,787.25,788.3,5613.0
2026-06-23 13:35:00,787.95,788.8,787.35,788.55,4217.0
2026-06-23 13:40:00,788.55,790.0,787.95,790.0,6893.0
2026-06-23 13:45:00,790.0,790.0,789.0,789.95,4732.0
2026-06-23 13:50:00,789.95,790.0,787.9,788.05,5346.0
2026-06-23 13:55:00,788.45,789.45,787.5,789.0,7425.0
2026-06-23 14:00:00,789.3,789.9,788.75,789.8,4099.0
2026-06-23 14:05:00,789.6,790.0,789.1,789.45,5037.0
2026-06-23 14:10:00,789.45,790.0,789.1,790.0,11891.0
2026-06-23 14:15:00,790.05,793.1,790.05,793.05,8262.0
2026-06-23 14:20:00,792.7,793.4,792.2,792.85,4347.0
2026-06-23 14:25:00,792.85,793.7,792.55,793.0,5324.0
2026-06-23 14:30:00,793.2,793.95,789.15,789.25,12352.0
2026-06-23 14:35:00,789.45,790.0,788.3,789.45,6487.0
2026-06-23 14:40:00,789.9,790.0,788.75,790.0,11544.0
2026-06-23 14:45:00,790.0,790.0,789.25,790.0,9068.0
2026-06-23 14:50:00,790.0,790.0,789.2,790.0,7544.0
2026-06-23 14:55:00,790.0,790.0,789.15,789.7,11653.0
2026-06-23 15:00:00,789.5,789.5,786.0,787.6,16626.0
2026-06-23 15:05:00,787.6,789.0,787.4,788.6,18836.0
2026-06-23 15:10:00,788.55,788.9,787.65,787.65,21781.0
2026-06-23 15:15:00,788.1,789.85,787.45,788.25,44240.0
2026-06-23 15:20:00,787.8,788.95,787.0,788.9,31331.0
2026-06-23 15:25:00,788.95,789.65,785.0,785.0,31242.0
2026-06-24 09:15:00,789.65,799.9,788.05,795.4,91688.0
2026-06-24 09:20:00,795.35,798.9,789.9,790.55,54796.0
2026-06-24 09:25:00,791.0,793.4,790.0,790.3,18320.0
2026-06-24 09:30:00,790.85,791.7,789.4,789.5,18208.0
2026-06-24 09:35:00,789.8,790.95,788.15,790.4,8635.0
2026-06-24 09:40:00,790.6,791.25,788.3,788.45,9502.0
2026-06-24 09:45:00,788.35,788.5,786.1,786.65,8558.0
2026-06-24 09:50:00,786.6,787.7,785.0,787.25,8873.0
2026-06-24 09:55:00,787.3,790.95,787.3,790.9,4592.0
2026-06-24 10:00:00,791.05,792.0,790.0,790.35,11593.0
2026-06-24 10:05:00,790.55,790.95,787.6,789.05,14403.0
2026-06-24 10:10:00,788.95,789.9,787.3,788.25,4378.0
2026-06-24 10:15:00,788.25,788.25,786.4,786.4,7214.0
2026-06-24 10:20:00,786.85,786.85,785.0,786.25,8959.0
2026-06-24 10:25:00,785.7,786.6,785.2,785.2,4211.0
2026-06-24 10:30:00,785.4,786.4,785.1,785.5,2529.0
2026-06-24 10:35:00,785.5,786.65,785.05,786.1,6240.0
2026-06-24 10:40:00,786.2,786.7,784.25,784.7,9864.0
2026-06-24 10:45:00,784.7,785.05,781.6,781.95,17428.0
2026-06-24 10:50:00,782.25,783.65,781.0,782.6,19723.0
2026-06-24 10:55:00,782.6,782.95,778.35,779.4,39515.0
2026-06-24 11:00:00,779.65,779.75,777.5,778.05,22822.0
2026-06-24 11:05:00,778.8,778.8,775.2,776.9,16936.0
2026-06-24 11:10:00,777.0,779.65,776.65,776.65,11018.0
2026-06-24 11:15:00,776.9,779.5,776.9,777.9,4008.0
2026-06-24 11:20:00,778.0,778.25,776.25,776.8,2546.0
2026-06-24 11:25:00,776.45,777.45,776.0,777.35,2042.0
2026-06-24 11:30:00,777.4,777.5,774.4,777.15,8261.0
2026-06-24 11:35:00,777.5,777.5,776.0,777.1,2101.0
2026-06-24 11:40:00,776.55,777.8,774.05,775.95,5675.0
2026-06-24 11:45:00,776.45,776.75,772.5,774.05,10201.0
2026-06-24 11:50:00,774.0,774.9,772.15,774.2,6095.0
2026-06-24 11:55:00,774.45,774.9,772.9,773.4,2308.0
2026-06-24 12:00:00,773.6,775.95,773.6,775.15,4294.0
2026-06-24 12:05:00,775.1,775.45,773.7,773.7,4400.0
2026-06-24 12:10:00,773.45,774.1,773.0,773.5,5327.0
2026-06-24 12:15:00,773.5,774.85,773.0,773.8,7411.0
2026-06-24 12:20:00,774.0,775.25,773.35,774.7,3746.0
2026-06-24 12:25:00,774.5,775.5,773.8,775.5,3123.0
2026-06-24 12:30:00,775.5,776.0,775.45,776.0,4080.0
2026-06-24 12:35:00,776.0,776.9,776.0,776.9,1758.0
2026-06-24 12:40:00,776.95,778.75,776.8,778.75,5183.0
2026-06-24 12:45:00,778.75,778.75,776.35,776.75,5178.0
2026-06-24 12:50:00,776.35,777.5,774.3,774.4,29424.0
2026-06-24 12:55:00,774.3,774.85,772.85,773.95,3325.0
2026-06-24 13:00:00,774.05,775.0,772.75,774.4,3275.0
2026-06-24 13:05:00,774.95,777.5,774.6,776.95,7267.0
2026-06-24 13:10:00,776.3,777.35,775.65,777.0,2753.0
2026-06-24 13:15:00,776.65,777.95,772.8,773.75,13556.0
2026-06-24 13:20:00,773.15,774.65,772.8,773.1,5145.0
2026-06-24 13:25:00,773.5,774.9,773.0,774.45,2585.0
2026-06-24 13:30:00,774.05,775.0,774.05,775.0,3237.0
2026-06-24 13:35:00,774.95,775.5,770.0,770.4,34182.0
2026-06-24 13:40:00,771.35,772.75,770.0,772.0,13616.0
2026-06-24 13:45:00,772.0,773.0,771.4,772.15,2700.0
2026-06-24 13:50:00,771.95,772.65,771.5,772.3,2202.0
2026-06-24 13:55:00,771.75,772.95,769.95,770.7,17630.0
2026-06-24 14:00:00,769.05,771.95,769.05,771.85,5687.0
2026-06-24 14:05:00,772.1,772.75,771.85,772.6,3541.0
2026-06-24 14:10:00,772.6,772.85,772.2,772.4,1279.0
2026-06-24 14:15:00,772.45,772.7,771.05,771.55,2659.0
2026-06-24 14:20:00,771.55,772.8,771.55,772.55,2175.0
2026-06-24 14:25:00,773.0,774.6,772.3,773.85,5233.0
2026-06-24 14:30:00,773.5,774.0,772.3,772.3,2218.0
2026-06-24 14:35:00,772.75,774.0,772.75,773.85,4090.0
2026-06-24 14:40:00,773.95,774.4,771.0,771.0,19276.0
2026-06-24 14:45:00,771.0,773.0,767.25,771.75,17600.0
2026-06-24 14:50:00,772.35,772.5,769.7,771.75,13762.0
2026-06-24 14:55:00,771.2,772.15,771.15,771.4,5704.0
2026-06-24 15:00:00,771.3,772.05,769.65,770.55,25109.0
2026-06-24 15:05:00,770.55,771.1,769.0,770.65,11852.0
2026-06-24 15:10:00,770.75,771.0,770.15,770.8,9217.0
2026-06-24 15:15:00,770.5,771.95,769.55,771.75,21546.0
2026-06-24 15:20:00,771.7,772.0,769.6,771.5,21108.0
2026-06-24 15:25:00,771.25,773.9,770.65,772.6,14281.0
2026-06-25 09:15:00,774.5,781.9,773.0,775.6,18155.0
2026-06-25 09:20:00,775.15,775.95,771.7,773.15,7884.0
2026-06-25 09:25:00,773.1,773.3,770.05,770.95,10303.0
2026-06-25 09:30:00,770.95,774.95,769.9,774.3,23511.0
2026-06-25 09:35:00,774.3,774.65,771.9,774.65,10422.0
2026-06-25 09:40:00,773.5,776.35,773.05,775.4,7896.0
2026-06-25 09:45:00,775.0,776.85,774.45,775.5,3812.0
2026-06-25 09:50:00,775.55,778.25,774.75,777.5,8277.0
2026-06-25 09:55:00,777.5,778.0,776.1,777.85,8919.0
2026-06-25 10:00:00,777.85,777.85,772.55,773.3,9603.0
2026-06-25 10:05:00,773.5,774.15,771.45,773.15,5353.0
2026-06-25 10:10:00,772.75,772.8,771.0,771.8,6136.0
2026-06-25 10:15:00,771.95,773.85,770.25,773.85,3349.0
2026-06-25 10:20:00,773.85,774.4,772.9,773.15,4017.0
2026-06-25 10:25:00,772.7,776.0,772.7,775.4,4884.0
2026-06-25 10:30:00,775.5,778.0,775.4,777.65,6218.0
2026-06-25 10:35:00,777.65,777.85,773.6,775.35,6634.0
2026-06-25 10:40:00,775.35,777.3,775.3,775.8,3646.0
2026-06-25 10:45:00,775.8,775.9,775.45,775.8,974.0
2026-06-25 10:50:00,775.9,776.45,775.0,775.2,4481.0
2026-06-25 10:55:00,775.3,775.5,774.6,775.25,1209.0
2026-06-25 11:00:00,775.45,775.5,774.9,775.05,818.0
2026-06-25 11:05:00,774.95,775.5,774.4,775.5,2395.0
2026-06-25 11:10:00,775.5,776.45,775.05,775.4,2206.0
2026-06-25 11:15:00,776.05,776.25,770.45,771.6,13115.0
2026-06-25 11:20:00,771.6,772.65,770.6,771.45,2009.0
2026-06-25 11:25:00,771.1,772.6,771.1,771.45,4649.0
2026-06-25 11:30:00,771.75,771.9,767.9,771.3,49986.0
2026-06-25 11:35:00,771.25,771.95,771.1,771.95,1352.0
2026-06-25 11:40:00,771.95,771.95,769.05,769.75,3229.0
2026-06-25 11:45:00,769.95,769.95,767.15,767.9,3067.0
2026-06-25 11:50:00,767.5,768.0,767.05,767.25,2732.0
2026-06-25 11:55:00,768.0,768.1,766.0,767.05,7650.0
2026-06-25 12:00:00,767.4,768.0,766.25,766.3,1861.0
2026-06-25 12:05:00,766.75,767.4,765.1,767.4,2831.0
2026-06-25 12:10:00,766.95,767.45,765.8,766.65,2177.0
2026-06-25 12:15:00,766.2,766.95,765.5,766.0,4699.0
2026-06-25 12:20:00,766.0,766.65,765.7,766.25,4084.0
2026-06-25 12:25:00,766.7,766.7,765.25,765.4,1512.0
2026-06-25 12:30:00,766.25,766.6,765.55,766.35,2645.0
2026-06-25 12:35:00,766.65,768.0,766.5,767.7,3176.0
2026-06-25 12:40:00,767.3,767.8,766.5,766.65,1312.0
2026-06-25 12:45:00,767.2,767.55,765.6,767.2,2147.0
2026-06-25 12:50:00,766.85,766.9,766.2,766.35,1133.0
2026-06-25 12:55:00,766.25,766.5,763.3,764.2,6203.0
2026-06-25 13:00:00,764.25,764.4,763.65,764.1,3484.0
2026-06-25 13:05:00,764.15,765.55,763.75,764.6,3515.0
2026-06-25 13:10:00,764.55,765.5,759.45,760.65,52046.0
2026-06-25 13:15:00,760.75,761.95,760.45,760.65,2467.0
2026-06-25 13:20:00,761.0,762.0,760.4,762.0,4107.0
2026-06-25 13:25:00,762.0,763.0,761.4,761.85,4180.0
2026-06-25 13:30:00,761.95,762.0,760.65,761.9,1510.0
2026-06-25 13:35:00,762.25,763.55,761.05,762.8,5332.0
2026-06-25 13:40:00,763.35,763.9,762.3,763.15,2023.0
2026-06-25 13:45:00,763.15,764.0,763.15,763.95,2113.0
2026-06-25 13:50:00,763.5,763.95,762.9,762.9,1855.0
2026-06-25 13:55:00,762.55,763.0,758.5,759.65,8463.0
2026-06-25 14:00:00,759.65,761.9,759.05,761.6,51558.0
2026-06-25 14:05:00,761.5,761.75,760.6,761.4,1492.0
2026-06-25 14:10:00,761.4,761.55,760.05,760.45,1988.0
2026-06-25 14:15:00,760.8,761.0,759.8,761.0,3064.0
2026-06-25 14:20:00,760.35,761.2,759.55,759.8,2291.0
2026-06-25 14:25:00,759.75,760.55,759.4,759.95,4936.0
2026-06-25 14:30:00,760.35,760.45,759.7,760.4,1370.0
2026-06-25 14:35:00,760.3,762.3,760.25,761.85,5145.0
2026-06-25 14:40:00,761.85,762.3,760.1,761.35,4804.0
2026-06-25 14:45:00,761.35,761.35,760.3,760.7,1812.0
2026-06-25 14:50:00,760.8,761.3,759.7,760.5,2743.0
2026-06-25 14:55:00,760.45,762.85,760.15,761.3,6568.0
2026-06-25 15:00:00,761.4,763.85,761.0,763.55,14787.0
2026-06-25 15:05:00,763.75,764.35,763.15,763.6,8108.0
2026-06-25 15:10:00,763.6,763.75,762.3,762.9,9190.0
2026-06-25 15:15:00,763.35,764.75,762.65,764.65,19139.0
2026-06-25 15:20:00,764.65,765.7,764.5,764.95,18581.0
2026-06-25 15:25:00,764.95,767.85,764.75,765.0,22154.0
2026-06-29 09:15:00,765.0,774.75,760.1,773.4,30303.0
2026-06-29 09:20:00,773.4,774.0,770.4,774.0,13760.0
2026-06-29 09:25:00,774.0,774.0,771.25,771.95,10444.0
2026-06-29 09:30:00,772.8,777.0,771.75,774.85,19478.0
2026-06-29 09:35:00,774.85,778.0,774.7,777.9,16204.0
2026-06-29 09:40:00,778.0,780.9,777.6,780.0,27477.0
2026-06-29 09:45:00,779.85,780.5,778.75,779.85,9854.0
2026-06-29 09:50:00,779.7,781.0,779.4,779.85,16428.0
2026-06-29 09:55:00,779.85,781.0,779.0,781.0,6508.0
2026-06-29 10:00:00,781.0,784.0,781.0,783.1,22434.0
2026-06-29 10:05:00,783.0,784.4,781.2,781.4,15556.0
2026-06-29 10:10:00,781.85,783.0,780.7,781.25,13801.0
2026-06-29 10:15:00,781.05,783.0,781.05,782.65,19298.0
2026-06-29 10:20:00,782.65,783.6,781.7,783.2,12914.0
2026-06-29 10:25:00,783.2,785.0,782.4,784.9,19055.0
2026-06-29 10:30:00,784.9,787.5,784.35,786.7,48618.0
2026-06-29 10:35:00,786.75,788.5,785.1,785.75,37621.0
2026-06-29 10:40:00,785.9,788.3,785.9,786.35,25537.0
2026-06-29 10:45:00,786.4,788.5,786.4,787.65,26599.0
2026-06-29 10:50:00,787.65,787.95,783.9,784.05,58450.0
2026-06-29 10:55:00,784.05,787.2,783.15,786.1,32753.0
2026-06-29 11:00:00,786.0,787.75,785.2,785.2,9591.0
2026-06-29 11:05:00,785.2,787.35,784.55,786.75,20787.0
2026-06-29 11:10:00,786.75,788.75,786.75,787.7,22847.0
2026-06-29 11:15:00,787.95,788.0,786.8,786.8,20272.0
2026-06-29 11:20:00,786.85,788.8,786.15,787.8,36477.0
2026-06-29 11:25:00,787.8,790.3,784.55,788.35,258572.0
2026-06-29 11:30:00,788.45,791.5,783.4,784.5,131647.0
2026-06-29 11:35:00,784.5,786.75,784.5,785.95,14943.0
2026-06-29 11:40:00,785.95,787.4,785.9,787.15,6669.0
2026-06-29 11:45:00,787.15,788.4,786.65,788.2,6896.0
2026-06-29 11:50:00,788.2,789.5,788.05,788.9,7616.0
2026-06-29 11:55:00,788.9,789.05,786.55,787.55,6065.0
2026-06-29 12:00:00,787.55,787.95,786.65,787.2,4896.0
2026-06-29 12:05:00,787.2,787.8,786.35,787.25,5332.0
2026-06-29 12:10:00,787.3,789.0,786.2,788.65,8928.0
2026-06-29 12:15:00,788.7,791.0,787.5,791.0,43339.0
2026-06-29 12:20:00,790.95,793.35,790.0,793.15,30712.0
2026-06-29 12:25:00,793.05,794.0,791.6,792.0,18407.0
2026-06-29 12:30:00,792.0,792.5,790.9,791.85,8969.0
2026-06-29 12:35:00,791.3,792.9,790.7,791.6,20474.0
2026-06-29 12:40:00,791.6,792.0,791.0,792.0,9646.0
2026-06-29 12:45:00,792.0,793.3,791.95,793.15,7749.0
2026-06-29 12:50:00,793.15,793.3,792.6,792.95,6083.0
2026-06-29 12:55:00,792.95,793.15,792.1,792.75,5741.0
2026-06-29 13:00:00,792.75,793.0,791.0,792.0,7041.0
2026-06-29 13:05:00,792.0,792.0,790.6,791.5,5669.0
2026-06-29 13:10:00,791.5,793.5,791.1,793.5,16246.0
2026-06-29 13:15:00,793.5,793.9,793.0,793.7,9080.0
2026-06-29 13:20:00,793.75,794.0,793.65,794.0,12477.0
2026-06-29 13:25:00,794.0,795.0,794.0,794.75,9703.0
2026-06-29 13:30:00,794.75,794.85,793.65,794.3,7593.0
2026-06-29 13:35:00,794.55,795.0,793.9,795.0,6295.0
2026-06-29 13:40:00,795.0,795.3,793.15,793.8,25090.0
2026-06-29 13:45:00,793.8,795.8,793.75,794.85,10639.0
2026-06-29 13:50:00,794.85,795.75,794.2,794.35,11070.0
2026-06-29 13:55:00,794.5,795.0,794.25,794.7,10636.0
2026-06-29 14:00:00,794.7,795.0,792.65,793.85,19383.0
2026-06-29 14:05:00,793.75,795.95,793.75,795.4,14147.0
2026-06-29 14:10:00,795.4,795.85,795.0,795.5,8428.0
2026-06-29 14:15:00,795.5,795.95,794.9,795.55,14422.0
2026-06-29 14:20:00,795.75,795.95,793.55,794.95,11711.0
2026-06-29 14:25:00,794.95,795.65,794.1,795.65,9377.0
2026-06-29 14:30:00,795.6,796.45,795.2,796.0,21935.0
2026-06-29 14:35:00,796.15,797.5,795.85,796.25,19049.0
2026-06-29 14:40:00,796.25,797.35,796.05,797.25,13877.0
2026-06-29 14:45:00,797.25,797.3,796.0,797.2,23889.0
2026-06-29 14:50:00,797.2,799.0,794.65,795.0,72034.0
2026-06-29 14:55:00,795.6,796.4,793.5,795.85,36637.0
2026-06-29 15:00:00,795.15,796.0,793.45,794.8,111536.0
2026-06-29 15:05:00,794.95,795.85,794.35,794.9,147419.0
2026-06-29 15:10:00,794.9,796.9,794.0,794.7,197796.0
2026-06-29 15:15:00,794.7,795.4,794.35,794.9,248619.0
2026-06-29 15:20:00,794.9,795.5,793.6,793.9,212241.0
2026-06-29 15:25:00,793.9,796.6,791.8,794.0,115408.0
2026-06-30 09:15:00,797.95,798.6,792.75,796.6,48030.0
2026-06-30 09:20:00,795.85,796.5,793.15,795.55,23196.0
2026-06-30 09:25:00,795.15,809.65,795.0,801.85,105650.0
2026-06-30 09:30:00,801.8,804.8,801.0,803.05,42412.0
2026-06-30 09:35:00,803.05,804.8,802.5,803.3,25159.0
2026-06-30 09:40:00,803.05,803.4,797.0,797.0,28398.0
2026-06-30 09:45:00,797.1,799.0,796.6,797.5,8362.0
2026-06-30 09:50:00,797.7,799.9,797.2,798.2,11315.0
2026-06-30 09:55:00,798.3,800.0,797.55,799.85,7779.0
2026-06-30 10:00:00,799.85,800.0,798.4,799.3,7404.0
2026-06-30 10:05:00,798.75,799.7,797.15,798.85,5438.0
2026-06-30 10:10:00,799.0,799.0,797.2,798.45,9640.0
2026-06-30 10:15:00,797.85,798.35,797.3,797.95,6895.0
2026-06-30 10:20:00,798.25,798.65,797.55,798.2,9849.0
2026-06-30 10:25:00,798.2,798.45,797.75,798.35,16517.0
2026-06-30 10:30:00,798.4,798.7,797.8,798.5,71139.0
2026-06-30 10:35:00,798.5,799.0,797.9,799.0,7313.0
2026-06-30 10:40:00,799.0,799.0,797.8,798.7,10490.0
2026-06-30 10:45:00,798.65,798.65,797.6,798.3,8925.0
2026-06-30 10:50:00,798.3,798.9,798.1,798.7,4463.0
2026-06-30 10:55:00,798.45,798.6,797.15,798.2,10398.0
2026-06-30 11:00:00,798.55,798.75,797.05,798.15,4854.0
2026-06-30 11:05:00,798.45,799.0,797.5,798.45,22206.0
2026-06-30 11:10:00,798.5,798.95,798.1,798.5,7681.0
2026-06-30 11:15:00,798.3,798.6,798.1,798.5,2513.0
2026-06-30 11:20:00,798.5,798.75,798.3,798.45,6138.0
2026-06-30 11:25:00,798.5,798.95,795.1,797.4,109786.0
2026-06-30 11:30:00,798.0,798.75,795.25,796.35,61320.0
2026-06-30 11:35:00,796.35,799.0,796.1,799.0,31738.0
2026-06-30 11:40:00,799.0,799.0,798.15,798.95,7443.0
2026-06-30 11:45:00,798.95,799.0,798.0,798.55,15451.0
2026-06-30 11:50:00,798.5,799.0,797.55,798.5,3344.0
2026-06-30 11:55:00,798.5,798.8,797.65,798.2,2067.0
2026-06-30 12:00:00,798.15,799.0,798.0,798.75,2849.0
2026-06-30 12:05:00,798.75,799.0,798.75,799.0,4257.0
2026-06-30 12:10:00,799.0,805.1,798.95,803.95,45010.0
2026-06-30 12:15:00,804.0,804.05,802.2,803.8,14496.0
2026-06-30 12:20:00,803.8,803.8,801.8,801.8,6293.0
2026-06-30 12:25:00,801.85,802.6,801.7,802.0,3754.0
2026-06-30 12:30:00,802.0,802.7,801.9,802.45,3291.0
2026-06-30 12:35:00,802.45,802.45,801.6,802.2,3054.0
2026-06-30 12:40:00,802.0,802.4,801.75,801.85,1359.0
2026-06-30 12:45:00,801.8,803.85,801.7,803.8,3870.0
2026-06-30 12:50:00,803.8,805.4,803.7,805.1,12798.0
2026-06-30 12:55:00,805.5,806.0,804.5,805.3,18438.0
2026-06-30 13:00:00,805.3,805.3,800.95,801.8,25293.0
2026-06-30 13:05:00,802.1,804.9,801.0,803.8,65347.0
2026-06-30 13:10:00,803.95,804.5,803.05,803.9,9622.0
2026-06-30 13:15:00,804.0,805.2,804.0,804.85,6971.0
2026-06-30 13:20:00,804.85,805.7,804.85,805.55,9588.0
2026-06-30 13:25:00,805.7,807.2,805.7,806.6,29661.0
2026-06-30 13:30:00,806.6,807.3,806.2,807.2,17148.0
2026-06-30 13:35:00,807.25,807.4,806.4,806.95,6446.0
2026-06-30 13:40:00,806.9,807.5,806.3,807.5,9679.0
2026-06-30 13:45:00,807.0,807.4,806.0,806.5,6945.0
2026-06-30 13:50:00,806.45,807.65,804.95,807.3,32619.0
2026-06-30 13:55:00,807.3,807.3,804.95,805.95,6861.0
2026-06-30 14:00:00,806.45,806.7,804.8,805.8,6136.0
2026-06-30 14:05:00,805.75,806.4,805.0,805.75,2181.0
2026-06-30 14:10:00,805.8,806.45,804.95,806.2,4075.0
2026-06-30 14:15:00,806.25,807.0,805.5,807.0,4586.0
2026-06-30 14:20:00,807.0,807.3,806.0,806.35,8035.0
2026-06-30 14:25:00,807.0,807.25,806.0,806.45,3981.0
2026-06-30 14:30:00,806.45,806.85,805.45,806.4,3926.0
2026-06-30 14:35:00,806.4,806.75,805.05,805.9,3201.0
2026-06-30 14:40:00,805.9,807.0,805.8,806.6,5334.0
2026-06-30 14:45:00,807.0,809.1,806.6,808.5,26029.0
2026-06-30 14:50:00,808.8,808.95,808.05,808.5,5828.0
2026-06-30 14:55:00,808.8,808.95,807.05,807.55,21861.0
2026-06-30 15:00:00,807.0,809.3,806.5,809.25,31284.0
2026-06-30 15:05:00,809.25,813.65,808.6,813.55,93740.0
2026-06-30 15:10:00,812.5,813.95,811.0,813.15,46227.0
2026-06-30 15:15:00,813.3,816.4,812.75,815.4,73023.0
2026-06-30 15:20:00,815.2,815.95,813.6,815.7,62662.0
2026-06-30 15:25:00,815.7,817.7,805.0,811.55,66725.0
2026-07-01 09:15:00,817.65,829.0,817.0,825.65,91507.0
2026-07-01 09:20:00,824.7,825.5,818.25,819.6,29065.0
2026-07-01 09:25:00,819.95,821.1,815.4,816.4,23874.0
2026-07-01 09:30:00,816.65,821.4,816.4,818.55,17241.0
2026-07-01 09:35:00,818.65,819.7,816.1,817.3,19500.0
2026-07-01 09:40:00,817.2,817.2,812.0,812.8,26522.0
2026-07-01 09:45:00,813.2,817.0,812.85,816.4,16104.0
2026-07-01 09:50:00,816.4,819.0,815.0,817.9,19499.0
2026-07-01 09:55:00,817.85,819.6,816.15,816.65,10787.0
2026-07-01 10:00:00,817.05,818.0,815.3,817.6,13517.0
2026-07-01 10:05:00,817.95,819.85,817.05,817.05,10948.0
2026-07-01 10:10:00,817.65,818.55,816.65,817.8,7628.0
2026-07-01 10:15:00,817.8,817.8,816.0,817.4,9771.0
2026-07-01 10:20:00,817.4,818.3,816.0,816.3,9459.0
2026-07-01 10:25:00,816.3,817.5,816.3,817.3,8964.0
2026-07-01 10:30:00,817.0,820.0,816.75,819.9,10250.0
2026-07-01 10:35:00,819.85,820.85,818.35,818.85,24224.0
2026-07-01 10:40:00,818.95,819.8,816.7,816.7,12532.0
2026-07-01 10:45:00,816.75,818.0,816.5,817.85,7965.0
2026-07-01 10:50:00,818.2,819.25,813.3,813.4,13966.0
2026-07-01 10:55:00,813.6,815.45,813.1,813.8,5439.0
2026-07-01 11:00:00,813.9,813.9,809.65,813.05,18458.0
2026-07-01 11:05:00,813.0,815.0,812.55,814.7,8553.0
2026-07-01 11:10:00,814.45,815.7,814.45,815.7,3858.0
2026-07-01 11:15:00,816.0,817.0,815.75,816.15,6350.0
2026-07-01 11:20:00,816.55,816.55,814.85,816.25,4607.0
2026-07-01 11:25:00,816.4,817.95,815.95,817.2,9497.0
2026-07-01 11:30:00,816.85,818.2,816.85,816.95,5495.0
2026-07-01 11:35:00,816.95,817.9,816.9,817.3,3547.0
2026-07-01 11:40:00,817.35,822.95,813.55,814.8,45313.0
2026-07-01 11:45:00,815.35,817.25,813.35,816.75,34784.0
2026-07-01 11:50:00,817.35,818.0,816.5,817.2,4870.0
2026-07-01 11:55:00,817.2,818.55,816.3,818.05,8565.0
2026-07-01 12:00:00,817.95,819.4,817.95,818.75,3831.0
2026-07-01 12:05:00,818.5,818.75,813.25,814.95,11814.0
2026-07-01 12:10:00,814.95,816.0,814.75,815.3,2445.0
2026-07-01 12:15:00,815.1,815.95,814.2,814.2,4025.0
2026-07-01 12:20:00,814.15,815.0,812.45,814.4,5964.0
2026-07-01 12:25:00,814.3,816.9,814.3,815.1,17607.0
2026-07-01 12:30:00,814.9,816.6,814.15,814.2,20411.0
2026-07-01 12:35:00,814.15,814.3,813.15,813.65,5623.0
2026-07-01 12:40:00,813.65,814.0,812.95,812.95,4925.0
2026-07-01 12:45:00,813.3,814.1,813.2,813.8,15693.0
2026-07-01 12:50:00,813.6,815.5,813.05,813.15,24277.0
2026-07-01 12:55:00,813.0,813.0,811.2,811.8,6202.0
2026-07-01 13:00:00,811.8,814.0,810.0,813.9,10395.0
2026-07-01 13:05:00,813.9,815.8,809.9,809.95,19128.0
2026-07-01 13:10:00,810.0,812.85,810.0,812.8,132827.0
2026-07-01 13:15:00,812.9,815.3,812.9,814.85,4589.0
2026-07-01 13:20:00,814.25,815.8,814.25,815.1,4085.0
2026-07-01 13:25:00,815.7,817.0,815.45,817.0,7257.0
2026-07-01 13:30:00,817.0,817.25,814.25,814.95,8392.0
2026-07-01 13:35:00,814.5,815.0,814.1,814.5,16628.0
2026-07-01 13:40:00,813.95,814.8,812.8,812.8,3427.0
2026-07-01 13:45:00,813.15,813.2,812.3,813.0,2212.0
2026-07-01 13:50:00,813.0,815.75,812.55,815.5,4067.0
2026-07-01 13:55:00,815.5,817.2,815.5,815.85,5086.0
2026-07-01 14:00:00,815.95,817.25,815.55,816.55,7130.0
2026-07-01 14:05:00,816.95,817.35,816.2,816.3,7989.0
2026-07-01 14:10:00,816.15,817.4,815.75,816.35,4748.0
2026-07-01 14:15:00,816.35,816.45,815.0,815.45,4137.0
2026-07-01 14:20:00,815.3,816.0,812.9,812.95,31759.0
2026-07-01 14:25:00,812.95,813.45,812.3,812.35,3398.0
2026-07-01 14:30:00,812.65,813.15,811.0,812.15,6844.0
2026-07-01 14:35:00,812.35,815.5,812.3,815.0,9867.0
2026-07-01 14:40:00,815.05,816.25,813.25,813.95,10028.0
2026-07-01 14:45:00,814.45,815.85,814.45,814.8,5180.0
2026-07-01 14:50:00,814.8,815.4,813.4,814.35,4750.0
2026-07-01 14:55:00,814.35,815.4,814.05,814.9,9981.0
2026-07-01 15:00:00,814.6,815.2,814.35,814.6,10141.0
2026-07-01 15:05:00,814.8,814.8,814.2,814.55,13542.0
2026-07-01 15:10:00,814.55,814.8,810.85,810.85,19147.0
2026-07-01 15:15:00,811.45,812.0,810.0,810.8,27473.0
2026-07-01 15:20:00,810.65,811.95,807.8,807.8,35347.0
2026-07-01 15:25:00,808.35,810.65,806.5,809.4,26729.0
2026-07-02 09:15:00,811.35,813.7,805.5,807.4,16472.0
2026-07-02 09:20:00,807.75,810.5,806.8,808.65,13974.0
2026-07-02 09:25:00,807.85,808.0,804.5,806.15,9065.0
2026-07-02 09:30:00,806.7,810.3,806.7,809.8,6198.0
2026-07-02 09:35:00,809.5,810.65,808.0,809.85,7562.0
2026-07-02 09:40:00,810.1,813.15,810.1,812.15,10992.0
2026-07-02 09:45:00,812.5,816.0,812.5,815.0,7386.0
2026-07-02 09:50:00,815.15,819.5,814.3,817.8,12749.0
2026-07-02 09:55:00,818.2,822.3,816.65,819.05,15968.0
2026-07-02 10:00:00,818.95,820.0,818.8,819.8,6435.0
2026-07-02 10:05:00,820.5,822.0,818.3,819.0,9876.0
2026-07-02 10:10:00,818.85,819.3,818.2,818.85,6837.0
2026-07-02 10:15:00,818.9,821.2,818.15,820.6,12859.0
2026-07-02 10:20:00,820.65,821.95,820.0,821.45,16354.0
2026-07-02 10:25:00,821.45,822.4,820.95,821.2,9157.0
2026-07-02 10:30:00,821.2,821.75,819.8,820.15,3538.0
2026-07-02 10:35:00,820.95,821.05,818.3,819.6,5735.0
2026-07-02 10:40:00,819.8,819.95,817.2,817.75,3117.0
2026-07-02 10:45:00,817.8,818.95,817.5,817.95,2814.0
2026-07-02 10:50:00,818.1,818.4,816.15,817.9,8465.0
2026-07-02 10:55:00,817.8,820.95,816.8,818.4,27777.0
2026-07-02 11:00:00,818.1,822.0,818.1,818.3,48262.0
2026-07-02 11:05:00,818.4,819.55,818.0,819.35,3195.0
2026-07-02 11:10:00,819.0,820.4,819.0,819.85,3938.0
2026-07-02 11:15:00,820.2,820.35,815.25,818.8,28954.0
2026-07-02 11:20:00,818.05,820.85,818.0,820.15,101457.0
2026-07-02 11:25:00,820.2,821.5,819.55,821.2,2716.0
2026-07-02 11:30:00,820.85,821.3,820.0,821.3,2913.0
2026-07-02 11:35:00,821.3,822.0,821.0,821.9,2771.0
2026-07-02 11:40:00,821.65,821.9,821.0,821.0,3123.0
2026-07-02 11:45:00,821.6,822.0,821.2,821.85,2336.0
2026-07-02 11:50:00,821.85,823.05,821.35,821.8,9699.0
2026-07-02 11:55:00,821.45,822.9,821.2,822.85,820.0
2026-07-02 12:00:00,822.85,823.2,822.0,822.0,3616.0
2026-07-02 12:05:00,822.0,822.35,821.5,821.75,3651.0
2026-07-02 12:10:00,821.75,822.3,820.5,821.3,4965.0
2026-07-02 12:15:00,821.45,823.0,819.35,819.7,18820.0
2026-07-02 12:20:00,820.4,821.85,820.4,821.25,1543.0
2026-07-02 12:25:00,821.15,821.8,820.1,820.1,2380.0
2026-07-02 12:30:00,820.4,822.05,819.7,822.05,61911.0
2026-07-02 12:35:00,822.55,822.8,821.05,822.7,4570.0
2026-07-02 12:40:00,822.6,823.85,822.3,823.5,4017.0
2026-07-02 12:45:00,823.5,823.95,821.9,822.4,4675.0
2026-07-02 12:50:00,822.4,822.8,822.0,822.0,3830.0
2026-07-02 12:55:00,821.25,822.65,821.25,821.9,1379.0
2026-07-02 13:00:00,822.3,822.8,821.7,822.0,6973.0
2026-07-02 13:05:00,821.6,822.8,821.6,822.8,1424.0
2026-07-02 13:10:00,822.2,822.8,822.15,822.55,1511.0
2026-07-02 13:15:00,821.9,822.8,821.75,821.85,3123.0
2026-07-02 13:20:00,822.4,822.4,820.55,821.5,2277.0
2026-07-02 13:25:00,821.5,821.5,821.0,821.3,618.0
2026-07-02 13:30:00,821.3,822.0,820.4,821.95,4397.0
2026-07-02 13:35:00,822.0,822.0,821.05,821.45,818.0
2026-07-02 13:40:00,821.0,821.0,820.4,820.85,999.0
2026-07-02 13:45:00,821.2,821.95,820.9,821.95,984.0
2026-07-02 13:50:00,821.5,821.95,821.05,821.3,2173.0
2026-07-02 13:55:00,821.3,821.65,820.65,821.5,1292.0
2026-07-02 14:00:00,821.5,823.5,821.05,822.75,62690.0
2026-07-02 14:05:00,822.75,823.8,822.75,823.4,3717.0
2026-07-02 14:10:00,823.8,824.2,822.65,824.2,4363.0
2026-07-02 14:15:00,823.85,824.2,822.25,822.25,1752.0
2026-07-02 14:20:00,822.85,827.95,822.5,826.7,26459.0
2026-07-02 14:25:00,826.9,827.35,826.25,826.25,5754.0
2026-07-02 14:30:00,826.3,827.05,825.5,826.6,55458.0
2026-07-02 14:35:00,826.6,827.0,826.0,826.0,2759.0
2026-07-02 14:40:00,826.45,827.2,826.0,826.5,10225.0
2026-07-02 14:45:00,827.5,827.5,826.2,826.7,5055.0
2026-07-02 14:50:00,826.45,827.25,825.0,827.05,37061.0
2026-07-02 14:55:00,827.25,827.75,826.6,827.0,6787.0
2026-07-02 15:00:00,827.75,829.0,827.35,828.9,24543.0
2026-07-02 15:05:00,828.75,828.95,825.1,828.15,122340.0
2026-07-02 15:10:00,827.65,828.45,824.8,826.1,35446.0
2026-07-02 15:15:00,825.95,827.3,825.5,826.0,78705.0
2026-07-02 15:20:00,826.0,826.95,824.95,825.75,110172.0
2026-07-02 15:25:00,825.75,827.85,822.5,822.9,150591.0
2026-07-03 09:15:00,828.9,833.95,827.55,832.4,43104.0
2026-07-03 09:20:00,832.65,834.0,831.0,832.35,22484.0
2026-07-03 09:25:00,832.9,835.9,832.7,835.85,25990.0
2026-07-03 09:30:00,835.9,839.5,835.0,839.0,57467.0
2026-07-03 09:35:00,839.15,840.0,837.5,838.4,23846.0
2026-07-03 09:40:00,838.55,839.7,836.0,837.05,12274.0
2026-07-03 09:45:00,838.0,839.9,833.0,833.85,21720.0
2026-07-03 09:50:00,833.4,835.25,833.0,834.3,23405.0
2026-07-03 09:55:00,834.35,834.6,833.15,834.05,2881.0
2026-07-03 10:00:00,834.1,834.1,831.05,831.05,4487.0
2026-07-03 10:05:00,831.7,832.9,831.2,832.65,2898.0
2026-07-03 10:10:00,832.5,833.4,831.05,832.5,8176.0
2026-07-03 10:15:00,832.65,834.0,831.6,833.65,3716.0
2026-07-03 10:20:00,833.65,834.4,832.75,834.1,6363.0
2026-07-03 10:25:00,833.95,834.6,831.5,832.5,21295.0
2026-07-03 10:30:00,832.5,832.9,830.9,832.2,4168.0
2026-07-03 10:35:00,832.15,833.8,831.8,833.8,6585.0
2026-07-03 10:40:00,834.15,835.0,833.45,833.75,4816.0
2026-07-03 10:45:00,833.95,834.2,833.0,833.55,3193.0
2026-07-03 10:50:00,833.65,833.95,832.6,833.8,1216.0
2026-07-03 10:55:00,833.9,834.9,833.15,834.85,2889.0
2026-07-03 11:00:00,834.55,835.15,833.5,834.25,2459.0
2026-07-03 11:05:00,833.75,834.65,833.55,834.5,1775.0
2026-07-03 11:10:00,834.25,834.7,832.3,834.7,8554.0
2026-07-03 11:15:00,834.65,834.95,833.9,834.8,3028.0
2026-07-03 11:20:00,834.5,835.85,834.0,835.0,5541.0
2026-07-03 11:25:00,835.0,835.65,834.3,835.0,8455.0
2026-07-03 11:30:00,835.0,835.5,833.15,833.8,4344.0
2026-07-03 11:35:00,833.7,834.15,832.75,833.0,2868.0
2026-07-03 11:40:00,833.0,833.45,832.0,833.45,4494.0
2026-07-03 11:45:00,833.2,833.7,832.05,832.45,3584.0
2026-07-03 11:50:00,832.5,832.75,832.0,832.45,1159.0
2026-07-03 11:55:00,832.45,833.85,832.3,833.05,2505.0
2026-07-03 12:00:00,832.0,834.3,832.0,833.9,5802.0
2026-07-03 12:05:00,834.3,834.45,829.15,829.45,20114.0
2026-07-03 12:10:00,829.95,834.0,829.1,831.95,263281.0
2026-07-03 12:15:00,832.0,832.3,826.05,830.35,85477.0
2026-07-03 12:20:00,830.3,832.2,829.55,832.0,26858.0
2026-07-03 12:25:00,832.35,835.35,830.0,834.45,152637.0
2026-07-03 12:30:00,834.3,834.6,833.1,834.4,4443.0
2026-07-03 12:35:00,834.7,835.0,833.45,834.3,5005.0
2026-07-03 12:40:00,834.4,835.0,833.6,834.0,5643.0
2026-07-03 12:45:00,834.7,835.0,833.45,834.15,7001.0
2026-07-03 12:50:00,833.5,835.0,833.15,833.15,6491.0
2026-07-03 12:55:00,833.5,834.45,833.25,834.1,5502.0
2026-07-03 13:00:00,834.15,834.15,833.2,833.7,4640.0
2026-07-03 13:05:00,833.5,834.0,832.8,833.0,5091.0
2026-07-03 13:10:00,832.95,833.9,832.5,832.5,4455.0
2026-07-03 13:15:00,833.05,833.7,832.55,833.0,3851.0
2026-07-03 13:20:00,832.5,833.6,832.15,832.85,4163.0
2026-07-03 13:25:00,832.8,833.0,832.2,832.6,4272.0
2026-07-03 13:30:00,832.95,832.95,831.2,832.15,3947.0
2026-07-03 13:35:00,832.25,832.75,831.15,831.85,3661.0
2026-07-03 13:40:00,831.55,831.55,828.6,829.0,9321.0
2026-07-03 13:45:00,829.15,829.45,828.0,829.35,5609.0
2026-07-03 13:50:00,829.8,830.3,828.4,830.0,9178.0
2026-07-03 13:55:00,830.0,832.2,829.85,831.85,62467.0
2026-07-03 14:00:00,832.0,833.45,831.2,831.4,4069.0
2026-07-03 14:05:00,831.35,833.75,831.35,833.3,71902.0
2026-07-03 14:10:00,833.6,834.0,832.0,834.0,14054.0
2026-07-03 14:15:00,834.0,834.5,833.65,834.0,4813.0
2026-07-03 14:20:00,833.5,834.9,832.75,833.6,4297.0
2026-07-03 14:25:00,834.3,834.95,833.05,834.9,4556.0
2026-07-03 14:30:00,834.35,835.0,833.75,834.85,3653.0
2026-07-03 14:35:00,835.0,835.0,834.2,834.85,3882.0
2026-07-03 14:40:00,834.95,834.95,833.6,834.8,3745.0
2026-07-03 14:45:00,834.9,834.95,834.0,834.9,3187.0
2026-07-03 14:50:00,834.3,834.75,832.75,833.2,4567.0
2026-07-03 14:55:00,833.75,834.85,833.2,834.15,7577.0
2026-07-03 15:00:00,834.0,835.0,834.0,834.65,5942.0
2026-07-03 15:05:00,834.75,835.0,834.4,835.0,13085.0
2026-07-03 15:10:00,834.7,835.0,833.55,834.65,16778.0
2026-07-03 15:15:00,833.15,835.35,833.15,834.0,24644.0
2026-07-03 15:20:00,833.7,834.0,832.45,833.25,26474.0
2026-07-03 15:25:00,833.0,833.9,831.55,832.05,23352.0
2026-07-06 09:15:00,839.5,846.4,834.5,842.75,61688.0
2026-07-06 09:20:00,843.85,856.6,842.3,852.8,132597.0
2026-07-06 09:25:00,852.75,859.8,852.7,859.35,81912.0
2026-07-06 09:30:00,859.85,865.0,856.5,858.05,117217.0
2026-07-06 09:35:00,858.1,858.8,853.35,855.0,45205.0
2026-07-06 09:40:00,855.0,856.0,853.15,855.95,22151.0
2026-07-06 09:45:00,855.95,856.0,851.5,851.5,53720.0
2026-07-06 09:50:00,852.75,853.8,851.5,853.45,9802.0
2026-07-06 09:55:00,853.2,853.9,851.9,853.6,8141.0
2026-07-06 10:00:00,853.75,853.75,851.35,853.35,10080.0
2026-07-06 10:05:00,853.5,853.65,852.2,853.3,6058.0
2026-07-06 10:10:00,853.25,853.25,850.1,850.5,8004.0
2026-07-06 10:15:00,850.5,852.0,850.1,851.55,12885.0
2026-07-06 10:20:00,851.65,852.7,850.55,852.5,5412.0
2026-07-06 10:25:00,852.45,852.5,851.0,851.4,5474.0
2026-07-06 10:30:00,850.55,853.35,850.2,850.75,20957.0
2026-07-06 10:35:00,850.85,851.8,850.0,851.8,20355.0
2026-07-06 10:40:00,851.75,853.0,851.6,852.7,5781.0
2026-07-06 10:45:00,852.15,853.0,851.55,852.6,3319.0
2026-07-06 10:50:00,852.45,852.65,851.0,851.05,3054.0
2026-07-06 10:55:00,852.05,852.95,851.05,852.4,4517.0
2026-07-06 11:00:00,852.5,852.75,850.6,851.3,3112.0
2026-07-06 11:05:00,851.5,851.5,846.25,846.7,22601.0
2026-07-06 11:10:00,846.8,849.1,846.2,848.6,6600.0
2026-07-06 11:15:00,848.55,851.0,847.95,851.0,5742.0
2026-07-06 11:20:00,851.0,852.0,849.3,851.5,7584.0
2026-07-06 11:25:00,852.0,852.65,851.55,852.0,4588.0
2026-07-06 11:30:00,852.0,852.45,850.0,851.0,15086.0
2026-07-06 11:35:00,851.0,851.0,849.55,850.85,8686.0
2026-07-06 11:40:00,850.85,850.95,849.6,850.85,3969.0
2026-07-06 11:45:00,850.85,851.45,850.0,850.4,4859.0
2026-07-06 11:50:00,850.4,851.7,850.0,850.8,5852.0
2026-07-06 11:55:00,850.8,851.5,850.4,850.8,6346.0
2026-07-06 12:00:00,850.8,851.5,850.2,850.95,3495.0
2026-07-06 12:05:00,851.0,851.8,850.75,850.75,4788.0
2026-07-06 12:10:00,851.0,852.5,849.1,852.0,62163.0
2026-07-06 12:15:00,852.0,852.0,850.0,852.0,172310.0
2026-07-06 12:20:00,852.0,852.5,851.25,852.25,4750.0
2026-07-06 12:25:00,852.45,852.5,851.95,852.5,2064.0
2026-07-06 12:30:00,852.5,854.0,852.05,853.7,16877.0
2026-07-06 12:35:00,853.75,856.0,849.9,853.0,70506.0
2026-07-06 12:40:00,853.0,854.5,853.0,853.45,6323.0
2026-07-06 12:45:00,853.25,854.0,852.75,853.9,4466.0
2026-07-06 12:50:00,854.0,855.0,852.85,853.95,5012.0
2026-07-06 12:55:00,853.95,855.0,853.4,853.85,3940.0
2026-07-06 13:00:00,853.75,854.9,852.7,853.4,8518.0
2026-07-06 13:05:00,853.2,854.8,852.5,853.35,16670.0
2026-07-06 13:10:00,854.0,854.0,853.0,853.7,3357.0
2026-07-06 13:15:00,853.6,853.6,852.7,853.0,2658.0
2026-07-06 13:20:00,853.35,853.5,852.4,853.0,1149.0
2026-07-06 13:25:00,853.0,853.5,852.55,853.0,3402.0
2026-07-06 13:30:00,853.0,854.85,852.2,854.0,15225.0
2026-07-06 13:35:00,854.0,854.25,852.0,852.75,3840.0
2026-07-06 13:40:00,853.0,853.1,852.0,852.65,4004.0
2026-07-06 13:45:00,852.6,853.15,850.9,853.05,9392.0
2026-07-06 13:50:00,853.0,853.25,851.95,853.0,7066.0
2026-07-06 13:55:00,853.0,853.8,852.0,852.1,8729.0
2026-07-06 14:00:00,852.65,853.0,852.15,853.0,8252.0
2026-07-06 14:05:00,853.0,855.95,852.8,855.0,31253.0
2026-07-06 14:10:00,855.5,855.9,854.1,855.85,9089.0
2026-07-06 14:15:00,856.0,856.4,854.75,856.0,22306.0
2026-07-06 14:20:00,856.45,858.15,854.0,854.0,81241.0
2026-07-06 14:25:00,854.65,855.0,854.0,854.05,3598.0
2026-07-06 14:30:00,854.0,856.0,853.85,855.7,2561.0
2026-07-06 14:35:00,855.5,856.05,855.0,855.8,12435.0
2026-07-06 14:40:00,855.8,856.15,855.15,855.7,8476.0
2026-07-06 14:45:00,855.7,855.7,854.0,855.15,18096.0
2026-07-06 14:50:00,855.0,856.2,854.15,855.7,13328.0
2026-07-06 14:55:00,855.15,856.0,855.0,855.85,8628.0
2026-07-06 15:00:00,855.7,856.0,854.35,854.85,12560.0
2026-07-06 15:05:00,855.15,855.65,854.85,855.25,5379.0
2026-07-06 15:10:00,855.2,856.0,854.15,855.65,20745.0
2026-07-06 15:15:00,854.3,856.45,854.0,854.5,32073.0
2026-07-06 15:20:00,854.55,855.1,853.45,854.2,21192.0
2026-07-06 15:25:00,854.15,855.2,848.1,852.0,82281.0
2026-07-07 09:15:00,850.75,870.0,849.0,869.35,95616.0
2026-07-07 09:20:00,869.5,873.9,869.3,872.7,72316.0
2026-07-07 09:25:00,872.55,875.0,871.45,873.4,43952.0
2026-07-07 09:30:00,873.1,878.5,873.0,877.5,83525.0
2026-07-07 09:35:00,877.1,878.0,874.25,877.8,38236.0
2026-07-07 09:40:00,877.55,879.1,876.9,877.65,42527.0
2026-07-07 09:45:00,876.6,877.6,875.0,876.65,43767.0
2026-07-07 09:50:00,876.35,878.95,875.35,875.45,49009.0
2026-07-07 09:55:00,876.0,876.7,868.9,870.6,44355.0
2026-07-07 10:00:00,871.0,873.45,867.85,869.2,47463.0
2026-07-07 10:05:00,869.45,869.45,866.7,868.3,21306.0
2026-07-07 10:10:00,869.3,869.3,859.0,864.0,154862.0
2026-07-07 10:15:00,864.15,865.4,862.05,862.2,25063.0
2026-07-07 10:20:00,862.2,862.85,854.5,856.45,169618.0
2026-07-07 10:25:00,856.3,861.3,855.85,861.25,25134.0
2026-07-07 10:30:00,861.3,863.7,860.8,863.55,27183.0
2026-07-07 10:35:00,863.55,863.6,861.85,862.0,14437.0
2026-07-07 10:40:00,861.95,864.8,861.95,863.9,8993.0
2026-07-07 10:45:00,864.0,865.0,863.15,863.8,11480.0
2026-07-07 10:50:00,863.8,865.0,863.2,864.6,20439.0
2026-07-07 10:55:00,864.9,864.9,863.6,864.3,9598.0
2026-07-07 11:00:00,864.3,864.95,863.6,864.6,9846.0
2026-07-07 11:05:00,864.3,865.5,864.15,864.45,13852.0
2026-07-07 11:10:00,864.45,865.5,864.0,864.8,9049.0
2026-07-07 11:15:00,864.8,864.95,863.4,864.35,7520.0
2026-07-07 11:20:00,864.35,864.35,861.5,863.6,12223.0
2026-07-07 11:25:00,863.8,866.0,863.3,865.1,15026.0
2026-07-07 11:30:00,865.1,866.2,863.6,866.2,18267.0
2026-07-07 11:35:00,866.6,867.0,864.15,865.35,8776.0
2026-07-07 11:40:00,865.65,865.95,864.65,865.6,10157.0
2026-07-07 11:45:00,865.7,867.0,865.6,866.75,7713.0
2026-07-07 11:50:00,866.75,867.65,865.9,865.9,17180.0
2026-07-07 11:55:00,865.75,868.0,865.7,867.8,7230.0
2026-07-07 12:00:00,867.55,869.0,863.0,863.0,16260.0
2026-07-07 12:05:00,863.45,863.65,861.85,862.0,43342.0
2026-07-07 12:10:00,862.15,865.95,861.75,865.55,30340.0
2026-07-07 12:15:00,865.7,865.7,862.9,864.0,15680.0
2026-07-07 12:20:00,863.65,863.65,862.0,863.2,35668.0
2026-07-07 12:25:00,863.2,864.0,862.0,863.8,24430.0
2026-07-07 12:30:00,863.4,864.95,862.55,864.55,7632.0
2026-07-07 12:35:00,864.55,864.75,863.8,863.8,6250.0
2026-07-07 12:40:00,863.85,864.75,863.75,864.65,6035.0
2026-07-07 12:45:00,864.65,864.65,863.0,864.0,7275.0
2026-07-07 12:50:00,864.1,865.75,863.3,865.3,9419.0
2026-07-07 12:55:00,865.75,865.75,862.0,862.0,31541.0
2026-07-07 13:00:00,862.0,862.7,855.2,855.2,138515.0
2026-07-07 13:05:00,855.15,856.1,853.5,855.5,21022.0
2026-07-07 13:10:00,855.25,859.45,855.25,858.8,22909.0
2026-07-07 13:15:00,858.45,860.85,856.95,860.85,16488.0
2026-07-07 13:20:00,860.6,861.85,859.8,860.7,14747.0
2026-07-07 13:25:00,860.2,861.95,859.9,861.15,16754.0
2026-07-07 13:30:00,861.45,861.45,859.1,859.5,12777.0
2026-07-07 13:35:00,859.35,860.65,858.8,859.8,11660.0
2026-07-07 13:40:00,859.8,859.8,856.35,856.8,10628.0
2026-07-07 13:45:00,856.7,858.55,856.7,857.05,9487.0
2026-07-07 13:50:00,857.2,860.3,857.05,860.0,39435.0
2026-07-07 13:55:00,860.0,860.9,859.6,860.6,22287.0
2026-07-07 14:00:00,860.35,862.55,860.35,861.65,9897.0
2026-07-07 14:05:00,862.05,862.15,861.05,861.95,8733.0
2026-07-07 14:10:00,861.7,863.25,860.0,860.4,10653.0
2026-07-07 14:15:00,860.3,860.9,860.0,860.35,7819.0
2026-07-07 14:20:00,860.25,861.65,860.05,860.85,11702.0
2026-07-07 14:25:00,860.65,862.5,860.45,862.15,10144.0
2026-07-07 14:30:00,862.0,862.75,861.9,862.05,10037.0
2026-07-07 14:35:00,862.0,862.9,861.4,862.2,10706.0
2026-07-07 14:40:00,862.1,863.5,861.65,862.0,11930.0
2026-07-07 14:45:00,862.3,862.7,860.05,860.75,12833.0
2026-07-07 14:50:00,860.5,861.5,860.05,860.9,13810.0
2026-07-07 14:55:00,860.85,862.15,860.0,862.0,20026.0
2026-07-07 15:00:00,861.4,862.4,859.8,862.4,58176.0
2026-07-07 15:05:00,862.4,863.0,862.15,863.0,23592.0
2026-07-07 15:10:00,862.95,864.15,862.7,863.7,28711.0
2026-07-07 15:15:00,863.8,867.0,863.2,864.1,46066.0
2026-07-07 15:20:00,864.0,865.7,863.1,864.7,34600.0
2026-07-07 15:25:00,864.65,867.15,863.0,863.3,31249.0
2026-07-08 09:15:00,863.3,872.5,860.8,868.6,63740.0
2026-07-08 09:20:00,868.0,870.55,866.5,867.8,43198.0
2026-07-08 09:25:00,867.8,872.1,866.2,868.5,58252.0
2026-07-08 09:30:00,868.0,868.45,862.55,864.15,12832.0
2026-07-08 09:35:00,862.85,863.35,861.7,862.3,11826.0
2026-07-08 09:40:00,862.75,864.0,861.8,863.45,7450.0
2026-07-08 09:45:00,863.45,863.5,861.5,863.0,5126.0
2026-07-08 09:50:00,862.8,862.8,859.9,860.5,14483.0
2026-07-08 09:55:00,860.95,862.7,860.9,861.65,1976.0
2026-07-08 10:00:00,861.8,863.0,861.7,863.0,1648.0
2026-07-08 10:05:00,862.9,863.15,861.5,861.6,3579.0
2026-07-08 10:10:00,861.8,862.4,860.5,860.8,6773.0
2026-07-08 10:15:00,860.7,860.8,858.5,859.25,18204.0
2026-07-08 10:20:00,858.7,863.6,858.5,859.15,47223.0
2026-07-08 10:25:00,859.15,861.55,856.85,857.65,73480.0
2026-07-08 10:30:00,857.8,859.0,857.15,857.75,8735.0
2026-07-08 10:35:00,857.75,858.45,856.15,858.45,9208.0
2026-07-08 10:40:00,858.45,859.0,857.25,857.35,18015.0
2026-07-08 10:45:00,857.35,858.9,857.35,858.75,7434.0
2026-07-08 10:50:00,858.85,859.0,857.85,857.95,6808.0
2026-07-08 10:55:00,858.0,859.35,857.95,858.9,11630.0
2026-07-08 11:00:00,858.95,859.45,858.75,859.4,3783.0
2026-07-08 11:05:00,859.4,859.95,859.15,859.85,17691.0
2026-07-08 11:10:00,859.85,860.0,859.45,859.6,12788.0
2026-07-08 11:15:00,859.55,859.9,858.6,859.4,6578.0
2026-07-08 11:20:00,859.45,860.0,858.9,860.0,7110.0
2026-07-08 11:25:00,859.7,860.45,859.55,860.45,161173.0
2026-07-08 11:30:00,860.4,863.8,859.1,863.8,93984.0
2026-07-08 11:35:00,863.65,864.0,861.15,861.6,12362.0
2026-07-08 11:40:00,861.55,862.0,860.7,861.95,7719.0
2026-07-08 11:45:00,861.45,861.8,860.3,860.6,11180.0
2026-07-08 11:50:00,860.6,861.0,860.0,860.6,5844.0
2026-07-08 11:55:00,860.55,860.9,860.0,860.9,26752.0
2026-07-08 12:00:00,861.0,862.3,860.95,861.8,29308.0
2026-07-08 12:05:00,861.8,863.35,861.4,863.35,98337.0
2026-07-08 12:10:00,862.0,864.85,861.9,864.85,20460.0
2026-07-08 12:15:00,864.85,865.15,862.2,863.75,11456.0
2026-07-08 12:20:00,863.9,864.4,862.9,864.35,14002.0
2026-07-08 12:25:00,864.4,865.0,863.65,865.0,14737.0
2026-07-08 12:30:00,865.0,867.5,865.0,866.65,11928.0
2026-07-08 12:35:00,866.35,866.4,864.3,864.9,6549.0
2026-07-08 12:40:00,864.9,864.9,862.0,864.4,16474.0
2026-07-08 12:45:00,864.4,864.45,863.3,863.7,3901.0
2026-07-08 12:50:00,863.7,864.0,863.35,863.9,1989.0
2026-07-08 12:55:00,863.65,864.75,863.65,864.5,6705.0
2026-07-08 13:00:00,864.25,865.4,863.55,865.4,2160.0
2026-07-08 13:05:00,865.4,865.4,862.8,863.0,9553.0
2026-07-08 13:10:00,862.8,865.0,862.7,864.8,8815.0
2026-07-08 13:15:00,864.85,865.4,864.2,864.75,4064.0
2026-07-08 13:20:00,864.9,865.0,864.05,865.0,3183.0
2026-07-08 13:25:00,865.0,865.8,864.8,865.55,2543.0
2026-07-08 13:30:00,865.4,866.0,863.1,863.85,10018.0
2026-07-08 13:35:00,863.5,865.0,863.5,865.0,3383.0
2026-07-08 13:40:00,865.25,865.25,864.05,865.0,4490.0
2026-07-08 13:45:00,864.8,864.95,862.85,863.1,5454.0
2026-07-08 13:50:00,862.8,862.8,862.0,862.1,33407.0
2026-07-08 13:55:00,862.0,862.0,857.2,857.5,34388.0
2026-07-08 14:00:00,857.5,858.0,856.5,857.4,13525.0
2026-07-08 14:05:00,857.45,857.45,853.05,855.15,22057.0
2026-07-08 14:10:00,855.0,855.6,852.65,853.9,41536.0
2026-07-08 14:15:00,853.8,857.65,852.95,856.15,15738.0
2026-07-08 14:20:00,856.3,857.65,855.55,857.2,13882.0
2026-07-08 14:25:00,857.15,857.35,855.4,855.55,5504.0
2026-07-08 14:30:00,855.0,857.2,855.0,855.25,12474.0
2026-07-08 14:35:00,855.25,856.45,854.9,855.75,9709.0
2026-07-08 14:40:00,855.7,856.75,855.1,856.75,7094.0
2026-07-08 14:45:00,856.7,856.75,852.0,853.1,33425.0
2026-07-08 14:50:00,852.95,854.95,851.5,853.05,14523.0
2026-07-08 14:55:00,851.85,853.35,851.2,852.1,18179.0
2026-07-08 15:00:00,852.45,857.15,852.45,856.1,24122.0
2026-07-08 15:05:00,856.25,856.45,855.35,856.15,28079.0
2026-07-08 15:10:00,856.05,858.95,855.2,858.2,21336.0
2026-07-08 15:15:00,857.7,862.45,857.3,862.4,71032.0
2026-07-08 15:20:00,862.4,862.85,862.0,862.25,54642.0
2026-07-08 15:25:00,862.25,864.95,860.05,862.3,28939.0
2026-07-09 09:15:00,859.55,865.6,857.55,864.5,20557.0
2026-07-09 09:20:00,863.8,865.65,862.0,864.7,12000.0
2026-07-09 09:25:00,864.7,871.0,864.7,871.0,22497.0
2026-07-09 09:30:00,871.0,875.9,870.35,871.5,41036.0
2026-07-09 09:35:00,871.0,871.7,868.5,870.35,16521.0
2026-07-09 09:40:00,870.0,872.0,869.85,872.0,3730.0
2026-07-09 09:45:00,872.0,873.5,871.55,871.6,3910.0
2026-07-09 09:50:00,871.6,872.0,870.25,872.0,4732.0
2026-07-09 09:55:00,873.05,874.0,870.8,872.1,6829.0
2026-07-09 10:00:00,872.25,872.35,870.25,871.15,2095.0
2026-07-09 10:05:00,870.9,873.0,870.9,872.0,5728.0
2026-07-09 10:10:00,872.4,873.85,872.0,873.55,4255.0
2026-07-09 10:15:00,873.2,875.25,872.0,874.0,14561.0
2026-07-09 10:20:00,873.75,875.0,873.4,874.55,4204.0
2026-07-09 10:25:00,875.0,875.3,873.05,874.0,4161.0
2026-07-09 10:30:00,873.65,874.2,872.0,873.45,11527.0
2026-07-09 10:35:00,873.8,875.0,872.1,875.0,4975.0
2026-07-09 10:40:00,875.0,875.65,874.1,874.8,5479.0
2026-07-09 10:45:00,875.1,876.95,874.3,875.55,9016.0
2026-07-09 10:50:00,875.05,876.2,874.05,874.05,3199.0
2026-07-09 10:55:00,874.05,874.75,872.95,873.3,6700.0
2026-07-09 11:00:00,873.3,874.7,873.3,874.1,4981.0
2026-07-09 11:05:00,874.0,874.3,872.0,872.05,7394.0
2026-07-09 11:10:00,872.0,873.0,871.45,872.0,4855.0
2026-07-09 11:15:00,871.45,871.45,864.7,870.1,120477.0
2026-07-09 11:20:00,870.15,870.95,864.8,870.7,150155.0
2026-07-09 11:25:00,870.7,871.3,870.0,870.3,10141.0
2026-07-09 11:30:00,870.55,873.9,870.2,873.2,9426.0
2026-07-09 11:35:00,873.15,874.95,873.0,874.35,5606.0
2026-07-09 11:40:00,874.6,875.35,873.05,875.0,5942.0
2026-07-09 11:45:00,875.5,876.25,872.85,876.25,23278.0
2026-07-09 11:50:00,876.15,877.5,875.75,877.0,8561.0
2026-07-09 11:55:00,877.1,878.65,877.05,878.2,9012.0
2026-07-09 12:00:00,878.45,897.45,878.0,889.4,228423.0
2026-07-09 12:05:00,889.05,890.75,888.0,889.45,21774.0
2026-07-09 12:10:00,889.0,890.8,885.7,887.4,22420.0
2026-07-09 12:15:00,887.7,891.75,887.6,890.2,15907.0
2026-07-09 12:20:00,890.25,891.25,887.35,889.75,21935.0
2026-07-09 12:25:00,888.95,889.0,886.8,889.0,14302.0
2026-07-09 12:30:00,889.15,890.8,887.3,887.3,11267.0
2026-07-09 12:35:00,888.25,888.75,885.7,886.55,8103.0
2026-07-09 12:40:00,886.5,887.35,886.0,886.65,5392.0
2026-07-09 12:45:00,887.0,887.9,886.4,887.3,5246.0
2026-07-09 12:50:00,887.35,888.85,887.05,888.25,6194.0
2026-07-09 12:55:00,888.2,889.3,887.65,887.9,4862.0
2026-07-09 13:00:00,887.95,889.05,887.95,888.8,5759.0
2026-07-09 13:05:00,888.1,892.45,888.0,892.0,27126.0
2026-07-09 13:10:00,892.05,893.0,891.55,892.75,16492.0
2026-07-09 13:15:00,893.0,893.9,892.5,893.3,10328.0
2026-07-09 13:20:00,893.65,893.95,892.0,892.55,11916.0
2026-07-09 13:25:00,892.95,895.65,891.95,894.35,35850.0
2026-07-09 13:30:00,894.35,894.95,893.45,893.95,7542.0
2026-07-09 13:35:00,893.65,894.85,893.4,893.8,6677.0
2026-07-09 13:40:00,893.4,895.0,893.2,894.25,5799.0
2026-07-09 13:45:00,894.6,896.35,894.6,895.85,13394.0
2026-07-09 13:50:00,895.65,895.95,895.0,895.0,5065.0
2026-07-09 13:55:00,895.25,895.9,893.2,895.4,13603.0
2026-07-09 14:00:00,895.4,896.25,895.15,895.15,6465.0
2026-07-09 14:05:00,895.55,896.2,894.25,894.85,8371.0
2026-07-09 14:10:00,895.0,896.0,894.3,895.6,8119.0
2026-07-09 14:15:00,895.55,895.55,894.05,894.55,5270.0
2026-07-09 14:20:00,894.85,895.9,893.65,895.6,14604.0
2026-07-09 14:25:00,895.0,895.6,894.5,894.55,3593.0
2026-07-09 14:30:00,894.85,896.1,894.85,895.0,6407.0
2026-07-09 14:35:00,894.75,895.95,894.75,894.95,9814.0
2026-07-09 14:40:00,894.95,895.35,887.0,887.85,44861.0
2026-07-09 14:45:00,888.0,888.35,886.45,887.15,41092.0
2026-07-09 14:50:00,887.25,888.0,883.5,883.8,29468.0
2026-07-09 14:55:00,883.5,884.6,882.2,882.2,40755.0
2026-07-09 15:00:00,882.6,883.85,882.0,883.35,15024.0
2026-07-09 15:05:00,883.35,883.6,878.75,879.8,23997.0
2026-07-09 15:10:00,880.0,880.45,877.55,878.45,44631.0
2026-07-09 15:15:00,878.15,889.15,877.75,887.2,135665.0
2026-07-09 15:20:00,887.2,889.8,884.85,889.0,56308.0
2026-07-09 15:25:00,889.0,889.0,886.6,886.6,14269.0
2026-07-10 09:15:00,887.65,892.4,878.55,887.85,119223.0
2026-07-10 09:20:00,887.95,890.75,883.75,884.65,29543.0
2026-07-10 09:25:00,884.65,889.9,884.65,885.8,4863.0
2026-07-10 09:30:00,886.4,893.9,885.8,893.25,12504.0
2026-07-10 09:35:00,893.1,893.5,891.05,891.7,9279.0
2026-07-10 09:40:00,891.2,892.25,890.1,891.2,7202.0
2026-07-10 09:45:00,891.2,895.95,891.2,894.25,16471.0
2026-07-10 09:50:00,894.85,899.0,894.2,898.0,25187.0
2026-07-10 09:55:00,898.0,898.4,895.05,898.0,7908.0
2026-07-10 10:00:00,898.0,898.0,896.1,896.7,5983.0
2026-07-10 10:05:00,896.5,897.15,895.0,896.25,19670.0
2026-07-10 10:10:00,896.6,899.4,895.6,899.4,20798.0
2026-07-10 10:15:00,899.05,899.9,897.3,897.9,7783.0
2026-07-10 10:20:00,897.75,899.35,897.3,899.35,7528.0
2026-07-10 10:25:00,898.85,898.9,897.2,897.6,4001.0
2026-07-10 10:30:00,897.2,899.0,896.7,899.0,3860.0
2026-07-10 10:35:00,899.0,899.0,896.2,896.85,4907.0
2026-07-10 10:40:00,896.85,897.75,896.35,897.55,5382.0
2026-07-10 10:45:00,897.55,897.9,897.05,897.35,2146.0
2026-07-10 10:50:00,897.35,897.6,895.9,896.6,9772.0
2026-07-10 10:55:00,897.3,899.0,896.6,898.35,10811.0
2026-07-10 11:00:00,898.65,898.75,897.4,898.75,5807.0
2026-07-10 11:05:00,898.75,901.8,898.2,901.0,23898.0
2026-07-10 11:10:00,900.8,900.8,898.95,899.7,6094.0
2026-07-10 11:15:00,899.7,901.0,899.35,899.7,5257.0
2026-07-10 11:20:00,899.85,900.65,898.6,900.2,3626.0
2026-07-10 11:25:00,900.05,900.65,899.5,900.5,4290.0
2026-07-10 11:30:00,900.5,900.65,897.7,898.45,4387.0
2026-07-10 11:35:00,898.5,898.75,897.15,897.6,4354.0
2026-07-10 11:40:00,898.0,898.45,895.2,895.2,9917.0
2026-07-10 11:45:00,895.6,896.8,894.5,895.0,15105.0
2026-07-10 11:50:00,895.0,895.45,890.1,892.0,35723.0
2026-07-10 11:55:00,893.45,893.45,890.5,892.0,12985.0
2026-07-10 12:00:00,891.9,893.65,890.65,892.2,93780.0
2026-07-10 12:05:00,892.1,893.95,891.05,891.9,93274.0
2026-07-10 12:10:00,891.55,892.05,886.7,887.0,106803.0
2026-07-10 12:15:00,886.95,887.35,885.65,885.75,9078.0
2026-07-10 12:20:00,885.8,888.65,885.65,888.0,29598.0
2026-07-10 12:25:00,888.15,889.0,888.0,888.75,5591.0
2026-07-10 12:30:00,888.25,888.25,887.0,887.0,5693.0
2026-07-10 12:35:00,887.2,888.85,887.0,888.1,39574.0
2026-07-10 12:40:00,888.1,888.5,888.0,888.2,6483.0
2026-07-10 12:45:00,888.35,888.5,888.15,888.5,1328.0
2026-07-10 12:50:00,888.35,888.5,887.0,887.7,13999.0
2026-07-10 12:55:00,887.7,888.0,886.45,886.65,4415.0
2026-07-10 13:00:00,886.9,888.5,886.5,888.0,13543.0
2026-07-10 13:05:00,888.0,888.45,888.0,888.15,1349.0
2026-07-10 13:10:00,888.15,890.0,888.15,890.0,12466.0
2026-07-10 13:15:00,889.95,890.6,886.0,886.2,66997.0
2026-07-10 13:20:00,885.85,888.75,884.0,885.0,73846.0
2026-07-10 13:25:00,884.55,885.9,883.6,885.7,4793.0
2026-07-10 13:30:00,885.8,886.7,885.7,886.1,6825.0
2026-07-10 13:35:00,885.9,886.45,885.0,885.95,24451.0
2026-07-10 13:40:00,885.65,886.45,884.2,885.4,35797.0
2026-07-10 13:45:00,885.3,885.3,884.4,884.65,3713.0
2026-07-10 13:50:00,884.7,886.2,884.65,886.0,14622.0
2026-07-10 13:55:00,886.0,888.75,886.0,888.1,14169.0
2026-07-10 14:00:00,888.05,889.85,887.05,887.05,12940.0
2026-07-10 14:05:00,887.95,888.2,886.65,887.85,48570.0
2026-07-10 14:10:00,888.0,889.75,887.25,889.0,37054.0
2026-07-10 14:15:00,889.0,889.0,888.4,888.5,7340.0
2026-07-10 14:20:00,888.8,891.5,888.8,891.05,3355.0
2026-07-10 14:25:00,891.6,892.75,891.55,892.3,4850.0
2026-07-10 14:30:00,892.75,893.4,892.0,892.8,3956.0
2026-07-10 14:35:00,891.9,892.15,890.0,890.2,6104.0
2026-07-10 14:40:00,890.45,891.65,889.4,889.4,13290.0
2026-07-10 14:45:00,889.65,890.65,887.5,889.05,36649.0
2026-07-10 14:50:00,889.0,889.25,888.15,889.0,7409.0
2026-07-10 14:55:00,888.5,889.25,888.3,888.65,5309.0
2026-07-10 15:00:00,888.55,890.05,887.6,888.3,37928.0
2026-07-10 15:05:00,888.55,889.65,888.4,889.3,6997.0
2026-07-10 15:10:00,889.25,891.05,889.1,890.95,9524.0
2026-07-10 15:15:00,890.8,891.5,889.7,890.5,20523.0
2026-07-10 15:20:00,890.25,891.55,889.85,890.0,13791.0
2026-07-10 15:25:00,889.85,892.0,886.1,887.0,23461.0
