timestamp,open,high,low,close,volume
2026-05-12 09:15:00,1027.2,1049.0,1025.0,1041.9,283258.0
2026-05-12 09:20:00,1042.0,1044.9,1040.6,1044.6,86639.0
2026-05-12 09:25:00,1044.2,1044.5,1041.8,1042.0,66018.0
2026-05-12 09:30:00,1041.5,1045.0,1039.9,1043.7,78836.0
2026-05-12 09:35:00,1043.5,1044.1,1039.1,1041.4,64127.0
2026-05-12 09:40:00,1041.4,1043.4,1041.0,1041.8,24544.0
2026-05-12 09:45:00,1041.8,1046.0,1041.5,1044.0,54859.0
2026-05-12 09:50:00,1043.9,1044.5,1042.0,1042.4,35066.0
2026-05-12 09:55:00,1042.3,1042.7,1040.2,1041.8,36435.0
2026-05-12 10:00:00,1041.8,1043.8,1041.8,1043.1,33446.0
2026-05-12 10:05:00,1043.4,1043.9,1042.8,1043.6,25066.0
2026-05-12 10:10:00,1043.6,1045.2,1042.9,1045.2,38763.0
2026-05-12 10:15:00,1045.2,1049.0,1045.1,1047.6,107961.0
2026-05-12 10:20:00,1047.8,1048.1,1046.9,1047.0,43149.0
2026-05-12 10:25:00,1047.1,1047.4,1045.2,1046.2,45607.0
2026-05-12 10:30:00,1045.8,1046.5,1043.7,1043.8,32205.0
2026-05-12 10:35:00,1043.8,1045.8,1043.8,1045.0,43655.0
2026-05-12 10:40:00,1045.1,1047.9,1044.5,1047.7,69757.0
2026-05-12 10:45:00,1048.2,1049.7,1047.3,1049.5,91298.0
2026-05-12 10:50:00,1049.5,1052.8,1049.4,1052.1,127894.0
2026-05-12 10:55:00,1052.2,1054.6,1051.9,1054.0,99180.0
2026-05-12 11:00:00,1054.0,1054.4,1050.3,1052.2,52752.0
2026-05-12 11:05:00,1051.9,1052.8,1050.6,1051.7,27894.0
2026-05-12 11:10:00,1052.0,1052.5,1050.0,1050.3,37431.0
2026-05-12 11:15:00,1050.3,1050.8,1049.3,1050.7,33869.0
2026-05-12 11:20:00,1050.8,1050.9,1048.1,1048.6,30466.0
2026-05-12 11:25:00,1048.7,1050.4,1047.3,1050.2,89279.0
2026-05-12 11:30:00,1050.2,1050.5,1048.0,1049.8,62348.0
2026-05-12 11:35:00,1049.8,1049.9,1048.0,1048.5,28723.0
2026-05-12 11:40:00,1048.6,1048.7,1047.5,1047.8,38849.0
2026-05-12 11:45:00,1047.8,1048.4,1045.4,1045.7,52078.0
2026-05-12 11:50:00,1045.7,1045.8,1043.2,1044.8,54322.0
2026-05-12 11:55:00,1044.9,1045.5,1042.5,1042.8,101147.0
2026-05-12 12:00:00,1042.9,1043.0,1040.3,1041.2,54677.0
2026-05-12 12:05:00,1041.1,1042.1,1040.0,1041.2,50053.0
2026-05-12 12:10:00,1041.4,1042.8,1041.1,1041.8,36330.0
2026-05-12 12:15:00,1041.7,1042.9,1041.5,1042.8,21873.0
2026-05-12 12:20:00,1042.8,1042.8,1040.4,1040.8,22166.0
2026-05-12 12:25:00,1040.8,1040.8,1040.0,1040.1,58657.0
2026-05-12 12:30:00,1040.1,1040.9,1039.7,1040.0,48374.0
2026-05-12 12:35:00,1040.1,1040.6,1039.1,1039.4,32927.0
2026-05-12 12:40:00,1039.8,1040.5,1038.4,1039.5,49373.0
2026-05-12 12:45:00,1039.4,1040.8,1038.5,1039.3,37931.0
2026-05-12 12:50:00,1039.3,1039.6,1036.4,1037.8,38367.0
2026-05-12 12:55:00,1037.8,1040.5,1037.8,1040.2,23447.0
2026-05-12 13:00:00,1040.5,1042.4,1040.4,1042.4,27714.0
2026-05-12 13:05:00,1042.4,1042.4,1041.4,1041.9,21613.0
2026-05-12 13:10:00,1041.9,1042.2,1041.2,1042.1,27569.0
2026-05-12 13:15:00,1042.2,1043.9,1042.1,1042.8,64165.0
2026-05-12 13:20:00,1042.8,1043.0,1041.8,1042.4,27221.0
2026-05-12 13:25:00,1042.6,1043.6,1042.4,1043.6,15086.0
2026-05-12 13:30:00,1043.6,1044.6,1042.7,1042.8,47518.0
2026-05-12 13:35:00,1042.9,1042.9,1040.6,1042.1,26493.0
2026-05-12 13:40:00,1042.2,1042.4,1041.0,1041.9,25195.0
2026-05-12 13:45:00,1041.6,1042.1,1040.9,1042.1,20697.0
2026-05-12 13:50:00,1042.1,1042.1,1040.5,1040.5,15751.0
2026-05-12 13:55:00,1040.6,1041.4,1040.0,1041.3,18756.0
2026-05-12 14:00:00,1041.3,1041.4,1040.0,1040.1,18473.0
2026-05-12 14:05:00,1040.3,1041.0,1040.0,1040.2,17979.0
2026-05-12 14:10:00,1040.5,1040.9,1039.8,1040.8,27230.0
2026-05-12 14:15:00,1040.8,1042.1,1040.3,1040.7,44648.0
2026-05-12 14:20:00,1041.2,1041.9,1040.1,1041.5,35585.0
2026-05-12 14:25:00,1041.7,1041.7,1039.1,1040.0,103488.0
2026-05-12 14:30:00,1040.0,1040.9,1039.5,1039.5,32183.0
2026-05-12 14:35:00,1039.5,1043.0,1039.5,1042.6,64537.0
2026-05-12 14:40:00,1042.6,1042.7,1041.4,1041.4,42447.0
2026-05-12 14:45:00,1041.8,1042.7,1041.4,1042.0,44703.0
2026-05-12 14:50:00,1042.0,1042.3,1040.6,1041.0,29983.0
2026-05-12 14:55:00,1041.1,1041.4,1040.0,1040.6,99975.0
2026-05-12 15:00:00,1040.6,1042.0,1040.5,1041.1,119090.0
2026-05-12 15:05:00,1040.8,1041.4,1040.0,1041.4,133296.0
2026-05-12 15:10:00,1041.5,1041.9,1040.1,1041.3,87011.0
2026-05-12 15:15:00,1041.4,1044.0,1041.3,1043.6,123966.0
2026-05-12 15:20:00,1043.5,1043.5,1041.1,1041.8,132552.0
2026-05-12 15:25:00,1041.8,1043.0,1040.0,1042.5,206303.0
2026-05-13 09:15:00,1048.0,1061.0,1047.0,1051.0,420214.0
2026-05-13 09:20:00,1051.5,1058.0,1051.4,1055.4,144460.0
2026-05-13 09:25:00,1055.4,1055.8,1051.4,1052.5,117811.0
2026-05-13 09:30:00,1052.9,1057.1,1052.5,1052.9,117050.0
2026-05-13 09:35:00,1052.9,1053.8,1048.4,1050.7,91290.0
2026-05-13 09:40:00,1050.6,1052.4,1049.0,1050.5,55466.0
2026-05-13 09:45:00,1050.5,1054.4,1050.0,1054.3,56451.0
2026-05-13 09:50:00,1054.3,1056.0,1053.5,1054.8,123807.0
2026-05-13 09:55:00,1054.7,1058.5,1053.5,1057.6,123862.0
2026-05-13 10:00:00,1058.0,1067.0,1057.5,1066.1,242086.0
2026-05-13 10:05:00,1066.5,1068.0,1064.3,1067.5,107220.0
2026-05-13 10:10:00,1067.8,1067.9,1064.9,1067.2,86829.0
2026-05-13 10:15:00,1067.2,1070.8,1067.2,1070.3,110030.0
2026-05-13 10:20:00,1070.5,1074.0,1069.6,1073.5,82954.0
2026-05-13 10:25:00,1073.9,1077.6,1073.2,1076.6,103926.0
2026-05-13 10:30:00,1076.0,1076.5,1074.0,1075.6,57876.0
2026-05-13 10:35:00,1076.1,1076.8,1073.6,1073.7,51796.0
2026-05-13 10:40:00,1073.6,1077.3,1073.6,1076.5,62253.0
2026-05-13 10:45:00,1076.4,1077.9,1075.1,1075.6,47556.0
2026-05-13 10:50:00,1075.6,1075.8,1073.6,1075.0,56196.0
2026-05-13 10:55:00,1075.2,1075.5,1071.4,1072.6,52641.0
2026-05-13 11:00:00,1072.2,1074.9,1071.5,1074.6,41195.0
2026-05-13 11:05:00,1074.6,1076.9,1072.6,1074.6,42424.0
2026-05-13 11:10:00,1074.5,1074.5,1071.1,1072.0,31911.0
2026-05-13 11:15:00,1072.1,1073.7,1071.5,1073.7,23550.0
2026-05-13 11:20:00,1073.5,1074.1,1072.2,1073.5,20867.0
2026-05-13 11:25:00,1073.5,1074.8,1072.4,1074.2,32494.0
2026-05-13 11:30:00,1074.1,1074.6,1072.0,1073.1,20836.0
2026-05-13 11:35:00,1073.3,1073.6,1071.2,1072.4,25096.0
2026-05-13 11:40:00,1072.1,1074.0,1072.1,1073.0,18159.0
2026-05-13 11:45:00,1073.2,1074.9,1073.1,1074.5,23216.0
2026-05-13 11:50:00,1074.5,1075.2,1073.2,1073.6,39402.0
2026-05-13 11:55:00,1074.0,1076.3,1073.6,1075.3,38548.0
2026-05-13 12:00:00,1075.7,1077.2,1075.5,1076.4,38647.0
2026-05-13 12:05:00,1076.7,1077.4,1075.4,1075.5,19275.0
2026-05-13 12:10:00,1075.5,1078.0,1074.7,1076.2,104725.0
2026-05-13 12:15:00,1076.1,1080.9,1076.1,1080.3,132918.0
2026-05-13 12:20:00,1080.1,1081.5,1078.7,1079.6,100728.0
2026-05-13 12:25:00,1079.8,1080.3,1077.1,1078.0,53707.0
2026-05-13 12:30:00,1077.8,1079.2,1077.0,1077.9,41659.0
2026-05-13 12:35:00,1077.9,1078.2,1076.2,1076.5,31199.0
2026-05-13 12:40:00,1076.6,1077.6,1074.8,1077.6,40415.0
2026-05-13 12:45:00,1077.3,1078.2,1077.3,1077.9,20996.0
2026-05-13 12:50:00,1077.7,1079.5,1077.6,1078.3,24646.0
2026-05-13 12:55:00,1078.8,1080.0,1078.2,1079.2,23054.0
2026-05-13 13:00:00,1079.2,1079.5,1077.6,1078.6,33522.0
2026-05-13 13:05:00,1078.5,1079.2,1077.5,1079.0,23542.0
2026-05-13 13:10:00,1079.0,1079.2,1075.9,1077.2,35312.0
2026-05-13 13:15:00,1077.0,1077.4,1074.3,1074.8,31938.0
2026-05-13 13:20:00,1075.0,1079.6,1074.8,1079.3,45311.0
2026-05-13 13:25:00,1079.4,1079.4,1075.2,1076.4,44249.0
2026-05-13 13:30:00,1076.5,1078.3,1076.2,1078.1,18912.0
2026-05-13 13:35:00,1078.3,1079.5,1077.9,1078.2,56156.0
2026-05-13 13:40:00,1078.4,1078.7,1077.2,1077.5,14491.0
2026-05-13 13:45:00,1077.4,1079.2,1076.9,1077.3,20853.0
2026-05-13 13:50:00,1077.9,1077.9,1076.2,1076.5,15506.0
2026-05-13 13:55:00,1076.5,1076.5,1074.6,1075.1,18404.0
2026-05-13 14:00:00,1075.2,1076.8,1075.1,1075.3,22138.0
2026-05-13 14:05:00,1075.5,1076.6,1075.1,1076.5,18899.0
2026-05-13 14:10:00,1076.6,1077.0,1075.9,1076.8,15298.0
2026-05-13 14:15:00,1076.9,1076.9,1075.4,1075.8,16198.0
2026-05-13 14:20:00,1075.9,1077.4,1073.7,1077.0,65716.0
2026-05-13 14:25:00,1077.2,1077.4,1076.1,1076.9,24662.0
2026-05-13 14:30:00,1077.0,1078.4,1076.9,1078.4,20528.0
2026-05-13 14:35:00,1078.4,1078.4,1075.7,1077.6,57164.0
2026-05-13 14:40:00,1077.6,1078.7,1076.6,1076.8,84534.0
2026-05-13 14:45:00,1076.9,1077.7,1075.7,1077.5,48571.0
2026-05-13 14:50:00,1077.6,1081.2,1076.9,1080.8,97025.0
2026-05-13 14:55:00,1080.8,1082.4,1080.2,1080.2,93821.0
2026-05-13 15:00:00,1080.2,1080.5,1073.4,1073.6,167853.0
2026-05-13 15:05:00,1073.6,1075.2,1073.4,1074.8,180679.0
2026-05-13 15:10:00,1074.6,1074.9,1073.2,1073.6,129507.0
2026-05-13 15:15:00,1073.5,1073.7,1071.1,1071.6,163029.0
2026-05-13 15:20:00,1071.4,1072.5,1069.5,1071.9,254071.0
2026-05-13 15:25:00,1072.0,1079.0,1070.9,1075.0,166839.0
2026-05-14 09:15:00,1083.9,1089.5,1080.9,1085.0,318792.0
2026-05-14 09:20:00,1084.8,1087.8,1083.7,1084.2,139749.0
2026-05-14 09:25:00,1084.8,1087.6,1083.8,1087.5,81178.0
2026-05-14 09:30:00,1087.5,1091.0,1087.3,1089.9,112565.0
2026-05-14 09:35:00,1089.6,1097.4,1088.5,1096.4,156978.0
2026-05-14 09:40:00,1096.1,1098.2,1093.1,1096.3,223419.0
2026-05-14 09:45:00,1096.3,1098.0,1096.0,1096.8,87809.0
2026-05-14 09:50:00,1097.1,1097.7,1092.4,1092.7,86552.0
2026-05-14 09:55:00,1092.7,1093.9,1091.5,1093.3,73906.0
2026-05-14 10:00:00,1093.0,1093.8,1091.7,1092.4,67092.0
2026-05-14 10:05:00,1092.4,1094.1,1091.8,1094.0,58135.0
2026-05-14 10:10:00,1093.9,1096.0,1093.6,1094.2,42354.0
2026-05-14 10:15:00,1094.5,1098.0,1094.0,1097.3,67038.0
2026-05-14 10:20:00,1097.2,1097.8,1093.4,1095.4,70307.0
2026-05-14 10:25:00,1095.4,1096.9,1094.6,1095.0,114151.0
2026-05-14 10:30:00,1095.4,1097.2,1095.0,1097.0,23592.0
2026-05-14 10:35:00,1097.2,1099.5,1097.0,1099.3,80997.0
2026-05-14 10:40:00,1099.4,1100.7,1098.7,1099.3,112922.0
2026-05-14 10:45:00,1099.6,1099.6,1094.3,1094.6,50343.0
2026-05-14 10:50:00,1095.0,1097.5,1094.5,1097.2,25047.0
2026-05-14 10:55:00,1097.2,1097.4,1094.3,1094.7,28289.0
2026-05-14 11:00:00,1094.9,1095.6,1094.2,1094.4,24692.0
2026-05-14 11:05:00,1094.6,1095.6,1093.2,1095.2,106582.0
2026-05-14 11:10:00,1095.3,1095.9,1093.7,1094.6,27895.0
2026-05-14 11:15:00,1094.8,1096.4,1094.6,1096.0,36089.0
2026-05-14 11:20:00,1096.1,1098.7,1095.9,1097.9,32876.0
2026-05-14 11:25:00,1098.1,1099.3,1097.3,1098.2,28424.0
2026-05-14 11:30:00,1098.4,1102.9,1098.1,1101.4,86783.0
2026-05-14 11:35:00,1101.8,1102.0,1100.3,1101.5,26840.0
2026-05-14 11:40:00,1101.5,1101.5,1100.4,1100.8,13878.0
2026-05-14 11:45:00,1100.9,1102.5,1099.9,1100.2,68188.0
2026-05-14 11:50:00,1100.2,1100.5,1099.0,1099.5,19031.0
2026-05-14 11:55:00,1099.5,1100.0,1098.6,1099.6,39994.0
2026-05-14 12:00:00,1099.6,1100.0,1098.9,1099.1,27846.0
2026-05-14 12:05:00,1099.3,1100.0,1098.8,1099.3,28300.0
2026-05-14 12:10:00,1099.5,1099.7,1098.2,1098.7,17504.0
2026-05-14 12:15:00,1099.2,1101.0,1099.0,1100.2,35331.0
2026-05-14 12:20:00,1100.2,1101.0,1099.9,1101.0,21221.0
2026-05-14 12:25:00,1101.0,1101.5,1100.4,1101.0,24909.0
2026-05-14 12:30:00,1101.3,1101.4,1100.0,1100.1,14270.0
2026-05-14 12:35:00,1100.4,1100.5,1099.5,1100.1,22188.0
2026-05-14 12:40:00,1100.3,1100.3,1099.6,1100.2,9940.0
2026-05-14 12:45:00,1100.3,1102.3,1100.0,1101.8,43469.0
2026-05-14 12:50:00,1101.6,1101.9,1100.0,1100.7,26585.0
2026-05-14 12:55:00,1101.0,1101.3,1100.0,1100.7,25012.0
2026-05-14 13:00:00,1100.8,1102.3,1100.0,1102.3,28778.0
2026-05-14 13:05:00,1102.6,1102.6,1101.4,1101.8,16948.0
2026-05-14 13:10:00,1101.8,1102.5,1098.6,1098.6,138777.0
2026-05-14 13:15:00,1099.0,1100.3,1097.2,1097.2,134476.0
2026-05-14 13:20:00,1097.6,1100.0,1096.3,1096.3,136577.0
2026-05-14 13:25:00,1096.6,1098.7,1096.1,1097.5,15071.0
2026-05-14 13:30:00,1097.4,1100.0,1097.2,1099.3,23972.0
2026-05-14 13:35:00,1099.2,1101.5,1099.2,1101.2,162155.0
2026-05-14 13:40:00,1101.3,1102.6,1101.0,1102.1,21205.0
2026-05-14 13:45:00,1102.4,1104.2,1102.4,1103.1,35685.0
2026-05-14 13:50:00,1103.1,1103.3,1101.4,1102.1,14481.0
2026-05-14 13:55:00,1102.1,1102.5,1101.6,1102.0,9476.0
2026-05-14 14:00:00,1101.9,1103.2,1101.6,1103.0,14923.0
2026-05-14 14:05:00,1103.0,1103.4,1102.7,1102.8,11499.0
2026-05-14 14:10:00,1102.9,1103.9,1102.5,1102.6,25704.0
2026-05-14 14:15:00,1103.0,1103.9,1102.6,1103.5,14775.0
2026-05-14 14:20:00,1103.5,1104.0,1102.3,1103.5,25140.0
2026-05-14 14:25:00,1103.5,1104.9,1102.6,1104.6,54251.0
2026-05-14 14:30:00,1104.5,1105.0,1103.8,1104.6,34697.0
2026-05-14 14:35:00,1104.6,1104.6,1102.2,1103.6,38218.0
2026-05-14 14:40:00,1103.6,1103.9,1102.3,1102.5,50638.0
2026-05-14 14:45:00,1102.5,1102.5,1100.6,1100.9,55136.0
2026-05-14 14:50:00,1100.7,1103.0,1100.5,1101.7,38624.0
2026-05-14 14:55:00,1101.7,1102.1,1099.4,1101.3,90894.0
2026-05-14 15:00:00,1101.3,1104.6,1100.9,1104.3,125885.0
2026-05-14 15:05:00,1104.3,1104.7,1100.7,1101.5,140382.0
2026-05-14 15:10:00,1101.4,1104.2,1101.1,1103.2,163318.0
2026-05-14 15:15:00,1103.1,1104.3,1103.0,1103.7,125911.0
2026-05-14 15:20:00,1103.8,1104.1,1102.9,1103.0,178470.0
2026-05-14 15:25:00,1103.0,1105.0,1102.1,1102.1,114150.0
2026-05-15 09:15:00,1101.2,1101.2,1074.3,1078.1,374174.0
2026-05-15 09:20:00,1077.8,1080.6,1073.0,1076.4,172058.0
2026-05-15 09:25:00,1076.5,1080.6,1075.3,1079.0,137949.0
2026-05-15 09:30:00,1079.2,1081.4,1074.7,1077.3,108502.0
2026-05-15 09:35:00,1076.7,1083.0,1075.1,1083.0,61757.0
2026-05-15 09:40:00,1083.1,1084.0,1081.6,1083.5,72156.0
2026-05-15 09:45:00,1083.7,1085.0,1081.9,1082.1,90275.0
2026-05-15 09:50:00,1081.9,1087.4,1081.9,1086.2,71168.0
2026-05-15 09:55:00,1086.5,1087.1,1085.0,1086.4,50078.0
2026-05-15 10:00:00,1086.4,1087.0,1084.7,1086.3,72006.0
2026-05-15 10:05:00,1086.6,1089.0,1086.3,1086.9,73550.0
2026-05-15 10:10:00,1087.2,1088.3,1084.2,1085.0,100261.0
2026-05-15 10:15:00,1085.2,1086.2,1084.3,1085.8,37261.0
2026-05-15 10:20:00,1086.2,1086.3,1083.8,1083.8,64017.0
2026-05-15 10:25:00,1083.6,1084.6,1081.4,1082.3,94262.0
2026-05-15 10:30:00,1082.2,1083.5,1079.0,1079.0,97866.0
2026-05-15 10:35:00,1079.6,1079.6,1074.8,1075.3,76727.0
2026-05-15 10:40:00,1075.3,1077.7,1074.8,1076.0,52698.0
2026-05-15 10:45:00,1075.7,1077.8,1075.3,1077.4,36574.0
2026-05-15 10:50:00,1077.4,1079.2,1077.3,1078.0,39513.0
2026-05-15 10:55:00,1078.0,1078.3,1077.0,1077.9,30765.0
2026-05-15 11:00:00,1077.8,1077.9,1074.2,1076.2,69543.0
2026-05-15 11:05:00,1076.4,1076.4,1070.6,1071.0,81641.0
2026-05-15 11:10:00,1069.6,1070.6,1067.6,1068.1,99460.0
2026-05-15 11:15:00,1068.0,1070.0,1064.6,1069.0,75821.0
2026-05-15 11:20:00,1069.0,1071.3,1068.2,1070.2,65546.0
2026-05-15 11:25:00,1070.5,1074.3,1070.2,1071.5,54397.0
2026-05-15 11:30:00,1071.1,1071.6,1066.8,1071.4,73996.0
2026-05-15 11:35:00,1071.7,1073.1,1069.1,1071.0,64437.0
2026-05-15 11:40:00,1071.0,1071.3,1069.4,1070.7,43961.0
2026-05-15 11:45:00,1070.8,1074.7,1070.4,1074.0,101383.0
2026-05-15 11:50:00,1074.1,1075.4,1074.0,1074.3,102114.0
2026-05-15 11:55:00,1074.1,1076.5,1074.1,1076.2,40554.0
2026-05-15 12:00:00,1076.3,1078.2,1075.8,1077.5,69789.0
2026-05-15 12:05:00,1077.7,1078.8,1077.3,1078.3,60899.0
2026-05-15 12:10:00,1078.3,1081.0,1078.1,1080.9,51716.0
2026-05-15 12:15:00,1080.3,1081.5,1079.7,1080.8,46152.0
2026-05-15 12:20:00,1080.8,1081.2,1080.1,1080.3,41927.0
2026-05-15 12:25:00,1080.6,1081.8,1080.1,1080.7,44300.0
2026-05-15 12:30:00,1080.8,1081.2,1080.2,1080.9,51157.0
2026-05-15 12:35:00,1080.9,1081.2,1078.9,1078.9,54023.0
2026-05-15 12:40:00,1079.0,1081.7,1079.0,1081.7,46918.0
2026-05-15 12:45:00,1081.7,1082.4,1079.7,1080.7,56133.0
2026-05-15 12:50:00,1080.8,1081.8,1079.5,1080.5,46935.0
2026-05-15 12:55:00,1080.6,1080.6,1079.4,1080.0,42848.0
2026-05-15 13:00:00,1080.4,1081.1,1079.9,1080.3,49200.0
2026-05-15 13:05:00,1080.3,1081.3,1079.9,1080.2,34828.0
2026-05-15 13:10:00,1080.2,1081.3,1080.2,1080.9,33896.0
2026-05-15 13:15:00,1081.2,1081.2,1079.3,1079.8,46147.0
2026-05-15 13:20:00,1080.0,1081.4,1078.1,1079.8,72797.0
2026-05-15 13:25:00,1080.0,1080.8,1079.6,1080.6,48859.0
2026-05-15 13:30:00,1080.8,1081.0,1078.1,1079.7,76308.0
2026-05-15 13:35:00,1079.7,1081.5,1078.6,1078.7,89579.0
2026-05-15 13:40:00,1079.0,1079.0,1072.9,1074.8,171274.0
2026-05-15 13:45:00,1074.9,1075.8,1071.2,1072.5,129425.0
2026-05-15 13:50:00,1072.7,1075.6,1072.5,1075.1,74133.0
2026-05-15 13:55:00,1075.1,1076.2,1073.7,1074.7,82732.0
2026-05-15 14:00:00,1074.8,1075.7,1071.3,1071.4,77150.0
2026-05-15 14:05:00,1071.9,1076.4,1071.6,1075.4,65191.0
2026-05-15 14:10:00,1075.6,1076.0,1073.6,1074.2,72247.0
2026-05-15 14:15:00,1074.5,1075.8,1073.4,1075.8,64192.0
2026-05-15 14:20:00,1075.5,1075.7,1072.6,1073.4,76081.0
2026-05-15 14:25:00,1073.9,1074.2,1072.5,1072.9,68060.0
2026-05-15 14:30:00,1073.6,1073.9,1071.1,1072.0,108868.0
2026-05-15 14:35:00,1072.0,1074.0,1071.9,1072.5,148648.0
2026-05-15 14:40:00,1072.5,1072.6,1069.4,1069.5,105739.0
2026-05-15 14:45:00,1069.9,1069.9,1063.3,1063.8,177404.0
2026-05-15 14:50:00,1064.0,1064.2,1057.6,1057.8,234547.0
2026-05-15 14:55:00,1057.8,1064.3,1057.8,1063.3,177935.0
2026-05-15 15:00:00,1063.5,1066.2,1062.5,1066.1,144446.0
2026-05-15 15:05:00,1066.1,1068.9,1065.3,1067.6,154342.0
2026-05-15 15:10:00,1067.9,1069.6,1067.4,1068.5,133181.0
2026-05-15 15:15:00,1068.5,1069.5,1066.9,1067.5,207086.0
2026-05-15 15:20:00,1067.6,1069.4,1066.4,1066.6,332322.0
2026-05-15 15:25:00,1066.6,1069.0,1063.0,1065.0,100671.0
2026-05-18 09:15:00,1050.0,1060.0,1044.8,1056.5,282434.0
2026-05-18 09:20:00,1056.7,1057.6,1053.8,1055.5,104915.0
2026-05-18 09:25:00,1055.6,1056.8,1051.8,1052.4,70679.0
2026-05-18 09:30:00,1052.4,1055.3,1052.4,1053.2,68292.0
2026-05-18 09:35:00,1053.6,1054.9,1052.0,1052.4,67489.0
2026-05-18 09:40:00,1052.7,1056.6,1052.2,1056.0,45622.0
2026-05-18 09:45:00,1056.0,1056.4,1050.2,1051.6,40627.0
2026-05-18 09:50:00,1051.5,1053.2,1047.3,1048.2,92867.0
2026-05-18 09:55:00,1048.6,1051.0,1047.3,1048.8,65169.0
2026-05-18 10:00:00,1048.8,1051.6,1047.5,1051.0,44040.0
2026-05-18 10:05:00,1051.3,1053.5,1050.6,1050.8,52649.0
2026-05-18 10:10:00,1051.2,1053.1,1049.0,1052.3,72279.0
2026-05-18 10:15:00,1052.3,1053.5,1050.8,1051.3,49802.0
2026-05-18 10:20:00,1051.5,1052.9,1049.8,1050.5,68322.0
2026-05-18 10:25:00,1050.5,1050.9,1048.0,1048.0,35807.0
2026-05-18 10:30:00,1048.4,1051.3,1046.1,1051.0,41314.0
2026-05-18 10:35:00,1051.3,1051.3,1049.0,1049.3,32109.0
2026-05-18 10:40:00,1049.8,1050.1,1046.9,1047.3,30518.0
2026-05-18 10:45:00,1047.5,1048.4,1046.4,1046.6,35227.0
2026-05-18 10:50:00,1046.9,1047.7,1046.0,1047.0,37090.0
2026-05-18 10:55:00,1047.3,1049.9,1047.0,1049.0,39874.0
2026-05-18 11:00:00,1049.0,1050.7,1047.7,1049.5,62910.0
2026-05-18 11:05:00,1049.9,1049.9,1048.5,1049.4,25840.0
2026-05-18 11:10:00,1049.6,1049.9,1048.5,1048.5,33884.0
2026-05-18 11:15:00,1048.7,1050.2,1048.0,1049.6,35813.0
2026-05-18 11:20:00,1049.6,1049.6,1047.2,1048.6,109251.0
2026-05-18 11:25:00,1049.0,1049.0,1046.1,1046.5,56342.0
2026-05-18 11:30:00,1046.5,1048.2,1046.1,1046.5,27566.0
2026-05-18 11:35:00,1046.7,1048.2,1046.1,1047.8,38488.0
2026-05-18 11:40:00,1048.0,1048.0,1046.4,1047.2,21457.0
2026-05-18 11:45:00,1047.3,1048.5,1046.4,1046.5,18965.0
2026-05-18 11:50:00,1046.5,1047.0,1046.1,1046.8,20287.0
2026-05-18 11:55:00,1046.7,1047.0,1045.6,1045.9,15903.0
2026-05-18 12:00:00,1045.9,1045.9,1044.0,1045.4,32569.0
2026-05-18 12:05:00,1045.4,1047.0,1045.0,1046.7,66167.0
2026-05-18 12:10:00,1046.6,1047.9,1046.3,1046.6,33349.0
2026-05-18 12:15:00,1046.6,1048.4,1046.6,1047.7,33137.0
2026-05-18 12:20:00,1047.8,1048.0,1046.6,1047.7,43460.0
2026-05-18 12:25:00,1047.9,1048.1,1047.2,1047.6,44403.0
2026-05-18 12:30:00,1047.7,1053.4,1047.7,1051.9,115446.0
2026-05-18 12:35:00,1052.5,1053.3,1051.7,1053.0,34663.0
2026-05-18 12:40:00,1053.3,1053.3,1049.2,1049.6,33099.0
2026-05-18 12:45:00,1050.0,1050.0,1048.0,1049.2,29221.0
2026-05-18 12:50:00,1049.4,1049.4,1047.8,1047.9,43080.0
2026-05-18 12:55:00,1048.0,1054.0,1047.9,1053.2,79994.0
2026-05-18 13:00:00,1053.5,1053.9,1052.2,1053.2,37798.0
2026-05-18 13:05:00,1053.0,1053.1,1050.3,1050.4,19772.0
2026-05-18 13:10:00,1050.6,1050.9,1049.5,1050.9,20645.0
2026-05-18 13:15:00,1050.9,1051.8,1050.2,1050.7,20092.0
2026-05-18 13:20:00,1051.1,1051.1,1048.6,1050.4,17301.0
2026-05-18 13:25:00,1050.8,1051.3,1049.9,1050.2,18172.0
2026-05-18 13:30:00,1050.4,1052.4,1050.2,1051.5,24929.0
2026-05-18 13:35:00,1051.6,1052.6,1050.7,1050.7,21392.0
2026-05-18 13:40:00,1050.8,1053.6,1050.0,1052.2,29063.0
2026-05-18 13:45:00,1052.3,1053.2,1051.5,1052.4,27235.0
2026-05-18 13:50:00,1052.6,1054.3,1051.9,1054.1,26882.0
2026-05-18 13:55:00,1054.1,1055.5,1053.4,1054.2,26600.0
2026-05-18 14:00:00,1054.2,1055.0,1053.3,1054.5,22301.0
2026-05-18 14:05:00,1054.6,1054.7,1051.7,1052.1,20756.0
2026-05-18 14:10:00,1052.1,1053.8,1052.0,1053.0,29170.0
2026-05-18 14:15:00,1053.0,1054.0,1051.6,1053.7,36396.0
2026-05-18 14:20:00,1053.7,1055.0,1053.6,1053.6,44455.0
2026-05-18 14:25:00,1053.6,1055.0,1053.3,1054.8,55953.0
2026-05-18 14:30:00,1054.8,1054.8,1051.6,1051.8,36753.0
2026-05-18 14:35:00,1052.1,1052.1,1048.6,1049.0,68389.0
2026-05-18 14:40:00,1049.1,1051.4,1049.0,1050.7,33397.0
2026-05-18 14:45:00,1050.8,1050.8,1049.4,1049.4,39854.0
2026-05-18 14:50:00,1049.7,1050.3,1049.6,1050.2,26225.0
2026-05-18 14:55:00,1050.3,1050.3,1048.1,1048.2,62947.0
2026-05-18 15:00:00,1048.6,1056.9,1048.6,1055.6,171701.0
2026-05-18 15:05:00,1055.7,1056.7,1051.6,1052.1,102909.0
2026-05-18 15:10:00,1052.2,1053.5,1052.0,1052.6,93311.0
2026-05-18 15:15:00,1052.6,1052.8,1051.2,1052.2,124615.0
2026-05-18 15:20:00,1052.4,1054.4,1052.2,1053.2,177240.0
2026-05-18 15:25:00,1053.3,1053.5,1050.0,1050.0,122748.0
2026-05-19 09:15:00,1052.5,1053.1,1043.4,1044.5,116508.0
2026-05-19 09:20:00,1045.3,1046.0,1041.8,1042.5,81859.0
2026-05-19 09:25:00,1042.3,1043.1,1040.7,1041.2,60138.0
2026-05-19 09:30:00,1041.3,1042.4,1039.1,1039.4,49579.0
2026-05-19 09:35:00,1039.5,1040.0,1037.1,1039.8,69389.0
2026-05-19 09:40:00,1040.2,1040.9,1039.0,1040.5,51598.0
2026-05-19 09:45:00,1040.7,1041.1,1038.4,1039.9,57976.0
2026-05-19 09:50:00,1040.2,1041.1,1039.1,1039.9,31037.0
2026-05-19 09:55:00,1039.6,1039.8,1037.4,1037.4,45659.0
2026-05-19 10:00:00,1037.4,1039.9,1037.4,1038.4,39323.0
2026-05-19 10:05:00,1038.5,1041.6,1038.5,1041.1,43681.0
2026-05-19 10:10:00,1041.1,1046.4,1041.0,1044.5,55696.0
2026-05-19 10:15:00,1044.8,1044.9,1042.3,1043.0,35642.0
2026-05-19 10:20:00,1043.0,1045.8,1042.6,1045.7,48143.0
2026-05-19 10:25:00,1045.9,1047.1,1045.3,1046.0,46748.0
2026-05-19 10:30:00,1045.9,1047.5,1044.3,1046.0,69561.0
2026-05-19 10:35:00,1046.0,1046.0,1043.1,1045.4,34238.0
2026-05-19 10:40:00,1045.4,1047.1,1045.4,1046.9,30488.0
2026-05-19 10:45:00,1046.9,1047.8,1046.4,1047.3,27363.0
2026-05-19 10:50:00,1047.5,1048.7,1045.2,1046.9,52243.0
2026-05-19 10:55:00,1047.1,1049.5,1046.7,1048.6,25229.0
2026-05-19 11:00:00,1048.8,1048.9,1046.8,1047.0,31207.0
2026-05-19 11:05:00,1046.9,1048.6,1046.1,1047.9,31949.0
2026-05-19 11:10:00,1047.7,1049.8,1047.0,1047.2,38642.0
2026-05-19 11:15:00,1047.1,1049.3,1047.1,1047.8,27427.0
2026-05-19 11:20:00,1048.0,1048.2,1046.1,1047.6,88655.0
2026-05-19 11:25:00,1047.6,1049.6,1047.6,1049.6,42708.0
2026-05-19 11:30:00,1049.4,1051.4,1049.1,1051.4,52104.0
2026-05-19 11:35:00,1051.4,1051.4,1050.0,1050.4,33818.0
2026-05-19 11:40:00,1050.5,1052.5,1049.9,1051.6,38142.0
2026-05-19 11:45:00,1051.8,1052.1,1050.3,1050.9,24386.0
2026-05-19 11:50:00,1050.9,1051.6,1050.1,1050.8,22947.0
2026-05-19 11:55:00,1050.8,1051.2,1049.0,1049.1,81143.0
2026-05-19 12:00:00,1049.1,1049.9,1048.9,1049.1,27434.0
2026-05-19 12:05:00,1049.1,1049.9,1048.9,1049.6,23546.0
2026-05-19 12:10:00,1049.5,1051.4,1049.5,1050.9,39795.0
2026-05-19 12:15:00,1050.8,1050.9,1048.9,1049.6,38445.0
2026-05-19 12:20:00,1049.6,1049.8,1047.3,1047.6,38872.0
2026-05-19 12:25:00,1047.8,1049.5,1047.2,1048.4,44036.0
2026-05-19 12:30:00,1048.6,1048.6,1047.4,1047.7,22154.0
2026-05-19 12:35:00,1047.6,1050.7,1047.6,1049.3,38601.0
2026-05-19 12:40:00,1049.4,1049.6,1047.6,1048.3,23996.0
2026-05-19 12:45:00,1048.2,1049.9,1048.1,1049.6,20102.0
2026-05-19 12:50:00,1049.6,1049.9,1048.9,1049.4,22591.0
2026-05-19 12:55:00,1049.2,1050.9,1049.2,1050.1,22714.0
2026-05-19 13:00:00,1050.2,1050.8,1049.1,1049.8,27101.0
2026-05-19 13:05:00,1049.9,1051.2,1049.3,1050.9,26448.0
2026-05-19 13:10:00,1050.9,1052.2,1050.0,1050.5,87273.0
2026-05-19 13:15:00,1050.2,1053.4,1050.0,1051.5,52471.0
2026-05-19 13:20:00,1051.5,1052.3,1050.9,1052.0,24608.0
2026-05-19 13:25:00,1052.1,1052.1,1050.9,1051.0,25618.0
2026-05-19 13:30:00,1051.0,1051.2,1050.2,1051.0,20387.0
2026-05-19 13:35:00,1051.1,1051.4,1048.3,1048.6,38978.0
2026-05-19 13:40:00,1048.7,1049.0,1046.6,1047.2,30887.0
2026-05-19 13:45:00,1047.2,1048.0,1047.0,1047.0,18549.0
2026-05-19 13:50:00,1047.0,1047.8,1046.1,1046.3,23373.0
2026-05-19 13:55:00,1046.4,1047.1,1045.8,1046.4,49702.0
2026-05-19 14:00:00,1046.4,1048.8,1046.4,1048.4,36002.0
2026-05-19 14:05:00,1048.4,1048.7,1047.3,1047.9,20157.0
2026-05-19 14:10:00,1048.0,1049.9,1047.9,1049.2,66449.0
2026-05-19 14:15:00,1049.2,1051.8,1049.0,1050.0,44913.0
2026-05-19 14:20:00,1050.0,1051.1,1050.0,1050.0,30388.0
2026-05-19 14:25:00,1050.0,1052.5,1050.0,1052.3,29890.0
2026-05-19 14:30:00,1052.3,1052.3,1050.0,1050.3,42594.0
2026-05-19 14:35:00,1050.2,1050.2,1048.0,1048.0,73442.0
2026-05-19 14:40:00,1048.0,1049.9,1048.0,1049.5,40486.0
2026-05-19 14:45:00,1049.7,1050.6,1048.8,1048.9,47861.0
2026-05-19 14:50:00,1049.0,1049.3,1048.2,1048.9,23596.0
2026-05-19 14:55:00,1049.0,1049.5,1048.1,1048.3,28886.0
2026-05-19 15:00:00,1048.4,1050.4,1048.4,1049.8,99335.0
2026-05-19 15:05:00,1049.8,1050.9,1048.3,1048.5,147663.0
2026-05-19 15:10:00,1048.4,1048.6,1047.3,1048.1,196451.0
2026-05-19 15:15:00,1048.2,1049.1,1046.6,1047.4,130366.0
2026-05-19 15:20:00,1047.5,1048.5,1047.4,1048.3,120588.0
2026-05-19 15:25:00,1048.5,1048.5,1045.9,1046.6,111330.0
2026-05-20 09:15:00,1038.4,1067.3,1038.4,1064.8,826248.0
2026-05-20 09:20:00,1064.0,1073.9,1062.0,1071.7,359187.0
2026-05-20 09:25:00,1071.8,1084.2,1071.8,1082.0,645249.0
2026-05-20 09:30:00,1081.9,1085.0,1079.4,1081.1,251639.0
2026-05-20 09:35:00,1081.5,1089.5,1081.2,1088.4,324923.0
2026-05-20 09:40:00,1088.0,1089.4,1084.1,1086.4,216318.0
2026-05-20 09:45:00,1086.5,1086.7,1082.3,1085.0,211333.0
2026-05-20 09:50:00,1085.0,1086.7,1084.0,1084.4,130427.0
2026-05-20 09:55:00,1084.7,1084.9,1082.7,1084.3,207845.0
2026-05-20 10:00:00,1084.5,1086.6,1083.0,1084.0,123607.0
2026-05-20 10:05:00,1084.0,1085.2,1079.3,1081.0,254764.0
2026-05-20 10:10:00,1081.2,1081.2,1077.3,1078.6,194126.0
2026-05-20 10:15:00,1078.9,1083.7,1078.9,1082.5,142529.0
2026-05-20 10:20:00,1082.8,1085.0,1082.1,1083.7,119198.0
2026-05-20 10:25:00,1084.0,1086.4,1079.6,1081.6,160358.0
2026-05-20 10:30:00,1082.0,1084.0,1081.3,1082.5,67255.0
2026-05-20 10:35:00,1082.7,1082.9,1081.5,1082.0,43219.0
2026-05-20 10:40:00,1082.2,1083.4,1080.5,1082.3,63884.0
2026-05-20 10:45:00,1082.8,1084.8,1082.0,1083.2,93828.0
2026-05-20 10:50:00,1083.3,1086.0,1082.6,1083.5,104878.0
2026-05-20 10:55:00,1083.4,1084.9,1082.9,1084.2,113594.0
2026-05-20 11:00:00,1084.2,1086.0,1082.1,1082.8,141482.0
2026-05-20 11:05:00,1082.6,1083.2,1081.2,1082.5,95212.0
2026-05-20 11:10:00,1082.5,1083.6,1080.8,1080.8,103078.0
2026-05-20 11:15:00,1081.1,1081.2,1077.3,1077.5,180847.0
2026-05-20 11:20:00,1077.3,1082.4,1077.3,1081.4,95187.0
2026-05-20 11:25:00,1081.4,1084.9,1081.0,1084.7,90812.0
2026-05-20 11:30:00,1084.7,1087.9,1082.4,1086.6,158333.0
2026-05-20 11:35:00,1086.7,1089.0,1085.9,1088.6,127257.0
2026-05-20 11:40:00,1088.0,1090.0,1087.3,1087.6,126258.0
2026-05-20 11:45:00,1087.7,1088.9,1086.9,1088.7,66443.0
2026-05-20 11:50:00,1088.7,1089.0,1087.3,1088.2,62803.0
2026-05-20 11:55:00,1088.3,1088.6,1087.0,1087.2,128412.0
2026-05-20 12:00:00,1087.2,1087.9,1086.1,1086.4,50812.0
2026-05-20 12:05:00,1086.4,1087.0,1083.7,1085.0,1863783.0
2026-05-20 12:10:00,1085.0,1085.3,1080.7,1081.3,188346.0
2026-05-20 12:15:00,1081.4,1083.2,1079.5,1079.7,116540.0
2026-05-20 12:20:00,1080.0,1080.0,1077.6,1077.8,105337.0
2026-05-20 12:25:00,1078.3,1078.3,1075.6,1076.3,119340.0
2026-05-20 12:30:00,1076.3,1078.4,1075.6,1077.8,81587.0
2026-05-20 12:35:00,1078.0,1079.8,1077.8,1079.3,61488.0
2026-05-20 12:40:00,1079.3,1082.0,1078.8,1079.4,86112.0
2026-05-20 12:45:00,1079.4,1080.1,1078.2,1080.0,38243.0
2026-05-20 12:50:00,1080.0,1081.8,1079.3,1080.0,110228.0
2026-05-20 12:55:00,1080.1,1081.3,1079.5,1079.5,53899.0
2026-05-20 13:00:00,1079.8,1080.8,1077.9,1078.4,56452.0
2026-05-20 13:05:00,1078.4,1080.0,1077.3,1077.8,73429.0
2026-05-20 13:10:00,1077.8,1078.1,1076.1,1076.8,57905.0
2026-05-20 13:15:00,1076.8,1077.6,1076.4,1077.1,47091.0
2026-05-20 13:20:00,1077.3,1078.3,1077.0,1077.9,30728.0
2026-05-20 13:25:00,1078.3,1079.0,1077.0,1077.1,44080.0
2026-05-20 13:30:00,1077.1,1078.6,1076.5,1078.3,32305.0
2026-05-20 13:35:00,1078.3,1079.3,1077.7,1078.0,39647.0
2026-05-20 13:40:00,1078.0,1078.4,1077.1,1077.3,30088.0
2026-05-20 13:45:00,1077.3,1078.7,1077.0,1077.5,32371.0
2026-05-20 13:50:00,1077.5,1078.4,1076.4,1078.1,34871.0
2026-05-20 13:55:00,1078.4,1079.4,1077.2,1079.3,29955.0
2026-05-20 14:00:00,1079.7,1080.0,1078.3,1078.6,57462.0
2026-05-20 14:05:00,1078.7,1080.0,1078.5,1079.7,48223.0
2026-05-20 14:10:00,1079.7,1082.9,1079.7,1080.9,181234.0
2026-05-20 14:15:00,1081.3,1081.4,1078.0,1079.6,88229.0
2026-05-20 14:20:00,1079.6,1081.5,1079.5,1081.4,59927.0
2026-05-20 14:25:00,1081.5,1081.7,1079.1,1080.5,146415.0
2026-05-20 14:30:00,1080.5,1082.0,1080.2,1081.3,48185.0
2026-05-20 14:35:00,1081.3,1081.9,1078.8,1081.6,79690.0
2026-05-20 14:40:00,1081.5,1083.9,1081.5,1083.4,45706.0
2026-05-20 14:45:00,1083.2,1083.6,1082.3,1083.3,64078.0
2026-05-20 14:50:00,1083.2,1084.5,1083.2,1083.7,82331.0
2026-05-20 14:55:00,1083.8,1085.6,1083.3,1084.9,111556.0
2026-05-20 15:00:00,1085.2,1085.2,1081.5,1081.9,219336.0
2026-05-20 15:05:00,1082.0,1085.0,1081.9,1084.9,163544.0
2026-05-20 15:10:00,1084.9,1088.7,1084.9,1087.6,248673.0
2026-05-20 15:15:00,1087.4,1087.6,1084.8,1086.0,231722.0
2026-05-20 15:20:00,1085.8,1087.0,1085.3,1086.5,266353.0
2026-05-20 15:25:00,1086.6,1087.6,1085.0,1085.0,206669.0
2026-05-21 09:15:00,1098.7,1100.4,1089.3,1094.9,225889.0
2026-05-21 09:20:00,1095.0,1095.0,1091.1,1092.0,92196.0
2026-05-21 09:25:00,1092.3,1094.3,1091.6,1093.3,62170.0
2026-05-21 09:30:00,1093.2,1095.7,1092.7,1095.6,56717.0
2026-05-21 09:35:00,1095.2,1097.0,1095.1,1095.6,85120.0
2026-05-21 09:40:00,1095.9,1099.4,1095.0,1097.3,71638.0
2026-05-21 09:45:00,1097.3,1099.8,1096.8,1099.0,52202.0
2026-05-21 09:50:00,1098.6,1099.7,1097.0,1099.3,49360.0
2026-05-21 09:55:00,1099.6,1107.9,1099.2,1107.2,242595.0
2026-05-21 10:00:00,1107.4,1109.9,1106.3,1109.3,171389.0
2026-05-21 10:05:00,1109.3,1109.9,1107.1,1107.1,99987.0
2026-05-21 10:10:00,1106.7,1110.9,1106.5,1109.2,153739.0
2026-05-21 10:15:00,1109.2,1110.8,1108.2,1110.0,80061.0
2026-05-21 10:20:00,1109.6,1110.0,1105.5,1105.5,129705.0
2026-05-21 10:25:00,1105.5,1108.4,1105.2,1107.1,73727.0
2026-05-21 10:30:00,1107.1,1108.0,1105.3,1105.8,60840.0
2026-05-21 10:35:00,1105.3,1105.8,1100.5,1102.6,109844.0
2026-05-21 10:40:00,1102.6,1102.7,1100.2,1102.4,46720.0
2026-05-21 10:45:00,1102.4,1103.2,1102.0,1102.2,49862.0
2026-05-21 10:50:00,1102.2,1104.6,1102.0,1104.5,36815.0
2026-05-21 10:55:00,1104.5,1104.8,1103.0,1103.2,21701.0
2026-05-21 11:00:00,1103.1,1103.2,1099.1,1099.4,63177.0
2026-05-21 11:05:00,1099.6,1100.1,1098.2,1099.2,41908.0
2026-05-21 11:10:00,1099.2,1099.7,1096.9,1097.4,54492.0
2026-05-21 11:15:00,1097.4,1098.2,1094.6,1097.6,80649.0
2026-05-21 11:20:00,1097.4,1098.8,1097.0,1097.8,44391.0
2026-05-21 11:25:00,1098.0,1098.9,1096.7,1097.4,32210.0
2026-05-21 11:30:00,1097.4,1098.7,1096.6,1098.4,34904.0
2026-05-21 11:35:00,1098.7,1098.8,1096.4,1096.6,48348.0
2026-05-21 11:40:00,1097.2,1098.9,1096.3,1098.0,53948.0
2026-05-21 11:45:00,1097.9,1098.8,1097.3,1098.8,17764.0
2026-05-21 11:50:00,1098.2,1099.5,1097.0,1097.0,30917.0
2026-05-21 11:55:00,1097.0,1098.4,1097.0,1097.8,16600.0
2026-05-21 12:00:00,1097.5,1098.0,1096.5,1096.5,10408.0
2026-05-21 12:05:00,1096.5,1098.2,1096.3,1097.7,14310.0
2026-05-21 12:10:00,1097.9,1098.8,1096.5,1096.5,27256.0
2026-05-21 12:15:00,1096.5,1097.3,1095.3,1095.5,23030.0
2026-05-21 12:20:00,1095.6,1096.1,1093.7,1093.9,43112.0
2026-05-21 12:25:00,1094.1,1095.2,1092.5,1093.6,49129.0
2026-05-21 12:30:00,1093.7,1095.3,1093.1,1094.8,21909.0
2026-05-21 12:35:00,1094.4,1096.1,1092.0,1093.0,46866.0
2026-05-21 12:40:00,1093.1,1094.8,1092.4,1094.0,13730.0
2026-05-21 12:45:00,1094.0,1094.6,1092.4,1093.2,19380.0
2026-05-21 12:50:00,1093.2,1094.6,1093.2,1094.3,10834.0
2026-05-21 12:55:00,1094.3,1095.9,1094.2,1095.0,50901.0
2026-05-21 13:00:00,1095.0,1095.5,1093.6,1094.8,18014.0
2026-05-21 13:05:00,1094.8,1095.9,1094.1,1094.4,15673.0
2026-05-21 13:10:00,1094.4,1095.1,1094.0,1094.5,14368.0
2026-05-21 13:15:00,1094.5,1095.0,1093.9,1094.7,21739.0
2026-05-21 13:20:00,1094.7,1095.0,1092.9,1093.2,26348.0
2026-05-21 13:25:00,1093.2,1094.5,1093.2,1093.9,17916.0
2026-05-21 13:30:00,1093.9,1095.0,1093.2,1094.6,18369.0
2026-05-21 13:35:00,1094.6,1095.0,1094.5,1094.9,55597.0
2026-05-21 13:40:00,1094.7,1098.4,1094.6,1097.9,50265.0
2026-05-21 13:45:00,1098.0,1099.7,1096.3,1096.7,40522.0
2026-05-21 13:50:00,1096.4,1096.9,1095.2,1096.2,20064.0
2026-05-21 13:55:00,1096.6,1098.5,1095.2,1097.6,25140.0
2026-05-21 14:00:00,1097.6,1099.0,1096.1,1096.3,45302.0
2026-05-21 14:05:00,1096.3,1096.6,1094.1,1095.0,47502.0
2026-05-21 14:10:00,1094.6,1098.0,1094.6,1095.7,80806.0
2026-05-21 14:15:00,1095.6,1096.3,1094.6,1095.9,98385.0
2026-05-21 14:20:00,1095.9,1098.0,1095.7,1096.9,67216.0
2026-05-21 14:25:00,1096.9,1098.0,1095.8,1096.0,26988.0
2026-05-21 14:30:00,1096.2,1097.1,1095.0,1096.5,55210.0
2026-05-21 14:35:00,1096.5,1098.8,1096.0,1098.4,33452.0
2026-05-21 14:40:00,1098.3,1101.9,1098.0,1099.5,71417.0
2026-05-21 14:45:00,1099.5,1101.0,1099.5,1100.1,50497.0
2026-05-21 14:50:00,1100.1,1101.3,1098.2,1098.4,30061.0
2026-05-21 14:55:00,1098.2,1099.6,1098.2,1099.0,73006.0
2026-05-21 15:00:00,1099.1,1101.9,1099.1,1100.0,112687.0
2026-05-21 15:05:00,1100.0,1100.4,1097.6,1097.8,91831.0
2026-05-21 15:10:00,1098.0,1099.8,1097.8,1099.0,73390.0
2026-05-21 15:15:00,1099.2,1099.3,1098.2,1098.6,99066.0
2026-05-21 15:20:00,1098.7,1099.3,1097.4,1098.6,126027.0
2026-05-21 15:25:00,1098.6,1103.5,1097.0,1100.0,166055.0
2026-05-22 09:15:00,1099.0,1104.7,1094.1,1099.2,337799.0
2026-05-22 09:20:00,1099.0,1105.3,1098.5,1103.6,138967.0
2026-05-22 09:25:00,1104.2,1105.3,1103.3,1104.3,63529.0
2026-05-22 09:30:00,1104.0,1104.2,1099.4,1101.6,67844.0
2026-05-22 09:35:00,1101.8,1104.5,1101.7,1103.1,44770.0
2026-05-22 09:40:00,1103.3,1103.5,1101.4,1103.1,29251.0
2026-05-22 09:45:00,1103.2,1103.8,1101.1,1101.5,38786.0
2026-05-22 09:50:00,1101.3,1103.6,1101.0,1102.7,25097.0
2026-05-22 09:55:00,1102.8,1103.5,1101.4,1101.8,18847.0
2026-05-22 10:00:00,1101.8,1101.8,1098.8,1099.1,32237.0
2026-05-22 10:05:00,1099.1,1099.2,1096.5,1097.1,57549.0
2026-05-22 10:10:00,1097.3,1102.0,1097.0,1101.4,28268.0
2026-05-22 10:15:00,1101.6,1102.8,1100.0,1102.1,41081.0
2026-05-22 10:20:00,1102.2,1103.5,1101.7,1102.1,31591.0
2026-05-22 10:25:00,1102.2,1103.1,1101.0,1101.2,44925.0
2026-05-22 10:30:00,1101.3,1103.1,1101.2,1102.0,21304.0
2026-05-22 10:35:00,1101.9,1102.7,1101.2,1102.2,19201.0
2026-05-22 10:40:00,1102.3,1106.0,1101.8,1105.0,58519.0
2026-05-22 10:45:00,1105.0,1105.4,1103.0,1103.0,42840.0
2026-05-22 10:50:00,1103.3,1103.5,1102.0,1102.2,16880.0
2026-05-22 10:55:00,1102.3,1102.9,1101.4,1101.9,34823.0
2026-05-22 11:00:00,1101.8,1104.0,1101.3,1103.3,21356.0
2026-05-22 11:05:00,1103.6,1103.8,1102.2,1102.7,17120.0
2026-05-22 11:10:00,1102.9,1104.0,1102.7,1102.9,16090.0
2026-05-22 11:15:00,1103.0,1103.6,1102.5,1103.0,23804.0
2026-05-22 11:20:00,1103.0,1103.3,1102.3,1102.4,23061.0
2026-05-22 11:25:00,1102.8,1102.8,1100.3,1100.3,34728.0
2026-05-22 11:30:00,1100.3,1101.7,1100.0,1101.0,23214.0
2026-05-22 11:35:00,1101.5,1101.7,1099.3,1099.6,20348.0
2026-05-22 11:40:00,1099.4,1101.0,1099.0,1100.4,18780.0
2026-05-22 11:45:00,1100.5,1102.2,1100.1,1101.0,25122.0
2026-05-22 11:50:00,1101.2,1101.9,1100.0,1100.9,24130.0
2026-05-22 11:55:00,1100.9,1101.4,1100.2,1101.1,13949.0
2026-05-22 12:00:00,1101.5,1101.8,1097.0,1097.6,56041.0
2026-05-22 12:05:00,1098.1,1098.6,1097.4,1097.4,21683.0
2026-05-22 12:10:00,1097.4,1098.3,1097.3,1097.3,22555.0
2026-05-22 12:15:00,1097.4,1098.5,1097.3,1098.2,19130.0
2026-05-22 12:20:00,1098.4,1098.6,1097.4,1097.4,10629.0
2026-05-22 12:25:00,1097.3,1097.8,1096.5,1096.5,14746.0
2026-05-22 12:30:00,1096.5,1096.8,1094.5,1095.7,42167.0
2026-05-22 12:35:00,1096.0,1096.0,1092.8,1094.4,82229.0
2026-05-22 12:40:00,1094.4,1095.2,1093.0,1093.0,37476.0
2026-05-22 12:45:00,1093.4,1096.0,1093.1,1094.6,80257.0
2026-05-22 12:50:00,1094.8,1097.0,1094.3,1094.6,32005.0
2026-05-22 12:55:00,1095.0,1096.2,1094.3,1096.0,58175.0
2026-05-22 13:00:00,1096.1,1096.1,1094.7,1095.3,43021.0
2026-05-22 13:05:00,1095.7,1095.7,1094.4,1094.4,18568.0
2026-05-22 13:10:00,1094.4,1096.5,1094.4,1095.5,19776.0
2026-05-22 13:15:00,1095.6,1096.2,1095.2,1095.5,12757.0
2026-05-22 13:20:00,1095.6,1096.1,1095.2,1096.1,14181.0
2026-05-22 13:25:00,1095.9,1097.2,1095.7,1096.9,19829.0
2026-05-22 13:30:00,1097.4,1099.1,1096.7,1098.4,35168.0
2026-05-22 13:35:00,1098.4,1099.0,1097.6,1099.0,27761.0
2026-05-22 13:40:00,1098.9,1099.7,1098.1,1099.5,24072.0
2026-05-22 13:45:00,1099.5,1103.0,1099.2,1100.1,112329.0
2026-05-22 13:50:00,1100.4,1102.2,1099.4,1099.8,44140.0
2026-05-22 13:55:00,1099.9,1103.5,1098.8,1101.4,55623.0
2026-05-22 14:00:00,1101.8,1102.2,1098.7,1098.9,27577.0
2026-05-22 14:05:00,1099.2,1101.4,1098.2,1101.1,72914.0
2026-05-22 14:10:00,1101.1,1102.0,1100.5,1101.5,27143.0
2026-05-22 14:15:00,1101.5,1102.0,1101.1,1101.1,21162.0
2026-05-22 14:20:00,1101.2,1104.0,1100.4,1103.6,87177.0
2026-05-22 14:25:00,1103.6,1105.7,1103.6,1103.8,169528.0
2026-05-22 14:30:00,1103.8,1105.7,1102.2,1103.8,61717.0
2026-05-22 14:35:00,1103.8,1105.5,1103.7,1105.1,52000.0
2026-05-22 14:40:00,1105.1,1105.9,1104.3,1105.2,50661.0
2026-05-22 14:45:00,1105.3,1107.6,1104.4,1106.0,66999.0
2026-05-22 14:50:00,1106.0,1106.1,1105.1,1105.2,50269.0
2026-05-22 14:55:00,1105.2,1106.8,1105.2,1106.7,41020.0
2026-05-22 15:00:00,1107.2,1107.9,1104.4,1104.6,161285.0
2026-05-22 15:05:00,1104.7,1104.8,1103.1,1104.2,95807.0
2026-05-22 15:10:00,1104.4,1106.5,1104.4,1106.1,136324.0
2026-05-22 15:15:00,1106.1,1115.0,1105.7,1111.3,271885.0
2026-05-22 15:20:00,1111.6,1113.8,1110.6,1113.6,205673.0
2026-05-22 15:25:00,1113.4,1115.0,1110.0,1110.0,149072.0
2026-05-25 09:15:00,1110.0,1119.8,1087.0,1089.5,675146.0
2026-05-25 09:20:00,1089.5,1091.4,1083.6,1087.0,400737.0
2026-05-25 09:25:00,1086.5,1087.4,1082.1,1084.4,198365.0
2026-05-25 09:30:00,1084.5,1085.8,1082.5,1084.2,169369.0
2026-05-25 09:35:00,1084.0,1088.0,1084.0,1087.6,116804.0
2026-05-25 09:40:00,1088.0,1091.7,1085.7,1091.7,262545.0
2026-05-25 09:45:00,1092.0,1092.0,1085.5,1088.2,206665.0
2026-05-25 09:50:00,1087.9,1090.4,1087.0,1088.3,152266.0
2026-05-25 09:55:00,1088.5,1093.8,1088.1,1093.8,167431.0
2026-05-25 10:00:00,1093.6,1097.0,1092.6,1095.3,254265.0
2026-05-25 10:05:00,1095.6,1100.9,1095.3,1097.2,259546.0
2026-05-25 10:10:00,1097.7,1098.6,1094.0,1094.6,146174.0
2026-05-25 10:15:00,1094.4,1094.8,1091.4,1091.6,122247.0
2026-05-25 10:20:00,1091.3,1094.0,1090.1,1093.8,84249.0
2026-05-25 10:25:00,1094.0,1096.6,1093.0,1095.4,82597.0
2026-05-25 10:30:00,1095.4,1095.9,1094.5,1095.3,26049.0
2026-05-25 10:35:00,1095.5,1095.6,1093.5,1093.8,43148.0
2026-05-25 10:40:00,1093.8,1093.9,1088.3,1088.8,132717.0
2026-05-25 10:45:00,1089.0,1089.7,1086.1,1088.5,106512.0
2026-05-25 10:50:00,1088.7,1090.3,1086.1,1089.4,58908.0
2026-05-25 10:55:00,1089.5,1090.0,1088.1,1089.8,37494.0
2026-05-25 11:00:00,1089.8,1089.9,1088.4,1089.0,25199.0
2026-05-25 11:05:00,1088.7,1089.3,1088.0,1088.5,41246.0
2026-05-25 11:10:00,1088.5,1088.8,1086.6,1087.3,37753.0
2026-05-25 11:15:00,1087.3,1087.4,1086.5,1086.9,25134.0
2026-05-25 11:20:00,1087.1,1087.3,1086.2,1086.8,27944.0
2026-05-25 11:25:00,1086.8,1087.8,1086.3,1086.7,26572.0
2026-05-25 11:30:00,1086.7,1086.7,1083.1,1083.7,127386.0
2026-05-25 11:35:00,1083.8,1085.0,1083.3,1084.2,44561.0
2026-05-25 11:40:00,1084.3,1084.6,1083.5,1084.2,40856.0
2026-05-25 11:45:00,1083.8,1085.0,1083.7,1084.9,27109.0
2026-05-25 11:50:00,1084.9,1085.1,1084.0,1084.5,21952.0
2026-05-25 11:55:00,1084.5,1086.8,1084.0,1086.7,48746.0
2026-05-25 12:00:00,1086.4,1086.7,1084.2,1084.5,25136.0
2026-05-25 12:05:00,1084.4,1084.8,1081.7,1082.4,90610.0
2026-05-25 12:10:00,1082.4,1083.7,1081.9,1082.4,45955.0
2026-05-25 12:15:00,1082.4,1083.2,1081.2,1081.9,99611.0
2026-05-25 12:20:00,1081.9,1083.5,1081.2,1082.2,80898.0
2026-05-25 12:25:00,1082.4,1083.1,1081.6,1083.0,40944.0
2026-05-25 12:30:00,1082.8,1087.8,1082.0,1086.7,183287.0
2026-05-25 12:35:00,1086.9,1088.5,1085.5,1088.3,70813.0
2026-05-25 12:40:00,1088.3,1088.3,1085.4,1085.6,62652.0
2026-05-25 12:45:00,1085.7,1086.2,1083.9,1084.6,31306.0
2026-05-25 12:50:00,1084.9,1086.2,1083.5,1086.0,23872.0
2026-05-25 12:55:00,1086.0,1086.7,1084.3,1084.9,25488.0
2026-05-25 13:00:00,1084.9,1087.0,1084.8,1085.8,26148.0
2026-05-25 13:05:00,1086.0,1086.5,1085.3,1085.7,21787.0
2026-05-25 13:10:00,1085.5,1086.1,1085.1,1085.1,19939.0
2026-05-25 13:15:00,1085.3,1085.9,1084.5,1085.7,24434.0
2026-05-25 13:20:00,1085.7,1085.8,1085.2,1085.5,28719.0
2026-05-25 13:25:00,1085.2,1086.0,1085.0,1085.3,26327.0
2026-05-25 13:30:00,1085.3,1086.2,1084.3,1085.7,29203.0
2026-05-25 13:35:00,1085.6,1089.0,1085.6,1089.0,47834.0
2026-05-25 13:40:00,1088.4,1088.9,1087.1,1087.6,34046.0
2026-05-25 13:45:00,1087.6,1088.9,1087.3,1087.6,38643.0
2026-05-25 13:50:00,1087.6,1088.0,1087.3,1087.5,23981.0
2026-05-25 13:55:00,1087.5,1088.7,1087.0,1087.7,43598.0
2026-05-25 14:00:00,1087.4,1088.5,1087.0,1087.8,23960.0
2026-05-25 14:05:00,1087.8,1088.1,1087.5,1087.8,18609.0
2026-05-25 14:10:00,1087.5,1089.1,1086.8,1088.9,71128.0
2026-05-25 14:15:00,1088.6,1093.8,1088.6,1093.1,118342.0
2026-05-25 14:20:00,1093.6,1094.8,1091.7,1093.3,168896.0
2026-05-25 14:25:00,1093.6,1098.5,1093.0,1097.5,130471.0
2026-05-25 14:30:00,1097.5,1100.6,1096.9,1100.4,194351.0
2026-05-25 14:35:00,1100.2,1100.5,1098.3,1098.8,110178.0
2026-05-25 14:40:00,1098.7,1099.9,1097.2,1099.8,90219.0
2026-05-25 14:45:00,1099.7,1101.0,1098.5,1100.5,156044.0
2026-05-25 14:50:00,1100.2,1101.0,1099.0,1099.7,67864.0
2026-05-25 14:55:00,1099.7,1099.8,1096.4,1098.9,137429.0
2026-05-25 15:00:00,1098.9,1100.5,1098.1,1099.7,130193.0
2026-05-25 15:05:00,1099.9,1100.5,1099.0,1099.9,119664.0
2026-05-25 15:10:00,1100.0,1100.4,1097.1,1099.9,155655.0
2026-05-25 15:15:00,1099.9,1100.0,1099.0,1099.5,144830.0
2026-05-25 15:20:00,1099.6,1100.0,1099.0,1099.5,202944.0
2026-05-25 15:25:00,1099.5,1099.5,1097.6,1099.0,109877.0
2026-05-26 09:15:00,1102.0,1103.9,1094.6,1102.4,272182.0
2026-05-26 09:20:00,1103.0,1109.8,1101.3,1109.2,226121.0
2026-05-26 09:25:00,1109.1,1116.7,1108.6,1115.8,234227.0
2026-05-26 09:30:00,1115.7,1116.8,1109.2,1110.3,188300.0
2026-05-26 09:35:00,1110.4,1115.5,1109.5,1115.0,139406.0
2026-05-26 09:40:00,1115.3,1115.3,1112.5,1114.5,81951.0
2026-05-26 09:45:00,1114.7,1118.0,1113.5,1115.9,158668.0
2026-05-26 09:50:00,1116.1,1116.5,1113.7,1114.2,77766.0
2026-05-26 09:55:00,1114.2,1115.9,1112.9,1115.9,85062.0
2026-05-26 10:00:00,1115.9,1116.3,1112.1,1112.7,73023.0
2026-05-26 10:05:00,1112.6,1113.5,1111.5,1111.5,43167.0
2026-05-26 10:10:00,1112.0,1113.0,1111.0,1111.5,57652.0
2026-05-26 10:15:00,1111.8,1111.9,1108.1,1108.1,81042.0
2026-05-26 10:20:00,1108.5,1109.8,1107.3,1109.1,87896.0
2026-05-26 10:25:00,1109.1,1110.0,1108.4,1109.5,43360.0
2026-05-26 10:30:00,1109.5,1110.4,1108.5,1110.0,35906.0
2026-05-26 10:35:00,1110.3,1110.6,1109.2,1110.0,29275.0
2026-05-26 10:40:00,1110.0,1111.5,1109.7,1111.0,33060.0
2026-05-26 10:45:00,1111.4,1112.6,1109.7,1109.7,34836.0
2026-05-26 10:50:00,1109.9,1110.5,1107.0,1107.5,53669.0
2026-05-26 10:55:00,1107.5,1108.9,1107.1,1108.5,34429.0
2026-05-26 11:00:00,1108.7,1110.6,1108.5,1109.6,39154.0
2026-05-26 11:05:00,1109.9,1112.9,1109.6,1111.2,163464.0
2026-05-26 11:10:00,1111.5,1111.8,1110.3,1110.8,32742.0
2026-05-26 11:15:00,1110.9,1112.0,1109.0,1111.6,51627.0
2026-05-26 11:20:00,1111.9,1111.9,1109.9,1110.1,52258.0
2026-05-26 11:25:00,1110.3,1110.3,1109.3,1109.5,31339.0
2026-05-26 11:30:00,1109.7,1110.0,1107.9,1108.0,83271.0
2026-05-26 11:35:00,1108.0,1109.9,1107.9,1109.5,58973.0
2026-05-26 11:40:00,1109.9,1110.7,1109.2,1110.1,46052.0
2026-05-26 11:45:00,1109.8,1111.9,1109.7,1111.0,40592.0
2026-05-26 11:50:00,1110.8,1112.5,1110.8,1111.7,44000.0
2026-05-26 11:55:00,1111.7,1112.9,1111.0,1111.7,37251.0
2026-05-26 12:00:00,1111.7,1112.0,1110.7,1111.4,37677.0
2026-05-26 12:05:00,1111.5,1112.7,1109.2,1110.6,198560.0
2026-05-26 12:10:00,1111.0,1111.5,1110.4,1110.9,34546.0
2026-05-26 12:15:00,1111.1,1111.5,1110.2,1111.0,24309.0
2026-05-26 12:20:00,1111.0,1111.5,1109.0,1109.9,65088.0
2026-05-26 12:25:00,1109.8,1110.0,1109.2,1109.7,19374.0
2026-05-26 12:30:00,1109.8,1110.0,1107.5,1108.1,43478.0
2026-05-26 12:35:00,1108.2,1108.8,1107.6,1108.4,31201.0
2026-05-26 12:40:00,1108.5,1108.6,1106.2,1106.4,59952.0
2026-05-26 12:45:00,1106.8,1107.3,1105.2,1105.4,102457.0
2026-05-26 12:50:00,1105.4,1105.8,1104.1,1105.1,75468.0
2026-05-26 12:55:00,1105.2,1107.5,1104.3,1107.2,107080.0
2026-05-26 13:00:00,1108.0,1108.0,1104.3,1104.3,80742.0
2026-05-26 13:05:00,1104.5,1104.5,1101.8,1102.2,101994.0
2026-05-26 13:10:00,1102.2,1104.3,1101.7,1103.2,48232.0
2026-05-26 13:15:00,1103.2,1104.6,1102.4,1104.6,36165.0
2026-05-26 13:20:00,1104.2,1104.6,1103.8,1104.2,22153.0
2026-05-26 13:25:00,1104.1,1106.4,1102.5,1106.1,52939.0
2026-05-26 13:30:00,1106.3,1107.0,1106.0,1106.7,40696.0
2026-05-26 13:35:00,1107.0,1107.0,1106.5,1106.6,18473.0
2026-05-26 13:40:00,1106.6,1107.2,1106.0,1106.7,27226.0
2026-05-26 13:45:00,1106.8,1107.1,1106.6,1106.8,30087.0
2026-05-26 13:50:00,1106.6,1107.7,1106.1,1106.7,94878.0
2026-05-26 13:55:00,1106.7,1108.9,1106.7,1108.2,53174.0
2026-05-26 14:00:00,1108.3,1108.5,1106.3,1106.9,51528.0
2026-05-26 14:05:00,1106.8,1107.6,1106.5,1106.9,52914.0
2026-05-26 14:10:00,1106.9,1107.6,1106.9,1107.4,78305.0
2026-05-26 14:15:00,1106.9,1108.0,1106.5,1106.9,65949.0
2026-05-26 14:20:00,1106.9,1107.6,1106.9,1106.9,33133.0
2026-05-26 14:25:00,1107.0,1107.5,1104.4,1104.9,109239.0
2026-05-26 14:30:00,1105.3,1105.7,1104.0,1104.1,53306.0
2026-05-26 14:35:00,1104.5,1105.2,1103.7,1105.1,60900.0
2026-05-26 14:40:00,1105.1,1105.2,1104.0,1104.2,28328.0
2026-05-26 14:45:00,1104.2,1104.8,1104.2,1104.6,20472.0
2026-05-26 14:50:00,1104.6,1104.9,1101.4,1102.4,146829.0
2026-05-26 14:55:00,1102.7,1105.9,1102.3,1105.6,79162.0
2026-05-26 15:00:00,1105.7,1105.8,1103.8,1104.2,105693.0
2026-05-26 15:05:00,1104.1,1104.2,1102.9,1103.1,136344.0
2026-05-26 15:10:00,1103.3,1103.4,1102.1,1102.9,132952.0
2026-05-26 15:15:00,1102.6,1104.1,1102.6,1103.2,180524.0
2026-05-26 15:20:00,1103.3,1105.3,1102.9,1104.7,240392.0
2026-05-26 15:25:00,1104.5,1110.0,1103.8,1107.2,116182.0
2026-05-27 09:15:00,1118.3,1146.7,1118.3,1145.5,754819.0
2026-05-27 09:20:00,1145.5,1149.0,1142.7,1148.1,380308.0
2026-05-27 09:25:00,1148.0,1152.5,1145.8,1147.6,357129.0
2026-05-27 09:30:00,1147.6,1150.0,1145.0,1145.0,217041.0
2026-05-27 09:35:00,1145.0,1146.3,1143.5,1144.5,195709.0
2026-05-27 09:40:00,1145.0,1150.7,1144.0,1147.8,238140.0
2026-05-27 09:45:00,1148.4,1149.9,1144.0,1145.0,151532.0
2026-05-27 09:50:00,1145.5,1146.7,1144.6,1145.1,52986.0
2026-05-27 09:55:00,1145.0,1147.2,1145.0,1145.6,66170.0
2026-05-27 10:00:00,1145.5,1153.5,1145.5,1147.3,231187.0
2026-05-27 10:05:00,1148.1,1149.5,1145.3,1146.0,77914.0
2026-05-27 10:10:00,1145.8,1146.2,1141.2,1143.1,231499.0
2026-05-27 10:15:00,1143.6,1144.9,1142.2,1143.0,69754.0
2026-05-27 10:20:00,1142.6,1148.8,1142.6,1147.6,94114.0
2026-05-27 10:25:00,1147.6,1154.0,1147.4,1151.6,260002.0
2026-05-27 10:30:00,1151.6,1152.4,1149.8,1151.4,99590.0
2026-05-27 10:35:00,1151.4,1151.4,1149.0,1149.9,79084.0
2026-05-27 10:40:00,1149.4,1150.9,1148.2,1148.8,42788.0
2026-05-27 10:45:00,1149.3,1149.4,1147.4,1148.0,55429.0
2026-05-27 10:50:00,1147.8,1150.6,1147.8,1149.7,63505.0
2026-05-27 10:55:00,1149.6,1150.6,1146.3,1147.0,80768.0
2026-05-27 11:00:00,1147.0,1147.8,1145.6,1146.0,69602.0
2026-05-27 11:05:00,1145.6,1146.4,1143.3,1146.4,109903.0
2026-05-27 11:10:00,1146.2,1147.8,1145.5,1147.3,50161.0
2026-05-27 11:15:00,1147.1,1147.3,1145.9,1146.5,31759.0
2026-05-27 11:20:00,1146.4,1147.8,1145.0,1147.6,44509.0
2026-05-27 11:25:00,1147.5,1149.3,1146.6,1149.0,60357.0
2026-05-27 11:30:00,1148.9,1149.5,1146.6,1147.6,76825.0
2026-05-27 11:35:00,1147.3,1147.5,1145.3,1146.5,38600.0
2026-05-27 11:40:00,1146.0,1146.5,1144.1,1144.5,60818.0
2026-05-27 11:45:00,1144.5,1145.9,1144.4,1144.8,37985.0
2026-05-27 11:50:00,1144.4,1145.5,1144.1,1145.3,52900.0
2026-05-27 11:55:00,1145.3,1145.9,1144.4,1145.9,47550.0
2026-05-27 12:00:00,1145.8,1147.2,1144.8,1146.5,70231.0
2026-05-27 12:05:00,1146.5,1146.9,1146.0,1146.8,22601.0
2026-05-27 12:10:00,1146.8,1147.9,1146.3,1146.7,45631.0
2026-05-27 12:15:00,1146.6,1147.4,1145.0,1147.3,50497.0
2026-05-27 12:20:00,1147.3,1147.9,1146.1,1146.5,20648.0
2026-05-27 12:25:00,1146.5,1147.6,1145.7,1146.2,44398.0
2026-05-27 12:30:00,1146.0,1147.2,1145.9,1146.9,33267.0
2026-05-27 12:35:00,1146.9,1147.4,1145.5,1145.5,35531.0
2026-05-27 12:40:00,1145.5,1145.9,1144.2,1144.5,49185.0
2026-05-27 12:45:00,1144.3,1145.2,1144.0,1144.5,46443.0
2026-05-27 12:50:00,1144.4,1145.3,1143.1,1143.6,64281.0
2026-05-27 12:55:00,1143.2,1144.0,1142.5,1142.8,50245.0
2026-05-27 13:00:00,1142.8,1143.8,1142.6,1143.4,35793.0
2026-05-27 13:05:00,1143.3,1146.0,1143.2,1144.0,41284.0
2026-05-27 13:10:00,1143.9,1145.0,1143.7,1144.7,31279.0
2026-05-27 13:15:00,1144.7,1144.7,1143.1,1143.5,32982.0
2026-05-27 13:20:00,1143.4,1144.2,1141.9,1142.6,61944.0
2026-05-27 13:25:00,1142.5,1143.2,1142.5,1142.8,28694.0
2026-05-27 13:30:00,1142.5,1142.5,1141.2,1141.7,96978.0
2026-05-27 13:35:00,1141.2,1143.2,1141.2,1142.8,51961.0
2026-05-27 13:40:00,1142.5,1142.7,1141.8,1142.4,32230.0
2026-05-27 13:45:00,1142.3,1142.7,1141.9,1142.2,29405.0
2026-05-27 13:50:00,1142.2,1142.3,1141.3,1141.9,32777.0
2026-05-27 13:55:00,1141.8,1142.7,1141.5,1141.8,22174.0
2026-05-27 14:00:00,1141.7,1143.3,1141.5,1142.9,124335.0
2026-05-27 14:05:00,1142.6,1144.3,1142.6,1142.9,95968.0
2026-05-27 14:10:00,1142.7,1143.2,1142.4,1142.7,26232.0
2026-05-27 14:15:00,1142.6,1142.8,1141.6,1142.5,42065.0
2026-05-27 14:20:00,1142.4,1143.1,1141.2,1142.9,30545.0
2026-05-27 14:25:00,1142.7,1143.8,1141.7,1142.9,30431.0
2026-05-27 14:30:00,1142.7,1143.5,1142.5,1142.9,26617.0
2026-05-27 14:35:00,1143.0,1144.9,1142.2,1144.9,87542.0
2026-05-27 14:40:00,1144.5,1145.7,1144.0,1145.1,131818.0
2026-05-27 14:45:00,1144.9,1146.0,1144.5,1146.0,176100.0
2026-05-27 14:50:00,1145.7,1150.0,1145.5,1149.3,189608.0
2026-05-27 14:55:00,1149.1,1150.0,1148.5,1149.3,73062.0
2026-05-27 15:00:00,1149.3,1150.5,1149.2,1150.5,155127.0
2026-05-27 15:05:00,1150.5,1150.8,1148.1,1149.2,183827.0
2026-05-27 15:10:00,1149.2,1149.6,1149.1,1149.2,109113.0
2026-05-27 15:15:00,1149.2,1150.0,1148.4,1148.6,149153.0
2026-05-27 15:20:00,1148.4,1151.3,1147.7,1149.7,182009.0
2026-05-27 15:25:00,1149.7,1151.8,1147.2,1147.4,159289.0
2026-05-29 09:15:00,1176.0,1176.0,1145.5,1148.7,495358.0
2026-05-29 09:20:00,1149.0,1152.0,1146.0,1148.1,181628.0
2026-05-29 09:25:00,1148.1,1154.4,1147.0,1153.0,147854.0
2026-05-29 09:30:00,1153.0,1156.0,1150.1,1155.6,89127.0
2026-05-29 09:35:00,1155.7,1157.0,1150.8,1151.5,96299.0
2026-05-29 09:40:00,1151.4,1152.1,1145.0,1145.2,120452.0
2026-05-29 09:45:00,1145.1,1147.5,1143.6,1143.7,98522.0
2026-05-29 09:50:00,1143.8,1144.8,1142.0,1143.9,70298.0
2026-05-29 09:55:00,1143.8,1143.8,1137.3,1137.7,147670.0
2026-05-29 10:00:00,1137.7,1140.0,1137.0,1139.4,79510.0
2026-05-29 10:05:00,1139.4,1141.0,1138.7,1140.5,72725.0
2026-05-29 10:10:00,1140.5,1141.5,1139.0,1139.4,63844.0
2026-05-29 10:15:00,1139.6,1142.7,1139.6,1142.0,44612.0
2026-05-29 10:20:00,1142.0,1142.3,1140.0,1141.2,56921.0
2026-05-29 10:25:00,1141.2,1142.1,1140.6,1141.3,59903.0
2026-05-29 10:30:00,1141.4,1142.6,1141.4,1142.1,43565.0
2026-05-29 10:35:00,1142.4,1142.6,1140.7,1141.1,33615.0
2026-05-29 10:40:00,1141.1,1141.4,1140.2,1140.7,30026.0
2026-05-29 10:45:00,1140.8,1141.5,1140.0,1140.8,34765.0
2026-05-29 10:50:00,1141.0,1142.1,1140.8,1141.8,40873.0
2026-05-29 10:55:00,1141.8,1144.8,1141.4,1143.5,42893.0
2026-05-29 11:00:00,1143.5,1144.0,1142.4,1142.7,32027.0
2026-05-29 11:05:00,1142.8,1144.5,1142.7,1143.4,47178.0
2026-05-29 11:10:00,1143.3,1144.0,1141.0,1142.3,47197.0
2026-05-29 11:15:00,1142.3,1144.5,1142.3,1144.0,31556.0
2026-05-29 11:20:00,1144.0,1145.8,1142.7,1145.4,48219.0
2026-05-29 11:25:00,1146.0,1146.2,1144.9,1145.4,37847.0
2026-05-29 11:30:00,1145.4,1147.0,1145.1,1145.7,34021.0
2026-05-29 11:35:00,1145.9,1146.6,1145.1,1146.4,29623.0
2026-05-29 11:40:00,1146.6,1146.9,1144.2,1145.9,33503.0
2026-05-29 11:45:00,1145.7,1147.0,1145.6,1147.0,24712.0
2026-05-29 11:50:00,1147.0,1148.0,1145.1,1147.3,32722.0
2026-05-29 11:55:00,1147.7,1148.4,1146.4,1146.5,31033.0
2026-05-29 12:00:00,1146.5,1146.8,1145.8,1146.0,24653.0
2026-05-29 12:05:00,1146.1,1146.8,1144.7,1144.7,23950.0
2026-05-29 12:10:00,1144.9,1146.2,1143.0,1143.0,46740.0
2026-05-29 12:15:00,1143.1,1143.9,1141.1,1143.0,39010.0
2026-05-29 12:20:00,1143.0,1143.8,1142.0,1143.2,30106.0
2026-05-29 12:25:00,1143.3,1145.5,1143.2,1144.8,28503.0
2026-05-29 12:30:00,1144.9,1144.9,1143.3,1143.5,23935.0
2026-05-29 12:35:00,1143.6,1146.9,1143.0,1146.4,41692.0
2026-05-29 12:40:00,1146.4,1146.4,1145.3,1146.2,24241.0
2026-05-29 12:45:00,1146.2,1147.6,1145.8,1147.5,25321.0
2026-05-29 12:50:00,1147.5,1147.5,1145.7,1145.7,19800.0
2026-05-29 12:55:00,1146.1,1146.3,1144.7,1145.7,24882.0
2026-05-29 13:00:00,1145.9,1146.5,1145.0,1145.9,30093.0
2026-05-29 13:05:00,1145.8,1146.5,1145.4,1146.1,21361.0
2026-05-29 13:10:00,1146.1,1146.1,1144.0,1144.2,20888.0
2026-05-29 13:15:00,1144.4,1147.3,1144.0,1147.0,32164.0
2026-05-29 13:20:00,1147.0,1147.5,1145.4,1146.6,42314.0
2026-05-29 13:25:00,1146.8,1147.0,1143.1,1143.2,76551.0
2026-05-29 13:30:00,1143.5,1145.9,1142.7,1145.4,45208.0
2026-05-29 13:35:00,1145.7,1147.4,1145.4,1147.1,30655.0
2026-05-29 13:40:00,1146.9,1148.1,1146.4,1147.6,30056.0
2026-05-29 13:45:00,1147.7,1147.7,1146.7,1146.9,23381.0
2026-05-29 13:50:00,1147.2,1147.2,1145.8,1146.0,38515.0
2026-05-29 13:55:00,1146.3,1146.9,1145.3,1146.5,48492.0
2026-05-29 14:00:00,1146.7,1147.0,1144.8,1146.3,161960.0
2026-05-29 14:05:00,1146.3,1146.7,1144.4,1146.6,78704.0
2026-05-29 14:10:00,1146.6,1147.1,1145.3,1146.8,73016.0
2026-05-29 14:15:00,1146.6,1146.7,1144.1,1144.7,52582.0
2026-05-29 14:20:00,1144.6,1145.0,1143.3,1144.6,77114.0
2026-05-29 14:25:00,1144.6,1144.9,1144.0,1144.6,50476.0
2026-05-29 14:30:00,1144.6,1147.2,1144.5,1146.5,88362.0
2026-05-29 14:35:00,1146.5,1147.5,1145.0,1146.6,85188.0
2026-05-29 14:40:00,1146.4,1147.0,1145.2,1146.7,105214.0
2026-05-29 14:45:00,1146.5,1147.5,1146.2,1147.3,58747.0
2026-05-29 14:50:00,1147.4,1147.4,1145.1,1145.4,108213.0
2026-05-29 14:55:00,1145.5,1145.9,1142.5,1143.4,86830.0
2026-05-29 15:00:00,1143.6,1143.6,1125.9,1126.6,1498514.0
2026-05-29 15:05:00,1126.1,1127.5,1122.0,1126.3,1277054.0
2026-05-29 15:10:00,1126.2,1127.2,1125.4,1126.3,1213808.0
2026-05-29 15:15:00,1126.7,1127.9,1125.0,1126.9,1345080.0
2026-05-29 15:20:00,1126.7,1127.3,1123.5,1123.5,1131210.0
2026-05-29 15:25:00,1123.7,1133.8,1122.9,1133.4,1062054.0
2026-06-01 09:15:00,1130.0,1150.0,1129.1,1140.5,285260.0
2026-06-01 09:20:00,1140.0,1140.7,1133.8,1134.9,142880.0
2026-06-01 09:25:00,1135.0,1137.3,1131.9,1133.5,100922.0
2026-06-01 09:30:00,1133.2,1138.1,1133.0,1135.8,99420.0
2026-06-01 09:35:00,1135.8,1135.9,1132.0,1135.5,86538.0
2026-06-01 09:40:00,1135.5,1137.9,1134.6,1135.1,84352.0
2026-06-01 09:45:00,1135.1,1137.0,1132.9,1132.9,84923.0
2026-06-01 09:50:00,1133.0,1134.5,1130.0,1134.3,147325.0
2026-06-01 09:55:00,1133.9,1134.3,1132.2,1132.5,40063.0
2026-06-01 10:00:00,1132.5,1132.5,1130.2,1130.8,48632.0
2026-06-01 10:05:00,1130.7,1132.8,1130.3,1132.5,52255.0
2026-06-01 10:10:00,1132.5,1133.6,1132.2,1133.1,37745.0
2026-06-01 10:15:00,1133.1,1133.6,1131.5,1132.0,41079.0
2026-06-01 10:20:00,1132.0,1132.8,1131.0,1131.4,26959.0
2026-06-01 10:25:00,1131.6,1133.3,1131.4,1133.0,39771.0
2026-06-01 10:30:00,1133.2,1133.4,1131.8,1132.4,40005.0
2026-06-01 10:35:00,1132.5,1133.1,1130.6,1133.1,38020.0
2026-06-01 10:40:00,1133.1,1133.7,1131.5,1132.3,33646.0
2026-06-01 10:45:00,1132.6,1135.0,1132.3,1134.5,34541.0
2026-06-01 10:50:00,1134.3,1135.0,1133.7,1134.8,23367.0
2026-06-01 10:55:00,1135.0,1135.6,1133.2,1133.7,27646.0
2026-06-01 11:00:00,1133.7,1134.0,1131.2,1132.1,70870.0
2026-06-01 11:05:00,1132.4,1133.8,1132.0,1133.5,25650.0
2026-06-01 11:10:00,1133.5,1133.9,1131.9,1132.0,26492.0
2026-06-01 11:15:00,1131.9,1132.0,1130.1,1131.2,35596.0
2026-06-01 11:20:00,1131.3,1131.4,1130.5,1130.5,35385.0
2026-06-01 11:25:00,1130.5,1130.8,1128.3,1128.8,31695.0
2026-06-01 11:30:00,1128.8,1131.5,1128.5,1131.0,48026.0
2026-06-01 11:35:00,1130.9,1132.0,1130.1,1131.3,28631.0
2026-06-01 11:40:00,1131.3,1133.0,1131.1,1131.2,34565.0
2026-06-01 11:45:00,1131.2,1131.5,1129.9,1130.9,22845.0
2026-06-01 11:50:00,1131.0,1131.0,1130.2,1130.4,17345.0
2026-06-01 11:55:00,1130.3,1130.4,1127.3,1127.5,27101.0
2026-06-01 12:00:00,1127.4,1128.8,1127.2,1128.6,26018.0
2026-06-01 12:05:00,1128.6,1129.0,1127.5,1128.0,35118.0
2026-06-01 12:10:00,1128.0,1134.9,1127.7,1134.2,50139.0
2026-06-01 12:15:00,1134.2,1138.5,1134.0,1137.2,80560.0
2026-06-01 12:20:00,1137.7,1137.7,1133.6,1134.2,48393.0
2026-06-01 12:25:00,1134.2,1135.0,1134.0,1134.6,19521.0
2026-06-01 12:30:00,1134.6,1136.0,1134.2,1135.9,43580.0
2026-06-01 12:35:00,1135.9,1138.8,1135.8,1138.6,39642.0
2026-06-01 12:40:00,1138.6,1139.5,1137.5,1139.3,32276.0
2026-06-01 12:45:00,1139.5,1144.4,1139.3,1144.4,81367.0
2026-06-01 12:50:00,1144.4,1146.2,1141.1,1142.4,133832.0
2026-06-01 12:55:00,1141.5,1141.6,1138.5,1140.6,41216.0
2026-06-01 13:00:00,1140.5,1141.1,1137.3,1137.8,34818.0
2026-06-01 13:05:00,1137.8,1139.0,1137.0,1137.3,50324.0
2026-06-01 13:10:00,1137.1,1138.0,1135.2,1137.3,54742.0
2026-06-01 13:15:00,1137.0,1139.0,1136.8,1138.9,23900.0
2026-06-01 13:20:00,1138.9,1142.1,1137.8,1141.7,43366.0
2026-06-01 13:25:00,1141.1,1141.7,1139.7,1140.3,25128.0
2026-06-01 13:30:00,1140.3,1141.6,1139.3,1141.2,57699.0
2026-06-01 13:35:00,1141.2,1142.3,1141.0,1142.0,43870.0
2026-06-01 13:40:00,1142.0,1142.6,1141.6,1141.7,25723.0
2026-06-01 13:45:00,1141.6,1142.4,1140.5,1140.6,46483.0
2026-06-01 13:50:00,1140.8,1141.0,1139.5,1139.5,30777.0
2026-06-01 13:55:00,1139.7,1140.7,1139.1,1139.8,22607.0
2026-06-01 14:00:00,1139.8,1139.8,1138.6,1139.3,29262.0
2026-06-01 14:05:00,1139.3,1139.5,1137.6,1137.9,41643.0
2026-06-01 14:10:00,1137.9,1139.5,1137.0,1137.4,69791.0
2026-06-01 14:15:00,1137.3,1139.8,1137.3,1139.8,36752.0
2026-06-01 14:20:00,1139.8,1139.8,1138.1,1138.5,30875.0
2026-06-01 14:25:00,1138.5,1140.0,1138.3,1138.6,29404.0
2026-06-01 14:30:00,1138.7,1139.8,1138.6,1139.0,33818.0
2026-06-01 14:35:00,1138.9,1140.4,1138.9,1140.3,33471.0
2026-06-01 14:40:00,1140.3,1141.4,1139.6,1139.8,44394.0
2026-06-01 14:45:00,1139.9,1143.5,1139.5,1141.5,58332.0
2026-06-01 14:50:00,1141.6,1142.0,1137.6,1138.3,54684.0
2026-06-01 14:55:00,1138.4,1139.6,1136.5,1137.2,81159.0
2026-06-01 15:00:00,1137.6,1140.5,1135.6,1138.9,684346.0
2026-06-01 15:05:00,1138.9,1141.8,1138.0,1141.6,495951.0
2026-06-01 15:10:00,1141.5,1145.2,1140.4,1143.7,542627.0
2026-06-01 15:15:00,1143.7,1144.6,1141.7,1142.3,520431.0
2026-06-01 15:20:00,1142.6,1142.8,1141.6,1142.0,512041.0
2026-06-01 15:25:00,1142.1,1145.0,1140.5,1144.9,572825.0
2026-06-02 09:15:00,1141.0,1150.5,1136.4,1148.2,298505.0
2026-06-02 09:20:00,1148.0,1148.1,1143.1,1145.6,66586.0
2026-06-02 09:25:00,1146.0,1148.0,1142.9,1145.0,48445.0
2026-06-02 09:30:00,1145.4,1149.9,1142.9,1149.6,129487.0
2026-06-02 09:35:00,1149.6,1157.7,1149.5,1153.1,227570.0
2026-06-02 09:40:00,1152.8,1157.4,1150.7,1156.5,91730.0
2026-06-02 09:45:00,1156.8,1160.0,1155.4,1158.2,98557.0
2026-06-02 09:50:00,1158.2,1159.9,1157.0,1157.4,55088.0
2026-06-02 09:55:00,1157.9,1158.8,1155.2,1156.1,53913.0
2026-06-02 10:00:00,1155.9,1158.0,1152.8,1155.2,114562.0
2026-06-02 10:05:00,1155.0,1155.4,1151.3,1152.4,62621.0
2026-06-02 10:10:00,1152.5,1152.6,1149.6,1150.4,78973.0
2026-06-02 10:15:00,1150.5,1152.1,1149.5,1150.8,78865.0
2026-06-02 10:20:00,1150.7,1154.0,1150.3,1153.3,73382.0
2026-06-02 10:25:00,1153.3,1158.4,1153.3,1158.4,66215.0
2026-06-02 10:30:00,1158.4,1159.4,1153.5,1155.2,55938.0
2026-06-02 10:35:00,1155.2,1158.4,1155.0,1157.5,64999.0
2026-06-02 10:40:00,1157.9,1159.0,1157.2,1157.8,47064.0
2026-06-02 10:45:00,1157.8,1159.5,1157.0,1157.1,49928.0
2026-06-02 10:50:00,1157.6,1158.0,1154.1,1155.4,55851.0
2026-06-02 10:55:00,1155.4,1156.8,1155.2,1156.7,55155.0
2026-06-02 11:00:00,1156.7,1159.2,1156.7,1158.2,53589.0
2026-06-02 11:05:00,1158.0,1161.0,1156.7,1157.9,115091.0
2026-06-02 11:10:00,1157.9,1159.5,1157.7,1158.8,42680.0
2026-06-02 11:15:00,1158.7,1159.5,1157.4,1158.8,107404.0
2026-06-02 11:20:00,1158.9,1159.2,1155.9,1156.8,48477.0
2026-06-02 11:25:00,1156.9,1157.1,1154.3,1154.7,48349.0
2026-06-02 11:30:00,1154.7,1155.2,1152.5,1152.7,44445.0
2026-06-02 11:35:00,1152.5,1153.0,1150.0,1150.7,64559.0
2026-06-02 11:40:00,1150.9,1151.9,1149.0,1149.5,62408.0
2026-06-02 11:45:00,1149.3,1151.5,1149.3,1150.8,33201.0
2026-06-02 11:50:00,1150.5,1151.8,1150.1,1150.8,36265.0
2026-06-02 11:55:00,1150.5,1151.6,1149.9,1150.0,35362.0
2026-06-02 12:00:00,1150.0,1150.1,1146.7,1146.7,76922.0
2026-06-02 12:05:00,1146.0,1147.5,1145.0,1147.3,43467.0
2026-06-02 12:10:00,1147.3,1148.0,1146.8,1147.5,39952.0
2026-06-02 12:15:00,1147.6,1149.7,1147.3,1148.0,52272.0
2026-06-02 12:20:00,1148.0,1148.5,1147.0,1148.5,42861.0
2026-06-02 12:25:00,1148.1,1149.9,1148.0,1149.5,36365.0
2026-06-02 12:30:00,1149.4,1152.7,1149.4,1151.3,95288.0
2026-06-02 12:35:00,1151.6,1152.7,1150.8,1150.9,61468.0
2026-06-02 12:40:00,1150.5,1152.5,1150.5,1152.1,29542.0
2026-06-02 12:45:00,1152.3,1154.7,1152.3,1152.8,76351.0
2026-06-02 12:50:00,1152.8,1154.2,1152.0,1153.0,65836.0
2026-06-02 12:55:00,1153.3,1154.4,1152.8,1153.3,71078.0
2026-06-02 13:00:00,1153.3,1153.9,1152.5,1153.5,90883.0
2026-06-02 13:05:00,1153.5,1153.9,1152.1,1152.4,40853.0
2026-06-02 13:10:00,1151.9,1153.2,1151.6,1152.7,36670.0
2026-06-02 13:15:00,1152.7,1153.1,1151.9,1152.3,32218.0
2026-06-02 13:20:00,1152.4,1153.0,1151.7,1152.5,22768.0
2026-06-02 13:25:00,1152.6,1152.6,1152.0,1152.2,26000.0
2026-06-02 13:30:00,1153.0,1153.7,1153.0,1153.6,56358.0
2026-06-02 13:35:00,1153.6,1153.8,1152.3,1152.8,37867.0
2026-06-02 13:40:00,1152.8,1153.0,1151.0,1151.0,48014.0
2026-06-02 13:45:00,1150.9,1153.0,1150.8,1152.7,50957.0
2026-06-02 13:50:00,1152.5,1153.7,1151.6,1152.9,30538.0
2026-06-02 13:55:00,1152.9,1153.0,1150.6,1151.6,79265.0
2026-06-02 14:00:00,1151.7,1151.9,1148.8,1148.8,49946.0
2026-06-02 14:05:00,1148.9,1151.7,1148.8,1151.5,38142.0
2026-06-02 14:10:00,1151.3,1151.4,1148.1,1148.2,46500.0
2026-06-02 14:15:00,1149.1,1149.4,1147.1,1147.7,51534.0
2026-06-02 14:20:00,1147.3,1150.0,1147.1,1149.0,67604.0
2026-06-02 14:25:00,1148.9,1149.1,1147.6,1148.6,69404.0
2026-06-02 14:30:00,1148.6,1148.6,1146.0,1147.7,79220.0
2026-06-02 14:35:00,1147.7,1148.0,1144.1,1144.4,70088.0
2026-06-02 14:40:00,1144.4,1145.0,1142.0,1143.1,71788.0
2026-06-02 14:45:00,1143.2,1144.1,1141.8,1144.0,44008.0
2026-06-02 14:50:00,1144.0,1144.7,1142.7,1144.0,23273.0
2026-06-02 14:55:00,1144.0,1144.9,1143.3,1144.0,23371.0
2026-06-02 15:00:00,1144.0,1145.0,1142.5,1144.7,126081.0
2026-06-02 15:05:00,1144.7,1145.5,1144.0,1145.3,134141.0
2026-06-02 15:10:00,1145.4,1146.8,1144.7,1146.1,111255.0
2026-06-02 15:15:00,1146.2,1148.8,1145.3,1148.0,151465.0
2026-06-02 15:20:00,1148.1,1148.6,1146.3,1148.0,189424.0
2026-06-02 15:25:00,1147.9,1148.8,1146.0,1146.5,110874.0
2026-06-03 09:15:00,1155.0,1159.9,1142.5,1149.5,311962.0
2026-06-03 09:20:00,1149.6,1150.7,1145.4,1149.7,183564.0
2026-06-03 09:25:00,1149.6,1151.5,1147.5,1148.4,101299.0
2026-06-03 09:30:00,1148.3,1151.7,1146.2,1148.0,107977.0
2026-06-03 09:35:00,1148.0,1150.5,1146.3,1147.2,71122.0
2026-06-03 09:40:00,1147.2,1147.5,1145.3,1147.3,74194.0
2026-06-03 09:45:00,1147.3,1147.9,1142.0,1143.2,104408.0
2026-06-03 09:50:00,1143.1,1144.7,1140.1,1140.5,62043.0
2026-06-03 09:55:00,1140.8,1140.8,1138.0,1139.6,68249.0
2026-06-03 10:00:00,1139.7,1140.7,1138.0,1140.6,35757.0
2026-06-03 10:05:00,1140.8,1141.2,1138.0,1138.4,54850.0
2026-06-03 10:10:00,1138.5,1138.5,1135.3,1135.6,44419.0
2026-06-03 10:15:00,1135.8,1137.3,1134.0,1137.1,66640.0
2026-06-03 10:20:00,1137.1,1138.7,1136.7,1137.4,40178.0
2026-06-03 10:25:00,1137.4,1137.6,1136.2,1136.6,29542.0
2026-06-03 10:30:00,1136.6,1137.5,1135.0,1135.2,25072.0
2026-06-03 10:35:00,1135.2,1136.2,1134.5,1135.1,33591.0
2026-06-03 10:40:00,1135.2,1135.9,1134.0,1134.7,20017.0
2026-06-03 10:45:00,1134.7,1135.5,1134.3,1134.9,16400.0
2026-06-03 10:50:00,1135.0,1135.9,1134.0,1134.6,23235.0
2026-06-03 10:55:00,1134.8,1134.8,1133.0,1133.6,29358.0
2026-06-03 11:00:00,1133.6,1133.8,1132.6,1132.8,19058.0
2026-06-03 11:05:00,1133.0,1134.0,1130.0,1130.6,41793.0
2026-06-03 11:10:00,1130.7,1131.9,1130.0,1131.2,36233.0
2026-06-03 11:15:00,1131.3,1133.1,1130.1,1131.9,34453.0
2026-06-03 11:20:00,1132.1,1133.7,1131.0,1133.1,30262.0
2026-06-03 11:25:00,1133.2,1133.2,1131.0,1132.0,25846.0
2026-06-03 11:30:00,1132.1,1133.5,1131.7,1132.8,32083.0
2026-06-03 11:35:00,1132.9,1133.4,1131.8,1132.6,24522.0
2026-06-03 11:40:00,1132.6,1135.8,1131.2,1135.1,35678.0
2026-06-03 11:45:00,1135.0,1135.8,1132.0,1132.0,44765.0
2026-06-03 11:50:00,1132.1,1132.6,1130.4,1130.9,31080.0
2026-06-03 11:55:00,1131.1,1131.1,1129.3,1129.9,31384.0
2026-06-03 12:00:00,1129.9,1130.4,1126.6,1127.3,54501.0
2026-06-03 12:05:00,1127.4,1130.9,1127.3,1129.8,59159.0
2026-06-03 12:10:00,1129.9,1130.0,1128.9,1129.0,23615.0
2026-06-03 12:15:00,1129.1,1129.9,1128.1,1129.1,18967.0
2026-06-03 12:20:00,1129.2,1132.0,1129.1,1131.1,20987.0
2026-06-03 12:25:00,1131.2,1134.2,1130.9,1133.6,31705.0
2026-06-03 12:30:00,1133.7,1135.4,1132.8,1134.5,112607.0
2026-06-03 12:35:00,1134.6,1138.7,1134.6,1138.4,54059.0
2026-06-03 12:40:00,1138.5,1141.2,1138.3,1138.3,51886.0
2026-06-03 12:45:00,1138.6,1138.8,1136.6,1137.2,25028.0
2026-06-03 12:50:00,1137.3,1137.9,1136.0,1136.2,14807.0
2026-06-03 12:55:00,1136.3,1137.6,1135.9,1136.2,23330.0
2026-06-03 13:00:00,1136.2,1138.0,1136.1,1138.0,16192.0
2026-06-03 13:05:00,1137.8,1137.9,1136.5,1136.9,13275.0
2026-06-03 13:10:00,1137.0,1137.0,1135.0,1135.9,79258.0
2026-06-03 13:15:00,1136.5,1138.0,1135.6,1136.6,53940.0
2026-06-03 13:20:00,1136.7,1138.9,1136.5,1138.6,25110.0
2026-06-03 13:25:00,1138.6,1138.7,1137.0,1137.1,24493.0
2026-06-03 13:30:00,1137.1,1137.4,1135.0,1136.8,23238.0
2026-06-03 13:35:00,1136.8,1136.9,1134.1,1135.4,38651.0
2026-06-03 13:40:00,1135.5,1137.2,1135.0,1135.5,23545.0
2026-06-03 13:45:00,1135.6,1140.6,1135.5,1139.9,56944.0
2026-06-03 13:50:00,1140.1,1140.2,1137.5,1138.4,27665.0
2026-06-03 13:55:00,1138.5,1138.8,1136.4,1137.9,32267.0
2026-06-03 14:00:00,1138.0,1139.9,1137.7,1139.6,32399.0
2026-06-03 14:05:00,1139.8,1140.2,1138.3,1139.0,40901.0
2026-06-03 14:10:00,1139.0,1140.0,1138.1,1139.4,37259.0
2026-06-03 14:15:00,1139.5,1141.9,1139.0,1141.4,51552.0
2026-06-03 14:20:00,1141.4,1142.6,1140.5,1142.3,82415.0
2026-06-03 14:25:00,1142.4,1142.5,1140.4,1142.0,41731.0
2026-06-03 14:30:00,1142.1,1143.6,1142.1,1143.1,47729.0
2026-06-03 14:35:00,1143.1,1145.0,1141.5,1144.4,62723.0
2026-06-03 14:40:00,1144.5,1144.9,1143.5,1143.9,44583.0
2026-06-03 14:45:00,1143.9,1144.2,1142.1,1143.1,53608.0
2026-06-03 14:50:00,1143.1,1143.3,1140.9,1141.8,76179.0
2026-06-03 14:55:00,1141.9,1141.9,1139.1,1140.7,99359.0
2026-06-03 15:00:00,1140.8,1142.4,1138.2,1138.6,308442.0
2026-06-03 15:05:00,1138.6,1140.8,1138.0,1138.2,223213.0
2026-06-03 15:10:00,1138.3,1139.1,1136.9,1137.5,203770.0
2026-06-03 15:15:00,1137.5,1139.8,1137.5,1138.9,214354.0
2026-06-03 15:20:00,1138.9,1140.6,1138.0,1138.4,236952.0
2026-06-03 15:25:00,1138.4,1140.2,1137.8,1139.9,173889.0
2026-06-04 09:15:00,1134.0,1137.1,1128.5,1129.4,170347.0
2026-06-04 09:20:00,1129.4,1132.5,1127.6,1129.1,63688.0
2026-06-04 09:25:00,1129.0,1131.3,1125.6,1125.7,70743.0
2026-06-04 09:30:00,1126.0,1128.1,1124.7,1127.2,55345.0
2026-06-04 09:35:00,1127.2,1131.9,1127.2,1128.7,91580.0
2026-06-04 09:40:00,1128.7,1131.1,1127.1,1130.8,43450.0
2026-06-04 09:45:00,1130.8,1132.0,1130.7,1131.3,27850.0
2026-06-04 09:50:00,1131.3,1132.7,1131.1,1132.6,36334.0
2026-06-04 09:55:00,1132.7,1136.0,1132.6,1133.6,55512.0
2026-06-04 10:00:00,1133.3,1135.5,1133.0,1134.4,54523.0
2026-06-04 10:05:00,1134.3,1136.6,1131.8,1131.9,38773.0
2026-06-04 10:10:00,1131.9,1134.0,1131.8,1133.6,20992.0
2026-06-04 10:15:00,1133.6,1135.7,1133.4,1134.8,19902.0
2026-06-04 10:20:00,1135.0,1136.7,1135.0,1136.4,17183.0
2026-06-04 10:25:00,1136.2,1137.0,1135.2,1135.4,24899.0
2026-06-04 10:30:00,1135.5,1135.6,1132.5,1132.8,33064.0
2026-06-04 10:35:00,1132.8,1135.1,1132.5,1132.9,14841.0
2026-06-04 10:40:00,1133.0,1134.5,1132.0,1133.8,15718.0
2026-06-04 10:45:00,1133.9,1135.3,1133.7,1134.3,22813.0
2026-06-04 10:50:00,1134.5,1134.9,1133.0,1133.3,12142.0
2026-06-04 10:55:00,1133.2,1134.1,1133.0,1133.3,11977.0
2026-06-04 11:00:00,1133.2,1133.8,1131.2,1132.3,20398.0
2026-06-04 11:05:00,1132.3,1132.3,1130.3,1131.2,66412.0
2026-06-04 11:10:00,1131.3,1132.9,1131.2,1132.7,12081.0
2026-06-04 11:15:00,1132.7,1132.8,1131.0,1131.3,23754.0
2026-06-04 11:20:00,1131.1,1132.1,1131.0,1131.2,17306.0
2026-06-04 11:25:00,1131.0,1132.8,1131.0,1131.8,17605.0
2026-06-04 11:30:00,1131.9,1132.6,1130.1,1132.6,29952.0
2026-06-04 11:35:00,1132.6,1135.5,1132.3,1135.5,33339.0
2026-06-04 11:40:00,1135.3,1136.4,1134.2,1134.7,47301.0
2026-06-04 11:45:00,1134.9,1135.6,1134.6,1135.0,28200.0
2026-06-04 11:50:00,1135.0,1135.7,1134.1,1134.2,24507.0
2026-06-04 11:55:00,1134.3,1134.9,1133.8,1134.5,33230.0
2026-06-04 12:00:00,1134.4,1134.7,1132.6,1133.5,46437.0
2026-06-04 12:05:00,1133.5,1134.1,1132.3,1132.4,18920.0
2026-06-04 12:10:00,1132.4,1132.7,1131.0,1131.8,59375.0
2026-06-04 12:15:00,1131.7,1132.6,1131.7,1132.4,20933.0
2026-06-04 12:20:00,1132.3,1132.9,1131.8,1132.8,40670.0
2026-06-04 12:25:00,1132.9,1133.6,1132.1,1132.7,22713.0
2026-06-04 12:30:00,1132.8,1132.8,1130.7,1130.9,20988.0
2026-06-04 12:35:00,1131.0,1131.0,1130.1,1130.2,22082.0
2026-06-04 12:40:00,1130.3,1130.4,1128.4,1128.9,31574.0
2026-06-04 12:45:00,1129.0,1129.2,1127.5,1129.2,26358.0
2026-06-04 12:50:00,1129.1,1129.3,1127.9,1129.0,19363.0
2026-06-04 12:55:00,1129.0,1130.8,1128.9,1130.5,22411.0
2026-06-04 13:00:00,1130.5,1130.5,1128.4,1129.1,24520.0
2026-06-04 13:05:00,1129.2,1129.2,1128.4,1128.7,15357.0
2026-06-04 13:10:00,1128.9,1128.9,1124.2,1124.9,56415.0
2026-06-04 13:15:00,1124.9,1128.3,1124.5,1128.2,26993.0
2026-06-04 13:20:00,1128.3,1128.9,1127.0,1127.9,27348.0
2026-06-04 13:25:00,1127.9,1129.0,1127.8,1129.0,11135.0
2026-06-04 13:30:00,1128.9,1129.0,1126.5,1127.2,19497.0
2026-06-04 13:35:00,1127.2,1127.5,1126.4,1127.1,15867.0
2026-06-04 13:40:00,1127.1,1127.2,1125.6,1126.3,20253.0
2026-06-04 13:45:00,1126.3,1126.3,1125.2,1125.8,22999.0
2026-06-04 13:50:00,1125.7,1125.8,1123.4,1123.7,38548.0
2026-06-04 13:55:00,1123.8,1124.7,1122.6,1124.3,46960.0
2026-06-04 14:00:00,1124.2,1126.6,1124.2,1125.5,32110.0
2026-06-04 14:05:00,1125.5,1126.9,1125.4,1126.2,27673.0
2026-06-04 14:10:00,1126.1,1126.6,1125.3,1125.7,19580.0
2026-06-04 14:15:00,1125.7,1127.5,1125.6,1126.9,28830.0
2026-06-04 14:20:00,1126.8,1126.9,1125.4,1126.2,30015.0
2026-06-04 14:25:00,1126.2,1128.7,1123.4,1123.8,120493.0
2026-06-04 14:30:00,1123.7,1128.1,1121.9,1124.1,87476.0
2026-06-04 14:35:00,1124.1,1125.8,1124.1,1124.6,79419.0
2026-06-04 14:40:00,1124.6,1125.4,1123.8,1124.3,87761.0
2026-06-04 14:45:00,1124.1,1125.9,1124.1,1124.8,88045.0
2026-06-04 14:50:00,1124.9,1125.9,1123.0,1123.1,69622.0
2026-06-04 14:55:00,1123.1,1124.8,1123.0,1123.6,98828.0
2026-06-04 15:00:00,1123.7,1123.7,1121.4,1122.0,131426.0
2026-06-04 15:05:00,1122.1,1123.8,1121.8,1123.6,120128.0
2026-06-04 15:10:00,1123.7,1125.2,1123.6,1124.8,341998.0
2026-06-04 15:15:00,1124.8,1128.4,1124.4,1128.3,189076.0
2026-06-04 15:20:00,1128.3,1129.8,1127.4,1129.7,215733.0
2026-06-04 15:25:00,1129.5,1133.0,1125.0,1125.2,131591.0
2026-06-05 09:15:00,1126.6,1132.3,1111.4,1114.1,202578.0
2026-06-05 09:20:00,1113.7,1116.8,1111.0,1113.4,95865.0
2026-06-05 09:25:00,1113.7,1114.6,1109.3,1110.3,69879.0
2026-06-05 09:30:00,1110.8,1115.4,1110.0,1110.3,60351.0
2026-06-05 09:35:00,1110.7,1113.4,1110.0,1113.3,53888.0
2026-06-05 09:40:00,1113.4,1113.9,1108.7,1109.3,60899.0
2026-06-05 09:45:00,1109.5,1109.5,1105.0,1105.2,103480.0
2026-06-05 09:50:00,1105.2,1105.3,1102.3,1103.8,74860.0
2026-06-05 09:55:00,1103.8,1105.9,1103.2,1105.6,42314.0
2026-06-05 10:00:00,1105.3,1107.3,1104.0,1105.5,44273.0
2026-06-05 10:05:00,1105.2,1107.2,1103.7,1106.8,45690.0
2026-06-05 10:10:00,1106.4,1108.7,1105.3,1106.3,74289.0
2026-06-05 10:15:00,1106.4,1108.5,1105.2,1107.3,41956.0
2026-06-05 10:20:00,1107.4,1110.8,1106.2,1110.5,58924.0
2026-06-05 10:25:00,1110.6,1114.7,1110.5,1112.3,88760.0
2026-06-05 10:30:00,1112.2,1113.0,1110.1,1110.1,38806.0
2026-06-05 10:35:00,1110.1,1111.1,1104.3,1105.0,41700.0
2026-06-05 10:40:00,1105.8,1106.8,1104.0,1105.9,43947.0
2026-06-05 10:45:00,1105.8,1105.9,1103.5,1105.1,48400.0
2026-06-05 10:50:00,1105.2,1106.5,1103.6,1103.6,42090.0
2026-06-05 10:55:00,1103.6,1104.5,1102.8,1104.2,48442.0
2026-06-05 11:00:00,1104.2,1108.6,1104.1,1106.8,41607.0
2026-06-05 11:05:00,1106.8,1107.2,1104.1,1105.2,49630.0
2026-06-05 11:10:00,1105.4,1106.0,1101.1,1101.8,104124.0
2026-06-05 11:15:00,1101.9,1102.5,1098.7,1099.8,57619.0
2026-06-05 11:20:00,1099.6,1100.0,1096.0,1097.3,52540.0
2026-06-05 11:25:00,1097.1,1099.1,1096.8,1097.7,37921.0
2026-06-05 11:30:00,1097.6,1099.2,1097.3,1098.4,29301.0
2026-06-05 11:35:00,1098.5,1098.7,1095.5,1097.2,43202.0
2026-06-05 11:40:00,1097.1,1097.1,1095.8,1096.4,26119.0
2026-06-05 11:45:00,1096.0,1097.8,1095.8,1097.2,29448.0
2026-06-05 11:50:00,1097.2,1097.2,1094.1,1094.7,99586.0
2026-06-05 11:55:00,1094.8,1096.5,1094.6,1095.7,29185.0
2026-06-05 12:00:00,1095.4,1100.0,1095.2,1098.9,27503.0
2026-06-05 12:05:00,1099.0,1100.5,1098.8,1099.3,44529.0
2026-06-05 12:10:00,1099.4,1101.9,1099.4,1100.8,47249.0
2026-06-05 12:15:00,1100.8,1102.8,1100.0,1102.0,54653.0
2026-06-05 12:20:00,1101.9,1102.2,1099.0,1099.9,92817.0
2026-06-05 12:25:00,1100.0,1100.5,1098.8,1099.2,28041.0
2026-06-05 12:30:00,1099.3,1099.5,1096.2,1097.4,30032.0
2026-06-05 12:35:00,1097.4,1097.9,1095.1,1096.4,34170.0
2026-06-05 12:40:00,1096.5,1096.9,1093.1,1094.0,48350.0
2026-06-05 12:45:00,1094.1,1095.8,1093.7,1093.7,30174.0
2026-06-05 12:50:00,1093.9,1094.0,1091.7,1093.3,58526.0
2026-06-05 12:55:00,1093.4,1095.4,1092.5,1094.0,29792.0
2026-06-05 13:00:00,1093.3,1094.9,1092.5,1094.7,50318.0
2026-06-05 13:05:00,1095.0,1095.0,1092.3,1092.7,30144.0
2026-06-05 13:10:00,1092.8,1094.9,1092.5,1093.7,30855.0
2026-06-05 13:15:00,1093.7,1095.8,1093.5,1095.5,38501.0
2026-06-05 13:20:00,1095.6,1095.6,1093.6,1094.5,40249.0
2026-06-05 13:25:00,1094.5,1098.0,1094.0,1096.0,30141.0
2026-06-05 13:30:00,1096.0,1098.8,1095.3,1097.9,34654.0
2026-06-05 13:35:00,1097.9,1098.2,1096.0,1096.0,43532.0
2026-06-05 13:40:00,1096.4,1096.5,1093.7,1095.4,28750.0
2026-06-05 13:45:00,1095.2,1097.4,1094.3,1095.8,40986.0
2026-06-05 13:50:00,1095.5,1095.8,1092.8,1094.7,30546.0
2026-06-05 13:55:00,1094.7,1096.7,1094.3,1096.7,34269.0
2026-06-05 14:00:00,1097.0,1097.2,1093.6,1093.8,64656.0
2026-06-05 14:05:00,1093.7,1095.8,1093.7,1095.7,33676.0
2026-06-05 14:10:00,1095.8,1096.1,1094.7,1094.9,45862.0
2026-06-05 14:15:00,1095.0,1095.6,1094.7,1095.0,41973.0
2026-06-05 14:20:00,1095.2,1095.4,1093.2,1094.4,51083.0
2026-06-05 14:25:00,1094.6,1097.3,1094.4,1096.6,44576.0
2026-06-05 14:30:00,1096.6,1097.8,1096.0,1096.1,40320.0
2026-06-05 14:35:00,1096.1,1097.1,1094.6,1095.2,58638.0
2026-06-05 14:40:00,1095.3,1099.2,1094.7,1097.9,78477.0
2026-06-05 14:45:00,1098.4,1099.0,1095.2,1096.8,67910.0
2026-06-05 14:50:00,1096.9,1098.1,1096.2,1097.3,66886.0
2026-06-05 14:55:00,1097.3,1098.1,1095.7,1095.8,46405.0
2026-06-05 15:00:00,1095.9,1096.2,1092.8,1093.0,145531.0
2026-06-05 15:05:00,1092.9,1094.3,1092.6,1093.4,177331.0
2026-06-05 15:10:00,1093.6,1093.6,1091.8,1092.8,134639.0
2026-06-05 15:15:00,1092.8,1093.9,1092.1,1093.1,163132.0
2026-06-05 15:20:00,1093.3,1093.7,1090.2,1090.9,204247.0
2026-06-05 15:25:00,1090.8,1092.1,1090.1,1092.0,130104.0
2026-06-08 09:15:00,1061.0,1077.6,1057.1,1071.0,445107.0
2026-06-08 09:20:00,1070.9,1071.0,1067.7,1070.8,131887.0
2026-06-08 09:25:00,1070.7,1071.2,1067.2,1068.5,75234.0
2026-06-08 09:30:00,1068.6,1074.0,1068.6,1072.4,98274.0
2026-06-08 09:35:00,1072.7,1072.7,1068.1,1068.4,94804.0
2026-06-08 09:40:00,1068.8,1069.9,1068.0,1069.6,79113.0
2026-06-08 09:45:00,1069.5,1071.8,1068.9,1069.2,57829.0
2026-06-08 09:50:00,1069.1,1070.9,1067.0,1070.6,82792.0
2026-06-08 09:55:00,1070.6,1070.6,1068.5,1069.8,31972.0
2026-06-08 10:00:00,1069.8,1071.9,1068.5,1069.5,41591.0
2026-06-08 10:05:00,1069.1,1073.0,1068.4,1072.6,36905.0
2026-06-08 10:10:00,1072.4,1073.0,1071.2,1072.4,26373.0
2026-06-08 10:15:00,1072.3,1072.9,1071.8,1072.7,22082.0
2026-06-08 10:20:00,1072.5,1075.1,1071.1,1074.7,113848.0
2026-06-08 10:25:00,1074.8,1074.9,1068.8,1069.7,52756.0
2026-06-08 10:30:00,1069.8,1073.2,1069.6,1073.0,34853.0
2026-06-08 10:35:00,1073.0,1074.3,1071.6,1072.2,21570.0
2026-06-08 10:40:00,1072.3,1073.0,1069.2,1069.5,42107.0
2026-06-08 10:45:00,1069.5,1071.8,1068.5,1071.4,24421.0
2026-06-08 10:50:00,1071.4,1072.9,1071.1,1071.2,20397.0
2026-06-08 10:55:00,1071.5,1073.0,1070.7,1072.8,14925.0
2026-06-08 11:00:00,1072.8,1072.8,1070.2,1070.4,16644.0
2026-06-08 11:05:00,1070.7,1071.3,1069.9,1070.9,32964.0
2026-06-08 11:10:00,1070.9,1071.9,1070.1,1070.7,20277.0
2026-06-08 11:15:00,1070.6,1072.0,1070.2,1070.5,11064.0
2026-06-08 11:20:00,1070.5,1071.8,1070.0,1070.0,24089.0
2026-06-08 11:25:00,1070.0,1071.7,1069.7,1071.7,48929.0
2026-06-08 11:30:00,1071.4,1071.9,1070.5,1070.8,18835.0
2026-06-08 11:35:00,1070.8,1071.0,1070.0,1070.8,9114.0
2026-06-08 11:40:00,1070.5,1071.0,1069.6,1070.6,9878.0
2026-06-08 11:45:00,1070.6,1071.6,1070.5,1071.1,9853.0
2026-06-08 11:50:00,1071.2,1071.4,1069.7,1070.7,12656.0
2026-06-08 11:55:00,1070.7,1070.7,1069.2,1070.2,18009.0
2026-06-08 12:00:00,1070.0,1070.5,1069.2,1069.4,12583.0
2026-06-08 12:05:00,1069.4,1070.0,1067.0,1067.1,66355.0
2026-06-08 12:10:00,1067.5,1069.8,1067.3,1069.7,57897.0
2026-06-08 12:15:00,1069.7,1070.1,1068.2,1069.7,20755.0
2026-06-08 12:20:00,1069.7,1070.2,1069.2,1069.4,38456.0
2026-06-08 12:25:00,1069.8,1069.9,1068.9,1069.7,19831.0
2026-06-08 12:30:00,1069.7,1069.9,1068.4,1069.7,13157.0
2026-06-08 12:35:00,1069.8,1071.8,1069.2,1071.7,27460.0
2026-06-08 12:40:00,1071.7,1074.3,1071.5,1074.1,47265.0
2026-06-08 12:45:00,1074.3,1074.8,1073.1,1074.1,36894.0
2026-06-08 12:50:00,1074.5,1078.4,1073.7,1078.1,84580.0
2026-06-08 12:55:00,1078.3,1078.6,1076.4,1077.4,81150.0
2026-06-08 13:00:00,1077.3,1077.6,1076.0,1076.4,24395.0
2026-06-08 13:05:00,1076.5,1076.6,1075.0,1076.2,17249.0
2026-06-08 13:10:00,1076.2,1076.5,1075.1,1075.7,20859.0
2026-06-08 13:15:00,1075.8,1075.8,1073.1,1073.3,36191.0
2026-06-08 13:20:00,1073.3,1073.8,1071.9,1071.9,22825.0
2026-06-08 13:25:00,1072.2,1072.8,1071.6,1071.9,23896.0
2026-06-08 13:30:00,1071.9,1072.8,1070.5,1071.2,29617.0
2026-06-08 13:35:00,1071.1,1071.5,1070.3,1070.5,28322.0
2026-06-08 13:40:00,1070.9,1070.9,1068.3,1069.0,56948.0
2026-06-08 13:45:00,1068.6,1070.4,1067.6,1070.1,43437.0
2026-06-08 13:50:00,1070.1,1070.3,1068.4,1069.4,33316.0
2026-06-08 13:55:00,1069.5,1070.0,1068.4,1069.5,18302.0
2026-06-08 14:00:00,1068.9,1070.6,1068.8,1069.2,21757.0
2026-06-08 14:05:00,1069.3,1069.6,1068.1,1068.2,24180.0
2026-06-08 14:10:00,1068.1,1069.0,1067.5,1068.2,40553.0
2026-06-08 14:15:00,1068.1,1068.3,1064.3,1067.2,81973.0
2026-06-08 14:20:00,1067.2,1067.2,1064.3,1065.0,40929.0
2026-06-08 14:25:00,1065.3,1065.9,1064.7,1065.6,13858.0
2026-06-08 14:30:00,1065.6,1066.2,1064.9,1066.0,32035.0
2026-06-08 14:35:00,1066.0,1066.3,1063.7,1065.4,146041.0
2026-06-08 14:40:00,1065.6,1067.7,1065.2,1067.2,91869.0
2026-06-08 14:45:00,1067.1,1069.5,1067.1,1067.6,126277.0
2026-06-08 14:50:00,1067.8,1068.0,1064.5,1065.7,106157.0
2026-06-08 14:55:00,1065.7,1067.8,1064.5,1067.3,136513.0
2026-06-08 15:00:00,1067.2,1067.3,1065.1,1065.7,208844.0
2026-06-08 15:05:00,1065.7,1067.1,1064.9,1067.0,193065.0
2026-06-08 15:10:00,1067.1,1067.3,1065.0,1067.0,210906.0
2026-06-08 15:15:00,1066.8,1067.0,1062.2,1062.8,247221.0
2026-06-08 15:20:00,1062.6,1062.7,1053.0,1053.8,178662.0
2026-06-08 15:25:00,1053.2,1056.0,1050.8,1053.0,228093.0
2026-06-09 09:15:00,1074.0,1074.0,1056.5,1059.7,270694.0
2026-06-09 09:20:00,1060.0,1060.1,1053.8,1054.2,127809.0
2026-06-09 09:25:00,1054.7,1058.0,1054.1,1056.0,64056.0
2026-06-09 09:30:00,1056.3,1061.0,1056.1,1059.6,62801.0
2026-06-09 09:35:00,1059.6,1061.3,1058.6,1059.0,84285.0
2026-06-09 09:40:00,1059.1,1062.7,1058.0,1061.2,71167.0
2026-06-09 09:45:00,1061.6,1063.5,1060.1,1060.9,56102.0
2026-06-09 09:50:00,1061.2,1066.2,1060.1,1065.5,63769.0
2026-06-09 09:55:00,1065.1,1065.1,1062.4,1063.7,37734.0
2026-06-09 10:00:00,1063.5,1066.1,1063.2,1065.6,40803.0
2026-06-09 10:05:00,1065.4,1066.5,1061.3,1062.6,68029.0
2026-06-09 10:10:00,1062.9,1063.7,1061.7,1063.4,39666.0
2026-06-09 10:15:00,1063.7,1065.0,1061.9,1062.1,32600.0
2026-06-09 10:20:00,1062.5,1062.5,1059.0,1060.1,44564.0
2026-06-09 10:25:00,1060.3,1061.3,1059.6,1059.7,44510.0
2026-06-09 10:30:00,1059.7,1060.6,1058.8,1059.8,35045.0
2026-06-09 10:35:00,1059.9,1063.4,1059.8,1061.9,33110.0
2026-06-09 10:40:00,1062.4,1063.8,1061.3,1063.3,20990.0
2026-06-09 10:45:00,1063.4,1064.0,1059.8,1059.8,32287.0
2026-06-09 10:50:00,1059.6,1060.9,1059.6,1060.8,29221.0
2026-06-09 10:55:00,1060.9,1061.5,1059.9,1061.0,20213.0
2026-06-09 11:00:00,1061.1,1063.6,1061.0,1062.1,32619.0
2026-06-09 11:05:00,1062.1,1064.8,1060.0,1060.2,84243.0
2026-06-09 11:10:00,1060.2,1061.3,1059.1,1060.8,49792.0
2026-06-09 11:15:00,1060.8,1062.6,1060.7,1062.5,20053.0
2026-06-09 11:20:00,1062.5,1064.7,1061.2,1062.0,129017.0
2026-06-09 11:25:00,1062.1,1062.6,1061.0,1061.7,47109.0
2026-06-09 11:30:00,1061.0,1061.6,1060.2,1061.5,48484.0
2026-06-09 11:35:00,1061.4,1063.4,1061.0,1063.3,32484.0
2026-06-09 11:40:00,1063.4,1065.0,1062.9,1064.1,52640.0
2026-06-09 11:45:00,1064.1,1068.4,1064.1,1067.9,61412.0
2026-06-09 11:50:00,1067.9,1070.8,1067.5,1070.0,50985.0
2026-06-09 11:55:00,1070.4,1070.4,1068.2,1069.0,33818.0
2026-06-09 12:00:00,1069.4,1069.9,1068.0,1068.7,53789.0
2026-06-09 12:05:00,1068.4,1068.4,1064.1,1064.6,62259.0
2026-06-09 12:10:00,1064.7,1065.5,1064.6,1065.3,20706.0
2026-06-09 12:15:00,1065.4,1066.5,1065.0,1065.3,22289.0
2026-06-09 12:20:00,1065.6,1066.2,1064.7,1064.9,22909.0
2026-06-09 12:25:00,1065.4,1066.9,1064.6,1065.3,31281.0
2026-06-09 12:30:00,1065.6,1068.0,1065.2,1067.6,25968.0
2026-06-09 12:35:00,1067.8,1068.3,1067.2,1068.2,21342.0
2026-06-09 12:40:00,1068.2,1070.5,1068.2,1070.1,37084.0
2026-06-09 12:45:00,1070.5,1070.5,1068.6,1069.8,28957.0
2026-06-09 12:50:00,1070.0,1072.5,1068.9,1070.6,63254.0
2026-06-09 12:55:00,1071.0,1071.0,1064.4,1065.2,36403.0
2026-06-09 13:00:00,1065.4,1066.6,1065.3,1066.1,25104.0
2026-06-09 13:05:00,1066.3,1066.5,1065.6,1066.2,20416.0
2026-06-09 13:10:00,1066.2,1068.3,1066.2,1067.9,37816.0
2026-06-09 13:15:00,1068.0,1070.2,1067.3,1068.5,38218.0
2026-06-09 13:20:00,1068.9,1069.2,1067.9,1068.5,26907.0
2026-06-09 13:25:00,1068.7,1068.9,1067.1,1068.7,30749.0
2026-06-09 13:30:00,1068.8,1069.9,1067.1,1068.9,59536.0
2026-06-09 13:35:00,1069.0,1070.7,1068.8,1070.6,21364.0
2026-06-09 13:40:00,1070.7,1073.0,1070.6,1072.8,36464.0
2026-06-09 13:45:00,1073.0,1075.5,1072.8,1075.2,79656.0
2026-06-09 13:50:00,1074.9,1074.9,1073.6,1074.0,59562.0
2026-06-09 13:55:00,1074.2,1074.3,1072.1,1073.9,58143.0
2026-06-09 14:00:00,1074.0,1075.2,1073.5,1074.8,37342.0
2026-06-09 14:05:00,1074.9,1081.7,1074.5,1080.5,99634.0
2026-06-09 14:10:00,1080.6,1082.5,1078.2,1079.5,127217.0
2026-06-09 14:15:00,1079.5,1080.6,1078.7,1079.9,153097.0
2026-06-09 14:20:00,1079.9,1080.0,1076.4,1077.4,137656.0
2026-06-09 14:25:00,1077.5,1079.8,1077.4,1079.5,91917.0
2026-06-09 14:30:00,1079.6,1079.8,1077.5,1077.7,119844.0
2026-06-09 14:35:00,1077.7,1078.1,1076.1,1077.4,137512.0
2026-06-09 14:40:00,1077.7,1078.0,1076.8,1077.8,83831.0
2026-06-09 14:45:00,1077.8,1078.0,1075.9,1076.2,131933.0
2026-06-09 14:50:00,1076.1,1080.5,1076.1,1079.9,197378.0
2026-06-09 14:55:00,1079.9,1080.3,1079.1,1079.4,138827.0
2026-06-09 15:00:00,1079.6,1079.8,1077.0,1079.4,229742.0
2026-06-09 15:05:00,1079.4,1079.4,1077.4,1077.8,256070.0
2026-06-09 15:10:00,1077.7,1078.3,1076.8,1077.1,244370.0
2026-06-09 15:15:00,1077.2,1077.2,1075.3,1076.2,214788.0
2026-06-09 15:20:00,1076.1,1077.0,1073.4,1074.6,399262.0
2026-06-09 15:25:00,1074.6,1075.2,1074.1,1074.1,144554.0
2026-06-10 09:15:00,1066.9,1066.9,1037.2,1038.5,475799.0
2026-06-10 09:20:00,1037.9,1040.0,1034.2,1038.0,259136.0
2026-06-10 09:25:00,1038.2,1042.5,1036.5,1039.3,256738.0
2026-06-10 09:30:00,1039.2,1040.6,1037.9,1040.3,114272.0
2026-06-10 09:35:00,1040.4,1047.9,1039.9,1043.5,222383.0
2026-06-10 09:40:00,1044.0,1044.0,1040.7,1041.9,97143.0
2026-06-10 09:45:00,1041.9,1043.5,1041.2,1042.4,58145.0
2026-06-10 09:50:00,1042.4,1043.8,1040.3,1040.3,92170.0
2026-06-10 09:55:00,1040.2,1041.4,1038.3,1038.3,76443.0
2026-06-10 10:00:00,1038.3,1040.4,1036.1,1039.8,101430.0
2026-06-10 10:05:00,1039.6,1039.9,1036.7,1038.1,59432.0
2026-06-10 10:10:00,1038.1,1039.0,1035.3,1036.0,77112.0
2026-06-10 10:15:00,1035.6,1037.0,1035.1,1036.5,63623.0
2026-06-10 10:20:00,1036.6,1037.0,1035.6,1037.0,51739.0
2026-06-10 10:25:00,1037.1,1038.2,1036.0,1037.9,58712.0
2026-06-10 10:30:00,1037.9,1039.4,1036.7,1038.8,68692.0
2026-06-10 10:35:00,1038.9,1039.5,1037.7,1038.0,61651.0
2026-06-10 10:40:00,1037.7,1039.8,1037.4,1038.7,41354.0
2026-06-10 10:45:00,1038.8,1039.3,1038.2,1038.6,39528.0
2026-06-10 10:50:00,1038.7,1041.0,1038.5,1040.5,43731.0
2026-06-10 10:55:00,1040.3,1042.4,1039.4,1042.0,85732.0
2026-06-10 11:00:00,1042.1,1044.9,1041.0,1044.3,87096.0
2026-06-10 11:05:00,1044.3,1044.7,1042.8,1043.1,56041.0
2026-06-10 11:10:00,1043.2,1044.6,1042.7,1044.1,42901.0
2026-06-10 11:15:00,1043.8,1043.9,1041.5,1042.2,38807.0
2026-06-10 11:20:00,1042.2,1044.5,1041.2,1044.5,46877.0
2026-06-10 11:25:00,1044.5,1051.3,1043.9,1049.2,185926.0
2026-06-10 11:30:00,1050.1,1051.8,1048.4,1048.4,666772.0
2026-06-10 11:35:00,1048.5,1050.9,1047.9,1048.9,66951.0
2026-06-10 11:40:00,1048.6,1051.1,1048.5,1051.1,47721.0
2026-06-10 11:45:00,1051.0,1051.3,1049.2,1050.9,65022.0
2026-06-10 11:50:00,1050.9,1054.9,1050.7,1052.0,82601.0
2026-06-10 11:55:00,1052.1,1054.4,1051.9,1053.4,42390.0
2026-06-10 12:00:00,1053.4,1054.4,1052.3,1052.3,50576.0
2026-06-10 12:05:00,1052.3,1053.5,1051.2,1053.2,43442.0
2026-06-10 12:10:00,1053.1,1053.5,1052.3,1053.2,30516.0
2026-06-10 12:15:00,1053.0,1055.5,1053.0,1054.7,52785.0
2026-06-10 12:20:00,1054.7,1055.3,1053.6,1054.0,37246.0
2026-06-10 12:25:00,1053.9,1053.9,1051.8,1052.1,47992.0
2026-06-10 12:30:00,1051.8,1052.6,1050.6,1051.0,40076.0
2026-06-10 12:35:00,1051.0,1053.5,1050.7,1052.7,33789.0
2026-06-10 12:40:00,1052.7,1053.0,1049.1,1049.6,34713.0
2026-06-10 12:45:00,1049.7,1051.2,1048.4,1050.0,35344.0
2026-06-10 12:50:00,1049.5,1051.8,1048.6,1050.1,49455.0
2026-06-10 12:55:00,1050.2,1051.0,1049.0,1050.0,31742.0
2026-06-10 13:00:00,1050.1,1050.8,1047.0,1048.0,806497.0
2026-06-10 13:05:00,1048.1,1049.9,1047.6,1048.9,51505.0
2026-06-10 13:10:00,1049.1,1049.1,1048.2,1048.9,37697.0
2026-06-10 13:15:00,1048.7,1049.4,1048.4,1048.9,20215.0
2026-06-10 13:20:00,1049.0,1049.9,1048.0,1048.4,35043.0
2026-06-10 13:25:00,1048.4,1049.8,1048.4,1049.0,20360.0
2026-06-10 13:30:00,1049.2,1049.5,1046.0,1046.0,56660.0
2026-06-10 13:35:00,1046.0,1048.4,1045.7,1047.2,60793.0
2026-06-10 13:40:00,1046.8,1047.3,1045.5,1045.8,51802.0
2026-06-10 13:45:00,1045.8,1046.6,1045.3,1046.0,37276.0
2026-06-10 13:50:00,1045.6,1046.2,1042.2,1042.6,66126.0
2026-06-10 13:55:00,1042.6,1042.9,1041.3,1041.9,40750.0
2026-06-10 14:00:00,1041.9,1042.5,1041.1,1041.8,51467.0
2026-06-10 14:05:00,1041.5,1043.2,1040.7,1041.9,55797.0
2026-06-10 14:10:00,1041.5,1043.2,1040.0,1040.2,102669.0
2026-06-10 14:15:00,1040.0,1041.6,1039.1,1040.6,83629.0
2026-06-10 14:20:00,1040.8,1041.6,1039.5,1041.3,52456.0
2026-06-10 14:25:00,1041.3,1041.5,1039.0,1039.7,63920.0
2026-06-10 14:30:00,1039.7,1041.3,1039.0,1041.1,237540.0
2026-06-10 14:35:00,1041.1,1043.0,1037.7,1038.0,372623.0
2026-06-10 14:40:00,1038.0,1038.5,1036.8,1037.3,73842.0
2026-06-10 14:45:00,1037.4,1038.7,1036.7,1037.7,78907.0
2026-06-10 14:50:00,1037.7,1038.2,1037.0,1037.8,51135.0
2026-06-10 14:55:00,1037.6,1039.0,1037.0,1038.2,88773.0
2026-06-10 15:00:00,1038.2,1040.0,1038.1,1039.5,156483.0
2026-06-10 15:05:00,1039.5,1039.9,1036.9,1038.0,250650.0
2026-06-10 15:10:00,1038.4,1039.0,1037.8,1038.2,145299.0
2026-06-10 15:15:00,1038.2,1040.0,1037.9,1040.0,206041.0
2026-06-10 15:20:00,1039.9,1042.3,1039.0,1039.7,244807.0
2026-06-10 15:25:00,1039.4,1041.7,1039.3,1040.0,84660.0
2026-06-11 09:15:00,1029.8,1036.9,1024.5,1033.1,396205.0
2026-06-11 09:20:00,1033.1,1034.4,1029.6,1029.8,198114.0
2026-06-11 09:25:00,1030.4,1031.0,1028.0,1029.0,98269.0
2026-06-11 09:30:00,1029.4,1035.0,1029.3,1032.3,218603.0
2026-06-11 09:35:00,1032.4,1034.5,1031.3,1033.0,103698.0
2026-06-11 09:40:00,1032.8,1033.4,1029.5,1031.6,245524.0
2026-06-11 09:45:00,1031.6,1031.8,1027.8,1028.8,224408.0
2026-06-11 09:50:00,1029.0,1031.2,1028.7,1029.1,179835.0
2026-06-11 09:55:00,1029.0,1030.0,1026.0,1026.0,203773.0
2026-06-11 10:00:00,1026.3,1026.8,1024.1,1025.2,162907.0
2026-06-11 10:05:00,1025.6,1027.6,1025.0,1026.9,52599.0
2026-06-11 10:10:00,1027.0,1027.9,1026.3,1026.8,70773.0
2026-06-11 10:15:00,1026.9,1030.9,1026.9,1030.4,124436.0
2026-06-11 10:20:00,1030.4,1034.3,1030.4,1032.8,161794.0
2026-06-11 10:25:00,1032.9,1032.9,1031.1,1032.5,85380.0
2026-06-11 10:30:00,1032.6,1033.0,1031.0,1031.4,48030.0
2026-06-11 10:35:00,1031.5,1033.4,1030.6,1032.9,49368.0
2026-06-11 10:40:00,1033.1,1036.5,1032.6,1035.7,105974.0
2026-06-11 10:45:00,1036.0,1038.0,1035.4,1036.1,124144.0
2026-06-11 10:50:00,1036.4,1036.5,1034.1,1034.7,57989.0
2026-06-11 10:55:00,1034.7,1034.8,1031.8,1032.5,64680.0
2026-06-11 11:00:00,1032.7,1033.3,1031.1,1032.4,52677.0
2026-06-11 11:05:00,1032.5,1037.0,1032.4,1036.2,110723.0
2026-06-11 11:10:00,1036.3,1037.5,1035.1,1036.7,39822.0
2026-06-11 11:15:00,1036.7,1036.7,1034.0,1035.2,61459.0
2026-06-11 11:20:00,1035.3,1037.0,1034.4,1036.6,42304.0
2026-06-11 11:25:00,1036.7,1038.6,1035.0,1035.0,81703.0
2026-06-11 11:30:00,1035.3,1036.3,1032.5,1032.5,54844.0
2026-06-11 11:35:00,1032.6,1032.6,1029.7,1029.7,79741.0
2026-06-11 11:40:00,1029.7,1033.0,1029.5,1032.8,26025.0
2026-06-11 11:45:00,1032.9,1033.9,1031.8,1032.5,42111.0
2026-06-11 11:50:00,1032.6,1033.5,1032.5,1033.1,21763.0
2026-06-11 11:55:00,1033.2,1034.5,1032.2,1032.9,32645.0
2026-06-11 12:00:00,1032.5,1034.0,1032.4,1032.7,21916.0
2026-06-11 12:05:00,1032.7,1032.8,1031.1,1031.3,41454.0
2026-06-11 12:10:00,1031.4,1032.5,1030.8,1032.2,20008.0
2026-06-11 12:15:00,1032.2,1033.2,1032.1,1032.1,27806.0
2026-06-11 12:20:00,1032.2,1032.5,1031.1,1032.5,33943.0
2026-06-11 12:25:00,1032.6,1033.3,1030.7,1032.2,47427.0
2026-06-11 12:30:00,1032.2,1034.6,1031.4,1034.3,84542.0
2026-06-11 12:35:00,1034.5,1034.8,1032.1,1033.3,54128.0
2026-06-11 12:40:00,1033.1,1033.4,1031.8,1032.6,25966.0
2026-06-11 12:45:00,1032.6,1033.0,1031.2,1031.5,26308.0
2026-06-11 12:50:00,1031.6,1034.9,1031.5,1034.5,24625.0
2026-06-11 12:55:00,1034.7,1036.0,1032.2,1035.8,33911.0
2026-06-11 13:00:00,1035.8,1036.9,1035.0,1035.4,36662.0
2026-06-11 13:05:00,1035.7,1035.8,1033.5,1033.5,29953.0
2026-06-11 13:10:00,1033.5,1033.6,1031.5,1032.1,39081.0
2026-06-11 13:15:00,1032.2,1033.3,1031.9,1031.9,27671.0
2026-06-11 13:20:00,1032.0,1032.3,1030.6,1030.9,31036.0
2026-06-11 13:25:00,1031.0,1031.0,1028.9,1030.5,64408.0
2026-06-11 13:30:00,1030.5,1031.7,1029.3,1029.5,53122.0
2026-06-11 13:35:00,1030.0,1030.5,1028.8,1028.8,53001.0
2026-06-11 13:40:00,1028.8,1029.7,1027.3,1027.8,95449.0
2026-06-11 13:45:00,1028.3,1029.1,1026.8,1029.1,59228.0
2026-06-11 13:50:00,1029.1,1029.2,1028.0,1028.8,26098.0
2026-06-11 13:55:00,1028.8,1029.8,1028.0,1029.1,55679.0
2026-06-11 14:00:00,1029.2,1029.5,1028.9,1029.0,31101.0
2026-06-11 14:05:00,1029.0,1029.1,1026.8,1027.5,41334.0
2026-06-11 14:10:00,1027.5,1029.2,1027.4,1028.6,42177.0
2026-06-11 14:15:00,1029.0,1029.5,1027.2,1028.0,112372.0
2026-06-11 14:20:00,1028.3,1029.7,1027.9,1027.9,43831.0
2026-06-11 14:25:00,1027.9,1029.8,1027.0,1029.0,104225.0
2026-06-11 14:30:00,1029.0,1029.0,1026.5,1026.7,52496.0
2026-06-11 14:35:00,1027.0,1027.3,1025.4,1025.5,124803.0
2026-06-11 14:40:00,1025.5,1025.7,1024.8,1024.9,53687.0
2026-06-11 14:45:00,1025.1,1025.9,1023.7,1025.5,76323.0
2026-06-11 14:50:00,1025.4,1025.7,1024.7,1025.1,45559.0
2026-06-11 14:55:00,1025.1,1025.2,1023.8,1024.7,67909.0
2026-06-11 15:00:00,1024.7,1025.3,1022.9,1023.4,203772.0
2026-06-11 15:05:00,1023.4,1024.5,1022.8,1024.1,155928.0
2026-06-11 15:10:00,1024.2,1026.1,1023.8,1024.5,192381.0
2026-06-11 15:15:00,1024.6,1025.6,1023.9,1023.9,215858.0
2026-06-11 15:20:00,1024.3,1025.8,1023.3,1023.9,221769.0
2026-06-11 15:25:00,1023.9,1026.0,1023.7,1025.9,172506.0
2026-06-12 09:15:00,1045.0,1049.0,1026.0,1027.5,833041.0
2026-06-12 09:20:00,1026.2,1026.2,1017.3,1018.8,657844.0
2026-06-12 09:25:00,1018.8,1022.4,1017.2,1018.8,555279.0
2026-06-12 09:30:00,1019.1,1020.5,1015.3,1019.4,556641.0
2026-06-12 09:35:00,1019.5,1021.0,1017.0,1020.8,320618.0
2026-06-12 09:40:00,1020.6,1021.9,1017.4,1017.6,163669.0
2026-06-12 09:45:00,1018.0,1018.4,1017.0,1017.5,87402.0
2026-06-12 09:50:00,1017.5,1021.4,1017.0,1020.6,290593.0
2026-06-12 09:55:00,1020.6,1022.1,1019.3,1020.8,204533.0
2026-06-12 10:00:00,1020.8,1022.0,1019.1,1021.6,366565.0
2026-06-12 10:05:00,1022.4,1026.7,1022.4,1025.3,199375.0
2026-06-12 10:10:00,1025.3,1029.1,1025.0,1028.5,141220.0
2026-06-12 10:15:00,1028.6,1031.2,1026.5,1027.4,141222.0
2026-06-12 10:20:00,1027.5,1030.0,1027.1,1029.6,54547.0
2026-06-12 10:25:00,1029.6,1030.4,1025.7,1027.2,146638.0
2026-06-12 10:30:00,1027.3,1029.9,1027.1,1028.1,47233.0
2026-06-12 10:35:00,1028.2,1028.7,1025.9,1028.3,73149.0
2026-06-12 10:40:00,1028.3,1030.5,1028.3,1029.2,106905.0
2026-06-12 10:45:00,1029.2,1031.0,1028.5,1030.4,99190.0
2026-06-12 10:50:00,1030.4,1030.5,1028.9,1029.6,42284.0
2026-06-12 10:55:00,1029.6,1031.6,1029.6,1030.6,74649.0
2026-06-12 11:00:00,1030.7,1032.9,1029.5,1030.8,84159.0
2026-06-12 11:05:00,1030.8,1032.3,1028.0,1028.5,145209.0
2026-06-12 11:10:00,1028.4,1032.7,1028.3,1031.9,54920.0
2026-06-12 11:15:00,1031.9,1032.2,1029.4,1029.7,43238.0
2026-06-12 11:20:00,1029.8,1029.8,1026.4,1028.5,58531.0
2026-06-12 11:25:00,1028.7,1030.0,1027.7,1028.3,55482.0
2026-06-12 11:30:00,1028.2,1028.2,1027.0,1027.8,30880.0
2026-06-12 11:35:00,1027.9,1028.5,1027.3,1027.6,26875.0
2026-06-12 11:40:00,1027.8,1028.0,1026.4,1026.6,52182.0
2026-06-12 11:45:00,1026.6,1029.4,1025.8,1027.2,159202.0
2026-06-12 11:50:00,1027.6,1028.1,1026.5,1027.7,20616.0
2026-06-12 11:55:00,1027.8,1028.5,1027.3,1028.3,28473.0
2026-06-12 12:00:00,1028.3,1028.6,1027.8,1028.2,21071.0
2026-06-12 12:05:00,1028.2,1028.4,1026.4,1026.5,69907.0
2026-06-12 12:10:00,1027.0,1027.0,1023.8,1023.8,46399.0
2026-06-12 12:15:00,1024.0,1025.7,1023.2,1025.1,29289.0
2026-06-12 12:20:00,1025.1,1026.5,1025.1,1025.7,23574.0
2026-06-12 12:25:00,1025.7,1027.0,1025.7,1026.8,14559.0
2026-06-12 12:30:00,1026.9,1026.9,1025.1,1025.6,105034.0
2026-06-12 12:35:00,1025.6,1026.1,1024.8,1025.6,68753.0
2026-06-12 12:40:00,1025.6,1026.0,1021.4,1021.7,94367.0
2026-06-12 12:45:00,1022.1,1022.6,1020.3,1020.3,32723.0
2026-06-12 12:50:00,1020.3,1021.0,1020.1,1020.4,27433.0
2026-06-12 12:55:00,1020.4,1020.9,1020.0,1020.1,20463.0
2026-06-12 13:00:00,1020.1,1020.3,1019.0,1019.9,23429.0
2026-06-12 13:05:00,1019.9,1022.0,1019.4,1022.0,27629.0
2026-06-12 13:10:00,1021.6,1022.0,1021.0,1021.4,30399.0
2026-06-12 13:15:00,1021.2,1022.3,1021.0,1021.9,17387.0
2026-06-12 13:20:00,1021.9,1023.3,1021.3,1022.2,23421.0
2026-06-12 13:25:00,1022.2,1027.7,1021.6,1027.6,67265.0
2026-06-12 13:30:00,1027.4,1029.4,1026.9,1027.5,76789.0
2026-06-12 13:35:00,1028.0,1028.0,1026.2,1027.2,33531.0
2026-06-12 13:40:00,1027.2,1028.2,1026.9,1027.0,55234.0
2026-06-12 13:45:00,1027.0,1029.2,1026.9,1028.2,36641.0
2026-06-12 13:50:00,1028.0,1031.2,1027.2,1030.5,149376.0
2026-06-12 13:55:00,1030.5,1032.2,1030.0,1030.3,58935.0
2026-06-12 14:00:00,1030.4,1031.2,1030.0,1030.0,27247.0
2026-06-12 14:05:00,1030.1,1030.6,1029.7,1030.5,23880.0
2026-06-12 14:10:00,1030.5,1031.1,1030.0,1030.4,34363.0
2026-06-12 14:15:00,1030.4,1030.7,1027.0,1027.4,40363.0
2026-06-12 14:20:00,1027.4,1028.3,1026.0,1026.1,75802.0
2026-06-12 14:25:00,1026.1,1026.3,1024.0,1024.7,46979.0
2026-06-12 14:30:00,1024.3,1025.0,1022.5,1023.6,157653.0
2026-06-12 14:35:00,1023.9,1023.9,1021.0,1022.8,209938.0
2026-06-12 14:40:00,1022.9,1024.3,1022.3,1023.9,76593.0
2026-06-12 14:45:00,1024.0,1025.5,1023.7,1024.1,113771.0
2026-06-12 14:50:00,1024.1,1024.4,1021.1,1022.0,72278.0
2026-06-12 14:55:00,1022.0,1022.2,1020.5,1020.7,88206.0
2026-06-12 15:00:00,1020.4,1024.0,1018.7,1023.3,190266.0
2026-06-12 15:05:00,1023.5,1023.6,1021.6,1022.0,194769.0
2026-06-12 15:10:00,1022.1,1022.9,1020.8,1022.7,198706.0
2026-06-12 15:15:00,1022.5,1023.9,1021.9,1022.9,163881.0
2026-06-12 15:20:00,1023.2,1023.2,1018.9,1020.0,303954.0
2026-06-12 15:25:00,1020.0,1022.0,1018.8,1021.8,214690.0
2026-06-15 09:15:00,1039.2,1039.7,1025.8,1030.1,688539.0
2026-06-15 09:20:00,1030.4,1033.6,1028.6,1032.2,261989.0
2026-06-15 09:25:00,1032.1,1037.2,1032.1,1037.0,216388.0
2026-06-15 09:30:00,1036.9,1038.7,1030.0,1030.1,235573.0
2026-06-15 09:35:00,1029.7,1031.6,1025.8,1030.1,202929.0
2026-06-15 09:40:00,1030.0,1030.6,1026.5,1027.2,108384.0
2026-06-15 09:45:00,1027.1,1027.3,1023.8,1024.8,126054.0
2026-06-15 09:50:00,1024.8,1025.0,1022.2,1022.2,131488.0
2026-06-15 09:55:00,1022.2,1022.4,1018.2,1019.3,116291.0
2026-06-15 10:00:00,1019.3,1021.1,1018.8,1020.0,115173.0
2026-06-15 10:05:00,1019.8,1019.8,1017.5,1017.6,98008.0
2026-06-15 10:10:00,1017.6,1018.4,1015.2,1017.9,74154.0
2026-06-15 10:15:00,1017.4,1017.7,1014.1,1015.1,70786.0
2026-06-15 10:20:00,1014.5,1017.2,1014.5,1015.5,80751.0
2026-06-15 10:25:00,1015.4,1016.0,1015.0,1015.3,49790.0
2026-06-15 10:30:00,1015.2,1016.1,1014.0,1015.5,87212.0
2026-06-15 10:35:00,1015.4,1016.1,1014.0,1015.6,74072.0
2026-06-15 10:40:00,1015.6,1018.3,1015.6,1017.9,56532.0
2026-06-15 10:45:00,1017.7,1020.3,1017.7,1019.8,65388.0
2026-06-15 10:50:00,1019.8,1025.2,1019.8,1021.8,171968.0
2026-06-15 10:55:00,1021.8,1023.9,1021.7,1023.1,73741.0
2026-06-15 11:00:00,1023.1,1024.0,1022.4,1023.1,53175.0
2026-06-15 11:05:00,1023.1,1024.2,1022.3,1022.7,65957.0
2026-06-15 11:10:00,1022.7,1023.0,1020.3,1020.3,79340.0
2026-06-15 11:15:00,1020.3,1022.7,1020.2,1022.2,43777.0
2026-06-15 11:20:00,1022.2,1023.0,1020.8,1022.0,51351.0
2026-06-15 11:25:00,1022.0,1022.6,1021.9,1022.1,26911.0
2026-06-15 11:30:00,1022.1,1022.3,1018.5,1018.7,73274.0
2026-06-15 11:35:00,1018.7,1019.9,1018.7,1019.4,67183.0
2026-06-15 11:40:00,1019.4,1020.0,1018.5,1019.9,118083.0
2026-06-15 11:45:00,1019.9,1021.7,1019.5,1020.4,72925.0
2026-06-15 11:50:00,1020.1,1022.0,1020.0,1021.6,53611.0
2026-06-15 11:55:00,1021.5,1021.8,1020.0,1021.4,43028.0
2026-06-15 12:00:00,1021.4,1021.6,1019.0,1019.5,102382.0
2026-06-15 12:05:00,1019.6,1020.6,1019.0,1019.5,47589.0
2026-06-15 12:10:00,1019.5,1019.9,1017.0,1017.2,98457.0
2026-06-15 12:15:00,1017.1,1018.5,1016.6,1017.4,49132.0
2026-06-15 12:20:00,1017.3,1018.1,1016.3,1016.6,35418.0
2026-06-15 12:25:00,1016.7,1016.9,1016.0,1016.0,26249.0
2026-06-15 12:30:00,1016.0,1016.7,1016.0,1016.6,30509.0
2026-06-15 12:35:00,1016.5,1017.6,1016.1,1016.2,38000.0
2026-06-15 12:40:00,1016.1,1016.6,1015.5,1015.7,43237.0
2026-06-15 12:45:00,1015.6,1017.1,1014.4,1015.2,82126.0
2026-06-15 12:50:00,1015.1,1016.3,1015.0,1015.5,38389.0
2026-06-15 12:55:00,1015.5,1017.5,1015.4,1016.6,100807.0
2026-06-15 13:00:00,1016.6,1017.1,1016.3,1017.0,33327.0
2026-06-15 13:05:00,1017.1,1017.6,1016.2,1017.5,72775.0
2026-06-15 13:10:00,1017.5,1019.8,1017.2,1017.5,78945.0
2026-06-15 13:15:00,1017.7,1018.1,1015.8,1015.8,147812.0
2026-06-15 13:20:00,1015.8,1017.5,1015.5,1016.7,90066.0
2026-06-15 13:25:00,1016.7,1017.2,1015.9,1016.6,75101.0
2026-06-15 13:30:00,1016.6,1017.1,1016.4,1016.6,62161.0
2026-06-15 13:35:00,1016.6,1017.1,1016.2,1016.7,82547.0
2026-06-15 13:40:00,1017.0,1017.1,1015.7,1016.7,82160.0
2026-06-15 13:45:00,1016.7,1017.8,1016.3,1017.3,47520.0
2026-06-15 13:50:00,1017.2,1018.4,1016.9,1018.3,52668.0
2026-06-15 13:55:00,1017.9,1018.4,1017.5,1017.6,72609.0
2026-06-15 14:00:00,1017.6,1018.1,1017.2,1017.9,50537.0
2026-06-15 14:05:00,1018.0,1018.1,1017.5,1017.7,46377.0
2026-06-15 14:10:00,1017.7,1018.3,1017.4,1018.2,62219.0
2026-06-15 14:15:00,1018.1,1018.3,1017.7,1018.1,49684.0
2026-06-15 14:20:00,1017.9,1018.1,1015.5,1015.9,412084.0
2026-06-15 14:25:00,1015.9,1016.5,1015.4,1016.3,47843.0
2026-06-15 14:30:00,1016.3,1017.0,1015.6,1016.0,48947.0
2026-06-15 14:35:00,1015.9,1016.1,1015.1,1015.6,158598.0
2026-06-15 14:40:00,1015.8,1016.1,1014.0,1015.6,109583.0
2026-06-15 14:45:00,1015.6,1016.4,1015.0,1016.0,88024.0
2026-06-15 14:50:00,1016.3,1016.3,1015.0,1015.9,75099.0
2026-06-15 14:55:00,1015.9,1016.2,1015.4,1016.1,75150.0
2026-06-15 15:00:00,1016.1,1016.5,1013.9,1014.0,353661.0
2026-06-15 15:05:00,1014.0,1014.5,1012.4,1013.0,196207.0
2026-06-15 15:10:00,1013.0,1014.1,1012.0,1014.0,292988.0
2026-06-15 15:15:00,1014.1,1014.7,1013.3,1014.1,465155.0
2026-06-15 15:20:00,1014.1,1015.4,1012.9,1013.1,219416.0
2026-06-15 15:25:00,1013.1,1014.2,1011.1,1013.5,170876.0
2026-06-16 09:15:00,990.0,990.0,970.0,976.7,877086.0
2026-06-16 09:20:00,976.9,980.3,973.3,975.7,475471.0
2026-06-16 09:25:00,975.9,978.4,974.3,975.0,238467.0
2026-06-16 09:30:00,975.0,978.0,974.6,977.6,254840.0
2026-06-16 09:35:00,977.9,980.6,975.6,976.6,277715.0
2026-06-16 09:40:00,976.7,977.8,975.5,975.9,180334.0
2026-06-16 09:45:00,975.9,977.2,975.6,976.2,89362.0
2026-06-16 09:50:00,976.3,978.6,976.0,977.9,106925.0
2026-06-16 09:55:00,978.0,981.9,977.7,981.0,279037.0
2026-06-16 10:00:00,981.0,981.5,979.0,980.5,212801.0
2026-06-16 10:05:00,980.1,980.5,978.0,978.5,137246.0
2026-06-16 10:10:00,978.4,979.0,977.7,978.0,129423.0
2026-06-16 10:15:00,977.8,978.0,974.6,975.4,409723.0
2026-06-16 10:20:00,975.0,976.0,974.3,974.8,98218.0
2026-06-16 10:25:00,974.8,975.5,974.1,975.0,110003.0
2026-06-16 10:30:00,975.1,978.0,975.0,977.9,97124.0
2026-06-16 10:35:00,977.8,981.5,977.8,980.1,187514.0
2026-06-16 10:40:00,980.2,984.6,980.0,983.8,234341.0
2026-06-16 10:45:00,983.7,983.9,981.8,983.2,82472.0
2026-06-16 10:50:00,983.2,983.6,981.0,981.1,85145.0
2026-06-16 10:55:00,981.2,981.8,980.6,980.9,49631.0
2026-06-16 11:00:00,981.0,981.4,979.1,979.1,82072.0
2026-06-16 11:05:00,978.6,980.5,978.2,978.9,76335.0
2026-06-16 11:10:00,979.0,980.8,979.0,980.3,78718.0
2026-06-16 11:15:00,980.4,980.7,978.3,978.5,77602.0
2026-06-16 11:20:00,978.4,978.9,976.5,978.3,104026.0
2026-06-16 11:25:00,978.3,979.7,978.3,979.1,72479.0
2026-06-16 11:30:00,979.2,980.2,978.9,980.1,83029.0
2026-06-16 11:35:00,980.1,980.1,978.7,980.1,62026.0
2026-06-16 11:40:00,980.0,980.8,979.8,980.0,60940.0
2026-06-16 11:45:00,980.0,981.5,980.0,980.4,42052.0
2026-06-16 11:50:00,980.3,980.9,979.9,980.0,35844.0
2026-06-16 11:55:00,980.1,980.1,978.5,979.2,74816.0
2026-06-16 12:00:00,979.3,979.4,978.1,979.1,69274.0
2026-06-16 12:05:00,979.1,979.8,978.7,979.2,49625.0
2026-06-16 12:10:00,979.2,980.3,979.1,979.1,67042.0
2026-06-16 12:15:00,979.1,979.2,976.5,976.7,86568.0
2026-06-16 12:20:00,976.9,977.5,976.2,976.5,120232.0
2026-06-16 12:25:00,976.5,977.4,975.8,976.0,117536.0
2026-06-16 12:30:00,976.2,976.8,974.0,975.1,261846.0
2026-06-16 12:35:00,975.1,976.0,972.2,973.6,278200.0
2026-06-16 12:40:00,974.0,975.9,974.0,974.2,313556.0
2026-06-16 12:45:00,974.2,974.6,971.7,974.2,140167.0
2026-06-16 12:50:00,974.5,974.7,973.5,973.7,63802.0
2026-06-16 12:55:00,973.7,974.9,973.5,973.7,66020.0
2026-06-16 13:00:00,973.7,974.6,973.5,973.6,63774.0
2026-06-16 13:05:00,973.8,974.8,973.5,974.0,70050.0
2026-06-16 13:10:00,974.4,974.6,973.7,973.9,48283.0
2026-06-16 13:15:00,974.0,974.8,973.3,973.3,167043.0
2026-06-16 13:20:00,973.5,974.4,972.5,974.0,122060.0
2026-06-16 13:25:00,974.0,974.6,973.4,974.0,178114.0
2026-06-16 13:30:00,973.9,974.8,973.6,974.0,112344.0
2026-06-16 13:35:00,974.2,976.0,974.2,975.4,65802.0
2026-06-16 13:40:00,975.5,975.7,975.0,975.3,55085.0
2026-06-16 13:45:00,975.4,977.7,975.2,977.5,82118.0
2026-06-16 13:50:00,977.6,978.4,976.5,977.9,98118.0
2026-06-16 13:55:00,977.8,978.5,977.8,978.3,89704.0
2026-06-16 14:00:00,978.2,979.0,978.1,978.2,84702.0
2026-06-16 14:05:00,978.2,978.3,976.4,976.6,136616.0
2026-06-16 14:10:00,976.6,977.9,976.6,977.4,79307.0
2026-06-16 14:15:00,977.4,979.0,977.3,978.5,115108.0
2026-06-16 14:20:00,978.5,981.2,977.5,981.0,128806.0
2026-06-16 14:25:00,981.1,982.4,980.7,982.4,126669.0
2026-06-16 14:30:00,982.3,986.5,982.2,985.9,359188.0
2026-06-16 14:35:00,985.9,985.9,982.9,984.0,177555.0
2026-06-16 14:40:00,984.0,984.0,980.7,980.8,92776.0
2026-06-16 14:45:00,980.8,982.5,980.8,981.3,98881.0
2026-06-16 14:50:00,981.4,982.3,981.3,982.0,57539.0
2026-06-16 14:55:00,982.1,982.9,980.8,982.6,142032.0
2026-06-16 15:00:00,982.8,983.0,981.4,981.7,158125.0
2026-06-16 15:05:00,981.7,983.2,981.1,983.1,164155.0
2026-06-16 15:10:00,983.1,983.7,981.7,982.5,222271.0
2026-06-16 15:15:00,982.5,982.7,981.3,982.5,188722.0
2026-06-16 15:20:00,982.6,983.6,981.4,981.6,223004.0
2026-06-16 15:25:00,981.5,984.5,980.8,984.0,198402.0
2026-06-17 09:15:00,985.0,987.0,975.0,975.8,483270.0
2026-06-17 09:20:00,975.9,975.9,972.0,973.8,280808.0
2026-06-17 09:25:00,973.8,976.7,971.2,975.9,147424.0
2026-06-17 09:30:00,975.9,983.2,975.9,982.5,329385.0
2026-06-17 09:35:00,982.5,982.6,979.0,981.1,228036.0
2026-06-17 09:40:00,981.2,989.7,981.0,988.3,485444.0
2026-06-17 09:45:00,988.8,988.8,982.5,983.2,333514.0
2026-06-17 09:50:00,983.1,985.0,982.2,984.4,110575.0
2026-06-17 09:55:00,984.7,986.2,984.3,985.6,130471.0
2026-06-17 10:00:00,985.6,985.8,983.5,984.9,116524.0
2026-06-17 10:05:00,984.9,987.5,983.4,984.9,545079.0
2026-06-17 10:10:00,985.0,986.5,984.7,985.8,213734.0
2026-06-17 10:15:00,985.8,986.3,984.3,985.7,88556.0
2026-06-17 10:20:00,985.7,989.5,985.5,988.4,122322.0
2026-06-17 10:25:00,988.4,990.4,987.9,989.5,102263.0
2026-06-17 10:30:00,989.6,994.4,989.5,993.5,142090.0
2026-06-17 10:35:00,994.5,1005.0,994.2,1003.2,458075.0
2026-06-17 10:40:00,1003.2,1003.2,998.5,1000.4,149640.0
2026-06-17 10:45:00,1000.2,1001.1,998.1,999.7,89460.0
2026-06-17 10:50:00,999.5,999.7,997.4,998.0,87128.0
2026-06-17 10:55:00,998.1,999.9,997.3,999.0,62990.0
2026-06-17 11:00:00,999.0,999.4,997.0,998.1,67002.0
2026-06-17 11:05:00,998.3,998.8,997.3,997.9,46852.0
2026-06-17 11:10:00,998.0,998.0,996.4,997.0,78172.0
2026-06-17 11:15:00,997.0,997.1,996.0,996.7,61742.0
2026-06-17 11:20:00,996.7,998.0,996.2,996.4,47286.0
2026-06-17 11:25:00,996.4,997.8,996.3,997.4,55950.0
2026-06-17 11:30:00,997.4,997.7,996.0,997.3,52640.0
2026-06-17 11:35:00,997.3,997.3,996.0,996.1,46309.0
2026-06-17 11:40:00,996.1,996.2,992.5,993.0,114616.0
2026-06-17 11:45:00,993.0,993.4,992.2,992.3,56062.0
2026-06-17 11:50:00,992.2,992.8,990.7,992.5,98421.0
2026-06-17 11:55:00,992.5,993.3,990.5,990.6,101897.0
2026-06-17 12:00:00,990.6,991.8,989.5,990.4,105866.0
2026-06-17 12:05:00,990.4,990.4,989.7,990.0,49751.0
2026-06-17 12:10:00,989.8,991.0,989.8,991.0,84523.0
2026-06-17 12:15:00,991.0,991.9,989.8,991.7,83947.0
2026-06-17 12:20:00,991.8,992.1,991.2,991.5,93531.0
2026-06-17 12:25:00,991.5,991.5,990.7,991.0,116749.0
2026-06-17 12:30:00,991.1,992.7,990.5,992.2,99003.0
2026-06-17 12:35:00,992.0,992.2,991.1,991.6,65575.0
2026-06-17 12:40:00,991.6,992.2,991.3,992.0,63996.0
2026-06-17 12:45:00,992.0,992.0,991.1,991.7,56535.0
2026-06-17 12:50:00,991.7,992.0,990.1,990.2,63242.0
2026-06-17 12:55:00,990.2,991.2,990.1,990.6,70741.0
2026-06-17 13:00:00,990.6,992.4,990.2,992.3,85605.0
2026-06-17 13:05:00,992.3,992.5,990.4,990.6,75903.0
2026-06-17 13:10:00,990.5,991.0,989.0,989.8,84651.0
2026-06-17 13:15:00,990.0,991.9,989.4,991.5,75881.0
2026-06-17 13:20:00,991.5,992.0,990.5,991.5,76842.0
2026-06-17 13:25:00,991.5,994.3,991.4,992.0,214270.0
2026-06-17 13:30:00,992.0,993.9,991.9,993.5,93931.0
2026-06-17 13:35:00,993.5,995.1,993.0,995.0,102443.0
2026-06-17 13:40:00,995.1,1011.6,994.7,1008.7,497821.0
2026-06-17 13:45:00,1008.8,1009.9,1005.0,1006.4,150216.0
2026-06-17 13:50:00,1006.5,1007.6,1004.3,1004.8,139724.0
2026-06-17 13:55:00,1005.0,1010.0,1002.4,1008.8,257952.0
2026-06-17 14:00:00,1009.0,1010.0,1007.0,1009.3,167451.0
2026-06-17 14:05:00,1008.8,1008.9,1006.0,1006.0,112187.0
2026-06-17 14:10:00,1006.1,1008.5,1006.0,1007.7,108538.0
2026-06-17 14:15:00,1007.6,1007.8,1006.5,1007.4,98996.0
2026-06-17 14:20:00,1007.4,1007.7,1006.0,1007.5,137738.0
2026-06-17 14:25:00,1007.6,1007.9,1005.6,1005.7,83675.0
2026-06-17 14:30:00,1005.7,1006.2,1004.6,1004.7,98836.0
2026-06-17 14:35:00,1004.7,1006.6,1004.0,1005.8,119877.0
2026-06-17 14:40:00,1006.0,1006.5,1005.3,1005.5,80874.0
2026-06-17 14:45:00,1005.6,1006.3,1004.7,1005.6,95370.0
2026-06-17 14:50:00,1005.7,1007.2,1005.3,1007.2,102689.0
2026-06-17 14:55:00,1007.1,1008.6,1005.8,1008.2,165720.0
2026-06-17 15:00:00,1008.3,1009.2,1007.5,1007.5,180620.0
2026-06-17 15:05:00,1007.6,1008.9,1006.6,1007.8,195268.0
2026-06-17 15:10:00,1007.7,1009.9,1007.5,1009.0,186320.0
2026-06-17 15:15:00,1009.1,1009.2,1006.9,1007.5,176423.0
2026-06-17 15:20:00,1007.5,1008.4,1006.4,1007.2,249080.0
2026-06-17 15:25:00,1007.2,1009.0,1006.9,1008.9,132926.0
2026-06-18 09:15:00,1006.0,1008.9,999.0,1006.6,375187.0
2026-06-18 09:20:00,1006.6,1014.5,1004.6,1013.8,388677.0
2026-06-18 09:25:00,1013.5,1014.5,1010.5,1010.8,237184.0
2026-06-18 09:30:00,1010.8,1013.3,1010.3,1011.4,140924.0
2026-06-18 09:35:00,1011.2,1012.2,1009.0,1010.9,224805.0
2026-06-18 09:40:00,1010.9,1016.5,1010.9,1013.6,222467.0
2026-06-18 09:45:00,1014.0,1017.4,1013.6,1015.6,173818.0
2026-06-18 09:50:00,1015.2,1016.6,1014.3,1014.4,72814.0
2026-06-18 09:55:00,1014.4,1014.5,1013.0,1013.7,59590.0
2026-06-18 10:00:00,1013.6,1013.9,1012.6,1013.0,57762.0
2026-06-18 10:05:00,1013.1,1013.8,1012.3,1013.8,49130.0
2026-06-18 10:10:00,1014.0,1015.2,1013.5,1014.7,52536.0
2026-06-18 10:15:00,1014.6,1014.7,1011.0,1011.2,84175.0
2026-06-18 10:20:00,1011.2,1011.2,1007.1,1007.8,109751.0
2026-06-18 10:25:00,1008.1,1008.5,1007.0,1007.8,51949.0
2026-06-18 10:30:00,1007.8,1009.1,1007.1,1008.4,47752.0
2026-06-18 10:35:00,1008.1,1009.1,1008.0,1008.1,51291.0
2026-06-18 10:40:00,1008.3,1008.4,1007.0,1007.1,46443.0
2026-06-18 10:45:00,1007.2,1009.0,1007.1,1008.5,34674.0
2026-06-18 10:50:00,1008.6,1009.8,1007.2,1009.5,93359.0
2026-06-18 10:55:00,1009.5,1009.5,1005.4,1006.7,84576.0
2026-06-18 11:00:00,1006.7,1006.8,1004.3,1004.5,61272.0
2026-06-18 11:05:00,1004.5,1005.5,1004.1,1005.1,45030.0
2026-06-18 11:10:00,1005.5,1005.7,1004.0,1004.5,52298.0
2026-06-18 11:15:00,1004.5,1004.7,1003.2,1004.2,43418.0
2026-06-18 11:20:00,1004.2,1005.1,1003.7,1005.1,44655.0
2026-06-18 11:25:00,1005.1,1006.1,1004.0,1004.2,43539.0
2026-06-18 11:30:00,1004.2,1005.7,1004.0,1005.0,38353.0
2026-06-18 11:35:00,1005.0,1006.5,1003.5,1006.1,52453.0
2026-06-18 11:40:00,1006.0,1007.6,1006.0,1006.6,33728.0
2026-06-18 11:45:00,1006.6,1007.1,1005.3,1006.5,36279.0
2026-06-18 11:50:00,1006.2,1006.6,1005.4,1005.4,25198.0
2026-06-18 11:55:00,1005.3,1006.7,1005.3,1006.1,30052.0
2026-06-18 12:00:00,1006.1,1006.4,1005.1,1005.5,26931.0
2026-06-18 12:05:00,1005.7,1005.9,1003.3,1003.9,50997.0
2026-06-18 12:10:00,1003.9,1005.6,1003.2,1005.1,40822.0
2026-06-18 12:15:00,1005.3,1006.4,1004.8,1006.0,35814.0
2026-06-18 12:20:00,1005.7,1006.2,1005.1,1005.5,31020.0
2026-06-18 12:25:00,1005.1,1007.0,1004.9,1006.0,35862.0
2026-06-18 12:30:00,1006.4,1007.7,1006.0,1007.5,38446.0
2026-06-18 12:35:00,1007.5,1007.7,1006.2,1006.4,45921.0
2026-06-18 12:40:00,1006.6,1006.7,1005.0,1005.1,36601.0
2026-06-18 12:45:00,1005.1,1006.4,1004.3,1004.8,62436.0
2026-06-18 12:50:00,1004.8,1005.4,1004.7,1004.9,59318.0
2026-06-18 12:55:00,1005.3,1005.7,1004.6,1004.8,152888.0
2026-06-18 13:00:00,1004.7,1005.1,1004.6,1004.6,70756.0
2026-06-18 13:05:00,1004.6,1006.4,1004.6,1006.1,42078.0
2026-06-18 13:10:00,1006.0,1007.0,1005.7,1006.9,29236.0
2026-06-18 13:15:00,1006.8,1008.0,1005.8,1007.5,52957.0
2026-06-18 13:20:00,1007.4,1007.7,1005.7,1007.5,29374.0
2026-06-18 13:25:00,1007.5,1007.5,1006.3,1006.8,23608.0
2026-06-18 13:30:00,1006.9,1007.9,1006.1,1007.9,36038.0
2026-06-18 13:35:00,1007.9,1008.1,1007.3,1007.9,36190.0
2026-06-18 13:40:00,1008.0,1008.3,1006.3,1007.4,54805.0
2026-06-18 13:45:00,1007.3,1008.1,1006.3,1006.6,35422.0
2026-06-18 13:50:00,1006.6,1007.0,1006.6,1006.7,24330.0
2026-06-18 13:55:00,1006.8,1006.9,1006.6,1006.7,34385.0
2026-06-18 14:00:00,1006.7,1008.4,1006.2,1006.3,97800.0
2026-06-18 14:05:00,1006.3,1006.3,1004.1,1004.5,57416.0
2026-06-18 14:10:00,1004.5,1005.0,1004.2,1004.7,81187.0
2026-06-18 14:15:00,1004.9,1004.9,1003.6,1003.6,38427.0
2026-06-18 14:20:00,1003.6,1004.9,1002.5,1004.7,94093.0
2026-06-18 14:25:00,1004.9,1004.9,1003.0,1003.1,48646.0
2026-06-18 14:30:00,1003.2,1003.8,1002.1,1002.9,54402.0
2026-06-18 14:35:00,1002.9,1006.2,1002.5,1005.8,99766.0
2026-06-18 14:40:00,1005.6,1005.6,1004.9,1005.3,64433.0
2026-06-18 14:45:00,1005.1,1005.9,1004.3,1005.2,91416.0
2026-06-18 14:50:00,1005.0,1005.7,1003.5,1005.0,60961.0
2026-06-18 14:55:00,1004.8,1005.7,1004.4,1005.4,46710.0
2026-06-18 15:00:00,1004.8,1008.2,1004.6,1008.1,172843.0
2026-06-18 15:05:00,1008.2,1008.3,1006.8,1007.5,166894.0
2026-06-18 15:10:00,1007.5,1009.0,1007.3,1008.6,157960.0
2026-06-18 15:15:00,1008.6,1009.1,1007.7,1008.5,170851.0
2026-06-18 15:20:00,1008.7,1010.5,1008.7,1010.3,199516.0
2026-06-18 15:25:00,1010.3,1014.6,1009.7,1012.0,198000.0
2026-06-19 09:15:00,998.0,1004.4,985.2,1003.5,253195.0
2026-06-19 09:20:00,1003.6,1004.1,1001.9,1003.5,87173.0
2026-06-19 09:25:00,1003.5,1003.7,1001.9,1003.0,46300.0
2026-06-19 09:30:00,1003.0,1003.1,1001.3,1001.9,61048.0
2026-06-19 09:35:00,1002.3,1005.8,1001.4,1004.8,50763.0
2026-06-19 09:40:00,1005.3,1005.8,1004.0,1005.3,37855.0
2026-06-19 09:45:00,1005.3,1005.5,1002.0,1003.3,54326.0
2026-06-19 09:50:00,1003.3,1003.6,1001.9,1003.1,33317.0
2026-06-19 09:55:00,1003.7,1004.3,1002.5,1004.3,25202.0
2026-06-19 10:00:00,1003.9,1004.1,1002.0,1002.6,28988.0
2026-06-19 10:05:00,1002.6,1002.9,1001.0,1002.5,30976.0
2026-06-19 10:10:00,1002.5,1004.0,1002.2,1003.9,22075.0
2026-06-19 10:15:00,1003.9,1005.4,1003.1,1003.4,27372.0
2026-06-19 10:20:00,1003.1,1003.1,1000.2,1001.1,36013.0
2026-06-19 10:25:00,1000.8,1003.7,1000.6,1003.7,64689.0
2026-06-19 10:30:00,1003.8,1007.9,1003.7,1005.7,57293.0
2026-06-19 10:35:00,1005.7,1005.7,1003.8,1005.2,30248.0
2026-06-19 10:40:00,1005.3,1006.0,1003.5,1005.6,30909.0
2026-06-19 10:45:00,1006.0,1006.5,1003.5,1004.0,42057.0
2026-06-19 10:50:00,1004.3,1004.8,1003.3,1004.0,17044.0
2026-06-19 10:55:00,1004.2,1004.4,1003.1,1003.3,17488.0
2026-06-19 11:00:00,1003.5,1004.9,1003.2,1003.3,15628.0
2026-06-19 11:05:00,1003.7,1004.8,1002.7,1004.5,27333.0
2026-06-19 11:10:00,1004.7,1004.9,1002.9,1003.0,21581.0
2026-06-19 11:15:00,1003.0,1004.6,1003.0,1004.4,22755.0
2026-06-19 11:20:00,1004.6,1005.5,1003.8,1005.5,22972.0
2026-06-19 11:25:00,1005.5,1008.3,1005.0,1007.2,61480.0
2026-06-19 11:30:00,1007.4,1008.8,1007.0,1008.7,50550.0
2026-06-19 11:35:00,1008.8,1009.0,1008.0,1008.5,20502.0
2026-06-19 11:40:00,1008.5,1008.8,1007.2,1007.9,30060.0
2026-06-19 11:45:00,1007.9,1007.9,1007.0,1007.5,21113.0
2026-06-19 11:50:00,1007.6,1008.4,1007.1,1007.9,22739.0
2026-06-19 11:55:00,1008.3,1008.6,1007.0,1008.3,20219.0
2026-06-19 12:00:00,1008.6,1009.0,1007.5,1007.5,22137.0
2026-06-19 12:05:00,1008.0,1009.5,1007.0,1008.4,48194.0
2026-06-19 12:10:00,1008.5,1008.7,1006.9,1007.8,31937.0
2026-06-19 12:15:00,1007.8,1008.5,1007.3,1007.8,19512.0
2026-06-19 12:20:00,1007.8,1009.0,1007.6,1008.7,18570.0
2026-06-19 12:25:00,1009.0,1011.8,1008.5,1011.6,42790.0
2026-06-19 12:30:00,1011.7,1014.8,1011.6,1012.5,114000.0
2026-06-19 12:35:00,1012.8,1012.8,1010.6,1012.5,25209.0
2026-06-19 12:40:00,1012.4,1012.5,1008.0,1009.9,32725.0
2026-06-19 12:45:00,1009.5,1011.3,1009.1,1009.5,21826.0
2026-06-19 12:50:00,1009.1,1009.8,1009.0,1009.8,16662.0
2026-06-19 12:55:00,1009.8,1010.5,1008.3,1009.2,27169.0
2026-06-19 13:00:00,1009.5,1009.9,1007.8,1008.0,36066.0
2026-06-19 13:05:00,1008.0,1008.5,1007.1,1007.7,34850.0
2026-06-19 13:10:00,1007.7,1008.3,1006.5,1008.2,16608.0
2026-06-19 13:15:00,1008.2,1008.5,1007.5,1007.8,23155.0
2026-06-19 13:20:00,1008.0,1009.0,1007.7,1008.2,21419.0
2026-06-19 13:25:00,1008.3,1009.1,1008.0,1008.6,18049.0
2026-06-19 13:30:00,1008.5,1009.8,1008.0,1009.8,25963.0
2026-06-19 13:35:00,1009.9,1010.5,1009.1,1010.3,18767.0
2026-06-19 13:40:00,1010.3,1012.4,1010.1,1011.8,25257.0
2026-06-19 13:45:00,1011.8,1012.4,1011.1,1012.0,22486.0
2026-06-19 13:50:00,1012.0,1012.0,1008.6,1009.9,83674.0
2026-06-19 13:55:00,1010.4,1013.9,1010.0,1013.5,35490.0
2026-06-19 14:00:00,1013.5,1013.9,1011.1,1011.3,42402.0
2026-06-19 14:05:00,1011.8,1013.0,1009.8,1013.0,53253.0
2026-06-19 14:10:00,1013.0,1013.3,1011.0,1012.2,33210.0
2026-06-19 14:15:00,1012.5,1013.0,1011.0,1011.6,37366.0
2026-06-19 14:20:00,1011.6,1012.1,1011.0,1011.4,47771.0
2026-06-19 14:25:00,1011.4,1012.1,1011.1,1011.9,31551.0
2026-06-19 14:30:00,1011.9,1012.4,1011.6,1012.0,31919.0
2026-06-19 14:35:00,1012.0,1012.3,1011.0,1011.9,54840.0
2026-06-19 14:40:00,1012.1,1012.1,1011.0,1011.7,27727.0
2026-06-19 14:45:00,1011.6,1012.1,1008.6,1009.1,113573.0
2026-06-19 14:50:00,1009.0,1010.5,1004.0,1004.5,314062.0
2026-06-19 14:55:00,1004.9,1005.0,1003.2,1004.0,308411.0
2026-06-19 15:00:00,1004.3,1011.5,1004.1,1009.2,469164.0
2026-06-19 15:05:00,1009.7,1011.4,1008.0,1008.3,408798.0
2026-06-19 15:10:00,1008.3,1010.1,1008.0,1009.7,412147.0
2026-06-19 15:15:00,1009.5,1010.1,1008.2,1009.5,447312.0
2026-06-19 15:20:00,1009.5,1010.6,1008.5,1010.3,489342.0
2026-06-19 15:25:00,1010.3,1016.8,1009.8,1014.2,476944.0
2026-06-22 09:15:00,1014.0,1018.1,1010.4,1012.2,167304.0
2026-06-22 09:20:00,1011.9,1013.0,1008.6,1010.5,61258.0
2026-06-22 09:25:00,1010.6,1011.0,1008.0,1009.5,45524.0
2026-06-22 09:30:00,1009.3,1010.0,1007.7,1008.7,37303.0
2026-06-22 09:35:00,1008.8,1011.2,1008.8,1010.4,28843.0
2026-06-22 09:40:00,1010.3,1010.4,1008.0,1008.0,18210.0
2026-06-22 09:45:00,1008.2,1009.2,1007.5,1007.8,21886.0
2026-06-22 09:50:00,1007.8,1011.2,1007.2,1010.3,46834.0
2026-06-22 09:55:00,1010.3,1014.5,1009.9,1013.0,46220.0
2026-06-22 10:00:00,1013.5,1014.8,1013.0,1014.0,43835.0
2026-06-22 10:05:00,1014.0,1014.3,1013.6,1014.3,30747.0
2026-06-22 10:10:00,1014.3,1015.0,1011.9,1012.5,31953.0
2026-06-22 10:15:00,1012.5,1013.4,1012.2,1013.0,16860.0
2026-06-22 10:20:00,1012.9,1013.0,1011.6,1012.0,9833.0
2026-06-22 10:25:00,1012.0,1013.0,1011.6,1012.6,17608.0
2026-06-22 10:30:00,1012.6,1014.3,1012.0,1014.3,177652.0
2026-06-22 10:35:00,1014.1,1014.9,1013.9,1014.2,17199.0
2026-06-22 10:40:00,1013.8,1015.6,1013.7,1015.2,64653.0
2026-06-22 10:45:00,1015.2,1015.2,1013.6,1014.1,18914.0
2026-06-22 10:50:00,1014.2,1015.2,1013.6,1014.6,34220.0
2026-06-22 10:55:00,1014.6,1015.1,1013.6,1014.2,12637.0
2026-06-22 11:00:00,1014.4,1014.4,1013.6,1014.1,14972.0
2026-06-22 11:05:00,1014.1,1014.4,1013.7,1014.4,19295.0
2026-06-22 11:10:00,1014.5,1015.2,1013.7,1014.2,11656.0
2026-06-22 11:15:00,1014.2,1014.5,1013.7,1014.5,10546.0
2026-06-22 11:20:00,1014.5,1014.5,1013.8,1013.8,13170.0
2026-06-22 11:25:00,1014.2,1014.6,1013.5,1014.3,19672.0
2026-06-22 11:30:00,1014.3,1014.3,1013.6,1014.1,21452.0
2026-06-22 11:35:00,1014.1,1014.1,1012.1,1013.4,16164.0
2026-06-22 11:40:00,1013.4,1013.5,1012.4,1013.4,10439.0
2026-06-22 11:45:00,1013.4,1013.5,1012.7,1013.1,8876.0
2026-06-22 11:50:00,1013.1,1013.2,1010.2,1011.2,28855.0
2026-06-22 11:55:00,1011.3,1011.3,1009.9,1011.1,59391.0
2026-06-22 12:00:00,1011.5,1011.5,1009.9,1010.0,20620.0
2026-06-22 12:05:00,1010.3,1012.7,1010.0,1011.6,46672.0
2026-06-22 12:10:00,1012.0,1012.3,1011.4,1012.1,37138.0
2026-06-22 12:15:00,1012.1,1012.1,1006.0,1009.4,87265.0
2026-06-22 12:20:00,1009.4,1010.7,1009.0,1010.5,23827.0
2026-06-22 12:25:00,1010.2,1010.5,1009.4,1009.7,24347.0
2026-06-22 12:30:00,1010.0,1010.3,1009.6,1010.2,12935.0
2026-06-22 12:35:00,1010.2,1011.7,1010.0,1011.6,18141.0
2026-06-22 12:40:00,1011.6,1011.8,1010.7,1010.9,15032.0
2026-06-22 12:45:00,1010.9,1012.1,1009.9,1011.7,352448.0
2026-06-22 12:50:00,1011.7,1013.0,1011.1,1011.9,21956.0
2026-06-22 12:55:00,1011.9,1011.9,1011.0,1011.3,8021.0
2026-06-22 13:00:00,1011.3,1011.3,1009.6,1009.7,15926.0
2026-06-22 13:05:00,1009.7,1010.5,1009.2,1009.2,15339.0
2026-06-22 13:10:00,1009.3,1011.8,1008.9,1011.5,52201.0
2026-06-22 13:15:00,1011.5,1012.0,1010.8,1011.3,13672.0
2026-06-22 13:20:00,1011.3,1011.6,1010.9,1011.5,15315.0
2026-06-22 13:25:00,1011.6,1011.6,1010.8,1011.1,11726.0
2026-06-22 13:30:00,1011.0,1011.1,1009.1,1009.3,26673.0
2026-06-22 13:35:00,1009.3,1009.3,1008.0,1008.1,17144.0
2026-06-22 13:40:00,1008.1,1008.4,1003.6,1007.5,296822.0
2026-06-22 13:45:00,1007.9,1008.4,1006.7,1007.7,22139.0
2026-06-22 13:50:00,1007.7,1007.9,1006.5,1006.8,38965.0
2026-06-22 13:55:00,1007.1,1008.5,1006.5,1007.3,35463.0
2026-06-22 14:00:00,1007.5,1007.9,1006.8,1007.4,22441.0
2026-06-22 14:05:00,1007.5,1007.8,1006.7,1007.0,23076.0
2026-06-22 14:10:00,1007.1,1008.5,1006.9,1008.0,48181.0
2026-06-22 14:15:00,1008.0,1008.3,1007.8,1008.3,34800.0
2026-06-22 14:20:00,1008.3,1008.4,1007.6,1008.2,33186.0
2026-06-22 14:25:00,1008.3,1010.3,1008.0,1010.3,68842.0
2026-06-22 14:30:00,1010.5,1010.5,1008.2,1009.1,38503.0
2026-06-22 14:35:00,1009.0,1010.1,1008.7,1010.0,41846.0
2026-06-22 14:40:00,1010.0,1010.1,1008.1,1009.9,126930.0
2026-06-22 14:45:00,1009.9,1012.5,1009.6,1012.3,57438.0
2026-06-22 14:50:00,1012.1,1012.8,1012.0,1012.0,44734.0
2026-06-22 14:55:00,1012.0,1012.7,1010.6,1011.3,137167.0
2026-06-22 15:00:00,1012.1,1015.8,1011.7,1015.0,188517.0
2026-06-22 15:05:00,1015.1,1015.1,1013.3,1013.3,201024.0
2026-06-22 15:10:00,1013.3,1015.2,1012.9,1015.1,192155.0
2026-06-22 15:15:00,1014.9,1015.5,1013.0,1013.2,267608.0
2026-06-22 15:20:00,1013.2,1015.4,1011.9,1014.3,187384.0
2026-06-22 15:25:00,1014.3,1016.0,1013.5,1015.9,108484.0
2026-06-23 09:15:00,999.0,999.0,990.1,993.8,288688.0
2026-06-23 09:20:00,993.6,995.7,990.8,993.2,162338.0
2026-06-23 09:25:00,993.7,993.7,987.7,990.9,203764.0
2026-06-23 09:30:00,990.5,993.3,989.1,993.3,117670.0
2026-06-23 09:35:00,993.2,993.8,992.0,993.4,75959.0
2026-06-23 09:40:00,993.3,993.4,990.3,991.0,74065.0
2026-06-23 09:45:00,990.5,993.0,990.5,992.8,51497.0
2026-06-23 09:50:00,992.5,993.2,991.0,991.3,65524.0
2026-06-23 09:55:00,991.3,992.5,991.0,992.4,32651.0
2026-06-23 10:00:00,992.3,993.2,989.9,990.6,122583.0
2026-06-23 10:05:00,990.6,992.0,990.1,991.2,72986.0
2026-06-23 10:10:00,991.2,993.0,991.2,992.9,55124.0
2026-06-23 10:15:00,992.9,993.0,990.5,991.2,44610.0
2026-06-23 10:20:00,991.0,991.2,989.1,989.1,50719.0
2026-06-23 10:25:00,989.0,989.2,986.4,987.2,106596.0
2026-06-23 10:30:00,987.4,988.1,987.0,987.8,45332.0
2026-06-23 10:35:00,987.7,988.4,987.1,987.4,48200.0
2026-06-23 10:40:00,987.6,987.8,986.1,987.0,54914.0
2026-06-23 10:45:00,986.8,987.6,986.4,987.5,47408.0
2026-06-23 10:50:00,987.6,988.9,987.0,988.5,38986.0
2026-06-23 10:55:00,988.5,989.9,988.0,988.7,46807.0
2026-06-23 11:00:00,988.7,991.0,988.5,990.5,43100.0
2026-06-23 11:05:00,990.5,990.8,989.1,990.4,41048.0
2026-06-23 11:10:00,990.2,991.9,990.0,991.4,43740.0
2026-06-23 11:15:00,991.2,993.5,991.2,993.4,64627.0
2026-06-23 11:20:00,993.4,993.5,991.9,993.1,43560.0
2026-06-23 11:25:00,993.1,993.2,991.9,992.7,29267.0
2026-06-23 11:30:00,992.7,992.7,991.0,991.6,23761.0
2026-06-23 11:35:00,991.6,991.6,990.0,990.9,25160.0
2026-06-23 11:40:00,990.9,991.1,987.3,987.8,85584.0
2026-06-23 11:45:00,987.8,988.4,985.6,985.9,57860.0
2026-06-23 11:50:00,986.0,986.3,985.0,985.2,54898.0
2026-06-23 11:55:00,985.2,985.7,983.0,985.4,101424.0
2026-06-23 12:00:00,985.2,986.3,984.5,986.2,131166.0
2026-06-23 12:05:00,986.1,986.3,985.4,985.9,60558.0
2026-06-23 12:10:00,985.7,987.0,985.5,986.2,31386.0
2026-06-23 12:15:00,986.1,987.6,986.0,987.6,31889.0
2026-06-23 12:20:00,987.5,987.6,985.6,986.7,36208.0
2026-06-23 12:25:00,986.7,988.1,986.4,987.6,46449.0
2026-06-23 12:30:00,987.5,988.4,985.5,985.8,27818.0
2026-06-23 12:35:00,985.7,987.4,985.0,987.3,54088.0
2026-06-23 12:40:00,987.0,987.2,986.8,987.0,71121.0
2026-06-23 12:45:00,987.0,987.1,984.5,984.9,68891.0
2026-06-23 12:50:00,984.6,985.0,983.3,983.7,44667.0
2026-06-23 12:55:00,983.7,985.0,982.6,984.5,68622.0
2026-06-23 13:00:00,984.5,984.7,982.2,982.8,88569.0
2026-06-23 13:05:00,982.9,984.3,982.7,983.2,43709.0
2026-06-23 13:10:00,983.0,983.6,982.5,983.5,113839.0
2026-06-23 13:15:00,983.5,984.0,982.4,983.0,87574.0
2026-06-23 13:20:00,983.1,983.3,981.0,981.6,120295.0
2026-06-23 13:25:00,981.6,981.7,980.0,981.2,140257.0
2026-06-23 13:30:00,981.5,981.8,979.4,979.8,112446.0
2026-06-23 13:35:00,979.8,980.0,978.8,979.8,89145.0
2026-06-23 13:40:00,979.8,980.5,979.0,979.9,90993.0
2026-06-23 13:45:00,979.5,981.0,979.2,980.9,60063.0
2026-06-23 13:50:00,980.8,980.9,978.0,979.4,59089.0
2026-06-23 13:55:00,979.4,980.4,979.1,979.1,40841.0
2026-06-23 14:00:00,979.5,982.6,979.2,982.5,66200.0
2026-06-23 14:05:00,982.5,982.9,982.0,982.2,43390.0
2026-06-23 14:10:00,982.1,982.9,981.4,982.4,42617.0
2026-06-23 14:15:00,982.5,982.6,980.7,981.2,38530.0
2026-06-23 14:20:00,981.3,982.4,980.5,982.4,38288.0
2026-06-23 14:25:00,982.3,982.5,980.8,981.1,38893.0
2026-06-23 14:30:00,981.2,981.6,980.5,981.4,42377.0
2026-06-23 14:35:00,981.4,982.9,981.4,982.8,55772.0
2026-06-23 14:40:00,982.7,985.6,982.2,985.0,104363.0
2026-06-23 14:45:00,984.9,985.1,983.5,983.9,47193.0
2026-06-23 14:50:00,983.9,984.4,982.6,984.4,47117.0
2026-06-23 14:55:00,984.4,987.4,983.8,987.1,220176.0
2026-06-23 15:00:00,987.2,987.4,983.5,986.1,481307.0
2026-06-23 15:05:00,986.2,987.8,986.1,986.6,293443.0
2026-06-23 15:10:00,986.6,989.1,986.5,988.1,405746.0
2026-06-23 15:15:00,988.1,988.1,986.8,987.0,355661.0
2026-06-23 15:20:00,987.0,987.2,985.0,985.4,413630.0
2026-06-23 15:25:00,985.4,987.8,984.5,986.5,263960.0
2026-06-24 09:15:00,972.0,980.5,972.0,977.2,276634.0
2026-06-24 09:20:00,977.4,977.6,974.6,977.5,158651.0
2026-06-24 09:25:00,977.6,979.0,977.1,978.7,74406.0
2026-06-24 09:30:00,978.8,979.8,978.0,978.1,86162.0
2026-06-24 09:35:00,978.1,978.1,975.8,975.8,57301.0
2026-06-24 09:40:00,975.9,976.2,973.0,973.0,85700.0
2026-06-24 09:45:00,973.0,973.5,970.3,970.9,108236.0
2026-06-24 09:50:00,970.9,972.4,970.5,972.4,46609.0
2026-06-24 09:55:00,972.4,972.7,971.0,971.7,57457.0
2026-06-24 10:00:00,971.7,974.5,971.6,974.5,60242.0
2026-06-24 10:05:00,974.5,976.8,974.2,976.6,74935.0
2026-06-24 10:10:00,976.7,977.7,976.6,977.6,55109.0
2026-06-24 10:15:00,977.5,977.5,976.5,976.7,35888.0
2026-06-24 10:20:00,976.8,981.9,976.7,981.4,71490.0
2026-06-24 10:25:00,981.5,984.0,980.0,982.3,73650.0
2026-06-24 10:30:00,982.3,984.9,981.9,984.2,59735.0
2026-06-24 10:35:00,984.2,986.5,983.6,986.0,62153.0
2026-06-24 10:40:00,986.0,987.4,984.7,986.9,40578.0
2026-06-24 10:45:00,986.8,988.3,986.1,986.6,39997.0
2026-06-24 10:50:00,986.6,987.6,986.0,986.1,38973.0
2026-06-24 10:55:00,986.4,986.5,984.1,986.0,63092.0
2026-06-24 11:00:00,986.0,988.0,985.9,987.4,29937.0
2026-06-24 11:05:00,987.5,988.2,987.2,988.2,24613.0
2026-06-24 11:10:00,988.2,988.5,986.7,987.4,27991.0
2026-06-24 11:15:00,987.5,988.0,987.3,987.5,28465.0
2026-06-24 11:20:00,987.5,987.7,986.7,986.9,22571.0
2026-06-24 11:25:00,986.9,987.4,986.8,987.0,20913.0
2026-06-24 11:30:00,987.0,987.0,984.6,984.9,35486.0
2026-06-24 11:35:00,984.8,987.0,983.5,986.9,100163.0
2026-06-24 11:40:00,986.9,987.1,985.7,985.9,51272.0
2026-06-24 11:45:00,986.0,986.7,985.2,985.2,85284.0
2026-06-24 11:50:00,985.2,986.0,983.6,984.9,68170.0
2026-06-24 11:55:00,985.0,985.7,984.3,985.0,47019.0
2026-06-24 12:00:00,985.2,986.7,985.0,986.3,40146.0
2026-06-24 12:05:00,986.5,986.6,984.7,985.0,34371.0
2026-06-24 12:10:00,985.0,985.5,984.7,985.5,35428.0
2026-06-24 12:15:00,985.5,985.5,983.8,983.8,55682.0
2026-06-24 12:20:00,983.9,983.9,982.2,982.8,46011.0
2026-06-24 12:25:00,982.8,983.9,982.7,983.3,27328.0
2026-06-24 12:30:00,983.3,983.3,981.5,982.2,35214.0
2026-06-24 12:35:00,982.2,982.8,980.9,982.2,33670.0
2026-06-24 12:40:00,982.3,982.9,981.5,982.9,33588.0
2026-06-24 12:45:00,982.7,982.7,981.3,981.5,25445.0
2026-06-24 12:50:00,981.5,983.0,981.4,982.5,32450.0
2026-06-24 12:55:00,982.5,983.1,981.9,983.1,22282.0
2026-06-24 13:00:00,983.1,983.4,981.2,981.2,36791.0
2026-06-24 13:05:00,981.3,982.1,980.8,982.1,29398.0
2026-06-24 13:10:00,982.1,983.0,981.1,982.1,41263.0
2026-06-24 13:15:00,982.1,982.8,982.0,982.8,36543.0
2026-06-24 13:20:00,982.8,984.1,981.9,982.0,42555.0
2026-06-24 13:25:00,982.2,982.2,981.3,981.3,43539.0
2026-06-24 13:30:00,981.4,983.1,981.0,982.9,30545.0
2026-06-24 13:35:00,982.9,983.8,982.8,982.8,64625.0
2026-06-24 13:40:00,982.8,982.9,980.5,980.9,54544.0
2026-06-24 13:45:00,980.9,981.5,980.3,981.1,55465.0
2026-06-24 13:50:00,981.1,981.3,980.5,981.3,39898.0
2026-06-24 13:55:00,981.3,982.1,980.5,981.0,45770.0
2026-06-24 14:00:00,980.9,981.5,980.2,981.0,46558.0
2026-06-24 14:05:00,981.0,981.4,980.2,980.5,43025.0
2026-06-24 14:10:00,980.3,981.2,980.2,980.4,42646.0
2026-06-24 14:15:00,980.4,980.6,979.0,980.0,82230.0
2026-06-24 14:20:00,979.9,980.0,978.0,979.0,49219.0
2026-06-24 14:25:00,978.9,980.3,978.7,979.2,59273.0
2026-06-24 14:30:00,979.2,980.9,978.5,980.6,55127.0
2026-06-24 14:35:00,980.6,981.1,979.7,981.1,74099.0
2026-06-24 14:40:00,981.1,981.4,979.7,981.2,57815.0
2026-06-24 14:45:00,981.2,981.2,979.7,980.4,97236.0
2026-06-24 14:50:00,980.4,981.8,980.4,981.1,60319.0
2026-06-24 14:55:00,981.1,981.1,980.0,980.1,97455.0
2026-06-24 15:00:00,980.0,980.1,977.1,977.3,212951.0
2026-06-24 15:05:00,977.3,977.3,975.4,976.6,202700.0
2026-06-24 15:10:00,976.6,977.6,975.8,977.1,187840.0
2026-06-24 15:15:00,977.0,977.1,975.3,975.5,184710.0
2026-06-24 15:20:00,975.5,976.6,975.2,975.3,188815.0
2026-06-24 15:25:00,975.2,976.9,975.1,976.0,138957.0
2026-06-25 09:15:00,965.0,965.0,954.5,959.3,866413.0
2026-06-25 09:20:00,959.3,960.9,956.9,959.5,225229.0
2026-06-25 09:25:00,959.6,963.4,959.1,962.1,213055.0
2026-06-25 09:30:00,962.1,964.1,961.6,963.2,393566.0
2026-06-25 09:35:00,963.2,966.0,962.4,963.0,137291.0
2026-06-25 09:40:00,963.1,963.1,962.0,962.1,79714.0
2026-06-25 09:45:00,962.1,962.5,962.0,962.0,139681.0
2026-06-25 09:50:00,962.0,962.3,962.0,962.1,103435.0
2026-06-25 09:55:00,962.1,962.2,959.2,960.0,128135.0
2026-06-25 10:00:00,960.0,960.1,959.8,960.0,242971.0
2026-06-25 10:05:00,960.0,960.1,958.0,959.0,314590.0
2026-06-25 10:10:00,959.0,959.7,958.3,959.7,47143.0
2026-06-25 10:15:00,959.7,960.4,958.5,959.4,433710.0
2026-06-25 10:20:00,959.5,959.5,958.2,958.6,43769.0
2026-06-25 10:25:00,958.6,958.6,958.0,958.5,188192.0
2026-06-25 10:30:00,958.6,958.9,956.3,956.8,117869.0
2026-06-25 10:35:00,956.8,958.4,956.5,956.6,80518.0
2026-06-25 10:40:00,956.6,957.0,956.0,957.0,93666.0
2026-06-25 10:45:00,956.8,958.0,956.8,956.8,111270.0
2026-06-25 10:50:00,957.0,957.6,955.6,957.5,133786.0
2026-06-25 10:55:00,957.5,961.2,957.5,960.7,178639.0
2026-06-25 11:00:00,960.7,963.5,959.3,962.6,187233.0
2026-06-25 11:05:00,962.7,963.4,960.7,963.3,125245.0
2026-06-25 11:10:00,963.3,965.5,963.0,964.8,128762.0
2026-06-25 11:15:00,964.5,965.7,964.2,965.4,128533.0
2026-06-25 11:20:00,965.4,965.6,964.8,964.9,95366.0
2026-06-25 11:25:00,964.9,965.5,964.8,965.2,61293.0
2026-06-25 11:30:00,965.2,965.4,964.2,964.9,67256.0
2026-06-25 11:35:00,965.0,965.2,960.1,963.6,103619.0
2026-06-25 11:40:00,963.1,963.9,962.9,963.3,59826.0
2026-06-25 11:45:00,963.3,965.1,962.9,964.3,171727.0
2026-06-25 11:50:00,964.3,966.4,963.3,965.0,200697.0
2026-06-25 11:55:00,965.0,970.9,965.0,969.8,255874.0
2026-06-25 12:00:00,969.9,970.7,968.0,970.0,253556.0
2026-06-25 12:05:00,970.0,970.1,967.9,968.2,106577.0
2026-06-25 12:10:00,968.2,968.5,965.6,965.6,74426.0
2026-06-25 12:15:00,965.7,965.8,963.3,963.6,73107.0
2026-06-25 12:20:00,963.4,963.9,962.9,963.0,71595.0
2026-06-25 12:25:00,963.1,963.6,960.5,962.6,106397.0
2026-06-25 12:30:00,962.6,962.6,960.0,960.5,125446.0
2026-06-25 12:35:00,960.5,961.0,959.1,960.1,147448.0
2026-06-25 12:40:00,960.1,960.2,959.0,959.5,79292.0
2026-06-25 12:45:00,959.5,959.9,959.0,959.4,72151.0
2026-06-25 12:50:00,959.3,959.9,957.8,958.7,82202.0
2026-06-25 12:55:00,958.7,958.7,957.3,958.1,103163.0
2026-06-25 13:00:00,958.1,959.7,957.6,957.9,129675.0
2026-06-25 13:05:00,957.8,958.9,957.6,958.8,117206.0
2026-06-25 13:10:00,958.6,959.6,957.7,958.9,107062.0
2026-06-25 13:15:00,958.8,959.8,958.5,959.5,72094.0
2026-06-25 13:20:00,959.4,960.3,959.1,960.1,97814.0
2026-06-25 13:25:00,960.1,960.6,959.6,960.5,99065.0
2026-06-25 13:30:00,960.6,961.9,960.4,961.1,116648.0
2026-06-25 13:35:00,961.1,961.2,960.2,960.9,104956.0
2026-06-25 13:40:00,961.2,961.3,959.9,960.0,142732.0
2026-06-25 13:45:00,960.2,960.6,958.7,959.3,71331.0
2026-06-25 13:50:00,959.3,960.3,959.1,959.2,74972.0
2026-06-25 13:55:00,959.2,960.0,958.2,958.2,73560.0
2026-06-25 14:00:00,957.9,957.9,956.1,957.0,85045.0
2026-06-25 14:05:00,957.2,958.0,956.5,957.4,85872.0
2026-06-25 14:10:00,957.4,957.9,955.2,957.7,147997.0
2026-06-25 14:15:00,957.6,957.6,955.0,955.0,87019.0
2026-06-25 14:20:00,955.2,956.1,955.1,955.8,139381.0
2026-06-25 14:25:00,955.8,956.3,955.1,955.8,128076.0
2026-06-25 14:30:00,956.0,956.2,955.2,955.5,90507.0
2026-06-25 14:35:00,955.4,955.5,954.3,954.7,122786.0
2026-06-25 14:40:00,954.9,955.7,954.4,955.1,106564.0
2026-06-25 14:45:00,955.0,956.3,954.6,954.6,208898.0
2026-06-25 14:50:00,954.6,956.9,954.5,955.7,284795.0
2026-06-25 14:55:00,955.7,956.5,955.6,956.2,114146.0
2026-06-25 15:00:00,956.2,956.2,953.6,954.2,335895.0
2026-06-25 15:05:00,954.1,955.0,954.0,954.0,257208.0
2026-06-25 15:10:00,954.2,954.4,953.4,953.8,248493.0
2026-06-25 15:15:00,953.7,953.9,953.2,953.4,376570.0
2026-06-25 15:20:00,953.3,953.4,950.7,951.2,437474.0
2026-06-25 15:25:00,951.2,953.4,950.2,952.1,335807.0
2026-06-29 09:15:00,952.1,963.8,952.0,962.7,339378.0
2026-06-29 09:20:00,962.5,964.0,959.5,960.1,59582.0
2026-06-29 09:25:00,959.6,962.0,958.4,959.4,89768.0
2026-06-29 09:30:00,959.4,959.6,956.4,956.5,79841.0
2026-06-29 09:35:00,956.5,958.6,954.7,958.2,55668.0
2026-06-29 09:40:00,958.2,959.7,957.5,959.2,41382.0
2026-06-29 09:45:00,959.1,960.9,958.3,959.5,64413.0
2026-06-29 09:50:00,959.4,960.7,959.2,960.5,28795.0
2026-06-29 09:55:00,960.7,962.8,959.8,962.1,71581.0
2026-06-29 10:00:00,961.9,962.5,959.7,959.7,29302.0
2026-06-29 10:05:00,959.7,962.2,959.6,961.7,24787.0
2026-06-29 10:10:00,961.6,962.4,960.7,962.4,32836.0
2026-06-29 10:15:00,962.2,965.7,961.9,965.5,91777.0
2026-06-29 10:20:00,965.3,967.5,964.5,966.6,57568.0
2026-06-29 10:25:00,966.6,966.8,965.5,966.4,30945.0
2026-06-29 10:30:00,966.4,967.1,965.4,966.5,27050.0
2026-06-29 10:35:00,966.4,967.2,966.0,967.1,19499.0
2026-06-29 10:40:00,967.2,968.9,967.2,968.0,40674.0
2026-06-29 10:45:00,967.8,968.0,966.1,967.1,42685.0
2026-06-29 10:50:00,967.1,968.3,965.5,968.0,109713.0
2026-06-29 10:55:00,968.1,968.1,967.0,967.3,63009.0
2026-06-29 11:00:00,967.3,967.8,965.5,967.5,31170.0
2026-06-29 11:05:00,967.5,968.0,966.9,967.6,21392.0
2026-06-29 11:10:00,967.6,969.6,966.9,969.5,44082.0
2026-06-29 11:15:00,969.3,969.6,968.6,968.7,30490.0
2026-06-29 11:20:00,968.7,970.7,968.0,969.6,70387.0
2026-06-29 11:25:00,969.6,971.4,968.7,971.3,34529.0
2026-06-29 11:30:00,971.2,973.3,970.2,971.1,89811.0
2026-06-29 11:35:00,971.0,973.4,970.3,973.0,85979.0
2026-06-29 11:40:00,973.1,973.5,971.8,971.8,52926.0
2026-06-29 11:45:00,972.0,973.3,971.8,972.3,39946.0
2026-06-29 11:50:00,972.3,972.7,969.7,970.3,65026.0
2026-06-29 11:55:00,970.2,970.6,968.6,969.4,91412.0
2026-06-29 12:00:00,969.5,969.7,968.5,968.6,40092.0
2026-06-29 12:05:00,968.6,970.1,968.0,969.3,112771.0
2026-06-29 12:10:00,969.4,970.0,969.0,969.5,32355.0
2026-06-29 12:15:00,969.6,970.3,969.1,969.4,32884.0
2026-06-29 12:20:00,969.6,969.9,968.0,968.5,40875.0
2026-06-29 12:25:00,968.6,969.2,968.0,968.5,36249.0
2026-06-29 12:30:00,968.6,968.9,965.5,968.0,64107.0
2026-06-29 12:35:00,967.7,968.6,967.1,968.3,45735.0
2026-06-29 12:40:00,968.2,968.6,967.0,967.6,33552.0
2026-06-29 12:45:00,967.9,969.4,967.7,968.5,36728.0
2026-06-29 12:50:00,968.6,968.8,967.6,968.5,36972.0
2026-06-29 12:55:00,968.8,969.4,968.3,968.7,30891.0
2026-06-29 13:00:00,968.6,968.9,967.1,967.6,32821.0
2026-06-29 13:05:00,967.9,968.5,966.0,968.5,115467.0
2026-06-29 13:10:00,968.5,968.5,966.5,967.0,58618.0
2026-06-29 13:15:00,966.9,967.9,964.5,964.6,132954.0
2026-06-29 13:20:00,964.4,966.2,964.4,965.2,89509.0
2026-06-29 13:25:00,965.3,967.5,965.2,967.0,39081.0
2026-06-29 13:30:00,967.1,967.9,965.7,966.8,101981.0
2026-06-29 13:35:00,967.0,968.6,966.4,968.6,63469.0
2026-06-29 13:40:00,968.6,968.9,967.1,968.5,99012.0
2026-06-29 13:45:00,968.1,969.8,967.8,969.0,77862.0
2026-06-29 13:50:00,969.0,969.2,967.5,968.2,57685.0
2026-06-29 13:55:00,968.5,968.9,967.1,968.1,56775.0
2026-06-29 14:00:00,968.2,969.0,966.8,968.2,112839.0
2026-06-29 14:05:00,968.5,970.0,968.3,968.9,67652.0
2026-06-29 14:10:00,968.7,969.6,968.4,969.3,71305.0
2026-06-29 14:15:00,968.7,969.9,968.5,969.0,159607.0
2026-06-29 14:20:00,969.1,969.7,968.1,968.4,94381.0
2026-06-29 14:25:00,968.4,969.4,968.0,968.4,84396.0
2026-06-29 14:30:00,968.9,969.5,967.1,968.4,110466.0
2026-06-29 14:35:00,968.4,969.0,966.4,966.9,177476.0
2026-06-29 14:40:00,967.1,969.6,966.9,969.1,136456.0
2026-06-29 14:45:00,969.4,969.7,967.0,969.0,233015.0
2026-06-29 14:50:00,969.0,970.8,968.6,969.3,240307.0
2026-06-29 14:55:00,969.2,969.6,965.0,965.6,261794.0
2026-06-29 15:00:00,965.7,969.0,963.6,964.2,708945.0
2026-06-29 15:05:00,964.2,965.6,962.5,964.8,695435.0
2026-06-29 15:10:00,964.6,964.8,962.6,963.4,678236.0
2026-06-29 15:15:00,963.6,965.6,962.2,963.3,775674.0
2026-06-29 15:20:00,963.5,964.7,962.2,964.2,731281.0
2026-06-29 15:25:00,964.1,964.2,960.3,963.0,538039.0
2026-06-30 09:15:00,957.0,958.5,948.8,949.6,428177.0
2026-06-30 09:20:00,950.0,957.3,949.5,956.9,339596.0
2026-06-30 09:25:00,956.8,963.1,956.5,959.0,389496.0
2026-06-30 09:30:00,958.6,962.1,958.6,960.0,136676.0
2026-06-30 09:35:00,958.9,960.9,958.1,958.3,103959.0
2026-06-30 09:40:00,958.3,958.3,955.6,955.8,63547.0
2026-06-30 09:45:00,955.8,959.0,955.1,957.2,105621.0
2026-06-30 09:50:00,956.8,958.7,956.4,957.4,76981.0
2026-06-30 09:55:00,957.4,962.0,957.4,960.4,146496.0
2026-06-30 10:00:00,960.3,961.0,958.4,958.8,58378.0
2026-06-30 10:05:00,958.8,960.4,957.6,957.6,101207.0
2026-06-30 10:10:00,957.7,959.2,957.2,957.8,69131.0
2026-06-30 10:15:00,957.9,959.8,957.3,957.3,66180.0
2026-06-30 10:20:00,957.3,957.7,955.8,956.0,56167.0
2026-06-30 10:25:00,955.8,956.0,954.0,954.8,73940.0
2026-06-30 10:30:00,954.9,955.0,953.6,954.8,64142.0
2026-06-30 10:35:00,954.5,955.0,954.0,954.1,45313.0
2026-06-30 10:40:00,954.1,954.1,953.3,953.6,59077.0
2026-06-30 10:45:00,953.6,955.0,953.5,954.9,38804.0
2026-06-30 10:50:00,954.9,955.0,954.4,954.6,60662.0
2026-06-30 10:55:00,954.8,954.8,951.7,953.0,61804.0
2026-06-30 11:00:00,953.1,954.0,952.1,952.3,42261.0
2026-06-30 11:05:00,952.1,952.4,949.4,949.6,228483.0
2026-06-30 11:10:00,949.4,953.2,949.4,952.5,127889.0
2026-06-30 11:15:00,952.4,954.2,952.0,952.9,133954.0
2026-06-30 11:20:00,952.9,955.9,952.1,955.8,60443.0
2026-06-30 11:25:00,955.8,955.9,953.8,954.2,78774.0
2026-06-30 11:30:00,954.2,955.7,953.2,955.7,48615.0
2026-06-30 11:35:00,955.3,957.1,954.5,957.0,47414.0
2026-06-30 11:40:00,957.1,957.1,954.4,956.1,90682.0
2026-06-30 11:45:00,956.1,959.0,955.6,958.0,82234.0
2026-06-30 11:50:00,957.9,958.8,957.6,958.6,30486.0
2026-06-30 11:55:00,958.5,959.8,958.3,959.6,35579.0
2026-06-30 12:00:00,959.2,961.9,959.2,961.9,70245.0
2026-06-30 12:05:00,961.8,966.0,961.3,965.0,104390.0
2026-06-30 12:10:00,964.8,965.3,962.5,962.8,33201.0
2026-06-30 12:15:00,962.8,963.1,961.8,962.4,28514.0
2026-06-30 12:20:00,962.3,962.6,961.3,962.2,38333.0
2026-06-30 12:25:00,962.0,962.5,961.3,962.0,41616.0
2026-06-30 12:30:00,962.0,962.5,960.6,960.6,60127.0
2026-06-30 12:35:00,960.6,962.0,960.1,961.0,35772.0
2026-06-30 12:40:00,961.0,961.9,960.2,960.2,44969.0
2026-06-30 12:45:00,960.4,961.8,959.8,960.2,38647.0
2026-06-30 12:50:00,960.6,961.8,959.7,961.6,42632.0
2026-06-30 12:55:00,961.6,964.5,961.1,962.7,56676.0
2026-06-30 13:00:00,962.9,963.2,961.8,962.3,54824.0
2026-06-30 13:05:00,961.9,963.0,961.0,962.5,38027.0
2026-06-30 13:10:00,962.5,963.4,962.2,963.4,44585.0
2026-06-30 13:15:00,963.4,966.6,963.0,965.8,66447.0
2026-06-30 13:20:00,965.8,965.8,962.5,963.3,57843.0
2026-06-30 13:25:00,963.0,965.9,963.0,965.0,41351.0
2026-06-30 13:30:00,964.6,964.9,963.8,963.9,32825.0
2026-06-30 13:35:00,963.6,963.7,961.6,961.7,65893.0
2026-06-30 13:40:00,961.6,962.4,961.0,961.4,50538.0
2026-06-30 13:45:00,961.4,962.1,960.5,960.8,44602.0
2026-06-30 13:50:00,960.8,961.9,960.5,961.1,69539.0
2026-06-30 13:55:00,961.0,961.8,961.0,961.5,45863.0
2026-06-30 14:00:00,961.1,962.0,959.1,959.9,86598.0
2026-06-30 14:05:00,959.7,960.1,958.9,959.4,50560.0
2026-06-30 14:10:00,959.8,960.8,959.0,960.6,64052.0
2026-06-30 14:15:00,960.5,960.8,959.3,960.4,54013.0
2026-06-30 14:20:00,960.4,963.0,959.2,963.0,75182.0
2026-06-30 14:25:00,963.0,964.4,962.1,962.9,85143.0
2026-06-30 14:30:00,962.8,963.3,960.1,962.5,66855.0
2026-06-30 14:35:00,962.2,962.2,959.5,961.0,91748.0
2026-06-30 14:40:00,960.6,961.9,960.4,961.2,46158.0
2026-06-30 14:45:00,960.8,961.4,960.2,961.0,42373.0
2026-06-30 14:50:00,961.0,961.8,960.0,961.2,42826.0
2026-06-30 14:55:00,961.6,963.0,960.3,961.0,85973.0
2026-06-30 15:00:00,960.8,960.8,955.4,955.5,627139.0
2026-06-30 15:05:00,955.5,957.0,955.4,956.4,526740.0
2026-06-30 15:10:00,956.5,956.9,956.0,956.1,434529.0
2026-06-30 15:15:00,956.0,957.1,956.0,957.1,495565.0
2026-06-30 15:20:00,957.1,957.4,956.3,957.3,492318.0
2026-06-30 15:25:00,957.3,961.3,956.5,959.0,340714.0
2026-07-01 09:15:00,951.9,960.25,949.0,949.2,359489.0
2026-07-01 09:20:00,949.45,949.5,944.0,945.0,309006.0
2026-07-01 09:25:00,945.0,945.95,941.7,945.75,220134.0
2026-07-01 09:30:00,946.35,949.15,945.25,946.25,232495.0
2026-07-01 09:35:00,946.0,947.8,944.6,947.45,128666.0
2026-07-01 09:40:00,947.75,948.85,946.6,946.9,110152.0
2026-07-01 09:45:00,946.9,947.7,946.05,946.6,72293.0
2026-07-01 09:50:00,946.55,947.85,945.35,947.2,83696.0
2026-07-01 09:55:00,947.4,949.4,947.15,949.0,68868.0
2026-07-01 10:00:00,949.0,949.9,947.65,948.1,70250.0
2026-07-01 10:05:00,948.1,948.3,946.7,947.55,74140.0
2026-07-01 10:10:00,947.9,948.4,947.0,947.95,46747.0
2026-07-01 10:15:00,947.9,950.45,947.65,950.0,83927.0
2026-07-01 10:20:00,950.05,950.8,948.0,948.45,104229.0
2026-07-01 10:25:00,948.45,948.9,947.4,948.7,61257.0
2026-07-01 10:30:00,948.45,949.55,947.25,947.5,60504.0
2026-07-01 10:35:00,947.55,947.55,945.3,946.15,108828.0
2026-07-01 10:40:00,945.9,946.65,944.15,944.65,53048.0
2026-07-01 10:45:00,944.5,947.15,944.25,946.35,53481.0
2026-07-01 10:50:00,946.5,946.5,945.0,945.8,33759.0
2026-07-01 10:55:00,945.8,946.0,944.45,944.5,33350.0
2026-07-01 11:00:00,944.65,945.15,944.2,944.35,40986.0
2026-07-01 11:05:00,944.35,945.35,943.0,943.6,63128.0
2026-07-01 11:10:00,943.35,945.2,943.25,944.95,46528.0
2026-07-01 11:15:00,944.9,945.85,943.9,944.05,41463.0
2026-07-01 11:20:00,944.05,944.35,943.0,943.35,42505.0
2026-07-01 11:25:00,943.35,945.35,942.0,944.85,50826.0
2026-07-01 11:30:00,944.85,946.9,944.85,946.3,50403.0
2026-07-01 11:35:00,946.05,946.8,945.9,946.3,29570.0
2026-07-01 11:40:00,946.05,946.95,945.9,946.3,37631.0
2026-07-01 11:45:00,946.05,946.75,945.75,946.0,111705.0
2026-07-01 11:50:00,946.0,946.4,944.1,944.3,60071.0
2026-07-01 11:55:00,944.1,944.1,942.5,943.4,43074.0
2026-07-01 12:00:00,943.4,943.9,940.2,941.4,99801.0
2026-07-01 12:05:00,941.4,942.1,940.0,941.6,129727.0
2026-07-01 12:10:00,941.75,942.4,939.65,940.2,83366.0
2026-07-01 12:15:00,940.2,942.1,939.95,942.1,43508.0
2026-07-01 12:20:00,942.1,943.7,941.55,943.25,65129.0
2026-07-01 12:25:00,943.0,943.5,940.3,940.75,78317.0
2026-07-01 12:30:00,940.75,943.15,940.6,942.65,81538.0
2026-07-01 12:35:00,942.65,944.45,942.4,943.85,72086.0
2026-07-01 12:40:00,943.9,944.0,938.5,939.2,93853.0
2026-07-01 12:45:00,939.15,940.45,939.1,940.2,28239.0
2026-07-01 12:50:00,940.0,941.95,940.0,941.3,33305.0
2026-07-01 12:55:00,941.3,941.7,940.6,941.6,18726.0
2026-07-01 13:00:00,941.2,941.6,939.45,940.15,32245.0
2026-07-01 13:05:00,940.1,941.4,940.1,940.95,18855.0
2026-07-01 13:10:00,940.95,941.6,940.25,940.85,18907.0
2026-07-01 13:15:00,940.55,941.45,940.35,941.0,15527.0
2026-07-01 13:20:00,941.3,941.3,939.95,940.4,28632.0
2026-07-01 13:25:00,940.6,940.95,940.0,940.6,15144.0
2026-07-01 13:30:00,940.6,940.9,940.0,940.45,12812.0
2026-07-01 13:35:00,940.2,941.35,940.0,940.8,22075.0
2026-07-01 13:40:00,940.9,941.45,940.6,941.15,13973.0
2026-07-01 13:45:00,941.0,941.9,940.3,941.4,28420.0
2026-07-01 13:50:00,941.2,941.4,939.0,939.6,40677.0
2026-07-01 13:55:00,939.8,940.0,938.0,939.15,127673.0
2026-07-01 14:00:00,939.5,939.8,938.4,939.5,45353.0
2026-07-01 14:05:00,939.5,939.9,938.7,939.4,41579.0
2026-07-01 14:10:00,939.2,940.2,938.75,939.55,38586.0
2026-07-01 14:15:00,939.3,939.65,938.45,938.8,34906.0
2026-07-01 14:20:00,938.55,939.2,938.35,938.95,39114.0
2026-07-01 14:25:00,939.0,939.55,938.45,939.2,52395.0
2026-07-01 14:30:00,939.3,941.8,938.9,940.6,78864.0
2026-07-01 14:35:00,940.6,940.8,938.6,938.6,45533.0
2026-07-01 14:40:00,938.6,940.4,938.5,939.8,44304.0
2026-07-01 14:45:00,939.8,940.45,937.5,937.6,69218.0
2026-07-01 14:50:00,937.65,939.0,937.55,938.8,63792.0
2026-07-01 14:55:00,938.9,939.6,938.0,938.3,86477.0
2026-07-01 15:00:00,938.6,939.85,938.15,939.1,133933.0
2026-07-01 15:05:00,939.1,940.85,939.0,940.65,117051.0
2026-07-01 15:10:00,940.45,940.7,939.4,940.2,118698.0
2026-07-01 15:15:00,940.2,940.25,938.55,938.55,143553.0
2026-07-01 15:20:00,938.8,941.0,938.65,940.3,147355.0
2026-07-01 15:25:00,940.45,940.9,938.0,939.4,114287.0
2026-07-02 09:15:00,942.05,951.0,942.05,950.7,260876.0
2026-07-02 09:20:00,950.65,953.7,950.05,952.65,119683.0
2026-07-02 09:25:00,952.65,957.0,951.95,953.8,120976.0
2026-07-02 09:30:00,953.65,955.2,952.0,952.75,75780.0
2026-07-02 09:35:00,952.7,956.5,952.35,956.4,96351.0
2026-07-02 09:40:00,956.3,957.8,955.95,956.55,74961.0
2026-07-02 09:45:00,956.7,959.5,956.1,957.25,84181.0
2026-07-02 09:50:00,957.35,958.5,955.8,957.75,49708.0
2026-07-02 09:55:00,958.35,959.2,957.1,958.95,36343.0
2026-07-02 10:00:00,959.0,960.8,958.8,959.45,109801.0
2026-07-02 10:05:00,959.65,959.9,957.8,959.65,38962.0
2026-07-02 10:10:00,959.65,962.5,959.3,959.4,63705.0
2026-07-02 10:15:00,959.85,961.0,958.1,958.7,38168.0
2026-07-02 10:20:00,959.0,959.4,958.45,958.9,19906.0
2026-07-02 10:25:00,958.9,960.0,958.6,959.5,12548.0
2026-07-02 10:30:00,959.3,959.4,957.35,958.2,38262.0
2026-07-02 10:35:00,958.2,959.9,957.95,959.4,15067.0
2026-07-02 10:40:00,959.5,959.5,956.7,957.45,27266.0
2026-07-02 10:45:00,957.45,957.85,956.0,956.1,26465.0
2026-07-02 10:50:00,956.05,956.7,954.2,956.05,50695.0
2026-07-02 10:55:00,956.05,959.5,955.75,959.35,52359.0
2026-07-02 11:00:00,959.4,959.7,955.35,955.75,37859.0
2026-07-02 11:05:00,956.0,958.3,955.6,957.15,17529.0
2026-07-02 11:10:00,957.15,957.35,951.25,953.35,96033.0
2026-07-02 11:15:00,952.6,953.35,952.0,952.0,25982.0
2026-07-02 11:20:00,950.75,951.65,950.05,951.4,36673.0
2026-07-02 11:25:00,951.4,951.5,949.35,950.0,47625.0
2026-07-02 11:30:00,950.0,950.85,948.6,949.45,41420.0
2026-07-02 11:35:00,949.45,950.0,949.05,949.55,30436.0
2026-07-02 11:40:00,949.5,950.0,948.1,948.35,25008.0
2026-07-02 11:45:00,948.35,951.25,948.35,951.15,19387.0
2026-07-02 11:50:00,951.15,952.35,950.8,951.95,22169.0
2026-07-02 11:55:00,951.5,952.6,951.3,951.6,18291.0
2026-07-02 12:00:00,951.6,952.3,950.8,952.25,14981.0
2026-07-02 12:05:00,952.2,952.8,951.4,951.5,24914.0
2026-07-02 12:10:00,951.75,952.15,950.65,951.7,15063.0
2026-07-02 12:15:00,951.7,952.65,951.4,952.25,10745.0
2026-07-02 12:20:00,952.1,952.4,949.7,950.25,23165.0
2026-07-02 12:25:00,950.25,951.6,949.55,951.55,7371.0
2026-07-02 12:30:00,951.45,951.6,949.5,950.45,10587.0
2026-07-02 12:35:00,950.45,951.35,949.5,949.75,30930.0
2026-07-02 12:40:00,949.25,949.95,947.65,947.95,28335.0
2026-07-02 12:45:00,947.95,948.55,947.55,947.7,20786.0
2026-07-02 12:50:00,947.3,947.75,946.5,947.25,27208.0
2026-07-02 12:55:00,947.25,948.0,947.0,947.9,15772.0
2026-07-02 13:00:00,947.85,950.85,947.25,950.2,139555.0
2026-07-02 13:05:00,950.35,952.55,950.2,952.0,47505.0
2026-07-02 13:10:00,952.0,952.55,951.1,952.4,20272.0
2026-07-02 13:15:00,952.4,952.6,951.4,951.6,17633.0
2026-07-02 13:20:00,951.6,951.6,950.6,951.5,27850.0
2026-07-02 13:25:00,951.5,952.7,949.65,949.95,38381.0
2026-07-02 13:30:00,949.95,950.9,949.85,950.65,16787.0
2026-07-02 13:35:00,950.65,950.9,948.15,949.4,25621.0
2026-07-02 13:40:00,949.4,949.6,948.2,948.65,11499.0
2026-07-02 13:45:00,948.65,950.0,948.5,950.0,16076.0
2026-07-02 13:50:00,949.9,950.0,948.9,949.55,16706.0
2026-07-02 13:55:00,949.55,949.95,949.0,949.55,13028.0
2026-07-02 14:00:00,949.55,950.65,949.45,950.25,17799.0
2026-07-02 14:05:00,950.1,951.3,949.8,950.6,19812.0
2026-07-02 14:10:00,950.6,951.0,950.25,950.9,7898.0
2026-07-02 14:15:00,950.85,951.5,950.35,950.75,11580.0
2026-07-02 14:20:00,950.75,951.0,950.15,950.3,14067.0
2026-07-02 14:25:00,950.3,950.7,949.3,949.9,12949.0
2026-07-02 14:30:00,949.9,950.2,949.0,949.1,15384.0
2026-07-02 14:35:00,949.1,950.15,948.55,949.75,24442.0
2026-07-02 14:40:00,950.0,950.7,949.15,950.35,16252.0
2026-07-02 14:45:00,950.35,950.4,949.1,949.8,33201.0
2026-07-02 14:50:00,949.9,949.95,948.85,949.2,25870.0
2026-07-02 14:55:00,949.2,949.55,948.35,948.9,40893.0
2026-07-02 15:00:00,948.9,949.7,947.6,949.2,119541.0
2026-07-02 15:05:00,949.4,949.8,948.8,949.75,85718.0
2026-07-02 15:10:00,949.75,949.8,948.35,949.0,128491.0
2026-07-02 15:15:00,948.95,949.8,948.7,949.2,158155.0
2026-07-02 15:20:00,949.45,949.9,948.7,949.6,181567.0
2026-07-02 15:25:00,949.6,950.5,948.1,950.5,123306.0
2026-07-03 09:15:00,965.0,978.5,963.85,976.25,421062.0
2026-07-03 09:20:00,975.85,978.9,970.2,970.85,197585.0
2026-07-03 09:25:00,970.15,977.5,970.15,977.5,164167.0
2026-07-03 09:30:00,977.5,977.95,975.6,976.6,111299.0
2026-07-03 09:35:00,976.9,977.75,973.8,975.65,74446.0
2026-07-03 09:40:00,975.85,975.85,973.65,973.85,38755.0
2026-07-03 09:45:00,974.1,975.0,973.15,973.8,41365.0
2026-07-03 09:50:00,974.0,974.5,972.35,973.0,40931.0
2026-07-03 09:55:00,972.95,974.4,971.15,972.6,74995.0
2026-07-03 10:00:00,972.65,973.6,969.9,969.9,55354.0
2026-07-03 10:05:00,970.0,970.8,969.0,970.45,41955.0
2026-07-03 10:10:00,970.6,970.9,969.3,969.65,29011.0
2026-07-03 10:15:00,969.65,970.05,965.3,965.7,72901.0
2026-07-03 10:20:00,965.7,966.75,965.45,966.0,44441.0
2026-07-03 10:25:00,966.25,966.7,965.35,966.2,29275.0
2026-07-03 10:30:00,966.25,966.8,964.65,965.2,57534.0
2026-07-03 10:35:00,965.4,965.4,963.2,964.0,33082.0
2026-07-03 10:40:00,963.9,964.3,962.15,963.85,25132.0
2026-07-03 10:45:00,963.8,965.25,963.4,964.5,21140.0
2026-07-03 10:50:00,964.85,966.5,963.1,964.45,44126.0
2026-07-03 10:55:00,964.75,964.75,962.2,962.65,20769.0
2026-07-03 11:00:00,962.6,962.7,960.9,961.55,37383.0
2026-07-03 11:05:00,961.5,962.5,961.2,961.7,22631.0
2026-07-03 11:10:00,961.7,964.0,961.4,963.45,37223.0
2026-07-03 11:15:00,963.5,963.7,962.15,963.2,11449.0
2026-07-03 11:20:00,963.2,964.6,963.05,964.15,43548.0
2026-07-03 11:25:00,964.1,964.1,962.5,963.05,35265.0
2026-07-03 11:30:00,963.05,964.0,962.5,962.85,12727.0
2026-07-03 11:35:00,962.85,963.5,962.6,963.45,8800.0
2026-07-03 11:40:00,963.4,963.75,962.6,962.8,8501.0
2026-07-03 11:45:00,962.75,963.4,962.25,963.1,8774.0
2026-07-03 11:50:00,963.3,964.4,963.05,963.5,9462.0
2026-07-03 11:55:00,963.4,966.1,963.4,965.75,30773.0
2026-07-03 12:00:00,966.1,966.4,963.85,964.0,34833.0
2026-07-03 12:05:00,964.0,965.0,963.45,964.65,36840.0
2026-07-03 12:10:00,964.55,965.2,963.8,964.65,23594.0
2026-07-03 12:15:00,964.65,964.65,961.5,962.0,29459.0
2026-07-03 12:20:00,962.0,962.0,960.0,960.6,43872.0
2026-07-03 12:25:00,960.65,961.4,960.45,960.65,22853.0
2026-07-03 12:30:00,960.95,962.2,960.4,962.0,14768.0
2026-07-03 12:35:00,962.0,962.55,960.4,960.75,12438.0
2026-07-03 12:40:00,961.0,961.35,960.15,960.25,13405.0
2026-07-03 12:45:00,960.35,963.6,960.3,963.45,19730.0
2026-07-03 12:50:00,963.45,964.4,962.45,963.0,23766.0
2026-07-03 12:55:00,963.0,963.7,962.45,963.1,14002.0
2026-07-03 13:00:00,963.1,963.3,962.4,962.75,6517.0
2026-07-03 13:05:00,962.7,963.2,962.4,962.95,12103.0
2026-07-03 13:10:00,962.95,963.5,962.5,963.0,5146.0
2026-07-03 13:15:00,963.0,963.2,962.2,963.0,7729.0
2026-07-03 13:20:00,963.0,963.5,962.55,962.85,8352.0
2026-07-03 13:25:00,962.85,963.0,960.9,961.2,18911.0
2026-07-03 13:30:00,961.6,962.0,960.1,960.6,17525.0
2026-07-03 13:35:00,960.7,960.95,959.25,959.3,26428.0
2026-07-03 13:40:00,959.3,959.9,959.0,959.1,21692.0
2026-07-03 13:45:00,959.15,960.2,958.15,960.2,30110.0
2026-07-03 13:50:00,960.2,960.2,959.15,959.15,10674.0
2026-07-03 13:55:00,959.15,959.5,958.65,958.85,11189.0
2026-07-03 14:00:00,958.85,958.95,956.2,957.2,55263.0
2026-07-03 14:05:00,957.2,957.85,956.45,957.0,13421.0
2026-07-03 14:10:00,957.0,957.0,955.35,955.95,18935.0
2026-07-03 14:15:00,955.95,956.75,955.55,956.0,16605.0
2026-07-03 14:20:00,956.15,956.7,955.5,956.7,30126.0
2026-07-03 14:25:00,956.5,956.5,955.55,955.9,10701.0
2026-07-03 14:30:00,955.95,956.05,955.6,955.8,5461.0
2026-07-03 14:35:00,956.0,956.25,954.65,955.2,45430.0
2026-07-03 14:40:00,955.2,955.9,952.6,953.1,49662.0
2026-07-03 14:45:00,953.1,953.8,952.6,953.2,14796.0
2026-07-03 14:50:00,953.5,954.1,952.15,953.45,41149.0
2026-07-03 14:55:00,953.45,954.2,952.9,953.5,15893.0
2026-07-03 15:00:00,953.6,954.9,953.4,953.7,58466.0
2026-07-03 15:05:00,953.75,954.55,953.6,954.0,58730.0
2026-07-03 15:10:00,954.0,955.15,953.3,953.75,142336.0
2026-07-03 15:15:00,953.5,953.7,951.1,951.7,96812.0
2026-07-03 15:20:00,951.7,953.4,951.05,953.2,113294.0
2026-07-03 15:25:00,953.0,954.5,952.05,953.5,117498.0
2026-07-06 09:15:00,960.85,964.55,954.0,963.15,204122.0
2026-07-06 09:20:00,963.35,963.9,960.0,962.45,66770.0
2026-07-06 09:25:00,962.85,965.65,962.0,964.5,73220.0
2026-07-06 09:30:00,964.1,966.45,962.7,965.45,90194.0
2026-07-06 09:35:00,965.8,968.9,964.45,967.95,80817.0
2026-07-06 09:40:00,967.95,970.85,967.25,970.7,85189.0
2026-07-06 09:45:00,970.7,970.9,968.25,970.05,65901.0
2026-07-06 09:50:00,970.2,973.0,970.0,971.2,100152.0
2026-07-06 09:55:00,971.2,971.8,970.05,970.8,50141.0
2026-07-06 10:00:00,970.8,971.9,969.5,970.8,57646.0
2026-07-06 10:05:00,970.45,971.5,969.4,970.0,59022.0
2026-07-06 10:10:00,970.35,970.5,968.65,970.0,33201.0
2026-07-06 10:15:00,970.0,972.4,969.5,971.95,38150.0
2026-07-06 10:20:00,971.65,972.4,971.15,972.4,27153.0
2026-07-06 10:25:00,972.35,973.55,972.35,972.85,54334.0
2026-07-06 10:30:00,973.0,973.3,971.25,971.25,38649.0
2026-07-06 10:35:00,971.6,972.85,971.25,971.5,24216.0
2026-07-06 10:40:00,971.25,972.75,970.6,971.8,24800.0
2026-07-06 10:45:00,971.8,973.35,971.15,973.0,34853.0
2026-07-06 10:50:00,972.65,973.9,972.6,973.0,34387.0
2026-07-06 10:55:00,973.35,973.4,972.0,972.2,30282.0
2026-07-06 11:00:00,972.25,973.9,971.0,973.9,41743.0
2026-07-06 11:05:00,973.9,974.0,972.9,973.0,27893.0
2026-07-06 11:10:00,973.3,973.6,972.7,973.35,24943.0
2026-07-06 11:15:00,973.35,973.95,972.0,973.0,50553.0
2026-07-06 11:20:00,973.2,975.0,973.0,974.9,60613.0
2026-07-06 11:25:00,974.9,974.95,973.1,973.5,30051.0
2026-07-06 11:30:00,973.6,973.9,972.0,973.35,33326.0
2026-07-06 11:35:00,973.35,974.8,973.2,974.25,30959.0
2026-07-06 11:40:00,973.9,974.75,973.5,974.0,26645.0
2026-07-06 11:45:00,974.0,974.0,973.0,973.85,21230.0
2026-07-06 11:50:00,973.7,973.8,972.15,973.0,37530.0
2026-07-06 11:55:00,973.0,973.3,972.2,972.95,46766.0
2026-07-06 12:00:00,972.95,974.3,972.8,974.2,34071.0
2026-07-06 12:05:00,974.15,974.3,973.35,973.8,21246.0
2026-07-06 12:10:00,973.8,974.95,973.15,974.9,32676.0
2026-07-06 12:15:00,975.0,975.6,974.1,974.8,58504.0
2026-07-06 12:20:00,974.7,975.25,974.35,974.75,41496.0
2026-07-06 12:25:00,974.75,974.75,973.55,973.85,36021.0
2026-07-06 12:30:00,973.85,975.55,973.65,975.5,35984.0
2026-07-06 12:35:00,975.5,975.75,974.5,974.7,34566.0
2026-07-06 12:40:00,975.0,975.4,974.5,974.9,29138.0
2026-07-06 12:45:00,974.9,976.5,974.55,976.1,34056.0
2026-07-06 12:50:00,976.1,977.5,975.75,976.4,133253.0
2026-07-06 12:55:00,976.25,977.3,975.95,976.25,82116.0
2026-07-06 13:00:00,976.25,976.6,975.55,976.25,27283.0
2026-07-06 13:05:00,976.0,976.4,975.5,976.2,24835.0
2026-07-06 13:10:00,976.3,979.5,976.1,979.2,67700.0
2026-07-06 13:15:00,979.35,980.75,978.3,979.25,96878.0
2026-07-06 13:20:00,979.25,980.4,978.95,980.3,42072.0
2026-07-06 13:25:00,980.3,980.35,978.75,979.5,40638.0
2026-07-06 13:30:00,979.5,979.6,978.8,978.85,30819.0
2026-07-06 13:35:00,979.2,979.7,978.75,979.45,30921.0
2026-07-06 13:40:00,979.45,979.5,977.9,978.35,38930.0
2026-07-06 13:45:00,978.35,978.65,977.65,978.2,37277.0
2026-07-06 13:50:00,977.8,978.6,977.6,978.05,50328.0
2026-07-06 13:55:00,978.05,978.6,977.65,978.0,50489.0
2026-07-06 14:00:00,978.25,979.2,978.05,979.0,52504.0
2026-07-06 14:05:00,979.2,979.25,977.65,978.0,72304.0
2026-07-06 14:10:00,978.0,978.85,977.8,978.15,44067.0
2026-07-06 14:15:00,978.4,978.7,977.9,978.1,68969.0
2026-07-06 14:20:00,978.3,979.8,978.1,978.95,65181.0
2026-07-06 14:25:00,979.15,980.1,979.0,979.3,126251.0
2026-07-06 14:30:00,979.3,980.0,979.1,979.5,74763.0
2026-07-06 14:35:00,979.5,979.9,979.25,979.7,37630.0
2026-07-06 14:40:00,979.7,979.85,979.0,979.2,40777.0
2026-07-06 14:45:00,979.2,979.75,978.8,979.3,38682.0
2026-07-06 14:50:00,979.3,980.75,978.85,980.5,49836.0
2026-07-06 14:55:00,980.5,981.6,979.6,980.6,104621.0
2026-07-06 15:00:00,980.65,981.6,980.25,980.85,139801.0
2026-07-06 15:05:00,980.85,980.9,980.0,980.65,155311.0
2026-07-06 15:10:00,980.65,981.35,980.1,980.5,175101.0
2026-07-06 15:15:00,980.5,980.7,979.55,979.75,233944.0
2026-07-06 15:20:00,980.05,980.75,979.6,980.0,225146.0
2026-07-06 15:25:00,979.95,980.35,978.0,979.0,108375.0
2026-07-07 09:15:00,970.4,978.95,970.0,972.4,190337.0
2026-07-07 09:20:00,972.35,974.1,966.75,973.9,143601.0
2026-07-07 09:25:00,974.0,977.8,972.95,977.4,111419.0
2026-07-07 09:30:00,977.3,977.7,971.0,971.0,72873.0
2026-07-07 09:35:00,971.1,974.25,971.0,973.35,51967.0
2026-07-07 09:40:00,973.25,974.95,971.45,971.8,36635.0
2026-07-07 09:45:00,972.0,975.5,972.0,972.8,34411.0
2026-07-07 09:50:00,972.8,974.65,972.8,973.45,37097.0
2026-07-07 09:55:00,973.05,975.5,972.7,974.95,66705.0
2026-07-07 10:00:00,974.95,975.6,972.45,972.95,38074.0
2026-07-07 10:05:00,972.5,973.85,971.35,973.5,56581.0
2026-07-07 10:10:00,973.5,973.5,971.0,971.7,40394.0
2026-07-07 10:15:00,971.85,972.8,970.35,972.55,57308.0
2026-07-07 10:20:00,972.45,972.9,971.45,971.9,26077.0
2026-07-07 10:25:00,971.9,972.2,970.0,971.5,51270.0
2026-07-07 10:30:00,971.7,972.45,970.75,970.8,34522.0
2026-07-07 10:35:00,971.1,972.0,971.0,971.55,19776.0
2026-07-07 10:40:00,971.45,971.5,967.25,968.75,99352.0
2026-07-07 10:45:00,968.85,970.55,967.3,970.45,86527.0
2026-07-07 10:50:00,970.4,970.7,969.1,970.45,114057.0
2026-07-07 10:55:00,970.2,970.8,969.1,970.15,41495.0
2026-07-07 11:00:00,970.15,970.5,969.05,969.7,20352.0
2026-07-07 11:05:00,969.8,971.0,969.5,970.2,39829.0
2026-07-07 11:10:00,970.2,970.3,969.35,969.35,17166.0
2026-07-07 11:15:00,969.7,970.1,969.35,970.1,16940.0
2026-07-07 11:20:00,970.1,970.9,969.9,970.8,20614.0
2026-07-07 11:25:00,970.8,972.0,970.55,971.25,27918.0
2026-07-07 11:30:00,971.5,974.0,971.05,973.15,49342.0
2026-07-07 11:35:00,973.15,973.9,971.9,972.85,42355.0
2026-07-07 11:40:00,972.85,973.25,971.4,972.85,26398.0
2026-07-07 11:45:00,972.85,973.35,971.9,973.2,33446.0
2026-07-07 11:50:00,973.2,973.4,969.45,969.9,34761.0
2026-07-07 11:55:00,969.9,970.1,968.3,970.05,29908.0
2026-07-07 12:00:00,970.05,970.05,967.9,968.55,28104.0
2026-07-07 12:05:00,968.55,969.0,968.45,968.8,29078.0
2026-07-07 12:10:00,968.85,968.9,966.5,967.9,48604.0
2026-07-07 12:15:00,967.9,967.9,965.65,966.25,34091.0
2026-07-07 12:20:00,966.4,966.4,965.2,965.9,33597.0
2026-07-07 12:25:00,965.9,966.85,965.65,966.85,18213.0
2026-07-07 12:30:00,966.85,967.2,963.45,965.05,80338.0
2026-07-07 12:35:00,965.05,965.65,964.0,964.5,36982.0
2026-07-07 12:40:00,964.85,965.65,964.45,965.4,16074.0
2026-07-07 12:45:00,965.1,965.8,965.0,965.15,21146.0
2026-07-07 12:50:00,965.15,965.5,964.25,964.95,15333.0
2026-07-07 12:55:00,965.15,967.0,964.35,967.0,20558.0
2026-07-07 13:00:00,966.9,967.0,965.3,965.65,24768.0
2026-07-07 13:05:00,965.65,965.65,964.4,964.85,18431.0
2026-07-07 13:10:00,964.85,964.85,962.9,964.15,48749.0
2026-07-07 13:15:00,964.0,965.8,963.25,965.45,22642.0
2026-07-07 13:20:00,965.65,965.85,965.35,965.5,13570.0
2026-07-07 13:25:00,965.7,967.9,965.55,967.45,32552.0
2026-07-07 13:30:00,967.25,967.45,965.4,965.5,20161.0
2026-07-07 13:35:00,965.1,965.6,964.5,964.75,19568.0
2026-07-07 13:40:00,964.75,965.3,963.85,965.15,21123.0
2026-07-07 13:45:00,965.15,966.5,965.0,965.85,23378.0
2026-07-07 13:50:00,965.9,966.4,965.4,966.1,14213.0
2026-07-07 13:55:00,966.1,967.15,965.85,966.3,71298.0
2026-07-07 14:00:00,966.35,967.35,966.0,966.95,48841.0
2026-07-07 14:05:00,966.95,967.15,966.6,966.75,13717.0
2026-07-07 14:10:00,966.6,967.75,966.5,967.7,19347.0
2026-07-07 14:15:00,967.75,968.1,967.05,967.6,22199.0
2026-07-07 14:20:00,967.65,967.7,966.45,966.55,17214.0
2026-07-07 14:25:00,966.6,966.8,966.0,966.0,22034.0
2026-07-07 14:30:00,966.05,968.25,966.0,968.0,49821.0
2026-07-07 14:35:00,968.05,968.2,967.3,968.1,46843.0
2026-07-07 14:40:00,968.1,968.25,967.6,968.2,38367.0
2026-07-07 14:45:00,968.2,968.8,968.0,968.6,41276.0
2026-07-07 14:50:00,968.65,970.55,968.2,970.25,57329.0
2026-07-07 14:55:00,970.4,970.65,969.6,969.85,66302.0
2026-07-07 15:00:00,969.85,969.9,967.65,968.9,168563.0
2026-07-07 15:05:00,968.85,970.35,967.8,969.75,231225.0
2026-07-07 15:10:00,969.75,970.7,969.55,970.05,277880.0
2026-07-07 15:15:00,970.05,970.65,970.0,970.2,231303.0
2026-07-07 15:20:00,970.15,970.2,969.0,969.85,296917.0
2026-07-07 15:25:00,969.65,970.3,966.4,967.2,251235.0
2026-07-08 09:15:00,962.05,969.8,962.05,969.25,268828.0
2026-07-08 09:20:00,969.3,971.25,968.05,969.45,171587.0
2026-07-08 09:25:00,969.45,970.0,967.3,969.8,92726.0
2026-07-08 09:30:00,969.8,969.8,967.25,968.6,87013.0
2026-07-08 09:35:00,968.65,969.1,967.5,968.9,67766.0
2026-07-08 09:40:00,968.9,978.15,968.5,976.85,488772.0
2026-07-08 09:45:00,977.2,977.2,974.1,974.85,110749.0
2026-07-08 09:50:00,974.65,976.6,972.8,973.15,116489.0
2026-07-08 09:55:00,973.0,975.2,972.8,974.55,60210.0
2026-07-08 10:00:00,974.6,976.85,973.6,974.65,87868.0
2026-07-08 10:05:00,974.7,975.1,973.2,974.45,54602.0
2026-07-08 10:10:00,974.45,974.85,972.3,973.25,63844.0
2026-07-08 10:15:00,973.05,975.2,972.95,974.1,52698.0
2026-07-08 10:20:00,973.9,974.6,973.1,973.8,54738.0
2026-07-08 10:25:00,973.8,977.9,973.35,977.7,93739.0
2026-07-08 10:30:00,977.0,977.85,974.4,974.85,91492.0
2026-07-08 10:35:00,974.5,975.5,973.2,975.5,65063.0
2026-07-08 10:40:00,975.4,976.0,974.75,975.8,105953.0
2026-07-08 10:45:00,975.5,975.9,974.0,974.8,57747.0
2026-07-08 10:50:00,974.8,974.95,973.5,973.7,33584.0
2026-07-08 10:55:00,973.65,975.75,973.5,975.75,85411.0
2026-07-08 11:00:00,975.7,975.85,975.1,975.75,45554.0
2026-07-08 11:05:00,975.7,976.0,975.2,975.95,153916.0
2026-07-08 11:10:00,975.8,976.0,975.2,975.7,59036.0
2026-07-08 11:15:00,975.65,976.0,974.9,975.7,115257.0
2026-07-08 11:20:00,975.85,975.85,973.05,973.5,216717.0
2026-07-08 11:25:00,974.0,975.9,974.0,975.85,39816.0
2026-07-08 11:30:00,975.9,976.0,975.25,975.5,20062.0
2026-07-08 11:35:00,975.5,975.7,975.0,975.7,20345.0
2026-07-08 11:40:00,975.7,975.75,975.05,975.4,18299.0
2026-07-08 11:45:00,975.35,979.9,974.6,979.35,255991.0
2026-07-08 11:50:00,979.2,979.4,976.4,977.45,25942.0
2026-07-08 11:55:00,977.45,978.75,977.35,978.5,33079.0
2026-07-08 12:00:00,978.5,979.1,977.25,977.8,34428.0
2026-07-08 12:05:00,977.65,977.95,977.2,977.65,26801.0
2026-07-08 12:10:00,977.6,978.65,977.2,978.2,18994.0
2026-07-08 12:15:00,978.25,978.9,977.65,978.85,29708.0
2026-07-08 12:20:00,978.85,979.5,977.5,977.5,48979.0
2026-07-08 12:25:00,977.5,977.5,977.05,977.45,71411.0
2026-07-08 12:30:00,977.4,977.45,974.65,976.05,57321.0
2026-07-08 12:35:00,975.95,976.15,975.25,975.55,38618.0
2026-07-08 12:40:00,975.55,975.75,974.5,975.65,45131.0
2026-07-08 12:45:00,975.5,975.65,975.1,975.55,23482.0
2026-07-08 12:50:00,975.5,976.5,975.15,976.2,25828.0
2026-07-08 12:55:00,976.0,976.2,975.25,975.55,13537.0
2026-07-08 13:00:00,975.4,975.85,975.4,975.55,21327.0
2026-07-08 13:05:00,975.6,976.65,975.15,975.2,54093.0
2026-07-08 13:10:00,975.55,975.65,975.05,975.55,18118.0
2026-07-08 13:15:00,975.55,975.75,975.25,975.55,22191.0
2026-07-08 13:20:00,975.55,975.85,975.25,975.5,42430.0
2026-07-08 13:25:00,975.5,975.8,975.35,975.6,20750.0
2026-07-08 13:30:00,975.55,975.65,975.15,975.55,83676.0
2026-07-08 13:35:00,975.5,975.85,975.2,975.85,15240.0
2026-07-08 13:40:00,975.7,975.8,975.2,975.55,18520.0
2026-07-08 13:45:00,975.5,975.6,970.8,972.5,258932.0
2026-07-08 13:50:00,972.5,973.4,971.5,972.4,43150.0
2026-07-08 13:55:00,972.4,972.85,970.8,971.05,71545.0
2026-07-08 14:00:00,970.9,972.1,970.05,971.55,404566.0
2026-07-08 14:05:00,971.5,971.6,968.9,969.2,68783.0
2026-07-08 14:10:00,969.0,969.5,967.0,967.9,85506.0
2026-07-08 14:15:00,967.5,970.4,967.0,968.6,66281.0
2026-07-08 14:20:00,968.5,969.5,967.85,968.65,36441.0
2026-07-08 14:25:00,968.65,969.65,968.0,968.0,65414.0
2026-07-08 14:30:00,968.35,969.45,966.65,966.7,62623.0
2026-07-08 14:35:00,967.0,968.15,965.0,965.65,90403.0
2026-07-08 14:40:00,966.05,967.95,966.05,967.25,60736.0
2026-07-08 14:45:00,967.2,967.2,964.0,966.35,61201.0
2026-07-08 14:50:00,966.35,966.85,965.0,965.35,105809.0
2026-07-08 14:55:00,965.0,965.4,963.55,965.1,40332.0
2026-07-08 15:00:00,965.1,968.6,965.1,966.7,118335.0
2026-07-08 15:05:00,966.45,968.15,966.2,968.05,85702.0
2026-07-08 15:10:00,968.15,970.85,968.05,970.65,163142.0
2026-07-08 15:15:00,970.9,972.5,970.25,971.95,133141.0
2026-07-08 15:20:00,971.9,973.5,971.6,972.8,181491.0
2026-07-08 15:25:00,972.85,978.45,971.7,973.55,271243.0
2026-07-09 09:15:00,971.7,973.95,960.5,960.65,194134.0
2026-07-09 09:20:00,960.65,962.5,959.0,961.35,93949.0
2026-07-09 09:25:00,961.9,963.0,959.45,962.8,80506.0
2026-07-09 09:30:00,963.0,963.0,960.1,961.3,78906.0
2026-07-09 09:35:00,961.35,962.65,958.05,959.4,212092.0
2026-07-09 09:40:00,959.5,959.5,955.4,955.7,123267.0
2026-07-09 09:45:00,955.65,956.5,954.65,955.8,710407.0
2026-07-09 09:50:00,955.85,957.8,955.3,956.0,161387.0
2026-07-09 09:55:00,956.0,958.9,956.0,958.55,125604.0
2026-07-09 10:00:00,958.55,965.0,958.55,964.5,218868.0
2026-07-09 10:05:00,964.5,965.2,963.3,963.8,126987.0
2026-07-09 10:10:00,963.7,964.2,962.1,962.5,78978.0
2026-07-09 10:15:00,962.4,963.65,960.6,961.25,114905.0
2026-07-09 10:20:00,961.1,963.2,960.8,962.8,77651.0
2026-07-09 10:25:00,962.65,962.85,961.6,962.05,45780.0
2026-07-09 10:30:00,962.05,962.05,960.85,961.3,53840.0
2026-07-09 10:35:00,961.3,961.4,958.65,959.25,49432.0
2026-07-09 10:40:00,959.4,963.8,958.95,960.7,164382.0
2026-07-09 10:45:00,961.05,961.5,958.7,959.05,39933.0
2026-07-09 10:50:00,959.0,959.65,958.75,959.5,42757.0
2026-07-09 10:55:00,959.25,962.15,957.4,960.7,375413.0
2026-07-09 11:00:00,960.65,961.1,957.75,959.45,52281.0
2026-07-09 11:05:00,959.45,960.2,958.65,959.0,37722.0
2026-07-09 11:10:00,959.1,959.1,957.15,958.35,44946.0
2026-07-09 11:15:00,958.35,959.55,957.55,958.8,37452.0
2026-07-09 11:20:00,958.95,959.4,957.5,957.9,41071.0
2026-07-09 11:25:00,957.6,961.2,956.8,960.7,92854.0
2026-07-09 11:30:00,960.5,961.85,959.75,960.05,32386.0
2026-07-09 11:35:00,960.05,961.7,959.7,960.95,31765.0
2026-07-09 11:40:00,960.7,961.85,960.5,961.15,25425.0
2026-07-09 11:45:00,961.15,962.9,961.05,962.8,39159.0
2026-07-09 11:50:00,962.55,964.95,962.0,963.1,69997.0
2026-07-09 11:55:00,963.4,965.9,963.0,965.0,73824.0
2026-07-09 12:00:00,965.0,966.5,964.9,965.0,42850.0
2026-07-09 12:05:00,964.65,965.6,964.2,965.2,32222.0
2026-07-09 12:10:00,965.15,965.5,963.9,964.0,19070.0
2026-07-09 12:15:00,964.15,965.4,963.45,963.55,33705.0
2026-07-09 12:20:00,963.2,964.5,962.45,962.65,37026.0
2026-07-09 12:25:00,962.65,963.45,962.25,963.0,22494.0
2026-07-09 12:30:00,962.9,963.9,962.9,963.2,24904.0
2026-07-09 12:35:00,963.1,963.85,963.0,963.3,24488.0
2026-07-09 12:40:00,963.25,963.4,962.5,963.05,27964.0
2026-07-09 12:45:00,962.85,970.35,962.85,967.0,140659.0
2026-07-09 12:50:00,967.35,967.55,966.05,967.25,27797.0
2026-07-09 12:55:00,967.25,968.7,966.5,967.0,26331.0
2026-07-09 13:00:00,967.0,967.95,966.7,967.15,30565.0
2026-07-09 13:05:00,967.2,967.9,966.7,967.05,27207.0
2026-07-09 13:10:00,967.0,968.55,966.8,968.45,33082.0
2026-07-09 13:15:00,968.45,968.5,967.05,967.3,14537.0
2026-07-09 13:20:00,967.3,967.4,966.0,966.15,17319.0
2026-07-09 13:25:00,966.0,967.45,965.95,966.15,25598.0
2026-07-09 13:30:00,966.1,968.1,966.05,967.55,44004.0
2026-07-09 13:35:00,967.55,969.3,967.2,968.1,40610.0
2026-07-09 13:40:00,968.1,968.1,966.6,967.3,20668.0
2026-07-09 13:45:00,967.3,967.5,965.25,965.55,17314.0
2026-07-09 13:50:00,965.55,965.65,964.6,965.0,15618.0
2026-07-09 13:55:00,964.85,966.3,964.55,965.75,22350.0
2026-07-09 14:00:00,965.65,966.65,965.6,965.6,17481.0
2026-07-09 14:05:00,965.65,966.0,964.8,965.4,29618.0
2026-07-09 14:10:00,965.35,966.35,965.0,965.25,24079.0
2026-07-09 14:15:00,965.25,967.3,964.45,964.7,36013.0
2026-07-09 14:20:00,964.55,965.1,964.1,965.1,26059.0
2026-07-09 14:25:00,965.0,965.45,964.1,964.8,21343.0
2026-07-09 14:30:00,964.8,965.75,964.75,965.55,34240.0
2026-07-09 14:35:00,965.35,967.3,964.05,964.7,64951.0
2026-07-09 14:40:00,964.7,966.1,963.1,965.05,73371.0
2026-07-09 14:45:00,964.8,965.75,963.9,964.2,45388.0
2026-07-09 14:50:00,964.05,965.4,963.2,964.75,75269.0
2026-07-09 14:55:00,964.9,966.4,964.7,966.1,56172.0
2026-07-09 15:00:00,965.9,967.95,964.7,965.55,162887.0
2026-07-09 15:05:00,965.55,965.55,962.45,962.85,151911.0
2026-07-09 15:10:00,962.95,963.0,961.5,962.0,123557.0
2026-07-09 15:15:00,962.0,963.85,961.6,963.4,166264.0
2026-07-09 15:20:00,963.35,963.7,962.0,962.3,239361.0
2026-07-09 15:25:00,962.2,963.85,961.2,961.2,166027.0
2026-07-10 09:15:00,976.0,980.0,970.0,976.75,256339.0
2026-07-10 09:20:00,976.75,978.0,974.25,976.05,134566.0
2026-07-10 09:25:00,976.25,977.6,975.95,977.35,71324.0
2026-07-10 09:30:00,977.25,979.95,976.35,977.65,148947.0
2026-07-10 09:35:00,977.8,979.2,977.0,977.25,79763.0
2026-07-10 09:40:00,977.25,977.8,976.1,976.4,65826.0
2026-07-10 09:45:00,976.45,978.0,976.25,977.85,32727.0
2026-07-10 09:50:00,978.0,980.55,978.0,979.65,99365.0
2026-07-10 09:55:00,979.5,983.85,979.5,981.6,169148.0
2026-07-10 10:00:00,981.8,984.5,981.8,983.75,143497.0
2026-07-10 10:05:00,983.75,984.5,982.6,983.0,60301.0
2026-07-10 10:10:00,982.95,983.5,982.0,983.3,61317.0
2026-07-10 10:15:00,983.3,983.5,982.0,982.35,79931.0
2026-07-10 10:20:00,982.4,983.95,982.0,983.5,86204.0
2026-07-10 10:25:00,983.55,985.6,980.5,980.5,116533.0
2026-07-10 10:30:00,980.9,981.15,977.45,979.4,194141.0
2026-07-10 10:35:00,979.65,980.0,979.1,979.8,53355.0
2026-07-10 10:40:00,979.8,979.8,977.2,977.95,46386.0
2026-07-10 10:45:00,977.9,978.6,976.8,978.55,53249.0
2026-07-10 10:50:00,978.5,978.85,977.5,977.5,23874.0
2026-07-10 10:55:00,977.8,978.85,977.75,978.55,29763.0
2026-07-10 11:00:00,978.55,978.65,977.5,977.65,25382.0
2026-07-10 11:05:00,977.65,977.7,976.65,976.95,29664.0
2026-07-10 11:10:00,976.95,977.8,975.7,975.7,43530.0
2026-07-10 11:15:00,975.95,976.65,975.5,975.8,32890.0
2026-07-10 11:20:00,975.8,975.9,973.3,973.8,67403.0
2026-07-10 11:25:00,973.75,974.0,972.4,972.6,51463.0
2026-07-10 11:30:00,972.55,973.4,972.05,973.1,35255.0
2026-07-10 11:35:00,973.1,973.6,972.5,972.7,23539.0
2026-07-10 11:40:00,972.7,972.75,971.8,972.0,34310.0
2026-07-10 11:45:00,972.0,973.1,972.0,973.05,31272.0
2026-07-10 11:50:00,973.05,973.4,971.9,972.25,39615.0
2026-07-10 11:55:00,972.35,977.4,971.5,975.9,206222.0
2026-07-10 12:00:00,975.55,976.6,975.55,976.0,32748.0
2026-07-10 12:05:00,976.2,977.1,975.7,976.65,27232.0
2026-07-10 12:10:00,976.65,976.65,974.3,974.65,20573.0
2026-07-10 12:15:00,975.0,975.25,974.1,974.1,16492.0
2026-07-10 12:20:00,974.15,974.35,973.6,974.1,17788.0
2026-07-10 12:25:00,974.1,974.95,973.55,974.85,29874.0
2026-07-10 12:30:00,974.85,974.9,974.0,974.35,17702.0
2026-07-10 12:35:00,974.35,974.95,973.2,973.25,16812.0
2026-07-10 12:40:00,973.55,973.7,972.3,972.95,20918.0
2026-07-10 12:45:00,972.95,973.9,972.8,973.45,19133.0
2026-07-10 12:50:00,973.6,973.6,973.0,973.0,23509.0
2026-07-10 12:55:00,973.15,973.2,972.5,972.8,21488.0
2026-07-10 13:00:00,972.8,975.9,972.55,974.6,55691.0
2026-07-10 13:05:00,974.6,974.75,973.45,973.45,32197.0
2026-07-10 13:10:00,973.8,974.55,973.0,973.0,40080.0
2026-07-10 13:15:00,973.05,973.2,969.2,969.75,76265.0
2026-07-10 13:20:00,969.75,971.3,969.0,970.8,33903.0
2026-07-10 13:25:00,970.95,970.95,970.5,970.65,17865.0
2026-07-10 13:30:00,970.65,970.7,969.8,970.3,40390.0
2026-07-10 13:35:00,970.3,970.3,968.85,969.35,44006.0
2026-07-10 13:40:00,969.6,970.25,969.0,970.2,63052.0
2026-07-10 13:45:00,970.2,970.35,969.3,970.3,25237.0
2026-07-10 13:50:00,970.3,970.8,969.65,970.45,40331.0
2026-07-10 13:55:00,970.45,970.75,969.2,969.3,28402.0
2026-07-10 14:00:00,969.3,969.3,968.0,968.2,37234.0
2026-07-10 14:05:00,968.25,969.05,967.5,968.45,34952.0
2026-07-10 14:10:00,968.45,969.2,968.3,969.05,36131.0
2026-07-10 14:15:00,969.1,969.2,967.1,967.4,53960.0
2026-07-10 14:20:00,967.65,968.05,967.1,968.0,38673.0
2026-07-10 14:25:00,967.8,968.3,967.4,967.95,38676.0
2026-07-10 14:30:00,967.95,968.5,967.4,968.25,50315.0
2026-07-10 14:35:00,968.45,968.45,967.7,967.7,39969.0
2026-07-10 14:40:00,968.15,968.15,966.25,966.65,97494.0
2026-07-10 14:45:00,966.75,968.0,966.4,967.1,120649.0
2026-07-10 14:50:00,967.45,967.45,965.1,965.65,122801.0
2026-07-10 14:55:00,965.65,966.9,965.4,966.8,128912.0
2026-07-10 15:00:00,966.8,967.25,965.75,965.8,218301.0
2026-07-10 15:05:00,965.8,966.2,964.7,965.3,221562.0
2026-07-10 15:10:00,965.3,968.15,965.05,968.05,293318.0
2026-07-10 15:15:00,968.05,968.15,966.2,967.95,254294.0
2026-07-10 15:20:00,968.0,968.05,967.6,968.05,281305.0
2026-07-10 15:25:00,968.05,970.05,967.45,968.45,352801.0
