timestamp,open,high,low,close,volume
2026-05-12 09:15:00,584.0,592.3,582.0,589.1,1534431.0
2026-05-12 09:20:00,589.7,590.0,587.1,589.2,761908.0
2026-05-12 09:25:00,589.05,589.85,585.0,585.55,734947.0
2026-05-12 09:30:00,585.2,587.0,583.35,584.1,481113.0
2026-05-12 09:35:00,584.05,586.75,583.6,585.65,291470.0
2026-05-12 09:40:00,585.7,587.95,585.5,586.3,255192.0
2026-05-12 09:45:00,586.4,587.9,585.8,586.65,248000.0
2026-05-12 09:50:00,586.65,588.7,585.4,588.1,170198.0
2026-05-12 09:55:00,588.05,588.75,587.15,588.45,212383.0
2026-05-12 10:00:00,588.35,589.2,586.0,586.3,259743.0
2026-05-12 10:05:00,586.3,586.7,584.6,584.95,194295.0
2026-05-12 10:10:00,584.95,584.95,578.0,578.35,519879.0
2026-05-12 10:15:00,578.75,582.35,577.8,581.75,343121.0
2026-05-12 10:20:00,581.8,581.8,578.9,579.8,149781.0
2026-05-12 10:25:00,579.55,580.7,578.8,579.25,148316.0
2026-05-12 10:30:00,579.25,579.85,578.6,579.0,69849.0
2026-05-12 10:35:00,578.85,579.8,578.1,578.75,71242.0
2026-05-12 10:40:00,578.6,581.6,578.6,581.2,81138.0
2026-05-12 10:45:00,580.95,583.25,579.55,583.2,153704.0
2026-05-12 10:50:00,583.0,584.65,582.6,583.9,194388.0
2026-05-12 10:55:00,583.9,584.9,583.2,584.0,134488.0
2026-05-12 11:00:00,584.0,584.85,582.6,583.85,82675.0
2026-05-12 11:05:00,583.75,585.35,583.25,584.05,231036.0
2026-05-12 11:10:00,584.4,584.5,582.65,583.0,50784.0
2026-05-12 11:15:00,583.0,584.0,581.65,583.95,80885.0
2026-05-12 11:20:00,583.95,585.85,583.2,585.75,143007.0
2026-05-12 11:25:00,585.7,587.85,585.6,587.5,260682.0
2026-05-12 11:30:00,587.75,587.8,586.2,587.0,127287.0
2026-05-12 11:35:00,586.85,587.6,586.8,587.0,65239.0
2026-05-12 11:40:00,587.0,587.5,586.5,586.75,100877.0
2026-05-12 11:45:00,586.55,586.55,585.0,585.85,101620.0
2026-05-12 11:50:00,585.9,586.95,585.4,586.35,75390.0
2026-05-12 11:55:00,586.5,586.7,586.0,586.2,53562.0
2026-05-12 12:00:00,586.2,586.2,582.8,584.0,125799.0
2026-05-12 12:05:00,584.0,584.65,583.0,583.85,59982.0
2026-05-12 12:10:00,583.8,584.0,583.15,583.6,37002.0
2026-05-12 12:15:00,583.4,583.8,582.35,583.0,76958.0
2026-05-12 12:20:00,582.8,583.0,580.7,581.5,109623.0
2026-05-12 12:25:00,581.45,581.5,580.2,581.0,78560.0
2026-05-12 12:30:00,580.55,581.35,577.85,578.85,205337.0
2026-05-12 12:35:00,579.0,580.0,578.4,578.95,118971.0
2026-05-12 12:40:00,578.7,580.75,578.6,580.75,60045.0
2026-05-12 12:45:00,580.9,581.65,580.5,581.15,90222.0
2026-05-12 12:50:00,581.15,582.0,580.7,581.8,50996.0
2026-05-12 12:55:00,582.0,583.0,581.65,582.8,66054.0
2026-05-12 13:00:00,582.8,583.2,582.1,582.25,50586.0
2026-05-12 13:05:00,582.1,582.5,580.85,581.0,56662.0
2026-05-12 13:10:00,580.8,581.8,580.2,581.8,53038.0
2026-05-12 13:15:00,581.65,582.8,581.4,582.0,42179.0
2026-05-12 13:20:00,581.9,582.1,580.65,581.0,42737.0
2026-05-12 13:25:00,580.8,581.55,580.0,580.95,46850.0
2026-05-12 13:30:00,581.0,581.0,579.05,580.0,67188.0
2026-05-12 13:35:00,580.0,580.0,578.5,579.05,61153.0
2026-05-12 13:40:00,579.05,579.2,575.4,575.75,170011.0
2026-05-12 13:45:00,575.9,577.5,574.2,577.3,137083.0
2026-05-12 13:50:00,577.25,578.35,575.6,575.6,88507.0
2026-05-12 13:55:00,575.9,576.5,575.1,575.2,53865.0
2026-05-12 14:00:00,575.1,575.1,573.25,573.75,79867.0
2026-05-12 14:05:00,573.7,574.8,572.9,573.0,97854.0
2026-05-12 14:10:00,573.0,573.05,571.0,571.9,181063.0
2026-05-12 14:15:00,571.75,573.95,571.6,572.65,90904.0
2026-05-12 14:20:00,572.55,574.85,571.45,574.35,92204.0
2026-05-12 14:25:00,574.25,574.5,572.5,574.4,66686.0
2026-05-12 14:30:00,574.05,575.75,573.0,573.0,134728.0
2026-05-12 14:35:00,573.0,574.0,569.15,570.8,178008.0
2026-05-12 14:40:00,570.8,571.45,569.75,569.75,95626.0
2026-05-12 14:45:00,569.9,570.9,569.4,570.4,79705.0
2026-05-12 14:50:00,570.25,570.55,568.4,569.15,103273.0
2026-05-12 14:55:00,569.0,569.8,568.15,568.3,76095.0
2026-05-12 15:00:00,568.35,568.5,563.5,565.1,210531.0
2026-05-12 15:05:00,565.3,566.2,562.6,563.65,213370.0
2026-05-12 15:10:00,564.0,564.4,562.5,564.0,167518.0
2026-05-12 15:15:00,563.8,564.0,560.35,563.5,276459.0
2026-05-12 15:20:00,563.5,565.0,563.25,564.5,306116.0
2026-05-12 15:25:00,564.7,568.0,561.55,567.0,217185.0
2026-05-13 09:15:00,580.0,590.7,580.0,584.75,1214833.0
2026-05-13 09:20:00,584.65,586.35,582.1,585.0,603005.0
2026-05-13 09:25:00,585.0,587.5,584.0,585.7,545913.0
2026-05-13 09:30:00,585.75,587.15,582.9,583.1,380997.0
2026-05-13 09:35:00,583.1,583.25,577.0,577.65,523334.0
2026-05-13 09:40:00,578.0,582.0,577.8,581.8,336851.0
2026-05-13 09:45:00,582.0,584.85,580.7,581.15,269104.0
2026-05-13 09:50:00,581.15,584.0,580.85,583.7,141200.0
2026-05-13 09:55:00,583.7,584.0,581.6,583.9,123600.0
2026-05-13 10:00:00,583.8,586.0,583.75,585.45,299911.0
2026-05-13 10:05:00,585.5,585.7,584.3,584.85,95261.0
2026-05-13 10:10:00,585.0,585.0,584.3,584.95,56873.0
2026-05-13 10:15:00,584.95,586.9,583.85,585.95,177279.0
2026-05-13 10:20:00,586.0,586.75,585.25,586.35,126008.0
2026-05-13 10:25:00,586.35,589.85,586.35,589.3,576352.0
2026-05-13 10:30:00,589.15,593.9,588.2,593.8,829962.0
2026-05-13 10:35:00,593.9,596.35,593.5,593.5,951218.0
2026-05-13 10:40:00,593.4,596.0,593.0,595.35,361424.0
2026-05-13 10:45:00,595.0,595.35,593.5,593.75,238463.0
2026-05-13 10:50:00,593.9,594.65,593.5,594.0,202353.0
2026-05-13 10:55:00,593.85,594.1,591.45,593.0,261608.0
2026-05-13 11:00:00,592.85,597.9,592.6,597.55,540578.0
2026-05-13 11:05:00,598.0,599.55,597.0,597.9,637394.0
2026-05-13 11:10:00,598.0,598.95,593.75,594.5,433824.0
2026-05-13 11:15:00,594.5,595.05,593.2,594.0,225008.0
2026-05-13 11:20:00,593.7,594.65,593.35,594.15,136147.0
2026-05-13 11:25:00,594.35,594.5,593.5,593.75,82250.0
2026-05-13 11:30:00,593.75,594.0,591.1,592.1,285453.0
2026-05-13 11:35:00,592.1,594.0,592.0,594.0,166100.0
2026-05-13 11:40:00,594.0,596.35,594.0,596.1,173286.0
2026-05-13 11:45:00,596.2,596.55,594.9,594.95,111104.0
2026-05-13 11:50:00,595.0,595.0,591.7,592.0,362214.0
2026-05-13 11:55:00,592.0,592.8,591.7,592.0,112845.0
2026-05-13 12:00:00,591.95,595.0,591.7,594.5,116475.0
2026-05-13 12:05:00,594.5,598.6,594.5,598.35,286587.0
2026-05-13 12:10:00,598.8,598.8,596.6,597.2,190591.0
2026-05-13 12:15:00,597.05,597.65,596.0,597.5,120358.0
2026-05-13 12:20:00,597.25,598.45,594.75,596.0,255342.0
2026-05-13 12:25:00,596.0,596.8,595.35,596.1,74940.0
2026-05-13 12:30:00,596.05,597.3,595.1,595.1,154487.0
2026-05-13 12:35:00,595.1,595.4,593.5,593.8,179599.0
2026-05-13 12:40:00,593.8,594.0,592.7,593.5,127588.0
2026-05-13 12:45:00,593.7,595.0,593.3,594.65,90631.0
2026-05-13 12:50:00,594.7,596.15,594.65,595.8,72035.0
2026-05-13 12:55:00,596.0,597.6,595.7,597.3,83460.0
2026-05-13 13:00:00,597.1,597.95,596.15,597.1,145256.0
2026-05-13 13:05:00,596.65,597.95,595.75,596.7,82177.0
2026-05-13 13:10:00,596.7,599.45,596.7,596.9,294197.0
2026-05-13 13:15:00,596.85,597.2,596.05,597.0,75004.0
2026-05-13 13:20:00,597.0,597.3,596.45,596.75,61860.0
2026-05-13 13:25:00,596.95,597.2,596.05,596.2,88604.0
2026-05-13 13:30:00,596.2,597.2,595.1,596.0,103096.0
2026-05-13 13:35:00,596.0,596.7,595.1,595.65,63212.0
2026-05-13 13:40:00,595.65,596.0,594.55,595.25,84077.0
2026-05-13 13:45:00,595.5,596.7,595.0,595.25,69879.0
2026-05-13 13:50:00,595.1,595.5,593.1,594.55,138972.0
2026-05-13 13:55:00,594.5,595.4,593.15,595.0,84455.0
2026-05-13 14:00:00,595.0,595.8,593.5,594.65,87872.0
2026-05-13 14:05:00,594.5,595.0,593.55,594.55,56821.0
2026-05-13 14:10:00,594.75,595.4,593.95,595.25,62501.0
2026-05-13 14:15:00,595.1,595.5,594.4,595.25,47197.0
2026-05-13 14:20:00,595.2,595.4,594.0,595.1,63037.0
2026-05-13 14:25:00,595.1,595.15,593.6,594.5,99077.0
2026-05-13 14:30:00,594.4,597.2,594.4,597.0,146035.0
2026-05-13 14:35:00,596.85,598.7,596.3,598.2,176571.0
2026-05-13 14:40:00,598.4,598.6,596.5,596.55,150250.0
2026-05-13 14:45:00,596.5,597.75,595.9,597.3,103778.0
2026-05-13 14:50:00,597.3,598.15,597.0,597.5,116810.0
2026-05-13 14:55:00,597.4,600.0,596.6,596.85,430457.0
2026-05-13 15:00:00,596.9,596.9,593.35,594.2,405270.0
2026-05-13 15:05:00,594.2,595.35,593.0,594.75,221318.0
2026-05-13 15:10:00,594.75,596.0,594.15,595.8,142408.0
2026-05-13 15:15:00,595.8,598.0,595.2,597.9,447079.0
2026-05-13 15:20:00,597.7,597.75,593.15,593.9,363884.0
2026-05-13 15:25:00,593.9,596.0,593.1,595.85,350437.0
2026-05-14 09:15:00,601.0,604.4,599.15,602.85,926685.0
2026-05-14 09:20:00,602.2,618.1,602.2,615.45,1697731.0
2026-05-14 09:25:00,615.25,617.1,612.0,616.85,874539.0
2026-05-14 09:30:00,616.7,617.0,615.0,615.1,540328.0
2026-05-14 09:35:00,615.1,615.5,613.0,614.6,397326.0
2026-05-14 09:40:00,614.6,614.8,611.25,612.0,359882.0
2026-05-14 09:45:00,611.9,613.5,611.3,612.0,259083.0
2026-05-14 09:50:00,612.15,612.15,609.0,609.95,369717.0
2026-05-14 09:55:00,609.5,609.95,606.15,608.65,381716.0
2026-05-14 10:00:00,608.9,609.6,606.6,609.0,220369.0
2026-05-14 10:05:00,609.25,609.65,607.1,608.5,103171.0
2026-05-14 10:10:00,608.7,609.7,608.1,609.5,111132.0
2026-05-14 10:15:00,609.5,611.4,608.05,611.4,188496.0
2026-05-14 10:20:00,611.4,613.95,609.15,612.0,260250.0
2026-05-14 10:25:00,611.85,612.9,611.5,612.05,77646.0
2026-05-14 10:30:00,612.1,613.25,611.8,612.7,117965.0
2026-05-14 10:35:00,612.7,613.6,612.6,613.15,86466.0
2026-05-14 10:40:00,613.0,613.45,611.55,611.95,116471.0
2026-05-14 10:45:00,611.7,611.8,609.0,609.0,146338.0
2026-05-14 10:50:00,609.15,611.05,609.0,610.5,118414.0
2026-05-14 10:55:00,610.35,610.9,608.65,609.1,93204.0
2026-05-14 11:00:00,609.35,609.65,608.25,608.6,111817.0
2026-05-14 11:05:00,608.75,609.0,607.4,607.7,80657.0
2026-05-14 11:10:00,607.75,609.95,607.4,609.6,78484.0
2026-05-14 11:15:00,609.6,610.85,609.5,610.5,70584.0
2026-05-14 11:20:00,610.7,611.65,610.2,611.1,67648.0
2026-05-14 11:25:00,610.8,611.4,609.8,611.1,67770.0
2026-05-14 11:30:00,610.95,612.6,610.8,612.2,83092.0
2026-05-14 11:35:00,612.2,612.5,610.1,611.5,93721.0
2026-05-14 11:40:00,611.8,612.1,610.85,610.85,65625.0
2026-05-14 11:45:00,610.65,610.95,608.2,608.35,129348.0
2026-05-14 11:50:00,608.65,609.45,608.3,609.25,68733.0
2026-05-14 11:55:00,609.0,609.3,608.7,609.3,40780.0
2026-05-14 12:00:00,609.15,609.5,608.5,608.8,44253.0
2026-05-14 12:05:00,608.8,609.25,608.6,608.95,44508.0
2026-05-14 12:10:00,608.95,609.5,608.5,609.5,99778.0
2026-05-14 12:15:00,609.5,611.05,609.0,609.9,122989.0
2026-05-14 12:20:00,609.6,610.0,609.5,609.9,32864.0
2026-05-14 12:25:00,610.0,610.0,608.65,608.75,53356.0
2026-05-14 12:30:00,608.75,609.0,605.35,606.65,285049.0
2026-05-14 12:35:00,606.95,607.4,606.0,606.8,58221.0
2026-05-14 12:40:00,606.6,607.0,606.0,606.4,58161.0
2026-05-14 12:45:00,606.4,607.4,606.3,607.2,35072.0
2026-05-14 12:50:00,607.15,607.5,605.2,606.55,85165.0
2026-05-14 12:55:00,606.75,606.9,602.7,603.05,275853.0
2026-05-14 13:00:00,603.3,605.3,603.0,604.4,141417.0
2026-05-14 13:05:00,604.45,604.55,603.5,603.65,41798.0
2026-05-14 13:10:00,603.9,605.0,603.3,604.5,78247.0
2026-05-14 13:15:00,604.5,605.0,604.15,604.9,34234.0
2026-05-14 13:20:00,604.95,606.0,603.5,603.8,149793.0
2026-05-14 13:25:00,603.55,604.5,603.05,603.8,48887.0
2026-05-14 13:30:00,603.75,604.95,603.6,604.7,38302.0
2026-05-14 13:35:00,604.7,605.0,604.4,604.55,46557.0
2026-05-14 13:40:00,604.55,605.1,604.25,605.0,54274.0
2026-05-14 13:45:00,604.95,605.15,604.5,604.9,77353.0
2026-05-14 13:50:00,604.95,605.05,604.55,604.95,49883.0
2026-05-14 13:55:00,604.8,606.25,604.6,605.95,65507.0
2026-05-14 14:00:00,606.25,607.45,605.95,607.0,86022.0
2026-05-14 14:05:00,607.0,608.6,606.8,608.35,126915.0
2026-05-14 14:10:00,608.35,608.6,607.4,607.5,60265.0
2026-05-14 14:15:00,607.15,607.3,605.0,605.45,100103.0
2026-05-14 14:20:00,605.1,607.0,605.0,606.8,59114.0
2026-05-14 14:25:00,606.8,607.5,604.4,604.7,114893.0
2026-05-14 14:30:00,604.95,605.0,604.0,605.0,62915.0
2026-05-14 14:35:00,604.95,605.05,604.1,604.6,48562.0
2026-05-14 14:40:00,604.7,605.8,604.5,604.9,59582.0
2026-05-14 14:45:00,604.9,605.5,604.15,605.35,81513.0
2026-05-14 14:50:00,605.05,607.0,605.0,606.65,97895.0
2026-05-14 14:55:00,606.7,607.5,606.0,607.4,107550.0
2026-05-14 15:00:00,607.5,607.85,606.8,607.0,73732.0
2026-05-14 15:05:00,607.05,607.5,606.2,606.45,120124.0
2026-05-14 15:10:00,606.2,606.55,606.05,606.35,102089.0
2026-05-14 15:15:00,606.4,607.0,605.1,606.5,253252.0
2026-05-14 15:20:00,606.45,607.45,605.9,606.7,300401.0
2026-05-14 15:25:00,606.85,607.3,604.5,605.7,227944.0
2026-05-15 09:15:00,598.0,598.0,577.35,579.95,889093.0
2026-05-15 09:20:00,579.9,581.65,574.0,574.3,736541.0
2026-05-15 09:25:00,574.9,581.0,574.55,577.75,331190.0
2026-05-15 09:30:00,577.6,580.45,577.5,578.9,177716.0
2026-05-15 09:35:00,578.95,581.3,578.25,580.4,189451.0
2026-05-15 09:40:00,580.3,582.0,580.2,581.9,114753.0
2026-05-15 09:45:00,581.95,584.9,581.5,583.55,218727.0
2026-05-15 09:50:00,583.9,584.8,583.35,584.2,89849.0
2026-05-15 09:55:00,584.5,585.8,584.0,585.1,155817.0
2026-05-15 10:00:00,585.2,586.9,584.0,586.7,157107.0
2026-05-15 10:05:00,586.7,586.85,583.2,583.9,107067.0
2026-05-15 10:10:00,583.7,585.5,583.7,584.1,49732.0
2026-05-15 10:15:00,584.35,584.8,583.4,584.75,54075.0
2026-05-15 10:20:00,584.8,585.8,584.6,585.75,62911.0
2026-05-15 10:25:00,585.8,586.3,585.1,585.8,48990.0
2026-05-15 10:30:00,585.75,586.55,585.1,585.3,53646.0
2026-05-15 10:35:00,585.3,585.5,582.6,582.75,117313.0
2026-05-15 10:40:00,582.55,583.0,581.6,581.85,79948.0
2026-05-15 10:45:00,582.0,582.85,581.85,582.35,35359.0
2026-05-15 10:50:00,582.25,582.45,581.3,582.0,32416.0
2026-05-15 10:55:00,582.0,582.85,581.75,582.85,36142.0
2026-05-15 11:00:00,582.8,583.25,579.3,579.6,140806.0
2026-05-15 11:05:00,579.1,579.35,577.3,577.3,139583.0
2026-05-15 11:10:00,577.25,579.2,577.0,578.5,69522.0
2026-05-15 11:15:00,578.55,580.4,578.0,580.3,66696.0
2026-05-15 11:20:00,580.05,580.3,577.6,579.45,124865.0
2026-05-15 11:25:00,579.2,579.45,577.5,578.55,60901.0
2026-05-15 11:30:00,578.6,578.6,576.4,577.8,73125.0
2026-05-15 11:35:00,577.65,578.4,577.1,578.4,36946.0
2026-05-15 11:40:00,577.6,578.45,577.15,578.3,39241.0
2026-05-15 11:45:00,578.3,579.25,578.15,578.65,43459.0
2026-05-15 11:50:00,578.85,579.85,578.3,578.55,37683.0
2026-05-15 11:55:00,578.5,579.15,578.5,578.9,24320.0
2026-05-15 12:00:00,578.95,579.0,578.5,578.75,18757.0
2026-05-15 12:05:00,578.85,579.6,578.5,578.6,23461.0
2026-05-15 12:10:00,578.85,579.3,578.55,578.6,23406.0
2026-05-15 12:15:00,578.75,579.05,578.55,578.8,17177.0
2026-05-15 12:20:00,578.95,578.95,577.2,577.6,56443.0
2026-05-15 12:25:00,577.55,577.95,577.0,577.2,36577.0
2026-05-15 12:30:00,577.0,578.0,576.55,578.0,41107.0
2026-05-15 12:35:00,578.0,578.75,577.7,578.05,23707.0
2026-05-15 12:40:00,577.95,578.7,577.6,578.7,14947.0
2026-05-15 12:45:00,578.7,579.9,578.55,579.8,39005.0
2026-05-15 12:50:00,579.7,580.7,579.6,580.25,88939.0
2026-05-15 12:55:00,580.5,580.65,580.0,580.45,27040.0
2026-05-15 13:00:00,580.25,580.45,580.0,580.2,22114.0
2026-05-15 13:05:00,580.2,580.85,580.0,580.5,43172.0
2026-05-15 13:10:00,580.2,581.0,578.5,578.6,67131.0
2026-05-15 13:15:00,578.2,578.4,577.0,577.8,104056.0
2026-05-15 13:20:00,577.75,578.8,577.3,578.05,36134.0
2026-05-15 13:25:00,578.0,578.5,577.25,578.2,36892.0
2026-05-15 13:30:00,578.0,578.35,577.05,577.5,57683.0
2026-05-15 13:35:00,577.45,577.65,576.05,576.5,59135.0
2026-05-15 13:40:00,576.3,576.55,575.55,575.7,78573.0
2026-05-15 13:45:00,575.85,576.75,575.0,575.4,146281.0
2026-05-15 13:50:00,575.4,577.0,575.0,577.0,64261.0
2026-05-15 13:55:00,577.0,577.3,574.35,574.6,109729.0
2026-05-15 14:00:00,574.6,575.0,574.4,574.5,56201.0
2026-05-15 14:05:00,574.5,575.8,572.3,572.85,241589.0
2026-05-15 14:10:00,572.85,573.0,571.4,572.0,113141.0
2026-05-15 14:15:00,572.0,573.4,571.65,572.7,105694.0
2026-05-15 14:20:00,572.75,572.9,570.55,571.25,123307.0
2026-05-15 14:25:00,571.25,571.65,570.55,570.8,70396.0
2026-05-15 14:30:00,570.85,571.35,570.65,571.05,33972.0
2026-05-15 14:35:00,571.05,571.35,570.65,571.0,42559.0
2026-05-15 14:40:00,571.05,573.6,570.9,573.15,83727.0
2026-05-15 14:45:00,573.0,573.4,571.4,572.1,112226.0
2026-05-15 14:50:00,572.1,573.3,571.0,571.0,79391.0
2026-05-15 14:55:00,571.0,571.8,568.65,571.2,275259.0
2026-05-15 15:00:00,571.2,571.7,570.0,570.35,62088.0
2026-05-15 15:05:00,570.5,571.1,569.2,569.7,129319.0
2026-05-15 15:10:00,569.7,570.75,569.55,570.0,138326.0
2026-05-15 15:15:00,570.0,572.05,569.1,570.95,340245.0
2026-05-15 15:20:00,571.25,571.5,568.0,568.95,251273.0
2026-05-15 15:25:00,568.95,573.95,568.0,573.65,283203.0
2026-05-18 09:15:00,580.0,591.9,577.15,581.4,1918035.0
2026-05-18 09:20:00,581.6,585.45,574.45,583.2,1171654.0
2026-05-18 09:25:00,583.25,584.75,576.95,579.0,641435.0
2026-05-18 09:30:00,579.0,581.65,577.5,577.5,432198.0
2026-05-18 09:35:00,577.65,579.95,574.6,576.05,407398.0
2026-05-18 09:40:00,576.05,579.6,575.0,579.2,343069.0
2026-05-18 09:45:00,579.2,580.15,577.3,577.85,240322.0
2026-05-18 09:50:00,577.5,581.85,577.15,580.55,392466.0
2026-05-18 09:55:00,580.3,581.6,580.0,581.3,279987.0
2026-05-18 10:00:00,581.3,584.85,581.3,584.25,585998.0
2026-05-18 10:05:00,584.25,585.2,581.7,582.25,475844.0
2026-05-18 10:10:00,582.35,587.05,581.4,586.35,557926.0
2026-05-18 10:15:00,586.25,586.4,582.85,583.05,278771.0
2026-05-18 10:20:00,583.3,584.35,582.1,583.0,181646.0
2026-05-18 10:25:00,583.0,585.5,582.1,584.4,233856.0
2026-05-18 10:30:00,584.45,584.45,580.5,584.05,271999.0
2026-05-18 10:35:00,584.1,585.95,582.5,585.3,230254.0
2026-05-18 10:40:00,585.3,585.5,584.3,584.55,85975.0
2026-05-18 10:45:00,584.6,588.5,584.55,588.2,574985.0
2026-05-18 10:50:00,588.05,590.0,587.0,587.15,532531.0
2026-05-18 10:55:00,587.1,589.1,586.55,588.85,153126.0
2026-05-18 11:00:00,588.85,588.85,586.05,586.65,159957.0
2026-05-18 11:05:00,586.6,587.35,585.8,586.8,127542.0
2026-05-18 11:10:00,586.8,587.9,586.0,586.4,120079.0
2026-05-18 11:15:00,586.4,586.8,585.1,585.65,130082.0
2026-05-18 11:20:00,585.8,587.3,584.4,586.75,166434.0
2026-05-18 11:25:00,586.45,586.75,584.55,584.65,78022.0
2026-05-18 11:30:00,584.9,584.9,580.25,582.05,390937.0
2026-05-18 11:35:00,582.3,585.0,582.1,584.3,181112.0
2026-05-18 11:40:00,584.3,584.5,582.4,582.9,65078.0
2026-05-18 11:45:00,582.55,583.45,581.75,583.2,109327.0
2026-05-18 11:50:00,583.4,584.05,582.1,582.4,84710.0
2026-05-18 11:55:00,582.25,584.8,582.1,583.65,106092.0
2026-05-18 12:00:00,583.55,583.65,582.25,582.6,144453.0
2026-05-18 12:05:00,582.6,583.45,578.5,578.8,303653.0
2026-05-18 12:10:00,578.8,580.85,578.55,580.0,77884.0
2026-05-18 12:15:00,579.7,580.4,579.55,580.05,45150.0
2026-05-18 12:20:00,580.2,580.55,580.05,580.5,42557.0
2026-05-18 12:25:00,580.3,581.15,578.75,580.55,203812.0
2026-05-18 12:30:00,580.7,580.85,579.0,579.5,145986.0
2026-05-18 12:35:00,579.6,579.8,578.5,578.55,97914.0
2026-05-18 12:40:00,578.55,579.5,576.5,578.0,255364.0
2026-05-18 12:45:00,578.0,578.9,576.25,578.25,101032.0
2026-05-18 12:50:00,578.2,578.95,578.05,578.2,83222.0
2026-05-18 12:55:00,578.15,579.9,578.15,579.85,76666.0
2026-05-18 13:00:00,579.55,580.0,578.5,579.7,93728.0
2026-05-18 13:05:00,579.9,579.95,578.55,579.3,54429.0
2026-05-18 13:10:00,579.55,579.9,579.0,579.85,25134.0
2026-05-18 13:15:00,579.7,580.0,579.3,579.3,40246.0
2026-05-18 13:20:00,579.3,579.7,578.7,579.45,55446.0
2026-05-18 13:25:00,579.5,579.9,578.65,579.35,46331.0
2026-05-18 13:30:00,579.35,579.8,579.0,579.3,29110.0
2026-05-18 13:35:00,579.25,579.3,577.5,578.5,97182.0
2026-05-18 13:40:00,578.5,579.3,577.75,578.7,38934.0
2026-05-18 13:45:00,578.9,579.4,578.3,578.55,31354.0
2026-05-18 13:50:00,579.0,580.35,578.9,580.0,95249.0
2026-05-18 13:55:00,580.05,580.3,579.1,579.3,48985.0
2026-05-18 14:00:00,579.3,580.1,579.0,579.75,22878.0
2026-05-18 14:05:00,579.55,580.0,579.15,579.55,38285.0
2026-05-18 14:10:00,579.75,579.75,579.0,579.2,20578.0
2026-05-18 14:15:00,579.25,579.25,578.35,578.95,34138.0
2026-05-18 14:20:00,579.0,579.8,578.7,579.35,32536.0
2026-05-18 14:25:00,579.2,579.55,579.0,579.5,46175.0
2026-05-18 14:30:00,579.5,579.5,579.0,579.0,32990.0
2026-05-18 14:35:00,579.0,579.05,578.4,578.85,47253.0
2026-05-18 14:40:00,578.6,579.2,578.3,578.6,34246.0
2026-05-18 14:45:00,578.6,579.1,578.5,578.7,30318.0
2026-05-18 14:50:00,578.6,578.9,577.7,578.3,78359.0
2026-05-18 14:55:00,578.35,578.35,577.25,578.0,98812.0
2026-05-18 15:00:00,577.8,579.5,577.8,579.25,132558.0
2026-05-18 15:05:00,579.25,584.6,579.25,581.15,374647.0
2026-05-18 15:10:00,581.25,581.8,580.15,580.95,181940.0
2026-05-18 15:15:00,581.2,581.25,579.15,580.8,270365.0
2026-05-18 15:20:00,580.55,582.5,580.55,582.05,317552.0
2026-05-18 15:25:00,582.0,582.85,580.25,580.25,231389.0
2026-05-19 09:15:00,586.05,587.0,577.3,578.65,447287.0
2026-05-19 09:20:00,577.6,579.45,576.6,578.45,215359.0
2026-05-19 09:25:00,578.5,579.5,578.2,578.6,91195.0
2026-05-19 09:30:00,578.6,578.9,575.2,575.75,178363.0
2026-05-19 09:35:00,575.8,577.0,575.2,576.45,139372.0
2026-05-19 09:40:00,576.8,576.9,575.7,575.95,67674.0
2026-05-19 09:45:00,575.95,578.05,575.75,577.45,108318.0
2026-05-19 09:50:00,577.45,577.65,576.2,576.8,62422.0
2026-05-19 09:55:00,576.8,577.4,576.0,576.15,31227.0
2026-05-19 10:00:00,576.3,576.45,575.0,575.3,137301.0
2026-05-19 10:05:00,575.3,576.85,574.8,575.4,85713.0
2026-05-19 10:10:00,575.15,576.35,574.7,576.2,39256.0
2026-05-19 10:15:00,576.2,576.8,575.3,575.95,37805.0
2026-05-19 10:20:00,575.95,577.5,575.65,576.95,61323.0
2026-05-19 10:25:00,576.95,577.25,576.5,577.0,26777.0
2026-05-19 10:30:00,577.05,577.5,576.8,576.8,24278.0
2026-05-19 10:35:00,576.8,577.2,576.5,577.0,20100.0
2026-05-19 10:40:00,577.0,577.5,576.7,577.5,25543.0
2026-05-19 10:45:00,577.2,578.7,577.2,578.5,54615.0
2026-05-19 10:50:00,578.7,578.7,576.95,577.4,40627.0
2026-05-19 10:55:00,577.2,578.25,577.2,578.0,29188.0
2026-05-19 11:00:00,578.2,578.65,577.1,577.7,31015.0
2026-05-19 11:05:00,577.2,577.45,574.5,575.45,171323.0
2026-05-19 11:10:00,575.45,575.5,574.85,575.0,36013.0
2026-05-19 11:15:00,574.55,575.0,574.0,574.5,53584.0
2026-05-19 11:20:00,574.5,574.8,574.2,574.65,28040.0
2026-05-19 11:25:00,574.7,575.25,574.45,575.0,36020.0
2026-05-19 11:30:00,575.0,575.8,574.8,575.25,27861.0
2026-05-19 11:35:00,575.55,576.2,575.05,575.2,29247.0
2026-05-19 11:40:00,575.45,575.9,574.7,575.85,27500.0
2026-05-19 11:45:00,575.85,576.0,575.5,575.85,13096.0
2026-05-19 11:50:00,575.85,576.0,575.35,575.75,20798.0
2026-05-19 11:55:00,575.85,575.85,574.2,574.45,34763.0
2026-05-19 12:00:00,574.45,575.0,574.2,574.4,26108.0
2026-05-19 12:05:00,574.4,575.0,574.1,574.3,34484.0
2026-05-19 12:10:00,574.7,575.0,574.35,575.0,12611.0
2026-05-19 12:15:00,575.0,575.0,574.3,574.55,13604.0
2026-05-19 12:20:00,574.55,574.75,572.4,572.6,103975.0
2026-05-19 12:25:00,572.9,573.5,572.0,573.45,78169.0
2026-05-19 12:30:00,573.2,573.8,572.9,573.8,31738.0
2026-05-19 12:35:00,573.55,573.8,571.7,572.0,48304.0
2026-05-19 12:40:00,572.0,572.0,570.5,571.0,74829.0
2026-05-19 12:45:00,571.0,571.05,570.1,570.3,52831.0
2026-05-19 12:50:00,570.4,570.7,570.0,570.6,33131.0
2026-05-19 12:55:00,570.6,571.0,569.0,569.2,102524.0
2026-05-19 13:00:00,569.0,571.0,569.0,570.95,52039.0
2026-05-19 13:05:00,570.95,570.95,569.85,570.9,34534.0
2026-05-19 13:10:00,570.9,571.0,570.4,570.9,28268.0
2026-05-19 13:15:00,570.9,571.75,570.5,570.95,60688.0
2026-05-19 13:20:00,570.9,571.0,570.6,571.0,12836.0
2026-05-19 13:25:00,571.0,572.0,570.8,571.75,25309.0
2026-05-19 13:30:00,571.8,572.55,571.0,572.4,32542.0
2026-05-19 13:35:00,572.4,572.6,571.1,571.15,24609.0
2026-05-19 13:40:00,571.15,571.45,570.4,570.8,30517.0
2026-05-19 13:45:00,570.55,572.0,570.55,571.8,15784.0
2026-05-19 13:50:00,571.75,571.85,570.9,571.3,18013.0
2026-05-19 13:55:00,571.3,571.35,570.6,571.0,18211.0
2026-05-19 14:00:00,571.2,572.4,571.0,572.15,25975.0
2026-05-19 14:05:00,572.15,572.95,572.1,572.8,53157.0
2026-05-19 14:10:00,572.65,572.95,572.55,572.95,22270.0
2026-05-19 14:15:00,572.9,573.0,572.5,572.9,20486.0
2026-05-19 14:20:00,573.0,573.5,572.85,573.25,22732.0
2026-05-19 14:25:00,573.25,574.0,573.0,573.05,40548.0
2026-05-19 14:30:00,573.25,573.3,572.65,572.8,18816.0
2026-05-19 14:35:00,572.95,572.95,571.75,572.0,54557.0
2026-05-19 14:40:00,572.15,572.15,570.65,571.05,64005.0
2026-05-19 14:45:00,571.2,571.75,570.8,571.3,25265.0
2026-05-19 14:50:00,571.3,571.9,570.6,570.6,62821.0
2026-05-19 14:55:00,570.75,571.5,570.4,571.0,70605.0
2026-05-19 15:00:00,571.0,571.3,570.25,570.85,60296.0
2026-05-19 15:05:00,570.85,570.95,569.05,569.5,115761.0
2026-05-19 15:10:00,569.5,570.0,569.4,569.5,83372.0
2026-05-19 15:15:00,569.8,571.4,568.1,569.05,271047.0
2026-05-19 15:20:00,569.0,570.0,568.05,569.65,166981.0
2026-05-19 15:25:00,569.7,569.95,568.0,568.5,160135.0
2026-05-20 09:15:00,561.7,561.7,553.6,556.3,510376.0
2026-05-20 09:20:00,555.25,557.95,555.0,557.4,182135.0
2026-05-20 09:25:00,557.05,558.5,556.2,556.75,120951.0
2026-05-20 09:30:00,557.0,558.0,556.0,556.0,101327.0
2026-05-20 09:35:00,556.2,556.55,553.0,556.2,178776.0
2026-05-20 09:40:00,556.0,556.55,554.6,555.9,106313.0
2026-05-20 09:45:00,555.8,555.8,552.05,553.3,167181.0
2026-05-20 09:50:00,553.3,554.9,553.1,554.25,56755.0
2026-05-20 09:55:00,554.25,554.5,553.5,554.2,32471.0
2026-05-20 10:00:00,554.2,554.55,553.5,554.0,40693.0
2026-05-20 10:05:00,554.0,554.0,552.65,553.3,56065.0
2026-05-20 10:10:00,553.55,553.7,548.75,550.0,363483.0
2026-05-20 10:15:00,549.85,551.55,548.65,549.4,148196.0
2026-05-20 10:20:00,549.4,549.95,546.5,547.3,225885.0
2026-05-20 10:25:00,547.4,550.0,547.15,549.75,93554.0
2026-05-20 10:30:00,549.9,550.0,548.35,550.0,78889.0
2026-05-20 10:35:00,550.0,551.75,549.55,551.0,151028.0
2026-05-20 10:40:00,551.25,551.45,550.0,550.25,98860.0
2026-05-20 10:45:00,550.25,550.4,549.15,549.55,49212.0
2026-05-20 10:50:00,549.8,550.8,549.3,549.6,50368.0
2026-05-20 10:55:00,549.85,550.8,549.6,550.65,28789.0
2026-05-20 11:00:00,550.75,551.0,549.3,549.9,58067.0
2026-05-20 11:05:00,549.95,551.0,549.6,551.0,47261.0
2026-05-20 11:10:00,551.0,552.0,550.75,551.45,69495.0
2026-05-20 11:15:00,551.5,552.0,551.0,551.85,46432.0
2026-05-20 11:20:00,551.85,552.0,550.65,550.95,63699.0
2026-05-20 11:25:00,551.0,551.0,550.15,550.7,39049.0
2026-05-20 11:30:00,550.75,550.8,550.05,550.7,33347.0
2026-05-20 11:35:00,550.65,551.75,550.5,551.2,31281.0
2026-05-20 11:40:00,551.4,551.45,550.8,551.1,26653.0
2026-05-20 11:45:00,551.0,551.3,550.9,551.3,15890.0
2026-05-20 11:50:00,551.4,551.5,551.0,551.5,26659.0
2026-05-20 11:55:00,551.5,552.1,551.05,551.9,43001.0
2026-05-20 12:00:00,551.5,551.55,550.25,550.65,67191.0
2026-05-20 12:05:00,550.35,551.55,550.35,551.15,44230.0
2026-05-20 12:10:00,551.15,551.2,550.2,550.65,26088.0
2026-05-20 12:15:00,550.65,551.1,550.5,550.5,18266.0
2026-05-20 12:20:00,550.5,551.8,550.35,551.7,28070.0
2026-05-20 12:25:00,551.5,551.8,551.0,551.65,33395.0
2026-05-20 12:30:00,551.75,552.0,551.2,551.85,32560.0
2026-05-20 12:35:00,551.7,551.95,551.5,551.95,20469.0
2026-05-20 12:40:00,551.9,552.4,551.7,552.35,30709.0
2026-05-20 12:45:00,552.35,552.5,551.5,551.6,21637.0
2026-05-20 12:50:00,551.6,551.9,551.0,551.55,39610.0
2026-05-20 12:55:00,551.7,551.9,551.2,551.6,17197.0
2026-05-20 13:00:00,551.6,551.7,551.0,551.0,25590.0
2026-05-20 13:05:00,551.1,551.75,550.5,551.45,36002.0
2026-05-20 13:10:00,551.45,551.8,550.8,550.85,21804.0
2026-05-20 13:15:00,550.85,551.15,550.5,550.5,17360.0
2026-05-20 13:20:00,550.5,551.0,550.05,550.5,37308.0
2026-05-20 13:25:00,550.5,551.4,550.3,550.4,25271.0
2026-05-20 13:30:00,550.4,551.15,550.3,551.15,18075.0
2026-05-20 13:35:00,551.15,551.8,551.0,551.25,20314.0
2026-05-20 13:40:00,551.25,551.25,550.55,550.9,24361.0
2026-05-20 13:45:00,550.9,550.9,550.55,550.7,14180.0
2026-05-20 13:50:00,550.7,551.75,550.5,551.4,24923.0
2026-05-20 13:55:00,551.4,551.95,551.4,551.95,25986.0
2026-05-20 14:00:00,552.15,553.0,551.85,552.75,128319.0
2026-05-20 14:05:00,552.55,553.55,551.6,553.5,42137.0
2026-05-20 14:10:00,553.7,553.95,553.25,553.8,42116.0
2026-05-20 14:15:00,553.7,553.85,553.0,553.7,54950.0
2026-05-20 14:20:00,553.7,553.7,553.05,553.35,46989.0
2026-05-20 14:25:00,553.3,553.35,552.3,552.75,42965.0
2026-05-20 14:30:00,552.9,552.9,551.7,552.2,39390.0
2026-05-20 14:35:00,552.2,552.6,551.85,552.35,25961.0
2026-05-20 14:40:00,552.1,553.4,552.0,553.0,68385.0
2026-05-20 14:45:00,553.15,553.4,552.75,553.25,38226.0
2026-05-20 14:50:00,553.2,553.25,552.4,553.1,58401.0
2026-05-20 14:55:00,553.1,553.65,553.0,553.15,48784.0
2026-05-20 15:00:00,553.3,553.3,552.0,552.45,72912.0
2026-05-20 15:05:00,552.65,554.35,552.45,553.95,123747.0
2026-05-20 15:10:00,553.9,554.95,553.3,554.95,87891.0
2026-05-20 15:15:00,554.85,555.15,554.0,554.6,127774.0
2026-05-20 15:20:00,554.85,555.95,554.2,555.5,143978.0
2026-05-20 15:25:00,555.5,557.2,555.35,556.85,154976.0
2026-05-21 09:15:00,563.0,566.75,561.15,561.25,375935.0
2026-05-21 09:20:00,561.2,562.5,561.1,561.8,84716.0
2026-05-21 09:25:00,561.7,562.3,560.25,560.5,121907.0
2026-05-21 09:30:00,560.6,561.6,558.1,559.3,166429.0
2026-05-21 09:35:00,559.15,561.55,559.15,561.45,55835.0
2026-05-21 09:40:00,561.4,561.85,560.5,561.85,46439.0
2026-05-21 09:45:00,561.85,562.9,561.4,562.6,68159.0
2026-05-21 09:50:00,562.65,563.85,562.2,563.0,72585.0
2026-05-21 09:55:00,563.0,564.4,562.6,563.9,86705.0
2026-05-21 10:00:00,563.65,563.7,561.8,562.0,38712.0
2026-05-21 10:05:00,561.95,562.45,561.3,561.7,32634.0
2026-05-21 10:10:00,562.0,562.35,561.6,562.0,19780.0
2026-05-21 10:15:00,561.75,562.5,561.5,561.75,18536.0
2026-05-21 10:20:00,561.75,561.75,560.55,561.45,50186.0
2026-05-21 10:25:00,561.35,561.6,560.8,561.6,15651.0
2026-05-21 10:30:00,561.45,561.75,561.1,561.1,9619.0
2026-05-21 10:35:00,561.3,561.75,560.05,560.7,27778.0
2026-05-21 10:40:00,560.55,561.0,560.45,560.95,14487.0
2026-05-21 10:45:00,561.0,563.15,560.7,563.1,73051.0
2026-05-21 10:50:00,562.8,563.0,562.15,562.7,22149.0
2026-05-21 10:55:00,563.15,563.15,561.45,561.7,19018.0
2026-05-21 11:00:00,561.75,561.75,560.9,561.2,13962.0
2026-05-21 11:05:00,561.0,562.0,561.0,561.75,15925.0
2026-05-21 11:10:00,561.7,561.9,560.8,561.0,21937.0
2026-05-21 11:15:00,561.15,561.15,558.95,559.7,92563.0
2026-05-21 11:20:00,559.7,559.95,558.25,558.5,71150.0
2026-05-21 11:25:00,558.5,558.5,557.05,557.9,83503.0
2026-05-21 11:30:00,557.95,558.5,556.85,557.55,45790.0
2026-05-21 11:35:00,557.55,558.0,557.55,557.95,24433.0
2026-05-21 11:40:00,558.0,559.5,557.85,559.4,39602.0
2026-05-21 11:45:00,559.15,559.9,558.7,559.7,20051.0
2026-05-21 11:50:00,559.8,560.0,559.0,559.2,15412.0
2026-05-21 11:55:00,559.25,559.25,558.45,558.8,14324.0
2026-05-21 12:00:00,558.8,559.25,558.45,559.2,12220.0
2026-05-21 12:05:00,559.25,559.3,558.65,559.0,8836.0
2026-05-21 12:10:00,559.2,559.65,557.5,557.6,38499.0
2026-05-21 12:15:00,557.7,558.0,557.55,557.8,10960.0
2026-05-21 12:20:00,557.8,557.8,556.5,556.7,41825.0
2026-05-21 12:25:00,556.5,556.7,555.0,555.3,62228.0
2026-05-21 12:30:00,555.05,556.3,555.0,556.15,44911.0
2026-05-21 12:35:00,556.2,556.3,552.95,553.55,121900.0
2026-05-21 12:40:00,553.8,554.85,553.55,554.35,24897.0
2026-05-21 12:45:00,554.05,554.3,553.65,554.05,13422.0
2026-05-21 12:50:00,553.95,554.85,553.7,554.2,26323.0
2026-05-21 12:55:00,554.2,555.0,554.2,554.7,24078.0
2026-05-21 13:00:00,554.8,555.0,554.1,555.0,25266.0
2026-05-21 13:05:00,554.85,556.35,554.85,555.7,71183.0
2026-05-21 13:10:00,555.85,555.9,554.0,554.55,45320.0
2026-05-21 13:15:00,554.5,555.0,554.2,554.85,15167.0
2026-05-21 13:20:00,555.0,555.0,554.5,555.0,8905.0
2026-05-21 13:25:00,555.0,555.0,554.2,554.8,10423.0
2026-05-21 13:30:00,554.9,555.0,554.2,555.0,13871.0
2026-05-21 13:35:00,555.0,555.0,554.75,555.0,45656.0
2026-05-21 13:40:00,554.9,555.5,554.2,554.65,59583.0
2026-05-21 13:45:00,554.65,554.7,553.9,553.9,24974.0
2026-05-21 13:50:00,554.0,554.4,553.7,554.05,30107.0
2026-05-21 13:55:00,554.25,554.5,553.2,553.75,42058.0
2026-05-21 14:00:00,553.5,553.75,553.1,553.4,15063.0
2026-05-21 14:05:00,553.45,553.45,552.25,553.0,50008.0
2026-05-21 14:10:00,553.0,553.9,552.6,553.5,20669.0
2026-05-21 14:15:00,553.5,553.85,553.0,553.8,12751.0
2026-05-21 14:20:00,553.8,553.9,553.3,553.6,9571.0
2026-05-21 14:25:00,553.6,553.85,553.0,553.4,11097.0
2026-05-21 14:30:00,553.4,554.15,553.1,554.0,23305.0
2026-05-21 14:35:00,553.8,554.8,553.7,554.15,18423.0
2026-05-21 14:40:00,554.15,554.5,553.8,553.95,16342.0
2026-05-21 14:45:00,554.25,555.0,554.1,554.6,66898.0
2026-05-21 14:50:00,554.85,555.3,554.0,554.1,44342.0
2026-05-21 14:55:00,554.4,554.4,553.6,553.6,19602.0
2026-05-21 15:00:00,553.85,554.0,551.2,552.5,84329.0
2026-05-21 15:05:00,552.5,553.65,552.0,552.5,57458.0
2026-05-21 15:10:00,552.75,553.0,552.0,552.3,51326.0
2026-05-21 15:15:00,552.3,553.4,552.05,552.5,105895.0
2026-05-21 15:20:00,552.3,552.4,551.0,551.65,104128.0
2026-05-21 15:25:00,551.65,552.6,550.1,552.6,92818.0
2026-05-22 09:15:00,557.0,560.0,552.0,554.1,307984.0
2026-05-22 09:20:00,554.0,556.95,552.1,556.95,164079.0
2026-05-22 09:25:00,556.7,556.7,553.55,554.6,55288.0
2026-05-22 09:30:00,554.4,554.6,551.0,552.45,113260.0
2026-05-22 09:35:00,552.45,552.9,551.55,552.1,69844.0
2026-05-22 09:40:00,552.05,552.15,550.1,551.5,97358.0
2026-05-22 09:45:00,551.45,551.6,548.7,549.25,95642.0
2026-05-22 09:50:00,549.25,549.6,548.5,549.25,107353.0
2026-05-22 09:55:00,549.15,550.0,548.85,549.75,67848.0
2026-05-22 10:00:00,549.75,550.0,548.75,549.0,65801.0
2026-05-22 10:05:00,548.85,549.45,547.5,549.35,85539.0
2026-05-22 10:10:00,549.35,551.0,549.0,551.0,60290.0
2026-05-22 10:15:00,550.7,552.85,550.3,550.5,89969.0
2026-05-22 10:20:00,550.6,551.2,550.35,550.75,40618.0
2026-05-22 10:25:00,550.65,552.4,550.5,552.2,65463.0
2026-05-22 10:30:00,551.9,552.9,551.9,552.3,62891.0
2026-05-22 10:35:00,552.15,552.7,550.9,551.25,48157.0
2026-05-22 10:40:00,551.5,552.8,551.1,552.7,29252.0
2026-05-22 10:45:00,552.7,553.65,550.45,550.8,115753.0
2026-05-22 10:50:00,550.95,551.0,550.5,550.5,20646.0
2026-05-22 10:55:00,550.5,550.7,549.15,549.35,70185.0
2026-05-22 11:00:00,549.25,550.0,549.2,549.45,29906.0
2026-05-22 11:05:00,549.4,549.75,548.7,549.5,68216.0
2026-05-22 11:10:00,549.5,549.95,549.0,549.65,20263.0
2026-05-22 11:15:00,549.8,550.1,549.5,550.0,51257.0
2026-05-22 11:20:00,550.0,550.1,549.65,550.0,26991.0
2026-05-22 11:25:00,550.0,552.2,549.7,550.0,148838.0
2026-05-22 11:30:00,550.0,550.0,549.65,549.9,24851.0
2026-05-22 11:35:00,550.0,550.15,549.6,550.15,22116.0
2026-05-22 11:40:00,550.0,550.15,549.7,549.95,32805.0
2026-05-22 11:45:00,550.0,550.05,549.65,550.0,25907.0
2026-05-22 11:50:00,550.05,550.05,549.5,549.75,19890.0
2026-05-22 11:55:00,549.75,550.0,549.5,550.0,11668.0
2026-05-22 12:00:00,550.0,550.0,549.6,549.9,17419.0
2026-05-22 12:05:00,550.0,550.05,549.65,550.0,10305.0
2026-05-22 12:10:00,550.0,550.0,549.8,550.0,8431.0
2026-05-22 12:15:00,549.9,550.0,549.5,550.0,19818.0
2026-05-22 12:20:00,550.0,550.0,549.5,549.5,20279.0
2026-05-22 12:25:00,549.5,549.5,547.5,548.25,153023.0
2026-05-22 12:30:00,548.25,548.35,547.6,547.9,29054.0
2026-05-22 12:35:00,548.0,548.65,547.65,547.65,57224.0
2026-05-22 12:40:00,547.65,548.45,547.6,548.1,13589.0
2026-05-22 12:45:00,548.2,548.2,548.0,548.1,18563.0
2026-05-22 12:50:00,548.0,548.45,548.0,548.25,9152.0
2026-05-22 12:55:00,548.2,548.5,548.0,548.15,15729.0
2026-05-22 13:00:00,548.15,548.5,547.9,547.9,22507.0
2026-05-22 13:05:00,548.0,548.0,546.0,546.25,129089.0
2026-05-22 13:10:00,546.05,547.0,546.05,546.75,26715.0
2026-05-22 13:15:00,546.75,546.75,546.0,546.45,37474.0
2026-05-22 13:20:00,546.35,547.0,546.0,547.0,20642.0
2026-05-22 13:25:00,547.0,547.1,546.5,546.8,64628.0
2026-05-22 13:30:00,546.8,547.0,546.8,547.0,22790.0
2026-05-22 13:35:00,547.0,548.0,546.5,547.8,74932.0
2026-05-22 13:40:00,547.95,547.95,547.15,547.9,22279.0
2026-05-22 13:45:00,547.9,548.0,547.3,547.6,21553.0
2026-05-22 13:50:00,547.55,548.0,547.3,548.0,12853.0
2026-05-22 13:55:00,548.0,548.0,547.2,547.6,23780.0
2026-05-22 14:00:00,547.65,547.65,546.5,546.55,22590.0
2026-05-22 14:05:00,546.55,547.8,546.5,547.0,23943.0
2026-05-22 14:10:00,547.0,547.65,546.55,546.9,35615.0
2026-05-22 14:15:00,546.6,546.95,546.3,546.5,54326.0
2026-05-22 14:20:00,546.75,546.85,546.3,546.65,18675.0
2026-05-22 14:25:00,546.6,546.65,546.0,546.05,34290.0
2026-05-22 14:30:00,545.6,545.9,545.0,545.6,113083.0
2026-05-22 14:35:00,545.6,546.5,545.45,546.2,59662.0
2026-05-22 14:40:00,546.2,546.3,545.4,546.3,49056.0
2026-05-22 14:45:00,546.2,546.9,546.0,546.7,38257.0
2026-05-22 14:50:00,546.75,547.0,546.6,547.0,58498.0
2026-05-22 14:55:00,547.0,547.0,546.55,546.95,31902.0
2026-05-22 15:00:00,546.95,546.95,545.5,545.55,72185.0
2026-05-22 15:05:00,545.65,546.25,545.0,545.2,118297.0
2026-05-22 15:10:00,545.1,546.25,545.1,545.9,69278.0
2026-05-22 15:15:00,545.85,546.45,545.1,545.5,135846.0
2026-05-22 15:20:00,545.65,546.35,545.0,545.8,164192.0
2026-05-22 15:25:00,545.85,547.0,545.0,547.0,149855.0
2026-05-25 09:15:00,554.8,555.0,546.75,548.3,424055.0
2026-05-25 09:20:00,548.75,548.75,546.85,548.45,129643.0
2026-05-25 09:25:00,548.3,550.0,547.5,548.95,113826.0
2026-05-25 09:30:00,548.7,549.1,546.85,548.1,113498.0
2026-05-25 09:35:00,548.1,548.5,547.35,548.35,76374.0
2026-05-25 09:40:00,548.1,549.5,548.1,548.9,52610.0
2026-05-25 09:45:00,548.8,549.5,548.7,549.35,45227.0
2026-05-25 09:50:00,549.35,549.35,547.9,548.0,55777.0
2026-05-25 09:55:00,548.0,549.35,547.7,549.35,34117.0
2026-05-25 10:00:00,549.3,550.5,549.05,549.9,72765.0
2026-05-25 10:05:00,549.65,550.45,549.65,550.05,33581.0
2026-05-25 10:10:00,550.05,550.3,549.65,550.15,31175.0
2026-05-25 10:15:00,550.3,550.75,550.05,550.7,22206.0
2026-05-25 10:20:00,550.7,551.7,550.4,551.0,87527.0
2026-05-25 10:25:00,551.25,551.4,550.7,551.3,23658.0
2026-05-25 10:30:00,551.25,551.5,550.1,551.2,56285.0
2026-05-25 10:35:00,551.3,551.7,550.95,551.35,52496.0
2026-05-25 10:40:00,551.4,551.4,550.0,550.6,36920.0
2026-05-25 10:45:00,550.6,552.2,549.6,550.6,81809.0
2026-05-25 10:50:00,550.5,550.9,550.0,550.5,20074.0
2026-05-25 10:55:00,550.4,550.7,550.15,550.4,7537.0
2026-05-25 11:00:00,550.5,551.4,550.45,550.55,22657.0
2026-05-25 11:05:00,550.75,551.2,550.3,551.15,22067.0
2026-05-25 11:10:00,551.1,551.35,550.35,550.65,16251.0
2026-05-25 11:15:00,550.5,551.3,550.4,551.15,18382.0
2026-05-25 11:20:00,550.75,551.9,550.75,551.6,29624.0
2026-05-25 11:25:00,551.8,551.8,550.05,550.5,20491.0
2026-05-25 11:30:00,550.55,550.55,550.2,550.4,10194.0
2026-05-25 11:35:00,550.35,550.45,549.5,549.75,41385.0
2026-05-25 11:40:00,549.75,550.2,549.15,550.2,36916.0
2026-05-25 11:45:00,550.2,550.2,549.1,549.1,22498.0
2026-05-25 11:50:00,549.3,549.5,549.0,549.4,20154.0
2026-05-25 11:55:00,549.45,549.45,549.0,549.1,10007.0
2026-05-25 12:00:00,549.1,549.25,548.25,548.4,22404.0
2026-05-25 12:05:00,548.35,549.15,548.2,549.0,22361.0
2026-05-25 12:10:00,549.0,549.4,549.0,549.15,11229.0
2026-05-25 12:15:00,549.15,549.65,549.1,549.65,6549.0
2026-05-25 12:20:00,549.65,549.75,548.9,548.9,20797.0
2026-05-25 12:25:00,549.05,549.3,548.7,548.9,15330.0
2026-05-25 12:30:00,548.6,549.0,548.4,548.95,9174.0
2026-05-25 12:35:00,548.95,549.0,548.5,548.8,10640.0
2026-05-25 12:40:00,548.8,549.0,548.5,548.8,8922.0
2026-05-25 12:45:00,548.85,549.0,548.2,548.4,13717.0
2026-05-25 12:50:00,548.2,548.55,548.2,548.45,21118.0
2026-05-25 12:55:00,548.45,548.75,548.2,548.5,8271.0
2026-05-25 13:00:00,548.8,548.9,547.5,547.55,53868.0
2026-05-25 13:05:00,547.55,547.6,545.15,545.55,116172.0
2026-05-25 13:10:00,545.55,546.0,544.5,545.6,145778.0
2026-05-25 13:15:00,545.8,545.8,544.5,544.9,51851.0
2026-05-25 13:20:00,544.8,545.0,544.7,544.9,23488.0
2026-05-25 13:25:00,544.9,545.0,544.8,544.8,25284.0
2026-05-25 13:30:00,544.8,545.0,544.5,545.0,27330.0
2026-05-25 13:35:00,545.0,545.05,544.9,545.0,35424.0
2026-05-25 13:40:00,544.85,545.15,544.8,544.95,43569.0
2026-05-25 13:45:00,544.9,544.9,544.0,544.15,44348.0
2026-05-25 13:50:00,544.15,544.8,543.2,543.8,67233.0
2026-05-25 13:55:00,543.8,544.5,543.25,544.45,30871.0
2026-05-25 14:00:00,544.4,544.55,544.1,544.5,11436.0
2026-05-25 14:05:00,544.5,544.5,542.85,543.45,55570.0
2026-05-25 14:10:00,543.3,543.55,542.1,543.0,93221.0
2026-05-25 14:15:00,542.6,543.05,542.5,542.65,26383.0
2026-05-25 14:20:00,542.65,543.0,542.4,543.0,17737.0
2026-05-25 14:25:00,543.0,543.0,542.9,543.0,21004.0
2026-05-25 14:30:00,543.0,543.0,542.5,542.7,35986.0
2026-05-25 14:35:00,542.7,542.8,542.45,542.7,29246.0
2026-05-25 14:40:00,542.75,543.2,542.6,543.2,40278.0
2026-05-25 14:45:00,543.2,544.0,543.1,543.85,56622.0
2026-05-25 14:50:00,543.85,544.45,543.5,544.2,52755.0
2026-05-25 14:55:00,544.05,547.3,543.85,545.7,349498.0
2026-05-25 15:00:00,545.8,546.7,544.25,545.15,90576.0
2026-05-25 15:05:00,545.2,545.95,544.65,545.0,51984.0
2026-05-25 15:10:00,545.0,545.45,545.0,545.25,49523.0
2026-05-25 15:15:00,545.25,546.3,545.0,545.45,133221.0
2026-05-25 15:20:00,545.5,546.0,545.0,545.75,130754.0
2026-05-25 15:25:00,545.75,546.55,545.0,546.0,107187.0
2026-05-26 09:15:00,546.0,548.05,541.0,546.5,318469.0
2026-05-26 09:20:00,546.45,550.95,546.25,549.7,214502.0
2026-05-26 09:25:00,549.95,549.95,547.45,549.55,93104.0
2026-05-26 09:30:00,549.5,551.5,548.1,551.0,167578.0
2026-05-26 09:35:00,550.25,556.9,550.25,556.5,389140.0
2026-05-26 09:40:00,556.5,560.2,555.65,558.6,741590.0
2026-05-26 09:45:00,558.5,564.4,558.5,563.0,501199.0
2026-05-26 09:50:00,563.3,564.85,561.45,561.45,321400.0
2026-05-26 09:55:00,561.55,562.0,559.15,561.5,281739.0
2026-05-26 10:00:00,561.35,561.5,559.2,559.65,142705.0
2026-05-26 10:05:00,559.4,561.0,559.4,560.3,71554.0
2026-05-26 10:10:00,560.1,560.65,559.05,559.6,87138.0
2026-05-26 10:15:00,559.7,561.25,559.6,560.45,74541.0
2026-05-26 10:20:00,560.6,561.2,559.8,560.65,58689.0
2026-05-26 10:25:00,560.7,561.8,560.0,561.05,57472.0
2026-05-26 10:30:00,561.4,561.75,560.2,561.0,58782.0
2026-05-26 10:35:00,561.0,561.7,560.25,560.25,50706.0
2026-05-26 10:40:00,560.5,560.65,559.75,559.75,42464.0
2026-05-26 10:45:00,559.75,560.2,558.8,558.8,52761.0
2026-05-26 10:50:00,559.0,559.0,557.2,557.55,105719.0
2026-05-26 10:55:00,557.75,557.95,557.0,557.1,83876.0
2026-05-26 11:00:00,557.1,557.85,556.3,556.7,62531.0
2026-05-26 11:05:00,556.7,558.05,556.5,557.45,121450.0
2026-05-26 11:10:00,557.7,557.7,556.8,557.2,34715.0
2026-05-26 11:15:00,557.5,557.6,556.9,557.0,43085.0
2026-05-26 11:20:00,557.1,557.1,555.2,555.4,68054.0
2026-05-26 11:25:00,555.4,555.95,555.1,555.55,56729.0
2026-05-26 11:30:00,555.7,556.0,555.25,555.9,28670.0
2026-05-26 11:35:00,556.0,556.85,555.9,556.15,81182.0
2026-05-26 11:40:00,556.25,556.9,556.05,556.5,29068.0
2026-05-26 11:45:00,556.5,557.8,556.5,557.3,44571.0
2026-05-26 11:50:00,557.45,558.65,557.4,557.95,42363.0
2026-05-26 11:55:00,558.0,558.5,557.05,557.3,42872.0
2026-05-26 12:00:00,557.55,557.6,556.0,556.2,36013.0
2026-05-26 12:05:00,556.4,556.7,555.5,555.55,46132.0
2026-05-26 12:10:00,555.85,556.1,555.1,555.6,22723.0
2026-05-26 12:15:00,555.6,555.85,553.5,553.7,137413.0
2026-05-26 12:20:00,553.7,554.0,553.55,553.55,27493.0
2026-05-26 12:25:00,553.55,553.75,553.1,553.5,33400.0
2026-05-26 12:30:00,553.5,554.2,553.2,553.45,62294.0
2026-05-26 12:35:00,553.6,554.0,553.1,553.8,20853.0
2026-05-26 12:40:00,553.8,554.2,553.55,553.85,30245.0
2026-05-26 12:45:00,554.0,554.2,553.1,553.1,20908.0
2026-05-26 12:50:00,553.3,553.7,552.6,552.95,58325.0
2026-05-26 12:55:00,553.0,553.05,552.7,552.75,19291.0
2026-05-26 13:00:00,552.95,553.0,551.45,552.25,39751.0
2026-05-26 13:05:00,552.35,552.35,551.55,551.95,34808.0
2026-05-26 13:10:00,552.0,553.05,551.95,552.7,35474.0
2026-05-26 13:15:00,552.75,553.0,551.7,553.0,20752.0
2026-05-26 13:20:00,552.75,553.0,552.7,552.8,10360.0
2026-05-26 13:25:00,553.0,553.0,552.8,552.85,13558.0
2026-05-26 13:30:00,552.85,554.0,552.85,553.5,66562.0
2026-05-26 13:35:00,553.6,553.8,553.1,553.4,27327.0
2026-05-26 13:40:00,553.4,553.7,552.3,552.35,12675.0
2026-05-26 13:45:00,552.35,552.55,552.1,552.15,9666.0
2026-05-26 13:50:00,552.15,552.85,551.55,552.15,55932.0
2026-05-26 13:55:00,552.35,552.45,551.8,552.0,12483.0
2026-05-26 14:00:00,552.0,552.2,550.35,550.45,63109.0
2026-05-26 14:05:00,550.7,551.85,550.25,551.35,35708.0
2026-05-26 14:10:00,551.5,551.7,551.1,551.5,25758.0
2026-05-26 14:15:00,551.4,551.85,551.4,551.6,8441.0
2026-05-26 14:20:00,551.6,551.7,551.1,551.4,30945.0
2026-05-26 14:25:00,551.4,551.7,551.25,551.3,29170.0
2026-05-26 14:30:00,551.45,551.75,550.95,550.95,37455.0
2026-05-26 14:35:00,550.95,551.0,550.0,550.0,74959.0
2026-05-26 14:40:00,550.15,550.5,549.3,549.5,51365.0
2026-05-26 14:45:00,549.65,550.25,549.0,550.05,67036.0
2026-05-26 14:50:00,550.05,550.35,548.0,548.55,94413.0
2026-05-26 14:55:00,548.8,550.7,548.15,550.4,46762.0
2026-05-26 15:00:00,550.45,551.45,550.2,551.2,59297.0
2026-05-26 15:05:00,551.4,551.95,550.55,550.85,60742.0
2026-05-26 15:10:00,550.85,552.45,550.4,552.0,72553.0
2026-05-26 15:15:00,552.15,552.85,550.75,551.95,126581.0
2026-05-26 15:20:00,551.95,560.25,551.5,560.0,336628.0
2026-05-26 15:25:00,560.0,560.5,559.0,560.0,395682.0
2026-05-27 09:15:00,558.0,562.5,558.0,561.8,292574.0
2026-05-27 09:20:00,561.8,562.4,560.0,560.1,164605.0
2026-05-27 09:25:00,560.2,560.25,557.05,558.75,139399.0
2026-05-27 09:30:00,558.75,559.5,557.9,559.5,89861.0
2026-05-27 09:35:00,559.5,561.65,559.1,560.0,79056.0
2026-05-27 09:40:00,560.3,562.95,559.45,562.95,115990.0
2026-05-27 09:45:00,562.85,563.95,560.75,560.9,122957.0
2026-05-27 09:50:00,560.85,561.3,559.8,560.45,44969.0
2026-05-27 09:55:00,560.2,561.0,559.25,559.7,48288.0
2026-05-27 10:00:00,559.95,563.1,559.5,563.1,76949.0
2026-05-27 10:05:00,563.0,564.0,561.5,561.95,106369.0
2026-05-27 10:10:00,561.7,561.9,560.6,561.0,33667.0
2026-05-27 10:15:00,561.25,562.85,561.1,562.65,45469.0
2026-05-27 10:20:00,562.55,563.0,561.5,561.9,81536.0
2026-05-27 10:25:00,561.9,563.7,561.55,561.7,99105.0
2026-05-27 10:30:00,561.75,561.75,560.05,560.1,117522.0
2026-05-27 10:35:00,560.1,561.0,560.1,560.45,21063.0
2026-05-27 10:40:00,560.3,560.85,560.0,560.85,37105.0
2026-05-27 10:45:00,560.85,560.85,560.0,560.3,42774.0
2026-05-27 10:50:00,560.3,560.85,558.7,558.7,81654.0
2026-05-27 10:55:00,558.45,559.0,558.2,558.7,60009.0
2026-05-27 11:00:00,558.15,558.6,555.45,555.9,153871.0
2026-05-27 11:05:00,555.6,556.45,555.25,556.1,72092.0
2026-05-27 11:10:00,556.4,557.0,555.85,556.55,63927.0
2026-05-27 11:15:00,556.55,557.0,556.15,557.0,48885.0
2026-05-27 11:20:00,556.65,557.95,556.65,557.95,44542.0
2026-05-27 11:25:00,557.8,558.15,556.25,556.55,39903.0
2026-05-27 11:30:00,556.3,556.6,555.65,556.3,34996.0
2026-05-27 11:35:00,556.4,556.4,555.5,556.0,34269.0
2026-05-27 11:40:00,556.0,556.2,555.0,555.85,77400.0
2026-05-27 11:45:00,555.85,556.25,555.3,555.5,21142.0
2026-05-27 11:50:00,555.5,555.5,554.5,554.6,41145.0
2026-05-27 11:55:00,554.85,555.0,554.5,554.85,17138.0
2026-05-27 12:00:00,554.9,555.5,554.5,554.95,26237.0
2026-05-27 12:05:00,554.95,555.2,554.55,554.85,10548.0
2026-05-27 12:10:00,554.9,555.0,554.6,554.6,14446.0
2026-05-27 12:15:00,554.85,555.25,554.5,555.25,31331.0
2026-05-27 12:20:00,555.1,555.4,554.9,555.2,13468.0
2026-05-27 12:25:00,555.2,555.5,555.1,555.1,14229.0
2026-05-27 12:30:00,555.1,555.5,554.8,555.45,22351.0
2026-05-27 12:35:00,555.45,555.5,554.6,554.9,36638.0
2026-05-27 12:40:00,554.85,556.7,554.75,556.0,42272.0
2026-05-27 12:45:00,556.25,556.25,555.5,556.15,17159.0
2026-05-27 12:50:00,555.85,556.15,555.5,555.65,10941.0
2026-05-27 12:55:00,555.6,556.8,555.6,556.25,43699.0
2026-05-27 13:00:00,556.3,556.3,555.6,555.8,8317.0
2026-05-27 13:05:00,555.8,556.35,555.65,555.8,12527.0
2026-05-27 13:10:00,555.65,556.2,555.6,556.0,8515.0
2026-05-27 13:15:00,556.0,556.0,555.5,555.7,42465.0
2026-05-27 13:20:00,555.7,556.2,555.5,555.8,13715.0
2026-05-27 13:25:00,555.8,556.2,555.6,555.8,10445.0
2026-05-27 13:30:00,556.05,556.15,555.5,556.0,13495.0
2026-05-27 13:35:00,556.1,556.45,555.65,556.45,34010.0
2026-05-27 13:40:00,556.5,557.0,555.55,556.3,75328.0
2026-05-27 13:45:00,556.3,556.5,555.0,555.45,55011.0
2026-05-27 13:50:00,555.5,556.1,555.25,555.4,25386.0
2026-05-27 13:55:00,555.4,555.95,554.9,555.9,67258.0
2026-05-27 14:00:00,555.9,555.9,555.2,555.3,14725.0
2026-05-27 14:05:00,555.75,556.5,555.75,556.2,34073.0
2026-05-27 14:10:00,556.1,556.2,555.0,555.5,69776.0
2026-05-27 14:15:00,555.5,556.0,555.25,556.0,14981.0
2026-05-27 14:20:00,555.95,556.65,555.5,556.1,32003.0
2026-05-27 14:25:00,556.4,556.45,555.8,556.2,8882.0
2026-05-27 14:30:00,556.05,556.25,555.7,555.8,8379.0
2026-05-27 14:35:00,555.8,556.0,555.1,555.6,24363.0
2026-05-27 14:40:00,555.75,556.1,555.2,555.55,17284.0
2026-05-27 14:45:00,555.9,556.45,555.5,556.45,15424.0
2026-05-27 14:50:00,556.25,556.45,556.0,556.25,16906.0
2026-05-27 14:55:00,556.1,556.3,555.8,555.8,26970.0
2026-05-27 15:00:00,556.1,556.3,555.25,555.65,47354.0
2026-05-27 15:05:00,555.35,555.85,554.6,555.6,67864.0
2026-05-27 15:10:00,555.6,555.6,554.65,555.45,52624.0
2026-05-27 15:15:00,555.45,555.65,554.55,555.1,95948.0
2026-05-27 15:20:00,555.05,555.95,554.3,555.0,161920.0
2026-05-27 15:25:00,555.3,556.0,554.9,556.0,125287.0
2026-05-29 09:15:00,558.0,560.85,555.75,559.15,260012.0
2026-05-29 09:20:00,559.05,562.1,558.95,559.2,226884.0
2026-05-29 09:25:00,558.5,561.3,558.5,559.3,131825.0
2026-05-29 09:30:00,559.7,564.65,559.35,561.85,308047.0
2026-05-29 09:35:00,561.6,563.0,559.75,560.05,193792.0
2026-05-29 09:40:00,560.05,560.35,557.0,558.6,124779.0
2026-05-29 09:45:00,558.55,559.6,557.8,558.75,54763.0
2026-05-29 09:50:00,558.55,560.0,557.7,559.8,95286.0
2026-05-29 09:55:00,559.6,559.75,558.35,559.0,82254.0
2026-05-29 10:00:00,559.0,559.15,557.3,557.85,54950.0
2026-05-29 10:05:00,557.85,558.35,557.3,558.0,66875.0
2026-05-29 10:10:00,557.85,558.8,557.2,557.55,35053.0
2026-05-29 10:15:00,557.5,558.5,557.3,558.1,25200.0
2026-05-29 10:20:00,558.3,561.4,558.1,560.1,151569.0
2026-05-29 10:25:00,560.3,560.9,559.4,559.75,58176.0
2026-05-29 10:30:00,560.0,560.85,559.0,559.5,43031.0
2026-05-29 10:35:00,559.75,559.9,559.05,559.75,27289.0
2026-05-29 10:40:00,559.75,559.9,558.5,558.5,15792.0
2026-05-29 10:45:00,558.65,558.7,557.6,558.45,35048.0
2026-05-29 10:50:00,558.45,558.75,558.05,558.55,12103.0
2026-05-29 10:55:00,558.25,558.8,558.1,558.55,8780.0
2026-05-29 11:00:00,558.55,558.95,557.6,558.65,38015.0
2026-05-29 11:05:00,558.55,558.55,557.4,557.6,26478.0
2026-05-29 11:10:00,557.55,557.75,556.6,557.0,31737.0
2026-05-29 11:15:00,557.0,557.4,556.8,557.15,20248.0
2026-05-29 11:20:00,557.05,557.05,556.0,556.5,39499.0
2026-05-29 11:25:00,556.5,557.35,556.2,557.15,35005.0
2026-05-29 11:30:00,557.25,557.95,557.0,557.6,32332.0
2026-05-29 11:35:00,557.75,558.25,557.5,558.05,23471.0
2026-05-29 11:40:00,558.15,558.15,556.6,556.75,16452.0
2026-05-29 11:45:00,557.0,557.35,556.1,556.5,29337.0
2026-05-29 11:50:00,556.65,557.85,556.5,557.8,27434.0
2026-05-29 11:55:00,557.75,558.55,557.25,558.25,35792.0
2026-05-29 12:00:00,558.25,558.45,557.75,558.0,8716.0
2026-05-29 12:05:00,558.05,558.3,557.5,557.75,13499.0
2026-05-29 12:10:00,557.6,557.85,556.5,556.75,18250.0
2026-05-29 12:15:00,556.95,557.45,556.35,557.0,17380.0
2026-05-29 12:20:00,557.0,557.5,556.5,557.45,15609.0
2026-05-29 12:25:00,557.45,557.9,557.1,557.1,15032.0
2026-05-29 12:30:00,557.35,557.5,557.0,557.0,9613.0
2026-05-29 12:35:00,557.15,558.0,556.55,558.0,11358.0
2026-05-29 12:40:00,557.8,557.9,557.25,557.7,7297.0
2026-05-29 12:45:00,557.7,557.7,557.15,557.4,5319.0
2026-05-29 12:50:00,557.0,557.5,556.6,556.6,13790.0
2026-05-29 12:55:00,556.9,557.2,556.05,556.4,25394.0
2026-05-29 13:00:00,556.5,556.5,555.4,555.9,35088.0
2026-05-29 13:05:00,555.8,556.5,555.8,555.95,16199.0
2026-05-29 13:10:00,555.65,556.1,554.35,555.0,57229.0
2026-05-29 13:15:00,555.0,556.0,554.6,555.4,25020.0
2026-05-29 13:20:00,555.7,555.75,554.4,554.4,12460.0
2026-05-29 13:25:00,554.7,555.15,554.0,554.4,21486.0
2026-05-29 13:30:00,554.4,555.5,554.0,555.4,28156.0
2026-05-29 13:35:00,555.4,555.9,555.4,555.8,14786.0
2026-05-29 13:40:00,555.65,555.9,555.05,555.25,20455.0
2026-05-29 13:45:00,555.5,555.9,555.0,555.85,16503.0
2026-05-29 13:50:00,555.85,556.5,555.5,555.65,30022.0
2026-05-29 13:55:00,555.5,556.45,555.5,556.45,26261.0
2026-05-29 14:00:00,556.1,556.35,555.3,555.75,16497.0
2026-05-29 14:05:00,556.0,556.0,554.25,554.5,34577.0
2026-05-29 14:10:00,554.25,554.9,553.6,554.6,48368.0
2026-05-29 14:15:00,554.6,555.0,554.2,554.95,12946.0
2026-05-29 14:20:00,554.9,555.5,554.4,555.35,16299.0
2026-05-29 14:25:00,555.55,555.75,555.15,555.5,13320.0
2026-05-29 14:30:00,555.5,555.9,555.05,555.5,10159.0
2026-05-29 14:35:00,555.5,555.6,555.1,555.2,15663.0
2026-05-29 14:40:00,555.1,555.85,555.0,555.8,9399.0
2026-05-29 14:45:00,555.8,555.85,555.2,555.85,12043.0
2026-05-29 14:50:00,555.85,556.0,555.05,555.4,19990.0
2026-05-29 14:55:00,555.5,555.7,555.0,555.55,18773.0
2026-05-29 15:00:00,555.85,555.95,548.6,548.75,258102.0
2026-05-29 15:05:00,548.75,548.75,541.45,541.6,257041.0
2026-05-29 15:10:00,541.6,543.65,538.4,541.55,395282.0
2026-05-29 15:15:00,541.75,541.75,539.05,539.05,310787.0
2026-05-29 15:20:00,539.0,539.0,528.0,528.9,571542.0
2026-05-29 15:25:00,528.9,541.0,528.85,541.0,447620.0
2026-06-01 09:15:00,544.0,550.0,543.05,546.55,367191.0
2026-06-01 09:20:00,546.6,546.9,544.6,546.0,81452.0
2026-06-01 09:25:00,545.7,546.05,543.35,543.35,104420.0
2026-06-01 09:30:00,543.35,544.5,541.6,543.45,120575.0
2026-06-01 09:35:00,543.45,543.9,540.05,543.35,99324.0
2026-06-01 09:40:00,543.35,544.9,542.65,543.55,62077.0
2026-06-01 09:45:00,543.7,546.55,543.1,544.95,111404.0
2026-06-01 09:50:00,545.0,545.6,543.1,545.45,43300.0
2026-06-01 09:55:00,545.45,545.75,544.0,544.8,46443.0
2026-06-01 10:00:00,545.0,545.3,543.1,543.1,77131.0
2026-06-01 10:05:00,543.4,545.5,543.0,545.4,63786.0
2026-06-01 10:10:00,545.4,546.9,545.1,545.75,73499.0
2026-06-01 10:15:00,545.55,546.6,545.2,545.45,36209.0
2026-06-01 10:20:00,545.45,546.3,545.0,546.25,25086.0
2026-06-01 10:25:00,546.4,546.6,545.05,545.65,14153.0
2026-06-01 10:30:00,545.65,545.8,543.5,543.9,46513.0
2026-06-01 10:35:00,543.95,545.95,543.95,545.7,17007.0
2026-06-01 10:40:00,545.9,547.5,545.55,546.95,57494.0
2026-06-01 10:45:00,546.85,548.0,546.5,546.5,70654.0
2026-06-01 10:50:00,546.5,548.8,546.15,548.75,59803.0
2026-06-01 10:55:00,548.7,549.75,548.0,548.5,55677.0
2026-06-01 11:00:00,548.5,548.7,547.3,547.95,27250.0
2026-06-01 11:05:00,547.7,548.45,547.55,548.2,10875.0
2026-06-01 11:10:00,548.35,548.45,547.2,547.7,17482.0
2026-06-01 11:15:00,547.75,547.8,546.4,546.55,32277.0
2026-06-01 11:20:00,546.5,546.55,545.8,546.0,20418.0
2026-06-01 11:25:00,545.8,546.0,543.65,544.1,88598.0
2026-06-01 11:30:00,544.2,545.3,544.05,544.75,51798.0
2026-06-01 11:35:00,544.4,544.8,543.0,544.0,75775.0
2026-06-01 11:40:00,543.85,544.5,543.5,543.55,28543.0
2026-06-01 11:45:00,543.4,543.5,543.0,543.5,17686.0
2026-06-01 11:50:00,543.7,543.9,543.25,543.5,15633.0
2026-06-01 11:55:00,543.5,543.6,541.55,541.9,58067.0
2026-06-01 12:00:00,541.9,542.0,541.25,541.85,23836.0
2026-06-01 12:05:00,541.9,542.0,541.6,541.95,12055.0
2026-06-01 12:10:00,541.9,542.0,541.35,541.95,16408.0
2026-06-01 12:15:00,541.9,541.95,541.45,541.7,19114.0
2026-06-01 12:20:00,541.6,542.0,541.5,541.85,12783.0
2026-06-01 12:25:00,541.7,542.0,541.7,542.0,11208.0
2026-06-01 12:30:00,542.0,542.05,541.5,541.7,25859.0
2026-06-01 12:35:00,541.4,542.0,541.4,542.0,16826.0
2026-06-01 12:40:00,541.9,542.0,541.65,542.0,9311.0
2026-06-01 12:45:00,542.0,542.05,541.85,542.0,25261.0
2026-06-01 12:50:00,542.0,543.5,541.85,543.3,57664.0
2026-06-01 12:55:00,543.45,543.45,542.35,543.0,15595.0
2026-06-01 13:00:00,543.3,543.65,542.65,542.95,13594.0
2026-06-01 13:05:00,542.95,543.05,541.85,541.95,11040.0
2026-06-01 13:10:00,541.95,541.95,540.0,540.8,57254.0
2026-06-01 13:15:00,540.75,541.15,540.2,541.0,14146.0
2026-06-01 13:20:00,540.8,541.6,540.6,541.55,12261.0
2026-06-01 13:25:00,541.55,541.6,537.0,538.0,131872.0
2026-06-01 13:30:00,538.0,539.35,536.75,538.7,63250.0
2026-06-01 13:35:00,538.7,539.85,538.5,539.8,19033.0
2026-06-01 13:40:00,539.8,540.35,536.25,538.15,162336.0
2026-06-01 13:45:00,538.15,538.85,537.85,538.05,20088.0
2026-06-01 13:50:00,538.0,538.45,536.15,536.4,38974.0
2026-06-01 13:55:00,536.5,537.3,535.8,537.3,58921.0
2026-06-01 14:00:00,537.35,537.5,536.1,537.0,16111.0
2026-06-01 14:05:00,537.0,537.0,535.0,535.2,72995.0
2026-06-01 14:10:00,535.2,536.2,535.05,535.5,30211.0
2026-06-01 14:15:00,535.45,536.7,535.0,536.65,29489.0
2026-06-01 14:20:00,536.4,536.5,535.55,536.15,19080.0
2026-06-01 14:25:00,536.25,537.35,536.2,536.5,23595.0
2026-06-01 14:30:00,536.5,537.9,536.35,537.45,31616.0
2026-06-01 14:35:00,537.45,538.7,537.3,538.4,28306.0
2026-06-01 14:40:00,538.4,540.0,538.2,539.75,30985.0
2026-06-01 14:45:00,539.8,541.45,539.8,540.0,45617.0
2026-06-01 14:50:00,540.25,540.5,538.5,539.55,67278.0
2026-06-01 14:55:00,539.25,539.95,538.6,538.85,52939.0
2026-06-01 15:00:00,538.85,538.85,537.3,537.9,49434.0
2026-06-01 15:05:00,537.9,538.9,537.5,538.65,30808.0
2026-06-01 15:10:00,538.75,540.0,538.5,540.0,47493.0
2026-06-01 15:15:00,540.0,542.05,539.25,541.55,107350.0
2026-06-01 15:20:00,541.15,541.9,540.0,540.25,79440.0
2026-06-01 15:25:00,540.25,543.0,539.1,542.8,73843.0
2026-06-02 09:15:00,542.55,548.6,542.5,546.75,444995.0
2026-06-02 09:20:00,546.85,548.45,545.3,545.75,195501.0
2026-06-02 09:25:00,545.6,546.15,544.0,544.55,112999.0
2026-06-02 09:30:00,544.75,547.0,543.1,547.0,112357.0
2026-06-02 09:35:00,547.3,551.65,546.5,550.7,339361.0
2026-06-02 09:40:00,550.7,551.4,549.0,550.6,168897.0
2026-06-02 09:45:00,550.7,551.65,549.8,550.0,96152.0
2026-06-02 09:50:00,550.2,550.5,549.4,550.0,71643.0
2026-06-02 09:55:00,550.0,550.35,545.75,546.1,126400.0
2026-06-02 10:00:00,545.95,547.1,545.0,545.55,78392.0
2026-06-02 10:05:00,545.7,545.9,544.05,544.7,64198.0
2026-06-02 10:10:00,544.55,544.95,543.65,544.05,64663.0
2026-06-02 10:15:00,543.7,545.15,543.15,544.65,42197.0
2026-06-02 10:20:00,544.3,546.15,544.3,545.45,69586.0
2026-06-02 10:25:00,545.75,547.35,545.5,547.2,41811.0
2026-06-02 10:30:00,547.4,547.5,545.15,545.5,25609.0
2026-06-02 10:35:00,545.15,545.7,545.0,545.35,22644.0
2026-06-02 10:40:00,545.45,545.5,544.75,544.95,19090.0
2026-06-02 10:45:00,544.95,545.4,544.1,544.3,29690.0
2026-06-02 10:50:00,544.45,544.7,542.6,543.2,94952.0
2026-06-02 10:55:00,543.25,543.35,541.6,542.3,62912.0
2026-06-02 11:00:00,542.3,543.65,542.3,543.65,34003.0
2026-06-02 11:05:00,543.9,545.0,543.8,544.8,36405.0
2026-06-02 11:10:00,544.7,545.45,544.15,544.65,23211.0
2026-06-02 11:15:00,544.9,546.5,544.35,546.15,45148.0
2026-06-02 11:20:00,546.35,547.1,545.6,545.7,38304.0
2026-06-02 11:25:00,545.7,545.95,544.2,544.75,23294.0
2026-06-02 11:30:00,545.0,545.3,544.35,544.6,16425.0
2026-06-02 11:35:00,544.6,544.8,543.6,543.95,24979.0
2026-06-02 11:40:00,543.75,544.4,543.5,543.7,18176.0
2026-06-02 11:45:00,543.5,544.45,543.5,544.0,13678.0
2026-06-02 11:50:00,544.0,544.25,543.3,543.3,19380.0
2026-06-02 11:55:00,543.25,543.5,542.5,542.65,29821.0
2026-06-02 12:00:00,542.6,543.65,542.3,542.3,26855.0
2026-06-02 12:05:00,542.6,543.15,541.0,543.0,38696.0
2026-06-02 12:10:00,542.8,543.35,542.2,542.7,18526.0
2026-06-02 12:15:00,542.8,543.15,542.1,542.25,18836.0
2026-06-02 12:20:00,542.5,543.15,542.15,542.75,13493.0
2026-06-02 12:25:00,542.45,542.8,542.1,542.3,13056.0
2026-06-02 12:30:00,542.15,543.3,542.05,542.8,24898.0
2026-06-02 12:35:00,543.05,543.4,542.55,543.0,20042.0
2026-06-02 12:40:00,543.25,543.5,542.65,543.45,33683.0
2026-06-02 12:45:00,543.45,543.5,543.0,543.0,28175.0
2026-06-02 12:50:00,543.15,543.9,543.0,543.55,25026.0
2026-06-02 12:55:00,543.9,544.35,543.0,543.25,34185.0
2026-06-02 13:00:00,543.3,543.55,542.4,542.9,31411.0
2026-06-02 13:05:00,542.75,543.8,542.75,543.7,10653.0
2026-06-02 13:10:00,543.7,544.4,543.55,544.0,17978.0
2026-06-02 13:15:00,544.0,544.75,543.85,544.5,16138.0
2026-06-02 13:20:00,544.7,545.25,544.1,545.15,29827.0
2026-06-02 13:25:00,545.4,545.95,544.65,545.75,34621.0
2026-06-02 13:30:00,545.5,545.75,544.7,545.5,17147.0
2026-06-02 13:35:00,545.5,545.5,544.1,544.4,26664.0
2026-06-02 13:40:00,544.15,544.5,543.3,543.95,37496.0
2026-06-02 13:45:00,544.0,544.4,543.5,543.8,22914.0
2026-06-02 13:50:00,543.7,544.5,543.6,544.4,21069.0
2026-06-02 13:55:00,544.4,544.75,544.0,544.4,24941.0
2026-06-02 14:00:00,544.65,545.0,544.4,545.0,7795.0
2026-06-02 14:05:00,544.95,545.45,544.85,545.3,10188.0
2026-06-02 14:10:00,545.3,545.5,544.35,544.55,28684.0
2026-06-02 14:15:00,544.6,545.3,544.55,544.7,20605.0
2026-06-02 14:20:00,544.8,545.35,544.15,544.8,31191.0
2026-06-02 14:25:00,544.45,544.85,544.0,544.35,23370.0
2026-06-02 14:30:00,544.35,545.0,544.1,544.9,13096.0
2026-06-02 14:35:00,544.7,544.95,543.6,543.85,29894.0
2026-06-02 14:40:00,543.85,543.95,543.1,543.75,22218.0
2026-06-02 14:45:00,543.5,544.0,543.2,543.8,18977.0
2026-06-02 14:50:00,544.2,544.6,544.0,544.1,19793.0
2026-06-02 14:55:00,544.6,544.85,544.0,544.45,25560.0
2026-06-02 15:00:00,544.3,545.35,543.5,545.0,45187.0
2026-06-02 15:05:00,545.05,546.0,544.5,545.5,77035.0
2026-06-02 15:10:00,545.75,546.95,545.55,546.35,74079.0
2026-06-02 15:15:00,546.2,547.55,545.8,547.35,99172.0
2026-06-02 15:20:00,547.0,547.3,545.8,546.9,100471.0
2026-06-02 15:25:00,546.75,547.5,546.0,547.5,87331.0
2026-06-03 09:15:00,550.0,551.5,545.6,547.0,267690.0
2026-06-03 09:20:00,546.75,548.5,546.3,548.15,116684.0
2026-06-03 09:25:00,548.35,549.4,546.55,546.9,102115.0
2026-06-03 09:30:00,546.9,547.6,546.15,546.85,58176.0
2026-06-03 09:35:00,546.65,548.0,546.35,547.85,37940.0
2026-06-03 09:40:00,547.8,548.75,546.7,548.75,41770.0
2026-06-03 09:45:00,548.6,548.95,546.0,546.2,43851.0
2026-06-03 09:50:00,546.5,547.0,544.25,544.75,78736.0
2026-06-03 09:55:00,544.75,544.75,541.6,543.7,120809.0
2026-06-03 10:00:00,543.3,544.0,542.85,543.7,38272.0
2026-06-03 10:05:00,543.6,544.0,542.95,543.35,27650.0
2026-06-03 10:10:00,543.15,543.4,541.7,542.0,42038.0
2026-06-03 10:15:00,542.0,543.5,541.8,543.2,53715.0
2026-06-03 10:20:00,543.1,543.7,542.75,542.95,30602.0
2026-06-03 10:25:00,542.45,543.55,542.25,542.6,20946.0
2026-06-03 10:30:00,542.6,542.95,541.0,541.15,39606.0
2026-06-03 10:35:00,541.15,541.95,540.35,541.45,38206.0
2026-06-03 10:40:00,541.5,542.1,541.05,541.6,18837.0
2026-06-03 10:45:00,541.5,542.15,541.05,541.7,24829.0
2026-06-03 10:50:00,541.5,541.8,540.55,541.0,31790.0
2026-06-03 10:55:00,541.2,541.25,540.1,540.55,31755.0
2026-06-03 11:00:00,540.55,540.8,539.1,539.3,54403.0
2026-06-03 11:05:00,539.5,539.7,538.8,539.1,38536.0
2026-06-03 11:10:00,539.35,540.6,538.8,540.2,49463.0
2026-06-03 11:15:00,540.15,541.3,539.8,541.2,38703.0
2026-06-03 11:20:00,541.2,541.25,540.4,541.0,19066.0
2026-06-03 11:25:00,541.0,541.0,539.55,540.15,20440.0
2026-06-03 11:30:00,540.0,540.85,539.5,539.5,21764.0
2026-06-03 11:35:00,539.8,540.45,539.25,540.2,16929.0
2026-06-03 11:40:00,540.0,540.0,539.0,539.0,22797.0
2026-06-03 11:45:00,539.15,539.5,538.9,539.0,28479.0
2026-06-03 11:50:00,539.0,539.3,538.5,538.85,21763.0
2026-06-03 11:55:00,538.85,538.85,538.0,538.05,36391.0
2026-06-03 12:00:00,538.05,538.3,535.8,536.15,79967.0
2026-06-03 12:05:00,536.15,536.85,535.25,535.25,47394.0
2026-06-03 12:10:00,535.05,536.3,535.05,535.25,35278.0
2026-06-03 12:15:00,535.3,536.0,535.15,535.85,26868.0
2026-06-03 12:20:00,535.85,537.35,535.65,537.35,24752.0
2026-06-03 12:25:00,537.2,538.35,537.2,538.0,28819.0
2026-06-03 12:30:00,538.0,538.5,537.8,538.5,16849.0
2026-06-03 12:35:00,538.45,539.65,538.45,539.05,26663.0
2026-06-03 12:40:00,539.05,542.05,539.05,540.7,57691.0
2026-06-03 12:45:00,540.6,541.55,540.2,541.4,44452.0
2026-06-03 12:50:00,541.4,541.95,541.0,541.25,20709.0
2026-06-03 12:55:00,541.05,542.15,540.55,541.5,59058.0
2026-06-03 13:00:00,541.5,542.5,541.1,542.15,38983.0
2026-06-03 13:05:00,542.1,543.5,542.0,543.2,59663.0
2026-06-03 13:10:00,543.0,543.3,542.5,543.2,25250.0
2026-06-03 13:15:00,543.35,543.6,542.75,543.0,22275.0
2026-06-03 13:20:00,543.05,543.95,542.75,543.8,29212.0
2026-06-03 13:25:00,543.55,544.8,543.45,544.35,36338.0
2026-06-03 13:30:00,544.7,545.4,544.5,545.1,57658.0
2026-06-03 13:35:00,545.15,545.45,544.6,545.0,44531.0
2026-06-03 13:40:00,545.0,546.6,544.8,546.45,48855.0
2026-06-03 13:45:00,546.4,547.65,546.2,547.15,60234.0
2026-06-03 13:50:00,547.0,547.3,545.15,545.4,44021.0
2026-06-03 13:55:00,545.4,545.5,544.6,545.0,39069.0
2026-06-03 14:00:00,545.15,546.0,545.0,545.75,21249.0
2026-06-03 14:05:00,545.65,545.9,545.0,545.05,11957.0
2026-06-03 14:10:00,545.0,545.45,544.65,545.0,34229.0
2026-06-03 14:15:00,545.0,545.9,544.85,545.9,17689.0
2026-06-03 14:20:00,546.0,546.0,545.0,545.25,14553.0
2026-06-03 14:25:00,545.35,546.5,545.3,546.1,17047.0
2026-06-03 14:30:00,546.4,547.0,546.25,546.65,21742.0
2026-06-03 14:35:00,546.8,546.8,545.1,545.7,21045.0
2026-06-03 14:40:00,545.75,546.25,545.5,546.0,17904.0
2026-06-03 14:45:00,546.0,546.2,545.1,546.0,25976.0
2026-06-03 14:50:00,546.2,547.25,545.3,546.95,28944.0
2026-06-03 14:55:00,546.9,547.15,545.65,545.65,39115.0
2026-06-03 15:00:00,545.9,546.35,545.1,546.0,33644.0
2026-06-03 15:05:00,545.65,546.0,545.0,545.5,76224.0
2026-06-03 15:10:00,545.55,545.6,545.0,545.35,47814.0
2026-06-03 15:15:00,545.35,546.0,544.8,545.75,97289.0
2026-06-03 15:20:00,545.8,546.0,544.8,545.85,76469.0
2026-06-03 15:25:00,545.8,546.3,545.0,546.3,65743.0
2026-06-04 09:15:00,541.0,545.25,539.55,541.4,147717.0
2026-06-04 09:20:00,541.4,542.85,541.0,541.1,85658.0
2026-06-04 09:25:00,541.1,541.5,538.45,538.9,78813.0
2026-06-04 09:30:00,538.8,539.65,538.0,539.2,76550.0
2026-06-04 09:35:00,539.2,540.9,538.95,539.1,49924.0
2026-06-04 09:40:00,539.1,539.5,537.5,539.1,55093.0
2026-06-04 09:45:00,539.15,540.0,539.0,540.0,43288.0
2026-06-04 09:50:00,540.0,540.5,538.5,539.8,47681.0
2026-06-04 09:55:00,540.0,540.7,539.0,539.05,78107.0
2026-06-04 10:00:00,539.35,540.4,538.75,540.05,30930.0
2026-06-04 10:05:00,540.05,541.5,539.8,540.65,43328.0
2026-06-04 10:10:00,540.65,541.3,540.3,541.2,21197.0
2026-06-04 10:15:00,541.2,541.5,540.7,541.45,26056.0
2026-06-04 10:20:00,541.45,541.7,541.0,541.7,18152.0
2026-06-04 10:25:00,541.7,541.75,540.25,540.65,37879.0
2026-06-04 10:30:00,540.9,542.25,540.2,541.8,59460.0
2026-06-04 10:35:00,541.6,543.0,541.6,542.75,51590.0
2026-06-04 10:40:00,542.75,544.3,542.75,543.6,73809.0
2026-06-04 10:45:00,543.7,544.0,543.0,543.0,20292.0
2026-06-04 10:50:00,543.0,543.45,542.5,543.2,27925.0
2026-06-04 10:55:00,543.4,543.4,543.0,543.05,11735.0
2026-06-04 11:00:00,543.2,543.2,542.65,543.05,51790.0
2026-06-04 11:05:00,543.05,543.35,543.0,543.0,22439.0
2026-06-04 11:10:00,543.0,543.2,542.9,543.1,11769.0
2026-06-04 11:15:00,543.1,543.2,543.0,543.1,9149.0
2026-06-04 11:20:00,543.1,543.1,542.5,543.0,20081.0
2026-06-04 11:25:00,543.05,544.0,543.0,543.75,28036.0
2026-06-04 11:30:00,543.75,545.0,543.2,544.8,25464.0
2026-06-04 11:35:00,545.0,545.0,544.15,544.4,16532.0
2026-06-04 11:40:00,544.4,544.8,544.05,544.1,17610.0
2026-06-04 11:45:00,544.15,544.6,543.35,543.7,11103.0
2026-06-04 11:50:00,543.6,543.75,543.0,543.25,14599.0
2026-06-04 11:55:00,543.0,543.75,543.0,543.65,15607.0
2026-06-04 12:00:00,543.6,543.85,543.0,543.15,13975.0
2026-06-04 12:05:00,543.35,543.35,543.0,543.1,6395.0
2026-06-04 12:10:00,543.05,543.3,543.0,543.3,27101.0
2026-06-04 12:15:00,543.05,543.2,543.0,543.05,12762.0
2026-06-04 12:20:00,543.0,543.7,542.5,543.0,44301.0
2026-06-04 12:25:00,543.3,543.45,543.0,543.1,6742.0
2026-06-04 12:30:00,543.15,543.25,542.0,543.05,118354.0
2026-06-04 12:35:00,543.05,543.6,541.25,542.0,53221.0
2026-06-04 12:40:00,542.0,542.1,541.6,541.75,13346.0
2026-06-04 12:45:00,541.75,541.9,541.75,541.85,7761.0
2026-06-04 12:50:00,541.9,542.05,541.4,541.65,12411.0
2026-06-04 12:55:00,541.75,541.95,540.75,541.45,36937.0
2026-06-04 13:00:00,541.45,541.9,541.0,541.75,8630.0
2026-06-04 13:05:00,541.7,541.75,541.15,541.75,5810.0
2026-06-04 13:10:00,541.7,542.7,541.25,541.5,17595.0
2026-06-04 13:15:00,541.25,541.5,540.1,541.35,19565.0
2026-06-04 13:20:00,541.15,541.5,540.45,540.8,14965.0
2026-06-04 13:25:00,540.55,541.2,540.55,541.15,7254.0
2026-06-04 13:30:00,541.1,541.4,540.55,541.4,5417.0
2026-06-04 13:35:00,541.05,542.4,541.0,541.35,16779.0
2026-06-04 13:40:00,541.5,541.8,541.05,541.45,10048.0
2026-06-04 13:45:00,541.45,541.7,540.8,541.0,12067.0
2026-06-04 13:50:00,541.0,541.25,540.5,540.55,7174.0
2026-06-04 13:55:00,540.8,541.0,540.35,540.85,12947.0
2026-06-04 14:00:00,540.8,541.5,540.7,541.3,10449.0
2026-06-04 14:05:00,541.3,541.65,541.3,541.35,4990.0
2026-06-04 14:10:00,541.3,541.75,541.0,541.15,7277.0
2026-06-04 14:15:00,541.15,541.5,540.4,540.75,16022.0
2026-06-04 14:20:00,540.5,540.75,540.1,540.4,8481.0
2026-06-04 14:25:00,540.15,541.1,540.0,540.5,56851.0
2026-06-04 14:30:00,540.7,541.4,540.25,540.5,16887.0
2026-06-04 14:35:00,540.5,541.95,540.2,541.45,27968.0
2026-06-04 14:40:00,541.85,542.0,541.3,541.75,18783.0
2026-06-04 14:45:00,541.75,542.75,541.4,542.0,80513.0
2026-06-04 14:50:00,542.0,542.35,541.15,541.45,21217.0
2026-06-04 14:55:00,541.5,542.45,541.3,541.8,25544.0
2026-06-04 15:00:00,542.15,542.4,541.1,541.5,49299.0
2026-06-04 15:05:00,541.25,541.65,540.6,541.25,34014.0
2026-06-04 15:10:00,541.45,541.65,541.0,541.65,34634.0
2026-06-04 15:15:00,541.6,542.0,541.0,541.25,63837.0
2026-06-04 15:20:00,541.25,541.55,540.5,541.15,58458.0
2026-06-04 15:25:00,541.4,542.2,540.5,542.2,103931.0
2026-06-05 09:15:00,538.0,541.1,537.65,539.0,137448.0
2026-06-05 09:20:00,538.7,539.0,536.0,536.35,127062.0
2026-06-05 09:25:00,536.15,537.75,536.15,537.4,83149.0
2026-06-05 09:30:00,537.15,538.4,536.55,537.25,104155.0
2026-06-05 09:35:00,537.0,537.95,536.55,537.75,35934.0
2026-06-05 09:40:00,537.75,538.2,536.55,538.0,23838.0
2026-06-05 09:45:00,538.1,538.15,537.0,537.0,29360.0
2026-06-05 09:50:00,537.15,537.35,536.05,536.05,32665.0
2026-06-05 09:55:00,536.4,537.0,536.0,536.4,42060.0
2026-06-05 10:00:00,536.4,537.5,536.05,536.8,34805.0
2026-06-05 10:05:00,536.8,537.55,536.1,537.3,21642.0
2026-06-05 10:10:00,537.2,538.0,536.95,537.7,25860.0
2026-06-05 10:15:00,537.7,537.7,537.0,537.3,17488.0
2026-06-05 10:20:00,537.35,537.65,536.6,537.65,17136.0
2026-06-05 10:25:00,537.4,537.9,536.8,537.0,15069.0
2026-06-05 10:30:00,537.15,537.4,536.95,536.95,12141.0
2026-06-05 10:35:00,536.7,537.05,534.2,534.5,107225.0
2026-06-05 10:40:00,534.8,534.85,534.15,534.8,32971.0
2026-06-05 10:45:00,534.55,534.9,534.5,534.85,24037.0
2026-06-05 10:50:00,534.9,536.0,534.8,535.3,32233.0
2026-06-05 10:55:00,535.3,535.8,535.1,535.7,14199.0
2026-06-05 11:00:00,535.75,536.0,535.3,535.95,11946.0
2026-06-05 11:05:00,535.95,536.8,535.8,536.15,15939.0
2026-06-05 11:10:00,536.4,536.7,535.2,535.85,20762.0
2026-06-05 11:15:00,535.7,535.9,535.15,535.5,25443.0
2026-06-05 11:20:00,535.5,535.75,534.9,535.35,32283.0
2026-06-05 11:25:00,535.05,535.85,535.0,535.25,24975.0
2026-06-05 11:30:00,535.3,535.75,535.0,535.25,10658.0
2026-06-05 11:35:00,535.3,535.35,534.7,534.8,14641.0
2026-06-05 11:40:00,534.8,535.0,534.5,534.7,14131.0
2026-06-05 11:45:00,534.7,535.2,534.5,534.9,8367.0
2026-06-05 11:50:00,534.9,535.0,534.0,534.35,43368.0
2026-06-05 11:55:00,534.0,534.35,533.0,533.1,44276.0
2026-06-05 12:00:00,533.3,533.95,533.0,533.95,23351.0
2026-06-05 12:05:00,533.95,534.3,533.7,534.15,10444.0
2026-06-05 12:10:00,534.15,534.6,533.5,534.45,25100.0
2026-06-05 12:15:00,534.3,534.7,534.1,534.4,11352.0
2026-06-05 12:20:00,534.4,534.4,533.5,533.9,26507.0
2026-06-05 12:25:00,533.9,533.9,533.6,533.6,6304.0
2026-06-05 12:30:00,533.6,533.7,533.0,533.3,18263.0
2026-06-05 12:35:00,533.3,533.3,532.65,532.95,33331.0
2026-06-05 12:40:00,532.95,533.1,532.0,532.6,32482.0
2026-06-05 12:45:00,532.6,532.9,532.0,532.65,23167.0
2026-06-05 12:50:00,532.5,532.95,532.0,532.2,30966.0
2026-06-05 12:55:00,532.05,532.75,531.55,532.5,24694.0
2026-06-05 13:00:00,532.4,532.65,532.0,532.2,18924.0
2026-06-05 13:05:00,532.2,532.45,529.0,529.7,116399.0
2026-06-05 13:10:00,529.9,530.2,529.35,529.65,34342.0
2026-06-05 13:15:00,529.7,530.15,529.15,530.0,48181.0
2026-06-05 13:20:00,530.0,530.0,529.05,529.8,38754.0
2026-06-05 13:25:00,529.85,530.0,529.55,530.0,22386.0
2026-06-05 13:30:00,529.95,530.0,529.55,529.7,33521.0
2026-06-05 13:35:00,529.85,530.0,529.5,529.9,15986.0
2026-06-05 13:40:00,529.9,529.9,527.25,527.35,76151.0
2026-06-05 13:45:00,527.4,528.2,527.35,527.8,29363.0
2026-06-05 13:50:00,527.85,528.4,527.5,528.0,34263.0
2026-06-05 13:55:00,527.95,528.05,527.65,528.0,17912.0
2026-06-05 14:00:00,528.0,528.15,527.5,527.95,22624.0
2026-06-05 14:05:00,527.95,528.0,527.7,528.0,13827.0
2026-06-05 14:10:00,528.0,528.0,527.6,527.75,16620.0
2026-06-05 14:15:00,527.85,528.0,527.55,527.75,13678.0
2026-06-05 14:20:00,527.75,527.75,526.65,527.45,53036.0
2026-06-05 14:25:00,527.55,528.15,527.3,528.0,60388.0
2026-06-05 14:30:00,528.0,528.15,527.5,527.8,60463.0
2026-06-05 14:35:00,527.5,527.5,524.5,524.6,127329.0
2026-06-05 14:40:00,524.7,526.7,522.75,526.2,154035.0
2026-06-05 14:45:00,526.45,528.35,526.35,527.05,97252.0
2026-06-05 14:50:00,527.25,527.6,526.1,527.2,30908.0
2026-06-05 14:55:00,527.2,527.85,526.5,527.25,30175.0
2026-06-05 15:00:00,527.5,527.75,524.85,525.5,108124.0
2026-06-05 15:05:00,525.85,526.8,523.7,526.55,106101.0
2026-06-05 15:10:00,526.55,526.8,525.6,526.1,43156.0
2026-06-05 15:15:00,525.9,526.95,525.65,526.7,118946.0
2026-06-05 15:20:00,526.65,528.15,525.2,526.6,155681.0
2026-06-05 15:25:00,526.6,529.5,526.2,529.5,100597.0
2026-06-08 09:15:00,512.0,517.0,506.55,516.6,299187.0
2026-06-08 09:20:00,516.6,517.0,513.5,516.3,121909.0
2026-06-08 09:25:00,516.35,518.95,515.8,518.7,135858.0
2026-06-08 09:30:00,518.95,521.65,517.75,518.8,161096.0
2026-06-08 09:35:00,519.1,519.25,515.5,516.4,59022.0
2026-06-08 09:40:00,516.65,518.0,515.35,517.5,48426.0
2026-06-08 09:45:00,517.5,518.55,515.9,516.0,35252.0
2026-06-08 09:50:00,516.1,518.0,515.7,518.0,44594.0
2026-06-08 09:55:00,517.95,519.8,517.35,519.8,46685.0
2026-06-08 10:00:00,519.55,520.0,518.65,519.1,56513.0
2026-06-08 10:05:00,519.0,520.5,517.25,520.0,49420.0
2026-06-08 10:10:00,520.0,520.0,516.7,517.8,62656.0
2026-06-08 10:15:00,518.0,518.65,517.0,517.8,21629.0
2026-06-08 10:20:00,517.85,518.6,517.35,518.35,23464.0
2026-06-08 10:25:00,518.35,518.6,517.35,518.0,14158.0
2026-06-08 10:30:00,517.95,519.0,517.75,518.9,21501.0
2026-06-08 10:35:00,518.85,519.0,518.2,518.55,14443.0
2026-06-08 10:40:00,518.5,519.0,518.15,518.45,15911.0
2026-06-08 10:45:00,518.25,518.9,517.5,518.85,17699.0
2026-06-08 10:50:00,518.85,519.0,518.1,518.35,19076.0
2026-06-08 10:55:00,517.9,518.3,517.05,517.8,34357.0
2026-06-08 11:00:00,517.75,517.75,516.7,517.05,24712.0
2026-06-08 11:05:00,517.1,517.25,516.2,516.85,29040.0
2026-06-08 11:10:00,517.0,517.0,515.5,515.9,33070.0
2026-06-08 11:15:00,516.0,516.0,515.1,515.25,25388.0
2026-06-08 11:20:00,515.45,515.85,513.7,513.8,55226.0
2026-06-08 11:25:00,514.0,514.45,513.8,514.2,33135.0
2026-06-08 11:30:00,514.2,515.1,514.1,514.5,36764.0
2026-06-08 11:35:00,514.5,515.2,514.15,515.05,29788.0
2026-06-08 11:40:00,514.8,515.9,514.55,515.2,34402.0
2026-06-08 11:45:00,515.0,515.9,514.85,515.0,20185.0
2026-06-08 11:50:00,515.2,515.3,514.1,514.1,29162.0
2026-06-08 11:55:00,514.35,514.5,513.7,514.1,28998.0
2026-06-08 12:00:00,514.2,514.25,513.3,513.4,24435.0
2026-06-08 12:05:00,513.45,513.85,513.0,513.25,37927.0
2026-06-08 12:10:00,513.35,514.6,513.35,514.35,34551.0
2026-06-08 12:15:00,514.4,514.5,514.0,514.5,14937.0
2026-06-08 12:20:00,514.5,516.0,514.25,516.0,29663.0
2026-06-08 12:25:00,515.95,516.05,514.6,514.7,27897.0
2026-06-08 12:30:00,514.9,515.7,514.7,515.25,18066.0
2026-06-08 12:35:00,515.25,515.5,514.5,515.1,16851.0
2026-06-08 12:40:00,515.1,515.3,514.7,515.25,14701.0
2026-06-08 12:45:00,515.0,515.2,514.1,514.7,23943.0
2026-06-08 12:50:00,514.7,515.0,514.35,515.0,21657.0
2026-06-08 12:55:00,515.0,515.25,514.45,514.65,28963.0
2026-06-08 13:00:00,514.65,515.0,514.0,514.25,18505.0
2026-06-08 13:05:00,514.25,514.7,514.0,514.15,17272.0
2026-06-08 13:10:00,514.35,514.45,512.55,512.7,45758.0
2026-06-08 13:15:00,512.75,513.5,512.7,513.25,20495.0
2026-06-08 13:20:00,513.2,513.25,512.5,512.7,19057.0
2026-06-08 13:25:00,512.7,512.8,511.1,511.4,48309.0
2026-06-08 13:30:00,511.6,512.0,510.5,510.5,65099.0
2026-06-08 13:35:00,510.85,510.85,510.15,510.65,23691.0
2026-06-08 13:40:00,510.65,510.85,510.0,510.1,66058.0
2026-06-08 13:45:00,510.05,510.95,510.0,510.8,33153.0
2026-06-08 13:50:00,510.8,510.9,510.2,510.55,23331.0
2026-06-08 13:55:00,510.6,511.7,510.25,511.35,47872.0
2026-06-08 14:00:00,511.35,511.85,510.7,511.5,16517.0
2026-06-08 14:05:00,511.3,511.5,510.3,510.9,32020.0
2026-06-08 14:10:00,510.9,511.5,510.0,510.65,35158.0
2026-06-08 14:15:00,510.65,513.0,510.3,512.65,63224.0
2026-06-08 14:20:00,512.5,512.65,508.55,509.55,146516.0
2026-06-08 14:25:00,509.55,509.9,508.75,509.4,25410.0
2026-06-08 14:30:00,509.3,510.2,509.2,510.05,35751.0
2026-06-08 14:35:00,510.05,510.15,509.15,509.8,11277.0
2026-06-08 14:40:00,509.8,511.0,509.5,511.0,36696.0
2026-06-08 14:45:00,511.0,511.0,510.0,510.45,18960.0
2026-06-08 14:50:00,510.25,510.8,509.55,509.7,32318.0
2026-06-08 14:55:00,509.7,509.75,508.0,509.25,78906.0
2026-06-08 15:00:00,509.3,509.3,508.0,508.3,43256.0
2026-06-08 15:05:00,508.3,509.45,507.85,509.3,53958.0
2026-06-08 15:10:00,509.45,509.5,505.2,505.2,129976.0
2026-06-08 15:15:00,505.7,505.9,505.0,505.5,95755.0
2026-06-08 15:20:00,505.45,506.15,504.0,504.85,132565.0
2026-06-08 15:25:00,504.8,508.5,503.15,507.7,100608.0
2026-06-09 09:15:00,509.7,518.95,509.25,516.6,205744.0
2026-06-09 09:20:00,516.65,516.7,514.15,514.75,84309.0
2026-06-09 09:25:00,514.75,516.0,514.1,514.7,70165.0
2026-06-09 09:30:00,514.65,517.4,514.65,517.4,86851.0
2026-06-09 09:35:00,517.4,518.5,516.3,518.35,79686.0
2026-06-09 09:40:00,518.45,521.0,518.0,519.8,135392.0
2026-06-09 09:45:00,519.95,520.0,518.0,518.55,55200.0
2026-06-09 09:50:00,518.15,520.9,518.15,520.3,64826.0
2026-06-09 09:55:00,520.0,521.95,518.5,521.5,79806.0
2026-06-09 10:00:00,521.3,521.35,520.0,520.2,46551.0
2026-06-09 10:05:00,520.1,520.5,518.95,520.2,56462.0
2026-06-09 10:10:00,520.2,520.75,519.6,520.15,23261.0
2026-06-09 10:15:00,520.15,520.35,518.15,518.3,49636.0
2026-06-09 10:20:00,518.15,518.3,517.0,517.5,38823.0
2026-06-09 10:25:00,517.35,517.9,517.25,517.4,21702.0
2026-06-09 10:30:00,517.65,518.55,517.45,518.45,34676.0
2026-06-09 10:35:00,518.4,518.75,515.5,516.5,44838.0
2026-06-09 10:40:00,516.45,517.85,516.05,517.65,15201.0
2026-06-09 10:45:00,517.75,518.15,516.85,517.15,18546.0
2026-06-09 10:50:00,516.7,517.15,515.65,516.05,41388.0
2026-06-09 10:55:00,516.3,516.5,516.0,516.3,7147.0
2026-06-09 11:00:00,516.2,517.6,515.8,516.85,15965.0
2026-06-09 11:05:00,517.0,518.15,516.95,517.0,15987.0
2026-06-09 11:10:00,517.2,517.55,517.0,517.0,7961.0
2026-06-09 11:15:00,517.3,518.55,517.0,518.3,12069.0
2026-06-09 11:20:00,518.2,518.6,516.4,516.5,18015.0
2026-06-09 11:25:00,516.5,516.8,516.25,516.65,14778.0
2026-06-09 11:30:00,516.65,516.7,516.15,516.25,11436.0
2026-06-09 11:35:00,516.55,517.85,516.1,517.75,21255.0
2026-06-09 11:40:00,517.75,518.4,517.0,517.9,8634.0
2026-06-09 11:45:00,517.7,519.5,517.7,519.0,35285.0
2026-06-09 11:50:00,519.15,519.8,518.55,518.55,23719.0
2026-06-09 11:55:00,518.6,519.1,518.2,518.65,10574.0
2026-06-09 12:00:00,518.65,518.95,518.15,518.45,8532.0
2026-06-09 12:05:00,518.45,518.45,517.05,517.85,13526.0
2026-06-09 12:10:00,517.85,518.4,517.6,518.1,8133.0
2026-06-09 12:15:00,518.6,518.85,518.0,518.65,21513.0
2026-06-09 12:20:00,518.65,519.1,518.05,518.4,37014.0
2026-06-09 12:25:00,518.5,519.7,518.4,519.5,20552.0
2026-06-09 12:30:00,519.4,519.8,519.0,519.1,12144.0
2026-06-09 12:35:00,519.05,519.5,518.5,518.85,9969.0
2026-06-09 12:40:00,518.85,519.45,518.7,519.05,4198.0
2026-06-09 12:45:00,519.1,519.9,518.8,518.8,16311.0
2026-06-09 12:50:00,518.8,519.0,518.25,518.5,5669.0
2026-06-09 12:55:00,518.5,518.65,516.7,516.85,24277.0
2026-06-09 13:00:00,517.0,517.65,516.7,517.15,12740.0
2026-06-09 13:05:00,516.9,517.35,516.6,517.05,17166.0
2026-06-09 13:10:00,517.0,517.5,514.25,516.2,152273.0
2026-06-09 13:15:00,516.2,516.25,514.3,514.8,51089.0
2026-06-09 13:20:00,514.8,515.5,514.5,514.75,18876.0
2026-06-09 13:25:00,514.7,515.2,514.5,515.2,14171.0
2026-06-09 13:30:00,515.15,515.25,513.85,514.2,38667.0
2026-06-09 13:35:00,514.5,515.0,514.05,514.6,18399.0
2026-06-09 13:40:00,514.7,514.9,514.0,514.2,9915.0
2026-06-09 13:45:00,514.0,514.95,514.0,514.6,14370.0
2026-06-09 13:50:00,514.55,514.55,513.5,513.8,16282.0
2026-06-09 13:55:00,513.9,514.25,513.4,514.25,19638.0
2026-06-09 14:00:00,514.25,514.85,514.05,514.6,9580.0
2026-06-09 14:05:00,514.8,516.0,514.5,514.8,35942.0
2026-06-09 14:10:00,514.8,515.2,514.0,514.1,23123.0
2026-06-09 14:15:00,514.05,514.5,513.55,513.85,25803.0
2026-06-09 14:20:00,513.75,514.45,513.75,514.1,10045.0
2026-06-09 14:25:00,514.45,514.6,514.0,514.45,8832.0
2026-06-09 14:30:00,514.45,514.75,514.2,514.6,9853.0
2026-06-09 14:35:00,514.6,514.95,514.1,514.95,13881.0
2026-06-09 14:40:00,514.75,516.0,514.7,516.0,27561.0
2026-06-09 14:45:00,515.75,516.15,515.15,515.35,23774.0
2026-06-09 14:50:00,515.65,515.9,515.05,515.9,19259.0
2026-06-09 14:55:00,515.75,516.9,515.75,516.9,30187.0
2026-06-09 15:00:00,516.9,518.0,515.6,517.75,51285.0
2026-06-09 15:05:00,518.1,518.65,517.5,518.5,31771.0
2026-06-09 15:10:00,518.5,519.15,517.8,519.0,40661.0
2026-06-09 15:15:00,519.15,520.75,519.0,520.5,64741.0
2026-06-09 15:20:00,520.5,521.0,519.1,520.25,70980.0
2026-06-09 15:25:00,520.45,522.2,520.2,522.0,93494.0
2026-06-10 09:15:00,521.0,521.5,508.4,509.0,276989.0
2026-06-10 09:20:00,509.0,509.95,507.95,509.75,105337.0
2026-06-10 09:25:00,509.65,511.8,509.1,510.95,145143.0
2026-06-10 09:30:00,511.0,512.4,510.0,511.8,71849.0
2026-06-10 09:35:00,511.75,511.9,511.05,511.5,39858.0
2026-06-10 09:40:00,511.55,511.75,511.0,511.25,18529.0
2026-06-10 09:45:00,511.25,511.95,511.15,511.8,22446.0
2026-06-10 09:50:00,511.8,511.8,510.85,510.85,28069.0
2026-06-10 09:55:00,511.0,511.3,510.6,510.8,20624.0
2026-06-10 10:00:00,510.9,511.9,510.55,511.7,36522.0
2026-06-10 10:05:00,511.6,511.6,510.5,510.55,10873.0
2026-06-10 10:10:00,510.75,511.1,510.5,510.75,11613.0
2026-06-10 10:15:00,510.75,511.3,510.25,511.0,16432.0
2026-06-10 10:20:00,511.1,511.1,510.0,510.2,12967.0
2026-06-10 10:25:00,510.4,510.8,510.0,510.75,12903.0
2026-06-10 10:30:00,510.75,511.0,510.4,511.0,8295.0
2026-06-10 10:35:00,510.9,512.05,510.75,510.9,48692.0
2026-06-10 10:40:00,510.9,511.85,510.75,511.15,21924.0
2026-06-10 10:45:00,511.0,511.4,510.15,511.0,16554.0
2026-06-10 10:50:00,511.0,511.15,510.5,510.9,8128.0
2026-06-10 10:55:00,511.0,511.1,508.2,508.8,58534.0
2026-06-10 11:00:00,508.65,509.05,508.5,508.75,21935.0
2026-06-10 11:05:00,508.75,509.0,507.0,507.25,91834.0
2026-06-10 11:10:00,507.25,507.9,506.65,507.6,82743.0
2026-06-10 11:15:00,507.5,508.4,507.5,507.9,21974.0
2026-06-10 11:20:00,507.9,508.3,507.4,507.5,37484.0
2026-06-10 11:25:00,507.4,508.35,507.1,508.3,26114.0
2026-06-10 11:30:00,508.35,508.35,507.6,508.3,19207.0
2026-06-10 11:35:00,508.3,508.85,507.5,508.1,29624.0
2026-06-10 11:40:00,508.25,508.6,507.8,508.0,20677.0
2026-06-10 11:45:00,508.0,508.7,507.8,508.4,14265.0
2026-06-10 11:50:00,508.6,508.6,507.8,508.15,14303.0
2026-06-10 11:55:00,508.0,508.5,507.75,508.2,16821.0
2026-06-10 12:00:00,508.5,508.5,508.05,508.3,12329.0
2026-06-10 12:05:00,508.35,509.25,508.05,508.9,45954.0
2026-06-10 12:10:00,508.9,508.9,508.2,508.4,11139.0
2026-06-10 12:15:00,508.4,508.9,508.2,508.5,17960.0
2026-06-10 12:20:00,508.5,508.75,507.6,507.65,18393.0
2026-06-10 12:25:00,507.95,507.95,507.0,507.0,29365.0
2026-06-10 12:30:00,507.0,507.5,507.0,507.05,23566.0
2026-06-10 12:35:00,507.05,507.6,507.0,507.05,26999.0
2026-06-10 12:40:00,507.2,507.25,506.25,506.3,34328.0
2026-06-10 12:45:00,506.5,506.5,506.0,506.1,25268.0
2026-06-10 12:50:00,506.1,508.6,506.0,507.55,80566.0
2026-06-10 12:55:00,507.3,509.35,507.0,508.35,53364.0
2026-06-10 13:00:00,509.0,510.8,508.8,510.45,67591.0
2026-06-10 13:05:00,510.5,510.95,509.45,510.0,42210.0
2026-06-10 13:10:00,510.0,510.0,509.35,509.8,27055.0
2026-06-10 13:15:00,509.75,509.8,509.2,509.55,28830.0
2026-06-10 13:20:00,509.75,510.5,509.3,509.65,49969.0
2026-06-10 13:25:00,509.65,511.35,509.35,511.35,38234.0
2026-06-10 13:30:00,511.3,511.3,510.0,510.6,21085.0
2026-06-10 13:35:00,510.7,511.2,510.05,510.65,41829.0
2026-06-10 13:40:00,510.3,510.85,510.0,510.4,18972.0
2026-06-10 13:45:00,510.4,511.0,510.15,510.95,24427.0
2026-06-10 13:50:00,511.0,511.2,510.55,511.0,23257.0
2026-06-10 13:55:00,511.0,511.4,510.6,511.4,25343.0
2026-06-10 14:00:00,511.4,511.55,510.55,511.5,31861.0
2026-06-10 14:05:00,511.2,511.5,511.0,511.45,21325.0
2026-06-10 14:10:00,511.2,511.5,510.3,510.65,20210.0
2026-06-10 14:15:00,510.35,510.95,510.2,510.75,25253.0
2026-06-10 14:20:00,510.8,511.25,510.3,511.2,36169.0
2026-06-10 14:25:00,510.9,511.95,510.85,511.85,27362.0
2026-06-10 14:30:00,512.0,512.25,511.0,511.7,26074.0
2026-06-10 14:35:00,511.8,512.3,511.35,511.9,42920.0
2026-06-10 14:40:00,511.9,512.0,509.9,510.3,60725.0
2026-06-10 14:45:00,510.25,511.35,509.6,510.5,55396.0
2026-06-10 14:50:00,510.5,511.35,510.0,510.5,32774.0
2026-06-10 14:55:00,510.5,510.7,510.0,510.7,29021.0
2026-06-10 15:00:00,511.0,511.95,510.9,511.35,35935.0
2026-06-10 15:05:00,511.5,513.95,511.1,513.5,67469.0
2026-06-10 15:10:00,513.55,514.05,512.0,512.4,58098.0
2026-06-10 15:15:00,512.55,512.55,509.6,510.1,73876.0
2026-06-10 15:20:00,510.1,510.1,507.6,508.35,60300.0
2026-06-10 15:25:00,508.5,511.0,507.15,510.8,81998.0
2026-06-11 09:15:00,503.0,506.35,498.7,501.0,236296.0
2026-06-11 09:20:00,500.95,504.7,500.6,503.95,126803.0
2026-06-11 09:25:00,503.9,504.25,501.7,503.5,96687.0
2026-06-11 09:30:00,503.75,506.35,503.0,504.25,93549.0
2026-06-11 09:35:00,504.0,505.25,503.5,504.65,37498.0
2026-06-11 09:40:00,504.5,505.55,503.5,505.25,39762.0
2026-06-11 09:45:00,505.25,505.45,503.55,504.0,23229.0
2026-06-11 09:50:00,503.75,504.45,503.1,503.6,20453.0
2026-06-11 09:55:00,503.75,503.85,501.6,502.15,69485.0
2026-06-11 10:00:00,502.2,504.0,501.55,503.15,35542.0
2026-06-11 10:05:00,503.15,505.9,502.4,505.7,39655.0
2026-06-11 10:10:00,505.85,506.35,504.4,504.7,42933.0
2026-06-11 10:15:00,504.65,506.0,504.55,506.0,20958.0
2026-06-11 10:20:00,506.0,509.8,505.6,508.6,129110.0
2026-06-11 10:25:00,508.6,509.8,507.3,508.45,84202.0
2026-06-11 10:30:00,508.45,508.8,507.3,508.3,16356.0
2026-06-11 10:35:00,508.3,508.3,507.3,507.85,25754.0
2026-06-11 10:40:00,507.6,508.8,507.5,508.4,23764.0
2026-06-11 10:45:00,508.4,509.75,507.35,507.35,82864.0
2026-06-11 10:50:00,507.5,507.8,504.0,504.6,72048.0
2026-06-11 10:55:00,504.45,505.45,504.3,505.05,30695.0
2026-06-11 11:00:00,505.35,506.7,504.6,506.15,33487.0
2026-06-11 11:05:00,506.05,506.95,505.95,506.25,38202.0
2026-06-11 11:10:00,506.25,506.4,505.05,505.45,18433.0
2026-06-11 11:15:00,505.5,505.75,504.6,504.6,16880.0
2026-06-11 11:20:00,504.7,505.2,504.0,504.65,51332.0
2026-06-11 11:25:00,504.5,504.8,503.55,503.8,37367.0
2026-06-11 11:30:00,503.8,504.0,502.75,503.0,59861.0
2026-06-11 11:35:00,503.0,503.0,501.0,502.6,68741.0
2026-06-11 11:40:00,502.8,502.85,500.8,501.0,82909.0
2026-06-11 11:45:00,500.95,502.1,500.45,502.0,79858.0
2026-06-11 11:50:00,502.3,502.7,501.8,502.55,26289.0
2026-06-11 11:55:00,502.55,502.8,502.0,502.0,20930.0
2026-06-11 12:00:00,502.0,502.7,501.85,502.1,18288.0
2026-06-11 12:05:00,502.3,502.35,501.45,501.8,26453.0
2026-06-11 12:10:00,501.9,502.0,501.5,501.7,12162.0
2026-06-11 12:15:00,501.7,502.35,501.5,501.9,13604.0
2026-06-11 12:20:00,501.95,502.0,501.0,501.9,15623.0
2026-06-11 12:25:00,503.2,503.25,502.15,502.8,87776.0
2026-06-11 12:30:00,502.75,504.0,502.6,503.7,21297.0
2026-06-11 12:35:00,503.7,503.7,502.55,503.1,11222.0
2026-06-11 12:40:00,503.0,503.45,502.0,502.3,23055.0
2026-06-11 12:45:00,502.35,502.4,500.7,501.15,61845.0
2026-06-11 12:50:00,501.0,501.15,500.0,500.55,44486.0
2026-06-11 12:55:00,500.15,501.0,500.0,500.45,61831.0
2026-06-11 13:00:00,500.45,500.9,499.6,500.15,44304.0
2026-06-11 13:05:00,500.05,500.8,500.0,500.05,16786.0
2026-06-11 13:10:00,500.05,500.3,499.0,499.4,30380.0
2026-06-11 13:15:00,499.2,499.4,498.7,499.25,36824.0
2026-06-11 13:20:00,499.25,499.3,498.7,499.15,22248.0
2026-06-11 13:25:00,499.15,499.3,498.7,499.1,17501.0
2026-06-11 13:30:00,499.0,500.2,498.95,499.3,86481.0
2026-06-11 13:35:00,499.35,499.75,499.0,499.25,12911.0
2026-06-11 13:40:00,499.3,499.4,498.6,498.95,19766.0
2026-06-11 13:45:00,498.95,499.75,498.7,499.2,21584.0
2026-06-11 13:50:00,499.0,499.8,499.0,499.8,9777.0
2026-06-11 13:55:00,499.6,500.0,499.5,499.9,17577.0
2026-06-11 14:00:00,499.75,500.0,499.7,500.0,8055.0
2026-06-11 14:05:00,500.0,500.25,499.5,499.9,15830.0
2026-06-11 14:10:00,499.9,500.2,499.4,500.1,23235.0
2026-06-11 14:15:00,500.1,500.4,499.35,500.05,26364.0
2026-06-11 14:20:00,500.05,500.5,500.05,500.25,19509.0
2026-06-11 14:25:00,500.4,501.85,500.25,501.5,30476.0
2026-06-11 14:30:00,501.7,501.85,501.3,501.4,14970.0
2026-06-11 14:35:00,501.3,501.4,500.3,500.4,35913.0
2026-06-11 14:40:00,500.5,501.4,500.4,500.8,17745.0
2026-06-11 14:45:00,500.8,501.75,500.6,501.0,36631.0
2026-06-11 14:50:00,501.0,501.75,500.85,501.5,22671.0
2026-06-11 14:55:00,501.5,501.7,501.05,501.05,30459.0
2026-06-11 15:00:00,501.3,501.45,499.15,499.7,93255.0
2026-06-11 15:05:00,499.7,500.8,499.0,500.25,78954.0
2026-06-11 15:10:00,500.4,500.55,499.6,500.0,26793.0
2026-06-11 15:15:00,500.15,500.15,498.0,498.5,108567.0
2026-06-11 15:20:00,498.3,498.8,497.5,498.55,80693.0
2026-06-11 15:25:00,498.4,499.95,498.1,499.95,57066.0
2026-06-12 09:15:00,512.95,514.65,510.2,512.9,233287.0
2026-06-12 09:20:00,513.0,515.4,511.3,513.95,200733.0
2026-06-12 09:25:00,513.95,514.0,511.7,511.85,58818.0
2026-06-12 09:30:00,511.95,513.55,511.7,513.4,50908.0
2026-06-12 09:35:00,513.4,514.5,512.35,513.95,56282.0
2026-06-12 09:40:00,514.65,516.85,513.55,515.2,98904.0
2026-06-12 09:45:00,515.55,516.2,514.85,515.35,72399.0
2026-06-12 09:50:00,515.05,515.1,511.5,511.5,71564.0
2026-06-12 09:55:00,511.8,512.95,511.8,512.25,32009.0
2026-06-12 10:00:00,512.5,513.45,512.3,513.3,15256.0
2026-06-12 10:05:00,513.45,514.8,513.3,514.6,41643.0
2026-06-12 10:10:00,514.6,515.95,514.05,515.85,43236.0
2026-06-12 10:15:00,515.75,516.8,514.3,515.0,69257.0
2026-06-12 10:20:00,515.0,515.0,514.3,514.6,16851.0
2026-06-12 10:25:00,514.6,515.5,514.3,514.65,31673.0
2026-06-12 10:30:00,514.95,515.2,514.5,514.7,9871.0
2026-06-12 10:35:00,514.7,515.25,514.5,515.15,25440.0
2026-06-12 10:40:00,515.15,516.45,515.1,515.35,43048.0
2026-06-12 10:45:00,515.3,515.5,513.8,514.55,33741.0
2026-06-12 10:50:00,514.55,514.55,513.85,514.0,14310.0
2026-06-12 10:55:00,514.0,514.15,513.35,514.0,12728.0
2026-06-12 11:00:00,514.0,514.0,512.3,512.5,25278.0
2026-06-12 11:05:00,512.5,513.0,512.05,512.65,15454.0
2026-06-12 11:10:00,512.65,513.7,512.5,513.7,10038.0
2026-06-12 11:15:00,513.55,514.35,513.0,513.3,15034.0
2026-06-12 11:20:00,513.3,513.75,512.5,513.4,19127.0
2026-06-12 11:25:00,513.45,513.7,510.7,511.05,47226.0
2026-06-12 11:30:00,511.05,511.15,510.3,511.0,42585.0
2026-06-12 11:35:00,511.0,511.0,510.45,510.6,18333.0
2026-06-12 11:40:00,510.6,511.5,508.75,509.5,191748.0
2026-06-12 11:45:00,509.45,509.85,508.0,508.25,42612.0
2026-06-12 11:50:00,508.0,508.7,508.0,508.45,30242.0
2026-06-12 11:55:00,508.45,508.95,508.2,508.7,18462.0
2026-06-12 12:00:00,508.7,509.0,508.0,508.9,34741.0
2026-06-12 12:05:00,508.9,509.0,508.0,508.3,26782.0
2026-06-12 12:10:00,508.25,508.45,507.6,507.9,20628.0
2026-06-12 12:15:00,508.0,508.5,507.5,508.25,25821.0
2026-06-12 12:20:00,508.0,508.8,508.0,508.6,9261.0
2026-06-12 12:25:00,508.8,509.0,508.55,508.9,16388.0
2026-06-12 12:30:00,508.9,508.95,508.4,508.65,10423.0
2026-06-12 12:35:00,508.9,508.9,508.3,508.65,10811.0
2026-06-12 12:40:00,508.5,508.75,507.5,508.0,18053.0
2026-06-12 12:45:00,508.0,508.3,507.5,507.85,28605.0
2026-06-12 12:50:00,508.0,508.4,507.55,508.25,12855.0
2026-06-12 12:55:00,508.0,508.25,507.75,507.75,7406.0
2026-06-12 13:00:00,507.95,508.05,507.7,508.0,7282.0
2026-06-12 13:05:00,507.95,508.5,507.8,508.25,15841.0
2026-06-12 13:10:00,508.25,508.45,507.95,508.15,7285.0
2026-06-12 13:15:00,508.2,508.8,508.05,508.7,6668.0
2026-06-12 13:20:00,508.65,508.95,508.35,508.55,5841.0
2026-06-12 13:25:00,508.5,509.2,508.05,508.85,23875.0
2026-06-12 13:30:00,508.95,509.0,508.45,508.45,25635.0
2026-06-12 13:35:00,508.8,508.85,508.05,508.8,11509.0
2026-06-12 13:40:00,508.9,509.0,508.5,508.95,16326.0
2026-06-12 13:45:00,508.95,509.2,508.75,509.0,57602.0
2026-06-12 13:50:00,509.0,511.45,508.8,511.45,78955.0
2026-06-12 13:55:00,511.45,512.7,511.0,511.95,61246.0
2026-06-12 14:00:00,512.1,512.25,509.5,510.35,90809.0
2026-06-12 14:05:00,510.35,511.8,510.3,511.1,41426.0
2026-06-12 14:10:00,511.4,512.5,511.15,512.5,18345.0
2026-06-12 14:15:00,512.5,512.65,511.15,512.45,78862.0
2026-06-12 14:20:00,510.9,511.75,509.8,509.9,99168.0
2026-06-12 14:25:00,509.9,510.0,508.15,509.3,133020.0
2026-06-12 14:30:00,509.5,509.5,508.15,509.0,50812.0
2026-06-12 14:35:00,508.9,509.6,508.45,509.6,47206.0
2026-06-12 14:40:00,509.6,511.0,508.95,510.35,95884.0
2026-06-12 14:45:00,510.35,511.3,509.0,510.2,118140.0
2026-06-12 14:50:00,510.05,510.15,508.65,509.0,51500.0
2026-06-12 14:55:00,509.0,509.3,508.45,509.25,54861.0
2026-06-12 15:00:00,508.8,511.6,508.45,511.5,120633.0
2026-06-12 15:05:00,511.5,511.5,508.75,510.2,153150.0
2026-06-12 15:10:00,510.4,510.8,509.75,510.45,57805.0
2026-06-12 15:15:00,510.2,510.45,508.9,510.4,126323.0
2026-06-12 15:20:00,510.15,510.5,509.7,510.25,70495.0
2026-06-12 15:25:00,510.3,512.0,509.75,511.6,136088.0
2026-06-15 09:15:00,522.0,532.2,521.95,528.2,509721.0
2026-06-15 09:20:00,528.2,529.4,525.5,527.0,129030.0
2026-06-15 09:25:00,526.75,528.4,525.85,527.2,128178.0
2026-06-15 09:30:00,526.8,528.7,526.4,527.75,86166.0
2026-06-15 09:35:00,527.5,530.0,527.5,528.9,139146.0
2026-06-15 09:40:00,529.0,529.9,528.1,528.25,127387.0
2026-06-15 09:45:00,528.5,528.65,526.9,526.9,48974.0
2026-06-15 09:50:00,526.9,527.75,526.0,526.0,43187.0
2026-06-15 09:55:00,526.0,526.15,524.2,525.75,112721.0
2026-06-15 10:00:00,525.9,526.25,524.65,525.15,56488.0
2026-06-15 10:05:00,525.1,525.45,524.15,525.3,70900.0
2026-06-15 10:10:00,525.3,526.0,525.2,525.8,26391.0
2026-06-15 10:15:00,525.95,526.0,524.55,524.9,19488.0
2026-06-15 10:20:00,524.9,525.95,524.8,525.1,16774.0
2026-06-15 10:25:00,525.35,525.55,524.85,525.0,15637.0
2026-06-15 10:30:00,525.0,525.75,524.75,525.0,23574.0
2026-06-15 10:35:00,525.1,525.3,524.5,525.15,29590.0
2026-06-15 10:40:00,525.15,525.6,524.7,525.6,13039.0
2026-06-15 10:45:00,525.4,525.95,525.1,525.8,20669.0
2026-06-15 10:50:00,525.7,527.95,525.55,527.35,41051.0
2026-06-15 10:55:00,527.4,528.3,527.15,528.05,32312.0
2026-06-15 11:00:00,528.1,529.5,527.65,529.2,110508.0
2026-06-15 11:05:00,529.2,530.65,529.2,529.65,67949.0
2026-06-15 11:10:00,529.35,529.65,528.25,528.5,38378.0
2026-06-15 11:15:00,528.7,529.4,528.35,529.2,39911.0
2026-06-15 11:20:00,529.25,529.6,528.7,529.35,16211.0
2026-06-15 11:25:00,529.1,530.5,529.1,530.25,51431.0
2026-06-15 11:30:00,530.2,530.2,528.0,528.7,42943.0
2026-06-15 11:35:00,528.5,528.9,528.0,528.4,19674.0
2026-06-15 11:40:00,528.4,529.0,528.2,528.55,14207.0
2026-06-15 11:45:00,528.75,528.85,528.05,528.7,19741.0
2026-06-15 11:50:00,528.5,530.75,528.2,530.75,91257.0
2026-06-15 11:55:00,530.8,530.8,529.5,530.0,48651.0
2026-06-15 12:00:00,530.1,530.65,527.05,527.45,64641.0
2026-06-15 12:05:00,527.05,527.65,526.55,526.65,59681.0
2026-06-15 12:10:00,526.65,526.95,524.7,525.3,117149.0
2026-06-15 12:15:00,525.1,525.75,525.0,525.3,26752.0
2026-06-15 12:20:00,525.45,525.7,524.75,525.6,71188.0
2026-06-15 12:25:00,525.65,525.7,524.8,525.25,15808.0
2026-06-15 12:30:00,525.25,525.35,524.7,525.0,26183.0
2026-06-15 12:35:00,525.0,525.45,524.55,524.85,52273.0
2026-06-15 12:40:00,524.8,525.0,524.7,524.9,8035.0
2026-06-15 12:45:00,524.9,525.0,524.85,524.9,7020.0
2026-06-15 12:50:00,525.0,525.05,524.8,525.0,38575.0
2026-06-15 12:55:00,525.0,525.7,524.85,525.6,42980.0
2026-06-15 13:00:00,525.65,526.35,525.2,526.0,17741.0
2026-06-15 13:05:00,526.2,526.9,526.0,526.5,26185.0
2026-06-15 13:10:00,526.6,527.7,524.6,524.8,99451.0
2026-06-15 13:15:00,525.0,525.0,524.8,525.0,26517.0
2026-06-15 13:20:00,525.0,525.0,524.25,524.7,92787.0
2026-06-15 13:25:00,524.5,525.0,524.35,524.5,15951.0
2026-06-15 13:30:00,524.5,524.5,523.15,523.45,29596.0
2026-06-15 13:35:00,523.4,523.5,523.0,523.5,15833.0
2026-06-15 13:40:00,523.5,523.75,523.2,523.5,5700.0
2026-06-15 13:45:00,523.55,523.7,521.75,522.85,120880.0
2026-06-15 13:50:00,522.85,524.0,521.95,524.0,84172.0
2026-06-15 13:55:00,523.95,523.95,521.5,521.6,56549.0
2026-06-15 14:00:00,521.6,521.85,521.2,521.3,20264.0
2026-06-15 14:05:00,521.45,521.65,517.65,518.3,154164.0
2026-06-15 14:10:00,518.25,518.35,517.1,518.05,51518.0
2026-06-15 14:15:00,518.1,518.7,517.6,518.15,60033.0
2026-06-15 14:20:00,518.2,518.6,516.8,517.35,55674.0
2026-06-15 14:25:00,517.15,518.5,516.75,518.2,29668.0
2026-06-15 14:30:00,518.45,519.0,518.0,518.4,29608.0
2026-06-15 14:35:00,518.6,519.0,518.3,518.5,23598.0
2026-06-15 14:40:00,518.65,518.65,517.15,517.4,26311.0
2026-06-15 14:45:00,517.1,517.45,515.55,516.45,55920.0
2026-06-15 14:50:00,516.45,516.5,515.3,516.05,32142.0
2026-06-15 14:55:00,516.25,516.6,515.7,515.7,32315.0
2026-06-15 15:00:00,516.2,516.35,514.3,515.25,90544.0
2026-06-15 15:05:00,515.1,515.8,514.35,515.8,89824.0
2026-06-15 15:10:00,515.6,516.45,515.1,515.2,57364.0
2026-06-15 15:15:00,515.35,516.95,515.35,516.9,118512.0
2026-06-15 15:20:00,516.95,517.2,515.7,516.2,87363.0
2026-06-15 15:25:00,516.2,518.9,515.5,518.6,107376.0
2026-06-16 09:15:00,518.5,518.5,511.45,512.75,191725.0
2026-06-16 09:20:00,512.8,513.45,511.15,511.9,124420.0
2026-06-16 09:25:00,511.85,512.9,511.7,512.2,53770.0
2026-06-16 09:30:00,512.2,512.2,511.35,511.55,70906.0
2026-06-16 09:35:00,511.55,513.3,511.35,513.0,60661.0
2026-06-16 09:40:00,513.0,513.25,512.4,512.75,27636.0
2026-06-16 09:45:00,512.85,514.3,512.75,513.15,54020.0
2026-06-16 09:50:00,513.5,514.0,512.65,513.85,25116.0
2026-06-16 09:55:00,513.9,514.5,513.5,514.0,34688.0
2026-06-16 10:00:00,514.0,514.55,512.75,513.45,28552.0
2026-06-16 10:05:00,513.2,513.45,512.5,512.7,16237.0
2026-06-16 10:10:00,512.5,513.2,512.25,513.0,26179.0
2026-06-16 10:15:00,513.2,513.3,512.5,513.25,11824.0
2026-06-16 10:20:00,513.25,513.45,512.15,512.45,27384.0
2026-06-16 10:25:00,512.5,512.5,511.65,512.2,22397.0
2026-06-16 10:30:00,512.5,513.95,512.2,513.95,20341.0
2026-06-16 10:35:00,513.75,514.7,513.4,514.0,33000.0
2026-06-16 10:40:00,513.95,514.7,513.6,514.1,22729.0
2026-06-16 10:45:00,514.25,514.7,514.0,514.7,16160.0
2026-06-16 10:50:00,514.4,514.7,513.5,513.65,24472.0
2026-06-16 10:55:00,513.65,514.0,513.55,513.7,6829.0
2026-06-16 11:00:00,513.7,513.7,512.5,512.65,18033.0
2026-06-16 11:05:00,512.5,513.0,512.05,512.15,43818.0
2026-06-16 11:10:00,512.45,512.55,511.85,511.85,23509.0
2026-06-16 11:15:00,512.0,512.3,510.25,510.7,69896.0
2026-06-16 11:20:00,510.65,511.65,510.3,511.5,15446.0
2026-06-16 11:25:00,511.7,511.85,511.0,511.6,14745.0
2026-06-16 11:30:00,511.6,511.65,510.85,511.65,16466.0
2026-06-16 11:35:00,511.65,511.65,510.6,511.05,13223.0
2026-06-16 11:40:00,511.2,511.6,510.55,510.8,15823.0
2026-06-16 11:45:00,511.15,511.5,510.85,511.0,21894.0
2026-06-16 11:50:00,511.3,511.45,509.05,510.0,129374.0
2026-06-16 11:55:00,510.0,510.0,509.55,509.7,32272.0
2026-06-16 12:00:00,509.85,509.85,509.0,509.35,24785.0
2026-06-16 12:05:00,509.25,509.9,509.25,509.7,8200.0
2026-06-16 12:10:00,509.4,509.9,508.3,508.55,37707.0
2026-06-16 12:15:00,508.55,508.9,508.1,508.6,25495.0
2026-06-16 12:20:00,508.65,508.8,507.5,508.0,49164.0
2026-06-16 12:25:00,508.0,508.0,507.8,508.0,15134.0
2026-06-16 12:30:00,508.0,508.0,507.0,507.55,37011.0
2026-06-16 12:35:00,507.6,508.0,507.35,507.65,18931.0
2026-06-16 12:40:00,507.8,508.0,507.5,507.95,15566.0
2026-06-16 12:45:00,507.95,508.0,507.5,508.0,12125.0
2026-06-16 12:50:00,507.8,508.0,507.6,507.95,18522.0
2026-06-16 12:55:00,507.95,508.0,507.65,508.0,7151.0
2026-06-16 13:00:00,507.95,508.0,507.75,507.8,9103.0
2026-06-16 13:05:00,507.8,508.0,507.8,508.0,51670.0
2026-06-16 13:10:00,507.95,508.95,507.75,508.65,75594.0
2026-06-16 13:15:00,508.65,509.55,508.35,509.3,22566.0
2026-06-16 13:20:00,509.5,510.0,508.4,508.5,30098.0
2026-06-16 13:25:00,508.8,508.95,508.25,508.85,10501.0
2026-06-16 13:30:00,508.85,509.2,508.25,509.0,16832.0
2026-06-16 13:35:00,509.0,509.25,508.7,508.9,29890.0
2026-06-16 13:40:00,509.0,509.95,509.0,509.7,15107.0
2026-06-16 13:45:00,509.8,510.4,509.7,510.4,23052.0
2026-06-16 13:50:00,510.4,510.4,509.6,510.25,16554.0
2026-06-16 13:55:00,510.25,511.45,510.2,510.95,37858.0
2026-06-16 14:00:00,510.85,510.95,509.35,510.05,67202.0
2026-06-16 14:05:00,510.3,510.5,510.0,510.5,18220.0
2026-06-16 14:10:00,510.7,511.25,510.35,510.55,20021.0
2026-06-16 14:15:00,510.8,510.8,510.35,510.65,5408.0
2026-06-16 14:20:00,510.65,510.65,508.5,509.2,65836.0
2026-06-16 14:25:00,509.2,509.55,508.8,509.25,19956.0
2026-06-16 14:30:00,509.25,510.8,509.1,510.65,33607.0
2026-06-16 14:35:00,510.55,510.55,508.7,509.0,55293.0
2026-06-16 14:40:00,509.0,510.25,508.95,509.85,33434.0
2026-06-16 14:45:00,509.85,510.7,509.7,510.25,17534.0
2026-06-16 14:50:00,510.25,511.25,510.1,511.0,30688.0
2026-06-16 14:55:00,511.0,511.2,510.55,510.9,16464.0
2026-06-16 15:00:00,511.25,511.45,510.7,511.0,29142.0
2026-06-16 15:05:00,510.95,511.2,510.65,511.2,24142.0
2026-06-16 15:10:00,511.2,512.45,511.0,511.7,93052.0
2026-06-16 15:15:00,511.9,512.4,511.15,512.15,61346.0
2026-06-16 15:20:00,512.1,512.9,511.25,511.9,60383.0
2026-06-16 15:25:00,511.95,513.0,511.65,513.0,81855.0
2026-06-17 09:15:00,513.0,514.5,508.2,508.75,204418.0
2026-06-17 09:20:00,508.75,509.4,507.75,508.25,92230.0
2026-06-17 09:25:00,508.05,509.45,508.0,509.4,49162.0
2026-06-17 09:30:00,509.45,510.0,508.95,509.8,44102.0
2026-06-17 09:35:00,509.75,511.45,508.4,510.75,61340.0
2026-06-17 09:40:00,510.75,512.75,510.6,511.85,115895.0
2026-06-17 09:45:00,512.0,512.4,510.3,512.15,79450.0
2026-06-17 09:50:00,512.05,516.45,511.45,515.5,150093.0
2026-06-17 09:55:00,515.55,518.6,515.15,517.7,206087.0
2026-06-17 10:00:00,517.6,517.7,515.5,515.55,58177.0
2026-06-17 10:05:00,515.8,517.95,515.55,516.8,91327.0
2026-06-17 10:10:00,517.05,517.65,516.4,516.8,46870.0
2026-06-17 10:15:00,516.85,517.7,516.45,517.25,34827.0
2026-06-17 10:20:00,517.25,518.2,516.8,517.25,51914.0
2026-06-17 10:25:00,517.05,519.15,516.45,518.05,93265.0
2026-06-17 10:30:00,518.25,520.0,518.1,519.35,100368.0
2026-06-17 10:35:00,519.5,522.3,519.15,519.7,144613.0
2026-06-17 10:40:00,519.55,519.65,517.6,519.25,48917.0
2026-06-17 10:45:00,518.9,519.2,517.0,518.0,39934.0
2026-06-17 10:50:00,518.4,520.8,517.5,520.15,54493.0
2026-06-17 10:55:00,520.3,521.5,520.15,520.9,59344.0
2026-06-17 11:00:00,521.15,521.8,520.15,520.9,38525.0
2026-06-17 11:05:00,520.75,521.5,520.35,521.0,34046.0
2026-06-17 11:10:00,521.2,521.45,520.35,521.4,31925.0
2026-06-17 11:15:00,521.4,521.6,520.55,521.2,24171.0
2026-06-17 11:20:00,521.35,521.7,521.0,521.3,29002.0
2026-06-17 11:25:00,521.3,521.5,520.6,520.6,12927.0
2026-06-17 11:30:00,520.85,521.0,520.25,520.9,29845.0
2026-06-17 11:35:00,520.9,521.75,520.0,521.4,91027.0
2026-06-17 11:40:00,521.2,521.5,520.7,521.2,17489.0
2026-06-17 11:45:00,521.25,522.3,521.0,521.35,47774.0
2026-06-17 11:50:00,521.3,521.95,521.0,521.8,64105.0
2026-06-17 11:55:00,521.55,522.5,521.55,521.55,32278.0
2026-06-17 12:00:00,521.65,521.75,521.0,521.15,16490.0
2026-06-17 12:05:00,521.15,521.2,519.3,519.5,58995.0
2026-06-17 12:10:00,519.75,521.1,519.7,520.9,27606.0
2026-06-17 12:15:00,520.9,520.95,519.15,519.5,28234.0
2026-06-17 12:20:00,519.5,519.5,518.65,518.9,30857.0
2026-06-17 12:25:00,518.95,519.45,518.25,519.1,24524.0
2026-06-17 12:30:00,519.05,519.1,518.35,518.7,18751.0
2026-06-17 12:35:00,518.8,518.8,517.8,518.0,18923.0
2026-06-17 12:40:00,518.0,518.0,517.35,518.0,27310.0
2026-06-17 12:45:00,518.0,518.0,517.55,517.6,17046.0
2026-06-17 12:50:00,517.6,517.85,517.2,517.4,10860.0
2026-06-17 12:55:00,517.4,517.75,516.0,516.25,117850.0
2026-06-17 13:00:00,516.25,516.25,515.25,515.55,41461.0
2026-06-17 13:05:00,515.55,515.75,514.5,515.0,82533.0
2026-06-17 13:10:00,515.0,515.45,514.5,514.75,22409.0
2026-06-17 13:15:00,514.45,515.0,513.8,515.0,69384.0
2026-06-17 13:20:00,515.0,516.5,515.0,515.8,41698.0
2026-06-17 13:25:00,515.8,516.95,515.35,515.35,69778.0
2026-06-17 13:30:00,515.5,515.5,514.2,514.7,36689.0
2026-06-17 13:35:00,514.75,515.0,514.35,514.8,33099.0
2026-06-17 13:40:00,514.8,517.2,514.4,516.7,94658.0
2026-06-17 13:45:00,516.4,516.9,513.7,514.6,197316.0
2026-06-17 13:50:00,514.5,515.0,513.6,514.95,23439.0
2026-06-17 13:55:00,514.95,515.55,513.5,513.5,44940.0
2026-06-17 14:00:00,513.9,514.0,513.1,513.5,23197.0
2026-06-17 14:05:00,513.45,513.7,513.0,513.65,28346.0
2026-06-17 14:10:00,513.3,514.0,513.2,513.85,15341.0
2026-06-17 14:15:00,513.75,514.0,513.75,514.0,62404.0
2026-06-17 14:20:00,514.0,514.0,513.6,513.95,12635.0
2026-06-17 14:25:00,513.9,513.95,512.5,513.6,85236.0
2026-06-17 14:30:00,513.55,513.6,513.0,513.45,22461.0
2026-06-17 14:35:00,513.45,513.7,513.2,513.5,13328.0
2026-06-17 14:40:00,513.5,513.6,513.2,513.45,14251.0
2026-06-17 14:45:00,513.35,513.6,513.1,513.35,16550.0
2026-06-17 14:50:00,513.35,513.4,512.75,513.0,15259.0
2026-06-17 14:55:00,512.8,513.8,512.3,513.6,87856.0
2026-06-17 15:00:00,513.6,514.75,513.25,514.45,56324.0
2026-06-17 15:05:00,514.4,515.25,514.2,515.0,59169.0
2026-06-17 15:10:00,515.05,515.65,514.8,515.5,70044.0
2026-06-17 15:15:00,515.45,515.55,514.5,515.05,82111.0
2026-06-17 15:20:00,515.35,515.75,515.0,515.7,58138.0
2026-06-17 15:25:00,515.45,516.7,515.15,516.4,99618.0
2026-06-18 09:15:00,514.95,516.4,513.0,514.8,178696.0
2026-06-18 09:20:00,514.75,515.7,513.5,514.95,104032.0
2026-06-18 09:25:00,514.7,517.6,514.6,515.25,112306.0
2026-06-18 09:30:00,514.8,515.65,513.75,513.95,84020.0
2026-06-18 09:35:00,513.75,515.25,513.5,515.0,43828.0
2026-06-18 09:40:00,514.75,516.85,514.75,516.25,58526.0
2026-06-18 09:45:00,516.1,516.9,515.55,515.75,33579.0
2026-06-18 09:50:00,515.75,516.0,514.15,514.2,30436.0
2026-06-18 09:55:00,514.5,515.0,514.2,515.0,15771.0
2026-06-18 10:00:00,514.9,515.0,514.1,514.85,31389.0
2026-06-18 10:05:00,514.7,514.9,514.0,514.4,19775.0
2026-06-18 10:10:00,514.5,514.8,513.15,513.85,55462.0
2026-06-18 10:15:00,513.9,514.15,513.5,513.8,30760.0
2026-06-18 10:20:00,513.85,514.6,513.5,513.8,15818.0
2026-06-18 10:25:00,513.5,513.75,512.7,513.05,38813.0
2026-06-18 10:30:00,513.0,515.35,512.7,514.25,51468.0
2026-06-18 10:35:00,514.0,514.55,513.6,513.95,12689.0
2026-06-18 10:40:00,513.75,513.95,513.15,513.7,10788.0
2026-06-18 10:45:00,513.7,515.9,513.7,515.75,54493.0
2026-06-18 10:50:00,515.75,516.0,514.45,514.45,68032.0
2026-06-18 10:55:00,514.6,514.6,513.7,514.3,23338.0
2026-06-18 11:00:00,514.25,514.3,513.6,513.9,16089.0
2026-06-18 11:05:00,513.95,514.1,513.65,514.0,36999.0
2026-06-18 11:10:00,514.0,514.3,513.55,513.85,15314.0
2026-06-18 11:15:00,513.6,514.35,513.1,513.85,41000.0
2026-06-18 11:20:00,513.7,514.7,513.5,514.35,9022.0
2026-06-18 11:25:00,514.35,514.65,514.05,514.5,14794.0
2026-06-18 11:30:00,514.5,514.95,514.2,514.5,12129.0
2026-06-18 11:35:00,514.35,514.6,513.65,513.9,13479.0
2026-06-18 11:40:00,513.9,514.5,513.65,514.0,13391.0
2026-06-18 11:45:00,513.95,514.2,513.65,513.85,10380.0
2026-06-18 11:50:00,513.8,513.95,513.3,513.8,22868.0
2026-06-18 11:55:00,513.65,514.0,513.15,513.85,11749.0
2026-06-18 12:00:00,513.6,513.9,513.5,513.85,5580.0
2026-06-18 12:05:00,513.6,513.8,512.05,512.25,68286.0
2026-06-18 12:10:00,512.2,512.85,512.2,512.5,20110.0
2026-06-18 12:15:00,512.5,512.65,512.2,512.45,13293.0
2026-06-18 12:20:00,512.3,513.0,512.3,513.0,15451.0
2026-06-18 12:25:00,512.8,513.0,512.15,512.5,19440.0
2026-06-18 12:30:00,512.5,513.0,512.5,512.8,7146.0
2026-06-18 12:35:00,512.8,512.95,512.1,512.35,13422.0
2026-06-18 12:40:00,512.3,512.65,511.55,511.75,62940.0
2026-06-18 12:45:00,511.65,512.0,511.2,511.25,24386.0
2026-06-18 12:50:00,511.3,512.3,511.3,512.05,10483.0
2026-06-18 12:55:00,512.3,512.65,512.0,512.25,9585.0
2026-06-18 13:00:00,512.45,512.65,510.85,510.85,64277.0
2026-06-18 13:05:00,511.05,511.35,510.3,511.0,41816.0
2026-06-18 13:10:00,511.0,511.2,510.4,510.75,22784.0
2026-06-18 13:15:00,510.75,511.0,510.45,510.85,45555.0
2026-06-18 13:20:00,510.85,511.0,510.4,510.65,28365.0
2026-06-18 13:25:00,510.65,511.0,510.35,511.0,16823.0
2026-06-18 13:30:00,510.8,511.0,510.6,511.0,12812.0
2026-06-18 13:35:00,510.75,510.95,510.45,510.5,10380.0
2026-06-18 13:40:00,510.5,511.0,510.4,510.4,11213.0
2026-06-18 13:45:00,510.4,511.0,510.3,511.0,11218.0
2026-06-18 13:50:00,511.0,511.0,510.7,511.0,15391.0
2026-06-18 13:55:00,511.0,511.0,510.7,511.0,12072.0
2026-06-18 14:00:00,510.8,511.0,510.45,510.85,24079.0
2026-06-18 14:05:00,510.65,510.9,510.35,510.4,8903.0
2026-06-18 14:10:00,510.4,510.95,510.4,510.7,22372.0
2026-06-18 14:15:00,510.9,511.0,510.1,510.65,27571.0
2026-06-18 14:20:00,510.45,510.95,509.25,509.9,81175.0
2026-06-18 14:25:00,509.95,510.0,509.1,509.65,24833.0
2026-06-18 14:30:00,509.55,510.25,509.4,509.95,12276.0
2026-06-18 14:35:00,510.2,510.25,509.75,509.95,19517.0
2026-06-18 14:40:00,509.95,510.1,509.55,510.0,26045.0
2026-06-18 14:45:00,509.9,510.0,509.7,509.85,15922.0
2026-06-18 14:50:00,509.85,509.9,509.55,509.85,16834.0
2026-06-18 14:55:00,509.7,509.95,509.6,509.85,10918.0
2026-06-18 15:00:00,509.85,510.35,509.8,509.9,103672.0
2026-06-18 15:05:00,509.75,510.2,509.5,509.55,77878.0
2026-06-18 15:10:00,509.6,509.75,509.15,509.45,55226.0
2026-06-18 15:15:00,509.4,509.95,509.0,509.75,143734.0
2026-06-18 15:20:00,509.85,510.0,509.15,510.0,88672.0
2026-06-18 15:25:00,509.95,510.85,509.3,510.8,130338.0
2026-06-19 09:15:00,506.85,507.0,501.0,504.55,218296.0
2026-06-19 09:20:00,504.55,504.7,503.0,503.9,87703.0
2026-06-19 09:25:00,503.85,504.0,502.5,502.95,161160.0
2026-06-19 09:30:00,503.0,503.1,500.9,502.3,200433.0
2026-06-19 09:35:00,502.3,503.5,502.0,502.85,91476.0
2026-06-19 09:40:00,502.6,503.65,502.5,503.2,72297.0
2026-06-19 09:45:00,503.2,505.35,502.5,504.35,115524.0
2026-06-19 09:50:00,504.15,505.25,504.0,505.0,34236.0
2026-06-19 09:55:00,504.85,505.8,504.75,505.75,48978.0
2026-06-19 10:00:00,505.6,505.8,505.0,505.1,41117.0
2026-06-19 10:05:00,505.15,505.5,505.0,505.45,18251.0
2026-06-19 10:10:00,505.15,506.65,505.1,506.15,55048.0
2026-06-19 10:15:00,506.15,506.7,506.0,506.2,20574.0
2026-06-19 10:20:00,506.05,506.5,505.85,506.0,62831.0
2026-06-19 10:25:00,506.05,506.1,504.5,504.65,57223.0
2026-06-19 10:30:00,504.6,505.0,504.3,504.65,16794.0
2026-06-19 10:35:00,504.6,505.0,504.3,504.75,14960.0
2026-06-19 10:40:00,504.75,505.3,504.25,505.2,16240.0
2026-06-19 10:45:00,505.15,505.4,504.6,505.4,14311.0
2026-06-19 10:50:00,505.25,505.4,504.4,504.8,12694.0
2026-06-19 10:55:00,504.55,504.85,503.8,504.25,30574.0
2026-06-19 11:00:00,504.1,504.6,503.3,503.9,37189.0
2026-06-19 11:05:00,503.9,504.9,503.8,504.75,21726.0
2026-06-19 11:10:00,504.75,504.95,503.85,504.05,20878.0
2026-06-19 11:15:00,504.05,504.25,503.5,504.15,33933.0
2026-06-19 11:20:00,503.95,504.75,503.95,504.6,12679.0
2026-06-19 11:25:00,504.6,504.6,504.0,504.45,17114.0
2026-06-19 11:30:00,504.3,505.0,504.05,504.7,27935.0
2026-06-19 11:35:00,504.7,504.95,504.35,504.6,16652.0
2026-06-19 11:40:00,504.4,504.9,504.2,504.4,12172.0
2026-06-19 11:45:00,504.55,504.6,503.85,504.55,34911.0
2026-06-19 11:50:00,504.4,504.65,504.0,504.45,6303.0
2026-06-19 11:55:00,504.2,504.95,504.05,504.9,12034.0
2026-06-19 12:00:00,504.65,504.95,503.15,503.45,38301.0
2026-06-19 12:05:00,503.2,503.5,502.6,502.95,66641.0
2026-06-19 12:10:00,502.95,503.1,502.85,503.1,13404.0
2026-06-19 12:15:00,503.1,503.45,502.9,503.45,24076.0
2026-06-19 12:20:00,503.35,504.4,503.35,504.3,13896.0
2026-06-19 12:25:00,504.25,505.35,504.0,504.8,32401.0
2026-06-19 12:30:00,504.8,505.3,504.5,505.15,15548.0
2026-06-19 12:35:00,505.15,505.45,504.55,505.45,24767.0
2026-06-19 12:40:00,505.25,505.75,504.5,504.8,21815.0
2026-06-19 12:45:00,504.7,505.25,504.65,505.1,18539.0
2026-06-19 12:50:00,504.95,505.4,504.8,505.4,12387.0
2026-06-19 12:55:00,505.2,505.5,504.3,504.75,20363.0
2026-06-19 13:00:00,504.7,505.0,504.65,504.8,8491.0
2026-06-19 13:05:00,504.8,505.25,504.5,505.25,9953.0
2026-06-19 13:10:00,505.0,505.2,504.5,504.7,16687.0
2026-06-19 13:15:00,504.65,504.7,504.15,504.45,11108.0
2026-06-19 13:20:00,504.25,505.0,504.15,504.85,10790.0
2026-06-19 13:25:00,504.65,505.0,504.35,505.0,11328.0
2026-06-19 13:30:00,504.85,505.6,504.65,505.6,12316.0
2026-06-19 13:35:00,505.25,506.1,505.2,505.6,28394.0
2026-06-19 13:40:00,505.6,506.2,505.4,506.2,18233.0
2026-06-19 13:45:00,506.1,506.8,506.0,506.55,18144.0
2026-06-19 13:50:00,506.3,506.6,505.4,505.9,14207.0
2026-06-19 13:55:00,505.55,506.5,505.5,506.5,13233.0
2026-06-19 14:00:00,506.5,507.7,506.5,506.95,40732.0
2026-06-19 14:05:00,506.8,507.5,506.35,507.0,28204.0
2026-06-19 14:10:00,506.8,507.1,506.15,507.1,23196.0
2026-06-19 14:15:00,507.1,507.4,506.5,507.0,12274.0
2026-06-19 14:20:00,507.0,507.0,505.25,505.65,27118.0
2026-06-19 14:25:00,505.5,505.9,505.25,505.55,20790.0
2026-06-19 14:30:00,505.6,506.0,505.6,505.9,8994.0
2026-06-19 14:35:00,505.9,506.8,505.9,506.1,21437.0
2026-06-19 14:40:00,506.1,506.2,505.45,505.85,11420.0
2026-06-19 14:45:00,505.85,506.35,505.8,506.0,12686.0
2026-06-19 14:50:00,506.0,506.15,505.1,505.55,29802.0
2026-06-19 14:55:00,505.5,506.65,505.25,506.3,19451.0
2026-06-19 15:00:00,506.3,511.55,506.1,510.75,201288.0
2026-06-19 15:05:00,510.8,512.35,510.3,511.05,91722.0
2026-06-19 15:10:00,511.0,512.0,510.55,511.7,65354.0
2026-06-19 15:15:00,511.7,513.0,511.45,512.35,140138.0
2026-06-19 15:20:00,512.3,512.45,510.0,511.85,135275.0
2026-06-19 15:25:00,511.9,513.0,511.65,512.65,132519.0
2026-06-22 09:15:00,510.0,514.8,510.0,512.55,160685.0
2026-06-22 09:20:00,512.8,513.75,511.05,511.95,130423.0
2026-06-22 09:25:00,511.95,514.0,511.8,513.05,87174.0
2026-06-22 09:30:00,513.1,513.7,512.1,512.4,62319.0
2026-06-22 09:35:00,512.7,512.7,511.5,511.75,41472.0
2026-06-22 09:40:00,511.75,512.4,510.7,511.05,40077.0
2026-06-22 09:45:00,511.1,511.5,510.6,511.05,29410.0
2026-06-22 09:50:00,511.25,511.5,510.35,511.25,29383.0
2026-06-22 09:55:00,511.25,513.5,511.0,513.15,44032.0
2026-06-22 10:00:00,513.0,513.5,511.5,512.45,23728.0
2026-06-22 10:05:00,512.45,512.7,512.0,512.7,17817.0
2026-06-22 10:10:00,512.65,512.85,512.2,512.5,21073.0
2026-06-22 10:15:00,512.5,512.65,511.75,511.8,19095.0
2026-06-22 10:20:00,512.15,512.15,508.9,509.4,157105.0
2026-06-22 10:25:00,509.35,510.8,509.1,510.4,53457.0
2026-06-22 10:30:00,510.65,512.0,510.5,511.8,57116.0
2026-06-22 10:35:00,511.95,512.8,511.25,512.0,34344.0
2026-06-22 10:40:00,512.0,513.25,511.6,512.45,50386.0
2026-06-22 10:45:00,512.45,512.8,511.65,512.25,14045.0
2026-06-22 10:50:00,512.25,512.4,511.5,511.7,16902.0
2026-06-22 10:55:00,511.7,512.0,511.35,511.9,10608.0
2026-06-22 11:00:00,511.65,511.9,510.75,511.0,65818.0
2026-06-22 11:05:00,511.0,511.8,510.55,511.8,14768.0
2026-06-22 11:10:00,511.8,513.2,511.55,512.35,52879.0
2026-06-22 11:15:00,512.35,512.7,510.75,511.5,51287.0
2026-06-22 11:20:00,511.3,511.5,510.5,510.85,56469.0
2026-06-22 11:25:00,510.85,511.0,510.6,511.0,18965.0
2026-06-22 11:30:00,511.0,511.0,510.3,510.75,117863.0
2026-06-22 11:35:00,510.9,510.9,510.0,510.5,49499.0
2026-06-22 11:40:00,510.5,511.1,510.0,510.05,31530.0
2026-06-22 11:45:00,510.05,510.05,509.45,509.75,35674.0
2026-06-22 11:50:00,509.75,509.85,509.1,509.7,12670.0
2026-06-22 11:55:00,509.6,510.0,509.3,509.95,20834.0
2026-06-22 12:00:00,509.95,510.0,509.5,509.95,17799.0
2026-06-22 12:05:00,509.95,510.0,509.55,509.85,12673.0
2026-06-22 12:10:00,509.85,510.0,509.65,509.95,13813.0
2026-06-22 12:15:00,510.0,510.0,509.55,510.0,12926.0
2026-06-22 12:20:00,510.0,510.0,509.8,509.85,63126.0
2026-06-22 12:25:00,509.95,510.0,509.6,509.8,12618.0
2026-06-22 12:30:00,509.8,509.85,509.4,509.7,9458.0
2026-06-22 12:35:00,509.7,509.9,509.4,509.85,5930.0
2026-06-22 12:40:00,509.9,509.9,509.4,509.65,11163.0
2026-06-22 12:45:00,509.65,509.7,509.3,509.6,7671.0
2026-06-22 12:50:00,509.6,509.8,509.4,509.65,15945.0
2026-06-22 12:55:00,509.45,509.65,509.15,509.35,13877.0
2026-06-22 13:00:00,509.35,509.5,509.05,509.15,10825.0
2026-06-22 13:05:00,509.25,509.5,509.1,509.4,9844.0
2026-06-22 13:10:00,509.2,509.5,509.05,509.5,8836.0
2026-06-22 13:15:00,509.3,509.65,509.3,509.65,8150.0
2026-06-22 13:20:00,509.65,509.7,509.05,509.4,13009.0
2026-06-22 13:25:00,509.6,509.65,509.3,509.5,8119.0
2026-06-22 13:30:00,509.5,509.6,509.15,509.3,13344.0
2026-06-22 13:35:00,509.3,509.3,508.55,508.75,39491.0
2026-06-22 13:40:00,508.75,508.75,507.75,508.0,63123.0
2026-06-22 13:45:00,508.0,508.2,507.9,508.15,26127.0
2026-06-22 13:50:00,508.15,508.15,507.8,507.95,10987.0
2026-06-22 13:55:00,508.0,508.15,507.6,508.0,25182.0
2026-06-22 14:00:00,508.0,508.0,507.6,508.0,38498.0
2026-06-22 14:05:00,508.0,508.0,507.6,507.8,15442.0
2026-06-22 14:10:00,507.8,507.9,507.25,507.9,23001.0
2026-06-22 14:15:00,507.9,508.2,507.7,508.1,50469.0
2026-06-22 14:20:00,507.95,508.15,507.95,508.0,16587.0
2026-06-22 14:25:00,508.0,508.7,507.9,508.65,47642.0
2026-06-22 14:30:00,508.75,509.0,508.3,508.8,27842.0
2026-06-22 14:35:00,508.95,509.45,508.55,508.75,84093.0
2026-06-22 14:40:00,508.75,509.0,508.5,509.0,21540.0
2026-06-22 14:45:00,509.2,512.15,509.2,511.65,229302.0
2026-06-22 14:50:00,511.8,513.0,511.8,512.55,122951.0
2026-06-22 14:55:00,512.5,512.5,511.25,512.2,64505.0
2026-06-22 15:00:00,512.35,514.25,512.35,513.0,126230.0
2026-06-22 15:05:00,513.05,513.65,512.0,512.4,73805.0
2026-06-22 15:10:00,512.25,513.1,509.55,510.0,112135.0
2026-06-22 15:15:00,510.1,510.7,509.15,509.35,178095.0
2026-06-22 15:20:00,509.6,510.1,508.6,509.95,200485.0
2026-06-22 15:25:00,509.95,510.9,509.05,510.9,105133.0
2026-06-23 09:15:00,509.05,511.2,504.5,505.05,276145.0
2026-06-23 09:20:00,504.8,505.15,503.2,503.75,167302.0
2026-06-23 09:25:00,503.7,504.1,502.0,502.9,155306.0
2026-06-23 09:30:00,502.85,504.0,502.1,503.75,108923.0
2026-06-23 09:35:00,503.75,505.85,503.75,505.15,116344.0
2026-06-23 09:40:00,505.05,506.7,504.9,505.15,99475.0
2026-06-23 09:45:00,505.1,508.35,505.0,506.5,172770.0
2026-06-23 09:50:00,506.45,508.15,506.25,507.1,78157.0
2026-06-23 09:55:00,507.0,507.6,505.5,505.8,58206.0
2026-06-23 10:00:00,506.0,506.7,505.55,506.45,102492.0
2026-06-23 10:05:00,506.45,506.45,505.55,506.0,25184.0
2026-06-23 10:10:00,505.85,507.0,505.85,506.8,23373.0
2026-06-23 10:15:00,506.75,508.6,506.4,507.3,45563.0
2026-06-23 10:20:00,507.5,507.85,506.3,506.6,16021.0
2026-06-23 10:25:00,506.6,506.8,505.85,506.15,18239.0
2026-06-23 10:30:00,505.95,506.25,505.75,505.9,14873.0
2026-06-23 10:35:00,506.0,506.5,505.75,506.15,11530.0
2026-06-23 10:40:00,506.15,506.6,505.5,506.0,20543.0
2026-06-23 10:45:00,506.05,506.05,505.3,505.7,13636.0
2026-06-23 10:50:00,505.6,505.75,505.2,505.5,16307.0
2026-06-23 10:55:00,505.5,505.65,505.2,505.4,14651.0
2026-06-23 11:00:00,505.3,505.65,505.25,505.6,7505.0
2026-06-23 11:05:00,505.6,506.4,505.45,506.4,8747.0
2026-06-23 11:10:00,506.2,506.45,505.75,506.0,8939.0
2026-06-23 11:15:00,506.0,506.25,505.65,506.1,8196.0
2026-06-23 11:20:00,506.0,506.1,505.3,505.55,11490.0
2026-06-23 11:25:00,505.55,506.1,505.3,505.75,10203.0
2026-06-23 11:30:00,505.6,506.0,505.3,505.35,10302.0
2026-06-23 11:35:00,504.35,504.55,503.3,503.7,68283.0
2026-06-23 11:40:00,503.6,503.9,501.9,502.95,107854.0
2026-06-23 11:45:00,502.9,503.0,501.1,501.6,63052.0
2026-06-23 11:50:00,501.95,502.9,501.6,502.75,19356.0
2026-06-23 11:55:00,502.5,502.9,501.7,502.4,29042.0
2026-06-23 12:00:00,502.15,502.4,500.0,500.7,121841.0
2026-06-23 12:05:00,500.65,500.95,500.25,500.5,45718.0
2026-06-23 12:10:00,500.8,500.8,500.0,500.3,30326.0
2026-06-23 12:15:00,500.2,500.6,499.1,500.25,90776.0
2026-06-23 12:20:00,500.1,500.2,499.0,499.55,29342.0
2026-06-23 12:25:00,499.35,501.0,499.3,500.85,29449.0
2026-06-23 12:30:00,500.75,501.2,500.25,500.75,31453.0
2026-06-23 12:35:00,500.7,501.0,500.2,500.85,19373.0
2026-06-23 12:40:00,500.5,500.85,500.1,500.35,17412.0
2026-06-23 12:45:00,500.35,500.4,499.4,499.85,27295.0
2026-06-23 12:50:00,499.85,500.25,499.55,500.0,17715.0
2026-06-23 12:55:00,500.0,500.05,499.1,499.25,17255.0
2026-06-23 13:00:00,499.25,499.8,498.9,499.8,40804.0
2026-06-23 13:05:00,499.75,500.45,499.6,500.4,18022.0
2026-06-23 13:10:00,500.3,500.4,499.7,500.0,19654.0
2026-06-23 13:15:00,500.0,500.0,499.2,499.7,13996.0
2026-06-23 13:20:00,499.65,500.3,498.75,499.1,54642.0
2026-06-23 13:25:00,499.05,499.4,498.9,499.25,14538.0
2026-06-23 13:30:00,499.25,499.3,498.5,498.7,20713.0
2026-06-23 13:35:00,498.15,499.65,497.5,499.65,98679.0
2026-06-23 13:40:00,499.75,500.8,499.55,500.5,33810.0
2026-06-23 13:45:00,500.65,501.6,500.3,501.5,31987.0
2026-06-23 13:50:00,501.45,501.7,500.75,501.25,26527.0
2026-06-23 13:55:00,501.25,501.8,500.45,500.6,17051.0
2026-06-23 14:00:00,500.5,501.7,500.2,501.45,21996.0
2026-06-23 14:05:00,501.5,502.0,500.7,501.05,23215.0
2026-06-23 14:10:00,501.0,501.5,501.0,501.35,10243.0
2026-06-23 14:15:00,501.15,501.6,500.3,500.6,39773.0
2026-06-23 14:20:00,500.5,501.3,500.4,501.15,10509.0
2026-06-23 14:25:00,501.1,501.3,500.2,500.8,15763.0
2026-06-23 14:30:00,500.8,501.0,500.3,500.55,7293.0
2026-06-23 14:35:00,500.45,500.9,500.1,500.8,9782.0
2026-06-23 14:40:00,500.75,502.0,500.4,501.7,17672.0
2026-06-23 14:45:00,501.55,501.75,501.05,501.25,14527.0
2026-06-23 14:50:00,501.45,501.5,501.1,501.45,14530.0
2026-06-23 14:55:00,501.4,501.5,501.0,501.5,14798.0
2026-06-23 15:00:00,501.6,501.6,500.0,500.15,50903.0
2026-06-23 15:05:00,500.35,501.3,500.15,501.0,62800.0
2026-06-23 15:10:00,501.3,501.4,500.9,501.2,37930.0
2026-06-23 15:15:00,501.2,501.2,500.05,500.55,69655.0
2026-06-23 15:20:00,500.55,500.55,499.1,499.9,68567.0
2026-06-23 15:25:00,500.0,500.0,499.0,499.6,108245.0
2026-06-24 09:15:00,495.0,496.55,488.8,493.55,309522.0
2026-06-24 09:20:00,493.55,493.8,491.0,491.95,123967.0
2026-06-24 09:25:00,491.85,492.0,490.25,491.15,123423.0
2026-06-24 09:30:00,491.0,492.3,490.3,490.85,111980.0
2026-06-24 09:35:00,491.0,491.75,490.55,491.2,60116.0
2026-06-24 09:40:00,491.45,492.35,490.1,490.35,67957.0
2026-06-24 09:45:00,490.35,490.5,488.3,488.6,172353.0
2026-06-24 09:50:00,488.6,488.6,486.8,487.95,109578.0
2026-06-24 09:55:00,487.95,488.0,486.3,486.45,100619.0
2026-06-24 10:00:00,486.55,487.0,486.25,486.75,147239.0
2026-06-24 10:05:00,486.75,487.05,486.4,487.0,83577.0
2026-06-24 10:10:00,486.95,487.0,486.3,486.55,69767.0
2026-06-24 10:15:00,486.7,487.1,485.5,486.0,83608.0
2026-06-24 10:20:00,486.0,486.5,485.15,486.0,104925.0
2026-06-24 10:25:00,486.0,486.45,485.55,485.9,223364.0
2026-06-24 10:30:00,485.9,486.35,485.8,486.0,66783.0
2026-06-24 10:35:00,486.0,486.15,485.4,486.0,50716.0
2026-06-24 10:40:00,486.0,486.95,485.95,486.5,127689.0
2026-06-24 10:45:00,486.5,489.35,486.4,488.0,226321.0
2026-06-24 10:50:00,487.95,488.7,486.75,486.95,73540.0
2026-06-24 10:55:00,486.95,489.2,486.3,488.6,347692.0
2026-06-24 11:00:00,488.75,492.6,488.5,489.2,376782.0
2026-06-24 11:05:00,489.4,490.7,488.0,490.7,74350.0
2026-06-24 11:10:00,490.7,491.5,490.35,490.5,44756.0
2026-06-24 11:15:00,490.5,493.45,489.6,493.05,147273.0
2026-06-24 11:20:00,493.4,494.0,491.95,492.7,202268.0
2026-06-24 11:25:00,492.65,493.5,492.0,492.4,67295.0
2026-06-24 11:30:00,492.5,495.1,490.5,494.9,181464.0
2026-06-24 11:35:00,494.9,501.05,494.9,500.8,422075.0
2026-06-24 11:40:00,500.8,503.15,500.2,500.95,187459.0
2026-06-24 11:45:00,500.8,501.95,500.0,500.45,87491.0
2026-06-24 11:50:00,500.4,501.2,498.1,499.65,124338.0
2026-06-24 11:55:00,499.75,499.85,498.4,498.45,43520.0
2026-06-24 12:00:00,498.45,498.8,498.0,498.65,43189.0
2026-06-24 12:05:00,498.55,498.6,497.1,497.6,129097.0
2026-06-24 12:10:00,497.1,498.3,497.1,498.0,47243.0
2026-06-24 12:15:00,498.0,498.15,497.2,497.3,43855.0
2026-06-24 12:20:00,497.45,498.0,497.0,497.55,44104.0
2026-06-24 12:25:00,497.7,497.9,497.0,497.35,20637.0
2026-06-24 12:30:00,497.35,497.7,496.35,497.0,100171.0
2026-06-24 12:35:00,497.0,497.05,496.1,497.0,31164.0
2026-06-24 12:40:00,496.85,497.4,496.75,497.05,32707.0
2026-06-24 12:45:00,497.05,497.4,496.15,496.6,20425.0
2026-06-24 12:50:00,496.7,497.25,496.2,496.5,15286.0
2026-06-24 12:55:00,496.7,496.95,496.2,496.95,17080.0
2026-06-24 13:00:00,496.75,497.5,496.75,497.3,10095.0
2026-06-24 13:05:00,497.3,497.65,497.0,497.65,21029.0
2026-06-24 13:10:00,497.65,497.65,497.1,497.35,13853.0
2026-06-24 13:15:00,497.35,497.8,497.35,497.5,11301.0
2026-06-24 13:20:00,497.7,498.25,497.5,497.95,34239.0
2026-06-24 13:25:00,497.8,497.9,496.45,496.85,32403.0
2026-06-24 13:30:00,496.95,497.5,496.8,497.35,11175.0
2026-06-24 13:35:00,497.35,497.9,496.85,496.85,23794.0
2026-06-24 13:40:00,497.0,497.2,496.5,497.05,9027.0
2026-06-24 13:45:00,497.0,497.4,496.55,496.7,12491.0
2026-06-24 13:50:00,496.8,497.2,496.45,496.8,16651.0
2026-06-24 13:55:00,496.8,497.0,496.15,496.5,63389.0
2026-06-24 14:00:00,496.6,496.8,496.15,496.4,16965.0
2026-06-24 14:05:00,496.4,497.0,496.25,496.7,17875.0
2026-06-24 14:10:00,496.7,497.1,496.35,496.5,10889.0
2026-06-24 14:15:00,496.7,496.7,496.3,496.4,8765.0
2026-06-24 14:20:00,496.6,496.6,496.0,496.25,26547.0
2026-06-24 14:25:00,496.25,496.8,496.15,496.55,14206.0
2026-06-24 14:30:00,496.55,496.8,496.25,496.6,11018.0
2026-06-24 14:35:00,496.65,496.95,496.0,496.9,22539.0
2026-06-24 14:40:00,497.0,497.4,496.0,496.3,42828.0
2026-06-24 14:45:00,496.3,496.4,495.05,495.85,127172.0
2026-06-24 14:50:00,495.9,496.0,495.2,495.5,15912.0
2026-06-24 14:55:00,495.6,495.75,495.0,495.6,26916.0
2026-06-24 15:00:00,495.6,497.1,495.0,496.85,93410.0
2026-06-24 15:05:00,497.05,497.1,495.9,496.35,70798.0
2026-06-24 15:10:00,496.35,500.0,496.15,497.25,205176.0
2026-06-24 15:15:00,497.2,500.85,496.85,500.85,195601.0
2026-06-24 15:20:00,500.7,506.0,500.7,504.0,545464.0
2026-06-24 15:25:00,504.1,504.5,499.65,502.4,718198.0
2026-06-25 09:15:00,495.0,495.0,490.5,492.35,300718.0
2026-06-25 09:20:00,492.3,493.0,491.25,492.1,138788.0
2026-06-25 09:25:00,492.1,492.8,491.9,492.8,82010.0
2026-06-25 09:30:00,492.7,494.7,492.5,494.5,109331.0
2026-06-25 09:35:00,494.6,496.6,494.55,495.8,117305.0
2026-06-25 09:40:00,495.55,496.0,494.9,495.2,51229.0
2026-06-25 09:45:00,495.0,496.0,495.0,496.0,59987.0
2026-06-25 09:50:00,495.9,496.0,493.8,494.0,48478.0
2026-06-25 09:55:00,493.8,494.5,493.3,493.5,42587.0
2026-06-25 10:00:00,493.5,494.3,493.5,494.2,35893.0
2026-06-25 10:05:00,494.3,495.0,494.0,495.0,41395.0
2026-06-25 10:10:00,494.9,497.5,494.6,497.3,63205.0
2026-06-25 10:15:00,497.5,498.5,497.0,497.8,67442.0
2026-06-25 10:20:00,497.55,499.5,497.4,498.55,67297.0
2026-06-25 10:25:00,498.55,498.65,496.1,496.75,56809.0
2026-06-25 10:30:00,496.75,497.3,496.25,497.25,26508.0
2026-06-25 10:35:00,497.25,498.75,496.75,497.95,63534.0
2026-06-25 10:40:00,497.95,499.4,497.3,498.75,47830.0
2026-06-25 10:45:00,498.7,498.95,497.3,497.8,49582.0
2026-06-25 10:50:00,497.65,497.95,497.0,497.7,17415.0
2026-06-25 10:55:00,497.7,499.7,497.6,499.65,31201.0
2026-06-25 11:00:00,499.7,500.0,498.8,499.05,49919.0
2026-06-25 11:05:00,499.05,499.35,498.3,499.0,26433.0
2026-06-25 11:10:00,498.95,499.95,498.45,499.4,36080.0
2026-06-25 11:15:00,499.05,499.75,499.0,499.45,25659.0
2026-06-25 11:20:00,499.6,499.6,498.4,498.45,21155.0
2026-06-25 11:25:00,498.45,498.8,498.1,498.3,29753.0
2026-06-25 11:30:00,498.3,498.9,497.9,498.65,21524.0
2026-06-25 11:35:00,498.55,498.95,497.4,497.9,30413.0
2026-06-25 11:40:00,497.8,498.75,497.8,498.2,15404.0
2026-06-25 11:45:00,498.2,498.55,498.0,498.1,15704.0
2026-06-25 11:50:00,498.15,498.5,497.5,498.2,19858.0
2026-06-25 11:55:00,498.1,498.95,498.0,498.15,36807.0
2026-06-25 12:00:00,498.25,498.7,497.25,497.3,30202.0
2026-06-25 12:05:00,497.35,497.9,497.2,497.4,13494.0
2026-06-25 12:10:00,497.6,497.9,497.1,497.1,16269.0
2026-06-25 12:15:00,497.15,497.45,496.5,496.95,24956.0
2026-06-25 12:20:00,497.0,497.0,496.5,496.6,19117.0
2026-06-25 12:25:00,496.5,496.85,496.0,496.45,18435.0
2026-06-25 12:30:00,496.45,496.7,495.75,496.35,25219.0
2026-06-25 12:35:00,496.3,497.25,496.3,497.25,12708.0
2026-06-25 12:40:00,497.15,497.2,496.5,496.65,18285.0
2026-06-25 12:45:00,496.65,497.0,496.5,496.95,15761.0
2026-06-25 12:50:00,496.75,496.95,496.5,496.7,13314.0
2026-06-25 12:55:00,496.7,496.95,495.95,496.0,23017.0
2026-06-25 13:00:00,496.0,496.75,495.5,495.65,26220.0
2026-06-25 13:05:00,495.65,495.65,494.35,494.35,43085.0
2026-06-25 13:10:00,494.3,494.6,493.3,493.95,88133.0
2026-06-25 13:15:00,493.9,494.9,493.9,494.9,31633.0
2026-06-25 13:20:00,494.65,495.0,494.3,494.5,15379.0
2026-06-25 13:25:00,494.35,494.8,494.2,494.7,10447.0
2026-06-25 13:30:00,494.6,495.6,494.4,495.5,19949.0
2026-06-25 13:35:00,495.35,496.25,495.05,496.25,43827.0
2026-06-25 13:40:00,496.0,496.25,495.55,495.65,31046.0
2026-06-25 13:45:00,495.65,496.4,495.5,496.1,13352.0
2026-06-25 13:50:00,496.1,496.35,495.7,495.7,17702.0
2026-06-25 13:55:00,495.7,496.0,495.35,495.5,13963.0
2026-06-25 14:00:00,495.35,496.25,495.35,496.2,7191.0
2026-06-25 14:05:00,496.2,496.7,496.0,496.7,28129.0
2026-06-25 14:10:00,496.55,497.5,496.55,497.45,30599.0
2026-06-25 14:15:00,497.35,497.45,496.0,496.15,35035.0
2026-06-25 14:20:00,496.1,496.25,495.55,495.95,15582.0
2026-06-25 14:25:00,495.7,495.95,494.55,495.15,37989.0
2026-06-25 14:30:00,495.15,495.75,495.0,495.5,17888.0
2026-06-25 14:35:00,495.5,496.35,495.0,495.2,33184.0
2026-06-25 14:40:00,495.1,495.2,494.05,494.3,42059.0
2026-06-25 14:45:00,494.15,495.35,494.05,494.75,24698.0
2026-06-25 14:50:00,494.5,496.5,494.5,496.2,24821.0
2026-06-25 14:55:00,496.0,496.2,493.5,493.65,153005.0
2026-06-25 15:00:00,492.95,493.0,492.15,492.7,79789.0
2026-06-25 15:05:00,492.6,492.95,491.75,492.5,67197.0
2026-06-25 15:10:00,492.3,492.5,491.65,492.05,74310.0
2026-06-25 15:15:00,491.75,492.35,491.35,491.7,95458.0
2026-06-25 15:20:00,491.8,492.45,491.0,491.25,131422.0
2026-06-25 15:25:00,491.3,491.7,489.2,490.0,241905.0
2026-06-29 09:15:00,492.1,494.4,489.6,492.35,264076.0
2026-06-29 09:20:00,492.35,493.5,490.05,490.05,105358.0
2026-06-29 09:25:00,490.2,492.0,490.0,490.9,76038.0
2026-06-29 09:30:00,490.85,495.35,489.85,490.35,185999.0
2026-06-29 09:35:00,490.35,490.9,489.35,490.75,103074.0
2026-06-29 09:40:00,490.75,492.0,490.55,491.75,55056.0
2026-06-29 09:45:00,491.7,494.6,491.15,492.55,86752.0
2026-06-29 09:50:00,492.45,493.95,492.0,493.5,57629.0
2026-06-29 09:55:00,493.25,495.4,493.25,494.5,141761.0
2026-06-29 10:00:00,494.25,495.0,493.45,494.95,67913.0
2026-06-29 10:05:00,494.8,495.8,494.5,495.35,72000.0
2026-06-29 10:10:00,495.35,495.95,495.1,495.4,69276.0
2026-06-29 10:15:00,495.2,495.5,493.3,495.35,102366.0
2026-06-29 10:20:00,495.5,496.95,494.0,494.15,134056.0
2026-06-29 10:25:00,494.0,494.85,493.5,494.3,106143.0
2026-06-29 10:30:00,494.3,495.15,494.1,494.85,46835.0
2026-06-29 10:35:00,494.85,495.0,493.8,494.0,28477.0
2026-06-29 10:40:00,493.85,494.85,493.5,494.75,23424.0
2026-06-29 10:45:00,494.6,495.0,494.25,494.65,47236.0
2026-06-29 10:50:00,494.6,494.8,494.05,494.7,27990.0
2026-06-29 10:55:00,494.7,495.0,494.4,494.95,36052.0
2026-06-29 11:00:00,494.9,495.0,493.2,493.9,50108.0
2026-06-29 11:05:00,493.9,494.05,493.05,493.55,32470.0
2026-06-29 11:10:00,493.35,494.05,493.0,493.7,23153.0
2026-06-29 11:15:00,493.7,493.85,492.35,492.75,43402.0
2026-06-29 11:20:00,492.75,492.75,492.1,492.4,21720.0
2026-06-29 11:25:00,492.4,492.55,491.4,492.2,43348.0
2026-06-29 11:30:00,492.05,492.5,489.5,490.0,179897.0
2026-06-29 11:35:00,489.95,490.0,489.5,489.75,60415.0
2026-06-29 11:40:00,489.7,489.95,489.2,489.75,38817.0
2026-06-29 11:45:00,489.7,490.0,489.6,489.85,35128.0
2026-06-29 11:50:00,489.85,490.0,489.3,489.45,32492.0
2026-06-29 11:55:00,489.35,489.5,488.05,488.1,74215.0
2026-06-29 12:00:00,488.2,488.9,488.0,488.35,36712.0
2026-06-29 12:05:00,488.35,488.6,487.55,487.9,76052.0
2026-06-29 12:10:00,487.85,488.65,487.2,487.95,40151.0
2026-06-29 12:15:00,487.75,489.0,487.75,488.05,32890.0
2026-06-29 12:20:00,487.95,488.05,487.05,487.25,39298.0
2026-06-29 12:25:00,487.0,488.4,486.6,488.2,64421.0
2026-06-29 12:30:00,488.2,488.35,487.05,487.2,20028.0
2026-06-29 12:35:00,487.2,487.5,485.55,486.15,70784.0
2026-06-29 12:40:00,486.25,486.9,486.0,486.7,43644.0
2026-06-29 12:45:00,486.7,487.65,486.5,487.1,34469.0
2026-06-29 12:50:00,487.0,487.7,487.0,487.4,20352.0
2026-06-29 12:55:00,487.4,487.65,487.05,487.25,18772.0
2026-06-29 13:00:00,487.3,487.7,487.2,487.5,17142.0
2026-06-29 13:05:00,487.4,488.2,487.0,488.0,28007.0
2026-06-29 13:10:00,487.85,489.35,487.6,488.75,55195.0
2026-06-29 13:15:00,488.75,488.95,488.15,488.35,28111.0
2026-06-29 13:20:00,488.3,489.9,488.15,489.25,37914.0
2026-06-29 13:25:00,489.3,489.95,489.05,489.95,23169.0
2026-06-29 13:30:00,489.9,490.8,489.6,490.6,47189.0
2026-06-29 13:35:00,490.7,491.4,490.55,491.05,45939.0
2026-06-29 13:40:00,491.1,491.85,490.9,491.45,40279.0
2026-06-29 13:45:00,491.45,491.9,491.05,491.3,47962.0
2026-06-29 13:50:00,491.4,491.4,490.5,490.95,30868.0
2026-06-29 13:55:00,490.95,491.15,490.3,490.9,28526.0
2026-06-29 14:00:00,490.95,491.25,490.4,490.85,28622.0
2026-06-29 14:05:00,490.75,491.05,490.5,490.75,30826.0
2026-06-29 14:10:00,490.75,491.25,490.5,491.0,27257.0
2026-06-29 14:15:00,491.2,491.2,490.7,490.9,22269.0
2026-06-29 14:20:00,490.9,491.05,490.7,490.95,22291.0
2026-06-29 14:25:00,490.95,491.85,490.7,491.7,47308.0
2026-06-29 14:30:00,491.8,493.9,491.8,493.5,71322.0
2026-06-29 14:35:00,493.25,493.55,492.0,492.45,39085.0
2026-06-29 14:40:00,492.55,492.95,492.05,492.35,22790.0
2026-06-29 14:45:00,492.15,492.4,491.25,491.65,22226.0
2026-06-29 14:50:00,491.65,492.6,491.25,492.15,36873.0
2026-06-29 14:55:00,491.95,492.3,491.3,492.15,31111.0
2026-06-29 15:00:00,492.15,495.0,491.55,494.85,213714.0
2026-06-29 15:05:00,494.75,494.95,493.85,494.2,156981.0
2026-06-29 15:10:00,494.05,494.25,493.0,493.5,192300.0
2026-06-29 15:15:00,493.5,497.35,493.25,497.35,258911.0
2026-06-29 15:20:00,497.15,501.0,497.15,500.5,301859.0
2026-06-29 15:25:00,500.65,500.9,492.5,496.0,159935.0
2026-06-30 09:15:00,497.05,501.85,493.7,494.8,196682.0
2026-06-30 09:20:00,495.2,495.55,494.15,494.7,86645.0
2026-06-30 09:25:00,494.85,496.5,494.65,495.3,63297.0
2026-06-30 09:30:00,495.15,495.5,494.3,495.45,51535.0
2026-06-30 09:35:00,495.45,498.7,495.45,497.85,126171.0
2026-06-30 09:40:00,497.85,498.55,496.95,497.25,62421.0
2026-06-30 09:45:00,497.1,497.75,496.0,496.6,31459.0
2026-06-30 09:50:00,496.6,497.9,496.25,496.55,22611.0
2026-06-30 09:55:00,496.4,497.75,496.4,497.6,20486.0
2026-06-30 10:00:00,497.35,498.9,497.2,497.9,28648.0
2026-06-30 10:05:00,498.0,498.0,496.3,496.3,23099.0
2026-06-30 10:10:00,496.3,497.4,496.0,496.95,28882.0
2026-06-30 10:15:00,496.7,496.95,496.05,496.4,12738.0
2026-06-30 10:20:00,496.15,496.3,495.2,496.0,18173.0
2026-06-30 10:25:00,495.95,496.15,495.5,496.15,15143.0
2026-06-30 10:30:00,496.15,496.5,495.65,495.9,9303.0
2026-06-30 10:35:00,495.85,496.3,495.6,495.6,20167.0
2026-06-30 10:40:00,495.85,495.9,495.05,495.35,21251.0
2026-06-30 10:45:00,495.35,495.7,495.0,495.25,34590.0
2026-06-30 10:50:00,495.25,496.0,495.25,495.5,11275.0
2026-06-30 10:55:00,495.3,495.65,495.1,495.35,11027.0
2026-06-30 11:00:00,495.25,495.65,495.05,495.35,29542.0
2026-06-30 11:05:00,495.25,495.95,495.0,495.7,30435.0
2026-06-30 11:10:00,495.6,496.8,495.6,496.45,28456.0
2026-06-30 11:15:00,496.35,497.0,496.3,496.55,20229.0
2026-06-30 11:20:00,496.3,497.5,496.3,497.3,24577.0
2026-06-30 11:25:00,497.6,497.6,496.5,496.7,19045.0
2026-06-30 11:30:00,496.7,497.5,496.3,497.25,20887.0
2026-06-30 11:35:00,497.0,497.25,496.6,496.85,16062.0
2026-06-30 11:40:00,496.9,497.1,496.45,496.7,18794.0
2026-06-30 11:45:00,496.5,497.1,496.5,496.95,7072.0
2026-06-30 11:50:00,496.9,497.85,496.55,497.5,21917.0
2026-06-30 11:55:00,497.45,499.0,497.4,498.95,50039.0
2026-06-30 12:00:00,498.7,498.9,498.2,498.85,20678.0
2026-06-30 12:05:00,498.85,502.5,498.85,501.3,238980.0
2026-06-30 12:10:00,501.2,501.7,500.35,500.55,28070.0
2026-06-30 12:15:00,500.6,501.2,500.05,501.2,46481.0
2026-06-30 12:20:00,501.0,501.25,500.5,500.75,28901.0
2026-06-30 12:25:00,500.75,501.7,500.25,501.65,47103.0
2026-06-30 12:30:00,501.4,501.8,499.1,499.6,37074.0
2026-06-30 12:35:00,499.35,500.7,499.1,500.45,36240.0
2026-06-30 12:40:00,500.25,500.9,500.25,500.85,11234.0
2026-06-30 12:45:00,500.8,502.35,500.8,502.2,48771.0
2026-06-30 12:50:00,502.2,503.4,501.75,503.15,56944.0
2026-06-30 12:55:00,502.95,503.4,501.8,502.2,39621.0
2026-06-30 13:00:00,502.2,502.4,501.3,501.95,18686.0
2026-06-30 13:05:00,502.05,503.0,501.75,502.6,20450.0
2026-06-30 13:10:00,502.75,503.35,502.5,502.55,21605.0
2026-06-30 13:15:00,502.6,505.0,502.6,504.4,84966.0
2026-06-30 13:20:00,504.2,504.2,502.25,503.15,39448.0
2026-06-30 13:25:00,502.95,504.2,502.95,504.0,26455.0
2026-06-30 13:30:00,503.9,504.15,503.5,503.9,13195.0
2026-06-30 13:35:00,503.7,503.75,503.2,503.35,17277.0
2026-06-30 13:40:00,503.35,503.75,503.0,503.2,20779.0
2026-06-30 13:45:00,503.0,503.8,502.85,503.6,13718.0
2026-06-30 13:50:00,503.5,503.75,503.0,503.45,10066.0
2026-06-30 13:55:00,503.25,503.7,502.45,502.85,17400.0
2026-06-30 14:00:00,502.8,503.45,501.3,501.75,53625.0
2026-06-30 14:05:00,501.75,502.0,501.2,501.2,28217.0
2026-06-30 14:10:00,501.3,501.85,501.05,501.5,11807.0
2026-06-30 14:15:00,501.65,502.0,501.3,502.0,12938.0
2026-06-30 14:20:00,501.75,502.5,501.45,502.4,15384.0
2026-06-30 14:25:00,502.5,503.3,501.55,501.85,62483.0
2026-06-30 14:30:00,501.75,501.9,501.05,501.4,14683.0
2026-06-30 14:35:00,501.3,501.45,500.55,501.2,23723.0
2026-06-30 14:40:00,501.15,501.7,501.0,501.4,10166.0
2026-06-30 14:45:00,501.4,501.45,500.95,501.2,11774.0
2026-06-30 14:50:00,501.0,501.35,500.7,501.0,9919.0
2026-06-30 14:55:00,501.05,501.5,500.0,500.65,48022.0
2026-06-30 15:00:00,500.8,500.8,498.75,500.35,70887.0
2026-06-30 15:05:00,500.4,501.5,500.2,501.05,51801.0
2026-06-30 15:10:00,501.0,501.45,500.6,500.85,50908.0
2026-06-30 15:15:00,500.95,501.45,500.5,501.15,79368.0
2026-06-30 15:20:00,501.25,502.0,500.9,501.9,73051.0
2026-06-30 15:25:00,501.9,502.5,501.25,502.4,89623.0
2026-07-01 09:15:00,501.1,505.0,497.55,497.6,191485.0
2026-07-01 09:20:00,497.5,499.2,497.1,498.0,61921.0
2026-07-01 09:25:00,497.8,499.45,497.25,498.8,39017.0
2026-07-01 09:30:00,498.8,500.0,498.6,499.0,31797.0
2026-07-01 09:35:00,498.8,499.35,498.3,499.0,19686.0
2026-07-01 09:40:00,498.85,499.25,497.9,498.5,42175.0
2026-07-01 09:45:00,498.3,498.5,497.25,497.5,63139.0
2026-07-01 09:50:00,497.4,497.95,497.1,497.75,19429.0
2026-07-01 09:55:00,497.7,498.6,497.55,498.2,32240.0
2026-07-01 10:00:00,498.2,498.5,497.55,497.65,19746.0
2026-07-01 10:05:00,497.65,498.25,497.2,497.8,23054.0
2026-07-01 10:10:00,497.6,498.1,497.3,497.45,12749.0
2026-07-01 10:15:00,497.45,498.5,497.45,498.25,25527.0
2026-07-01 10:20:00,498.35,499.0,497.9,498.9,36497.0
2026-07-01 10:25:00,498.8,498.95,497.8,497.95,23455.0
2026-07-01 10:30:00,497.8,498.1,497.55,497.55,11867.0
2026-07-01 10:35:00,497.55,497.95,496.0,496.45,70089.0
2026-07-01 10:40:00,496.4,496.7,495.1,495.1,79492.0
2026-07-01 10:45:00,495.15,496.85,494.7,496.5,100487.0
2026-07-01 10:50:00,496.35,496.5,495.85,496.2,14414.0
2026-07-01 10:55:00,496.15,496.45,495.65,495.8,12777.0
2026-07-01 11:00:00,495.8,496.35,495.4,495.65,14747.0
2026-07-01 11:05:00,495.4,496.05,495.4,495.6,13075.0
2026-07-01 11:10:00,495.6,496.4,495.5,496.2,22407.0
2026-07-01 11:15:00,496.0,496.25,495.5,495.55,13131.0
2026-07-01 11:20:00,495.6,495.85,495.3,495.7,20148.0
2026-07-01 11:25:00,495.5,495.9,495.35,495.5,14459.0
2026-07-01 11:30:00,495.7,495.9,495.4,495.7,19468.0
2026-07-01 11:35:00,495.5,495.7,495.5,495.55,6428.0
2026-07-01 11:40:00,495.5,495.65,495.15,495.45,23640.0
2026-07-01 11:45:00,495.45,495.6,495.25,495.4,10675.0
2026-07-01 11:50:00,495.3,495.45,492.6,492.6,133292.0
2026-07-01 11:55:00,492.6,493.6,492.35,493.15,35056.0
2026-07-01 12:00:00,493.2,493.8,492.75,493.1,19948.0
2026-07-01 12:05:00,492.9,493.8,492.85,493.8,30359.0
2026-07-01 12:10:00,493.9,494.45,493.5,493.85,55126.0
2026-07-01 12:15:00,493.8,494.85,493.8,494.15,27717.0
2026-07-01 12:20:00,494.3,494.4,494.0,494.2,11830.0
2026-07-01 12:25:00,494.15,494.2,491.45,491.8,87379.0
2026-07-01 12:30:00,491.7,493.25,491.7,493.0,19837.0
2026-07-01 12:35:00,492.85,493.4,492.5,492.8,17964.0
2026-07-01 12:40:00,492.8,493.0,492.05,492.25,18270.0
2026-07-01 12:45:00,492.2,492.4,491.8,492.1,23270.0
2026-07-01 12:50:00,492.05,492.55,491.65,491.95,31157.0
2026-07-01 12:55:00,491.8,492.3,491.8,492.05,10060.0
2026-07-01 13:00:00,492.0,492.55,491.4,492.15,18325.0
2026-07-01 13:05:00,492.0,492.3,491.8,492.0,7369.0
2026-07-01 13:10:00,492.0,492.8,492.0,492.75,23499.0
2026-07-01 13:15:00,492.5,493.0,492.5,492.9,9110.0
2026-07-01 13:20:00,492.95,492.95,492.5,492.8,8180.0
2026-07-01 13:25:00,492.65,492.8,492.0,492.3,11857.0
2026-07-01 13:30:00,492.1,492.6,491.65,492.3,46049.0
2026-07-01 13:35:00,492.05,493.15,491.85,492.95,33254.0
2026-07-01 13:40:00,492.9,493.25,492.5,493.2,21885.0
2026-07-01 13:45:00,492.95,493.65,492.65,493.25,28000.0
2026-07-01 13:50:00,493.05,493.25,492.4,493.0,14443.0
2026-07-01 13:55:00,492.85,493.45,492.65,493.25,11900.0
2026-07-01 14:00:00,493.25,493.4,492.1,493.0,15793.0
2026-07-01 14:05:00,492.8,493.05,492.25,492.5,12160.0
2026-07-01 14:10:00,492.35,492.95,492.3,492.5,8370.0
2026-07-01 14:15:00,492.5,492.9,492.3,492.3,7072.0
2026-07-01 14:20:00,492.3,492.8,491.7,492.5,21577.0
2026-07-01 14:25:00,492.5,492.8,492.2,492.2,19782.0
2026-07-01 14:30:00,492.4,492.5,491.6,492.15,16606.0
2026-07-01 14:35:00,492.0,492.15,491.1,491.2,24109.0
2026-07-01 14:40:00,491.15,492.0,491.1,491.85,50717.0
2026-07-01 14:45:00,491.7,492.6,491.45,491.45,41084.0
2026-07-01 14:50:00,491.45,491.9,490.4,490.75,77054.0
2026-07-01 14:55:00,490.65,491.45,490.6,491.25,26469.0
2026-07-01 15:00:00,491.25,492.0,491.15,491.8,50782.0
2026-07-01 15:05:00,491.8,491.85,491.25,491.35,22315.0
2026-07-01 15:10:00,491.35,491.4,490.5,490.5,55944.0
2026-07-01 15:15:00,490.3,491.0,490.0,490.4,132843.0
2026-07-01 15:20:00,490.5,490.9,490.0,490.45,117174.0
2026-07-01 15:25:00,490.4,492.0,490.0,490.5,92901.0
2026-07-02 09:15:00,495.0,499.25,493.2,499.05,200641.0
2026-07-02 09:20:00,499.0,499.4,497.0,497.8,72009.0
2026-07-02 09:25:00,498.1,500.4,497.3,498.0,154885.0
2026-07-02 09:30:00,497.9,499.1,496.5,496.55,71586.0
2026-07-02 09:35:00,496.7,497.1,496.05,496.6,24151.0
2026-07-02 09:40:00,496.55,498.05,496.3,496.3,37948.0
2026-07-02 09:45:00,496.55,498.8,496.3,497.6,41104.0
2026-07-02 09:50:00,497.6,498.45,497.0,498.4,21286.0
2026-07-02 09:55:00,498.15,498.45,496.9,497.05,16709.0
2026-07-02 10:00:00,497.05,497.45,496.3,497.0,22190.0
2026-07-02 10:05:00,496.8,497.4,496.2,497.4,29599.0
2026-07-02 10:10:00,497.3,498.8,497.0,497.4,37030.0
2026-07-02 10:15:00,497.0,497.6,496.5,496.65,15286.0
2026-07-02 10:20:00,496.65,497.15,496.5,496.55,21871.0
2026-07-02 10:25:00,496.75,496.75,496.1,496.2,14087.0
2026-07-02 10:30:00,496.1,496.35,495.6,495.9,29948.0
2026-07-02 10:35:00,495.85,495.95,494.95,495.75,39024.0
2026-07-02 10:40:00,495.75,496.4,495.6,495.8,15522.0
2026-07-02 10:45:00,496.0,496.3,495.3,496.0,15262.0
2026-07-02 10:50:00,496.0,496.1,494.35,495.0,20218.0
2026-07-02 10:55:00,495.0,495.25,494.6,495.1,16936.0
2026-07-02 11:00:00,495.1,495.8,495.0,495.05,15683.0
2026-07-02 11:05:00,495.1,495.6,495.1,495.1,14772.0
2026-07-02 11:10:00,495.25,495.25,494.3,494.9,24809.0
2026-07-02 11:15:00,494.85,496.0,494.75,495.0,18211.0
2026-07-02 11:20:00,494.5,495.55,494.5,495.55,13167.0
2026-07-02 11:25:00,495.55,495.55,495.0,495.4,9381.0
2026-07-02 11:30:00,495.4,495.55,495.05,495.35,6591.0
2026-07-02 11:35:00,495.3,495.45,494.65,494.9,15002.0
2026-07-02 11:40:00,495.0,495.35,494.65,494.95,6393.0
2026-07-02 11:45:00,495.0,495.25,494.7,494.95,10775.0
2026-07-02 11:50:00,494.8,495.4,494.8,495.05,6223.0
2026-07-02 11:55:00,495.3,495.45,494.85,495.0,12600.0
2026-07-02 12:00:00,495.15,495.3,494.7,495.15,14271.0
2026-07-02 12:05:00,495.15,495.5,494.6,494.85,20159.0
2026-07-02 12:10:00,494.85,494.85,494.3,494.5,13424.0
2026-07-02 12:15:00,494.65,495.0,494.1,494.5,18007.0
2026-07-02 12:20:00,494.8,494.9,494.1,494.45,11218.0
2026-07-02 12:25:00,494.5,494.9,494.2,494.8,13844.0
2026-07-02 12:30:00,494.5,494.5,494.0,494.35,9154.0
2026-07-02 12:35:00,494.35,494.45,493.9,494.3,10527.0
2026-07-02 12:40:00,494.3,494.5,493.3,493.6,26499.0
2026-07-02 12:45:00,493.6,493.95,493.05,493.6,14457.0
2026-07-02 12:50:00,493.75,493.9,493.4,493.75,8618.0
2026-07-02 12:55:00,493.5,493.9,493.45,493.5,11711.0
2026-07-02 13:00:00,493.5,493.75,493.3,493.75,5353.0
2026-07-02 13:05:00,493.75,494.2,493.65,494.0,6227.0
2026-07-02 13:10:00,494.2,494.4,493.8,494.2,8975.0
2026-07-02 13:15:00,494.15,494.35,493.7,493.95,9681.0
2026-07-02 13:20:00,494.0,494.0,493.65,493.9,5354.0
2026-07-02 13:25:00,493.7,493.95,493.6,493.65,5693.0
2026-07-02 13:30:00,493.75,493.75,493.05,493.15,16782.0
2026-07-02 13:35:00,492.9,493.1,492.4,492.85,25372.0
2026-07-02 13:40:00,492.85,493.2,492.75,493.0,13918.0
2026-07-02 13:45:00,493.0,493.2,492.55,493.0,9015.0
2026-07-02 13:50:00,493.0,493.05,492.8,492.8,15245.0
2026-07-02 13:55:00,493.1,493.15,492.8,492.95,5455.0
2026-07-02 14:00:00,492.95,493.0,492.8,492.85,9528.0
2026-07-02 14:05:00,492.8,493.25,492.8,493.0,13656.0
2026-07-02 14:10:00,493.0,493.0,492.6,492.9,11312.0
2026-07-02 14:15:00,492.85,493.0,492.5,493.0,7132.0
2026-07-02 14:20:00,493.0,493.0,492.7,492.95,19179.0
2026-07-02 14:25:00,492.95,492.95,492.5,492.8,9194.0
2026-07-02 14:30:00,492.65,494.4,492.45,493.9,93887.0
2026-07-02 14:35:00,493.9,494.8,493.7,494.25,21739.0
2026-07-02 14:40:00,494.25,495.0,494.15,494.95,9891.0
2026-07-02 14:45:00,495.0,495.8,494.5,495.55,39799.0
2026-07-02 14:50:00,495.3,495.5,494.7,495.0,24910.0
2026-07-02 14:55:00,495.0,495.3,494.85,495.25,15693.0
2026-07-02 15:00:00,495.3,496.45,495.25,496.3,43936.0
2026-07-02 15:05:00,496.3,496.3,495.75,496.1,19307.0
2026-07-02 15:10:00,496.15,496.15,494.45,495.25,50023.0
2026-07-02 15:15:00,495.25,495.6,495.0,495.2,36091.0
2026-07-02 15:20:00,495.2,495.9,495.0,495.6,49366.0
2026-07-02 15:25:00,495.55,496.0,492.1,494.5,169146.0
2026-07-03 09:15:00,505.0,512.0,503.95,508.55,799753.0
2026-07-03 09:20:00,508.85,509.15,504.4,505.05,408880.0
2026-07-03 09:25:00,505.0,507.55,504.9,506.45,142056.0
2026-07-03 09:30:00,506.75,507.0,505.35,505.35,81948.0
2026-07-03 09:35:00,505.05,507.0,504.6,506.25,137992.0
2026-07-03 09:40:00,506.2,506.6,505.35,505.65,60437.0
2026-07-03 09:45:00,505.55,505.85,504.3,505.0,74804.0
2026-07-03 09:50:00,505.0,505.4,504.35,505.4,64228.0
2026-07-03 09:55:00,505.4,506.1,504.5,505.45,49982.0
2026-07-03 10:00:00,505.45,505.85,504.05,504.25,45069.0
2026-07-03 10:05:00,504.0,506.75,504.0,506.55,88455.0
2026-07-03 10:10:00,506.8,507.25,504.6,504.9,67427.0
2026-07-03 10:15:00,504.85,505.2,503.2,504.4,75099.0
2026-07-03 10:20:00,504.35,504.45,501.65,502.25,70984.0
2026-07-03 10:25:00,502.25,502.3,501.25,501.8,61546.0
2026-07-03 10:30:00,501.9,502.1,501.15,501.35,62635.0
2026-07-03 10:35:00,501.3,502.25,501.1,502.0,47030.0
2026-07-03 10:40:00,501.95,502.2,501.2,501.95,55723.0
2026-07-03 10:45:00,501.8,502.15,501.55,501.75,18968.0
2026-07-03 10:50:00,501.75,502.1,501.2,501.45,33553.0
2026-07-03 10:55:00,501.35,501.6,500.15,500.55,48104.0
2026-07-03 11:00:00,500.55,501.2,500.1,500.45,31773.0
2026-07-03 11:05:00,500.45,501.2,500.0,500.8,67617.0
2026-07-03 11:10:00,501.2,501.2,500.35,500.65,35936.0
2026-07-03 11:15:00,500.6,501.0,500.3,500.75,11318.0
2026-07-03 11:20:00,501.0,501.85,500.7,501.0,59536.0
2026-07-03 11:25:00,500.8,501.2,500.25,500.6,21919.0
2026-07-03 11:30:00,500.8,500.9,500.0,500.25,36345.0
2026-07-03 11:35:00,500.05,500.3,499.2,499.4,54476.0
2026-07-03 11:40:00,499.5,500.5,499.25,500.0,31192.0
2026-07-03 11:45:00,500.05,500.3,499.6,500.2,11526.0
2026-07-03 11:50:00,499.85,501.45,499.85,501.1,21546.0
2026-07-03 11:55:00,501.0,501.3,501.0,501.3,12241.0
2026-07-03 12:00:00,501.4,501.5,500.8,501.0,28348.0
2026-07-03 12:05:00,501.0,501.7,500.6,501.0,35063.0
2026-07-03 12:10:00,501.25,501.55,501.0,501.3,15024.0
2026-07-03 12:15:00,501.0,501.2,500.6,500.8,9977.0
2026-07-03 12:20:00,500.8,500.95,500.3,500.7,7949.0
2026-07-03 12:25:00,500.7,500.75,500.2,500.3,10151.0
2026-07-03 12:30:00,500.5,500.7,500.2,500.4,6168.0
2026-07-03 12:35:00,500.25,500.55,499.85,500.5,28848.0
2026-07-03 12:40:00,500.6,500.95,500.05,500.95,24330.0
2026-07-03 12:45:00,500.75,501.5,500.7,501.2,14460.0
2026-07-03 12:50:00,501.2,503.25,501.2,502.3,48225.0
2026-07-03 12:55:00,502.25,502.7,501.6,502.0,19399.0
2026-07-03 13:00:00,502.1,502.6,501.8,502.5,22948.0
2026-07-03 13:05:00,502.35,502.5,502.2,502.3,13675.0
2026-07-03 13:10:00,502.5,503.4,502.35,502.75,23861.0
2026-07-03 13:15:00,503.0,503.0,502.6,502.95,9131.0
2026-07-03 13:20:00,502.95,503.05,502.5,502.65,56675.0
2026-07-03 13:25:00,502.8,502.85,501.55,502.2,29112.0
2026-07-03 13:30:00,502.2,502.25,501.55,501.85,20953.0
2026-07-03 13:35:00,501.55,504.4,501.55,503.55,68907.0
2026-07-03 13:40:00,503.85,504.1,503.05,504.0,27685.0
2026-07-03 13:45:00,503.9,504.0,503.35,504.0,14608.0
2026-07-03 13:50:00,503.75,504.0,503.15,503.2,43997.0
2026-07-03 13:55:00,503.35,503.55,503.05,503.55,11272.0
2026-07-03 14:00:00,503.55,503.65,503.1,503.1,7195.0
2026-07-03 14:05:00,503.2,503.45,502.65,503.0,24934.0
2026-07-03 14:10:00,503.05,503.2,501.6,502.0,20634.0
2026-07-03 14:15:00,502.0,502.15,501.7,501.75,10146.0
2026-07-03 14:20:00,501.9,502.3,501.6,502.3,9290.0
2026-07-03 14:25:00,502.25,502.4,501.15,501.7,28201.0
2026-07-03 14:30:00,501.7,502.0,501.05,501.55,18117.0
2026-07-03 14:35:00,501.4,501.75,501.3,501.6,8840.0
2026-07-03 14:40:00,501.6,501.6,500.55,500.8,18071.0
2026-07-03 14:45:00,500.65,501.25,500.4,501.0,21120.0
2026-07-03 14:50:00,501.2,501.5,500.3,500.55,24599.0
2026-07-03 14:55:00,500.7,501.15,500.45,500.5,42107.0
2026-07-03 15:00:00,500.75,501.0,500.1,500.6,18040.0
2026-07-03 15:05:00,500.8,500.9,500.0,500.0,53529.0
2026-07-03 15:10:00,500.0,500.4,499.0,499.5,57613.0
2026-07-03 15:15:00,499.5,499.5,498.25,498.35,102075.0
2026-07-03 15:20:00,498.8,499.5,498.05,498.9,84112.0
2026-07-03 15:25:00,498.9,499.5,498.0,499.35,91815.0
2026-07-06 09:15:00,501.0,501.45,496.65,497.3,125151.0
2026-07-06 09:20:00,496.3,497.15,494.8,494.9,79246.0
2026-07-06 09:25:00,494.85,496.75,494.85,496.15,37871.0
2026-07-06 09:30:00,496.4,496.7,495.95,496.2,17327.0
2026-07-06 09:35:00,496.25,496.65,496.0,496.3,18253.0
2026-07-06 09:40:00,496.3,498.15,495.95,497.0,37693.0
2026-07-06 09:45:00,497.0,497.35,495.4,495.8,59007.0
2026-07-06 09:50:00,496.0,496.5,495.65,496.3,15763.0
2026-07-06 09:55:00,496.25,496.45,494.2,495.25,43148.0
2026-07-06 10:00:00,495.2,495.5,494.6,494.85,17507.0
2026-07-06 10:05:00,494.95,495.0,494.0,494.6,66515.0
2026-07-06 10:10:00,494.6,494.95,494.3,494.8,11483.0
2026-07-06 10:15:00,494.8,495.75,494.8,495.5,14098.0
2026-07-06 10:20:00,495.35,495.5,494.8,495.3,19374.0
2026-07-06 10:25:00,495.3,495.6,494.9,495.35,38767.0
2026-07-06 10:30:00,495.35,495.35,494.55,494.85,11636.0
2026-07-06 10:35:00,494.9,495.2,494.6,494.6,18168.0
2026-07-06 10:40:00,494.8,495.25,494.6,495.15,7594.0
2026-07-06 10:45:00,495.15,496.75,494.95,496.15,30232.0
2026-07-06 10:50:00,496.3,496.45,495.5,496.0,48485.0
2026-07-06 10:55:00,495.95,496.0,495.45,495.7,13994.0
2026-07-06 11:00:00,495.6,496.45,495.6,496.3,12760.0
2026-07-06 11:05:00,496.3,496.3,496.05,496.3,5861.0
2026-07-06 11:10:00,496.3,496.3,495.7,496.0,8783.0
2026-07-06 11:15:00,496.0,496.4,495.75,496.05,6287.0
2026-07-06 11:20:00,496.3,496.85,496.05,496.8,10000.0
2026-07-06 11:25:00,496.9,496.9,496.1,496.3,11024.0
2026-07-06 11:30:00,496.5,496.85,496.1,496.45,9896.0
2026-07-06 11:35:00,496.7,497.0,496.0,496.85,27364.0
2026-07-06 11:40:00,496.95,497.3,496.55,497.0,20818.0
2026-07-06 11:45:00,496.8,497.15,496.6,496.7,10023.0
2026-07-06 11:50:00,496.7,496.95,496.2,496.8,10425.0
2026-07-06 11:55:00,496.8,497.2,496.6,497.2,14327.0
2026-07-06 12:00:00,497.1,497.2,496.35,496.5,8845.0
2026-07-06 12:05:00,496.5,496.75,496.1,496.2,7463.0
2026-07-06 12:10:00,496.2,496.4,495.25,495.7,33022.0
2026-07-06 12:15:00,495.65,496.0,495.5,495.6,3177.0
2026-07-06 12:20:00,495.5,495.6,495.0,495.0,16817.0
2026-07-06 12:25:00,495.25,495.5,494.55,494.6,26687.0
2026-07-06 12:30:00,494.85,496.3,494.6,496.0,29659.0
2026-07-06 12:35:00,496.2,496.2,495.6,496.1,7215.0
2026-07-06 12:40:00,496.1,496.15,495.0,495.3,14601.0
2026-07-06 12:45:00,495.3,495.85,495.15,495.45,6194.0
2026-07-06 12:50:00,495.65,495.8,494.85,495.6,8768.0
2026-07-06 12:55:00,495.65,495.8,495.0,495.25,13877.0
2026-07-06 13:00:00,495.55,495.6,495.1,495.3,12995.0
2026-07-06 13:05:00,495.3,495.45,495.0,495.2,4888.0
2026-07-06 13:10:00,495.3,495.55,495.25,495.45,2026.0
2026-07-06 13:15:00,495.55,496.0,495.45,495.95,5298.0
2026-07-06 13:20:00,495.85,496.1,495.8,496.1,8633.0
2026-07-06 13:25:00,496.1,496.1,495.4,495.7,7937.0
2026-07-06 13:30:00,495.85,496.0,495.65,495.95,12605.0
2026-07-06 13:35:00,495.95,496.1,495.75,495.85,4259.0
2026-07-06 13:40:00,496.0,496.05,495.6,495.9,3401.0
2026-07-06 13:45:00,495.8,495.95,495.5,495.6,10231.0
2026-07-06 13:50:00,495.6,495.6,495.1,495.1,6425.0
2026-07-06 13:55:00,495.35,495.5,494.8,495.35,15079.0
2026-07-06 14:00:00,495.35,495.35,495.05,495.25,3472.0
2026-07-06 14:05:00,495.25,495.25,494.85,495.05,8069.0
2026-07-06 14:10:00,495.05,495.2,494.6,494.8,19354.0
2026-07-06 14:15:00,494.8,495.0,494.05,494.35,26622.0
2026-07-06 14:20:00,494.35,494.5,494.1,494.45,8622.0
2026-07-06 14:25:00,494.45,494.45,494.05,494.15,8967.0
2026-07-06 14:30:00,494.2,494.75,494.05,494.5,13061.0
2026-07-06 14:35:00,494.5,494.85,494.0,494.4,11909.0
2026-07-06 14:40:00,494.4,494.55,494.05,494.25,6129.0
2026-07-06 14:45:00,494.3,494.5,493.7,493.85,28883.0
2026-07-06 14:50:00,493.85,494.0,493.5,493.7,25745.0
2026-07-06 14:55:00,493.7,494.0,493.5,493.9,13059.0
2026-07-06 15:00:00,494.3,495.0,493.05,494.45,93344.0
2026-07-06 15:05:00,494.5,494.75,494.1,494.15,26854.0
2026-07-06 15:10:00,494.35,494.4,494.0,494.4,36539.0
2026-07-06 15:15:00,494.35,494.45,493.5,494.2,60864.0
2026-07-06 15:20:00,494.2,495.0,493.65,494.75,61693.0
2026-07-06 15:25:00,494.8,496.45,494.1,494.8,131024.0
2026-07-07 09:15:00,494.1,498.0,493.8,495.15,132871.0
2026-07-07 09:20:00,495.15,495.45,492.45,495.05,93113.0
2026-07-07 09:25:00,495.0,496.75,495.0,496.0,62093.0
2026-07-07 09:30:00,496.0,496.85,494.2,495.9,62602.0
2026-07-07 09:35:00,495.9,499.0,495.6,497.45,172167.0
2026-07-07 09:40:00,497.6,498.5,497.05,497.15,49958.0
2026-07-07 09:45:00,497.3,499.65,497.0,497.75,75887.0
2026-07-07 09:50:00,497.9,499.65,497.75,498.15,53725.0
2026-07-07 09:55:00,498.0,499.45,498.0,498.6,44493.0
2026-07-07 10:00:00,498.3,499.2,498.1,498.4,27207.0
2026-07-07 10:05:00,498.4,498.55,497.6,498.05,25163.0
2026-07-07 10:10:00,498.05,498.3,497.05,497.8,19235.0
2026-07-07 10:15:00,497.75,497.85,497.1,497.7,16462.0
2026-07-07 10:20:00,497.7,497.85,497.3,497.3,14060.0
2026-07-07 10:25:00,497.45,497.65,494.3,495.0,165144.0
2026-07-07 10:30:00,495.2,495.6,494.2,494.8,32395.0
2026-07-07 10:35:00,494.55,495.0,494.5,494.9,19972.0
2026-07-07 10:40:00,494.8,495.0,494.2,494.3,22179.0
2026-07-07 10:45:00,494.4,495.15,493.5,494.85,133372.0
2026-07-07 10:50:00,494.85,495.6,494.3,495.45,21294.0
2026-07-07 10:55:00,495.4,495.4,494.75,495.3,7507.0
2026-07-07 11:00:00,495.15,495.6,495.0,495.2,15816.0
2026-07-07 11:05:00,495.0,495.8,494.9,495.5,16398.0
2026-07-07 11:10:00,495.5,495.8,495.3,495.75,11724.0
2026-07-07 11:15:00,495.8,496.4,495.75,496.3,12447.0
2026-07-07 11:20:00,496.35,496.45,495.2,495.5,21350.0
2026-07-07 11:25:00,495.5,496.0,495.45,495.75,13032.0
2026-07-07 11:30:00,495.85,496.3,495.45,495.7,26970.0
2026-07-07 11:35:00,495.75,495.9,495.2,495.6,12826.0
2026-07-07 11:40:00,495.5,496.0,495.35,495.95,11180.0
2026-07-07 11:45:00,495.95,496.45,495.95,496.3,6210.0
2026-07-07 11:50:00,496.3,496.4,495.15,495.35,5062.0
2026-07-07 11:55:00,495.15,495.25,494.0,494.4,35688.0
2026-07-07 12:00:00,494.3,494.7,494.05,494.45,16142.0
2026-07-07 12:05:00,494.45,494.8,494.25,494.4,17087.0
2026-07-07 12:10:00,494.6,494.75,494.0,494.4,16183.0
2026-07-07 12:15:00,494.4,494.5,494.1,494.2,4006.0
2026-07-07 12:20:00,494.2,494.5,492.85,494.2,66431.0
2026-07-07 12:25:00,494.2,494.55,493.9,494.3,5566.0
2026-07-07 12:30:00,494.35,495.6,494.15,495.15,34118.0
2026-07-07 12:35:00,495.0,495.05,494.6,494.7,6727.0
2026-07-07 12:40:00,494.6,495.0,494.5,494.8,10983.0
2026-07-07 12:45:00,494.8,495.95,494.8,495.8,13815.0
2026-07-07 12:50:00,495.8,496.55,495.5,495.7,23173.0
2026-07-07 12:55:00,495.7,496.0,495.25,495.9,7477.0
2026-07-07 13:00:00,495.9,495.95,495.5,495.85,4559.0
2026-07-07 13:05:00,495.75,495.9,495.1,495.55,7264.0
2026-07-07 13:10:00,495.55,495.6,495.05,495.3,5444.0
2026-07-07 13:15:00,495.3,495.45,495.1,495.35,4505.0
2026-07-07 13:20:00,495.3,495.3,494.05,494.2,18313.0
2026-07-07 13:25:00,494.2,494.85,494.15,494.6,17509.0
2026-07-07 13:30:00,494.55,494.95,494.55,494.55,10591.0
2026-07-07 13:35:00,494.55,494.9,494.2,494.25,12263.0
2026-07-07 13:40:00,494.25,495.15,494.25,494.55,10791.0
2026-07-07 13:45:00,494.55,495.45,494.55,495.1,15125.0
2026-07-07 13:50:00,495.05,495.5,495.0,495.05,11103.0
2026-07-07 13:55:00,495.05,495.85,495.0,495.1,30936.0
2026-07-07 14:00:00,495.1,495.4,494.8,495.1,10240.0
2026-07-07 14:05:00,495.1,495.4,494.65,494.65,12286.0
2026-07-07 14:10:00,494.75,495.3,494.7,495.0,8567.0
2026-07-07 14:15:00,495.0,495.4,494.7,494.7,9146.0
2026-07-07 14:20:00,494.7,495.0,494.4,494.6,14773.0
2026-07-07 14:25:00,494.6,495.4,494.6,494.85,18971.0
2026-07-07 14:30:00,494.85,495.5,494.75,494.85,20838.0
2026-07-07 14:35:00,495.0,495.65,494.85,495.0,14708.0
2026-07-07 14:40:00,495.2,495.3,494.8,495.0,10543.0
2026-07-07 14:45:00,495.0,495.3,494.85,495.05,19362.0
2026-07-07 14:50:00,495.05,495.5,494.8,495.0,29511.0
2026-07-07 14:55:00,495.05,495.8,494.9,495.7,21882.0
2026-07-07 15:00:00,495.65,496.65,495.2,495.85,62366.0
2026-07-07 15:05:00,495.95,495.95,495.4,495.7,21221.0
2026-07-07 15:10:00,495.7,495.75,495.0,495.5,36501.0
2026-07-07 15:15:00,495.75,496.55,495.5,496.25,46353.0
2026-07-07 15:20:00,496.3,496.3,494.55,494.7,68451.0
2026-07-07 15:25:00,494.8,495.0,494.0,494.3,59418.0
2026-07-08 09:15:00,490.0,492.6,487.75,490.15,188238.0
2026-07-08 09:20:00,490.0,490.35,488.55,490.0,91620.0
2026-07-08 09:25:00,490.1,491.45,489.5,491.1,42622.0
2026-07-08 09:30:00,491.25,491.25,489.7,491.0,42222.0
2026-07-08 09:35:00,490.55,491.3,490.1,490.7,30339.0
2026-07-08 09:40:00,490.45,492.95,490.3,492.5,64827.0
2026-07-08 09:45:00,492.5,492.8,491.4,491.5,18666.0
2026-07-08 09:50:00,491.65,493.25,491.45,492.0,60927.0
2026-07-08 09:55:00,492.05,494.7,491.5,493.95,73903.0
2026-07-08 10:00:00,493.7,495.45,493.45,494.15,68234.0
2026-07-08 10:05:00,493.95,495.4,493.85,495.4,36313.0
2026-07-08 10:10:00,495.25,498.4,495.15,497.95,84041.0
2026-07-08 10:15:00,497.95,498.0,497.1,497.15,40670.0
2026-07-08 10:20:00,497.25,497.9,496.85,497.35,40900.0
2026-07-08 10:25:00,497.6,499.9,497.25,499.6,67379.0
2026-07-08 10:30:00,499.6,499.6,497.65,498.0,52020.0
2026-07-08 10:35:00,497.8,498.25,497.45,497.65,19881.0
2026-07-08 10:40:00,497.6,498.1,497.25,497.5,22028.0
2026-07-08 10:45:00,497.35,498.3,497.2,497.35,18335.0
2026-07-08 10:50:00,497.5,497.65,496.2,496.8,27523.0
2026-07-08 10:55:00,496.75,497.35,496.5,497.0,32927.0
2026-07-08 11:00:00,497.25,497.95,497.2,497.7,12194.0
2026-07-08 11:05:00,497.7,497.95,497.2,497.6,16606.0
2026-07-08 11:10:00,497.6,497.9,496.95,497.0,24494.0
2026-07-08 11:15:00,497.0,497.65,496.8,496.8,14534.0
2026-07-08 11:20:00,497.35,497.45,496.8,497.2,10504.0
2026-07-08 11:25:00,497.2,497.7,497.1,497.6,12027.0
2026-07-08 11:30:00,497.3,497.7,497.1,497.55,8012.0
2026-07-08 11:35:00,497.45,497.55,496.8,497.2,23200.0
2026-07-08 11:40:00,497.1,497.4,496.8,497.2,15789.0
2026-07-08 11:45:00,497.35,497.7,497.0,497.4,10692.0
2026-07-08 11:50:00,497.7,497.7,497.0,497.7,15914.0
2026-07-08 11:55:00,497.5,498.05,497.35,498.05,18899.0
2026-07-08 12:00:00,498.05,498.25,496.0,496.25,48628.0
2026-07-08 12:05:00,496.0,496.45,496.0,496.25,10433.0
2026-07-08 12:10:00,496.25,496.25,495.65,495.9,11260.0
2026-07-08 12:15:00,495.65,495.95,495.3,495.8,10465.0
2026-07-08 12:20:00,495.95,496.0,495.25,495.3,8364.0
2026-07-08 12:25:00,495.55,495.65,494.55,494.85,29690.0
2026-07-08 12:30:00,494.85,495.0,494.55,495.0,12355.0
2026-07-08 12:35:00,494.95,495.0,494.6,494.85,9635.0
2026-07-08 12:40:00,494.75,494.85,494.6,494.85,6460.0
2026-07-08 12:45:00,494.85,495.45,494.8,495.25,15471.0
2026-07-08 12:50:00,495.1,495.85,495.05,495.85,15109.0
2026-07-08 12:55:00,495.6,495.65,495.0,495.45,15125.0
2026-07-08 13:00:00,495.45,495.7,495.25,495.6,5422.0
2026-07-08 13:05:00,495.6,495.65,495.0,495.15,10657.0
2026-07-08 13:10:00,495.4,495.4,495.15,495.35,3635.0
2026-07-08 13:15:00,495.4,495.4,495.15,495.15,5324.0
2026-07-08 13:20:00,495.35,495.6,494.85,495.0,47280.0
2026-07-08 13:25:00,495.2,495.65,495.0,495.35,15236.0
2026-07-08 13:30:00,495.35,495.35,495.05,495.15,2711.0
2026-07-08 13:35:00,495.3,495.35,494.9,495.35,8299.0
2026-07-08 13:40:00,495.15,495.5,495.1,495.3,5735.0
2026-07-08 13:45:00,495.3,495.8,493.6,494.45,57228.0
2026-07-08 13:50:00,494.1,494.5,493.45,493.8,72029.0
2026-07-08 13:55:00,493.5,493.75,492.05,492.05,50622.0
2026-07-08 14:00:00,492.3,492.6,490.85,491.0,64700.0
2026-07-08 14:05:00,490.7,491.15,488.45,488.6,79344.0
2026-07-08 14:10:00,488.6,488.6,486.5,488.05,131068.0
2026-07-08 14:15:00,488.2,490.4,487.7,489.35,60057.0
2026-07-08 14:20:00,489.35,490.25,488.6,489.75,41669.0
2026-07-08 14:25:00,489.45,490.0,488.2,488.2,33658.0
2026-07-08 14:30:00,488.5,489.95,487.55,488.55,51712.0
2026-07-08 14:35:00,488.4,488.95,487.75,488.0,35136.0
2026-07-08 14:40:00,488.0,488.9,487.25,488.5,50138.0
2026-07-08 14:45:00,488.5,489.15,487.5,489.05,42506.0
2026-07-08 14:50:00,488.85,489.45,487.55,488.15,64568.0
2026-07-08 14:55:00,488.15,488.65,483.7,485.35,268641.0
2026-07-08 15:00:00,485.5,487.85,485.5,487.25,64348.0
2026-07-08 15:05:00,487.3,487.6,486.45,487.0,32205.0
2026-07-08 15:10:00,487.0,488.5,486.5,488.5,55755.0
2026-07-08 15:15:00,488.5,488.95,487.35,487.9,62427.0
2026-07-08 15:20:00,487.95,488.95,487.4,487.5,57764.0
2026-07-08 15:25:00,487.55,488.0,485.5,487.5,145658.0
2026-07-09 09:15:00,487.5,489.4,484.4,485.95,96618.0
2026-07-09 09:20:00,485.75,486.5,484.85,485.85,57866.0
2026-07-09 09:25:00,486.1,488.0,485.95,487.8,61473.0
2026-07-09 09:30:00,487.8,487.8,486.0,486.7,35993.0
2026-07-09 09:35:00,486.7,486.7,485.6,486.55,20968.0
2026-07-09 09:40:00,486.1,486.55,485.8,485.9,13803.0
2026-07-09 09:45:00,486.1,486.95,485.8,486.5,24249.0
2026-07-09 09:50:00,486.6,486.75,485.75,485.9,31140.0
2026-07-09 09:55:00,486.15,486.3,485.0,485.4,33866.0
2026-07-09 10:00:00,485.4,486.5,485.2,486.2,23703.0
2026-07-09 10:05:00,486.25,486.9,486.0,486.6,28884.0
2026-07-09 10:10:00,486.6,486.7,485.5,485.6,12471.0
2026-07-09 10:15:00,485.6,485.7,484.8,485.15,37991.0
2026-07-09 10:20:00,485.0,485.6,484.6,484.95,21753.0
2026-07-09 10:25:00,484.95,485.0,483.7,484.0,45523.0
2026-07-09 10:30:00,484.0,484.5,483.8,484.2,18099.0
2026-07-09 10:35:00,484.0,484.2,483.4,484.05,19270.0
2026-07-09 10:40:00,484.2,486.45,484.1,485.75,36309.0
2026-07-09 10:45:00,485.8,485.85,484.7,485.0,24127.0
2026-07-09 10:50:00,484.9,485.6,484.9,485.25,8156.0
2026-07-09 10:55:00,485.2,485.4,485.0,485.0,8783.0
2026-07-09 11:00:00,485.0,485.0,484.15,484.55,8728.0
2026-07-09 11:05:00,484.55,485.4,484.4,485.2,13614.0
2026-07-09 11:10:00,485.2,485.4,484.6,484.85,7999.0
2026-07-09 11:15:00,485.1,485.5,484.9,485.15,7815.0
2026-07-09 11:20:00,485.5,485.5,485.1,485.15,6675.0
2026-07-09 11:25:00,485.3,486.0,485.1,485.65,22785.0
2026-07-09 11:30:00,485.65,486.15,485.5,485.5,12364.0
2026-07-09 11:35:00,485.7,486.0,485.15,485.95,10747.0
2026-07-09 11:40:00,485.8,485.95,485.6,485.85,7667.0
2026-07-09 11:45:00,485.9,485.9,485.5,485.75,4573.0
2026-07-09 11:50:00,485.75,485.9,485.5,485.6,6285.0
2026-07-09 11:55:00,485.6,486.75,485.35,486.65,27920.0
2026-07-09 12:00:00,486.65,486.8,486.3,486.4,11326.0
2026-07-09 12:05:00,486.4,486.4,486.0,486.2,4116.0
2026-07-09 12:10:00,486.2,486.55,486.1,486.2,8056.0
2026-07-09 12:15:00,486.45,487.9,486.2,487.7,42799.0
2026-07-09 12:20:00,487.7,488.8,487.6,488.0,48242.0
2026-07-09 12:25:00,488.0,488.2,487.7,488.1,12701.0
2026-07-09 12:30:00,487.9,488.5,487.45,487.8,22908.0
2026-07-09 12:35:00,488.0,488.15,487.7,488.1,6943.0
2026-07-09 12:40:00,488.05,488.1,487.3,487.85,10731.0
2026-07-09 12:45:00,487.9,489.75,487.7,488.7,45412.0
2026-07-09 12:50:00,488.85,489.15,488.2,488.7,11073.0
2026-07-09 12:55:00,488.75,488.95,488.35,488.55,8591.0
2026-07-09 13:00:00,488.55,488.65,488.15,488.35,10663.0
2026-07-09 13:05:00,488.5,488.65,488.0,488.45,16680.0
2026-07-09 13:10:00,488.45,488.65,488.1,488.2,9908.0
2026-07-09 13:15:00,488.25,488.65,487.85,488.1,12640.0
2026-07-09 13:20:00,488.1,488.45,487.8,488.25,8779.0
2026-07-09 13:25:00,488.15,488.6,487.85,488.5,15042.0
2026-07-09 13:30:00,488.4,488.5,488.0,488.5,7430.0
2026-07-09 13:35:00,488.45,489.05,488.05,488.8,14242.0
2026-07-09 13:40:00,489.0,489.0,488.35,488.6,7601.0
2026-07-09 13:45:00,488.6,489.0,488.25,488.55,13991.0
2026-07-09 13:50:00,488.55,488.7,488.0,488.25,7883.0
2026-07-09 13:55:00,488.3,489.05,487.9,488.5,27572.0
2026-07-09 14:00:00,488.55,489.0,488.4,488.8,5476.0
2026-07-09 14:05:00,488.8,489.0,488.4,488.9,7227.0
2026-07-09 14:10:00,488.9,488.9,488.25,488.6,8714.0
2026-07-09 14:15:00,488.75,489.0,488.5,488.9,13887.0
2026-07-09 14:20:00,489.0,489.4,488.6,489.4,21918.0
2026-07-09 14:25:00,489.45,489.5,488.35,488.7,9225.0
2026-07-09 14:30:00,488.7,488.9,488.35,488.35,9497.0
2026-07-09 14:35:00,488.3,488.6,487.8,488.0,12260.0
2026-07-09 14:40:00,487.95,488.55,487.4,488.25,14651.0
2026-07-09 14:45:00,488.25,488.25,487.65,487.85,8292.0
2026-07-09 14:50:00,488.0,488.4,487.7,487.95,13035.0
2026-07-09 14:55:00,487.95,488.0,487.65,487.95,13691.0
2026-07-09 15:00:00,487.95,487.95,486.65,486.95,43621.0
2026-07-09 15:05:00,486.95,486.95,486.0,486.45,22064.0
2026-07-09 15:10:00,486.45,486.45,485.75,485.9,32896.0
2026-07-09 15:15:00,485.8,486.0,485.5,485.9,37438.0
2026-07-09 15:20:00,485.9,486.0,485.8,486.0,47310.0
2026-07-09 15:25:00,486.1,487.8,485.7,487.55,53592.0
2026-07-10 09:15:00,495.0,502.25,494.1,501.95,498058.0
2026-07-10 09:20:00,501.95,504.8,501.0,503.65,546622.0
2026-07-10 09:25:00,503.7,505.8,502.0,505.1,377634.0
2026-07-10 09:30:00,505.0,505.15,502.4,502.85,120925.0
2026-07-10 09:35:00,502.85,503.75,502.1,503.55,89472.0
2026-07-10 09:40:00,503.25,507.2,503.1,507.15,278764.0
2026-07-10 09:45:00,507.1,509.9,505.3,509.0,525981.0
2026-07-10 09:50:00,508.85,511.8,507.25,507.25,511630.0
2026-07-10 09:55:00,507.4,509.5,506.3,509.0,178783.0
2026-07-10 10:00:00,509.0,509.95,507.8,508.1,172757.0
2026-07-10 10:05:00,508.15,508.5,507.0,507.2,83926.0
2026-07-10 10:10:00,507.05,507.4,505.5,506.45,114585.0
2026-07-10 10:15:00,506.4,506.65,505.15,505.35,87392.0
2026-07-10 10:20:00,505.6,505.65,504.75,505.0,65379.0
2026-07-10 10:25:00,505.0,505.0,502.4,502.6,182667.0
2026-07-10 10:30:00,502.85,503.2,502.05,502.75,107451.0
2026-07-10 10:35:00,502.8,504.5,502.5,504.5,67162.0
2026-07-10 10:40:00,504.5,504.75,503.15,503.75,62815.0
2026-07-10 10:45:00,503.75,504.35,503.1,504.25,34801.0
2026-07-10 10:50:00,504.1,507.75,504.0,506.6,168358.0
2026-07-10 10:55:00,506.55,508.4,506.55,507.0,92006.0
2026-07-10 11:00:00,506.8,507.0,505.4,505.6,67573.0
2026-07-10 11:05:00,505.6,506.0,505.45,505.95,24939.0
2026-07-10 11:10:00,505.95,505.95,505.15,505.35,15382.0
2026-07-10 11:15:00,505.55,505.75,503.6,503.8,60507.0
2026-07-10 11:20:00,504.1,504.1,503.2,503.4,27449.0
2026-07-10 11:25:00,503.45,503.85,501.35,501.55,95325.0
2026-07-10 11:30:00,501.6,502.3,500.95,501.0,99979.0
2026-07-10 11:35:00,501.25,501.95,501.1,501.95,33127.0
2026-07-10 11:40:00,502.0,502.2,500.25,500.65,98041.0
2026-07-10 11:45:00,500.85,501.2,500.3,500.8,36196.0
2026-07-10 11:50:00,500.8,501.15,500.05,500.4,33287.0
2026-07-10 11:55:00,500.4,501.0,499.9,500.95,89961.0
2026-07-10 12:00:00,501.0,501.15,500.1,500.4,26879.0
2026-07-10 12:05:00,500.55,501.25,500.4,501.1,14534.0
2026-07-10 12:10:00,501.0,501.1,500.5,500.85,22489.0
2026-07-10 12:15:00,500.9,501.3,500.5,500.85,11000.0
2026-07-10 12:20:00,500.75,500.95,500.4,500.85,19791.0
2026-07-10 12:25:00,500.65,501.0,500.5,501.0,10658.0
2026-07-10 12:30:00,501.0,501.35,500.75,501.1,14404.0
2026-07-10 12:35:00,501.4,501.5,500.3,500.3,54935.0
2026-07-10 12:40:00,500.6,500.9,500.0,500.5,17850.0
2026-07-10 12:45:00,500.5,500.85,500.15,500.7,12006.0
2026-07-10 12:50:00,500.8,501.05,500.35,500.4,17638.0
2026-07-10 12:55:00,500.3,500.9,500.1,500.5,17974.0
2026-07-10 13:00:00,500.6,501.15,500.5,500.5,14280.0
2026-07-10 13:05:00,500.5,501.0,500.05,500.3,24508.0
2026-07-10 13:10:00,500.3,500.3,499.05,499.35,50702.0
2026-07-10 13:15:00,499.6,499.85,499.1,499.1,18704.0
2026-07-10 13:20:00,499.1,499.7,499.1,499.7,23286.0
2026-07-10 13:25:00,499.7,500.0,499.4,499.8,14155.0
2026-07-10 13:30:00,500.0,500.3,499.3,499.85,29505.0
2026-07-10 13:35:00,499.65,500.25,499.4,499.65,10744.0
2026-07-10 13:40:00,499.4,500.85,499.1,500.25,27064.0
2026-07-10 13:45:00,500.4,501.0,500.0,500.8,13696.0
2026-07-10 13:50:00,500.8,501.9,500.75,501.15,39113.0
2026-07-10 13:55:00,501.15,501.4,499.65,499.7,19717.0
2026-07-10 14:00:00,499.85,500.2,499.5,499.7,16203.0
2026-07-10 14:05:00,499.8,500.35,499.5,500.0,10181.0
2026-07-10 14:10:00,499.9,502.15,499.9,501.2,104388.0
2026-07-10 14:15:00,501.0,502.3,501.0,502.3,132075.0
2026-07-10 14:20:00,502.3,502.75,501.25,501.8,57697.0
2026-07-10 14:25:00,501.5,501.8,501.05,501.45,34057.0
2026-07-10 14:30:00,501.7,501.9,501.05,501.8,8849.0
2026-07-10 14:35:00,501.95,502.0,501.0,501.45,125052.0
2026-07-10 14:40:00,501.4,503.7,501.25,502.15,270916.0
2026-07-10 14:45:00,502.4,502.5,499.55,499.55,59245.0
2026-07-10 14:50:00,499.85,500.1,497.8,498.6,73637.0
2026-07-10 14:55:00,498.6,499.5,498.6,499.3,13906.0
2026-07-10 15:00:00,499.35,499.7,498.65,498.8,39202.0
2026-07-10 15:05:00,498.65,499.2,498.3,499.1,36662.0
2026-07-10 15:10:00,498.8,499.3,498.7,498.95,67529.0
2026-07-10 15:15:00,498.85,499.0,498.0,498.85,139960.0
2026-07-10 15:20:00,498.75,499.5,498.05,498.05,84091.0
2026-07-10 15:25:00,498.3,499.5,497.25,499.5,81561.0
