timestamp,open,high,low,close,volume
2026-05-12 09:15:00,353.0,354.4,351.5,352.2,13221.0
2026-05-12 09:20:00,351.95,352.55,350.5,350.85,8350.0
2026-05-12 09:25:00,350.3,350.3,349.0,349.05,6404.0
2026-05-12 09:30:00,349.05,350.1,348.25,348.25,9357.0
2026-05-12 09:35:00,348.85,352.0,348.75,351.2,13307.0
2026-05-12 09:40:00,351.2,352.7,350.8,352.7,3918.0
2026-05-12 09:45:00,352.25,352.75,351.15,351.6,5462.0
2026-05-12 09:50:00,351.6,352.2,350.55,351.8,7270.0
2026-05-12 09:55:00,352.15,352.15,351.3,351.7,802.0
2026-05-12 10:00:00,351.4,351.65,351.1,351.65,1033.0
2026-05-12 10:05:00,351.6,352.35,351.15,351.5,2975.0
2026-05-12 10:10:00,351.5,352.8,351.05,352.75,5373.0
2026-05-12 10:15:00,352.75,353.15,352.4,352.55,3346.0
2026-05-12 10:20:00,352.55,353.1,352.05,352.65,3331.0
2026-05-12 10:25:00,352.85,352.85,352.1,352.5,1792.0
2026-05-12 10:30:00,352.5,352.5,352.05,352.15,1167.0
2026-05-12 10:35:00,352.35,352.35,351.35,351.7,572.0
2026-05-12 10:40:00,351.7,352.75,351.3,352.75,5611.0
2026-05-12 10:45:00,351.75,352.65,351.5,352.15,2201.0
2026-05-12 10:50:00,352.0,352.25,351.85,352.2,857.0
2026-05-12 10:55:00,352.3,352.85,352.3,352.75,2460.0
2026-05-12 11:00:00,352.55,352.7,351.9,351.9,1552.0
2026-05-12 11:05:00,352.15,352.15,351.15,351.15,952.0
2026-05-12 11:10:00,351.45,351.5,351.1,351.45,2360.0
2026-05-12 11:15:00,351.0,351.7,351.0,351.7,2334.0
2026-05-12 11:20:00,351.75,352.0,351.5,351.75,977.0
2026-05-12 11:25:00,351.75,353.4,351.75,352.95,7203.0
2026-05-12 11:30:00,352.8,352.8,351.95,352.45,729.0
2026-05-12 11:35:00,352.45,353.4,352.4,353.15,4037.0
2026-05-12 11:40:00,353.15,353.3,352.65,353.1,702.0
2026-05-12 11:45:00,352.85,353.1,352.25,352.55,394.0
2026-05-12 11:50:00,352.45,353.0,351.95,352.85,5145.0
2026-05-12 11:55:00,352.85,353.1,352.5,352.85,2069.0
2026-05-12 12:00:00,352.8,352.8,352.6,352.8,127.0
2026-05-12 12:05:00,352.8,352.9,352.5,352.9,902.0
2026-05-12 12:10:00,352.9,353.0,352.4,352.7,1414.0
2026-05-12 12:15:00,352.75,353.65,352.5,353.4,1718.0
2026-05-12 12:20:00,353.3,353.9,351.75,352.0,4545.0
2026-05-12 12:25:00,352.0,352.0,351.4,351.7,549.0
2026-05-12 12:30:00,351.7,354.15,351.1,351.5,6444.0
2026-05-12 12:35:00,351.5,351.65,351.3,351.3,1492.0
2026-05-12 12:40:00,351.15,351.5,351.15,351.5,973.0
2026-05-12 12:45:00,351.5,352.4,351.5,351.95,2146.0
2026-05-12 12:50:00,351.95,351.95,351.3,351.55,3229.0
2026-05-12 12:55:00,351.55,351.7,351.05,351.65,1781.0
2026-05-12 13:00:00,351.65,351.8,351.45,351.7,1055.0
2026-05-12 13:05:00,351.7,351.75,351.05,351.15,1498.0
2026-05-12 13:10:00,351.0,351.0,350.55,350.8,5173.0
2026-05-12 13:15:00,350.8,351.05,350.7,351.05,1111.0
2026-05-12 13:20:00,350.7,352.0,350.7,351.4,7009.0
2026-05-12 13:25:00,351.4,352.75,351.0,351.55,17328.0
2026-05-12 13:30:00,351.45,351.7,351.15,351.5,1898.0
2026-05-12 13:35:00,351.25,351.25,350.05,350.55,5223.0
2026-05-12 13:40:00,350.6,351.0,349.4,349.8,14955.0
2026-05-12 13:45:00,349.8,350.55,349.8,350.55,3742.0
2026-05-12 13:50:00,350.55,350.55,349.1,349.35,4390.0
2026-05-12 13:55:00,349.65,349.85,349.25,349.3,1323.0
2026-05-12 14:00:00,349.55,350.0,349.55,350.0,1213.0
2026-05-12 14:05:00,349.85,349.85,348.1,348.55,1823.0
2026-05-12 14:10:00,348.15,348.85,348.15,348.7,6621.0
2026-05-12 14:15:00,348.5,348.95,348.4,348.8,6929.0
2026-05-12 14:20:00,348.8,352.45,347.0,352.0,75387.0
2026-05-12 14:25:00,352.05,352.95,350.0,350.9,24774.0
2026-05-12 14:30:00,350.85,351.2,350.0,350.4,7126.0
2026-05-12 14:35:00,350.4,350.5,349.55,349.95,3222.0
2026-05-12 14:40:00,349.85,350.4,349.6,350.35,4109.0
2026-05-12 14:45:00,350.35,350.55,349.8,350.1,4011.0
2026-05-12 14:50:00,349.95,350.05,348.35,349.0,6588.0
2026-05-12 14:55:00,349.0,349.15,348.15,348.85,7600.0
2026-05-12 15:00:00,348.8,349.0,347.35,347.9,8903.0
2026-05-12 15:05:00,348.1,348.1,347.0,347.65,3984.0
2026-05-12 15:10:00,347.65,348.05,347.1,347.35,5886.0
2026-05-12 15:15:00,347.35,348.1,347.2,347.8,7717.0
2026-05-12 15:20:00,347.85,348.65,347.3,347.85,14413.0
2026-05-12 15:25:00,348.55,351.0,347.0,347.0,10003.0
2026-05-13 09:15:00,347.15,350.6,346.1,350.3,9324.0
2026-05-13 09:20:00,350.15,350.35,348.9,349.85,5484.0
2026-05-13 09:25:00,349.4,350.95,347.6,349.75,11031.0
2026-05-13 09:30:00,350.3,350.6,348.25,348.25,7597.0
2026-05-13 09:35:00,348.45,348.55,346.65,347.6,15933.0
2026-05-13 09:40:00,348.0,352.0,347.55,351.85,8768.0
2026-05-13 09:45:00,351.55,351.65,346.85,347.35,5070.0
2026-05-13 09:50:00,347.45,348.65,347.45,347.8,6915.0
2026-05-13 09:55:00,348.65,349.1,348.0,348.5,7559.0
2026-05-13 10:00:00,348.5,350.05,348.4,348.85,4800.0
2026-05-13 10:05:00,348.9,349.8,348.7,348.75,1319.0
2026-05-13 10:10:00,348.9,349.15,348.3,348.65,655.0
2026-05-13 10:15:00,349.15,349.65,348.95,349.4,1678.0
2026-05-13 10:20:00,349.5,349.5,349.0,349.0,1581.0
2026-05-13 10:25:00,349.25,349.25,348.0,348.0,2282.0
2026-05-13 10:30:00,348.2,348.2,347.55,347.55,2377.0
2026-05-13 10:35:00,347.85,348.35,347.85,347.95,2209.0
2026-05-13 10:40:00,348.0,348.0,347.6,348.0,467.0
2026-05-13 10:45:00,347.6,347.85,347.6,347.65,440.0
2026-05-13 10:50:00,347.65,347.85,347.1,347.15,1231.0
2026-05-13 10:55:00,347.5,347.55,346.55,346.55,9659.0
2026-05-13 11:00:00,346.55,346.85,345.3,346.8,14756.0
2026-05-13 11:05:00,346.8,347.7,346.5,346.75,4002.0
2026-05-13 11:10:00,346.75,347.1,346.5,347.05,620.0
2026-05-13 11:15:00,347.05,347.9,347.0,347.75,388.0
2026-05-13 11:20:00,347.75,347.8,347.4,347.55,535.0
2026-05-13 11:25:00,347.8,347.8,347.5,347.7,142.0
2026-05-13 11:30:00,347.6,347.85,347.45,347.75,1189.0
2026-05-13 11:35:00,347.75,348.15,347.3,348.0,674.0
2026-05-13 11:40:00,348.15,349.5,347.55,349.0,6699.0
2026-05-13 11:45:00,349.3,349.3,348.25,348.8,6277.0
2026-05-13 11:50:00,348.8,348.8,347.1,347.55,5509.0
2026-05-13 11:55:00,347.55,347.55,347.0,347.1,5230.0
2026-05-13 12:00:00,347.0,347.15,346.95,347.15,1121.0
2026-05-13 12:05:00,347.65,348.15,347.15,347.15,5184.0
2026-05-13 12:10:00,347.15,347.45,347.15,347.45,356.0
2026-05-13 12:15:00,347.45,348.0,347.0,347.0,2656.0
2026-05-13 12:20:00,347.15,347.3,347.0,347.3,1328.0
2026-05-13 12:25:00,347.3,347.35,347.3,347.3,282.0
2026-05-13 12:30:00,347.3,347.45,347.0,347.0,1038.0
2026-05-13 12:35:00,347.2,347.3,346.2,346.7,7283.0
2026-05-13 12:40:00,346.85,346.9,346.2,346.9,898.0
2026-05-13 12:45:00,346.75,347.35,346.75,346.95,1276.0
2026-05-13 12:50:00,347.4,347.85,347.4,347.65,4605.0
2026-05-13 12:55:00,347.4,347.65,347.4,347.6,239.0
2026-05-13 13:00:00,346.85,347.65,346.35,347.65,8720.0
2026-05-13 13:05:00,347.25,347.25,346.3,347.0,734.0
2026-05-13 13:10:00,347.35,347.35,346.8,346.8,795.0
2026-05-13 13:15:00,346.8,346.8,346.55,346.55,458.0
2026-05-13 13:20:00,346.45,346.7,346.3,346.6,335.0
2026-05-13 13:25:00,346.6,347.45,345.95,347.4,1789.0
2026-05-13 13:30:00,347.1,347.6,347.0,347.6,11270.0
2026-05-13 13:35:00,347.6,347.65,347.0,347.0,329.0
2026-05-13 13:40:00,347.0,347.2,346.8,347.05,760.0
2026-05-13 13:45:00,347.05,347.1,346.75,346.75,225.0
2026-05-13 13:50:00,346.35,350.25,346.35,349.8,555940.0
2026-05-13 13:55:00,349.7,352.1,348.95,351.8,14241.0
2026-05-13 14:00:00,352.0,352.6,348.15,348.15,38899.0
2026-05-13 14:05:00,348.15,348.95,348.0,348.0,17144.0
2026-05-13 14:10:00,347.7,348.9,347.15,348.3,4371.0
2026-05-13 14:15:00,348.3,348.55,347.8,347.8,735.0
2026-05-13 14:20:00,347.6,347.6,346.95,347.4,2949.0
2026-05-13 14:25:00,347.25,347.65,347.25,347.5,807.0
2026-05-13 14:30:00,347.25,347.35,346.9,347.0,1089.0
2026-05-13 14:35:00,347.0,348.0,347.0,347.8,21672.0
2026-05-13 14:40:00,347.95,348.0,347.5,347.5,1183.0
2026-05-13 14:45:00,347.45,347.65,347.2,347.55,205.0
2026-05-13 14:50:00,347.2,347.65,346.95,347.65,2019.0
2026-05-13 14:55:00,347.75,348.0,347.55,348.0,5130.0
2026-05-13 15:00:00,347.95,348.0,346.5,346.85,9839.0
2026-05-13 15:05:00,346.7,347.55,346.5,347.45,7316.0
2026-05-13 15:10:00,347.25,347.45,346.1,346.85,10132.0
2026-05-13 15:15:00,346.9,348.0,346.65,346.75,7442.0
2026-05-13 15:20:00,346.75,347.5,346.75,346.75,7278.0
2026-05-13 15:25:00,346.75,347.8,345.0,345.5,7061.0
2026-05-14 09:15:00,348.05,349.35,346.25,346.35,13853.0
2026-05-14 09:20:00,346.2,347.2,346.1,346.55,6421.0
2026-05-14 09:25:00,346.3,347.0,346.3,346.85,1350.0
2026-05-14 09:30:00,347.65,347.65,347.0,347.15,7913.0
2026-05-14 09:35:00,347.1,347.8,346.6,346.6,2294.0
2026-05-14 09:40:00,346.35,346.6,344.6,345.0,3916.0
2026-05-14 09:45:00,345.0,345.85,344.5,345.0,4337.0
2026-05-14 09:50:00,345.0,345.8,345.0,345.8,1812.0
2026-05-14 09:55:00,345.55,345.85,345.0,345.75,3100.0
2026-05-14 10:00:00,345.75,348.1,345.4,347.2,4440.0
2026-05-14 10:05:00,347.0,347.0,346.35,346.85,633.0
2026-05-14 10:10:00,346.85,347.3,346.65,347.0,1873.0
2026-05-14 10:15:00,346.55,347.7,346.45,347.35,3255.0
2026-05-14 10:20:00,347.4,347.5,347.0,347.0,344.0
2026-05-14 10:25:00,347.0,347.35,346.8,347.0,10093.0
2026-05-14 10:30:00,347.0,347.3,346.95,347.05,919.0
2026-05-14 10:35:00,347.0,347.7,347.0,347.0,2489.0
2026-05-14 10:40:00,347.0,350.7,347.0,350.0,46508.0
2026-05-14 10:45:00,350.0,350.3,349.2,350.0,18618.0
2026-05-14 10:50:00,350.0,350.25,350.0,350.0,7616.0
2026-05-14 10:55:00,350.0,350.5,348.75,349.0,10374.0
2026-05-14 11:00:00,348.6,349.85,348.6,349.35,1522.0
2026-05-14 11:05:00,349.35,349.85,348.85,349.3,2901.0
2026-05-14 11:10:00,348.75,349.45,348.6,349.35,3901.0
2026-05-14 11:15:00,349.15,349.4,349.05,349.4,1010.0
2026-05-14 11:20:00,349.2,349.45,349.1,349.2,477.0
2026-05-14 11:25:00,349.2,349.55,347.7,348.2,221740.0
2026-05-14 11:30:00,348.35,348.6,347.15,347.65,11155.0
2026-05-14 11:35:00,347.65,347.8,347.0,347.05,1316.0
2026-05-14 11:40:00,347.0,347.25,347.0,347.15,327.0
2026-05-14 11:45:00,347.15,347.3,347.15,347.15,7.0
2026-05-14 11:50:00,347.2,348.9,347.2,348.9,4652.0
2026-05-14 11:55:00,348.8,348.95,348.0,348.05,14366.0
2026-05-14 12:00:00,348.0,348.55,348.0,348.25,2044.0
2026-05-14 12:05:00,348.15,348.4,348.05,348.2,210.0
2026-05-14 12:10:00,348.2,348.4,348.15,348.2,148.0
2026-05-14 12:15:00,348.2,348.45,348.2,348.45,622.0
2026-05-14 12:20:00,348.55,348.55,348.0,348.25,555.0
2026-05-14 12:25:00,348.25,348.55,348.0,348.05,3140.0
2026-05-14 12:30:00,348.05,348.35,348.0,348.0,2110.0
2026-05-14 12:35:00,348.0,348.1,346.35,347.8,39581.0
2026-05-14 12:40:00,348.0,348.05,348.0,348.05,8.0
2026-05-14 12:45:00,348.0,348.05,347.6,348.0,752.0
2026-05-14 12:50:00,348.0,348.05,347.7,348.0,842.0
2026-05-14 12:55:00,347.75,348.3,347.4,348.0,1876.0
2026-05-14 13:00:00,348.0,348.05,347.65,347.8,1329.0
2026-05-14 13:05:00,348.0,348.05,348.0,348.0,318.0
2026-05-14 13:10:00,348.05,348.3,347.85,348.1,142258.0
2026-05-14 13:15:00,348.1,348.3,347.6,348.05,617.0
2026-05-14 13:20:00,348.05,348.05,346.95,346.95,525.0
2026-05-14 13:25:00,346.95,347.35,346.95,347.35,513.0
2026-05-14 13:30:00,348.0,349.75,348.0,349.2,15043.0
2026-05-14 13:35:00,349.15,349.25,349.1,349.2,997.0
2026-05-14 13:40:00,349.05,349.3,349.0,349.15,651.0
2026-05-14 13:45:00,349.05,349.6,349.0,349.15,1041.0
2026-05-14 13:50:00,349.15,350.7,349.15,350.5,12601.0
2026-05-14 13:55:00,350.5,350.6,350.0,350.0,1785.0
2026-05-14 14:00:00,350.0,350.4,350.0,350.1,1154.0
2026-05-14 14:05:00,350.55,350.55,349.7,349.85,3265.0
2026-05-14 14:10:00,349.85,349.95,349.45,349.95,1752.0
2026-05-14 14:15:00,350.2,350.2,349.7,349.75,2314.0
2026-05-14 14:20:00,349.7,350.15,349.7,349.85,873.0
2026-05-14 14:25:00,349.8,350.45,349.75,349.95,1734.0
2026-05-14 14:30:00,349.8,351.15,349.65,350.6,2823.0
2026-05-14 14:35:00,350.55,350.55,350.3,350.45,379.0
2026-05-14 14:40:00,350.55,350.95,350.35,350.6,2169.0
2026-05-14 14:45:00,350.55,350.85,350.45,350.6,349.0
2026-05-14 14:50:00,350.6,352.2,350.6,352.2,3184.0
2026-05-14 14:55:00,352.05,354.2,352.0,353.0,6355.0
2026-05-14 15:00:00,353.05,354.55,352.85,353.15,21174.0
2026-05-14 15:05:00,353.3,355.0,351.9,352.25,20456.0
2026-05-14 15:10:00,352.25,354.4,352.2,354.05,22939.0
2026-05-14 15:15:00,354.3,354.3,351.25,351.4,41453.0
2026-05-14 15:20:00,351.4,351.55,351.0,351.35,4925.0
2026-05-14 15:25:00,351.35,355.0,350.2,355.0,25566.0
2026-05-15 09:15:00,352.0,353.75,350.4,353.1,19318.0
2026-05-15 09:20:00,352.35,355.35,352.35,353.5,23574.0
2026-05-15 09:25:00,353.15,353.5,352.2,352.95,6084.0
2026-05-15 09:30:00,352.95,355.0,352.65,353.4,8810.0
2026-05-15 09:35:00,353.45,355.0,353.25,354.5,8897.0
2026-05-15 09:40:00,354.5,359.45,354.5,358.4,22851.0
2026-05-15 09:45:00,358.5,359.95,358.05,358.65,21020.0
2026-05-15 09:50:00,358.65,362.85,358.65,362.65,46025.0
2026-05-15 09:55:00,362.6,364.7,360.0,361.4,116289.0
2026-05-15 10:00:00,361.3,361.75,359.5,361.15,47023.0
2026-05-15 10:05:00,361.2,361.7,358.95,361.15,97505.0
2026-05-15 10:10:00,361.1,364.35,359.1,359.4,52682.0
2026-05-15 10:15:00,359.4,360.75,358.05,358.4,129198.0
2026-05-15 10:20:00,358.35,358.35,353.65,354.15,61650.0
2026-05-15 10:25:00,354.05,355.0,354.05,354.85,13816.0
2026-05-15 10:30:00,354.9,356.8,354.55,356.55,16696.0
2026-05-15 10:35:00,356.5,356.75,356.0,356.45,8489.0
2026-05-15 10:40:00,356.3,357.0,356.1,356.7,6465.0
2026-05-15 10:45:00,356.5,357.9,356.4,357.85,9876.0
2026-05-15 10:50:00,357.85,359.3,357.85,358.85,15542.0
2026-05-15 10:55:00,358.85,359.25,358.0,358.75,11596.0
2026-05-15 11:00:00,358.55,360.25,358.3,359.25,21149.0
2026-05-15 11:05:00,359.3,359.45,358.15,358.65,9319.0
2026-05-15 11:10:00,358.5,358.85,358.25,358.5,2183.0
2026-05-15 11:15:00,359.0,359.0,357.25,357.45,21081.0
2026-05-15 11:20:00,357.45,357.6,357.0,357.0,3041.0
2026-05-15 11:25:00,357.0,357.15,355.6,355.6,13355.0
2026-05-15 11:30:00,355.6,356.0,355.2,355.2,5157.0
2026-05-15 11:35:00,355.45,355.8,355.2,355.45,962.0
2026-05-15 11:40:00,355.75,355.8,355.1,355.1,8215.0
2026-05-15 11:45:00,355.2,355.45,354.85,355.15,6738.0
2026-05-15 11:50:00,355.1,355.8,354.9,355.35,10369.0
2026-05-15 11:55:00,355.35,355.65,355.1,355.65,2056.0
2026-05-15 12:00:00,355.3,355.75,355.15,355.35,2119.0
2026-05-15 12:05:00,355.5,355.5,355.15,355.15,1839.0
2026-05-15 12:10:00,355.2,355.3,354.25,354.35,17486.0
2026-05-15 12:15:00,354.65,357.15,354.65,355.95,7834.0
2026-05-15 12:20:00,355.95,356.4,355.25,355.35,2224.0
2026-05-15 12:25:00,355.4,355.45,355.0,355.0,1599.0
2026-05-15 12:30:00,355.0,355.05,355.0,355.05,272.0
2026-05-15 12:35:00,355.05,355.85,355.0,355.2,688.0
2026-05-15 12:40:00,355.4,355.65,355.15,355.3,1820.0
2026-05-15 12:45:00,355.45,355.75,355.3,355.3,1238.0
2026-05-15 12:50:00,355.55,355.7,355.05,355.15,1494.0
2026-05-15 12:55:00,355.15,355.7,355.15,355.25,654.0
2026-05-15 13:00:00,355.55,355.7,355.25,355.35,5476.0
2026-05-15 13:05:00,355.35,355.6,355.15,355.35,1210.0
2026-05-15 13:10:00,355.05,355.55,355.05,355.2,970.0
2026-05-15 13:15:00,355.4,355.5,355.1,355.15,831.0
2026-05-15 13:20:00,355.6,355.6,355.25,355.3,1107.0
2026-05-15 13:25:00,355.35,356.0,354.75,355.15,11733.0
2026-05-15 13:30:00,355.15,355.8,355.15,355.35,4834.0
2026-05-15 13:35:00,355.4,355.55,355.4,355.45,1419.0
2026-05-15 13:40:00,355.5,355.5,354.8,355.0,20479.0
2026-05-15 13:45:00,355.0,355.4,355.0,355.0,2304.0
2026-05-15 13:50:00,355.05,358.2,355.0,357.55,50102.0
2026-05-15 13:55:00,357.9,359.5,354.45,354.6,49108.0
2026-05-15 14:00:00,354.95,355.0,354.55,355.0,3061.0
2026-05-15 14:05:00,355.0,355.35,354.8,355.25,794.0
2026-05-15 14:10:00,355.35,355.5,355.05,355.05,1526.0
2026-05-15 14:15:00,354.9,355.0,354.25,354.85,2348.0
2026-05-15 14:20:00,354.85,354.85,354.35,354.75,1143.0
2026-05-15 14:25:00,354.4,354.75,354.25,354.25,1346.0
2026-05-15 14:30:00,354.0,354.5,353.6,353.95,6615.0
2026-05-15 14:35:00,354.05,354.3,353.45,354.0,4519.0
2026-05-15 14:40:00,354.05,354.35,353.6,354.05,1165.0
2026-05-15 14:45:00,354.05,354.4,353.1,353.1,7992.0
2026-05-15 14:50:00,353.45,354.2,353.1,353.95,6471.0
2026-05-15 14:55:00,353.7,354.5,353.5,354.3,3967.0
2026-05-15 15:00:00,354.45,354.9,353.6,354.55,9776.0
2026-05-15 15:05:00,354.45,355.15,354.1,354.15,18277.0
2026-05-15 15:10:00,354.5,354.55,353.35,354.0,20079.0
2026-05-15 15:15:00,354.05,354.45,353.1,354.05,18452.0
2026-05-15 15:20:00,354.4,354.4,353.25,353.65,14362.0
2026-05-15 15:25:00,353.5,353.85,352.6,353.0,13361.0
2026-05-18 09:15:00,354.6,354.6,347.8,348.6,29495.0
2026-05-18 09:20:00,348.55,349.35,346.5,347.5,20939.0
2026-05-18 09:25:00,347.05,347.5,345.0,346.0,18768.0
2026-05-18 09:30:00,346.0,347.3,345.2,346.1,4774.0
2026-05-18 09:35:00,346.15,346.45,344.7,345.6,21717.0
2026-05-18 09:40:00,345.75,346.6,345.4,346.45,3965.0
2026-05-18 09:45:00,346.1,347.2,345.45,345.85,18735.0
2026-05-18 09:50:00,346.15,346.3,345.5,345.65,6083.0
2026-05-18 09:55:00,345.75,346.1,345.2,345.7,2706.0
2026-05-18 10:00:00,345.85,345.95,344.15,345.2,19528.0
2026-05-18 10:05:00,343.15,343.85,342.65,343.05,43357.0
2026-05-18 10:10:00,343.35,343.6,342.6,343.2,5369.0
2026-05-18 10:15:00,343.15,344.0,343.15,343.3,6013.0
2026-05-18 10:20:00,343.65,343.9,342.75,342.8,4375.0
2026-05-18 10:25:00,342.8,343.15,342.0,342.1,8830.0
2026-05-18 10:30:00,342.1,343.05,341.1,343.05,4915.0
2026-05-18 10:35:00,343.05,343.05,340.55,341.4,34733.0
2026-05-18 10:40:00,341.0,342.15,341.0,341.5,2997.0
2026-05-18 10:45:00,341.65,341.65,340.85,340.85,2922.0
2026-05-18 10:50:00,341.2,342.15,341.2,342.0,3010.0
2026-05-18 10:55:00,342.15,343.05,342.15,342.85,2850.0
2026-05-18 11:00:00,342.85,343.2,342.45,343.05,2142.0
2026-05-18 11:05:00,342.7,343.3,342.7,342.95,495.0
2026-05-18 11:10:00,343.05,343.3,342.5,343.0,755.0
2026-05-18 11:15:00,342.3,342.8,342.15,342.7,2848.0
2026-05-18 11:20:00,342.55,343.5,342.45,343.5,1466.0
2026-05-18 11:25:00,343.6,345.0,342.7,344.85,16042.0
2026-05-18 11:30:00,344.5,345.0,344.2,344.85,11452.0
2026-05-18 11:35:00,344.85,344.9,344.5,344.85,1052.0
2026-05-18 11:40:00,344.85,344.9,344.05,344.8,1403.0
2026-05-18 11:45:00,344.8,344.85,344.15,344.5,1702.0
2026-05-18 11:50:00,344.45,344.65,343.6,343.6,1994.0
2026-05-18 11:55:00,343.5,344.05,343.5,343.8,3143.0
2026-05-18 12:00:00,343.8,344.25,343.55,344.0,1421.0
2026-05-18 12:05:00,343.85,344.0,343.75,343.95,831.0
2026-05-18 12:10:00,343.95,344.3,343.35,343.35,10801.0
2026-05-18 12:15:00,343.5,343.5,342.35,342.35,3052.0
2026-05-18 12:20:00,342.05,343.3,342.05,343.0,3508.0
2026-05-18 12:25:00,343.0,343.0,342.0,342.6,2378.0
2026-05-18 12:30:00,342.75,343.05,342.55,343.05,1280.0
2026-05-18 12:35:00,342.8,343.05,342.75,342.75,204.0
2026-05-18 12:40:00,342.75,342.95,342.65,342.95,217.0
2026-05-18 12:45:00,342.95,343.05,342.7,343.05,504.0
2026-05-18 12:50:00,343.05,343.05,342.65,342.65,780.0
2026-05-18 12:55:00,342.85,347.1,342.25,347.1,88901.0
2026-05-18 13:00:00,347.3,347.3,344.3,344.3,4771.0
2026-05-18 13:05:00,344.45,344.45,343.45,343.9,1164.0
2026-05-18 13:10:00,344.05,344.2,343.65,344.2,483.0
2026-05-18 13:15:00,345.55,346.2,345.3,346.15,1708.0
2026-05-18 13:20:00,346.1,346.1,345.05,345.45,224.0
2026-05-18 13:25:00,345.45,345.5,345.1,345.5,859.0
2026-05-18 13:30:00,345.5,345.95,345.5,345.55,511.0
2026-05-18 13:35:00,345.85,345.95,345.5,345.95,823.0
2026-05-18 13:40:00,345.95,346.15,345.4,345.8,1342.0
2026-05-18 13:45:00,345.5,346.35,345.2,346.3,1072.0
2026-05-18 13:50:00,346.4,346.7,346.2,346.4,2568.0
2026-05-18 13:55:00,346.4,346.85,346.05,346.85,3400.0
2026-05-18 14:00:00,346.35,346.55,346.2,346.55,933.0
2026-05-18 14:05:00,346.55,346.6,345.6,345.95,1474.0
2026-05-18 14:10:00,345.7,348.25,345.7,347.05,13258.0
2026-05-18 14:15:00,347.05,347.05,346.6,346.9,1913.0
2026-05-18 14:20:00,346.9,347.1,346.55,346.8,5979.0
2026-05-18 14:25:00,347.0,347.0,346.75,346.9,43.0
2026-05-18 14:30:00,346.55,346.95,346.55,346.85,435.0
2026-05-18 14:35:00,346.95,346.95,346.4,346.75,1454.0
2026-05-18 14:40:00,346.6,346.7,346.55,346.7,101.0
2026-05-18 14:45:00,346.7,346.75,346.1,346.4,376.0
2026-05-18 14:50:00,346.4,347.25,346.05,347.25,11016.0
2026-05-18 14:55:00,347.3,347.4,346.2,346.6,1122.0
2026-05-18 15:00:00,346.45,346.55,346.0,346.45,9548.0
2026-05-18 15:05:00,346.2,346.45,346.0,346.2,10996.0
2026-05-18 15:10:00,346.5,351.05,346.0,351.0,49046.0
2026-05-18 15:15:00,350.9,350.9,346.85,347.35,14368.0
2026-05-18 15:20:00,347.05,348.45,347.05,347.45,8165.0
2026-05-18 15:25:00,347.9,348.2,346.0,347.45,19614.0
2026-05-19 09:15:00,351.0,351.8,348.25,351.15,25100.0
2026-05-19 09:20:00,351.1,351.6,349.65,350.6,25481.0
2026-05-19 09:25:00,350.75,351.85,350.15,351.5,3637.0
2026-05-19 09:30:00,351.5,351.7,350.25,350.4,2741.0
2026-05-19 09:35:00,350.35,352.15,350.05,351.6,19708.0
2026-05-19 09:40:00,351.6,353.4,351.0,352.7,53292.0
2026-05-19 09:45:00,352.5,354.75,352.5,354.05,12519.0
2026-05-19 09:50:00,354.0,354.75,352.7,353.5,12307.0
2026-05-19 09:55:00,353.15,353.5,352.8,353.0,2529.0
2026-05-19 10:00:00,353.2,353.9,352.95,353.65,3299.0
2026-05-19 10:05:00,353.8,354.2,353.3,354.1,1605.0
2026-05-19 10:10:00,354.2,354.8,354.2,354.45,2866.0
2026-05-19 10:15:00,354.75,354.75,353.7,353.7,6883.0
2026-05-19 10:20:00,354.0,354.15,353.6,353.85,1141.0
2026-05-19 10:25:00,353.9,353.9,353.3,353.75,1350.0
2026-05-19 10:30:00,353.3,354.4,353.15,354.4,3316.0
2026-05-19 10:35:00,354.55,354.8,354.15,354.75,1874.0
2026-05-19 10:40:00,354.85,354.95,354.15,354.85,1745.0
2026-05-19 10:45:00,354.85,354.85,354.2,354.2,1464.0
2026-05-19 10:50:00,354.2,354.5,354.1,354.1,633.0
2026-05-19 10:55:00,354.1,354.85,354.1,354.8,2324.0
2026-05-19 11:00:00,354.55,354.8,354.3,354.7,558.0
2026-05-19 11:05:00,354.7,354.7,354.0,354.0,452.0
2026-05-19 11:10:00,354.0,354.1,353.3,353.75,2144.0
2026-05-19 11:15:00,353.0,353.35,352.5,353.05,5804.0
2026-05-19 11:20:00,353.0,353.3,353.0,353.3,872.0
2026-05-19 11:25:00,353.3,353.3,352.8,352.8,364.0
2026-05-19 11:30:00,352.8,353.1,352.8,353.1,62.0
2026-05-19 11:35:00,353.0,353.0,352.65,353.0,2082.0
2026-05-19 11:40:00,353.0,354.7,352.7,354.6,7384.0
2026-05-19 11:45:00,354.65,354.95,353.95,353.95,6735.0
2026-05-19 11:50:00,353.95,353.95,353.55,353.55,357.0
2026-05-19 11:55:00,353.8,353.85,353.4,353.4,862.0
2026-05-19 12:00:00,353.25,353.25,353.2,353.2,84.0
2026-05-19 12:05:00,353.0,353.35,353.0,353.35,1266.0
2026-05-19 12:10:00,353.4,353.55,353.25,353.35,133.0
2026-05-19 12:15:00,353.35,353.7,352.85,353.5,5485.0
2026-05-19 12:20:00,353.5,353.5,353.5,353.5,74.0
2026-05-19 12:25:00,353.2,355.15,352.8,354.55,11817.0
2026-05-19 12:30:00,354.7,356.5,353.4,353.4,6194.0
2026-05-19 12:35:00,353.65,353.65,353.0,353.0,829.0
2026-05-19 12:40:00,353.45,353.45,353.2,353.4,1191.0
2026-05-19 12:45:00,353.4,353.5,352.7,353.0,1198.0
2026-05-19 12:50:00,353.0,353.55,352.7,353.55,1541.0
2026-05-19 12:55:00,353.55,353.55,353.1,353.3,1498.0
2026-05-19 13:00:00,353.5,353.6,353.15,353.45,604.0
2026-05-19 13:05:00,353.45,353.7,352.8,353.65,461.0
2026-05-19 13:10:00,353.6,353.65,353.2,353.55,958.0
2026-05-19 13:15:00,353.55,353.8,353.35,353.8,1062.0
2026-05-19 13:20:00,353.8,353.85,353.45,353.7,1898.0
2026-05-19 13:25:00,353.7,353.85,353.2,353.8,336.0
2026-05-19 13:30:00,353.8,356.0,353.6,355.25,14043.0
2026-05-19 13:35:00,355.25,355.5,354.8,355.15,1684.0
2026-05-19 13:40:00,355.15,355.75,355.15,355.5,3389.0
2026-05-19 13:45:00,355.5,356.8,355.5,356.1,8112.0
2026-05-19 13:50:00,356.1,357.2,356.05,356.05,15393.0
2026-05-19 13:55:00,356.0,356.65,356.0,356.6,1404.0
2026-05-19 14:00:00,356.5,357.0,356.5,356.55,991.0
2026-05-19 14:05:00,356.5,356.85,356.5,356.55,1659.0
2026-05-19 14:10:00,356.55,357.0,356.55,356.95,1310.0
2026-05-19 14:15:00,356.85,356.85,355.7,356.15,3005.0
2026-05-19 14:20:00,356.15,356.5,356.0,356.0,3783.0
2026-05-19 14:25:00,356.0,356.3,355.3,356.3,8102.0
2026-05-19 14:30:00,356.3,356.3,355.4,355.4,631.0
2026-05-19 14:35:00,355.65,358.1,355.35,356.4,20023.0
2026-05-19 14:40:00,356.0,356.8,355.5,356.8,14186.0
2026-05-19 14:45:00,356.1,356.55,355.65,356.15,2741.0
2026-05-19 14:50:00,356.7,356.7,355.9,356.3,4202.0
2026-05-19 14:55:00,356.3,357.0,355.45,355.8,19837.0
2026-05-19 15:00:00,355.5,355.65,355.15,355.4,2632.0
2026-05-19 15:05:00,355.35,355.4,354.1,354.85,4437.0
2026-05-19 15:10:00,354.9,354.95,354.2,354.8,3143.0
2026-05-19 15:15:00,354.7,355.0,354.05,354.15,14829.0
2026-05-19 15:20:00,354.55,355.4,353.45,355.35,21778.0
2026-05-19 15:25:00,355.35,355.6,354.5,354.5,8575.0
2026-05-20 09:15:00,353.75,353.75,350.5,351.2,4364.0
2026-05-20 09:20:00,350.65,351.4,349.6,350.85,10326.0
2026-05-20 09:25:00,350.5,352.0,350.0,351.0,8252.0
2026-05-20 09:30:00,351.3,352.85,351.3,352.2,2252.0
2026-05-20 09:35:00,351.9,352.85,351.85,352.8,3107.0
2026-05-20 09:40:00,352.5,354.5,352.45,354.35,4596.0
2026-05-20 09:45:00,354.4,355.5,354.35,354.6,15406.0
2026-05-20 09:50:00,354.6,355.2,354.25,354.7,7049.0
2026-05-20 09:55:00,354.5,355.0,354.5,354.75,2363.0
2026-05-20 10:00:00,354.75,354.75,353.35,353.35,3127.0
2026-05-20 10:05:00,352.85,353.1,352.05,352.55,3247.0
2026-05-20 10:10:00,352.55,352.85,352.55,352.8,187.0
2026-05-20 10:15:00,352.8,352.8,352.5,352.7,557.0
2026-05-20 10:20:00,352.7,352.7,351.95,352.05,896.0
2026-05-20 10:25:00,352.0,352.7,351.8,352.4,5185.0
2026-05-20 10:30:00,352.4,353.65,352.3,353.2,3231.0
2026-05-20 10:35:00,353.2,353.25,353.0,353.1,541.0
2026-05-20 10:40:00,353.1,353.3,352.9,353.2,344.0
2026-05-20 10:45:00,353.25,353.25,352.8,352.85,1497.0
2026-05-20 10:50:00,352.8,353.25,352.75,353.0,705.0
2026-05-20 10:55:00,352.8,353.45,352.75,353.45,733.0
2026-05-20 11:00:00,353.45,353.7,353.0,353.0,1076.0
2026-05-20 11:05:00,353.0,353.0,352.6,352.6,668.0
2026-05-20 11:10:00,352.6,353.0,352.5,352.8,963.0
2026-05-20 11:15:00,352.8,352.8,352.5,352.5,146.0
2026-05-20 11:20:00,352.5,353.0,352.5,353.0,1359.0
2026-05-20 11:25:00,352.85,353.7,352.5,353.7,688.0
2026-05-20 11:30:00,354.0,354.0,352.95,352.95,2562.0
2026-05-20 11:35:00,352.7,353.6,352.55,353.05,13953.0
2026-05-20 11:40:00,353.45,353.45,352.6,352.85,2341.0
2026-05-20 11:45:00,352.85,353.2,352.65,353.0,817.0
2026-05-20 11:50:00,353.15,353.15,352.6,352.8,1125.0
2026-05-20 11:55:00,352.8,353.3,352.8,353.3,729.0
2026-05-20 12:00:00,353.3,353.3,352.75,352.75,141.0
2026-05-20 12:05:00,353.0,353.0,352.75,352.85,384.0
2026-05-20 12:10:00,352.7,353.1,352.7,352.7,499.0
2026-05-20 12:15:00,352.7,353.1,352.7,353.1,110.0
2026-05-20 12:20:00,353.1,353.1,352.75,353.1,236.0
2026-05-20 12:25:00,352.85,353.1,352.75,352.75,246.0
2026-05-20 12:30:00,353.1,353.2,352.8,353.05,459.0
2026-05-20 12:35:00,353.05,353.2,352.5,352.5,874.0
2026-05-20 12:40:00,352.5,352.5,352.1,352.4,2469.0
2026-05-20 12:45:00,352.4,352.4,352.35,352.35,369.0
2026-05-20 12:50:00,352.1,352.35,352.1,352.15,113.0
2026-05-20 12:55:00,352.15,352.25,351.8,352.1,4244.0
2026-05-20 13:00:00,351.9,352.1,351.8,352.1,226.0
2026-05-20 13:05:00,352.1,352.25,352.1,352.1,29.0
2026-05-20 13:10:00,352.1,352.3,351.6,351.6,2188.0
2026-05-20 13:15:00,351.6,351.7,351.15,351.6,1397.0
2026-05-20 13:20:00,351.6,351.6,351.05,351.25,1969.0
2026-05-20 13:25:00,351.25,351.25,351.0,351.0,1272.0
2026-05-20 13:30:00,351.3,351.85,351.3,351.85,1206.0
2026-05-20 13:35:00,351.7,352.1,350.9,352.1,3870.0
2026-05-20 13:40:00,352.6,352.6,351.45,351.7,1454.0
2026-05-20 13:45:00,351.6,351.8,351.25,351.25,621.0
2026-05-20 13:50:00,351.5,351.95,351.3,351.95,570.0
2026-05-20 13:55:00,350.85,352.05,350.85,351.95,4936.0
2026-05-20 14:00:00,351.95,352.0,350.0,351.25,9352.0
2026-05-20 14:05:00,351.2,351.6,351.05,351.05,884.0
2026-05-20 14:10:00,351.65,353.0,351.65,353.0,1034.0
2026-05-20 14:15:00,353.15,355.45,353.15,354.4,19703.0
2026-05-20 14:20:00,354.55,354.9,354.4,354.75,1789.0
2026-05-20 14:25:00,354.75,355.7,354.75,355.3,3737.0
2026-05-20 14:30:00,355.9,355.9,355.15,355.75,2986.0
2026-05-20 14:35:00,355.8,356.4,355.5,356.2,4423.0
2026-05-20 14:40:00,356.25,356.25,355.5,355.8,2986.0
2026-05-20 14:45:00,355.5,356.2,355.5,356.2,3293.0
2026-05-20 14:50:00,356.5,356.5,356.05,356.05,1623.0
2026-05-20 14:55:00,356.4,356.9,355.55,355.55,6164.0
2026-05-20 15:00:00,355.75,357.0,355.1,356.8,21207.0
2026-05-20 15:05:00,356.8,357.6,356.15,356.15,11979.0
2026-05-20 15:10:00,356.25,356.5,355.6,356.1,8419.0
2026-05-20 15:15:00,356.1,358.65,356.05,356.8,20082.0
2026-05-20 15:20:00,356.8,357.0,356.0,356.9,6605.0
2026-05-20 15:25:00,356.9,357.1,355.1,356.25,13499.0
2026-05-21 09:15:00,361.0,361.0,357.25,357.4,17977.0
2026-05-21 09:20:00,357.4,359.6,357.1,359.55,12901.0
2026-05-21 09:25:00,359.85,362.9,359.85,359.85,24738.0
2026-05-21 09:30:00,359.7,362.1,358.2,362.1,21067.0
2026-05-21 09:35:00,362.3,363.8,361.15,363.0,24373.0
2026-05-21 09:40:00,363.0,363.0,361.15,362.0,7300.0
2026-05-21 09:45:00,361.75,362.05,361.0,361.0,6422.0
2026-05-21 09:50:00,361.0,361.5,360.6,360.65,7135.0
2026-05-21 09:55:00,361.0,361.0,360.15,360.7,9254.0
2026-05-21 10:00:00,360.7,362.95,360.65,362.9,10920.0
2026-05-21 10:05:00,362.85,362.85,360.1,360.9,7471.0
2026-05-21 10:10:00,360.9,361.5,359.2,361.0,9860.0
2026-05-21 10:15:00,361.0,361.2,360.0,360.8,5179.0
2026-05-21 10:20:00,360.65,360.75,359.65,359.9,3630.0
2026-05-21 10:25:00,360.4,360.95,359.6,360.95,8128.0
2026-05-21 10:30:00,360.0,360.45,359.2,359.55,4290.0
2026-05-21 10:35:00,359.55,359.55,358.8,358.8,6014.0
2026-05-21 10:40:00,358.75,359.1,357.85,358.2,18084.0
2026-05-21 10:45:00,358.55,358.6,358.1,358.6,3374.0
2026-05-21 10:50:00,358.6,358.95,358.35,358.5,1577.0
2026-05-21 10:55:00,358.6,358.6,357.55,358.1,8366.0
2026-05-21 11:00:00,358.4,358.55,357.1,358.05,6738.0
2026-05-21 11:05:00,357.95,358.05,356.9,357.35,11301.0
2026-05-21 11:10:00,357.4,358.4,357.35,357.7,4376.0
2026-05-21 11:15:00,357.25,358.2,357.0,357.95,4078.0
2026-05-21 11:20:00,357.95,358.55,357.6,358.55,4298.0
2026-05-21 11:25:00,358.5,358.8,357.85,358.2,19150.0
2026-05-21 11:30:00,357.9,357.9,356.4,357.15,6375.0
2026-05-21 11:35:00,357.3,357.65,356.5,356.65,7832.0
2026-05-21 11:40:00,357.05,357.05,355.1,355.15,6009.0
2026-05-21 11:45:00,355.45,356.0,355.2,355.25,5825.0
2026-05-21 11:50:00,355.7,355.85,355.25,355.5,1726.0
2026-05-21 11:55:00,355.85,357.0,355.45,356.1,8149.0
2026-05-21 12:00:00,356.0,356.4,355.6,355.6,1408.0
2026-05-21 12:05:00,355.85,356.35,355.5,356.0,3172.0
2026-05-21 12:10:00,356.0,356.15,355.65,355.65,529.0
2026-05-21 12:15:00,355.5,355.85,355.5,355.8,964.0
2026-05-21 12:20:00,355.8,356.1,355.65,355.65,2932.0
2026-05-21 12:25:00,355.65,355.8,355.6,355.8,418.0
2026-05-21 12:30:00,355.8,355.8,354.2,355.05,9982.0
2026-05-21 12:35:00,355.35,355.35,354.15,354.15,2341.0
2026-05-21 12:40:00,354.0,354.45,353.25,354.45,6042.0
2026-05-21 12:45:00,354.45,355.05,354.35,354.85,2498.0
2026-05-21 12:50:00,355.0,355.7,355.0,355.4,3201.0
2026-05-21 12:55:00,355.4,356.2,355.1,355.45,3826.0
2026-05-21 13:00:00,355.45,355.45,354.25,354.7,2861.0
2026-05-21 13:05:00,355.05,356.75,355.0,355.05,22299.0
2026-05-21 13:10:00,355.4,355.4,354.5,354.5,2271.0
2026-05-21 13:15:00,354.5,354.5,354.0,354.0,2295.0
2026-05-21 13:20:00,354.0,354.8,354.0,354.2,1088.0
2026-05-21 13:25:00,354.2,355.2,354.2,354.45,1708.0
2026-05-21 13:30:00,354.45,354.5,353.8,353.8,2950.0
2026-05-21 13:35:00,354.3,355.2,354.3,355.2,1891.0
2026-05-21 13:40:00,355.2,355.25,352.85,354.1,18497.0
2026-05-21 13:45:00,354.45,354.95,354.45,354.45,983.0
2026-05-21 13:50:00,354.6,356.3,354.15,354.4,32049.0
2026-05-21 13:55:00,354.5,356.9,354.35,356.35,61746.0
2026-05-21 14:00:00,356.3,358.6,356.3,357.55,14501.0
2026-05-21 14:05:00,357.5,358.3,357.1,357.15,1953.0
2026-05-21 14:10:00,357.05,357.7,356.75,357.5,3254.0
2026-05-21 14:15:00,357.6,358.2,356.45,358.05,15952.0
2026-05-21 14:20:00,358.3,359.0,357.55,358.5,9249.0
2026-05-21 14:25:00,358.7,359.0,357.9,358.75,15490.0
2026-05-21 14:30:00,358.75,359.85,358.75,358.9,3424.0
2026-05-21 14:35:00,358.9,359.9,357.4,359.0,57978.0
2026-05-21 14:40:00,359.0,359.6,359.0,359.6,2492.0
2026-05-21 14:45:00,359.2,360.0,359.0,360.0,18628.0
2026-05-21 14:50:00,359.45,360.0,359.45,359.45,8290.0
2026-05-21 14:55:00,359.5,360.0,359.3,359.7,10367.0
2026-05-21 15:00:00,359.65,360.0,358.6,359.35,12260.0
2026-05-21 15:05:00,359.35,359.6,358.2,359.25,10592.0
2026-05-21 15:10:00,359.25,360.0,358.6,359.75,19716.0
2026-05-21 15:15:00,359.3,360.15,358.9,360.15,90552.0
2026-05-21 15:20:00,360.85,361.7,359.15,361.15,59199.0
2026-05-21 15:25:00,361.0,362.4,359.9,361.7,83755.0
2026-05-22 09:15:00,385.0,398.0,382.0,396.4,4506190.0
2026-05-22 09:20:00,396.2,396.55,390.7,391.7,2197112.0
2026-05-22 09:25:00,391.65,392.8,388.05,392.1,2015467.0
2026-05-22 09:30:00,392.4,394.0,388.1,389.25,1683242.0
2026-05-22 09:35:00,389.25,389.4,385.8,386.6,1342249.0
2026-05-22 09:40:00,386.55,389.3,386.3,388.6,782764.0
2026-05-22 09:45:00,388.7,389.85,386.0,389.5,692518.0
2026-05-22 09:50:00,389.2,393.6,388.6,393.15,1430016.0
2026-05-22 09:55:00,393.15,395.4,392.5,393.85,2048563.0
2026-05-22 10:00:00,393.75,394.55,390.3,390.3,1017427.0
2026-05-22 10:05:00,390.05,392.9,389.45,391.8,942191.0
2026-05-22 10:10:00,392.1,392.5,390.65,391.2,370534.0
2026-05-22 10:15:00,390.95,392.4,389.25,389.9,525269.0
2026-05-22 10:20:00,389.75,390.15,388.05,388.5,565936.0
2026-05-22 10:25:00,388.35,389.95,387.55,389.5,419131.0
2026-05-22 10:30:00,389.4,390.2,388.5,389.95,238684.0
2026-05-22 10:35:00,389.95,389.95,387.3,387.7,349588.0
2026-05-22 10:40:00,387.5,387.65,382.8,383.1,1309870.0
2026-05-22 10:45:00,383.05,385.8,382.7,385.0,629504.0
2026-05-22 10:50:00,384.75,384.75,380.35,381.7,1007614.0
2026-05-22 10:55:00,382.0,382.8,381.55,382.45,359196.0
2026-05-22 11:00:00,382.45,382.55,379.05,380.85,702984.0
2026-05-22 11:05:00,380.7,382.0,380.2,381.4,365136.0
2026-05-22 11:10:00,381.4,383.0,381.25,382.0,389348.0
2026-05-22 11:15:00,382.0,385.6,382.0,383.9,698140.0
2026-05-22 11:20:00,383.55,383.95,382.3,383.05,328129.0
2026-05-22 11:25:00,382.95,383.45,382.2,383.2,190162.0
2026-05-22 11:30:00,383.2,384.9,382.9,384.25,240912.0
2026-05-22 11:35:00,384.25,385.75,384.2,385.55,322507.0
2026-05-22 11:40:00,385.25,389.0,385.0,388.15,806189.0
2026-05-22 11:45:00,388.2,389.0,387.3,387.75,545511.0
2026-05-22 11:50:00,387.8,389.85,387.6,389.5,642244.0
2026-05-22 11:55:00,389.4,397.0,388.8,396.9,2191705.0
2026-05-22 12:00:00,396.85,399.4,395.35,398.2,3054077.0
2026-05-22 12:05:00,398.45,402.8,397.0,400.6,3019046.0
2026-05-22 12:10:00,400.75,402.5,400.15,401.5,1568281.0
2026-05-22 12:15:00,401.3,402.0,395.95,397.25,1916977.0
2026-05-22 12:20:00,397.15,399.65,396.75,398.0,1184152.0
2026-05-22 12:25:00,397.6,397.95,395.35,397.0,1022556.0
2026-05-22 12:30:00,397.0,398.95,395.8,397.35,967915.0
2026-05-22 12:35:00,397.5,398.8,396.6,398.8,458110.0
2026-05-22 12:40:00,398.95,402.0,398.25,400.65,1296390.0
2026-05-22 12:45:00,400.8,402.0,399.0,399.35,1002449.0
2026-05-22 12:50:00,399.15,399.15,397.6,398.0,575312.0
2026-05-22 12:55:00,398.0,398.2,394.2,394.55,1425882.0
2026-05-22 13:00:00,394.75,396.0,393.8,394.5,890485.0
2026-05-22 13:05:00,394.35,395.0,394.05,394.7,287308.0
2026-05-22 13:10:00,394.7,395.45,394.1,395.0,351664.0
2026-05-22 13:15:00,395.0,399.0,395.0,395.5,1327789.0
2026-05-22 13:20:00,395.5,395.9,392.55,392.8,791951.0
2026-05-22 13:25:00,392.6,392.8,390.2,392.8,1337756.0
2026-05-22 13:30:00,392.75,392.8,390.5,391.25,470168.0
2026-05-22 13:35:00,391.25,392.0,391.0,391.55,250511.0
2026-05-22 13:40:00,391.55,393.1,391.0,392.4,444100.0
2026-05-22 13:45:00,392.5,392.5,391.0,391.55,300717.0
2026-05-22 13:50:00,391.7,392.3,391.4,392.0,196632.0
2026-05-22 13:55:00,392.15,392.5,391.2,392.4,245126.0
2026-05-22 14:00:00,392.35,396.75,392.35,396.0,1147718.0
2026-05-22 14:05:00,396.05,396.2,392.65,393.6,614294.0
2026-05-22 14:10:00,393.65,395.45,393.0,394.0,487433.0
2026-05-22 14:15:00,394.0,396.05,393.7,396.05,486046.0
2026-05-22 14:20:00,395.85,396.05,393.5,393.8,359262.0
2026-05-22 14:25:00,393.6,394.0,392.5,392.85,361793.0
2026-05-22 14:30:00,392.6,392.95,390.25,391.0,732399.0
2026-05-22 14:35:00,391.2,392.3,390.95,391.75,276545.0
2026-05-22 14:40:00,391.95,392.3,388.2,388.8,793958.0
2026-05-22 14:45:00,388.65,390.1,387.5,388.1,751296.0
2026-05-22 14:50:00,388.1,389.65,387.75,388.4,497673.0
2026-05-22 14:55:00,388.2,389.65,388.2,389.4,398126.0
2026-05-22 15:00:00,389.4,390.0,384.2,384.2,1103442.0
2026-05-22 15:05:00,384.35,385.95,383.7,384.15,896397.0
2026-05-22 15:10:00,384.15,385.0,384.0,384.5,578984.0
2026-05-22 15:15:00,384.4,385.8,383.1,383.95,990297.0
2026-05-22 15:20:00,384.5,384.5,382.3,382.6,945487.0
2026-05-22 15:25:00,382.7,383.1,379.1,379.9,673020.0
2026-05-25 09:15:00,385.0,391.3,384.35,387.1,684791.0
2026-05-25 09:20:00,387.0,387.45,381.85,383.7,539191.0
2026-05-25 09:25:00,383.85,388.65,383.85,388.2,510226.0
2026-05-25 09:30:00,388.15,391.95,387.75,390.3,557413.0
2026-05-25 09:35:00,390.6,390.65,387.0,388.35,281693.0
2026-05-25 09:40:00,388.35,388.35,385.65,386.05,149835.0
2026-05-25 09:45:00,386.4,387.6,385.3,387.15,182384.0
2026-05-25 09:50:00,387.0,389.25,384.15,389.05,283771.0
2026-05-25 09:55:00,388.8,389.0,388.0,388.2,80217.0
2026-05-25 10:00:00,388.3,388.5,387.9,388.3,72781.0
2026-05-25 10:05:00,388.45,388.45,388.0,388.1,26018.0
2026-05-25 10:10:00,388.0,388.55,387.5,388.55,75075.0
2026-05-25 10:15:00,388.55,389.85,388.0,389.1,83963.0
2026-05-25 10:20:00,389.35,390.95,388.45,388.9,176002.0
2026-05-25 10:25:00,388.45,389.0,385.75,386.85,152221.0
2026-05-25 10:30:00,386.55,387.0,384.25,385.85,99058.0
2026-05-25 10:35:00,386.0,386.05,384.5,385.4,84692.0
2026-05-25 10:40:00,385.1,386.6,384.75,386.2,41625.0
2026-05-25 10:45:00,386.2,386.45,385.0,385.35,23702.0
2026-05-25 10:50:00,385.7,386.45,385.45,386.1,29713.0
2026-05-25 10:55:00,386.1,386.75,385.7,386.4,38867.0
2026-05-25 11:00:00,386.4,386.75,386.0,386.75,24271.0
2026-05-25 11:05:00,386.6,387.5,386.4,387.0,49584.0
2026-05-25 11:10:00,387.0,387.15,386.4,386.65,10846.0
2026-05-25 11:15:00,386.65,386.65,385.0,385.4,63768.0
2026-05-25 11:20:00,385.4,385.8,385.0,385.5,26040.0
2026-05-25 11:25:00,385.5,385.8,385.25,385.55,24077.0
2026-05-25 11:30:00,385.5,385.9,385.1,385.1,15914.0
2026-05-25 11:35:00,385.35,386.0,385.1,385.7,17356.0
2026-05-25 11:40:00,385.5,386.0,385.2,385.85,19759.0
2026-05-25 11:45:00,385.85,386.9,385.7,386.6,38678.0
2026-05-25 11:50:00,386.9,386.9,386.1,386.35,13903.0
2026-05-25 11:55:00,386.3,386.65,386.0,386.1,14314.0
2026-05-25 12:00:00,386.1,386.15,385.35,385.9,19687.0
2026-05-25 12:05:00,385.55,386.85,385.5,386.5,27041.0
2026-05-25 12:10:00,386.25,386.6,386.05,386.3,9353.0
2026-05-25 12:15:00,386.65,386.7,386.0,386.35,9436.0
2026-05-25 12:20:00,386.5,386.95,386.35,386.5,29723.0
2026-05-25 12:25:00,386.7,387.4,386.4,387.15,31634.0
2026-05-25 12:30:00,387.1,387.5,387.1,387.5,22766.0
2026-05-25 12:35:00,387.4,389.5,387.3,388.6,100098.0
2026-05-25 12:40:00,388.5,390.9,388.5,389.3,165961.0
2026-05-25 12:45:00,389.7,392.45,389.2,391.25,288129.0
2026-05-25 12:50:00,391.35,392.5,390.25,391.05,172806.0
2026-05-25 12:55:00,391.05,391.3,389.35,389.85,87551.0
2026-05-25 13:00:00,389.8,389.8,388.7,388.85,60290.0
2026-05-25 13:05:00,389.0,389.9,388.8,389.9,22452.0
2026-05-25 13:10:00,389.7,389.95,389.1,389.65,32102.0
2026-05-25 13:15:00,389.6,390.95,389.35,389.7,84718.0
2026-05-25 13:20:00,389.9,390.35,389.4,389.6,15742.0
2026-05-25 13:25:00,389.6,390.5,389.5,390.05,32376.0
2026-05-25 13:30:00,390.05,390.6,389.8,390.1,28223.0
2026-05-25 13:35:00,390.15,390.35,389.5,389.6,37258.0
2026-05-25 13:40:00,390.15,390.5,390.0,390.0,18961.0
2026-05-25 13:45:00,390.0,390.6,390.0,390.55,27812.0
2026-05-25 13:50:00,390.1,390.3,389.3,390.0,32773.0
2026-05-25 13:55:00,390.0,390.85,389.95,390.7,30090.0
2026-05-25 14:00:00,390.55,390.75,390.0,390.65,35523.0
2026-05-25 14:05:00,390.65,390.85,390.0,390.05,20466.0
2026-05-25 14:10:00,390.05,390.7,389.9,390.15,51771.0
2026-05-25 14:15:00,390.3,390.35,389.6,390.1,21718.0
2026-05-25 14:20:00,390.1,390.5,389.35,389.5,47989.0
2026-05-25 14:25:00,389.1,389.65,388.5,389.15,56916.0
2026-05-25 14:30:00,389.25,389.45,389.0,389.3,15094.0
2026-05-25 14:35:00,389.15,390.5,389.15,389.75,70887.0
2026-05-25 14:40:00,389.7,390.35,389.5,389.7,39271.0
2026-05-25 14:45:00,389.95,390.5,389.7,390.05,23121.0
2026-05-25 14:50:00,390.05,390.45,389.7,389.9,22761.0
2026-05-25 14:55:00,389.9,390.2,389.75,390.0,18974.0
2026-05-25 15:00:00,390.15,390.7,389.9,390.15,46671.0
2026-05-25 15:05:00,390.15,390.5,390.0,390.4,71160.0
2026-05-25 15:10:00,390.5,391.65,390.0,390.2,117041.0
2026-05-25 15:15:00,390.55,391.65,390.2,391.25,142956.0
2026-05-25 15:20:00,391.55,393.8,390.5,390.55,197374.0
2026-05-25 15:25:00,390.65,393.95,390.05,390.25,110292.0
2026-05-26 09:15:00,391.25,391.9,386.65,389.65,107248.0
2026-05-26 09:20:00,389.55,390.8,388.35,389.65,50694.0
2026-05-26 09:25:00,389.6,391.2,389.55,391.05,30395.0
2026-05-26 09:30:00,391.2,392.85,390.65,391.25,58215.0
2026-05-26 09:35:00,391.3,392.15,391.0,391.5,44438.0
2026-05-26 09:40:00,391.85,392.9,390.8,391.9,52675.0
2026-05-26 09:45:00,391.65,392.0,390.3,391.95,42259.0
2026-05-26 09:50:00,392.0,392.2,391.3,391.7,13147.0
2026-05-26 09:55:00,391.7,391.95,390.8,391.45,14018.0
2026-05-26 10:00:00,391.45,391.55,390.95,391.5,36523.0
2026-05-26 10:05:00,391.3,392.3,391.3,391.95,23974.0
2026-05-26 10:10:00,391.75,391.95,391.5,391.6,8618.0
2026-05-26 10:15:00,391.6,391.6,390.2,390.75,19999.0
2026-05-26 10:20:00,390.9,390.9,390.0,390.8,18922.0
2026-05-26 10:25:00,390.8,391.3,390.6,391.25,6133.0
2026-05-26 10:30:00,390.9,391.25,389.5,389.75,14778.0
2026-05-26 10:35:00,389.75,390.0,389.5,389.8,5609.0
2026-05-26 10:40:00,389.55,389.75,389.0,389.2,9729.0
2026-05-26 10:45:00,389.2,389.5,387.1,387.5,53781.0
2026-05-26 10:50:00,387.05,387.45,386.1,386.9,45594.0
2026-05-26 10:55:00,386.9,387.6,386.55,387.55,25931.0
2026-05-26 11:00:00,387.5,388.65,387.45,388.25,42882.0
2026-05-26 11:05:00,388.25,388.4,387.6,388.15,12292.0
2026-05-26 11:10:00,388.15,388.45,387.6,388.0,10666.0
2026-05-26 11:15:00,388.3,388.6,387.3,388.25,19472.0
2026-05-26 11:20:00,388.25,388.65,387.75,388.5,7157.0
2026-05-26 11:25:00,388.5,388.5,387.5,388.0,11052.0
2026-05-26 11:30:00,388.0,388.15,387.6,388.05,4922.0
2026-05-26 11:35:00,388.1,388.3,387.55,388.0,9513.0
2026-05-26 11:40:00,388.15,388.15,387.35,387.85,6926.0
2026-05-26 11:45:00,387.9,388.0,387.5,387.8,3757.0
2026-05-26 11:50:00,387.8,388.55,387.4,388.45,19667.0
2026-05-26 11:55:00,388.5,388.55,387.7,388.0,6589.0
2026-05-26 12:00:00,388.05,388.5,387.65,388.4,5123.0
2026-05-26 12:05:00,388.1,388.45,387.8,388.1,5775.0
2026-05-26 12:10:00,388.15,388.45,387.3,388.1,33974.0
2026-05-26 12:15:00,388.15,388.15,387.6,387.95,4386.0
2026-05-26 12:20:00,387.95,388.35,387.6,388.35,6908.0
2026-05-26 12:25:00,388.1,388.45,387.4,387.4,8396.0
2026-05-26 12:30:00,387.8,388.25,387.15,387.95,22003.0
2026-05-26 12:35:00,387.9,390.0,387.8,389.65,40903.0
2026-05-26 12:40:00,389.5,389.7,389.0,389.0,8616.0
2026-05-26 12:45:00,389.0,389.7,388.7,389.1,12085.0
2026-05-26 12:50:00,389.1,389.35,389.0,389.15,2639.0
2026-05-26 12:55:00,389.1,389.55,389.1,389.3,17578.0
2026-05-26 13:00:00,389.2,389.45,389.1,389.2,2347.0
2026-05-26 13:05:00,389.2,389.6,389.05,389.4,4783.0
2026-05-26 13:10:00,389.05,389.85,389.0,389.5,8128.0
2026-05-26 13:15:00,389.5,389.8,389.1,389.8,7846.0
2026-05-26 13:20:00,389.8,391.3,389.5,390.75,47044.0
2026-05-26 13:25:00,390.5,391.85,390.5,391.45,40080.0
2026-05-26 13:30:00,391.45,393.35,391.45,393.2,91254.0
2026-05-26 13:35:00,393.35,393.5,392.0,392.15,38066.0
2026-05-26 13:40:00,392.05,395.8,391.6,395.6,137003.0
2026-05-26 13:45:00,395.6,395.6,394.25,394.95,69395.0
2026-05-26 13:50:00,395.0,397.7,394.65,395.2,138747.0
2026-05-26 13:55:00,395.25,396.45,395.05,395.45,95283.0
2026-05-26 14:00:00,395.1,398.95,395.05,398.05,123219.0
2026-05-26 14:05:00,398.0,400.0,396.3,397.0,216759.0
2026-05-26 14:10:00,397.05,397.7,396.9,397.6,26595.0
2026-05-26 14:15:00,397.5,397.6,396.9,397.25,56563.0
2026-05-26 14:20:00,397.3,397.5,397.0,397.0,16599.0
2026-05-26 14:25:00,397.0,397.15,395.5,395.5,97947.0
2026-05-26 14:30:00,395.5,395.85,394.4,394.95,58237.0
2026-05-26 14:35:00,394.95,394.95,394.0,394.0,32146.0
2026-05-26 14:40:00,394.2,394.8,393.95,394.3,35548.0
2026-05-26 14:45:00,394.3,394.8,392.6,392.85,84216.0
2026-05-26 14:50:00,392.8,392.85,392.0,392.0,32439.0
2026-05-26 14:55:00,392.25,392.6,390.5,391.1,62340.0
2026-05-26 15:00:00,391.1,392.15,390.5,391.4,62136.0
2026-05-26 15:05:00,391.5,394.65,391.0,394.2,76660.0
2026-05-26 15:10:00,394.55,394.8,393.9,394.8,20562.0
2026-05-26 15:15:00,394.8,396.9,394.75,396.25,74103.0
2026-05-26 15:20:00,396.5,398.0,396.0,397.1,117422.0
2026-05-26 15:25:00,397.3,399.5,395.15,397.2,226239.0
2026-05-27 09:15:00,394.0,400.25,393.2,396.0,160841.0
2026-05-27 09:20:00,396.3,398.9,396.0,397.35,78269.0
2026-05-27 09:25:00,397.55,399.35,397.55,398.4,39918.0
2026-05-27 09:30:00,398.7,398.85,397.3,397.9,24413.0
2026-05-27 09:35:00,397.7,400.0,397.55,399.9,65241.0
2026-05-27 09:40:00,399.55,404.4,399.1,404.2,211395.0
2026-05-27 09:45:00,404.0,408.25,402.95,404.25,295352.0
2026-05-27 09:50:00,404.25,404.25,401.2,402.9,72938.0
2026-05-27 09:55:00,403.0,407.95,401.95,407.4,291435.0
2026-05-27 10:00:00,407.45,407.45,405.3,406.3,50662.0
2026-05-27 10:05:00,406.65,406.8,405.55,405.85,25430.0
2026-05-27 10:10:00,405.65,406.2,405.15,406.0,16418.0
2026-05-27 10:15:00,405.85,406.0,404.5,404.95,17810.0
2026-05-27 10:20:00,404.55,404.95,404.55,404.8,8271.0
2026-05-27 10:25:00,404.65,405.4,404.65,405.4,12712.0
2026-05-27 10:30:00,405.15,410.55,405.0,406.8,124333.0
2026-05-27 10:35:00,406.8,407.7,400.85,400.85,144382.0
2026-05-27 10:40:00,400.4,403.55,400.25,402.55,259781.0
2026-05-27 10:45:00,402.55,404.1,402.1,403.0,37975.0
2026-05-27 10:50:00,403.0,403.4,402.5,403.0,9881.0
2026-05-27 10:55:00,403.0,403.0,402.3,402.75,9518.0
2026-05-27 11:00:00,402.7,403.1,402.45,403.0,10106.0
2026-05-27 11:05:00,403.0,403.05,399.4,401.8,93749.0
2026-05-27 11:10:00,401.85,403.1,401.85,403.0,23088.0
2026-05-27 11:15:00,403.0,404.45,402.75,404.4,31233.0
2026-05-27 11:20:00,404.35,404.65,404.0,404.3,10199.0
2026-05-27 11:25:00,404.4,405.25,404.2,405.05,11096.0
2026-05-27 11:30:00,405.2,405.45,405.0,405.2,10136.0
2026-05-27 11:35:00,405.05,405.6,404.65,405.6,44726.0
2026-05-27 11:40:00,405.7,405.85,405.0,405.0,17402.0
2026-05-27 11:45:00,405.0,405.5,404.8,405.3,47480.0
2026-05-27 11:50:00,405.25,406.3,405.0,405.9,130301.0
2026-05-27 11:55:00,405.85,407.9,405.3,407.25,86621.0
2026-05-27 12:00:00,407.25,407.3,406.45,407.3,39597.0
2026-05-27 12:05:00,407.15,407.4,405.0,405.15,56265.0
2026-05-27 12:10:00,405.15,405.65,405.0,405.15,23272.0
2026-05-27 12:15:00,405.45,405.9,405.1,405.3,5109.0
2026-05-27 12:20:00,405.55,405.75,405.0,405.05,48244.0
2026-05-27 12:25:00,405.3,405.75,405.0,405.5,8398.0
2026-05-27 12:30:00,405.5,405.95,405.0,405.3,6816.0
2026-05-27 12:35:00,405.5,406.0,405.5,405.5,3545.0
2026-05-27 12:40:00,405.5,406.2,405.15,406.2,13298.0
2026-05-27 12:45:00,405.6,408.0,405.45,407.65,50050.0
2026-05-27 12:50:00,408.0,408.7,407.9,408.05,34352.0
2026-05-27 12:55:00,408.35,408.9,408.05,408.3,26244.0
2026-05-27 13:00:00,408.3,412.7,408.2,411.7,204867.0
2026-05-27 13:05:00,411.7,414.35,410.4,414.0,112372.0
2026-05-27 13:10:00,414.05,414.55,409.4,411.2,225195.0
2026-05-27 13:15:00,411.0,412.0,410.55,411.65,35171.0
2026-05-27 13:20:00,411.85,413.7,411.15,412.75,54530.0
2026-05-27 13:25:00,412.85,413.2,411.3,412.15,73404.0
2026-05-27 13:30:00,411.85,412.65,411.3,411.8,24630.0
2026-05-27 13:35:00,411.5,412.75,411.25,412.05,37051.0
2026-05-27 13:40:00,412.15,412.45,411.35,412.3,27924.0
2026-05-27 13:45:00,412.3,412.5,411.6,412.15,17191.0
2026-05-27 13:50:00,412.15,412.5,412.0,412.0,10737.0
2026-05-27 13:55:00,411.85,412.05,411.35,411.7,11828.0
2026-05-27 14:00:00,411.5,413.05,411.5,412.8,46485.0
2026-05-27 14:05:00,412.8,412.8,411.55,411.65,18307.0
2026-05-27 14:10:00,411.9,412.5,411.6,412.2,15473.0
2026-05-27 14:15:00,412.4,413.05,412.0,413.0,33757.0
2026-05-27 14:20:00,413.0,413.4,411.15,411.15,42002.0
2026-05-27 14:25:00,411.1,413.2,411.1,412.85,52996.0
2026-05-27 14:30:00,412.7,414.75,412.25,414.1,39023.0
2026-05-27 14:35:00,413.9,414.2,412.05,412.05,50769.0
2026-05-27 14:40:00,412.1,413.15,411.65,413.1,31188.0
2026-05-27 14:45:00,413.1,413.65,413.0,413.2,13906.0
2026-05-27 14:50:00,413.15,420.95,413.15,415.85,470500.0
2026-05-27 14:55:00,415.75,417.0,415.4,415.45,74820.0
2026-05-27 15:00:00,415.75,416.9,415.15,416.15,43028.0
2026-05-27 15:05:00,416.5,420.3,416.1,420.2,186484.0
2026-05-27 15:10:00,420.5,422.75,420.1,420.9,194193.0
2026-05-27 15:15:00,421.65,422.5,417.7,422.0,270529.0
2026-05-27 15:20:00,421.95,422.1,420.0,421.2,146744.0
2026-05-27 15:25:00,420.75,421.35,418.0,418.2,139884.0
2026-05-29 09:15:00,412.1,420.9,411.8,417.95,127251.0
2026-05-29 09:20:00,418.25,422.95,418.0,419.5,109221.0
2026-05-29 09:25:00,419.7,422.35,419.35,420.25,44924.0
2026-05-29 09:30:00,420.25,424.9,419.65,422.5,78756.0
2026-05-29 09:35:00,422.5,422.7,419.1,420.75,43620.0
2026-05-29 09:40:00,420.75,420.95,419.0,419.8,48333.0
2026-05-29 09:45:00,419.8,420.5,419.0,419.9,17794.0
2026-05-29 09:50:00,419.75,420.5,415.35,416.0,70218.0
2026-05-29 09:55:00,415.7,417.8,415.3,417.5,45936.0
2026-05-29 10:00:00,417.8,419.75,417.65,418.9,28103.0
2026-05-29 10:05:00,418.8,419.1,418.2,418.8,9570.0
2026-05-29 10:10:00,418.5,418.95,418.4,418.75,4101.0
2026-05-29 10:15:00,418.8,419.2,418.5,418.65,2662.0
2026-05-29 10:20:00,418.75,419.05,418.15,418.15,3537.0
2026-05-29 10:25:00,418.4,418.4,417.35,417.6,8322.0
2026-05-29 10:30:00,417.6,417.6,417.0,417.6,8421.0
2026-05-29 10:35:00,417.05,418.35,417.0,418.35,11670.0
2026-05-29 10:40:00,418.15,418.2,417.0,417.7,13102.0
2026-05-29 10:45:00,417.7,417.8,417.15,417.7,5315.0
2026-05-29 10:50:00,417.6,417.6,417.0,417.2,1616.0
2026-05-29 10:55:00,417.3,418.3,417.05,418.0,8123.0
2026-05-29 11:00:00,418.05,418.85,417.2,418.85,7018.0
2026-05-29 11:05:00,418.85,418.85,418.0,418.5,3642.0
2026-05-29 11:10:00,418.5,418.5,417.0,417.8,13986.0
2026-05-29 11:15:00,418.15,418.95,417.25,418.0,14031.0
2026-05-29 11:20:00,418.05,418.35,417.65,417.9,1503.0
2026-05-29 11:25:00,417.9,418.0,417.05,417.45,4332.0
2026-05-29 11:30:00,417.45,417.5,416.05,416.4,25071.0
2026-05-29 11:35:00,416.4,416.8,415.5,415.5,20040.0
2026-05-29 11:40:00,415.5,415.85,414.15,414.3,14794.0
2026-05-29 11:45:00,414.75,414.75,413.2,413.2,11618.0
2026-05-29 11:50:00,413.5,415.15,413.2,414.85,5299.0
2026-05-29 11:55:00,414.95,415.7,414.35,415.7,9878.0
2026-05-29 12:00:00,415.7,416.7,415.7,416.25,4371.0
2026-05-29 12:05:00,416.35,416.75,414.7,415.15,7255.0
2026-05-29 12:10:00,415.0,417.45,414.4,417.45,7884.0
2026-05-29 12:15:00,417.45,418.45,416.7,418.0,27185.0
2026-05-29 12:20:00,418.0,418.35,417.65,418.0,12738.0
2026-05-29 12:25:00,418.0,418.0,416.7,417.15,11740.0
2026-05-29 12:30:00,417.15,417.25,416.7,417.25,3351.0
2026-05-29 12:35:00,417.3,417.3,416.1,416.8,7737.0
2026-05-29 12:40:00,416.8,417.0,416.5,416.8,3183.0
2026-05-29 12:45:00,416.7,417.15,416.35,416.9,4799.0
2026-05-29 12:50:00,416.9,417.35,416.2,416.9,7091.0
2026-05-29 12:55:00,416.9,416.95,416.05,416.45,7702.0
2026-05-29 13:00:00,416.45,416.5,416.0,416.5,3686.0
2026-05-29 13:05:00,416.5,417.0,415.05,415.25,26986.0
2026-05-29 13:10:00,415.25,416.15,414.35,415.8,9345.0
2026-05-29 13:15:00,415.8,416.75,415.75,416.55,5185.0
2026-05-29 13:20:00,416.25,416.5,415.7,415.9,4245.0
2026-05-29 13:25:00,415.9,415.9,414.95,415.5,4714.0
2026-05-29 13:30:00,415.5,416.65,415.0,415.5,13507.0
2026-05-29 13:35:00,415.8,416.0,414.0,414.4,15596.0
2026-05-29 13:40:00,414.4,415.0,414.0,414.5,4905.0
2026-05-29 13:45:00,414.7,415.0,414.2,414.7,7290.0
2026-05-29 13:50:00,414.7,414.95,413.4,413.7,6852.0
2026-05-29 13:55:00,413.95,414.15,413.05,414.15,7529.0
2026-05-29 14:00:00,414.15,414.8,413.9,414.6,7237.0
2026-05-29 14:05:00,414.75,414.75,413.8,414.2,7299.0
2026-05-29 14:10:00,414.4,414.7,414.1,414.5,16206.0
2026-05-29 14:15:00,414.35,414.5,413.5,413.8,4581.0
2026-05-29 14:20:00,413.85,414.75,413.3,414.5,17588.0
2026-05-29 14:25:00,414.55,415.25,414.1,414.1,8047.0
2026-05-29 14:30:00,413.75,414.3,413.35,413.35,3818.0
2026-05-29 14:35:00,413.7,413.75,412.6,413.05,7765.0
2026-05-29 14:40:00,413.1,413.45,412.65,413.0,3105.0
2026-05-29 14:45:00,413.45,413.55,412.3,412.3,14433.0
2026-05-29 14:50:00,412.6,412.8,411.65,412.45,9601.0
2026-05-29 14:55:00,412.1,412.45,411.6,411.9,6931.0
2026-05-29 15:00:00,411.6,411.8,407.0,407.35,48297.0
2026-05-29 15:05:00,407.0,407.5,406.4,406.8,20758.0
2026-05-29 15:10:00,406.8,407.5,405.05,405.55,34482.0
2026-05-29 15:15:00,405.55,406.0,403.2,404.8,68763.0
2026-05-29 15:20:00,404.05,406.95,404.05,405.8,33017.0
2026-05-29 15:25:00,405.8,410.5,405.8,410.0,27265.0
2026-06-01 09:15:00,409.35,413.1,407.2,408.8,42912.0
2026-06-01 09:20:00,408.5,414.9,408.1,411.85,34031.0
2026-06-01 09:25:00,411.8,412.25,410.3,410.8,21830.0
2026-06-01 09:30:00,410.7,413.5,410.05,413.45,16391.0
2026-06-01 09:35:00,413.25,415.45,411.95,413.5,76322.0
2026-06-01 09:40:00,413.3,413.85,412.2,412.3,12067.0
2026-06-01 09:45:00,412.4,413.7,411.8,413.3,12663.0
2026-06-01 09:50:00,413.4,413.85,412.2,413.8,9949.0
2026-06-01 09:55:00,413.9,414.25,413.1,413.7,11277.0
2026-06-01 10:00:00,414.1,414.35,413.55,413.75,7348.0
2026-06-01 10:05:00,413.75,413.95,412.9,413.35,4942.0
2026-06-01 10:10:00,413.35,413.75,413.0,413.65,2332.0
2026-06-01 10:15:00,413.3,413.6,412.5,412.75,6778.0
2026-06-01 10:20:00,412.55,414.3,412.55,414.3,16925.0
2026-06-01 10:25:00,414.6,414.6,412.35,412.9,16325.0
2026-06-01 10:30:00,412.35,412.95,411.5,412.0,15559.0
2026-06-01 10:35:00,411.6,412.1,409.1,409.6,25542.0
2026-06-01 10:40:00,409.6,410.6,409.6,410.2,4515.0
2026-06-01 10:45:00,410.5,414.4,410.5,413.5,13349.0
2026-06-01 10:50:00,413.05,413.85,412.6,413.75,8768.0
2026-06-01 10:55:00,413.35,414.3,413.35,413.8,2793.0
2026-06-01 11:00:00,413.85,414.3,413.3,413.65,8352.0
2026-06-01 11:05:00,413.65,414.3,413.65,414.2,3480.0
2026-06-01 11:10:00,414.15,414.25,413.7,414.25,5658.0
2026-06-01 11:15:00,414.0,414.25,413.85,414.1,2027.0
2026-06-01 11:20:00,414.1,414.1,413.45,413.75,3308.0
2026-06-01 11:25:00,413.9,414.0,413.5,413.5,3401.0
2026-06-01 11:30:00,413.1,414.0,412.4,413.85,11240.0
2026-06-01 11:35:00,414.0,414.15,413.35,413.8,3151.0
2026-06-01 11:40:00,413.5,413.5,411.55,412.0,12185.0
2026-06-01 11:45:00,412.0,412.25,411.2,412.1,31644.0
2026-06-01 11:50:00,412.0,412.1,410.45,411.05,21518.0
2026-06-01 11:55:00,411.05,411.4,410.7,410.7,5074.0
2026-06-01 12:00:00,410.8,411.8,410.75,411.65,6688.0
2026-06-01 12:05:00,411.65,411.8,410.8,410.8,5185.0
2026-06-01 12:10:00,411.25,412.9,411.05,412.4,32945.0
2026-06-01 12:15:00,412.4,412.75,411.5,412.5,17392.0
2026-06-01 12:20:00,412.5,412.85,412.25,412.5,5637.0
2026-06-01 12:25:00,412.8,412.9,412.25,412.5,5075.0
2026-06-01 12:30:00,412.75,412.8,412.2,412.5,6458.0
2026-06-01 12:35:00,412.7,412.8,412.25,412.5,6837.0
2026-06-01 12:40:00,412.7,412.75,412.25,412.5,87633.0
2026-06-01 12:45:00,412.5,412.55,412.15,412.55,9378.0
2026-06-01 12:50:00,412.5,412.65,412.2,412.5,5133.0
2026-06-01 12:55:00,412.5,412.7,410.85,411.25,20212.0
2026-06-01 13:00:00,411.6,411.6,410.75,410.8,5335.0
2026-06-01 13:05:00,411.1,411.1,409.65,409.8,9905.0
2026-06-01 13:10:00,409.8,409.95,409.15,409.6,12021.0
2026-06-01 13:15:00,409.8,409.8,409.0,409.3,5552.0
2026-06-01 13:20:00,409.0,409.55,408.9,409.45,5862.0
2026-06-01 13:25:00,409.55,410.0,408.55,408.65,23855.0
2026-06-01 13:30:00,408.6,408.75,407.55,407.7,7499.0
2026-06-01 13:35:00,407.75,408.95,407.55,408.95,15741.0
2026-06-01 13:40:00,409.0,409.95,408.85,409.6,6670.0
2026-06-01 13:45:00,409.85,409.85,406.4,407.5,26130.0
2026-06-01 13:50:00,407.65,408.9,407.45,408.35,23213.0
2026-06-01 13:55:00,408.05,408.5,408.0,408.5,3968.0
2026-06-01 14:00:00,408.5,408.5,407.2,407.45,5814.0
2026-06-01 14:05:00,407.45,407.45,406.55,407.2,10750.0
2026-06-01 14:10:00,407.2,407.2,406.65,406.85,4076.0
2026-06-01 14:15:00,407.0,407.0,406.25,406.8,5380.0
2026-06-01 14:20:00,406.75,406.8,406.3,406.75,3730.0
2026-06-01 14:25:00,406.75,408.3,405.2,407.85,16741.0
2026-06-01 14:30:00,408.2,408.5,406.8,407.2,13119.0
2026-06-01 14:35:00,407.3,407.4,406.55,406.85,9780.0
2026-06-01 14:40:00,406.95,407.85,406.0,406.8,12546.0
2026-06-01 14:45:00,407.15,407.5,406.4,406.65,4132.0
2026-06-01 14:50:00,407.0,407.0,404.5,405.35,8508.0
2026-06-01 14:55:00,405.35,405.75,404.9,405.15,5711.0
2026-06-01 15:00:00,404.55,405.85,401.9,403.05,37460.0
2026-06-01 15:05:00,403.2,403.9,402.75,403.9,3780.0
2026-06-01 15:10:00,403.85,404.85,403.65,404.2,10457.0
2026-06-01 15:15:00,404.4,404.4,402.9,403.3,16813.0
2026-06-01 15:20:00,403.25,403.65,402.0,402.8,26044.0
2026-06-01 15:25:00,402.8,402.9,396.85,400.0,32450.0
2026-06-02 09:15:00,400.85,403.9,399.55,401.65,38698.0
2026-06-02 09:20:00,401.4,404.7,401.0,402.55,18010.0
2026-06-02 09:25:00,402.4,403.2,400.55,401.0,6965.0
2026-06-02 09:30:00,401.25,401.25,396.9,397.8,22419.0
2026-06-02 09:35:00,397.8,399.9,397.4,399.5,20183.0
2026-06-02 09:40:00,399.3,399.85,398.0,398.8,6696.0
2026-06-02 09:45:00,398.55,398.9,398.1,398.15,5641.0
2026-06-02 09:50:00,398.15,399.25,398.05,398.3,16216.0
2026-06-02 09:55:00,398.8,399.0,398.2,398.5,2150.0
2026-06-02 10:00:00,398.5,398.75,397.5,398.25,3536.0
2026-06-02 10:05:00,398.3,399.3,398.25,398.75,6626.0
2026-06-02 10:10:00,398.8,398.9,398.15,398.15,1618.0
2026-06-02 10:15:00,398.2,401.5,397.85,400.75,40656.0
2026-06-02 10:20:00,400.65,400.85,400.1,400.65,5197.0
2026-06-02 10:25:00,400.05,401.0,400.05,400.95,3605.0
2026-06-02 10:30:00,400.6,401.25,400.0,400.4,3026.0
2026-06-02 10:35:00,400.4,400.85,400.05,400.5,2484.0
2026-06-02 10:40:00,400.5,401.2,400.35,400.65,5477.0
2026-06-02 10:45:00,400.65,400.65,399.8,400.0,9433.0
2026-06-02 10:50:00,399.9,400.0,398.6,399.1,5231.0
2026-06-02 10:55:00,398.8,399.1,398.25,398.65,3431.0
2026-06-02 11:00:00,398.7,399.0,398.35,398.85,3803.0
2026-06-02 11:05:00,398.5,399.15,398.35,399.0,3491.0
2026-06-02 11:10:00,398.75,399.7,398.6,399.25,3649.0
2026-06-02 11:15:00,398.9,400.2,398.8,400.2,8056.0
2026-06-02 11:20:00,400.2,400.85,400.15,400.5,1849.0
2026-06-02 11:25:00,400.3,400.6,399.9,400.2,1521.0
2026-06-02 11:30:00,400.3,400.8,400.2,400.3,9998.0
2026-06-02 11:35:00,400.3,401.1,399.5,399.9,5489.0
2026-06-02 11:40:00,399.5,400.4,399.5,400.3,4923.0
2026-06-02 11:45:00,400.1,401.0,400.0,400.8,21743.0
2026-06-02 11:50:00,400.55,402.6,400.5,400.95,34855.0
2026-06-02 11:55:00,401.2,401.25,400.55,400.55,702.0
2026-06-02 12:00:00,400.0,400.8,400.0,400.5,15215.0
2026-06-02 12:05:00,400.5,400.85,400.0,400.05,3752.0
2026-06-02 12:10:00,400.7,400.9,400.4,400.8,6949.0
2026-06-02 12:15:00,400.5,400.55,400.5,400.5,774.0
2026-06-02 12:20:00,400.5,400.8,400.5,400.8,480.0
2026-06-02 12:25:00,400.75,400.85,397.55,398.15,24095.0
2026-06-02 12:30:00,397.8,398.0,396.15,396.3,30233.0
2026-06-02 12:35:00,396.1,398.9,396.1,398.0,19354.0
2026-06-02 12:40:00,398.0,399.4,398.0,399.1,5649.0
2026-06-02 12:45:00,398.95,399.55,398.4,398.5,4819.0
2026-06-02 12:50:00,398.5,399.8,398.5,399.25,4719.0
2026-06-02 12:55:00,399.25,400.35,398.9,400.0,6687.0
2026-06-02 13:00:00,399.25,400.0,399.1,400.0,3406.0
2026-06-02 13:05:00,399.5,400.0,399.25,399.35,4033.0
2026-06-02 13:10:00,399.35,400.0,399.25,399.4,7181.0
2026-06-02 13:15:00,399.4,399.8,398.85,399.0,3920.0
2026-06-02 13:20:00,398.95,399.8,398.9,399.45,2813.0
2026-06-02 13:25:00,399.85,400.15,399.4,399.75,9616.0
2026-06-02 13:30:00,399.8,400.0,399.0,399.8,7222.0
2026-06-02 13:35:00,399.3,399.9,399.25,399.5,3548.0
2026-06-02 13:40:00,399.5,399.8,399.05,399.5,3448.0
2026-06-02 13:45:00,399.0,399.5,398.15,398.9,7390.0
2026-06-02 13:50:00,398.55,401.2,398.4,401.05,129668.0
2026-06-02 13:55:00,401.0,401.25,400.45,401.0,8505.0
2026-06-02 14:00:00,400.8,401.7,400.5,401.6,2663.0
2026-06-02 14:05:00,401.7,404.6,401.7,404.4,36519.0
2026-06-02 14:10:00,404.4,406.75,404.4,405.1,28708.0
2026-06-02 14:15:00,405.1,406.0,405.05,405.6,16156.0
2026-06-02 14:20:00,405.9,406.25,405.3,405.3,2879.0
2026-06-02 14:25:00,405.5,405.8,404.95,405.4,7496.0
2026-06-02 14:30:00,405.4,406.0,405.25,405.6,6668.0
2026-06-02 14:35:00,405.65,405.85,405.05,405.2,12188.0
2026-06-02 14:40:00,405.2,405.3,404.85,405.1,6337.0
2026-06-02 14:45:00,405.0,407.55,405.0,407.25,11204.0
2026-06-02 14:50:00,407.75,407.75,406.0,406.2,6014.0
2026-06-02 14:55:00,406.35,406.9,406.2,406.65,1198.0
2026-06-02 15:00:00,406.5,406.85,405.85,406.5,53138.0
2026-06-02 15:05:00,406.8,407.1,406.25,406.4,5027.0
2026-06-02 15:10:00,406.6,408.0,406.45,407.1,11446.0
2026-06-02 15:15:00,407.2,409.25,407.15,408.3,13728.0
2026-06-02 15:20:00,408.35,408.35,406.25,406.6,17670.0
2026-06-02 15:25:00,406.45,408.3,406.0,406.0,17594.0
2026-06-03 09:15:00,402.05,406.9,402.05,404.7,16882.0
2026-06-03 09:20:00,404.35,406.95,404.35,406.7,8891.0
2026-06-03 09:25:00,406.6,408.15,406.3,406.35,6750.0
2026-06-03 09:30:00,406.35,407.0,405.6,405.6,4770.0
2026-06-03 09:35:00,405.8,408.8,405.25,408.45,5150.0
2026-06-03 09:40:00,408.0,408.0,406.3,406.9,6957.0
2026-06-03 09:45:00,406.65,408.0,406.65,407.85,5016.0
2026-06-03 09:50:00,407.8,409.0,407.75,407.75,10139.0
2026-06-03 09:55:00,407.45,407.45,405.85,406.35,9941.0
2026-06-03 10:00:00,405.85,406.1,405.1,405.25,8165.0
2026-06-03 10:05:00,405.25,406.05,404.8,405.35,5282.0
2026-06-03 10:10:00,405.6,405.75,404.9,405.4,2518.0
2026-06-03 10:15:00,405.4,406.05,405.1,405.85,1257.0
2026-06-03 10:20:00,406.25,406.75,405.85,406.55,1674.0
2026-06-03 10:25:00,406.85,406.9,404.8,405.75,5780.0
2026-06-03 10:30:00,405.35,405.95,404.05,404.85,8882.0
2026-06-03 10:35:00,404.85,406.1,404.85,405.9,3693.0
2026-06-03 10:40:00,406.25,406.7,405.95,406.3,1286.0
2026-06-03 10:45:00,406.15,406.55,405.95,406.0,1169.0
2026-06-03 10:50:00,405.95,406.2,403.15,403.8,4428.0
2026-06-03 10:55:00,403.8,403.9,403.1,403.8,4578.0
2026-06-03 11:00:00,404.0,404.7,403.4,404.45,11437.0
2026-06-03 11:05:00,404.1,404.15,402.35,402.75,4397.0
2026-06-03 11:10:00,402.2,402.95,401.75,401.95,8177.0
2026-06-03 11:15:00,401.95,403.0,401.95,402.85,7054.0
2026-06-03 11:20:00,403.0,403.6,402.7,403.6,4295.0
2026-06-03 11:25:00,403.25,403.75,402.75,402.75,3559.0
2026-06-03 11:30:00,402.6,403.15,400.85,402.4,8228.0
2026-06-03 11:35:00,402.05,402.85,402.05,402.3,1687.0
2026-06-03 11:40:00,402.8,403.0,402.25,402.25,2468.0
2026-06-03 11:45:00,402.25,403.2,402.2,402.85,3984.0
2026-06-03 11:50:00,402.95,403.2,402.2,402.2,1634.0
2026-06-03 11:55:00,402.7,402.7,402.05,402.5,1117.0
2026-06-03 12:00:00,402.75,402.95,402.35,402.55,624.0
2026-06-03 12:05:00,402.5,402.95,401.25,401.25,2550.0
2026-06-03 12:10:00,401.75,403.85,401.2,402.85,8298.0
2026-06-03 12:15:00,402.65,402.75,400.8,401.25,10931.0
2026-06-03 12:20:00,400.95,401.95,400.8,401.15,9827.0
2026-06-03 12:25:00,401.1,402.35,400.85,401.9,5775.0
2026-06-03 12:30:00,401.9,402.55,401.8,402.55,2156.0
2026-06-03 12:35:00,402.8,403.0,402.3,402.45,16157.0
2026-06-03 12:40:00,402.75,404.0,402.2,403.5,19160.0
2026-06-03 12:45:00,403.75,405.55,402.6,405.25,42154.0
2026-06-03 12:50:00,405.25,405.7,403.15,403.15,35435.0
2026-06-03 12:55:00,403.1,404.15,402.55,404.1,14990.0
2026-06-03 13:00:00,404.15,404.15,403.35,403.45,3574.0
2026-06-03 13:05:00,403.45,403.45,402.95,402.95,1020.0
2026-06-03 13:10:00,403.25,403.25,402.8,402.85,743.0
2026-06-03 13:15:00,403.1,403.25,402.8,403.25,481.0
2026-06-03 13:20:00,403.0,403.5,402.65,403.5,1312.0
2026-06-03 13:25:00,403.5,403.5,402.1,403.15,3520.0
2026-06-03 13:30:00,403.05,403.35,403.05,403.15,311.0
2026-06-03 13:35:00,403.15,403.2,402.7,403.2,1867.0
2026-06-03 13:40:00,403.2,404.2,403.1,403.7,13519.0
2026-06-03 13:45:00,403.7,404.9,403.7,404.4,10998.0
2026-06-03 13:50:00,404.6,407.5,404.45,406.8,22055.0
2026-06-03 13:55:00,407.0,407.0,406.0,406.0,17826.0
2026-06-03 14:00:00,405.9,406.1,404.85,405.15,6090.0
2026-06-03 14:05:00,404.8,405.95,404.8,405.95,3287.0
2026-06-03 14:10:00,405.8,405.95,405.45,405.75,1563.0
2026-06-03 14:15:00,405.85,406.1,405.0,406.0,28583.0
2026-06-03 14:20:00,405.8,407.6,405.65,407.4,19310.0
2026-06-03 14:25:00,407.4,408.4,407.1,408.4,22046.0
2026-06-03 14:30:00,408.6,408.6,405.65,406.0,16593.0
2026-06-03 14:35:00,405.7,406.2,405.0,405.35,13403.0
2026-06-03 14:40:00,405.35,405.4,405.0,405.2,7442.0
2026-06-03 14:45:00,405.4,405.75,405.0,405.45,6331.0
2026-06-03 14:50:00,405.75,406.9,403.65,404.3,53326.0
2026-06-03 14:55:00,404.3,404.95,404.25,404.6,2882.0
2026-06-03 15:00:00,404.65,404.85,403.0,404.4,6763.0
2026-06-03 15:05:00,404.4,404.4,403.0,403.6,4990.0
2026-06-03 15:10:00,403.75,404.0,403.35,403.95,4023.0
2026-06-03 15:15:00,403.55,404.0,402.85,402.85,15633.0
2026-06-03 15:20:00,403.0,403.3,402.7,403.05,18234.0
2026-06-03 15:25:00,403.0,403.75,399.35,402.6,57444.0
2026-06-04 09:15:00,402.6,411.4,400.3,409.55,43014.0
2026-06-04 09:20:00,409.5,417.85,408.35,414.2,53375.0
2026-06-04 09:25:00,413.9,413.9,404.05,406.45,83563.0
2026-06-04 09:30:00,406.75,410.65,406.15,410.0,44472.0
2026-06-04 09:35:00,409.7,409.95,408.25,408.25,12991.0
2026-06-04 09:40:00,408.25,411.0,406.3,408.7,32834.0
2026-06-04 09:45:00,408.7,409.35,408.4,409.3,5134.0
2026-06-04 09:50:00,409.3,409.65,408.65,408.95,13407.0
2026-06-04 09:55:00,408.55,408.85,407.5,408.3,5057.0
2026-06-04 10:00:00,408.3,408.85,408.15,408.25,6448.0
2026-06-04 10:05:00,408.25,409.0,407.15,408.0,9351.0
2026-06-04 10:10:00,408.0,408.85,408.0,408.0,3166.0
2026-06-04 10:15:00,408.05,408.05,407.45,407.45,2284.0
2026-06-04 10:20:00,407.45,409.0,406.9,408.6,8145.0
2026-06-04 10:25:00,408.6,408.8,407.5,408.8,10848.0
2026-06-04 10:30:00,408.65,409.0,407.2,407.75,9026.0
2026-06-04 10:35:00,407.5,407.75,407.1,407.2,5168.0
2026-06-04 10:40:00,407.2,408.0,406.25,406.45,4967.0
2026-06-04 10:45:00,406.85,410.25,406.85,410.25,16482.0
2026-06-04 10:50:00,410.75,411.4,409.1,409.5,494301.0
2026-06-04 10:55:00,409.55,413.0,409.55,412.0,46415.0
2026-06-04 11:00:00,412.0,412.4,408.45,408.6,22971.0
2026-06-04 11:05:00,408.55,409.45,407.8,408.2,12452.0
2026-06-04 11:10:00,408.2,408.55,407.6,408.2,3155.0
2026-06-04 11:15:00,407.85,410.65,407.85,410.3,14276.0
2026-06-04 11:20:00,410.5,410.75,409.6,410.1,16917.0
2026-06-04 11:25:00,410.15,410.8,410.0,410.45,8237.0
2026-06-04 11:30:00,410.4,411.1,410.25,410.6,5360.0
2026-06-04 11:35:00,410.6,411.0,410.15,410.7,34494.0
2026-06-04 11:40:00,410.55,411.0,410.4,411.0,7055.0
2026-06-04 11:45:00,410.75,412.0,410.25,410.35,10491.0
2026-06-04 11:50:00,410.2,411.5,410.2,411.0,5560.0
2026-06-04 11:55:00,411.0,411.8,410.45,410.65,389922.0
2026-06-04 12:00:00,410.55,410.9,410.1,410.65,3535.0
2026-06-04 12:05:00,410.45,410.85,410.45,410.65,5148.0
2026-06-04 12:10:00,410.5,412.6,410.45,411.65,26665.0
2026-06-04 12:15:00,412.05,412.2,410.7,411.5,11420.0
2026-06-04 12:20:00,411.3,414.75,410.95,413.6,92389.0
2026-06-04 12:25:00,413.2,414.8,413.0,413.1,22109.0
2026-06-04 12:30:00,413.1,413.2,411.85,412.25,3596.0
2026-06-04 12:35:00,412.5,416.15,412.25,413.9,103734.0
2026-06-04 12:40:00,413.9,414.5,413.15,413.85,10943.0
2026-06-04 12:45:00,413.7,415.2,413.5,415.2,7447.0
2026-06-04 12:50:00,415.2,418.3,414.65,416.25,97868.0
2026-06-04 12:55:00,416.8,418.4,416.65,417.3,15831.0
2026-06-04 13:00:00,417.6,417.6,416.15,416.6,18756.0
2026-06-04 13:05:00,416.65,417.65,416.65,417.35,11770.0
2026-06-04 13:10:00,417.35,417.5,415.1,415.8,53251.0
2026-06-04 13:15:00,415.8,417.0,415.0,416.45,15197.0
2026-06-04 13:20:00,416.45,416.95,415.6,415.85,6133.0
2026-06-04 13:25:00,416.0,416.2,415.6,416.05,5472.0
2026-06-04 13:30:00,416.05,416.5,415.9,416.2,2230.0
2026-06-04 13:35:00,416.5,416.6,415.9,415.9,3755.0
2026-06-04 13:40:00,416.25,416.6,416.0,416.2,1808.0
2026-06-04 13:45:00,416.4,416.9,416.3,416.7,5132.0
2026-06-04 13:50:00,416.95,417.15,416.7,416.9,4811.0
2026-06-04 13:55:00,417.0,417.85,416.6,416.95,11854.0
2026-06-04 14:00:00,416.95,417.8,416.75,417.55,8251.0
2026-06-04 14:05:00,417.55,417.9,417.05,417.5,3878.0
2026-06-04 14:10:00,417.3,417.8,417.15,417.15,7061.0
2026-06-04 14:15:00,417.15,417.45,417.0,417.2,5860.0
2026-06-04 14:20:00,417.2,417.95,417.0,417.6,6679.0
2026-06-04 14:25:00,417.6,418.9,417.55,417.95,22493.0
2026-06-04 14:30:00,417.75,418.0,417.15,417.8,15240.0
2026-06-04 14:35:00,417.8,418.2,417.6,417.95,24644.0
2026-06-04 14:40:00,418.0,418.2,417.0,417.4,24910.0
2026-06-04 14:45:00,417.3,417.85,417.0,417.6,17288.0
2026-06-04 14:50:00,417.3,418.0,417.1,417.55,19069.0
2026-06-04 14:55:00,417.8,418.05,417.5,417.85,12619.0
2026-06-04 15:00:00,417.9,417.95,417.35,417.6,20622.0
2026-06-04 15:05:00,417.25,417.5,416.95,417.35,18345.0
2026-06-04 15:10:00,417.35,417.35,416.8,417.0,23753.0
2026-06-04 15:15:00,417.15,417.15,415.45,416.15,31386.0
2026-06-04 15:20:00,416.3,416.9,415.65,416.8,22351.0
2026-06-04 15:25:00,416.8,419.25,415.25,416.2,84880.0
2026-06-05 09:15:00,418.2,419.75,415.2,415.25,39367.0
2026-06-05 09:20:00,415.5,416.2,414.5,415.7,8198.0
2026-06-05 09:25:00,417.75,417.75,414.7,414.7,14209.0
2026-06-05 09:30:00,414.05,417.45,414.05,415.55,12852.0
2026-06-05 09:35:00,415.55,416.05,414.05,414.5,12549.0
2026-06-05 09:40:00,414.45,416.7,413.8,416.35,7322.0
2026-06-05 09:45:00,416.4,416.95,414.75,414.75,4602.0
2026-06-05 09:50:00,414.75,415.5,414.1,415.1,4690.0
2026-06-05 09:55:00,415.0,415.2,414.5,415.15,2636.0
2026-06-05 10:00:00,415.15,415.15,413.85,414.15,2171.0
2026-06-05 10:05:00,414.15,414.95,414.0,414.8,1502.0
2026-06-05 10:10:00,414.8,415.25,414.3,414.8,7120.0
2026-06-05 10:15:00,414.45,414.7,414.05,414.05,1060.0
2026-06-05 10:20:00,414.0,414.55,413.8,413.8,5472.0
2026-06-05 10:25:00,413.85,414.75,413.85,414.15,5376.0
2026-06-05 10:30:00,414.1,414.25,412.45,413.05,8604.0
2026-06-05 10:35:00,412.8,414.7,412.0,414.35,11449.0
2026-06-05 10:40:00,413.8,414.25,413.6,414.0,4813.0
2026-06-05 10:45:00,413.6,414.15,413.2,413.95,5711.0
2026-06-05 10:50:00,413.65,414.2,413.65,414.2,810.0
2026-06-05 10:55:00,414.65,415.8,414.15,415.8,2719.0
2026-06-05 11:00:00,415.8,415.95,415.25,415.9,1096.0
2026-06-05 11:05:00,415.9,415.9,412.1,412.25,26645.0
2026-06-05 11:10:00,412.3,412.3,411.35,411.95,8156.0
2026-06-05 11:15:00,412.0,415.3,412.0,413.3,27763.0
2026-06-05 11:20:00,413.0,416.6,412.65,416.6,186496.0
2026-06-05 11:25:00,417.15,422.4,417.15,420.2,40880.0
2026-06-05 11:30:00,420.25,421.9,420.25,420.8,33975.0
2026-06-05 11:35:00,420.8,421.5,420.0,421.0,14818.0
2026-06-05 11:40:00,421.25,422.1,419.0,419.3,18470.0
2026-06-05 11:45:00,419.55,420.05,418.15,418.75,25609.0
2026-06-05 11:50:00,418.8,418.8,418.2,418.4,3610.0
2026-06-05 11:55:00,418.6,418.6,417.3,417.75,5094.0
2026-06-05 12:00:00,417.5,418.15,417.45,417.95,2720.0
2026-06-05 12:05:00,417.95,418.3,417.1,417.1,8149.0
2026-06-05 12:10:00,417.4,417.95,415.8,416.5,19005.0
2026-06-05 12:15:00,416.5,416.9,416.5,416.55,1045.0
2026-06-05 12:20:00,416.55,416.55,416.05,416.25,1025.0
2026-06-05 12:25:00,416.4,416.4,415.35,415.35,1037.0
2026-06-05 12:30:00,415.65,415.8,415.35,415.7,475.0
2026-06-05 12:35:00,415.7,416.0,415.0,415.15,1812.0
2026-06-05 12:40:00,415.15,415.7,415.1,415.3,494.0
2026-06-05 12:45:00,415.3,415.95,415.2,415.2,601.0
2026-06-05 12:50:00,415.45,415.65,415.2,415.65,709.0
2026-06-05 12:55:00,415.65,415.65,414.75,414.85,1282.0
2026-06-05 13:00:00,414.85,415.0,414.4,414.65,2088.0
2026-06-05 13:05:00,414.65,415.0,414.15,414.7,2000.0
2026-06-05 13:10:00,414.55,414.55,413.5,413.6,3626.0
2026-06-05 13:15:00,413.55,414.55,413.5,414.25,1275.0
2026-06-05 13:20:00,414.2,414.6,413.6,414.45,4484.0
2026-06-05 13:25:00,414.1,414.6,414.0,414.3,1618.0
2026-06-05 13:30:00,414.0,415.05,414.0,414.65,1084.0
2026-06-05 13:35:00,414.65,415.15,414.3,414.3,4706.0
2026-06-05 13:40:00,414.3,415.3,414.0,414.5,2631.0
2026-06-05 13:45:00,414.4,414.6,414.1,414.55,598.0
2026-06-05 13:50:00,414.35,415.3,414.25,414.85,2727.0
2026-06-05 13:55:00,414.85,415.3,414.85,415.1,1141.0
2026-06-05 14:00:00,415.3,416.0,415.2,415.8,1311.0
2026-06-05 14:05:00,415.8,416.0,415.8,415.85,726.0
2026-06-05 14:10:00,415.75,415.85,415.2,415.75,533.0
2026-06-05 14:15:00,415.5,415.8,415.0,415.0,339.0
2026-06-05 14:20:00,415.0,415.15,414.35,414.8,6531.0
2026-06-05 14:25:00,414.8,415.7,414.8,415.5,718.0
2026-06-05 14:30:00,415.75,415.85,415.55,415.8,2207.0
2026-06-05 14:35:00,415.8,415.8,414.85,415.2,1595.0
2026-06-05 14:40:00,414.9,415.6,414.9,415.55,4531.0
2026-06-05 14:45:00,415.35,416.0,415.3,416.0,3928.0
2026-06-05 14:50:00,416.0,416.6,415.45,416.25,8534.0
2026-06-05 14:55:00,416.15,416.5,416.05,416.05,1112.0
2026-06-05 15:00:00,416.15,416.2,415.2,416.0,16746.0
2026-06-05 15:05:00,416.0,416.5,415.7,416.0,2574.0
2026-06-05 15:10:00,416.1,416.45,414.9,415.3,5402.0
2026-06-05 15:15:00,415.45,416.9,414.7,416.6,20436.0
2026-06-05 15:20:00,416.8,416.8,415.55,416.4,8478.0
2026-06-05 15:25:00,416.4,418.8,415.0,415.95,19659.0
2026-06-08 09:15:00,410.05,416.85,407.6,415.95,30079.0
2026-06-08 09:20:00,415.95,421.65,415.0,417.5,71238.0
2026-06-08 09:25:00,417.7,418.95,416.05,416.6,11847.0
2026-06-08 09:30:00,416.9,418.6,416.5,417.4,7091.0
2026-06-08 09:35:00,417.2,417.6,415.0,415.75,13475.0
2026-06-08 09:40:00,415.55,416.0,415.0,415.4,11371.0
2026-06-08 09:45:00,415.25,416.55,415.25,415.75,10243.0
2026-06-08 09:50:00,415.9,416.1,415.3,416.0,3243.0
2026-06-08 09:55:00,416.0,417.3,416.0,417.0,8389.0
2026-06-08 10:00:00,416.9,417.0,415.8,416.7,3064.0
2026-06-08 10:05:00,416.7,417.05,415.4,416.1,4687.0
2026-06-08 10:10:00,416.8,417.15,416.0,416.55,3317.0
2026-06-08 10:15:00,416.55,416.55,415.55,415.7,5424.0
2026-06-08 10:20:00,415.95,416.65,415.95,416.65,2589.0
2026-06-08 10:25:00,416.7,417.8,416.0,417.8,4648.0
2026-06-08 10:30:00,417.55,418.15,417.05,418.05,11175.0
2026-06-08 10:35:00,417.7,418.3,417.7,417.95,13965.0
2026-06-08 10:40:00,418.0,420.0,417.85,418.45,20752.0
2026-06-08 10:45:00,418.5,419.0,418.3,418.7,5409.0
2026-06-08 10:50:00,418.9,419.4,418.0,418.6,12071.0
2026-06-08 10:55:00,418.1,418.95,418.1,418.8,2723.0
2026-06-08 11:00:00,418.8,419.5,418.0,418.0,12711.0
2026-06-08 11:05:00,418.45,418.75,417.95,418.55,7037.0
2026-06-08 11:10:00,418.6,418.8,417.9,418.35,6635.0
2026-06-08 11:15:00,418.7,419.25,418.25,418.65,9151.0
2026-06-08 11:20:00,418.7,419.7,418.65,419.7,4394.0
2026-06-08 11:25:00,419.4,419.9,418.8,419.05,6943.0
2026-06-08 11:30:00,419.15,419.85,418.8,419.8,6361.0
2026-06-08 11:35:00,419.45,419.7,419.0,419.55,3995.0
2026-06-08 11:40:00,419.2,419.65,417.6,418.4,5893.0
2026-06-08 11:45:00,417.9,418.55,417.9,418.4,3011.0
2026-06-08 11:50:00,418.5,418.5,417.7,418.15,3754.0
2026-06-08 11:55:00,417.8,418.4,417.45,417.95,2770.0
2026-06-08 12:00:00,418.5,418.8,418.05,418.6,4013.0
2026-06-08 12:05:00,418.65,418.9,418.15,418.75,3559.0
2026-06-08 12:10:00,418.8,419.0,418.05,418.6,4603.0
2026-06-08 12:15:00,418.65,418.8,417.7,418.05,3494.0
2026-06-08 12:20:00,418.3,418.95,417.9,418.95,3449.0
2026-06-08 12:25:00,418.55,418.95,417.05,417.4,4832.0
2026-06-08 12:30:00,417.5,418.05,416.6,416.65,4655.0
2026-06-08 12:35:00,416.75,417.05,415.95,416.45,21084.0
2026-06-08 12:40:00,417.2,417.2,416.15,416.4,2781.0
2026-06-08 12:45:00,416.45,417.0,416.05,416.8,1886.0
2026-06-08 12:50:00,416.8,417.6,416.6,416.95,3044.0
2026-06-08 12:55:00,417.0,417.1,416.6,416.6,2096.0
2026-06-08 13:00:00,416.85,416.85,415.95,416.1,6493.0
2026-06-08 13:05:00,416.95,416.95,415.6,416.0,6520.0
2026-06-08 13:10:00,416.0,416.5,415.85,416.4,1413.0
2026-06-08 13:15:00,416.15,416.5,415.8,416.3,6300.0
2026-06-08 13:20:00,416.3,416.9,416.15,416.25,3954.0
2026-06-08 13:25:00,416.15,416.65,416.1,416.2,2922.0
2026-06-08 13:30:00,416.3,416.35,416.1,416.15,2797.0
2026-06-08 13:35:00,416.35,416.6,416.1,416.1,2524.0
2026-06-08 13:40:00,416.1,416.5,415.8,416.0,6635.0
2026-06-08 13:45:00,416.1,416.4,415.55,416.0,4755.0
2026-06-08 13:50:00,416.0,416.3,415.4,415.4,5092.0
2026-06-08 13:55:00,415.25,416.25,415.05,415.75,4573.0
2026-06-08 14:00:00,415.8,416.0,415.4,415.6,730.0
2026-06-08 14:05:00,416.0,416.2,415.25,415.45,1022.0
2026-06-08 14:10:00,415.5,415.8,415.2,415.7,546.0
2026-06-08 14:15:00,415.7,416.0,415.25,415.95,1973.0
2026-06-08 14:20:00,415.1,416.2,415.1,415.8,4882.0
2026-06-08 14:25:00,415.8,416.2,415.2,415.45,4311.0
2026-06-08 14:30:00,415.45,415.9,415.3,415.35,9487.0
2026-06-08 14:35:00,415.75,416.15,415.4,415.55,2992.0
2026-06-08 14:40:00,415.5,416.5,415.35,416.0,3128.0
2026-06-08 14:45:00,416.0,416.2,415.55,415.95,844.0
2026-06-08 14:50:00,415.85,415.95,415.3,415.3,2623.0
2026-06-08 14:55:00,415.7,415.85,415.4,415.75,1293.0
2026-06-08 15:00:00,415.85,415.85,414.8,415.25,10416.0
2026-06-08 15:05:00,415.25,416.05,414.0,415.85,9605.0
2026-06-08 15:10:00,415.8,415.85,415.25,415.65,6585.0
2026-06-08 15:15:00,415.5,415.65,413.85,415.15,25831.0
2026-06-08 15:20:00,415.6,415.65,413.15,413.8,16979.0
2026-06-08 15:25:00,413.15,414.4,411.95,411.95,8662.0
2026-06-09 09:15:00,415.2,418.5,413.0,417.9,48433.0
2026-06-09 09:20:00,418.15,420.0,417.05,418.5,30312.0
2026-06-09 09:25:00,418.75,419.15,413.55,413.8,18537.0
2026-06-09 09:30:00,413.15,415.2,413.15,414.75,30482.0
2026-06-09 09:35:00,414.7,416.5,414.15,415.1,21262.0
2026-06-09 09:40:00,415.25,415.9,414.3,414.3,12336.0
2026-06-09 09:45:00,414.3,416.15,414.25,415.85,9776.0
2026-06-09 09:50:00,416.0,416.35,415.2,415.2,10287.0
2026-06-09 09:55:00,415.25,415.7,414.65,415.15,6509.0
2026-06-09 10:00:00,415.2,415.25,413.4,413.8,13131.0
2026-06-09 10:05:00,413.75,414.15,412.4,413.05,10612.0
2026-06-09 10:10:00,413.05,413.85,412.95,413.5,4129.0
2026-06-09 10:15:00,413.5,413.8,412.6,413.2,8557.0
2026-06-09 10:20:00,413.2,413.25,412.2,412.2,8993.0
2026-06-09 10:25:00,412.2,412.9,411.85,412.2,9846.0
2026-06-09 10:30:00,412.2,412.9,412.2,412.7,4443.0
2026-06-09 10:35:00,412.5,414.35,411.3,413.55,16025.0
2026-06-09 10:40:00,414.0,414.4,413.05,413.75,8794.0
2026-06-09 10:45:00,414.2,414.4,413.55,413.55,7788.0
2026-06-09 10:50:00,413.5,413.75,412.75,413.05,8493.0
2026-06-09 10:55:00,412.9,413.9,412.45,413.45,6890.0
2026-06-09 11:00:00,413.25,413.5,411.85,413.3,8831.0
2026-06-09 11:05:00,413.3,413.6,412.45,412.85,3613.0
2026-06-09 11:10:00,412.85,412.85,412.0,412.1,6215.0
2026-06-09 11:15:00,412.1,412.6,411.35,412.5,7521.0
2026-06-09 11:20:00,412.6,412.8,411.75,412.0,2665.0
2026-06-09 11:25:00,412.0,412.45,412.0,412.35,5276.0
2026-06-09 11:30:00,412.35,414.45,412.35,413.85,8569.0
2026-06-09 11:35:00,413.7,416.75,413.5,413.85,27052.0
2026-06-09 11:40:00,413.8,414.0,413.5,413.8,3229.0
2026-06-09 11:45:00,413.8,415.65,413.8,415.1,4632.0
2026-06-09 11:50:00,414.95,415.45,413.2,414.0,10613.0
2026-06-09 11:55:00,414.0,414.05,413.3,413.8,10371.0
2026-06-09 12:00:00,413.65,414.05,413.1,413.5,5519.0
2026-06-09 12:05:00,413.4,413.75,413.05,413.75,2703.0
2026-06-09 12:10:00,413.8,414.3,413.15,413.5,1939.0
2026-06-09 12:15:00,413.5,413.7,412.6,413.0,7679.0
2026-06-09 12:20:00,412.9,413.35,412.7,413.0,6356.0
2026-06-09 12:25:00,412.95,413.95,412.85,413.55,7531.0
2026-06-09 12:30:00,413.55,413.95,412.55,412.85,11341.0
2026-06-09 12:35:00,412.65,413.05,411.95,411.95,3048.0
2026-06-09 12:40:00,412.0,412.45,411.9,412.15,5026.0
2026-06-09 12:45:00,412.45,412.75,412.0,412.0,10064.0
2026-06-09 12:50:00,412.0,412.5,411.6,412.1,9226.0
2026-06-09 12:55:00,412.0,412.2,411.5,411.7,4367.0
2026-06-09 13:00:00,411.7,412.6,411.7,412.6,3920.0
2026-06-09 13:05:00,412.2,412.2,410.9,411.35,8462.0
2026-06-09 13:10:00,411.35,412.7,411.0,411.0,24346.0
2026-06-09 13:15:00,411.0,411.3,409.15,409.15,16471.0
2026-06-09 13:20:00,409.0,409.85,408.65,409.15,15684.0
2026-06-09 13:25:00,409.3,409.9,409.0,409.4,16799.0
2026-06-09 13:30:00,409.4,409.6,408.9,409.35,17705.0
2026-06-09 13:35:00,409.1,409.9,409.0,409.9,6579.0
2026-06-09 13:40:00,409.9,409.9,409.5,409.85,2635.0
2026-06-09 13:45:00,409.85,409.95,409.1,409.95,11747.0
2026-06-09 13:50:00,409.7,410.55,409.25,409.25,50096.0
2026-06-09 13:55:00,409.8,410.3,409.8,410.0,4133.0
2026-06-09 14:00:00,410.0,411.5,409.3,410.2,46821.0
2026-06-09 14:05:00,410.05,410.05,408.75,409.45,14334.0
2026-06-09 14:10:00,409.15,409.6,409.0,409.35,4362.0
2026-06-09 14:15:00,409.55,409.95,408.95,409.75,5435.0
2026-06-09 14:20:00,409.75,409.75,409.25,409.65,5426.0
2026-06-09 14:25:00,409.3,410.1,409.3,409.55,7961.0
2026-06-09 14:30:00,409.85,410.0,409.3,409.85,4273.0
2026-06-09 14:35:00,409.45,410.0,409.2,410.0,5520.0
2026-06-09 14:40:00,410.0,412.25,409.4,410.25,37537.0
2026-06-09 14:45:00,410.55,410.55,409.45,409.45,12498.0
2026-06-09 14:50:00,409.7,410.05,409.5,410.0,7234.0
2026-06-09 14:55:00,409.8,410.15,409.35,409.55,16107.0
2026-06-09 15:00:00,409.45,409.45,407.4,407.65,38982.0
2026-06-09 15:05:00,408.0,408.1,407.6,407.8,18684.0
2026-06-09 15:10:00,407.8,409.75,404.45,409.75,120583.0
2026-06-09 15:15:00,409.0,409.9,408.05,408.1,72176.0
2026-06-09 15:20:00,408.55,409.35,407.3,407.45,70226.0
2026-06-09 15:25:00,407.45,409.5,407.3,409.0,66422.0
2026-06-10 09:15:00,412.0,412.0,408.1,410.65,19880.0
2026-06-10 09:20:00,410.35,413.75,410.35,413.35,13846.0
2026-06-10 09:25:00,413.25,414.4,412.4,414.2,17847.0
2026-06-10 09:30:00,414.0,414.3,412.0,412.5,14039.0
2026-06-10 09:35:00,412.45,415.05,411.15,413.85,12033.0
2026-06-10 09:40:00,413.9,414.5,413.6,413.8,6274.0
2026-06-10 09:45:00,413.75,415.1,413.55,415.1,11915.0
2026-06-10 09:50:00,414.5,416.8,414.4,414.8,17020.0
2026-06-10 09:55:00,415.0,415.95,414.4,415.0,5172.0
2026-06-10 10:00:00,414.75,415.7,413.05,413.05,9216.0
2026-06-10 10:05:00,413.2,414.8,413.0,414.25,5081.0
2026-06-10 10:10:00,414.4,415.4,413.9,414.1,6348.0
2026-06-10 10:15:00,413.9,414.45,413.5,414.1,3249.0
2026-06-10 10:20:00,413.95,414.25,413.75,413.75,1417.0
2026-06-10 10:25:00,413.75,413.8,413.5,413.8,1534.0
2026-06-10 10:30:00,413.5,414.15,413.35,413.8,3739.0
2026-06-10 10:35:00,413.8,419.9,413.6,416.95,22423.0
2026-06-10 10:40:00,416.95,418.3,415.85,417.55,13959.0
2026-06-10 10:45:00,417.85,418.3,416.85,416.85,10861.0
2026-06-10 10:50:00,416.85,416.85,415.0,415.4,4897.0
2026-06-10 10:55:00,415.1,415.3,414.2,414.25,6299.0
2026-06-10 11:00:00,414.25,414.95,413.75,414.1,7142.0
2026-06-10 11:05:00,414.1,414.1,413.05,413.65,4279.0
2026-06-10 11:10:00,413.5,413.95,412.0,413.2,15951.0
2026-06-10 11:15:00,413.05,413.5,412.05,412.05,2379.0
2026-06-10 11:20:00,412.05,412.95,411.1,411.95,20590.0
2026-06-10 11:25:00,411.35,411.7,410.65,411.0,11836.0
2026-06-10 11:30:00,411.0,411.45,410.05,410.05,3377.0
2026-06-10 11:35:00,410.25,410.65,410.0,410.0,4413.0
2026-06-10 11:40:00,410.0,414.2,409.95,413.65,21529.0
2026-06-10 11:45:00,413.05,413.45,412.45,412.45,4802.0
2026-06-10 11:50:00,412.5,413.3,412.1,412.95,1861.0
2026-06-10 11:55:00,412.7,412.95,411.15,412.15,2123.0
2026-06-10 12:00:00,412.2,412.5,411.65,412.3,3454.0
2026-06-10 12:05:00,412.7,414.15,412.0,413.65,10535.0
2026-06-10 12:10:00,413.65,414.65,413.2,414.3,9194.0
2026-06-10 12:15:00,413.8,414.0,412.15,412.45,3457.0
2026-06-10 12:20:00,412.0,412.55,411.05,411.2,2723.0
2026-06-10 12:25:00,411.3,411.3,410.5,410.6,2808.0
2026-06-10 12:30:00,410.5,410.5,409.7,410.0,4856.0
2026-06-10 12:35:00,410.15,410.4,409.5,409.8,1196.0
2026-06-10 12:40:00,409.9,410.95,409.4,409.7,10451.0
2026-06-10 12:45:00,409.4,409.6,409.05,409.55,1715.0
2026-06-10 12:50:00,409.7,410.0,409.15,410.0,3633.0
2026-06-10 12:55:00,410.0,410.25,409.45,410.25,3358.0
2026-06-10 13:00:00,410.8,411.15,410.3,410.7,2689.0
2026-06-10 13:05:00,410.85,410.85,410.35,410.6,972.0
2026-06-10 13:10:00,410.6,410.85,410.0,410.3,1423.0
2026-06-10 13:15:00,410.25,410.8,410.0,410.45,928.0
2026-06-10 13:20:00,410.0,410.55,409.2,409.25,6176.0
2026-06-10 13:25:00,409.35,409.7,409.0,409.4,603.0
2026-06-10 13:30:00,409.4,409.8,409.0,409.0,718.0
2026-06-10 13:35:00,409.0,409.3,409.0,409.15,434.0
2026-06-10 13:40:00,409.15,409.25,407.65,408.3,4910.0
2026-06-10 13:45:00,408.55,408.75,407.8,407.95,4176.0
2026-06-10 13:50:00,408.35,409.7,408.35,409.2,5359.0
2026-06-10 13:55:00,409.2,411.25,409.2,411.25,7953.0
2026-06-10 14:00:00,411.4,411.4,410.0,410.0,7866.0
2026-06-10 14:05:00,410.0,410.0,409.2,409.25,1324.0
2026-06-10 14:10:00,409.25,409.35,407.95,408.3,10512.0
2026-06-10 14:15:00,408.35,409.25,408.35,409.2,3202.0
2026-06-10 14:20:00,409.25,410.0,409.0,410.0,3263.0
2026-06-10 14:25:00,410.5,413.1,410.5,412.05,23984.0
2026-06-10 14:30:00,412.45,414.9,412.05,414.5,15728.0
2026-06-10 14:35:00,414.6,415.8,414.0,415.05,9753.0
2026-06-10 14:40:00,415.1,416.95,415.1,416.5,34281.0
2026-06-10 14:45:00,416.85,416.85,414.5,415.05,18454.0
2026-06-10 14:50:00,415.1,416.1,414.95,415.55,15863.0
2026-06-10 14:55:00,415.45,416.4,415.0,415.85,6352.0
2026-06-10 15:00:00,415.95,416.5,415.0,416.5,19844.0
2026-06-10 15:05:00,416.6,416.65,415.0,415.35,54052.0
2026-06-10 15:10:00,415.25,415.35,414.75,415.0,9319.0
2026-06-10 15:15:00,415.0,415.25,411.2,411.6,60951.0
2026-06-10 15:20:00,411.2,413.05,411.1,412.5,22894.0
2026-06-10 15:25:00,412.05,413.0,411.85,412.0,10662.0
2026-06-11 09:15:00,431.25,438.35,416.9,419.25,1605977.0
2026-06-11 09:20:00,419.45,420.9,418.0,419.5,423875.0
2026-06-11 09:25:00,419.6,424.4,419.0,423.25,569455.0
2026-06-11 09:30:00,423.25,427.25,420.95,426.95,1171987.0
2026-06-11 09:35:00,426.8,430.4,423.65,424.65,797826.0
2026-06-11 09:40:00,424.85,425.0,420.5,423.3,458978.0
2026-06-11 09:45:00,423.0,423.8,419.5,421.55,287628.0
2026-06-11 09:50:00,421.3,422.95,420.5,421.3,108782.0
2026-06-11 09:55:00,421.35,426.6,421.2,426.45,378356.0
2026-06-11 10:00:00,426.55,428.3,423.4,423.4,357180.0
2026-06-11 10:05:00,423.0,423.05,419.8,420.35,371699.0
2026-06-11 10:10:00,420.25,422.4,420.05,420.35,146239.0
2026-06-11 10:15:00,420.2,421.75,420.0,420.9,78040.0
2026-06-11 10:20:00,421.3,421.3,420.25,420.65,52380.0
2026-06-11 10:25:00,420.85,422.3,420.65,421.0,88891.0
2026-06-11 10:30:00,421.1,421.4,420.05,420.25,87820.0
2026-06-11 10:35:00,420.2,420.4,419.0,419.65,120621.0
2026-06-11 10:40:00,419.4,420.9,419.4,420.2,57454.0
2026-06-11 10:45:00,420.2,421.45,420.0,420.5,43805.0
2026-06-11 10:50:00,420.5,420.6,420.0,420.3,21889.0
2026-06-11 10:55:00,420.25,420.5,419.25,419.6,42590.0
2026-06-11 11:00:00,419.55,419.9,417.4,418.45,103304.0
2026-06-11 11:05:00,418.45,418.75,418.0,418.2,41868.0
2026-06-11 11:10:00,418.35,420.65,418.0,420.4,54309.0
2026-06-11 11:15:00,420.65,420.75,419.3,419.85,31589.0
2026-06-11 11:20:00,420.1,423.55,419.65,422.25,125571.0
2026-06-11 11:25:00,422.0,423.4,420.0,420.55,108661.0
2026-06-11 11:30:00,420.15,420.45,418.1,419.65,142346.0
2026-06-11 11:35:00,420.0,420.0,417.75,418.05,92404.0
2026-06-11 11:40:00,418.05,418.2,415.05,416.6,152630.0
2026-06-11 11:45:00,416.85,417.0,414.3,415.6,135795.0
2026-06-11 11:50:00,415.6,416.0,414.6,416.0,50169.0
2026-06-11 11:55:00,415.9,416.65,412.55,414.35,97113.0
2026-06-11 12:00:00,414.15,416.65,414.15,416.25,73571.0
2026-06-11 12:05:00,416.45,416.7,415.6,415.6,35890.0
2026-06-11 12:10:00,415.65,417.65,415.55,417.55,63321.0
2026-06-11 12:15:00,417.5,418.4,417.0,418.0,74512.0
2026-06-11 12:20:00,418.4,418.5,418.0,418.05,38087.0
2026-06-11 12:25:00,418.4,421.5,417.45,421.1,322059.0
2026-06-11 12:30:00,421.2,422.8,418.6,418.8,187635.0
2026-06-11 12:35:00,418.8,419.65,418.05,418.1,44007.0
2026-06-11 12:40:00,418.3,418.6,416.9,418.05,62904.0
2026-06-11 12:45:00,417.9,418.35,417.1,418.3,28115.0
2026-06-11 12:50:00,418.2,418.25,417.25,417.25,12190.0
2026-06-11 12:55:00,417.55,418.9,417.0,418.9,24126.0
2026-06-11 13:00:00,418.9,418.9,417.85,418.35,12942.0
2026-06-11 13:05:00,418.45,418.8,417.9,418.0,9698.0
2026-06-11 13:10:00,418.15,418.3,417.4,417.85,17632.0
2026-06-11 13:15:00,417.85,419.15,417.5,418.9,52223.0
2026-06-11 13:20:00,419.15,420.9,419.15,420.15,77569.0
2026-06-11 13:25:00,420.4,420.75,420.0,420.75,27029.0
2026-06-11 13:30:00,420.8,420.8,420.0,420.1,26691.0
2026-06-11 13:35:00,420.45,420.45,420.0,420.0,11222.0
2026-06-11 13:40:00,420.0,420.8,420.0,420.3,24760.0
2026-06-11 13:45:00,420.5,420.7,420.25,420.3,15776.0
2026-06-11 13:50:00,420.5,420.9,420.25,420.55,23723.0
2026-06-11 13:55:00,420.85,425.9,420.55,423.85,307529.0
2026-06-11 14:00:00,423.85,424.7,422.9,423.6,104716.0
2026-06-11 14:05:00,423.7,423.8,422.55,423.05,64797.0
2026-06-11 14:10:00,423.3,424.15,423.1,424.0,33545.0
2026-06-11 14:15:00,423.95,424.05,423.05,423.45,29245.0
2026-06-11 14:20:00,423.35,424.95,423.1,424.8,69213.0
2026-06-11 14:25:00,424.95,424.95,420.25,420.75,172809.0
2026-06-11 14:30:00,420.75,420.95,419.0,419.75,141087.0
2026-06-11 14:35:00,419.8,420.45,417.6,418.05,105498.0
2026-06-11 14:40:00,418.4,418.45,415.9,417.2,91570.0
2026-06-11 14:45:00,417.2,418.4,416.0,416.0,62891.0
2026-06-11 14:50:00,415.75,416.9,414.15,416.5,94705.0
2026-06-11 14:55:00,416.65,419.9,415.7,418.55,115744.0
2026-06-11 15:00:00,418.85,419.4,417.15,418.1,73814.0
2026-06-11 15:05:00,417.85,418.15,416.9,417.45,28552.0
2026-06-11 15:10:00,417.45,418.45,415.4,416.0,67611.0
2026-06-11 15:15:00,415.75,420.0,415.75,419.6,150106.0
2026-06-11 15:20:00,419.85,419.95,415.55,415.9,154733.0
2026-06-11 15:25:00,416.45,417.65,415.15,416.0,131703.0
2026-06-12 09:15:00,425.1,426.6,422.15,423.25,72804.0
2026-06-12 09:20:00,423.25,424.55,422.95,423.2,68667.0
2026-06-12 09:25:00,423.35,423.65,421.8,422.6,29965.0
2026-06-12 09:30:00,422.8,423.8,422.15,423.15,17050.0
2026-06-12 09:35:00,423.2,424.65,421.05,423.8,32523.0
2026-06-12 09:40:00,424.2,424.8,421.15,421.75,62158.0
2026-06-12 09:45:00,420.5,421.0,420.1,420.2,47427.0
2026-06-12 09:50:00,420.2,420.45,419.5,419.9,16714.0
2026-06-12 09:55:00,419.95,419.95,417.8,419.25,21412.0
2026-06-12 10:00:00,419.15,419.75,418.8,419.55,6909.0
2026-06-12 10:05:00,419.55,419.9,419.2,419.65,7128.0
2026-06-12 10:10:00,419.55,420.0,419.5,419.55,11105.0
2026-06-12 10:15:00,419.5,420.0,419.2,419.95,6269.0
2026-06-12 10:20:00,419.85,420.05,419.4,419.7,7918.0
2026-06-12 10:25:00,419.7,420.35,419.7,420.1,9454.0
2026-06-12 10:30:00,419.95,420.3,419.5,419.85,13949.0
2026-06-12 10:35:00,419.65,420.25,419.65,420.1,6008.0
2026-06-12 10:40:00,420.25,420.25,419.8,419.95,8360.0
2026-06-12 10:45:00,419.9,420.2,419.5,419.8,8880.0
2026-06-12 10:50:00,420.0,420.3,419.75,420.0,8807.0
2026-06-12 10:55:00,419.9,420.2,419.7,419.95,3815.0
2026-06-12 11:00:00,419.95,420.15,419.6,419.7,7118.0
2026-06-12 11:05:00,419.75,420.8,419.7,420.0,227166.0
2026-06-12 11:10:00,419.95,420.3,419.5,419.7,18565.0
2026-06-12 11:15:00,419.9,420.55,419.1,419.5,10087.0
2026-06-12 11:20:00,419.45,419.8,418.8,419.5,10881.0
2026-06-12 11:25:00,419.2,420.0,419.2,419.7,4857.0
2026-06-12 11:30:00,419.9,420.35,419.65,420.35,32305.0
2026-06-12 11:35:00,420.0,421.95,420.0,421.5,22626.0
2026-06-12 11:40:00,421.85,422.5,421.15,421.8,22837.0
2026-06-12 11:45:00,421.6,422.3,421.55,421.8,9941.0
2026-06-12 11:50:00,421.8,421.95,421.15,421.2,7332.0
2026-06-12 11:55:00,421.3,421.55,421.0,421.0,3418.0
2026-06-12 12:00:00,421.1,421.85,420.9,421.45,6610.0
2026-06-12 12:05:00,421.55,421.85,421.35,421.6,4828.0
2026-06-12 12:10:00,421.5,421.8,420.9,421.05,10702.0
2026-06-12 12:15:00,421.15,421.25,419.55,419.55,16755.0
2026-06-12 12:20:00,419.65,420.45,418.85,419.2,14392.0
2026-06-12 12:25:00,419.45,419.45,418.9,419.25,6703.0
2026-06-12 12:30:00,419.25,420.0,419.15,419.6,5967.0
2026-06-12 12:35:00,419.9,419.9,419.25,419.6,13232.0
2026-06-12 12:40:00,419.4,419.7,419.05,419.4,4952.0
2026-06-12 12:45:00,419.2,419.55,418.85,419.45,5433.0
2026-06-12 12:50:00,419.2,419.6,419.1,419.1,5415.0
2026-06-12 12:55:00,419.0,419.6,419.0,419.1,3694.0
2026-06-12 13:00:00,419.2,419.3,418.05,419.0,38386.0
2026-06-12 13:05:00,419.0,419.05,417.95,419.05,22504.0
2026-06-12 13:10:00,419.05,419.5,418.8,418.95,7914.0
2026-06-12 13:15:00,418.95,419.5,418.15,419.35,27199.0
2026-06-12 13:20:00,419.2,419.2,418.2,418.45,6893.0
2026-06-12 13:25:00,418.7,419.8,418.4,419.45,22434.0
2026-06-12 13:30:00,419.5,420.0,419.0,419.05,16820.0
2026-06-12 13:35:00,419.4,419.5,419.1,419.4,9372.0
2026-06-12 13:40:00,419.5,419.5,419.15,419.2,7621.0
2026-06-12 13:45:00,419.2,419.75,419.2,419.3,8519.0
2026-06-12 13:50:00,419.4,419.65,419.15,419.2,21879.0
2026-06-12 13:55:00,419.25,419.5,419.0,419.35,21604.0
2026-06-12 14:00:00,419.5,419.85,418.6,419.15,29536.0
2026-06-12 14:05:00,419.2,419.5,418.65,419.0,11605.0
2026-06-12 14:10:00,419.0,419.0,418.6,418.8,15794.0
2026-06-12 14:15:00,418.8,418.8,417.35,417.95,38459.0
2026-06-12 14:20:00,417.95,417.95,417.0,417.0,20507.0
2026-06-12 14:25:00,417.35,418.0,416.0,416.65,24213.0
2026-06-12 14:30:00,416.8,418.35,416.6,418.3,15547.0
2026-06-12 14:35:00,418.3,418.8,418.15,418.6,14302.0
2026-06-12 14:40:00,418.6,418.9,418.4,418.8,9076.0
2026-06-12 14:45:00,418.8,418.9,416.05,416.75,37896.0
2026-06-12 14:50:00,416.65,417.0,415.65,416.0,28270.0
2026-06-12 14:55:00,416.2,416.2,415.05,415.05,16366.0
2026-06-12 15:00:00,415.05,415.65,412.35,413.25,75181.0
2026-06-12 15:05:00,413.05,413.95,412.8,413.5,39452.0
2026-06-12 15:10:00,413.5,413.65,412.4,412.4,34286.0
2026-06-12 15:15:00,412.35,414.2,412.1,413.3,48839.0
2026-06-12 15:20:00,413.15,415.1,412.1,414.1,64128.0
2026-06-12 15:25:00,414.5,415.2,411.7,414.75,76393.0
2026-06-15 09:15:00,417.75,419.6,413.3,413.3,51050.0
2026-06-15 09:20:00,413.15,414.95,411.95,412.4,30057.0
2026-06-15 09:25:00,412.75,415.55,412.0,414.15,31088.0
2026-06-15 09:30:00,413.65,415.15,413.15,414.9,18014.0
2026-06-15 09:35:00,415.25,416.8,414.9,416.2,22327.0
2026-06-15 09:40:00,416.4,418.0,416.05,417.05,25197.0
2026-06-15 09:45:00,417.05,417.9,416.5,416.65,24834.0
2026-06-15 09:50:00,416.55,416.55,414.0,414.55,12363.0
2026-06-15 09:55:00,414.85,414.9,414.0,414.25,11452.0
2026-06-15 10:00:00,414.75,414.95,413.9,414.4,15531.0
2026-06-15 10:05:00,413.95,414.35,413.2,413.8,8289.0
2026-06-15 10:10:00,414.1,414.2,413.0,413.2,13952.0
2026-06-15 10:15:00,413.2,413.7,412.6,412.65,4216.0
2026-06-15 10:20:00,412.7,415.95,412.6,414.55,18722.0
2026-06-15 10:25:00,414.55,415.2,414.25,415.0,6024.0
2026-06-15 10:30:00,415.2,415.5,414.5,414.5,6772.0
2026-06-15 10:35:00,414.85,415.2,414.55,414.7,5725.0
2026-06-15 10:40:00,414.9,415.1,414.5,414.85,3314.0
2026-06-15 10:45:00,414.6,415.6,414.2,415.15,5441.0
2026-06-15 10:50:00,415.25,415.25,414.3,414.9,2932.0
2026-06-15 10:55:00,414.95,415.45,414.5,415.0,5708.0
2026-06-15 11:00:00,414.9,415.05,413.75,414.75,8650.0
2026-06-15 11:05:00,414.4,414.75,414.0,414.35,10334.0
2026-06-15 11:10:00,414.65,414.85,414.2,414.6,5822.0
2026-06-15 11:15:00,414.65,414.9,414.25,414.65,2357.0
2026-06-15 11:20:00,414.55,414.75,414.2,414.2,3419.0
2026-06-15 11:25:00,414.5,414.75,414.2,414.25,3734.0
2026-06-15 11:30:00,414.55,414.55,414.1,414.2,2687.0
2026-06-15 11:35:00,414.4,414.45,413.85,413.95,3667.0
2026-06-15 11:40:00,413.95,414.4,413.75,414.3,4458.0
2026-06-15 11:45:00,413.9,414.3,413.2,413.2,4739.0
2026-06-15 11:50:00,413.1,414.3,413.0,413.3,7152.0
2026-06-15 11:55:00,413.3,413.95,413.0,413.2,8357.0
2026-06-15 12:00:00,413.2,413.65,413.0,413.2,4155.0
2026-06-15 12:05:00,413.2,413.3,411.5,411.95,23904.0
2026-06-15 12:10:00,411.8,412.15,411.3,411.8,10415.0
2026-06-15 12:15:00,411.8,411.8,410.15,410.8,12601.0
2026-06-15 12:20:00,410.8,410.95,409.6,410.35,28348.0
2026-06-15 12:25:00,410.1,411.3,410.1,410.2,12325.0
2026-06-15 12:30:00,410.25,410.85,410.1,410.45,6616.0
2026-06-15 12:35:00,410.35,411.05,410.35,411.0,11992.0
2026-06-15 12:40:00,410.85,412.4,410.65,412.15,19251.0
2026-06-15 12:45:00,412.35,412.35,410.95,411.35,5463.0
2026-06-15 12:50:00,411.3,411.75,410.95,411.1,4409.0
2026-06-15 12:55:00,411.1,411.9,411.1,411.45,3341.0
2026-06-15 13:00:00,411.4,411.7,411.0,411.2,3615.0
2026-06-15 13:05:00,411.4,411.9,411.0,411.65,4160.0
2026-06-15 13:10:00,411.45,411.8,411.0,411.3,5262.0
2026-06-15 13:15:00,411.3,411.3,410.5,410.85,4136.0
2026-06-15 13:20:00,410.6,411.25,409.2,409.45,27979.0
2026-06-15 13:25:00,409.45,410.2,408.4,409.2,13370.0
2026-06-15 13:30:00,409.5,409.5,407.85,408.5,13180.0
2026-06-15 13:35:00,408.5,409.1,408.1,409.05,6009.0
2026-06-15 13:40:00,408.85,409.2,408.5,409.0,7405.0
2026-06-15 13:45:00,409.0,412.5,408.55,412.45,49693.0
2026-06-15 13:50:00,412.6,412.6,410.85,410.85,15948.0
2026-06-15 13:55:00,410.55,411.35,409.05,410.0,12365.0
2026-06-15 14:00:00,410.0,410.35,409.65,409.85,1959.0
2026-06-15 14:05:00,409.85,410.0,409.05,409.15,13342.0
2026-06-15 14:10:00,409.05,409.9,409.0,409.0,3925.0
2026-06-15 14:15:00,409.25,410.35,408.95,410.0,12584.0
2026-06-15 14:20:00,410.0,411.0,409.5,410.0,11589.0
2026-06-15 14:25:00,410.0,410.0,409.2,409.8,3047.0
2026-06-15 14:30:00,409.75,410.2,409.5,409.8,2327.0
2026-06-15 14:35:00,409.8,410.3,409.3,409.95,7796.0
2026-06-15 14:40:00,409.8,410.25,408.5,408.85,34457.0
2026-06-15 14:45:00,408.6,408.85,408.5,408.55,2736.0
2026-06-15 14:50:00,408.65,408.65,406.1,407.25,31230.0
2026-06-15 14:55:00,407.45,408.15,407.1,408.15,7776.0
2026-06-15 15:00:00,408.5,408.5,406.75,406.95,17198.0
2026-06-15 15:05:00,407.25,407.35,405.8,406.65,18363.0
2026-06-15 15:10:00,406.5,407.7,406.15,407.7,22690.0
2026-06-15 15:15:00,407.4,407.55,406.05,406.85,37149.0
2026-06-15 15:20:00,407.2,407.8,406.55,407.5,24624.0
2026-06-15 15:25:00,407.5,408.75,406.65,406.9,33142.0
2026-06-16 09:15:00,410.0,414.55,409.95,412.85,47196.0
2026-06-16 09:20:00,412.65,414.7,411.0,411.4,21202.0
2026-06-16 09:25:00,411.5,411.7,409.5,410.7,15026.0
2026-06-16 09:30:00,410.25,410.25,407.25,408.0,36421.0
2026-06-16 09:35:00,408.0,408.55,407.25,408.1,9392.0
2026-06-16 09:40:00,408.0,408.45,407.3,407.5,8354.0
2026-06-16 09:45:00,407.5,407.8,402.85,403.2,65007.0
2026-06-16 09:50:00,403.5,403.6,400.9,402.7,42697.0
2026-06-16 09:55:00,402.95,404.2,402.25,402.85,22507.0
2026-06-16 10:00:00,402.55,403.45,402.3,402.65,16957.0
2026-06-16 10:05:00,402.75,403.2,402.6,402.9,3137.0
2026-06-16 10:10:00,403.0,404.2,402.7,403.65,8136.0
2026-06-16 10:15:00,403.65,404.15,403.45,403.9,3585.0
2026-06-16 10:20:00,404.05,405.45,403.9,404.45,19880.0
2026-06-16 10:25:00,404.7,405.0,404.35,404.6,3713.0
2026-06-16 10:30:00,404.75,404.75,404.5,404.65,3319.0
2026-06-16 10:35:00,404.6,404.7,404.3,404.45,2500.0
2026-06-16 10:40:00,404.5,405.0,404.05,404.45,5632.0
2026-06-16 10:45:00,404.4,406.85,404.05,406.15,13312.0
2026-06-16 10:50:00,406.15,406.8,406.0,406.0,2988.0
2026-06-16 10:55:00,406.0,406.3,405.1,405.3,14743.0
2026-06-16 11:00:00,405.2,405.2,404.15,404.15,3421.0
2026-06-16 11:05:00,404.15,404.55,404.0,404.2,3864.0
2026-06-16 11:10:00,404.35,404.35,403.9,404.3,3676.0
2026-06-16 11:15:00,404.7,404.7,404.05,404.05,1407.0
2026-06-16 11:20:00,404.15,404.7,404.0,404.7,2423.0
2026-06-16 11:25:00,404.7,404.7,404.1,404.4,3460.0
2026-06-16 11:30:00,404.55,404.6,403.95,404.15,1868.0
2026-06-16 11:35:00,404.55,404.85,404.15,404.25,3707.0
2026-06-16 11:40:00,404.25,405.0,404.15,404.85,7374.0
2026-06-16 11:45:00,404.5,404.75,403.95,404.3,2588.0
2026-06-16 11:50:00,404.4,404.85,404.05,404.05,2470.0
2026-06-16 11:55:00,404.15,404.55,404.0,404.4,1526.0
2026-06-16 12:00:00,404.35,404.5,403.5,403.75,13079.0
2026-06-16 12:05:00,403.75,404.1,403.55,403.8,2352.0
2026-06-16 12:10:00,403.95,404.05,403.65,403.65,1513.0
2026-06-16 12:15:00,403.75,404.15,401.45,401.6,13090.0
2026-06-16 12:20:00,401.75,402.15,401.15,402.0,8043.0
2026-06-16 12:25:00,402.0,402.45,401.75,402.1,6781.0
2026-06-16 12:30:00,402.1,402.45,402.0,402.15,4905.0
2026-06-16 12:35:00,402.1,402.35,401.05,401.15,16594.0
2026-06-16 12:40:00,401.15,402.5,401.15,402.0,4359.0
2026-06-16 12:45:00,402.15,402.4,402.0,402.1,3047.0
2026-06-16 12:50:00,402.1,402.4,401.5,401.75,6983.0
2026-06-16 12:55:00,401.45,402.6,401.35,402.05,8475.0
2026-06-16 13:00:00,402.0,402.45,401.3,402.0,6770.0
2026-06-16 13:05:00,401.55,402.55,401.5,402.25,4806.0
2026-06-16 13:10:00,402.2,402.6,402.1,402.1,4361.0
2026-06-16 13:15:00,402.1,402.85,402.0,402.0,12325.0
2026-06-16 13:20:00,402.15,403.1,402.0,403.0,6805.0
2026-06-16 13:25:00,403.2,403.2,402.35,402.35,2281.0
2026-06-16 13:30:00,402.55,402.6,401.2,401.35,7796.0
2026-06-16 13:35:00,401.35,402.0,398.75,400.25,42205.0
2026-06-16 13:40:00,400.45,400.7,399.8,400.15,7538.0
2026-06-16 13:45:00,400.0,401.85,400.0,401.3,8438.0
2026-06-16 13:50:00,401.35,402.0,401.3,401.45,5940.0
2026-06-16 13:55:00,401.25,401.7,400.75,401.7,5378.0
2026-06-16 14:00:00,401.5,401.5,400.9,401.05,11574.0
2026-06-16 14:05:00,401.2,403.2,401.0,402.8,12930.0
2026-06-16 14:10:00,403.0,403.0,401.4,401.55,10574.0
2026-06-16 14:15:00,401.8,401.95,401.5,401.7,2278.0
2026-06-16 14:20:00,401.75,401.9,401.0,401.0,3243.0
2026-06-16 14:25:00,401.05,401.5,401.0,401.2,2267.0
2026-06-16 14:30:00,401.2,401.25,400.5,400.5,4883.0
2026-06-16 14:35:00,400.5,400.65,398.3,399.55,20482.0
2026-06-16 14:40:00,399.4,399.6,399.05,399.35,4155.0
2026-06-16 14:45:00,399.15,399.85,399.15,399.55,1847.0
2026-06-16 14:50:00,399.5,400.0,399.4,400.0,4965.0
2026-06-16 14:55:00,400.15,401.0,399.7,399.95,27620.0
2026-06-16 15:00:00,399.95,400.75,399.9,400.35,8720.0
2026-06-16 15:05:00,400.45,401.9,400.3,401.3,32328.0
2026-06-16 15:10:00,401.35,401.35,399.9,400.2,26612.0
2026-06-16 15:15:00,400.0,400.9,399.85,400.1,23744.0
2026-06-16 15:20:00,400.0,400.1,398.5,399.1,26534.0
2026-06-16 15:25:00,399.1,400.0,398.95,400.0,19915.0
2026-06-17 09:15:00,400.1,402.0,400.0,400.75,28602.0
2026-06-17 09:20:00,400.75,403.2,400.75,402.1,13209.0
2026-06-17 09:25:00,402.35,402.6,398.2,398.65,12141.0
2026-06-17 09:30:00,398.8,400.6,398.5,400.45,15486.0
2026-06-17 09:35:00,400.5,401.4,400.0,400.7,6951.0
2026-06-17 09:40:00,400.7,402.6,400.7,401.0,24994.0
2026-06-17 09:45:00,401.0,401.15,399.35,400.15,3506.0
2026-06-17 09:50:00,400.15,402.85,400.15,402.25,8319.0
2026-06-17 09:55:00,402.0,405.35,402.0,403.0,20402.0
2026-06-17 10:00:00,402.95,405.0,402.7,403.75,20504.0
2026-06-17 10:05:00,403.8,404.6,403.65,404.15,4607.0
2026-06-17 10:10:00,404.05,404.4,403.15,403.2,11251.0
2026-06-17 10:15:00,403.2,403.65,403.0,403.4,2772.0
2026-06-17 10:20:00,403.55,403.9,403.1,403.1,3537.0
2026-06-17 10:25:00,403.3,403.6,402.5,402.75,3483.0
2026-06-17 10:30:00,402.5,403.0,402.05,402.2,4962.0
2026-06-17 10:35:00,402.15,402.9,402.05,402.55,2625.0
2026-06-17 10:40:00,402.75,402.75,402.0,402.15,3013.0
2026-06-17 10:45:00,402.25,402.8,401.3,401.35,5886.0
2026-06-17 10:50:00,401.45,401.95,401.1,401.95,7312.0
2026-06-17 10:55:00,401.7,401.9,401.0,401.15,6193.0
2026-06-17 11:00:00,401.15,401.65,401.0,401.0,2059.0
2026-06-17 11:05:00,400.65,401.4,400.45,401.15,11312.0
2026-06-17 11:10:00,401.15,402.2,400.95,401.75,10239.0
2026-06-17 11:15:00,402.1,402.15,401.6,401.7,7012.0
2026-06-17 11:20:00,401.8,402.1,401.5,401.5,5713.0
2026-06-17 11:25:00,402.0,402.0,401.35,401.4,3459.0
2026-06-17 11:30:00,401.45,401.9,401.0,401.05,6481.0
2026-06-17 11:35:00,401.75,401.75,401.0,401.35,2571.0
2026-06-17 11:40:00,401.1,401.4,400.8,400.8,4519.0
2026-06-17 11:45:00,400.95,401.35,400.4,400.7,5588.0
2026-06-17 11:50:00,400.7,401.05,400.15,401.05,6011.0
2026-06-17 11:55:00,400.55,401.0,400.55,400.85,2870.0
2026-06-17 12:00:00,400.6,400.6,400.05,400.2,2443.0
2026-06-17 12:05:00,399.75,400.1,399.4,400.0,16830.0
2026-06-17 12:10:00,400.15,400.5,400.0,400.25,2403.0
2026-06-17 12:15:00,400.3,400.65,399.75,400.15,11112.0
2026-06-17 12:20:00,400.0,400.25,399.5,399.8,6466.0
2026-06-17 12:25:00,399.65,400.25,399.15,399.65,9825.0
2026-06-17 12:30:00,399.6,400.0,399.55,400.0,6360.0
2026-06-17 12:35:00,400.1,401.85,399.95,401.2,6955.0
2026-06-17 12:40:00,401.2,401.95,401.05,401.6,4062.0
2026-06-17 12:45:00,401.55,402.4,401.55,402.15,5186.0
2026-06-17 12:50:00,402.0,402.4,401.8,401.9,6268.0
2026-06-17 12:55:00,401.9,402.25,401.7,401.8,3718.0
2026-06-17 13:00:00,401.85,402.0,401.6,401.6,1937.0
2026-06-17 13:05:00,401.6,402.15,401.3,401.3,4599.0
2026-06-17 13:10:00,401.25,401.5,400.2,400.2,8544.0
2026-06-17 13:15:00,400.3,400.3,399.3,399.7,5715.0
2026-06-17 13:20:00,399.45,400.7,399.45,400.7,6990.0
2026-06-17 13:25:00,400.6,401.3,400.6,401.15,3342.0
2026-06-17 13:30:00,401.2,401.55,401.05,401.1,2912.0
2026-06-17 13:35:00,400.85,401.5,400.8,401.3,5150.0
2026-06-17 13:40:00,401.3,401.45,400.6,400.75,4728.0
2026-06-17 13:45:00,400.8,400.8,400.05,400.05,3374.0
2026-06-17 13:50:00,400.05,400.9,399.95,400.45,31795.0
2026-06-17 13:55:00,400.45,400.85,400.15,400.55,4066.0
2026-06-17 14:00:00,400.65,400.8,400.3,400.8,5551.0
2026-06-17 14:05:00,400.55,400.8,400.4,400.65,3776.0
2026-06-17 14:10:00,400.65,401.9,400.35,401.8,7811.0
2026-06-17 14:15:00,401.55,402.15,401.4,402.1,8065.0
2026-06-17 14:20:00,402.1,402.15,401.5,402.0,16712.0
2026-06-17 14:25:00,401.95,402.1,401.5,401.6,9999.0
2026-06-17 14:30:00,401.75,402.2,401.6,401.8,10145.0
2026-06-17 14:35:00,401.75,401.9,401.4,401.65,9844.0
2026-06-17 14:40:00,401.55,401.8,401.15,401.5,7145.0
2026-06-17 14:45:00,401.5,401.8,401.25,401.5,5495.0
2026-06-17 14:50:00,401.45,401.7,401.3,401.5,7076.0
2026-06-17 14:55:00,401.45,401.5,400.95,401.05,5924.0
2026-06-17 15:00:00,401.15,401.8,401.0,401.45,14927.0
2026-06-17 15:05:00,401.55,402.0,400.85,401.4,27178.0
2026-06-17 15:10:00,401.4,402.0,400.8,401.7,23695.0
2026-06-17 15:15:00,401.7,401.95,401.0,401.2,16783.0
2026-06-17 15:20:00,401.2,402.55,400.9,401.75,18588.0
2026-06-17 15:25:00,401.75,402.0,401.3,401.8,23622.0
2026-06-18 09:15:00,404.65,404.65,401.0,401.45,11841.0
2026-06-18 09:20:00,401.45,403.8,400.1,403.25,12534.0
2026-06-18 09:25:00,402.95,403.35,402.0,402.5,5513.0
2026-06-18 09:30:00,402.45,403.6,399.65,400.4,12740.0
2026-06-18 09:35:00,400.3,401.4,399.5,401.3,7689.0
2026-06-18 09:40:00,401.25,402.1,400.8,401.2,7658.0
2026-06-18 09:45:00,400.75,401.95,400.6,401.55,14418.0
2026-06-18 09:50:00,401.2,402.7,401.2,402.2,5120.0
2026-06-18 09:55:00,402.2,402.85,402.0,402.55,3320.0
2026-06-18 10:00:00,402.35,403.45,402.35,402.75,11086.0
2026-06-18 10:05:00,402.85,403.05,401.8,402.15,8102.0
2026-06-18 10:10:00,402.1,402.6,400.3,400.55,7635.0
2026-06-18 10:15:00,400.35,402.15,399.6,402.15,29162.0
2026-06-18 10:20:00,402.2,403.8,401.9,403.8,38383.0
2026-06-18 10:25:00,403.65,403.65,402.75,403.1,13153.0
2026-06-18 10:30:00,403.1,403.3,402.4,402.85,4798.0
2026-06-18 10:35:00,402.7,403.8,402.7,403.2,10841.0
2026-06-18 10:40:00,403.3,403.7,402.0,402.35,10297.0
2026-06-18 10:45:00,402.45,404.6,402.35,404.1,16504.0
2026-06-18 10:50:00,404.1,405.15,403.8,404.1,33290.0
2026-06-18 10:55:00,404.35,404.95,403.5,403.8,10893.0
2026-06-18 11:00:00,403.85,404.5,403.7,404.1,6804.0
2026-06-18 11:05:00,404.1,404.4,403.8,404.1,4500.0
2026-06-18 11:10:00,404.0,404.7,403.8,403.95,1656.0
2026-06-18 11:15:00,403.8,404.05,402.55,402.55,19941.0
2026-06-18 11:20:00,402.3,402.6,402.3,402.55,1370.0
2026-06-18 11:25:00,402.55,402.95,402.35,402.95,3619.0
2026-06-18 11:30:00,402.65,402.8,402.1,402.35,8861.0
2026-06-18 11:35:00,402.35,404.75,402.35,404.2,34072.0
2026-06-18 11:40:00,404.2,404.25,403.55,403.85,2625.0
2026-06-18 11:45:00,403.85,404.6,403.65,404.1,2683.0
2026-06-18 11:50:00,403.9,404.2,403.6,403.75,2002.0
2026-06-18 11:55:00,403.7,404.35,403.7,404.15,2531.0
2026-06-18 12:00:00,404.15,406.7,404.0,406.1,27726.0
2026-06-18 12:05:00,406.0,406.6,405.6,405.85,8643.0
2026-06-18 12:10:00,405.6,405.9,405.6,405.6,1206.0
2026-06-18 12:15:00,405.6,406.05,405.2,406.05,4745.0
2026-06-18 12:20:00,406.05,406.65,405.9,406.65,7410.0
2026-06-18 12:25:00,406.6,407.65,406.1,407.2,26162.0
2026-06-18 12:30:00,407.1,407.2,403.05,404.05,25075.0
2026-06-18 12:35:00,403.6,404.1,403.1,403.7,7152.0
2026-06-18 12:40:00,403.7,404.5,403.45,403.45,8342.0
2026-06-18 12:45:00,403.45,403.75,403.1,403.2,5341.0
2026-06-18 12:50:00,403.25,403.85,403.2,403.45,2639.0
2026-06-18 12:55:00,403.45,404.4,403.2,403.85,11832.0
2026-06-18 13:00:00,403.8,404.25,403.7,403.95,2066.0
2026-06-18 13:05:00,403.95,405.1,403.4,405.0,16865.0
2026-06-18 13:10:00,405.0,405.05,404.7,405.05,2866.0
2026-06-18 13:15:00,404.8,405.05,404.7,404.9,1206.0
2026-06-18 13:20:00,404.9,405.05,404.6,404.7,9857.0
2026-06-18 13:25:00,404.7,405.65,404.5,405.5,12694.0
2026-06-18 13:30:00,405.4,406.5,405.2,405.9,3054.0
2026-06-18 13:35:00,405.9,406.75,405.65,406.15,5204.0
2026-06-18 13:40:00,405.85,406.0,405.6,405.85,2152.0
2026-06-18 13:45:00,405.85,406.0,405.5,405.65,1355.0
2026-06-18 13:50:00,405.65,405.8,405.55,405.7,1586.0
2026-06-18 13:55:00,405.7,405.75,405.15,405.3,4564.0
2026-06-18 14:00:00,405.25,406.1,405.1,405.9,3882.0
2026-06-18 14:05:00,405.85,405.9,405.45,405.85,3804.0
2026-06-18 14:10:00,405.8,406.65,405.65,405.9,2894.0
2026-06-18 14:15:00,405.85,406.1,405.45,405.85,5550.0
2026-06-18 14:20:00,405.8,406.15,405.45,406.1,8672.0
2026-06-18 14:25:00,406.35,406.4,405.55,406.15,4208.0
2026-06-18 14:30:00,406.0,406.25,405.05,405.65,22944.0
2026-06-18 14:35:00,405.65,406.0,405.45,405.65,3017.0
2026-06-18 14:40:00,405.55,405.75,405.2,405.55,5084.0
2026-06-18 14:45:00,405.5,405.9,405.0,405.25,4534.0
2026-06-18 14:50:00,405.4,405.8,405.15,405.8,3862.0
2026-06-18 14:55:00,405.35,406.35,405.25,405.6,7353.0
2026-06-18 15:00:00,405.7,406.1,404.5,404.9,51103.0
2026-06-18 15:05:00,404.9,407.35,404.15,407.1,67685.0
2026-06-18 15:10:00,406.95,407.6,406.45,406.9,56826.0
2026-06-18 15:15:00,406.95,407.6,406.05,406.25,70128.0
2026-06-18 15:20:00,407.0,407.85,406.4,407.0,68055.0
2026-06-18 15:25:00,406.7,408.35,406.55,406.75,56903.0
2026-06-19 09:15:00,406.5,408.0,403.0,404.15,17646.0
2026-06-19 09:20:00,404.65,405.15,404.0,405.0,8181.0
2026-06-19 09:25:00,405.55,406.85,405.5,406.0,9497.0
2026-06-19 09:30:00,406.0,407.85,404.95,407.05,17551.0
2026-06-19 09:35:00,407.05,411.0,407.05,410.05,45100.0
2026-06-19 09:40:00,410.0,415.0,410.0,414.15,48428.0
2026-06-19 09:45:00,413.95,414.55,411.6,412.0,12515.0
2026-06-19 09:50:00,411.75,412.25,411.2,411.4,5445.0
2026-06-19 09:55:00,411.7,412.0,410.05,412.0,15800.0
2026-06-19 10:00:00,412.0,412.0,411.1,411.6,1785.0
2026-06-19 10:05:00,411.5,412.0,411.5,411.5,2159.0
2026-06-19 10:10:00,411.5,411.5,410.15,411.15,4709.0
2026-06-19 10:15:00,411.35,411.8,410.9,411.2,8105.0
2026-06-19 10:20:00,411.5,412.0,411.5,411.7,2142.0
2026-06-19 10:25:00,411.5,411.7,411.0,411.25,1615.0
2026-06-19 10:30:00,411.55,411.8,410.45,410.95,6714.0
2026-06-19 10:35:00,410.8,413.85,410.75,412.8,6203.0
2026-06-19 10:40:00,412.5,413.0,412.2,413.0,3219.0
2026-06-19 10:45:00,412.7,414.8,411.85,414.25,28329.0
2026-06-19 10:50:00,414.65,414.65,413.9,414.0,14553.0
2026-06-19 10:55:00,414.0,414.5,413.6,414.05,8044.0
2026-06-19 11:00:00,414.5,415.6,414.0,415.0,18342.0
2026-06-19 11:05:00,415.0,416.0,414.0,414.0,18019.0
2026-06-19 11:10:00,414.25,414.25,412.0,414.15,8656.0
2026-06-19 11:15:00,414.15,416.25,414.15,414.3,30933.0
2026-06-19 11:20:00,414.3,414.3,413.4,413.95,7941.0
2026-06-19 11:25:00,413.9,415.0,413.9,414.7,7856.0
2026-06-19 11:30:00,414.8,415.05,413.8,414.4,2355.0
2026-06-19 11:35:00,414.5,414.75,414.25,414.35,4205.0
2026-06-19 11:40:00,414.35,415.55,414.35,415.3,2940.0
2026-06-19 11:45:00,415.2,416.25,415.1,415.15,11314.0
2026-06-19 11:50:00,415.15,415.25,414.0,414.15,7847.0
2026-06-19 11:55:00,414.0,414.95,414.0,414.7,4255.0
2026-06-19 12:00:00,414.55,415.55,414.55,415.0,12434.0
2026-06-19 12:05:00,415.0,415.4,412.3,412.3,12068.0
2026-06-19 12:10:00,412.55,412.75,412.05,412.45,4664.0
2026-06-19 12:15:00,412.35,413.1,412.35,412.75,4359.0
2026-06-19 12:20:00,412.9,413.15,412.4,413.15,2543.0
2026-06-19 12:25:00,413.0,414.0,412.9,413.2,14987.0
2026-06-19 12:30:00,413.15,413.55,413.0,413.2,3516.0
2026-06-19 12:35:00,413.15,414.5,412.6,414.0,8847.0
2026-06-19 12:40:00,414.2,414.25,413.6,413.9,1827.0
2026-06-19 12:45:00,414.35,415.5,414.0,415.1,17451.0
2026-06-19 12:50:00,415.3,415.3,414.55,414.85,8830.0
2026-06-19 12:55:00,415.0,415.2,413.85,414.3,3322.0
2026-06-19 13:00:00,414.05,414.45,414.0,414.0,2741.0
2026-06-19 13:05:00,414.1,414.65,413.9,414.2,3985.0
2026-06-19 13:10:00,414.1,414.55,414.0,414.3,2936.0
2026-06-19 13:15:00,414.2,414.65,414.05,414.5,8933.0
2026-06-19 13:20:00,414.55,414.55,414.05,414.3,5608.0
2026-06-19 13:25:00,414.5,414.5,414.0,414.1,7808.0
2026-06-19 13:30:00,414.1,414.45,413.25,413.65,7173.0
2026-06-19 13:35:00,413.9,414.1,413.5,414.1,1318.0
2026-06-19 13:40:00,414.05,414.2,413.5,413.6,3572.0
2026-06-19 13:45:00,413.6,414.45,413.45,414.1,2697.0
2026-06-19 13:50:00,414.1,415.6,414.05,415.2,14454.0
2026-06-19 13:55:00,414.85,415.25,414.75,415.15,5414.0
2026-06-19 14:00:00,415.0,415.7,415.0,415.5,5615.0
2026-06-19 14:05:00,415.55,416.0,415.25,415.45,3207.0
2026-06-19 14:10:00,415.45,415.7,415.2,415.45,4993.0
2026-06-19 14:15:00,415.45,415.55,415.2,415.4,2848.0
2026-06-19 14:20:00,415.3,416.5,415.3,416.15,8463.0
2026-06-19 14:25:00,416.3,416.5,415.8,415.9,13903.0
2026-06-19 14:30:00,416.0,416.95,415.8,416.55,13281.0
2026-06-19 14:35:00,416.6,418.8,416.55,417.25,48930.0
2026-06-19 14:40:00,416.9,417.3,416.7,416.75,5376.0
2026-06-19 14:45:00,416.75,418.0,416.55,416.7,25705.0
2026-06-19 14:50:00,416.65,416.65,415.55,416.2,9871.0
2026-06-19 14:55:00,416.15,417.0,415.85,417.0,9894.0
2026-06-19 15:00:00,416.95,417.15,415.7,416.85,21870.0
2026-06-19 15:05:00,416.85,417.5,416.5,417.25,23348.0
2026-06-19 15:10:00,417.25,417.95,416.85,416.9,15975.0
2026-06-19 15:15:00,417.2,417.3,416.1,416.45,17409.0
2026-06-19 15:20:00,416.4,418.5,416.1,418.05,24648.0
2026-06-19 15:25:00,418.45,419.7,417.7,419.7,25827.0
2026-06-22 09:15:00,415.9,417.65,412.0,415.6,29791.0
2026-06-22 09:20:00,415.6,415.9,413.7,414.75,21786.0
2026-06-22 09:25:00,414.5,416.0,413.65,414.5,26633.0
2026-06-22 09:30:00,414.5,418.15,414.5,417.75,17636.0
2026-06-22 09:35:00,418.0,420.0,417.8,419.3,13943.0
2026-06-22 09:40:00,419.65,420.0,418.1,419.0,13573.0
2026-06-22 09:45:00,419.15,419.85,418.25,418.8,23065.0
2026-06-22 09:50:00,418.8,419.4,418.1,418.2,6811.0
2026-06-22 09:55:00,418.5,418.85,417.35,418.25,9277.0
2026-06-22 10:00:00,418.5,418.65,417.65,417.7,6557.0
2026-06-22 10:05:00,418.0,418.0,416.85,417.4,5151.0
2026-06-22 10:10:00,417.7,417.85,417.3,417.45,3280.0
2026-06-22 10:15:00,417.75,417.8,417.05,417.3,4602.0
2026-06-22 10:20:00,417.3,420.5,417.0,420.2,19040.0
2026-06-22 10:25:00,420.6,421.0,419.65,420.0,18558.0
2026-06-22 10:30:00,420.0,420.6,419.6,420.0,13776.0
2026-06-22 10:35:00,420.0,420.0,419.1,419.8,9267.0
2026-06-22 10:40:00,419.8,420.0,419.2,419.55,7183.0
2026-06-22 10:45:00,419.55,420.0,419.05,419.7,8929.0
2026-06-22 10:50:00,419.7,419.9,419.25,419.75,3990.0
2026-06-22 10:55:00,419.75,419.8,419.35,419.75,2295.0
2026-06-22 11:00:00,419.75,419.95,419.35,419.8,3408.0
2026-06-22 11:05:00,419.75,419.8,419.4,419.6,2922.0
2026-06-22 11:10:00,419.75,419.75,419.2,419.65,5899.0
2026-06-22 11:15:00,419.65,419.65,419.0,419.5,9547.0
2026-06-22 11:20:00,419.5,419.5,419.0,419.25,2448.0
2026-06-22 11:25:00,419.15,420.0,418.5,419.9,12714.0
2026-06-22 11:30:00,419.85,420.3,419.7,419.95,3645.0
2026-06-22 11:35:00,419.95,420.3,419.7,420.0,4442.0
2026-06-22 11:40:00,420.0,420.0,419.35,419.55,2467.0
2026-06-22 11:45:00,419.55,419.85,419.05,419.4,3540.0
2026-06-22 11:50:00,419.4,419.6,418.1,419.35,6543.0
2026-06-22 11:55:00,419.35,419.35,419.1,419.1,3592.0
2026-06-22 12:00:00,419.35,419.6,418.55,418.85,4643.0
2026-06-22 12:05:00,418.85,419.25,418.55,418.75,2092.0
2026-06-22 12:10:00,418.75,419.2,418.65,418.95,1859.0
2026-06-22 12:15:00,418.95,419.2,418.55,419.15,3905.0
2026-06-22 12:20:00,419.1,420.7,419.1,419.8,40179.0
2026-06-22 12:25:00,419.8,419.8,419.4,419.5,2177.0
2026-06-22 12:30:00,419.6,419.75,418.85,419.45,4283.0
2026-06-22 12:35:00,419.6,419.6,419.25,419.35,3199.0
2026-06-22 12:40:00,419.45,419.55,419.0,419.25,6560.0
2026-06-22 12:45:00,419.2,419.5,418.8,419.15,7564.0
2026-06-22 12:50:00,419.5,419.65,418.55,418.55,5079.0
2026-06-22 12:55:00,419.25,419.7,419.0,419.6,3477.0
2026-06-22 13:00:00,419.65,419.75,419.25,419.25,2410.0
2026-06-22 13:05:00,419.55,419.6,419.15,419.45,2438.0
2026-06-22 13:10:00,419.45,419.65,419.1,419.65,2055.0
2026-06-22 13:15:00,419.65,419.85,419.05,419.55,5209.0
2026-06-22 13:20:00,419.6,419.6,419.0,419.45,1874.0
2026-06-22 13:25:00,419.45,419.9,419.1,419.75,5728.0
2026-06-22 13:30:00,419.5,419.5,419.0,419.0,966.0
2026-06-22 13:35:00,419.2,419.6,419.0,419.6,7006.0
2026-06-22 13:40:00,419.6,419.85,419.05,419.6,5511.0
2026-06-22 13:45:00,419.8,420.0,419.5,420.0,2463.0
2026-06-22 13:50:00,420.0,420.0,419.15,419.4,1511.0
2026-06-22 13:55:00,419.45,419.65,419.1,419.6,2219.0
2026-06-22 14:00:00,419.6,419.85,419.1,419.5,5066.0
2026-06-22 14:05:00,419.5,419.9,419.15,419.3,3157.0
2026-06-22 14:10:00,419.35,419.55,418.9,419.0,5498.0
2026-06-22 14:15:00,419.0,419.6,418.95,419.15,4724.0
2026-06-22 14:20:00,419.1,419.35,419.0,419.1,1043.0
2026-06-22 14:25:00,419.15,419.4,418.55,419.35,3570.0
2026-06-22 14:30:00,419.4,419.4,418.0,418.45,5076.0
2026-06-22 14:35:00,418.45,418.45,417.2,417.45,8870.0
2026-06-22 14:40:00,417.7,417.85,417.1,417.25,4762.0
2026-06-22 14:45:00,417.5,417.75,416.8,417.65,21666.0
2026-06-22 14:50:00,417.6,417.65,416.8,416.85,2331.0
2026-06-22 14:55:00,417.0,417.25,416.8,416.85,2996.0
2026-06-22 15:00:00,417.0,417.4,416.15,416.15,11392.0
2026-06-22 15:05:00,416.45,417.65,416.15,417.05,27409.0
2026-06-22 15:10:00,417.05,417.2,416.4,416.4,16967.0
2026-06-22 15:15:00,416.7,416.7,414.65,414.95,17885.0
2026-06-22 15:20:00,415.05,415.05,413.25,413.65,16297.0
2026-06-22 15:25:00,413.7,414.35,413.1,413.15,13321.0
2026-06-23 09:15:00,415.85,416.6,414.0,414.15,11938.0
2026-06-23 09:20:00,414.05,415.25,412.75,414.4,22841.0
2026-06-23 09:25:00,414.3,414.6,413.5,413.85,4104.0
2026-06-23 09:30:00,416.0,418.6,416.0,418.6,35300.0
2026-06-23 09:35:00,418.4,418.9,416.0,417.6,13455.0
2026-06-23 09:40:00,417.7,417.9,416.45,416.6,4699.0
2026-06-23 09:45:00,416.65,417.5,416.65,417.5,4795.0
2026-06-23 09:50:00,417.45,419.2,416.15,419.2,10388.0
2026-06-23 09:55:00,419.1,420.0,418.95,419.85,17695.0
2026-06-23 10:00:00,419.75,420.0,419.05,419.7,4566.0
2026-06-23 10:05:00,419.8,419.8,416.7,417.35,7540.0
2026-06-23 10:10:00,417.35,417.55,416.7,416.9,5405.0
2026-06-23 10:15:00,417.05,417.45,416.1,417.4,7914.0
2026-06-23 10:20:00,417.6,418.5,417.3,417.95,2888.0
2026-06-23 10:25:00,417.65,418.65,416.5,417.0,10484.0
2026-06-23 10:30:00,416.9,417.3,416.6,417.0,2676.0
2026-06-23 10:35:00,417.0,417.25,416.7,416.8,2491.0
2026-06-23 10:40:00,416.5,417.0,416.5,416.75,968.0
2026-06-23 10:45:00,416.95,416.95,416.1,416.6,7432.0
2026-06-23 10:50:00,416.55,416.8,416.05,416.35,1789.0
2026-06-23 10:55:00,416.35,416.35,416.05,416.35,936.0
2026-06-23 11:00:00,416.35,417.0,416.15,416.6,5288.0
2026-06-23 11:05:00,416.6,417.0,416.5,417.0,8668.0
2026-06-23 11:10:00,417.0,417.0,416.95,417.0,4546.0
2026-06-23 11:15:00,417.0,417.55,416.95,417.2,5390.0
2026-06-23 11:20:00,417.2,417.9,417.2,417.6,1803.0
2026-06-23 11:25:00,417.6,418.15,417.55,418.0,2929.0
2026-06-23 11:30:00,417.9,418.05,417.6,417.8,958.0
2026-06-23 11:35:00,417.8,417.9,417.55,417.85,1915.0
2026-06-23 11:40:00,417.7,417.85,417.25,417.25,8127.0
2026-06-23 11:45:00,417.05,417.25,416.45,416.65,1619.0
2026-06-23 11:50:00,416.35,416.65,415.3,415.85,6447.0
2026-06-23 11:55:00,415.8,416.45,415.5,415.85,5413.0
2026-06-23 12:00:00,415.75,416.7,415.25,416.7,6101.0
2026-06-23 12:05:00,416.65,416.85,416.0,416.8,3007.0
2026-06-23 12:10:00,416.7,417.0,416.2,416.5,1905.0
2026-06-23 12:15:00,416.5,417.35,416.15,417.0,19600.0
2026-06-23 12:20:00,417.0,417.15,416.6,416.75,4802.0
2026-06-23 12:25:00,416.7,417.0,416.6,416.8,3729.0
2026-06-23 12:30:00,416.65,417.0,416.4,416.6,2977.0
2026-06-23 12:35:00,416.6,417.65,416.6,417.4,5117.0
2026-06-23 12:40:00,417.2,417.45,416.85,417.1,2912.0
2026-06-23 12:45:00,417.1,417.55,416.0,416.5,12359.0
2026-06-23 12:50:00,416.05,417.2,416.05,417.0,6283.0
2026-06-23 12:55:00,417.0,417.2,416.3,417.15,5373.0
2026-06-23 13:00:00,417.1,418.85,417.0,418.2,32672.0
2026-06-23 13:05:00,418.05,418.6,417.7,417.95,8222.0
2026-06-23 13:10:00,417.9,418.3,417.8,417.95,3980.0
2026-06-23 13:15:00,417.95,417.95,417.45,417.6,1731.0
2026-06-23 13:20:00,417.6,418.0,417.6,417.85,933.0
2026-06-23 13:25:00,417.85,417.95,417.65,417.75,1336.0
2026-06-23 13:30:00,417.65,417.8,417.0,417.5,6480.0
2026-06-23 13:35:00,417.4,417.55,417.2,417.3,1724.0
2026-06-23 13:40:00,417.4,417.85,417.3,417.6,2664.0
2026-06-23 13:45:00,417.65,418.4,417.6,418.15,3776.0
2026-06-23 13:50:00,418.1,418.9,417.8,418.6,4540.0
2026-06-23 13:55:00,418.5,418.8,418.3,418.45,4436.0
2026-06-23 14:00:00,418.5,418.95,418.15,418.3,7339.0
2026-06-23 14:05:00,418.3,418.7,417.5,418.7,18562.0
2026-06-23 14:10:00,418.55,419.0,417.7,418.45,4244.0
2026-06-23 14:15:00,418.3,419.4,418.15,419.35,11092.0
2026-06-23 14:20:00,419.45,419.45,418.35,418.7,5394.0
2026-06-23 14:25:00,418.65,419.4,418.4,419.4,3718.0
2026-06-23 14:30:00,419.4,419.9,419.2,419.55,8179.0
2026-06-23 14:35:00,419.75,419.95,419.45,419.6,4917.0
2026-06-23 14:40:00,419.5,419.8,418.9,419.5,5510.0
2026-06-23 14:45:00,419.4,419.8,419.2,419.55,5233.0
2026-06-23 14:50:00,419.55,419.8,419.2,419.45,2311.0
2026-06-23 14:55:00,419.45,420.0,419.1,419.5,20734.0
2026-06-23 15:00:00,419.3,419.5,418.7,419.0,18430.0
2026-06-23 15:05:00,419.05,419.4,418.85,418.85,9213.0
2026-06-23 15:10:00,418.95,419.7,418.95,419.05,15482.0
2026-06-23 15:15:00,419.05,420.0,419.0,419.6,111865.0
2026-06-23 15:20:00,420.0,421.8,419.85,419.85,85804.0
2026-06-23 15:25:00,419.55,420.0,419.1,420.0,46013.0
2026-06-24 09:15:00,429.05,430.4,415.6,418.2,736970.0
2026-06-24 09:20:00,418.1,419.9,417.1,418.05,146906.0
2026-06-24 09:25:00,418.0,418.5,415.4,416.35,131263.0
2026-06-24 09:30:00,416.3,416.3,412.1,413.1,150849.0
2026-06-24 09:35:00,413.1,413.95,410.15,412.3,167135.0
2026-06-24 09:40:00,412.05,412.25,408.05,408.95,116419.0
2026-06-24 09:45:00,409.0,409.2,406.4,407.05,115304.0
2026-06-24 09:50:00,406.25,409.75,406.25,408.9,62358.0
2026-06-24 09:55:00,409.0,410.0,408.3,408.6,46667.0
2026-06-24 10:00:00,408.85,410.0,407.85,408.3,64069.0
2026-06-24 10:05:00,408.6,409.05,408.1,408.75,18935.0
2026-06-24 10:10:00,408.75,409.0,407.8,407.8,20487.0
2026-06-24 10:15:00,407.9,408.8,407.7,407.8,29377.0
2026-06-24 10:20:00,407.75,408.3,407.3,408.25,16077.0
2026-06-24 10:25:00,408.25,408.35,407.2,407.8,22386.0
2026-06-24 10:30:00,407.8,408.0,404.8,406.4,83954.0
2026-06-24 10:35:00,406.45,406.55,404.6,405.15,56663.0
2026-06-24 10:40:00,405.4,405.9,404.6,404.7,23574.0
2026-06-24 10:45:00,404.6,407.1,404.6,405.25,30780.0
2026-06-24 10:50:00,405.4,405.75,403.5,404.35,43155.0
2026-06-24 10:55:00,404.4,405.5,403.9,404.7,18528.0
2026-06-24 11:00:00,404.95,405.5,404.5,405.05,14555.0
2026-06-24 11:05:00,405.05,405.9,404.25,404.95,23149.0
2026-06-24 11:10:00,404.65,405.0,404.0,404.3,18350.0
2026-06-24 11:15:00,404.3,404.5,403.1,403.6,26252.0
2026-06-24 11:20:00,403.6,404.6,403.25,403.8,25676.0
2026-06-24 11:25:00,404.0,404.55,403.6,403.6,10041.0
2026-06-24 11:30:00,403.55,404.0,403.45,403.55,18382.0
2026-06-24 11:35:00,403.55,403.95,402.55,403.0,24800.0
2026-06-24 11:40:00,403.05,403.95,402.7,403.55,19179.0
2026-06-24 11:45:00,403.45,403.65,402.6,402.8,13503.0
2026-06-24 11:50:00,402.6,403.1,402.3,402.55,26335.0
2026-06-24 11:55:00,402.6,403.35,402.6,402.7,16587.0
2026-06-24 12:00:00,402.6,403.7,402.6,403.6,9764.0
2026-06-24 12:05:00,403.3,403.9,403.3,403.6,21340.0
2026-06-24 12:10:00,403.4,403.9,403.4,403.55,7655.0
2026-06-24 12:15:00,403.55,404.8,403.5,404.1,14493.0
2026-06-24 12:20:00,404.1,404.65,403.6,403.7,18710.0
2026-06-24 12:25:00,403.7,405.1,403.7,404.8,9995.0
2026-06-24 12:30:00,404.8,405.25,404.4,404.6,26784.0
2026-06-24 12:35:00,404.6,404.85,404.05,404.4,12198.0
2026-06-24 12:40:00,404.4,404.8,403.9,403.9,14325.0
2026-06-24 12:45:00,403.75,404.3,403.75,404.25,6494.0
2026-06-24 12:50:00,404.05,406.65,404.0,404.8,56615.0
2026-06-24 12:55:00,405.0,405.8,405.0,405.1,19601.0
2026-06-24 13:00:00,405.05,405.85,405.05,405.15,24971.0
2026-06-24 13:05:00,405.15,405.45,404.8,405.0,18884.0
2026-06-24 13:10:00,405.0,405.45,404.95,405.3,7535.0
2026-06-24 13:15:00,405.3,405.45,404.25,405.1,33441.0
2026-06-24 13:20:00,405.35,405.95,405.05,405.65,29257.0
2026-06-24 13:25:00,405.4,405.85,405.05,405.55,6980.0
2026-06-24 13:30:00,405.3,406.15,404.8,406.0,20206.0
2026-06-24 13:35:00,406.2,406.5,405.75,406.0,19583.0
2026-06-24 13:40:00,406.2,406.4,405.95,406.4,7481.0
2026-06-24 13:45:00,406.4,406.7,406.15,406.5,11693.0
2026-06-24 13:50:00,406.5,407.45,406.5,407.25,15557.0
2026-06-24 13:55:00,407.3,408.4,407.25,408.15,48093.0
2026-06-24 14:00:00,407.65,408.45,407.4,407.95,28888.0
2026-06-24 14:05:00,407.85,412.0,407.55,410.0,119901.0
2026-06-24 14:10:00,409.95,411.3,409.9,410.6,44542.0
2026-06-24 14:15:00,410.35,410.85,409.75,409.8,50498.0
2026-06-24 14:20:00,409.8,412.0,409.8,412.0,89373.0
2026-06-24 14:25:00,412.0,414.2,411.5,413.7,54573.0
2026-06-24 14:30:00,413.9,416.0,413.7,414.4,71739.0
2026-06-24 14:35:00,414.4,414.75,413.3,413.5,35358.0
2026-06-24 14:40:00,413.5,414.8,413.25,414.45,22950.0
2026-06-24 14:45:00,414.45,415.45,413.9,414.8,28854.0
2026-06-24 14:50:00,414.55,416.2,414.55,415.55,39524.0
2026-06-24 14:55:00,415.35,415.55,414.75,414.75,30742.0
2026-06-24 15:00:00,414.8,415.65,414.6,415.35,53791.0
2026-06-24 15:05:00,415.25,415.8,415.1,415.65,29365.0
2026-06-24 15:10:00,415.65,415.65,414.35,414.35,58365.0
2026-06-24 15:15:00,414.45,416.3,414.35,414.4,124187.0
2026-06-24 15:20:00,414.5,418.9,414.4,418.2,171081.0
2026-06-24 15:25:00,418.05,418.25,414.15,414.15,52191.0
2026-06-25 09:15:00,420.4,420.45,416.0,419.2,73234.0
2026-06-25 09:20:00,419.0,419.65,417.65,418.35,12182.0
2026-06-25 09:25:00,418.8,419.25,418.25,418.85,13215.0
2026-06-25 09:30:00,418.95,422.2,418.5,420.55,50654.0
2026-06-25 09:35:00,420.65,421.9,420.55,421.3,32987.0
2026-06-25 09:40:00,421.3,422.5,420.85,422.15,24101.0
2026-06-25 09:45:00,422.3,423.6,421.55,423.6,39493.0
2026-06-25 09:50:00,423.6,427.0,423.15,425.15,190636.0
2026-06-25 09:55:00,424.95,427.5,424.0,424.0,298566.0
2026-06-25 10:00:00,423.75,428.9,423.0,425.85,388978.0
2026-06-25 10:05:00,425.8,426.8,425.45,426.05,22450.0
2026-06-25 10:10:00,426.1,426.7,425.1,425.65,37095.0
2026-06-25 10:15:00,425.25,425.8,424.5,425.55,11807.0
2026-06-25 10:20:00,425.6,426.4,425.1,426.0,22087.0
2026-06-25 10:25:00,426.2,426.6,425.45,426.0,22836.0
2026-06-25 10:30:00,426.35,426.8,425.65,426.0,20427.0
2026-06-25 10:35:00,426.0,427.35,425.75,427.0,25981.0
2026-06-25 10:40:00,427.0,432.3,426.95,430.6,172285.0
2026-06-25 10:45:00,430.6,433.2,430.0,431.45,112634.0
2026-06-25 10:50:00,431.45,431.9,430.0,431.6,77095.0
2026-06-25 10:55:00,431.6,432.0,430.5,431.75,30890.0
2026-06-25 11:00:00,431.75,432.0,430.0,431.0,29574.0
2026-06-25 11:05:00,430.8,432.4,430.8,431.9,20158.0
2026-06-25 11:10:00,432.3,434.55,431.35,433.75,66673.0
2026-06-25 11:15:00,433.75,435.15,433.2,433.4,131346.0
2026-06-25 11:20:00,432.2,432.2,430.05,430.3,131943.0
2026-06-25 11:25:00,430.4,431.25,430.05,430.95,22845.0
2026-06-25 11:30:00,430.75,431.4,430.25,431.3,17152.0
2026-06-25 11:35:00,431.3,431.5,431.05,431.25,5997.0
2026-06-25 11:40:00,431.3,432.0,431.0,431.4,20518.0
2026-06-25 11:45:00,431.9,432.7,431.6,432.55,30480.0
2026-06-25 11:50:00,432.55,432.7,432.0,432.35,8962.0
2026-06-25 11:55:00,432.25,432.7,432.0,432.55,25084.0
2026-06-25 12:00:00,432.7,432.7,432.0,432.2,16509.0
2026-06-25 12:05:00,432.4,432.5,431.2,431.5,15137.0
2026-06-25 12:10:00,431.6,432.05,431.4,431.55,9587.0
2026-06-25 12:15:00,431.95,431.95,431.25,431.3,5518.0
2026-06-25 12:20:00,431.4,431.4,430.0,430.15,60047.0
2026-06-25 12:25:00,430.45,431.0,429.4,429.55,18803.0
2026-06-25 12:30:00,429.55,430.85,429.15,430.25,18347.0
2026-06-25 12:35:00,430.3,430.55,430.0,430.1,30850.0
2026-06-25 12:40:00,430.1,430.7,430.0,430.15,23891.0
2026-06-25 12:45:00,430.3,430.3,426.95,427.0,263250.0
2026-06-25 12:50:00,427.0,427.8,426.2,427.4,20134.0
2026-06-25 12:55:00,427.6,429.2,426.85,427.7,30183.0
2026-06-25 13:00:00,427.7,428.4,427.3,427.3,17501.0
2026-06-25 13:05:00,427.4,427.6,426.8,426.9,14818.0
2026-06-25 13:10:00,427.2,427.55,426.4,427.2,22604.0
2026-06-25 13:15:00,427.35,428.3,427.0,427.55,30631.0
2026-06-25 13:20:00,427.6,428.2,424.0,425.3,3648010.0
2026-06-25 13:25:00,425.3,425.7,425.0,425.0,40285.0
2026-06-25 13:30:00,425.0,425.7,420.75,424.75,267455.0
2026-06-25 13:35:00,425.05,425.45,423.45,423.75,82271.0
2026-06-25 13:40:00,423.75,424.0,422.9,423.2,13914.0
2026-06-25 13:45:00,423.45,424.25,422.75,423.5,32937.0
2026-06-25 13:50:00,423.5,423.8,422.9,423.1,9530.0
2026-06-25 13:55:00,423.2,423.2,422.55,422.85,6507.0
2026-06-25 14:00:00,422.95,423.05,419.6,419.75,80881.0
2026-06-25 14:05:00,419.85,419.95,419.0,419.05,22768.0
2026-06-25 14:10:00,418.7,419.4,418.35,419.05,33809.0
2026-06-25 14:15:00,419.05,419.25,418.45,419.1,18595.0
2026-06-25 14:20:00,419.25,419.7,418.85,419.0,25834.0
2026-06-25 14:25:00,419.1,419.25,418.0,418.65,35590.0
2026-06-25 14:30:00,418.9,420.6,418.65,419.95,26891.0
2026-06-25 14:35:00,419.9,420.0,419.2,419.45,24262.0
2026-06-25 14:40:00,419.2,419.8,418.4,419.5,43108.0
2026-06-25 14:45:00,419.5,420.4,419.5,419.55,83961.0
2026-06-25 14:50:00,419.55,419.6,418.45,418.75,14520.0
2026-06-25 14:55:00,419.0,419.7,418.45,419.0,18344.0
2026-06-25 15:00:00,418.95,419.0,417.5,418.5,61372.0
2026-06-25 15:05:00,418.45,419.25,417.85,418.7,23135.0
2026-06-25 15:10:00,418.65,419.4,418.15,418.85,21429.0
2026-06-25 15:15:00,417.65,419.0,415.85,417.7,107700.0
2026-06-25 15:20:00,417.75,418.05,416.35,417.3,90807.0
2026-06-25 15:25:00,417.2,418.0,415.55,417.0,44713.0
2026-06-29 09:15:00,420.3,422.0,417.0,418.7,59856.0
2026-06-29 09:20:00,418.8,419.05,417.2,417.4,18690.0
2026-06-29 09:25:00,417.65,419.2,416.2,419.2,19523.0
2026-06-29 09:30:00,419.25,422.0,419.25,421.5,33911.0
2026-06-29 09:35:00,421.6,422.15,420.05,420.65,31647.0
2026-06-29 09:40:00,421.15,422.0,420.5,422.0,15809.0
2026-06-29 09:45:00,421.75,422.2,421.0,421.35,60992.0
2026-06-29 09:50:00,421.35,421.8,421.0,421.3,14206.0
2026-06-29 09:55:00,421.3,422.0,421.2,421.85,17255.0
2026-06-29 10:00:00,421.85,427.85,421.8,426.85,231705.0
2026-06-29 10:05:00,426.6,429.5,426.15,429.25,48608.0
2026-06-29 10:10:00,429.5,429.6,428.25,429.4,23790.0
2026-06-29 10:15:00,429.25,431.0,424.8,425.0,76323.0
2026-06-29 10:20:00,425.2,429.85,424.75,428.95,50417.0
2026-06-29 10:25:00,428.55,430.7,427.45,430.45,22641.0
2026-06-29 10:30:00,430.45,430.9,430.0,430.85,18835.0
2026-06-29 10:35:00,430.85,431.7,430.1,430.9,111140.0
2026-06-29 10:40:00,430.9,431.0,430.3,430.85,35449.0
2026-06-29 10:45:00,430.9,431.0,430.4,430.8,28158.0
2026-06-29 10:50:00,430.85,430.85,430.0,430.65,13483.0
2026-06-29 10:55:00,430.7,431.35,430.5,431.0,132191.0
2026-06-29 11:00:00,431.0,437.05,430.95,435.85,226226.0
2026-06-29 11:05:00,435.65,435.95,433.5,433.7,51520.0
2026-06-29 11:10:00,433.7,434.0,432.2,432.55,31093.0
2026-06-29 11:15:00,432.55,433.95,432.4,433.05,40461.0
2026-06-29 11:20:00,433.3,433.9,432.6,433.35,12523.0
2026-06-29 11:25:00,433.35,433.65,432.8,433.55,13028.0
2026-06-29 11:30:00,433.6,436.55,433.45,434.85,87322.0
2026-06-29 11:35:00,434.5,435.9,434.1,435.9,48612.0
2026-06-29 11:40:00,435.65,437.95,433.8,435.3,79382.0
2026-06-29 11:45:00,435.3,436.7,434.6,436.35,30700.0
2026-06-29 11:50:00,436.35,436.35,435.3,435.45,19277.0
2026-06-29 11:55:00,435.45,435.8,434.25,434.65,22719.0
2026-06-29 12:00:00,434.65,435.95,434.25,435.95,18284.0
2026-06-29 12:05:00,435.95,436.6,435.1,435.75,34796.0
2026-06-29 12:10:00,435.75,436.9,435.0,436.45,61002.0
2026-06-29 12:15:00,436.6,443.0,436.5,441.85,255263.0
2026-06-29 12:20:00,441.8,442.4,438.2,438.7,174490.0
2026-06-29 12:25:00,438.75,440.85,438.7,440.1,109760.0
2026-06-29 12:30:00,440.1,440.55,438.7,440.1,136184.0
2026-06-29 12:35:00,439.9,441.3,438.9,440.55,126822.0
2026-06-29 12:40:00,440.8,441.4,439.6,440.95,88661.0
2026-06-29 12:45:00,440.95,441.85,440.65,440.8,86951.0
2026-06-29 12:50:00,440.8,441.55,440.3,440.55,82250.0
2026-06-29 12:55:00,440.7,440.9,439.5,440.6,74254.0
2026-06-29 13:00:00,440.65,442.9,440.35,442.85,162763.0
2026-06-29 13:05:00,442.65,442.95,442.1,442.5,69328.0
2026-06-29 13:10:00,442.5,444.35,441.5,443.05,188848.0
2026-06-29 13:15:00,443.1,443.95,442.75,443.25,99815.0
2026-06-29 13:20:00,443.6,444.15,439.7,440.45,242827.0
2026-06-29 13:25:00,440.45,442.7,440.15,440.8,82593.0
2026-06-29 13:30:00,441.1,442.5,439.75,442.0,72831.0
2026-06-29 13:35:00,442.0,442.5,441.65,442.05,23131.0
2026-06-29 13:40:00,442.3,442.75,442.0,442.55,26590.0
2026-06-29 13:45:00,442.6,444.9,442.55,443.55,102632.0
2026-06-29 13:50:00,443.75,444.45,443.4,444.2,62577.0
2026-06-29 13:55:00,444.25,444.25,442.4,443.1,105772.0
2026-06-29 14:00:00,443.15,443.5,442.5,443.4,36042.0
2026-06-29 14:05:00,443.4,445.8,442.35,445.35,141696.0
2026-06-29 14:10:00,445.15,446.1,444.95,445.55,91020.0
2026-06-29 14:15:00,445.8,447.4,445.0,446.4,157289.0
2026-06-29 14:20:00,446.5,446.8,445.05,446.0,60738.0
2026-06-29 14:25:00,446.1,446.6,443.6,446.25,140530.0
2026-06-29 14:30:00,446.15,446.45,444.55,445.0,75463.0
2026-06-29 14:35:00,445.0,445.4,444.1,444.4,41434.0
2026-06-29 14:40:00,444.5,445.8,444.4,445.7,41983.0
2026-06-29 14:45:00,445.5,446.45,445.25,446.3,41027.0
2026-06-29 14:50:00,446.05,446.7,445.15,446.4,80762.0
2026-06-29 14:55:00,446.45,446.95,446.0,446.95,74698.0
2026-06-29 15:00:00,446.95,448.45,445.1,448.3,173934.0
2026-06-29 15:05:00,448.45,448.65,446.1,447.9,198193.0
2026-06-29 15:10:00,447.9,448.2,446.15,446.55,238237.0
2026-06-29 15:15:00,446.55,449.0,445.65,446.65,359895.0
2026-06-29 15:20:00,446.5,447.2,445.1,446.1,305729.0
2026-06-29 15:25:00,445.85,448.0,443.1,443.5,356925.0
2026-06-30 09:15:00,444.45,450.0,440.1,448.3,201027.0
2026-06-30 09:20:00,447.9,449.25,447.05,447.35,66803.0
2026-06-30 09:25:00,447.3,449.7,445.05,447.6,73568.0
2026-06-30 09:30:00,447.5,450.85,447.5,447.55,52460.0
2026-06-30 09:35:00,447.65,450.0,447.05,448.95,66910.0
2026-06-30 09:40:00,449.35,449.85,448.3,448.3,20301.0
2026-06-30 09:45:00,448.3,448.6,448.05,448.45,11070.0
2026-06-30 09:50:00,448.0,449.8,448.0,449.25,28065.0
2026-06-30 09:55:00,449.25,450.0,449.05,449.8,38803.0
2026-06-30 10:00:00,449.7,450.0,449.0,450.0,20504.0
2026-06-30 10:05:00,450.0,450.0,449.4,449.9,45260.0
2026-06-30 10:10:00,450.0,450.0,449.65,449.85,6544.0
2026-06-30 10:15:00,449.75,449.9,449.25,449.25,4401.0
2026-06-30 10:20:00,449.55,450.0,449.15,449.9,39536.0
2026-06-30 10:25:00,449.9,453.05,448.45,448.45,203267.0
2026-06-30 10:30:00,448.4,449.95,448.1,449.95,39107.0
2026-06-30 10:35:00,449.75,450.0,449.55,449.9,10708.0
2026-06-30 10:40:00,449.9,450.0,449.55,449.85,21807.0
2026-06-30 10:45:00,449.65,450.0,449.6,449.95,62837.0
2026-06-30 10:50:00,450.0,450.0,448.85,449.3,56382.0
2026-06-30 10:55:00,449.55,449.9,449.3,449.5,7363.0
2026-06-30 11:00:00,449.35,449.9,449.35,449.75,4801.0
2026-06-30 11:05:00,449.8,450.0,449.6,449.9,12055.0
2026-06-30 11:10:00,449.85,449.85,448.2,448.8,27346.0
2026-06-30 11:15:00,448.8,448.8,448.2,448.5,10366.0
2026-06-30 11:20:00,448.7,449.3,448.55,449.15,4249.0
2026-06-30 11:25:00,449.15,449.3,448.2,448.5,22777.0
2026-06-30 11:30:00,448.8,448.85,446.6,447.3,39630.0
2026-06-30 11:35:00,446.45,448.0,446.45,447.55,32537.0
2026-06-30 11:40:00,447.5,447.65,447.05,447.35,5666.0
2026-06-30 11:45:00,447.35,447.75,446.0,446.3,42400.0
2026-06-30 11:50:00,446.45,446.45,443.8,443.8,52808.0
2026-06-30 11:55:00,443.1,444.45,443.1,444.2,59989.0
2026-06-30 12:00:00,444.0,444.4,443.6,443.95,20136.0
2026-06-30 12:05:00,443.95,445.1,443.9,444.55,14664.0
2026-06-30 12:10:00,444.6,445.05,444.4,444.8,10826.0
2026-06-30 12:15:00,444.95,445.05,441.65,442.6,45631.0
2026-06-30 12:20:00,442.7,443.6,442.45,443.3,17585.0
2026-06-30 12:25:00,443.4,443.4,442.6,443.3,8102.0
2026-06-30 12:30:00,443.2,443.3,442.6,442.65,7313.0
2026-06-30 12:35:00,442.85,444.2,442.8,444.2,8589.0
2026-06-30 12:40:00,444.2,444.35,443.2,444.0,9849.0
2026-06-30 12:45:00,444.0,444.5,444.0,444.2,11464.0
2026-06-30 12:50:00,444.5,445.65,444.05,444.9,40122.0
2026-06-30 12:55:00,445.15,445.15,444.1,444.15,10897.0
2026-06-30 13:00:00,444.3,444.6,443.8,443.8,8813.0
2026-06-30 13:05:00,444.0,445.25,443.8,444.9,5846.0
2026-06-30 13:10:00,444.7,445.25,444.2,444.2,13594.0
2026-06-30 13:15:00,444.15,444.85,444.15,444.5,3610.0
2026-06-30 13:20:00,444.4,444.8,444.25,444.8,6956.0
2026-06-30 13:25:00,444.75,445.55,444.55,445.25,5496.0
2026-06-30 13:30:00,445.25,445.8,445.1,445.8,10913.0
2026-06-30 13:35:00,445.55,446.6,445.55,446.2,10804.0
2026-06-30 13:40:00,446.1,449.7,446.05,449.15,38670.0
2026-06-30 13:45:00,448.8,450.4,448.8,449.7,536943.0
2026-06-30 13:50:00,449.9,449.95,449.45,449.9,46201.0
2026-06-30 13:55:00,449.9,453.9,449.85,452.4,72059.0
2026-06-30 14:00:00,452.5,455.0,452.1,454.55,58294.0
2026-06-30 14:05:00,454.35,455.5,454.0,455.4,64339.0
2026-06-30 14:10:00,455.35,464.7,455.2,461.5,248573.0
2026-06-30 14:15:00,461.75,462.85,460.05,461.9,119827.0
2026-06-30 14:20:00,461.8,462.65,461.35,462.2,46925.0
2026-06-30 14:25:00,462.2,463.25,458.15,459.5,156385.0
2026-06-30 14:30:00,459.2,460.9,458.05,460.1,71051.0
2026-06-30 14:35:00,460.4,461.6,460.35,461.05,31492.0
2026-06-30 14:40:00,460.75,461.75,460.35,460.6,38709.0
2026-06-30 14:45:00,460.55,462.1,460.45,461.3,59266.0
2026-06-30 14:50:00,461.05,462.5,460.8,461.55,71688.0
2026-06-30 14:55:00,461.55,461.95,460.8,461.05,28586.0
2026-06-30 15:00:00,461.15,461.25,460.45,461.15,31615.0
2026-06-30 15:05:00,461.2,462.0,457.0,458.0,128815.0
2026-06-30 15:10:00,457.7,458.3,456.35,457.45,78653.0
2026-06-30 15:15:00,457.45,458.0,455.8,456.25,89636.0
2026-06-30 15:20:00,456.15,457.0,455.85,456.95,49154.0
2026-06-30 15:25:00,457.0,458.0,455.35,456.95,55168.0
2026-07-01 09:15:00,455.6,461.5,455.6,458.2,52661.0
2026-07-01 09:20:00,458.2,459.45,457.8,458.05,17292.0
2026-07-01 09:25:00,458.05,462.5,457.75,462.5,55154.0
2026-07-01 09:30:00,462.35,462.8,460.55,462.0,21462.0
2026-07-01 09:35:00,461.9,463.55,458.4,459.35,53050.0
2026-07-01 09:40:00,459.35,461.85,458.45,461.15,31857.0
2026-07-01 09:45:00,461.35,463.4,460.8,463.2,23115.0
2026-07-01 09:50:00,463.3,463.35,461.25,463.1,35318.0
2026-07-01 09:55:00,462.8,463.65,462.5,462.85,15457.0
2026-07-01 10:00:00,462.85,463.2,462.3,462.65,13433.0
2026-07-01 10:05:00,462.85,463.0,461.25,461.7,19418.0
2026-07-01 10:10:00,461.25,463.15,460.65,462.85,15744.0
2026-07-01 10:15:00,462.8,463.0,462.3,462.3,5828.0
2026-07-01 10:20:00,462.8,463.0,462.0,462.3,20741.0
2026-07-01 10:25:00,462.6,464.05,462.0,462.5,38196.0
2026-07-01 10:30:00,462.8,463.2,462.6,462.7,5923.0
2026-07-01 10:35:00,462.7,464.45,460.4,460.6,40181.0
2026-07-01 10:40:00,460.6,461.1,459.55,459.9,26020.0
2026-07-01 10:45:00,459.9,460.4,459.05,459.8,9434.0
2026-07-01 10:50:00,460.4,460.8,459.7,460.0,7968.0
2026-07-01 10:55:00,460.45,461.05,460.1,460.75,3908.0
2026-07-01 11:00:00,460.5,460.9,460.2,460.6,1067.0
2026-07-01 11:05:00,460.25,460.7,460.1,460.7,2108.0
2026-07-01 11:10:00,460.5,461.4,459.35,461.4,17359.0
2026-07-01 11:15:00,461.4,461.95,460.9,461.8,12933.0
2026-07-01 11:20:00,461.8,461.95,460.55,460.85,18441.0
2026-07-01 11:25:00,460.65,461.2,460.3,460.8,5197.0
2026-07-01 11:30:00,460.3,461.15,460.3,460.75,3294.0
2026-07-01 11:35:00,460.75,462.0,460.65,461.75,5671.0
2026-07-01 11:40:00,461.75,462.5,461.1,461.1,12939.0
2026-07-01 11:45:00,461.55,461.7,460.95,461.2,4670.0
2026-07-01 11:50:00,461.6,461.65,460.9,461.35,3800.0
2026-07-01 11:55:00,461.35,461.8,460.9,461.75,4377.0
2026-07-01 12:00:00,461.75,461.8,461.2,461.7,3502.0
2026-07-01 12:05:00,461.7,461.8,461.1,461.3,4214.0
2026-07-01 12:10:00,461.45,461.75,460.9,461.15,6580.0
2026-07-01 12:15:00,461.1,461.7,461.05,461.65,2970.0
2026-07-01 12:20:00,461.65,462.0,461.25,461.85,7386.0
2026-07-01 12:25:00,461.35,462.0,461.35,461.85,2072.0
2026-07-01 12:30:00,461.45,462.0,461.45,461.95,1726.0
2026-07-01 12:35:00,461.85,462.0,461.05,461.35,3803.0
2026-07-01 12:40:00,461.4,461.65,461.0,461.4,4429.0
2026-07-01 12:45:00,461.4,461.85,461.15,461.2,4292.0
2026-07-01 12:50:00,461.6,462.0,461.1,461.75,10749.0
2026-07-01 12:55:00,461.7,461.9,460.45,461.6,14906.0
2026-07-01 13:00:00,461.15,461.85,461.05,461.8,3053.0
2026-07-01 13:05:00,461.8,461.85,461.4,461.85,1681.0
2026-07-01 13:10:00,461.85,461.85,461.4,461.45,1417.0
2026-07-01 13:15:00,461.8,461.95,461.25,461.35,4866.0
2026-07-01 13:20:00,461.3,461.65,460.8,460.8,7724.0
2026-07-01 13:25:00,460.8,461.6,460.5,461.45,2407.0
2026-07-01 13:30:00,461.5,461.75,461.05,461.75,3656.0
2026-07-01 13:35:00,461.75,461.75,461.0,461.55,3381.0
2026-07-01 13:40:00,461.15,461.8,460.6,460.8,4593.0
2026-07-01 13:45:00,461.25,461.35,460.1,461.0,11933.0
2026-07-01 13:50:00,461.05,462.0,460.45,462.0,25685.0
2026-07-01 13:55:00,461.75,462.45,461.35,461.55,122541.0
2026-07-01 14:00:00,461.55,462.05,461.3,462.0,166298.0
2026-07-01 14:05:00,462.0,465.7,461.95,463.75,86888.0
2026-07-01 14:10:00,464.0,465.1,463.7,464.85,20123.0
2026-07-01 14:15:00,465.0,471.7,464.25,470.6,74153.0
2026-07-01 14:20:00,470.55,471.85,470.0,470.9,62852.0
2026-07-01 14:25:00,470.7,473.35,470.65,472.6,53279.0
2026-07-01 14:30:00,472.5,472.5,470.5,471.05,31735.0
2026-07-01 14:35:00,471.0,472.65,471.0,472.65,28698.0
2026-07-01 14:40:00,472.6,473.25,472.0,472.2,28608.0
2026-07-01 14:45:00,472.0,472.65,470.1,470.75,78065.0
2026-07-01 14:50:00,471.0,471.15,468.6,469.35,25188.0
2026-07-01 14:55:00,469.4,469.4,464.55,466.9,50032.0
2026-07-01 15:00:00,467.3,469.05,466.2,467.5,44674.0
2026-07-01 15:05:00,466.85,468.3,466.1,468.15,36632.0
2026-07-01 15:10:00,468.25,469.25,465.8,466.0,35136.0
2026-07-01 15:15:00,465.9,466.0,463.65,464.6,54405.0
2026-07-01 15:20:00,464.6,467.0,464.6,466.6,68491.0
2026-07-01 15:25:00,467.0,467.5,465.2,466.75,58578.0
2026-07-02 09:15:00,468.0,469.35,466.1,468.85,36281.0
2026-07-02 09:20:00,469.3,470.35,466.45,466.45,24302.0
2026-07-02 09:25:00,466.85,467.8,465.8,467.35,10395.0
2026-07-02 09:30:00,467.6,470.25,467.35,470.25,17082.0
2026-07-02 09:35:00,469.2,469.2,466.85,467.5,12968.0
2026-07-02 09:40:00,467.2,467.85,466.3,467.85,7178.0
2026-07-02 09:45:00,467.4,468.1,466.3,466.3,6146.0
2026-07-02 09:50:00,466.7,467.0,465.85,467.0,5938.0
2026-07-02 09:55:00,466.95,467.05,465.6,466.0,9838.0
2026-07-02 10:00:00,465.8,467.15,465.8,467.0,8810.0
2026-07-02 10:05:00,468.45,469.05,467.0,467.7,17021.0
2026-07-02 10:10:00,467.7,467.7,464.1,464.4,36058.0
2026-07-02 10:15:00,464.0,465.35,464.0,464.75,5476.0
2026-07-02 10:20:00,464.25,465.0,464.25,464.3,2251.0
2026-07-02 10:25:00,464.45,464.95,464.0,464.7,4584.0
2026-07-02 10:30:00,464.75,465.5,464.2,464.6,4690.0
2026-07-02 10:35:00,464.5,464.9,464.1,464.55,3605.0
2026-07-02 10:40:00,464.8,465.15,464.1,464.15,3759.0
2026-07-02 10:45:00,464.1,465.85,464.1,465.65,2822.0
2026-07-02 10:50:00,465.85,467.05,465.3,466.25,9997.0
2026-07-02 10:55:00,466.25,466.75,466.15,466.55,1554.0
2026-07-02 11:00:00,466.55,468.0,466.15,467.35,3031.0
2026-07-02 11:05:00,467.4,468.2,467.1,467.6,4513.0
2026-07-02 11:10:00,467.5,468.0,467.5,467.6,916.0
2026-07-02 11:15:00,467.05,468.15,466.5,468.0,10362.0
2026-07-02 11:20:00,468.0,469.1,467.8,469.1,8599.0
2026-07-02 11:25:00,469.4,471.2,469.0,470.3,10501.0
2026-07-02 11:30:00,470.75,470.75,468.6,469.15,21544.0
2026-07-02 11:35:00,468.85,469.6,468.85,469.55,1127.0
2026-07-02 11:40:00,469.55,469.8,468.6,469.25,3401.0
2026-07-02 11:45:00,469.15,470.0,468.65,469.6,2606.0
2026-07-02 11:50:00,469.7,469.75,468.6,469.35,1989.0
2026-07-02 11:55:00,468.8,470.6,468.8,470.2,6457.0
2026-07-02 12:00:00,470.25,470.5,469.65,469.65,5678.0
2026-07-02 12:05:00,469.65,470.0,469.5,469.85,1066.0
2026-07-02 12:10:00,469.4,469.95,469.25,469.8,1395.0
2026-07-02 12:15:00,470.45,470.9,470.25,470.7,5492.0
2026-07-02 12:20:00,470.95,471.3,470.4,471.05,9435.0
2026-07-02 12:25:00,471.0,472.4,469.3,469.35,26208.0
2026-07-02 12:30:00,469.35,469.45,468.7,469.15,5664.0
2026-07-02 12:35:00,469.65,470.0,469.2,470.0,4852.0
2026-07-02 12:40:00,470.0,470.75,469.15,470.05,10169.0
2026-07-02 12:45:00,469.7,470.0,469.1,470.0,10890.0
2026-07-02 12:50:00,469.6,470.2,469.05,469.7,5472.0
2026-07-02 12:55:00,469.7,469.95,468.6,468.85,8077.0
2026-07-02 13:00:00,468.9,469.55,468.5,468.85,6590.0
2026-07-02 13:05:00,469.45,470.15,469.3,469.95,6420.0
2026-07-02 13:10:00,470.0,470.0,469.0,469.5,9022.0
2026-07-02 13:15:00,469.55,470.0,469.45,469.95,8043.0
2026-07-02 13:20:00,469.55,470.0,469.45,469.6,8061.0
2026-07-02 13:25:00,469.6,470.0,468.5,469.95,22491.0
2026-07-02 13:30:00,469.9,470.0,468.8,469.6,12219.0
2026-07-02 13:35:00,469.95,470.15,469.5,469.9,17677.0
2026-07-02 13:40:00,469.9,470.1,469.5,470.0,9643.0
2026-07-02 13:45:00,470.0,470.6,469.15,469.6,14644.0
2026-07-02 13:50:00,469.6,470.5,469.35,469.95,8188.0
2026-07-02 13:55:00,469.95,470.2,469.5,470.0,9655.0
2026-07-02 14:00:00,469.3,470.0,469.25,469.65,8743.0
2026-07-02 14:05:00,469.65,470.0,469.3,469.85,24383.0
2026-07-02 14:10:00,469.85,470.0,469.25,469.65,30069.0
2026-07-02 14:15:00,469.3,470.1,469.3,470.1,13046.0
2026-07-02 14:20:00,469.8,470.6,469.65,470.2,9592.0
2026-07-02 14:25:00,470.1,471.0,469.55,470.0,13701.0
2026-07-02 14:30:00,469.85,470.1,469.5,470.0,6902.0
2026-07-02 14:35:00,469.85,470.0,469.35,469.85,10911.0
2026-07-02 14:40:00,469.9,470.0,469.2,469.55,10275.0
2026-07-02 14:45:00,469.65,470.0,468.8,469.5,35468.0
2026-07-02 14:50:00,469.5,469.7,468.4,468.85,19561.0
2026-07-02 14:55:00,469.0,469.4,468.45,468.8,13502.0
2026-07-02 15:00:00,468.65,469.8,468.35,469.5,29673.0
2026-07-02 15:05:00,469.5,470.0,469.3,470.0,41261.0
2026-07-02 15:10:00,469.85,470.0,469.25,469.95,24301.0
2026-07-02 15:15:00,469.95,470.0,469.0,470.0,52252.0
2026-07-02 15:20:00,470.0,470.0,469.05,469.75,29530.0
2026-07-02 15:25:00,469.25,470.0,467.2,467.2,39204.0
2026-07-03 09:15:00,469.95,469.95,465.0,465.3,25517.0
2026-07-03 09:20:00,465.4,466.0,461.8,463.3,42521.0
2026-07-03 09:25:00,463.85,464.5,462.9,463.0,8605.0
2026-07-03 09:30:00,463.1,468.2,463.1,467.5,36283.0
2026-07-03 09:35:00,467.5,468.35,467.05,467.75,10308.0
2026-07-03 09:40:00,467.95,468.15,467.05,467.5,4750.0
2026-07-03 09:45:00,467.5,467.5,466.25,467.0,2675.0
2026-07-03 09:50:00,466.8,467.7,466.0,466.6,10669.0
2026-07-03 09:55:00,466.6,467.1,466.1,466.85,3140.0
2026-07-03 10:00:00,466.4,468.35,466.0,467.7,10587.0
2026-07-03 10:05:00,467.75,467.75,466.6,467.35,1603.0
2026-07-03 10:10:00,467.0,467.65,466.25,467.0,11348.0
2026-07-03 10:15:00,467.0,467.65,466.3,466.45,20826.0
2026-07-03 10:20:00,466.9,469.3,466.25,469.05,31872.0
2026-07-03 10:25:00,469.0,469.3,467.85,468.35,6664.0
2026-07-03 10:30:00,468.35,469.3,466.25,466.25,14430.0
2026-07-03 10:35:00,466.25,466.95,466.25,466.25,10398.0
2026-07-03 10:40:00,466.25,466.8,464.4,466.65,41948.0
2026-07-03 10:45:00,466.3,466.85,465.75,465.75,7641.0
2026-07-03 10:50:00,465.7,466.65,465.1,465.55,14528.0
2026-07-03 10:55:00,465.1,465.75,465.05,465.45,1529.0
2026-07-03 11:00:00,465.05,465.5,465.0,465.5,2833.0
2026-07-03 11:05:00,465.05,465.45,464.6,465.05,8549.0
2026-07-03 11:10:00,465.05,465.25,464.55,465.25,3372.0
2026-07-03 11:15:00,465.2,466.3,464.6,466.1,9034.0
2026-07-03 11:20:00,465.85,468.5,464.75,468.5,20466.0
2026-07-03 11:25:00,468.4,469.0,467.85,468.5,1841.0
2026-07-03 11:30:00,468.5,468.5,467.0,467.8,1752.0
2026-07-03 11:35:00,467.65,467.65,465.6,466.15,9818.0
2026-07-03 11:40:00,466.1,467.35,465.55,467.35,2022.0
2026-07-03 11:45:00,467.35,467.4,466.05,467.2,3968.0
2026-07-03 11:50:00,467.5,467.5,462.55,462.95,76598.0
2026-07-03 11:55:00,463.05,463.05,461.75,462.0,7730.0
2026-07-03 12:00:00,462.0,462.65,461.8,462.5,3221.0
2026-07-03 12:05:00,462.5,463.0,462.0,462.05,8800.0
2026-07-03 12:10:00,462.2,462.8,462.0,462.35,4139.0
2026-07-03 12:15:00,462.35,462.7,462.0,462.0,4822.0
2026-07-03 12:20:00,462.35,462.7,462.0,462.0,3860.0
2026-07-03 12:25:00,462.0,462.5,461.6,461.85,4271.0
2026-07-03 12:30:00,462.4,462.4,457.55,458.55,38621.0
2026-07-03 12:35:00,458.2,460.35,458.1,459.5,8073.0
2026-07-03 12:40:00,459.5,459.75,458.5,459.5,9459.0
2026-07-03 12:45:00,459.6,459.85,457.8,458.75,11096.0
2026-07-03 12:50:00,458.5,460.75,458.4,459.8,22641.0
2026-07-03 12:55:00,460.25,460.25,459.4,460.15,6803.0
2026-07-03 13:00:00,460.2,460.2,459.4,459.65,2391.0
2026-07-03 13:05:00,459.6,460.0,459.15,460.0,4122.0
2026-07-03 13:10:00,459.9,460.05,459.3,459.85,4281.0
2026-07-03 13:15:00,459.8,461.7,459.4,460.0,68346.0
2026-07-03 13:20:00,460.4,465.05,460.0,462.75,53543.0
2026-07-03 13:25:00,462.75,462.85,460.65,460.65,8008.0
2026-07-03 13:30:00,461.25,461.3,459.5,460.7,8164.0
2026-07-03 13:35:00,460.3,462.0,460.05,460.1,11687.0
2026-07-03 13:40:00,460.1,461.5,459.5,459.5,26199.0
2026-07-03 13:45:00,459.5,460.85,459.5,460.85,4383.0
2026-07-03 13:50:00,460.85,461.2,459.5,459.55,5969.0
2026-07-03 13:55:00,460.05,460.2,459.5,460.0,4701.0
2026-07-03 14:00:00,459.75,460.45,459.6,460.1,3520.0
2026-07-03 14:05:00,460.0,460.45,459.6,460.1,3721.0
2026-07-03 14:10:00,460.05,460.75,459.05,459.75,25648.0
2026-07-03 14:15:00,459.8,459.85,459.05,459.45,5158.0
2026-07-03 14:20:00,459.5,460.0,459.0,460.0,29346.0
2026-07-03 14:25:00,459.65,460.2,459.15,459.6,3899.0
2026-07-03 14:30:00,459.45,460.15,459.4,459.75,2804.0
2026-07-03 14:35:00,459.75,460.1,459.35,460.05,3600.0
2026-07-03 14:40:00,460.0,462.5,459.45,462.4,41764.0
2026-07-03 14:45:00,462.4,462.4,460.4,461.8,23911.0
2026-07-03 14:50:00,461.8,462.35,461.15,462.05,19862.0
2026-07-03 14:55:00,462.05,463.0,461.2,462.65,21321.0
2026-07-03 15:00:00,462.5,463.4,460.4,461.5,48308.0
2026-07-03 15:05:00,461.5,462.0,460.5,461.8,27920.0
2026-07-03 15:10:00,461.8,462.8,460.6,462.4,31058.0
2026-07-03 15:15:00,462.4,463.0,461.3,462.4,44775.0
2026-07-03 15:20:00,462.4,462.6,460.4,460.5,50701.0
2026-07-03 15:25:00,461.0,462.0,459.9,461.85,36829.0
2026-07-06 09:15:00,460.25,471.9,458.8,470.1,55830.0
2026-07-06 09:20:00,470.65,472.6,470.0,470.85,38554.0
2026-07-06 09:25:00,470.5,472.8,468.5,470.25,45962.0
2026-07-06 09:30:00,470.0,472.45,469.95,471.5,24149.0
2026-07-06 09:35:00,472.05,472.55,468.85,470.25,19713.0
2026-07-06 09:40:00,470.35,475.35,467.3,473.95,128410.0
2026-07-06 09:45:00,473.55,475.55,472.8,474.8,43618.0
2026-07-06 09:50:00,475.0,477.0,474.55,475.95,56368.0
2026-07-06 09:55:00,475.55,476.7,471.85,473.15,57847.0
2026-07-06 10:00:00,473.15,473.6,471.0,472.0,71567.0
2026-07-06 10:05:00,471.55,472.65,469.75,470.7,26573.0
2026-07-06 10:10:00,470.55,471.95,470.4,471.85,17424.0
2026-07-06 10:15:00,471.85,472.25,470.7,471.0,20540.0
2026-07-06 10:20:00,470.6,472.15,470.0,471.5,14944.0
2026-07-06 10:25:00,471.35,472.45,471.25,471.4,9774.0
2026-07-06 10:30:00,471.8,472.4,470.5,471.55,12085.0
2026-07-06 10:35:00,470.9,472.5,470.55,471.05,17886.0
2026-07-06 10:40:00,471.6,472.4,469.3,470.0,31517.0
2026-07-06 10:45:00,469.55,470.25,468.15,468.55,13729.0
2026-07-06 10:50:00,468.6,469.25,466.0,467.25,54748.0
2026-07-06 10:55:00,467.55,467.55,465.2,465.35,15486.0
2026-07-06 11:00:00,465.4,466.85,464.65,465.5,25312.0
2026-07-06 11:05:00,466.0,467.85,465.15,467.3,18463.0
2026-07-06 11:10:00,466.75,469.6,466.0,467.65,41398.0
2026-07-06 11:15:00,468.45,469.1,467.75,468.5,18159.0
2026-07-06 11:20:00,469.3,469.7,468.05,469.15,57711.0
2026-07-06 11:25:00,469.0,471.0,467.9,469.55,63678.0
2026-07-06 11:30:00,469.6,470.0,468.55,469.5,12993.0
2026-07-06 11:35:00,469.45,470.15,468.55,469.8,32594.0
2026-07-06 11:40:00,469.95,470.0,469.3,469.95,10345.0
2026-07-06 11:45:00,469.9,471.0,468.8,470.45,27945.0
2026-07-06 11:50:00,470.25,470.65,469.45,469.9,11041.0
2026-07-06 11:55:00,469.95,470.35,469.5,469.65,11038.0
2026-07-06 12:00:00,469.45,470.0,469.25,469.6,8284.0
2026-07-06 12:05:00,469.25,469.95,469.1,469.5,7938.0
2026-07-06 12:10:00,469.65,470.0,468.5,469.9,13783.0
2026-07-06 12:15:00,469.85,471.05,469.15,469.8,19211.0
2026-07-06 12:20:00,469.8,470.25,469.45,470.15,9247.0
2026-07-06 12:25:00,470.0,470.3,469.15,469.7,9578.0
2026-07-06 12:30:00,469.2,470.1,469.0,470.1,7020.0
2026-07-06 12:35:00,470.0,470.05,469.15,469.45,5383.0
2026-07-06 12:40:00,469.8,470.0,469.3,469.8,6168.0
2026-07-06 12:45:00,469.85,470.6,468.85,469.3,26962.0
2026-07-06 12:50:00,469.3,470.0,468.05,468.45,15603.0
2026-07-06 12:55:00,468.5,468.85,467.45,468.5,5872.0
2026-07-06 13:00:00,468.5,469.05,467.45,467.95,8532.0
2026-07-06 13:05:00,467.95,468.1,465.7,466.05,11489.0
2026-07-06 13:10:00,466.8,468.3,466.7,467.45,9568.0
2026-07-06 13:15:00,467.05,467.9,466.95,467.35,4516.0
2026-07-06 13:20:00,467.5,468.2,467.05,467.1,4767.0
2026-07-06 13:25:00,467.7,468.0,466.95,467.65,7205.0
2026-07-06 13:30:00,467.25,467.9,466.45,467.05,5669.0
2026-07-06 13:35:00,467.05,467.3,465.5,465.8,6277.0
2026-07-06 13:40:00,465.85,466.05,465.2,465.65,4901.0
2026-07-06 13:45:00,465.35,466.1,465.05,466.1,18446.0
2026-07-06 13:50:00,466.1,466.3,465.35,465.7,7133.0
2026-07-06 13:55:00,465.65,465.9,465.05,465.6,4917.0
2026-07-06 14:00:00,465.6,465.6,465.0,465.45,5199.0
2026-07-06 14:05:00,465.45,465.6,465.05,465.55,8385.0
2026-07-06 14:10:00,465.55,466.1,465.2,465.95,4067.0
2026-07-06 14:15:00,466.15,466.5,465.6,466.4,6560.0
2026-07-06 14:20:00,465.9,466.9,465.85,466.7,3678.0
2026-07-06 14:25:00,466.75,467.0,466.4,467.0,4090.0
2026-07-06 14:30:00,467.0,467.8,466.95,467.6,8238.0
2026-07-06 14:35:00,467.7,468.55,467.1,468.55,10924.0
2026-07-06 14:40:00,468.25,468.85,467.95,468.0,26063.0
2026-07-06 14:45:00,467.95,470.4,467.95,469.7,41873.0
2026-07-06 14:50:00,469.3,470.1,469.05,469.75,11054.0
2026-07-06 14:55:00,470.1,471.0,467.8,468.45,20441.0
2026-07-06 15:00:00,468.5,469.0,468.0,468.75,8822.0
2026-07-06 15:05:00,468.4,470.25,468.15,469.15,28406.0
2026-07-06 15:10:00,468.65,469.15,468.4,469.0,10965.0
2026-07-06 15:15:00,469.05,469.85,468.9,469.35,38966.0
2026-07-06 15:20:00,469.0,469.5,468.1,468.3,33405.0
2026-07-06 15:25:00,468.9,469.4,465.65,468.95,26581.0
2026-07-07 09:15:00,468.25,469.0,464.35,465.15,19643.0
2026-07-07 09:20:00,465.1,466.25,464.0,465.7,19246.0
2026-07-07 09:25:00,466.25,466.35,464.25,464.4,10736.0
2026-07-07 09:30:00,464.4,466.15,464.15,465.25,15341.0
2026-07-07 09:35:00,465.0,466.0,464.4,465.1,9943.0
2026-07-07 09:40:00,465.45,466.4,464.65,465.4,7068.0
2026-07-07 09:45:00,465.25,466.6,464.45,465.0,11085.0
2026-07-07 09:50:00,465.0,466.2,464.95,465.4,5322.0
2026-07-07 09:55:00,465.55,467.2,465.55,467.0,8584.0
2026-07-07 10:00:00,466.55,467.0,464.6,465.55,19807.0
2026-07-07 10:05:00,465.1,466.85,464.65,466.2,5149.0
2026-07-07 10:10:00,465.9,468.5,465.75,467.85,10177.0
2026-07-07 10:15:00,467.45,467.65,465.5,465.85,5597.0
2026-07-07 10:20:00,465.5,465.9,465.0,465.75,3623.0
2026-07-07 10:25:00,465.45,465.9,464.65,465.2,5892.0
2026-07-07 10:30:00,465.2,467.0,465.15,466.85,3595.0
2026-07-07 10:35:00,466.45,466.8,466.0,466.05,4691.0
2026-07-07 10:40:00,466.05,467.4,466.05,467.2,4227.0
2026-07-07 10:45:00,466.85,467.2,465.5,465.5,8330.0
2026-07-07 10:50:00,465.2,466.2,465.1,465.75,2770.0
2026-07-07 10:55:00,465.4,466.45,465.4,465.9,5711.0
2026-07-07 11:00:00,466.05,466.6,465.45,465.8,2886.0
2026-07-07 11:05:00,465.45,466.95,465.45,466.35,5792.0
2026-07-07 11:10:00,466.2,467.5,466.05,466.65,3903.0
2026-07-07 11:15:00,467.05,467.3,466.25,467.2,9303.0
2026-07-07 11:20:00,467.0,469.0,466.4,467.95,26135.0
2026-07-07 11:25:00,467.9,469.65,467.5,469.55,10956.0
2026-07-07 11:30:00,469.6,469.6,468.6,469.0,4515.0
2026-07-07 11:35:00,468.6,469.95,468.55,469.5,8072.0
2026-07-07 11:40:00,469.5,472.3,469.15,471.55,14785.0
2026-07-07 11:45:00,471.5,472.4,471.0,471.6,9381.0
2026-07-07 11:50:00,472.05,472.7,471.05,471.85,20920.0
2026-07-07 11:55:00,472.0,472.15,469.0,469.25,26198.0
2026-07-07 12:00:00,469.35,470.75,469.25,469.65,9346.0
2026-07-07 12:05:00,469.45,470.0,469.0,469.3,4746.0
2026-07-07 12:10:00,469.35,469.7,469.15,469.25,4067.0
2026-07-07 12:15:00,469.35,469.95,468.0,468.0,14213.0
2026-07-07 12:20:00,468.0,469.85,468.0,468.8,8377.0
2026-07-07 12:25:00,468.8,469.5,468.1,468.8,14028.0
2026-07-07 12:30:00,468.55,469.4,468.3,469.4,3532.0
2026-07-07 12:35:00,469.4,469.45,468.4,469.0,3782.0
2026-07-07 12:40:00,469.1,469.45,468.3,469.2,3197.0
2026-07-07 12:45:00,468.9,469.55,468.4,468.6,3653.0
2026-07-07 12:50:00,468.65,469.35,468.05,468.5,4200.0
2026-07-07 12:55:00,468.2,469.4,468.2,469.25,4863.0
2026-07-07 13:00:00,469.25,469.4,467.0,468.7,25105.0
2026-07-07 13:05:00,468.85,468.95,466.2,466.6,20151.0
2026-07-07 13:10:00,466.75,467.05,466.45,466.85,2329.0
2026-07-07 13:15:00,466.6,467.2,465.35,466.3,10200.0
2026-07-07 13:20:00,465.95,466.4,465.4,466.0,4370.0
2026-07-07 13:25:00,465.7,466.85,465.5,466.0,7805.0
2026-07-07 13:30:00,465.8,466.0,465.15,465.2,7810.0
2026-07-07 13:35:00,465.2,465.95,464.6,465.55,6119.0
2026-07-07 13:40:00,465.6,465.85,463.7,464.25,37083.0
2026-07-07 13:45:00,464.55,466.35,464.3,465.0,8324.0
2026-07-07 13:50:00,464.8,466.0,464.55,465.45,19800.0
2026-07-07 13:55:00,465.05,465.65,464.5,464.95,3920.0
2026-07-07 14:00:00,464.7,465.0,464.35,464.75,3170.0
2026-07-07 14:05:00,464.7,465.0,464.3,464.95,2422.0
2026-07-07 14:10:00,464.95,465.0,464.6,464.85,4426.0
2026-07-07 14:15:00,464.85,464.9,464.0,464.8,3288.0
2026-07-07 14:20:00,464.8,464.95,464.0,464.65,3273.0
2026-07-07 14:25:00,464.75,464.85,464.05,464.15,4640.0
2026-07-07 14:30:00,464.15,465.0,464.0,464.85,4612.0
2026-07-07 14:35:00,464.55,464.95,464.1,464.35,3097.0
2026-07-07 14:40:00,464.85,464.85,463.25,464.05,6505.0
2026-07-07 14:45:00,464.0,464.8,463.2,463.6,7277.0
2026-07-07 14:50:00,463.55,464.35,462.5,463.2,32377.0
2026-07-07 14:55:00,463.2,465.5,462.5,464.6,47153.0
2026-07-07 15:00:00,464.6,465.0,464.25,464.8,4145.0
2026-07-07 15:05:00,465.0,466.3,464.15,464.75,31755.0
2026-07-07 15:10:00,464.55,465.0,464.0,464.5,9810.0
2026-07-07 15:15:00,464.8,465.0,464.7,464.95,12690.0
2026-07-07 15:20:00,464.95,464.95,463.7,464.1,10999.0
2026-07-07 15:25:00,463.9,465.0,463.7,464.55,16427.0
2026-07-08 09:15:00,467.0,470.25,465.05,468.9,21457.0
2026-07-08 09:20:00,468.85,470.0,465.65,468.4,14258.0
2026-07-08 09:25:00,468.4,470.95,468.4,469.35,10704.0
2026-07-08 09:30:00,469.25,472.5,469.05,471.45,30720.0
2026-07-08 09:35:00,471.45,472.2,467.4,467.75,24610.0
2026-07-08 09:40:00,468.3,468.55,467.0,467.0,5544.0
2026-07-08 09:45:00,467.0,468.45,466.0,468.35,16458.0
2026-07-08 09:50:00,468.0,468.35,466.6,467.75,8819.0
2026-07-08 09:55:00,467.55,470.3,466.9,469.1,20996.0
2026-07-08 10:00:00,469.05,470.85,468.6,469.75,7255.0
2026-07-08 10:05:00,469.9,469.9,469.0,469.05,2363.0
2026-07-08 10:10:00,469.25,469.75,468.8,469.35,4533.0
2026-07-08 10:15:00,469.25,469.85,469.15,469.85,5236.0
2026-07-08 10:20:00,469.45,470.5,469.45,470.0,10532.0
2026-07-08 10:25:00,470.0,470.3,468.2,468.35,12060.0
2026-07-08 10:30:00,468.3,469.4,468.3,469.0,3478.0
2026-07-08 10:35:00,468.8,469.45,468.5,468.9,3422.0
2026-07-08 10:40:00,469.35,469.55,468.55,469.0,5045.0
2026-07-08 10:45:00,468.3,469.2,468.25,469.05,5865.0
2026-07-08 10:50:00,469.05,469.3,468.95,469.0,4335.0
2026-07-08 10:55:00,469.0,469.4,468.95,469.0,6243.0
2026-07-08 11:00:00,468.95,469.45,468.8,469.05,3303.0
2026-07-08 11:05:00,469.1,469.35,468.95,469.0,4481.0
2026-07-08 11:10:00,469.0,470.3,468.95,469.2,17858.0
2026-07-08 11:15:00,469.05,470.0,468.8,469.3,37682.0
2026-07-08 11:20:00,469.0,469.8,468.9,469.4,38344.0
2026-07-08 11:25:00,469.0,469.45,468.95,469.3,9219.0
2026-07-08 11:30:00,469.1,469.5,468.85,469.3,11731.0
2026-07-08 11:35:00,469.25,469.6,468.95,469.2,8441.0
2026-07-08 11:40:00,469.0,469.45,468.95,469.25,10051.0
2026-07-08 11:45:00,469.25,469.45,468.95,469.3,29938.0
2026-07-08 11:50:00,469.3,469.3,467.85,468.65,35414.0
2026-07-08 11:55:00,468.6,468.85,467.75,468.4,6510.0
2026-07-08 12:00:00,468.15,468.65,468.05,468.2,1494.0
2026-07-08 12:05:00,468.2,469.7,467.75,469.25,15017.0
2026-07-08 12:10:00,469.0,469.25,468.95,469.25,1953.0
2026-07-08 12:15:00,469.0,469.5,468.95,469.15,17071.0
2026-07-08 12:20:00,469.05,469.2,468.95,469.15,1137.0
2026-07-08 12:25:00,469.05,469.35,468.95,469.3,3155.0
2026-07-08 12:30:00,469.1,469.3,468.95,469.2,3748.0
2026-07-08 12:35:00,469.0,469.35,468.95,469.2,2548.0
2026-07-08 12:40:00,469.05,469.3,468.95,469.2,1381.0
2026-07-08 12:45:00,468.95,474.0,468.95,471.75,42042.0
2026-07-08 12:50:00,471.65,472.55,470.95,472.35,38537.0
2026-07-08 12:55:00,472.4,473.0,471.4,472.8,13752.0
2026-07-08 13:00:00,472.65,473.6,472.05,472.85,15727.0
2026-07-08 13:05:00,473.1,475.2,472.65,475.0,39346.0
2026-07-08 13:10:00,475.25,475.3,473.4,474.3,28134.0
2026-07-08 13:15:00,474.2,474.2,472.15,473.0,23897.0
2026-07-08 13:20:00,473.0,473.2,472.05,472.8,7224.0
2026-07-08 13:25:00,472.8,473.55,472.1,473.15,20112.0
2026-07-08 13:30:00,472.95,473.4,472.85,473.25,17286.0
2026-07-08 13:35:00,473.3,473.6,472.85,473.3,15285.0
2026-07-08 13:40:00,473.0,473.85,472.45,473.4,33706.0
2026-07-08 13:45:00,473.05,473.5,472.3,472.85,19625.0
2026-07-08 13:50:00,472.7,472.7,469.0,469.8,20860.0
2026-07-08 13:55:00,469.3,469.95,468.3,468.75,33973.0
2026-07-08 14:00:00,468.8,469.55,466.05,467.15,24845.0
2026-07-08 14:05:00,467.15,467.4,465.2,466.6,24234.0
2026-07-08 14:10:00,466.8,466.8,464.5,466.35,22585.0
2026-07-08 14:15:00,465.95,466.95,465.5,466.65,8905.0
2026-07-08 14:20:00,465.9,467.45,465.1,466.5,44729.0
2026-07-08 14:25:00,466.8,467.25,466.15,466.7,11439.0
2026-07-08 14:30:00,466.65,469.25,465.0,465.55,38374.0
2026-07-08 14:35:00,465.3,466.9,464.65,466.9,35675.0
2026-07-08 14:40:00,466.8,467.0,466.1,467.0,17373.0
2026-07-08 14:45:00,467.0,467.0,464.9,465.45,26611.0
2026-07-08 14:50:00,465.15,465.3,463.05,464.5,10310.0
2026-07-08 14:55:00,464.45,465.9,464.0,465.45,14608.0
2026-07-08 15:00:00,465.35,468.0,462.25,468.0,89986.0
2026-07-08 15:05:00,468.2,468.95,467.6,468.0,20507.0
2026-07-08 15:10:00,467.85,469.0,467.25,469.0,12943.0
2026-07-08 15:15:00,469.0,470.4,468.15,469.05,28269.0
2026-07-08 15:20:00,468.95,470.8,468.1,470.0,30887.0
2026-07-08 15:25:00,470.25,472.0,469.0,471.9,36999.0
2026-07-09 09:15:00,474.95,478.8,462.3,468.8,250179.0
2026-07-09 09:20:00,469.0,470.7,463.5,464.45,51674.0
2026-07-09 09:25:00,464.75,465.7,460.5,461.8,39121.0
2026-07-09 09:30:00,461.8,466.9,461.8,466.4,31315.0
2026-07-09 09:35:00,466.9,468.0,465.3,468.0,18834.0
2026-07-09 09:40:00,468.0,469.35,467.5,469.1,16403.0
2026-07-09 09:45:00,469.3,470.0,468.5,470.0,14631.0
2026-07-09 09:50:00,469.5,470.0,467.0,468.55,25584.0
2026-07-09 09:55:00,468.25,471.0,468.2,468.9,42574.0
2026-07-09 10:00:00,469.55,469.55,467.2,467.9,14494.0
2026-07-09 10:05:00,467.95,469.0,465.7,468.45,16947.0
2026-07-09 10:10:00,468.0,468.45,467.35,467.75,8592.0
2026-07-09 10:15:00,467.65,468.0,466.8,467.15,23705.0
2026-07-09 10:20:00,467.0,468.55,466.5,468.55,4598.0
2026-07-09 10:25:00,468.65,469.0,467.3,468.25,6346.0
2026-07-09 10:30:00,468.05,468.65,467.5,467.65,2110.0
2026-07-09 10:35:00,467.75,467.75,466.05,466.25,5034.0
2026-07-09 10:40:00,466.5,466.8,464.0,464.15,26383.0
2026-07-09 10:45:00,464.0,464.4,462.35,464.4,23927.0
2026-07-09 10:50:00,465.6,466.95,465.3,466.65,7536.0
2026-07-09 10:55:00,466.7,467.0,466.1,466.45,3666.0
2026-07-09 11:00:00,466.5,468.25,465.6,467.55,12934.0
2026-07-09 11:05:00,467.6,467.75,464.7,466.6,11865.0
2026-07-09 11:10:00,466.4,466.6,465.65,466.1,4115.0
2026-07-09 11:15:00,465.65,466.1,465.3,465.6,664.0
2026-07-09 11:20:00,465.6,465.6,464.0,464.5,3752.0
2026-07-09 11:25:00,464.5,465.0,463.2,463.6,9060.0
2026-07-09 11:30:00,463.3,464.5,463.3,464.05,1741.0
2026-07-09 11:35:00,463.8,465.45,463.7,465.45,16431.0
2026-07-09 11:40:00,465.45,465.95,465.45,465.65,2375.0
2026-07-09 11:45:00,465.65,466.0,465.65,465.85,1966.0
2026-07-09 11:50:00,465.75,465.8,464.5,464.7,3502.0
2026-07-09 11:55:00,464.5,464.95,462.5,463.6,16744.0
2026-07-09 12:00:00,463.6,464.85,463.6,464.85,2520.0
2026-07-09 12:05:00,464.85,464.85,464.3,464.75,2312.0
2026-07-09 12:10:00,464.75,466.65,464.0,466.4,18439.0
2026-07-09 12:15:00,466.65,466.85,466.25,466.75,3169.0
2026-07-09 12:20:00,466.75,466.8,465.6,465.6,3181.0
2026-07-09 12:25:00,466.1,470.8,466.05,470.25,50410.0
2026-07-09 12:30:00,470.25,471.65,469.7,471.2,46418.0
2026-07-09 12:35:00,471.2,471.8,468.85,470.85,98909.0
2026-07-09 12:40:00,470.85,471.45,470.05,471.0,26546.0
2026-07-09 12:45:00,471.35,472.0,470.4,471.05,8845.0
2026-07-09 12:50:00,471.05,471.2,470.3,470.65,7171.0
2026-07-09 12:55:00,470.65,470.95,469.8,470.25,7168.0
2026-07-09 13:00:00,470.0,471.05,469.3,471.0,20920.0
2026-07-09 13:05:00,471.0,471.05,470.15,470.85,7024.0
2026-07-09 13:10:00,470.8,472.0,470.45,471.45,13164.0
2026-07-09 13:15:00,471.85,472.5,471.35,472.35,10448.0
2026-07-09 13:20:00,472.25,472.45,471.55,471.55,9600.0
2026-07-09 13:25:00,471.55,472.0,470.9,472.0,9741.0
2026-07-09 13:30:00,471.45,471.75,471.0,471.45,7520.0
2026-07-09 13:35:00,471.5,472.0,471.0,471.55,11694.0
2026-07-09 13:40:00,471.6,471.75,470.5,471.0,16723.0
2026-07-09 13:45:00,470.7,471.15,470.7,471.15,4509.0
2026-07-09 13:50:00,471.3,471.75,470.6,471.15,8160.0
2026-07-09 13:55:00,471.1,471.55,470.15,470.25,8998.0
2026-07-09 14:00:00,470.45,472.0,470.25,471.95,11083.0
2026-07-09 14:05:00,471.95,472.15,471.05,471.4,6764.0
2026-07-09 14:10:00,471.5,471.6,470.55,470.85,5250.0
2026-07-09 14:15:00,470.95,470.95,470.15,470.7,8471.0
2026-07-09 14:20:00,470.8,470.95,470.0,470.5,10255.0
2026-07-09 14:25:00,470.5,470.8,469.3,469.95,29443.0
2026-07-09 14:30:00,469.95,470.85,469.7,470.5,6737.0
2026-07-09 14:35:00,470.6,470.6,470.3,470.3,5742.0
2026-07-09 14:40:00,470.55,470.6,469.75,470.0,5898.0
2026-07-09 14:45:00,469.95,470.9,469.45,470.8,13408.0
2026-07-09 14:50:00,470.85,471.4,470.35,471.1,12428.0
2026-07-09 14:55:00,470.8,471.5,470.75,471.3,21674.0
2026-07-09 15:00:00,471.05,471.2,469.6,470.0,17218.0
2026-07-09 15:05:00,470.0,470.25,469.55,469.95,13698.0
2026-07-09 15:10:00,469.7,470.6,469.7,470.55,11405.0
2026-07-09 15:15:00,470.55,474.1,469.85,472.5,61940.0
2026-07-09 15:20:00,472.5,474.65,471.95,473.4,41171.0
2026-07-09 15:25:00,473.05,473.45,472.45,472.45,20102.0
2026-07-10 09:15:00,475.0,475.0,471.0,472.05,31606.0
2026-07-10 09:20:00,471.65,471.8,469.05,470.25,8879.0
2026-07-10 09:25:00,469.75,470.2,469.0,469.45,11609.0
2026-07-10 09:30:00,471.15,473.2,469.35,470.0,19797.0
2026-07-10 09:35:00,470.0,473.0,469.15,472.7,14133.0
2026-07-10 09:40:00,473.0,474.15,472.2,473.0,10341.0
2026-07-10 09:45:00,473.4,474.0,472.45,472.5,15791.0
2026-07-10 09:50:00,473.0,473.25,471.65,471.9,8333.0
2026-07-10 09:55:00,471.9,472.0,470.3,471.3,7135.0
2026-07-10 10:00:00,471.3,471.85,470.6,471.35,6220.0
2026-07-10 10:05:00,471.1,471.5,470.5,470.75,6650.0
2026-07-10 10:10:00,470.55,471.45,470.0,470.5,13766.0
2026-07-10 10:15:00,470.0,472.0,468.85,471.6,84455.0
2026-07-10 10:20:00,471.15,471.45,469.7,470.05,8272.0
2026-07-10 10:25:00,470.05,470.1,469.35,469.4,6410.0
2026-07-10 10:30:00,469.65,470.0,468.1,468.85,10948.0
2026-07-10 10:35:00,469.35,469.4,466.0,466.55,12916.0
2026-07-10 10:40:00,466.6,468.8,466.55,468.2,7867.0
2026-07-10 10:45:00,468.5,469.35,468.2,468.45,4773.0
2026-07-10 10:50:00,468.55,468.95,468.0,468.7,4624.0
2026-07-10 10:55:00,468.9,469.05,468.05,468.15,3856.0
2026-07-10 11:00:00,468.1,468.65,467.65,467.65,4243.0
2026-07-10 11:05:00,467.6,468.25,467.0,467.55,6647.0
2026-07-10 11:10:00,468.0,468.25,467.4,467.45,3662.0
2026-07-10 11:15:00,467.9,468.05,467.15,467.45,5238.0
2026-07-10 11:20:00,467.55,468.1,467.25,467.35,5404.0
2026-07-10 11:25:00,467.8,469.7,467.75,469.25,10729.0
2026-07-10 11:30:00,469.8,470.7,469.5,470.0,10446.0
2026-07-10 11:35:00,470.2,470.95,469.5,469.85,7478.0
2026-07-10 11:40:00,469.45,470.0,467.85,468.35,10463.0
2026-07-10 11:45:00,468.4,469.35,468.0,468.8,16318.0
2026-07-10 11:50:00,469.3,469.65,468.5,469.55,4817.0
2026-07-10 11:55:00,469.05,469.5,468.35,469.5,7657.0
2026-07-10 12:00:00,469.5,469.85,469.15,469.75,5078.0
2026-07-10 12:05:00,469.5,470.0,469.1,469.85,7397.0
2026-07-10 12:10:00,469.85,469.85,468.85,469.55,3438.0
2026-07-10 12:15:00,469.6,469.85,468.8,469.55,5214.0
2026-07-10 12:20:00,469.5,470.0,469.15,469.7,4079.0
2026-07-10 12:25:00,469.8,470.0,469.05,469.65,4553.0
2026-07-10 12:30:00,469.45,470.25,469.2,470.25,7449.0
2026-07-10 12:35:00,470.4,471.3,468.2,469.05,27978.0
2026-07-10 12:40:00,469.15,470.15,469.1,469.9,6118.0
2026-07-10 12:45:00,469.85,469.9,469.5,469.9,5078.0
2026-07-10 12:50:00,470.0,470.45,469.6,469.85,5924.0
2026-07-10 12:55:00,469.8,470.25,469.55,470.0,4952.0
2026-07-10 13:00:00,469.85,470.1,468.6,468.85,159336.0
2026-07-10 13:05:00,468.85,469.0,467.85,468.85,7213.0
2026-07-10 13:10:00,468.9,470.0,468.7,469.8,5100.0
2026-07-10 13:15:00,469.9,470.9,469.55,470.9,7914.0
2026-07-10 13:20:00,470.8,471.5,470.7,470.85,7100.0
2026-07-10 13:25:00,471.05,471.4,470.15,470.5,5423.0
2026-07-10 13:30:00,470.75,471.0,470.4,470.9,4729.0
2026-07-10 13:35:00,471.1,472.0,470.7,472.0,5946.0
2026-07-10 13:40:00,471.95,472.5,471.6,472.0,6491.0
2026-07-10 13:45:00,472.0,472.6,471.4,472.5,49300.0
2026-07-10 13:50:00,472.5,474.0,472.4,473.65,24487.0
2026-07-10 13:55:00,473.6,474.0,473.3,474.0,10940.0
2026-07-10 14:00:00,474.0,475.0,473.75,474.6,22506.0
2026-07-10 14:05:00,474.7,475.0,473.0,473.9,15842.0
2026-07-10 14:10:00,474.05,474.35,473.65,473.95,8044.0
2026-07-10 14:15:00,473.95,474.3,473.5,474.2,11801.0
2026-07-10 14:20:00,474.2,475.0,473.75,474.95,26593.0
2026-07-10 14:25:00,474.8,474.85,473.55,473.9,12089.0
2026-07-10 14:30:00,473.9,474.4,473.8,474.0,8062.0
2026-07-10 14:35:00,473.95,474.6,473.9,473.95,10007.0
2026-07-10 14:40:00,474.15,474.4,473.75,473.9,9206.0
2026-07-10 14:45:00,474.1,474.5,473.8,474.4,8311.0
2026-07-10 14:50:00,474.25,474.5,473.4,473.65,22631.0
2026-07-10 14:55:00,473.65,474.45,473.5,473.65,16022.0
2026-07-10 15:00:00,473.55,474.5,473.55,474.0,12310.0
2026-07-10 15:05:00,474.0,474.45,473.35,474.3,12182.0
2026-07-10 15:10:00,474.2,474.2,471.55,471.8,26435.0
2026-07-10 15:15:00,471.5,472.6,471.2,471.45,26643.0
2026-07-10 15:20:00,471.4,471.4,470.4,471.0,17841.0
2026-07-10 15:25:00,471.0,473.9,469.25,473.9,27033.0
