timestamp,open,high,low,close,volume
2026-06-01 09:15:00,288.75,292.4,288.0,292.2,39170.0
2026-06-01 09:20:00,292.2,292.5,290.85,292.5,36382.0
2026-06-01 09:25:00,292.5,292.55,291.05,291.6,26356.0
2026-06-01 09:30:00,291.6,292.0,291.05,291.65,18571.0
2026-06-01 09:35:00,291.5,292.4,291.15,291.95,28815.0
2026-06-01 09:40:00,292.05,292.3,290.15,290.4,37619.0
2026-06-01 09:45:00,290.4,290.85,290.0,290.2,13632.0
2026-06-01 09:50:00,290.3,290.7,289.9,290.4,28519.0
2026-06-01 09:55:00,290.3,290.65,290.0,290.35,5987.0
2026-06-01 10:00:00,290.35,290.55,289.65,289.85,12948.0
2026-06-01 10:05:00,289.7,290.55,289.25,290.3,38257.0
2026-06-01 10:10:00,290.2,290.4,289.35,289.55,12032.0
2026-06-01 10:15:00,289.15,289.15,288.5,288.8,10495.0
2026-06-01 10:20:00,288.75,290.0,288.3,289.8,25886.0
2026-06-01 10:25:00,289.95,290.85,289.95,290.65,16887.0
2026-06-01 10:30:00,290.55,290.7,290.1,290.25,8042.0
2026-06-01 10:35:00,290.25,290.75,290.0,290.75,10782.0
2026-06-01 10:40:00,290.55,291.0,290.4,291.0,16929.0
2026-06-01 10:45:00,290.9,291.9,290.65,291.7,14456.0
2026-06-01 10:50:00,291.75,291.95,291.55,291.95,4387.0
2026-06-01 10:55:00,291.95,292.8,291.6,292.15,50095.0
2026-06-01 11:00:00,292.2,292.7,292.1,292.6,36390.0
2026-06-01 11:05:00,292.6,292.6,292.3,292.5,7691.0
2026-06-01 11:10:00,292.5,292.8,292.3,292.65,8620.0
2026-06-01 11:15:00,292.65,292.65,292.3,292.45,5969.0
2026-06-01 11:20:00,292.45,292.5,291.95,292.05,12007.0
2026-06-01 11:25:00,292.0,292.0,291.6,291.75,5299.0
2026-06-01 11:30:00,291.75,292.45,290.95,292.45,29008.0
2026-06-01 11:35:00,292.4,292.65,291.8,292.05,52268.0
2026-06-01 11:40:00,292.05,292.9,291.85,292.9,37091.0
2026-06-01 11:45:00,292.9,292.95,292.2,292.8,11707.0
2026-06-01 11:50:00,292.7,292.8,291.75,292.0,27632.0
2026-06-01 11:55:00,292.0,292.0,291.35,291.55,11065.0
2026-06-01 12:00:00,291.55,291.8,291.5,291.6,3895.0
2026-06-01 12:05:00,291.75,291.95,291.35,291.75,11544.0
2026-06-01 12:10:00,291.75,292.0,291.45,291.85,5998.0
2026-06-01 12:15:00,291.7,292.0,291.35,291.85,8787.0
2026-06-01 12:20:00,291.85,291.95,291.6,291.8,5190.0
2026-06-01 12:25:00,291.95,292.0,291.55,292.0,9872.0
2026-06-01 12:30:00,292.0,292.0,291.6,291.8,5067.0
2026-06-01 12:35:00,291.8,292.0,291.45,291.75,7767.0
2026-06-01 12:40:00,292.0,292.25,291.5,292.25,27584.0
2026-06-01 12:45:00,292.25,292.55,291.95,292.4,7786.0
2026-06-01 12:50:00,292.4,292.75,292.15,292.45,8076.0
2026-06-01 12:55:00,292.6,292.8,291.8,291.85,26148.0
2026-06-01 13:00:00,291.9,292.75,291.5,292.45,95648.0
2026-06-01 13:05:00,292.6,292.75,292.05,292.1,8456.0
2026-06-01 13:10:00,292.15,292.25,291.4,291.75,5846.0
2026-06-01 13:15:00,291.75,291.9,291.5,291.8,10660.0
2026-06-01 13:20:00,291.55,291.55,288.0,288.15,63774.0
2026-06-01 13:25:00,288.15,288.3,285.25,286.25,67823.0
2026-06-01 13:30:00,286.4,287.5,285.55,287.5,78030.0
2026-06-01 13:35:00,287.4,288.5,286.7,287.6,71541.0
2026-06-01 13:40:00,287.4,288.8,287.1,287.8,66270.0
2026-06-01 13:45:00,287.15,287.5,286.6,286.7,48768.0
2026-06-01 13:50:00,286.9,287.0,286.2,286.35,48105.0
2026-06-01 13:55:00,286.8,287.25,286.4,286.65,35513.0
2026-06-01 14:00:00,286.7,286.75,285.8,286.05,34333.0
2026-06-01 14:05:00,286.0,288.0,285.1,286.8,150873.0
2026-06-01 14:10:00,287.0,287.0,286.1,286.45,36850.0
2026-06-01 14:15:00,286.1,286.8,285.0,285.15,46691.0
2026-06-01 14:20:00,285.15,285.45,284.0,284.05,61380.0
2026-06-01 14:25:00,284.0,284.35,282.0,282.8,243533.0
2026-06-01 14:30:00,283.0,285.4,282.85,285.3,96792.0
2026-06-01 14:35:00,285.25,285.65,284.8,285.65,101670.0
2026-06-01 14:40:00,285.3,285.8,284.8,285.05,76887.0
2026-06-01 14:45:00,285.25,286.15,285.2,285.45,42380.0
2026-06-01 14:50:00,285.45,285.6,284.85,285.15,57419.0
2026-06-01 14:55:00,285.0,285.4,283.45,283.7,61314.0
2026-06-01 15:00:00,284.35,287.75,283.4,287.0,577406.0
2026-06-01 15:05:00,287.0,287.25,285.5,286.35,540997.0
2026-06-01 15:10:00,286.35,288.15,285.8,286.15,466635.0
2026-06-01 15:15:00,286.15,288.2,285.25,285.6,463229.0
2026-06-01 15:20:00,285.65,287.05,285.05,285.7,527699.0
2026-06-01 15:25:00,285.7,286.5,284.85,286.0,430777.0
2026-06-02 09:15:00,285.1,286.85,282.4,286.05,62352.0
2026-06-02 09:20:00,286.15,288.3,286.15,287.9,33265.0
2026-06-02 09:25:00,287.95,288.0,287.3,287.55,13031.0
2026-06-02 09:30:00,287.7,287.95,287.2,287.8,10296.0
2026-06-02 09:35:00,287.8,289.4,287.6,289.35,58211.0
2026-06-02 09:40:00,289.1,289.5,288.3,288.5,12122.0
2026-06-02 09:45:00,288.55,288.95,288.3,288.85,6987.0
2026-06-02 09:50:00,288.5,289.3,288.15,289.0,21847.0
2026-06-02 09:55:00,288.85,289.2,288.4,288.6,10238.0
2026-06-02 10:00:00,288.85,289.6,288.85,289.5,31829.0
2026-06-02 10:05:00,289.55,289.6,288.45,288.7,7057.0
2026-06-02 10:10:00,288.75,289.05,288.2,289.05,7415.0
2026-06-02 10:15:00,289.0,289.8,288.5,289.8,8041.0
2026-06-02 10:20:00,289.8,290.0,289.6,289.85,9289.0
2026-06-02 10:25:00,289.85,290.4,289.65,290.2,35685.0
2026-06-02 10:30:00,290.35,290.4,289.15,289.6,5051.0
2026-06-02 10:35:00,289.35,289.75,289.2,289.7,6033.0
2026-06-02 10:40:00,289.8,289.8,289.25,289.5,2444.0
2026-06-02 10:45:00,289.5,289.5,288.8,288.8,4430.0
2026-06-02 10:50:00,288.75,290.0,288.7,289.0,16583.0
2026-06-02 10:55:00,289.0,289.0,288.15,288.5,9835.0
2026-06-02 11:00:00,288.5,289.4,288.3,289.05,16012.0
2026-06-02 11:05:00,288.85,289.7,288.75,289.5,9379.0
2026-06-02 11:10:00,289.5,289.7,289.1,289.65,10168.0
2026-06-02 11:15:00,289.65,289.7,289.5,289.5,1997.0
2026-06-02 11:20:00,289.8,290.0,289.5,289.95,9573.0
2026-06-02 11:25:00,289.8,289.8,289.35,289.7,2901.0
2026-06-02 11:30:00,289.7,290.3,289.55,290.15,8484.0
2026-06-02 11:35:00,289.95,291.3,289.7,290.95,21758.0
2026-06-02 11:40:00,291.15,291.25,290.7,291.2,8523.0
2026-06-02 11:45:00,291.2,291.2,290.7,290.9,2494.0
2026-06-02 11:50:00,291.2,291.3,290.8,290.85,6832.0
2026-06-02 11:55:00,291.0,291.0,290.6,290.8,5064.0
2026-06-02 12:00:00,290.6,291.15,290.4,290.75,8274.0
2026-06-02 12:05:00,290.6,290.65,290.15,290.5,11562.0
2026-06-02 12:10:00,290.5,290.8,290.2,290.65,6174.0
2026-06-02 12:15:00,290.65,291.1,290.3,290.8,13812.0
2026-06-02 12:20:00,290.95,291.0,290.55,290.7,16115.0
2026-06-02 12:25:00,290.7,291.1,290.5,290.8,20351.0
2026-06-02 12:30:00,290.8,291.45,290.6,291.25,15754.0
2026-06-02 12:35:00,291.2,291.2,290.7,291.0,6319.0
2026-06-02 12:40:00,290.85,291.85,290.6,291.85,20416.0
2026-06-02 12:45:00,291.9,293.2,291.55,292.7,65819.0
2026-06-02 12:50:00,292.85,293.0,292.45,292.7,18673.0
2026-06-02 12:55:00,292.5,292.95,292.45,292.5,8006.0
2026-06-02 13:00:00,292.7,292.75,292.2,292.25,12932.0
2026-06-02 13:05:00,292.3,292.4,291.85,292.05,7612.0
2026-06-02 13:10:00,292.05,292.55,291.6,291.85,24522.0
2026-06-02 13:15:00,291.95,292.2,291.65,292.15,22832.0
2026-06-02 13:20:00,292.15,292.4,291.9,292.35,10245.0
2026-06-02 13:25:00,292.4,292.5,292.15,292.45,6211.0
2026-06-02 13:30:00,292.45,292.5,292.15,292.45,9549.0
2026-06-02 13:35:00,292.45,292.5,291.7,292.0,10104.0
2026-06-02 13:40:00,292.0,292.0,291.05,291.3,36763.0
2026-06-02 13:45:00,291.2,292.25,291.1,292.1,19433.0
2026-06-02 13:50:00,292.1,292.2,291.65,292.1,7058.0
2026-06-02 13:55:00,292.1,292.4,291.6,292.15,11621.0
2026-06-02 14:00:00,292.15,292.3,291.65,292.1,10109.0
2026-06-02 14:05:00,292.2,292.25,291.8,292.1,5322.0
2026-06-02 14:10:00,292.1,292.2,291.9,292.2,6390.0
2026-06-02 14:15:00,292.2,292.2,291.9,292.2,7495.0
2026-06-02 14:20:00,292.2,292.65,292.05,292.25,16454.0
2026-06-02 14:25:00,292.25,292.7,291.85,292.55,25089.0
2026-06-02 14:30:00,292.5,292.55,291.9,292.0,18041.0
2026-06-02 14:35:00,292.0,293.0,292.0,292.85,42149.0
2026-06-02 14:40:00,292.95,292.95,292.05,292.55,13315.0
2026-06-02 14:45:00,292.55,292.95,292.4,292.95,22007.0
2026-06-02 14:50:00,292.7,292.95,292.35,292.55,24297.0
2026-06-02 14:55:00,292.65,292.8,292.2,292.6,24894.0
2026-06-02 15:00:00,292.3,292.9,291.85,292.85,23760.0
2026-06-02 15:05:00,292.85,292.95,292.7,292.8,23789.0
2026-06-02 15:10:00,292.9,293.0,292.7,293.0,35661.0
2026-06-02 15:15:00,292.8,293.0,292.75,293.0,34138.0
2026-06-02 15:20:00,292.9,293.8,292.9,292.95,54145.0
2026-06-02 15:25:00,293.25,294.0,292.9,293.15,41402.0
2026-06-03 09:15:00,293.05,293.05,289.55,291.25,70358.0
2026-06-03 09:20:00,291.3,291.7,290.45,290.45,41885.0
2026-06-03 09:25:00,290.65,290.65,289.2,289.7,21300.0
2026-06-03 09:30:00,289.5,289.5,288.3,288.5,37065.0
2026-06-03 09:35:00,288.5,289.3,288.3,289.3,16927.0
2026-06-03 09:40:00,289.35,290.05,289.25,290.0,7212.0
2026-06-03 09:45:00,290.0,290.1,289.35,289.35,12809.0
2026-06-03 09:50:00,289.35,289.9,289.25,289.25,7282.0
2026-06-03 09:55:00,289.2,289.25,288.3,288.45,23281.0
2026-06-03 10:00:00,288.55,288.6,287.0,287.25,56947.0
2026-06-03 10:05:00,287.45,287.5,286.75,287.25,40101.0
2026-06-03 10:10:00,287.25,287.25,286.6,286.7,12312.0
2026-06-03 10:15:00,287.0,287.5,286.8,287.45,7424.0
2026-06-03 10:20:00,287.45,287.85,287.3,287.3,13791.0
2026-06-03 10:25:00,287.5,287.55,287.2,287.3,11961.0
2026-06-03 10:30:00,287.3,287.35,286.5,286.65,8845.0
2026-06-03 10:35:00,286.7,286.95,286.7,286.9,5538.0
2026-06-03 10:40:00,286.75,287.05,285.85,286.25,84953.0
2026-06-03 10:45:00,286.25,286.35,285.25,285.3,20511.0
2026-06-03 10:50:00,285.3,285.35,284.8,285.35,40907.0
2026-06-03 10:55:00,285.35,285.8,285.25,285.75,15900.0
2026-06-03 11:00:00,285.8,286.1,285.5,285.7,18577.0
2026-06-03 11:05:00,285.7,285.7,285.1,285.3,9245.0
2026-06-03 11:10:00,285.25,285.9,285.25,285.85,12981.0
2026-06-03 11:15:00,285.85,287.3,285.7,287.25,30729.0
2026-06-03 11:20:00,287.3,287.7,287.2,287.4,14208.0
2026-06-03 11:25:00,287.4,287.45,287.15,287.35,11351.0
2026-06-03 11:30:00,287.35,287.65,287.1,287.3,9285.0
2026-06-03 11:35:00,287.3,287.3,287.0,287.15,20474.0
2026-06-03 11:40:00,286.95,287.5,286.95,287.35,12702.0
2026-06-03 11:45:00,287.35,287.35,287.05,287.3,7205.0
2026-06-03 11:50:00,287.3,288.1,287.15,288.1,16621.0
2026-06-03 11:55:00,288.1,288.1,287.5,288.05,55057.0
2026-06-03 12:00:00,288.0,288.05,286.2,286.5,49422.0
2026-06-03 12:05:00,286.5,287.05,285.9,286.15,21039.0
2026-06-03 12:10:00,286.15,286.8,286.0,286.45,15066.0
2026-06-03 12:15:00,286.45,286.85,285.6,286.65,16428.0
2026-06-03 12:20:00,286.85,287.5,286.4,286.6,16801.0
2026-06-03 12:25:00,286.6,286.9,286.35,286.7,10981.0
2026-06-03 12:30:00,286.7,287.45,286.7,287.2,8626.0
2026-06-03 12:35:00,287.3,288.4,287.2,287.75,17440.0
2026-06-03 12:40:00,287.75,288.4,287.75,288.15,11534.0
2026-06-03 12:45:00,288.35,288.85,288.05,288.15,16005.0
2026-06-03 12:50:00,288.25,288.3,287.55,287.6,23635.0
2026-06-03 12:55:00,287.55,287.65,287.4,287.5,7321.0
2026-06-03 13:00:00,287.6,287.6,287.15,287.3,7143.0
2026-06-03 13:05:00,287.4,287.4,287.0,287.05,7536.0
2026-06-03 13:10:00,287.05,287.1,287.0,287.05,5536.0
2026-06-03 13:15:00,287.1,287.7,287.1,287.35,8725.0
2026-06-03 13:20:00,287.25,287.8,287.25,287.7,4612.0
2026-06-03 13:25:00,287.7,287.8,287.2,287.2,9768.0
2026-06-03 13:30:00,287.2,287.45,287.15,287.25,8166.0
2026-06-03 13:35:00,287.2,287.45,287.15,287.2,2901.0
2026-06-03 13:40:00,287.15,287.3,287.0,287.0,6944.0
2026-06-03 13:45:00,287.05,288.0,287.0,287.4,6436.0
2026-06-03 13:50:00,287.4,287.75,287.0,287.0,9720.0
2026-06-03 13:55:00,287.0,287.35,287.0,287.1,8585.0
2026-06-03 14:00:00,287.05,287.55,287.05,287.25,11567.0
2026-06-03 14:05:00,287.25,288.45,287.15,288.05,19780.0
2026-06-03 14:10:00,288.05,288.15,287.6,287.6,10883.0
2026-06-03 14:15:00,287.6,288.2,287.55,287.95,11403.0
2026-06-03 14:20:00,288.0,288.6,287.8,288.15,17522.0
2026-06-03 14:25:00,288.15,288.8,288.0,288.7,10657.0
2026-06-03 14:30:00,288.65,289.1,288.6,288.75,36334.0
2026-06-03 14:35:00,288.9,288.95,288.6,288.7,8674.0
2026-06-03 14:40:00,288.85,289.75,288.8,289.25,50026.0
2026-06-03 14:45:00,289.45,290.15,289.15,289.75,24999.0
2026-06-03 14:50:00,289.85,290.25,289.8,290.0,17976.0
2026-06-03 14:55:00,290.0,290.3,289.4,289.65,22872.0
2026-06-03 15:00:00,290.05,290.05,288.95,289.6,21989.0
2026-06-03 15:05:00,289.75,290.1,288.75,288.9,29297.0
2026-06-03 15:10:00,289.05,289.4,288.5,288.9,21340.0
2026-06-03 15:15:00,289.0,289.0,288.15,288.5,29299.0
2026-06-03 15:20:00,288.5,289.4,288.5,289.25,40067.0
2026-06-03 15:25:00,289.25,290.0,288.65,290.0,44408.0
2026-06-04 09:15:00,288.0,291.0,286.5,289.35,38009.0
2026-06-04 09:20:00,289.3,289.3,288.2,288.55,16547.0
2026-06-04 09:25:00,288.5,288.5,287.7,288.4,12937.0
2026-06-04 09:30:00,288.2,288.3,286.8,287.15,24551.0
2026-06-04 09:35:00,287.25,287.65,286.8,286.9,13887.0
2026-06-04 09:40:00,286.8,287.2,286.1,286.9,24945.0
2026-06-04 09:45:00,286.95,287.55,286.95,287.4,19879.0
2026-06-04 09:50:00,287.55,287.8,287.3,287.8,8102.0
2026-06-04 09:55:00,287.7,288.2,287.45,287.75,11756.0
2026-06-04 10:00:00,287.85,287.85,287.25,287.45,5989.0
2026-06-04 10:05:00,287.7,287.75,287.25,287.25,6087.0
2026-06-04 10:10:00,287.2,287.55,287.0,287.25,23613.0
2026-06-04 10:15:00,287.3,287.3,286.65,287.1,19760.0
2026-06-04 10:20:00,287.1,287.35,286.55,286.65,43075.0
2026-06-04 10:25:00,286.6,286.7,285.25,285.4,79154.0
2026-06-04 10:30:00,285.1,285.25,284.2,284.3,71838.0
2026-06-04 10:35:00,284.35,284.8,284.2,284.4,15973.0
2026-06-04 10:40:00,284.4,285.15,284.4,285.15,11662.0
2026-06-04 10:45:00,285.0,285.6,285.0,285.3,9782.0
2026-06-04 10:50:00,285.3,285.6,285.25,285.55,3598.0
2026-06-04 10:55:00,285.45,285.9,285.4,285.6,27328.0
2026-06-04 11:00:00,285.75,285.75,285.15,285.3,11006.0
2026-06-04 11:05:00,285.3,285.35,284.8,284.85,11143.0
2026-06-04 11:10:00,284.8,285.2,284.55,285.05,6577.0
2026-06-04 11:15:00,285.0,285.35,285.0,285.05,4885.0
2026-06-04 11:20:00,285.05,285.1,285.0,285.05,3825.0
2026-06-04 11:25:00,285.05,286.7,285.0,285.6,40843.0
2026-06-04 11:30:00,285.55,286.1,285.1,285.9,12289.0
2026-06-04 11:35:00,285.85,286.15,285.7,286.05,2357.0
2026-06-04 11:40:00,286.05,286.15,285.55,286.0,17814.0
2026-06-04 11:45:00,286.0,286.05,285.8,285.85,4730.0
2026-06-04 11:50:00,285.85,285.85,285.0,285.05,16705.0
2026-06-04 11:55:00,285.0,285.75,285.0,285.45,3885.0
2026-06-04 12:00:00,285.55,285.7,285.25,285.3,5723.0
2026-06-04 12:05:00,285.45,285.55,285.25,285.4,3102.0
2026-06-04 12:10:00,285.45,285.6,285.15,285.55,6797.0
2026-06-04 12:15:00,285.4,285.4,284.45,284.65,36802.0
2026-06-04 12:20:00,284.05,284.5,282.6,283.8,167317.0
2026-06-04 12:25:00,283.8,283.9,281.7,282.85,173219.0
2026-06-04 12:30:00,282.85,282.9,282.45,282.5,13204.0
2026-06-04 12:35:00,282.5,282.6,282.2,282.55,13256.0
2026-06-04 12:40:00,282.6,283.0,282.5,282.8,22105.0
2026-06-04 12:45:00,282.8,283.35,282.35,283.35,23467.0
2026-06-04 12:50:00,284.55,284.55,283.7,283.85,109866.0
2026-06-04 12:55:00,283.9,284.0,282.9,282.95,34662.0
2026-06-04 13:00:00,282.95,283.25,282.8,283.25,4903.0
2026-06-04 13:05:00,283.1,283.2,282.85,282.95,15118.0
2026-06-04 13:10:00,282.95,283.0,282.1,282.1,17488.0
2026-06-04 13:15:00,282.15,283.1,282.1,283.05,13274.0
2026-06-04 13:20:00,283.05,283.3,282.85,283.15,5022.0
2026-06-04 13:25:00,283.2,283.2,282.1,282.15,27608.0
2026-06-04 13:30:00,282.15,282.75,282.1,282.6,7233.0
2026-06-04 13:35:00,282.8,283.1,282.6,282.85,8881.0
2026-06-04 13:40:00,282.85,282.9,282.45,282.5,5569.0
2026-06-04 13:45:00,282.5,283.15,282.5,283.0,14878.0
2026-06-04 13:50:00,283.0,283.2,282.85,283.15,6026.0
2026-06-04 13:55:00,283.2,283.2,282.85,282.95,3394.0
2026-06-04 14:00:00,283.0,283.55,282.95,283.2,7730.0
2026-06-04 14:05:00,283.15,283.7,282.5,282.6,13117.0
2026-06-04 14:10:00,282.65,282.75,282.0,282.3,37544.0
2026-06-04 14:15:00,282.3,282.7,282.0,282.25,20486.0
2026-06-04 14:20:00,282.2,283.3,282.2,282.85,18763.0
2026-06-04 14:25:00,282.75,282.9,282.45,282.65,9004.0
2026-06-04 14:30:00,282.7,283.45,282.65,283.45,29603.0
2026-06-04 14:35:00,283.4,283.8,282.9,283.6,53113.0
2026-06-04 14:40:00,283.55,283.7,283.35,283.65,17623.0
2026-06-04 14:45:00,283.6,284.4,283.45,283.85,21876.0
2026-06-04 14:50:00,283.8,284.85,283.7,284.7,62893.0
2026-06-04 14:55:00,284.7,285.0,283.7,283.9,42635.0
2026-06-04 15:00:00,283.9,284.4,283.8,283.8,36169.0
2026-06-04 15:05:00,283.9,284.1,283.65,283.75,35421.0
2026-06-04 15:10:00,283.75,284.3,283.7,283.95,42070.0
2026-06-04 15:15:00,283.9,284.4,283.5,284.3,39087.0
2026-06-04 15:20:00,284.3,284.3,283.8,283.9,46529.0
2026-06-04 15:25:00,284.0,284.5,283.05,284.0,82729.0
2026-06-05 09:15:00,283.95,286.2,282.75,283.0,95343.0
2026-06-05 09:20:00,282.95,283.8,282.95,283.3,37426.0
2026-06-05 09:25:00,283.45,283.8,283.0,283.8,18277.0
2026-06-05 09:30:00,283.8,283.8,283.05,283.4,24384.0
2026-06-05 09:35:00,283.4,283.7,282.2,282.6,62654.0
2026-06-05 09:40:00,282.4,282.7,282.2,282.45,24660.0
2026-06-05 09:45:00,282.45,282.6,282.2,282.6,13305.0
2026-06-05 09:50:00,282.6,284.25,282.45,283.55,53587.0
2026-06-05 09:55:00,283.75,284.5,283.2,283.3,76452.0
2026-06-05 10:00:00,283.35,283.45,282.55,283.15,20087.0
2026-06-05 10:05:00,282.85,283.2,282.5,282.95,19045.0
2026-06-05 10:10:00,282.95,283.15,282.55,282.75,21058.0
2026-06-05 10:15:00,282.75,283.15,282.15,282.5,45767.0
2026-06-05 10:20:00,282.65,282.85,282.25,282.75,11902.0
2026-06-05 10:25:00,282.85,283.0,282.35,282.45,16485.0
2026-06-05 10:30:00,282.35,282.7,282.1,282.1,21506.0
2026-06-05 10:35:00,281.9,282.1,281.1,281.3,47510.0
2026-06-05 10:40:00,281.2,281.4,280.6,281.1,43859.0
2026-06-05 10:45:00,280.95,281.2,280.5,281.2,16514.0
2026-06-05 10:50:00,281.15,281.6,280.9,281.15,39142.0
2026-06-05 10:55:00,281.15,281.35,280.95,281.2,16583.0
2026-06-05 11:00:00,281.3,281.6,280.3,281.2,56634.0
2026-06-05 11:05:00,281.0,281.55,280.95,281.3,17733.0
2026-06-05 11:10:00,281.35,281.85,281.05,281.05,39448.0
2026-06-05 11:15:00,281.1,281.4,280.65,280.85,30245.0
2026-06-05 11:20:00,281.0,281.0,280.4,280.55,24296.0
2026-06-05 11:25:00,280.55,280.6,280.3,280.35,16051.0
2026-06-05 11:30:00,280.35,280.6,280.3,280.45,18944.0
2026-06-05 11:35:00,280.45,281.55,280.25,280.9,32023.0
2026-06-05 11:40:00,281.0,281.5,280.65,281.1,26077.0
2026-06-05 11:45:00,281.2,282.6,280.8,282.55,73234.0
2026-06-05 11:50:00,282.35,283.1,282.05,282.4,73143.0
2026-06-05 11:55:00,282.4,282.4,281.8,282.05,48294.0
2026-06-05 12:00:00,282.05,283.4,281.65,283.4,49408.0
2026-06-05 12:05:00,283.4,284.45,282.55,282.6,107392.0
2026-06-05 12:10:00,282.6,284.15,282.55,283.95,40794.0
2026-06-05 12:15:00,284.0,284.0,282.85,283.2,26158.0
2026-06-05 12:20:00,283.25,283.3,282.55,282.65,20697.0
2026-06-05 12:25:00,282.65,283.25,282.55,282.7,30579.0
2026-06-05 12:30:00,282.55,282.75,281.7,281.7,26003.0
2026-06-05 12:35:00,281.7,282.0,281.25,281.6,23522.0
2026-06-05 12:40:00,281.65,281.7,281.1,281.25,17957.0
2026-06-05 12:45:00,281.4,281.55,281.05,281.3,30069.0
2026-06-05 12:50:00,281.3,282.2,280.75,281.6,90749.0
2026-06-05 12:55:00,281.4,281.7,281.3,281.35,15878.0
2026-06-05 13:00:00,281.25,281.55,281.05,281.2,19786.0
2026-06-05 13:05:00,281.25,281.4,280.95,281.1,18117.0
2026-06-05 13:10:00,281.2,281.2,280.55,280.6,14799.0
2026-06-05 13:15:00,280.75,282.2,280.55,282.05,35771.0
2026-06-05 13:20:00,282.05,282.2,281.3,281.55,19190.0
2026-06-05 13:25:00,281.65,281.85,281.2,281.55,18088.0
2026-06-05 13:30:00,281.5,281.6,281.15,281.45,14016.0
2026-06-05 13:35:00,281.4,281.5,280.55,280.7,11543.0
2026-06-05 13:40:00,280.55,280.7,280.1,280.2,22450.0
2026-06-05 13:45:00,280.35,280.5,280.2,280.5,11502.0
2026-06-05 13:50:00,280.3,280.6,280.15,280.6,12831.0
2026-06-05 13:55:00,280.7,280.8,280.3,280.65,10075.0
2026-06-05 14:00:00,280.65,280.95,280.6,280.8,7346.0
2026-06-05 14:05:00,280.8,280.8,280.5,280.65,7854.0
2026-06-05 14:10:00,280.5,280.65,280.15,280.35,14919.0
2026-06-05 14:15:00,280.15,280.4,280.0,280.0,52186.0
2026-06-05 14:20:00,280.0,280.15,279.0,279.15,35580.0
2026-06-05 14:25:00,279.15,279.45,279.0,279.25,34279.0
2026-06-05 14:30:00,279.25,279.6,279.0,279.0,37544.0
2026-06-05 14:35:00,279.05,279.15,278.6,278.95,58886.0
2026-06-05 14:40:00,278.9,279.55,278.6,279.45,35750.0
2026-06-05 14:45:00,279.4,280.2,279.05,279.4,55973.0
2026-06-05 14:50:00,279.4,279.85,279.1,279.3,35034.0
2026-06-05 14:55:00,279.3,279.45,278.5,279.0,87369.0
2026-06-05 15:00:00,279.1,279.65,278.7,279.3,53059.0
2026-06-05 15:05:00,279.15,279.5,278.8,279.25,62631.0
2026-06-05 15:10:00,279.25,279.45,278.8,279.35,72344.0
2026-06-05 15:15:00,279.35,279.85,278.95,279.7,87239.0
2026-06-05 15:20:00,279.8,280.15,279.2,279.8,73529.0
2026-06-05 15:25:00,279.65,280.45,278.5,280.45,98735.0
2026-06-08 09:15:00,275.3,284.5,275.3,284.4,177906.0
2026-06-08 09:20:00,284.4,287.0,283.8,286.75,230755.0
2026-06-08 09:25:00,286.6,291.6,285.8,289.0,497397.0
2026-06-08 09:30:00,288.6,288.95,285.05,285.1,351614.0
2026-06-08 09:35:00,285.1,285.1,282.6,282.7,188372.0
2026-06-08 09:40:00,282.9,284.55,282.3,284.4,110368.0
2026-06-08 09:45:00,284.35,284.85,283.3,283.3,50996.0
2026-06-08 09:50:00,283.3,283.65,281.6,282.7,76025.0
2026-06-08 09:55:00,282.75,283.0,282.1,282.65,37700.0
2026-06-08 10:00:00,282.8,284.65,282.8,284.35,79375.0
2026-06-08 10:05:00,284.1,285.0,283.75,284.55,36855.0
2026-06-08 10:10:00,284.75,284.9,283.65,284.0,26483.0
2026-06-08 10:15:00,284.0,284.25,283.4,283.9,25049.0
2026-06-08 10:20:00,283.85,284.45,283.65,284.1,17902.0
2026-06-08 10:25:00,283.9,284.3,282.9,283.6,27154.0
2026-06-08 10:30:00,283.65,284.15,283.45,284.15,13435.0
2026-06-08 10:35:00,284.1,284.15,283.55,283.75,19568.0
2026-06-08 10:40:00,283.75,284.2,283.45,283.6,16063.0
2026-06-08 10:45:00,283.5,284.45,283.35,284.1,18500.0
2026-06-08 10:50:00,284.1,284.25,283.4,284.0,33186.0
2026-06-08 10:55:00,284.0,284.55,283.85,284.35,52721.0
2026-06-08 11:00:00,284.45,284.55,284.0,284.2,24252.0
2026-06-08 11:05:00,284.25,284.3,283.75,284.15,10509.0
2026-06-08 11:10:00,284.15,284.35,283.8,284.3,11247.0
2026-06-08 11:15:00,284.3,284.4,283.9,284.05,11900.0
2026-06-08 11:20:00,284.1,284.3,283.8,284.05,8400.0
2026-06-08 11:25:00,284.1,284.3,283.9,284.0,10127.0
2026-06-08 11:30:00,284.0,284.25,283.5,283.5,45902.0
2026-06-08 11:35:00,283.6,284.15,283.5,283.85,11284.0
2026-06-08 11:40:00,283.9,284.25,283.9,284.2,7779.0
2026-06-08 11:45:00,284.2,284.4,284.0,284.1,31858.0
2026-06-08 11:50:00,284.15,284.15,283.7,283.85,15367.0
2026-06-08 11:55:00,283.85,284.2,283.8,284.2,8951.0
2026-06-08 12:00:00,284.25,284.5,284.1,284.1,9488.0
2026-06-08 12:05:00,284.1,284.3,283.9,284.1,20866.0
2026-06-08 12:10:00,284.1,284.65,284.05,284.35,17542.0
2026-06-08 12:15:00,284.45,284.55,284.15,284.4,11378.0
2026-06-08 12:20:00,284.4,286.4,284.05,286.0,129149.0
2026-06-08 12:25:00,286.15,286.4,285.8,286.1,49693.0
2026-06-08 12:30:00,286.25,286.55,286.0,286.5,29357.0
2026-06-08 12:35:00,286.55,286.6,285.85,286.15,40866.0
2026-06-08 12:40:00,286.35,286.4,286.0,286.2,12995.0
2026-06-08 12:45:00,286.3,286.45,285.85,286.05,16297.0
2026-06-08 12:50:00,286.1,286.2,285.05,285.45,25523.0
2026-06-08 12:55:00,285.5,285.5,285.25,285.35,11000.0
2026-06-08 13:00:00,285.35,285.45,285.2,285.2,10111.0
2026-06-08 13:05:00,285.25,285.3,284.35,285.0,69303.0
2026-06-08 13:10:00,285.0,285.25,284.7,285.0,16382.0
2026-06-08 13:15:00,285.0,285.15,284.25,284.25,16972.0
2026-06-08 13:20:00,284.45,284.45,284.0,284.35,16877.0
2026-06-08 13:25:00,284.35,284.4,283.9,284.35,20559.0
2026-06-08 13:30:00,284.35,284.5,284.0,284.15,10428.0
2026-06-08 13:35:00,284.2,284.3,283.75,284.1,21237.0
2026-06-08 13:40:00,284.0,284.05,283.35,283.4,19443.0
2026-06-08 13:45:00,283.55,284.0,283.35,283.85,18484.0
2026-06-08 13:50:00,284.0,284.0,283.65,283.8,9566.0
2026-06-08 13:55:00,283.8,284.15,283.65,284.05,11421.0
2026-06-08 14:00:00,284.05,284.65,283.95,284.3,22325.0
2026-06-08 14:05:00,284.25,284.3,283.65,283.8,13697.0
2026-06-08 14:10:00,283.8,283.95,283.65,283.95,9287.0
2026-06-08 14:15:00,283.85,284.2,283.65,283.9,10365.0
2026-06-08 14:20:00,283.9,284.25,283.85,284.15,11061.0
2026-06-08 14:25:00,284.0,284.1,283.4,283.85,19427.0
2026-06-08 14:30:00,283.85,284.05,283.8,283.9,9641.0
2026-06-08 14:35:00,283.95,284.2,283.3,283.6,45703.0
2026-06-08 14:40:00,283.55,283.95,283.0,283.75,64692.0
2026-06-08 14:45:00,283.8,284.4,283.75,284.2,15922.0
2026-06-08 14:50:00,284.1,284.25,283.85,284.0,17229.0
2026-06-08 14:55:00,283.85,284.05,283.4,283.55,16216.0
2026-06-08 15:00:00,283.55,283.55,281.0,281.25,92431.0
2026-06-08 15:05:00,281.4,281.65,280.85,281.3,71422.0
2026-06-08 15:10:00,281.45,281.95,281.2,281.55,100119.0
2026-06-08 15:15:00,281.65,281.65,280.65,281.2,112758.0
2026-06-08 15:20:00,281.2,281.75,281.0,281.4,86945.0
2026-06-08 15:25:00,281.4,282.6,281.0,281.4,80587.0
2026-06-09 09:15:00,282.95,284.65,282.95,283.9,89081.0
2026-06-09 09:20:00,283.85,285.9,283.45,285.85,66656.0
2026-06-09 09:25:00,286.0,286.5,285.3,285.4,77435.0
2026-06-09 09:30:00,285.25,285.7,284.0,284.4,55080.0
2026-06-09 09:35:00,284.4,284.4,282.5,282.7,38939.0
2026-06-09 09:40:00,282.7,283.2,281.6,282.5,40861.0
2026-06-09 09:45:00,282.5,282.9,282.25,282.4,26682.0
2026-06-09 09:50:00,282.35,283.4,282.35,283.35,18254.0
2026-06-09 09:55:00,283.3,283.45,282.4,282.8,29063.0
2026-06-09 10:00:00,282.9,283.0,282.35,282.5,12515.0
2026-06-09 10:05:00,282.5,282.5,282.0,282.25,18306.0
2026-06-09 10:10:00,282.4,283.25,282.4,283.25,16036.0
2026-06-09 10:15:00,283.25,283.35,283.0,283.05,15327.0
2026-06-09 10:20:00,283.0,283.6,282.6,282.95,28797.0
2026-06-09 10:25:00,282.9,283.15,282.7,283.0,15424.0
2026-06-09 10:30:00,283.05,284.3,282.9,283.15,35156.0
2026-06-09 10:35:00,283.0,283.15,282.15,282.35,19696.0
2026-06-09 10:40:00,282.4,282.4,282.05,282.2,11064.0
2026-06-09 10:45:00,282.2,282.35,282.15,282.2,11587.0
2026-06-09 10:50:00,282.2,282.65,282.2,282.6,32653.0
2026-06-09 10:55:00,282.65,283.65,282.5,283.65,19177.0
2026-06-09 11:00:00,283.6,283.6,283.0,283.2,4349.0
2026-06-09 11:05:00,283.0,284.3,283.0,284.3,32832.0
2026-06-09 11:10:00,284.5,284.85,283.6,283.7,27762.0
2026-06-09 11:15:00,283.55,283.65,283.25,283.4,11048.0
2026-06-09 11:20:00,283.4,284.15,282.85,283.65,55950.0
2026-06-09 11:25:00,283.85,285.3,283.65,284.35,120976.0
2026-06-09 11:30:00,284.4,284.7,284.05,284.7,15781.0
2026-06-09 11:35:00,284.7,284.9,284.55,284.9,17139.0
2026-06-09 11:40:00,284.65,285.8,284.6,285.7,60874.0
2026-06-09 11:45:00,285.8,287.15,285.5,286.75,92984.0
2026-06-09 11:50:00,286.7,287.15,286.25,286.8,48551.0
2026-06-09 11:55:00,286.8,287.15,286.6,286.8,40623.0
2026-06-09 12:00:00,286.8,286.8,286.4,286.55,14938.0
2026-06-09 12:05:00,286.55,286.55,286.1,286.25,15316.0
2026-06-09 12:10:00,286.2,286.5,285.4,285.5,54932.0
2026-06-09 12:15:00,285.35,285.5,283.8,284.0,60684.0
2026-06-09 12:20:00,284.0,284.3,283.85,284.1,50657.0
2026-06-09 12:25:00,284.0,284.1,283.7,284.0,32339.0
2026-06-09 12:30:00,284.0,285.1,283.85,284.75,36961.0
2026-06-09 12:35:00,284.8,285.65,284.55,285.65,67799.0
2026-06-09 12:40:00,285.9,286.25,285.4,286.0,59204.0
2026-06-09 12:45:00,286.0,286.0,285.3,285.55,45690.0
2026-06-09 12:50:00,285.55,285.7,285.2,285.55,44947.0
2026-06-09 12:55:00,285.55,285.6,285.2,285.6,44895.0
2026-06-09 13:00:00,285.6,286.2,285.4,285.6,57305.0
2026-06-09 13:05:00,285.6,285.7,285.25,285.55,42701.0
2026-06-09 13:10:00,285.7,286.0,285.4,286.0,48705.0
2026-06-09 13:15:00,286.0,286.05,285.5,285.75,81555.0
2026-06-09 13:20:00,285.75,286.0,285.55,285.8,61294.0
2026-06-09 13:25:00,285.75,285.85,285.3,285.6,43164.0
2026-06-09 13:30:00,285.6,285.85,285.2,285.5,45099.0
2026-06-09 13:35:00,285.5,285.9,285.25,285.7,55854.0
2026-06-09 13:40:00,285.7,286.1,285.3,285.6,60946.0
2026-06-09 13:45:00,285.8,286.0,285.35,285.5,68163.0
2026-06-09 13:50:00,285.5,285.75,285.25,285.7,40555.0
2026-06-09 13:55:00,285.7,285.85,284.9,285.65,65409.0
2026-06-09 14:00:00,285.65,285.7,285.15,285.4,62449.0
2026-06-09 14:05:00,285.45,285.5,285.2,285.4,58114.0
2026-06-09 14:10:00,285.4,285.4,284.5,284.6,62926.0
2026-06-09 14:15:00,284.55,284.55,284.0,284.2,64403.0
2026-06-09 14:20:00,284.2,284.4,283.85,284.0,90622.0
2026-06-09 14:25:00,284.0,284.5,283.95,284.4,49382.0
2026-06-09 14:30:00,284.35,284.4,283.95,284.0,51100.0
2026-06-09 14:35:00,284.0,284.6,283.75,284.5,68180.0
2026-06-09 14:40:00,284.5,284.5,284.0,284.4,57538.0
2026-06-09 14:45:00,284.3,284.6,284.1,284.6,53122.0
2026-06-09 14:50:00,284.6,284.8,284.45,284.75,50140.0
2026-06-09 14:55:00,284.9,285.0,284.3,284.5,59800.0
2026-06-09 15:00:00,284.5,285.15,284.2,284.75,155999.0
2026-06-09 15:05:00,284.75,285.1,284.55,284.9,88236.0
2026-06-09 15:10:00,284.9,285.0,284.45,284.7,102150.0
2026-06-09 15:15:00,284.9,286.45,284.5,286.15,184247.0
2026-06-09 15:20:00,286.25,287.1,286.1,286.8,145353.0
2026-06-09 15:25:00,286.75,288.2,286.45,287.0,103117.0
2026-06-10 09:15:00,286.7,288.5,280.0,280.75,235332.0
2026-06-10 09:20:00,280.75,282.2,280.3,282.1,136410.0
2026-06-10 09:25:00,282.1,282.4,281.3,282.4,53291.0
2026-06-10 09:30:00,282.2,282.3,281.3,281.55,84548.0
2026-06-10 09:35:00,281.55,281.55,281.1,281.25,53935.0
2026-06-10 09:40:00,281.25,281.7,280.45,281.65,95674.0
2026-06-10 09:45:00,281.65,281.65,279.4,279.95,192207.0
2026-06-10 09:50:00,279.95,279.95,278.8,278.95,93727.0
2026-06-10 09:55:00,278.95,279.1,278.25,278.25,43704.0
2026-06-10 10:00:00,278.3,278.45,277.5,278.05,67257.0
2026-06-10 10:05:00,278.05,278.5,277.75,278.0,41977.0
2026-06-10 10:10:00,278.0,278.25,277.55,277.75,44676.0
2026-06-10 10:15:00,277.6,277.8,277.35,277.8,24766.0
2026-06-10 10:20:00,277.8,278.0,277.3,277.35,29502.0
2026-06-10 10:25:00,277.45,277.45,277.15,277.25,19656.0
2026-06-10 10:30:00,277.25,277.85,277.15,277.6,29087.0
2026-06-10 10:35:00,277.6,277.65,277.25,277.5,22642.0
2026-06-10 10:40:00,277.5,278.35,277.4,277.6,73356.0
2026-06-10 10:45:00,277.6,278.45,277.6,278.15,96338.0
2026-06-10 10:50:00,278.15,278.6,277.85,277.95,126943.0
2026-06-10 10:55:00,277.95,278.2,276.35,277.0,304069.0
2026-06-10 11:00:00,277.0,277.0,276.4,276.5,51080.0
2026-06-10 11:05:00,276.4,277.05,276.0,277.05,67035.0
2026-06-10 11:10:00,277.1,277.45,276.4,277.45,63413.0
2026-06-10 11:15:00,277.5,277.9,277.5,277.7,27538.0
2026-06-10 11:20:00,277.8,278.15,277.2,277.6,146660.0
2026-06-10 11:25:00,277.55,277.6,276.5,276.95,58636.0
2026-06-10 11:30:00,277.1,277.2,276.5,277.0,28392.0
2026-06-10 11:35:00,277.1,277.2,276.5,276.8,34026.0
2026-06-10 11:40:00,276.85,277.1,276.6,276.95,24870.0
2026-06-10 11:45:00,277.1,277.2,276.85,277.1,20592.0
2026-06-10 11:50:00,277.05,277.3,276.6,276.6,28201.0
2026-06-10 11:55:00,276.6,277.0,276.45,276.55,36752.0
2026-06-10 12:00:00,276.75,276.8,276.45,276.45,37220.0
2026-06-10 12:05:00,276.5,276.85,276.45,276.65,23286.0
2026-06-10 12:10:00,276.8,276.8,275.6,275.85,76655.0
2026-06-10 12:15:00,275.7,276.0,275.65,275.8,46450.0
2026-06-10 12:20:00,275.9,276.1,275.45,275.7,79952.0
2026-06-10 12:25:00,275.7,276.2,275.55,276.2,50657.0
2026-06-10 12:30:00,276.25,276.45,275.6,275.75,53509.0
2026-06-10 12:35:00,275.85,276.05,275.65,275.9,27443.0
2026-06-10 12:40:00,275.9,275.95,275.35,275.65,40500.0
2026-06-10 12:45:00,275.4,275.9,275.1,275.5,45969.0
2026-06-10 12:50:00,275.5,275.65,275.05,275.3,48243.0
2026-06-10 12:55:00,275.3,275.95,275.1,275.65,32775.0
2026-06-10 13:00:00,275.65,276.0,275.6,275.95,33168.0
2026-06-10 13:05:00,276.0,276.05,275.6,275.8,27533.0
2026-06-10 13:10:00,275.8,275.9,275.5,275.65,34751.0
2026-06-10 13:15:00,275.55,276.0,275.5,275.75,27939.0
2026-06-10 13:20:00,275.75,276.0,275.1,275.2,43472.0
2026-06-10 13:25:00,275.3,275.65,275.2,275.5,28827.0
2026-06-10 13:30:00,275.35,275.7,274.55,275.0,93679.0
2026-06-10 13:35:00,275.0,275.4,275.0,275.25,19712.0
2026-06-10 13:40:00,275.25,275.6,275.0,275.4,34293.0
2026-06-10 13:45:00,275.35,275.45,274.8,275.35,33448.0
2026-06-10 13:50:00,275.1,275.45,275.0,275.1,21479.0
2026-06-10 13:55:00,275.15,275.25,274.65,274.9,32382.0
2026-06-10 14:00:00,274.9,275.0,274.3,274.45,37529.0
2026-06-10 14:05:00,274.45,274.45,273.7,273.95,33755.0
2026-06-10 14:10:00,274.0,274.2,273.05,273.7,82183.0
2026-06-10 14:15:00,273.65,274.5,273.65,274.45,29645.0
2026-06-10 14:20:00,274.4,275.0,273.6,273.7,109876.0
2026-06-10 14:25:00,273.75,273.95,273.1,273.2,43237.0
2026-06-10 14:30:00,273.2,273.35,273.0,273.1,37704.0
2026-06-10 14:35:00,273.1,273.2,272.15,272.3,57163.0
2026-06-10 14:40:00,272.3,272.75,272.0,272.15,43876.0
2026-06-10 14:45:00,272.1,273.4,271.6,272.9,71201.0
2026-06-10 14:50:00,272.75,273.5,272.3,273.4,48664.0
2026-06-10 14:55:00,273.4,274.35,273.3,273.7,139641.0
2026-06-10 15:00:00,273.85,273.85,273.0,273.05,58897.0
2026-06-10 15:05:00,273.05,273.05,272.3,272.55,63846.0
2026-06-10 15:10:00,272.55,272.6,272.1,272.15,179769.0
2026-06-10 15:15:00,272.15,273.4,271.65,273.0,112491.0
2026-06-10 15:20:00,272.95,273.45,272.6,272.8,140870.0
2026-06-10 15:25:00,272.75,274.5,271.5,274.0,175576.0
2026-06-11 09:15:00,274.05,274.1,270.3,271.3,115637.0
2026-06-11 09:20:00,271.3,272.05,270.15,270.3,92249.0
2026-06-11 09:25:00,270.55,271.25,268.95,270.35,262576.0
2026-06-11 09:30:00,270.35,270.45,269.25,270.45,108559.0
2026-06-11 09:35:00,270.3,271.2,269.85,270.8,45389.0
2026-06-11 09:40:00,271.1,272.45,270.55,272.2,65901.0
2026-06-11 09:45:00,272.25,274.15,271.45,273.95,137871.0
2026-06-11 09:50:00,273.85,275.75,273.7,274.95,106451.0
2026-06-11 09:55:00,274.95,275.3,274.55,274.8,31179.0
2026-06-11 10:00:00,274.7,275.1,274.1,274.95,45574.0
2026-06-11 10:05:00,275.0,275.6,274.35,274.7,49602.0
2026-06-11 10:10:00,274.9,274.95,273.1,273.45,82597.0
2026-06-11 10:15:00,273.25,274.1,273.25,274.1,39606.0
2026-06-11 10:20:00,274.05,274.55,273.6,273.85,34737.0
2026-06-11 10:25:00,273.85,274.25,273.7,274.0,37117.0
2026-06-11 10:30:00,274.0,274.2,273.8,274.05,18131.0
2026-06-11 10:35:00,274.05,274.1,273.6,273.75,25949.0
2026-06-11 10:40:00,273.75,273.75,273.5,273.5,26861.0
2026-06-11 10:45:00,273.5,273.5,273.25,273.35,24852.0
2026-06-11 10:50:00,273.35,274.0,273.3,273.45,26933.0
2026-06-11 10:55:00,273.4,273.45,272.65,272.65,52558.0
2026-06-11 11:00:00,272.75,272.85,272.25,272.85,20342.0
2026-06-11 11:05:00,272.9,273.0,272.15,272.35,33000.0
2026-06-11 11:10:00,272.35,272.9,272.3,272.65,14792.0
2026-06-11 11:15:00,272.65,272.95,272.55,272.85,15364.0
2026-06-11 11:20:00,272.95,273.6,272.85,273.2,66388.0
2026-06-11 11:25:00,273.2,273.7,273.1,273.35,25401.0
2026-06-11 11:30:00,273.35,273.7,273.2,273.65,21674.0
2026-06-11 11:35:00,273.8,274.2,273.65,273.75,34457.0
2026-06-11 11:40:00,273.85,274.5,273.85,274.35,46060.0
2026-06-11 11:45:00,274.5,274.5,273.4,273.55,49616.0
2026-06-11 11:50:00,273.4,273.65,273.4,273.6,19121.0
2026-06-11 11:55:00,273.45,273.6,273.2,273.45,26092.0
2026-06-11 12:00:00,273.45,273.45,273.15,273.45,77407.0
2026-06-11 12:05:00,273.45,275.85,273.35,275.6,86854.0
2026-06-11 12:10:00,275.55,276.5,275.25,276.3,49354.0
2026-06-11 12:15:00,276.0,277.25,276.0,276.65,66820.0
2026-06-11 12:20:00,276.65,276.65,276.25,276.4,17571.0
2026-06-11 12:25:00,276.3,276.55,276.25,276.35,24247.0
2026-06-11 12:30:00,276.45,277.1,276.45,276.85,55013.0
2026-06-11 12:35:00,276.8,277.05,276.45,277.05,41124.0
2026-06-11 12:40:00,277.0,277.15,276.7,277.0,18300.0
2026-06-11 12:45:00,277.0,278.0,276.8,276.9,307220.0
2026-06-11 12:50:00,276.75,278.3,276.75,278.0,128631.0
2026-06-11 12:55:00,278.0,278.4,277.7,278.35,48114.0
2026-06-11 13:00:00,278.25,278.75,278.0,278.3,35136.0
2026-06-11 13:05:00,278.3,278.4,277.0,277.25,50277.0
2026-06-11 13:10:00,277.2,277.35,276.2,276.85,63302.0
2026-06-11 13:15:00,276.7,277.25,276.6,276.7,21540.0
2026-06-11 13:20:00,276.7,276.85,276.1,276.8,24863.0
2026-06-11 13:25:00,276.7,277.2,276.45,277.1,21907.0
2026-06-11 13:30:00,277.3,277.3,276.5,277.0,17166.0
2026-06-11 13:35:00,277.0,277.0,276.35,276.55,16546.0
2026-06-11 13:40:00,276.65,276.7,276.4,276.65,15048.0
2026-06-11 13:45:00,276.65,277.0,276.25,276.65,46973.0
2026-06-11 13:50:00,276.6,277.0,276.3,276.6,23322.0
2026-06-11 13:55:00,276.5,277.5,276.3,276.3,31898.0
2026-06-11 14:00:00,276.25,276.45,276.05,276.3,10766.0
2026-06-11 14:05:00,276.3,276.35,276.0,276.25,8906.0
2026-06-11 14:10:00,276.15,276.25,275.75,276.0,14956.0
2026-06-11 14:15:00,275.95,276.8,275.95,276.6,21305.0
2026-06-11 14:20:00,276.65,277.0,276.6,276.7,27658.0
2026-06-11 14:25:00,276.7,277.15,276.5,276.65,82642.0
2026-06-11 14:30:00,276.5,277.4,276.45,277.0,43763.0
2026-06-11 14:35:00,277.05,277.5,276.3,276.5,31554.0
2026-06-11 14:40:00,276.4,276.95,276.15,276.2,24911.0
2026-06-11 14:45:00,276.3,276.7,275.7,276.3,25581.0
2026-06-11 14:50:00,276.15,276.4,275.85,276.0,20522.0
2026-06-11 14:55:00,276.35,276.35,275.2,275.45,60255.0
2026-06-11 15:00:00,275.6,276.3,275.6,275.95,60603.0
2026-06-11 15:05:00,275.95,276.2,275.3,275.3,59730.0
2026-06-11 15:10:00,275.3,276.0,275.05,275.6,118505.0
2026-06-11 15:15:00,275.6,276.6,275.4,276.25,115811.0
2026-06-11 15:20:00,276.3,276.3,275.7,276.1,75778.0
2026-06-11 15:25:00,276.1,277.8,275.2,276.55,112625.0
2026-06-12 09:15:00,280.0,281.05,278.0,278.5,84888.0
2026-06-12 09:20:00,278.65,278.9,277.75,278.6,34155.0
2026-06-12 09:25:00,278.75,282.4,278.75,281.2,131448.0
2026-06-12 09:30:00,281.1,285.4,281.05,283.9,568908.0
2026-06-12 09:35:00,283.85,283.9,283.25,283.55,83521.0
2026-06-12 09:40:00,283.55,283.55,282.4,282.4,28401.0
2026-06-12 09:45:00,282.8,282.8,282.1,282.4,31902.0
2026-06-12 09:50:00,282.4,283.45,282.4,283.45,23322.0
2026-06-12 09:55:00,283.45,283.65,282.95,283.2,37155.0
2026-06-12 10:00:00,283.2,284.65,283.0,284.45,83314.0
2026-06-12 10:05:00,284.6,285.0,284.2,284.4,89089.0
2026-06-12 10:10:00,284.45,285.0,284.3,284.4,54112.0
2026-06-12 10:15:00,284.4,284.45,283.55,283.9,28769.0
2026-06-12 10:20:00,283.9,284.8,283.85,284.8,27562.0
2026-06-12 10:25:00,284.8,285.0,284.5,284.6,45540.0
2026-06-12 10:30:00,284.6,284.6,284.4,284.45,17123.0
2026-06-12 10:35:00,284.45,284.55,283.7,284.25,18641.0
2026-06-12 10:40:00,284.25,284.25,283.85,284.1,15301.0
2026-06-12 10:45:00,284.1,285.0,284.05,284.85,26043.0
2026-06-12 10:50:00,284.9,288.0,284.8,287.2,288359.0
2026-06-12 10:55:00,287.05,287.95,286.35,287.45,168676.0
2026-06-12 11:00:00,287.45,289.0,286.8,288.45,224265.0
2026-06-12 11:05:00,288.55,289.7,288.3,289.55,179410.0
2026-06-12 11:10:00,289.55,289.65,288.7,289.4,80409.0
2026-06-12 11:15:00,289.35,289.65,288.6,288.8,77630.0
2026-06-12 11:20:00,288.8,289.0,287.9,288.1,106679.0
2026-06-12 11:25:00,288.1,288.5,287.6,287.75,42945.0
2026-06-12 11:30:00,287.75,287.85,287.4,287.7,36953.0
2026-06-12 11:35:00,287.55,288.3,287.55,287.95,23560.0
2026-06-12 11:40:00,287.95,288.0,287.05,287.3,46521.0
2026-06-12 11:45:00,287.3,287.35,286.45,286.95,48405.0
2026-06-12 11:50:00,286.8,286.95,285.9,286.0,44560.0
2026-06-12 11:55:00,286.0,286.25,285.75,286.0,26782.0
2026-06-12 12:00:00,286.0,286.95,285.85,286.75,22585.0
2026-06-12 12:05:00,286.8,286.95,286.05,286.4,30499.0
2026-06-12 12:10:00,286.35,286.5,285.3,285.5,44774.0
2026-06-12 12:15:00,285.6,285.6,285.0,285.25,136668.0
2026-06-12 12:20:00,285.3,285.75,285.2,285.55,50911.0
2026-06-12 12:25:00,285.55,285.55,285.2,285.4,14884.0
2026-06-12 12:30:00,285.45,285.6,284.9,285.55,53190.0
2026-06-12 12:35:00,285.45,285.8,285.15,285.25,23307.0
2026-06-12 12:40:00,285.25,285.6,285.05,285.5,21149.0
2026-06-12 12:45:00,285.5,285.6,285.3,285.35,8940.0
2026-06-12 12:50:00,285.6,285.85,285.05,285.4,14653.0
2026-06-12 12:55:00,285.4,285.9,285.35,285.7,16949.0
2026-06-12 13:00:00,285.7,285.7,285.3,285.3,6737.0
2026-06-12 13:05:00,285.35,285.5,285.05,285.5,8265.0
2026-06-12 13:10:00,285.5,286.35,285.35,285.55,13592.0
2026-06-12 13:15:00,285.55,285.65,285.35,285.65,9997.0
2026-06-12 13:20:00,285.65,285.75,285.3,285.45,10251.0
2026-06-12 13:25:00,285.45,285.75,285.15,285.7,8493.0
2026-06-12 13:30:00,285.7,285.85,285.45,285.75,25021.0
2026-06-12 13:35:00,285.8,286.05,285.8,286.0,8174.0
2026-06-12 13:40:00,286.0,286.25,285.65,285.75,12660.0
2026-06-12 13:45:00,285.8,286.15,285.6,286.05,42372.0
2026-06-12 13:50:00,286.1,287.75,285.65,287.55,110173.0
2026-06-12 13:55:00,287.6,288.85,287.55,288.65,75454.0
2026-06-12 14:00:00,288.65,288.9,287.85,287.95,81432.0
2026-06-12 14:05:00,287.85,289.1,287.55,288.4,124074.0
2026-06-12 14:10:00,288.25,288.65,288.15,288.55,27624.0
2026-06-12 14:15:00,288.5,288.65,288.15,288.6,46168.0
2026-06-12 14:20:00,288.6,289.0,288.55,288.7,48034.0
2026-06-12 14:25:00,288.7,288.8,288.3,288.6,47665.0
2026-06-12 14:30:00,288.6,288.9,288.4,288.75,32131.0
2026-06-12 14:35:00,288.65,288.85,288.5,288.85,64266.0
2026-06-12 14:40:00,288.85,289.55,288.7,289.45,110759.0
2026-06-12 14:45:00,289.4,289.4,288.5,288.7,60180.0
2026-06-12 14:50:00,288.8,288.85,288.05,288.15,35788.0
2026-06-12 14:55:00,288.25,288.95,288.15,288.95,95754.0
2026-06-12 15:00:00,288.8,289.9,288.75,289.7,108501.0
2026-06-12 15:05:00,289.7,289.9,288.8,289.35,145347.0
2026-06-12 15:10:00,289.35,289.6,288.75,288.9,111051.0
2026-06-12 15:15:00,289.05,289.1,288.25,288.45,104172.0
2026-06-12 15:20:00,288.5,288.85,288.25,288.45,129167.0
2026-06-12 15:25:00,288.4,288.8,286.95,287.05,84821.0
2026-06-15 09:15:00,292.5,297.95,291.85,293.2,354120.0
2026-06-15 09:20:00,292.8,294.1,292.1,292.85,53035.0
2026-06-15 09:25:00,292.85,293.0,291.95,292.05,51894.0
2026-06-15 09:30:00,292.1,292.85,291.75,292.35,38521.0
2026-06-15 09:35:00,292.4,292.4,291.55,291.9,15817.0
2026-06-15 09:40:00,292.05,292.1,291.1,291.35,19022.0
2026-06-15 09:45:00,291.2,292.0,290.95,291.65,35666.0
2026-06-15 09:50:00,291.65,292.0,291.25,291.5,21523.0
2026-06-15 09:55:00,291.7,291.7,291.1,291.35,15689.0
2026-06-15 10:00:00,291.2,291.7,291.05,291.2,10216.0
2026-06-15 10:05:00,291.2,292.3,290.8,291.7,108530.0
2026-06-15 10:10:00,291.7,291.8,291.0,291.3,29112.0
2026-06-15 10:15:00,291.3,291.75,291.15,291.7,10953.0
2026-06-15 10:20:00,291.7,291.9,291.35,291.55,12872.0
2026-06-15 10:25:00,291.65,291.8,291.05,291.75,15373.0
2026-06-15 10:30:00,291.75,291.9,291.5,291.9,11534.0
2026-06-15 10:35:00,291.9,293.25,291.2,291.95,46170.0
2026-06-15 10:40:00,291.85,292.0,291.4,291.55,22477.0
2026-06-15 10:45:00,291.65,291.85,291.55,291.8,7095.0
2026-06-15 10:50:00,291.8,291.95,291.5,291.75,13005.0
2026-06-15 10:55:00,291.55,292.0,291.35,292.0,13449.0
2026-06-15 11:00:00,292.0,292.45,291.55,292.45,25824.0
2026-06-15 11:05:00,292.45,292.5,291.8,292.4,20225.0
2026-06-15 11:10:00,292.4,292.85,292.25,292.7,9184.0
2026-06-15 11:15:00,292.65,293.6,292.25,293.2,124491.0
2026-06-15 11:20:00,293.15,293.15,292.3,292.3,9938.0
2026-06-15 11:25:00,292.45,292.75,292.35,292.75,5520.0
2026-06-15 11:30:00,292.75,293.0,292.3,292.7,7880.0
2026-06-15 11:35:00,292.85,293.05,292.45,292.6,16092.0
2026-06-15 11:40:00,292.85,292.95,292.45,292.45,12385.0
2026-06-15 11:45:00,292.5,293.0,292.35,292.75,23509.0
2026-06-15 11:50:00,292.75,292.75,292.35,292.75,7048.0
2026-06-15 11:55:00,292.55,292.75,292.35,292.35,7718.0
2026-06-15 12:00:00,292.45,292.45,291.2,291.6,23757.0
2026-06-15 12:05:00,291.6,291.6,290.95,291.25,42446.0
2026-06-15 12:10:00,291.25,291.55,291.05,291.4,9177.0
2026-06-15 12:15:00,291.35,291.45,290.65,290.8,18633.0
2026-06-15 12:20:00,290.9,291.2,290.7,290.9,15912.0
2026-06-15 12:25:00,291.0,291.0,290.55,290.7,10489.0
2026-06-15 12:30:00,290.6,290.75,290.5,290.75,4898.0
2026-06-15 12:35:00,290.75,291.1,289.5,289.55,44521.0
2026-06-15 12:40:00,289.55,290.0,289.15,289.65,20899.0
2026-06-15 12:45:00,289.8,290.0,289.15,289.55,29419.0
2026-06-15 12:50:00,289.55,289.55,289.1,289.25,10749.0
2026-06-15 12:55:00,289.45,289.75,289.3,289.75,22769.0
2026-06-15 13:00:00,289.75,289.95,289.5,289.85,5816.0
2026-06-15 13:05:00,289.85,289.85,289.5,289.7,10313.0
2026-06-15 13:10:00,289.7,289.9,289.55,289.85,5471.0
2026-06-15 13:15:00,289.85,289.85,289.2,289.45,14590.0
2026-06-15 13:20:00,289.45,289.5,289.2,289.4,1844.0
2026-06-15 13:25:00,289.4,289.4,289.05,289.25,4712.0
2026-06-15 13:30:00,289.3,289.4,289.0,289.25,20163.0
2026-06-15 13:35:00,289.25,289.25,289.0,289.25,8054.0
2026-06-15 13:40:00,289.3,290.4,288.95,289.9,26336.0
2026-06-15 13:45:00,290.05,290.5,289.5,290.1,72090.0
2026-06-15 13:50:00,290.1,290.45,289.7,290.0,17727.0
2026-06-15 13:55:00,290.0,290.65,290.0,290.5,13713.0
2026-06-15 14:00:00,290.5,290.6,290.0,290.3,10293.0
2026-06-15 14:05:00,290.15,290.25,289.9,289.9,33881.0
2026-06-15 14:10:00,289.95,290.3,289.75,290.2,11206.0
2026-06-15 14:15:00,290.2,290.2,289.75,290.2,14744.0
2026-06-15 14:20:00,290.2,290.95,290.15,290.7,35145.0
2026-06-15 14:25:00,290.75,290.9,290.4,290.45,13811.0
2026-06-15 14:30:00,290.5,290.8,290.0,290.35,45554.0
2026-06-15 14:35:00,290.5,290.5,290.0,290.15,13036.0
2026-06-15 14:40:00,290.15,290.55,289.8,290.55,20063.0
2026-06-15 14:45:00,290.55,290.95,290.05,290.8,40679.0
2026-06-15 14:50:00,290.75,290.75,290.2,290.65,17918.0
2026-06-15 14:55:00,290.6,290.8,290.25,290.45,25704.0
2026-06-15 15:00:00,290.55,290.85,289.85,290.25,86973.0
2026-06-15 15:05:00,290.15,290.3,289.5,289.7,49257.0
2026-06-15 15:10:00,289.65,290.2,289.2,289.2,69456.0
2026-06-15 15:15:00,289.4,289.6,288.85,289.2,186243.0
2026-06-15 15:20:00,289.1,289.6,288.3,288.95,191918.0
2026-06-15 15:25:00,288.9,289.55,288.15,289.55,140187.0
2026-06-16 09:15:00,292.0,292.0,288.85,290.95,106332.0
2026-06-16 09:20:00,291.05,292.25,290.95,291.55,50825.0
2026-06-16 09:25:00,291.7,292.4,291.35,292.2,55608.0
2026-06-16 09:30:00,292.15,292.8,291.7,291.85,39982.0
2026-06-16 09:35:00,291.85,292.45,291.8,292.0,24082.0
2026-06-16 09:40:00,292.0,292.05,291.15,291.3,18588.0
2026-06-16 09:45:00,291.15,291.9,291.15,291.35,19909.0
2026-06-16 09:50:00,291.3,292.0,291.05,291.55,14659.0
2026-06-16 09:55:00,291.55,292.0,291.45,291.75,9291.0
2026-06-16 10:00:00,291.8,292.4,291.75,291.85,18890.0
2026-06-16 10:05:00,291.95,292.05,291.5,291.5,16260.0
2026-06-16 10:10:00,291.5,291.75,291.05,291.3,16882.0
2026-06-16 10:15:00,291.35,291.75,291.25,291.55,10066.0
2026-06-16 10:20:00,291.65,291.8,291.4,291.4,9731.0
2026-06-16 10:25:00,291.5,292.65,291.5,292.65,42516.0
2026-06-16 10:30:00,292.65,292.65,292.25,292.5,15985.0
2026-06-16 10:35:00,292.55,292.95,292.25,292.9,39779.0
2026-06-16 10:40:00,292.9,292.9,292.3,292.6,22497.0
2026-06-16 10:45:00,292.65,294.6,292.55,293.55,110194.0
2026-06-16 10:50:00,293.6,294.75,293.5,294.5,31982.0
2026-06-16 10:55:00,294.5,294.75,294.15,294.25,32580.0
2026-06-16 11:00:00,294.25,294.25,293.65,293.7,22381.0
2026-06-16 11:05:00,293.75,294.0,293.55,294.0,14144.0
2026-06-16 11:10:00,293.9,294.0,293.6,293.7,16186.0
2026-06-16 11:15:00,293.7,294.05,293.65,294.0,12684.0
2026-06-16 11:20:00,294.0,294.0,293.25,293.95,23461.0
2026-06-16 11:25:00,293.95,294.25,293.7,293.8,22801.0
2026-06-16 11:30:00,293.8,294.0,293.45,293.9,12611.0
2026-06-16 11:35:00,294.0,294.5,293.5,293.6,44074.0
2026-06-16 11:40:00,293.6,293.85,292.65,293.15,29379.0
2026-06-16 11:45:00,293.15,293.8,293.15,293.65,13642.0
2026-06-16 11:50:00,293.65,295.25,293.6,295.1,166687.0
2026-06-16 11:55:00,295.15,296.35,295.05,296.0,68999.0
2026-06-16 12:00:00,296.0,296.3,295.75,296.3,42390.0
2026-06-16 12:05:00,296.15,296.4,295.75,296.25,42250.0
2026-06-16 12:10:00,296.25,296.25,295.55,295.85,39911.0
2026-06-16 12:15:00,295.7,296.25,295.6,296.25,30685.0
2026-06-16 12:20:00,296.25,296.4,296.05,296.4,39807.0
2026-06-16 12:25:00,296.4,296.65,296.15,296.65,33938.0
2026-06-16 12:30:00,296.65,296.7,296.05,296.35,42573.0
2026-06-16 12:35:00,296.35,296.75,296.1,296.65,28102.0
2026-06-16 12:40:00,296.65,296.75,296.15,296.5,50940.0
2026-06-16 12:45:00,296.5,296.65,296.2,296.65,34270.0
2026-06-16 12:50:00,296.7,296.8,296.3,296.6,34688.0
2026-06-16 12:55:00,296.6,296.75,296.5,296.7,38467.0
2026-06-16 13:00:00,296.7,296.9,296.25,296.65,47984.0
2026-06-16 13:05:00,296.65,297.5,296.55,297.5,51407.0
2026-06-16 13:10:00,297.35,297.7,296.45,297.45,64215.0
2026-06-16 13:15:00,297.45,297.8,297.4,297.7,36310.0
2026-06-16 13:20:00,297.7,298.0,296.7,296.95,47650.0
2026-06-16 13:25:00,296.95,297.8,296.95,297.3,36815.0
2026-06-16 13:30:00,297.25,297.5,295.2,295.8,150003.0
2026-06-16 13:35:00,295.8,296.0,295.4,295.8,50137.0
2026-06-16 13:40:00,295.8,295.8,294.35,295.1,64738.0
2026-06-16 13:45:00,295.1,295.55,294.65,295.45,33841.0
2026-06-16 13:50:00,295.45,295.6,295.05,295.5,31459.0
2026-06-16 13:55:00,295.5,295.85,295.1,295.35,34059.0
2026-06-16 14:00:00,295.45,295.85,295.2,295.7,27073.0
2026-06-16 14:05:00,295.7,295.95,295.45,295.7,29977.0
2026-06-16 14:10:00,295.7,296.0,295.5,295.7,30180.0
2026-06-16 14:15:00,295.8,296.0,295.35,295.6,36386.0
2026-06-16 14:20:00,295.6,295.85,295.1,295.25,33238.0
2026-06-16 14:25:00,295.25,295.45,294.3,294.35,39387.0
2026-06-16 14:30:00,294.05,294.55,293.7,294.3,36271.0
2026-06-16 14:35:00,294.1,294.65,294.1,294.6,21427.0
2026-06-16 14:40:00,294.3,294.65,294.05,294.25,23601.0
2026-06-16 14:45:00,294.25,294.9,294.25,294.85,24388.0
2026-06-16 14:50:00,294.85,295.0,294.6,294.85,25810.0
2026-06-16 14:55:00,294.85,294.95,294.6,294.8,19514.0
2026-06-16 15:00:00,294.8,295.0,294.4,294.75,29612.0
2026-06-16 15:05:00,294.75,294.95,294.6,294.8,68695.0
2026-06-16 15:10:00,294.9,294.95,294.5,294.65,40199.0
2026-06-16 15:15:00,294.65,294.65,294.25,294.3,40277.0
2026-06-16 15:20:00,294.2,294.55,294.0,294.35,84648.0
2026-06-16 15:25:00,294.35,294.9,294.0,294.05,55951.0
2026-06-17 09:15:00,294.55,295.35,293.4,294.3,60973.0
2026-06-17 09:20:00,294.3,295.15,294.15,294.55,30629.0
2026-06-17 09:25:00,294.5,295.45,293.85,295.2,43212.0
2026-06-17 09:30:00,295.45,296.1,294.55,295.85,46144.0
2026-06-17 09:35:00,295.85,296.55,295.65,295.95,25106.0
2026-06-17 09:40:00,295.9,296.0,295.3,295.75,14452.0
2026-06-17 09:45:00,295.75,295.9,295.2,295.7,12895.0
2026-06-17 09:50:00,295.7,295.7,295.25,295.45,10210.0
2026-06-17 09:55:00,295.45,295.55,295.05,295.15,7419.0
2026-06-17 10:00:00,295.15,295.25,294.1,294.2,11782.0
2026-06-17 10:05:00,294.2,294.45,294.0,294.15,15929.0
2026-06-17 10:10:00,294.15,294.75,294.0,294.35,6852.0
2026-06-17 10:15:00,294.2,294.8,292.5,293.25,112075.0
2026-06-17 10:20:00,293.25,294.9,292.9,294.65,53744.0
2026-06-17 10:25:00,294.65,294.65,294.05,294.4,11430.0
2026-06-17 10:30:00,294.4,294.4,293.5,293.85,21735.0
2026-06-17 10:35:00,293.75,294.2,293.55,293.95,12362.0
2026-06-17 10:40:00,293.85,294.5,293.85,294.4,9567.0
2026-06-17 10:45:00,294.4,294.6,294.15,294.55,8147.0
2026-06-17 10:50:00,294.55,294.9,294.3,294.8,10683.0
2026-06-17 10:55:00,294.8,295.0,294.05,294.25,34485.0
2026-06-17 11:00:00,294.25,294.4,294.0,294.25,6154.0
2026-06-17 11:05:00,294.3,294.7,294.15,294.5,11373.0
2026-06-17 11:10:00,294.7,294.9,294.4,294.8,5001.0
2026-06-17 11:15:00,294.8,295.0,294.65,294.85,21547.0
2026-06-17 11:20:00,294.85,294.85,294.5,294.7,4846.0
2026-06-17 11:25:00,294.7,294.7,294.3,294.5,8657.0
2026-06-17 11:30:00,294.8,294.8,294.45,294.7,5407.0
2026-06-17 11:35:00,294.7,294.9,294.45,294.6,17740.0
2026-06-17 11:40:00,294.6,294.85,294.45,294.8,6089.0
2026-06-17 11:45:00,294.8,295.0,294.55,294.55,26537.0
2026-06-17 11:50:00,294.7,294.8,294.6,294.65,5054.0
2026-06-17 11:55:00,294.8,294.85,294.65,294.8,2850.0
2026-06-17 12:00:00,294.8,294.9,294.55,294.7,6647.0
2026-06-17 12:05:00,294.85,296.2,294.85,295.9,189267.0
2026-06-17 12:10:00,295.9,295.95,295.05,295.2,19984.0
2026-06-17 12:15:00,295.2,295.85,295.2,295.7,11131.0
2026-06-17 12:20:00,295.7,295.7,295.25,295.5,8656.0
2026-06-17 12:25:00,295.5,295.65,295.3,295.35,9094.0
2026-06-17 12:30:00,295.55,295.55,294.95,295.15,5472.0
2026-06-17 12:35:00,295.1,295.65,295.1,295.5,5749.0
2026-06-17 12:40:00,295.5,295.55,295.4,295.45,3182.0
2026-06-17 12:45:00,295.55,295.55,295.35,295.55,3475.0
2026-06-17 12:50:00,295.55,295.55,295.2,295.35,3777.0
2026-06-17 12:55:00,295.35,295.35,295.0,295.1,1999.0
2026-06-17 13:00:00,295.1,295.4,295.0,295.35,3632.0
2026-06-17 13:05:00,295.35,296.0,295.15,295.15,8491.0
2026-06-17 13:10:00,295.35,295.35,295.0,295.2,7906.0
2026-06-17 13:15:00,295.2,295.65,294.95,295.6,7980.0
2026-06-17 13:20:00,295.6,295.6,295.45,295.5,2298.0
2026-06-17 13:25:00,295.5,295.7,295.5,295.7,3237.0
2026-06-17 13:30:00,295.7,295.7,295.3,295.7,5072.0
2026-06-17 13:35:00,295.7,295.7,295.4,295.65,3490.0
2026-06-17 13:40:00,295.65,295.85,295.45,295.8,6892.0
2026-06-17 13:45:00,295.8,295.8,295.65,295.8,4062.0
2026-06-17 13:50:00,295.6,295.8,295.45,295.75,4274.0
2026-06-17 13:55:00,295.75,295.9,295.35,295.9,9117.0
2026-06-17 14:00:00,295.7,297.05,295.7,297.0,44082.0
2026-06-17 14:05:00,296.9,297.95,296.9,297.7,44562.0
2026-06-17 14:10:00,297.7,297.95,297.0,297.75,32873.0
2026-06-17 14:15:00,297.6,297.85,297.3,297.7,28394.0
2026-06-17 14:20:00,297.5,297.7,296.15,296.55,28637.0
2026-06-17 14:25:00,296.2,296.55,295.85,296.3,28656.0
2026-06-17 14:30:00,296.25,296.6,296.05,296.35,15239.0
2026-06-17 14:35:00,296.5,296.6,296.05,296.6,23246.0
2026-06-17 14:40:00,296.15,296.7,295.85,296.35,34745.0
2026-06-17 14:45:00,296.35,296.5,295.8,296.0,18291.0
2026-06-17 14:50:00,295.8,296.35,295.75,296.35,20918.0
2026-06-17 14:55:00,296.1,296.4,295.8,296.4,20605.0
2026-06-17 15:00:00,296.0,296.55,295.75,296.55,26202.0
2026-06-17 15:05:00,296.45,296.7,296.15,296.6,38017.0
2026-06-17 15:10:00,296.55,296.55,295.7,296.1,63913.0
2026-06-17 15:15:00,296.25,296.25,295.7,296.15,63921.0
2026-06-17 15:20:00,296.15,298.0,295.65,297.8,174326.0
2026-06-17 15:25:00,297.8,298.0,297.0,297.3,55322.0
2026-06-18 09:15:00,298.0,298.0,294.4,296.8,66901.0
2026-06-18 09:20:00,296.65,298.25,296.25,297.95,51975.0
2026-06-18 09:25:00,297.95,298.1,297.3,297.9,36118.0
2026-06-18 09:30:00,297.95,298.05,297.25,297.25,52740.0
2026-06-18 09:35:00,297.25,297.45,296.5,297.1,12037.0
2026-06-18 09:40:00,297.1,301.65,296.9,300.85,143194.0
2026-06-18 09:45:00,300.8,301.1,300.0,300.55,68286.0
2026-06-18 09:50:00,300.55,300.8,300.1,300.2,104150.0
2026-06-18 09:55:00,300.15,300.4,300.0,300.15,44652.0
2026-06-18 10:00:00,300.2,300.2,298.4,299.15,84648.0
2026-06-18 10:05:00,299.15,299.35,299.05,299.1,6856.0
2026-06-18 10:10:00,299.0,299.1,298.25,298.5,23704.0
2026-06-18 10:15:00,298.5,298.9,298.4,298.75,11414.0
2026-06-18 10:20:00,298.6,298.75,297.1,297.1,42503.0
2026-06-18 10:25:00,297.1,297.8,297.0,297.2,48139.0
2026-06-18 10:30:00,297.25,297.25,297.0,297.05,14989.0
2026-06-18 10:35:00,297.1,297.3,296.5,296.5,35456.0
2026-06-18 10:40:00,296.4,296.9,296.25,296.6,11934.0
2026-06-18 10:45:00,296.65,297.2,296.5,297.0,10812.0
2026-06-18 10:50:00,296.9,297.3,296.85,297.3,8240.0
2026-06-18 10:55:00,297.25,297.25,296.8,297.15,9553.0
2026-06-18 11:00:00,297.05,297.3,296.9,296.95,5871.0
2026-06-18 11:05:00,297.05,297.25,296.7,297.15,8989.0
2026-06-18 11:10:00,297.05,297.05,296.2,296.25,16501.0
2026-06-18 11:15:00,296.25,296.5,296.2,296.2,5185.0
2026-06-18 11:20:00,296.3,296.65,296.1,296.3,7041.0
2026-06-18 11:25:00,296.35,296.6,296.25,296.25,5447.0
2026-06-18 11:30:00,296.25,296.6,296.1,296.55,4699.0
2026-06-18 11:35:00,296.55,296.75,296.2,296.2,6374.0
2026-06-18 11:40:00,296.35,296.5,296.2,296.45,8238.0
2026-06-18 11:45:00,296.4,296.5,296.2,296.25,4688.0
2026-06-18 11:50:00,296.25,296.55,296.1,296.1,6177.0
2026-06-18 11:55:00,296.1,296.95,296.1,296.9,25548.0
2026-06-18 12:00:00,296.95,297.15,296.5,296.55,6846.0
2026-06-18 12:05:00,296.95,297.35,296.55,296.85,18559.0
2026-06-18 12:10:00,296.7,296.7,296.3,296.4,10371.0
2026-06-18 12:15:00,296.5,296.8,296.4,296.6,5157.0
2026-06-18 12:20:00,296.75,297.7,296.6,297.05,12240.0
2026-06-18 12:25:00,297.25,297.5,296.8,297.15,7606.0
2026-06-18 12:30:00,297.3,297.65,297.15,297.2,7263.0
2026-06-18 12:35:00,297.25,297.25,296.9,297.05,7335.0
2026-06-18 12:40:00,297.05,297.55,297.05,297.35,6442.0
2026-06-18 12:45:00,297.35,297.4,297.0,297.35,9856.0
2026-06-18 12:50:00,297.15,297.5,296.8,297.3,9547.0
2026-06-18 12:55:00,297.25,297.45,297.0,297.15,5681.0
2026-06-18 13:00:00,297.05,297.15,296.6,296.75,5129.0
2026-06-18 13:05:00,296.7,296.85,296.3,296.8,10865.0
2026-06-18 13:10:00,296.8,296.85,296.4,296.6,11490.0
2026-06-18 13:15:00,296.65,297.2,296.6,296.75,14487.0
2026-06-18 13:20:00,296.75,296.85,296.5,296.7,7552.0
2026-06-18 13:25:00,296.7,296.7,296.0,296.05,48599.0
2026-06-18 13:30:00,295.8,298.55,295.25,296.55,101862.0
2026-06-18 13:35:00,296.3,297.7,296.15,297.4,34594.0
2026-06-18 13:40:00,297.25,297.7,297.0,297.35,29960.0
2026-06-18 13:45:00,297.05,297.95,297.05,297.55,18576.0
2026-06-18 13:50:00,297.4,297.65,297.25,297.6,8092.0
2026-06-18 13:55:00,297.4,297.7,297.25,297.25,5850.0
2026-06-18 14:00:00,297.4,297.5,297.05,297.2,13472.0
2026-06-18 14:05:00,297.45,298.35,297.2,297.9,18918.0
2026-06-18 14:10:00,298.05,298.7,297.5,297.55,28765.0
2026-06-18 14:15:00,297.55,297.8,297.15,297.35,18776.0
2026-06-18 14:20:00,297.25,297.5,297.0,297.3,4120.0
2026-06-18 14:25:00,297.5,297.5,297.05,297.25,6391.0
2026-06-18 14:30:00,297.25,297.25,296.6,296.7,7816.0
2026-06-18 14:35:00,296.95,297.3,296.7,297.15,4793.0
2026-06-18 14:40:00,297.15,297.4,297.0,297.0,13383.0
2026-06-18 14:45:00,297.15,297.25,296.85,297.0,8076.0
2026-06-18 14:50:00,297.15,297.15,296.75,296.75,6123.0
2026-06-18 14:55:00,296.95,297.05,296.55,297.05,11857.0
2026-06-18 15:00:00,297.05,297.05,296.55,296.9,19193.0
2026-06-18 15:05:00,296.9,297.4,296.5,297.3,37202.0
2026-06-18 15:10:00,297.3,297.3,296.5,296.6,33966.0
2026-06-18 15:15:00,296.7,296.8,296.5,296.55,36260.0
2026-06-18 15:20:00,296.55,296.75,296.3,296.3,39270.0
2026-06-18 15:25:00,296.4,297.8,296.3,297.0,29510.0
2026-06-19 09:15:00,295.75,298.15,295.0,296.25,58082.0
2026-06-19 09:20:00,296.25,296.4,295.0,296.15,28636.0
2026-06-19 09:25:00,296.15,296.6,295.3,295.3,46162.0
2026-06-19 09:30:00,295.3,295.45,294.5,294.65,38037.0
2026-06-19 09:35:00,294.65,295.55,294.65,295.45,14942.0
2026-06-19 09:40:00,295.55,295.6,295.15,295.15,7579.0
2026-06-19 09:45:00,295.15,295.25,295.0,295.2,6586.0
2026-06-19 09:50:00,295.25,295.25,294.65,294.7,13386.0
2026-06-19 09:55:00,294.7,294.9,294.55,294.65,8531.0
2026-06-19 10:00:00,294.85,294.85,294.2,294.55,11402.0
2026-06-19 10:05:00,294.55,294.8,294.5,294.5,7531.0
2026-06-19 10:10:00,294.5,294.65,293.4,293.55,35854.0
2026-06-19 10:15:00,293.65,293.8,293.4,293.65,8978.0
2026-06-19 10:20:00,293.85,293.9,293.25,293.65,23845.0
2026-06-19 10:25:00,293.65,293.65,293.25,293.4,11562.0
2026-06-19 10:30:00,293.25,293.55,292.25,292.3,60781.0
2026-06-19 10:35:00,292.3,292.9,291.9,292.55,65943.0
2026-06-19 10:40:00,292.6,292.6,292.1,292.35,22457.0
2026-06-19 10:45:00,292.5,292.6,291.85,291.9,18050.0
2026-06-19 10:50:00,292.0,292.0,291.5,291.5,17993.0
2026-06-19 10:55:00,291.55,291.75,291.5,291.55,11164.0
2026-06-19 11:00:00,291.6,291.8,291.5,291.6,9291.0
2026-06-19 11:05:00,291.6,292.25,291.6,291.85,18938.0
2026-06-19 11:10:00,292.0,292.3,292.0,292.2,7809.0
2026-06-19 11:15:00,292.2,292.35,292.15,292.15,6185.0
2026-06-19 11:20:00,292.15,292.25,291.8,291.8,14193.0
2026-06-19 11:25:00,291.8,292.3,291.6,292.3,10395.0
2026-06-19 11:30:00,292.05,292.15,291.55,291.65,7404.0
2026-06-19 11:35:00,291.85,291.85,291.55,291.55,7132.0
2026-06-19 11:40:00,291.55,292.3,291.55,291.9,12100.0
2026-06-19 11:45:00,291.9,291.9,291.45,291.45,15199.0
2026-06-19 11:50:00,291.45,291.55,291.4,291.45,7021.0
2026-06-19 11:55:00,291.4,291.5,291.25,291.25,9194.0
2026-06-19 12:00:00,291.25,291.4,291.2,291.2,7900.0
2026-06-19 12:05:00,291.4,291.45,291.1,291.25,9369.0
2026-06-19 12:10:00,291.25,291.45,291.0,291.05,11404.0
2026-06-19 12:15:00,291.15,291.3,291.0,291.05,7054.0
2026-06-19 12:20:00,291.0,291.3,290.5,290.5,32781.0
2026-06-19 12:25:00,290.7,290.8,290.1,290.1,33987.0
2026-06-19 12:30:00,290.2,290.55,290.15,290.45,11001.0
2026-06-19 12:35:00,290.4,290.45,290.25,290.4,10353.0
2026-06-19 12:40:00,290.45,290.55,290.1,290.2,13143.0
2026-06-19 12:45:00,290.35,290.5,290.3,290.35,5970.0
2026-06-19 12:50:00,290.5,290.7,290.5,290.55,9269.0
2026-06-19 12:55:00,290.7,290.7,290.15,290.3,16571.0
2026-06-19 13:00:00,290.3,290.3,289.75,289.85,37601.0
2026-06-19 13:05:00,289.85,290.4,289.6,289.6,37506.0
2026-06-19 13:10:00,289.65,289.65,289.0,289.15,33377.0
2026-06-19 13:15:00,289.15,289.2,288.7,288.9,23713.0
2026-06-19 13:20:00,288.9,289.35,288.8,289.0,21312.0
2026-06-19 13:25:00,289.0,290.35,288.8,289.25,67180.0
2026-06-19 13:30:00,289.25,290.5,289.1,290.3,16675.0
2026-06-19 13:35:00,290.3,290.45,290.0,290.2,14508.0
2026-06-19 13:40:00,290.2,290.45,290.0,290.15,17787.0
2026-06-19 13:45:00,290.15,291.5,290.05,290.8,26261.0
2026-06-19 13:50:00,290.95,291.6,290.65,291.4,22822.0
2026-06-19 13:55:00,291.4,291.6,290.65,290.7,21346.0
2026-06-19 14:00:00,290.6,290.75,290.35,290.65,18660.0
2026-06-19 14:05:00,290.85,291.25,290.1,290.2,18915.0
2026-06-19 14:10:00,290.2,290.55,289.95,290.35,24155.0
2026-06-19 14:15:00,290.35,290.65,290.05,290.4,28441.0
2026-06-19 14:20:00,290.4,290.5,289.35,289.5,33311.0
2026-06-19 14:25:00,289.2,289.3,288.9,289.0,139493.0
2026-06-19 14:30:00,288.95,290.55,288.9,290.55,41121.0
2026-06-19 14:35:00,290.35,291.3,290.35,291.15,19417.0
2026-06-19 14:40:00,291.0,291.25,290.65,291.25,22296.0
2026-06-19 14:45:00,291.05,291.3,290.8,291.0,18592.0
2026-06-19 14:50:00,290.85,291.05,290.4,290.8,13541.0
2026-06-19 14:55:00,290.65,290.85,290.2,290.5,16353.0
2026-06-19 15:00:00,290.5,292.05,290.35,291.55,68146.0
2026-06-19 15:05:00,291.55,292.0,291.35,291.8,36601.0
2026-06-19 15:10:00,291.75,291.9,291.5,291.7,24949.0
2026-06-19 15:15:00,291.7,291.8,291.35,291.45,34544.0
2026-06-19 15:20:00,291.45,292.1,291.0,291.95,81422.0
2026-06-19 15:25:00,292.05,292.55,291.65,292.4,81762.0
2026-06-22 09:15:00,294.0,294.0,290.0,290.25,55872.0
2026-06-22 09:20:00,290.25,292.0,290.25,290.75,60403.0
2026-06-22 09:25:00,290.95,291.2,290.6,290.8,18878.0
2026-06-22 09:30:00,290.8,291.25,290.7,291.0,13718.0
2026-06-22 09:35:00,291.0,291.1,290.3,290.35,21285.0
2026-06-22 09:40:00,290.35,291.0,290.15,290.5,12650.0
2026-06-22 09:45:00,290.3,291.0,290.1,291.0,34416.0
2026-06-22 09:50:00,290.85,291.25,290.75,291.1,23340.0
2026-06-22 09:55:00,291.1,291.2,290.9,290.9,5054.0
2026-06-22 10:00:00,290.95,291.25,290.8,291.1,14215.0
2026-06-22 10:05:00,291.2,291.35,291.0,291.35,3826.0
2026-06-22 10:10:00,291.25,291.6,291.25,291.6,6928.0
2026-06-22 10:15:00,291.6,291.75,291.4,291.55,8921.0
2026-06-22 10:20:00,291.55,291.9,291.4,291.8,6659.0
2026-06-22 10:25:00,291.8,291.95,291.35,291.85,16532.0
2026-06-22 10:30:00,291.85,292.0,291.5,291.85,8973.0
2026-06-22 10:35:00,291.85,292.0,291.65,291.9,5314.0
2026-06-22 10:40:00,291.95,292.3,291.75,292.3,9069.0
2026-06-22 10:45:00,292.3,292.45,292.0,292.3,8651.0
2026-06-22 10:50:00,292.3,292.3,291.55,291.95,12476.0
2026-06-22 10:55:00,291.95,292.0,291.65,292.0,8387.0
2026-06-22 11:00:00,292.0,292.0,291.3,291.5,14024.0
2026-06-22 11:05:00,291.6,291.95,291.5,291.55,7201.0
2026-06-22 11:10:00,291.5,291.8,291.4,291.45,7107.0
2026-06-22 11:15:00,291.5,291.75,291.4,291.7,5052.0
2026-06-22 11:20:00,291.7,291.7,291.4,291.4,4905.0
2026-06-22 11:25:00,291.6,291.6,291.25,291.55,5830.0
2026-06-22 11:30:00,291.6,291.65,291.3,291.65,11923.0
2026-06-22 11:35:00,291.65,291.85,291.5,291.75,3425.0
2026-06-22 11:40:00,291.75,291.9,291.5,291.65,5641.0
2026-06-22 11:45:00,291.65,292.0,291.55,292.0,14002.0
2026-06-22 11:50:00,292.0,292.0,291.75,291.75,5906.0
2026-06-22 11:55:00,291.75,291.8,291.6,291.8,3806.0
2026-06-22 12:00:00,291.8,291.9,291.55,291.75,2910.0
2026-06-22 12:05:00,291.75,292.0,291.6,292.0,2228.0
2026-06-22 12:10:00,291.85,292.05,291.45,291.7,9356.0
2026-06-22 12:15:00,291.7,291.7,291.2,291.5,12564.0
2026-06-22 12:20:00,291.5,291.95,291.15,291.65,8899.0
2026-06-22 12:25:00,291.65,291.75,291.15,291.35,9330.0
2026-06-22 12:30:00,291.4,291.4,291.15,291.2,3972.0
2026-06-22 12:35:00,291.2,291.2,290.4,290.65,26862.0
2026-06-22 12:40:00,290.7,290.9,290.55,290.8,4239.0
2026-06-22 12:45:00,290.8,290.85,290.5,290.65,9646.0
2026-06-22 12:50:00,290.65,290.65,290.35,290.6,7766.0
2026-06-22 12:55:00,290.6,290.75,290.45,290.75,2708.0
2026-06-22 13:00:00,290.75,291.15,290.55,290.75,6981.0
2026-06-22 13:05:00,290.75,290.75,290.7,290.7,2613.0
2026-06-22 13:10:00,290.75,290.75,290.5,290.75,5858.0
2026-06-22 13:15:00,290.75,291.35,290.75,291.35,8790.0
2026-06-22 13:20:00,291.35,291.35,290.5,290.8,8411.0
2026-06-22 13:25:00,290.8,291.35,290.6,291.2,7291.0
2026-06-22 13:30:00,291.2,293.0,291.0,292.45,19415.0
2026-06-22 13:35:00,292.45,292.95,292.15,292.75,16214.0
2026-06-22 13:40:00,292.75,293.45,292.55,293.25,15053.0
2026-06-22 13:45:00,293.1,293.4,292.8,293.4,9651.0
2026-06-22 13:50:00,293.4,293.4,292.8,293.4,7006.0
2026-06-22 13:55:00,293.4,293.4,292.9,293.1,8449.0
2026-06-22 14:00:00,292.8,293.4,292.8,293.2,5690.0
2026-06-22 14:05:00,293.2,293.3,293.1,293.25,3390.0
2026-06-22 14:10:00,293.3,293.5,292.75,293.45,18243.0
2026-06-22 14:15:00,293.5,293.5,293.05,293.5,2487.0
2026-06-22 14:20:00,293.5,293.8,293.4,293.75,5014.0
2026-06-22 14:25:00,293.75,293.8,293.5,293.6,10738.0
2026-06-22 14:30:00,293.7,294.6,293.55,294.3,48721.0
2026-06-22 14:35:00,294.3,294.8,294.3,294.7,43176.0
2026-06-22 14:40:00,294.7,294.75,294.15,294.75,16422.0
2026-06-22 14:45:00,294.7,294.8,294.5,294.8,21323.0
2026-06-22 14:50:00,294.8,295.0,294.75,295.0,24536.0
2026-06-22 14:55:00,295.0,295.0,294.6,294.8,16577.0
2026-06-22 15:00:00,294.8,295.9,294.8,295.3,64539.0
2026-06-22 15:05:00,295.35,296.4,295.1,296.2,113130.0
2026-06-22 15:10:00,296.2,296.9,296.0,296.3,64211.0
2026-06-22 15:15:00,296.3,296.3,295.4,295.75,77750.0
2026-06-22 15:20:00,295.75,295.85,295.2,295.45,60134.0
2026-06-22 15:25:00,295.45,295.75,294.95,295.5,60554.0
2026-06-23 09:15:00,296.9,296.9,294.0,294.25,44303.0
2026-06-23 09:20:00,294.5,295.5,294.15,294.6,22392.0
2026-06-23 09:25:00,294.7,294.75,293.65,294.6,13395.0
2026-06-23 09:30:00,294.7,295.4,294.6,295.2,9198.0
2026-06-23 09:35:00,294.95,295.3,294.65,295.25,7275.0
2026-06-23 09:40:00,295.15,295.7,294.85,295.2,19536.0
2026-06-23 09:45:00,295.2,295.8,295.05,295.65,13296.0
2026-06-23 09:50:00,295.75,295.8,295.3,295.3,7705.0
2026-06-23 09:55:00,295.6,295.65,294.75,295.1,10138.0
2026-06-23 10:00:00,295.15,295.5,294.75,295.45,4550.0
2026-06-23 10:05:00,295.45,295.8,295.35,295.55,11140.0
2026-06-23 10:10:00,295.5,295.55,295.1,295.15,9382.0
2026-06-23 10:15:00,295.35,295.6,295.15,295.5,5144.0
2026-06-23 10:20:00,295.6,295.95,295.3,295.5,30924.0
2026-06-23 10:25:00,295.5,295.7,295.1,295.35,15268.0
2026-06-23 10:30:00,295.35,295.5,295.2,295.25,4631.0
2026-06-23 10:35:00,295.45,295.8,295.35,295.55,11188.0
2026-06-23 10:40:00,295.45,295.75,295.2,295.35,15497.0
2026-06-23 10:45:00,295.55,295.6,295.1,295.2,5911.0
2026-06-23 10:50:00,295.35,295.5,295.15,295.2,5817.0
2026-06-23 10:55:00,295.25,295.5,295.1,295.45,5278.0
2026-06-23 11:00:00,295.45,295.45,295.0,295.4,3992.0
2026-06-23 11:05:00,295.4,296.15,295.3,296.15,9044.0
2026-06-23 11:10:00,296.15,296.6,295.8,296.3,7630.0
2026-06-23 11:15:00,296.45,296.5,296.2,296.2,4861.0
2026-06-23 11:20:00,296.25,296.55,296.2,296.45,9442.0
2026-06-23 11:25:00,296.3,296.55,296.2,296.35,6406.0
2026-06-23 11:30:00,296.15,296.45,296.05,296.2,4314.0
2026-06-23 11:35:00,296.45,296.7,295.9,295.9,16272.0
2026-06-23 11:40:00,295.6,295.7,294.8,295.0,14874.0
2026-06-23 11:45:00,294.95,295.1,294.2,294.2,16347.0
2026-06-23 11:50:00,294.4,294.45,294.0,294.05,9607.0
2026-06-23 11:55:00,294.2,294.3,293.4,293.85,7140.0
2026-06-23 12:00:00,293.85,294.25,293.55,293.85,10376.0
2026-06-23 12:05:00,293.85,293.95,293.2,293.35,10061.0
2026-06-23 12:10:00,293.65,293.8,293.3,293.5,5319.0
2026-06-23 12:15:00,293.5,293.65,293.2,293.55,5621.0
2026-06-23 12:20:00,293.55,293.55,292.5,292.85,24569.0
2026-06-23 12:25:00,293.0,293.6,293.0,293.2,4517.0
2026-06-23 12:30:00,293.4,293.55,293.1,293.55,5610.0
2026-06-23 12:35:00,293.3,293.5,293.0,293.45,5457.0
2026-06-23 12:40:00,293.45,293.6,293.1,293.3,2910.0
2026-06-23 12:45:00,293.5,294.1,292.9,293.15,23634.0
2026-06-23 12:50:00,293.15,293.3,292.7,292.85,3182.0
2026-06-23 12:55:00,292.95,293.2,292.5,292.55,14283.0
2026-06-23 13:00:00,292.7,292.7,292.2,292.55,1519.0
2026-06-23 13:05:00,292.55,293.1,292.55,292.75,5611.0
2026-06-23 13:10:00,292.85,292.85,292.4,292.45,5682.0
2026-06-23 13:15:00,292.45,292.6,292.1,292.55,4111.0
2026-06-23 13:20:00,292.55,292.55,292.1,292.3,1566.0
2026-06-23 13:25:00,292.3,292.3,291.8,291.9,9584.0
2026-06-23 13:30:00,291.9,292.15,291.5,291.8,6738.0
2026-06-23 13:35:00,291.65,292.05,291.65,292.05,2078.0
2026-06-23 13:40:00,292.05,292.15,291.65,291.8,7890.0
2026-06-23 13:45:00,292.0,292.6,291.65,292.55,7936.0
2026-06-23 13:50:00,292.6,292.7,292.15,292.6,3103.0
2026-06-23 13:55:00,292.7,292.7,291.55,292.3,23596.0
2026-06-23 14:00:00,292.4,292.85,292.25,292.85,3018.0
2026-06-23 14:05:00,292.85,293.2,292.3,293.05,13269.0
2026-06-23 14:10:00,293.15,293.35,292.95,293.15,3806.0
2026-06-23 14:15:00,293.35,293.6,293.1,293.2,5022.0
2026-06-23 14:20:00,293.2,293.65,293.15,293.3,6877.0
2026-06-23 14:25:00,293.3,293.4,292.9,293.15,4789.0
2026-06-23 14:30:00,293.15,293.3,292.55,292.8,7210.0
2026-06-23 14:35:00,292.8,292.8,292.1,292.3,10632.0
2026-06-23 14:40:00,292.55,295.25,292.25,295.0,48331.0
2026-06-23 14:45:00,295.15,295.9,294.75,295.5,45596.0
2026-06-23 14:50:00,295.5,296.0,295.45,295.6,73677.0
2026-06-23 14:55:00,295.55,296.0,295.5,295.7,77148.0
2026-06-23 15:00:00,295.7,295.75,294.5,294.7,103292.0
2026-06-23 15:05:00,294.7,295.05,294.6,294.8,112578.0
2026-06-23 15:10:00,294.8,295.1,294.6,294.6,95811.0
2026-06-23 15:15:00,294.65,294.95,294.2,294.45,107590.0
2026-06-23 15:20:00,294.4,294.55,293.3,293.95,106456.0
2026-06-23 15:25:00,293.95,294.55,292.75,293.0,104932.0
2026-06-24 09:15:00,292.5,292.65,290.15,290.15,73264.0
2026-06-24 09:20:00,290.15,291.4,290.15,290.55,46896.0
2026-06-24 09:25:00,290.5,291.15,290.2,290.65,20247.0
2026-06-24 09:30:00,290.8,291.4,290.2,290.2,15048.0
2026-06-24 09:35:00,290.55,290.7,290.0,290.2,15828.0
2026-06-24 09:40:00,290.25,290.5,289.3,290.1,45444.0
2026-06-24 09:45:00,290.1,290.65,289.85,290.2,10479.0
2026-06-24 09:50:00,290.2,290.85,289.85,290.35,26722.0
2026-06-24 09:55:00,290.35,292.1,290.2,291.45,45512.0
2026-06-24 10:00:00,291.55,293.0,291.5,292.45,38790.0
2026-06-24 10:05:00,292.35,292.6,292.05,292.45,20415.0
2026-06-24 10:10:00,292.5,293.35,292.45,293.2,27776.0
2026-06-24 10:15:00,293.25,293.65,293.15,293.6,35281.0
2026-06-24 10:20:00,293.6,293.8,293.4,293.7,9921.0
2026-06-24 10:25:00,293.65,293.65,291.35,291.35,35320.0
2026-06-24 10:30:00,291.65,292.15,291.4,292.15,253644.0
2026-06-24 10:35:00,292.25,292.55,292.1,292.4,6986.0
2026-06-24 10:40:00,292.45,292.75,292.1,292.4,8602.0
2026-06-24 10:45:00,292.6,292.9,292.3,292.45,6375.0
2026-06-24 10:50:00,292.45,292.7,292.1,292.35,5276.0
2026-06-24 10:55:00,292.3,293.25,292.3,293.2,14555.0
2026-06-24 11:00:00,293.25,293.5,292.95,293.25,8292.0
2026-06-24 11:05:00,293.35,293.95,293.3,293.9,20395.0
2026-06-24 11:10:00,293.9,294.1,293.7,294.0,14916.0
2026-06-24 11:15:00,294.0,294.25,293.55,294.25,28243.0
2026-06-24 11:20:00,294.3,294.65,294.15,294.3,11674.0
2026-06-24 11:25:00,294.3,294.65,294.05,294.25,17958.0
2026-06-24 11:30:00,294.25,294.7,294.1,294.55,21960.0
2026-06-24 11:35:00,294.3,294.75,294.2,294.35,15911.0
2026-06-24 11:40:00,294.35,294.55,294.05,294.5,10932.0
2026-06-24 11:45:00,294.5,294.95,294.45,294.75,16421.0
2026-06-24 11:50:00,294.75,295.5,294.65,295.3,23742.0
2026-06-24 11:55:00,295.3,295.65,295.0,295.05,18011.0
2026-06-24 12:00:00,295.05,295.3,294.7,295.0,10649.0
2026-06-24 12:05:00,295.05,295.4,294.8,294.9,13630.0
2026-06-24 12:10:00,294.9,295.15,294.4,294.65,11092.0
2026-06-24 12:15:00,294.5,295.0,294.5,294.5,10075.0
2026-06-24 12:20:00,294.45,294.95,294.45,294.75,5772.0
2026-06-24 12:25:00,294.75,294.9,294.4,294.6,7464.0
2026-06-24 12:30:00,294.6,294.8,294.2,294.35,10488.0
2026-06-24 12:35:00,294.4,295.35,294.1,295.05,26495.0
2026-06-24 12:40:00,295.05,295.05,294.4,294.6,8495.0
2026-06-24 12:45:00,294.6,294.6,294.1,294.1,10505.0
2026-06-24 12:50:00,294.1,294.9,294.1,294.45,11253.0
2026-06-24 12:55:00,294.45,294.85,294.3,294.5,7007.0
2026-06-24 13:00:00,294.55,294.8,294.2,294.25,12685.0
2026-06-24 13:05:00,294.25,294.55,294.1,294.4,5235.0
2026-06-24 13:10:00,294.4,294.7,294.3,294.45,5861.0
2026-06-24 13:15:00,294.5,294.95,294.4,294.95,7694.0
2026-06-24 13:20:00,294.8,295.35,294.65,294.85,11960.0
2026-06-24 13:25:00,294.9,295.3,294.75,295.1,7379.0
2026-06-24 13:30:00,295.1,295.25,294.55,294.95,12715.0
2026-06-24 13:35:00,294.95,295.4,294.95,295.05,5430.0
2026-06-24 13:40:00,295.05,295.45,294.9,295.05,9237.0
2026-06-24 13:45:00,295.05,295.5,295.0,295.1,8956.0
2026-06-24 13:50:00,295.1,295.25,294.9,294.95,32466.0
2026-06-24 13:55:00,294.95,295.15,294.9,294.9,9022.0
2026-06-24 14:00:00,294.9,295.2,294.75,294.75,7486.0
2026-06-24 14:05:00,294.75,295.1,294.7,294.8,11172.0
2026-06-24 14:10:00,294.8,295.35,294.75,295.25,12309.0
2026-06-24 14:15:00,295.25,295.4,294.65,294.75,26124.0
2026-06-24 14:20:00,294.75,295.0,294.7,294.75,9599.0
2026-06-24 14:25:00,294.75,295.05,294.5,294.55,9673.0
2026-06-24 14:30:00,294.55,295.0,294.2,294.5,15834.0
2026-06-24 14:35:00,294.5,294.85,294.2,294.35,10787.0
2026-06-24 14:40:00,294.2,294.75,294.2,294.7,12692.0
2026-06-24 14:45:00,294.5,294.85,294.2,294.4,15291.0
2026-06-24 14:50:00,294.35,294.8,294.3,294.6,12281.0
2026-06-24 14:55:00,294.6,294.8,294.25,294.4,17776.0
2026-06-24 15:00:00,294.45,295.4,294.3,295.2,37254.0
2026-06-24 15:05:00,295.25,295.35,294.85,295.0,27169.0
2026-06-24 15:10:00,294.9,295.35,294.6,295.15,36395.0
2026-06-24 15:15:00,295.1,295.3,294.3,294.75,43053.0
2026-06-24 15:20:00,294.75,295.2,294.45,294.75,32590.0
2026-06-24 15:25:00,294.7,295.0,294.45,294.7,33031.0
2026-06-25 09:15:00,295.0,295.85,292.5,293.4,45380.0
2026-06-25 09:20:00,293.4,293.55,292.8,293.25,21336.0
2026-06-25 09:25:00,293.3,294.7,293.3,294.7,34191.0
2026-06-25 09:30:00,294.7,295.65,294.45,295.5,13304.0
2026-06-25 09:35:00,295.55,295.55,294.55,294.65,15668.0
2026-06-25 09:40:00,294.65,295.0,294.25,294.75,19481.0
2026-06-25 09:45:00,294.8,295.5,294.65,295.15,33302.0
2026-06-25 09:50:00,295.15,295.15,294.55,294.7,6998.0
2026-06-25 09:55:00,294.5,294.7,294.1,294.25,5344.0
2026-06-25 10:00:00,294.25,294.25,293.8,293.95,5925.0
2026-06-25 10:05:00,293.95,293.95,293.4,293.85,7836.0
2026-06-25 10:10:00,293.85,293.95,293.6,293.8,4799.0
2026-06-25 10:15:00,293.65,293.85,293.1,293.65,14490.0
2026-06-25 10:20:00,293.65,293.65,293.2,293.3,4164.0
2026-06-25 10:25:00,293.3,293.85,293.15,293.85,23918.0
2026-06-25 10:30:00,293.8,294.5,293.8,293.95,9006.0
2026-06-25 10:35:00,293.85,293.95,293.5,293.65,4266.0
2026-06-25 10:40:00,293.65,293.65,293.4,293.45,3176.0
2026-06-25 10:45:00,293.45,293.75,293.35,293.75,3004.0
2026-06-25 10:50:00,293.75,294.75,293.3,294.2,33504.0
2026-06-25 10:55:00,294.4,294.45,294.1,294.3,4747.0
2026-06-25 11:00:00,294.15,294.3,293.65,294.0,3518.0
2026-06-25 11:05:00,293.8,294.0,293.55,293.65,1827.0
2026-06-25 11:10:00,293.35,294.6,293.35,294.15,30853.0
2026-06-25 11:15:00,294.05,294.05,293.7,293.75,1689.0
2026-06-25 11:20:00,293.6,294.2,293.55,293.8,43655.0
2026-06-25 11:25:00,293.8,293.85,293.55,293.8,3536.0
2026-06-25 11:30:00,293.55,293.75,293.45,293.55,3252.0
2026-06-25 11:35:00,293.55,293.7,293.0,293.7,9641.0
2026-06-25 11:40:00,293.6,293.6,293.3,293.4,1741.0
2026-06-25 11:45:00,293.4,293.4,293.2,293.25,1368.0
2026-06-25 11:50:00,293.4,294.05,293.4,294.05,11419.0
2026-06-25 11:55:00,294.05,294.15,293.75,294.1,8107.0
2026-06-25 12:00:00,294.1,294.1,293.65,293.7,6114.0
2026-06-25 12:05:00,293.7,293.8,292.8,292.95,26036.0
2026-06-25 12:10:00,292.95,292.95,292.5,292.65,15113.0
2026-06-25 12:15:00,292.65,292.65,292.4,292.4,18293.0
2026-06-25 12:20:00,292.55,292.55,292.0,292.35,38611.0
2026-06-25 12:25:00,292.35,292.65,292.1,292.45,17421.0
2026-06-25 12:30:00,292.35,292.9,292.3,292.7,11670.0
2026-06-25 12:35:00,292.7,292.85,292.5,292.8,10044.0
2026-06-25 12:40:00,292.8,292.8,291.8,291.9,11442.0
2026-06-25 12:45:00,291.85,292.2,291.15,291.2,21727.0
2026-06-25 12:50:00,291.35,291.9,291.2,291.45,18311.0
2026-06-25 12:55:00,291.65,291.95,291.45,291.75,9160.0
2026-06-25 13:00:00,291.95,291.95,291.4,291.45,8007.0
2026-06-25 13:05:00,291.5,291.55,291.4,291.4,3233.0
2026-06-25 13:10:00,291.45,291.5,291.05,291.05,12416.0
2026-06-25 13:15:00,291.15,291.4,291.0,291.3,11943.0
2026-06-25 13:20:00,291.4,293.0,291.3,292.3,59878.0
2026-06-25 13:25:00,292.5,292.65,291.5,291.75,18189.0
2026-06-25 13:30:00,291.75,292.7,291.55,292.45,18139.0
2026-06-25 13:35:00,292.5,292.65,292.3,292.45,8993.0
2026-06-25 13:40:00,292.45,292.55,291.9,291.95,6683.0
2026-06-25 13:45:00,292.0,292.0,291.8,291.85,2434.0
2026-06-25 13:50:00,291.85,291.85,291.55,291.8,6001.0
2026-06-25 13:55:00,291.8,291.85,291.6,291.75,1750.0
2026-06-25 14:00:00,291.85,291.85,291.35,291.55,9599.0
2026-06-25 14:05:00,291.65,291.75,291.2,291.25,7282.0
2026-06-25 14:10:00,291.3,291.6,291.05,291.4,20415.0
2026-06-25 14:15:00,291.25,291.5,291.2,291.2,5282.0
2026-06-25 14:20:00,291.3,291.4,290.8,291.05,16913.0
2026-06-25 14:25:00,291.05,291.3,290.85,291.05,10856.0
2026-06-25 14:30:00,291.05,291.5,290.9,290.9,8314.0
2026-06-25 14:35:00,291.0,291.4,290.9,291.0,15412.0
2026-06-25 14:40:00,291.0,291.3,290.85,290.9,19409.0
2026-06-25 14:45:00,290.9,291.15,290.8,291.0,11158.0
2026-06-25 14:50:00,291.0,291.2,290.6,290.8,17535.0
2026-06-25 14:55:00,290.7,290.9,290.3,290.3,15036.0
2026-06-25 15:00:00,290.4,290.65,290.05,290.5,38105.0
2026-06-25 15:05:00,290.65,291.1,290.3,290.45,68992.0
2026-06-25 15:10:00,290.45,290.55,290.0,290.15,35270.0
2026-06-25 15:15:00,290.1,290.8,290.0,290.3,43310.0
2026-06-25 15:20:00,290.3,290.5,290.0,290.5,38900.0
2026-06-25 15:25:00,290.5,290.95,290.0,290.0,49412.0
2026-06-29 09:15:00,290.0,292.25,288.1,292.25,72721.0
2026-06-29 09:20:00,292.45,293.4,291.15,291.45,32609.0
2026-06-29 09:25:00,291.5,292.35,290.6,292.1,37770.0
2026-06-29 09:30:00,292.1,292.6,291.0,291.2,14350.0
2026-06-29 09:35:00,291.2,292.85,291.2,292.8,39827.0
2026-06-29 09:40:00,292.85,293.75,292.7,293.35,35543.0
2026-06-29 09:45:00,293.5,294.6,292.6,294.25,49784.0
2026-06-29 09:50:00,294.2,294.65,293.55,294.65,60858.0
2026-06-29 09:55:00,294.45,294.75,293.9,294.05,18982.0
2026-06-29 10:00:00,294.1,294.15,293.65,293.7,5792.0
2026-06-29 10:05:00,293.65,294.0,293.45,293.85,15183.0
2026-06-29 10:10:00,293.8,294.5,293.4,294.35,17701.0
2026-06-29 10:15:00,294.35,295.45,294.2,294.4,73233.0
2026-06-29 10:20:00,294.35,294.5,293.95,294.15,8550.0
2026-06-29 10:25:00,294.15,295.4,294.15,295.1,12962.0
2026-06-29 10:30:00,295.1,295.5,295.0,295.2,46851.0
2026-06-29 10:35:00,295.2,296.35,295.15,295.55,116003.0
2026-06-29 10:40:00,295.55,296.6,295.5,296.6,26561.0
2026-06-29 10:45:00,296.7,298.35,296.05,296.55,125457.0
2026-06-29 10:50:00,296.5,296.5,295.4,295.8,49013.0
2026-06-29 10:55:00,295.8,296.5,295.35,296.5,225357.0
2026-06-29 11:00:00,296.45,297.6,296.15,297.45,45126.0
2026-06-29 11:05:00,297.4,297.6,296.4,296.65,18303.0
2026-06-29 11:10:00,296.7,297.55,296.65,297.15,47210.0
2026-06-29 11:15:00,297.3,297.85,297.15,297.45,33951.0
2026-06-29 11:20:00,297.6,297.65,296.85,297.3,23139.0
2026-06-29 11:25:00,297.4,297.75,297.25,297.7,13949.0
2026-06-29 11:30:00,297.7,297.95,297.25,297.55,36406.0
2026-06-29 11:35:00,297.55,297.85,297.25,297.75,15718.0
2026-06-29 11:40:00,297.8,298.0,297.45,297.95,131068.0
2026-06-29 11:45:00,298.0,298.0,297.55,297.8,77296.0
2026-06-29 11:50:00,297.75,297.9,297.35,297.65,35685.0
2026-06-29 11:55:00,297.7,297.9,297.4,297.8,22071.0
2026-06-29 12:00:00,297.75,297.8,297.25,297.35,28346.0
2026-06-29 12:05:00,297.45,297.6,297.15,297.55,26120.0
2026-06-29 12:10:00,297.3,297.6,294.5,294.75,85433.0
2026-06-29 12:15:00,294.8,294.8,294.1,294.2,54117.0
2026-06-29 12:20:00,294.2,295.3,294.15,295.1,34835.0
2026-06-29 12:25:00,295.1,295.5,293.85,294.4,54762.0
2026-06-29 12:30:00,294.55,294.6,293.4,293.75,36364.0
2026-06-29 12:35:00,293.75,294.6,293.5,293.5,41574.0
2026-06-29 12:40:00,293.6,294.0,293.1,293.85,35376.0
2026-06-29 12:45:00,293.85,294.0,293.4,293.65,41871.0
2026-06-29 12:50:00,293.65,294.0,293.35,293.95,29453.0
2026-06-29 12:55:00,293.95,294.2,293.05,293.25,107071.0
2026-06-29 13:00:00,293.25,293.55,292.75,293.15,33180.0
2026-06-29 13:05:00,293.25,294.5,292.95,294.4,29777.0
2026-06-29 13:10:00,294.35,295.3,294.05,294.75,55432.0
2026-06-29 13:15:00,294.7,294.95,294.3,294.6,36851.0
2026-06-29 13:20:00,294.6,296.25,294.4,296.25,87334.0
2026-06-29 13:25:00,296.45,296.7,295.55,296.6,100709.0
2026-06-29 13:30:00,296.6,296.85,296.1,296.5,71756.0
2026-06-29 13:35:00,296.5,297.4,296.45,297.35,77336.0
2026-06-29 13:40:00,296.9,297.05,296.15,296.55,470699.0
2026-06-29 13:45:00,296.5,297.0,296.4,296.85,45100.0
2026-06-29 13:50:00,296.75,298.0,296.65,298.0,67781.0
2026-06-29 13:55:00,297.85,298.1,297.6,298.0,85108.0
2026-06-29 14:00:00,297.95,298.0,297.2,297.5,72562.0
2026-06-29 14:05:00,297.55,297.55,296.65,296.95,65886.0
2026-06-29 14:10:00,296.95,297.3,296.6,297.25,86685.0
2026-06-29 14:15:00,297.2,297.5,296.85,297.0,75597.0
2026-06-29 14:20:00,297.1,297.45,296.8,297.35,54907.0
2026-06-29 14:25:00,297.3,297.6,297.1,297.5,51833.0
2026-06-29 14:30:00,297.5,297.7,297.2,297.5,79541.0
2026-06-29 14:35:00,297.45,297.6,296.9,297.15,59698.0
2026-06-29 14:40:00,297.2,297.6,297.15,297.45,57141.0
2026-06-29 14:45:00,297.45,297.45,296.35,297.1,45645.0
2026-06-29 14:50:00,297.2,297.5,297.05,297.45,100222.0
2026-06-29 14:55:00,297.45,297.5,296.9,297.45,137207.0
2026-06-29 15:00:00,297.5,298.05,296.2,297.7,549980.0
2026-06-29 15:05:00,297.7,297.95,296.05,297.2,460374.0
2026-06-29 15:10:00,297.2,298.25,296.8,298.0,650550.0
2026-06-29 15:15:00,298.0,301.4,297.7,300.25,817217.0
2026-06-29 15:20:00,300.3,301.1,300.2,300.75,684527.0
2026-06-29 15:25:00,300.75,301.0,299.1,299.25,320618.0
2026-06-30 09:15:00,299.8,300.0,296.2,297.0,120465.0
2026-06-30 09:20:00,297.0,297.2,295.4,295.6,49052.0
2026-06-30 09:25:00,295.6,296.2,295.3,295.45,28759.0
2026-06-30 09:30:00,295.3,295.85,294.2,295.05,77197.0
2026-06-30 09:35:00,295.05,296.3,295.05,295.25,43167.0
2026-06-30 09:40:00,295.15,295.25,294.5,294.65,11683.0
2026-06-30 09:45:00,294.65,295.3,294.25,294.9,29170.0
2026-06-30 09:50:00,294.9,295.8,294.85,295.7,12166.0
2026-06-30 09:55:00,295.7,296.2,295.5,296.1,21573.0
2026-06-30 10:00:00,296.1,296.75,296.05,296.75,22654.0
2026-06-30 10:05:00,296.75,296.8,295.3,295.3,23934.0
2026-06-30 10:10:00,295.25,295.75,295.25,295.5,9816.0
2026-06-30 10:15:00,295.5,295.55,295.0,295.05,9440.0
2026-06-30 10:20:00,295.05,295.15,294.6,295.1,17900.0
2026-06-30 10:25:00,295.0,296.6,294.95,296.25,23376.0
2026-06-30 10:30:00,296.25,296.65,296.05,296.6,13977.0
2026-06-30 10:35:00,296.65,296.65,296.2,296.4,20003.0
2026-06-30 10:40:00,296.35,297.7,296.05,297.7,39202.0
2026-06-30 10:45:00,297.8,298.7,297.5,298.2,43456.0
2026-06-30 10:50:00,298.25,298.3,297.75,298.0,36239.0
2026-06-30 10:55:00,298.3,299.2,296.85,297.45,52109.0
2026-06-30 11:00:00,297.45,298.05,297.25,297.75,13078.0
2026-06-30 11:05:00,297.8,297.9,297.4,297.7,12809.0
2026-06-30 11:10:00,297.8,298.15,297.5,297.55,24041.0
2026-06-30 11:15:00,297.55,298.1,297.35,297.95,14497.0
2026-06-30 11:20:00,297.95,298.6,297.5,298.4,32497.0
2026-06-30 11:25:00,298.4,298.6,297.8,298.45,41420.0
2026-06-30 11:30:00,298.45,298.65,298.05,298.5,28080.0
2026-06-30 11:35:00,298.5,298.85,298.15,298.35,15590.0
2026-06-30 11:40:00,298.5,298.6,297.6,297.75,16015.0
2026-06-30 11:45:00,297.85,298.3,297.6,298.05,23218.0
2026-06-30 11:50:00,298.2,298.6,297.9,298.15,13919.0
2026-06-30 11:55:00,298.3,298.5,298.0,298.4,10464.0
2026-06-30 12:00:00,298.4,298.4,297.7,298.1,28841.0
2026-06-30 12:05:00,298.2,298.35,297.7,297.7,9909.0
2026-06-30 12:10:00,297.7,297.95,297.1,297.1,21612.0
2026-06-30 12:15:00,297.15,297.7,297.1,297.6,13686.0
2026-06-30 12:20:00,297.7,299.75,297.5,299.7,47251.0
2026-06-30 12:25:00,299.6,300.4,299.1,300.4,73933.0
2026-06-30 12:30:00,300.3,300.8,298.85,299.2,37595.0
2026-06-30 12:35:00,299.1,299.35,298.4,298.75,35821.0
2026-06-30 12:40:00,298.8,299.4,298.7,299.1,19792.0
2026-06-30 12:45:00,299.2,299.4,298.85,299.25,20641.0
2026-06-30 12:50:00,299.25,299.4,298.85,299.2,16251.0
2026-06-30 12:55:00,299.2,299.6,299.0,299.35,17564.0
2026-06-30 13:00:00,299.4,300.4,298.75,298.85,33074.0
2026-06-30 13:05:00,298.85,299.35,298.55,299.35,21635.0
2026-06-30 13:10:00,299.2,299.35,298.85,299.05,20463.0
2026-06-30 13:15:00,298.95,299.35,298.95,299.15,15032.0
2026-06-30 13:20:00,299.15,299.4,298.85,299.25,26475.0
2026-06-30 13:25:00,299.25,299.8,299.05,299.65,20639.0
2026-06-30 13:30:00,299.7,299.8,298.25,298.65,44463.0
2026-06-30 13:35:00,298.65,298.8,298.4,298.75,21421.0
2026-06-30 13:40:00,298.65,298.95,297.0,297.15,74441.0
2026-06-30 13:45:00,297.3,297.4,296.4,296.85,36162.0
2026-06-30 13:50:00,296.9,297.0,296.15,296.35,40964.0
2026-06-30 13:55:00,296.5,296.85,296.3,296.85,24682.0
2026-06-30 14:00:00,296.85,296.9,296.3,296.45,21749.0
2026-06-30 14:05:00,296.5,297.1,296.4,296.75,43920.0
2026-06-30 14:10:00,296.8,297.0,296.25,296.25,27759.0
2026-06-30 14:15:00,296.3,297.0,296.25,296.7,30213.0
2026-06-30 14:20:00,296.75,297.0,296.55,297.0,45037.0
2026-06-30 14:25:00,297.0,297.1,296.55,296.55,57182.0
2026-06-30 14:30:00,296.5,296.55,295.55,296.25,36449.0
2026-06-30 14:35:00,296.25,296.25,295.8,295.95,12761.0
2026-06-30 14:40:00,296.15,296.35,295.35,295.6,37173.0
2026-06-30 14:45:00,295.6,296.85,295.0,296.4,81471.0
2026-06-30 14:50:00,296.25,296.5,295.5,295.7,21566.0
2026-06-30 14:55:00,295.8,295.85,295.1,295.45,27543.0
2026-06-30 15:00:00,295.4,295.4,294.6,295.15,74877.0
2026-06-30 15:05:00,295.15,296.8,295.1,296.8,81299.0
2026-06-30 15:10:00,296.75,297.0,296.25,296.85,146960.0
2026-06-30 15:15:00,296.85,296.85,296.55,296.6,125340.0
2026-06-30 15:20:00,296.55,296.6,295.35,295.9,179937.0
2026-06-30 15:25:00,295.9,295.9,295.05,295.5,78346.0
2026-07-01 09:15:00,296.65,299.2,296.2,296.7,101055.0
2026-07-01 09:20:00,296.9,297.0,296.25,296.95,83714.0
2026-07-01 09:25:00,296.95,297.0,296.35,296.65,102783.0
2026-07-01 09:30:00,296.65,297.0,296.15,296.8,71277.0
2026-07-01 09:35:00,296.85,297.0,296.5,296.8,15797.0
2026-07-01 09:40:00,297.0,297.05,296.3,296.85,52366.0
2026-07-01 09:45:00,297.0,297.05,296.6,296.6,46742.0
2026-07-01 09:50:00,296.6,296.65,295.25,295.65,22334.0
2026-07-01 09:55:00,295.75,296.0,295.6,295.65,6205.0
2026-07-01 10:00:00,295.65,295.8,294.4,294.95,44945.0
2026-07-01 10:05:00,294.8,295.0,294.3,295.0,7727.0
2026-07-01 10:10:00,294.8,295.3,294.65,295.3,3315.0
2026-07-01 10:15:00,295.3,295.7,295.1,295.7,5230.0
2026-07-01 10:20:00,295.7,295.75,295.25,295.75,3562.0
2026-07-01 10:25:00,295.7,295.95,295.4,295.5,7512.0
2026-07-01 10:30:00,295.6,295.9,295.4,295.7,12776.0
2026-07-01 10:35:00,295.7,295.75,295.1,295.2,17041.0
2026-07-01 10:40:00,295.25,295.45,295.05,295.2,7257.0
2026-07-01 10:45:00,295.05,295.35,295.05,295.1,1891.0
2026-07-01 10:50:00,295.25,295.25,294.7,294.85,10678.0
2026-07-01 10:55:00,294.85,295.85,294.85,295.75,8925.0
2026-07-01 11:00:00,295.7,295.95,295.25,295.45,6304.0
2026-07-01 11:05:00,295.5,295.5,295.25,295.25,1906.0
2026-07-01 11:10:00,295.25,296.5,295.25,296.35,80903.0
2026-07-01 11:15:00,296.35,297.0,296.15,296.8,48855.0
2026-07-01 11:20:00,296.8,297.05,296.7,296.9,85937.0
2026-07-01 11:25:00,296.9,297.25,296.65,297.0,349669.0
2026-07-01 11:30:00,297.0,297.0,296.2,296.6,54607.0
2026-07-01 11:35:00,296.5,296.6,296.25,296.35,4777.0
2026-07-01 11:40:00,296.45,297.0,296.0,296.85,33699.0
2026-07-01 11:45:00,297.0,300.2,296.85,298.45,601810.0
2026-07-01 11:50:00,298.35,300.85,298.35,300.55,490914.0
2026-07-01 11:55:00,300.9,301.45,300.2,300.5,170834.0
2026-07-01 12:00:00,300.5,300.5,299.05,299.35,77970.0
2026-07-01 12:05:00,299.35,299.35,298.85,299.1,15161.0
2026-07-01 12:10:00,299.05,299.8,298.8,299.6,32421.0
2026-07-01 12:15:00,299.65,299.75,299.2,299.3,9445.0
2026-07-01 12:20:00,299.1,299.6,299.05,299.6,10365.0
2026-07-01 12:25:00,299.4,299.95,299.2,299.4,25432.0
2026-07-01 12:30:00,299.4,299.45,299.05,299.25,9336.0
2026-07-01 12:35:00,299.25,299.4,299.05,299.25,2454.0
2026-07-01 12:40:00,299.25,299.3,298.75,299.05,14774.0
2026-07-01 12:45:00,299.0,299.0,297.3,297.65,47955.0
2026-07-01 12:50:00,297.55,297.65,297.1,297.2,32107.0
2026-07-01 12:55:00,297.1,297.1,296.75,296.9,20052.0
2026-07-01 13:00:00,296.9,296.9,296.2,296.45,11849.0
2026-07-01 13:05:00,296.45,296.7,296.3,296.4,8257.0
2026-07-01 13:10:00,296.4,296.55,296.0,296.0,13388.0
2026-07-01 13:15:00,296.15,296.75,296.05,296.4,11748.0
2026-07-01 13:20:00,296.45,298.0,296.25,297.5,87629.0
2026-07-01 13:25:00,297.3,297.8,296.65,296.65,96791.0
2026-07-01 13:30:00,296.8,296.85,296.2,296.45,29075.0
2026-07-01 13:35:00,296.7,297.0,296.55,296.8,14985.0
2026-07-01 13:40:00,296.95,297.15,296.0,296.35,61050.0
2026-07-01 13:45:00,296.5,296.5,295.75,296.1,30095.0
2026-07-01 13:50:00,296.25,297.5,296.1,297.25,87056.0
2026-07-01 13:55:00,297.35,298.3,297.1,298.1,68893.0
2026-07-01 14:00:00,298.15,298.2,297.65,298.05,13305.0
2026-07-01 14:05:00,298.05,298.5,298.0,298.35,5906.0
2026-07-01 14:10:00,298.5,298.7,298.25,298.45,5843.0
2026-07-01 14:15:00,298.3,298.45,298.0,298.05,8491.0
2026-07-01 14:20:00,298.1,298.45,297.7,298.3,42223.0
2026-07-01 14:25:00,298.35,298.8,298.15,298.15,24937.0
2026-07-01 14:30:00,298.25,298.6,298.1,298.6,29713.0
2026-07-01 14:35:00,298.65,298.7,298.0,298.05,35802.0
2026-07-01 14:40:00,298.15,298.6,297.75,298.15,52857.0
2026-07-01 14:45:00,298.1,298.3,298.0,298.3,6051.0
2026-07-01 14:50:00,298.3,299.7,298.2,298.35,74307.0
2026-07-01 14:55:00,298.35,298.6,298.05,298.35,15904.0
2026-07-01 15:00:00,298.65,298.7,298.3,298.45,18447.0
2026-07-01 15:05:00,298.45,301.2,298.2,300.0,722956.0
2026-07-01 15:10:00,299.95,301.65,299.85,301.05,444431.0
2026-07-01 15:15:00,300.3,301.05,300.0,300.25,332806.0
2026-07-01 15:20:00,300.3,300.3,299.7,299.75,82129.0
2026-07-01 15:25:00,299.75,300.0,299.3,300.0,78773.0
2026-07-02 09:15:00,300.0,302.0,297.0,298.25,150165.0
2026-07-02 09:20:00,298.25,298.7,296.5,296.85,100707.0
2026-07-02 09:25:00,296.85,297.5,294.35,294.9,272767.0
2026-07-02 09:30:00,294.9,295.7,294.0,294.3,152603.0
2026-07-02 09:35:00,294.6,296.0,294.45,295.75,57249.0
2026-07-02 09:40:00,295.7,296.25,295.45,295.65,35681.0
2026-07-02 09:45:00,295.65,295.7,294.8,295.15,68084.0
2026-07-02 09:50:00,295.1,295.25,294.25,294.35,57991.0
2026-07-02 09:55:00,294.35,294.45,293.6,294.1,59052.0
2026-07-02 10:00:00,294.15,294.4,293.75,293.9,50702.0
2026-07-02 10:05:00,293.85,294.05,293.2,293.75,32659.0
2026-07-02 10:10:00,293.85,294.85,293.45,294.35,57793.0
2026-07-02 10:15:00,294.3,295.0,294.25,294.9,24259.0
2026-07-02 10:20:00,294.85,294.95,294.2,294.5,17483.0
2026-07-02 10:25:00,294.55,295.35,294.2,295.1,69747.0
2026-07-02 10:30:00,295.3,295.3,294.85,295.05,23823.0
2026-07-02 10:35:00,295.25,295.75,295.1,295.6,24659.0
2026-07-02 10:40:00,295.75,296.5,295.35,296.5,53349.0
2026-07-02 10:45:00,296.5,296.7,296.15,296.6,28126.0
2026-07-02 10:50:00,296.6,296.8,296.05,296.25,22920.0
2026-07-02 10:55:00,296.15,296.7,296.0,296.5,32103.0
2026-07-02 11:00:00,296.5,296.5,296.0,296.1,9904.0
2026-07-02 11:05:00,296.1,296.15,295.8,295.95,10375.0
2026-07-02 11:10:00,295.95,296.15,295.6,295.85,13628.0
2026-07-02 11:15:00,295.85,297.4,295.6,297.2,72341.0
2026-07-02 11:20:00,297.2,298.25,297.2,297.95,109055.0
2026-07-02 11:25:00,298.0,298.45,296.65,296.8,181736.0
2026-07-02 11:30:00,296.8,297.0,296.65,296.9,13114.0
2026-07-02 11:35:00,296.9,296.95,296.55,296.85,10588.0
2026-07-02 11:40:00,296.8,296.85,296.5,296.75,11879.0
2026-07-02 11:45:00,296.75,296.9,296.55,296.6,9519.0
2026-07-02 11:50:00,296.7,296.95,296.3,296.9,13711.0
2026-07-02 11:55:00,296.9,297.0,296.35,296.5,12934.0
2026-07-02 12:00:00,296.55,296.75,296.05,296.1,26496.0
2026-07-02 12:05:00,296.2,296.6,296.15,296.5,20127.0
2026-07-02 12:10:00,296.55,296.55,296.0,296.15,22357.0
2026-07-02 12:15:00,296.15,296.8,296.15,296.55,13290.0
2026-07-02 12:20:00,296.7,296.75,296.3,296.65,8731.0
2026-07-02 12:25:00,296.65,296.7,296.25,296.6,14609.0
2026-07-02 12:30:00,296.6,296.65,296.3,296.45,15316.0
2026-07-02 12:35:00,296.45,296.75,296.35,296.7,9019.0
2026-07-02 12:40:00,296.7,296.8,296.05,296.45,15804.0
2026-07-02 12:45:00,296.45,296.55,296.15,296.35,9699.0
2026-07-02 12:50:00,296.35,296.4,295.95,296.05,7311.0
2026-07-02 12:55:00,295.95,296.15,295.55,295.9,13735.0
2026-07-02 13:00:00,295.95,297.05,295.55,297.05,46547.0
2026-07-02 13:05:00,297.05,297.5,297.0,297.4,15019.0
2026-07-02 13:10:00,297.4,297.75,297.15,297.6,17372.0
2026-07-02 13:15:00,297.45,297.7,297.35,297.65,9105.0
2026-07-02 13:20:00,297.65,297.7,297.35,297.65,11554.0
2026-07-02 13:25:00,297.65,297.7,297.45,297.45,8697.0
2026-07-02 13:30:00,297.5,297.7,297.15,297.5,14956.0
2026-07-02 13:35:00,297.5,297.7,297.35,297.7,8974.0
2026-07-02 13:40:00,297.7,297.7,296.15,296.2,24421.0
2026-07-02 13:45:00,296.25,296.4,296.0,296.05,22072.0
2026-07-02 13:50:00,296.0,296.3,295.35,295.6,51982.0
2026-07-02 13:55:00,295.7,295.95,295.45,295.6,18253.0
2026-07-02 14:00:00,295.85,295.95,295.6,295.7,15305.0
2026-07-02 14:05:00,295.8,296.2,295.7,295.7,28190.0
2026-07-02 14:10:00,295.75,295.85,295.25,295.3,33924.0
2026-07-02 14:15:00,295.3,295.5,295.1,295.1,23344.0
2026-07-02 14:20:00,295.25,295.35,294.85,294.85,42024.0
2026-07-02 14:25:00,294.95,295.0,294.2,294.25,47391.0
2026-07-02 14:30:00,294.1,294.7,294.0,294.25,36783.0
2026-07-02 14:35:00,294.25,294.4,294.0,294.4,25055.0
2026-07-02 14:40:00,294.35,294.6,294.05,294.35,29533.0
2026-07-02 14:45:00,294.35,294.9,294.35,294.7,29768.0
2026-07-02 14:50:00,294.65,294.8,294.5,294.65,14565.0
2026-07-02 14:55:00,294.7,295.0,294.35,294.85,31780.0
2026-07-02 15:00:00,294.85,294.95,294.0,294.0,53140.0
2026-07-02 15:05:00,294.45,294.45,293.65,294.25,74219.0
2026-07-02 15:10:00,294.25,294.25,293.7,293.8,72612.0
2026-07-02 15:15:00,293.8,294.05,293.5,293.9,90059.0
2026-07-02 15:20:00,293.9,294.2,293.65,293.95,46458.0
2026-07-02 15:25:00,293.95,294.45,293.5,294.3,62797.0
2026-07-03 09:15:00,295.3,297.0,294.3,295.2,61920.0
2026-07-03 09:20:00,295.15,296.0,294.9,295.2,28949.0
2026-07-03 09:25:00,295.55,295.8,294.65,294.85,41220.0
2026-07-03 09:30:00,294.85,294.95,294.1,294.15,46468.0
2026-07-03 09:35:00,293.95,294.4,293.55,293.8,28050.0
2026-07-03 09:40:00,293.95,294.15,293.3,294.15,14078.0
2026-07-03 09:45:00,294.15,294.2,293.3,293.95,11092.0
2026-07-03 09:50:00,293.95,294.45,293.55,294.35,9326.0
2026-07-03 09:55:00,294.35,294.45,293.85,294.05,9813.0
2026-07-03 10:00:00,294.05,294.45,293.8,294.1,9039.0
2026-07-03 10:05:00,294.1,294.8,293.8,294.45,6842.0
2026-07-03 10:10:00,294.45,294.85,294.3,294.7,10069.0
2026-07-03 10:15:00,294.7,294.8,294.15,294.3,10442.0
2026-07-03 10:20:00,294.3,294.3,292.3,292.3,48939.0
2026-07-03 10:25:00,292.4,292.8,292.1,292.15,35277.0
2026-07-03 10:30:00,292.15,293.0,291.85,292.6,48900.0
2026-07-03 10:35:00,292.4,292.65,292.3,292.6,6916.0
2026-07-03 10:40:00,292.6,292.65,292.35,292.4,7018.0
2026-07-03 10:45:00,292.55,292.6,292.2,292.3,11851.0
2026-07-03 10:50:00,292.05,292.45,292.05,292.15,19197.0
2026-07-03 10:55:00,292.35,292.4,291.9,292.1,21183.0
2026-07-03 11:00:00,292.1,292.1,291.8,292.0,4242.0
2026-07-03 11:05:00,292.0,292.0,291.4,291.5,35376.0
2026-07-03 11:10:00,291.5,291.7,291.05,291.25,17638.0
2026-07-03 11:15:00,291.25,291.45,291.0,291.15,12997.0
2026-07-03 11:20:00,291.15,291.4,290.8,291.4,17687.0
2026-07-03 11:25:00,291.4,291.5,291.05,291.1,9028.0
2026-07-03 11:30:00,291.2,291.5,291.05,291.4,9781.0
2026-07-03 11:35:00,291.25,291.6,291.2,291.55,8276.0
2026-07-03 11:40:00,291.55,292.3,291.45,292.0,23164.0
2026-07-03 11:45:00,292.0,293.0,291.8,292.1,15582.0
2026-07-03 11:50:00,292.1,292.35,292.0,292.25,4138.0
2026-07-03 11:55:00,292.3,292.45,291.95,292.15,8131.0
2026-07-03 12:00:00,292.3,292.45,291.8,291.85,8709.0
2026-07-03 12:05:00,291.9,292.4,291.85,292.35,9658.0
2026-07-03 12:10:00,292.35,292.35,292.05,292.1,13041.0
2026-07-03 12:15:00,292.3,292.4,292.1,292.4,5416.0
2026-07-03 12:20:00,292.4,292.45,292.25,292.45,4554.0
2026-07-03 12:25:00,292.45,292.45,292.1,292.1,4574.0
2026-07-03 12:30:00,292.1,292.45,291.9,292.0,14196.0
2026-07-03 12:35:00,292.0,292.5,291.5,291.9,20539.0
2026-07-03 12:40:00,291.9,292.05,291.5,291.55,11372.0
2026-07-03 12:45:00,291.55,291.95,290.95,291.35,38229.0
2026-07-03 12:50:00,291.35,291.65,290.9,291.25,16619.0
2026-07-03 12:55:00,291.25,291.3,290.35,290.55,44969.0
2026-07-03 13:00:00,290.55,290.65,289.8,290.2,81870.0
2026-07-03 13:05:00,290.05,290.2,289.05,289.85,46789.0
2026-07-03 13:10:00,289.8,290.3,289.05,289.45,50172.0
2026-07-03 13:15:00,289.45,289.6,289.05,289.15,16178.0
2026-07-03 13:20:00,289.05,289.5,289.05,289.15,10672.0
2026-07-03 13:25:00,289.4,289.8,289.15,289.4,7905.0
2026-07-03 13:30:00,289.6,289.65,289.2,289.35,17541.0
2026-07-03 13:35:00,289.55,289.95,288.8,289.4,42064.0
2026-07-03 13:40:00,289.4,290.35,289.1,290.1,15921.0
2026-07-03 13:45:00,290.15,290.45,290.05,290.05,6206.0
2026-07-03 13:50:00,290.05,290.3,289.85,290.2,8632.0
2026-07-03 13:55:00,290.2,290.25,289.85,290.2,10621.0
2026-07-03 14:00:00,290.2,290.3,289.75,290.1,18265.0
2026-07-03 14:05:00,290.05,290.6,289.9,290.5,10719.0
2026-07-03 14:10:00,290.5,290.6,290.05,290.4,14915.0
2026-07-03 14:15:00,290.4,290.7,290.1,290.65,17272.0
2026-07-03 14:20:00,290.65,290.95,290.35,290.95,15216.0
2026-07-03 14:25:00,290.85,290.9,290.5,290.8,5963.0
2026-07-03 14:30:00,290.8,291.5,290.4,291.45,37523.0
2026-07-03 14:35:00,291.45,291.45,291.1,291.3,10065.0
2026-07-03 14:40:00,291.3,291.45,290.75,291.45,27515.0
2026-07-03 14:45:00,291.45,291.75,291.15,291.35,29503.0
2026-07-03 14:50:00,291.35,291.65,291.2,291.6,40657.0
2026-07-03 14:55:00,291.6,291.6,291.1,291.3,20522.0
2026-07-03 15:00:00,291.3,292.0,291.3,292.0,44346.0
2026-07-03 15:05:00,292.0,292.3,291.85,292.3,31611.0
2026-07-03 15:10:00,292.3,292.3,290.65,291.0,63545.0
2026-07-03 15:15:00,290.8,292.4,290.7,291.8,226338.0
2026-07-03 15:20:00,291.8,292.2,291.35,292.0,63784.0
2026-07-03 15:25:00,292.0,292.4,291.45,291.45,60721.0
2026-07-06 09:15:00,293.6,297.1,292.3,293.75,341973.0
2026-07-06 09:20:00,293.25,293.3,291.3,292.1,93415.0
2026-07-06 09:25:00,292.1,293.45,291.15,293.1,92434.0
2026-07-06 09:30:00,293.15,294.4,293.05,293.8,77917.0
2026-07-06 09:35:00,293.65,294.15,293.4,294.0,39941.0
2026-07-06 09:40:00,294.0,294.6,293.3,294.35,33900.0
2026-07-06 09:45:00,294.35,294.7,294.1,294.4,16061.0
2026-07-06 09:50:00,294.4,294.5,294.25,294.25,11307.0
2026-07-06 09:55:00,294.4,294.4,293.9,294.2,10363.0
2026-07-06 10:00:00,294.2,295.25,294.15,295.2,55575.0
2026-07-06 10:05:00,295.2,295.25,294.6,295.1,23882.0
2026-07-06 10:10:00,295.1,295.35,295.05,295.35,15347.0
2026-07-06 10:15:00,295.35,295.4,294.5,294.75,20560.0
2026-07-06 10:20:00,294.75,295.9,293.45,295.75,99047.0
2026-07-06 10:25:00,295.45,297.0,295.45,296.9,105665.0
2026-07-06 10:30:00,296.9,296.9,296.3,296.55,23910.0
2026-07-06 10:35:00,296.5,296.9,296.2,296.6,47659.0
2026-07-06 10:40:00,296.6,296.85,296.05,296.65,43857.0
2026-07-06 10:45:00,296.65,297.45,296.0,297.15,157089.0
2026-07-06 10:50:00,297.15,297.8,296.8,297.25,42327.0
2026-07-06 10:55:00,297.5,297.55,296.5,296.5,41581.0
2026-07-06 11:00:00,296.85,296.9,296.1,296.1,41167.0
2026-07-06 11:05:00,296.4,296.5,296.2,296.5,9396.0
2026-07-06 11:10:00,296.35,296.65,296.2,296.65,10651.0
2026-07-06 11:15:00,296.5,296.65,296.35,296.55,14207.0
2026-07-06 11:20:00,296.55,297.4,296.55,297.35,65533.0
2026-07-06 11:25:00,297.4,297.4,297.15,297.15,6214.0
2026-07-06 11:30:00,297.15,297.2,296.55,296.55,11910.0
2026-07-06 11:35:00,296.55,296.75,296.1,296.3,16817.0
2026-07-06 11:40:00,296.35,296.75,296.05,296.4,13109.0
2026-07-06 11:45:00,296.2,296.7,296.2,296.25,6688.0
2026-07-06 11:50:00,296.45,296.45,296.0,296.4,10297.0
2026-07-06 11:55:00,296.4,297.2,296.25,297.2,23794.0
2026-07-06 12:00:00,297.1,297.9,297.1,297.55,95752.0
2026-07-06 12:05:00,297.5,299.25,297.5,299.25,115270.0
2026-07-06 12:10:00,299.35,300.95,299.2,300.55,230349.0
2026-07-06 12:15:00,300.6,301.25,300.35,300.65,133841.0
2026-07-06 12:20:00,300.65,301.15,300.5,300.55,95369.0
2026-07-06 12:25:00,300.55,300.9,300.5,300.75,45158.0
2026-07-06 12:30:00,300.75,301.4,300.5,300.6,64953.0
2026-07-06 12:35:00,300.8,300.95,300.4,300.8,34762.0
2026-07-06 12:40:00,300.55,300.8,300.45,300.7,25172.0
2026-07-06 12:45:00,300.55,300.9,300.45,300.7,22071.0
2026-07-06 12:50:00,300.9,301.1,299.5,300.65,78023.0
2026-07-06 12:55:00,300.7,301.3,300.5,301.0,64724.0
2026-07-06 13:00:00,301.15,301.3,300.65,300.8,18585.0
2026-07-06 13:05:00,300.65,301.0,300.55,300.65,13226.0
2026-07-06 13:10:00,300.65,300.95,300.6,300.7,10423.0
2026-07-06 13:15:00,300.7,301.15,300.7,300.75,22779.0
2026-07-06 13:20:00,300.9,301.1,300.65,301.0,20918.0
2026-07-06 13:25:00,300.85,301.25,300.55,300.95,60127.0
2026-07-06 13:30:00,301.0,301.1,300.25,300.75,17147.0
2026-07-06 13:35:00,300.75,302.15,300.45,302.0,62558.0
2026-07-06 13:40:00,301.95,303.0,301.9,302.75,69919.0
2026-07-06 13:45:00,302.75,303.0,302.05,302.6,71629.0
2026-07-06 13:50:00,302.9,303.0,302.55,302.65,52883.0
2026-07-06 13:55:00,302.7,302.75,302.0,302.5,41528.0
2026-07-06 14:00:00,302.5,302.75,302.25,302.65,24839.0
2026-07-06 14:05:00,302.5,302.7,302.35,302.5,13800.0
2026-07-06 14:10:00,302.5,302.85,302.25,302.5,28072.0
2026-07-06 14:15:00,302.5,302.75,302.5,302.7,22111.0
2026-07-06 14:20:00,302.6,302.75,302.05,302.5,42305.0
2026-07-06 14:25:00,302.5,302.7,301.9,302.35,41813.0
2026-07-06 14:30:00,302.4,302.6,302.0,302.6,29670.0
2026-07-06 14:35:00,302.35,302.65,302.05,302.15,24310.0
2026-07-06 14:40:00,302.15,302.5,301.9,302.05,41743.0
2026-07-06 14:45:00,302.1,302.45,302.05,302.2,19302.0
2026-07-06 14:50:00,302.3,302.55,302.25,302.5,16686.0
2026-07-06 14:55:00,302.55,302.6,302.15,302.5,102890.0
2026-07-06 15:00:00,302.55,302.65,302.2,302.5,73764.0
2026-07-06 15:05:00,302.5,302.7,302.3,302.55,50258.0
2026-07-06 15:10:00,302.55,303.15,302.5,303.05,84598.0
2026-07-06 15:15:00,302.85,303.7,302.75,303.3,141328.0
2026-07-06 15:20:00,303.3,305.0,302.95,305.0,243064.0
2026-07-06 15:25:00,305.0,307.15,304.65,306.3,270585.0
2026-07-07 09:15:00,306.0,306.8,303.95,305.3,146152.0
2026-07-07 09:20:00,305.45,306.5,304.55,306.2,94474.0
2026-07-07 09:25:00,306.2,306.5,305.3,305.55,50275.0
2026-07-07 09:30:00,305.5,305.5,303.3,304.5,70635.0
2026-07-07 09:35:00,304.65,306.0,304.0,304.1,41997.0
2026-07-07 09:40:00,304.4,304.85,304.1,304.5,12781.0
2026-07-07 09:45:00,304.45,304.7,304.1,304.35,16538.0
2026-07-07 09:50:00,304.35,304.7,304.0,304.25,19885.0
2026-07-07 09:55:00,304.25,304.95,303.45,303.7,40521.0
2026-07-07 10:00:00,303.55,303.7,302.8,302.8,37747.0
2026-07-07 10:05:00,302.95,303.4,302.3,302.85,49349.0
2026-07-07 10:10:00,302.7,302.95,302.45,302.75,21997.0
2026-07-07 10:15:00,302.6,302.8,302.5,302.7,8349.0
2026-07-07 10:20:00,302.7,302.8,302.1,302.35,28109.0
2026-07-07 10:25:00,302.25,302.3,302.0,302.2,11886.0
2026-07-07 10:30:00,302.1,302.7,302.0,302.45,11583.0
2026-07-07 10:35:00,302.3,302.55,302.3,302.5,6572.0
2026-07-07 10:40:00,302.3,302.45,302.05,302.2,8335.0
2026-07-07 10:45:00,302.15,302.2,301.65,301.95,25050.0
2026-07-07 10:50:00,301.95,302.0,301.65,301.7,8503.0
2026-07-07 10:55:00,301.8,301.9,301.1,301.3,11931.0
2026-07-07 11:00:00,301.25,301.35,301.0,301.05,23776.0
2026-07-07 11:05:00,301.0,301.15,300.5,300.8,27682.0
2026-07-07 11:10:00,301.15,301.6,301.0,301.15,14919.0
2026-07-07 11:15:00,301.0,301.25,300.65,301.25,9683.0
2026-07-07 11:20:00,301.15,301.4,301.0,301.4,4726.0
2026-07-07 11:25:00,301.25,301.55,301.0,301.1,23596.0
2026-07-07 11:30:00,301.15,302.45,301.15,302.3,13855.0
2026-07-07 11:35:00,302.1,302.45,301.75,302.05,20532.0
2026-07-07 11:40:00,301.75,303.15,301.65,303.0,18878.0
2026-07-07 11:45:00,303.55,304.0,303.05,303.75,46978.0
2026-07-07 11:50:00,303.75,304.0,303.4,304.0,54008.0
2026-07-07 11:55:00,303.85,304.5,303.5,304.15,34406.0
2026-07-07 12:00:00,304.05,304.35,303.3,303.45,17779.0
2026-07-07 12:05:00,303.3,303.45,302.6,302.95,19863.0
2026-07-07 12:10:00,303.05,303.5,302.3,302.3,48489.0
2026-07-07 12:15:00,302.25,302.4,301.75,302.15,11718.0
2026-07-07 12:20:00,302.15,302.65,302.0,302.65,5918.0
2026-07-07 12:25:00,302.55,302.65,302.45,302.45,7378.0
2026-07-07 12:30:00,302.45,302.7,302.2,302.2,9224.0
2026-07-07 12:35:00,302.2,302.35,302.05,302.05,7761.0
2026-07-07 12:40:00,302.05,302.35,302.05,302.25,4474.0
2026-07-07 12:45:00,302.25,302.75,302.25,302.7,5101.0
2026-07-07 12:50:00,302.7,302.9,302.5,302.55,5882.0
2026-07-07 12:55:00,302.55,303.0,302.25,303.0,11244.0
2026-07-07 13:00:00,302.8,303.05,301.4,301.55,27390.0
2026-07-07 13:05:00,301.5,301.55,301.0,301.0,12588.0
2026-07-07 13:10:00,301.1,301.25,300.8,301.0,13274.0
2026-07-07 13:15:00,301.0,301.25,300.8,300.95,11796.0
2026-07-07 13:20:00,300.85,301.15,300.8,301.0,16790.0
2026-07-07 13:25:00,301.0,301.45,300.8,300.95,15410.0
2026-07-07 13:30:00,301.0,301.05,300.55,300.9,21396.0
2026-07-07 13:35:00,300.8,301.35,300.7,300.9,19873.0
2026-07-07 13:40:00,300.9,301.05,300.9,300.9,10167.0
2026-07-07 13:45:00,300.9,301.15,300.9,300.95,8706.0
2026-07-07 13:50:00,301.0,301.1,300.85,300.85,15049.0
2026-07-07 13:55:00,300.85,301.2,300.8,301.0,6868.0
2026-07-07 14:00:00,300.9,301.05,300.9,301.0,8396.0
2026-07-07 14:05:00,301.0,302.0,300.95,301.75,61891.0
2026-07-07 14:10:00,301.6,302.75,301.4,302.5,28083.0
2026-07-07 14:15:00,302.4,302.8,302.05,302.1,27419.0
2026-07-07 14:20:00,302.05,303.75,302.05,303.1,75129.0
2026-07-07 14:25:00,303.15,303.85,303.0,303.55,38143.0
2026-07-07 14:30:00,303.55,303.85,302.8,302.8,38581.0
2026-07-07 14:35:00,302.8,303.05,302.6,302.85,20015.0
2026-07-07 14:40:00,302.9,302.9,302.55,302.75,19670.0
2026-07-07 14:45:00,302.75,303.9,302.6,303.9,23680.0
2026-07-07 14:50:00,303.95,304.2,303.1,303.5,45961.0
2026-07-07 14:55:00,303.4,303.8,303.05,303.05,27990.0
2026-07-07 15:00:00,303.15,303.6,303.05,303.15,36528.0
2026-07-07 15:05:00,303.15,305.7,302.85,304.95,149885.0
2026-07-07 15:10:00,305.2,305.5,303.3,305.1,124945.0
2026-07-07 15:15:00,305.3,305.4,303.9,304.05,73401.0
2026-07-07 15:20:00,304.15,304.45,303.25,303.6,43003.0
2026-07-07 15:25:00,303.6,304.2,303.0,304.0,32761.0
2026-07-08 09:15:00,304.95,305.8,300.75,304.35,112523.0
2026-07-08 09:20:00,304.35,307.85,304.1,306.7,109026.0
2026-07-08 09:25:00,306.4,306.65,305.6,306.4,34053.0
2026-07-08 09:30:00,306.15,306.2,305.3,305.55,17187.0
2026-07-08 09:35:00,305.25,306.3,305.2,306.0,33527.0
2026-07-08 09:40:00,306.0,306.15,305.6,305.8,15151.0
2026-07-08 09:45:00,306.0,306.0,304.75,305.1,25464.0
2026-07-08 09:50:00,305.1,305.4,304.85,305.0,12259.0
2026-07-08 09:55:00,304.85,305.2,304.85,305.0,2915.0
2026-07-08 10:00:00,304.95,304.95,304.45,304.8,13655.0
2026-07-08 10:05:00,305.0,305.35,304.75,304.75,7437.0
2026-07-08 10:10:00,304.65,304.95,304.5,304.75,6943.0
2026-07-08 10:15:00,304.6,305.0,304.55,304.8,6627.0
2026-07-08 10:20:00,304.9,305.0,304.55,304.55,6936.0
2026-07-08 10:25:00,304.55,304.75,304.5,304.7,4285.0
2026-07-08 10:30:00,304.7,304.7,304.05,304.15,6902.0
2026-07-08 10:35:00,304.4,304.95,304.25,304.8,12677.0
2026-07-08 10:40:00,304.8,306.5,304.6,305.35,66760.0
2026-07-08 10:45:00,305.05,306.6,305.05,306.6,14232.0
2026-07-08 10:50:00,306.6,306.6,305.95,306.05,5876.0
2026-07-08 10:55:00,305.95,306.25,305.9,306.15,7959.0
2026-07-08 11:00:00,305.95,306.4,305.95,306.4,6235.0
2026-07-08 11:05:00,306.25,306.4,306.0,306.4,5715.0
2026-07-08 11:10:00,306.4,306.45,306.1,306.3,3106.0
2026-07-08 11:15:00,306.2,306.3,305.95,306.1,8117.0
2026-07-08 11:20:00,306.1,306.3,305.9,306.1,5821.0
2026-07-08 11:25:00,306.1,306.25,305.9,306.25,2119.0
2026-07-08 11:30:00,306.25,306.3,306.0,306.25,3267.0
2026-07-08 11:35:00,306.25,306.35,305.95,306.25,4921.0
2026-07-08 11:40:00,306.25,306.25,306.0,306.15,2312.0
2026-07-08 11:45:00,306.15,306.15,304.4,304.5,20301.0
2026-07-08 11:50:00,304.5,304.5,303.85,304.0,18848.0
2026-07-08 11:55:00,304.0,304.2,303.3,303.55,7718.0
2026-07-08 12:00:00,303.5,303.85,303.45,303.75,5718.0
2026-07-08 12:05:00,303.75,303.8,303.55,303.7,2132.0
2026-07-08 12:10:00,303.7,303.85,303.55,303.85,4033.0
2026-07-08 12:15:00,303.65,304.0,303.45,304.0,3440.0
2026-07-08 12:20:00,303.85,303.85,303.4,303.55,5655.0
2026-07-08 12:25:00,303.55,303.7,303.05,303.3,9774.0
2026-07-08 12:30:00,303.3,303.5,302.6,303.35,17012.0
2026-07-08 12:35:00,303.35,303.35,302.9,302.9,3027.0
2026-07-08 12:40:00,302.85,303.0,302.5,303.0,5405.0
2026-07-08 12:45:00,303.0,303.0,302.7,302.75,3000.0
2026-07-08 12:50:00,302.7,303.0,302.7,303.0,2031.0
2026-07-08 12:55:00,303.0,303.0,302.85,303.0,2406.0
2026-07-08 13:00:00,303.0,303.5,302.95,303.35,6083.0
2026-07-08 13:05:00,303.35,303.5,303.25,303.45,4396.0
2026-07-08 13:10:00,303.45,303.45,303.2,303.45,2520.0
2026-07-08 13:15:00,303.4,303.45,303.15,303.3,3638.0
2026-07-08 13:20:00,303.25,304.15,303.25,304.15,11420.0
2026-07-08 13:25:00,304.15,304.3,303.95,304.05,4058.0
2026-07-08 13:30:00,304.05,304.05,303.65,303.8,7557.0
2026-07-08 13:35:00,303.8,303.85,303.3,303.65,7663.0
2026-07-08 13:40:00,303.65,303.7,303.25,303.3,5023.0
2026-07-08 13:45:00,303.35,303.45,302.3,302.6,7095.0
2026-07-08 13:50:00,302.35,302.5,301.0,301.05,92929.0
2026-07-08 13:55:00,301.1,301.35,300.1,300.5,55800.0
2026-07-08 14:00:00,300.5,300.5,299.15,300.0,126572.0
2026-07-08 14:05:00,300.1,300.1,297.4,300.0,291509.0
2026-07-08 14:10:00,300.0,300.05,297.5,298.25,62958.0
2026-07-08 14:15:00,298.25,299.25,297.8,298.5,26611.0
2026-07-08 14:20:00,298.75,299.3,298.15,298.5,27685.0
2026-07-08 14:25:00,298.4,298.75,297.1,297.45,31461.0
2026-07-08 14:30:00,297.4,298.3,297.35,297.5,25234.0
2026-07-08 14:35:00,297.5,297.7,297.1,297.15,16379.0
2026-07-08 14:40:00,297.3,297.5,296.65,296.85,25784.0
2026-07-08 14:45:00,296.85,296.85,295.3,295.3,29008.0
2026-07-08 14:50:00,295.45,295.6,293.95,294.25,67921.0
2026-07-08 14:55:00,294.3,294.95,293.9,294.25,23988.0
2026-07-08 15:00:00,294.3,295.0,294.2,294.5,50266.0
2026-07-08 15:05:00,294.5,294.85,294.15,294.7,24772.0
2026-07-08 15:10:00,294.75,294.85,294.0,294.5,59332.0
2026-07-08 15:15:00,294.45,294.5,294.0,294.1,50521.0
2026-07-08 15:20:00,294.05,295.6,293.75,295.5,116263.0
2026-07-08 15:25:00,295.55,296.1,294.4,295.8,56718.0
2026-07-09 09:15:00,296.0,296.8,291.5,294.35,127247.0
2026-07-09 09:20:00,294.25,296.0,292.95,296.0,88962.0
2026-07-09 09:25:00,296.0,296.15,295.0,295.55,28089.0
2026-07-09 09:30:00,295.8,295.85,294.0,295.2,59325.0
2026-07-09 09:35:00,295.2,295.25,294.1,294.75,30645.0
2026-07-09 09:40:00,294.75,298.1,294.7,297.55,85840.0
2026-07-09 09:45:00,297.75,298.4,297.25,297.55,28565.0
2026-07-09 09:50:00,297.3,297.8,296.9,297.7,14682.0
2026-07-09 09:55:00,297.75,297.85,296.55,297.05,13766.0
2026-07-09 10:00:00,297.3,297.8,297.2,297.55,8931.0
2026-07-09 10:05:00,297.55,298.0,297.45,297.65,6290.0
2026-07-09 10:10:00,297.85,297.85,297.3,297.35,16946.0
2026-07-09 10:15:00,297.4,297.7,297.1,297.2,7553.0
2026-07-09 10:20:00,297.2,297.3,296.9,297.3,11494.0
2026-07-09 10:25:00,297.35,298.8,297.25,298.7,28002.0
2026-07-09 10:30:00,298.7,298.7,298.25,298.45,5727.0
2026-07-09 10:35:00,298.45,298.55,298.0,298.45,14384.0
2026-07-09 10:40:00,298.55,299.6,298.25,299.0,28347.0
2026-07-09 10:45:00,299.0,299.3,298.0,298.4,15517.0
2026-07-09 10:50:00,298.4,299.35,298.1,299.05,17895.0
2026-07-09 10:55:00,299.05,299.7,299.0,299.7,11956.0
2026-07-09 11:00:00,299.4,299.65,298.9,299.45,12136.0
2026-07-09 11:05:00,299.45,300.95,299.25,300.65,65182.0
2026-07-09 11:10:00,300.65,301.1,300.4,300.8,24439.0
2026-07-09 11:15:00,300.55,300.8,300.2,300.65,13851.0
2026-07-09 11:20:00,300.65,301.3,300.4,301.3,24076.0
2026-07-09 11:25:00,301.25,301.75,301.15,301.65,27843.0
2026-07-09 11:30:00,301.65,301.85,300.15,300.3,15821.0
2026-07-09 11:35:00,300.3,300.55,300.1,300.55,7276.0
2026-07-09 11:40:00,300.65,300.65,299.0,299.25,18350.0
2026-07-09 11:45:00,299.15,299.2,298.85,298.9,9190.0
2026-07-09 11:50:00,298.95,299.0,296.05,296.1,55006.0
2026-07-09 11:55:00,296.1,296.6,296.1,296.45,17990.0
2026-07-09 12:00:00,296.6,296.6,295.05,295.15,28213.0
2026-07-09 12:05:00,295.15,295.2,294.75,294.9,35910.0
2026-07-09 12:10:00,294.55,295.0,294.35,294.85,31418.0
2026-07-09 12:15:00,294.9,295.2,294.85,295.1,22285.0
2026-07-09 12:20:00,294.85,294.85,294.45,294.6,23746.0
2026-07-09 12:25:00,294.6,295.2,294.6,295.0,10723.0
2026-07-09 12:30:00,295.0,295.45,294.8,295.45,14675.0
2026-07-09 12:35:00,295.25,295.65,295.0,295.0,15596.0
2026-07-09 12:40:00,295.0,295.35,295.0,295.0,4055.0
2026-07-09 12:45:00,295.0,295.3,294.95,295.0,8019.0
2026-07-09 12:50:00,295.0,295.15,294.6,295.15,10679.0
2026-07-09 12:55:00,295.05,295.25,295.0,295.2,4104.0
2026-07-09 13:00:00,295.25,297.0,295.2,296.4,87715.0
2026-07-09 13:05:00,296.4,296.5,296.0,296.35,8028.0
2026-07-09 13:10:00,296.35,296.65,296.05,296.6,17278.0
2026-07-09 13:15:00,296.6,296.8,296.5,296.75,3312.0
2026-07-09 13:20:00,296.8,296.8,295.95,296.15,12534.0
2026-07-09 13:25:00,296.15,296.35,295.9,296.15,5889.0
2026-07-09 13:30:00,296.15,296.15,295.8,295.85,3387.0
2026-07-09 13:35:00,296.0,297.0,296.0,296.95,18321.0
2026-07-09 13:40:00,296.7,297.4,296.7,296.9,29218.0
2026-07-09 13:45:00,297.0,297.05,296.5,296.8,6996.0
2026-07-09 13:50:00,297.0,297.0,295.7,296.1,11190.0
2026-07-09 13:55:00,296.05,296.7,296.05,296.25,6585.0
2026-07-09 14:00:00,296.45,296.7,296.2,296.35,4089.0
2026-07-09 14:05:00,296.25,296.6,295.95,296.4,9260.0
2026-07-09 14:10:00,296.4,296.75,296.0,296.4,6178.0
2026-07-09 14:15:00,296.4,296.5,296.1,296.5,4463.0
2026-07-09 14:20:00,296.2,296.5,295.9,296.5,7891.0
2026-07-09 14:25:00,296.5,296.65,296.2,296.4,3679.0
2026-07-09 14:30:00,296.5,296.55,296.25,296.5,2760.0
2026-07-09 14:35:00,296.5,296.5,295.8,295.95,5266.0
2026-07-09 14:40:00,295.95,296.3,295.85,296.1,6313.0
2026-07-09 14:45:00,296.1,296.3,295.5,295.8,8239.0
2026-07-09 14:50:00,295.8,296.25,295.7,296.0,10782.0
2026-07-09 14:55:00,296.0,296.0,295.6,295.85,20568.0
2026-07-09 15:00:00,295.95,295.95,295.15,295.35,27831.0
2026-07-09 15:05:00,295.35,295.65,295.1,295.45,36968.0
2026-07-09 15:10:00,295.45,295.55,295.1,295.55,30803.0
2026-07-09 15:15:00,295.55,295.7,295.35,295.4,25733.0
2026-07-09 15:20:00,295.4,296.6,295.15,296.05,54620.0
2026-07-09 15:25:00,296.15,297.0,295.95,296.6,36595.0
2026-07-10 09:15:00,299.0,299.85,297.05,298.2,43506.0
2026-07-10 09:20:00,298.0,299.9,298.0,299.85,12827.0
2026-07-10 09:25:00,299.8,300.75,299.1,300.4,37282.0
2026-07-10 09:30:00,300.4,300.9,300.15,300.6,32241.0
2026-07-10 09:35:00,300.55,300.65,299.5,300.45,21794.0
2026-07-10 09:40:00,300.6,301.5,300.2,301.5,27386.0
2026-07-10 09:45:00,301.45,302.95,300.95,302.7,97479.0
2026-07-10 09:50:00,302.3,302.9,302.0,302.3,38132.0
2026-07-10 09:55:00,302.3,303.4,302.2,302.8,35220.0
2026-07-10 10:00:00,302.7,302.85,302.0,302.05,13301.0
2026-07-10 10:05:00,302.1,302.8,301.95,302.3,23033.0
2026-07-10 10:10:00,302.25,302.95,302.05,302.9,13806.0
2026-07-10 10:15:00,303.35,304.75,302.55,303.8,82564.0
2026-07-10 10:20:00,303.9,304.0,303.3,303.8,23474.0
2026-07-10 10:25:00,303.8,304.1,303.35,303.75,13121.0
2026-07-10 10:30:00,303.75,303.75,303.1,303.35,7696.0
2026-07-10 10:35:00,303.35,304.0,303.3,303.95,9536.0
2026-07-10 10:40:00,303.9,304.35,303.75,304.1,17738.0
2026-07-10 10:45:00,304.1,304.6,303.6,303.85,18870.0
2026-07-10 10:50:00,303.9,304.1,303.55,303.8,10495.0
2026-07-10 10:55:00,303.5,303.85,303.4,303.7,6308.0
2026-07-10 11:00:00,303.7,304.15,303.65,303.85,13410.0
2026-07-10 11:05:00,303.85,303.85,303.05,303.7,11618.0
2026-07-10 11:10:00,303.7,305.0,303.5,304.75,63096.0
2026-07-10 11:15:00,305.0,306.25,304.8,305.1,97538.0
2026-07-10 11:20:00,305.0,305.2,304.35,304.35,19795.0
2026-07-10 11:25:00,304.35,304.8,304.25,304.35,17646.0
2026-07-10 11:30:00,304.45,304.55,304.05,304.05,14625.0
2026-07-10 11:35:00,304.05,304.35,303.95,304.35,4334.0
2026-07-10 11:40:00,304.35,304.5,304.1,304.45,4485.0
2026-07-10 11:45:00,304.45,305.5,304.2,305.05,44934.0
2026-07-10 11:50:00,305.0,305.5,304.6,305.3,16899.0
2026-07-10 11:55:00,305.3,305.5,305.0,305.15,30177.0
2026-07-10 12:00:00,305.15,305.4,305.1,305.15,7165.0
2026-07-10 12:05:00,305.25,305.3,304.3,304.3,26360.0
2026-07-10 12:10:00,304.3,304.75,304.1,304.45,11757.0
2026-07-10 12:15:00,304.45,304.75,304.2,304.5,6891.0
2026-07-10 12:20:00,304.5,304.6,304.25,304.3,3459.0
2026-07-10 12:25:00,304.3,304.5,304.2,304.5,3839.0
2026-07-10 12:30:00,304.4,304.4,304.0,304.25,7019.0
2026-07-10 12:35:00,304.05,304.5,304.0,304.35,6884.0
2026-07-10 12:40:00,304.55,306.2,304.55,306.0,45015.0
2026-07-10 12:45:00,306.05,306.5,305.5,306.2,23891.0
2026-07-10 12:50:00,306.05,306.1,305.65,306.0,18644.0
2026-07-10 12:55:00,306.0,307.0,304.85,305.2,52326.0
2026-07-10 13:00:00,305.25,305.9,305.0,305.7,14236.0
2026-07-10 13:05:00,305.65,307.3,305.65,306.15,84187.0
2026-07-10 13:10:00,306.2,306.25,305.45,305.85,14895.0
2026-07-10 13:15:00,306.0,306.0,305.3,305.5,4860.0
2026-07-10 13:20:00,305.35,305.5,305.0,305.3,7348.0
2026-07-10 13:25:00,305.25,305.55,305.0,305.5,9141.0
2026-07-10 13:30:00,305.4,305.55,305.2,305.5,4980.0
2026-07-10 13:35:00,305.5,306.0,305.45,305.85,5673.0
2026-07-10 13:40:00,305.9,306.1,305.45,305.75,6678.0
2026-07-10 13:45:00,305.75,306.3,305.75,306.0,6934.0
2026-07-10 13:50:00,306.0,306.1,305.45,305.7,6880.0
2026-07-10 13:55:00,305.8,306.1,305.55,305.75,9520.0
2026-07-10 14:00:00,305.9,307.95,305.55,307.3,94648.0
2026-07-10 14:05:00,307.2,308.35,307.2,307.75,76338.0
2026-07-10 14:10:00,307.6,308.0,307.0,307.2,24791.0
2026-07-10 14:15:00,307.25,307.3,306.5,306.7,17236.0
2026-07-10 14:20:00,306.65,306.9,306.45,306.75,19644.0
2026-07-10 14:25:00,306.75,306.85,306.6,306.6,10802.0
2026-07-10 14:30:00,306.6,306.75,306.1,306.2,9679.0
2026-07-10 14:35:00,306.2,306.55,305.9,306.4,11147.0
2026-07-10 14:40:00,306.25,306.45,306.15,306.25,10274.0
2026-07-10 14:45:00,306.35,306.55,306.1,306.5,32694.0
2026-07-10 14:50:00,306.5,306.75,306.05,306.75,22418.0
2026-07-10 14:55:00,306.75,306.9,304.5,304.8,64631.0
2026-07-10 15:00:00,304.75,305.85,304.7,305.6,74064.0
2026-07-10 15:05:00,305.75,305.9,305.2,305.65,61869.0
2026-07-10 15:10:00,305.65,305.8,304.9,305.35,84608.0
2026-07-10 15:15:00,305.4,305.85,305.15,305.45,81286.0
2026-07-10 15:20:00,305.5,306.8,305.35,306.45,88053.0
2026-07-10 15:25:00,306.8,307.15,304.0,305.65,85359.0
