timestamp,open,high,low,close,volume
2026-05-12 09:15:00,5120.0,5148.4,5071.0,5122.7,12834.0
2026-05-12 09:20:00,5120.6,5141.9,5110.0,5127.5,4510.0
2026-05-12 09:25:00,5134.8,5138.6,5115.3,5126.1,5096.0
2026-05-12 09:30:00,5123.0,5130.8,5107.7,5109.0,6618.0
2026-05-12 09:35:00,5108.8,5121.0,5104.5,5105.0,3264.0
2026-05-12 09:40:00,5105.0,5131.5,5102.8,5130.0,4366.0
2026-05-12 09:45:00,5129.5,5166.0,5128.2,5163.4,9330.0
2026-05-12 09:50:00,5161.3,5172.7,5154.3,5171.5,5466.0
2026-05-12 09:55:00,5174.0,5176.1,5154.0,5155.6,2581.0
2026-05-12 10:00:00,5155.1,5164.0,5142.6,5145.4,4829.0
2026-05-12 10:05:00,5145.5,5152.5,5136.3,5138.0,3409.0
2026-05-12 10:10:00,5138.0,5159.0,5135.0,5156.3,3358.0
2026-05-12 10:15:00,5158.1,5170.0,5155.7,5167.0,3793.0
2026-05-12 10:20:00,5169.8,5173.1,5163.6,5163.6,2653.0
2026-05-12 10:25:00,5163.6,5167.8,5162.0,5163.0,2124.0
2026-05-12 10:30:00,5163.1,5163.7,5133.0,5141.7,4617.0
2026-05-12 10:35:00,5137.9,5143.5,5135.0,5138.0,1870.0
2026-05-12 10:40:00,5136.8,5156.5,5136.8,5149.0,2312.0
2026-05-12 10:45:00,5148.0,5148.0,5134.0,5134.7,3849.0
2026-05-12 10:50:00,5134.7,5137.4,5126.4,5130.3,2122.0
2026-05-12 10:55:00,5127.1,5137.4,5127.0,5136.6,1430.0
2026-05-12 11:00:00,5134.0,5134.0,5118.6,5120.0,3850.0
2026-05-12 11:05:00,5120.0,5122.3,5108.0,5113.0,3732.0
2026-05-12 11:10:00,5112.5,5116.0,5085.6,5085.6,5141.0
2026-05-12 11:15:00,5085.5,5091.9,5079.5,5090.0,4120.0
2026-05-12 11:20:00,5089.5,5093.5,5088.0,5090.0,1274.0
2026-05-12 11:25:00,5090.0,5095.0,5080.0,5084.0,7564.0
2026-05-12 11:30:00,5081.0,5082.7,5067.1,5082.0,4503.0
2026-05-12 11:35:00,5081.5,5083.6,5075.0,5080.0,2598.0
2026-05-12 11:40:00,5080.0,5091.9,5079.1,5086.0,1663.0
2026-05-12 11:45:00,5085.0,5089.1,5079.6,5089.1,917.0
2026-05-12 11:50:00,5087.9,5092.6,5081.7,5091.9,522.0
2026-05-12 11:55:00,5092.1,5092.8,5087.0,5088.9,1056.0
2026-05-12 12:00:00,5087.9,5097.8,5082.0,5085.0,3467.0
2026-05-12 12:05:00,5084.5,5086.3,5082.7,5084.2,359.0
2026-05-12 12:10:00,5084.2,5090.4,5084.2,5086.6,816.0
2026-05-12 12:15:00,5086.8,5095.7,5086.8,5090.2,2009.0
2026-05-12 12:20:00,5089.6,5094.7,5086.6,5087.5,1017.0
2026-05-12 12:25:00,5087.5,5091.5,5081.6,5081.7,1849.0
2026-05-12 12:30:00,5081.7,5083.8,5067.0,5067.0,2451.0
2026-05-12 12:35:00,5067.1,5074.9,5061.8,5073.8,2134.0
2026-05-12 12:40:00,5073.3,5082.0,5070.9,5081.2,1225.0
2026-05-12 12:45:00,5080.0,5085.8,5080.0,5081.9,1164.0
2026-05-12 12:50:00,5082.1,5087.6,5080.5,5083.0,620.0
2026-05-12 12:55:00,5082.5,5085.0,5079.1,5084.0,1094.0
2026-05-12 13:00:00,5082.4,5086.0,5082.0,5084.0,524.0
2026-05-12 13:05:00,5084.4,5090.0,5073.6,5073.6,1371.0
2026-05-12 13:10:00,5073.7,5084.8,5073.0,5084.8,1257.0
2026-05-12 13:15:00,5082.4,5085.0,5082.4,5083.0,319.0
2026-05-12 13:20:00,5083.0,5087.4,5075.3,5075.5,736.0
2026-05-12 13:25:00,5075.7,5080.0,5075.5,5079.0,269.0
2026-05-12 13:30:00,5079.0,5085.4,5077.1,5083.2,1519.0
2026-05-12 13:35:00,5083.2,5083.2,5066.2,5066.4,1794.0
2026-05-12 13:40:00,5066.1,5070.6,5060.2,5062.4,1636.0
2026-05-12 13:45:00,5062.5,5083.0,5062.5,5078.2,1118.0
2026-05-12 13:50:00,5078.2,5083.0,5073.6,5073.7,1288.0
2026-05-12 13:55:00,5073.7,5073.7,5065.8,5070.8,1365.0
2026-05-12 14:00:00,5069.2,5072.3,5060.1,5068.8,1549.0
2026-05-12 14:05:00,5067.9,5068.0,5052.0,5052.0,1592.0
2026-05-12 14:10:00,5052.1,5061.7,5052.0,5061.0,1901.0
2026-05-12 14:15:00,5058.4,5064.7,5054.5,5056.3,1190.0
2026-05-12 14:20:00,5056.3,5079.9,5055.0,5075.0,1692.0
2026-05-12 14:25:00,5074.5,5075.3,5064.0,5068.8,994.0
2026-05-12 14:30:00,5069.1,5070.0,5053.2,5053.5,1628.0
2026-05-12 14:35:00,5053.5,5059.6,5053.0,5054.2,1073.0
2026-05-12 14:40:00,5054.2,5055.6,5030.0,5030.0,5232.0
2026-05-12 14:45:00,5030.0,5037.8,5030.0,5035.0,1629.0
2026-05-12 14:50:00,5034.5,5034.9,5025.0,5027.7,3087.0
2026-05-12 14:55:00,5027.7,5031.0,5025.1,5027.0,1300.0
2026-05-12 15:00:00,5028.7,5028.7,4988.5,4995.0,12653.0
2026-05-12 15:05:00,4995.0,5004.4,4990.2,5000.5,5716.0
2026-05-12 15:10:00,5000.0,5005.6,4996.1,5000.3,2818.0
2026-05-12 15:15:00,5003.5,5018.3,4998.0,5017.6,9147.0
2026-05-12 15:20:00,5017.6,5019.8,4987.8,4992.6,6042.0
2026-05-12 15:25:00,4994.5,5000.0,4964.8,4991.2,17382.0
2026-05-13 09:15:00,4991.1,5006.6,4836.3,4880.6,178185.0
2026-05-13 09:20:00,4877.4,4885.3,4822.6,4848.8,27986.0
2026-05-13 09:25:00,4850.6,4906.1,4835.1,4897.4,44972.0
2026-05-13 09:30:00,4898.0,4940.0,4871.8,4908.0,20346.0
2026-05-13 09:35:00,4907.0,4913.1,4863.8,4884.8,12073.0
2026-05-13 09:40:00,4884.0,4891.1,4872.0,4885.0,4174.0
2026-05-13 09:45:00,4883.7,4925.0,4883.7,4916.9,18352.0
2026-05-13 09:50:00,4915.4,4939.0,4910.3,4928.0,5217.0
2026-05-13 09:55:00,4928.0,4939.1,4922.6,4925.6,7328.0
2026-05-13 10:00:00,4926.6,4926.6,4894.4,4921.1,9298.0
2026-05-13 10:05:00,4921.4,4924.0,4911.3,4915.1,1332.0
2026-05-13 10:10:00,4916.0,4918.3,4892.9,4900.0,6857.0
2026-05-13 10:15:00,4901.6,4939.0,4901.6,4936.7,9207.0
2026-05-13 10:20:00,4937.9,4967.7,4933.8,4950.7,20928.0
2026-05-13 10:25:00,4954.5,4955.5,4940.2,4941.4,4937.0
2026-05-13 10:30:00,4941.5,4948.3,4929.1,4937.2,2112.0
2026-05-13 10:35:00,4936.0,4936.7,4917.2,4924.3,5399.0
2026-05-13 10:40:00,4927.4,4956.7,4921.7,4956.7,6248.0
2026-05-13 10:45:00,4956.7,4961.7,4953.2,4954.3,3227.0
2026-05-13 10:50:00,4956.0,4956.0,4949.0,4950.0,2483.0
2026-05-13 10:55:00,4950.0,4951.3,4922.5,4922.6,1973.0
2026-05-13 11:00:00,4923.9,4932.0,4918.3,4929.6,2649.0
2026-05-13 11:05:00,4929.9,4932.0,4922.0,4925.6,1418.0
2026-05-13 11:10:00,4923.7,4930.2,4913.9,4926.7,6036.0
2026-05-13 11:15:00,4925.0,4929.9,4920.0,4923.3,678.0
2026-05-13 11:20:00,4925.9,4925.9,4914.2,4916.9,1707.0
2026-05-13 11:25:00,4915.0,4918.9,4906.4,4916.0,3191.0
2026-05-13 11:30:00,4916.0,4938.9,4905.3,4938.9,2717.0
2026-05-13 11:35:00,4939.3,4949.0,4934.5,4949.0,3795.0
2026-05-13 11:40:00,4946.3,4962.0,4946.3,4957.9,7261.0
2026-05-13 11:45:00,4958.2,4960.0,4946.1,4949.1,6651.0
2026-05-13 11:50:00,4946.8,4958.3,4943.4,4946.2,4730.0
2026-05-13 11:55:00,4948.0,4956.2,4943.1,4945.0,1590.0
2026-05-13 12:00:00,4946.9,4959.5,4940.2,4943.2,9001.0
2026-05-13 12:05:00,4944.0,4952.7,4941.9,4948.7,1910.0
2026-05-13 12:10:00,4952.0,4954.7,4949.1,4950.1,2177.0
2026-05-13 12:15:00,4950.1,4952.0,4929.8,4933.0,5428.0
2026-05-13 12:20:00,4932.0,4943.1,4931.5,4936.1,2721.0
2026-05-13 12:25:00,4938.6,4939.0,4925.0,4926.0,2240.0
2026-05-13 12:30:00,4925.1,4931.8,4923.1,4925.4,2516.0
2026-05-13 12:35:00,4928.8,4949.7,4926.5,4945.0,4684.0
2026-05-13 12:40:00,4945.3,4946.9,4931.4,4932.1,1563.0
2026-05-13 12:45:00,4932.0,4932.0,4921.4,4926.9,1710.0
2026-05-13 12:50:00,4928.0,4943.9,4928.0,4941.5,1010.0
2026-05-13 12:55:00,4942.6,4957.8,4941.5,4952.5,2326.0
2026-05-13 13:00:00,4954.6,4954.6,4936.2,4936.2,2214.0
2026-05-13 13:05:00,4936.7,4943.4,4935.5,4940.6,1152.0
2026-05-13 13:10:00,4939.5,4948.0,4938.6,4944.4,894.0
2026-05-13 13:15:00,4945.8,4945.8,4936.8,4939.5,1044.0
2026-05-13 13:20:00,4936.8,4945.3,4936.2,4943.9,781.0
2026-05-13 13:25:00,4943.8,4946.0,4938.1,4938.1,1184.0
2026-05-13 13:30:00,4940.3,4950.0,4938.0,4945.4,2734.0
2026-05-13 13:35:00,4946.0,4951.8,4942.7,4949.0,3578.0
2026-05-13 13:40:00,4948.5,4956.2,4945.7,4948.1,3413.0
2026-05-13 13:45:00,4948.2,4952.0,4940.0,4942.6,1609.0
2026-05-13 13:50:00,4940.0,4948.0,4936.9,4943.9,1699.0
2026-05-13 13:55:00,4946.6,4946.6,4933.4,4943.1,2155.0
2026-05-13 14:00:00,4943.1,4950.0,4940.1,4947.9,1765.0
2026-05-13 14:05:00,4951.3,4972.8,4948.7,4972.8,5797.0
2026-05-13 14:10:00,4970.3,4996.4,4967.1,4979.5,12098.0
2026-05-13 14:15:00,4980.3,4983.6,4961.0,4961.9,4103.0
2026-05-13 14:20:00,4963.2,4975.0,4958.8,4971.1,1734.0
2026-05-13 14:25:00,4970.5,4972.7,4964.7,4968.3,397.0
2026-05-13 14:30:00,4971.0,4977.1,4968.6,4969.3,2660.0
2026-05-13 14:35:00,4970.1,4971.4,4960.0,4966.1,1347.0
2026-05-13 14:40:00,4966.1,4969.0,4950.0,4950.1,4018.0
2026-05-13 14:45:00,4953.2,4958.7,4945.2,4957.7,3854.0
2026-05-13 14:50:00,4954.4,4959.5,4947.9,4952.7,2164.0
2026-05-13 14:55:00,4952.7,4956.6,4938.5,4944.4,7815.0
2026-05-13 15:00:00,4942.2,4943.5,4923.5,4930.2,8499.0
2026-05-13 15:05:00,4930.2,4931.6,4918.0,4922.1,3817.0
2026-05-13 15:10:00,4923.4,4926.6,4918.8,4926.6,7257.0
2026-05-13 15:15:00,4927.4,4930.0,4920.0,4920.9,9396.0
2026-05-13 15:20:00,4921.0,4921.6,4899.9,4907.0,10685.0
2026-05-13 15:25:00,4904.3,4925.0,4904.3,4907.4,9032.0
2026-05-14 09:15:00,4942.8,4961.7,4915.9,4938.5,15204.0
2026-05-14 09:20:00,4940.1,4950.7,4930.3,4936.1,2651.0
2026-05-14 09:25:00,4935.2,4936.2,4909.2,4912.2,4123.0
2026-05-14 09:30:00,4913.0,4948.0,4912.0,4935.6,5033.0
2026-05-14 09:35:00,4932.0,4939.4,4925.1,4928.1,1770.0
2026-05-14 09:40:00,4925.1,4928.4,4909.2,4912.9,3048.0
2026-05-14 09:45:00,4915.0,4928.4,4910.0,4910.7,2651.0
2026-05-14 09:50:00,4910.7,4916.6,4895.2,4895.2,4292.0
2026-05-14 09:55:00,4898.0,4901.9,4874.0,4880.6,4774.0
2026-05-14 10:00:00,4880.7,4892.9,4871.0,4881.0,4525.0
2026-05-14 10:05:00,4881.0,4888.0,4877.9,4887.9,848.0
2026-05-14 10:10:00,4887.0,4895.3,4878.0,4888.1,1581.0
2026-05-14 10:15:00,4888.5,4900.3,4879.6,4899.8,2264.0
2026-05-14 10:20:00,4901.8,4909.1,4890.8,4896.7,1019.0
2026-05-14 10:25:00,4897.9,4905.0,4896.6,4903.5,1841.0
2026-05-14 10:30:00,4904.5,4912.0,4900.0,4912.0,1034.0
2026-05-14 10:35:00,4918.4,4930.8,4914.0,4925.0,3473.0
2026-05-14 10:40:00,4925.0,4928.1,4915.0,4918.7,678.0
2026-05-14 10:45:00,4917.0,4920.0,4909.8,4912.1,1779.0
2026-05-14 10:50:00,4912.1,4930.0,4912.0,4929.0,2213.0
2026-05-14 10:55:00,4929.0,4930.0,4907.9,4907.9,1773.0
2026-05-14 11:00:00,4910.0,4915.8,4901.3,4901.3,928.0
2026-05-14 11:05:00,4904.8,4904.8,4891.1,4892.9,1196.0
2026-05-14 11:10:00,4892.7,4915.0,4891.5,4915.0,1252.0
2026-05-14 11:15:00,4913.7,4923.9,4911.5,4911.5,1449.0
2026-05-14 11:20:00,4912.6,4935.0,4912.5,4924.4,4987.0
2026-05-14 11:25:00,4923.7,4934.9,4916.8,4925.1,1085.0
2026-05-14 11:30:00,4926.9,4938.1,4923.5,4936.8,2072.0
2026-05-14 11:35:00,4936.8,4946.0,4936.8,4939.6,5374.0
2026-05-14 11:40:00,4941.5,4947.0,4932.5,4944.1,2363.0
2026-05-14 11:45:00,4945.1,4961.0,4945.1,4953.0,11754.0
2026-05-14 11:50:00,4954.5,4975.2,4953.0,4970.4,5146.0
2026-05-14 11:55:00,4971.3,4982.9,4970.2,4976.0,4063.0
2026-05-14 12:00:00,4976.0,4980.0,4970.0,4978.4,3061.0
2026-05-14 12:05:00,4980.0,4980.0,4968.8,4970.5,3693.0
2026-05-14 12:10:00,4972.6,4975.1,4959.5,4972.5,3923.0
2026-05-14 12:15:00,4971.9,4985.0,4971.4,4980.0,4765.0
2026-05-14 12:20:00,4978.4,4994.0,4975.3,4992.0,6031.0
2026-05-14 12:25:00,4993.7,5009.0,4984.5,5005.0,7996.0
2026-05-14 12:30:00,5003.0,5019.9,4996.6,5016.3,6152.0
2026-05-14 12:35:00,5021.9,5022.0,5012.9,5016.7,2906.0
2026-05-14 12:40:00,5018.5,5027.5,5000.1,5009.8,6889.0
2026-05-14 12:45:00,5009.7,5011.0,4998.8,5008.0,2958.0
2026-05-14 12:50:00,5007.8,5007.8,4991.8,4997.9,2184.0
2026-05-14 12:55:00,4999.4,5001.6,4995.5,5001.6,695.0
2026-05-14 13:00:00,5000.8,5013.0,4998.9,5011.3,907.0
2026-05-14 13:05:00,5013.7,5033.9,5011.2,5020.0,20853.0
2026-05-14 13:10:00,5016.2,5019.8,5010.0,5010.4,2901.0
2026-05-14 13:15:00,5012.9,5026.3,5010.5,5020.3,8126.0
2026-05-14 13:20:00,5019.3,5022.3,5012.3,5012.3,2519.0
2026-05-14 13:25:00,5012.0,5026.3,5012.0,5015.8,9280.0
2026-05-14 13:30:00,5018.4,5045.5,5015.8,5045.5,16636.0
2026-05-14 13:35:00,5044.9,5073.7,5041.4,5071.2,9265.0
2026-05-14 13:40:00,5072.0,5078.4,5068.0,5076.3,6123.0
2026-05-14 13:45:00,5080.9,5088.8,5072.0,5072.0,4990.0
2026-05-14 13:50:00,5072.0,5086.8,5072.0,5085.0,2752.0
2026-05-14 13:55:00,5085.0,5100.0,5085.0,5096.5,6813.0
2026-05-14 14:00:00,5096.8,5098.2,5078.4,5092.0,5141.0
2026-05-14 14:05:00,5092.1,5107.2,5089.4,5105.0,5475.0
2026-05-14 14:10:00,5107.0,5124.0,5105.4,5121.1,13741.0
2026-05-14 14:15:00,5123.9,5125.0,5112.0,5114.1,5250.0
2026-05-14 14:20:00,5113.3,5127.2,5113.3,5125.2,5154.0
2026-05-14 14:25:00,5125.5,5134.0,5120.6,5126.4,6832.0
2026-05-14 14:30:00,5126.4,5146.8,5126.4,5140.0,6745.0
2026-05-14 14:35:00,5139.6,5142.0,5131.8,5140.9,2457.0
2026-05-14 14:40:00,5139.0,5141.9,5131.7,5138.0,2817.0
2026-05-14 14:45:00,5136.3,5138.2,5121.6,5124.6,6969.0
2026-05-14 14:50:00,5124.3,5131.9,5124.2,5124.4,4192.0
2026-05-14 14:55:00,5125.0,5135.0,5124.0,5129.4,4216.0
2026-05-14 15:00:00,5128.6,5131.8,5121.2,5128.7,6323.0
2026-05-14 15:05:00,5127.0,5128.7,5123.0,5124.3,3826.0
2026-05-14 15:10:00,5124.3,5140.0,5124.3,5134.9,13664.0
2026-05-14 15:15:00,5134.9,5144.0,5134.2,5140.6,10872.0
2026-05-14 15:20:00,5140.5,5160.4,5137.4,5160.4,16013.0
2026-05-14 15:25:00,5156.6,5180.0,5155.4,5175.0,17010.0
2026-05-15 09:15:00,5228.9,5247.8,5128.6,5128.6,39100.0
2026-05-15 09:20:00,5132.8,5138.0,5088.3,5126.2,26958.0
2026-05-15 09:25:00,5124.1,5130.0,5102.5,5103.8,12295.0
2026-05-15 09:30:00,5102.4,5112.7,5092.0,5095.0,9436.0
2026-05-15 09:35:00,5095.0,5117.0,5090.5,5110.0,7241.0
2026-05-15 09:40:00,5113.1,5137.6,5110.5,5135.0,4312.0
2026-05-15 09:45:00,5136.4,5145.0,5118.5,5126.2,6009.0
2026-05-15 09:50:00,5125.0,5125.1,5102.2,5111.7,5292.0
2026-05-15 09:55:00,5112.0,5115.0,5103.6,5103.6,2349.0
2026-05-15 10:00:00,5106.8,5117.9,5099.9,5109.1,5900.0
2026-05-15 10:05:00,5110.3,5113.8,5100.2,5102.1,1840.0
2026-05-15 10:10:00,5097.0,5109.8,5096.1,5103.2,2150.0
2026-05-15 10:15:00,5104.1,5112.0,5103.4,5109.7,1037.0
2026-05-15 10:20:00,5108.9,5113.0,5105.0,5113.0,6436.0
2026-05-15 10:25:00,5112.9,5116.7,5100.0,5102.1,2511.0
2026-05-15 10:30:00,5100.9,5101.9,5090.6,5099.6,3105.0
2026-05-15 10:35:00,5098.9,5099.3,5092.0,5093.7,1374.0
2026-05-15 10:40:00,5092.2,5104.0,5092.0,5095.6,996.0
2026-05-15 10:45:00,5097.0,5104.3,5095.0,5104.3,864.0
2026-05-15 10:50:00,5105.5,5112.4,5105.0,5111.7,2738.0
2026-05-15 10:55:00,5111.4,5118.9,5108.0,5118.1,1837.0
2026-05-15 11:00:00,5118.4,5124.9,5110.0,5110.0,2449.0
2026-05-15 11:05:00,5109.5,5112.0,5105.0,5111.0,1021.0
2026-05-15 11:10:00,5110.0,5120.0,5104.0,5111.6,1797.0
2026-05-15 11:15:00,5110.0,5110.0,5101.4,5105.8,1568.0
2026-05-15 11:20:00,5106.5,5107.0,5091.1,5097.0,1662.0
2026-05-15 11:25:00,5094.1,5096.4,5080.0,5087.6,8063.0
2026-05-15 11:30:00,5087.3,5087.3,5081.1,5085.0,2050.0
2026-05-15 11:35:00,5084.0,5086.5,5073.0,5078.8,2433.0
2026-05-15 11:40:00,5078.6,5083.2,5078.0,5083.2,994.0
2026-05-15 11:45:00,5083.1,5106.9,5079.8,5104.6,2325.0
2026-05-15 11:50:00,5105.0,5108.0,5101.2,5101.2,1025.0
2026-05-15 11:55:00,5102.5,5108.0,5092.6,5107.0,1168.0
2026-05-15 12:00:00,5107.0,5109.0,5102.6,5109.0,484.0
2026-05-15 12:05:00,5108.6,5124.5,5108.6,5120.9,2481.0
2026-05-15 12:10:00,5122.0,5124.3,5113.0,5113.0,1202.0
2026-05-15 12:15:00,5113.0,5118.0,5113.0,5117.2,585.0
2026-05-15 12:20:00,5116.6,5117.0,5101.2,5105.1,1109.0
2026-05-15 12:25:00,5103.4,5110.0,5100.4,5102.9,1681.0
2026-05-15 12:30:00,5102.5,5111.8,5102.5,5111.8,792.0
2026-05-15 12:35:00,5112.3,5118.5,5112.3,5117.1,386.0
2026-05-15 12:40:00,5119.0,5124.2,5109.1,5110.1,1372.0
2026-05-15 12:45:00,5109.3,5122.2,5102.8,5106.1,2710.0
2026-05-15 12:50:00,5113.0,5120.1,5104.7,5110.1,705.0
2026-05-15 12:55:00,5106.9,5115.0,5105.9,5114.9,363.0
2026-05-15 13:00:00,5115.0,5119.9,5109.2,5117.5,546.0
2026-05-15 13:05:00,5116.8,5121.0,5114.3,5116.1,412.0
2026-05-15 13:10:00,5116.1,5118.8,5109.1,5115.2,1077.0
2026-05-15 13:15:00,5115.1,5127.2,5106.7,5122.8,3369.0
2026-05-15 13:20:00,5122.9,5125.7,5119.0,5122.0,2975.0
2026-05-15 13:25:00,5125.7,5125.7,5118.1,5123.6,1678.0
2026-05-15 13:30:00,5122.7,5123.9,5116.5,5119.8,780.0
2026-05-15 13:35:00,5117.8,5121.8,5105.0,5111.2,2540.0
2026-05-15 13:40:00,5111.3,5114.8,5107.3,5114.8,434.0
2026-05-15 13:45:00,5115.7,5117.4,5100.0,5102.7,2182.0
2026-05-15 13:50:00,5102.7,5116.3,5089.8,5114.4,40617.0
2026-05-15 13:55:00,5115.6,5122.7,5100.0,5120.2,18690.0
2026-05-15 14:00:00,5120.2,5124.9,5105.0,5110.0,5440.0
2026-05-15 14:05:00,5107.6,5140.0,5107.6,5137.9,10809.0
2026-05-15 14:10:00,5140.5,5142.0,5130.5,5131.1,1269.0
2026-05-15 14:15:00,5130.5,5134.1,5124.8,5128.6,989.0
2026-05-15 14:20:00,5127.3,5128.4,5123.1,5128.0,436.0
2026-05-15 14:25:00,5128.0,5138.0,5127.2,5138.0,3039.0
2026-05-15 14:30:00,5139.6,5142.0,5128.2,5135.5,1978.0
2026-05-15 14:35:00,5135.5,5143.0,5135.0,5143.0,3721.0
2026-05-15 14:40:00,5141.5,5152.7,5139.3,5148.0,3539.0
2026-05-15 14:45:00,5147.1,5147.1,5125.2,5125.2,2981.0
2026-05-15 14:50:00,5126.0,5130.8,5120.3,5123.4,5041.0
2026-05-15 14:55:00,5123.4,5126.5,5105.9,5121.5,8230.0
2026-05-15 15:00:00,5120.3,5121.9,5111.4,5121.9,5845.0
2026-05-15 15:05:00,5125.0,5127.9,5120.0,5121.5,6424.0
2026-05-15 15:10:00,5124.1,5130.0,5121.7,5127.1,5450.0
2026-05-15 15:15:00,5126.5,5129.8,5103.3,5111.3,18409.0
2026-05-15 15:20:00,5112.8,5118.6,5105.0,5107.3,6446.0
2026-05-15 15:25:00,5105.1,5105.1,5088.1,5097.1,3829.0
2026-05-18 09:15:00,5074.9,5074.9,4950.0,5014.1,21436.0
2026-05-18 09:20:00,5012.7,5033.0,5009.0,5025.3,19711.0
2026-05-18 09:25:00,5025.3,5035.9,5004.9,5007.1,16616.0
2026-05-18 09:30:00,5009.7,5032.0,5006.0,5029.7,11214.0
2026-05-18 09:35:00,5028.6,5036.3,5022.4,5029.1,12827.0
2026-05-18 09:40:00,5029.1,5032.8,5023.0,5026.1,3277.0
2026-05-18 09:45:00,5025.0,5028.7,4991.0,4993.1,14190.0
2026-05-18 09:50:00,4993.1,4993.1,4966.0,4969.4,11087.0
2026-05-18 09:55:00,4968.9,4976.2,4961.1,4976.0,6920.0
2026-05-18 10:00:00,4975.0,4977.9,4962.5,4973.8,7274.0
2026-05-18 10:05:00,4970.5,4988.5,4970.5,4985.0,4050.0
2026-05-18 10:10:00,4984.8,4986.1,4981.3,4985.0,2461.0
2026-05-18 10:15:00,4985.0,5015.0,4980.0,5009.9,6300.0
2026-05-18 10:20:00,5009.0,5013.2,4990.2,5000.2,5209.0
2026-05-18 10:25:00,4999.2,5003.9,4992.0,4996.6,2679.0
2026-05-18 10:30:00,4998.2,5000.5,4982.0,5000.0,3283.0
2026-05-18 10:35:00,5000.0,5009.8,5000.0,5006.0,2799.0
2026-05-18 10:40:00,5006.5,5006.8,4990.0,4999.6,2755.0
2026-05-18 10:45:00,4997.8,5006.4,4996.1,5000.4,2396.0
2026-05-18 10:50:00,5001.6,5017.9,5000.6,5015.3,2464.0
2026-05-18 10:55:00,5017.5,5022.0,5009.6,5013.0,1917.0
2026-05-18 11:00:00,5016.9,5021.4,5010.7,5020.0,1889.0
2026-05-18 11:05:00,5020.0,5033.9,5018.5,5031.5,2119.0
2026-05-18 11:10:00,5032.0,5032.5,5017.4,5020.0,2782.0
2026-05-18 11:15:00,5020.0,5020.0,5005.2,5009.6,4352.0
2026-05-18 11:20:00,5009.8,5015.9,5007.5,5011.8,1321.0
2026-05-18 11:25:00,5013.6,5013.9,5005.0,5008.9,1331.0
2026-05-18 11:30:00,5008.9,5015.8,5008.8,5008.8,4464.0
2026-05-18 11:35:00,5011.1,5016.7,5008.5,5013.3,2970.0
2026-05-18 11:40:00,5013.3,5018.0,5000.0,5017.5,12242.0
2026-05-18 11:45:00,5018.0,5023.4,5008.2,5014.4,1761.0
2026-05-18 11:50:00,5012.8,5019.0,5011.5,5013.4,1678.0
2026-05-18 11:55:00,5013.7,5017.5,5011.4,5011.4,1770.0
2026-05-18 12:00:00,5011.5,5018.0,5009.1,5013.6,1769.0
2026-05-18 12:05:00,5014.3,5025.6,5010.1,5010.1,2736.0
2026-05-18 12:10:00,5011.8,5029.0,5010.9,5027.0,1197.0
2026-05-18 12:15:00,5028.8,5029.0,5015.0,5023.1,2891.0
2026-05-18 12:20:00,5023.0,5028.0,5015.0,5026.2,3398.0
2026-05-18 12:25:00,5028.6,5065.9,5027.1,5062.8,12598.0
2026-05-18 12:30:00,5059.7,5072.0,5057.8,5071.3,2985.0
2026-05-18 12:35:00,5071.3,5097.3,5071.3,5095.0,4650.0
2026-05-18 12:40:00,5095.0,5110.4,5090.9,5098.9,4027.0
2026-05-18 12:45:00,5098.0,5099.6,5070.8,5071.7,3848.0
2026-05-18 12:50:00,5072.5,5078.9,5071.7,5076.8,2305.0
2026-05-18 12:55:00,5078.9,5095.0,5077.2,5083.5,2492.0
2026-05-18 13:00:00,5082.1,5090.5,5073.5,5073.5,1943.0
2026-05-18 13:05:00,5073.7,5074.9,5066.6,5066.6,1489.0
2026-05-18 13:10:00,5069.4,5075.0,5062.7,5072.5,2491.0
2026-05-18 13:15:00,5076.1,5078.8,5071.0,5071.0,1648.0
2026-05-18 13:20:00,5073.0,5079.5,5068.0,5076.8,2783.0
2026-05-18 13:25:00,5078.7,5083.0,5072.0,5072.8,1754.0
2026-05-18 13:30:00,5072.9,5084.2,5069.9,5071.8,1691.0
2026-05-18 13:35:00,5071.8,5072.6,5065.6,5071.3,892.0
2026-05-18 13:40:00,5070.0,5079.9,5070.0,5079.6,3651.0
2026-05-18 13:45:00,5078.1,5078.5,5071.3,5075.8,1012.0
2026-05-18 13:50:00,5080.0,5089.5,5077.1,5083.7,3320.0
2026-05-18 13:55:00,5082.0,5088.0,5074.8,5080.0,2567.0
2026-05-18 14:00:00,5082.6,5082.6,5071.0,5081.1,2610.0
2026-05-18 14:05:00,5081.7,5081.7,5073.6,5078.8,998.0
2026-05-18 14:10:00,5079.7,5088.9,5075.7,5076.3,1845.0
2026-05-18 14:15:00,5077.7,5082.2,5066.0,5066.0,2311.0
2026-05-18 14:20:00,5067.4,5077.6,5066.9,5070.5,1483.0
2026-05-18 14:25:00,5070.0,5081.0,5069.0,5079.4,675.0
2026-05-18 14:30:00,5080.0,5084.9,5079.4,5082.6,1093.0
2026-05-18 14:35:00,5080.4,5082.4,5075.1,5076.9,1113.0
2026-05-18 14:40:00,5075.7,5094.2,5075.7,5091.7,6318.0
2026-05-18 14:45:00,5091.7,5093.2,5077.2,5080.8,19877.0
2026-05-18 14:50:00,5076.7,5084.9,5075.2,5081.3,1587.0
2026-05-18 14:55:00,5081.2,5081.2,5061.1,5070.3,7470.0
2026-05-18 15:00:00,5069.1,5115.7,5069.1,5103.1,12128.0
2026-05-18 15:05:00,5104.4,5107.0,5087.9,5090.0,4219.0
2026-05-18 15:10:00,5088.4,5098.6,5077.2,5083.0,8506.0
2026-05-18 15:15:00,5082.7,5091.5,5077.7,5084.6,9057.0
2026-05-18 15:20:00,5083.7,5095.0,5083.7,5090.0,13759.0
2026-05-18 15:25:00,5089.2,5090.0,5068.3,5080.0,7605.0
2026-05-19 09:15:00,5080.0,5084.4,5028.3,5043.1,13293.0
2026-05-19 09:20:00,5056.1,5070.1,5051.9,5064.3,5251.0
2026-05-19 09:25:00,5064.3,5067.9,5060.0,5061.5,3207.0
2026-05-19 09:30:00,5061.7,5062.8,5045.0,5050.0,15076.0
2026-05-19 09:35:00,5050.0,5065.0,5046.3,5065.0,6575.0
2026-05-19 09:40:00,5068.0,5085.0,5066.1,5082.0,11089.0
2026-05-19 09:45:00,5082.0,5091.8,5073.5,5081.1,8206.0
2026-05-19 09:50:00,5084.1,5090.6,5076.0,5077.9,3281.0
2026-05-19 09:55:00,5078.0,5088.0,5076.5,5080.0,4636.0
2026-05-19 10:00:00,5079.5,5116.4,5079.2,5110.4,13727.0
2026-05-19 10:05:00,5109.4,5139.8,5108.1,5137.8,9616.0
2026-05-19 10:10:00,5135.1,5138.5,5120.6,5127.5,3104.0
2026-05-19 10:15:00,5127.0,5127.4,5094.0,5094.0,3699.0
2026-05-19 10:20:00,5090.7,5097.8,5085.1,5094.0,6158.0
2026-05-19 10:25:00,5093.4,5114.0,5093.4,5109.7,4343.0
2026-05-19 10:30:00,5109.5,5122.2,5109.0,5118.9,7566.0
2026-05-19 10:35:00,5117.1,5124.3,5116.0,5124.3,1524.0
2026-05-19 10:40:00,5123.7,5127.4,5120.0,5122.4,2185.0
2026-05-19 10:45:00,5121.9,5148.8,5120.6,5148.0,6861.0
2026-05-19 10:50:00,5150.0,5165.0,5141.2,5146.9,8579.0
2026-05-19 10:55:00,5147.0,5164.0,5145.3,5161.5,3337.0
2026-05-19 11:00:00,5161.5,5178.0,5160.0,5172.4,5238.0
2026-05-19 11:05:00,5162.2,5180.0,5162.0,5174.4,3510.0
2026-05-19 11:10:00,5172.5,5173.9,5157.5,5157.5,1957.0
2026-05-19 11:15:00,5157.4,5160.2,5142.0,5145.3,4025.0
2026-05-19 11:20:00,5144.5,5150.0,5135.0,5140.0,5115.0
2026-05-19 11:25:00,5140.0,5140.0,5125.1,5126.9,2749.0
2026-05-19 11:30:00,5129.0,5135.6,5127.0,5131.4,3049.0
2026-05-19 11:35:00,5128.7,5131.6,5126.0,5128.8,1004.0
2026-05-19 11:40:00,5127.0,5140.7,5126.9,5140.5,1631.0
2026-05-19 11:45:00,5140.0,5141.0,5127.1,5127.7,1576.0
2026-05-19 11:50:00,5127.8,5142.6,5126.1,5141.9,2746.0
2026-05-19 11:55:00,5141.4,5143.3,5131.0,5131.0,3231.0
2026-05-19 12:00:00,5131.0,5144.0,5126.1,5137.9,4116.0
2026-05-19 12:05:00,5137.4,5144.0,5134.2,5135.9,1423.0
2026-05-19 12:10:00,5135.4,5145.0,5132.7,5144.5,1856.0
2026-05-19 12:15:00,5146.0,5160.0,5136.9,5149.9,7647.0
2026-05-19 12:20:00,5149.0,5153.0,5134.5,5137.9,3560.0
2026-05-19 12:25:00,5137.4,5143.1,5135.6,5140.5,1196.0
2026-05-19 12:30:00,5140.0,5143.7,5133.7,5136.3,2115.0
2026-05-19 12:35:00,5135.6,5139.7,5129.1,5136.6,1548.0
2026-05-19 12:40:00,5135.0,5136.1,5112.5,5112.5,3249.0
2026-05-19 12:45:00,5112.0,5114.4,5100.4,5100.4,1912.0
2026-05-19 12:50:00,5100.4,5110.0,5100.4,5110.0,3871.0
2026-05-19 12:55:00,5107.0,5108.9,5103.0,5107.1,1913.0
2026-05-19 13:00:00,5107.1,5107.8,5100.4,5102.0,1722.0
2026-05-19 13:05:00,5101.0,5104.8,5100.0,5103.2,1191.0
2026-05-19 13:10:00,5102.7,5109.0,5100.9,5103.4,1136.0
2026-05-19 13:15:00,5102.0,5113.8,5100.0,5110.2,2456.0
2026-05-19 13:20:00,5109.7,5113.8,5105.4,5110.5,1120.0
2026-05-19 13:25:00,5109.4,5114.9,5107.6,5110.5,1494.0
2026-05-19 13:30:00,5110.5,5114.7,5108.0,5114.7,1248.0
2026-05-19 13:35:00,5118.0,5118.0,5104.4,5109.4,1353.0
2026-05-19 13:40:00,5108.9,5113.7,5105.8,5111.1,1277.0
2026-05-19 13:45:00,5110.6,5122.8,5109.5,5118.8,1209.0
2026-05-19 13:50:00,5118.8,5121.0,5106.2,5106.7,2863.0
2026-05-19 13:55:00,5106.1,5112.5,5103.0,5108.5,1536.0
2026-05-19 14:00:00,5108.0,5124.7,5108.0,5123.9,1895.0
2026-05-19 14:05:00,5123.5,5125.0,5118.3,5122.5,1488.0
2026-05-19 14:10:00,5122.5,5124.5,5113.3,5119.9,2232.0
2026-05-19 14:15:00,5119.4,5122.3,5116.8,5117.3,1171.0
2026-05-19 14:20:00,5116.8,5124.0,5114.6,5124.0,1788.0
2026-05-19 14:25:00,5123.6,5123.6,5115.7,5120.8,3592.0
2026-05-19 14:30:00,5119.9,5122.0,5115.0,5121.7,2734.0
2026-05-19 14:35:00,5121.2,5122.6,5110.6,5117.9,4459.0
2026-05-19 14:40:00,5116.7,5118.0,5112.6,5115.0,3727.0
2026-05-19 14:45:00,5115.0,5115.2,5104.6,5105.5,6544.0
2026-05-19 14:50:00,5106.1,5109.8,5098.0,5098.9,2312.0
2026-05-19 14:55:00,5097.7,5097.7,5091.0,5095.5,3491.0
2026-05-19 15:00:00,5095.3,5095.3,5075.6,5076.7,6878.0
2026-05-19 15:05:00,5076.6,5086.1,5076.4,5079.1,5881.0
2026-05-19 15:10:00,5078.6,5085.3,5075.0,5084.4,7791.0
2026-05-19 15:15:00,5081.7,5087.2,5072.8,5075.3,11202.0
2026-05-19 15:20:00,5077.5,5089.9,5075.0,5089.5,15351.0
2026-05-19 15:25:00,5088.8,5102.9,5081.3,5097.0,11813.0
2026-05-20 09:15:00,5050.0,5083.7,5040.1,5066.0,13422.0
2026-05-20 09:20:00,5063.8,5077.2,5051.0,5067.6,6889.0
2026-05-20 09:25:00,5062.7,5080.0,5060.2,5077.6,1431.0
2026-05-20 09:30:00,5074.0,5105.0,5070.1,5091.0,7272.0
2026-05-20 09:35:00,5092.8,5092.9,5078.1,5084.5,2033.0
2026-05-20 09:40:00,5083.7,5087.5,5070.0,5074.0,2164.0
2026-05-20 09:45:00,5074.0,5099.2,5073.0,5093.0,1907.0
2026-05-20 09:50:00,5092.5,5109.0,5092.5,5105.2,3744.0
2026-05-20 09:55:00,5104.7,5104.7,5095.1,5102.7,610.0
2026-05-20 10:00:00,5102.7,5119.9,5094.2,5113.9,6251.0
2026-05-20 10:05:00,5114.5,5115.3,5099.4,5113.8,3931.0
2026-05-20 10:10:00,5111.8,5114.3,5090.1,5090.1,2515.0
2026-05-20 10:15:00,5089.0,5110.0,5088.0,5110.0,4962.0
2026-05-20 10:20:00,5109.7,5114.9,5090.9,5094.6,2055.0
2026-05-20 10:25:00,5095.1,5101.5,5095.1,5098.1,625.0
2026-05-20 10:30:00,5098.8,5118.4,5098.8,5109.1,5442.0
2026-05-20 10:35:00,5107.5,5116.0,5107.3,5112.9,1504.0
2026-05-20 10:40:00,5110.4,5110.4,5096.0,5096.0,796.0
2026-05-20 10:45:00,5097.9,5100.6,5093.5,5096.2,1270.0
2026-05-20 10:50:00,5092.9,5110.0,5092.9,5099.6,10054.0
2026-05-20 10:55:00,5100.1,5106.1,5094.0,5100.0,18946.0
2026-05-20 11:00:00,5101.4,5104.3,5090.1,5095.0,3032.0
2026-05-20 11:05:00,5094.4,5100.0,5092.7,5098.6,557.0
2026-05-20 11:10:00,5099.1,5099.1,5091.8,5091.8,1520.0
2026-05-20 11:15:00,5091.7,5095.8,5091.0,5093.3,844.0
2026-05-20 11:20:00,5091.0,5098.2,5091.0,5095.2,551.0
2026-05-20 11:25:00,5093.8,5099.9,5093.8,5098.4,423.0
2026-05-20 11:30:00,5098.4,5099.9,5095.0,5095.7,673.0
2026-05-20 11:35:00,5096.0,5098.3,5095.0,5095.3,1306.0
2026-05-20 11:40:00,5095.3,5110.5,5095.3,5099.2,23958.0
2026-05-20 11:45:00,5099.2,5111.5,5097.0,5110.0,2542.0
2026-05-20 11:50:00,5111.0,5120.0,5106.5,5113.5,9489.0
2026-05-20 11:55:00,5113.6,5115.7,5108.4,5111.8,1321.0
2026-05-20 12:00:00,5111.8,5115.0,5104.8,5106.7,1079.0
2026-05-20 12:05:00,5106.2,5109.3,5095.4,5097.8,1484.0
2026-05-20 12:10:00,5097.8,5101.4,5095.1,5098.6,1407.0
2026-05-20 12:15:00,5098.6,5105.0,5097.7,5105.0,1485.0
2026-05-20 12:20:00,5102.8,5111.0,5101.3,5102.7,848.0
2026-05-20 12:25:00,5101.5,5106.8,5101.5,5103.3,802.0
2026-05-20 12:30:00,5105.2,5107.9,5102.6,5104.5,3091.0
2026-05-20 12:35:00,5104.4,5108.7,5102.4,5105.1,2539.0
2026-05-20 12:40:00,5105.0,5109.0,5101.1,5103.1,313.0
2026-05-20 12:45:00,5102.8,5125.0,5101.5,5124.5,7444.0
2026-05-20 12:50:00,5124.6,5139.0,5124.5,5126.4,4736.0
2026-05-20 12:55:00,5126.4,5132.2,5118.5,5123.1,2882.0
2026-05-20 13:00:00,5123.1,5125.8,5105.5,5106.1,8009.0
2026-05-20 13:05:00,5106.2,5109.9,5095.1,5098.4,4258.0
2026-05-20 13:10:00,5097.9,5102.1,5096.2,5097.2,1643.0
2026-05-20 13:15:00,5097.2,5097.2,5081.0,5083.3,6430.0
2026-05-20 13:20:00,5083.3,5087.8,5081.5,5084.9,1355.0
2026-05-20 13:25:00,5082.5,5090.0,5081.0,5081.0,862.0
2026-05-20 13:30:00,5081.0,5090.0,5077.7,5089.0,1881.0
2026-05-20 13:35:00,5089.7,5101.0,5086.3,5099.4,2096.0
2026-05-20 13:40:00,5098.9,5100.0,5094.4,5099.7,795.0
2026-05-20 13:45:00,5099.7,5099.8,5094.0,5095.7,728.0
2026-05-20 13:50:00,5095.7,5098.3,5094.0,5095.8,499.0
2026-05-20 13:55:00,5095.9,5098.0,5091.4,5095.3,561.0
2026-05-20 14:00:00,5095.9,5104.2,5088.1,5090.0,3001.0
2026-05-20 14:05:00,5089.8,5099.1,5089.8,5096.2,267.0
2026-05-20 14:10:00,5097.1,5099.0,5091.6,5096.7,1707.0
2026-05-20 14:15:00,5096.2,5102.0,5094.9,5095.3,2458.0
2026-05-20 14:20:00,5095.4,5106.6,5092.1,5103.5,2291.0
2026-05-20 14:25:00,5103.5,5107.9,5098.7,5106.7,1631.0
2026-05-20 14:30:00,5108.0,5124.0,5105.5,5119.2,4447.0
2026-05-20 14:35:00,5121.0,5125.8,5119.2,5123.9,1676.0
2026-05-20 14:40:00,5120.7,5122.6,5115.0,5117.7,989.0
2026-05-20 14:45:00,5117.6,5125.0,5117.4,5124.9,1696.0
2026-05-20 14:50:00,5124.4,5128.1,5121.8,5127.0,1045.0
2026-05-20 14:55:00,5125.9,5128.4,5120.3,5121.4,1781.0
2026-05-20 15:00:00,5120.0,5120.9,5101.4,5106.1,4238.0
2026-05-20 15:05:00,5105.6,5121.2,5103.1,5119.5,3543.0
2026-05-20 15:10:00,5118.2,5127.9,5114.6,5125.5,3690.0
2026-05-20 15:15:00,5125.5,5128.0,5118.7,5119.0,10306.0
2026-05-20 15:20:00,5119.0,5125.0,5113.9,5118.9,9167.0
2026-05-20 15:25:00,5118.8,5127.7,5113.1,5115.0,11021.0
2026-05-21 09:15:00,5146.2,5215.2,5146.2,5198.2,24735.0
2026-05-21 09:20:00,5193.2,5236.0,5189.8,5224.8,22142.0
2026-05-21 09:25:00,5225.2,5230.0,5207.8,5207.8,9759.0
2026-05-21 09:30:00,5206.2,5212.1,5203.3,5205.7,4410.0
2026-05-21 09:35:00,5207.3,5230.0,5206.8,5230.0,5493.0
2026-05-21 09:40:00,5230.0,5239.4,5225.0,5236.4,9666.0
2026-05-21 09:45:00,5234.4,5240.0,5212.8,5214.5,7386.0
2026-05-21 09:50:00,5213.2,5218.0,5205.4,5209.0,3125.0
2026-05-21 09:55:00,5208.5,5211.5,5196.0,5196.0,3460.0
2026-05-21 10:00:00,5196.4,5211.6,5196.4,5202.3,3978.0
2026-05-21 10:05:00,5202.3,5208.3,5197.8,5201.3,3206.0
2026-05-21 10:10:00,5200.8,5215.0,5196.2,5215.0,2850.0
2026-05-21 10:15:00,5216.2,5220.0,5210.0,5212.5,1785.0
2026-05-21 10:20:00,5212.0,5218.2,5208.0,5217.0,1852.0
2026-05-21 10:25:00,5217.0,5224.8,5213.1,5222.7,3833.0
2026-05-21 10:30:00,5222.7,5224.8,5211.4,5211.6,1523.0
2026-05-21 10:35:00,5211.6,5217.5,5204.6,5204.7,1651.0
2026-05-21 10:40:00,5204.7,5218.0,5201.0,5216.1,1381.0
2026-05-21 10:45:00,5216.2,5223.0,5211.2,5211.2,2046.0
2026-05-21 10:50:00,5211.3,5212.6,5202.2,5208.1,1317.0
2026-05-21 10:55:00,5206.9,5208.1,5198.1,5202.6,2066.0
2026-05-21 11:00:00,5203.0,5203.0,5189.6,5194.8,3396.0
2026-05-21 11:05:00,5194.5,5197.4,5186.2,5195.0,2341.0
2026-05-21 11:10:00,5194.5,5200.0,5187.6,5190.5,1776.0
2026-05-21 11:15:00,5190.5,5191.8,5170.0,5175.2,6938.0
2026-05-21 11:20:00,5174.0,5185.1,5164.0,5183.6,6080.0
2026-05-21 11:25:00,5183.6,5194.4,5179.7,5192.5,1828.0
2026-05-21 11:30:00,5195.5,5197.5,5187.4,5189.9,2007.0
2026-05-21 11:35:00,5189.4,5197.5,5186.7,5196.4,1500.0
2026-05-21 11:40:00,5194.8,5199.9,5194.0,5199.9,937.0
2026-05-21 11:45:00,5199.9,5210.0,5199.9,5207.4,2403.0
2026-05-21 11:50:00,5206.9,5216.0,5203.1,5211.3,4076.0
2026-05-21 11:55:00,5210.5,5210.5,5197.8,5200.8,1872.0
2026-05-21 12:00:00,5200.0,5205.2,5199.1,5202.0,836.0
2026-05-21 12:05:00,5202.0,5207.0,5201.9,5206.7,1535.0
2026-05-21 12:10:00,5206.9,5208.0,5195.0,5201.3,3490.0
2026-05-21 12:15:00,5204.2,5219.0,5200.4,5218.0,11528.0
2026-05-21 12:20:00,5218.0,5226.5,5206.4,5222.3,7814.0
2026-05-21 12:25:00,5220.0,5222.3,5206.0,5206.0,2458.0
2026-05-21 12:30:00,5206.0,5215.6,5205.0,5213.9,11930.0
2026-05-21 12:35:00,5213.1,5214.7,5207.1,5208.2,2027.0
2026-05-21 12:40:00,5208.2,5209.7,5205.4,5207.4,8478.0
2026-05-21 12:45:00,5207.4,5211.6,5207.1,5208.2,17911.0
2026-05-21 12:50:00,5207.2,5211.8,5207.0,5208.6,3334.0
2026-05-21 12:55:00,5208.6,5213.9,5207.1,5207.2,3403.0
2026-05-21 13:00:00,5207.2,5207.2,5190.0,5197.3,19107.0
2026-05-21 13:05:00,5197.3,5202.0,5196.1,5199.2,1804.0
2026-05-21 13:10:00,5199.2,5213.0,5199.1,5207.3,2590.0
2026-05-21 13:15:00,5207.3,5218.0,5206.5,5207.9,5776.0
2026-05-21 13:20:00,5207.9,5222.1,5207.9,5216.0,9531.0
2026-05-21 13:25:00,5216.0,5221.0,5215.4,5220.5,1534.0
2026-05-21 13:30:00,5220.5,5249.5,5220.0,5249.5,13876.0
2026-05-21 13:35:00,5249.0,5274.9,5249.0,5273.0,23861.0
2026-05-21 13:40:00,5272.7,5274.9,5251.0,5256.5,12121.0
2026-05-21 13:45:00,5256.8,5259.7,5233.2,5233.3,10080.0
2026-05-21 13:50:00,5233.2,5241.0,5233.2,5240.4,7369.0
2026-05-21 13:55:00,5240.4,5249.5,5237.5,5245.9,7324.0
2026-05-21 14:00:00,5245.9,5248.0,5235.5,5248.0,5911.0
2026-05-21 14:05:00,5245.5,5295.0,5245.5,5289.7,24875.0
2026-05-21 14:10:00,5286.4,5291.0,5266.2,5271.4,17382.0
2026-05-21 14:15:00,5270.0,5286.5,5267.1,5281.1,16975.0
2026-05-21 14:20:00,5278.1,5278.1,5264.2,5271.7,8003.0
2026-05-21 14:25:00,5273.9,5275.9,5264.7,5266.2,7859.0
2026-05-21 14:30:00,5266.2,5274.7,5250.0,5252.6,12446.0
2026-05-21 14:35:00,5254.3,5270.4,5251.6,5263.9,13942.0
2026-05-21 14:40:00,5261.5,5265.9,5245.0,5245.0,8551.0
2026-05-21 14:45:00,5245.0,5252.9,5240.8,5247.2,6911.0
2026-05-21 14:50:00,5245.6,5253.6,5242.6,5246.4,4466.0
2026-05-21 14:55:00,5244.1,5246.4,5228.1,5230.3,9988.0
2026-05-21 15:00:00,5232.6,5257.3,5229.0,5242.0,8884.0
2026-05-21 15:05:00,5240.9,5243.4,5226.2,5229.6,8063.0
2026-05-21 15:10:00,5232.0,5241.4,5229.6,5235.5,7935.0
2026-05-21 15:15:00,5235.6,5238.3,5226.9,5238.3,11394.0
2026-05-21 15:20:00,5239.7,5247.3,5237.5,5247.0,12498.0
2026-05-21 15:25:00,5241.5,5248.8,5210.1,5220.0,20932.0
2026-05-22 09:15:00,5262.5,5262.6,5232.6,5258.0,12447.0
2026-05-22 09:20:00,5258.2,5269.6,5254.3,5266.4,8814.0
2026-05-22 09:25:00,5266.5,5267.5,5251.1,5258.7,3683.0
2026-05-22 09:30:00,5256.1,5278.6,5253.1,5277.9,5663.0
2026-05-22 09:35:00,5277.3,5295.0,5273.2,5294.9,7538.0
2026-05-22 09:40:00,5294.2,5296.4,5278.0,5290.2,12978.0
2026-05-22 09:45:00,5290.2,5295.0,5274.6,5280.2,6758.0
2026-05-22 09:50:00,5279.5,5286.0,5279.5,5281.0,4414.0
2026-05-22 09:55:00,5281.3,5290.0,5271.7,5289.0,4452.0
2026-05-22 10:00:00,5287.7,5298.0,5282.5,5291.1,6401.0
2026-05-22 10:05:00,5294.7,5298.0,5286.1,5295.2,3776.0
2026-05-22 10:10:00,5295.2,5318.0,5293.1,5314.8,23956.0
2026-05-22 10:15:00,5314.8,5318.0,5307.9,5314.0,11645.0
2026-05-22 10:20:00,5314.0,5324.0,5313.5,5320.9,14220.0
2026-05-22 10:25:00,5320.2,5325.0,5317.7,5321.1,8969.0
2026-05-22 10:30:00,5324.0,5324.5,5312.6,5314.0,8703.0
2026-05-22 10:35:00,5315.9,5319.5,5309.4,5319.0,4513.0
2026-05-22 10:40:00,5319.1,5320.9,5310.2,5315.0,5642.0
2026-05-22 10:45:00,5314.7,5315.1,5299.7,5305.7,5244.0
2026-05-22 10:50:00,5305.0,5305.0,5287.6,5297.0,8981.0
2026-05-22 10:55:00,5298.0,5312.3,5292.3,5310.0,6389.0
2026-05-22 11:00:00,5308.0,5311.0,5302.2,5306.3,1955.0
2026-05-22 11:05:00,5306.6,5306.6,5297.0,5300.0,2787.0
2026-05-22 11:10:00,5300.8,5302.7,5280.0,5286.5,7497.0
2026-05-22 11:15:00,5289.4,5289.8,5280.1,5285.8,2423.0
2026-05-22 11:20:00,5287.4,5297.0,5285.0,5286.6,7583.0
2026-05-22 11:25:00,5285.0,5292.2,5282.0,5291.0,7268.0
2026-05-22 11:30:00,5290.6,5292.0,5271.9,5280.0,5835.0
2026-05-22 11:35:00,5278.0,5283.9,5272.2,5273.1,5017.0
2026-05-22 11:40:00,5274.8,5322.0,5271.9,5321.0,22923.0
2026-05-22 11:45:00,5321.0,5321.2,5308.4,5313.1,6509.0
2026-05-22 11:50:00,5314.9,5315.0,5301.7,5305.2,3073.0
2026-05-22 11:55:00,5304.0,5309.6,5302.1,5307.0,2030.0
2026-05-22 12:00:00,5308.6,5310.8,5300.1,5309.2,2571.0
2026-05-22 12:05:00,5309.0,5309.0,5300.0,5302.0,3598.0
2026-05-22 12:10:00,5303.2,5307.0,5301.4,5304.0,2029.0
2026-05-22 12:15:00,5305.4,5305.8,5285.0,5291.5,5035.0
2026-05-22 12:20:00,5290.7,5292.8,5280.6,5282.3,4013.0
2026-05-22 12:25:00,5283.0,5284.6,5275.3,5281.1,3689.0
2026-05-22 12:30:00,5280.9,5287.3,5275.5,5285.2,2717.0
2026-05-22 12:35:00,5285.2,5288.7,5281.1,5283.8,3398.0
2026-05-22 12:40:00,5285.7,5296.5,5282.0,5291.2,3586.0
2026-05-22 12:45:00,5292.4,5295.6,5285.6,5288.7,1411.0
2026-05-22 12:50:00,5289.7,5295.0,5282.4,5295.0,3173.0
2026-05-22 12:55:00,5295.0,5295.0,5258.6,5264.9,14351.0
2026-05-22 13:00:00,5265.8,5276.9,5265.1,5269.3,3342.0
2026-05-22 13:05:00,5269.9,5278.4,5266.1,5276.6,2483.0
2026-05-22 13:10:00,5278.0,5278.5,5270.5,5275.7,3063.0
2026-05-22 13:15:00,5277.0,5277.9,5274.2,5275.4,1345.0
2026-05-22 13:20:00,5275.8,5280.5,5275.0,5276.4,1905.0
2026-05-22 13:25:00,5276.0,5282.4,5273.9,5275.2,2098.0
2026-05-22 13:30:00,5275.1,5277.0,5270.7,5271.4,1900.0
2026-05-22 13:35:00,5270.5,5275.0,5270.4,5275.0,1331.0
2026-05-22 13:40:00,5275.0,5275.0,5268.1,5269.7,1309.0
2026-05-22 13:45:00,5268.9,5274.1,5268.3,5272.7,1273.0
2026-05-22 13:50:00,5273.8,5274.4,5261.5,5262.0,3201.0
2026-05-22 13:55:00,5262.6,5268.8,5254.4,5267.4,2570.0
2026-05-22 14:00:00,5267.4,5267.4,5253.0,5253.0,1619.0
2026-05-22 14:05:00,5252.1,5263.7,5250.1,5263.7,3742.0
2026-05-22 14:10:00,5264.0,5266.2,5261.0,5263.0,2705.0
2026-05-22 14:15:00,5263.0,5266.0,5259.0,5265.5,4393.0
2026-05-22 14:20:00,5265.5,5269.8,5258.7,5269.2,1537.0
2026-05-22 14:25:00,5269.7,5269.8,5257.6,5258.9,1457.0
2026-05-22 14:30:00,5258.8,5262.5,5252.1,5260.4,2755.0
2026-05-22 14:35:00,5260.4,5260.5,5255.2,5257.5,2109.0
2026-05-22 14:40:00,5258.9,5263.0,5255.6,5257.0,1559.0
2026-05-22 14:45:00,5259.2,5270.0,5256.5,5269.2,1793.0
2026-05-22 14:50:00,5269.7,5274.0,5266.8,5272.1,2397.0
2026-05-22 14:55:00,5272.0,5274.1,5268.6,5270.3,1835.0
2026-05-22 15:00:00,5268.3,5268.3,5237.3,5249.0,10223.0
2026-05-22 15:05:00,5249.0,5251.2,5242.6,5249.4,3449.0
2026-05-22 15:10:00,5250.9,5253.8,5246.6,5251.6,3786.0
2026-05-22 15:15:00,5254.0,5274.9,5249.6,5273.5,11944.0
2026-05-22 15:20:00,5273.4,5273.4,5262.4,5266.3,13872.0
2026-05-22 15:25:00,5265.1,5285.0,5262.3,5285.0,12367.0
2026-05-25 09:15:00,5325.0,5345.0,5310.3,5315.0,17718.0
2026-05-25 09:20:00,5317.9,5319.0,5291.0,5292.5,7027.0
2026-05-25 09:25:00,5294.6,5296.1,5285.1,5286.0,3331.0
2026-05-25 09:30:00,5288.0,5308.0,5285.0,5288.0,10529.0
2026-05-25 09:35:00,5286.8,5287.9,5272.1,5276.6,6378.0
2026-05-25 09:40:00,5274.0,5276.6,5264.0,5266.9,6140.0
2026-05-25 09:45:00,5268.8,5297.0,5267.9,5293.6,3095.0
2026-05-25 09:50:00,5294.0,5303.9,5293.7,5299.6,4275.0
2026-05-25 09:55:00,5299.6,5300.1,5285.0,5296.2,5707.0
2026-05-25 10:00:00,5300.2,5300.3,5290.0,5298.5,1374.0
2026-05-25 10:05:00,5298.0,5314.0,5296.1,5308.0,5044.0
2026-05-25 10:10:00,5307.2,5310.9,5302.0,5302.1,2197.0
2026-05-25 10:15:00,5303.3,5304.9,5300.0,5300.0,1814.0
2026-05-25 10:20:00,5300.0,5303.0,5294.0,5294.0,1448.0
2026-05-25 10:25:00,5297.1,5303.0,5293.0,5299.4,1050.0
2026-05-25 10:30:00,5298.0,5300.0,5285.2,5286.9,1063.0
2026-05-25 10:35:00,5287.2,5296.7,5285.1,5295.1,1288.0
2026-05-25 10:40:00,5295.0,5297.8,5292.4,5297.0,438.0
2026-05-25 10:45:00,5297.0,5299.3,5290.0,5295.4,1655.0
2026-05-25 10:50:00,5292.6,5296.7,5288.4,5288.4,2863.0
2026-05-25 10:55:00,5290.0,5299.4,5288.5,5294.9,3028.0
2026-05-25 11:00:00,5294.9,5295.1,5288.0,5292.0,2351.0
2026-05-25 11:05:00,5291.6,5293.3,5288.3,5289.0,1574.0
2026-05-25 11:10:00,5288.0,5291.9,5285.0,5285.0,4108.0
2026-05-25 11:15:00,5285.0,5288.0,5278.5,5278.5,1325.0
2026-05-25 11:20:00,5277.0,5291.4,5276.5,5288.0,2113.0
2026-05-25 11:25:00,5288.5,5289.9,5283.2,5286.0,1387.0
2026-05-25 11:30:00,5286.0,5286.7,5272.0,5273.5,2449.0
2026-05-25 11:35:00,5273.5,5274.2,5267.0,5273.0,1533.0
2026-05-25 11:40:00,5273.3,5277.6,5270.1,5277.6,1386.0
2026-05-25 11:45:00,5276.0,5280.6,5274.0,5276.0,1414.0
2026-05-25 11:50:00,5276.0,5278.9,5272.1,5273.9,1055.0
2026-05-25 11:55:00,5274.2,5278.1,5270.4,5278.1,1978.0
2026-05-25 12:00:00,5276.6,5295.0,5270.8,5285.5,3160.0
2026-05-25 12:05:00,5287.9,5288.4,5282.0,5284.0,1265.0
2026-05-25 12:10:00,5287.3,5288.4,5283.0,5286.0,824.0
2026-05-25 12:15:00,5286.3,5321.0,5284.3,5319.9,10428.0
2026-05-25 12:20:00,5316.9,5321.0,5309.9,5318.9,3654.0
2026-05-25 12:25:00,5318.8,5327.0,5315.2,5322.0,5310.0
2026-05-25 12:30:00,5323.0,5326.5,5313.6,5316.1,3703.0
2026-05-25 12:35:00,5316.2,5319.5,5311.8,5313.0,1561.0
2026-05-25 12:40:00,5312.0,5315.7,5310.0,5311.8,2067.0
2026-05-25 12:45:00,5311.8,5325.0,5310.5,5311.3,2231.0
2026-05-25 12:50:00,5313.0,5313.0,5303.8,5306.0,1706.0
2026-05-25 12:55:00,5308.6,5315.0,5303.0,5311.0,4094.0
2026-05-25 13:00:00,5315.2,5324.7,5306.1,5313.9,1763.0
2026-05-25 13:05:00,5316.6,5323.0,5313.7,5317.5,1401.0
2026-05-25 13:10:00,5320.0,5320.9,5315.2,5315.2,736.0
2026-05-25 13:15:00,5317.4,5320.2,5313.5,5320.2,1540.0
2026-05-25 13:20:00,5320.2,5325.0,5317.5,5321.0,5199.0
2026-05-25 13:25:00,5323.5,5324.4,5318.1,5319.6,1369.0
2026-05-25 13:30:00,5321.8,5322.1,5304.1,5304.5,4352.0
2026-05-25 13:35:00,5306.9,5306.9,5300.0,5304.2,2632.0
2026-05-25 13:40:00,5305.0,5308.0,5301.6,5303.3,1774.0
2026-05-25 13:45:00,5306.0,5306.9,5300.4,5304.3,2119.0
2026-05-25 13:50:00,5304.3,5304.7,5300.5,5301.0,1113.0
2026-05-25 13:55:00,5301.7,5302.1,5296.2,5297.1,3793.0
2026-05-25 14:00:00,5298.0,5301.4,5295.0,5301.4,2278.0
2026-05-25 14:05:00,5300.3,5303.2,5296.1,5301.3,4978.0
2026-05-25 14:10:00,5300.6,5317.4,5300.0,5309.5,9685.0
2026-05-25 14:15:00,5309.3,5317.5,5309.3,5314.4,1473.0
2026-05-25 14:20:00,5311.7,5316.9,5311.7,5314.0,1151.0
2026-05-25 14:25:00,5314.0,5318.0,5311.0,5311.1,1900.0
2026-05-25 14:30:00,5311.1,5314.0,5308.4,5309.0,1142.0
2026-05-25 14:35:00,5308.9,5313.9,5307.7,5311.0,2836.0
2026-05-25 14:40:00,5311.0,5316.3,5311.0,5312.0,1597.0
2026-05-25 14:45:00,5311.9,5315.7,5296.0,5296.1,4202.0
2026-05-25 14:50:00,5299.9,5300.8,5296.0,5299.0,3748.0
2026-05-25 14:55:00,5298.6,5299.5,5295.0,5295.0,1432.0
2026-05-25 15:00:00,5295.9,5295.9,5285.6,5288.0,2298.0
2026-05-25 15:05:00,5287.3,5292.0,5286.3,5291.8,1277.0
2026-05-25 15:10:00,5291.8,5292.8,5285.0,5285.0,3661.0
2026-05-25 15:15:00,5280.7,5284.8,5270.1,5277.2,4916.0
2026-05-25 15:20:00,5277.2,5280.0,5271.1,5278.2,4039.0
2026-05-25 15:25:00,5277.9,5296.8,5272.7,5289.0,7898.0
2026-05-26 09:15:00,5289.6,5301.6,5267.2,5295.8,9404.0
2026-05-26 09:20:00,5295.8,5303.4,5282.0,5300.0,4759.0
2026-05-26 09:25:00,5301.9,5303.4,5294.1,5297.7,2499.0
2026-05-26 09:30:00,5296.4,5311.6,5295.0,5307.3,3359.0
2026-05-26 09:35:00,5306.3,5312.9,5301.1,5309.9,2859.0
2026-05-26 09:40:00,5311.0,5315.0,5298.6,5298.6,2503.0
2026-05-26 09:45:00,5299.2,5320.0,5297.0,5319.0,6183.0
2026-05-26 09:50:00,5318.8,5320.0,5306.7,5313.7,2707.0
2026-05-26 09:55:00,5313.1,5317.4,5307.8,5310.0,2197.0
2026-05-26 10:00:00,5308.0,5310.0,5300.9,5306.9,1190.0
2026-05-26 10:05:00,5305.8,5313.4,5301.7,5306.3,3310.0
2026-05-26 10:10:00,5303.6,5314.5,5303.0,5314.2,2191.0
2026-05-26 10:15:00,5314.2,5315.9,5311.0,5314.5,3057.0
2026-05-26 10:20:00,5314.5,5315.8,5305.0,5307.0,3250.0
2026-05-26 10:25:00,5308.0,5317.0,5307.0,5315.0,888.0
2026-05-26 10:30:00,5315.5,5324.2,5312.0,5318.7,4563.0
2026-05-26 10:35:00,5318.7,5324.8,5318.0,5321.3,1800.0
2026-05-26 10:40:00,5321.3,5321.8,5311.0,5311.0,1917.0
2026-05-26 10:45:00,5312.3,5314.8,5308.0,5313.2,1767.0
2026-05-26 10:50:00,5312.3,5316.4,5311.1,5313.7,435.0
2026-05-26 10:55:00,5313.5,5316.7,5306.8,5307.0,7075.0
2026-05-26 11:00:00,5307.0,5310.9,5305.6,5307.7,1256.0
2026-05-26 11:05:00,5306.7,5309.9,5305.4,5307.1,988.0
2026-05-26 11:10:00,5305.7,5309.9,5300.0,5300.5,1221.0
2026-05-26 11:15:00,5300.7,5314.9,5300.0,5313.0,2509.0
2026-05-26 11:20:00,5313.0,5318.4,5311.5,5312.0,1316.0
2026-05-26 11:25:00,5312.1,5315.0,5305.4,5305.5,2007.0
2026-05-26 11:30:00,5305.4,5305.6,5301.0,5301.7,710.0
2026-05-26 11:35:00,5301.6,5307.2,5301.1,5306.0,443.0
2026-05-26 11:40:00,5306.0,5308.0,5303.7,5306.3,740.0
2026-05-26 11:45:00,5306.6,5306.7,5302.1,5306.7,636.0
2026-05-26 11:50:00,5308.3,5310.6,5306.7,5307.2,936.0
2026-05-26 11:55:00,5307.0,5308.7,5302.3,5304.4,2118.0
2026-05-26 12:00:00,5304.4,5304.4,5294.2,5297.5,3706.0
2026-05-26 12:05:00,5297.5,5307.9,5294.0,5303.5,1952.0
2026-05-26 12:10:00,5305.7,5306.5,5300.0,5301.0,1078.0
2026-05-26 12:15:00,5301.0,5326.0,5300.0,5325.0,16673.0
2026-05-26 12:20:00,5327.5,5328.9,5324.0,5325.0,5279.0
2026-05-26 12:25:00,5325.0,5326.0,5316.1,5322.6,7422.0
2026-05-26 12:30:00,5323.3,5324.5,5316.2,5316.8,2402.0
2026-05-26 12:35:00,5317.3,5322.0,5312.1,5312.2,2269.0
2026-05-26 12:40:00,5312.2,5313.3,5305.0,5305.1,1104.0
2026-05-26 12:45:00,5305.1,5305.4,5282.2,5295.1,9003.0
2026-05-26 12:50:00,5295.1,5295.1,5286.8,5291.3,1876.0
2026-05-26 12:55:00,5291.3,5301.6,5287.5,5294.6,7246.0
2026-05-26 13:00:00,5297.3,5297.7,5290.0,5296.6,1005.0
2026-05-26 13:05:00,5296.6,5298.2,5288.3,5292.0,5266.0
2026-05-26 13:10:00,5292.8,5294.0,5285.6,5288.2,1915.0
2026-05-26 13:15:00,5288.2,5294.7,5285.9,5294.3,1238.0
2026-05-26 13:20:00,5294.3,5294.7,5291.4,5293.9,908.0
2026-05-26 13:25:00,5295.8,5297.5,5291.0,5296.0,1511.0
2026-05-26 13:30:00,5296.0,5298.8,5283.2,5284.9,2980.0
2026-05-26 13:35:00,5285.0,5290.0,5284.2,5288.7,2000.0
2026-05-26 13:40:00,5289.9,5298.7,5288.1,5295.9,1420.0
2026-05-26 13:45:00,5294.5,5299.6,5289.5,5294.9,2143.0
2026-05-26 13:50:00,5294.9,5299.0,5289.3,5297.3,2592.0
2026-05-26 13:55:00,5297.3,5299.9,5293.4,5295.7,1234.0
2026-05-26 14:00:00,5295.7,5299.1,5285.6,5287.1,6906.0
2026-05-26 14:05:00,5287.1,5294.7,5282.1,5288.4,3307.0
2026-05-26 14:10:00,5286.9,5293.1,5284.2,5288.4,1077.0
2026-05-26 14:15:00,5288.4,5294.7,5287.4,5292.3,771.0
2026-05-26 14:20:00,5293.2,5297.9,5287.6,5293.7,1110.0
2026-05-26 14:25:00,5294.6,5305.0,5293.7,5297.0,3768.0
2026-05-26 14:30:00,5298.8,5302.3,5296.3,5300.8,1624.0
2026-05-26 14:35:00,5302.3,5303.7,5294.8,5300.3,1969.0
2026-05-26 14:40:00,5302.4,5302.4,5283.7,5286.3,5006.0
2026-05-26 14:45:00,5284.9,5290.0,5284.9,5288.2,960.0
2026-05-26 14:50:00,5288.2,5296.2,5286.2,5289.6,1408.0
2026-05-26 14:55:00,5290.1,5295.8,5288.8,5294.3,1752.0
2026-05-26 15:00:00,5294.3,5303.9,5288.6,5299.5,7435.0
2026-05-26 15:05:00,5299.0,5302.0,5290.1,5296.2,4572.0
2026-05-26 15:10:00,5295.4,5313.0,5292.0,5301.6,10768.0
2026-05-26 15:15:00,5303.1,5317.0,5301.8,5306.1,3925.0
2026-05-26 15:20:00,5308.3,5314.7,5305.4,5311.9,3850.0
2026-05-26 15:25:00,5311.7,5320.0,5307.7,5319.0,11273.0
2026-05-27 09:15:00,5320.0,5380.0,5306.4,5375.1,23183.0
2026-05-27 09:20:00,5375.4,5382.0,5364.1,5380.0,11783.0
2026-05-27 09:25:00,5378.0,5382.0,5361.2,5366.6,5174.0
2026-05-27 09:30:00,5361.0,5377.0,5361.0,5376.9,3881.0
2026-05-27 09:35:00,5377.0,5397.7,5375.1,5389.8,12394.0
2026-05-27 09:40:00,5386.8,5397.6,5377.9,5387.2,8870.0
2026-05-27 09:45:00,5385.1,5414.0,5383.5,5410.6,13541.0
2026-05-27 09:50:00,5410.0,5411.3,5400.0,5405.1,5965.0
2026-05-27 09:55:00,5404.1,5422.0,5398.2,5414.0,8525.0
2026-05-27 10:00:00,5408.1,5413.1,5400.2,5405.0,2697.0
2026-05-27 10:05:00,5404.5,5416.7,5403.2,5408.7,2883.0
2026-05-27 10:10:00,5408.3,5409.9,5393.1,5398.2,4832.0
2026-05-27 10:15:00,5398.1,5404.6,5396.1,5396.1,3567.0
2026-05-27 10:20:00,5396.1,5400.0,5393.0,5397.6,3809.0
2026-05-27 10:25:00,5392.7,5409.4,5392.0,5408.9,4822.0
2026-05-27 10:30:00,5408.2,5409.3,5390.4,5399.1,2332.0
2026-05-27 10:35:00,5399.0,5405.4,5397.5,5404.5,1859.0
2026-05-27 10:40:00,5404.5,5410.0,5401.2,5401.8,2355.0
2026-05-27 10:45:00,5401.5,5404.1,5392.6,5404.1,3247.0
2026-05-27 10:50:00,5402.5,5408.0,5402.0,5405.5,1191.0
2026-05-27 10:55:00,5405.0,5410.0,5403.5,5410.0,1886.0
2026-05-27 11:00:00,5409.9,5417.6,5409.9,5417.0,3182.0
2026-05-27 11:05:00,5417.0,5420.0,5415.4,5420.0,2329.0
2026-05-27 11:10:00,5420.0,5435.3,5419.6,5430.6,7962.0
2026-05-27 11:15:00,5428.4,5453.1,5428.4,5450.0,13297.0
2026-05-27 11:20:00,5452.0,5454.0,5441.5,5448.9,14613.0
2026-05-27 11:25:00,5447.6,5451.4,5443.1,5447.0,11195.0
2026-05-27 11:30:00,5446.5,5449.4,5437.6,5438.0,2575.0
2026-05-27 11:35:00,5438.0,5441.1,5430.1,5433.0,3082.0
2026-05-27 11:40:00,5432.5,5439.9,5430.5,5431.4,1232.0
2026-05-27 11:45:00,5430.9,5437.9,5422.0,5424.9,1748.0
2026-05-27 11:50:00,5424.4,5426.9,5417.8,5422.2,1728.0
2026-05-27 11:55:00,5421.7,5423.3,5400.2,5404.8,4276.0
2026-05-27 12:00:00,5403.6,5407.9,5392.5,5407.2,4107.0
2026-05-27 12:05:00,5407.9,5408.9,5404.6,5407.5,1628.0
2026-05-27 12:10:00,5408.4,5415.3,5406.3,5414.7,1815.0
2026-05-27 12:15:00,5412.0,5413.4,5409.5,5409.5,1277.0
2026-05-27 12:20:00,5409.3,5415.8,5408.4,5415.8,1012.0
2026-05-27 12:25:00,5414.5,5421.0,5411.9,5419.1,3488.0
2026-05-27 12:30:00,5419.2,5425.0,5407.6,5417.9,3401.0
2026-05-27 12:35:00,5417.9,5422.8,5415.3,5419.0,1185.0
2026-05-27 12:40:00,5415.0,5422.5,5415.0,5418.4,1307.0
2026-05-27 12:45:00,5418.5,5426.9,5418.5,5424.6,751.0
2026-05-27 12:50:00,5425.1,5434.9,5423.7,5434.7,1896.0
2026-05-27 12:55:00,5433.2,5440.0,5427.8,5429.7,1356.0
2026-05-27 13:00:00,5429.7,5437.7,5429.7,5437.7,602.0
2026-05-27 13:05:00,5434.9,5437.7,5424.4,5424.4,724.0
2026-05-27 13:10:00,5423.0,5431.8,5421.8,5428.4,741.0
2026-05-27 13:15:00,5427.9,5428.1,5411.1,5419.0,3141.0
2026-05-27 13:20:00,5418.5,5425.4,5411.8,5425.4,1298.0
2026-05-27 13:25:00,5425.9,5427.4,5419.0,5423.8,796.0
2026-05-27 13:30:00,5421.9,5439.9,5420.8,5430.0,7059.0
2026-05-27 13:35:00,5429.4,5434.9,5424.4,5430.9,6092.0
2026-05-27 13:40:00,5430.9,5433.1,5425.6,5429.9,1264.0
2026-05-27 13:45:00,5427.6,5436.5,5426.7,5433.2,1395.0
2026-05-27 13:50:00,5433.2,5441.0,5432.0,5441.0,1622.0
2026-05-27 13:55:00,5438.2,5444.4,5434.5,5438.3,1676.0
2026-05-27 14:00:00,5435.8,5443.7,5433.1,5439.1,2495.0
2026-05-27 14:05:00,5438.5,5438.5,5425.3,5436.9,4050.0
2026-05-27 14:10:00,5436.0,5436.9,5428.1,5435.4,2162.0
2026-05-27 14:15:00,5433.1,5439.7,5432.2,5439.4,2050.0
2026-05-27 14:20:00,5437.4,5453.0,5436.9,5452.3,6539.0
2026-05-27 14:25:00,5450.2,5453.0,5440.1,5441.4,1967.0
2026-05-27 14:30:00,5440.8,5445.0,5431.1,5434.6,4272.0
2026-05-27 14:35:00,5434.0,5438.0,5431.0,5437.2,3053.0
2026-05-27 14:40:00,5436.7,5437.7,5428.0,5432.1,3433.0
2026-05-27 14:45:00,5432.1,5434.8,5425.0,5433.8,2716.0
2026-05-27 14:50:00,5433.7,5444.0,5430.0,5436.1,4277.0
2026-05-27 14:55:00,5437.3,5439.8,5435.0,5437.1,3669.0
2026-05-27 15:00:00,5436.5,5445.0,5433.1,5443.4,2389.0
2026-05-27 15:05:00,5441.0,5451.0,5438.9,5451.0,5316.0
2026-05-27 15:10:00,5448.7,5455.0,5446.6,5452.4,7683.0
2026-05-27 15:15:00,5451.3,5454.4,5443.1,5447.9,8961.0
2026-05-27 15:20:00,5447.0,5447.0,5435.1,5441.1,6210.0
2026-05-27 15:25:00,5440.6,5453.0,5434.9,5446.0,10803.0
2026-05-29 09:15:00,5474.9,5476.3,5388.5,5403.4,13632.0
2026-05-29 09:20:00,5399.0,5408.9,5389.0,5390.1,6304.0
2026-05-29 09:25:00,5391.9,5394.7,5375.0,5376.7,7859.0
2026-05-29 09:30:00,5371.6,5400.0,5367.6,5378.0,9657.0
2026-05-29 09:35:00,5376.0,5390.0,5370.9,5384.7,4542.0
2026-05-29 09:40:00,5384.7,5388.0,5346.2,5350.9,8433.0
2026-05-29 09:45:00,5351.0,5366.4,5340.1,5361.8,5337.0
2026-05-29 09:50:00,5361.8,5374.3,5358.0,5358.0,5981.0
2026-05-29 09:55:00,5355.0,5356.5,5340.2,5346.1,4538.0
2026-05-29 10:00:00,5346.2,5352.4,5327.0,5338.7,8698.0
2026-05-29 10:05:00,5340.0,5340.0,5316.7,5336.7,14251.0
2026-05-29 10:10:00,5339.7,5340.0,5322.0,5328.7,3927.0
2026-05-29 10:15:00,5327.3,5331.6,5315.2,5321.6,3208.0
2026-05-29 10:20:00,5320.7,5353.0,5317.5,5348.7,13558.0
2026-05-29 10:25:00,5350.0,5353.7,5337.5,5352.9,4555.0
2026-05-29 10:30:00,5352.3,5372.5,5344.8,5362.6,5262.0
2026-05-29 10:35:00,5363.7,5370.0,5362.2,5366.5,5052.0
2026-05-29 10:40:00,5362.5,5369.0,5362.0,5362.0,2880.0
2026-05-29 10:45:00,5362.0,5364.9,5355.6,5364.9,2852.0
2026-05-29 10:50:00,5364.9,5365.9,5357.0,5360.1,1485.0
2026-05-29 10:55:00,5360.1,5374.9,5356.8,5371.1,3399.0
2026-05-29 11:00:00,5372.0,5387.0,5372.0,5382.4,5187.0
2026-05-29 11:05:00,5380.7,5385.0,5376.8,5382.2,1736.0
2026-05-29 11:10:00,5380.4,5382.0,5370.4,5375.2,2076.0
2026-05-29 11:15:00,5375.2,5386.8,5373.6,5375.0,1625.0
2026-05-29 11:20:00,5375.9,5385.4,5375.0,5383.9,1009.0
2026-05-29 11:25:00,5385.4,5386.9,5380.0,5380.8,1179.0
2026-05-29 11:30:00,5380.8,5385.5,5375.2,5385.5,1567.0
2026-05-29 11:35:00,5386.4,5393.0,5377.3,5390.5,2590.0
2026-05-29 11:40:00,5388.4,5390.1,5370.6,5370.9,1750.0
2026-05-29 11:45:00,5370.9,5377.2,5370.0,5371.2,1469.0
2026-05-29 11:50:00,5371.2,5389.0,5371.2,5383.8,1698.0
2026-05-29 11:55:00,5383.1,5388.2,5378.7,5387.7,1643.0
2026-05-29 12:00:00,5387.7,5394.8,5380.8,5390.1,3705.0
2026-05-29 12:05:00,5390.0,5392.1,5386.2,5386.9,1240.0
2026-05-29 12:10:00,5389.6,5391.5,5372.0,5372.0,1976.0
2026-05-29 12:15:00,5372.0,5386.3,5370.2,5382.1,1643.0
2026-05-29 12:20:00,5382.2,5384.3,5376.2,5384.3,727.0
2026-05-29 12:25:00,5384.3,5390.0,5370.3,5374.9,1842.0
2026-05-29 12:30:00,5375.1,5379.4,5358.6,5362.0,2577.0
2026-05-29 12:35:00,5362.0,5372.4,5362.0,5366.3,1522.0
2026-05-29 12:40:00,5366.3,5369.9,5363.4,5365.1,480.0
2026-05-29 12:45:00,5365.1,5366.3,5360.2,5362.4,1027.0
2026-05-29 12:50:00,5362.4,5365.6,5356.2,5357.5,1215.0
2026-05-29 12:55:00,5357.5,5358.3,5350.2,5354.0,1430.0
2026-05-29 13:00:00,5354.0,5356.0,5347.0,5349.6,2398.0
2026-05-29 13:05:00,5349.5,5355.4,5343.3,5353.0,757.0
2026-05-29 13:10:00,5350.0,5352.1,5341.7,5341.7,1078.0
2026-05-29 13:15:00,5341.7,5347.4,5334.0,5343.3,6459.0
2026-05-29 13:20:00,5340.6,5345.4,5338.0,5340.2,637.0
2026-05-29 13:25:00,5340.1,5344.1,5337.6,5338.0,994.0
2026-05-29 13:30:00,5338.0,5340.1,5330.3,5334.4,1782.0
2026-05-29 13:35:00,5331.4,5343.0,5330.7,5340.3,780.0
2026-05-29 13:40:00,5340.1,5344.8,5335.9,5343.9,1259.0
2026-05-29 13:45:00,5343.9,5364.6,5342.3,5360.0,4328.0
2026-05-29 13:50:00,5363.0,5364.0,5354.8,5356.5,2966.0
2026-05-29 13:55:00,5356.5,5368.0,5355.6,5365.1,1561.0
2026-05-29 14:00:00,5365.1,5369.4,5363.0,5367.3,739.0
2026-05-29 14:05:00,5366.5,5369.6,5362.3,5365.2,2517.0
2026-05-29 14:10:00,5365.3,5368.0,5363.5,5363.5,747.0
2026-05-29 14:15:00,5363.5,5365.0,5361.0,5361.9,879.0
2026-05-29 14:20:00,5361.5,5371.0,5358.0,5367.6,955.0
2026-05-29 14:25:00,5369.1,5376.0,5360.6,5373.0,2629.0
2026-05-29 14:30:00,5374.0,5377.0,5370.3,5371.0,979.0
2026-05-29 14:35:00,5371.0,5374.8,5368.0,5368.0,805.0
2026-05-29 14:40:00,5368.0,5376.0,5367.0,5369.7,3120.0
2026-05-29 14:45:00,5369.7,5370.0,5357.8,5358.0,2100.0
2026-05-29 14:50:00,5358.0,5361.0,5343.2,5346.9,2534.0
2026-05-29 14:55:00,5346.4,5347.5,5341.0,5341.9,2207.0
2026-05-29 15:00:00,5341.9,5343.7,5292.5,5294.6,17088.0
2026-05-29 15:05:00,5298.3,5298.3,5264.9,5269.0,19794.0
2026-05-29 15:10:00,5270.8,5270.9,5243.3,5258.5,31700.0
2026-05-29 15:15:00,5262.1,5275.0,5255.8,5264.2,15123.0
2026-05-29 15:20:00,5264.5,5271.2,5241.9,5242.5,16705.0
2026-05-29 15:25:00,5236.0,5309.6,5230.0,5285.0,23604.0
2026-06-01 09:15:00,5289.5,5350.5,5289.5,5326.5,8315.0
2026-06-01 09:20:00,5334.0,5348.0,5319.0,5320.5,4696.0
2026-06-01 09:25:00,5319.5,5335.0,5315.0,5324.5,2159.0
2026-06-01 09:30:00,5322.0,5330.0,5303.5,5312.5,3747.0
2026-06-01 09:35:00,5311.5,5314.0,5263.0,5266.5,5048.0
2026-06-01 09:40:00,5270.0,5280.0,5260.0,5264.0,3377.0
2026-06-01 09:45:00,5261.5,5282.0,5255.0,5262.5,3274.0
2026-06-01 09:50:00,5262.5,5275.0,5223.0,5248.0,4356.0
2026-06-01 09:55:00,5245.5,5250.0,5236.0,5242.5,2064.0
2026-06-01 10:00:00,5240.0,5245.0,5215.0,5221.5,2664.0
2026-06-01 10:05:00,5220.0,5233.5,5218.5,5219.5,1920.0
2026-06-01 10:10:00,5217.5,5225.5,5210.5,5211.0,2292.0
2026-06-01 10:15:00,5210.0,5219.0,5201.5,5207.5,2281.0
2026-06-01 10:20:00,5205.0,5214.0,5200.0,5214.0,3650.0
2026-06-01 10:25:00,5213.0,5224.0,5205.0,5211.0,1583.0
2026-06-01 10:30:00,5208.5,5216.5,5207.0,5209.0,1090.0
2026-06-01 10:35:00,5208.5,5233.0,5207.0,5219.0,2222.0
2026-06-01 10:40:00,5216.5,5240.5,5213.5,5240.5,1664.0
2026-06-01 10:45:00,5243.0,5279.5,5243.0,5273.5,3287.0
2026-06-01 10:50:00,5274.0,5298.0,5274.0,5298.0,1508.0
2026-06-01 10:55:00,5295.5,5303.0,5285.0,5288.5,2426.0
2026-06-01 11:00:00,5286.0,5296.5,5281.0,5293.5,939.0
2026-06-01 11:05:00,5291.0,5308.0,5290.5,5306.5,1385.0
2026-06-01 11:10:00,5302.0,5307.0,5300.5,5303.5,1649.0
2026-06-01 11:15:00,5301.0,5311.0,5301.0,5304.5,1074.0
2026-06-01 11:20:00,5302.5,5302.5,5282.0,5285.0,1579.0
2026-06-01 11:25:00,5283.0,5294.5,5270.0,5270.0,3638.0
2026-06-01 11:30:00,5267.5,5270.0,5254.0,5265.0,1762.0
2026-06-01 11:35:00,5262.5,5270.0,5260.0,5269.5,516.0
2026-06-01 11:40:00,5267.0,5270.0,5262.0,5263.0,600.0
2026-06-01 11:45:00,5262.0,5266.5,5255.0,5265.5,551.0
2026-06-01 11:50:00,5263.0,5276.0,5261.0,5276.0,637.0
2026-06-01 11:55:00,5274.0,5276.0,5247.5,5250.0,980.0
2026-06-01 12:00:00,5247.5,5256.5,5243.0,5256.5,817.0
2026-06-01 12:05:00,5254.0,5258.0,5244.0,5253.0,958.0
2026-06-01 12:10:00,5252.0,5267.0,5245.5,5265.5,368.0
2026-06-01 12:15:00,5262.0,5265.5,5254.0,5254.5,715.0
2026-06-01 12:20:00,5253.0,5256.5,5247.0,5254.5,489.0
2026-06-01 12:25:00,5252.5,5256.0,5244.0,5246.5,900.0
2026-06-01 12:30:00,5240.0,5246.5,5231.5,5231.5,1408.0
2026-06-01 12:35:00,5233.0,5246.5,5228.5,5228.5,1915.0
2026-06-01 12:40:00,5228.5,5237.0,5222.5,5233.0,1886.0
2026-06-01 12:45:00,5231.0,5243.0,5227.0,5235.0,549.0
2026-06-01 12:50:00,5234.5,5242.5,5233.5,5239.5,502.0
2026-06-01 12:55:00,5237.0,5239.5,5226.0,5239.5,524.0
2026-06-01 13:00:00,5235.5,5239.5,5231.5,5234.0,483.0
2026-06-01 13:05:00,5231.5,5237.0,5230.0,5232.0,565.0
2026-06-01 13:10:00,5230.0,5232.0,5214.0,5216.0,1621.0
2026-06-01 13:15:00,5213.5,5223.0,5213.5,5215.0,737.0
2026-06-01 13:20:00,5213.0,5215.0,5205.0,5210.5,1605.0
2026-06-01 13:25:00,5208.0,5214.0,5207.0,5214.0,822.0
2026-06-01 13:30:00,5212.0,5215.0,5207.5,5211.5,1440.0
2026-06-01 13:35:00,5209.0,5215.0,5208.0,5214.5,1296.0
2026-06-01 13:40:00,5212.0,5215.0,5207.0,5207.0,1617.0
2026-06-01 13:45:00,5207.0,5210.5,5200.5,5202.5,1799.0
2026-06-01 13:50:00,5201.0,5202.5,5190.5,5196.5,1621.0
2026-06-01 13:55:00,5193.5,5199.0,5192.0,5197.0,752.0
2026-06-01 14:00:00,5194.5,5197.0,5185.5,5196.0,902.0
2026-06-01 14:05:00,5196.0,5199.5,5187.5,5190.5,2283.0
2026-06-01 14:10:00,5188.0,5192.0,5186.5,5191.0,796.0
2026-06-01 14:15:00,5188.5,5192.5,5181.5,5191.0,5975.0
2026-06-01 14:20:00,5191.0,5191.0,5180.0,5181.0,1517.0
2026-06-01 14:25:00,5181.0,5189.0,5181.0,5184.0,801.0
2026-06-01 14:30:00,5181.5,5187.0,5181.5,5186.5,837.0
2026-06-01 14:35:00,5184.0,5192.0,5182.0,5192.0,3731.0
2026-06-01 14:40:00,5192.0,5193.5,5182.0,5182.5,1648.0
2026-06-01 14:45:00,5185.0,5194.0,5181.0,5181.5,5856.0
2026-06-01 14:50:00,5180.0,5183.5,5165.5,5178.5,3445.0
2026-06-01 14:55:00,5178.5,5183.0,5168.0,5170.0,1433.0
2026-06-01 15:00:00,5168.0,5168.0,5157.0,5164.0,4357.0
2026-06-01 15:05:00,5164.5,5176.0,5161.5,5174.0,2948.0
2026-06-01 15:10:00,5175.5,5181.5,5174.0,5176.5,3256.0
2026-06-01 15:15:00,5176.0,5193.5,5171.0,5184.0,6529.0
2026-06-01 15:20:00,5182.5,5182.5,5170.0,5176.5,6694.0
2026-06-01 15:25:00,5179.5,5179.5,5170.0,5170.0,5591.0
2026-06-02 09:15:00,5109.0,5118.0,5067.5,5110.5,23400.0
2026-06-02 09:20:00,5106.0,5115.5,5094.5,5101.0,5552.0
2026-06-02 09:25:00,5101.0,5118.0,5094.5,5115.5,3070.0
2026-06-02 09:30:00,5111.5,5115.0,5078.5,5084.0,6113.0
2026-06-02 09:35:00,5082.0,5134.0,5082.0,5125.5,5283.0
2026-06-02 09:40:00,5127.5,5140.0,5118.0,5123.0,3885.0
2026-06-02 09:45:00,5119.5,5130.0,5105.5,5125.5,1732.0
2026-06-02 09:50:00,5124.0,5152.0,5123.0,5147.5,5581.0
2026-06-02 09:55:00,5149.0,5172.0,5146.5,5172.0,3209.0
2026-06-02 10:00:00,5170.5,5194.0,5168.5,5192.5,7354.0
2026-06-02 10:05:00,5193.0,5198.5,5185.0,5189.5,3933.0
2026-06-02 10:10:00,5187.0,5193.0,5181.5,5183.5,972.0
2026-06-02 10:15:00,5185.0,5188.0,5170.0,5186.5,1696.0
2026-06-02 10:20:00,5185.5,5208.0,5183.5,5207.0,2069.0
2026-06-02 10:25:00,5207.0,5229.5,5206.0,5224.5,4400.0
2026-06-02 10:30:00,5224.0,5228.0,5189.0,5200.0,2852.0
2026-06-02 10:35:00,5197.5,5200.5,5188.5,5192.0,1005.0
2026-06-02 10:40:00,5191.5,5199.5,5185.5,5194.5,1170.0
2026-06-02 10:45:00,5191.0,5191.0,5181.5,5187.5,781.0
2026-06-02 10:50:00,5184.5,5187.5,5163.0,5169.0,3290.0
2026-06-02 10:55:00,5167.0,5169.0,5151.5,5159.0,3768.0
2026-06-02 11:00:00,5159.0,5168.5,5159.0,5163.5,865.0
2026-06-02 11:05:00,5166.0,5170.5,5162.0,5164.0,372.0
2026-06-02 11:10:00,5165.0,5180.0,5165.0,5179.0,1005.0
2026-06-02 11:15:00,5180.0,5190.0,5175.5,5189.5,1124.0
2026-06-02 11:20:00,5190.0,5224.0,5188.0,5224.0,5415.0
2026-06-02 11:25:00,5222.5,5228.0,5218.5,5227.0,2403.0
2026-06-02 11:30:00,5227.0,5230.0,5215.5,5221.5,1931.0
2026-06-02 11:35:00,5221.0,5224.0,5201.0,5202.5,731.0
2026-06-02 11:40:00,5202.0,5212.5,5201.0,5205.0,1136.0
2026-06-02 11:45:00,5204.5,5215.0,5191.5,5205.5,2219.0
2026-06-02 11:50:00,5207.0,5211.0,5201.5,5203.5,718.0
2026-06-02 11:55:00,5202.5,5203.0,5191.0,5193.5,584.0
2026-06-02 12:00:00,5192.5,5199.5,5186.5,5193.5,1103.0
2026-06-02 12:05:00,5192.0,5195.0,5185.0,5195.0,658.0
2026-06-02 12:10:00,5192.0,5194.0,5184.0,5187.5,689.0
2026-06-02 12:15:00,5186.5,5190.0,5185.0,5187.0,467.0
2026-06-02 12:20:00,5186.0,5189.0,5182.0,5187.5,476.0
2026-06-02 12:25:00,5186.0,5188.0,5179.5,5182.0,577.0
2026-06-02 12:30:00,5179.0,5192.5,5179.0,5191.0,676.0
2026-06-02 12:35:00,5189.0,5191.0,5178.0,5180.0,541.0
2026-06-02 12:40:00,5178.0,5205.5,5178.0,5205.5,1269.0
2026-06-02 12:45:00,5205.5,5226.0,5205.5,5225.5,2162.0
2026-06-02 12:50:00,5225.5,5256.0,5222.0,5241.5,7342.0
2026-06-02 12:55:00,5239.5,5243.0,5230.5,5236.5,1763.0
2026-06-02 13:00:00,5236.0,5240.0,5213.5,5215.5,2870.0
2026-06-02 13:05:00,5215.5,5225.0,5212.5,5223.5,1332.0
2026-06-02 13:10:00,5223.0,5230.0,5216.0,5219.5,985.0
2026-06-02 13:15:00,5217.5,5222.0,5215.5,5220.0,1100.0
2026-06-02 13:20:00,5218.5,5229.0,5217.0,5229.0,703.0
2026-06-02 13:25:00,5225.5,5230.0,5225.0,5228.5,1067.0
2026-06-02 13:30:00,5227.5,5230.0,5220.0,5227.0,439.0
2026-06-02 13:35:00,5226.0,5226.0,5213.5,5216.0,1200.0
2026-06-02 13:40:00,5215.5,5227.0,5213.0,5225.0,1310.0
2026-06-02 13:45:00,5223.5,5244.0,5220.5,5243.5,2098.0
2026-06-02 13:50:00,5242.0,5273.5,5229.5,5269.0,16966.0
2026-06-02 13:55:00,5269.0,5269.0,5251.5,5258.0,8103.0
2026-06-02 14:00:00,5260.5,5269.5,5258.0,5269.5,771.0
2026-06-02 14:05:00,5269.0,5273.0,5267.0,5270.5,1664.0
2026-06-02 14:10:00,5270.5,5270.5,5261.5,5265.5,1207.0
2026-06-02 14:15:00,5266.0,5281.0,5263.5,5270.5,3250.0
2026-06-02 14:20:00,5269.5,5272.0,5260.5,5266.0,1683.0
2026-06-02 14:25:00,5265.0,5268.0,5255.5,5258.5,717.0
2026-06-02 14:30:00,5257.0,5266.5,5256.0,5265.0,479.0
2026-06-02 14:35:00,5265.0,5267.5,5253.5,5256.0,806.0
2026-06-02 14:40:00,5252.0,5252.0,5227.5,5234.0,3174.0
2026-06-02 14:45:00,5233.5,5256.0,5229.5,5256.0,4486.0
2026-06-02 14:50:00,5257.0,5265.0,5249.5,5263.5,941.0
2026-06-02 14:55:00,5261.0,5261.0,5250.5,5253.0,966.0
2026-06-02 15:00:00,5249.0,5265.5,5236.5,5258.0,3152.0
2026-06-02 15:05:00,5260.0,5268.5,5259.0,5268.5,1206.0
2026-06-02 15:10:00,5266.5,5268.0,5260.0,5262.0,2349.0
2026-06-02 15:15:00,5263.0,5272.0,5260.5,5270.0,3350.0
2026-06-02 15:20:00,5270.0,5271.5,5260.0,5264.5,2571.0
2026-06-02 15:25:00,5261.5,5269.5,5260.5,5262.0,4740.0
2026-06-03 09:15:00,5299.0,5347.5,5263.0,5301.5,15029.0
2026-06-03 09:20:00,5299.5,5299.5,5267.5,5275.5,5958.0
2026-06-03 09:25:00,5277.0,5277.0,5253.0,5268.5,3751.0
2026-06-03 09:30:00,5263.5,5270.0,5232.0,5233.5,7030.0
2026-06-03 09:35:00,5236.5,5278.0,5231.0,5276.5,4921.0
2026-06-03 09:40:00,5276.5,5276.5,5250.5,5264.5,4766.0
2026-06-03 09:45:00,5270.0,5289.0,5268.0,5277.0,4479.0
2026-06-03 09:50:00,5279.5,5298.0,5266.5,5269.0,2907.0
2026-06-03 09:55:00,5266.0,5268.0,5247.0,5259.0,3949.0
2026-06-03 10:00:00,5258.0,5279.5,5250.0,5277.0,1462.0
2026-06-03 10:05:00,5277.5,5297.0,5277.0,5277.0,3542.0
2026-06-03 10:10:00,5275.0,5275.0,5257.5,5267.5,1706.0
2026-06-03 10:15:00,5269.5,5280.0,5261.0,5280.0,1015.0
2026-06-03 10:20:00,5281.0,5287.5,5271.5,5272.0,1607.0
2026-06-03 10:25:00,5271.0,5277.0,5260.0,5262.0,932.0
2026-06-03 10:30:00,5262.0,5265.5,5246.5,5250.0,1641.0
2026-06-03 10:35:00,5250.0,5258.5,5247.0,5257.5,941.0
2026-06-03 10:40:00,5258.0,5258.5,5253.0,5255.5,579.0
2026-06-03 10:45:00,5253.0,5258.0,5250.0,5258.0,929.0
2026-06-03 10:50:00,5258.0,5261.0,5244.0,5254.0,1705.0
2026-06-03 10:55:00,5254.0,5260.5,5246.5,5251.5,1306.0
2026-06-03 11:00:00,5253.5,5261.5,5249.0,5251.0,1237.0
2026-06-03 11:05:00,5250.0,5250.0,5242.5,5243.5,617.0
2026-06-03 11:10:00,5243.5,5247.0,5241.0,5244.5,625.0
2026-06-03 11:15:00,5244.5,5258.0,5240.0,5258.0,2259.0
2026-06-03 11:20:00,5258.0,5275.0,5253.5,5264.5,2058.0
2026-06-03 11:25:00,5264.5,5274.0,5262.5,5267.0,951.0
2026-06-03 11:30:00,5267.0,5270.0,5259.5,5263.0,737.0
2026-06-03 11:35:00,5264.0,5264.0,5246.5,5257.0,1050.0
2026-06-03 11:40:00,5257.0,5261.5,5253.5,5256.5,853.0
2026-06-03 11:45:00,5256.5,5259.5,5256.0,5256.0,400.0
2026-06-03 11:50:00,5256.0,5260.0,5247.5,5248.0,756.0
2026-06-03 11:55:00,5249.5,5251.5,5240.5,5240.5,1028.0
2026-06-03 12:00:00,5240.5,5246.5,5222.0,5224.0,3220.0
2026-06-03 12:05:00,5224.0,5227.5,5221.0,5223.5,1488.0
2026-06-03 12:10:00,5223.0,5225.0,5208.0,5208.5,1846.0
2026-06-03 12:15:00,5209.5,5220.0,5208.0,5220.0,1001.0
2026-06-03 12:20:00,5218.5,5231.5,5218.5,5222.5,1221.0
2026-06-03 12:25:00,5221.0,5240.5,5221.0,5237.5,1196.0
2026-06-03 12:30:00,5237.5,5242.0,5232.5,5238.5,980.0
2026-06-03 12:35:00,5238.5,5251.0,5238.5,5242.5,1445.0
2026-06-03 12:40:00,5243.0,5261.0,5243.0,5256.0,1820.0
2026-06-03 12:45:00,5255.0,5260.0,5238.5,5240.5,2142.0
2026-06-03 12:50:00,5241.0,5245.5,5240.0,5241.5,350.0
2026-06-03 12:55:00,5241.5,5245.5,5235.0,5243.0,852.0
2026-06-03 13:00:00,5240.5,5247.0,5240.5,5241.5,241.0
2026-06-03 13:05:00,5241.5,5241.5,5234.0,5235.5,445.0
2026-06-03 13:10:00,5235.5,5236.5,5231.5,5233.5,426.0
2026-06-03 13:15:00,5237.5,5246.0,5234.0,5240.0,737.0
2026-06-03 13:20:00,5241.0,5245.5,5240.0,5242.5,385.0
2026-06-03 13:25:00,5242.5,5255.0,5240.0,5253.5,1779.0
2026-06-03 13:30:00,5251.5,5253.5,5238.5,5246.0,1243.0
2026-06-03 13:35:00,5247.5,5253.5,5238.5,5241.5,1207.0
2026-06-03 13:40:00,5241.0,5247.0,5235.5,5235.5,1026.0
2026-06-03 13:45:00,5236.0,5250.5,5236.0,5243.0,1185.0
2026-06-03 13:50:00,5243.0,5249.5,5235.5,5239.5,1774.0
2026-06-03 13:55:00,5237.5,5245.0,5233.5,5242.5,2036.0
2026-06-03 14:00:00,5241.0,5246.0,5238.5,5242.0,1360.0
2026-06-03 14:05:00,5243.0,5250.0,5238.0,5240.5,2614.0
2026-06-03 14:10:00,5238.0,5248.0,5234.5,5248.0,2977.0
2026-06-03 14:15:00,5247.5,5255.0,5245.5,5254.5,3323.0
2026-06-03 14:20:00,5255.0,5265.5,5250.5,5257.0,6309.0
2026-06-03 14:25:00,5255.5,5260.5,5247.0,5260.5,3284.0
2026-06-03 14:30:00,5262.5,5263.5,5248.0,5248.5,4439.0
2026-06-03 14:35:00,5250.0,5250.0,5240.0,5247.5,5773.0
2026-06-03 14:40:00,5249.0,5251.0,5241.0,5243.0,3690.0
2026-06-03 14:45:00,5243.0,5248.0,5232.0,5236.5,6663.0
2026-06-03 14:50:00,5236.5,5248.0,5231.5,5243.5,6422.0
2026-06-03 14:55:00,5242.5,5245.0,5223.0,5227.0,6805.0
2026-06-03 15:00:00,5230.0,5233.0,5204.5,5223.5,16521.0
2026-06-03 15:05:00,5222.0,5232.0,5218.0,5220.5,11882.0
2026-06-03 15:10:00,5218.0,5225.0,5210.0,5219.0,15334.0
2026-06-03 15:15:00,5219.5,5229.0,5213.5,5222.0,18692.0
2026-06-03 15:20:00,5222.0,5235.0,5218.5,5228.5,16948.0
2026-06-03 15:25:00,5229.0,5234.5,5220.0,5221.5,14324.0
2026-06-04 09:15:00,5222.0,5270.5,5186.0,5235.5,7231.0
2026-06-04 09:20:00,5235.0,5296.5,5234.0,5291.5,7730.0
2026-06-04 09:25:00,5292.0,5295.5,5267.0,5278.5,2606.0
2026-06-04 09:30:00,5275.5,5317.0,5275.0,5317.0,5571.0
2026-06-04 09:35:00,5313.5,5338.5,5313.5,5325.0,7080.0
2026-06-04 09:40:00,5320.5,5335.0,5310.5,5334.0,5677.0
2026-06-04 09:45:00,5332.0,5348.0,5332.0,5335.0,7677.0
2026-06-04 09:50:00,5338.5,5353.0,5330.5,5349.5,6284.0
2026-06-04 09:55:00,5349.5,5368.0,5349.5,5368.0,10406.0
2026-06-04 10:00:00,5367.0,5374.5,5359.5,5359.5,8315.0
2026-06-04 10:05:00,5358.0,5364.5,5353.0,5360.5,1886.0
2026-06-04 10:10:00,5358.5,5363.0,5340.0,5350.5,7976.0
2026-06-04 10:15:00,5345.5,5352.0,5335.0,5351.5,4701.0
2026-06-04 10:20:00,5349.0,5355.5,5343.0,5355.5,2465.0
2026-06-04 10:25:00,5353.0,5365.0,5352.5,5359.5,3492.0
2026-06-04 10:30:00,5358.0,5361.0,5344.0,5345.0,2110.0
2026-06-04 10:35:00,5346.0,5354.0,5341.0,5342.5,1992.0
2026-06-04 10:40:00,5341.0,5352.0,5338.5,5348.5,2900.0
2026-06-04 10:45:00,5350.0,5357.0,5350.0,5350.5,1083.0
2026-06-04 10:50:00,5352.0,5355.0,5345.0,5351.5,912.0
2026-06-04 10:55:00,5351.5,5356.0,5346.0,5353.5,1880.0
2026-06-04 11:00:00,5353.0,5355.5,5326.0,5335.5,4472.0
2026-06-04 11:05:00,5334.0,5345.0,5334.0,5345.0,842.0
2026-06-04 11:10:00,5343.5,5349.0,5330.0,5339.5,1963.0
2026-06-04 11:15:00,5336.0,5345.0,5336.0,5344.5,728.0
2026-06-04 11:20:00,5343.0,5347.0,5341.5,5345.0,2331.0
2026-06-04 11:25:00,5343.0,5352.0,5338.0,5348.0,1505.0
2026-06-04 11:30:00,5346.5,5350.0,5338.5,5347.0,1608.0
2026-06-04 11:35:00,5346.5,5354.0,5330.0,5344.5,4979.0
2026-06-04 11:40:00,5344.0,5353.0,5340.0,5348.0,1390.0
2026-06-04 11:45:00,5346.5,5353.0,5346.5,5352.5,1334.0
2026-06-04 11:50:00,5350.0,5352.0,5339.0,5341.0,1605.0
2026-06-04 11:55:00,5338.5,5345.0,5338.5,5342.5,1836.0
2026-06-04 12:00:00,5342.5,5350.0,5342.5,5350.0,900.0
2026-06-04 12:05:00,5349.0,5353.0,5347.0,5352.0,1635.0
2026-06-04 12:10:00,5350.0,5353.0,5350.0,5353.0,328.0
2026-06-04 12:15:00,5353.0,5353.0,5345.0,5350.0,1855.0
2026-06-04 12:20:00,5350.5,5355.0,5345.0,5353.0,790.0
2026-06-04 12:25:00,5351.5,5355.0,5348.5,5352.5,830.0
2026-06-04 12:30:00,5353.0,5355.0,5343.5,5346.5,756.0
2026-06-04 12:35:00,5344.5,5347.0,5336.5,5346.0,1590.0
2026-06-04 12:40:00,5344.0,5346.5,5336.5,5345.5,483.0
2026-06-04 12:45:00,5345.5,5346.5,5339.5,5342.0,379.0
2026-06-04 12:50:00,5342.0,5345.5,5342.0,5343.5,412.0
2026-06-04 12:55:00,5344.5,5348.0,5341.0,5346.0,282.0
2026-06-04 13:00:00,5344.0,5349.0,5342.0,5347.0,641.0
2026-06-04 13:05:00,5347.0,5349.0,5343.0,5349.0,473.0
2026-06-04 13:10:00,5348.0,5349.5,5317.0,5325.5,3109.0
2026-06-04 13:15:00,5323.0,5331.0,5315.5,5317.5,5295.0
2026-06-04 13:20:00,5315.5,5344.5,5315.5,5343.0,3496.0
2026-06-04 13:25:00,5340.5,5346.0,5340.5,5346.0,510.0
2026-06-04 13:30:00,5344.0,5344.5,5332.5,5335.0,1404.0
2026-06-04 13:35:00,5335.0,5340.0,5330.0,5338.5,1045.0
2026-06-04 13:40:00,5336.5,5339.5,5330.0,5335.5,1000.0
2026-06-04 13:45:00,5333.5,5339.5,5333.5,5338.5,570.0
2026-06-04 13:50:00,5338.5,5340.0,5330.5,5339.5,770.0
2026-06-04 13:55:00,5337.0,5339.5,5332.0,5336.5,651.0
2026-06-04 14:00:00,5334.5,5344.5,5334.5,5338.0,1132.0
2026-06-04 14:05:00,5337.5,5343.0,5334.5,5339.5,957.0
2026-06-04 14:10:00,5337.0,5342.5,5335.0,5338.5,344.0
2026-06-04 14:15:00,5338.0,5340.5,5330.5,5333.0,1005.0
2026-06-04 14:20:00,5333.5,5335.0,5326.0,5326.5,1792.0
2026-06-04 14:25:00,5326.0,5335.0,5325.0,5329.0,1081.0
2026-06-04 14:30:00,5329.0,5334.5,5325.0,5330.0,758.0
2026-06-04 14:35:00,5328.0,5332.0,5312.0,5322.0,5597.0
2026-06-04 14:40:00,5322.0,5328.0,5304.0,5305.5,4549.0
2026-06-04 14:45:00,5306.0,5310.0,5301.0,5301.5,1833.0
2026-06-04 14:50:00,5303.5,5309.0,5301.5,5303.5,1553.0
2026-06-04 14:55:00,5303.5,5309.5,5303.5,5309.5,1769.0
2026-06-04 15:00:00,5309.5,5309.5,5288.0,5289.0,5407.0
2026-06-04 15:05:00,5288.0,5297.5,5285.0,5297.0,2295.0
2026-06-04 15:10:00,5297.0,5300.5,5292.0,5297.0,3918.0
2026-06-04 15:15:00,5297.5,5302.0,5289.0,5300.5,4988.0
2026-06-04 15:20:00,5299.5,5301.0,5290.0,5299.0,3384.0
2026-06-04 15:25:00,5296.0,5300.5,5284.5,5292.0,5261.0
2026-06-05 09:15:00,5336.0,5342.5,5299.0,5323.0,9440.0
2026-06-05 09:20:00,5320.5,5348.5,5312.5,5340.0,4591.0
2026-06-05 09:25:00,5338.5,5371.0,5338.5,5365.5,7208.0
2026-06-05 09:30:00,5368.5,5383.0,5364.5,5383.0,7205.0
2026-06-05 09:35:00,5382.5,5388.0,5365.5,5381.5,6584.0
2026-06-05 09:40:00,5382.0,5382.0,5357.0,5365.5,5349.0
2026-06-05 09:45:00,5365.5,5373.0,5348.5,5351.0,4583.0
2026-06-05 09:50:00,5351.5,5358.0,5322.5,5322.5,5119.0
2026-06-05 09:55:00,5323.0,5332.5,5318.5,5325.0,2348.0
2026-06-05 10:00:00,5329.0,5345.0,5327.5,5345.0,2562.0
2026-06-05 10:05:00,5343.0,5356.5,5336.0,5355.0,2579.0
2026-06-05 10:10:00,5357.5,5357.5,5346.0,5346.0,5884.0
2026-06-05 10:15:00,5347.5,5353.0,5338.5,5348.0,1445.0
2026-06-05 10:20:00,5348.5,5356.5,5348.5,5354.5,1020.0
2026-06-05 10:25:00,5354.5,5354.5,5349.5,5350.0,614.0
2026-06-05 10:30:00,5350.0,5354.0,5346.5,5346.5,785.0
2026-06-05 10:35:00,5340.5,5347.0,5325.5,5335.0,4280.0
2026-06-05 10:40:00,5334.5,5338.0,5323.0,5334.0,1223.0
2026-06-05 10:45:00,5331.5,5350.0,5326.5,5350.0,2722.0
2026-06-05 10:50:00,5350.0,5353.0,5347.5,5351.0,954.0
2026-06-05 10:55:00,5352.5,5365.5,5349.0,5362.5,3336.0
2026-06-05 11:00:00,5364.5,5367.0,5350.0,5359.0,2804.0
2026-06-05 11:05:00,5357.5,5364.0,5357.5,5361.0,447.0
2026-06-05 11:10:00,5363.5,5367.0,5355.0,5362.5,1072.0
2026-06-05 11:15:00,5361.5,5365.5,5355.0,5356.0,641.0
2026-06-05 11:20:00,5355.5,5358.5,5350.5,5356.5,580.0
2026-06-05 11:25:00,5353.0,5358.5,5349.0,5358.5,1801.0
2026-06-05 11:30:00,5358.0,5361.5,5351.5,5353.5,594.0
2026-06-05 11:35:00,5353.5,5357.5,5350.0,5354.0,868.0
2026-06-05 11:40:00,5356.0,5362.5,5354.0,5357.0,389.0
2026-06-05 11:45:00,5357.0,5367.0,5357.0,5364.5,1512.0
2026-06-05 11:50:00,5364.5,5366.5,5360.0,5360.0,755.0
2026-06-05 11:55:00,5364.0,5364.0,5351.5,5353.0,831.0
2026-06-05 12:00:00,5353.0,5362.5,5353.0,5360.0,456.0
2026-06-05 12:05:00,5360.0,5364.0,5359.5,5364.0,783.0
2026-06-05 12:10:00,5361.5,5364.5,5359.0,5364.5,669.0
2026-06-05 12:15:00,5361.5,5367.0,5361.5,5366.0,682.0
2026-06-05 12:20:00,5367.0,5367.0,5362.0,5367.0,5031.0
2026-06-05 12:25:00,5367.0,5398.0,5364.0,5388.0,17257.0
2026-06-05 12:30:00,5387.0,5391.0,5375.5,5378.0,2606.0
2026-06-05 12:35:00,5378.0,5385.0,5373.0,5378.0,1602.0
2026-06-05 12:40:00,5377.0,5380.0,5365.0,5369.0,2126.0
2026-06-05 12:45:00,5368.0,5369.0,5354.0,5354.0,3161.0
2026-06-05 12:50:00,5354.5,5361.0,5350.0,5355.5,2508.0
2026-06-05 12:55:00,5354.0,5359.5,5351.5,5354.0,1345.0
2026-06-05 13:00:00,5350.5,5352.0,5340.5,5346.0,4996.0
2026-06-05 13:05:00,5346.0,5351.5,5337.0,5340.5,2432.0
2026-06-05 13:10:00,5339.5,5340.5,5330.0,5330.0,2302.0
2026-06-05 13:15:00,5332.5,5345.5,5330.5,5344.0,1256.0
2026-06-05 13:20:00,5343.5,5343.5,5324.0,5324.0,2617.0
2026-06-05 13:25:00,5326.5,5330.0,5317.0,5318.0,4076.0
2026-06-05 13:30:00,5318.0,5322.5,5310.0,5313.5,3619.0
2026-06-05 13:35:00,5313.5,5321.0,5310.5,5313.5,2240.0
2026-06-05 13:40:00,5313.5,5313.5,5292.0,5300.5,4072.0
2026-06-05 13:45:00,5299.0,5317.0,5287.0,5308.0,2716.0
2026-06-05 13:50:00,5308.0,5311.5,5302.0,5302.5,1323.0
2026-06-05 13:55:00,5302.5,5318.0,5302.5,5317.0,1749.0
2026-06-05 14:00:00,5317.0,5323.0,5304.0,5312.5,2148.0
2026-06-05 14:05:00,5312.5,5324.0,5312.5,5319.0,1169.0
2026-06-05 14:10:00,5319.0,5325.5,5313.0,5321.0,2188.0
2026-06-05 14:15:00,5320.0,5321.0,5313.5,5317.5,795.0
2026-06-05 14:20:00,5318.5,5325.0,5312.0,5324.0,1509.0
2026-06-05 14:25:00,5322.0,5343.5,5322.0,5340.0,1601.0
2026-06-05 14:30:00,5340.0,5347.5,5333.0,5335.0,3193.0
2026-06-05 14:35:00,5336.0,5339.5,5325.5,5333.0,1108.0
2026-06-05 14:40:00,5334.0,5355.0,5331.5,5347.0,4566.0
2026-06-05 14:45:00,5346.0,5347.0,5330.0,5334.5,1824.0
2026-06-05 14:50:00,5337.0,5344.5,5337.0,5341.0,749.0
2026-06-05 14:55:00,5339.0,5346.0,5333.0,5339.0,1391.0
2026-06-05 15:00:00,5339.0,5340.5,5325.0,5330.5,2362.0
2026-06-05 15:05:00,5331.0,5337.0,5329.5,5333.0,1597.0
2026-06-05 15:10:00,5335.0,5343.5,5334.5,5338.5,2178.0
2026-06-05 15:15:00,5341.0,5344.5,5333.5,5343.0,2375.0
2026-06-05 15:20:00,5342.0,5342.0,5332.0,5339.5,4023.0
2026-06-05 15:25:00,5336.0,5340.0,5328.0,5336.0,5062.0
2026-06-08 09:15:00,5289.0,5289.0,5204.5,5280.0,14253.0
2026-06-08 09:20:00,5285.0,5286.5,5258.0,5272.5,7651.0
2026-06-08 09:25:00,5274.5,5284.0,5244.5,5254.0,6095.0
2026-06-08 09:30:00,5256.0,5259.0,5236.0,5248.0,2617.0
2026-06-08 09:35:00,5248.0,5248.0,5210.0,5217.0,6684.0
2026-06-08 09:40:00,5219.0,5240.5,5217.0,5240.5,6904.0
2026-06-08 09:45:00,5238.0,5252.0,5226.0,5226.0,2658.0
2026-06-08 09:50:00,5226.0,5249.5,5225.0,5249.0,970.0
2026-06-08 09:55:00,5247.5,5262.0,5242.5,5254.0,2491.0
2026-06-08 10:00:00,5254.0,5257.0,5236.5,5239.5,1071.0
2026-06-08 10:05:00,5239.5,5251.5,5234.0,5249.0,2171.0
2026-06-08 10:10:00,5247.0,5248.0,5240.0,5240.0,1127.0
2026-06-08 10:15:00,5241.0,5245.0,5231.0,5239.5,1819.0
2026-06-08 10:20:00,5240.0,5245.0,5239.5,5242.0,355.0
2026-06-08 10:25:00,5240.5,5242.5,5226.0,5231.5,1663.0
2026-06-08 10:30:00,5232.5,5252.0,5229.0,5252.0,1859.0
2026-06-08 10:35:00,5253.0,5259.0,5249.5,5255.5,1607.0
2026-06-08 10:40:00,5255.5,5263.5,5253.5,5254.0,2142.0
2026-06-08 10:45:00,5252.0,5255.0,5238.5,5240.5,5317.0
2026-06-08 10:50:00,5240.0,5243.0,5234.5,5237.5,1597.0
2026-06-08 10:55:00,5234.5,5244.0,5234.0,5240.0,2508.0
2026-06-08 11:00:00,5242.0,5243.5,5226.0,5234.0,1480.0
2026-06-08 11:05:00,5234.5,5240.5,5231.0,5240.5,709.0
2026-06-08 11:10:00,5240.0,5240.0,5233.0,5234.0,250.0
2026-06-08 11:15:00,5234.0,5240.0,5228.0,5231.5,1289.0
2026-06-08 11:20:00,5231.5,5237.5,5224.5,5233.5,2067.0
2026-06-08 11:25:00,5231.0,5238.5,5230.5,5238.5,442.0
2026-06-08 11:30:00,5237.5,5244.5,5234.0,5239.5,1129.0
2026-06-08 11:35:00,5241.0,5244.0,5238.0,5240.0,781.0
2026-06-08 11:40:00,5240.0,5249.0,5238.0,5247.0,708.0
2026-06-08 11:45:00,5247.0,5253.5,5238.0,5241.5,2079.0
2026-06-08 11:50:00,5242.0,5242.0,5226.5,5233.0,927.0
2026-06-08 11:55:00,5230.0,5231.0,5226.5,5230.5,722.0
2026-06-08 12:00:00,5230.0,5230.0,5226.0,5230.0,502.0
2026-06-08 12:05:00,5230.0,5240.5,5230.0,5237.0,1642.0
2026-06-08 12:10:00,5237.0,5244.0,5232.0,5239.5,1492.0
2026-06-08 12:15:00,5239.5,5245.0,5239.5,5243.0,791.0
2026-06-08 12:20:00,5243.0,5245.0,5237.0,5241.5,941.0
2026-06-08 12:25:00,5243.5,5247.5,5240.5,5247.0,2355.0
2026-06-08 12:30:00,5247.0,5252.0,5237.5,5243.5,2555.0
2026-06-08 12:35:00,5246.0,5247.0,5240.5,5244.0,652.0
2026-06-08 12:40:00,5244.0,5244.0,5242.5,5244.0,889.0
2026-06-08 12:45:00,5243.0,5252.0,5241.0,5250.5,6400.0
2026-06-08 12:50:00,5250.5,5253.0,5246.5,5248.0,647.0
2026-06-08 12:55:00,5248.5,5250.5,5243.0,5246.0,604.0
2026-06-08 13:00:00,5247.5,5249.5,5238.0,5238.5,1060.0
2026-06-08 13:05:00,5238.5,5245.0,5236.0,5241.5,2086.0
2026-06-08 13:10:00,5240.0,5246.0,5239.0,5239.0,740.0
2026-06-08 13:15:00,5244.5,5244.5,5238.0,5239.0,1052.0
2026-06-08 13:20:00,5240.0,5243.5,5236.5,5240.0,1087.0
2026-06-08 13:25:00,5242.0,5242.5,5231.0,5237.0,3328.0
2026-06-08 13:30:00,5236.0,5236.0,5228.0,5233.0,3351.0
2026-06-08 13:35:00,5233.0,5234.5,5228.0,5228.5,2199.0
2026-06-08 13:40:00,5227.5,5232.5,5225.0,5226.5,2869.0
2026-06-08 13:45:00,5228.0,5228.5,5215.0,5222.5,3874.0
2026-06-08 13:50:00,5222.5,5228.0,5216.5,5222.0,3446.0
2026-06-08 13:55:00,5217.5,5225.0,5217.5,5225.0,1714.0
2026-06-08 14:00:00,5225.0,5229.5,5224.5,5229.0,799.0
2026-06-08 14:05:00,5229.0,5233.0,5225.5,5231.5,1305.0
2026-06-08 14:10:00,5233.0,5233.0,5224.5,5226.5,723.0
2026-06-08 14:15:00,5224.5,5233.0,5223.5,5228.5,1698.0
2026-06-08 14:20:00,5228.5,5228.5,5220.5,5223.5,550.0
2026-06-08 14:25:00,5217.0,5227.5,5216.5,5222.5,1777.0
2026-06-08 14:30:00,5221.0,5226.0,5219.5,5220.5,914.0
2026-06-08 14:35:00,5220.5,5223.5,5212.5,5215.0,1526.0
2026-06-08 14:40:00,5214.5,5220.0,5214.0,5220.0,1132.0
2026-06-08 14:45:00,5224.0,5226.5,5219.5,5224.0,585.0
2026-06-08 14:50:00,5224.5,5228.5,5215.0,5215.0,3109.0
2026-06-08 14:55:00,5217.0,5218.5,5202.0,5212.5,3576.0
2026-06-08 15:00:00,5214.0,5214.0,5168.0,5174.0,7634.0
2026-06-08 15:05:00,5174.0,5180.0,5165.5,5173.0,2578.0
2026-06-08 15:10:00,5173.0,5174.0,5162.5,5164.5,2387.0
2026-06-08 15:15:00,5166.5,5170.5,5160.0,5166.0,2973.0
2026-06-08 15:20:00,5165.5,5165.5,5119.0,5122.5,6304.0
2026-06-08 15:25:00,5122.0,5139.5,5107.0,5139.5,14955.0
2026-06-09 09:15:00,5218.0,5227.0,5181.5,5207.0,11392.0
2026-06-09 09:20:00,5208.0,5228.0,5202.0,5222.0,3564.0
2026-06-09 09:25:00,5221.0,5230.5,5205.5,5215.0,3911.0
2026-06-09 09:30:00,5215.5,5244.0,5212.5,5235.5,2746.0
2026-06-09 09:35:00,5233.5,5243.5,5225.0,5230.5,3918.0
2026-06-09 09:40:00,5227.5,5227.5,5215.0,5219.0,3734.0
2026-06-09 09:45:00,5215.5,5252.5,5213.5,5227.5,3598.0
2026-06-09 09:50:00,5225.5,5241.5,5225.5,5236.0,1529.0
2026-06-09 09:55:00,5233.0,5235.5,5215.5,5223.5,1871.0
2026-06-09 10:00:00,5226.0,5236.0,5222.5,5224.5,800.0
2026-06-09 10:05:00,5225.5,5234.0,5225.5,5234.0,2116.0
2026-06-09 10:10:00,5235.0,5247.5,5235.0,5245.0,1964.0
2026-06-09 10:15:00,5246.0,5258.0,5246.0,5254.0,7538.0
2026-06-09 10:20:00,5252.5,5255.0,5234.5,5238.0,2308.0
2026-06-09 10:25:00,5240.0,5251.0,5238.0,5250.0,615.0
2026-06-09 10:30:00,5248.5,5250.0,5246.5,5246.5,486.0
2026-06-09 10:35:00,5246.5,5249.0,5243.5,5247.5,667.0
2026-06-09 10:40:00,5245.0,5254.0,5243.5,5254.0,2085.0
2026-06-09 10:45:00,5254.0,5258.0,5247.5,5247.5,1182.0
2026-06-09 10:50:00,5250.0,5253.0,5245.0,5250.0,883.0
2026-06-09 10:55:00,5251.5,5255.0,5248.5,5253.5,222.0
2026-06-09 11:00:00,5253.5,5260.0,5249.0,5260.0,1194.0
2026-06-09 11:05:00,5260.0,5274.0,5258.0,5259.5,4202.0
2026-06-09 11:10:00,5258.0,5259.5,5253.5,5254.0,345.0
2026-06-09 11:15:00,5254.0,5255.0,5251.5,5254.0,406.0
2026-06-09 11:20:00,5255.0,5257.0,5239.0,5248.0,1253.0
2026-06-09 11:25:00,5246.5,5253.5,5239.5,5253.5,510.0
2026-06-09 11:30:00,5253.5,5255.0,5250.0,5250.5,402.0
2026-06-09 11:35:00,5250.5,5258.0,5246.5,5258.0,1174.0
2026-06-09 11:40:00,5258.0,5266.5,5255.5,5266.0,643.0
2026-06-09 11:45:00,5265.0,5272.5,5256.0,5267.5,1622.0
2026-06-09 11:50:00,5272.0,5275.0,5265.5,5274.5,1717.0
2026-06-09 11:55:00,5275.0,5279.5,5266.0,5270.0,1523.0
2026-06-09 12:00:00,5268.5,5278.0,5267.0,5276.0,671.0
2026-06-09 12:05:00,5276.0,5279.0,5273.5,5273.5,412.0
2026-06-09 12:10:00,5275.0,5275.0,5273.0,5274.0,213.0
2026-06-09 12:15:00,5273.5,5279.0,5273.5,5275.5,429.0
2026-06-09 12:20:00,5275.0,5278.5,5270.5,5274.0,488.0
2026-06-09 12:25:00,5270.5,5276.5,5270.5,5274.5,240.0
2026-06-09 12:30:00,5274.5,5276.0,5273.0,5273.5,407.0
2026-06-09 12:35:00,5275.0,5276.0,5273.5,5276.0,171.0
2026-06-09 12:40:00,5276.0,5277.0,5272.0,5277.0,938.0
2026-06-09 12:45:00,5275.0,5279.5,5275.0,5276.0,353.0
2026-06-09 12:50:00,5275.5,5275.5,5268.0,5268.0,669.0
2026-06-09 12:55:00,5267.5,5267.5,5262.0,5264.5,429.0
2026-06-09 13:00:00,5263.0,5269.0,5263.0,5269.0,631.0
2026-06-09 13:05:00,5267.0,5275.0,5265.5,5272.0,559.0
2026-06-09 13:10:00,5275.0,5277.0,5271.0,5277.0,398.0
2026-06-09 13:15:00,5277.0,5278.0,5276.0,5276.5,215.0
2026-06-09 13:20:00,5276.5,5276.5,5266.0,5268.5,403.0
2026-06-09 13:25:00,5270.5,5273.5,5270.0,5270.5,249.0
2026-06-09 13:30:00,5270.5,5272.0,5250.0,5250.0,1733.0
2026-06-09 13:35:00,5248.5,5263.0,5247.0,5261.0,591.0
2026-06-09 13:40:00,5263.0,5264.0,5261.5,5264.0,208.0
2026-06-09 13:45:00,5264.0,5264.5,5260.0,5261.0,227.0
2026-06-09 13:50:00,5262.5,5274.0,5262.5,5272.0,2275.0
2026-06-09 13:55:00,5274.0,5275.0,5259.5,5263.5,1617.0
2026-06-09 14:00:00,5263.0,5265.0,5255.5,5257.5,1682.0
2026-06-09 14:05:00,5260.0,5271.5,5256.5,5271.5,931.0
2026-06-09 14:10:00,5269.5,5276.5,5268.5,5276.5,951.0
2026-06-09 14:15:00,5276.5,5280.5,5271.0,5278.0,1527.0
2026-06-09 14:20:00,5278.0,5280.5,5270.0,5273.5,1642.0
2026-06-09 14:25:00,5273.0,5277.0,5269.5,5273.0,952.0
2026-06-09 14:30:00,5273.0,5277.0,5160.5,5162.5,16999.0
2026-06-09 14:35:00,5161.0,5195.5,5131.0,5170.0,15042.0
2026-06-09 14:40:00,5170.0,5214.0,5170.0,5198.0,16970.0
2026-06-09 14:45:00,5195.0,5195.0,5170.0,5174.5,8012.0
2026-06-09 14:50:00,5171.5,5246.5,5171.0,5240.0,13918.0
2026-06-09 14:55:00,5241.5,5269.0,5240.0,5263.0,5476.0
2026-06-09 15:00:00,5263.0,5272.5,5247.5,5270.0,6962.0
2026-06-09 15:05:00,5269.5,5286.5,5266.5,5283.0,5249.0
2026-06-09 15:10:00,5283.0,5294.0,5277.0,5294.0,5766.0
2026-06-09 15:15:00,5291.0,5308.0,5287.0,5287.0,6068.0
2026-06-09 15:20:00,5285.5,5297.5,5282.5,5292.5,4486.0
2026-06-09 15:25:00,5292.5,5292.5,5276.5,5276.5,3898.0
2026-06-10 09:15:00,5295.0,5333.0,5240.5,5245.0,7511.0
2026-06-10 09:20:00,5242.5,5250.0,5218.0,5246.0,5932.0
2026-06-10 09:25:00,5245.5,5247.0,5224.0,5227.0,4069.0
2026-06-10 09:30:00,5231.5,5246.0,5226.0,5246.0,4236.0
2026-06-10 09:35:00,5248.5,5254.0,5233.0,5252.0,1510.0
2026-06-10 09:40:00,5254.0,5254.0,5246.0,5252.0,1012.0
2026-06-10 09:45:00,5250.5,5263.0,5239.0,5263.0,1398.0
2026-06-10 09:50:00,5266.0,5266.0,5250.5,5250.5,1824.0
2026-06-10 09:55:00,5250.5,5255.0,5235.0,5235.0,5763.0
2026-06-10 10:00:00,5238.5,5239.5,5226.5,5226.5,2099.0
2026-06-10 10:05:00,5219.5,5225.5,5207.0,5212.5,5513.0
2026-06-10 10:10:00,5212.5,5217.0,5202.0,5202.0,1773.0
2026-06-10 10:15:00,5202.0,5216.5,5198.0,5215.0,3531.0
2026-06-10 10:20:00,5217.0,5217.0,5202.0,5211.0,1638.0
2026-06-10 10:25:00,5212.0,5212.0,5185.0,5207.5,3318.0
2026-06-10 10:30:00,5211.0,5233.5,5206.5,5232.0,1737.0
2026-06-10 10:35:00,5232.0,5250.5,5230.0,5231.5,4097.0
2026-06-10 10:40:00,5230.0,5243.5,5230.0,5235.5,2109.0
2026-06-10 10:45:00,5233.0,5245.0,5233.0,5235.0,518.0
2026-06-10 10:50:00,5233.0,5236.0,5220.0,5222.5,617.0
2026-06-10 10:55:00,5223.0,5225.0,5220.0,5220.5,454.0
2026-06-10 11:00:00,5222.5,5223.5,5211.0,5219.0,961.0
2026-06-10 11:05:00,5218.5,5226.0,5215.0,5221.0,851.0
2026-06-10 11:10:00,5221.5,5229.5,5221.0,5228.0,1375.0
2026-06-10 11:15:00,5228.5,5244.0,5221.0,5236.5,2429.0
2026-06-10 11:20:00,5234.5,5242.0,5234.0,5241.5,1030.0
2026-06-10 11:25:00,5240.5,5254.0,5240.5,5250.0,5020.0
2026-06-10 11:30:00,5247.5,5250.0,5238.5,5243.5,809.0
2026-06-10 11:35:00,5242.0,5242.5,5234.0,5238.0,757.0
2026-06-10 11:40:00,5236.0,5244.5,5234.0,5239.5,361.0
2026-06-10 11:45:00,5239.5,5241.5,5238.5,5241.0,336.0
2026-06-10 11:50:00,5241.0,5243.5,5236.0,5237.0,376.0
2026-06-10 11:55:00,5238.0,5238.5,5235.0,5235.0,734.0
2026-06-10 12:00:00,5235.0,5237.0,5211.5,5225.5,3299.0
2026-06-10 12:05:00,5221.0,5225.5,5218.0,5218.0,365.0
2026-06-10 12:10:00,5219.0,5227.5,5216.5,5225.0,720.0
2026-06-10 12:15:00,5226.5,5228.0,5222.5,5222.5,605.0
2026-06-10 12:20:00,5225.5,5225.5,5212.5,5217.0,872.0
2026-06-10 12:25:00,5220.0,5222.5,5216.5,5217.5,476.0
2026-06-10 12:30:00,5217.5,5222.0,5215.0,5221.0,427.0
2026-06-10 12:35:00,5221.5,5228.5,5218.0,5225.0,2405.0
2026-06-10 12:40:00,5225.0,5225.0,5200.5,5209.5,2965.0
2026-06-10 12:45:00,5207.0,5213.5,5200.5,5212.5,627.0
2026-06-10 12:50:00,5212.5,5230.5,5208.0,5225.5,1015.0
2026-06-10 12:55:00,5225.5,5226.0,5215.0,5224.5,442.0
2026-06-10 13:00:00,5224.5,5253.0,5224.5,5249.5,2071.0
2026-06-10 13:05:00,5249.5,5257.0,5244.5,5248.5,2015.0
2026-06-10 13:10:00,5248.5,5255.0,5240.5,5241.5,1962.0
2026-06-10 13:15:00,5244.5,5250.0,5241.0,5243.0,655.0
2026-06-10 13:20:00,5243.0,5248.0,5237.0,5241.0,606.0
2026-06-10 13:25:00,5241.0,5250.0,5237.5,5250.0,644.0
2026-06-10 13:30:00,5250.0,5251.0,5238.0,5241.0,534.0
2026-06-10 13:35:00,5240.5,5247.5,5236.0,5239.0,809.0
2026-06-10 13:40:00,5238.5,5249.5,5232.0,5237.5,1272.0
2026-06-10 13:45:00,5235.5,5239.0,5230.5,5238.5,662.0
2026-06-10 13:50:00,5238.5,5240.0,5222.0,5228.0,1053.0
2026-06-10 13:55:00,5229.0,5229.0,5222.0,5225.5,374.0
2026-06-10 14:00:00,5225.5,5230.0,5220.0,5224.5,734.0
2026-06-10 14:05:00,5224.5,5225.0,5215.0,5218.5,678.0
2026-06-10 14:10:00,5218.5,5219.0,5210.5,5211.5,831.0
2026-06-10 14:15:00,5214.0,5217.5,5211.5,5215.5,488.0
2026-06-10 14:20:00,5215.5,5223.0,5211.0,5219.5,383.0
2026-06-10 14:25:00,5219.5,5219.5,5205.5,5208.0,507.0
2026-06-10 14:30:00,5207.5,5208.0,5203.0,5208.0,727.0
2026-06-10 14:35:00,5208.0,5211.5,5195.0,5198.0,4220.0
2026-06-10 14:40:00,5198.0,5198.0,5177.5,5178.0,3490.0
2026-06-10 14:45:00,5179.5,5179.5,5170.0,5173.0,2657.0
2026-06-10 14:50:00,5173.0,5178.5,5167.0,5177.0,1370.0
2026-06-10 14:55:00,5177.0,5189.5,5173.0,5183.5,2241.0
2026-06-10 15:00:00,5184.0,5184.5,5172.5,5174.5,3991.0
2026-06-10 15:05:00,5178.0,5181.0,5167.5,5174.5,4752.0
2026-06-10 15:10:00,5175.0,5178.0,5152.0,5156.5,7977.0
2026-06-10 15:15:00,5156.5,5164.5,5152.0,5158.5,5167.0
2026-06-10 15:20:00,5160.0,5169.0,5157.5,5166.0,5259.0
2026-06-10 15:25:00,5167.0,5182.5,5166.0,5179.0,4283.0
2026-06-11 09:15:00,5159.0,5159.0,5118.0,5135.0,12662.0
2026-06-11 09:20:00,5131.5,5166.5,5130.0,5159.5,10705.0
2026-06-11 09:25:00,5157.5,5164.0,5135.0,5154.5,9189.0
2026-06-11 09:30:00,5154.0,5162.0,5140.0,5151.5,5022.0
2026-06-11 09:35:00,5148.5,5178.5,5143.0,5166.5,8819.0
2026-06-11 09:40:00,5168.5,5177.0,5156.5,5172.5,5454.0
2026-06-11 09:45:00,5170.5,5184.5,5163.0,5181.0,5691.0
2026-06-11 09:50:00,5181.5,5185.0,5177.5,5177.5,4158.0
2026-06-11 09:55:00,5176.5,5179.0,5166.5,5167.0,4848.0
2026-06-11 10:00:00,5167.5,5183.0,5167.5,5173.5,1726.0
2026-06-11 10:05:00,5172.0,5195.0,5170.0,5189.0,5785.0
2026-06-11 10:10:00,5187.0,5201.5,5185.5,5196.0,5313.0
2026-06-11 10:15:00,5193.5,5229.0,5193.5,5227.0,8496.0
2026-06-11 10:20:00,5228.0,5230.0,5214.5,5216.0,3658.0
2026-06-11 10:25:00,5218.0,5227.5,5214.0,5224.5,2813.0
2026-06-11 10:30:00,5226.5,5227.0,5216.5,5223.0,3125.0
2026-06-11 10:35:00,5223.0,5227.5,5215.0,5216.5,2163.0
2026-06-11 10:40:00,5219.0,5223.0,5211.5,5217.0,1864.0
2026-06-11 10:45:00,5216.5,5218.5,5206.0,5206.5,1587.0
2026-06-11 10:50:00,5210.0,5210.0,5183.0,5186.0,2908.0
2026-06-11 10:55:00,5186.0,5186.5,5180.0,5181.5,1208.0
2026-06-11 11:00:00,5182.0,5194.5,5175.0,5190.5,3815.0
2026-06-11 11:05:00,5193.0,5197.5,5186.0,5195.0,2403.0
2026-06-11 11:10:00,5195.5,5200.0,5187.5,5192.0,602.0
2026-06-11 11:15:00,5189.0,5204.5,5187.5,5204.5,1384.0
2026-06-11 11:20:00,5204.5,5222.5,5204.0,5216.5,1845.0
2026-06-11 11:25:00,5217.0,5217.0,5202.5,5214.0,2403.0
2026-06-11 11:30:00,5211.5,5214.0,5205.5,5209.5,1136.0
2026-06-11 11:35:00,5209.0,5217.0,5204.5,5210.5,3296.0
2026-06-11 11:40:00,5211.5,5216.0,5208.5,5215.5,1063.0
2026-06-11 11:45:00,5216.0,5235.0,5215.5,5235.0,5760.0
2026-06-11 11:50:00,5235.0,5235.0,5226.5,5228.5,4566.0
2026-06-11 11:55:00,5229.0,5234.5,5227.5,5228.5,1287.0
2026-06-11 12:00:00,5230.5,5231.5,5226.0,5228.0,2352.0
2026-06-11 12:05:00,5230.5,5230.5,5204.5,5210.0,3960.0
2026-06-11 12:10:00,5212.5,5212.5,5203.0,5204.0,1991.0
2026-06-11 12:15:00,5205.0,5214.0,5201.0,5207.5,2034.0
2026-06-11 12:20:00,5207.5,5214.0,5204.0,5212.0,1493.0
2026-06-11 12:25:00,5213.0,5214.5,5206.0,5214.0,3771.0
2026-06-11 12:30:00,5212.0,5214.0,5206.0,5213.0,847.0
2026-06-11 12:35:00,5213.0,5213.0,5193.5,5193.5,2682.0
2026-06-11 12:40:00,5195.0,5195.0,5180.0,5183.0,3338.0
2026-06-11 12:45:00,5183.0,5183.5,5171.0,5171.5,4460.0
2026-06-11 12:50:00,5174.0,5179.0,5171.0,5175.0,2070.0
2026-06-11 12:55:00,5175.0,5193.5,5171.0,5190.0,3182.0
2026-06-11 13:00:00,5193.5,5194.0,5179.5,5183.5,1290.0
2026-06-11 13:05:00,5183.0,5188.0,5181.5,5185.5,831.0
2026-06-11 13:10:00,5184.0,5187.0,5182.0,5184.5,1334.0
2026-06-11 13:15:00,5185.0,5186.5,5180.0,5183.5,1388.0
2026-06-11 13:20:00,5183.5,5183.5,5163.5,5163.5,6539.0
2026-06-11 13:25:00,5166.0,5167.5,5144.5,5144.5,4131.0
2026-06-11 13:30:00,5150.5,5172.0,5150.5,5166.5,1387.0
2026-06-11 13:35:00,5167.0,5170.5,5154.5,5158.0,2108.0
2026-06-11 13:40:00,5160.0,5164.5,5154.0,5155.0,1694.0
2026-06-11 13:45:00,5158.0,5174.5,5157.5,5166.0,2144.0
2026-06-11 13:50:00,5165.0,5173.5,5164.5,5173.5,1617.0
2026-06-11 13:55:00,5175.0,5182.5,5170.0,5177.5,1855.0
2026-06-11 14:00:00,5180.0,5182.0,5175.0,5177.5,1178.0
2026-06-11 14:05:00,5177.5,5178.5,5163.0,5169.0,3480.0
2026-06-11 14:10:00,5164.5,5170.5,5159.5,5166.5,1787.0
2026-06-11 14:15:00,5166.5,5169.0,5163.5,5169.0,1081.0
2026-06-11 14:20:00,5168.5,5174.5,5164.5,5170.0,3207.0
2026-06-11 14:25:00,5169.0,5183.0,5168.0,5176.5,7888.0
2026-06-11 14:30:00,5176.5,5201.0,5174.5,5189.0,5997.0
2026-06-11 14:35:00,5191.5,5193.5,5178.5,5183.5,4808.0
2026-06-11 14:40:00,5183.0,5186.5,5175.0,5177.0,5277.0
2026-06-11 14:45:00,5177.5,5180.5,5171.0,5179.0,7899.0
2026-06-11 14:50:00,5176.5,5186.5,5176.0,5176.0,2946.0
2026-06-11 14:55:00,5176.0,5181.0,5172.5,5179.5,2935.0
2026-06-11 15:00:00,5179.5,5185.0,5170.0,5176.5,4842.0
2026-06-11 15:05:00,5173.5,5183.5,5169.5,5177.0,6191.0
2026-06-11 15:10:00,5177.0,5189.0,5172.5,5186.5,4432.0
2026-06-11 15:15:00,5189.0,5202.5,5185.5,5186.5,6305.0
2026-06-11 15:20:00,5185.0,5191.0,5175.5,5180.5,5780.0
2026-06-11 15:25:00,5182.0,5191.0,5170.0,5173.0,3775.0
2026-06-12 09:15:00,5234.0,5290.0,5211.5,5280.0,22280.0
2026-06-12 09:20:00,5277.5,5283.0,5264.5,5264.5,5804.0
2026-06-12 09:25:00,5264.5,5266.0,5245.0,5245.0,4027.0
2026-06-12 09:30:00,5246.0,5255.0,5242.0,5254.0,2887.0
2026-06-12 09:35:00,5255.5,5264.0,5248.5,5261.0,1444.0
2026-06-12 09:40:00,5259.5,5264.0,5248.5,5253.0,2246.0
2026-06-12 09:45:00,5253.5,5259.0,5249.5,5250.0,7340.0
2026-06-12 09:50:00,5252.5,5269.0,5252.5,5255.0,1824.0
2026-06-12 09:55:00,5257.0,5260.5,5250.0,5252.5,1325.0
2026-06-12 10:00:00,5254.5,5254.5,5228.5,5247.5,4649.0
2026-06-12 10:05:00,5246.5,5252.5,5234.5,5239.0,1345.0
2026-06-12 10:10:00,5239.0,5240.0,5226.5,5236.0,6640.0
2026-06-12 10:15:00,5236.0,5238.5,5229.5,5238.0,2031.0
2026-06-12 10:20:00,5238.0,5248.5,5231.0,5244.0,1479.0
2026-06-12 10:25:00,5246.0,5247.5,5230.0,5231.5,1984.0
2026-06-12 10:30:00,5231.0,5235.0,5230.0,5231.0,802.0
2026-06-12 10:35:00,5231.0,5256.0,5229.0,5254.0,1436.0
2026-06-12 10:40:00,5254.0,5267.0,5254.0,5264.0,1938.0
2026-06-12 10:45:00,5262.5,5264.5,5247.0,5252.5,2036.0
2026-06-12 10:50:00,5254.5,5257.0,5250.5,5252.5,1379.0
2026-06-12 10:55:00,5253.0,5265.5,5251.5,5262.5,1864.0
2026-06-12 11:00:00,5263.0,5265.0,5255.5,5261.0,1926.0
2026-06-12 11:05:00,5261.0,5264.5,5258.5,5264.0,1391.0
2026-06-12 11:10:00,5265.0,5269.0,5262.0,5266.0,2519.0
2026-06-12 11:15:00,5269.0,5275.0,5262.5,5272.0,2159.0
2026-06-12 11:20:00,5272.0,5272.0,5265.5,5270.0,1814.0
2026-06-12 11:25:00,5271.0,5271.5,5257.5,5257.5,2659.0
2026-06-12 11:30:00,5258.0,5283.5,5258.0,5283.0,2492.0
2026-06-12 11:35:00,5283.5,5288.5,5277.0,5285.5,2609.0
2026-06-12 11:40:00,5285.5,5289.0,5282.5,5285.0,1220.0
2026-06-12 11:45:00,5286.5,5290.0,5285.0,5290.0,1455.0
2026-06-12 11:50:00,5290.0,5290.0,5282.0,5287.5,2200.0
2026-06-12 11:55:00,5285.0,5290.0,5285.0,5290.0,1455.0
2026-06-12 12:00:00,5290.0,5290.0,5283.0,5287.0,1408.0
2026-06-12 12:05:00,5287.0,5290.0,5280.0,5281.5,1909.0
2026-06-12 12:10:00,5280.0,5284.0,5272.0,5277.0,1711.0
2026-06-12 12:15:00,5277.0,5281.5,5273.5,5280.0,2307.0
2026-06-12 12:20:00,5282.0,5285.5,5280.0,5284.5,1938.0
2026-06-12 12:25:00,5287.0,5295.0,5281.0,5293.5,4895.0
2026-06-12 12:30:00,5291.5,5291.5,5283.5,5287.0,1598.0
2026-06-12 12:35:00,5287.0,5290.0,5277.5,5279.5,1642.0
2026-06-12 12:40:00,5280.0,5281.0,5272.0,5273.5,1280.0
2026-06-12 12:45:00,5273.5,5277.5,5270.0,5272.0,2838.0
2026-06-12 12:50:00,5270.0,5276.0,5268.5,5274.0,2011.0
2026-06-12 12:55:00,5272.0,5275.5,5272.0,5273.0,1303.0
2026-06-12 13:00:00,5274.5,5281.5,5272.0,5281.5,1611.0
2026-06-12 13:05:00,5282.5,5282.5,5270.0,5274.5,1586.0
2026-06-12 13:10:00,5279.5,5281.5,5272.0,5278.0,1832.0
2026-06-12 13:15:00,5282.0,5285.0,5276.5,5276.5,1508.0
2026-06-12 13:20:00,5279.5,5282.0,5275.5,5276.0,1065.0
2026-06-12 13:25:00,5274.0,5290.0,5271.0,5288.5,1551.0
2026-06-12 13:30:00,5291.5,5295.0,5286.0,5295.0,1865.0
2026-06-12 13:35:00,5295.0,5308.0,5293.5,5306.5,7822.0
2026-06-12 13:40:00,5307.0,5311.5,5300.0,5304.0,3548.0
2026-06-12 13:45:00,5304.5,5310.0,5295.0,5307.0,479.0
2026-06-12 13:50:00,5307.0,5318.0,5301.0,5315.5,4284.0
2026-06-12 13:55:00,5318.0,5318.0,5311.0,5314.5,2038.0
2026-06-12 14:00:00,5314.5,5317.0,5305.0,5311.5,1527.0
2026-06-12 14:05:00,5310.0,5311.0,5290.0,5295.0,1832.0
2026-06-12 14:10:00,5292.0,5294.5,5285.5,5290.5,1208.0
2026-06-12 14:15:00,5293.5,5300.0,5290.5,5297.0,615.0
2026-06-12 14:20:00,5297.0,5304.0,5295.0,5303.5,446.0
2026-06-12 14:25:00,5303.5,5310.0,5298.0,5309.5,2071.0
2026-06-12 14:30:00,5309.5,5329.0,5304.5,5324.0,5869.0
2026-06-12 14:35:00,5325.0,5331.0,5316.5,5330.0,4141.0
2026-06-12 14:40:00,5328.0,5336.5,5326.5,5335.0,3136.0
2026-06-12 14:45:00,5333.5,5345.0,5331.0,5342.0,3682.0
2026-06-12 14:50:00,5342.0,5354.5,5340.5,5345.0,5391.0
2026-06-12 14:55:00,5341.5,5356.0,5339.5,5352.0,3338.0
2026-06-12 15:00:00,5353.0,5371.0,5344.5,5368.0,7200.0
2026-06-12 15:05:00,5370.5,5379.0,5366.5,5371.0,6233.0
2026-06-12 15:10:00,5370.0,5375.0,5361.0,5372.0,3545.0
2026-06-12 15:15:00,5372.5,5375.0,5368.5,5368.5,4549.0
2026-06-12 15:20:00,5368.5,5374.5,5361.0,5374.0,7645.0
2026-06-12 15:25:00,5371.5,5383.0,5366.5,5374.0,7792.0
2026-06-15 09:15:00,5444.5,5447.5,5409.0,5429.5,13040.0
2026-06-15 09:20:00,5426.0,5434.0,5414.5,5433.0,7868.0
2026-06-15 09:25:00,5436.5,5454.0,5430.0,5440.0,9960.0
2026-06-15 09:30:00,5440.0,5450.0,5431.0,5436.0,4459.0
2026-06-15 09:35:00,5435.0,5440.0,5431.0,5434.5,3712.0
2026-06-15 09:40:00,5436.5,5439.0,5427.5,5439.0,2529.0
2026-06-15 09:45:00,5437.0,5439.0,5419.0,5420.0,5147.0
2026-06-15 09:50:00,5417.5,5429.5,5413.0,5427.5,3136.0
2026-06-15 09:55:00,5427.5,5436.0,5422.5,5430.0,2704.0
2026-06-15 10:00:00,5432.0,5439.0,5431.5,5437.0,2645.0
2026-06-15 10:05:00,5436.5,5440.0,5435.5,5438.5,1643.0
2026-06-15 10:10:00,5439.0,5440.0,5422.0,5430.5,2762.0
2026-06-15 10:15:00,5428.5,5428.5,5422.0,5423.5,1617.0
2026-06-15 10:20:00,5425.5,5430.0,5422.0,5429.0,1829.0
2026-06-15 10:25:00,5429.0,5444.0,5422.5,5442.5,3100.0
2026-06-15 10:30:00,5442.5,5461.5,5442.5,5453.0,8749.0
2026-06-15 10:35:00,5453.5,5459.0,5447.5,5457.5,1229.0
2026-06-15 10:40:00,5457.0,5461.0,5455.5,5460.0,3233.0
2026-06-15 10:45:00,5460.0,5465.0,5459.0,5465.0,1402.0
2026-06-15 10:50:00,5465.5,5469.0,5462.5,5462.5,2301.0
2026-06-15 10:55:00,5463.0,5468.0,5463.0,5468.0,1639.0
2026-06-15 11:00:00,5468.0,5469.0,5464.0,5467.0,1250.0
2026-06-15 11:05:00,5467.0,5467.0,5460.0,5465.0,2186.0
2026-06-15 11:10:00,5465.0,5467.0,5462.0,5465.0,1033.0
2026-06-15 11:15:00,5466.5,5489.0,5466.0,5489.0,7733.0
2026-06-15 11:20:00,5488.0,5490.0,5482.5,5486.0,2761.0
2026-06-15 11:25:00,5488.5,5498.5,5486.0,5496.0,3089.0
2026-06-15 11:30:00,5496.0,5498.5,5489.0,5494.0,2432.0
2026-06-15 11:35:00,5494.0,5497.0,5491.5,5497.0,1590.0
2026-06-15 11:40:00,5495.5,5512.0,5495.0,5510.5,7647.0
2026-06-15 11:45:00,5510.0,5513.5,5493.0,5496.0,4286.0
2026-06-15 11:50:00,5495.0,5505.0,5493.5,5505.0,2292.0
2026-06-15 11:55:00,5502.0,5504.5,5499.0,5499.0,2574.0
2026-06-15 12:00:00,5501.0,5504.0,5499.0,5501.5,1399.0
2026-06-15 12:05:00,5500.5,5504.0,5493.5,5496.0,2237.0
2026-06-15 12:10:00,5497.0,5501.0,5493.0,5498.5,1658.0
2026-06-15 12:15:00,5502.0,5503.0,5490.5,5493.0,1910.0
2026-06-15 12:20:00,5495.5,5504.0,5493.0,5503.0,2057.0
2026-06-15 12:25:00,5503.0,5509.0,5503.0,5506.5,2436.0
2026-06-15 12:30:00,5504.5,5515.0,5504.0,5513.0,3053.0
2026-06-15 12:35:00,5511.0,5515.0,5510.5,5514.0,1966.0
2026-06-15 12:40:00,5514.5,5514.5,5501.5,5508.0,2231.0
2026-06-15 12:45:00,5506.0,5508.0,5499.0,5499.0,2857.0
2026-06-15 12:50:00,5499.0,5511.0,5499.0,5509.0,1412.0
2026-06-15 12:55:00,5509.0,5512.0,5503.0,5509.5,2739.0
2026-06-15 13:00:00,5510.0,5510.0,5502.5,5510.0,1828.0
2026-06-15 13:05:00,5510.0,5512.0,5508.5,5510.0,1163.0
2026-06-15 13:10:00,5510.0,5512.5,5509.0,5512.5,1175.0
2026-06-15 13:15:00,5510.5,5520.0,5508.5,5510.0,3253.0
2026-06-15 13:20:00,5513.0,5515.0,5510.0,5515.0,1186.0
2026-06-15 13:25:00,5513.0,5516.0,5502.5,5513.5,2184.0
2026-06-15 13:30:00,5515.0,5515.0,5509.5,5511.0,1316.0
2026-06-15 13:35:00,5511.0,5514.5,5508.5,5513.0,1874.0
2026-06-15 13:40:00,5513.0,5515.0,5504.5,5506.5,2200.0
2026-06-15 13:45:00,5507.0,5509.0,5503.5,5505.5,1304.0
2026-06-15 13:50:00,5505.5,5509.0,5484.0,5494.0,4560.0
2026-06-15 13:55:00,5491.0,5506.5,5489.0,5505.0,2270.0
2026-06-15 14:00:00,5504.0,5508.0,5494.5,5497.0,3484.0
2026-06-15 14:05:00,5494.5,5496.0,5490.0,5494.0,1631.0
2026-06-15 14:10:00,5491.0,5497.0,5485.5,5489.0,2869.0
2026-06-15 14:15:00,5486.0,5490.0,5475.5,5484.5,3575.0
2026-06-15 14:20:00,5483.0,5489.0,5483.0,5485.5,2098.0
2026-06-15 14:25:00,5485.5,5490.0,5483.5,5488.0,1881.0
2026-06-15 14:30:00,5487.0,5496.5,5484.5,5487.0,2794.0
2026-06-15 14:35:00,5488.0,5489.5,5482.0,5488.0,2417.0
2026-06-15 14:40:00,5488.0,5488.0,5462.5,5466.0,3272.0
2026-06-15 14:45:00,5463.5,5472.0,5461.5,5471.5,2369.0
2026-06-15 14:50:00,5469.0,5474.5,5464.5,5470.0,1887.0
2026-06-15 14:55:00,5470.0,5472.5,5465.0,5471.0,3301.0
2026-06-15 15:00:00,5472.5,5475.0,5446.5,5459.0,7327.0
2026-06-15 15:05:00,5458.0,5461.5,5452.0,5454.5,3697.0
2026-06-15 15:10:00,5455.5,5459.0,5445.5,5457.0,4184.0
2026-06-15 15:15:00,5454.5,5474.0,5454.5,5472.0,5603.0
2026-06-15 15:20:00,5468.5,5468.5,5457.5,5463.0,7811.0
2026-06-15 15:25:00,5462.0,5475.5,5453.5,5461.0,9576.0
2026-06-16 09:15:00,5469.5,5499.0,5461.5,5478.0,7363.0
2026-06-16 09:20:00,5482.0,5482.0,5438.0,5440.0,6925.0
2026-06-16 09:25:00,5440.0,5445.0,5431.0,5431.0,3551.0
2026-06-16 09:30:00,5431.0,5442.5,5422.0,5436.5,3863.0
2026-06-16 09:35:00,5437.5,5448.0,5412.5,5415.0,5449.0
2026-06-16 09:40:00,5415.0,5417.5,5392.0,5394.5,6253.0
2026-06-16 09:45:00,5394.5,5405.5,5390.0,5395.5,2374.0
2026-06-16 09:50:00,5393.0,5394.5,5380.5,5382.0,2770.0
2026-06-16 09:55:00,5382.0,5393.0,5382.0,5391.5,1880.0
2026-06-16 10:00:00,5393.0,5396.5,5381.0,5383.5,3520.0
2026-06-16 10:05:00,5384.5,5390.5,5382.5,5383.5,1942.0
2026-06-16 10:10:00,5382.0,5382.0,5372.0,5375.0,3242.0
2026-06-16 10:15:00,5376.5,5377.5,5371.5,5371.5,944.0
2026-06-16 10:20:00,5371.5,5373.5,5366.5,5369.0,2953.0
2026-06-16 10:25:00,5367.0,5375.5,5362.5,5375.0,4196.0
2026-06-16 10:30:00,5374.0,5384.5,5371.5,5383.5,1748.0
2026-06-16 10:35:00,5383.0,5400.0,5379.0,5380.5,5874.0
2026-06-16 10:40:00,5382.0,5384.5,5375.5,5380.5,1497.0
2026-06-16 10:45:00,5382.5,5388.0,5378.0,5386.5,1677.0
2026-06-16 10:50:00,5386.5,5387.0,5381.0,5384.0,2015.0
2026-06-16 10:55:00,5381.5,5386.0,5378.5,5381.0,1211.0
2026-06-16 11:00:00,5380.5,5380.5,5375.0,5376.5,735.0
2026-06-16 11:05:00,5376.5,5376.5,5360.5,5363.5,1158.0
2026-06-16 11:10:00,5363.5,5364.0,5354.0,5356.5,2649.0
2026-06-16 11:15:00,5355.0,5363.5,5350.0,5357.0,3547.0
2026-06-16 11:20:00,5357.0,5373.5,5356.0,5373.5,1135.0
2026-06-16 11:25:00,5373.5,5374.5,5366.5,5374.0,1075.0
2026-06-16 11:30:00,5376.5,5376.5,5368.5,5372.5,1319.0
2026-06-16 11:35:00,5372.5,5374.5,5361.5,5363.5,961.0
2026-06-16 11:40:00,5363.5,5369.5,5362.0,5365.5,646.0
2026-06-16 11:45:00,5363.0,5365.5,5354.5,5356.5,3020.0
2026-06-16 11:50:00,5356.5,5361.0,5354.0,5358.0,1606.0
2026-06-16 11:55:00,5358.0,5358.0,5351.0,5356.5,1275.0
2026-06-16 12:00:00,5356.0,5356.0,5345.5,5346.5,5893.0
2026-06-16 12:05:00,5346.5,5351.5,5346.5,5351.5,1081.0
2026-06-16 12:10:00,5351.5,5359.0,5350.0,5356.5,906.0
2026-06-16 12:15:00,5354.0,5356.0,5345.0,5346.0,2786.0
2026-06-16 12:20:00,5347.0,5374.5,5346.0,5374.5,3434.0
2026-06-16 12:25:00,5373.5,5378.5,5366.0,5366.0,1820.0
2026-06-16 12:30:00,5365.5,5375.0,5365.5,5371.0,665.0
2026-06-16 12:35:00,5370.0,5374.5,5369.0,5372.0,925.0
2026-06-16 12:40:00,5371.5,5371.5,5368.0,5369.0,380.0
2026-06-16 12:45:00,5368.0,5372.0,5366.0,5372.0,1778.0
2026-06-16 12:50:00,5369.5,5373.5,5360.5,5360.5,559.0
2026-06-16 12:55:00,5360.5,5366.5,5360.5,5364.5,348.0
2026-06-16 13:00:00,5362.5,5366.5,5360.5,5366.5,736.0
2026-06-16 13:05:00,5366.5,5370.0,5363.5,5370.0,515.0
2026-06-16 13:10:00,5370.0,5374.0,5367.0,5369.5,453.0
2026-06-16 13:15:00,5369.0,5374.5,5367.5,5373.0,1407.0
2026-06-16 13:20:00,5371.0,5381.5,5370.5,5373.5,2579.0
2026-06-16 13:25:00,5373.5,5377.0,5370.0,5370.0,1555.0
2026-06-16 13:30:00,5370.5,5373.5,5370.0,5371.5,334.0
2026-06-16 13:35:00,5370.5,5373.0,5370.0,5373.0,3390.0
2026-06-16 13:40:00,5371.0,5371.0,5365.0,5365.5,1312.0
2026-06-16 13:45:00,5367.0,5374.0,5365.5,5373.5,347.0
2026-06-16 13:50:00,5373.0,5374.0,5370.0,5370.5,650.0
2026-06-16 13:55:00,5371.0,5374.0,5370.5,5374.0,577.0
2026-06-16 14:00:00,5374.0,5393.0,5374.0,5393.0,3288.0
2026-06-16 14:05:00,5393.5,5405.0,5390.5,5404.0,2313.0
2026-06-16 14:10:00,5405.0,5410.0,5400.0,5407.0,1968.0
2026-06-16 14:15:00,5407.5,5407.5,5393.5,5397.0,652.0
2026-06-16 14:20:00,5397.0,5400.0,5393.0,5400.0,1231.0
2026-06-16 14:25:00,5398.5,5400.0,5393.0,5399.0,516.0
2026-06-16 14:30:00,5399.0,5403.0,5387.5,5388.0,2859.0
2026-06-16 14:35:00,5385.5,5394.5,5378.0,5393.5,2681.0
2026-06-16 14:40:00,5393.5,5398.0,5383.5,5384.5,1984.0
2026-06-16 14:45:00,5383.0,5394.5,5383.0,5389.0,1784.0
2026-06-16 14:50:00,5386.0,5400.0,5384.5,5399.0,1564.0
2026-06-16 14:55:00,5397.0,5397.0,5388.0,5393.5,1348.0
2026-06-16 15:00:00,5394.0,5394.0,5385.0,5386.5,2618.0
2026-06-16 15:05:00,5387.0,5394.0,5387.0,5390.5,1268.0
2026-06-16 15:10:00,5391.5,5393.5,5384.5,5385.0,2928.0
2026-06-16 15:15:00,5385.0,5388.5,5381.5,5386.0,2956.0
2026-06-16 15:20:00,5382.5,5386.5,5378.0,5384.0,3853.0
2026-06-16 15:25:00,5383.5,5396.0,5380.0,5391.0,2668.0
2026-06-17 09:15:00,5430.0,5459.0,5410.5,5429.5,9956.0
2026-06-17 09:20:00,5429.5,5450.0,5420.5,5438.5,7592.0
2026-06-17 09:25:00,5439.5,5470.0,5437.5,5467.0,12951.0
2026-06-17 09:30:00,5466.5,5475.0,5462.0,5464.5,4825.0
2026-06-17 09:35:00,5462.5,5488.0,5461.0,5480.5,5517.0
2026-06-17 09:40:00,5478.5,5495.5,5474.5,5494.0,7574.0
2026-06-17 09:45:00,5493.5,5536.0,5492.0,5529.5,14595.0
2026-06-17 09:50:00,5528.0,5549.0,5525.0,5549.0,8530.0
2026-06-17 09:55:00,5548.0,5567.0,5541.0,5559.0,13567.0
2026-06-17 10:00:00,5559.0,5565.0,5522.0,5528.0,11403.0
2026-06-17 10:05:00,5529.0,5550.0,5527.5,5548.5,4260.0
2026-06-17 10:10:00,5548.5,5550.0,5533.0,5538.0,4722.0
2026-06-17 10:15:00,5537.5,5559.0,5537.0,5558.5,6387.0
2026-06-17 10:20:00,5560.0,5569.0,5557.0,5564.5,6303.0
2026-06-17 10:25:00,5559.5,5574.0,5558.5,5567.0,8242.0
2026-06-17 10:30:00,5569.0,5596.5,5565.5,5596.0,12200.0
2026-06-17 10:35:00,5594.5,5615.5,5591.0,5607.0,16304.0
2026-06-17 10:40:00,5610.0,5610.0,5591.5,5602.0,11376.0
2026-06-17 10:45:00,5603.0,5615.0,5600.0,5602.5,5343.0
2026-06-17 10:50:00,5602.5,5622.5,5602.0,5617.0,7412.0
2026-06-17 10:55:00,5615.0,5617.5,5603.0,5610.5,6778.0
2026-06-17 11:00:00,5612.0,5619.0,5607.0,5618.5,5968.0
2026-06-17 11:05:00,5618.5,5622.0,5610.0,5611.0,5352.0
2026-06-17 11:10:00,5611.0,5614.5,5610.0,5614.5,4154.0
2026-06-17 11:15:00,5616.0,5619.5,5611.5,5614.0,3540.0
2026-06-17 11:20:00,5612.5,5620.0,5610.5,5616.0,2616.0
2026-06-17 11:25:00,5613.5,5631.0,5613.5,5625.0,8172.0
2026-06-17 11:30:00,5623.0,5636.5,5623.0,5630.0,4308.0
2026-06-17 11:35:00,5630.0,5633.0,5620.0,5624.5,3251.0
2026-06-17 11:40:00,5626.5,5636.5,5622.0,5633.0,2803.0
2026-06-17 11:45:00,5635.5,5635.5,5625.0,5630.0,1792.0
2026-06-17 11:50:00,5631.5,5638.0,5631.0,5635.5,2584.0
2026-06-17 11:55:00,5636.0,5637.5,5627.0,5627.0,5836.0
2026-06-17 12:00:00,5628.5,5632.0,5619.0,5625.0,4200.0
2026-06-17 12:05:00,5627.0,5637.0,5626.5,5626.5,2746.0
2026-06-17 12:10:00,5629.0,5630.0,5626.0,5627.5,915.0
2026-06-17 12:15:00,5628.0,5632.0,5625.5,5630.0,3846.0
2026-06-17 12:20:00,5631.0,5648.5,5625.0,5646.0,12419.0
2026-06-17 12:25:00,5647.0,5650.0,5635.0,5643.0,6912.0
2026-06-17 12:30:00,5642.5,5642.5,5630.0,5635.0,5604.0
2026-06-17 12:35:00,5636.0,5638.0,5612.0,5614.5,13595.0
2026-06-17 12:40:00,5613.5,5616.0,5603.5,5603.5,6021.0
2026-06-17 12:45:00,5605.5,5606.5,5592.5,5596.0,5615.0
2026-06-17 12:50:00,5598.0,5604.5,5581.5,5603.5,7781.0
2026-06-17 12:55:00,5602.5,5604.0,5597.0,5601.0,1790.0
2026-06-17 13:00:00,5601.0,5602.5,5597.5,5602.0,1438.0
2026-06-17 13:05:00,5602.5,5603.0,5586.5,5586.5,2258.0
2026-06-17 13:10:00,5587.5,5591.0,5584.5,5591.0,1293.0
2026-06-17 13:15:00,5590.5,5608.0,5587.0,5607.5,3144.0
2026-06-17 13:20:00,5607.0,5610.0,5598.5,5598.5,2734.0
2026-06-17 13:25:00,5600.0,5611.0,5599.0,5605.5,2061.0
2026-06-17 13:30:00,5604.0,5618.5,5601.5,5612.0,2370.0
2026-06-17 13:35:00,5613.0,5613.5,5604.0,5606.0,2191.0
2026-06-17 13:40:00,5606.0,5606.0,5589.5,5590.5,2328.0
2026-06-17 13:45:00,5590.5,5590.5,5582.5,5587.0,3207.0
2026-06-17 13:50:00,5587.0,5587.0,5575.5,5577.0,4453.0
2026-06-17 13:55:00,5577.5,5592.0,5572.5,5589.5,3029.0
2026-06-17 14:00:00,5590.0,5590.5,5583.5,5588.5,2095.0
2026-06-17 14:05:00,5588.5,5596.0,5585.0,5593.5,4320.0
2026-06-17 14:10:00,5592.5,5610.0,5583.5,5604.0,6743.0
2026-06-17 14:15:00,5607.0,5618.0,5607.0,5617.5,4586.0
2026-06-17 14:20:00,5619.0,5631.0,5618.0,5631.0,5032.0
2026-06-17 14:25:00,5631.0,5631.0,5618.5,5623.5,4508.0
2026-06-17 14:30:00,5624.0,5628.0,5620.5,5625.0,1731.0
2026-06-17 14:35:00,5625.0,5629.0,5621.0,5628.5,1456.0
2026-06-17 14:40:00,5629.0,5636.5,5628.5,5631.5,3192.0
2026-06-17 14:45:00,5633.0,5634.0,5626.0,5629.5,2221.0
2026-06-17 14:50:00,5629.5,5633.0,5627.5,5632.0,1771.0
2026-06-17 14:55:00,5633.0,5647.5,5632.0,5647.0,6158.0
2026-06-17 15:00:00,5647.0,5660.5,5645.0,5659.0,11966.0
2026-06-17 15:05:00,5660.0,5673.0,5657.0,5665.0,6502.0
2026-06-17 15:10:00,5665.0,5669.0,5652.0,5655.5,7751.0
2026-06-17 15:15:00,5654.0,5656.0,5619.5,5630.5,13641.0
2026-06-17 15:20:00,5627.5,5634.5,5623.0,5634.5,9847.0
2026-06-17 15:25:00,5631.5,5647.5,5626.5,5641.0,8891.0
2026-06-18 09:15:00,5643.5,5685.0,5633.0,5672.0,15475.0
2026-06-18 09:20:00,5673.5,5673.5,5656.0,5665.5,6065.0
2026-06-18 09:25:00,5668.0,5678.0,5664.0,5667.0,3635.0
2026-06-18 09:30:00,5666.0,5666.0,5643.0,5662.5,4422.0
2026-06-18 09:35:00,5662.0,5674.5,5655.0,5670.0,5241.0
2026-06-18 09:40:00,5670.0,5672.5,5665.0,5669.0,3611.0
2026-06-18 09:45:00,5669.0,5669.5,5640.5,5642.0,2422.0
2026-06-18 09:50:00,5644.0,5644.0,5613.0,5616.5,5665.0
2026-06-18 09:55:00,5617.0,5618.0,5601.0,5603.5,2790.0
2026-06-18 10:00:00,5604.0,5611.5,5600.0,5608.5,2974.0
2026-06-18 10:05:00,5608.5,5610.0,5604.5,5606.5,2426.0
2026-06-18 10:10:00,5606.5,5608.0,5600.0,5603.0,1533.0
2026-06-18 10:15:00,5603.0,5607.0,5600.5,5603.0,1578.0
2026-06-18 10:20:00,5603.0,5615.0,5602.0,5615.0,2294.0
2026-06-18 10:25:00,5615.0,5616.0,5591.5,5602.5,3986.0
2026-06-18 10:30:00,5602.5,5602.5,5589.5,5595.0,1886.0
2026-06-18 10:35:00,5595.0,5599.5,5586.0,5586.0,1508.0
2026-06-18 10:40:00,5586.0,5605.5,5580.0,5604.0,2781.0
2026-06-18 10:45:00,5601.0,5611.0,5596.5,5606.5,2124.0
2026-06-18 10:50:00,5605.5,5612.5,5602.5,5602.5,1244.0
2026-06-18 10:55:00,5603.5,5606.5,5600.0,5606.0,1596.0
2026-06-18 11:00:00,5606.0,5612.5,5602.0,5610.0,1255.0
2026-06-18 11:05:00,5612.5,5624.0,5611.5,5624.0,1809.0
2026-06-18 11:10:00,5623.0,5626.5,5612.0,5623.0,1442.0
2026-06-18 11:15:00,5623.0,5625.0,5618.0,5623.0,802.0
2026-06-18 11:20:00,5622.5,5625.0,5618.5,5620.5,733.0
2026-06-18 11:25:00,5621.0,5622.0,5618.0,5619.5,493.0
2026-06-18 11:30:00,5618.5,5632.5,5618.0,5631.5,1391.0
2026-06-18 11:35:00,5631.5,5639.0,5630.0,5635.0,1310.0
2026-06-18 11:40:00,5634.0,5635.0,5625.0,5630.0,1380.0
2026-06-18 11:45:00,5628.0,5630.0,5625.0,5629.0,952.0
2026-06-18 11:50:00,5628.0,5629.0,5613.0,5617.0,2426.0
2026-06-18 11:55:00,5616.5,5622.0,5614.5,5622.0,1075.0
2026-06-18 12:00:00,5621.0,5628.5,5618.5,5624.5,1098.0
2026-06-18 12:05:00,5623.5,5627.5,5621.0,5625.0,663.0
2026-06-18 12:10:00,5624.5,5624.5,5600.0,5613.5,2741.0
2026-06-18 12:15:00,5613.0,5615.0,5610.0,5615.0,1138.0
2026-06-18 12:20:00,5615.0,5615.0,5612.5,5615.0,4844.0
2026-06-18 12:25:00,5615.0,5615.0,5601.5,5607.5,1375.0
2026-06-18 12:30:00,5607.5,5610.0,5603.0,5603.0,1758.0
2026-06-18 12:35:00,5601.5,5605.5,5601.0,5604.5,946.0
2026-06-18 12:40:00,5603.5,5606.0,5601.0,5605.5,625.0
2026-06-18 12:45:00,5604.5,5605.5,5600.5,5604.0,769.0
2026-06-18 12:50:00,5602.5,5609.0,5601.0,5607.0,659.0
2026-06-18 12:55:00,5607.0,5608.0,5602.0,5606.5,441.0
2026-06-18 13:00:00,5606.5,5607.0,5602.5,5606.5,520.0
2026-06-18 13:05:00,5606.5,5614.5,5602.5,5611.0,2044.0
2026-06-18 13:10:00,5611.0,5614.5,5608.5,5614.5,766.0
2026-06-18 13:15:00,5614.5,5614.5,5605.0,5607.5,620.0
2026-06-18 13:20:00,5611.0,5615.0,5607.5,5613.5,934.0
2026-06-18 13:25:00,5612.5,5614.5,5610.0,5614.0,1134.0
2026-06-18 13:30:00,5613.5,5615.0,5609.5,5612.5,1722.0
2026-06-18 13:35:00,5610.5,5611.5,5602.0,5605.0,929.0
2026-06-18 13:40:00,5605.5,5605.5,5595.5,5599.5,1207.0
2026-06-18 13:45:00,5599.5,5600.0,5596.0,5597.0,703.0
2026-06-18 13:50:00,5597.0,5599.5,5595.0,5599.5,1153.0
2026-06-18 13:55:00,5599.5,5600.0,5593.5,5595.0,790.0
2026-06-18 14:00:00,5595.0,5596.0,5592.0,5596.0,570.0
2026-06-18 14:05:00,5596.0,5596.0,5586.0,5589.5,1952.0
2026-06-18 14:10:00,5589.0,5598.0,5588.5,5595.5,1588.0
2026-06-18 14:15:00,5594.5,5597.5,5591.5,5596.0,708.0
2026-06-18 14:20:00,5596.0,5614.5,5595.0,5614.0,7252.0
2026-06-18 14:25:00,5614.5,5622.0,5611.0,5614.0,2197.0
2026-06-18 14:30:00,5614.5,5615.5,5608.5,5612.0,1266.0
2026-06-18 14:35:00,5613.0,5629.0,5608.0,5623.5,4515.0
2026-06-18 14:40:00,5624.0,5634.5,5622.0,5630.0,4120.0
2026-06-18 14:45:00,5630.5,5631.5,5622.0,5623.0,4234.0
2026-06-18 14:50:00,5622.5,5629.5,5622.0,5625.0,2556.0
2026-06-18 14:55:00,5626.5,5645.0,5624.5,5645.0,3232.0
2026-06-18 15:00:00,5646.0,5656.5,5642.5,5656.0,6245.0
2026-06-18 15:05:00,5656.0,5663.0,5655.5,5659.0,2946.0
2026-06-18 15:10:00,5658.0,5659.0,5635.0,5636.0,9240.0
2026-06-18 15:15:00,5635.5,5641.5,5622.0,5640.0,60397.0
2026-06-18 15:20:00,5639.0,5640.0,5629.0,5634.5,4003.0
2026-06-18 15:25:00,5633.0,5638.5,5622.0,5625.0,4025.0
2026-06-19 09:15:00,5649.5,5649.5,5558.0,5575.5,14582.0
2026-06-19 09:20:00,5575.5,5600.0,5573.5,5595.0,8603.0
2026-06-19 09:25:00,5595.5,5610.0,5577.5,5585.0,9268.0
2026-06-19 09:30:00,5578.0,5590.5,5575.5,5584.5,3411.0
2026-06-19 09:35:00,5585.0,5593.5,5570.0,5576.0,3637.0
2026-06-19 09:40:00,5576.0,5592.5,5560.5,5567.5,8776.0
2026-06-19 09:45:00,5565.5,5570.5,5520.5,5533.0,11989.0
2026-06-19 09:50:00,5531.0,5538.5,5518.5,5525.5,5036.0
2026-06-19 09:55:00,5527.5,5542.5,5523.5,5530.0,5628.0
2026-06-19 10:00:00,5530.0,5533.0,5517.5,5530.5,4283.0
2026-06-19 10:05:00,5532.5,5560.0,5524.0,5547.0,5239.0
2026-06-19 10:10:00,5549.0,5573.0,5545.0,5570.5,4534.0
2026-06-19 10:15:00,5567.0,5567.0,5532.0,5536.5,6278.0
2026-06-19 10:20:00,5536.5,5541.0,5506.0,5524.0,8958.0
2026-06-19 10:25:00,5524.0,5524.5,5491.5,5506.5,7781.0
2026-06-19 10:30:00,5507.5,5524.5,5482.5,5498.0,10009.0
2026-06-19 10:35:00,5498.0,5498.0,5480.0,5485.0,5926.0
2026-06-19 10:40:00,5485.0,5489.0,5474.0,5476.0,4795.0
2026-06-19 10:45:00,5476.0,5502.0,5470.5,5502.0,3327.0
2026-06-19 10:50:00,5504.5,5505.0,5490.5,5496.5,4079.0
2026-06-19 10:55:00,5496.5,5500.0,5486.5,5495.5,3108.0
2026-06-19 11:00:00,5495.5,5507.0,5490.5,5498.5,2616.0
2026-06-19 11:05:00,5498.0,5509.5,5498.0,5505.5,2010.0
2026-06-19 11:10:00,5503.0,5507.0,5495.0,5500.0,2711.0
2026-06-19 11:15:00,5500.5,5500.5,5486.5,5497.5,1993.0
2026-06-19 11:20:00,5496.0,5500.5,5492.0,5494.0,1699.0
2026-06-19 11:25:00,5494.0,5504.5,5487.0,5504.5,3200.0
2026-06-19 11:30:00,5502.5,5514.5,5497.5,5514.5,4738.0
2026-06-19 11:35:00,5514.5,5518.5,5508.0,5518.0,1684.0
2026-06-19 11:40:00,5517.0,5522.0,5517.0,5520.0,1879.0
2026-06-19 11:45:00,5520.0,5520.0,5515.0,5517.5,3140.0
2026-06-19 11:50:00,5518.0,5520.0,5513.5,5517.0,3994.0
2026-06-19 11:55:00,5517.5,5528.0,5514.5,5528.0,2969.0
2026-06-19 12:00:00,5528.0,5540.0,5525.0,5533.0,5240.0
2026-06-19 12:05:00,5532.0,5533.0,5515.0,5522.5,2674.0
2026-06-19 12:10:00,5517.5,5521.0,5513.0,5513.0,1768.0
2026-06-19 12:15:00,5517.5,5519.0,5512.0,5514.5,1947.0
2026-06-19 12:20:00,5514.5,5522.0,5510.0,5518.5,1559.0
2026-06-19 12:25:00,5519.5,5528.0,5517.0,5527.0,1430.0
2026-06-19 12:30:00,5525.0,5528.5,5521.0,5524.5,1309.0
2026-06-19 12:35:00,5523.0,5540.0,5522.0,5538.0,3240.0
2026-06-19 12:40:00,5533.5,5537.5,5523.0,5530.0,1902.0
2026-06-19 12:45:00,5530.0,5538.0,5525.5,5530.0,3784.0
2026-06-19 12:50:00,5530.0,5538.0,5530.0,5533.0,1782.0
2026-06-19 12:55:00,5535.5,5535.5,5521.0,5525.0,2173.0
2026-06-19 13:00:00,5522.5,5534.0,5522.0,5522.0,1496.0
2026-06-19 13:05:00,5522.0,5531.0,5521.0,5527.0,1367.0
2026-06-19 13:10:00,5525.0,5533.0,5516.5,5533.0,2734.0
2026-06-19 13:15:00,5534.0,5534.0,5523.5,5531.0,1227.0
2026-06-19 13:20:00,5531.0,5535.0,5526.0,5531.0,1925.0
2026-06-19 13:25:00,5534.0,5573.0,5534.0,5570.5,16184.0
2026-06-19 13:30:00,5573.0,5590.0,5572.0,5584.0,10077.0
2026-06-19 13:35:00,5581.5,5581.5,5570.0,5581.0,2081.0
2026-06-19 13:40:00,5580.5,5589.0,5576.0,5583.0,2004.0
2026-06-19 13:45:00,5583.0,5585.0,5565.0,5574.0,2567.0
2026-06-19 13:50:00,5574.5,5576.5,5563.5,5576.5,4486.0
2026-06-19 13:55:00,5576.5,5594.5,5576.0,5593.5,3460.0
2026-06-19 14:00:00,5593.5,5595.0,5574.5,5589.5,2476.0
2026-06-19 14:05:00,5589.5,5596.5,5584.0,5596.5,3282.0
2026-06-19 14:10:00,5595.0,5606.0,5592.5,5600.0,5251.0
2026-06-19 14:15:00,5599.0,5603.0,5588.5,5594.5,2969.0
2026-06-19 14:20:00,5595.0,5597.5,5589.0,5594.0,2408.0
2026-06-19 14:25:00,5593.0,5595.0,5589.0,5593.5,2087.0
2026-06-19 14:30:00,5594.0,5601.5,5591.5,5600.5,2575.0
2026-06-19 14:35:00,5600.5,5610.0,5598.0,5604.0,3222.0
2026-06-19 14:40:00,5603.0,5607.0,5600.5,5605.0,2857.0
2026-06-19 14:45:00,5605.0,5610.0,5604.0,5608.0,2673.0
2026-06-19 14:50:00,5608.0,5609.0,5590.0,5596.0,2521.0
2026-06-19 14:55:00,5594.0,5596.5,5580.0,5590.0,2783.0
2026-06-19 15:00:00,5588.5,5645.0,5585.0,5636.5,13850.0
2026-06-19 15:05:00,5636.5,5648.5,5630.0,5640.0,8094.0
2026-06-19 15:10:00,5639.5,5644.0,5624.5,5631.0,6974.0
2026-06-19 15:15:00,5631.0,5638.5,5626.0,5632.5,9453.0
2026-06-19 15:20:00,5634.0,5636.5,5626.0,5631.0,7640.0
2026-06-19 15:25:00,5633.0,5644.5,5612.5,5630.0,8026.0
2026-06-22 09:15:00,5639.0,5671.0,5629.5,5660.0,6595.0
2026-06-22 09:20:00,5662.5,5662.5,5648.5,5659.5,5567.0
2026-06-22 09:25:00,5659.5,5663.0,5647.5,5647.5,3625.0
2026-06-22 09:30:00,5646.0,5649.0,5624.0,5633.5,6504.0
2026-06-22 09:35:00,5632.5,5633.0,5603.0,5624.0,6425.0
2026-06-22 09:40:00,5622.5,5635.5,5621.0,5632.5,4972.0
2026-06-22 09:45:00,5636.0,5640.5,5610.0,5615.0,7543.0
2026-06-22 09:50:00,5615.0,5616.0,5607.5,5614.0,2177.0
2026-06-22 09:55:00,5616.5,5623.0,5612.0,5618.5,2647.0
2026-06-22 10:00:00,5621.0,5623.5,5615.5,5618.0,1750.0
2026-06-22 10:05:00,5625.0,5629.0,5615.0,5626.5,3768.0
2026-06-22 10:10:00,5629.5,5650.5,5625.0,5648.5,2645.0
2026-06-22 10:15:00,5649.0,5652.5,5635.0,5640.5,2025.0
2026-06-22 10:20:00,5640.0,5653.5,5636.0,5650.0,4253.0
2026-06-22 10:25:00,5650.0,5668.5,5650.0,5665.5,3439.0
2026-06-22 10:30:00,5665.5,5666.0,5660.0,5661.5,1024.0
2026-06-22 10:35:00,5663.5,5664.0,5660.0,5660.5,1480.0
2026-06-22 10:40:00,5663.5,5664.0,5651.0,5661.0,4829.0
2026-06-22 10:45:00,5661.0,5666.5,5659.0,5660.0,2838.0
2026-06-22 10:50:00,5659.0,5665.5,5658.0,5660.0,1966.0
2026-06-22 10:55:00,5661.5,5666.0,5658.5,5658.5,2097.0
2026-06-22 11:00:00,5658.5,5658.5,5643.5,5649.5,3599.0
2026-06-22 11:05:00,5652.0,5653.5,5647.0,5651.5,2232.0
2026-06-22 11:10:00,5652.0,5659.5,5648.0,5659.0,1909.0
2026-06-22 11:15:00,5659.5,5666.0,5654.5,5664.5,1899.0
2026-06-22 11:20:00,5664.0,5665.0,5660.0,5661.5,2178.0
2026-06-22 11:25:00,5663.5,5664.5,5660.0,5661.0,2549.0
2026-06-22 11:30:00,5663.0,5664.5,5660.0,5664.5,1666.0
2026-06-22 11:35:00,5664.5,5665.0,5660.5,5662.0,988.0
2026-06-22 11:40:00,5665.0,5665.5,5660.0,5664.0,1671.0
2026-06-22 11:45:00,5664.5,5665.0,5659.0,5663.5,1387.0
2026-06-22 11:50:00,5663.5,5664.5,5658.0,5662.5,2644.0
2026-06-22 11:55:00,5659.5,5662.5,5652.5,5655.5,1772.0
2026-06-22 12:00:00,5657.0,5659.0,5646.0,5653.0,2391.0
2026-06-22 12:05:00,5653.0,5654.5,5641.0,5642.5,2246.0
2026-06-22 12:10:00,5645.0,5645.0,5632.0,5633.5,2436.0
2026-06-22 12:15:00,5636.0,5642.0,5633.5,5640.0,1086.0
2026-06-22 12:20:00,5638.5,5645.0,5634.0,5642.5,1167.0
2026-06-22 12:25:00,5642.5,5644.0,5620.0,5637.5,3964.0
2026-06-22 12:30:00,5642.0,5657.5,5642.0,5656.0,2004.0
2026-06-22 12:35:00,5656.0,5656.0,5645.0,5646.0,1497.0
2026-06-22 12:40:00,5646.0,5656.5,5646.0,5653.0,766.0
2026-06-22 12:45:00,5653.0,5655.5,5649.5,5652.5,882.0
2026-06-22 12:50:00,5652.5,5665.5,5647.0,5655.0,8692.0
2026-06-22 12:55:00,5657.0,5676.5,5657.0,5672.5,2325.0
2026-06-22 13:00:00,5675.0,5686.0,5669.5,5675.5,7492.0
2026-06-22 13:05:00,5676.0,5676.5,5668.5,5669.0,3453.0
2026-06-22 13:10:00,5672.0,5673.0,5667.0,5672.0,968.0
2026-06-22 13:15:00,5672.0,5676.0,5670.0,5676.0,1157.0
2026-06-22 13:20:00,5676.0,5679.5,5672.5,5679.0,963.0
2026-06-22 13:25:00,5677.0,5679.0,5670.5,5674.0,1285.0
2026-06-22 13:30:00,5674.0,5680.5,5670.5,5673.5,1495.0
2026-06-22 13:35:00,5673.5,5678.5,5669.0,5670.0,2294.0
2026-06-22 13:40:00,5670.0,5672.5,5665.0,5670.0,1676.0
2026-06-22 13:45:00,5670.5,5675.5,5660.0,5662.5,4411.0
2026-06-22 13:50:00,5662.5,5670.0,5659.5,5668.0,2008.0
2026-06-22 13:55:00,5668.0,5675.0,5665.0,5671.5,1379.0
2026-06-22 14:00:00,5672.5,5675.0,5667.5,5671.5,1734.0
2026-06-22 14:05:00,5672.5,5673.0,5666.0,5669.0,1326.0
2026-06-22 14:10:00,5670.0,5672.5,5663.5,5670.5,1999.0
2026-06-22 14:15:00,5670.5,5672.5,5664.5,5669.0,1505.0
2026-06-22 14:20:00,5669.0,5673.0,5667.0,5671.0,1483.0
2026-06-22 14:25:00,5671.0,5671.0,5667.0,5670.0,733.0
2026-06-22 14:30:00,5670.0,5672.5,5653.0,5658.0,2744.0
2026-06-22 14:35:00,5657.0,5663.5,5651.5,5662.0,1734.0
2026-06-22 14:40:00,5662.0,5675.0,5658.5,5675.0,2397.0
2026-06-22 14:45:00,5675.0,5677.5,5670.5,5671.5,2872.0
2026-06-22 14:50:00,5674.0,5675.0,5666.5,5674.5,3461.0
2026-06-22 14:55:00,5674.5,5674.5,5663.5,5671.5,2094.0
2026-06-22 15:00:00,5675.0,5676.0,5667.5,5670.0,2303.0
2026-06-22 15:05:00,5670.0,5670.0,5653.5,5659.0,4197.0
2026-06-22 15:10:00,5658.0,5660.0,5654.5,5658.0,2746.0
2026-06-22 15:15:00,5658.0,5668.0,5657.5,5665.0,4306.0
2026-06-22 15:20:00,5665.0,5665.5,5654.0,5655.0,4898.0
2026-06-22 15:25:00,5652.0,5668.0,5652.0,5660.0,6300.0
2026-06-23 09:15:00,5669.0,5688.0,5660.0,5683.0,8506.0
2026-06-23 09:20:00,5683.5,5691.5,5670.0,5673.0,5765.0
2026-06-23 09:25:00,5670.5,5676.5,5650.5,5672.5,6085.0
2026-06-23 09:30:00,5675.5,5689.0,5672.0,5685.0,2785.0
2026-06-23 09:35:00,5684.0,5708.0,5682.5,5692.5,7859.0
2026-06-23 09:40:00,5694.0,5695.0,5662.5,5669.5,3929.0
2026-06-23 09:45:00,5674.0,5678.0,5665.5,5674.5,1866.0
2026-06-23 09:50:00,5674.0,5679.0,5661.5,5666.0,2680.0
2026-06-23 09:55:00,5667.5,5674.0,5647.5,5650.0,3864.0
2026-06-23 10:00:00,5650.0,5656.0,5648.0,5651.0,2817.0
2026-06-23 10:05:00,5650.5,5658.0,5645.0,5653.5,1894.0
2026-06-23 10:10:00,5654.0,5666.0,5650.0,5663.5,1658.0
2026-06-23 10:15:00,5666.0,5667.5,5652.0,5652.0,2682.0
2026-06-23 10:20:00,5652.0,5662.0,5652.0,5654.0,2665.0
2026-06-23 10:25:00,5652.0,5656.0,5629.0,5635.0,7749.0
2026-06-23 10:30:00,5635.0,5644.5,5627.0,5636.5,6913.0
2026-06-23 10:35:00,5634.5,5649.0,5634.0,5647.0,11375.0
2026-06-23 10:40:00,5649.0,5652.5,5646.0,5649.0,2854.0
2026-06-23 10:45:00,5649.5,5649.5,5636.0,5640.5,6180.0
2026-06-23 10:50:00,5640.0,5649.0,5640.0,5642.5,972.0
2026-06-23 10:55:00,5643.0,5652.0,5640.5,5646.0,615.0
2026-06-23 11:00:00,5646.5,5648.0,5640.0,5640.0,1771.0
2026-06-23 11:05:00,5640.5,5649.5,5632.0,5641.5,2857.0
2026-06-23 11:10:00,5644.0,5649.5,5640.5,5649.5,1143.0
2026-06-23 11:15:00,5648.0,5652.0,5647.5,5650.0,670.0
2026-06-23 11:20:00,5650.5,5655.0,5648.0,5650.5,6305.0
2026-06-23 11:25:00,5650.5,5666.0,5649.0,5663.5,7838.0
2026-06-23 11:30:00,5661.5,5662.5,5651.0,5652.0,599.0
2026-06-23 11:35:00,5652.0,5654.0,5646.0,5646.0,1488.0
2026-06-23 11:40:00,5645.0,5648.0,5641.0,5644.5,874.0
2026-06-23 11:45:00,5642.5,5645.0,5630.5,5637.0,2976.0
2026-06-23 11:50:00,5635.5,5639.5,5632.5,5635.0,1395.0
2026-06-23 11:55:00,5635.0,5636.5,5605.0,5611.0,13600.0
2026-06-23 12:00:00,5610.0,5619.5,5610.0,5611.5,6274.0
2026-06-23 12:05:00,5611.5,5612.0,5572.0,5577.5,9616.0
2026-06-23 12:10:00,5577.5,5580.5,5559.0,5563.0,5615.0
2026-06-23 12:15:00,5563.0,5570.0,5557.5,5564.0,2925.0
2026-06-23 12:20:00,5562.5,5565.5,5550.5,5555.5,3690.0
2026-06-23 12:25:00,5558.0,5585.5,5557.5,5585.0,2354.0
2026-06-23 12:30:00,5584.5,5599.0,5584.5,5591.0,1932.0
2026-06-23 12:35:00,5587.0,5595.0,5566.5,5566.5,1612.0
2026-06-23 12:40:00,5568.0,5575.0,5560.0,5564.0,1143.0
2026-06-23 12:45:00,5563.0,5572.0,5562.5,5567.0,973.0
2026-06-23 12:50:00,5565.0,5570.0,5561.0,5562.5,1177.0
2026-06-23 12:55:00,5561.5,5566.0,5556.5,5561.5,808.0
2026-06-23 13:00:00,5561.5,5570.5,5556.0,5570.5,501.0
2026-06-23 13:05:00,5572.5,5578.0,5570.0,5571.5,1860.0
2026-06-23 13:10:00,5570.0,5576.0,5568.5,5569.0,487.0
2026-06-23 13:15:00,5570.5,5570.5,5555.0,5562.5,799.0
2026-06-23 13:20:00,5562.5,5567.5,5560.0,5566.0,409.0
2026-06-23 13:25:00,5566.0,5567.0,5560.0,5565.0,329.0
2026-06-23 13:30:00,5566.5,5566.5,5560.0,5561.0,544.0
2026-06-23 13:35:00,5563.0,5570.0,5559.5,5570.0,796.0
2026-06-23 13:40:00,5570.0,5576.5,5570.0,5576.5,599.0
2026-06-23 13:45:00,5575.5,5575.5,5564.5,5572.0,1991.0
2026-06-23 13:50:00,5570.0,5576.0,5565.5,5572.5,2165.0
2026-06-23 13:55:00,5576.0,5576.0,5570.0,5574.0,864.0
2026-06-23 14:00:00,5574.0,5576.0,5542.5,5568.5,14901.0
2026-06-23 14:05:00,5568.5,5579.5,5567.5,5577.0,781.0
2026-06-23 14:10:00,5578.5,5589.5,5578.0,5588.0,1742.0
2026-06-23 14:15:00,5589.5,5590.5,5575.0,5575.0,944.0
2026-06-23 14:20:00,5572.5,5587.5,5570.0,5581.5,441.0
2026-06-23 14:25:00,5584.5,5585.5,5572.5,5575.0,1202.0
2026-06-23 14:30:00,5575.0,5577.5,5570.0,5574.0,7417.0
2026-06-23 14:35:00,5574.0,5581.0,5571.0,5579.5,1225.0
2026-06-23 14:40:00,5579.5,5583.0,5575.0,5580.0,1695.0
2026-06-23 14:45:00,5580.0,5587.0,5574.5,5581.5,3002.0
2026-06-23 14:50:00,5581.5,5586.0,5574.0,5583.5,3332.0
2026-06-23 14:55:00,5585.5,5588.5,5574.5,5581.0,3991.0
2026-06-23 15:00:00,5582.5,5588.5,5564.5,5575.5,15509.0
2026-06-23 15:05:00,5578.0,5591.0,5578.0,5583.5,6633.0
2026-06-23 15:10:00,5580.5,5581.5,5564.0,5575.0,36004.0
2026-06-23 15:15:00,5575.0,5578.5,5572.5,5578.0,31306.0
2026-06-23 15:20:00,5577.5,5579.0,5572.0,5575.5,72789.0
2026-06-23 15:25:00,5575.0,5599.0,5575.0,5575.0,6906.0
2026-06-24 09:15:00,5589.0,5605.5,5555.0,5560.5,6369.0
2026-06-24 09:20:00,5560.0,5571.0,5513.5,5539.0,11114.0
2026-06-24 09:25:00,5539.0,5543.0,5511.0,5526.5,2458.0
2026-06-24 09:30:00,5529.0,5531.5,5503.0,5507.0,3211.0
2026-06-24 09:35:00,5507.0,5507.5,5489.0,5499.0,4535.0
2026-06-24 09:40:00,5497.0,5501.0,5482.5,5482.5,3776.0
2026-06-24 09:45:00,5482.5,5484.0,5460.0,5462.0,5062.0
2026-06-24 09:50:00,5460.0,5478.0,5460.0,5477.0,3387.0
2026-06-24 09:55:00,5477.0,5480.0,5473.5,5476.0,1262.0
2026-06-24 10:00:00,5477.5,5506.5,5477.5,5496.0,3161.0
2026-06-24 10:05:00,5497.5,5498.0,5481.5,5485.5,1601.0
2026-06-24 10:10:00,5486.0,5486.0,5468.5,5473.5,1893.0
2026-06-24 10:15:00,5473.5,5473.5,5454.0,5459.5,4121.0
2026-06-24 10:20:00,5457.0,5461.5,5443.5,5459.5,4603.0
2026-06-24 10:25:00,5458.0,5467.5,5451.5,5462.5,6320.0
2026-06-24 10:30:00,5462.0,5466.5,5460.0,5464.0,1572.0
2026-06-24 10:35:00,5463.0,5469.5,5460.5,5462.5,1197.0
2026-06-24 10:40:00,5463.5,5472.5,5460.0,5472.5,2209.0
2026-06-24 10:45:00,5473.5,5487.5,5472.5,5474.5,1561.0
2026-06-24 10:50:00,5479.5,5480.0,5462.0,5465.5,1776.0
2026-06-24 10:55:00,5463.0,5475.5,5462.0,5468.5,3584.0
2026-06-24 11:00:00,5472.0,5477.0,5446.0,5453.0,5555.0
2026-06-24 11:05:00,5453.0,5460.0,5441.0,5444.0,3942.0
2026-06-24 11:10:00,5444.0,5448.0,5435.0,5436.0,3125.0
2026-06-24 11:15:00,5438.5,5443.0,5434.0,5439.0,1898.0
2026-06-24 11:20:00,5439.0,5439.0,5425.0,5425.0,3550.0
2026-06-24 11:25:00,5426.0,5431.0,5420.0,5425.0,3382.0
2026-06-24 11:30:00,5424.5,5465.0,5418.0,5454.5,6309.0
2026-06-24 11:35:00,5454.0,5454.0,5442.5,5449.0,1679.0
2026-06-24 11:40:00,5446.5,5449.0,5434.5,5444.0,2974.0
2026-06-24 11:45:00,5443.0,5448.0,5439.5,5445.5,1956.0
2026-06-24 11:50:00,5442.5,5460.5,5442.0,5460.0,6198.0
2026-06-24 11:55:00,5461.0,5477.5,5460.0,5470.0,4899.0
2026-06-24 12:00:00,5472.5,5472.5,5457.0,5457.5,3929.0
2026-06-24 12:05:00,5457.5,5458.5,5446.5,5454.5,3738.0
2026-06-24 12:10:00,5454.5,5457.5,5448.0,5454.5,3856.0
2026-06-24 12:15:00,5454.0,5464.0,5454.0,5457.0,2819.0
2026-06-24 12:20:00,5459.5,5461.5,5445.0,5447.5,3487.0
2026-06-24 12:25:00,5448.0,5460.0,5447.5,5458.0,1506.0
2026-06-24 12:30:00,5455.0,5456.0,5440.0,5442.0,2037.0
2026-06-24 12:35:00,5441.0,5445.0,5440.5,5440.5,2052.0
2026-06-24 12:40:00,5440.5,5446.0,5438.0,5442.0,5408.0
2026-06-24 12:45:00,5443.0,5457.5,5440.0,5451.0,2490.0
2026-06-24 12:50:00,5454.0,5456.5,5448.5,5456.5,1581.0
2026-06-24 12:55:00,5453.5,5461.0,5450.0,5450.0,2047.0
2026-06-24 13:00:00,5450.0,5464.5,5448.0,5458.5,1707.0
2026-06-24 13:05:00,5458.5,5473.5,5458.5,5466.0,2942.0
2026-06-24 13:10:00,5469.0,5469.0,5462.5,5468.5,1267.0
2026-06-24 13:15:00,5467.5,5469.0,5463.5,5465.5,1320.0
2026-06-24 13:20:00,5466.5,5466.5,5451.5,5455.0,2277.0
2026-06-24 13:25:00,5452.0,5455.0,5441.5,5442.0,3973.0
2026-06-24 13:30:00,5444.5,5447.0,5437.0,5440.0,11119.0
2026-06-24 13:35:00,5440.5,5441.5,5425.0,5427.5,7451.0
2026-06-24 13:40:00,5425.5,5425.5,5407.5,5413.5,8024.0
2026-06-24 13:45:00,5411.0,5424.0,5408.5,5424.0,1801.0
2026-06-24 13:50:00,5422.0,5425.0,5418.0,5421.0,1395.0
2026-06-24 13:55:00,5421.0,5424.5,5415.0,5419.0,1632.0
2026-06-24 14:00:00,5419.0,5420.0,5409.5,5416.5,1564.0
2026-06-24 14:05:00,5416.5,5434.5,5412.5,5431.5,3745.0
2026-06-24 14:10:00,5430.0,5434.5,5423.5,5424.5,1314.0
2026-06-24 14:15:00,5424.0,5427.0,5421.0,5423.5,1030.0
2026-06-24 14:20:00,5423.5,5427.0,5420.5,5425.0,1037.0
2026-06-24 14:25:00,5424.5,5435.0,5421.5,5429.0,2005.0
2026-06-24 14:30:00,5427.0,5430.5,5421.0,5430.5,2932.0
2026-06-24 14:35:00,5430.0,5439.0,5416.5,5436.0,8018.0
2026-06-24 14:40:00,5436.0,5439.0,5424.0,5432.5,4524.0
2026-06-24 14:45:00,5430.0,5432.5,5420.0,5426.0,4709.0
2026-06-24 14:50:00,5425.0,5432.0,5422.5,5425.5,4535.0
2026-06-24 14:55:00,5425.5,5428.5,5420.0,5420.5,4880.0
2026-06-24 15:00:00,5422.5,5437.5,5420.0,5437.5,6853.0
2026-06-24 15:05:00,5434.5,5437.5,5424.0,5426.5,2213.0
2026-06-24 15:10:00,5425.5,5426.5,5410.0,5419.0,6364.0
2026-06-24 15:15:00,5418.0,5422.0,5405.0,5405.5,6283.0
2026-06-24 15:20:00,5407.0,5418.0,5401.0,5416.5,7452.0
2026-06-24 15:25:00,5417.0,5425.0,5411.0,5421.5,6172.0
2026-06-25 09:15:00,5440.0,5466.5,5307.5,5312.5,52285.0
2026-06-25 09:20:00,5313.0,5327.5,5281.0,5310.5,38295.0
2026-06-25 09:25:00,5314.0,5314.5,5261.5,5274.0,25026.0
2026-06-25 09:30:00,5274.5,5334.5,5273.0,5326.0,19130.0
2026-06-25 09:35:00,5325.0,5353.0,5320.5,5334.5,15507.0
2026-06-25 09:40:00,5341.5,5353.0,5326.5,5343.0,13090.0
2026-06-25 09:45:00,5341.0,5346.0,5327.0,5337.0,4651.0
2026-06-25 09:50:00,5338.0,5342.5,5324.5,5333.0,4771.0
2026-06-25 09:55:00,5335.5,5348.0,5333.0,5339.5,3026.0
2026-06-25 10:00:00,5342.0,5352.0,5334.0,5343.5,13910.0
2026-06-25 10:05:00,5348.0,5366.5,5335.5,5366.5,9794.0
2026-06-25 10:10:00,5366.5,5386.5,5362.0,5374.5,10621.0
2026-06-25 10:15:00,5374.5,5383.5,5370.5,5374.5,2883.0
2026-06-25 10:20:00,5374.0,5379.0,5372.0,5375.0,2593.0
2026-06-25 10:25:00,5375.5,5389.0,5374.0,5387.0,2719.0
2026-06-25 10:30:00,5386.5,5420.0,5380.5,5415.0,7743.0
2026-06-25 10:35:00,5417.0,5432.0,5415.0,5418.5,8670.0
2026-06-25 10:40:00,5415.0,5448.0,5411.5,5445.0,11616.0
2026-06-25 10:45:00,5445.0,5449.5,5430.0,5441.0,6831.0
2026-06-25 10:50:00,5443.5,5445.5,5411.0,5412.0,16089.0
2026-06-25 10:55:00,5411.5,5414.5,5396.5,5402.5,9551.0
2026-06-25 11:00:00,5403.5,5411.0,5399.5,5402.0,2080.0
2026-06-25 11:05:00,5402.0,5407.5,5390.0,5400.0,2845.0
2026-06-25 11:10:00,5399.5,5406.5,5397.5,5399.0,1561.0
2026-06-25 11:15:00,5396.5,5398.0,5388.5,5394.5,2889.0
2026-06-25 11:20:00,5394.5,5397.5,5339.5,5351.0,8775.0
2026-06-25 11:25:00,5357.5,5365.0,5352.0,5365.0,3510.0
2026-06-25 11:30:00,5366.5,5369.0,5357.0,5366.5,3533.0
2026-06-25 11:35:00,5366.0,5368.0,5350.0,5359.0,4915.0
2026-06-25 11:40:00,5359.5,5359.5,5350.5,5352.5,2906.0
2026-06-25 11:45:00,5354.5,5360.0,5347.0,5351.0,3235.0
2026-06-25 11:50:00,5351.0,5354.0,5340.0,5345.0,2777.0
2026-06-25 11:55:00,5345.0,5353.5,5333.5,5333.5,4656.0
2026-06-25 12:00:00,5333.0,5341.5,5326.5,5334.0,3128.0
2026-06-25 12:05:00,5331.5,5333.5,5323.0,5331.5,2297.0
2026-06-25 12:10:00,5329.5,5340.5,5328.0,5338.5,2010.0
2026-06-25 12:15:00,5337.0,5343.0,5336.0,5343.0,755.0
2026-06-25 12:20:00,5342.0,5376.5,5332.0,5374.5,10023.0
2026-06-25 12:25:00,5374.0,5374.0,5361.0,5369.5,2175.0
2026-06-25 12:30:00,5367.0,5374.5,5361.0,5368.0,2466.0
2026-06-25 12:35:00,5368.5,5376.0,5363.0,5375.0,1019.0
2026-06-25 12:40:00,5374.0,5382.5,5370.0,5374.0,2013.0
2026-06-25 12:45:00,5370.5,5375.0,5364.0,5370.0,557.0
2026-06-25 12:50:00,5369.5,5372.0,5362.0,5364.5,328.0
2026-06-25 12:55:00,5362.0,5383.0,5354.0,5374.5,2386.0
2026-06-25 13:00:00,5374.5,5374.5,5363.0,5372.0,2940.0
2026-06-25 13:05:00,5372.0,5403.0,5372.0,5400.0,4868.0
2026-06-25 13:10:00,5400.0,5400.0,5380.0,5385.0,1915.0
2026-06-25 13:15:00,5385.0,5385.0,5370.0,5373.5,3037.0
2026-06-25 13:20:00,5373.5,5382.0,5373.5,5374.5,1155.0
2026-06-25 13:25:00,5373.5,5373.5,5364.5,5369.0,1518.0
2026-06-25 13:30:00,5369.0,5370.0,5356.0,5359.0,2132.0
2026-06-25 13:35:00,5359.0,5359.0,5342.0,5349.5,3210.0
2026-06-25 13:40:00,5349.5,5361.0,5345.0,5352.5,4932.0
2026-06-25 13:45:00,5352.5,5353.0,5341.0,5344.0,6289.0
2026-06-25 13:50:00,5344.0,5345.5,5316.5,5319.0,5230.0
2026-06-25 13:55:00,5318.0,5331.5,5316.5,5326.5,8380.0
2026-06-25 14:00:00,5326.5,5329.0,5316.5,5316.5,7696.0
2026-06-25 14:05:00,5320.5,5331.5,5315.5,5327.0,4694.0
2026-06-25 14:10:00,5327.0,5328.5,5320.0,5326.5,8928.0
2026-06-25 14:15:00,5326.5,5328.0,5320.0,5324.5,8495.0
2026-06-25 14:20:00,5322.5,5324.5,5313.0,5317.5,10310.0
2026-06-25 14:25:00,5317.5,5317.5,5299.0,5314.0,9770.0
2026-06-25 14:30:00,5314.0,5314.0,5306.0,5308.0,2794.0
2026-06-25 14:35:00,5308.0,5318.5,5306.0,5310.0,2422.0
2026-06-25 14:40:00,5310.0,5320.0,5305.0,5315.5,6251.0
2026-06-25 14:45:00,5311.5,5321.5,5300.5,5304.0,9701.0
2026-06-25 14:50:00,5304.0,5313.0,5290.5,5299.0,10716.0
2026-06-25 14:55:00,5295.0,5300.0,5281.0,5293.5,7269.0
2026-06-25 15:00:00,5295.0,5300.0,5288.0,5295.0,18308.0
2026-06-25 15:05:00,5295.5,5295.5,5270.0,5275.0,11054.0
2026-06-25 15:10:00,5272.5,5275.0,5256.0,5266.0,10787.0
2026-06-25 15:15:00,5267.0,5267.0,5252.5,5255.0,17697.0
2026-06-25 15:20:00,5254.0,5257.5,5230.0,5231.5,13326.0
2026-06-25 15:25:00,5235.0,5264.0,5230.0,5261.0,9826.0
2026-06-29 09:15:00,5294.0,5298.5,5177.0,5189.0,19707.0
2026-06-29 09:20:00,5190.0,5195.0,5167.5,5173.5,12019.0
2026-06-29 09:25:00,5172.0,5195.0,5155.0,5192.0,13409.0
2026-06-29 09:30:00,5190.0,5203.5,5186.5,5200.0,5006.0
2026-06-29 09:35:00,5200.0,5209.0,5190.0,5200.0,4940.0
2026-06-29 09:40:00,5202.0,5215.5,5196.0,5214.0,5115.0
2026-06-29 09:45:00,5214.0,5245.0,5210.5,5235.5,6403.0
2026-06-29 09:50:00,5235.5,5257.5,5229.0,5250.0,4338.0
2026-06-29 09:55:00,5253.0,5265.5,5251.5,5256.0,6093.0
2026-06-29 10:00:00,5257.0,5283.0,5254.5,5280.0,5695.0
2026-06-29 10:05:00,5280.0,5290.0,5270.0,5282.0,8916.0
2026-06-29 10:10:00,5286.0,5286.0,5276.0,5276.0,2796.0
2026-06-29 10:15:00,5276.0,5296.0,5272.5,5277.5,7188.0
2026-06-29 10:20:00,5279.5,5281.0,5270.0,5274.0,5779.0
2026-06-29 10:25:00,5276.5,5297.5,5273.0,5296.0,7546.0
2026-06-29 10:30:00,5295.0,5303.0,5288.5,5300.0,6008.0
2026-06-29 10:35:00,5300.0,5304.0,5282.0,5286.0,8955.0
2026-06-29 10:40:00,5285.0,5298.5,5280.0,5296.0,4686.0
2026-06-29 10:45:00,5292.5,5316.0,5292.5,5306.5,6411.0
2026-06-29 10:50:00,5304.5,5306.5,5295.0,5299.0,6290.0
2026-06-29 10:55:00,5299.0,5312.5,5297.0,5307.5,4920.0
2026-06-29 11:00:00,5307.5,5317.5,5305.0,5315.0,5145.0
2026-06-29 11:05:00,5315.5,5320.0,5308.5,5320.0,4552.0
2026-06-29 11:10:00,5320.0,5320.0,5304.5,5319.0,6260.0
2026-06-29 11:15:00,5319.0,5340.0,5319.0,5340.0,6287.0
2026-06-29 11:20:00,5339.5,5355.0,5331.0,5340.0,13308.0
2026-06-29 11:25:00,5340.0,5350.0,5321.5,5322.5,7244.0
2026-06-29 11:30:00,5324.0,5337.0,5319.5,5322.5,8425.0
2026-06-29 11:35:00,5322.5,5341.0,5321.5,5334.0,8909.0
2026-06-29 11:40:00,5330.0,5337.5,5322.0,5326.0,7738.0
2026-06-29 11:45:00,5321.0,5328.0,5311.0,5316.5,8802.0
2026-06-29 11:50:00,5316.5,5332.5,5315.0,5332.5,6502.0
2026-06-29 11:55:00,5325.5,5327.5,5312.5,5314.5,6498.0
2026-06-29 12:00:00,5313.0,5323.5,5300.0,5321.5,8854.0
2026-06-29 12:05:00,5320.0,5330.0,5305.0,5306.5,7259.0
2026-06-29 12:10:00,5306.5,5310.5,5294.0,5296.0,6925.0
2026-06-29 12:15:00,5294.0,5305.5,5293.5,5301.5,5498.0
2026-06-29 12:20:00,5300.5,5313.0,5300.5,5313.0,4992.0
2026-06-29 12:25:00,5313.0,5313.5,5298.5,5304.0,7666.0
2026-06-29 12:30:00,5304.0,5306.0,5292.5,5292.5,6196.0
2026-06-29 12:35:00,5294.0,5297.0,5282.0,5283.5,4444.0
2026-06-29 12:40:00,5283.5,5287.0,5277.0,5285.0,6191.0
2026-06-29 12:45:00,5286.0,5292.5,5279.5,5289.0,11403.0
2026-06-29 12:50:00,5289.0,5292.0,5284.5,5287.5,6136.0
2026-06-29 12:55:00,5287.0,5294.0,5286.5,5289.0,5570.0
2026-06-29 13:00:00,5290.0,5295.5,5289.0,5295.5,5803.0
2026-06-29 13:05:00,5295.0,5300.0,5292.0,5297.0,9686.0
2026-06-29 13:10:00,5297.0,5305.0,5293.5,5303.0,10153.0
2026-06-29 13:15:00,5303.0,5308.5,5299.5,5305.5,8188.0
2026-06-29 13:20:00,5305.5,5327.5,5305.5,5320.5,9693.0
2026-06-29 13:25:00,5320.5,5326.5,5316.5,5326.5,9196.0
2026-06-29 13:30:00,5327.0,5334.5,5321.0,5325.5,10770.0
2026-06-29 13:35:00,5328.0,5328.0,5320.5,5325.0,14190.0
2026-06-29 13:40:00,5327.0,5331.0,5324.0,5328.0,14974.0
2026-06-29 13:45:00,5326.5,5331.0,5322.0,5324.0,10939.0
2026-06-29 13:50:00,5325.0,5326.0,5310.0,5320.5,13716.0
2026-06-29 13:55:00,5321.0,5328.5,5318.0,5325.5,10318.0
2026-06-29 14:00:00,5326.0,5328.0,5318.0,5323.5,10688.0
2026-06-29 14:05:00,5324.0,5347.5,5318.5,5346.0,15189.0
2026-06-29 14:10:00,5346.0,5353.5,5344.0,5349.0,12181.0
2026-06-29 14:15:00,5350.0,5350.5,5341.5,5347.0,11645.0
2026-06-29 14:20:00,5347.0,5355.0,5346.0,5349.5,10343.0
2026-06-29 14:25:00,5349.5,5353.0,5345.5,5347.0,11115.0
2026-06-29 14:30:00,5347.0,5347.0,5335.0,5339.0,11088.0
2026-06-29 14:35:00,5339.0,5339.0,5329.0,5329.5,10718.0
2026-06-29 14:40:00,5329.0,5336.0,5317.5,5319.5,14172.0
2026-06-29 14:45:00,5319.5,5319.5,5288.0,5289.0,11636.0
2026-06-29 14:50:00,5295.0,5345.0,5295.0,5343.0,36088.0
2026-06-29 14:55:00,5346.5,5361.0,5343.5,5358.5,32977.0
2026-06-29 15:00:00,5358.5,5398.0,5347.5,5398.0,174894.0
2026-06-29 15:05:00,5400.0,5435.0,5391.5,5420.0,177539.0
2026-06-29 15:10:00,5420.5,5420.5,5373.0,5400.0,146059.0
2026-06-29 15:15:00,5399.0,5496.5,5394.5,5487.0,184210.0
2026-06-29 15:20:00,5487.5,5600.0,5487.5,5588.0,169195.0
2026-06-29 15:25:00,5588.0,5596.5,5426.0,5475.0,128887.0
2026-06-30 09:15:00,5390.0,5390.0,5277.0,5300.5,35491.0
2026-06-30 09:20:00,5300.0,5332.0,5297.5,5329.0,8839.0
2026-06-30 09:25:00,5329.0,5349.0,5302.0,5303.0,27188.0
2026-06-30 09:30:00,5303.0,5303.0,5261.0,5286.5,17148.0
2026-06-30 09:35:00,5287.5,5306.0,5284.0,5302.0,8934.0
2026-06-30 09:40:00,5304.5,5334.0,5302.5,5316.5,7420.0
2026-06-30 09:45:00,5316.5,5317.0,5289.5,5293.0,13029.0
2026-06-30 09:50:00,5295.0,5314.5,5291.0,5311.5,4001.0
2026-06-30 09:55:00,5312.0,5340.0,5307.5,5336.5,8835.0
2026-06-30 10:00:00,5336.5,5361.0,5333.0,5360.5,18877.0
2026-06-30 10:05:00,5361.5,5367.0,5343.5,5350.5,9322.0
2026-06-30 10:10:00,5351.0,5365.0,5347.5,5357.0,4037.0
2026-06-30 10:15:00,5357.5,5373.0,5346.0,5373.0,5941.0
2026-06-30 10:20:00,5370.5,5378.0,5362.0,5365.5,7682.0
2026-06-30 10:25:00,5362.0,5378.0,5361.0,5377.0,3435.0
2026-06-30 10:30:00,5376.0,5410.5,5370.5,5404.5,11415.0
2026-06-30 10:35:00,5407.0,5413.0,5391.5,5399.0,7802.0
2026-06-30 10:40:00,5399.0,5417.0,5398.5,5405.0,3397.0
2026-06-30 10:45:00,5406.5,5420.0,5403.0,5420.0,2922.0
2026-06-30 10:50:00,5418.5,5425.0,5385.5,5386.5,12261.0
2026-06-30 10:55:00,5389.0,5400.5,5384.5,5392.5,6180.0
2026-06-30 11:00:00,5394.0,5395.5,5383.5,5390.5,4263.0
2026-06-30 11:05:00,5390.5,5395.0,5384.0,5385.5,3767.0
2026-06-30 11:10:00,5387.0,5421.5,5385.5,5420.5,14332.0
2026-06-30 11:15:00,5420.5,5437.5,5415.0,5435.0,7656.0
2026-06-30 11:20:00,5435.0,5440.5,5430.0,5436.5,3195.0
2026-06-30 11:25:00,5438.0,5448.0,5430.5,5431.5,7167.0
2026-06-30 11:30:00,5434.5,5434.5,5412.0,5427.5,5583.0
2026-06-30 11:35:00,5427.5,5442.5,5419.5,5439.0,2657.0
2026-06-30 11:40:00,5441.5,5442.5,5432.5,5441.0,2256.0
2026-06-30 11:45:00,5442.0,5445.5,5441.0,5445.0,1952.0
2026-06-30 11:50:00,5443.5,5447.5,5434.5,5447.5,4612.0
2026-06-30 11:55:00,5447.5,5460.5,5445.0,5457.5,3824.0
2026-06-30 12:00:00,5459.0,5459.5,5450.5,5457.0,2117.0
2026-06-30 12:05:00,5457.0,5458.5,5452.0,5456.5,1316.0
2026-06-30 12:10:00,5457.0,5459.0,5450.0,5450.0,3643.0
2026-06-30 12:15:00,5452.5,5475.5,5450.0,5463.0,6192.0
2026-06-30 12:20:00,5465.0,5472.0,5458.0,5465.0,1790.0
2026-06-30 12:25:00,5464.0,5465.0,5444.5,5450.0,6826.0
2026-06-30 12:30:00,5452.0,5453.5,5442.5,5450.0,5713.0
2026-06-30 12:35:00,5450.0,5452.0,5437.0,5448.0,4575.0
2026-06-30 12:40:00,5448.0,5449.5,5428.0,5435.0,3335.0
2026-06-30 12:45:00,5435.0,5440.0,5432.0,5438.0,2155.0
2026-06-30 12:50:00,5438.0,5451.5,5438.0,5450.0,4170.0
2026-06-30 12:55:00,5450.0,5450.0,5440.5,5446.5,4900.0
2026-06-30 13:00:00,5448.5,5449.5,5438.0,5447.0,8469.0
2026-06-30 13:05:00,5446.5,5448.5,5438.0,5444.5,5395.0
2026-06-30 13:10:00,5445.5,5449.5,5442.0,5444.5,8952.0
2026-06-30 13:15:00,5447.0,5448.5,5428.0,5442.0,7107.0
2026-06-30 13:20:00,5442.5,5445.5,5428.0,5435.0,9314.0
2026-06-30 13:25:00,5435.0,5448.0,5434.5,5447.5,5784.0
2026-06-30 13:30:00,5448.0,5454.0,5441.5,5452.5,6456.0
2026-06-30 13:35:00,5455.0,5460.0,5455.0,5456.5,1117.0
2026-06-30 13:40:00,5457.0,5470.5,5455.0,5469.5,3644.0
2026-06-30 13:45:00,5470.5,5474.0,5461.0,5466.0,8184.0
2026-06-30 13:50:00,5467.5,5467.5,5447.5,5449.5,8665.0
2026-06-30 13:55:00,5449.5,5454.5,5441.0,5444.5,3956.0
2026-06-30 14:00:00,5444.0,5445.0,5409.0,5414.0,6818.0
2026-06-30 14:05:00,5414.0,5427.0,5409.0,5427.0,6302.0
2026-06-30 14:10:00,5428.0,5431.0,5420.0,5429.5,4838.0
2026-06-30 14:15:00,5430.0,5449.0,5422.5,5444.0,5206.0
2026-06-30 14:20:00,5445.0,5454.5,5440.5,5453.5,2900.0
2026-06-30 14:25:00,5453.5,5469.0,5447.5,5458.5,7602.0
2026-06-30 14:30:00,5458.5,5464.5,5454.5,5464.0,3194.0
2026-06-30 14:35:00,5465.0,5465.0,5451.0,5455.5,4112.0
2026-06-30 14:40:00,5457.5,5474.0,5457.5,5467.0,4950.0
2026-06-30 14:45:00,5466.0,5466.0,5447.0,5460.0,5067.0
2026-06-30 14:50:00,5459.5,5461.0,5445.0,5461.0,6529.0
2026-06-30 14:55:00,5460.5,5465.0,5446.0,5454.5,4771.0
2026-06-30 15:00:00,5453.0,5460.5,5440.0,5447.0,11337.0
2026-06-30 15:05:00,5447.0,5459.5,5444.0,5455.0,8996.0
2026-06-30 15:10:00,5453.0,5458.5,5442.5,5447.0,9356.0
2026-06-30 15:15:00,5447.5,5451.5,5416.5,5421.5,15839.0
2026-06-30 15:20:00,5421.5,5421.5,5387.0,5408.5,17281.0
2026-06-30 15:25:00,5408.5,5409.5,5372.5,5385.0,9583.0
2026-07-01 09:15:00,5454.0,5485.5,5432.5,5444.5,9810.0
2026-07-01 09:20:00,5447.0,5448.0,5423.0,5425.5,6180.0
2026-07-01 09:25:00,5429.5,5450.0,5424.0,5449.0,2927.0
2026-07-01 09:30:00,5447.0,5460.0,5438.5,5440.5,9453.0
2026-07-01 09:35:00,5443.0,5453.0,5438.0,5453.0,1444.0
2026-07-01 09:40:00,5455.0,5455.5,5441.0,5443.0,2404.0
2026-07-01 09:45:00,5444.5,5453.5,5443.0,5443.0,1238.0
2026-07-01 09:50:00,5440.0,5479.5,5440.0,5471.0,5789.0
2026-07-01 09:55:00,5472.0,5474.5,5430.0,5438.0,11515.0
2026-07-01 10:00:00,5438.0,5445.5,5427.5,5427.5,3102.0
2026-07-01 10:05:00,5434.0,5437.5,5428.5,5436.5,2203.0
2026-07-01 10:10:00,5436.5,5436.5,5424.0,5430.0,2420.0
2026-07-01 10:15:00,5430.5,5432.5,5415.0,5418.5,5951.0
2026-07-01 10:20:00,5420.0,5427.0,5394.5,5398.5,8343.0
2026-07-01 10:25:00,5399.0,5403.5,5381.5,5384.0,2435.0
2026-07-01 10:30:00,5384.0,5388.5,5356.0,5357.0,5756.0
2026-07-01 10:35:00,5356.5,5367.5,5349.0,5354.5,4415.0
2026-07-01 10:40:00,5354.5,5371.5,5351.0,5371.5,3816.0
2026-07-01 10:45:00,5371.5,5396.5,5368.5,5389.0,5081.0
2026-07-01 10:50:00,5389.0,5390.5,5383.0,5387.5,1348.0
2026-07-01 10:55:00,5388.5,5396.0,5385.0,5396.0,1968.0
2026-07-01 11:00:00,5395.0,5396.0,5371.0,5374.0,2283.0
2026-07-01 11:05:00,5374.0,5379.0,5366.5,5370.0,2798.0
2026-07-01 11:10:00,5368.5,5374.0,5363.5,5371.5,3000.0
2026-07-01 11:15:00,5371.5,5375.0,5347.0,5349.5,5430.0
2026-07-01 11:20:00,5352.0,5355.5,5333.0,5339.0,5906.0
2026-07-01 11:25:00,5339.0,5347.5,5334.0,5346.5,3045.0
2026-07-01 11:30:00,5347.5,5354.5,5340.0,5348.5,3962.0
2026-07-01 11:35:00,5349.5,5353.5,5340.0,5351.5,3395.0
2026-07-01 11:40:00,5353.5,5355.5,5327.5,5330.0,4249.0
2026-07-01 11:45:00,5332.5,5335.0,5325.0,5328.0,2790.0
2026-07-01 11:50:00,5328.0,5332.0,5315.5,5320.5,3971.0
2026-07-01 11:55:00,5321.5,5327.0,5313.0,5317.5,3866.0
2026-07-01 12:00:00,5320.0,5320.0,5310.5,5313.5,2579.0
2026-07-01 12:05:00,5314.0,5314.0,5295.0,5299.5,3506.0
2026-07-01 12:10:00,5299.5,5299.5,5256.0,5261.0,7384.0
2026-07-01 12:15:00,5261.0,5262.0,5236.0,5241.0,7211.0
2026-07-01 12:20:00,5241.0,5248.0,5211.0,5211.5,11221.0
2026-07-01 12:25:00,5212.5,5229.5,5194.0,5226.0,12835.0
2026-07-01 12:30:00,5226.0,5262.5,5226.0,5251.0,15520.0
2026-07-01 12:35:00,5255.5,5257.5,5238.0,5240.0,2948.0
2026-07-01 12:40:00,5240.0,5240.0,5191.5,5199.0,14529.0
2026-07-01 12:45:00,5201.5,5206.5,5194.0,5200.0,5350.0
2026-07-01 12:50:00,5200.5,5236.0,5199.5,5230.5,13071.0
2026-07-01 12:55:00,5232.0,5232.5,5221.5,5228.0,1986.0
2026-07-01 13:00:00,5230.0,5234.5,5225.0,5230.0,1240.0
2026-07-01 13:05:00,5230.5,5268.0,5227.0,5257.0,12681.0
2026-07-01 13:10:00,5257.5,5264.5,5253.0,5264.0,2531.0
2026-07-01 13:15:00,5264.0,5264.0,5255.0,5255.0,1169.0
2026-07-01 13:20:00,5257.5,5258.5,5253.0,5253.0,531.0
2026-07-01 13:25:00,5253.0,5260.5,5253.0,5256.0,1237.0
2026-07-01 13:30:00,5258.0,5260.0,5256.0,5260.0,246.0
2026-07-01 13:35:00,5260.0,5261.0,5256.5,5259.0,1220.0
2026-07-01 13:40:00,5258.5,5265.0,5254.0,5265.0,1520.0
2026-07-01 13:45:00,5265.0,5272.0,5265.0,5270.0,1333.0
2026-07-01 13:50:00,5269.5,5284.0,5269.5,5281.5,3674.0
2026-07-01 13:55:00,5281.5,5284.0,5270.0,5274.5,2671.0
2026-07-01 14:00:00,5274.5,5280.0,5271.5,5278.5,498.0
2026-07-01 14:05:00,5280.0,5298.0,5280.0,5296.5,3361.0
2026-07-01 14:10:00,5297.5,5299.0,5290.0,5292.5,2056.0
2026-07-01 14:15:00,5290.0,5291.0,5280.0,5280.5,1657.0
2026-07-01 14:20:00,5283.0,5285.0,5278.0,5280.5,750.0
2026-07-01 14:25:00,5281.0,5283.5,5275.0,5278.0,3567.0
2026-07-01 14:30:00,5278.0,5278.0,5268.0,5273.0,3165.0
2026-07-01 14:35:00,5275.0,5277.0,5255.5,5257.0,3971.0
2026-07-01 14:40:00,5257.0,5264.5,5251.5,5264.0,3583.0
2026-07-01 14:45:00,5264.0,5264.5,5252.0,5258.5,2603.0
2026-07-01 14:50:00,5258.0,5259.5,5246.5,5252.5,3669.0
2026-07-01 14:55:00,5252.0,5255.5,5242.0,5248.0,6504.0
2026-07-01 15:00:00,5248.0,5252.5,5241.5,5246.0,3414.0
2026-07-01 15:05:00,5246.0,5255.0,5241.0,5253.0,7966.0
2026-07-01 15:10:00,5252.5,5257.5,5246.0,5250.0,3954.0
2026-07-01 15:15:00,5250.0,5257.5,5244.0,5249.0,7034.0
2026-07-01 15:20:00,5250.0,5250.0,5241.5,5247.0,9186.0
2026-07-01 15:25:00,5246.5,5252.0,5241.0,5251.0,5710.0
2026-07-02 09:15:00,5273.5,5289.0,5193.0,5203.5,21390.0
2026-07-02 09:20:00,5201.5,5203.5,5182.0,5195.0,13040.0
2026-07-02 09:25:00,5193.5,5202.0,5169.0,5189.0,13974.0
2026-07-02 09:30:00,5190.0,5205.0,5188.5,5198.0,6271.0
2026-07-02 09:35:00,5198.0,5223.0,5198.0,5218.0,5057.0
2026-07-02 09:40:00,5217.0,5218.5,5201.0,5211.0,2603.0
2026-07-02 09:45:00,5212.0,5249.5,5212.0,5240.0,9029.0
2026-07-02 09:50:00,5242.0,5256.0,5232.5,5255.5,4867.0
2026-07-02 09:55:00,5253.5,5266.0,5238.0,5245.5,4104.0
2026-07-02 10:00:00,5243.0,5245.5,5225.5,5243.5,6120.0
2026-07-02 10:05:00,5244.5,5245.0,5215.0,5224.0,3282.0
2026-07-02 10:10:00,5226.0,5246.0,5225.0,5238.0,3777.0
2026-07-02 10:15:00,5239.0,5245.0,5236.0,5241.0,2159.0
2026-07-02 10:20:00,5241.5,5244.0,5233.5,5244.0,763.0
2026-07-02 10:25:00,5244.5,5245.0,5235.5,5240.0,3130.0
2026-07-02 10:30:00,5237.5,5246.0,5235.0,5238.0,1778.0
2026-07-02 10:35:00,5236.0,5247.0,5234.0,5245.0,2935.0
2026-07-02 10:40:00,5245.0,5246.0,5238.0,5243.5,1088.0
2026-07-02 10:45:00,5243.5,5249.5,5234.0,5243.0,2520.0
2026-07-02 10:50:00,5242.5,5244.5,5228.0,5241.0,2251.0
2026-07-02 10:55:00,5241.0,5255.0,5235.5,5254.0,1471.0
2026-07-02 11:00:00,5253.0,5262.0,5248.5,5262.0,3982.0
2026-07-02 11:05:00,5262.0,5262.0,5250.0,5256.0,1611.0
2026-07-02 11:10:00,5256.0,5260.0,5252.0,5258.0,2296.0
2026-07-02 11:15:00,5258.0,5259.5,5253.5,5256.0,991.0
2026-07-02 11:20:00,5253.0,5265.0,5244.5,5246.5,2995.0
2026-07-02 11:25:00,5246.5,5252.0,5237.0,5240.5,1833.0
2026-07-02 11:30:00,5240.5,5245.5,5226.0,5244.0,2406.0
2026-07-02 11:35:00,5243.5,5246.5,5235.0,5240.5,1586.0
2026-07-02 11:40:00,5238.5,5248.5,5238.0,5244.0,990.0
2026-07-02 11:45:00,5244.0,5247.0,5239.0,5242.0,935.0
2026-07-02 11:50:00,5242.0,5247.5,5238.0,5246.5,1600.0
2026-07-02 11:55:00,5245.0,5263.0,5245.0,5260.0,4191.0
2026-07-02 12:00:00,5260.0,5285.0,5256.5,5282.0,44482.0
2026-07-02 12:05:00,5281.0,5284.5,5265.0,5268.5,3390.0
2026-07-02 12:10:00,5268.5,5274.0,5267.0,5273.5,892.0
2026-07-02 12:15:00,5273.5,5296.5,5268.0,5289.5,18163.0
2026-07-02 12:20:00,5289.5,5289.5,5273.0,5277.0,2335.0
2026-07-02 12:25:00,5276.0,5276.5,5270.5,5274.0,1993.0
2026-07-02 12:30:00,5274.0,5274.5,5266.5,5270.0,1536.0
2026-07-02 12:35:00,5270.0,5285.0,5252.0,5282.5,9990.0
2026-07-02 12:40:00,5282.5,5285.0,5271.0,5273.0,682.0
2026-07-02 12:45:00,5271.5,5273.5,5260.0,5263.5,1491.0
2026-07-02 12:50:00,5263.5,5263.5,5252.0,5255.5,1759.0
2026-07-02 12:55:00,5255.0,5262.0,5252.5,5255.5,3347.0
2026-07-02 13:00:00,5255.5,5265.0,5253.5,5263.5,1649.0
2026-07-02 13:05:00,5263.0,5275.0,5261.5,5274.0,1016.0
2026-07-02 13:10:00,5274.5,5276.5,5270.5,5275.0,864.0
2026-07-02 13:15:00,5274.5,5281.0,5274.5,5280.5,999.0
2026-07-02 13:20:00,5281.0,5283.5,5278.5,5282.0,1057.0
2026-07-02 13:25:00,5282.0,5286.0,5279.5,5286.0,884.0
2026-07-02 13:30:00,5285.5,5289.0,5282.0,5288.0,1489.0
2026-07-02 13:35:00,5288.0,5299.0,5283.5,5299.0,3136.0
2026-07-02 13:40:00,5299.0,5324.0,5297.0,5324.0,11184.0
2026-07-02 13:45:00,5322.0,5324.0,5311.0,5318.0,2589.0
2026-07-02 13:50:00,5316.0,5328.0,5307.0,5311.0,3017.0
2026-07-02 13:55:00,5311.0,5312.5,5300.5,5311.5,2464.0
2026-07-02 14:00:00,5312.5,5320.0,5311.0,5319.0,1938.0
2026-07-02 14:05:00,5316.0,5320.5,5315.0,5315.5,697.0
2026-07-02 14:10:00,5315.5,5319.0,5312.0,5314.5,1273.0
2026-07-02 14:15:00,5317.0,5317.0,5311.5,5313.0,860.0
2026-07-02 14:20:00,5313.0,5314.0,5295.0,5304.0,3320.0
2026-07-02 14:25:00,5302.0,5304.5,5295.0,5299.0,2718.0
2026-07-02 14:30:00,5296.5,5296.5,5285.5,5289.5,2698.0
2026-07-02 14:35:00,5285.0,5285.0,5274.5,5274.5,5511.0
2026-07-02 14:40:00,5274.0,5277.0,5259.5,5275.0,8850.0
2026-07-02 14:45:00,5275.5,5283.5,5271.5,5271.5,8881.0
2026-07-02 14:50:00,5271.0,5277.5,5265.0,5274.0,3991.0
2026-07-02 14:55:00,5272.0,5280.0,5272.0,5280.0,3070.0
2026-07-02 15:00:00,5274.0,5277.5,5263.0,5271.0,5663.0
2026-07-02 15:05:00,5278.5,5286.5,5276.0,5286.0,5467.0
2026-07-02 15:10:00,5286.5,5290.5,5276.0,5279.0,5734.0
2026-07-02 15:15:00,5276.5,5284.5,5273.5,5280.0,6048.0
2026-07-02 15:20:00,5279.0,5280.5,5274.0,5278.5,11161.0
2026-07-02 15:25:00,5278.5,5278.5,5261.0,5274.5,8068.0
2026-07-03 09:15:00,5275.0,5290.5,5231.0,5253.5,9013.0
2026-07-03 09:20:00,5249.5,5293.0,5233.0,5285.5,8818.0
2026-07-03 09:25:00,5284.5,5299.5,5275.0,5286.0,4613.0
2026-07-03 09:30:00,5287.5,5302.0,5284.0,5292.0,3380.0
2026-07-03 09:35:00,5291.5,5315.0,5285.0,5314.0,4334.0
2026-07-03 09:40:00,5311.0,5339.5,5300.0,5327.0,6302.0
2026-07-03 09:45:00,5327.0,5329.5,5288.5,5295.5,2729.0
2026-07-03 09:50:00,5298.0,5320.0,5297.5,5316.5,2405.0
2026-07-03 09:55:00,5311.5,5315.0,5303.5,5309.0,3944.0
2026-07-03 10:00:00,5309.5,5314.0,5291.0,5296.5,1849.0
2026-07-03 10:05:00,5301.0,5304.5,5291.0,5301.0,1175.0
2026-07-03 10:10:00,5296.5,5299.0,5261.5,5263.5,5138.0
2026-07-03 10:15:00,5263.5,5269.5,5252.5,5253.5,2451.0
2026-07-03 10:20:00,5254.0,5264.0,5248.5,5261.0,2320.0
2026-07-03 10:25:00,5261.0,5277.0,5258.0,5275.0,1428.0
2026-07-03 10:30:00,5275.5,5278.0,5270.0,5274.5,1656.0
2026-07-03 10:35:00,5274.5,5275.0,5268.0,5271.5,678.0
2026-07-03 10:40:00,5272.5,5282.0,5266.0,5273.0,1791.0
2026-07-03 10:45:00,5269.0,5277.5,5265.0,5277.5,961.0
2026-07-03 10:50:00,5278.5,5280.5,5267.5,5274.0,1175.0
2026-07-03 10:55:00,5274.0,5274.0,5266.5,5270.0,610.0
2026-07-03 11:00:00,5271.0,5275.0,5269.5,5273.5,794.0
2026-07-03 11:05:00,5273.5,5274.0,5266.0,5266.5,947.0
2026-07-03 11:10:00,5266.0,5273.0,5266.0,5273.0,1029.0
2026-07-03 11:15:00,5273.5,5276.0,5268.5,5268.5,708.0
2026-07-03 11:20:00,5268.0,5279.0,5266.5,5269.0,1593.0
2026-07-03 11:25:00,5269.0,5272.0,5266.0,5267.0,1076.0
2026-07-03 11:30:00,5267.0,5272.0,5266.0,5266.0,1298.0
2026-07-03 11:35:00,5268.0,5270.0,5265.0,5270.0,1049.0
2026-07-03 11:40:00,5269.0,5270.0,5266.0,5266.0,6038.0
2026-07-03 11:45:00,5266.0,5272.0,5266.0,5268.0,1623.0
2026-07-03 11:50:00,5268.5,5279.0,5266.0,5274.5,1033.0
2026-07-03 11:55:00,5274.0,5278.5,5268.0,5273.5,1004.0
2026-07-03 12:00:00,5273.0,5285.0,5272.0,5283.0,1134.0
2026-07-03 12:05:00,5282.5,5287.0,5282.0,5284.0,819.0
2026-07-03 12:10:00,5287.0,5288.5,5277.0,5278.5,998.0
2026-07-03 12:15:00,5278.5,5285.0,5272.5,5275.0,805.0
2026-07-03 12:20:00,5278.5,5282.0,5273.0,5281.5,822.0
2026-07-03 12:25:00,5281.0,5283.5,5278.0,5280.5,629.0
2026-07-03 12:30:00,5280.0,5284.5,5272.5,5275.0,1220.0
2026-07-03 12:35:00,5272.5,5276.0,5266.0,5268.0,1720.0
2026-07-03 12:40:00,5266.5,5269.5,5265.0,5269.5,1081.0
2026-07-03 12:45:00,5267.0,5272.5,5266.0,5271.0,1111.0
2026-07-03 12:50:00,5271.5,5291.5,5269.5,5270.0,5298.0
2026-07-03 12:55:00,5267.5,5270.5,5266.0,5269.5,2385.0
2026-07-03 13:00:00,5267.0,5269.5,5266.0,5266.5,1203.0
2026-07-03 13:05:00,5266.0,5270.0,5264.0,5266.0,6531.0
2026-07-03 13:10:00,5268.5,5274.0,5266.0,5269.0,1973.0
2026-07-03 13:15:00,5269.0,5271.0,5266.0,5266.0,1296.0
2026-07-03 13:20:00,5269.0,5270.0,5265.0,5268.0,1440.0
2026-07-03 13:25:00,5268.0,5270.5,5266.0,5269.5,1641.0
2026-07-03 13:30:00,5268.5,5272.0,5266.0,5269.0,1571.0
2026-07-03 13:35:00,5267.0,5270.0,5266.0,5267.0,2270.0
2026-07-03 13:40:00,5266.0,5270.0,5265.5,5268.5,1793.0
2026-07-03 13:45:00,5268.5,5270.0,5266.0,5269.5,1291.0
2026-07-03 13:50:00,5269.5,5270.0,5265.5,5268.0,1291.0
2026-07-03 13:55:00,5267.5,5271.5,5265.0,5271.0,2113.0
2026-07-03 14:00:00,5272.0,5275.5,5264.5,5266.0,1533.0
2026-07-03 14:05:00,5266.0,5272.5,5266.0,5268.0,1318.0
2026-07-03 14:10:00,5270.0,5276.0,5266.5,5269.5,1440.0
2026-07-03 14:15:00,5269.5,5270.5,5265.5,5267.5,1191.0
2026-07-03 14:20:00,5269.5,5270.5,5261.0,5269.0,26815.0
2026-07-03 14:25:00,5266.5,5276.0,5266.5,5276.0,1644.0
2026-07-03 14:30:00,5282.0,5311.0,5280.5,5299.5,8854.0
2026-07-03 14:35:00,5300.0,5313.0,5297.0,5308.5,1266.0
2026-07-03 14:40:00,5309.0,5309.5,5295.0,5297.5,1267.0
2026-07-03 14:45:00,5298.5,5300.0,5275.0,5280.0,6097.0
2026-07-03 14:50:00,5277.0,5277.0,5260.0,5276.5,14320.0
2026-07-03 14:55:00,5274.5,5274.5,5260.5,5269.0,4902.0
2026-07-03 15:00:00,5272.0,5278.5,5268.5,5273.5,4566.0
2026-07-03 15:05:00,5273.5,5284.5,5272.5,5283.5,2989.0
2026-07-03 15:10:00,5282.0,5286.0,5263.0,5266.0,6151.0
2026-07-03 15:15:00,5269.5,5273.0,5264.5,5268.5,5232.0
2026-07-03 15:20:00,5269.5,5274.0,5261.0,5267.5,4658.0
2026-07-03 15:25:00,5266.0,5270.0,5262.0,5270.0,5258.0
2026-07-06 09:15:00,5287.0,5291.0,5232.0,5247.5,5420.0
2026-07-06 09:20:00,5248.0,5263.0,5241.5,5248.0,4304.0
2026-07-06 09:25:00,5248.5,5270.0,5248.5,5256.0,2590.0
2026-07-06 09:30:00,5256.5,5266.5,5255.0,5260.0,1178.0
2026-07-06 09:35:00,5254.0,5260.5,5243.5,5245.5,1716.0
2026-07-06 09:40:00,5250.0,5258.5,5245.5,5250.0,3027.0
2026-07-06 09:45:00,5255.5,5259.5,5241.0,5248.5,2767.0
2026-07-06 09:50:00,5250.0,5275.5,5245.0,5254.5,7433.0
2026-07-06 09:55:00,5254.0,5263.5,5252.0,5254.0,1161.0
2026-07-06 10:00:00,5253.0,5265.0,5251.5,5254.0,1332.0
2026-07-06 10:05:00,5251.5,5257.5,5250.0,5253.5,2378.0
2026-07-06 10:10:00,5250.5,5255.5,5249.5,5255.0,3038.0
2026-07-06 10:15:00,5251.5,5267.0,5250.5,5267.0,950.0
2026-07-06 10:20:00,5266.0,5268.5,5254.0,5258.5,1766.0
2026-07-06 10:25:00,5256.5,5260.0,5251.0,5251.0,701.0
2026-07-06 10:30:00,5252.5,5254.0,5250.0,5250.0,2117.0
2026-07-06 10:35:00,5250.0,5260.0,5250.0,5258.0,1690.0
2026-07-06 10:40:00,5258.0,5261.5,5252.0,5254.0,403.0
2026-07-06 10:45:00,5253.5,5264.5,5252.0,5256.0,822.0
2026-07-06 10:50:00,5253.0,5256.0,5250.0,5250.0,693.0
2026-07-06 10:55:00,5250.0,5256.5,5250.0,5251.5,772.0
2026-07-06 11:00:00,5253.0,5263.0,5250.0,5257.5,6035.0
2026-07-06 11:05:00,5256.5,5264.0,5255.5,5259.0,1326.0
2026-07-06 11:10:00,5257.0,5262.5,5255.0,5260.5,381.0
2026-07-06 11:15:00,5257.5,5261.0,5255.5,5256.5,895.0
2026-07-06 11:20:00,5256.5,5260.0,5253.5,5260.0,362.0
2026-07-06 11:25:00,5259.5,5260.0,5255.0,5257.5,320.0
2026-07-06 11:30:00,5259.0,5264.5,5257.5,5262.5,921.0
2026-07-06 11:35:00,5262.5,5268.5,5256.5,5260.5,2911.0
2026-07-06 11:40:00,5262.0,5266.5,5258.0,5258.0,519.0
2026-07-06 11:45:00,5257.5,5262.5,5250.0,5252.5,1972.0
2026-07-06 11:50:00,5251.0,5252.5,5250.0,5252.5,5041.0
2026-07-06 11:55:00,5251.0,5257.0,5251.0,5253.5,385.0
2026-07-06 12:00:00,5253.5,5258.5,5250.0,5258.5,1024.0
2026-07-06 12:05:00,5257.0,5264.5,5255.0,5259.5,375.0
2026-07-06 12:10:00,5259.5,5262.5,5259.0,5259.0,179.0
2026-07-06 12:15:00,5259.0,5261.0,5251.0,5255.0,458.0
2026-07-06 12:20:00,5254.5,5258.0,5250.0,5255.0,3988.0
2026-07-06 12:25:00,5255.5,5259.0,5250.0,5257.0,11855.0
2026-07-06 12:30:00,5255.5,5267.0,5252.0,5265.0,2136.0
2026-07-06 12:35:00,5263.0,5264.0,5255.0,5259.0,947.0
2026-07-06 12:40:00,5257.0,5261.5,5256.0,5259.0,394.0
2026-07-06 12:45:00,5256.0,5260.0,5255.0,5256.0,399.0
2026-07-06 12:50:00,5254.0,5254.5,5226.5,5243.5,24329.0
2026-07-06 12:55:00,5240.5,5240.5,5220.5,5232.0,4242.0
2026-07-06 13:00:00,5229.0,5232.5,5225.5,5230.0,3791.0
2026-07-06 13:05:00,5228.5,5235.0,5224.5,5228.0,3244.0
2026-07-06 13:10:00,5227.5,5228.5,5219.0,5225.0,5224.0
2026-07-06 13:15:00,5224.0,5233.0,5198.0,5199.5,15764.0
2026-07-06 13:20:00,5197.0,5205.5,5197.0,5205.5,7900.0
2026-07-06 13:25:00,5202.5,5206.5,5202.0,5206.5,896.0
2026-07-06 13:30:00,5204.5,5223.5,5204.5,5210.0,4487.0
2026-07-06 13:35:00,5206.5,5210.0,5203.5,5203.5,1847.0
2026-07-06 13:40:00,5204.5,5210.0,5198.0,5210.0,5213.0
2026-07-06 13:45:00,5207.5,5225.5,5200.0,5204.0,6849.0
2026-07-06 13:50:00,5205.5,5206.5,5195.5,5203.5,1814.0
2026-07-06 13:55:00,5202.5,5209.5,5201.0,5204.0,1174.0
2026-07-06 14:00:00,5204.5,5209.5,5200.0,5207.5,2251.0
2026-07-06 14:05:00,5206.5,5229.5,5205.5,5228.5,3121.0
2026-07-06 14:10:00,5226.5,5244.0,5226.0,5240.5,3337.0
2026-07-06 14:15:00,5238.5,5243.5,5234.5,5240.0,2051.0
2026-07-06 14:20:00,5238.0,5242.0,5237.0,5240.5,357.0
2026-07-06 14:25:00,5239.0,5250.0,5239.0,5246.5,2125.0
2026-07-06 14:30:00,5246.5,5258.0,5246.5,5257.5,1893.0
2026-07-06 14:35:00,5254.5,5260.0,5245.5,5253.0,3215.0
2026-07-06 14:40:00,5254.5,5255.0,5246.5,5250.0,2775.0
2026-07-06 14:45:00,5248.0,5250.5,5246.0,5250.0,1940.0
2026-07-06 14:50:00,5247.5,5254.5,5232.0,5235.0,3630.0
2026-07-06 14:55:00,5235.5,5250.5,5230.0,5250.0,5269.0
2026-07-06 15:00:00,5250.0,5255.0,5247.0,5252.0,1850.0
2026-07-06 15:05:00,5249.5,5254.5,5248.5,5250.0,2467.0
2026-07-06 15:10:00,5248.5,5252.0,5240.5,5250.0,6423.0
2026-07-06 15:15:00,5252.0,5253.0,5249.5,5250.5,2184.0
2026-07-06 15:20:00,5250.5,5259.5,5247.5,5250.5,8961.0
2026-07-06 15:25:00,5253.0,5255.0,5246.0,5250.0,3854.0
2026-07-07 09:15:00,5253.5,5279.5,5196.5,5212.5,11856.0
2026-07-07 09:20:00,5209.0,5209.0,5150.0,5156.0,18509.0
2026-07-07 09:25:00,5156.0,5162.0,5123.0,5134.0,10258.0
2026-07-07 09:30:00,5133.0,5159.0,5107.0,5114.5,15002.0
2026-07-07 09:35:00,5117.5,5139.0,5114.0,5132.0,4037.0
2026-07-07 09:40:00,5131.0,5142.0,5123.0,5134.0,3504.0
2026-07-07 09:45:00,5135.5,5136.5,5117.0,5129.0,5336.0
2026-07-07 09:50:00,5130.5,5142.0,5128.0,5131.0,2864.0
2026-07-07 09:55:00,5130.0,5133.5,5116.5,5118.5,2021.0
2026-07-07 10:00:00,5122.0,5124.0,5079.5,5087.0,11742.0
2026-07-07 10:05:00,5085.0,5100.0,5082.5,5098.5,5338.0
2026-07-07 10:10:00,5098.0,5103.5,5087.0,5096.0,4352.0
2026-07-07 10:15:00,5094.5,5105.5,5088.5,5102.5,1849.0
2026-07-07 10:20:00,5102.0,5105.5,5091.0,5091.5,3898.0
2026-07-07 10:25:00,5090.5,5112.0,5090.0,5111.5,2170.0
2026-07-07 10:30:00,5111.0,5128.0,5111.0,5120.5,3063.0
2026-07-07 10:35:00,5122.5,5122.5,5111.0,5113.5,1904.0
2026-07-07 10:40:00,5115.5,5115.5,5100.0,5102.0,3210.0
2026-07-07 10:45:00,5102.0,5107.5,5100.0,5106.0,2354.0
2026-07-07 10:50:00,5104.5,5105.0,5090.0,5094.0,4764.0
2026-07-07 10:55:00,5094.0,5096.5,5085.0,5093.5,4002.0
2026-07-07 11:00:00,5092.5,5096.0,5081.0,5092.5,2847.0
2026-07-07 11:05:00,5090.0,5097.5,5088.0,5096.5,2313.0
2026-07-07 11:10:00,5098.0,5111.0,5093.0,5105.5,3543.0
2026-07-07 11:15:00,5105.0,5108.0,5100.0,5103.5,1787.0
2026-07-07 11:20:00,5105.5,5109.0,5093.0,5094.5,3152.0
2026-07-07 11:25:00,5095.0,5104.0,5094.5,5102.0,3049.0
2026-07-07 11:30:00,5102.0,5109.0,5100.0,5104.5,2582.0
2026-07-07 11:35:00,5101.0,5115.0,5099.5,5113.5,2924.0
2026-07-07 11:40:00,5113.5,5118.0,5106.5,5109.0,2945.0
2026-07-07 11:45:00,5109.0,5114.0,5105.5,5111.5,2743.0
2026-07-07 11:50:00,5110.0,5110.5,5100.0,5103.0,2215.0
2026-07-07 11:55:00,5101.0,5108.0,5098.5,5105.0,2593.0
2026-07-07 12:00:00,5105.0,5111.0,5104.5,5108.0,2328.0
2026-07-07 12:05:00,5106.0,5111.5,5106.0,5109.0,2500.0
2026-07-07 12:10:00,5108.0,5112.5,5098.5,5099.0,2834.0
2026-07-07 12:15:00,5099.0,5102.5,5092.5,5095.5,2331.0
2026-07-07 12:20:00,5094.0,5099.5,5093.0,5098.0,1907.0
2026-07-07 12:25:00,5100.0,5105.0,5095.0,5100.0,2443.0
2026-07-07 12:30:00,5101.5,5105.0,5091.0,5091.5,1886.0
2026-07-07 12:35:00,5092.5,5097.5,5091.0,5094.5,2208.0
2026-07-07 12:40:00,5092.5,5096.5,5075.0,5087.0,6852.0
2026-07-07 12:45:00,5088.0,5090.5,5080.0,5088.5,2028.0
2026-07-07 12:50:00,5089.5,5090.0,5082.5,5083.5,1929.0
2026-07-07 12:55:00,5083.5,5095.5,5082.0,5085.5,5861.0
2026-07-07 13:00:00,5084.5,5085.5,5074.5,5082.5,5324.0
2026-07-07 13:05:00,5081.5,5091.0,5079.0,5089.0,2915.0
2026-07-07 13:10:00,5089.0,5091.5,5083.5,5090.0,2212.0
2026-07-07 13:15:00,5091.0,5096.0,5083.0,5087.5,2646.0
2026-07-07 13:20:00,5088.5,5096.0,5082.0,5091.0,4152.0
2026-07-07 13:25:00,5093.5,5098.5,5092.0,5095.0,3553.0
2026-07-07 13:30:00,5096.0,5096.5,5088.0,5089.0,2576.0
2026-07-07 13:35:00,5089.5,5090.0,5073.5,5079.0,3714.0
2026-07-07 13:40:00,5079.5,5081.5,5077.5,5081.0,1397.0
2026-07-07 13:45:00,5080.0,5081.0,5077.5,5080.5,1642.0
2026-07-07 13:50:00,5078.5,5080.5,5076.5,5080.0,2311.0
2026-07-07 13:55:00,5080.0,5084.5,5078.0,5084.0,1993.0
2026-07-07 14:00:00,5085.0,5089.5,5080.0,5084.5,2148.0
2026-07-07 14:05:00,5084.5,5097.5,5084.0,5090.5,2603.0
2026-07-07 14:10:00,5090.5,5105.0,5088.0,5105.0,3529.0
2026-07-07 14:15:00,5105.5,5107.5,5100.0,5101.0,17909.0
2026-07-07 14:20:00,5101.0,5108.0,5100.0,5104.0,6624.0
2026-07-07 14:25:00,5104.0,5109.5,5102.0,5105.5,2000.0
2026-07-07 14:30:00,5105.5,5106.5,5101.5,5102.5,1174.0
2026-07-07 14:35:00,5103.5,5106.5,5100.0,5104.5,1951.0
2026-07-07 14:40:00,5104.5,5108.5,5102.0,5106.5,4984.0
2026-07-07 14:45:00,5106.0,5108.5,5105.0,5107.5,2858.0
2026-07-07 14:50:00,5111.0,5113.0,5100.5,5105.5,6690.0
2026-07-07 14:55:00,5105.5,5108.0,5100.5,5103.0,3048.0
2026-07-07 15:00:00,5105.0,5116.5,5100.0,5113.0,12479.0
2026-07-07 15:05:00,5113.5,5114.0,5105.0,5105.0,6495.0
2026-07-07 15:10:00,5107.5,5109.0,5104.0,5104.5,4487.0
2026-07-07 15:15:00,5105.0,5108.5,5100.0,5101.0,7699.0
2026-07-07 15:20:00,5103.5,5108.0,5100.5,5103.0,9254.0
2026-07-07 15:25:00,5103.0,5107.5,5085.0,5085.0,10035.0
2026-07-08 09:15:00,5085.0,5099.0,5025.0,5087.0,5802.0
2026-07-08 09:20:00,5085.0,5110.0,5084.5,5090.0,4199.0
2026-07-08 09:25:00,5087.5,5097.0,5082.5,5086.5,2983.0
2026-07-08 09:30:00,5085.5,5088.5,5064.0,5070.5,3757.0
2026-07-08 09:35:00,5067.0,5070.0,5044.5,5049.5,4307.0
2026-07-08 09:40:00,5050.5,5063.5,5045.0,5059.0,2792.0
2026-07-08 09:45:00,5062.5,5062.5,5043.0,5043.0,3428.0
2026-07-08 09:50:00,5043.0,5051.5,5039.0,5050.0,3596.0
2026-07-08 09:55:00,5050.5,5075.0,5048.0,5066.5,5959.0
2026-07-08 10:00:00,5069.5,5076.0,5054.5,5054.5,9887.0
2026-07-08 10:05:00,5059.0,5060.0,5047.0,5057.0,3578.0
2026-07-08 10:10:00,5059.5,5072.0,5055.5,5062.5,1597.0
2026-07-08 10:15:00,5063.0,5073.5,5059.0,5059.0,2240.0
2026-07-08 10:20:00,5060.0,5064.5,5051.0,5056.5,2323.0
2026-07-08 10:25:00,5055.5,5061.0,5046.5,5048.0,3294.0
2026-07-08 10:30:00,5048.5,5049.0,5040.5,5043.0,2292.0
2026-07-08 10:35:00,5043.0,5047.5,5041.5,5047.0,1562.0
2026-07-08 10:40:00,5047.5,5047.5,5042.0,5045.0,1782.0
2026-07-08 10:45:00,5044.5,5047.0,5042.5,5045.5,333.0
2026-07-08 10:50:00,5045.5,5047.0,5035.0,5035.5,2637.0
2026-07-08 10:55:00,5035.0,5038.5,5020.5,5027.0,3178.0
2026-07-08 11:00:00,5027.0,5035.0,5021.5,5035.0,1015.0
2026-07-08 11:05:00,5036.0,5040.0,5030.0,5040.0,923.0
2026-07-08 11:10:00,5039.5,5042.0,5032.5,5035.0,1154.0
2026-07-08 11:15:00,5037.0,5038.0,5022.0,5023.0,543.0
2026-07-08 11:20:00,5023.0,5041.0,5016.0,5033.0,3477.0
2026-07-08 11:25:00,5032.5,5042.0,5032.5,5042.0,789.0
2026-07-08 11:30:00,5037.5,5040.0,5034.0,5034.0,1685.0
2026-07-08 11:35:00,5035.0,5035.0,5032.0,5034.0,278.0
2026-07-08 11:40:00,5033.5,5038.5,5025.5,5026.0,1183.0
2026-07-08 11:45:00,5028.5,5042.5,5025.5,5042.5,2201.0
2026-07-08 11:50:00,5041.5,5066.5,5039.5,5056.5,7087.0
2026-07-08 11:55:00,5056.5,5058.5,5050.0,5054.5,2886.0
2026-07-08 12:00:00,5053.5,5063.0,5048.5,5048.5,3468.0
2026-07-08 12:05:00,5045.5,5060.0,5043.5,5060.0,1177.0
2026-07-08 12:10:00,5057.5,5062.5,5057.0,5061.0,748.0
2026-07-08 12:15:00,5061.0,5061.0,5055.0,5058.0,1899.0
2026-07-08 12:20:00,5060.0,5061.5,5054.0,5055.5,1164.0
2026-07-08 12:25:00,5055.5,5062.0,5053.0,5053.0,751.0
2026-07-08 12:30:00,5053.0,5057.5,5050.0,5056.0,312.0
2026-07-08 12:35:00,5053.5,5056.5,5052.0,5053.0,627.0
2026-07-08 12:40:00,5056.0,5057.0,5052.5,5056.0,273.0
2026-07-08 12:45:00,5057.0,5065.0,5055.0,5063.5,1108.0
2026-07-08 12:50:00,5063.5,5080.0,5063.5,5074.0,3194.0
2026-07-08 12:55:00,5075.0,5075.0,5067.5,5067.5,608.0
2026-07-08 13:00:00,5070.0,5072.5,5066.0,5070.0,927.0
2026-07-08 13:05:00,5067.0,5070.0,5066.0,5066.0,174.0
2026-07-08 13:10:00,5070.0,5074.0,5065.5,5070.5,1950.0
2026-07-08 13:15:00,5072.0,5072.5,5070.0,5070.0,1278.0
2026-07-08 13:20:00,5070.0,5074.5,5064.0,5066.0,5345.0
2026-07-08 13:25:00,5064.5,5069.0,5062.0,5069.0,1459.0
2026-07-08 13:30:00,5069.5,5072.0,5065.5,5065.5,202.0
2026-07-08 13:35:00,5067.5,5072.0,5066.0,5068.5,210.0
2026-07-08 13:40:00,5070.0,5075.0,5065.0,5066.5,5794.0
2026-07-08 13:45:00,5066.5,5068.5,5050.0,5052.0,5277.0
2026-07-08 13:50:00,5052.0,5056.0,5048.5,5051.0,8699.0
2026-07-08 13:55:00,5050.0,5055.5,5027.0,5028.5,6152.0
2026-07-08 14:00:00,5027.5,5036.0,5020.5,5022.0,4734.0
2026-07-08 14:05:00,5026.0,5027.0,5002.5,5003.0,3584.0
2026-07-08 14:10:00,5005.0,5013.5,5001.0,5007.5,3106.0
2026-07-08 14:15:00,5009.0,5024.0,4987.0,4994.5,13893.0
2026-07-08 14:20:00,4995.0,5014.0,4981.0,5000.5,21347.0
2026-07-08 14:25:00,5000.5,5004.5,4969.0,4981.0,26811.0
2026-07-08 14:30:00,4977.5,4985.5,4959.5,4976.5,10169.0
2026-07-08 14:35:00,4979.0,4986.0,4967.0,4970.5,4630.0
2026-07-08 14:40:00,4970.5,4991.5,4970.0,4990.5,2767.0
2026-07-08 14:45:00,4990.0,4990.0,4976.0,4976.0,4490.0
2026-07-08 14:50:00,4975.0,4985.5,4965.0,4980.5,3540.0
2026-07-08 14:55:00,4981.0,4987.5,4970.0,4983.0,4448.0
2026-07-08 15:00:00,4985.0,5002.5,4982.0,4992.5,5879.0
2026-07-08 15:05:00,4991.5,5022.0,4991.5,5011.5,7067.0
2026-07-08 15:10:00,5012.0,5027.0,5010.5,5026.0,5008.0
2026-07-08 15:15:00,5025.0,5053.5,5025.0,5046.5,5973.0
2026-07-08 15:20:00,5046.5,5052.5,5034.0,5050.0,9847.0
2026-07-08 15:25:00,5050.0,5063.0,4997.5,5014.0,11680.0
2026-07-09 09:15:00,5030.5,5078.5,5027.0,5063.0,6456.0
2026-07-09 09:20:00,5060.5,5064.0,5050.0,5059.0,2071.0
2026-07-09 09:25:00,5057.5,5063.5,5043.0,5052.0,3936.0
2026-07-09 09:30:00,5051.0,5054.0,5020.5,5023.5,3177.0
2026-07-09 09:35:00,5023.5,5036.5,5019.0,5023.0,1996.0
2026-07-09 09:40:00,5025.0,5025.5,5012.0,5022.5,2527.0
2026-07-09 09:45:00,5024.5,5028.0,4994.0,4997.0,2346.0
2026-07-09 09:50:00,4999.5,5002.0,4925.0,4948.0,17998.0
2026-07-09 09:55:00,4948.5,4970.0,4948.5,4963.5,2361.0
2026-07-09 10:00:00,4961.0,4995.5,4961.0,4987.0,10954.0
2026-07-09 10:05:00,4985.5,5004.5,4985.0,5001.5,4597.0
2026-07-09 10:10:00,5001.0,5018.0,4989.5,4997.0,8281.0
2026-07-09 10:15:00,4997.0,5001.0,4986.5,4992.0,2882.0
2026-07-09 10:20:00,4993.0,4998.0,4976.0,4982.0,2589.0
2026-07-09 10:25:00,4984.5,4987.0,4962.5,4973.0,3825.0
2026-07-09 10:30:00,4975.5,4977.0,4960.0,4969.0,1280.0
2026-07-09 10:35:00,4969.5,4984.5,4967.5,4974.5,1347.0
2026-07-09 10:40:00,4972.5,4999.0,4972.5,4986.0,1269.0
2026-07-09 10:45:00,4988.5,4992.5,4977.0,4979.0,915.0
2026-07-09 10:50:00,4978.0,5007.0,4976.5,4998.0,1983.0
2026-07-09 10:55:00,5000.0,5004.0,4982.5,4990.0,2808.0
2026-07-09 11:00:00,4990.0,4994.0,4965.0,4967.5,3394.0
2026-07-09 11:05:00,4970.0,4992.0,4966.0,4986.0,4600.0
2026-07-09 11:10:00,4988.5,4991.0,4979.0,4987.0,2206.0
2026-07-09 11:15:00,4987.5,4990.5,4976.0,4986.0,4130.0
2026-07-09 11:20:00,4988.0,4989.5,4979.0,4982.5,2895.0
2026-07-09 11:25:00,4985.0,4996.0,4982.5,4993.5,4962.0
2026-07-09 11:30:00,4992.5,4998.5,4971.5,4972.5,3347.0
2026-07-09 11:35:00,4973.0,4995.0,4973.0,4986.5,3147.0
2026-07-09 11:40:00,4989.0,4992.0,4980.0,4985.5,2669.0
2026-07-09 11:45:00,4985.5,4989.0,4975.0,4976.0,2962.0
2026-07-09 11:50:00,4975.0,4977.5,4961.0,4969.5,4130.0
2026-07-09 11:55:00,4970.5,4976.5,4970.5,4971.5,1508.0
2026-07-09 12:00:00,4972.0,4975.0,4969.0,4972.5,1900.0
2026-07-09 12:05:00,4973.0,4978.5,4968.0,4971.5,1972.0
2026-07-09 12:10:00,4971.0,4974.0,4966.0,4967.0,2004.0
2026-07-09 12:15:00,4967.0,4970.0,4951.0,4955.0,3979.0
2026-07-09 12:20:00,4952.0,4954.5,4944.0,4945.5,2821.0
2026-07-09 12:25:00,4944.0,4960.0,4944.0,4960.0,4369.0
2026-07-09 12:30:00,4958.5,4969.0,4956.0,4960.5,3049.0
2026-07-09 12:35:00,4962.0,4967.5,4950.5,4953.5,3366.0
2026-07-09 12:40:00,4953.5,4959.5,4952.0,4952.5,2448.0
2026-07-09 12:45:00,4952.0,4958.0,4951.0,4954.0,2242.0
2026-07-09 12:50:00,4952.5,4969.0,4949.0,4966.5,5119.0
2026-07-09 12:55:00,4969.0,4978.5,4966.5,4971.5,3357.0
2026-07-09 13:00:00,4972.0,4972.0,4961.0,4967.0,4485.0
2026-07-09 13:05:00,4964.0,4988.0,4964.0,4976.0,6777.0
2026-07-09 13:10:00,4977.5,4989.0,4974.5,4984.5,4732.0
2026-07-09 13:15:00,4987.0,4996.5,4986.0,4989.0,3774.0
2026-07-09 13:20:00,4986.5,4989.5,4980.0,4983.5,3868.0
2026-07-09 13:25:00,4983.5,4989.5,4976.0,4986.5,3336.0
2026-07-09 13:30:00,4988.5,4999.0,4985.5,4996.0,5017.0
2026-07-09 13:35:00,4998.0,5013.5,4995.0,5007.0,13588.0
2026-07-09 13:40:00,5007.0,5016.0,5002.5,5013.0,2651.0
2026-07-09 13:45:00,5016.0,5017.5,5011.0,5013.5,2118.0
2026-07-09 13:50:00,5014.0,5015.5,5009.5,5009.5,1589.0
2026-07-09 13:55:00,5011.0,5015.5,5011.0,5011.0,1426.0
2026-07-09 14:00:00,5011.0,5022.0,5011.0,5018.5,2725.0
2026-07-09 14:05:00,5016.5,5019.5,5012.5,5014.0,1085.0
2026-07-09 14:10:00,5015.0,5017.5,5010.5,5014.5,1096.0
2026-07-09 14:15:00,5017.0,5017.0,5012.5,5014.0,1077.0
2026-07-09 14:20:00,5013.5,5053.5,5010.5,5051.0,5160.0
2026-07-09 14:25:00,5053.5,5053.5,5022.5,5028.0,4517.0
2026-07-09 14:30:00,5028.0,5034.0,5025.5,5027.5,4169.0
2026-07-09 14:35:00,5027.5,5046.5,5027.5,5027.5,4589.0
2026-07-09 14:40:00,5028.0,5036.5,5027.0,5030.5,2498.0
2026-07-09 14:45:00,5030.5,5033.5,5027.5,5029.0,2121.0
2026-07-09 14:50:00,5031.0,5038.0,5015.0,5036.5,4705.0
2026-07-09 14:55:00,5035.0,5048.5,5034.0,5034.0,12445.0
2026-07-09 15:00:00,5031.0,5040.5,5014.0,5017.5,13721.0
2026-07-09 15:05:00,5019.5,5021.0,5002.0,5018.0,10319.0
2026-07-09 15:10:00,5018.0,5018.0,4995.0,4995.0,11586.0
2026-07-09 15:15:00,5001.0,5006.5,4997.0,4998.5,20741.0
2026-07-09 15:20:00,4997.5,5004.0,4996.5,4998.5,15144.0
2026-07-09 15:25:00,4998.5,5010.0,4989.0,4998.0,8498.0
2026-07-10 09:15:00,5037.0,5097.0,5037.0,5080.5,7850.0
2026-07-10 09:20:00,5080.0,5100.0,5069.0,5071.0,8351.0
2026-07-10 09:25:00,5064.5,5077.0,5064.5,5075.5,2872.0
2026-07-10 09:30:00,5077.0,5087.0,5075.0,5087.0,2593.0
2026-07-10 09:35:00,5088.5,5088.5,5076.5,5082.0,2127.0
2026-07-10 09:40:00,5082.0,5097.5,5077.0,5097.5,2766.0
2026-07-10 09:45:00,5096.5,5100.5,5081.0,5093.5,6767.0
2026-07-10 09:50:00,5096.0,5099.5,5091.5,5099.0,2094.0
2026-07-10 09:55:00,5098.5,5115.0,5098.5,5114.0,5885.0
2026-07-10 10:00:00,5114.0,5120.0,5111.5,5114.5,2180.0
2026-07-10 10:05:00,5114.5,5117.0,5105.5,5110.0,4281.0
2026-07-10 10:10:00,5110.0,5154.5,5108.0,5134.5,17164.0
2026-07-10 10:15:00,5131.5,5137.0,5129.5,5130.0,2511.0
2026-07-10 10:20:00,5132.5,5135.0,5129.5,5131.5,1656.0
2026-07-10 10:25:00,5133.0,5148.0,5131.5,5142.0,4008.0
2026-07-10 10:30:00,5145.0,5145.0,5132.0,5137.5,7478.0
2026-07-10 10:35:00,5139.5,5141.5,5131.5,5131.5,3313.0
2026-07-10 10:40:00,5132.0,5142.0,5130.5,5142.0,1962.0
2026-07-10 10:45:00,5142.0,5147.0,5140.0,5145.0,3398.0
2026-07-10 10:50:00,5145.0,5145.0,5138.5,5140.5,9425.0
2026-07-10 10:55:00,5140.5,5155.0,5138.0,5146.5,4892.0
2026-07-10 11:00:00,5146.5,5150.0,5141.0,5143.0,1767.0
2026-07-10 11:05:00,5142.5,5150.0,5141.5,5150.0,2944.0
2026-07-10 11:10:00,5148.0,5156.5,5148.0,5155.0,5129.0
2026-07-10 11:15:00,5154.0,5159.0,5149.5,5151.0,2858.0
2026-07-10 11:20:00,5151.0,5164.0,5151.0,5161.5,6672.0
2026-07-10 11:25:00,5161.5,5164.0,5155.5,5155.5,2645.0
2026-07-10 11:30:00,5155.5,5164.0,5155.5,5160.5,2733.0
2026-07-10 11:35:00,5157.5,5159.0,5128.5,5130.0,3258.0
2026-07-10 11:40:00,5132.0,5132.0,5118.5,5125.0,3815.0
2026-07-10 11:45:00,5123.5,5144.0,5122.0,5142.5,1966.0
2026-07-10 11:50:00,5140.5,5142.5,5136.0,5140.5,1201.0
2026-07-10 11:55:00,5140.5,5141.0,5130.0,5141.0,2706.0
2026-07-10 12:00:00,5141.0,5146.5,5139.0,5145.0,1490.0
2026-07-10 12:05:00,5144.5,5148.5,5142.0,5146.0,1030.0
2026-07-10 12:10:00,5142.0,5152.0,5142.0,5147.0,2055.0
2026-07-10 12:15:00,5146.5,5155.0,5140.0,5155.0,1824.0
2026-07-10 12:20:00,5154.0,5162.0,5148.5,5159.0,3954.0
2026-07-10 12:25:00,5156.5,5161.0,5154.5,5155.5,1438.0
2026-07-10 12:30:00,5156.0,5162.0,5154.5,5161.5,1316.0
2026-07-10 12:35:00,5160.5,5163.0,5147.0,5154.5,2508.0
2026-07-10 12:40:00,5152.5,5155.5,5151.0,5154.0,1446.0
2026-07-10 12:45:00,5153.5,5156.5,5149.5,5156.0,1692.0
2026-07-10 12:50:00,5156.0,5156.5,5145.0,5152.0,1651.0
2026-07-10 12:55:00,5148.5,5152.0,5124.5,5133.5,3506.0
2026-07-10 13:00:00,5134.0,5136.5,5130.5,5136.0,1338.0
2026-07-10 13:05:00,5135.0,5136.0,5123.0,5123.0,2380.0
2026-07-10 13:10:00,5123.0,5136.0,5122.0,5135.5,3052.0
2026-07-10 13:15:00,5136.5,5144.0,5136.5,5142.0,1906.0
2026-07-10 13:20:00,5142.0,5143.0,5126.0,5129.5,2807.0
2026-07-10 13:25:00,5132.0,5138.5,5130.0,5136.0,1304.0
2026-07-10 13:30:00,5137.5,5137.5,5128.0,5130.5,1305.0
2026-07-10 13:35:00,5130.0,5130.0,5126.5,5129.0,1507.0
2026-07-10 13:40:00,5129.0,5130.0,5127.0,5129.5,1157.0
2026-07-10 13:45:00,5129.5,5136.5,5127.5,5131.5,1917.0
2026-07-10 13:50:00,5133.0,5144.0,5133.0,5144.0,993.0
2026-07-10 13:55:00,5144.0,5146.5,5143.5,5143.5,1235.0
2026-07-10 14:00:00,5142.0,5147.0,5138.0,5141.0,1331.0
2026-07-10 14:05:00,5141.0,5143.0,5132.0,5132.0,1604.0
2026-07-10 14:10:00,5130.0,5137.5,5128.5,5137.5,983.0
2026-07-10 14:15:00,5137.5,5140.5,5132.0,5136.0,1282.0
2026-07-10 14:20:00,5136.0,5144.0,5136.0,5138.5,2114.0
2026-07-10 14:25:00,5138.0,5142.0,5133.0,5138.0,2332.0
2026-07-10 14:30:00,5137.0,5139.0,5129.0,5129.0,2161.0
2026-07-10 14:35:00,5129.0,5134.0,5129.0,5133.0,1871.0
2026-07-10 14:40:00,5133.0,5135.5,5131.0,5135.0,1256.0
2026-07-10 14:45:00,5135.5,5138.0,5125.0,5138.0,2364.0
2026-07-10 14:50:00,5137.0,5140.0,5136.0,5138.5,2237.0
2026-07-10 14:55:00,5136.0,5138.5,5132.5,5134.0,2054.0
2026-07-10 15:00:00,5134.5,5160.0,5130.5,5154.5,6222.0
2026-07-10 15:05:00,5155.0,5160.0,5148.0,5154.5,5108.0
2026-07-10 15:10:00,5155.0,5156.5,5150.0,5151.0,6559.0
2026-07-10 15:15:00,5151.5,5151.5,5140.5,5144.0,7928.0
2026-07-10 15:20:00,5144.0,5148.0,5140.0,5147.0,5879.0
2026-07-10 15:25:00,5147.0,5166.0,5145.0,5150.0,7575.0
