timestamp,open,high,low,close,volume
2026-06-01 09:15:00,1372.4,1379.8,1368.9,1371.4,59585.0
2026-06-01 09:20:00,1371.9,1372.7,1364.0,1371.4,46907.0
2026-06-01 09:25:00,1370.9,1372.2,1365.0,1365.5,42442.0
2026-06-01 09:30:00,1365.2,1366.0,1360.0,1360.2,26560.0
2026-06-01 09:35:00,1360.2,1364.8,1358.0,1364.5,22784.0
2026-06-01 09:40:00,1365.1,1377.0,1363.8,1374.9,76770.0
2026-06-01 09:45:00,1374.5,1376.2,1371.4,1374.1,44518.0
2026-06-01 09:50:00,1374.5,1376.0,1371.6,1375.1,45516.0
2026-06-01 09:55:00,1374.5,1377.4,1374.0,1375.6,54213.0
2026-06-01 10:00:00,1375.7,1375.7,1372.0,1372.0,25600.0
2026-06-01 10:05:00,1372.0,1372.9,1369.5,1372.1,201819.0
2026-06-01 10:10:00,1372.3,1373.2,1368.0,1369.5,98505.0
2026-06-01 10:15:00,1369.2,1375.4,1368.6,1372.0,123360.0
2026-06-01 10:20:00,1371.9,1374.4,1370.0,1371.3,113161.0
2026-06-01 10:25:00,1371.3,1372.0,1369.1,1370.0,214509.0
2026-06-01 10:30:00,1370.0,1372.8,1369.2,1372.3,38356.0
2026-06-01 10:35:00,1372.9,1377.0,1372.4,1376.7,26757.0
2026-06-01 10:40:00,1376.7,1380.5,1375.5,1379.1,31637.0
2026-06-01 10:45:00,1379.1,1384.7,1378.7,1379.9,34561.0
2026-06-01 10:50:00,1379.0,1381.5,1377.9,1381.1,17907.0
2026-06-01 10:55:00,1381.0,1387.9,1381.0,1386.0,28728.0
2026-06-01 11:00:00,1386.0,1389.7,1385.2,1389.7,29614.0
2026-06-01 11:05:00,1389.6,1391.9,1388.1,1391.3,62464.0
2026-06-01 11:10:00,1391.4,1393.0,1389.5,1391.7,30239.0
2026-06-01 11:15:00,1392.2,1396.5,1391.8,1395.8,35530.0
2026-06-01 11:20:00,1395.8,1398.8,1392.1,1393.8,50491.0
2026-06-01 11:25:00,1394.1,1395.8,1390.2,1390.7,26763.0
2026-06-01 11:30:00,1390.7,1393.0,1389.2,1392.0,31797.0
2026-06-01 11:35:00,1392.0,1393.2,1385.4,1386.9,41445.0
2026-06-01 11:40:00,1387.5,1388.0,1385.4,1386.0,24634.0
2026-06-01 11:45:00,1386.2,1388.8,1385.7,1388.1,19522.0
2026-06-01 11:50:00,1388.7,1393.6,1387.8,1392.0,42266.0
2026-06-01 11:55:00,1391.7,1393.7,1387.6,1388.3,37001.0
2026-06-01 12:00:00,1388.3,1390.0,1385.7,1389.9,17282.0
2026-06-01 12:05:00,1389.8,1394.0,1389.5,1394.0,36255.0
2026-06-01 12:10:00,1393.5,1394.9,1390.4,1393.8,30702.0
2026-06-01 12:15:00,1394.7,1394.9,1392.9,1393.7,26257.0
2026-06-01 12:20:00,1394.1,1395.2,1392.9,1395.2,27267.0
2026-06-01 12:25:00,1394.8,1395.8,1391.1,1392.5,37261.0
2026-06-01 12:30:00,1392.5,1393.1,1391.4,1392.6,20870.0
2026-06-01 12:35:00,1392.2,1393.5,1391.6,1392.4,32737.0
2026-06-01 12:40:00,1392.4,1393.7,1390.1,1393.4,53722.0
2026-06-01 12:45:00,1393.8,1397.0,1393.4,1396.0,42559.0
2026-06-01 12:50:00,1396.0,1397.4,1394.6,1396.2,26804.0
2026-06-01 12:55:00,1396.2,1396.7,1392.0,1392.0,35159.0
2026-06-01 13:00:00,1393.4,1393.5,1390.0,1391.3,19140.0
2026-06-01 13:05:00,1390.7,1392.3,1388.2,1388.8,28196.0
2026-06-01 13:10:00,1388.4,1390.0,1387.3,1388.9,17437.0
2026-06-01 13:15:00,1389.3,1390.4,1388.6,1390.3,16141.0
2026-06-01 13:20:00,1390.0,1390.6,1387.9,1388.0,18616.0
2026-06-01 13:25:00,1387.9,1391.9,1387.9,1391.8,15668.0
2026-06-01 13:30:00,1391.4,1393.2,1390.7,1390.7,25977.0
2026-06-01 13:35:00,1390.5,1392.7,1390.0,1391.8,20232.0
2026-06-01 13:40:00,1391.3,1392.4,1390.4,1391.4,21621.0
2026-06-01 13:45:00,1391.0,1391.7,1389.7,1390.0,18895.0
2026-06-01 13:50:00,1390.0,1391.2,1389.5,1390.4,15926.0
2026-06-01 13:55:00,1390.0,1390.9,1386.8,1389.0,42277.0
2026-06-01 14:00:00,1389.1,1390.1,1384.5,1386.6,25682.0
2026-06-01 14:05:00,1386.5,1387.5,1385.5,1385.9,13230.0
2026-06-01 14:10:00,1385.9,1388.5,1385.3,1386.0,17785.0
2026-06-01 14:15:00,1386.5,1389.9,1386.0,1389.9,24888.0
2026-06-01 14:20:00,1389.8,1389.9,1387.2,1387.7,22269.0
2026-06-01 14:25:00,1387.7,1389.2,1386.5,1386.9,19266.0
2026-06-01 14:30:00,1386.6,1388.6,1385.0,1387.0,11944.0
2026-06-01 14:35:00,1386.8,1390.1,1386.5,1389.4,19101.0
2026-06-01 14:40:00,1389.1,1390.0,1388.4,1389.6,9033.0
2026-06-01 14:45:00,1389.6,1391.9,1388.6,1389.9,17757.0
2026-06-01 14:50:00,1390.0,1390.3,1386.0,1386.2,15723.0
2026-06-01 14:55:00,1386.2,1387.7,1384.6,1386.0,16961.0
2026-06-01 15:00:00,1385.7,1388.8,1385.1,1388.6,39130.0
2026-06-01 15:05:00,1388.6,1389.7,1387.3,1389.7,46149.0
2026-06-01 15:10:00,1389.8,1391.2,1389.0,1390.3,47767.0
2026-06-01 15:15:00,1390.4,1392.5,1386.0,1387.0,78459.0
2026-06-01 15:20:00,1387.0,1387.1,1384.9,1385.0,50998.0
2026-06-01 15:25:00,1384.9,1391.6,1384.9,1386.6,63981.0
2026-06-02 09:15:00,1388.0,1390.7,1375.2,1378.1,62982.0
2026-06-02 09:20:00,1377.7,1378.7,1372.5,1375.0,37815.0
2026-06-02 09:25:00,1374.7,1375.1,1371.6,1374.4,29349.0
2026-06-02 09:30:00,1374.8,1376.9,1370.5,1372.6,17254.0
2026-06-02 09:35:00,1372.6,1379.4,1372.6,1378.6,12940.0
2026-06-02 09:40:00,1378.3,1380.7,1375.0,1377.4,14220.0
2026-06-02 09:45:00,1377.3,1378.2,1375.7,1377.0,9854.0
2026-06-02 09:50:00,1377.2,1383.4,1374.0,1382.7,79125.0
2026-06-02 09:55:00,1382.4,1383.1,1381.1,1382.7,11775.0
2026-06-02 10:00:00,1383.0,1384.0,1381.4,1381.8,29473.0
2026-06-02 10:05:00,1381.8,1382.1,1377.6,1378.4,23703.0
2026-06-02 10:10:00,1378.4,1379.0,1376.5,1377.4,14611.0
2026-06-02 10:15:00,1376.6,1380.8,1376.0,1380.8,29488.0
2026-06-02 10:20:00,1380.6,1384.8,1380.5,1384.5,22457.0
2026-06-02 10:25:00,1384.8,1386.9,1383.8,1386.9,12642.0
2026-06-02 10:30:00,1386.4,1388.3,1384.6,1384.6,25622.0
2026-06-02 10:35:00,1384.6,1385.6,1383.3,1384.5,16881.0
2026-06-02 10:40:00,1384.1,1385.6,1383.3,1384.2,12635.0
2026-06-02 10:45:00,1384.3,1384.7,1380.2,1381.1,28248.0
2026-06-02 10:50:00,1380.7,1382.5,1378.6,1379.8,20171.0
2026-06-02 10:55:00,1379.7,1380.9,1378.5,1380.9,14000.0
2026-06-02 11:00:00,1381.0,1381.7,1380.0,1381.2,14502.0
2026-06-02 11:05:00,1380.9,1381.1,1379.1,1379.7,14303.0
2026-06-02 11:10:00,1379.9,1383.9,1379.1,1383.5,34905.0
2026-06-02 11:15:00,1383.0,1383.6,1382.0,1383.0,18444.0
2026-06-02 11:20:00,1383.0,1384.6,1382.9,1384.5,25661.0
2026-06-02 11:25:00,1384.2,1384.6,1381.9,1383.2,16609.0
2026-06-02 11:30:00,1382.6,1383.9,1381.5,1381.7,16606.0
2026-06-02 11:35:00,1381.7,1381.8,1378.9,1378.9,12869.0
2026-06-02 11:40:00,1379.3,1380.5,1378.3,1379.5,12923.0
2026-06-02 11:45:00,1379.5,1382.1,1379.0,1381.4,199506.0
2026-06-02 11:50:00,1380.6,1381.6,1380.0,1380.7,11799.0
2026-06-02 11:55:00,1380.6,1382.2,1377.1,1377.5,20104.0
2026-06-02 12:00:00,1377.4,1377.7,1375.8,1377.1,17557.0
2026-06-02 12:05:00,1377.1,1377.6,1375.7,1377.4,17518.0
2026-06-02 12:10:00,1377.4,1378.0,1374.6,1375.9,21615.0
2026-06-02 12:15:00,1375.5,1378.1,1375.5,1375.7,17194.0
2026-06-02 12:20:00,1375.5,1376.7,1373.4,1376.7,29577.0
2026-06-02 12:25:00,1376.2,1377.8,1375.2,1376.9,16852.0
2026-06-02 12:30:00,1377.3,1378.9,1375.5,1378.2,31203.0
2026-06-02 12:35:00,1378.3,1379.3,1377.4,1377.4,13762.0
2026-06-02 12:40:00,1377.8,1380.7,1376.6,1380.5,22694.0
2026-06-02 12:45:00,1380.4,1382.0,1380.0,1381.2,19961.0
2026-06-02 12:50:00,1381.0,1382.4,1379.8,1381.0,18427.0
2026-06-02 12:55:00,1380.6,1382.2,1380.0,1382.0,11884.0
2026-06-02 13:00:00,1381.8,1382.0,1378.8,1379.2,20998.0
2026-06-02 13:05:00,1379.3,1379.5,1378.0,1378.1,12102.0
2026-06-02 13:10:00,1378.7,1379.2,1377.5,1378.2,14660.0
2026-06-02 13:15:00,1378.4,1379.4,1377.8,1378.4,13096.0
2026-06-02 13:20:00,1378.3,1379.4,1377.3,1379.4,12722.0
2026-06-02 13:25:00,1378.9,1379.5,1377.4,1378.1,12891.0
2026-06-02 13:30:00,1378.1,1381.9,1378.0,1381.9,20716.0
2026-06-02 13:35:00,1381.6,1382.6,1380.5,1381.9,15327.0
2026-06-02 13:40:00,1381.9,1383.6,1381.2,1382.1,18984.0
2026-06-02 13:45:00,1382.1,1386.7,1382.0,1382.5,610535.0
2026-06-02 13:50:00,1382.1,1382.6,1378.0,1379.8,49286.0
2026-06-02 13:55:00,1379.7,1383.5,1379.7,1383.2,13713.0
2026-06-02 14:00:00,1383.0,1383.8,1382.4,1383.1,13078.0
2026-06-02 14:05:00,1383.1,1384.2,1379.9,1383.2,31900.0
2026-06-02 14:10:00,1383.1,1383.6,1381.0,1382.2,11076.0
2026-06-02 14:15:00,1382.0,1383.5,1381.7,1382.2,12215.0
2026-06-02 14:20:00,1382.2,1384.6,1382.2,1382.9,12727.0
2026-06-02 14:25:00,1382.9,1384.4,1381.8,1384.4,12252.0
2026-06-02 14:30:00,1384.0,1384.1,1382.4,1383.0,3487.0
2026-06-02 14:35:00,1382.9,1383.2,1381.6,1381.8,5045.0
2026-06-02 14:40:00,1381.5,1381.5,1379.0,1379.7,19281.0
2026-06-02 14:45:00,1379.8,1382.5,1378.0,1382.5,19426.0
2026-06-02 14:50:00,1382.5,1382.8,1380.2,1381.2,10102.0
2026-06-02 14:55:00,1381.3,1383.5,1381.2,1381.5,13781.0
2026-06-02 15:00:00,1381.5,1387.4,1380.1,1386.3,30476.0
2026-06-02 15:05:00,1386.7,1388.0,1385.1,1386.7,17355.0
2026-06-02 15:10:00,1386.8,1387.3,1383.3,1383.6,56070.0
2026-06-02 15:15:00,1383.6,1384.2,1382.1,1383.2,37217.0
2026-06-02 15:20:00,1383.2,1384.5,1382.0,1382.2,20813.0
2026-06-02 15:25:00,1382.0,1382.1,1372.1,1380.0,48948.0
2026-06-03 09:15:00,1382.0,1383.2,1372.6,1374.2,32275.0
2026-06-03 09:20:00,1374.6,1381.8,1374.4,1377.4,22907.0
2026-06-03 09:25:00,1377.4,1377.5,1373.6,1376.1,20986.0
2026-06-03 09:30:00,1375.8,1376.3,1371.0,1372.4,26053.0
2026-06-03 09:35:00,1372.7,1381.6,1372.3,1381.6,19620.0
2026-06-03 09:40:00,1381.5,1384.0,1380.0,1383.7,32018.0
2026-06-03 09:45:00,1383.3,1387.4,1381.4,1384.5,24962.0
2026-06-03 09:50:00,1384.5,1386.3,1380.2,1380.2,13412.0
2026-06-03 09:55:00,1380.9,1380.9,1377.0,1378.8,26885.0
2026-06-03 10:00:00,1378.8,1384.9,1378.8,1384.9,15173.0
2026-06-03 10:05:00,1384.9,1387.7,1383.0,1387.0,48834.0
2026-06-03 10:10:00,1386.3,1386.3,1381.8,1381.8,13033.0
2026-06-03 10:15:00,1381.8,1384.7,1381.1,1383.6,11085.0
2026-06-03 10:20:00,1384.0,1384.7,1382.9,1383.5,9460.0
2026-06-03 10:25:00,1383.6,1383.6,1380.2,1380.3,12410.0
2026-06-03 10:30:00,1380.7,1387.8,1380.7,1386.6,29773.0
2026-06-03 10:35:00,1387.3,1387.9,1384.3,1385.5,21985.0
2026-06-03 10:40:00,1385.2,1387.6,1384.4,1386.1,27487.0
2026-06-03 10:45:00,1385.6,1387.5,1384.5,1387.5,16564.0
2026-06-03 10:50:00,1387.5,1389.4,1387.3,1387.8,27521.0
2026-06-03 10:55:00,1387.9,1389.6,1386.6,1388.6,21741.0
2026-06-03 11:00:00,1389.0,1389.0,1384.1,1384.5,33127.0
2026-06-03 11:05:00,1384.6,1384.6,1382.2,1382.3,24160.0
2026-06-03 11:10:00,1382.7,1385.0,1382.7,1383.8,18881.0
2026-06-03 11:15:00,1384.2,1388.8,1384.0,1388.7,15304.0
2026-06-03 11:20:00,1388.4,1392.6,1388.2,1391.2,26748.0
2026-06-03 11:25:00,1390.8,1394.0,1390.2,1393.0,23533.0
2026-06-03 11:30:00,1393.3,1394.0,1391.5,1392.1,27752.0
2026-06-03 11:35:00,1391.8,1392.2,1389.8,1391.8,24647.0
2026-06-03 11:40:00,1391.9,1392.4,1390.0,1391.5,14603.0
2026-06-03 11:45:00,1391.7,1392.4,1390.6,1392.4,23441.0
2026-06-03 11:50:00,1392.3,1393.3,1392.0,1393.0,16134.0
2026-06-03 11:55:00,1392.9,1392.9,1391.7,1391.9,13432.0
2026-06-03 12:00:00,1392.5,1392.5,1388.2,1389.5,24080.0
2026-06-03 12:05:00,1389.8,1390.4,1388.2,1389.4,18730.0
2026-06-03 12:10:00,1389.5,1389.8,1386.8,1387.1,19015.0
2026-06-03 12:15:00,1386.7,1387.3,1384.5,1384.7,39226.0
2026-06-03 12:20:00,1384.0,1387.7,1384.0,1387.3,14807.0
2026-06-03 12:25:00,1387.3,1389.4,1387.3,1388.9,19804.0
2026-06-03 12:30:00,1388.7,1391.3,1388.7,1391.3,14747.0
2026-06-03 12:35:00,1391.0,1393.1,1390.7,1393.1,17537.0
2026-06-03 12:40:00,1393.1,1394.5,1391.7,1392.2,24884.0
2026-06-03 12:45:00,1392.7,1394.5,1390.2,1392.5,60033.0
2026-06-03 12:50:00,1392.4,1393.4,1390.6,1391.7,18670.0
2026-06-03 12:55:00,1391.7,1393.8,1391.4,1393.2,17310.0
2026-06-03 13:00:00,1393.2,1394.2,1392.9,1393.8,14197.0
2026-06-03 13:05:00,1393.8,1395.0,1393.1,1393.6,17148.0
2026-06-03 13:10:00,1393.6,1394.4,1393.2,1394.4,13085.0
2026-06-03 13:15:00,1394.8,1396.0,1394.6,1395.0,25628.0
2026-06-03 13:20:00,1395.0,1395.9,1394.8,1395.9,11920.0
2026-06-03 13:25:00,1396.0,1396.8,1393.5,1393.6,16413.0
2026-06-03 13:30:00,1394.0,1394.4,1391.3,1394.0,8364.0
2026-06-03 13:35:00,1394.0,1394.2,1393.6,1393.6,4703.0
2026-06-03 13:40:00,1393.6,1395.0,1393.6,1394.5,5671.0
2026-06-03 13:45:00,1394.5,1396.7,1394.5,1395.6,8295.0
2026-06-03 13:50:00,1395.9,1395.9,1394.7,1395.2,10382.0
2026-06-03 13:55:00,1395.0,1395.2,1394.6,1394.7,3844.0
2026-06-03 14:00:00,1394.8,1394.8,1393.0,1393.2,11287.0
2026-06-03 14:05:00,1393.2,1394.0,1392.4,1392.7,8429.0
2026-06-03 14:10:00,1392.8,1393.0,1391.4,1392.9,7966.0
2026-06-03 14:15:00,1392.9,1394.5,1392.9,1394.3,7065.0
2026-06-03 14:20:00,1394.3,1395.5,1393.5,1395.0,7612.0
2026-06-03 14:25:00,1395.0,1395.5,1394.9,1395.0,9606.0
2026-06-03 14:30:00,1395.1,1396.0,1395.1,1395.8,8230.0
2026-06-03 14:35:00,1395.9,1395.9,1394.0,1395.3,9071.0
2026-06-03 14:40:00,1395.4,1396.2,1394.1,1394.3,13208.0
2026-06-03 14:45:00,1394.0,1394.5,1391.8,1392.6,18809.0
2026-06-03 14:50:00,1392.7,1394.4,1392.7,1393.8,10541.0
2026-06-03 14:55:00,1393.8,1395.1,1393.5,1393.6,14488.0
2026-06-03 15:00:00,1394.2,1395.7,1393.0,1395.3,16836.0
2026-06-03 15:05:00,1395.5,1396.4,1393.6,1394.0,22661.0
2026-06-03 15:10:00,1394.0,1394.3,1393.0,1394.1,20416.0
2026-06-03 15:15:00,1394.3,1394.9,1393.6,1394.4,29933.0
2026-06-03 15:20:00,1394.5,1396.0,1394.1,1394.1,30233.0
2026-06-03 15:25:00,1394.3,1395.2,1390.1,1394.0,30342.0
2026-06-04 09:15:00,1392.0,1392.0,1384.0,1391.5,23916.0
2026-06-04 09:20:00,1391.4,1412.0,1391.4,1407.0,90774.0
2026-06-04 09:25:00,1406.7,1411.2,1406.0,1409.8,79435.0
2026-06-04 09:30:00,1409.4,1416.1,1409.4,1415.0,44854.0
2026-06-04 09:35:00,1415.0,1417.0,1413.4,1414.4,37628.0
2026-06-04 09:40:00,1414.4,1419.0,1413.2,1416.8,29611.0
2026-06-04 09:45:00,1417.2,1423.5,1417.0,1423.4,49474.0
2026-06-04 09:50:00,1423.5,1427.0,1423.0,1425.4,54498.0
2026-06-04 09:55:00,1425.6,1427.5,1419.1,1420.0,50314.0
2026-06-04 10:00:00,1420.0,1421.2,1418.2,1419.2,26589.0
2026-06-04 10:05:00,1419.0,1422.4,1418.5,1422.1,15463.0
2026-06-04 10:10:00,1422.1,1424.0,1419.2,1419.8,18315.0
2026-06-04 10:15:00,1420.5,1421.5,1419.0,1421.3,15839.0
2026-06-04 10:20:00,1421.3,1429.2,1421.3,1428.0,50229.0
2026-06-04 10:25:00,1428.0,1433.7,1425.2,1425.6,44527.0
2026-06-04 10:30:00,1425.3,1426.0,1424.1,1424.5,14201.0
2026-06-04 10:35:00,1424.4,1425.0,1423.5,1424.0,14714.0
2026-06-04 10:40:00,1423.9,1425.5,1423.9,1424.4,19598.0
2026-06-04 10:45:00,1424.4,1428.0,1424.4,1426.4,32184.0
2026-06-04 10:50:00,1426.5,1426.7,1423.7,1424.6,16163.0
2026-06-04 10:55:00,1424.6,1428.8,1424.6,1427.1,10939.0
2026-06-04 11:00:00,1427.0,1427.9,1422.7,1425.0,17950.0
2026-06-04 11:05:00,1424.7,1424.7,1421.2,1423.9,22168.0
2026-06-04 11:10:00,1423.9,1424.8,1422.3,1422.4,11387.0
2026-06-04 11:15:00,1422.0,1426.0,1422.0,1424.9,17999.0
2026-06-04 11:20:00,1424.5,1425.3,1423.5,1424.9,16252.0
2026-06-04 11:25:00,1424.8,1426.9,1424.2,1425.1,30473.0
2026-06-04 11:30:00,1424.5,1424.8,1418.4,1419.8,21489.0
2026-06-04 11:35:00,1420.2,1423.4,1420.0,1422.9,14263.0
2026-06-04 11:40:00,1422.8,1425.0,1422.6,1425.0,10705.0
2026-06-04 11:45:00,1424.9,1426.0,1424.6,1425.6,10816.0
2026-06-04 11:50:00,1425.5,1425.7,1421.7,1421.9,14063.0
2026-06-04 11:55:00,1421.8,1423.1,1421.8,1422.8,6295.0
2026-06-04 12:00:00,1422.8,1424.2,1422.7,1423.7,7723.0
2026-06-04 12:05:00,1423.6,1423.7,1422.5,1422.5,7571.0
2026-06-04 12:10:00,1422.5,1422.6,1416.5,1421.5,54508.0
2026-06-04 12:15:00,1421.8,1423.6,1421.5,1422.9,8113.0
2026-06-04 12:20:00,1422.9,1423.7,1421.1,1423.5,11099.0
2026-06-04 12:25:00,1423.5,1423.8,1422.3,1423.2,8018.0
2026-06-04 12:30:00,1423.1,1423.2,1421.3,1421.7,6278.0
2026-06-04 12:35:00,1421.4,1423.9,1420.4,1423.5,11331.0
2026-06-04 12:40:00,1423.5,1424.5,1423.1,1424.1,8032.0
2026-06-04 12:45:00,1424.0,1426.4,1423.9,1425.5,34213.0
2026-06-04 12:50:00,1425.3,1426.2,1424.0,1425.4,10386.0
2026-06-04 12:55:00,1425.3,1429.6,1425.2,1429.2,21498.0
2026-06-04 13:00:00,1429.0,1430.0,1427.1,1427.1,40941.0
2026-06-04 13:05:00,1427.1,1429.0,1426.2,1427.1,28331.0
2026-06-04 13:10:00,1427.1,1427.9,1424.4,1426.5,90494.0
2026-06-04 13:15:00,1425.5,1428.0,1424.9,1428.0,129567.0
2026-06-04 13:20:00,1427.7,1430.0,1427.7,1428.9,59607.0
2026-06-04 13:25:00,1428.9,1429.6,1428.7,1428.7,12882.0
2026-06-04 13:30:00,1428.3,1428.3,1426.7,1427.6,15514.0
2026-06-04 13:35:00,1427.4,1427.6,1424.9,1424.9,18534.0
2026-06-04 13:40:00,1424.9,1425.0,1422.8,1423.0,9458.0
2026-06-04 13:45:00,1422.9,1424.0,1422.9,1423.8,9497.0
2026-06-04 13:50:00,1423.9,1424.8,1423.4,1423.4,18053.0
2026-06-04 13:55:00,1423.4,1423.5,1422.0,1423.3,16001.0
2026-06-04 14:00:00,1423.1,1425.1,1423.1,1424.8,10362.0
2026-06-04 14:05:00,1424.7,1427.2,1424.7,1427.2,8119.0
2026-06-04 14:10:00,1427.1,1427.1,1424.9,1425.0,12418.0
2026-06-04 14:15:00,1424.9,1425.0,1424.0,1424.0,11851.0
2026-06-04 14:20:00,1423.7,1424.9,1422.8,1423.4,10651.0
2026-06-04 14:25:00,1423.3,1424.5,1423.1,1424.0,15784.0
2026-06-04 14:30:00,1424.0,1425.9,1424.0,1425.3,20625.0
2026-06-04 14:35:00,1425.3,1427.2,1425.1,1426.4,12399.0
2026-06-04 14:40:00,1426.8,1426.8,1425.4,1425.5,10992.0
2026-06-04 14:45:00,1425.4,1427.7,1425.4,1426.0,25396.0
2026-06-04 14:50:00,1425.9,1426.0,1424.0,1424.1,17809.0
2026-06-04 14:55:00,1424.1,1425.0,1424.1,1424.4,11398.0
2026-06-04 15:00:00,1424.5,1429.0,1424.1,1426.2,75184.0
2026-06-04 15:05:00,1426.5,1427.2,1425.7,1426.5,16224.0
2026-06-04 15:10:00,1426.5,1428.0,1426.2,1427.3,27919.0
2026-06-04 15:15:00,1427.2,1428.3,1426.4,1427.5,39162.0
2026-06-04 15:20:00,1427.5,1429.3,1427.0,1428.2,37818.0
2026-06-04 15:25:00,1428.2,1430.5,1427.0,1430.0,44452.0
2026-06-05 09:15:00,1435.0,1438.8,1430.3,1438.2,72805.0
2026-06-05 09:20:00,1438.2,1443.9,1438.1,1441.3,111635.0
2026-06-05 09:25:00,1440.7,1441.8,1436.2,1436.2,71560.0
2026-06-05 09:30:00,1437.0,1437.3,1433.2,1434.4,31340.0
2026-06-05 09:35:00,1434.5,1436.8,1431.8,1432.6,24526.0
2026-06-05 09:40:00,1433.5,1433.5,1430.8,1432.9,22039.0
2026-06-05 09:45:00,1433.1,1434.0,1431.7,1432.4,35219.0
2026-06-05 09:50:00,1432.1,1436.3,1430.5,1433.9,20530.0
2026-06-05 09:55:00,1434.3,1436.9,1433.4,1436.8,10602.0
2026-06-05 10:00:00,1436.3,1436.9,1433.2,1435.2,23988.0
2026-06-05 10:05:00,1435.0,1437.9,1434.4,1437.7,11738.0
2026-06-05 10:10:00,1437.7,1439.0,1434.7,1435.0,19989.0
2026-06-05 10:15:00,1434.9,1437.2,1434.8,1436.8,9671.0
2026-06-05 10:20:00,1436.8,1438.7,1436.2,1438.5,6738.0
2026-06-05 10:25:00,1438.5,1438.6,1434.3,1434.9,15322.0
2026-06-05 10:30:00,1434.4,1435.0,1434.0,1434.3,8852.0
2026-06-05 10:35:00,1434.4,1434.4,1428.4,1430.4,24061.0
2026-06-05 10:40:00,1430.4,1433.0,1429.4,1431.5,46268.0
2026-06-05 10:45:00,1431.6,1433.2,1430.3,1431.6,7983.0
2026-06-05 10:50:00,1432.2,1434.8,1432.0,1434.5,10316.0
2026-06-05 10:55:00,1434.0,1437.1,1433.6,1436.4,15629.0
2026-06-05 11:00:00,1436.5,1438.0,1436.5,1437.8,11058.0
2026-06-05 11:05:00,1437.9,1437.9,1436.1,1436.9,9711.0
2026-06-05 11:10:00,1436.9,1437.0,1432.0,1432.9,12832.0
2026-06-05 11:15:00,1432.5,1433.3,1431.6,1432.2,9142.0
2026-06-05 11:20:00,1432.2,1433.3,1431.5,1432.5,8740.0
2026-06-05 11:25:00,1432.2,1433.6,1432.2,1433.3,4676.0
2026-06-05 11:30:00,1433.7,1434.9,1433.6,1434.9,4502.0
2026-06-05 11:35:00,1435.0,1436.6,1434.4,1435.3,9103.0
2026-06-05 11:40:00,1435.6,1437.1,1435.3,1435.4,8356.0
2026-06-05 11:45:00,1435.4,1436.0,1434.7,1435.7,5294.0
2026-06-05 11:50:00,1435.8,1436.5,1435.1,1436.5,5447.0
2026-06-05 11:55:00,1436.2,1436.2,1435.4,1435.4,4902.0
2026-06-05 12:00:00,1435.6,1438.0,1435.4,1436.7,10022.0
2026-06-05 12:05:00,1437.0,1437.0,1436.0,1436.3,4485.0
2026-06-05 12:10:00,1436.1,1438.6,1435.2,1437.6,11473.0
2026-06-05 12:15:00,1437.8,1438.2,1437.3,1438.0,5410.0
2026-06-05 12:20:00,1438.2,1442.4,1438.0,1440.6,38242.0
2026-06-05 12:25:00,1440.5,1440.9,1436.8,1437.0,11792.0
2026-06-05 12:30:00,1437.0,1437.5,1435.6,1436.2,6355.0
2026-06-05 12:35:00,1436.2,1436.8,1433.0,1435.1,90380.0
2026-06-05 12:40:00,1435.1,1435.1,1432.8,1433.2,10426.0
2026-06-05 12:45:00,1433.3,1434.3,1433.3,1434.0,4794.0
2026-06-05 12:50:00,1434.0,1434.0,1432.7,1433.5,7463.0
2026-06-05 12:55:00,1433.2,1433.5,1432.8,1433.3,5592.0
2026-06-05 13:00:00,1433.3,1433.4,1430.0,1431.8,29130.0
2026-06-05 13:05:00,1432.0,1432.9,1430.9,1431.4,8098.0
2026-06-05 13:10:00,1431.8,1432.3,1430.3,1430.9,7233.0
2026-06-05 13:15:00,1430.6,1434.8,1430.0,1433.8,5487.0
2026-06-05 13:20:00,1433.9,1434.3,1430.0,1431.6,42482.0
2026-06-05 13:25:00,1431.7,1433.0,1430.6,1431.0,15351.0
2026-06-05 13:30:00,1430.9,1431.8,1430.6,1431.4,4700.0
2026-06-05 13:35:00,1431.4,1432.3,1431.1,1431.9,4565.0
2026-06-05 13:40:00,1431.9,1432.1,1429.7,1431.2,8231.0
2026-06-05 13:45:00,1431.2,1431.8,1430.0,1430.7,15906.0
2026-06-05 13:50:00,1430.7,1431.1,1430.3,1430.9,6986.0
2026-06-05 13:55:00,1430.9,1432.4,1430.8,1432.4,5422.0
2026-06-05 14:00:00,1432.5,1433.3,1432.1,1432.3,8408.0
2026-06-05 14:05:00,1432.2,1433.8,1431.7,1432.4,6839.0
2026-06-05 14:10:00,1432.4,1436.8,1432.4,1436.1,26584.0
2026-06-05 14:15:00,1436.2,1438.4,1435.2,1438.4,11318.0
2026-06-05 14:20:00,1438.4,1439.8,1438.0,1439.6,14454.0
2026-06-05 14:25:00,1440.7,1444.0,1440.2,1443.5,27920.0
2026-06-05 14:30:00,1444.0,1446.0,1443.4,1445.4,28436.0
2026-06-05 14:35:00,1445.1,1445.9,1442.7,1445.0,20562.0
2026-06-05 14:40:00,1445.2,1449.0,1444.5,1448.5,28401.0
2026-06-05 14:45:00,1448.5,1449.0,1446.3,1446.9,12739.0
2026-06-05 14:50:00,1446.7,1450.1,1446.6,1449.5,65506.0
2026-06-05 14:55:00,1449.0,1449.8,1446.8,1448.4,15104.0
2026-06-05 15:00:00,1447.9,1448.5,1445.3,1446.9,27675.0
2026-06-05 15:05:00,1446.9,1447.9,1445.7,1446.4,22726.0
2026-06-05 15:10:00,1446.6,1447.7,1446.3,1447.6,17603.0
2026-06-05 15:15:00,1447.5,1449.0,1445.7,1447.3,52117.0
2026-06-05 15:20:00,1447.0,1448.0,1443.7,1445.0,41864.0
2026-06-05 15:25:00,1445.3,1446.7,1444.2,1445.5,26600.0
2026-06-08 09:15:00,1432.0,1455.1,1432.0,1452.8,140368.0
2026-06-08 09:20:00,1453.6,1453.8,1447.4,1453.4,42248.0
2026-06-08 09:25:00,1453.1,1457.0,1447.1,1455.2,53776.0
2026-06-08 09:30:00,1455.5,1456.3,1444.0,1444.9,48227.0
2026-06-08 09:35:00,1444.9,1446.2,1440.2,1442.4,34463.0
2026-06-08 09:40:00,1442.0,1445.8,1441.4,1445.8,13903.0
2026-06-08 09:45:00,1446.1,1450.0,1445.5,1445.5,18414.0
2026-06-08 09:50:00,1446.1,1449.5,1445.2,1449.5,12095.0
2026-06-08 09:55:00,1449.5,1451.2,1445.0,1448.1,20132.0
2026-06-08 10:00:00,1448.2,1449.5,1446.1,1446.5,30187.0
2026-06-08 10:05:00,1446.2,1447.5,1444.3,1447.5,12226.0
2026-06-08 10:10:00,1447.4,1447.5,1442.0,1444.5,38224.0
2026-06-08 10:15:00,1444.8,1446.1,1444.1,1446.1,13233.0
2026-06-08 10:20:00,1446.1,1449.8,1445.9,1449.4,8844.0
2026-06-08 10:25:00,1449.6,1451.2,1447.1,1449.2,21567.0
2026-06-08 10:30:00,1449.1,1451.9,1448.8,1449.7,10937.0
2026-06-08 10:35:00,1449.7,1453.3,1448.9,1450.0,28546.0
2026-06-08 10:40:00,1449.9,1452.2,1449.4,1450.3,12674.0
2026-06-08 10:45:00,1450.0,1450.5,1448.5,1450.5,10837.0
2026-06-08 10:50:00,1450.1,1450.1,1448.9,1449.7,5135.0
2026-06-08 10:55:00,1449.4,1450.3,1447.0,1448.3,8291.0
2026-06-08 11:00:00,1448.3,1448.3,1444.6,1445.2,6429.0
2026-06-08 11:05:00,1445.0,1445.5,1442.1,1444.0,33458.0
2026-06-08 11:10:00,1444.0,1444.0,1441.2,1441.9,12383.0
2026-06-08 11:15:00,1442.0,1444.8,1442.0,1443.3,7128.0
2026-06-08 11:20:00,1443.0,1443.9,1441.2,1442.5,20923.0
2026-06-08 11:25:00,1443.0,1443.1,1437.1,1437.5,20684.0
2026-06-08 11:30:00,1437.9,1439.0,1437.5,1438.8,3985.0
2026-06-08 11:35:00,1438.9,1439.3,1438.1,1439.0,5452.0
2026-06-08 11:40:00,1439.0,1439.1,1436.9,1438.2,23779.0
2026-06-08 11:45:00,1437.6,1438.6,1437.4,1437.5,9726.0
2026-06-08 11:50:00,1438.2,1439.6,1437.3,1439.1,5859.0
2026-06-08 11:55:00,1439.1,1439.1,1437.6,1437.9,3887.0
2026-06-08 12:00:00,1437.9,1437.9,1435.2,1436.5,8476.0
2026-06-08 12:05:00,1436.5,1437.2,1435.0,1437.2,10573.0
2026-06-08 12:10:00,1437.2,1438.4,1433.0,1433.8,10045.0
2026-06-08 12:15:00,1433.2,1433.8,1426.4,1427.8,27958.0
2026-06-08 12:20:00,1428.5,1428.5,1425.4,1426.7,15002.0
2026-06-08 12:25:00,1427.0,1427.0,1424.1,1426.1,14452.0
2026-06-08 12:30:00,1426.2,1431.9,1425.0,1431.6,24639.0
2026-06-08 12:35:00,1431.6,1436.1,1430.6,1434.4,27110.0
2026-06-08 12:40:00,1434.4,1436.3,1433.4,1436.0,22646.0
2026-06-08 12:45:00,1436.1,1438.0,1435.0,1437.1,24824.0
2026-06-08 12:50:00,1437.1,1437.5,1433.6,1435.0,59402.0
2026-06-08 12:55:00,1435.0,1435.8,1432.4,1435.2,69450.0
2026-06-08 13:00:00,1435.2,1435.3,1434.0,1434.8,18322.0
2026-06-08 13:05:00,1435.0,1438.8,1434.0,1437.8,29841.0
2026-06-08 13:10:00,1437.8,1438.5,1435.8,1437.9,18440.0
2026-06-08 13:15:00,1437.9,1440.1,1437.6,1438.7,37564.0
2026-06-08 13:20:00,1439.0,1439.4,1431.6,1432.4,37517.0
2026-06-08 13:25:00,1432.2,1432.2,1430.2,1431.6,22524.0
2026-06-08 13:30:00,1431.7,1431.7,1429.0,1429.8,17686.0
2026-06-08 13:35:00,1429.4,1430.6,1428.9,1430.4,15994.0
2026-06-08 13:40:00,1430.3,1430.9,1428.2,1429.1,31670.0
2026-06-08 13:45:00,1429.1,1429.8,1426.8,1429.5,24571.0
2026-06-08 13:50:00,1429.5,1430.7,1428.4,1429.9,27802.0
2026-06-08 13:55:00,1429.8,1433.3,1429.6,1432.3,18147.0
2026-06-08 14:00:00,1431.4,1434.3,1431.4,1432.8,20280.0
2026-06-08 14:05:00,1432.9,1434.0,1432.1,1432.1,16020.0
2026-06-08 14:10:00,1433.0,1434.5,1432.5,1432.5,17229.0
2026-06-08 14:15:00,1433.2,1434.1,1430.8,1433.4,20664.0
2026-06-08 14:20:00,1432.5,1433.2,1431.0,1431.9,22864.0
2026-06-08 14:25:00,1432.0,1432.0,1429.6,1430.6,21511.0
2026-06-08 14:30:00,1430.8,1431.9,1430.2,1431.0,15243.0
2026-06-08 14:35:00,1431.0,1431.9,1430.3,1431.4,16330.0
2026-06-08 14:40:00,1431.4,1431.4,1425.2,1429.2,45656.0
2026-06-08 14:45:00,1429.3,1430.0,1427.6,1428.8,18165.0
2026-06-08 14:50:00,1429.1,1429.3,1425.9,1426.3,22440.0
2026-06-08 14:55:00,1426.4,1426.9,1414.4,1417.5,59016.0
2026-06-08 15:00:00,1416.5,1416.5,1407.1,1409.0,70652.0
2026-06-08 15:05:00,1408.9,1409.4,1405.2,1408.7,42925.0
2026-06-08 15:10:00,1408.7,1408.7,1403.7,1407.1,52206.0
2026-06-08 15:15:00,1407.3,1407.3,1402.0,1405.2,70009.0
2026-06-08 15:20:00,1405.2,1405.9,1395.3,1396.9,58296.0
2026-06-08 15:25:00,1396.9,1437.7,1393.2,1394.0,76133.0
2026-06-09 09:15:00,1415.0,1421.0,1402.7,1405.4,102141.0
2026-06-09 09:20:00,1405.8,1415.9,1399.8,1415.8,94754.0
2026-06-09 09:25:00,1416.1,1418.1,1414.0,1416.9,44536.0
2026-06-09 09:30:00,1417.2,1419.1,1414.5,1417.8,47213.0
2026-06-09 09:35:00,1417.8,1422.0,1417.4,1420.0,51322.0
2026-06-09 09:40:00,1419.6,1421.0,1408.0,1411.6,69336.0
2026-06-09 09:45:00,1411.6,1420.7,1411.6,1419.2,36399.0
2026-06-09 09:50:00,1419.8,1424.9,1419.6,1423.3,37176.0
2026-06-09 09:55:00,1423.2,1429.0,1422.6,1428.1,35674.0
2026-06-09 10:00:00,1428.1,1431.9,1428.1,1429.3,20274.0
2026-06-09 10:05:00,1429.3,1431.3,1427.4,1428.9,27219.0
2026-06-09 10:10:00,1429.5,1434.6,1428.5,1432.1,28547.0
2026-06-09 10:15:00,1432.1,1435.9,1431.3,1435.9,52746.0
2026-06-09 10:20:00,1435.9,1437.8,1433.5,1433.5,28615.0
2026-06-09 10:25:00,1433.4,1437.2,1431.9,1437.2,16335.0
2026-06-09 10:30:00,1437.2,1440.0,1435.7,1435.7,26923.0
2026-06-09 10:35:00,1435.7,1439.2,1435.7,1439.2,38573.0
2026-06-09 10:40:00,1438.8,1439.2,1433.0,1436.0,46990.0
2026-06-09 10:45:00,1435.7,1438.2,1434.6,1435.2,19034.0
2026-06-09 10:50:00,1435.2,1436.6,1429.8,1433.8,30593.0
2026-06-09 10:55:00,1433.5,1435.0,1433.4,1434.2,10945.0
2026-06-09 11:00:00,1434.1,1437.6,1434.1,1436.5,19937.0
2026-06-09 11:05:00,1436.5,1437.0,1428.7,1429.2,16277.0
2026-06-09 11:10:00,1429.0,1430.0,1429.0,1429.6,5737.0
2026-06-09 11:15:00,1429.6,1429.8,1427.4,1428.0,10222.0
2026-06-09 11:20:00,1427.8,1428.0,1423.2,1425.1,18368.0
2026-06-09 11:25:00,1424.9,1428.2,1424.9,1428.0,6702.0
2026-06-09 11:30:00,1428.1,1430.1,1427.0,1427.7,6819.0
2026-06-09 11:35:00,1427.6,1428.9,1427.3,1428.0,3873.0
2026-06-09 11:40:00,1428.0,1428.9,1425.8,1426.1,16660.0
2026-06-09 11:45:00,1426.2,1427.3,1425.2,1426.9,9199.0
2026-06-09 11:50:00,1427.0,1427.0,1425.5,1427.0,6716.0
2026-06-09 11:55:00,1427.0,1427.0,1421.1,1422.3,16871.0
2026-06-09 12:00:00,1422.3,1423.2,1422.0,1422.0,6972.0
2026-06-09 12:05:00,1422.0,1422.7,1420.0,1422.4,11988.0
2026-06-09 12:10:00,1422.4,1423.5,1421.5,1422.7,9113.0
2026-06-09 12:15:00,1422.7,1423.1,1421.4,1422.6,9297.0
2026-06-09 12:20:00,1422.9,1423.4,1422.6,1422.7,5758.0
2026-06-09 12:25:00,1422.7,1422.7,1420.0,1420.3,12020.0
2026-06-09 12:30:00,1420.4,1420.9,1419.2,1420.1,9894.0
2026-06-09 12:35:00,1419.8,1420.4,1419.7,1420.1,2863.0
2026-06-09 12:40:00,1420.1,1423.7,1419.8,1420.9,17669.0
2026-06-09 12:45:00,1420.7,1421.6,1420.1,1420.2,11913.0
2026-06-09 12:50:00,1419.9,1419.9,1417.0,1417.7,20985.0
2026-06-09 12:55:00,1417.7,1417.7,1414.2,1414.6,13164.0
2026-06-09 13:00:00,1414.8,1414.8,1410.8,1412.0,14691.0
2026-06-09 13:05:00,1412.0,1415.5,1411.4,1415.5,31944.0
2026-06-09 13:10:00,1415.4,1416.3,1414.7,1416.3,3933.0
2026-06-09 13:15:00,1416.0,1417.2,1415.7,1416.5,6482.0
2026-06-09 13:20:00,1416.5,1416.9,1416.2,1416.3,3134.0
2026-06-09 13:25:00,1416.8,1417.2,1409.2,1410.0,89500.0
2026-06-09 13:30:00,1409.8,1411.9,1409.0,1409.4,27538.0
2026-06-09 13:35:00,1409.7,1410.0,1409.0,1410.0,11719.0
2026-06-09 13:40:00,1410.0,1413.6,1409.9,1412.9,15139.0
2026-06-09 13:45:00,1412.9,1414.9,1412.3,1414.4,6808.0
2026-06-09 13:50:00,1414.1,1416.1,1414.1,1415.6,7520.0
2026-06-09 13:55:00,1415.6,1418.5,1415.6,1418.2,20385.0
2026-06-09 14:00:00,1417.9,1419.6,1417.4,1418.1,7132.0
2026-06-09 14:05:00,1418.1,1420.1,1417.3,1419.5,8188.0
2026-06-09 14:10:00,1419.8,1421.2,1418.7,1420.2,8111.0
2026-06-09 14:15:00,1420.2,1421.9,1419.9,1421.3,7666.0
2026-06-09 14:20:00,1421.2,1421.9,1420.4,1420.8,7436.0
2026-06-09 14:25:00,1420.9,1422.0,1420.7,1422.0,7916.0
2026-06-09 14:30:00,1421.9,1422.3,1420.2,1420.2,9045.0
2026-06-09 14:35:00,1420.2,1422.5,1420.2,1421.5,6762.0
2026-06-09 14:40:00,1421.6,1423.0,1421.0,1421.0,12599.0
2026-06-09 14:45:00,1421.1,1422.6,1418.9,1421.3,20968.0
2026-06-09 14:50:00,1421.1,1423.1,1421.1,1422.0,22637.0
2026-06-09 14:55:00,1422.0,1425.2,1420.7,1421.8,43324.0
2026-06-09 15:00:00,1421.6,1422.8,1418.4,1421.8,29452.0
2026-06-09 15:05:00,1421.8,1426.0,1421.5,1425.0,23889.0
2026-06-09 15:10:00,1425.5,1427.0,1424.7,1427.0,27657.0
2026-06-09 15:15:00,1426.8,1426.9,1425.0,1425.0,36752.0
2026-06-09 15:20:00,1424.6,1424.8,1423.6,1424.3,29152.0
2026-06-09 15:25:00,1424.4,1425.0,1419.0,1419.0,33699.0
2026-06-10 09:15:00,1424.4,1427.0,1415.2,1415.8,50735.0
2026-06-10 09:20:00,1416.0,1416.5,1410.2,1413.5,60747.0
2026-06-10 09:25:00,1412.7,1412.7,1406.5,1409.2,41739.0
2026-06-10 09:30:00,1409.3,1410.0,1406.0,1407.5,22054.0
2026-06-10 09:35:00,1407.7,1409.1,1406.0,1408.8,27503.0
2026-06-10 09:40:00,1409.1,1412.2,1406.4,1412.0,29316.0
2026-06-10 09:45:00,1412.0,1416.0,1411.5,1414.5,18401.0
2026-06-10 09:50:00,1416.1,1417.3,1413.7,1413.9,12080.0
2026-06-10 09:55:00,1413.8,1416.1,1413.8,1414.0,12369.0
2026-06-10 10:00:00,1413.5,1415.0,1412.7,1414.0,12900.0
2026-06-10 10:05:00,1414.2,1417.0,1412.1,1414.0,11998.0
2026-06-10 10:10:00,1413.8,1415.0,1413.8,1413.8,7049.0
2026-06-10 10:15:00,1414.0,1414.7,1411.8,1414.2,12146.0
2026-06-10 10:20:00,1414.5,1417.9,1414.2,1417.9,16291.0
2026-06-10 10:25:00,1418.3,1421.1,1417.9,1420.2,14144.0
2026-06-10 10:30:00,1420.2,1420.6,1418.5,1419.5,12425.0
2026-06-10 10:35:00,1419.4,1420.6,1418.3,1418.6,8507.0
2026-06-10 10:40:00,1418.6,1421.8,1418.5,1420.8,12548.0
2026-06-10 10:45:00,1420.8,1421.1,1419.1,1419.2,4412.0
2026-06-10 10:50:00,1419.2,1422.2,1419.2,1419.5,10604.0
2026-06-10 10:55:00,1419.3,1419.4,1416.3,1416.5,7293.0
2026-06-10 11:00:00,1416.8,1418.2,1416.5,1416.9,11759.0
2026-06-10 11:05:00,1416.9,1417.8,1416.3,1417.8,8738.0
2026-06-10 11:10:00,1417.4,1419.7,1417.4,1419.3,6531.0
2026-06-10 11:15:00,1419.4,1421.6,1419.3,1420.4,8788.0
2026-06-10 11:20:00,1420.4,1421.3,1420.4,1421.3,4049.0
2026-06-10 11:25:00,1421.0,1423.6,1421.0,1423.1,7449.0
2026-06-10 11:30:00,1423.1,1425.6,1422.5,1425.4,11975.0
2026-06-10 11:35:00,1425.1,1425.3,1423.0,1424.0,16538.0
2026-06-10 11:40:00,1423.9,1425.9,1423.2,1423.2,11767.0
2026-06-10 11:45:00,1423.2,1424.3,1423.0,1423.4,6332.0
2026-06-10 11:50:00,1423.4,1425.1,1422.5,1423.9,14007.0
2026-06-10 11:55:00,1423.9,1424.7,1423.5,1423.5,5142.0
2026-06-10 12:00:00,1423.4,1423.7,1421.5,1421.5,5467.0
2026-06-10 12:05:00,1421.5,1421.8,1419.3,1419.8,8781.0
2026-06-10 12:10:00,1419.8,1420.4,1418.5,1419.1,8699.0
2026-06-10 12:15:00,1419.3,1420.5,1419.1,1419.3,4102.0
2026-06-10 12:20:00,1419.3,1419.6,1417.6,1418.0,4155.0
2026-06-10 12:25:00,1418.0,1418.6,1417.2,1417.2,7389.0
2026-06-10 12:30:00,1416.6,1417.1,1415.1,1416.2,7688.0
2026-06-10 12:35:00,1416.1,1416.5,1413.6,1413.6,6400.0
2026-06-10 12:40:00,1413.6,1413.9,1409.0,1409.0,39488.0
2026-06-10 12:45:00,1409.0,1409.6,1408.6,1409.3,4813.0
2026-06-10 12:50:00,1409.2,1410.6,1408.6,1410.4,9428.0
2026-06-10 12:55:00,1410.4,1410.8,1409.6,1409.6,5464.0
2026-06-10 13:00:00,1409.6,1410.2,1409.6,1410.1,3849.0
2026-06-10 13:05:00,1410.1,1410.3,1407.1,1407.3,9452.0
2026-06-10 13:10:00,1407.4,1407.7,1404.4,1404.9,14058.0
2026-06-10 13:15:00,1405.4,1406.5,1400.5,1400.8,16175.0
2026-06-10 13:20:00,1400.6,1400.7,1399.0,1399.0,13803.0
2026-06-10 13:25:00,1399.0,1399.9,1398.0,1399.9,8008.0
2026-06-10 13:30:00,1399.9,1400.8,1398.5,1398.6,17952.0
2026-06-10 13:35:00,1398.5,1398.6,1397.1,1397.9,13694.0
2026-06-10 13:40:00,1398.0,1399.2,1395.5,1396.0,19862.0
2026-06-10 13:45:00,1396.1,1399.0,1395.9,1396.8,15359.0
2026-06-10 13:50:00,1396.9,1397.0,1394.6,1394.6,11940.0
2026-06-10 13:55:00,1394.6,1394.7,1387.8,1389.0,43179.0
2026-06-10 14:00:00,1389.0,1393.4,1389.0,1392.2,35375.0
2026-06-10 14:05:00,1392.3,1396.6,1391.2,1395.8,31767.0
2026-06-10 14:10:00,1395.8,1395.8,1394.0,1394.3,10697.0
2026-06-10 14:15:00,1394.0,1396.5,1394.0,1396.3,10457.0
2026-06-10 14:20:00,1396.2,1396.7,1395.8,1396.0,7814.0
2026-06-10 14:25:00,1396.0,1396.1,1391.4,1392.5,32324.0
2026-06-10 14:30:00,1392.4,1392.4,1389.0,1391.5,55098.0
2026-06-10 14:35:00,1391.9,1393.2,1388.6,1389.3,14103.0
2026-06-10 14:40:00,1389.4,1389.8,1387.9,1387.9,15588.0
2026-06-10 14:45:00,1387.9,1388.8,1386.0,1386.6,18705.0
2026-06-10 14:50:00,1386.1,1388.3,1385.0,1387.3,21850.0
2026-06-10 14:55:00,1387.3,1388.2,1385.6,1386.8,20037.0
2026-06-10 15:00:00,1386.9,1390.0,1386.9,1389.0,22785.0
2026-06-10 15:05:00,1388.9,1389.2,1387.0,1387.9,27672.0
2026-06-10 15:10:00,1387.8,1387.9,1383.7,1383.7,28214.0
2026-06-10 15:15:00,1383.8,1384.8,1380.5,1384.8,48501.0
2026-06-10 15:20:00,1384.8,1386.1,1383.7,1385.3,57903.0
2026-06-10 15:25:00,1385.7,1392.8,1385.1,1389.1,54753.0
2026-06-11 09:15:00,1385.0,1402.1,1376.6,1397.1,56304.0
2026-06-11 09:20:00,1397.6,1407.0,1396.8,1401.5,65541.0
2026-06-11 09:25:00,1401.5,1404.9,1397.4,1404.3,37587.0
2026-06-11 09:30:00,1404.2,1404.4,1397.0,1400.9,32738.0
2026-06-11 09:35:00,1400.9,1401.9,1396.7,1401.7,26162.0
2026-06-11 09:40:00,1401.7,1401.7,1398.0,1398.0,12758.0
2026-06-11 09:45:00,1397.9,1400.0,1397.4,1399.7,16563.0
2026-06-11 09:50:00,1399.7,1400.4,1397.5,1397.7,16804.0
2026-06-11 09:55:00,1397.7,1400.6,1395.6,1400.4,21801.0
2026-06-11 10:00:00,1400.4,1404.4,1400.3,1402.1,15452.0
2026-06-11 10:05:00,1402.0,1408.9,1400.9,1405.4,78347.0
2026-06-11 10:10:00,1404.6,1407.8,1402.1,1402.1,23187.0
2026-06-11 10:15:00,1402.9,1405.0,1401.5,1404.1,18204.0
2026-06-11 10:20:00,1403.7,1404.3,1398.8,1401.6,28764.0
2026-06-11 10:25:00,1401.6,1402.0,1399.0,1400.2,14750.0
2026-06-11 10:30:00,1400.2,1401.5,1399.9,1400.6,15038.0
2026-06-11 10:35:00,1400.6,1404.0,1397.1,1399.4,33337.0
2026-06-11 10:40:00,1399.4,1401.6,1399.4,1400.1,27930.0
2026-06-11 10:45:00,1400.3,1400.3,1397.6,1398.7,15151.0
2026-06-11 10:50:00,1398.7,1400.0,1395.5,1396.6,14167.0
2026-06-11 10:55:00,1396.6,1396.6,1394.8,1395.3,13453.0
2026-06-11 11:00:00,1395.6,1397.0,1393.6,1393.6,18494.0
2026-06-11 11:05:00,1393.6,1397.6,1393.0,1396.8,21513.0
2026-06-11 11:10:00,1397.2,1398.6,1395.3,1397.6,30142.0
2026-06-11 11:15:00,1397.6,1397.9,1392.0,1394.2,51315.0
2026-06-11 11:20:00,1394.6,1394.6,1391.9,1392.3,26726.0
2026-06-11 11:25:00,1392.3,1394.3,1392.3,1394.3,7950.0
2026-06-11 11:30:00,1394.2,1395.3,1392.6,1392.8,20790.0
2026-06-11 11:35:00,1392.8,1393.9,1391.2,1391.8,15686.0
2026-06-11 11:40:00,1391.8,1398.7,1391.5,1398.2,12927.0
2026-06-11 11:45:00,1398.3,1402.7,1398.1,1401.0,15254.0
2026-06-11 11:50:00,1401.0,1402.0,1400.1,1401.4,10571.0
2026-06-11 11:55:00,1401.5,1402.0,1399.0,1399.0,12133.0
2026-06-11 12:00:00,1399.7,1400.2,1399.0,1399.5,7584.0
2026-06-11 12:05:00,1399.5,1399.7,1398.7,1398.7,6343.0
2026-06-11 12:10:00,1398.8,1398.8,1396.1,1396.6,6688.0
2026-06-11 12:15:00,1396.8,1399.6,1396.0,1398.7,15485.0
2026-06-11 12:20:00,1399.0,1399.0,1397.0,1397.9,9745.0
2026-06-11 12:25:00,1397.9,1399.9,1397.9,1399.6,8140.0
2026-06-11 12:30:00,1399.9,1400.4,1398.0,1399.9,26352.0
2026-06-11 12:35:00,1399.9,1400.1,1398.5,1399.2,5753.0
2026-06-11 12:40:00,1399.2,1399.3,1398.0,1398.8,7832.0
2026-06-11 12:45:00,1398.7,1398.8,1395.7,1396.1,10214.0
2026-06-11 12:50:00,1396.2,1396.9,1395.7,1396.5,6192.0
2026-06-11 12:55:00,1396.4,1399.0,1396.4,1399.0,6286.0
2026-06-11 13:00:00,1399.2,1399.7,1397.4,1397.8,6434.0
2026-06-11 13:05:00,1398.0,1398.8,1395.6,1395.6,11771.0
2026-06-11 13:10:00,1396.1,1396.5,1395.0,1395.9,8601.0
2026-06-11 13:15:00,1395.8,1396.6,1395.0,1395.3,8094.0
2026-06-11 13:20:00,1395.2,1395.2,1392.4,1393.2,16065.0
2026-06-11 13:25:00,1393.2,1393.2,1389.6,1392.0,17238.0
2026-06-11 13:30:00,1391.9,1394.9,1391.9,1394.4,6492.0
2026-06-11 13:35:00,1394.1,1395.3,1393.0,1393.0,7976.0
2026-06-11 13:40:00,1393.2,1394.1,1391.8,1393.3,12189.0
2026-06-11 13:45:00,1393.3,1394.8,1392.6,1394.4,6608.0
2026-06-11 13:50:00,1394.1,1395.8,1393.9,1395.6,8600.0
2026-06-11 13:55:00,1395.6,1397.4,1395.5,1396.0,9967.0
2026-06-11 14:00:00,1396.1,1397.9,1395.8,1397.2,7806.0
2026-06-11 14:05:00,1397.2,1397.2,1394.1,1394.6,9347.0
2026-06-11 14:10:00,1394.5,1395.0,1393.2,1393.6,12984.0
2026-06-11 14:15:00,1393.6,1394.5,1392.8,1393.6,12692.0
2026-06-11 14:20:00,1393.5,1394.8,1393.4,1394.8,13345.0
2026-06-11 14:25:00,1394.7,1398.6,1394.5,1398.0,12558.0
2026-06-11 14:30:00,1398.1,1398.5,1396.3,1396.7,15349.0
2026-06-11 14:35:00,1396.8,1397.4,1393.4,1394.2,17978.0
2026-06-11 14:40:00,1394.4,1395.1,1393.5,1394.0,13501.0
2026-06-11 14:45:00,1394.1,1394.4,1390.7,1393.8,17360.0
2026-06-11 14:50:00,1393.8,1393.9,1392.9,1393.4,10133.0
2026-06-11 14:55:00,1393.4,1394.0,1392.0,1392.6,13317.0
2026-06-11 15:00:00,1392.6,1395.9,1389.1,1389.9,41406.0
2026-06-11 15:05:00,1389.9,1390.4,1388.4,1389.6,36636.0
2026-06-11 15:10:00,1389.5,1391.0,1388.4,1390.8,42401.0
2026-06-11 15:15:00,1390.8,1392.8,1389.5,1391.3,50533.0
2026-06-11 15:20:00,1391.2,1391.3,1388.5,1390.7,56452.0
2026-06-11 15:25:00,1390.7,1393.0,1390.0,1393.0,55646.0
2026-06-12 09:15:00,1408.0,1409.3,1401.4,1405.8,49445.0
2026-06-12 09:20:00,1406.4,1406.9,1403.4,1405.2,23464.0
2026-06-12 09:25:00,1405.2,1410.0,1404.8,1408.2,29309.0
2026-06-12 09:30:00,1408.7,1409.9,1406.2,1406.9,35777.0
2026-06-12 09:35:00,1406.8,1407.0,1401.6,1401.6,12989.0
2026-06-12 09:40:00,1402.1,1404.0,1401.1,1401.7,12657.0
2026-06-12 09:45:00,1401.7,1402.2,1400.0,1402.0,22392.0
2026-06-12 09:50:00,1401.7,1402.5,1394.5,1395.4,27933.0
2026-06-12 09:55:00,1395.1,1396.9,1387.3,1388.5,57117.0
2026-06-12 10:00:00,1388.8,1389.8,1373.8,1377.2,105381.0
2026-06-12 10:05:00,1376.7,1386.3,1376.6,1384.9,45149.0
2026-06-12 10:10:00,1385.0,1386.6,1384.0,1385.9,13438.0
2026-06-12 10:15:00,1386.1,1390.7,1386.1,1389.6,15445.0
2026-06-12 10:20:00,1389.7,1392.9,1389.7,1392.4,15943.0
2026-06-12 10:25:00,1392.4,1392.4,1390.1,1391.5,14286.0
2026-06-12 10:30:00,1392.1,1393.1,1391.1,1392.2,7035.0
2026-06-12 10:35:00,1392.2,1394.3,1391.4,1394.2,14497.0
2026-06-12 10:40:00,1394.2,1396.2,1393.5,1395.5,15802.0
2026-06-12 10:45:00,1395.2,1396.0,1393.4,1394.3,15402.0
2026-06-12 10:50:00,1394.3,1395.0,1393.4,1394.9,5408.0
2026-06-12 10:55:00,1394.9,1395.0,1394.8,1394.9,3660.0
2026-06-12 11:00:00,1394.9,1395.7,1393.5,1394.1,8588.0
2026-06-12 11:05:00,1393.9,1394.4,1392.7,1394.1,7492.0
2026-06-12 11:10:00,1394.3,1398.5,1393.8,1398.0,16829.0
2026-06-12 11:15:00,1398.4,1398.6,1396.8,1398.6,7498.0
2026-06-12 11:20:00,1398.7,1401.0,1398.5,1400.3,12392.0
2026-06-12 11:25:00,1400.5,1401.1,1396.6,1396.6,11468.0
2026-06-12 11:30:00,1396.7,1398.4,1395.5,1398.3,8166.0
2026-06-12 11:35:00,1398.3,1398.9,1397.3,1398.5,5746.0
2026-06-12 11:40:00,1398.6,1400.0,1398.5,1399.2,5544.0
2026-06-12 11:45:00,1399.5,1399.6,1398.0,1398.1,7941.0
2026-06-12 11:50:00,1398.0,1398.1,1395.0,1395.8,12636.0
2026-06-12 11:55:00,1395.8,1398.6,1395.8,1396.6,6366.0
2026-06-12 12:00:00,1396.7,1397.3,1395.5,1396.4,7225.0
2026-06-12 12:05:00,1396.5,1396.5,1395.6,1395.6,4548.0
2026-06-12 12:10:00,1395.7,1395.9,1395.0,1395.6,4490.0
2026-06-12 12:15:00,1396.0,1397.3,1394.6,1396.5,13971.0
2026-06-12 12:20:00,1396.5,1397.9,1396.3,1397.9,2610.0
2026-06-12 12:25:00,1398.3,1398.7,1397.4,1397.7,5541.0
2026-06-12 12:30:00,1397.7,1397.7,1395.8,1396.1,3583.0
2026-06-12 12:35:00,1396.1,1397.1,1396.1,1396.2,4022.0
2026-06-12 12:40:00,1397.3,1397.3,1395.3,1395.6,4800.0
2026-06-12 12:45:00,1395.6,1396.9,1394.7,1395.2,7727.0
2026-06-12 12:50:00,1395.2,1396.0,1389.1,1389.1,50593.0
2026-06-12 12:55:00,1388.3,1392.0,1388.3,1391.7,14835.0
2026-06-12 13:00:00,1392.1,1393.5,1390.9,1392.6,7476.0
2026-06-12 13:05:00,1392.7,1394.0,1392.5,1393.6,5749.0
2026-06-12 13:10:00,1393.0,1394.0,1392.8,1393.0,4028.0
2026-06-12 13:15:00,1392.9,1393.5,1392.2,1392.9,3574.0
2026-06-12 13:20:00,1393.2,1394.7,1392.6,1392.8,4423.0
2026-06-12 13:25:00,1392.5,1395.8,1390.9,1394.7,10583.0
2026-06-12 13:30:00,1394.7,1399.7,1394.7,1398.0,14603.0
2026-06-12 13:35:00,1398.1,1398.8,1397.5,1398.6,7697.0
2026-06-12 13:40:00,1398.8,1400.0,1398.6,1399.7,7396.0
2026-06-12 13:45:00,1399.4,1400.3,1398.4,1399.8,7509.0
2026-06-12 13:50:00,1399.7,1399.7,1396.4,1396.7,22749.0
2026-06-12 13:55:00,1396.6,1396.6,1393.0,1394.8,17009.0
2026-06-12 14:00:00,1394.6,1395.0,1391.1,1392.3,25567.0
2026-06-12 14:05:00,1392.6,1393.4,1391.0,1391.1,9391.0
2026-06-12 14:10:00,1390.8,1391.1,1388.8,1389.9,11932.0
2026-06-12 14:15:00,1390.2,1392.3,1389.8,1391.3,6424.0
2026-06-12 14:20:00,1391.4,1394.1,1390.1,1392.7,22597.0
2026-06-12 14:25:00,1392.7,1392.7,1390.0,1392.1,18434.0
2026-06-12 14:30:00,1391.9,1392.5,1390.8,1392.0,9226.0
2026-06-12 14:35:00,1392.0,1392.4,1391.1,1392.3,9020.0
2026-06-12 14:40:00,1392.4,1394.3,1392.4,1394.0,9274.0
2026-06-12 14:45:00,1394.0,1394.5,1393.5,1393.8,6213.0
2026-06-12 14:50:00,1393.8,1394.2,1392.0,1393.0,12387.0
2026-06-12 14:55:00,1392.6,1393.5,1390.3,1390.6,15898.0
2026-06-12 15:00:00,1390.5,1395.9,1389.1,1395.5,30605.0
2026-06-12 15:05:00,1395.4,1397.9,1395.3,1396.0,15766.0
2026-06-12 15:10:00,1395.3,1396.9,1393.9,1394.0,32354.0
2026-06-12 15:15:00,1394.3,1395.8,1393.7,1393.7,25702.0
2026-06-12 15:20:00,1393.8,1394.4,1392.5,1393.6,27161.0
2026-06-12 15:25:00,1393.6,1394.7,1391.2,1391.8,26679.0
2026-06-15 09:15:00,1414.0,1414.0,1391.5,1398.2,61229.0
2026-06-15 09:20:00,1399.2,1403.5,1395.0,1398.3,32975.0
2026-06-15 09:25:00,1398.0,1405.9,1397.3,1405.0,37637.0
2026-06-15 09:30:00,1405.0,1405.0,1401.0,1403.6,21227.0
2026-06-15 09:35:00,1403.4,1405.6,1401.9,1405.0,15735.0
2026-06-15 09:40:00,1405.0,1405.0,1403.2,1404.5,10940.0
2026-06-15 09:45:00,1404.4,1404.5,1395.9,1396.9,46492.0
2026-06-15 09:50:00,1397.0,1399.6,1396.8,1398.4,12237.0
2026-06-15 09:55:00,1397.9,1398.9,1394.5,1395.0,14666.0
2026-06-15 10:00:00,1394.6,1395.6,1393.5,1395.0,20371.0
2026-06-15 10:05:00,1395.0,1395.7,1394.0,1395.6,8245.0
2026-06-15 10:10:00,1395.6,1397.8,1395.6,1396.8,11690.0
2026-06-15 10:15:00,1396.4,1397.4,1394.6,1395.9,18095.0
2026-06-15 10:20:00,1395.6,1398.1,1394.6,1397.9,25504.0
2026-06-15 10:25:00,1397.9,1401.5,1397.9,1400.3,13692.0
2026-06-15 10:30:00,1400.4,1402.0,1399.9,1402.0,11397.0
2026-06-15 10:35:00,1401.5,1402.0,1401.1,1402.0,27662.0
2026-06-15 10:40:00,1402.0,1404.0,1401.0,1402.0,19248.0
2026-06-15 10:45:00,1401.6,1402.0,1398.1,1400.4,11890.0
2026-06-15 10:50:00,1399.6,1400.4,1399.0,1399.4,5770.0
2026-06-15 10:55:00,1399.4,1400.4,1396.2,1397.0,49040.0
2026-06-15 11:00:00,1396.9,1397.4,1396.0,1397.1,6985.0
2026-06-15 11:05:00,1397.1,1397.2,1395.5,1395.7,6340.0
2026-06-15 11:10:00,1396.2,1396.6,1393.8,1395.0,35256.0
2026-06-15 11:15:00,1395.0,1395.8,1394.5,1395.5,13465.0
2026-06-15 11:20:00,1395.0,1395.9,1394.4,1394.6,7247.0
2026-06-15 11:25:00,1394.6,1396.1,1393.1,1395.6,13135.0
2026-06-15 11:30:00,1396.0,1396.1,1394.0,1394.4,12006.0
2026-06-15 11:35:00,1394.5,1394.8,1393.7,1394.7,4896.0
2026-06-15 11:40:00,1394.7,1396.7,1394.7,1396.7,4334.0
2026-06-15 11:45:00,1396.7,1398.3,1396.4,1397.3,5430.0
2026-06-15 11:50:00,1397.3,1397.6,1396.6,1397.0,6003.0
2026-06-15 11:55:00,1397.1,1398.5,1396.6,1397.5,6483.0
2026-06-15 12:00:00,1398.3,1398.4,1397.0,1397.4,5890.0
2026-06-15 12:05:00,1397.4,1397.8,1396.0,1396.8,7907.0
2026-06-15 12:10:00,1396.8,1396.9,1395.0,1395.8,4626.0
2026-06-15 12:15:00,1395.9,1396.0,1394.7,1395.4,5464.0
2026-06-15 12:20:00,1394.8,1395.6,1393.0,1394.1,11222.0
2026-06-15 12:25:00,1393.8,1394.8,1393.3,1394.2,4185.0
2026-06-15 12:30:00,1394.3,1394.4,1392.1,1393.9,6601.0
2026-06-15 12:35:00,1394.4,1394.4,1392.5,1393.0,5574.0
2026-06-15 12:40:00,1393.7,1393.7,1388.6,1389.5,19255.0
2026-06-15 12:45:00,1389.6,1389.7,1385.4,1385.4,18881.0
2026-06-15 12:50:00,1386.0,1386.3,1384.0,1384.6,27682.0
2026-06-15 12:55:00,1384.8,1385.0,1381.1,1383.6,57601.0
2026-06-15 13:00:00,1383.6,1389.1,1382.5,1387.8,13018.0
2026-06-15 13:05:00,1388.3,1388.3,1387.0,1387.7,4718.0
2026-06-15 13:10:00,1388.0,1390.3,1387.7,1389.5,12043.0
2026-06-15 13:15:00,1389.4,1389.8,1388.3,1388.4,9702.0
2026-06-15 13:20:00,1388.8,1389.1,1388.0,1388.6,5114.0
2026-06-15 13:25:00,1389.0,1389.3,1388.0,1388.3,5238.0
2026-06-15 13:30:00,1388.6,1389.2,1387.5,1388.8,8109.0
2026-06-15 13:35:00,1388.8,1390.0,1387.6,1389.0,8010.0
2026-06-15 13:40:00,1389.0,1389.1,1387.5,1388.8,5076.0
2026-06-15 13:45:00,1388.7,1391.6,1387.7,1390.5,16266.0
2026-06-15 13:50:00,1390.4,1394.4,1390.1,1391.8,59450.0
2026-06-15 13:55:00,1391.8,1392.6,1390.8,1392.5,7198.0
2026-06-15 14:00:00,1392.5,1394.3,1392.1,1394.2,8055.0
2026-06-15 14:05:00,1394.2,1394.2,1393.0,1393.5,6632.0
2026-06-15 14:10:00,1393.5,1393.5,1389.7,1390.2,14288.0
2026-06-15 14:15:00,1390.5,1390.5,1389.0,1389.1,5201.0
2026-06-15 14:20:00,1389.2,1389.7,1388.3,1389.6,4091.0
2026-06-15 14:25:00,1389.7,1389.7,1387.4,1387.4,6544.0
2026-06-15 14:30:00,1387.8,1387.8,1385.0,1386.0,6422.0
2026-06-15 14:35:00,1386.1,1386.7,1385.2,1385.6,8354.0
2026-06-15 14:40:00,1385.8,1387.9,1385.2,1385.4,10341.0
2026-06-15 14:45:00,1385.4,1387.8,1385.0,1386.8,15643.0
2026-06-15 14:50:00,1386.8,1390.8,1386.2,1390.3,19486.0
2026-06-15 14:55:00,1390.3,1390.9,1388.0,1389.0,16007.0
2026-06-15 15:00:00,1389.1,1390.7,1386.1,1388.8,41150.0
2026-06-15 15:05:00,1388.8,1389.1,1387.3,1388.5,19570.0
2026-06-15 15:10:00,1388.9,1389.8,1386.3,1389.3,31012.0
2026-06-15 15:15:00,1388.9,1390.6,1388.9,1390.4,23511.0
2026-06-15 15:20:00,1390.2,1390.2,1387.5,1389.4,27098.0
2026-06-15 15:25:00,1389.4,1392.1,1387.0,1391.0,48401.0
2026-06-16 09:15:00,1399.7,1406.0,1395.9,1397.3,191326.0
2026-06-16 09:20:00,1396.3,1397.4,1389.3,1390.4,39309.0
2026-06-16 09:25:00,1390.6,1392.9,1385.2,1386.1,23693.0
2026-06-16 09:30:00,1386.4,1387.1,1385.4,1386.1,18659.0
2026-06-16 09:35:00,1386.1,1386.2,1380.0,1380.8,26756.0
2026-06-16 09:40:00,1380.3,1382.0,1378.6,1380.6,53632.0
2026-06-16 09:45:00,1380.9,1381.2,1377.2,1378.8,40003.0
2026-06-16 09:50:00,1378.1,1387.0,1378.1,1386.5,15668.0
2026-06-16 09:55:00,1386.5,1389.0,1373.9,1374.4,700947.0
2026-06-16 10:00:00,1374.4,1375.0,1368.3,1372.1,104536.0
2026-06-16 10:05:00,1372.1,1376.5,1371.6,1375.2,34966.0
2026-06-16 10:10:00,1375.1,1376.4,1373.8,1375.5,19353.0
2026-06-16 10:15:00,1375.5,1376.3,1374.4,1375.2,11640.0
2026-06-16 10:20:00,1376.1,1377.0,1376.1,1376.9,15273.0
2026-06-16 10:25:00,1376.3,1376.7,1372.6,1373.8,10667.0
2026-06-16 10:30:00,1373.7,1377.5,1373.1,1377.1,18150.0
2026-06-16 10:35:00,1377.2,1377.2,1375.3,1375.7,12102.0
2026-06-16 10:40:00,1375.6,1375.8,1373.8,1375.0,13904.0
2026-06-16 10:45:00,1374.9,1375.0,1373.7,1374.3,7871.0
2026-06-16 10:50:00,1374.3,1374.5,1366.7,1367.7,26303.0
2026-06-16 10:55:00,1367.8,1369.7,1364.8,1365.6,24009.0
2026-06-16 11:00:00,1365.6,1366.6,1364.8,1365.3,16093.0
2026-06-16 11:05:00,1365.0,1365.9,1364.0,1364.9,13309.0
2026-06-16 11:10:00,1364.9,1365.6,1362.5,1365.2,19049.0
2026-06-16 11:15:00,1365.2,1366.7,1364.6,1366.5,11965.0
2026-06-16 11:20:00,1366.5,1368.8,1366.5,1367.9,14075.0
2026-06-16 11:25:00,1368.0,1369.2,1367.5,1369.0,27817.0
2026-06-16 11:30:00,1369.1,1370.3,1368.3,1369.0,11299.0
2026-06-16 11:35:00,1368.5,1370.4,1368.2,1370.4,25026.0
2026-06-16 11:40:00,1370.1,1371.0,1369.6,1370.3,17299.0
2026-06-16 11:45:00,1370.1,1370.2,1366.6,1367.2,13858.0
2026-06-16 11:50:00,1367.3,1369.0,1366.9,1367.9,9788.0
2026-06-16 11:55:00,1368.0,1368.3,1366.1,1367.7,24864.0
2026-06-16 12:00:00,1367.7,1368.0,1364.3,1364.5,13160.0
2026-06-16 12:05:00,1364.5,1367.0,1364.4,1366.9,10104.0
2026-06-16 12:10:00,1366.9,1367.3,1366.1,1366.2,14968.0
2026-06-16 12:15:00,1366.3,1366.5,1364.1,1365.5,15296.0
2026-06-16 12:20:00,1365.6,1368.0,1364.4,1367.3,17541.0
2026-06-16 12:25:00,1367.2,1367.2,1363.8,1363.9,24551.0
2026-06-16 12:30:00,1364.1,1365.9,1361.7,1361.9,13578.0
2026-06-16 12:35:00,1361.8,1365.0,1361.4,1364.3,29989.0
2026-06-16 12:40:00,1364.3,1364.8,1363.5,1364.8,6298.0
2026-06-16 12:45:00,1364.8,1365.0,1364.0,1364.9,8599.0
2026-06-16 12:50:00,1364.9,1365.0,1360.2,1360.7,18238.0
2026-06-16 12:55:00,1360.7,1360.9,1353.3,1355.2,54799.0
2026-06-16 13:00:00,1355.3,1355.4,1350.0,1352.6,30989.0
2026-06-16 13:05:00,1352.6,1353.4,1344.9,1346.1,152678.0
2026-06-16 13:10:00,1346.1,1347.4,1342.9,1345.9,136278.0
2026-06-16 13:15:00,1346.3,1367.3,1345.8,1361.4,164594.0
2026-06-16 13:20:00,1361.2,1370.5,1361.2,1366.4,127475.0
2026-06-16 13:25:00,1366.3,1371.0,1365.0,1370.2,42618.0
2026-06-16 13:30:00,1370.0,1370.0,1366.8,1368.4,77306.0
2026-06-16 13:35:00,1368.3,1368.3,1365.8,1367.8,12019.0
2026-06-16 13:40:00,1367.8,1369.5,1367.3,1369.5,9694.0
2026-06-16 13:45:00,1369.3,1373.5,1369.3,1373.4,34222.0
2026-06-16 13:50:00,1373.5,1373.9,1370.2,1373.3,81766.0
2026-06-16 13:55:00,1373.6,1374.5,1372.5,1374.3,23583.0
2026-06-16 14:00:00,1374.8,1376.8,1372.5,1372.9,277541.0
2026-06-16 14:05:00,1372.9,1374.9,1372.5,1374.9,7953.0
2026-06-16 14:10:00,1374.6,1375.3,1374.3,1375.0,15040.0
2026-06-16 14:15:00,1375.0,1382.4,1375.0,1380.6,51256.0
2026-06-16 14:20:00,1380.8,1381.0,1378.6,1380.5,14516.0
2026-06-16 14:25:00,1380.4,1380.8,1379.2,1380.6,9423.0
2026-06-16 14:30:00,1381.0,1382.5,1380.7,1381.5,9146.0
2026-06-16 14:35:00,1381.5,1381.6,1375.8,1376.5,16731.0
2026-06-16 14:40:00,1376.5,1377.6,1375.1,1375.2,12504.0
2026-06-16 14:45:00,1375.1,1377.6,1374.6,1377.6,7331.0
2026-06-16 14:50:00,1377.8,1378.8,1377.1,1378.1,12823.0
2026-06-16 14:55:00,1378.5,1379.4,1376.1,1376.5,19072.0
2026-06-16 15:00:00,1377.6,1378.2,1376.0,1377.2,40916.0
2026-06-16 15:05:00,1377.3,1377.9,1376.6,1376.7,22753.0
2026-06-16 15:10:00,1376.8,1376.8,1374.7,1375.7,29636.0
2026-06-16 15:15:00,1375.5,1377.1,1374.4,1375.7,54107.0
2026-06-16 15:20:00,1375.9,1377.7,1374.9,1377.0,47375.0
2026-06-16 15:25:00,1376.5,1379.0,1375.8,1377.1,57069.0
2026-06-17 09:15:00,1376.0,1384.4,1375.0,1383.3,35554.0
2026-06-17 09:20:00,1383.0,1388.0,1381.3,1387.7,41286.0
2026-06-17 09:25:00,1388.4,1389.0,1375.3,1376.7,66864.0
2026-06-17 09:30:00,1376.0,1376.4,1371.2,1373.9,25670.0
2026-06-17 09:35:00,1374.1,1375.2,1372.0,1375.2,9376.0
2026-06-17 09:40:00,1375.0,1375.3,1367.6,1369.6,22081.0
2026-06-17 09:45:00,1369.6,1371.6,1367.1,1370.0,31136.0
2026-06-17 09:50:00,1370.2,1370.3,1367.2,1368.2,13630.0
2026-06-17 09:55:00,1368.5,1369.0,1367.2,1367.5,9250.0
2026-06-17 10:00:00,1367.7,1369.0,1367.2,1368.3,11151.0
2026-06-17 10:05:00,1368.5,1370.5,1368.1,1370.5,15005.0
2026-06-17 10:10:00,1370.4,1370.6,1368.2,1368.6,9205.0
2026-06-17 10:15:00,1367.9,1369.0,1367.0,1368.7,6027.0
2026-06-17 10:20:00,1368.8,1370.4,1368.0,1369.5,9002.0
2026-06-17 10:25:00,1369.7,1370.7,1367.6,1367.7,16674.0
2026-06-17 10:30:00,1367.8,1368.5,1367.1,1368.4,9422.0
2026-06-17 10:35:00,1368.2,1368.8,1367.6,1368.7,5717.0
2026-06-17 10:40:00,1368.8,1369.4,1367.1,1367.1,9728.0
2026-06-17 10:45:00,1367.2,1367.2,1364.0,1364.4,11778.0
2026-06-17 10:50:00,1364.5,1366.4,1363.0,1365.8,15908.0
2026-06-17 10:55:00,1365.9,1368.1,1365.6,1365.7,8844.0
2026-06-17 11:00:00,1365.8,1366.3,1364.3,1364.5,9322.0
2026-06-17 11:05:00,1364.6,1364.9,1360.4,1361.5,39372.0
2026-06-17 11:10:00,1361.6,1361.7,1358.3,1358.7,19607.0
2026-06-17 11:15:00,1358.7,1358.8,1357.1,1358.0,12834.0
2026-06-17 11:20:00,1358.1,1363.9,1358.0,1363.8,20093.0
2026-06-17 11:25:00,1363.6,1364.4,1362.8,1363.6,21371.0
2026-06-17 11:30:00,1363.7,1363.7,1362.4,1363.1,5862.0
2026-06-17 11:35:00,1363.2,1369.6,1362.9,1368.1,11988.0
2026-06-17 11:40:00,1367.5,1368.1,1366.0,1366.6,6850.0
2026-06-17 11:45:00,1366.6,1366.6,1364.3,1364.9,6671.0
2026-06-17 11:50:00,1364.3,1365.9,1364.1,1365.7,6571.0
2026-06-17 11:55:00,1365.8,1365.9,1365.0,1365.1,4339.0
2026-06-17 12:00:00,1365.2,1365.2,1363.6,1364.9,7193.0
2026-06-17 12:05:00,1364.9,1365.6,1364.1,1364.7,5694.0
2026-06-17 12:10:00,1364.9,1367.1,1364.9,1366.6,5755.0
2026-06-17 12:15:00,1366.6,1371.5,1366.6,1371.4,19746.0
2026-06-17 12:20:00,1371.5,1371.5,1370.7,1371.0,7887.0
2026-06-17 12:25:00,1371.0,1373.8,1370.7,1373.7,9708.0
2026-06-17 12:30:00,1373.9,1374.1,1373.4,1373.9,4551.0
2026-06-17 12:35:00,1374.1,1374.4,1373.7,1374.3,5760.0
2026-06-17 12:40:00,1373.9,1375.0,1373.0,1374.9,7309.0
2026-06-17 12:45:00,1374.9,1375.0,1374.0,1374.9,6457.0
2026-06-17 12:50:00,1374.9,1374.9,1368.6,1369.2,20632.0
2026-06-17 12:55:00,1369.3,1369.4,1368.6,1369.3,4412.0
2026-06-17 13:00:00,1369.3,1369.3,1363.8,1364.9,7694.0
2026-06-17 13:05:00,1364.7,1365.0,1363.5,1365.0,6521.0
2026-06-17 13:10:00,1364.6,1365.0,1364.0,1364.8,3045.0
2026-06-17 13:15:00,1364.9,1365.0,1364.7,1364.9,43056.0
2026-06-17 13:20:00,1365.0,1365.0,1364.0,1364.1,16007.0
2026-06-17 13:25:00,1364.2,1367.5,1364.0,1367.1,17002.0
2026-06-17 13:30:00,1367.0,1367.0,1365.0,1365.4,2827.0
2026-06-17 13:35:00,1365.6,1365.8,1365.0,1365.4,4074.0
2026-06-17 13:40:00,1365.4,1365.6,1364.0,1364.3,5037.0
2026-06-17 13:45:00,1364.4,1365.2,1364.0,1365.1,9975.0
2026-06-17 13:50:00,1365.2,1365.2,1364.0,1364.3,6799.0
2026-06-17 13:55:00,1364.4,1364.4,1361.6,1362.1,12720.0
2026-06-17 14:00:00,1362.1,1362.9,1361.1,1362.2,7758.0
2026-06-17 14:05:00,1362.2,1362.9,1362.1,1362.2,6483.0
2026-06-17 14:10:00,1362.2,1362.4,1361.1,1361.7,5586.0
2026-06-17 14:15:00,1361.6,1362.2,1361.0,1361.9,6070.0
2026-06-17 14:20:00,1362.0,1362.2,1361.2,1362.2,7221.0
2026-06-17 14:25:00,1361.8,1361.8,1360.0,1360.6,7379.0
2026-06-17 14:30:00,1360.7,1361.6,1360.6,1361.0,4340.0
2026-06-17 14:35:00,1361.1,1361.9,1361.0,1361.9,6393.0
2026-06-17 14:40:00,1361.8,1363.2,1361.8,1363.1,9305.0
2026-06-17 14:45:00,1363.4,1363.6,1363.1,1363.4,4249.0
2026-06-17 14:50:00,1363.4,1364.2,1363.3,1363.9,7831.0
2026-06-17 14:55:00,1363.9,1368.3,1361.8,1368.1,56842.0
2026-06-17 15:00:00,1368.3,1372.5,1368.3,1370.8,23060.0
2026-06-17 15:05:00,1370.8,1371.0,1370.0,1370.3,17073.0
2026-06-17 15:10:00,1370.3,1370.4,1368.9,1369.5,20990.0
2026-06-17 15:15:00,1369.5,1370.9,1369.1,1369.7,23336.0
2026-06-17 15:20:00,1369.6,1371.0,1367.3,1371.0,41921.0
2026-06-17 15:25:00,1371.0,1372.2,1367.3,1368.0,23478.0
2026-06-18 09:15:00,1372.0,1380.0,1371.7,1376.3,37405.0
2026-06-18 09:20:00,1376.5,1379.3,1374.7,1377.7,21804.0
2026-06-18 09:25:00,1378.0,1378.8,1374.4,1376.8,16260.0
2026-06-18 09:30:00,1376.7,1376.7,1372.2,1372.3,22098.0
2026-06-18 09:35:00,1372.3,1372.3,1368.7,1369.6,16358.0
2026-06-18 09:40:00,1369.6,1371.5,1368.8,1370.0,7284.0
2026-06-18 09:45:00,1369.9,1371.0,1369.1,1370.0,7543.0
2026-06-18 09:50:00,1370.0,1370.9,1365.2,1365.8,34771.0
2026-06-18 09:55:00,1365.8,1365.8,1362.1,1364.5,17805.0
2026-06-18 10:00:00,1364.6,1365.9,1364.0,1365.4,12978.0
2026-06-18 10:05:00,1365.4,1366.2,1364.8,1365.1,10769.0
2026-06-18 10:10:00,1365.6,1366.8,1364.0,1365.0,17977.0
2026-06-18 10:15:00,1365.5,1367.3,1364.5,1364.5,26976.0
2026-06-18 10:20:00,1364.5,1369.4,1364.1,1365.3,95745.0
2026-06-18 10:25:00,1365.8,1368.6,1365.0,1368.6,27464.0
2026-06-18 10:30:00,1368.1,1370.0,1364.0,1364.6,43873.0
2026-06-18 10:35:00,1364.8,1365.6,1364.2,1364.6,20640.0
2026-06-18 10:40:00,1364.6,1365.6,1363.1,1364.6,20187.0
2026-06-18 10:45:00,1364.6,1364.8,1363.8,1364.3,4399.0
2026-06-18 10:50:00,1364.2,1364.2,1362.1,1362.4,5826.0
2026-06-18 10:55:00,1362.5,1363.6,1362.3,1363.6,9183.0
2026-06-18 11:00:00,1363.6,1363.6,1361.2,1361.5,9099.0
2026-06-18 11:05:00,1361.1,1362.6,1361.0,1361.8,9037.0
2026-06-18 11:10:00,1362.2,1362.3,1360.4,1361.8,9957.0
2026-06-18 11:15:00,1361.4,1362.3,1359.1,1360.9,19580.0
2026-06-18 11:20:00,1360.9,1361.5,1359.3,1359.9,10002.0
2026-06-18 11:25:00,1360.1,1360.8,1359.0,1359.1,7467.0
2026-06-18 11:30:00,1359.1,1361.9,1359.0,1361.4,15181.0
2026-06-18 11:35:00,1361.8,1361.8,1360.6,1361.0,7208.0
2026-06-18 11:40:00,1361.0,1361.0,1360.0,1360.6,6198.0
2026-06-18 11:45:00,1360.6,1360.6,1359.0,1359.2,5478.0
2026-06-18 11:50:00,1359.3,1359.9,1357.1,1357.2,17668.0
2026-06-18 11:55:00,1357.3,1357.5,1353.9,1355.2,80637.0
2026-06-18 12:00:00,1355.1,1355.1,1352.9,1353.3,13032.0
2026-06-18 12:05:00,1353.5,1355.0,1352.7,1352.7,16257.0
2026-06-18 12:10:00,1352.8,1357.0,1352.8,1357.0,29396.0
2026-06-18 12:15:00,1357.1,1360.4,1356.6,1359.5,27638.0
2026-06-18 12:20:00,1359.7,1360.3,1358.5,1360.3,14085.0
2026-06-18 12:25:00,1360.3,1360.3,1359.0,1359.8,6291.0
2026-06-18 12:30:00,1360.3,1363.0,1360.3,1362.4,33793.0
2026-06-18 12:35:00,1362.4,1362.4,1359.2,1359.7,7716.0
2026-06-18 12:40:00,1359.7,1359.7,1358.1,1358.3,6487.0
2026-06-18 12:45:00,1358.6,1360.1,1357.6,1358.6,25114.0
2026-06-18 12:50:00,1358.9,1358.9,1356.3,1357.8,10027.0
2026-06-18 12:55:00,1358.0,1358.0,1357.2,1357.5,5396.0
2026-06-18 13:00:00,1357.7,1358.6,1357.0,1358.2,8137.0
2026-06-18 13:05:00,1358.0,1358.0,1356.4,1356.9,4608.0
2026-06-18 13:10:00,1357.0,1357.4,1356.4,1357.3,9609.0
2026-06-18 13:15:00,1357.2,1358.0,1356.3,1357.1,6574.0
2026-06-18 13:20:00,1357.2,1357.7,1356.7,1357.6,5773.0
2026-06-18 13:25:00,1357.7,1358.6,1356.3,1358.1,9299.0
2026-06-18 13:30:00,1358.1,1358.2,1356.8,1357.1,3564.0
2026-06-18 13:35:00,1357.1,1357.5,1356.5,1357.1,4938.0
2026-06-18 13:40:00,1357.1,1357.7,1356.9,1357.7,7816.0
2026-06-18 13:45:00,1357.7,1358.0,1356.6,1356.6,5725.0
2026-06-18 13:50:00,1356.8,1358.0,1356.7,1356.7,11201.0
2026-06-18 13:55:00,1357.0,1357.9,1356.0,1356.9,20064.0
2026-06-18 14:00:00,1357.0,1357.5,1355.8,1356.6,14980.0
2026-06-18 14:05:00,1356.6,1357.8,1355.0,1356.3,129447.0
2026-06-18 14:10:00,1357.1,1359.1,1355.4,1357.3,16188.0
2026-06-18 14:15:00,1357.3,1360.3,1356.6,1360.0,28724.0
2026-06-18 14:20:00,1360.3,1366.0,1359.7,1365.0,104535.0
2026-06-18 14:25:00,1365.5,1370.4,1365.5,1369.3,30528.0
2026-06-18 14:30:00,1369.3,1369.4,1366.1,1369.0,14146.0
2026-06-18 14:35:00,1369.3,1369.5,1364.6,1365.9,33590.0
2026-06-18 14:40:00,1365.8,1366.1,1363.0,1366.1,48100.0
2026-06-18 14:45:00,1366.1,1366.1,1362.4,1362.9,12409.0
2026-06-18 14:50:00,1362.9,1364.8,1362.1,1364.1,11146.0
2026-06-18 14:55:00,1364.1,1366.6,1364.0,1366.6,18448.0
2026-06-18 15:00:00,1366.6,1369.0,1365.7,1369.0,24503.0
2026-06-18 15:05:00,1369.0,1369.5,1368.1,1369.4,26527.0
2026-06-18 15:10:00,1369.5,1369.6,1367.9,1367.9,27679.0
2026-06-18 15:15:00,1367.2,1369.8,1366.8,1369.0,64176.0
2026-06-18 15:20:00,1368.9,1371.7,1367.4,1370.9,48128.0
2026-06-18 15:25:00,1370.7,1374.6,1369.5,1374.0,28167.0
2026-06-19 09:15:00,1368.0,1383.0,1363.8,1378.8,74954.0
2026-06-19 09:20:00,1378.6,1381.8,1377.1,1380.8,30034.0
2026-06-19 09:25:00,1381.1,1384.2,1378.9,1379.7,34025.0
2026-06-19 09:30:00,1379.8,1380.8,1378.6,1380.8,8652.0
2026-06-19 09:35:00,1380.7,1382.3,1379.1,1382.3,14664.0
2026-06-19 09:40:00,1382.3,1384.7,1382.3,1384.6,22470.0
2026-06-19 09:45:00,1385.0,1385.3,1377.1,1380.0,105817.0
2026-06-19 09:50:00,1380.5,1382.0,1377.6,1378.1,16445.0
2026-06-19 09:55:00,1378.0,1379.1,1375.4,1376.9,10532.0
2026-06-19 10:00:00,1377.0,1378.3,1375.3,1378.3,22254.0
2026-06-19 10:05:00,1379.3,1383.7,1379.0,1381.8,58198.0
2026-06-19 10:10:00,1381.5,1384.2,1380.5,1381.3,28177.0
2026-06-19 10:15:00,1381.4,1384.3,1379.2,1381.0,252527.0
2026-06-19 10:20:00,1380.9,1382.4,1379.3,1382.0,12882.0
2026-06-19 10:25:00,1382.0,1384.0,1382.0,1383.4,31018.0
2026-06-19 10:30:00,1384.0,1391.8,1384.0,1389.9,76947.0
2026-06-19 10:35:00,1389.5,1390.0,1388.0,1390.0,18930.0
2026-06-19 10:40:00,1390.0,1390.0,1388.0,1388.2,19775.0
2026-06-19 10:45:00,1388.2,1394.0,1387.1,1393.2,118896.0
2026-06-19 10:50:00,1392.9,1395.9,1392.3,1393.2,38619.0
2026-06-19 10:55:00,1394.0,1395.0,1392.5,1394.0,21282.0
2026-06-19 11:00:00,1393.7,1398.8,1393.4,1397.0,24016.0
2026-06-19 11:05:00,1397.2,1400.0,1397.0,1398.9,24733.0
2026-06-19 11:10:00,1399.4,1407.0,1398.6,1405.2,55398.0
2026-06-19 11:15:00,1405.7,1405.9,1402.1,1404.0,38164.0
2026-06-19 11:20:00,1403.8,1404.2,1398.0,1400.2,27111.0
2026-06-19 11:25:00,1400.2,1403.6,1399.9,1402.7,15464.0
2026-06-19 11:30:00,1402.7,1408.0,1402.1,1407.4,47412.0
2026-06-19 11:35:00,1407.5,1411.0,1406.9,1409.5,43043.0
2026-06-19 11:40:00,1409.5,1412.8,1409.0,1412.3,24356.0
2026-06-19 11:45:00,1412.4,1412.9,1409.1,1410.0,24445.0
2026-06-19 11:50:00,1410.0,1410.0,1407.8,1409.8,11132.0
2026-06-19 11:55:00,1409.8,1410.0,1408.5,1409.8,10563.0
2026-06-19 12:00:00,1409.9,1412.0,1409.6,1410.0,16845.0
2026-06-19 12:05:00,1410.1,1411.0,1406.4,1407.0,15405.0
2026-06-19 12:10:00,1406.4,1409.0,1406.4,1408.6,11541.0
2026-06-19 12:15:00,1408.6,1412.3,1408.6,1411.9,20782.0
2026-06-19 12:20:00,1412.0,1414.7,1411.8,1414.1,24303.0
2026-06-19 12:25:00,1414.1,1414.2,1413.1,1413.7,17988.0
2026-06-19 12:30:00,1413.6,1413.8,1411.7,1413.8,15847.0
2026-06-19 12:35:00,1413.8,1414.1,1413.2,1413.9,10467.0
2026-06-19 12:40:00,1413.9,1414.0,1411.7,1414.0,9851.0
2026-06-19 12:45:00,1414.2,1419.0,1414.0,1419.0,34083.0
2026-06-19 12:50:00,1419.0,1419.8,1417.1,1419.7,16525.0
2026-06-19 12:55:00,1419.7,1420.0,1418.6,1419.9,17570.0
2026-06-19 13:00:00,1419.9,1420.0,1418.8,1419.0,16294.0
2026-06-19 13:05:00,1419.0,1419.0,1416.6,1417.9,16119.0
2026-06-19 13:10:00,1418.4,1419.9,1417.9,1419.6,9231.0
2026-06-19 13:15:00,1419.9,1423.4,1419.6,1423.2,32134.0
2026-06-19 13:20:00,1423.0,1424.6,1420.5,1420.6,24074.0
2026-06-19 13:25:00,1420.7,1421.9,1413.8,1415.2,58525.0
2026-06-19 13:30:00,1415.0,1418.0,1415.0,1417.7,32336.0
2026-06-19 13:35:00,1417.7,1417.8,1416.0,1416.3,8320.0
2026-06-19 13:40:00,1416.3,1418.0,1415.0,1415.9,23163.0
2026-06-19 13:45:00,1415.8,1417.5,1415.2,1417.5,8583.0
2026-06-19 13:50:00,1417.7,1418.0,1415.8,1417.5,12859.0
2026-06-19 13:55:00,1417.2,1418.7,1417.1,1418.7,4624.0
2026-06-19 14:00:00,1418.9,1420.2,1418.3,1419.9,15772.0
2026-06-19 14:05:00,1419.9,1420.0,1418.6,1419.5,11101.0
2026-06-19 14:10:00,1419.6,1419.9,1417.0,1417.9,8665.0
2026-06-19 14:15:00,1417.9,1417.9,1416.5,1417.6,7759.0
2026-06-19 14:20:00,1417.6,1417.6,1414.0,1414.9,18339.0
2026-06-19 14:25:00,1414.9,1415.6,1413.8,1414.6,9363.0
2026-06-19 14:30:00,1414.6,1414.8,1412.3,1414.0,18160.0
2026-06-19 14:35:00,1414.3,1416.5,1413.3,1415.6,28997.0
2026-06-19 14:40:00,1415.4,1415.7,1410.0,1412.9,47567.0
2026-06-19 14:45:00,1413.7,1414.5,1412.1,1413.9,31909.0
2026-06-19 14:50:00,1413.5,1414.3,1409.1,1410.5,15765.0
2026-06-19 14:55:00,1410.5,1410.5,1408.6,1410.3,12031.0
2026-06-19 15:00:00,1410.0,1414.4,1409.4,1413.8,53773.0
2026-06-19 15:05:00,1413.8,1414.4,1412.1,1414.0,37627.0
2026-06-19 15:10:00,1413.7,1415.1,1412.7,1413.0,32297.0
2026-06-19 15:15:00,1412.9,1413.6,1411.2,1412.8,52681.0
2026-06-19 15:20:00,1412.6,1413.9,1411.9,1413.5,62503.0
2026-06-19 15:25:00,1413.5,1414.6,1408.1,1411.2,62109.0
2026-06-22 09:15:00,1415.0,1419.4,1410.5,1418.6,66939.0
2026-06-22 09:20:00,1418.4,1429.9,1417.4,1422.3,104323.0
2026-06-22 09:25:00,1422.7,1424.2,1418.8,1424.0,52703.0
2026-06-22 09:30:00,1424.0,1424.8,1415.8,1418.2,55094.0
2026-06-22 09:35:00,1418.5,1419.2,1416.2,1417.4,33098.0
2026-06-22 09:40:00,1417.1,1418.6,1416.4,1416.4,31992.0
2026-06-22 09:45:00,1416.4,1418.2,1415.0,1416.9,26015.0
2026-06-22 09:50:00,1416.6,1420.0,1416.0,1420.0,18415.0
2026-06-22 09:55:00,1419.4,1419.9,1415.7,1417.0,18157.0
2026-06-22 10:00:00,1417.0,1417.0,1413.6,1413.6,27526.0
2026-06-22 10:05:00,1414.0,1417.0,1413.8,1415.4,18903.0
2026-06-22 10:10:00,1415.6,1416.3,1415.0,1415.5,18228.0
2026-06-22 10:15:00,1415.5,1418.0,1415.2,1416.7,15499.0
2026-06-22 10:20:00,1416.7,1417.7,1415.6,1417.7,15334.0
2026-06-22 10:25:00,1417.3,1419.1,1417.2,1418.0,13864.0
2026-06-22 10:30:00,1417.9,1419.4,1415.7,1416.5,21534.0
2026-06-22 10:35:00,1416.5,1417.9,1416.0,1417.8,16462.0
2026-06-22 10:40:00,1417.8,1418.3,1417.0,1417.9,7659.0
2026-06-22 10:45:00,1417.9,1418.0,1417.1,1417.6,8919.0
2026-06-22 10:50:00,1417.2,1420.0,1417.2,1420.0,10085.0
2026-06-22 10:55:00,1420.0,1425.0,1420.0,1422.8,41212.0
2026-06-22 11:00:00,1422.4,1424.4,1421.4,1422.2,21645.0
2026-06-22 11:05:00,1422.4,1422.7,1420.9,1421.5,13777.0
2026-06-22 11:10:00,1421.5,1422.2,1418.2,1420.2,21039.0
2026-06-22 11:15:00,1420.2,1421.2,1419.8,1420.3,11230.0
2026-06-22 11:20:00,1420.3,1423.7,1420.0,1421.6,15757.0
2026-06-22 11:25:00,1422.1,1423.2,1421.3,1423.2,8684.0
2026-06-22 11:30:00,1423.2,1424.0,1422.7,1423.3,8082.0
2026-06-22 11:35:00,1423.3,1426.9,1423.1,1425.1,23270.0
2026-06-22 11:40:00,1425.5,1425.5,1423.1,1424.1,8111.0
2026-06-22 11:45:00,1424.4,1427.4,1424.0,1427.1,9840.0
2026-06-22 11:50:00,1427.1,1428.0,1424.6,1425.1,22333.0
2026-06-22 11:55:00,1424.6,1427.6,1424.5,1427.0,16823.0
2026-06-22 12:00:00,1426.3,1430.0,1426.0,1429.8,21264.0
2026-06-22 12:05:00,1429.6,1430.0,1429.1,1429.7,17964.0
2026-06-22 12:10:00,1429.7,1429.8,1428.6,1429.7,8256.0
2026-06-22 12:15:00,1429.8,1432.9,1429.5,1432.5,36702.0
2026-06-22 12:20:00,1432.2,1432.9,1431.2,1431.6,15728.0
2026-06-22 12:25:00,1431.6,1432.9,1431.4,1432.6,6953.0
2026-06-22 12:30:00,1432.8,1433.5,1431.1,1432.9,15396.0
2026-06-22 12:35:00,1432.9,1433.4,1427.5,1429.9,26270.0
2026-06-22 12:40:00,1429.9,1430.5,1429.4,1429.6,13971.0
2026-06-22 12:45:00,1429.6,1430.9,1429.3,1429.5,24034.0
2026-06-22 12:50:00,1429.6,1431.3,1429.6,1430.9,18989.0
2026-06-22 12:55:00,1431.2,1432.2,1430.9,1431.2,6628.0
2026-06-22 13:00:00,1431.5,1433.4,1430.6,1433.3,11145.0
2026-06-22 13:05:00,1433.3,1433.6,1431.4,1431.4,13332.0
2026-06-22 13:10:00,1431.8,1434.0,1431.5,1434.0,10550.0
2026-06-22 13:15:00,1433.9,1434.7,1432.9,1433.8,21630.0
2026-06-22 13:20:00,1434.1,1434.9,1433.6,1434.8,7675.0
2026-06-22 13:25:00,1434.9,1436.0,1434.8,1435.6,28224.0
2026-06-22 13:30:00,1435.5,1436.0,1435.1,1435.6,8459.0
2026-06-22 13:35:00,1436.0,1436.0,1433.7,1433.8,14009.0
2026-06-22 13:40:00,1433.8,1437.0,1433.8,1436.9,17841.0
2026-06-22 13:45:00,1436.9,1436.9,1435.5,1436.5,14401.0
2026-06-22 13:50:00,1436.5,1437.9,1436.4,1437.2,26630.0
2026-06-22 13:55:00,1437.0,1437.0,1435.3,1436.5,12597.0
2026-06-22 14:00:00,1436.6,1436.9,1435.3,1436.0,21522.0
2026-06-22 14:05:00,1436.3,1437.0,1435.5,1435.7,10010.0
2026-06-22 14:10:00,1436.2,1437.0,1435.0,1436.5,13217.0
2026-06-22 14:15:00,1436.9,1436.9,1435.8,1436.4,4597.0
2026-06-22 14:20:00,1436.4,1437.8,1436.1,1437.7,14964.0
2026-06-22 14:25:00,1437.9,1438.8,1437.4,1438.6,18222.0
2026-06-22 14:30:00,1438.5,1441.0,1438.5,1438.6,45026.0
2026-06-22 14:35:00,1438.6,1439.1,1436.8,1437.1,23474.0
2026-06-22 14:40:00,1437.3,1438.3,1437.1,1437.7,15244.0
2026-06-22 14:45:00,1437.7,1437.8,1436.2,1436.4,14114.0
2026-06-22 14:50:00,1436.4,1438.7,1436.4,1438.3,16224.0
2026-06-22 14:55:00,1438.3,1439.0,1437.5,1437.7,37885.0
2026-06-22 15:00:00,1437.7,1438.9,1435.1,1435.2,33910.0
2026-06-22 15:05:00,1435.8,1435.8,1434.6,1434.6,28900.0
2026-06-22 15:10:00,1434.4,1435.6,1434.2,1434.9,28319.0
2026-06-22 15:15:00,1435.4,1436.5,1435.0,1435.6,65980.0
2026-06-22 15:20:00,1435.5,1436.7,1434.5,1436.0,72941.0
2026-06-22 15:25:00,1436.0,1437.7,1434.8,1437.4,48617.0
2026-06-23 09:15:00,1443.4,1454.6,1435.0,1454.5,216258.0
2026-06-23 09:20:00,1454.5,1462.2,1453.5,1458.4,145362.0
2026-06-23 09:25:00,1458.6,1466.4,1457.6,1466.0,125568.0
2026-06-23 09:30:00,1465.6,1473.0,1465.0,1472.6,136614.0
2026-06-23 09:35:00,1472.6,1477.6,1470.7,1472.3,144802.0
2026-06-23 09:40:00,1472.9,1475.0,1467.6,1469.0,76353.0
2026-06-23 09:45:00,1469.0,1473.3,1468.9,1471.7,51000.0
2026-06-23 09:50:00,1471.8,1475.0,1471.8,1474.7,71372.0
2026-06-23 09:55:00,1474.9,1479.6,1472.0,1479.1,119291.0
2026-06-23 10:00:00,1479.7,1479.9,1475.3,1475.5,70350.0
2026-06-23 10:05:00,1475.4,1478.9,1474.6,1477.7,65191.0
2026-06-23 10:10:00,1477.7,1485.0,1477.0,1482.7,133309.0
2026-06-23 10:15:00,1483.1,1484.8,1480.7,1482.0,75706.0
2026-06-23 10:20:00,1482.6,1486.0,1480.9,1481.7,116943.0
2026-06-23 10:25:00,1482.0,1483.0,1481.0,1481.8,44736.0
2026-06-23 10:30:00,1482.0,1482.0,1477.5,1479.6,96930.0
2026-06-23 10:35:00,1479.8,1481.0,1472.9,1478.7,80536.0
2026-06-23 10:40:00,1478.8,1480.0,1477.3,1480.0,56012.0
2026-06-23 10:45:00,1480.0,1480.0,1477.0,1477.8,30754.0
2026-06-23 10:50:00,1477.8,1477.8,1475.0,1476.9,42241.0
2026-06-23 10:55:00,1476.9,1478.0,1476.0,1478.0,26085.0
2026-06-23 11:00:00,1478.0,1481.1,1477.8,1481.1,41810.0
2026-06-23 11:05:00,1480.2,1481.4,1478.3,1479.6,37939.0
2026-06-23 11:10:00,1479.6,1481.5,1478.9,1480.8,42861.0
2026-06-23 11:15:00,1480.7,1481.2,1478.8,1479.6,30693.0
2026-06-23 11:20:00,1479.7,1480.0,1478.5,1479.1,19441.0
2026-06-23 11:25:00,1479.2,1479.2,1475.3,1476.3,32008.0
2026-06-23 11:30:00,1475.7,1478.8,1475.5,1478.6,24884.0
2026-06-23 11:35:00,1478.6,1479.2,1476.8,1477.1,22716.0
2026-06-23 11:40:00,1477.2,1478.3,1474.4,1478.0,37173.0
2026-06-23 11:45:00,1478.3,1479.3,1475.3,1477.8,44583.0
2026-06-23 11:50:00,1477.7,1477.7,1473.3,1475.6,58532.0
2026-06-23 11:55:00,1475.2,1475.9,1472.1,1473.9,41413.0
2026-06-23 12:00:00,1473.7,1476.1,1472.4,1475.0,22076.0
2026-06-23 12:05:00,1475.0,1476.5,1474.7,1475.9,20255.0
2026-06-23 12:10:00,1476.0,1477.0,1472.7,1474.1,58286.0
2026-06-23 12:15:00,1474.2,1477.0,1473.9,1476.7,23764.0
2026-06-23 12:20:00,1476.7,1476.7,1472.6,1475.2,37940.0
2026-06-23 12:25:00,1474.9,1477.9,1474.2,1477.0,19374.0
2026-06-23 12:30:00,1477.0,1477.7,1475.6,1476.7,18542.0
2026-06-23 12:35:00,1477.2,1478.9,1476.4,1478.9,18687.0
2026-06-23 12:40:00,1478.5,1480.0,1476.4,1477.0,50172.0
2026-06-23 12:45:00,1475.8,1477.0,1474.7,1475.2,27786.0
2026-06-23 12:50:00,1475.2,1476.0,1474.1,1474.6,24728.0
2026-06-23 12:55:00,1474.5,1474.6,1471.7,1472.8,25942.0
2026-06-23 13:00:00,1472.3,1474.0,1471.3,1472.6,37767.0
2026-06-23 13:05:00,1472.5,1472.7,1466.8,1469.6,72530.0
2026-06-23 13:10:00,1470.0,1470.0,1465.0,1466.0,45934.0
2026-06-23 13:15:00,1465.9,1469.1,1463.5,1469.1,55371.0
2026-06-23 13:20:00,1469.1,1469.5,1465.8,1467.9,16067.0
2026-06-23 13:25:00,1467.7,1468.3,1466.3,1468.2,20579.0
2026-06-23 13:30:00,1468.2,1469.8,1466.4,1467.7,21677.0
2026-06-23 13:35:00,1467.9,1471.9,1467.1,1471.1,20203.0
2026-06-23 13:40:00,1471.1,1473.1,1469.6,1473.1,24984.0
2026-06-23 13:45:00,1473.0,1476.0,1471.3,1475.8,29707.0
2026-06-23 13:50:00,1475.9,1475.9,1470.4,1471.6,34522.0
2026-06-23 13:55:00,1471.9,1471.9,1470.2,1471.1,22951.0
2026-06-23 14:00:00,1471.3,1474.6,1470.1,1474.2,26734.0
2026-06-23 14:05:00,1474.2,1474.8,1472.5,1473.9,17528.0
2026-06-23 14:10:00,1474.1,1474.9,1473.0,1473.5,29558.0
2026-06-23 14:15:00,1473.5,1475.0,1472.7,1473.4,25201.0
2026-06-23 14:20:00,1473.6,1475.1,1473.1,1474.8,25258.0
2026-06-23 14:25:00,1474.8,1476.3,1474.8,1475.8,31974.0
2026-06-23 14:30:00,1475.6,1476.5,1475.0,1476.5,23510.0
2026-06-23 14:35:00,1476.5,1476.7,1475.1,1476.5,24511.0
2026-06-23 14:40:00,1476.5,1479.0,1476.0,1478.9,29510.0
2026-06-23 14:45:00,1479.0,1481.0,1477.1,1481.0,52286.0
2026-06-23 14:50:00,1481.3,1484.0,1481.2,1483.8,68050.0
2026-06-23 14:55:00,1483.9,1485.4,1483.2,1483.4,69153.0
2026-06-23 15:00:00,1483.3,1483.5,1476.6,1479.9,98175.0
2026-06-23 15:05:00,1479.8,1483.9,1479.8,1481.9,64161.0
2026-06-23 15:10:00,1481.9,1483.5,1481.7,1482.8,55489.0
2026-06-23 15:15:00,1482.8,1482.9,1479.5,1480.2,100392.0
2026-06-23 15:20:00,1480.7,1482.0,1479.9,1480.2,73806.0
2026-06-23 15:25:00,1480.2,1482.0,1475.0,1481.5,67712.0
2026-06-24 09:15:00,1484.0,1492.6,1482.3,1491.1,143465.0
2026-06-24 09:20:00,1490.3,1492.0,1487.6,1489.6,60468.0
2026-06-24 09:25:00,1489.4,1489.6,1484.0,1484.0,38863.0
2026-06-24 09:30:00,1484.0,1485.0,1471.0,1471.1,57045.0
2026-06-24 09:35:00,1471.8,1473.8,1467.8,1472.9,62149.0
2026-06-24 09:40:00,1472.9,1474.1,1467.1,1467.1,33188.0
2026-06-24 09:45:00,1467.2,1467.6,1445.3,1448.7,116085.0
2026-06-24 09:50:00,1448.2,1462.1,1441.1,1460.0,108874.0
2026-06-24 09:55:00,1460.0,1462.7,1458.1,1459.1,33046.0
2026-06-24 10:00:00,1459.4,1464.8,1459.4,1463.4,28524.0
2026-06-24 10:05:00,1463.4,1463.5,1461.5,1462.3,19470.0
2026-06-24 10:10:00,1462.3,1462.3,1456.7,1457.3,17740.0
2026-06-24 10:15:00,1457.0,1459.8,1456.1,1458.0,20529.0
2026-06-24 10:20:00,1458.2,1460.2,1458.2,1460.2,20748.0
2026-06-24 10:25:00,1460.1,1463.5,1459.7,1461.5,19485.0
2026-06-24 10:30:00,1461.9,1464.9,1461.5,1464.0,12013.0
2026-06-24 10:35:00,1464.0,1469.0,1462.1,1467.6,91546.0
2026-06-24 10:40:00,1467.2,1469.0,1466.9,1469.0,23006.0
2026-06-24 10:45:00,1469.0,1469.7,1467.3,1469.4,15437.0
2026-06-24 10:50:00,1469.5,1471.9,1468.1,1469.8,19168.0
2026-06-24 10:55:00,1469.9,1470.0,1468.0,1469.3,20220.0
2026-06-24 11:00:00,1469.3,1472.4,1469.2,1470.7,20540.0
2026-06-24 11:05:00,1470.7,1471.1,1468.7,1470.0,14216.0
2026-06-24 11:10:00,1470.0,1470.8,1469.8,1470.4,13289.0
2026-06-24 11:15:00,1470.4,1471.8,1470.0,1470.0,16954.0
2026-06-24 11:20:00,1469.7,1469.8,1467.6,1469.2,17007.0
2026-06-24 11:25:00,1469.6,1472.2,1469.3,1471.8,25473.0
2026-06-24 11:30:00,1471.8,1471.8,1468.0,1469.2,18191.0
2026-06-24 11:35:00,1469.0,1469.5,1468.2,1468.8,12200.0
2026-06-24 11:40:00,1469.0,1469.8,1467.9,1469.5,19957.0
2026-06-24 11:45:00,1469.5,1469.6,1468.0,1468.6,20206.0
2026-06-24 11:50:00,1468.6,1469.5,1468.0,1468.1,19100.0
2026-06-24 11:55:00,1468.3,1468.3,1468.0,1468.3,20084.0
2026-06-24 12:00:00,1468.1,1470.2,1468.0,1470.2,9818.0
2026-06-24 12:05:00,1470.2,1470.2,1469.2,1469.5,11959.0
2026-06-24 12:10:00,1469.5,1469.6,1468.0,1468.7,8673.0
2026-06-24 12:15:00,1468.7,1469.7,1468.7,1469.5,8084.0
2026-06-24 12:20:00,1469.6,1470.4,1468.1,1468.1,18783.0
2026-06-24 12:25:00,1468.2,1470.0,1468.2,1469.9,17874.0
2026-06-24 12:30:00,1469.9,1471.0,1469.0,1471.0,14331.0
2026-06-24 12:35:00,1471.0,1471.0,1465.1,1465.2,110940.0
2026-06-24 12:40:00,1464.9,1465.1,1462.1,1462.9,10129.0
2026-06-24 12:45:00,1462.3,1466.0,1462.3,1465.2,27607.0
2026-06-24 12:50:00,1465.1,1465.3,1462.1,1464.6,20729.0
2026-06-24 12:55:00,1464.9,1465.0,1463.2,1463.2,12461.0
2026-06-24 13:00:00,1463.1,1464.0,1461.3,1463.7,14134.0
2026-06-24 13:05:00,1463.9,1464.8,1463.6,1464.1,10815.0
2026-06-24 13:10:00,1464.0,1464.7,1463.8,1464.3,6305.0
2026-06-24 13:15:00,1464.2,1465.1,1462.9,1462.9,14916.0
2026-06-24 13:20:00,1463.5,1463.5,1460.0,1461.6,17484.0
2026-06-24 13:25:00,1461.2,1465.0,1461.1,1462.1,43981.0
2026-06-24 13:30:00,1462.5,1462.7,1460.2,1460.2,17454.0
2026-06-24 13:35:00,1460.5,1461.5,1456.1,1458.9,66145.0
2026-06-24 13:40:00,1459.3,1459.8,1456.7,1458.8,23740.0
2026-06-24 13:45:00,1458.8,1458.8,1455.7,1455.7,10188.0
2026-06-24 13:50:00,1456.3,1457.6,1456.3,1457.3,10743.0
2026-06-24 13:55:00,1457.4,1459.2,1457.3,1458.0,11544.0
2026-06-24 14:00:00,1457.9,1458.2,1456.8,1458.1,5965.0
2026-06-24 14:05:00,1458.1,1459.8,1458.0,1459.1,11195.0
2026-06-24 14:10:00,1459.1,1460.0,1459.0,1459.8,6036.0
2026-06-24 14:15:00,1459.7,1459.9,1458.0,1458.2,8956.0
2026-06-24 14:20:00,1458.2,1459.7,1457.9,1458.7,12953.0
2026-06-24 14:25:00,1458.7,1459.9,1456.7,1459.1,9203.0
2026-06-24 14:30:00,1458.7,1459.5,1457.7,1457.9,15895.0
2026-06-24 14:35:00,1457.6,1458.3,1457.2,1458.2,9908.0
2026-06-24 14:40:00,1458.0,1459.9,1457.6,1457.6,21584.0
2026-06-24 14:45:00,1458.4,1458.5,1455.3,1455.9,40233.0
2026-06-24 14:50:00,1456.0,1456.3,1453.1,1453.7,22731.0
2026-06-24 14:55:00,1453.7,1454.0,1452.6,1453.1,16384.0
2026-06-24 15:00:00,1452.0,1456.4,1451.8,1454.9,66320.0
2026-06-24 15:05:00,1454.9,1455.3,1453.3,1455.3,55814.0
2026-06-24 15:10:00,1455.3,1455.4,1453.0,1453.6,43603.0
2026-06-24 15:15:00,1453.3,1454.5,1453.2,1454.0,56204.0
2026-06-24 15:20:00,1454.1,1455.3,1454.0,1455.1,65221.0
2026-06-24 15:25:00,1455.2,1457.0,1453.2,1457.0,32912.0
2026-06-25 09:15:00,1455.5,1463.6,1452.4,1455.1,137315.0
2026-06-25 09:20:00,1455.5,1455.5,1451.5,1453.7,39180.0
2026-06-25 09:25:00,1454.1,1454.4,1447.7,1450.3,28240.0
2026-06-25 09:30:00,1450.2,1450.2,1442.9,1445.0,39895.0
2026-06-25 09:35:00,1444.5,1445.6,1442.4,1443.1,25320.0
2026-06-25 09:40:00,1443.0,1446.7,1442.0,1446.7,17714.0
2026-06-25 09:45:00,1446.5,1451.0,1445.4,1446.4,19408.0
2026-06-25 09:50:00,1446.9,1448.2,1445.4,1447.4,11102.0
2026-06-25 09:55:00,1447.4,1448.9,1445.6,1447.4,14713.0
2026-06-25 10:00:00,1447.4,1449.2,1446.5,1447.2,16405.0
2026-06-25 10:05:00,1447.4,1448.6,1446.8,1447.8,10959.0
2026-06-25 10:10:00,1447.2,1447.2,1442.3,1442.3,17608.0
2026-06-25 10:15:00,1442.8,1444.0,1442.0,1443.3,9771.0
2026-06-25 10:20:00,1443.3,1443.3,1438.6,1440.0,22606.0
2026-06-25 10:25:00,1440.0,1443.8,1439.7,1443.0,12922.0
2026-06-25 10:30:00,1443.2,1454.0,1443.0,1453.0,22809.0
2026-06-25 10:35:00,1453.3,1453.4,1448.1,1449.1,21945.0
2026-06-25 10:40:00,1449.4,1453.9,1449.4,1451.1,26505.0
2026-06-25 10:45:00,1451.0,1454.0,1450.7,1452.6,11616.0
2026-06-25 10:50:00,1452.5,1453.2,1452.2,1453.2,6687.0
2026-06-25 10:55:00,1453.2,1455.1,1452.6,1454.5,21341.0
2026-06-25 11:00:00,1454.5,1455.0,1452.0,1453.3,10435.0
2026-06-25 11:05:00,1453.5,1454.5,1452.0,1452.9,13211.0
2026-06-25 11:10:00,1452.9,1453.5,1452.8,1453.3,4687.0
2026-06-25 11:15:00,1453.4,1455.2,1451.5,1451.5,20678.0
2026-06-25 11:20:00,1452.0,1455.2,1451.7,1454.9,7742.0
2026-06-25 11:25:00,1455.2,1460.3,1455.2,1457.2,16955.0
2026-06-25 11:30:00,1457.4,1458.2,1456.7,1457.8,6760.0
2026-06-25 11:35:00,1457.9,1457.9,1456.5,1456.8,6872.0
2026-06-25 11:40:00,1456.7,1456.7,1452.0,1452.6,13886.0
2026-06-25 11:45:00,1452.6,1454.7,1451.8,1454.5,11606.0
2026-06-25 11:50:00,1454.5,1454.8,1454.3,1454.5,4624.0
2026-06-25 11:55:00,1454.5,1455.7,1452.5,1452.9,15822.0
2026-06-25 12:00:00,1452.9,1453.2,1452.3,1453.2,5341.0
2026-06-25 12:05:00,1453.2,1453.3,1450.5,1450.7,9458.0
2026-06-25 12:10:00,1451.0,1451.0,1449.5,1450.0,12385.0
2026-06-25 12:15:00,1450.0,1450.3,1448.1,1448.4,7353.0
2026-06-25 12:20:00,1448.4,1449.8,1446.4,1449.8,33326.0
2026-06-25 12:25:00,1448.9,1449.1,1446.8,1449.0,9063.0
2026-06-25 12:30:00,1449.0,1453.0,1447.3,1453.0,34898.0
2026-06-25 12:35:00,1454.4,1459.8,1454.4,1458.7,16074.0
2026-06-25 12:40:00,1458.7,1458.7,1455.8,1456.4,7731.0
2026-06-25 12:45:00,1456.4,1456.7,1455.5,1456.6,6851.0
2026-06-25 12:50:00,1456.6,1456.6,1453.6,1453.7,12314.0
2026-06-25 12:55:00,1453.7,1453.7,1450.8,1451.4,6563.0
2026-06-25 13:00:00,1451.4,1452.3,1450.4,1452.0,24934.0
2026-06-25 13:05:00,1452.0,1452.0,1450.9,1451.6,7881.0
2026-06-25 13:10:00,1451.6,1451.8,1447.3,1449.2,36986.0
2026-06-25 13:15:00,1449.4,1450.7,1446.6,1447.4,13681.0
2026-06-25 13:20:00,1447.4,1450.5,1446.1,1450.2,24748.0
2026-06-25 13:25:00,1450.2,1450.2,1448.0,1448.1,12560.0
2026-06-25 13:30:00,1448.1,1448.1,1445.2,1446.8,32845.0
2026-06-25 13:35:00,1446.9,1447.3,1445.0,1447.0,10910.0
2026-06-25 13:40:00,1447.0,1448.6,1446.9,1448.4,17262.0
2026-06-25 13:45:00,1448.3,1448.8,1448.0,1448.7,7562.0
2026-06-25 13:50:00,1448.7,1449.5,1448.2,1448.6,8311.0
2026-06-25 13:55:00,1448.6,1448.6,1446.3,1448.1,13882.0
2026-06-25 14:00:00,1447.8,1447.8,1446.5,1447.3,5382.0
2026-06-25 14:05:00,1447.3,1448.6,1447.2,1447.7,7921.0
2026-06-25 14:10:00,1447.7,1449.9,1445.0,1449.0,46556.0
2026-06-25 14:15:00,1449.0,1449.1,1447.0,1448.1,6149.0
2026-06-25 14:20:00,1447.5,1448.2,1444.3,1444.6,11154.0
2026-06-25 14:25:00,1444.7,1446.9,1444.3,1446.0,12608.0
2026-06-25 14:30:00,1446.0,1447.0,1445.6,1446.5,11102.0
2026-06-25 14:35:00,1446.5,1447.9,1446.0,1447.3,12513.0
2026-06-25 14:40:00,1447.0,1447.7,1444.1,1445.8,14166.0
2026-06-25 14:45:00,1445.7,1447.1,1444.8,1446.7,14376.0
2026-06-25 14:50:00,1446.7,1450.3,1446.0,1449.4,18632.0
2026-06-25 14:55:00,1449.4,1449.5,1447.0,1448.9,14831.0
2026-06-25 15:00:00,1449.1,1449.8,1446.4,1448.2,35809.0
2026-06-25 15:05:00,1448.3,1449.6,1448.1,1448.3,20133.0
2026-06-25 15:10:00,1448.3,1450.5,1448.2,1450.4,26500.0
2026-06-25 15:15:00,1450.4,1450.8,1450.0,1450.0,25737.0
2026-06-25 15:20:00,1450.0,1451.6,1449.4,1451.0,41736.0
2026-06-25 15:25:00,1451.0,1454.0,1450.6,1453.1,33486.0
2026-06-29 09:15:00,1450.0,1467.7,1450.0,1461.2,87506.0
2026-06-29 09:20:00,1460.8,1460.8,1453.1,1455.2,38072.0
2026-06-29 09:25:00,1455.3,1456.1,1452.3,1454.0,33024.0
2026-06-29 09:30:00,1454.4,1462.5,1453.0,1457.2,32760.0
2026-06-29 09:35:00,1458.0,1462.0,1456.8,1461.5,28471.0
2026-06-29 09:40:00,1461.8,1466.8,1461.7,1466.8,25509.0
2026-06-29 09:45:00,1466.8,1472.9,1464.5,1471.2,50719.0
2026-06-29 09:50:00,1470.7,1479.7,1470.7,1478.2,110967.0
2026-06-29 09:55:00,1479.0,1479.8,1477.0,1477.6,56345.0
2026-06-29 10:00:00,1478.8,1479.8,1477.0,1479.2,62029.0
2026-06-29 10:05:00,1479.0,1479.5,1476.3,1478.4,48724.0
2026-06-29 10:10:00,1478.1,1479.2,1477.6,1477.8,37693.0
2026-06-29 10:15:00,1477.8,1479.0,1475.1,1476.2,34900.0
2026-06-29 10:20:00,1476.3,1479.0,1475.0,1478.5,38231.0
2026-06-29 10:25:00,1478.8,1479.3,1476.0,1477.0,32199.0
2026-06-29 10:30:00,1477.2,1481.6,1477.2,1480.0,44215.0
2026-06-29 10:35:00,1479.9,1480.9,1479.5,1480.9,19942.0
2026-06-29 10:40:00,1480.9,1482.7,1480.2,1482.3,28953.0
2026-06-29 10:45:00,1482.3,1483.2,1480.2,1481.1,33280.0
2026-06-29 10:50:00,1480.9,1480.9,1478.1,1480.8,29261.0
2026-06-29 10:55:00,1480.8,1482.4,1479.8,1480.4,27030.0
2026-06-29 11:00:00,1480.2,1481.8,1478.1,1480.2,75688.0
2026-06-29 11:05:00,1480.2,1481.0,1476.7,1479.2,46080.0
2026-06-29 11:10:00,1479.2,1482.0,1478.9,1480.7,34206.0
2026-06-29 11:15:00,1480.7,1482.0,1479.9,1481.0,31101.0
2026-06-29 11:20:00,1481.0,1484.7,1477.6,1481.4,127954.0
2026-06-29 11:25:00,1481.0,1483.1,1479.6,1482.8,37673.0
2026-06-29 11:30:00,1482.8,1483.7,1481.0,1483.7,36437.0
2026-06-29 11:35:00,1483.3,1486.0,1483.0,1483.5,44397.0
2026-06-29 11:40:00,1483.6,1489.0,1483.0,1486.1,80850.0
2026-06-29 11:45:00,1484.6,1487.0,1483.4,1486.5,57040.0
2026-06-29 11:50:00,1486.4,1487.0,1482.3,1483.0,45352.0
2026-06-29 11:55:00,1482.9,1482.9,1476.1,1479.6,65789.0
2026-06-29 12:00:00,1479.5,1480.8,1478.0,1479.3,32703.0
2026-06-29 12:05:00,1479.2,1480.0,1477.9,1480.0,38079.0
2026-06-29 12:10:00,1479.9,1480.0,1478.0,1478.9,55036.0
2026-06-29 12:15:00,1478.8,1480.0,1477.6,1478.6,50958.0
2026-06-29 12:20:00,1478.5,1479.5,1477.1,1479.1,55107.0
2026-06-29 12:25:00,1478.8,1482.0,1478.0,1479.6,64822.0
2026-06-29 12:30:00,1479.1,1480.1,1478.0,1479.4,51247.0
2026-06-29 12:35:00,1479.4,1479.6,1477.0,1478.0,76997.0
2026-06-29 12:40:00,1477.9,1479.9,1477.5,1477.8,44319.0
2026-06-29 12:45:00,1477.9,1482.4,1477.8,1479.9,51019.0
2026-06-29 12:50:00,1480.3,1482.2,1479.4,1479.8,87722.0
2026-06-29 12:55:00,1479.7,1481.8,1479.4,1481.0,29906.0
2026-06-29 13:00:00,1480.9,1481.4,1478.4,1480.7,73543.0
2026-06-29 13:05:00,1480.7,1481.5,1479.4,1480.2,26724.0
2026-06-29 13:10:00,1480.3,1484.8,1480.2,1483.4,108654.0
2026-06-29 13:15:00,1483.3,1484.7,1482.8,1484.6,39473.0
2026-06-29 13:20:00,1484.5,1486.5,1482.0,1482.9,78232.0
2026-06-29 13:25:00,1482.9,1484.9,1482.2,1483.4,76760.0
2026-06-29 13:30:00,1483.5,1484.0,1480.0,1480.4,38599.0
2026-06-29 13:35:00,1480.3,1483.4,1479.4,1483.0,43914.0
2026-06-29 13:40:00,1482.4,1483.9,1479.9,1482.0,78204.0
2026-06-29 13:45:00,1482.1,1485.4,1481.3,1484.1,107737.0
2026-06-29 13:50:00,1483.9,1484.0,1480.5,1481.3,89386.0
2026-06-29 13:55:00,1481.2,1482.6,1479.3,1479.9,91050.0
2026-06-29 14:00:00,1480.0,1481.7,1478.8,1480.9,80001.0
2026-06-29 14:05:00,1480.5,1484.6,1480.2,1483.3,77312.0
2026-06-29 14:10:00,1482.8,1483.0,1480.0,1482.0,60100.0
2026-06-29 14:15:00,1481.9,1482.4,1480.2,1482.2,64628.0
2026-06-29 14:20:00,1482.2,1483.0,1480.5,1481.2,72125.0
2026-06-29 14:25:00,1481.1,1483.3,1480.8,1483.2,66619.0
2026-06-29 14:30:00,1483.0,1484.0,1482.2,1483.0,62067.0
2026-06-29 14:35:00,1483.0,1483.1,1479.0,1480.3,88951.0
2026-06-29 14:40:00,1480.3,1481.6,1479.2,1479.7,96338.0
2026-06-29 14:45:00,1479.7,1479.8,1475.0,1479.5,221431.0
2026-06-29 14:50:00,1479.9,1483.0,1479.9,1482.0,260505.0
2026-06-29 14:55:00,1482.4,1485.3,1481.7,1483.9,291869.0
2026-06-29 15:00:00,1484.3,1488.0,1481.5,1487.6,1378234.0
2026-06-29 15:05:00,1487.5,1498.8,1487.5,1497.3,1310565.0
2026-06-29 15:10:00,1497.8,1505.9,1496.1,1504.8,1201461.0
2026-06-29 15:15:00,1504.7,1531.2,1503.8,1517.3,1760715.0
2026-06-29 15:20:00,1518.5,1519.5,1492.7,1497.1,1405803.0
2026-06-29 15:25:00,1497.4,1504.1,1481.1,1487.6,733165.0
2026-06-30 09:15:00,1500.3,1504.4,1485.0,1491.3,325038.0
2026-06-30 09:20:00,1492.4,1504.0,1492.2,1502.7,70891.0
2026-06-30 09:25:00,1502.3,1507.5,1490.0,1493.6,201999.0
2026-06-30 09:30:00,1493.0,1494.0,1488.0,1488.6,42730.0
2026-06-30 09:35:00,1488.6,1493.9,1488.2,1490.7,32782.0
2026-06-30 09:40:00,1490.7,1492.3,1490.1,1491.0,15932.0
2026-06-30 09:45:00,1491.3,1493.3,1485.2,1485.6,26706.0
2026-06-30 09:50:00,1485.5,1491.5,1485.0,1490.1,44519.0
2026-06-30 09:55:00,1489.1,1495.9,1489.1,1495.6,25190.0
2026-06-30 10:00:00,1495.6,1495.6,1487.6,1489.4,45384.0
2026-06-30 10:05:00,1489.2,1489.9,1485.7,1486.4,18905.0
2026-06-30 10:10:00,1486.1,1490.6,1485.8,1488.1,26861.0
2026-06-30 10:15:00,1488.0,1493.7,1485.9,1492.6,40327.0
2026-06-30 10:20:00,1492.6,1492.6,1487.0,1487.0,13660.0
2026-06-30 10:25:00,1487.0,1487.6,1485.9,1487.3,15639.0
2026-06-30 10:30:00,1487.3,1489.6,1486.6,1489.6,16806.0
2026-06-30 10:35:00,1489.5,1489.6,1486.6,1487.9,14968.0
2026-06-30 10:40:00,1487.9,1489.5,1486.5,1489.0,13710.0
2026-06-30 10:45:00,1489.0,1489.0,1486.3,1487.4,12679.0
2026-06-30 10:50:00,1487.4,1489.0,1486.7,1487.5,13734.0
2026-06-30 10:55:00,1488.4,1491.2,1488.1,1490.8,12764.0
2026-06-30 11:00:00,1490.8,1492.4,1488.5,1489.0,12351.0
2026-06-30 11:05:00,1489.0,1489.4,1488.0,1489.3,11696.0
2026-06-30 11:10:00,1489.5,1491.5,1488.9,1491.0,10829.0
2026-06-30 11:15:00,1490.6,1492.5,1490.5,1492.3,14255.0
2026-06-30 11:20:00,1491.6,1493.6,1491.3,1492.7,16709.0
2026-06-30 11:25:00,1492.3,1493.8,1491.5,1493.5,10788.0
2026-06-30 11:30:00,1493.5,1495.0,1491.8,1494.9,16077.0
2026-06-30 11:35:00,1494.8,1495.0,1490.8,1493.3,39924.0
2026-06-30 11:40:00,1493.3,1493.8,1492.0,1493.0,13459.0
2026-06-30 11:45:00,1493.0,1493.2,1490.4,1490.5,75599.0
2026-06-30 11:50:00,1489.8,1498.8,1489.5,1498.8,27641.0
2026-06-30 11:55:00,1498.8,1499.9,1494.9,1496.1,148951.0
2026-06-30 12:00:00,1495.9,1497.5,1495.0,1497.5,22959.0
2026-06-30 12:05:00,1497.6,1502.0,1497.2,1500.3,30630.0
2026-06-30 12:10:00,1500.6,1502.0,1498.6,1501.7,18311.0
2026-06-30 12:15:00,1501.5,1501.9,1500.1,1501.2,15433.0
2026-06-30 12:20:00,1501.0,1501.6,1499.5,1500.4,14168.0
2026-06-30 12:25:00,1500.1,1504.5,1499.3,1503.2,37003.0
2026-06-30 12:30:00,1502.5,1502.5,1498.5,1502.5,87019.0
2026-06-30 12:35:00,1502.6,1504.0,1501.8,1504.0,138140.0
2026-06-30 12:40:00,1504.0,1506.4,1499.8,1500.5,322638.0
2026-06-30 12:45:00,1500.0,1503.5,1500.0,1503.5,20761.0
2026-06-30 12:50:00,1503.2,1504.9,1502.5,1504.2,19913.0
2026-06-30 12:55:00,1504.2,1507.3,1504.2,1506.2,15486.0
2026-06-30 13:00:00,1505.7,1507.8,1505.7,1507.4,20890.0
2026-06-30 13:05:00,1507.4,1508.7,1507.0,1507.4,17460.0
2026-06-30 13:10:00,1507.4,1507.6,1504.0,1504.2,21155.0
2026-06-30 13:15:00,1504.3,1504.8,1503.0,1503.6,18113.0
2026-06-30 13:20:00,1503.7,1504.4,1501.3,1503.9,34237.0
2026-06-30 13:25:00,1503.9,1507.0,1503.4,1506.7,30683.0
2026-06-30 13:30:00,1506.7,1508.6,1506.7,1507.2,15831.0
2026-06-30 13:35:00,1507.7,1508.3,1505.0,1505.5,21774.0
2026-06-30 13:40:00,1505.6,1505.7,1503.3,1503.3,19708.0
2026-06-30 13:45:00,1503.5,1503.8,1502.6,1503.0,9901.0
2026-06-30 13:50:00,1503.0,1503.0,1502.0,1502.6,22597.0
2026-06-30 13:55:00,1502.6,1504.6,1500.5,1502.6,42220.0
2026-06-30 14:00:00,1502.3,1504.5,1501.4,1504.5,12266.0
2026-06-30 14:05:00,1504.7,1505.7,1504.2,1504.9,12199.0
2026-06-30 14:10:00,1505.0,1507.0,1504.0,1507.0,18317.0
2026-06-30 14:15:00,1507.3,1509.7,1506.5,1509.7,19180.0
2026-06-30 14:20:00,1509.9,1513.8,1509.9,1513.7,33782.0
2026-06-30 14:25:00,1513.8,1518.7,1513.8,1516.4,47554.0
2026-06-30 14:30:00,1516.0,1518.4,1516.0,1517.8,27686.0
2026-06-30 14:35:00,1517.8,1518.6,1516.0,1518.2,27342.0
2026-06-30 14:40:00,1518.0,1520.0,1516.3,1520.0,44400.0
2026-06-30 14:45:00,1519.9,1521.6,1519.7,1521.1,33226.0
2026-06-30 14:50:00,1521.4,1521.8,1520.3,1521.1,42678.0
2026-06-30 14:55:00,1521.0,1522.4,1520.0,1521.3,58349.0
2026-06-30 15:00:00,1521.4,1521.4,1517.0,1518.2,98007.0
2026-06-30 15:05:00,1518.1,1520.4,1517.1,1517.7,65411.0
2026-06-30 15:10:00,1517.7,1518.7,1516.3,1518.6,72861.0
2026-06-30 15:15:00,1518.7,1521.0,1515.6,1516.4,83187.0
2026-06-30 15:20:00,1516.3,1516.5,1512.4,1515.5,62142.0
2026-06-30 15:25:00,1515.1,1519.0,1511.9,1518.0,61137.0
2026-07-01 09:15:00,1525.0,1531.2,1521.0,1523.3,152181.0
2026-07-01 09:20:00,1523.4,1524.9,1513.6,1520.2,66741.0
2026-07-01 09:25:00,1519.8,1522.1,1515.2,1519.3,49898.0
2026-07-01 09:30:00,1519.2,1520.9,1510.0,1511.0,71505.0
2026-07-01 09:35:00,1511.0,1511.1,1504.4,1505.5,36236.0
2026-07-01 09:40:00,1505.2,1505.2,1495.8,1497.5,84293.0
2026-07-01 09:45:00,1497.3,1500.0,1495.5,1496.4,42320.0
2026-07-01 09:50:00,1496.4,1499.2,1495.5,1498.6,14463.0
2026-07-01 09:55:00,1498.6,1498.7,1495.0,1495.0,26469.0
2026-07-01 10:00:00,1495.9,1497.9,1488.8,1491.5,27109.0
2026-07-01 10:05:00,1492.0,1495.5,1489.0,1489.3,23413.0
2026-07-01 10:10:00,1489.7,1490.2,1483.7,1485.3,37150.0
2026-07-01 10:15:00,1485.0,1487.0,1481.0,1487.0,29142.0
2026-07-01 10:20:00,1487.0,1489.2,1484.1,1489.2,23328.0
2026-07-01 10:25:00,1488.3,1489.9,1485.3,1486.4,34742.0
2026-07-01 10:30:00,1486.1,1489.3,1485.6,1488.6,6640.0
2026-07-01 10:35:00,1488.6,1494.3,1488.0,1492.0,78094.0
2026-07-01 10:40:00,1492.0,1495.0,1491.8,1492.9,18859.0
2026-07-01 10:45:00,1492.9,1495.0,1492.2,1493.8,15325.0
2026-07-01 10:50:00,1493.4,1493.8,1490.4,1491.5,9066.0
2026-07-01 10:55:00,1491.5,1495.0,1491.5,1492.1,21675.0
2026-07-01 11:00:00,1492.3,1492.6,1482.6,1486.8,37890.0
2026-07-01 11:05:00,1486.1,1487.9,1485.0,1485.3,8153.0
2026-07-01 11:10:00,1485.7,1490.0,1485.0,1490.0,11627.0
2026-07-01 11:15:00,1490.0,1490.0,1488.4,1490.0,9432.0
2026-07-01 11:20:00,1490.0,1490.2,1486.4,1487.2,6147.0
2026-07-01 11:25:00,1487.2,1492.4,1486.3,1488.2,107044.0
2026-07-01 11:30:00,1488.2,1490.0,1487.5,1489.8,26350.0
2026-07-01 11:35:00,1489.8,1493.8,1489.8,1492.5,15786.0
2026-07-01 11:40:00,1492.1,1495.0,1491.3,1492.0,24625.0
2026-07-01 11:45:00,1492.4,1495.0,1490.3,1490.5,27791.0
2026-07-01 11:50:00,1490.8,1490.8,1487.0,1487.9,46483.0
2026-07-01 11:55:00,1488.1,1489.9,1488.1,1489.9,5126.0
2026-07-01 12:00:00,1489.9,1492.0,1488.2,1491.1,26380.0
2026-07-01 12:05:00,1491.5,1492.1,1490.1,1491.4,6378.0
2026-07-01 12:10:00,1491.3,1492.0,1490.0,1491.7,10139.0
2026-07-01 12:15:00,1491.7,1495.0,1491.4,1494.3,55519.0
2026-07-01 12:20:00,1494.3,1494.9,1492.6,1494.5,8067.0
2026-07-01 12:25:00,1495.0,1498.8,1494.4,1495.9,30978.0
2026-07-01 12:30:00,1496.1,1498.3,1494.5,1497.7,16503.0
2026-07-01 12:35:00,1498.0,1499.4,1497.2,1497.7,6219.0
2026-07-01 12:40:00,1498.0,1498.2,1493.9,1494.4,5521.0
2026-07-01 12:45:00,1494.1,1496.3,1493.7,1493.7,11898.0
2026-07-01 12:50:00,1493.8,1494.5,1492.3,1493.5,8413.0
2026-07-01 12:55:00,1493.1,1493.8,1492.5,1493.6,6830.0
2026-07-01 13:00:00,1493.8,1494.7,1492.0,1493.1,19740.0
2026-07-01 13:05:00,1493.5,1499.0,1493.1,1499.0,62483.0
2026-07-01 13:10:00,1498.5,1500.0,1497.5,1499.0,17639.0
2026-07-01 13:15:00,1499.0,1500.0,1498.0,1498.0,83771.0
2026-07-01 13:20:00,1498.0,1498.3,1495.6,1496.4,5693.0
2026-07-01 13:25:00,1496.4,1496.4,1494.2,1495.1,10295.0
2026-07-01 13:30:00,1495.1,1495.6,1494.8,1495.2,7647.0
2026-07-01 13:35:00,1495.5,1496.4,1495.0,1495.9,4727.0
2026-07-01 13:40:00,1495.8,1496.3,1494.5,1494.5,5804.0
2026-07-01 13:45:00,1494.5,1495.1,1493.4,1493.4,8409.0
2026-07-01 13:50:00,1493.5,1494.6,1493.4,1494.3,7327.0
2026-07-01 13:55:00,1494.3,1495.3,1493.0,1493.0,6656.0
2026-07-01 14:00:00,1493.1,1493.1,1491.6,1492.4,4766.0
2026-07-01 14:05:00,1492.5,1492.5,1490.8,1491.6,10973.0
2026-07-01 14:10:00,1491.5,1492.5,1491.5,1492.0,4534.0
2026-07-01 14:15:00,1492.0,1492.8,1491.0,1491.5,4441.0
2026-07-01 14:20:00,1491.7,1492.2,1490.0,1492.2,17767.0
2026-07-01 14:25:00,1491.6,1492.2,1490.0,1490.0,11929.0
2026-07-01 14:30:00,1490.0,1492.2,1488.9,1490.1,15727.0
2026-07-01 14:35:00,1490.9,1492.8,1490.3,1492.2,9767.0
2026-07-01 14:40:00,1491.6,1494.2,1491.0,1493.6,7573.0
2026-07-01 14:45:00,1494.0,1494.0,1492.0,1492.0,10679.0
2026-07-01 14:50:00,1492.1,1492.5,1492.0,1492.1,6926.0
2026-07-01 14:55:00,1491.8,1494.4,1491.2,1492.6,14427.0
2026-07-01 15:00:00,1493.5,1496.2,1492.3,1494.0,42419.0
2026-07-01 15:05:00,1493.8,1495.0,1493.2,1494.2,19961.0
2026-07-01 15:10:00,1494.2,1494.4,1492.2,1492.5,21260.0
2026-07-01 15:15:00,1492.4,1493.7,1491.8,1493.0,39393.0
2026-07-01 15:20:00,1492.9,1494.4,1489.0,1494.0,97416.0
2026-07-01 15:25:00,1494.0,1499.0,1491.3,1492.7,55016.0
2026-07-02 09:15:00,1495.2,1501.7,1490.0,1492.7,68236.0
2026-07-02 09:20:00,1493.7,1494.7,1483.1,1484.0,53164.0
2026-07-02 09:25:00,1483.6,1483.6,1476.0,1482.0,152146.0
2026-07-02 09:30:00,1480.6,1486.2,1480.6,1485.6,15317.0
2026-07-02 09:35:00,1485.6,1486.2,1483.8,1485.8,8730.0
2026-07-02 09:40:00,1485.6,1489.8,1485.1,1487.2,24077.0
2026-07-02 09:45:00,1487.0,1487.9,1486.2,1487.5,13136.0
2026-07-02 09:50:00,1486.8,1498.7,1486.4,1497.7,238501.0
2026-07-02 09:55:00,1498.9,1499.9,1496.0,1499.2,30698.0
2026-07-02 10:00:00,1499.3,1509.5,1499.3,1506.2,71947.0
2026-07-02 10:05:00,1506.8,1506.8,1504.3,1505.4,16413.0
2026-07-02 10:10:00,1505.3,1509.0,1505.0,1505.3,19770.0
2026-07-02 10:15:00,1505.3,1506.2,1502.6,1503.5,11910.0
2026-07-02 10:20:00,1503.1,1507.1,1502.1,1506.9,105493.0
2026-07-02 10:25:00,1508.3,1514.0,1506.1,1512.3,40905.0
2026-07-02 10:30:00,1512.3,1512.8,1508.3,1508.9,17720.0
2026-07-02 10:35:00,1508.6,1510.6,1504.4,1505.0,91797.0
2026-07-02 10:40:00,1505.0,1508.8,1502.4,1504.9,174282.0
2026-07-02 10:45:00,1504.9,1505.3,1503.0,1504.4,13094.0
2026-07-02 10:50:00,1504.4,1504.7,1503.0,1504.1,6703.0
2026-07-02 10:55:00,1504.1,1506.3,1504.1,1506.1,3410.0
2026-07-02 11:00:00,1505.9,1509.2,1505.8,1507.5,9232.0
2026-07-02 11:05:00,1508.0,1513.5,1507.6,1508.8,16664.0
2026-07-02 11:10:00,1509.0,1509.2,1504.7,1507.6,18851.0
2026-07-02 11:15:00,1508.0,1513.9,1507.5,1512.3,15270.0
2026-07-02 11:20:00,1512.3,1514.4,1511.8,1513.1,22603.0
2026-07-02 11:25:00,1513.1,1513.7,1507.2,1507.3,13169.0
2026-07-02 11:30:00,1507.0,1507.1,1504.1,1505.6,8574.0
2026-07-02 11:35:00,1506.1,1507.7,1505.6,1507.0,6580.0
2026-07-02 11:40:00,1507.5,1507.6,1506.3,1506.5,3277.0
2026-07-02 11:45:00,1506.8,1507.9,1505.5,1505.8,8859.0
2026-07-02 11:50:00,1505.8,1508.2,1505.8,1506.4,5428.0
2026-07-02 11:55:00,1506.4,1508.6,1505.9,1508.0,12557.0
2026-07-02 12:00:00,1508.5,1510.4,1508.0,1509.9,7767.0
2026-07-02 12:05:00,1509.9,1510.6,1506.0,1506.0,12825.0
2026-07-02 12:10:00,1506.5,1507.6,1503.7,1506.8,38490.0
2026-07-02 12:15:00,1507.3,1512.3,1506.5,1511.9,18485.0
2026-07-02 12:20:00,1512.0,1512.8,1511.1,1512.1,9446.0
2026-07-02 12:25:00,1512.1,1512.7,1511.2,1511.2,6000.0
2026-07-02 12:30:00,1511.4,1511.5,1509.9,1510.8,35864.0
2026-07-02 12:35:00,1511.2,1512.3,1510.8,1512.2,4973.0
2026-07-02 12:40:00,1512.3,1513.3,1510.8,1510.8,5646.0
2026-07-02 12:45:00,1510.7,1512.3,1510.1,1512.2,3249.0
2026-07-02 12:50:00,1512.3,1512.5,1510.7,1511.6,6299.0
2026-07-02 12:55:00,1511.7,1512.1,1511.3,1511.9,5468.0
2026-07-02 13:00:00,1512.0,1517.9,1511.7,1517.5,26192.0
2026-07-02 13:05:00,1517.7,1519.3,1516.5,1519.0,13463.0
2026-07-02 13:10:00,1519.0,1519.9,1518.3,1518.5,9518.0
2026-07-02 13:15:00,1518.8,1520.7,1517.7,1518.7,14724.0
2026-07-02 13:20:00,1519.0,1519.4,1516.8,1519.2,10645.0
2026-07-02 13:25:00,1519.5,1521.0,1518.8,1520.0,20868.0
2026-07-02 13:30:00,1520.1,1522.8,1520.1,1522.6,13196.0
2026-07-02 13:35:00,1522.8,1523.6,1520.7,1522.9,8387.0
2026-07-02 13:40:00,1522.1,1522.9,1520.7,1521.8,9833.0
2026-07-02 13:45:00,1522.2,1523.8,1521.8,1523.7,6906.0
2026-07-02 13:50:00,1523.9,1528.4,1522.7,1523.0,68084.0
2026-07-02 13:55:00,1523.0,1523.7,1519.8,1519.9,28140.0
2026-07-02 14:00:00,1519.9,1520.8,1518.8,1519.0,24924.0
2026-07-02 14:05:00,1519.1,1525.0,1519.0,1523.8,31848.0
2026-07-02 14:10:00,1523.7,1524.5,1523.0,1523.1,5707.0
2026-07-02 14:15:00,1523.1,1524.9,1522.6,1522.9,15514.0
2026-07-02 14:20:00,1522.7,1524.2,1522.3,1523.8,6096.0
2026-07-02 14:25:00,1523.2,1523.9,1522.0,1522.3,7045.0
2026-07-02 14:30:00,1522.3,1522.8,1521.0,1521.0,4640.0
2026-07-02 14:35:00,1521.0,1521.9,1520.0,1521.0,10673.0
2026-07-02 14:40:00,1521.0,1521.3,1520.0,1520.0,7204.0
2026-07-02 14:45:00,1520.1,1521.1,1519.4,1521.0,8512.0
2026-07-02 14:50:00,1521.1,1522.0,1520.7,1521.5,6876.0
2026-07-02 14:55:00,1521.5,1528.0,1521.2,1527.5,42764.0
2026-07-02 15:00:00,1527.5,1528.9,1526.1,1527.3,698514.0
2026-07-02 15:05:00,1527.4,1530.0,1527.0,1527.2,50787.0
2026-07-02 15:10:00,1527.3,1527.7,1525.1,1526.0,26643.0
2026-07-02 15:15:00,1526.0,1526.8,1525.2,1526.0,23730.0
2026-07-02 15:20:00,1526.0,1526.0,1523.0,1523.2,40539.0
2026-07-02 15:25:00,1523.3,1526.0,1521.4,1525.5,40644.0
2026-07-03 09:15:00,1530.0,1542.0,1528.0,1529.5,190131.0
2026-07-03 09:20:00,1528.3,1532.2,1524.6,1525.2,88686.0
2026-07-03 09:25:00,1524.6,1529.0,1522.0,1529.0,227527.0
2026-07-03 09:30:00,1528.7,1533.4,1528.2,1531.5,73743.0
2026-07-03 09:35:00,1531.0,1537.4,1530.9,1534.8,81963.0
2026-07-03 09:40:00,1534.3,1536.2,1531.1,1533.5,71456.0
2026-07-03 09:45:00,1532.6,1535.4,1529.0,1529.6,70989.0
2026-07-03 09:50:00,1531.5,1531.8,1529.1,1530.0,29427.0
2026-07-03 09:55:00,1530.8,1533.3,1528.1,1533.0,18773.0
2026-07-03 10:00:00,1533.0,1533.1,1530.3,1530.9,17928.0
2026-07-03 10:05:00,1530.5,1531.6,1530.2,1531.6,9525.0
2026-07-03 10:10:00,1531.5,1532.3,1527.2,1528.0,31926.0
2026-07-03 10:15:00,1527.3,1529.1,1527.1,1527.7,10940.0
2026-07-03 10:20:00,1527.5,1528.8,1526.7,1528.0,11106.0
2026-07-03 10:25:00,1528.0,1530.6,1528.0,1530.5,10011.0
2026-07-03 10:30:00,1530.5,1534.3,1530.1,1533.2,26822.0
2026-07-03 10:35:00,1533.2,1537.4,1532.3,1532.9,115769.0
2026-07-03 10:40:00,1534.3,1538.4,1530.3,1531.0,144032.0
2026-07-03 10:45:00,1531.0,1533.3,1529.7,1530.3,36258.0
2026-07-03 10:50:00,1530.2,1539.6,1530.0,1539.3,58236.0
2026-07-03 10:55:00,1539.2,1541.5,1535.4,1540.5,21960.0
2026-07-03 11:00:00,1540.0,1541.9,1538.7,1540.6,9117.0
2026-07-03 11:05:00,1540.8,1547.1,1540.0,1545.0,35675.0
2026-07-03 11:10:00,1544.8,1554.0,1542.2,1552.0,143751.0
2026-07-03 11:15:00,1552.0,1554.0,1549.2,1551.3,33518.0
2026-07-03 11:20:00,1551.3,1555.0,1551.0,1551.1,38668.0
2026-07-03 11:25:00,1551.7,1553.7,1551.5,1552.3,16436.0
2026-07-03 11:30:00,1552.6,1553.7,1551.0,1553.3,9785.0
2026-07-03 11:35:00,1553.7,1553.7,1549.1,1550.1,46981.0
2026-07-03 11:40:00,1550.8,1551.1,1549.0,1549.0,59912.0
2026-07-03 11:45:00,1549.5,1549.7,1548.3,1548.9,10060.0
2026-07-03 11:50:00,1548.9,1549.7,1548.2,1549.6,7034.0
2026-07-03 11:55:00,1549.4,1551.8,1549.4,1550.4,37178.0
2026-07-03 12:00:00,1550.4,1551.6,1548.1,1550.6,30339.0
2026-07-03 12:05:00,1550.1,1552.1,1549.1,1551.0,18912.0
2026-07-03 12:10:00,1551.5,1553.7,1550.7,1553.7,32359.0
2026-07-03 12:15:00,1553.0,1553.9,1550.1,1550.2,55028.0
2026-07-03 12:20:00,1550.8,1552.2,1550.1,1550.9,21065.0
2026-07-03 12:25:00,1550.9,1552.5,1550.2,1551.1,36786.0
2026-07-03 12:30:00,1551.1,1552.4,1548.1,1549.0,38697.0
2026-07-03 12:35:00,1549.0,1549.6,1546.3,1547.0,15103.0
2026-07-03 12:40:00,1547.6,1550.0,1546.6,1550.0,11088.0
2026-07-03 12:45:00,1550.0,1550.0,1548.0,1549.3,5847.0
2026-07-03 12:50:00,1549.3,1553.5,1549.2,1552.4,29476.0
2026-07-03 12:55:00,1552.3,1552.7,1550.4,1552.1,11062.0
2026-07-03 13:00:00,1552.1,1552.3,1549.0,1549.4,58955.0
2026-07-03 13:05:00,1549.8,1550.0,1548.7,1549.7,25552.0
2026-07-03 13:10:00,1550.0,1551.3,1549.9,1550.7,6619.0
2026-07-03 13:15:00,1551.3,1553.0,1550.7,1551.8,8864.0
2026-07-03 13:20:00,1551.8,1553.0,1545.9,1546.9,34138.0
2026-07-03 13:25:00,1546.9,1547.1,1544.3,1545.0,27587.0
2026-07-03 13:30:00,1545.0,1545.4,1541.7,1543.0,54600.0
2026-07-03 13:35:00,1543.8,1546.0,1538.9,1545.7,83951.0
2026-07-03 13:40:00,1545.7,1546.3,1544.0,1545.0,5874.0
2026-07-03 13:45:00,1545.0,1546.1,1544.0,1546.1,11800.0
2026-07-03 13:50:00,1546.0,1546.6,1545.0,1545.4,8246.0
2026-07-03 13:55:00,1545.8,1545.8,1543.2,1543.3,11668.0
2026-07-03 14:00:00,1543.3,1543.5,1540.4,1541.4,19551.0
2026-07-03 14:05:00,1541.7,1544.0,1541.4,1542.9,6112.0
2026-07-03 14:10:00,1542.9,1543.6,1541.8,1543.6,13568.0
2026-07-03 14:15:00,1543.6,1544.2,1540.1,1541.2,20830.0
2026-07-03 14:20:00,1541.2,1541.9,1539.2,1540.0,21401.0
2026-07-03 14:25:00,1540.2,1542.1,1539.2,1541.6,25010.0
2026-07-03 14:30:00,1541.6,1542.6,1539.9,1541.5,17477.0
2026-07-03 14:35:00,1540.3,1542.1,1539.9,1540.5,24627.0
2026-07-03 14:40:00,1540.5,1541.1,1539.0,1539.6,19195.0
2026-07-03 14:45:00,1539.7,1541.7,1537.2,1540.5,36255.0
2026-07-03 14:50:00,1540.5,1541.1,1539.6,1540.9,15391.0
2026-07-03 14:55:00,1540.3,1541.9,1539.4,1539.8,29551.0
2026-07-03 15:00:00,1539.8,1543.3,1539.8,1541.7,44238.0
2026-07-03 15:05:00,1542.2,1544.5,1541.6,1543.7,47557.0
2026-07-03 15:10:00,1543.5,1543.9,1541.4,1542.1,34767.0
2026-07-03 15:15:00,1542.1,1542.8,1539.9,1542.0,107055.0
2026-07-03 15:20:00,1542.4,1545.5,1541.1,1544.2,200009.0
2026-07-03 15:25:00,1544.0,1544.1,1539.0,1543.0,207499.0
2026-07-06 09:15:00,1543.5,1551.0,1539.8,1541.6,61492.0
2026-07-06 09:20:00,1541.6,1543.9,1540.0,1542.4,51412.0
2026-07-06 09:25:00,1542.0,1545.7,1541.4,1545.0,34838.0
2026-07-06 09:30:00,1546.7,1547.8,1541.1,1542.0,31530.0
2026-07-06 09:35:00,1542.0,1542.6,1539.3,1542.1,14429.0
2026-07-06 09:40:00,1541.7,1541.9,1535.7,1537.0,9519.0
2026-07-06 09:45:00,1537.2,1537.9,1530.7,1534.5,56509.0
2026-07-06 09:50:00,1534.1,1536.2,1531.4,1533.3,26032.0
2026-07-06 09:55:00,1533.3,1534.1,1531.4,1531.8,24813.0
2026-07-06 10:00:00,1531.4,1539.6,1531.1,1537.3,36799.0
2026-07-06 10:05:00,1537.6,1537.9,1533.9,1534.5,32327.0
2026-07-06 10:10:00,1534.5,1535.4,1531.0,1531.5,37177.0
2026-07-06 10:15:00,1531.0,1534.2,1528.0,1528.0,41883.0
2026-07-06 10:20:00,1528.0,1530.9,1526.9,1527.8,32413.0
2026-07-06 10:25:00,1527.8,1528.3,1526.5,1526.5,19127.0
2026-07-06 10:30:00,1527.0,1528.2,1523.4,1524.2,25014.0
2026-07-06 10:35:00,1524.2,1525.1,1520.1,1524.6,30151.0
2026-07-06 10:40:00,1524.9,1526.0,1522.3,1524.6,21892.0
2026-07-06 10:45:00,1524.6,1525.2,1521.7,1522.4,14181.0
2026-07-06 10:50:00,1522.4,1522.9,1520.6,1520.6,13096.0
2026-07-06 10:55:00,1520.5,1526.7,1520.4,1526.2,22583.0
2026-07-06 11:00:00,1525.1,1527.0,1524.9,1525.3,23184.0
2026-07-06 11:05:00,1525.3,1526.2,1522.0,1522.4,16663.0
2026-07-06 11:10:00,1523.1,1524.5,1521.0,1524.5,31050.0
2026-07-06 11:15:00,1524.9,1526.0,1523.5,1524.3,14899.0
2026-07-06 11:20:00,1524.7,1524.7,1522.0,1523.2,51814.0
2026-07-06 11:25:00,1523.2,1523.6,1522.0,1522.6,22238.0
2026-07-06 11:30:00,1522.8,1527.8,1522.4,1525.5,19188.0
2026-07-06 11:35:00,1525.5,1526.4,1523.8,1524.3,10643.0
2026-07-06 11:40:00,1524.3,1524.9,1522.7,1523.7,14143.0
2026-07-06 11:45:00,1523.7,1524.6,1522.0,1522.2,12108.0
2026-07-06 11:50:00,1522.2,1523.3,1520.0,1520.9,29095.0
2026-07-06 11:55:00,1520.4,1522.8,1520.2,1522.1,25154.0
2026-07-06 12:00:00,1522.0,1522.1,1517.8,1517.9,20475.0
2026-07-06 12:05:00,1518.0,1519.9,1514.8,1516.6,55741.0
2026-07-06 12:10:00,1516.7,1517.5,1515.2,1516.6,12292.0
2026-07-06 12:15:00,1516.5,1518.4,1516.4,1517.3,15521.0
2026-07-06 12:20:00,1517.3,1518.6,1515.8,1516.6,17009.0
2026-07-06 12:25:00,1516.6,1517.5,1514.0,1514.6,10850.0
2026-07-06 12:30:00,1514.2,1518.2,1514.0,1517.8,6579.0
2026-07-06 12:35:00,1518.0,1518.8,1516.1,1516.7,13337.0
2026-07-06 12:40:00,1516.9,1516.9,1514.0,1514.3,7113.0
2026-07-06 12:45:00,1514.3,1518.3,1512.7,1518.1,32073.0
2026-07-06 12:50:00,1518.1,1518.3,1516.1,1516.8,27864.0
2026-07-06 12:55:00,1516.9,1521.6,1516.6,1521.5,15992.0
2026-07-06 13:00:00,1521.9,1526.9,1520.7,1524.8,25475.0
2026-07-06 13:05:00,1525.4,1529.3,1524.4,1527.0,18909.0
2026-07-06 13:10:00,1526.7,1527.4,1525.0,1525.0,10813.0
2026-07-06 13:15:00,1525.5,1527.0,1524.8,1525.6,12429.0
2026-07-06 13:20:00,1525.6,1526.0,1524.5,1525.6,12913.0
2026-07-06 13:25:00,1525.3,1527.9,1525.0,1527.3,12351.0
2026-07-06 13:30:00,1527.3,1527.4,1524.7,1524.8,13374.0
2026-07-06 13:35:00,1524.8,1525.3,1523.8,1524.8,7710.0
2026-07-06 13:40:00,1524.7,1524.8,1523.6,1524.5,8049.0
2026-07-06 13:45:00,1524.5,1525.4,1523.2,1524.0,9289.0
2026-07-06 13:50:00,1524.0,1525.9,1523.3,1525.3,15916.0
2026-07-06 13:55:00,1525.5,1526.6,1524.1,1525.9,14240.0
2026-07-06 14:00:00,1525.9,1527.8,1525.0,1526.7,9288.0
2026-07-06 14:05:00,1526.3,1527.3,1526.1,1526.8,7623.0
2026-07-06 14:10:00,1526.8,1527.3,1525.9,1526.5,10955.0
2026-07-06 14:15:00,1525.9,1529.9,1525.4,1528.8,23935.0
2026-07-06 14:20:00,1529.6,1531.6,1527.4,1527.8,22719.0
2026-07-06 14:25:00,1528.1,1529.2,1527.2,1529.0,13951.0
2026-07-06 14:30:00,1529.0,1529.5,1527.9,1528.9,14187.0
2026-07-06 14:35:00,1528.9,1529.9,1528.0,1528.1,12951.0
2026-07-06 14:40:00,1528.1,1528.8,1526.4,1526.5,17315.0
2026-07-06 14:45:00,1526.7,1527.2,1525.0,1525.0,14048.0
2026-07-06 14:50:00,1525.0,1527.5,1524.7,1527.1,25182.0
2026-07-06 14:55:00,1526.5,1529.4,1526.1,1528.0,25881.0
2026-07-06 15:00:00,1529.1,1533.4,1528.8,1530.1,71627.0
2026-07-06 15:05:00,1530.1,1530.8,1528.8,1530.2,31843.0
2026-07-06 15:10:00,1530.3,1531.3,1530.0,1530.6,42616.0
2026-07-06 15:15:00,1530.8,1532.0,1527.9,1528.5,84531.0
2026-07-06 15:20:00,1528.5,1529.2,1526.3,1527.8,83279.0
2026-07-06 15:25:00,1527.8,1530.0,1527.2,1528.1,106363.0
2026-07-07 09:15:00,1529.0,1533.7,1520.6,1522.8,68717.0
2026-07-07 09:20:00,1522.1,1522.7,1516.0,1519.6,64638.0
2026-07-07 09:25:00,1519.4,1522.0,1516.4,1516.4,40494.0
2026-07-07 09:30:00,1517.2,1527.0,1517.2,1524.4,73602.0
2026-07-07 09:35:00,1525.4,1525.5,1521.3,1522.2,28746.0
2026-07-07 09:40:00,1522.5,1523.6,1518.1,1518.1,21327.0
2026-07-07 09:45:00,1519.0,1521.4,1518.3,1519.0,43163.0
2026-07-07 09:50:00,1519.5,1523.3,1517.9,1519.1,31702.0
2026-07-07 09:55:00,1518.8,1520.8,1516.2,1516.7,22745.0
2026-07-07 10:00:00,1517.0,1519.1,1515.0,1516.0,31287.0
2026-07-07 10:05:00,1516.3,1519.1,1514.5,1515.6,47834.0
2026-07-07 10:10:00,1515.2,1515.6,1510.5,1511.1,25399.0
2026-07-07 10:15:00,1511.3,1512.8,1509.9,1510.2,17326.0
2026-07-07 10:20:00,1510.4,1511.3,1506.1,1506.5,49202.0
2026-07-07 10:25:00,1506.4,1511.0,1505.4,1507.3,38316.0
2026-07-07 10:30:00,1507.6,1510.8,1507.6,1510.0,18919.0
2026-07-07 10:35:00,1510.0,1510.2,1507.7,1510.1,16687.0
2026-07-07 10:40:00,1510.1,1511.6,1509.1,1510.6,11792.0
2026-07-07 10:45:00,1510.6,1511.0,1506.0,1506.5,33087.0
2026-07-07 10:50:00,1506.0,1506.0,1501.2,1504.5,32085.0
2026-07-07 10:55:00,1505.0,1505.1,1502.3,1504.5,27948.0
2026-07-07 11:00:00,1505.1,1506.0,1501.7,1504.2,26050.0
2026-07-07 11:05:00,1503.7,1505.1,1503.4,1503.6,14942.0
2026-07-07 11:10:00,1503.5,1506.8,1503.5,1506.1,17133.0
2026-07-07 11:15:00,1506.1,1506.8,1506.0,1506.4,5854.0
2026-07-07 11:20:00,1506.4,1506.4,1502.7,1503.9,21950.0
2026-07-07 11:25:00,1504.1,1505.9,1502.5,1504.4,30347.0
2026-07-07 11:30:00,1504.2,1506.0,1504.0,1505.3,9209.0
2026-07-07 11:35:00,1505.5,1506.7,1503.4,1503.4,36115.0
2026-07-07 11:40:00,1504.1,1504.6,1501.0,1503.8,26774.0
2026-07-07 11:45:00,1503.8,1506.0,1503.5,1504.8,10538.0
2026-07-07 11:50:00,1504.4,1504.7,1501.1,1501.5,31930.0
2026-07-07 11:55:00,1501.5,1505.8,1500.6,1501.4,59253.0
2026-07-07 12:00:00,1501.6,1502.4,1498.7,1498.7,29143.0
2026-07-07 12:05:00,1499.6,1504.2,1499.6,1502.0,22410.0
2026-07-07 12:10:00,1502.0,1503.8,1501.7,1503.1,10817.0
2026-07-07 12:15:00,1503.4,1503.5,1500.0,1500.9,17266.0
2026-07-07 12:20:00,1500.9,1502.1,1499.8,1501.4,11987.0
2026-07-07 12:25:00,1501.1,1501.9,1499.9,1501.0,22590.0
2026-07-07 12:30:00,1500.5,1501.0,1494.5,1497.1,20377.0
2026-07-07 12:35:00,1497.4,1498.5,1495.6,1496.4,9808.0
2026-07-07 12:40:00,1496.4,1496.9,1495.2,1495.8,8297.0
2026-07-07 12:45:00,1495.8,1496.7,1494.3,1496.2,26105.0
2026-07-07 12:50:00,1495.7,1496.0,1495.0,1495.1,14406.0
2026-07-07 12:55:00,1495.1,1496.4,1494.3,1494.6,14067.0
2026-07-07 13:00:00,1494.3,1494.5,1488.2,1492.5,76449.0
2026-07-07 13:05:00,1492.7,1492.8,1488.7,1489.0,24568.0
2026-07-07 13:10:00,1488.9,1491.0,1487.1,1491.0,23673.0
2026-07-07 13:15:00,1490.6,1491.7,1490.2,1491.0,13189.0
2026-07-07 13:20:00,1491.0,1491.7,1490.1,1491.3,14966.0
2026-07-07 13:25:00,1491.3,1492.8,1491.0,1492.6,29977.0
2026-07-07 13:30:00,1492.3,1492.3,1490.1,1491.4,23797.0
2026-07-07 13:35:00,1491.4,1491.5,1487.6,1487.9,19582.0
2026-07-07 13:40:00,1487.9,1490.0,1487.3,1487.8,26070.0
2026-07-07 13:45:00,1487.8,1489.4,1486.7,1487.5,19834.0
2026-07-07 13:50:00,1487.4,1488.2,1486.5,1487.0,21692.0
2026-07-07 13:55:00,1486.8,1487.7,1485.5,1485.9,22243.0
2026-07-07 14:00:00,1485.7,1486.6,1482.8,1484.5,37713.0
2026-07-07 14:05:00,1484.8,1485.7,1483.6,1483.7,11261.0
2026-07-07 14:10:00,1483.1,1488.4,1481.0,1487.0,32180.0
2026-07-07 14:15:00,1487.4,1487.8,1485.0,1485.8,13922.0
2026-07-07 14:20:00,1485.8,1486.6,1483.8,1485.1,24378.0
2026-07-07 14:25:00,1486.1,1486.8,1485.7,1486.0,10516.0
2026-07-07 14:30:00,1486.0,1486.2,1483.1,1484.4,20353.0
2026-07-07 14:35:00,1484.5,1484.5,1482.2,1482.9,8903.0
2026-07-07 14:40:00,1483.0,1484.8,1480.0,1484.0,40283.0
2026-07-07 14:45:00,1484.1,1484.1,1481.4,1482.0,15880.0
2026-07-07 14:50:00,1481.8,1482.7,1481.2,1482.0,46704.0
2026-07-07 14:55:00,1481.6,1484.3,1480.9,1483.8,31727.0
2026-07-07 15:00:00,1484.0,1484.0,1480.8,1483.6,59105.0
2026-07-07 15:05:00,1484.4,1485.3,1481.6,1482.2,81670.0
2026-07-07 15:10:00,1482.2,1482.3,1478.9,1481.2,49357.0
2026-07-07 15:15:00,1481.2,1481.2,1475.0,1477.4,56245.0
2026-07-07 15:20:00,1476.6,1476.6,1470.8,1473.6,133336.0
2026-07-07 15:25:00,1473.6,1475.8,1469.4,1474.0,93975.0
2026-07-08 09:15:00,1474.9,1487.1,1470.8,1484.8,57576.0
2026-07-08 09:20:00,1484.5,1489.0,1482.2,1487.3,27927.0
2026-07-08 09:25:00,1486.8,1492.0,1485.4,1490.8,29568.0
2026-07-08 09:30:00,1490.5,1495.1,1484.0,1484.6,57620.0
2026-07-08 09:35:00,1484.0,1484.1,1472.8,1475.5,37042.0
2026-07-08 09:40:00,1474.0,1475.4,1466.0,1466.2,42364.0
2026-07-08 09:45:00,1466.2,1467.4,1460.1,1461.3,29482.0
2026-07-08 09:50:00,1461.2,1463.8,1458.9,1461.3,31502.0
2026-07-08 09:55:00,1460.8,1468.0,1460.2,1467.5,16770.0
2026-07-08 10:00:00,1467.0,1473.0,1467.0,1472.0,28528.0
2026-07-08 10:05:00,1471.9,1477.2,1471.0,1472.3,27132.0
2026-07-08 10:10:00,1472.6,1480.0,1471.0,1478.9,30108.0
2026-07-08 10:15:00,1479.4,1487.5,1478.9,1485.8,24053.0
2026-07-08 10:20:00,1484.7,1489.0,1482.1,1483.0,39558.0
2026-07-08 10:25:00,1483.7,1484.4,1480.4,1482.0,24031.0
2026-07-08 10:30:00,1481.1,1481.1,1473.2,1473.8,16790.0
2026-07-08 10:35:00,1473.5,1477.1,1473.5,1475.7,15266.0
2026-07-08 10:40:00,1476.0,1477.0,1473.1,1473.4,16810.0
2026-07-08 10:45:00,1473.6,1476.7,1472.5,1476.3,16266.0
2026-07-08 10:50:00,1476.3,1476.7,1473.7,1475.9,12801.0
2026-07-08 10:55:00,1475.9,1475.9,1469.3,1470.1,16735.0
2026-07-08 11:00:00,1469.6,1470.6,1468.5,1470.0,11271.0
2026-07-08 11:05:00,1470.0,1472.7,1470.0,1471.0,32206.0
2026-07-08 11:10:00,1471.7,1471.7,1468.0,1468.3,11206.0
2026-07-08 11:15:00,1467.2,1467.2,1462.0,1463.0,18366.0
2026-07-08 11:20:00,1463.0,1464.0,1460.7,1462.5,17739.0
2026-07-08 11:25:00,1462.5,1463.1,1460.4,1461.9,15438.0
2026-07-08 11:30:00,1461.8,1461.9,1460.1,1461.1,14237.0
2026-07-08 11:35:00,1461.4,1464.2,1461.0,1462.6,16565.0
2026-07-08 11:40:00,1463.0,1463.5,1460.7,1461.2,13479.0
2026-07-08 11:45:00,1460.7,1462.5,1460.0,1460.8,15020.0
2026-07-08 11:50:00,1460.8,1461.9,1459.6,1460.8,9746.0
2026-07-08 11:55:00,1460.8,1462.0,1459.1,1461.7,10298.0
2026-07-08 12:00:00,1461.7,1463.5,1460.5,1461.0,10665.0
2026-07-08 12:05:00,1460.7,1462.3,1460.0,1461.1,9091.0
2026-07-08 12:10:00,1460.9,1462.6,1460.3,1460.9,9023.0
2026-07-08 12:15:00,1460.9,1461.9,1460.9,1461.1,7357.0
2026-07-08 12:20:00,1461.0,1461.5,1460.0,1460.8,13997.0
2026-07-08 12:25:00,1461.1,1461.9,1460.4,1461.4,9355.0
2026-07-08 12:30:00,1461.1,1462.2,1461.0,1461.4,6143.0
2026-07-08 12:35:00,1461.4,1462.3,1457.6,1457.6,14886.0
2026-07-08 12:40:00,1458.0,1458.0,1450.6,1453.5,21170.0
2026-07-08 12:45:00,1453.7,1453.8,1448.2,1451.6,24238.0
2026-07-08 12:50:00,1451.2,1458.0,1450.8,1457.5,20148.0
2026-07-08 12:55:00,1457.4,1458.5,1455.2,1455.7,11008.0
2026-07-08 13:00:00,1455.7,1457.2,1454.1,1455.2,12667.0
2026-07-08 13:05:00,1455.2,1456.0,1455.0,1455.0,8187.0
2026-07-08 13:10:00,1455.3,1456.2,1454.5,1455.0,14715.0
2026-07-08 13:15:00,1454.6,1456.8,1454.6,1455.9,7323.0
2026-07-08 13:20:00,1455.9,1463.0,1455.9,1463.0,14947.0
2026-07-08 13:25:00,1463.0,1466.3,1462.3,1465.5,14233.0
2026-07-08 13:30:00,1465.5,1466.7,1464.6,1465.4,13144.0
2026-07-08 13:35:00,1465.2,1468.0,1462.2,1466.7,32634.0
2026-07-08 13:40:00,1468.1,1469.0,1467.1,1468.0,12750.0
2026-07-08 13:45:00,1468.4,1468.5,1464.5,1466.7,17429.0
2026-07-08 13:50:00,1466.1,1467.0,1462.9,1466.0,23619.0
2026-07-08 13:55:00,1466.1,1468.1,1465.0,1465.9,18023.0
2026-07-08 14:00:00,1465.0,1470.0,1464.4,1467.1,23435.0
2026-07-08 14:05:00,1467.0,1467.5,1458.1,1458.2,39524.0
2026-07-08 14:10:00,1458.2,1459.6,1456.3,1458.9,22471.0
2026-07-08 14:15:00,1458.6,1463.3,1456.4,1456.9,20808.0
2026-07-08 14:20:00,1456.9,1459.8,1454.8,1456.4,18981.0
2026-07-08 14:25:00,1456.6,1457.4,1452.0,1452.6,16422.0
2026-07-08 14:30:00,1452.3,1455.4,1450.1,1453.1,22458.0
2026-07-08 14:35:00,1452.4,1455.6,1452.0,1452.5,18822.0
2026-07-08 14:40:00,1452.2,1466.3,1451.8,1466.0,38313.0
2026-07-08 14:45:00,1466.7,1467.8,1460.0,1463.5,44932.0
2026-07-08 14:50:00,1463.2,1464.2,1460.1,1461.0,43979.0
2026-07-08 14:55:00,1461.8,1463.3,1459.5,1462.1,50687.0
2026-07-08 15:00:00,1462.4,1470.0,1462.4,1465.3,80156.0
2026-07-08 15:05:00,1465.3,1467.0,1463.1,1466.5,62232.0
2026-07-08 15:10:00,1466.5,1468.4,1464.1,1468.0,88944.0
2026-07-08 15:15:00,1468.0,1473.4,1468.0,1472.0,55033.0
2026-07-08 15:20:00,1472.0,1474.8,1471.5,1473.2,80502.0
2026-07-08 15:25:00,1472.6,1474.9,1468.0,1468.0,56437.0
2026-07-09 09:15:00,1468.1,1491.6,1460.0,1490.1,85847.0
2026-07-09 09:20:00,1490.8,1498.5,1489.0,1496.0,54519.0
2026-07-09 09:25:00,1496.0,1512.4,1495.3,1510.1,113918.0
2026-07-09 09:30:00,1510.8,1520.0,1510.0,1516.9,97905.0
2026-07-09 09:35:00,1516.1,1519.0,1512.2,1514.4,41457.0
2026-07-09 09:40:00,1514.7,1518.6,1512.5,1515.4,42998.0
2026-07-09 09:45:00,1516.5,1521.6,1515.3,1517.1,58493.0
2026-07-09 09:50:00,1518.1,1519.1,1515.0,1518.5,70493.0
2026-07-09 09:55:00,1517.8,1521.4,1515.4,1516.2,45726.0
2026-07-09 10:00:00,1516.3,1517.5,1515.0,1516.8,16347.0
2026-07-09 10:05:00,1516.7,1521.2,1515.2,1516.6,70488.0
2026-07-09 10:10:00,1516.7,1520.0,1515.8,1518.1,69127.0
2026-07-09 10:15:00,1518.0,1521.9,1517.0,1519.7,26077.0
2026-07-09 10:20:00,1519.7,1523.7,1519.5,1523.1,22531.0
2026-07-09 10:25:00,1523.1,1523.6,1519.0,1520.3,16532.0
2026-07-09 10:30:00,1519.0,1519.3,1517.0,1518.2,18414.0
2026-07-09 10:35:00,1518.2,1524.2,1517.1,1522.5,36961.0
2026-07-09 10:40:00,1522.5,1524.6,1522.0,1522.8,33192.0
2026-07-09 10:45:00,1522.2,1522.7,1519.0,1519.0,26166.0
2026-07-09 10:50:00,1518.7,1519.9,1517.0,1517.4,39874.0
2026-07-09 10:55:00,1517.2,1519.8,1517.0,1518.5,15522.0
2026-07-09 11:00:00,1518.5,1519.0,1508.8,1510.0,75963.0
2026-07-09 11:05:00,1510.0,1510.0,1508.0,1509.5,17720.0
2026-07-09 11:10:00,1509.8,1510.9,1507.0,1509.0,28850.0
2026-07-09 11:15:00,1509.0,1509.0,1507.1,1508.9,17265.0
2026-07-09 11:20:00,1508.9,1514.8,1508.1,1512.0,61711.0
2026-07-09 11:25:00,1510.1,1511.4,1508.0,1509.2,49679.0
2026-07-09 11:30:00,1509.4,1510.7,1507.6,1510.0,19574.0
2026-07-09 11:35:00,1510.2,1513.0,1510.0,1511.8,16220.0
2026-07-09 11:40:00,1511.8,1512.8,1511.7,1512.6,4625.0
2026-07-09 11:45:00,1512.1,1512.8,1505.2,1505.2,15922.0
2026-07-09 11:50:00,1506.1,1506.5,1502.0,1504.2,20286.0
2026-07-09 11:55:00,1504.2,1507.4,1504.2,1507.0,4824.0
2026-07-09 12:00:00,1507.1,1508.5,1504.0,1508.5,13101.0
2026-07-09 12:05:00,1508.5,1510.0,1508.2,1509.2,7372.0
2026-07-09 12:10:00,1509.2,1510.0,1507.8,1509.0,7509.0
2026-07-09 12:15:00,1508.8,1510.1,1508.6,1509.4,9631.0
2026-07-09 12:20:00,1509.4,1509.4,1508.0,1508.9,5097.0
2026-07-09 12:25:00,1509.2,1509.4,1507.2,1507.8,7273.0
2026-07-09 12:30:00,1507.9,1508.0,1504.9,1505.7,8942.0
2026-07-09 12:35:00,1505.7,1506.9,1504.0,1505.0,9403.0
2026-07-09 12:40:00,1505.3,1506.2,1504.0,1506.1,7482.0
2026-07-09 12:45:00,1506.1,1506.7,1504.2,1504.8,9550.0
2026-07-09 12:50:00,1504.8,1505.7,1504.3,1505.5,11764.0
2026-07-09 12:55:00,1505.5,1509.0,1503.7,1509.0,13436.0
2026-07-09 13:00:00,1508.4,1514.0,1508.4,1513.1,10555.0
2026-07-09 13:05:00,1513.1,1513.3,1511.3,1511.6,7325.0
2026-07-09 13:10:00,1512.2,1514.0,1510.6,1512.0,13468.0
2026-07-09 13:15:00,1512.0,1512.8,1509.9,1511.7,7075.0
2026-07-09 13:20:00,1512.0,1513.7,1510.5,1511.9,13928.0
2026-07-09 13:25:00,1511.9,1514.7,1511.2,1513.3,16801.0
2026-07-09 13:30:00,1513.3,1514.5,1512.0,1514.3,15532.0
2026-07-09 13:35:00,1514.3,1515.9,1513.9,1515.7,7282.0
2026-07-09 13:40:00,1515.7,1515.9,1513.3,1514.0,11091.0
2026-07-09 13:45:00,1514.0,1514.0,1506.7,1509.6,24709.0
2026-07-09 13:50:00,1509.5,1510.2,1507.9,1509.5,13921.0
2026-07-09 13:55:00,1509.2,1510.6,1508.7,1509.4,8155.0
2026-07-09 14:00:00,1509.4,1509.9,1508.5,1509.0,8730.0
2026-07-09 14:05:00,1509.4,1509.5,1507.0,1508.6,9989.0
2026-07-09 14:10:00,1508.6,1509.3,1507.1,1509.3,7188.0
2026-07-09 14:15:00,1509.0,1510.2,1508.3,1509.3,6664.0
2026-07-09 14:20:00,1509.9,1510.1,1508.8,1509.3,6964.0
2026-07-09 14:25:00,1509.5,1509.9,1507.7,1508.8,13289.0
2026-07-09 14:30:00,1508.8,1509.7,1507.8,1508.1,6648.0
2026-07-09 14:35:00,1508.0,1508.0,1505.6,1507.8,8467.0
2026-07-09 14:40:00,1507.8,1508.3,1505.7,1507.4,8257.0
2026-07-09 14:45:00,1507.4,1508.0,1503.8,1506.4,12017.0
2026-07-09 14:50:00,1506.4,1506.9,1504.1,1504.6,12346.0
2026-07-09 14:55:00,1504.6,1504.6,1503.1,1504.0,11133.0
2026-07-09 15:00:00,1503.9,1503.9,1498.9,1501.3,35528.0
2026-07-09 15:05:00,1501.3,1501.3,1498.5,1500.4,27031.0
2026-07-09 15:10:00,1500.4,1509.7,1499.2,1509.1,66891.0
2026-07-09 15:15:00,1509.0,1512.7,1507.1,1511.6,72733.0
2026-07-09 15:20:00,1511.8,1512.2,1509.2,1511.0,75217.0
2026-07-09 15:25:00,1511.0,1515.4,1509.3,1514.5,42731.0
2026-07-10 09:15:00,1517.0,1519.0,1504.1,1507.3,70303.0
2026-07-10 09:20:00,1507.4,1511.8,1506.5,1509.3,66252.0
2026-07-10 09:25:00,1509.4,1516.8,1507.3,1513.8,46108.0
2026-07-10 09:30:00,1513.6,1516.0,1509.3,1515.1,38838.0
2026-07-10 09:35:00,1514.8,1521.2,1514.8,1519.7,64777.0
2026-07-10 09:40:00,1520.0,1520.0,1516.4,1518.8,19139.0
2026-07-10 09:45:00,1518.8,1520.1,1518.1,1519.9,38693.0
2026-07-10 09:50:00,1519.9,1525.0,1517.3,1524.3,39243.0
2026-07-10 09:55:00,1524.5,1531.0,1523.5,1530.7,50747.0
2026-07-10 10:00:00,1530.9,1533.5,1525.7,1526.5,45097.0
2026-07-10 10:05:00,1525.6,1530.2,1525.5,1529.0,44649.0
2026-07-10 10:10:00,1529.0,1538.5,1529.0,1537.9,42350.0
2026-07-10 10:15:00,1538.0,1538.0,1530.9,1533.2,85451.0
2026-07-10 10:20:00,1532.9,1536.9,1532.9,1535.4,43911.0
2026-07-10 10:25:00,1535.8,1536.9,1532.0,1533.9,102574.0
2026-07-10 10:30:00,1534.0,1537.5,1533.5,1537.0,60798.0
2026-07-10 10:35:00,1536.8,1537.0,1534.4,1536.5,14148.0
2026-07-10 10:40:00,1536.0,1536.7,1536.0,1536.5,8591.0
2026-07-10 10:45:00,1536.4,1542.0,1536.0,1541.9,68682.0
2026-07-10 10:50:00,1541.2,1542.5,1541.0,1542.5,28843.0
2026-07-10 10:55:00,1542.5,1543.6,1537.5,1539.4,39283.0
2026-07-10 11:00:00,1539.6,1540.8,1538.6,1539.2,7239.0
2026-07-10 11:05:00,1539.7,1543.0,1539.2,1543.0,16631.0
2026-07-10 11:10:00,1543.0,1547.0,1542.7,1545.9,55237.0
2026-07-10 11:15:00,1546.0,1548.0,1544.3,1545.0,20599.0
2026-07-10 11:20:00,1545.0,1545.1,1543.3,1544.4,10715.0
2026-07-10 11:25:00,1544.4,1545.8,1543.3,1544.6,11741.0
2026-07-10 11:30:00,1544.8,1545.0,1542.1,1543.3,12202.0
2026-07-10 11:35:00,1543.3,1543.4,1540.4,1540.8,10578.0
2026-07-10 11:40:00,1540.8,1540.8,1535.5,1535.5,29073.0
2026-07-10 11:45:00,1535.8,1538.2,1535.4,1537.5,13722.0
2026-07-10 11:50:00,1537.1,1540.2,1536.8,1538.0,8398.0
2026-07-10 11:55:00,1537.6,1540.6,1537.6,1540.1,11902.0
2026-07-10 12:00:00,1540.4,1541.7,1539.3,1539.6,23965.0
2026-07-10 12:05:00,1541.4,1542.8,1540.7,1542.5,7214.0
2026-07-10 12:10:00,1542.5,1543.0,1540.7,1542.2,7975.0
2026-07-10 12:15:00,1542.3,1542.8,1541.7,1542.8,7191.0
2026-07-10 12:20:00,1542.9,1543.0,1540.0,1540.3,14236.0
2026-07-10 12:25:00,1540.8,1541.0,1537.9,1538.8,11932.0
2026-07-10 12:30:00,1538.5,1539.3,1537.5,1538.2,7098.0
2026-07-10 12:35:00,1537.9,1538.5,1537.0,1537.5,5732.0
2026-07-10 12:40:00,1536.6,1537.7,1536.0,1537.3,5076.0
2026-07-10 12:45:00,1537.3,1537.5,1535.6,1537.1,12502.0
2026-07-10 12:50:00,1537.1,1538.6,1531.1,1531.7,35694.0
2026-07-10 12:55:00,1532.3,1534.0,1530.1,1534.0,16808.0
2026-07-10 13:00:00,1534.0,1534.4,1531.3,1532.9,12473.0
2026-07-10 13:05:00,1532.7,1532.9,1529.0,1532.0,16278.0
2026-07-10 13:10:00,1531.6,1532.0,1531.1,1531.6,5552.0
2026-07-10 13:15:00,1531.2,1532.0,1530.2,1530.9,10381.0
2026-07-10 13:20:00,1530.5,1531.6,1526.4,1530.3,24690.0
2026-07-10 13:25:00,1530.1,1532.5,1529.6,1532.5,9837.0
2026-07-10 13:30:00,1532.1,1533.3,1531.6,1532.1,9064.0
2026-07-10 13:35:00,1531.6,1532.7,1531.1,1531.9,3938.0
2026-07-10 13:40:00,1531.5,1532.5,1531.1,1531.1,5655.0
2026-07-10 13:45:00,1531.1,1533.4,1530.1,1533.2,7528.0
2026-07-10 13:50:00,1533.4,1533.9,1531.9,1533.1,7090.0
2026-07-10 13:55:00,1533.1,1534.5,1530.4,1531.1,18678.0
2026-07-10 14:00:00,1532.0,1532.3,1531.4,1531.9,5585.0
2026-07-10 14:05:00,1531.7,1532.0,1530.7,1531.2,6852.0
2026-07-10 14:10:00,1530.4,1531.6,1530.4,1531.6,6261.0
2026-07-10 14:15:00,1531.5,1533.3,1530.7,1532.0,5741.0
2026-07-10 14:20:00,1532.0,1533.0,1532.0,1532.4,5086.0
2026-07-10 14:25:00,1532.4,1532.8,1532.0,1532.4,4865.0
2026-07-10 14:30:00,1532.7,1535.1,1532.4,1533.4,13934.0
2026-07-10 14:35:00,1532.3,1534.3,1532.2,1533.2,11410.0
2026-07-10 14:40:00,1533.6,1535.7,1533.6,1535.5,8140.0
2026-07-10 14:45:00,1535.5,1537.0,1535.1,1537.0,6866.0
2026-07-10 14:50:00,1537.0,1537.5,1534.0,1535.0,15932.0
2026-07-10 14:55:00,1535.0,1535.9,1534.4,1535.1,11910.0
2026-07-10 15:00:00,1534.7,1540.5,1533.4,1537.7,61191.0
2026-07-10 15:05:00,1538.1,1541.2,1537.9,1540.1,66225.0
2026-07-10 15:10:00,1539.9,1540.8,1534.9,1535.0,67163.0
2026-07-10 15:15:00,1534.9,1537.9,1534.1,1536.9,52817.0
2026-07-10 15:20:00,1536.0,1538.4,1533.9,1538.3,88490.0
2026-07-10 15:25:00,1538.0,1539.8,1532.4,1535.5,71940.0
