timestamp,open,high,low,close,volume
2026-05-12 09:15:00,292.0,295.1,292.0,294.15,108124.0
2026-05-12 09:20:00,294.35,294.35,292.65,292.7,67801.0
2026-05-12 09:25:00,292.75,292.75,290.6,290.8,73045.0
2026-05-12 09:30:00,290.75,291.0,289.7,290.35,84589.0
2026-05-12 09:35:00,290.5,291.45,290.05,290.05,61666.0
2026-05-12 09:40:00,290.1,291.55,290.1,291.25,17699.0
2026-05-12 09:45:00,291.2,292.25,291.1,292.2,40448.0
2026-05-12 09:50:00,292.2,292.7,292.05,292.5,39732.0
2026-05-12 09:55:00,292.5,292.6,291.55,291.7,22642.0
2026-05-12 10:00:00,291.7,292.15,291.35,291.7,28098.0
2026-05-12 10:05:00,291.9,292.15,291.3,291.3,14661.0
2026-05-12 10:10:00,291.5,292.2,291.3,292.2,27701.0
2026-05-12 10:15:00,292.2,292.95,292.0,292.65,15060.0
2026-05-12 10:20:00,292.7,292.8,292.1,292.4,21225.0
2026-05-12 10:25:00,292.45,292.45,291.55,291.6,27831.0
2026-05-12 10:30:00,291.75,291.75,290.8,291.0,45933.0
2026-05-12 10:35:00,291.0,291.05,290.5,290.95,10000.0
2026-05-12 10:40:00,291.05,292.15,290.75,291.55,20023.0
2026-05-12 10:45:00,291.65,291.65,290.5,290.55,16380.0
2026-05-12 10:50:00,290.4,290.7,290.3,290.5,12754.0
2026-05-12 10:55:00,290.45,290.95,288.95,289.8,142421.0
2026-05-12 11:00:00,289.85,290.0,288.65,288.8,65118.0
2026-05-12 11:05:00,288.85,288.9,288.0,288.25,44509.0
2026-05-12 11:10:00,288.25,288.25,287.55,287.8,39725.0
2026-05-12 11:15:00,287.8,288.0,287.05,287.05,68822.0
2026-05-12 11:20:00,287.05,287.35,287.05,287.2,32800.0
2026-05-12 11:25:00,287.2,287.7,287.1,287.5,20720.0
2026-05-12 11:30:00,287.45,287.45,286.85,287.3,26714.0
2026-05-12 11:35:00,287.45,287.5,286.6,287.15,34745.0
2026-05-12 11:40:00,287.15,287.75,287.05,287.4,39967.0
2026-05-12 11:45:00,287.4,287.4,286.1,286.5,40613.0
2026-05-12 11:50:00,286.5,286.85,286.0,286.7,81860.0
2026-05-12 11:55:00,286.7,287.2,286.3,286.6,19751.0
2026-05-12 12:00:00,286.6,286.6,286.05,286.3,14545.0
2026-05-12 12:05:00,286.3,286.4,285.6,286.0,20366.0
2026-05-12 12:10:00,286.0,286.8,285.85,286.45,59845.0
2026-05-12 12:15:00,286.3,286.65,286.1,286.25,32298.0
2026-05-12 12:20:00,286.15,286.65,286.15,286.55,40072.0
2026-05-12 12:25:00,286.55,286.7,284.6,285.0,154156.0
2026-05-12 12:30:00,285.0,285.0,283.7,284.1,50690.0
2026-05-12 12:35:00,284.05,284.25,283.6,284.05,58091.0
2026-05-12 12:40:00,283.95,284.35,283.85,284.35,32338.0
2026-05-12 12:45:00,284.35,284.45,283.75,284.0,18629.0
2026-05-12 12:50:00,284.0,284.15,283.85,284.0,13335.0
2026-05-12 12:55:00,284.05,284.4,283.75,283.9,46559.0
2026-05-12 13:00:00,283.9,284.25,283.6,284.2,23096.0
2026-05-12 13:05:00,284.2,284.2,283.7,283.75,45869.0
2026-05-12 13:10:00,283.75,284.35,283.6,284.35,37252.0
2026-05-12 13:15:00,284.35,285.05,284.25,284.5,34737.0
2026-05-12 13:20:00,284.5,284.5,283.35,283.5,59253.0
2026-05-12 13:25:00,283.5,283.75,283.3,283.55,16976.0
2026-05-12 13:30:00,283.65,284.0,282.65,282.8,244135.0
2026-05-12 13:35:00,282.7,283.0,282.4,282.6,47681.0
2026-05-12 13:40:00,282.6,282.85,282.1,282.5,57142.0
2026-05-12 13:45:00,282.3,283.25,282.2,282.35,240419.0
2026-05-12 13:50:00,282.45,283.1,282.25,282.6,21347.0
2026-05-12 13:55:00,282.6,282.6,281.15,281.5,117589.0
2026-05-12 14:00:00,281.5,281.8,280.9,281.65,275513.0
2026-05-12 14:05:00,281.65,281.7,281.0,281.2,70871.0
2026-05-12 14:10:00,281.15,281.3,280.5,280.6,97084.0
2026-05-12 14:15:00,280.5,281.2,280.35,280.4,152690.0
2026-05-12 14:20:00,280.5,281.4,279.85,281.3,209769.0
2026-05-12 14:25:00,281.35,281.45,280.35,281.3,188890.0
2026-05-12 14:30:00,281.4,281.7,279.95,280.0,346090.0
2026-05-12 14:35:00,280.0,280.4,279.55,280.0,192008.0
2026-05-12 14:40:00,280.0,280.15,279.65,280.0,72716.0
2026-05-12 14:45:00,280.0,281.6,279.85,281.2,264177.0
2026-05-12 14:50:00,281.2,281.45,280.35,280.95,121078.0
2026-05-12 14:55:00,280.95,281.15,280.3,281.0,152663.0
2026-05-12 15:00:00,280.9,281.15,280.35,281.05,218234.0
2026-05-12 15:05:00,281.05,281.4,280.9,281.2,142199.0
2026-05-12 15:10:00,281.2,281.25,279.25,279.8,388669.0
2026-05-12 15:15:00,279.7,281.15,279.7,281.05,272429.0
2026-05-12 15:20:00,281.05,281.5,281.0,281.2,96981.0
2026-05-12 15:25:00,281.1,281.45,280.3,281.35,482220.0
2026-05-13 09:15:00,281.0,283.55,280.7,280.7,186258.0
2026-05-13 09:20:00,280.85,281.85,280.6,281.6,70395.0
2026-05-13 09:25:00,281.7,282.25,280.7,281.0,52800.0
2026-05-13 09:30:00,280.95,281.05,280.0,280.25,48794.0
2026-05-13 09:35:00,280.35,280.6,279.85,280.2,56143.0
2026-05-13 09:40:00,280.25,281.25,280.15,280.65,50985.0
2026-05-13 09:45:00,280.65,281.45,280.3,280.6,50624.0
2026-05-13 09:50:00,280.45,281.5,280.3,281.35,55221.0
2026-05-13 09:55:00,281.35,281.75,279.2,279.9,329815.0
2026-05-13 10:00:00,279.9,280.0,278.8,279.3,82943.0
2026-05-13 10:05:00,279.3,279.95,279.05,279.8,51327.0
2026-05-13 10:10:00,279.8,279.95,279.1,279.4,57363.0
2026-05-13 10:15:00,279.35,281.25,279.35,280.95,111291.0
2026-05-13 10:20:00,280.95,281.5,280.1,281.35,67122.0
2026-05-13 10:25:00,281.35,282.3,281.3,281.55,43437.0
2026-05-13 10:30:00,281.5,281.8,281.4,281.8,21853.0
2026-05-13 10:35:00,281.8,282.3,281.5,281.9,28166.0
2026-05-13 10:40:00,281.9,282.2,281.75,281.95,12204.0
2026-05-13 10:45:00,281.9,282.2,281.7,281.7,13093.0
2026-05-13 10:50:00,281.7,281.7,281.1,281.35,31591.0
2026-05-13 10:55:00,281.3,281.35,279.35,279.5,41881.0
2026-05-13 11:00:00,279.5,280.0,279.2,279.95,23066.0
2026-05-13 11:05:00,279.95,280.0,279.4,279.5,14085.0
2026-05-13 11:10:00,279.5,280.45,279.35,280.35,16627.0
2026-05-13 11:15:00,280.4,280.8,280.2,280.8,13204.0
2026-05-13 11:20:00,280.9,281.1,280.45,281.1,11382.0
2026-05-13 11:25:00,281.1,281.25,280.85,281.25,13023.0
2026-05-13 11:30:00,281.25,281.3,281.05,281.3,7091.0
2026-05-13 11:35:00,281.3,282.9,281.1,282.9,29331.0
2026-05-13 11:40:00,282.75,283.15,282.4,283.1,77513.0
2026-05-13 11:45:00,283.1,283.6,282.65,282.75,29879.0
2026-05-13 11:50:00,282.75,283.3,282.55,282.75,26007.0
2026-05-13 11:55:00,282.75,283.1,282.55,282.8,20594.0
2026-05-13 12:00:00,282.8,283.4,282.7,283.05,55536.0
2026-05-13 12:05:00,283.2,283.75,283.05,283.7,23287.0
2026-05-13 12:10:00,283.75,284.4,283.65,284.35,19820.0
2026-05-13 12:15:00,284.4,284.5,283.65,283.85,19327.0
2026-05-13 12:20:00,283.85,283.9,283.05,283.25,68131.0
2026-05-13 12:25:00,283.2,283.4,282.6,282.8,51263.0
2026-05-13 12:30:00,282.8,283.15,282.3,282.65,30366.0
2026-05-13 12:35:00,282.65,282.85,281.75,282.15,33073.0
2026-05-13 12:40:00,282.2,282.25,281.4,281.7,15652.0
2026-05-13 12:45:00,281.65,282.05,281.55,281.9,13414.0
2026-05-13 12:50:00,281.8,282.45,281.75,282.35,16917.0
2026-05-13 12:55:00,282.35,283.4,282.35,283.35,36062.0
2026-05-13 13:00:00,283.4,283.4,282.7,282.8,22904.0
2026-05-13 13:05:00,282.8,283.0,282.35,282.35,48145.0
2026-05-13 13:10:00,282.4,282.9,282.35,282.6,21453.0
2026-05-13 13:15:00,282.65,283.0,282.05,282.8,33064.0
2026-05-13 13:20:00,282.8,282.85,282.05,282.55,104492.0
2026-05-13 13:25:00,282.55,282.85,282.1,282.15,30907.0
2026-05-13 13:30:00,282.3,283.1,282.1,282.9,20863.0
2026-05-13 13:35:00,283.05,283.05,282.35,282.65,41904.0
2026-05-13 13:40:00,282.8,282.95,282.1,282.2,25809.0
2026-05-13 13:45:00,282.3,282.6,282.05,282.25,33443.0
2026-05-13 13:50:00,282.15,282.5,281.75,281.95,28094.0
2026-05-13 13:55:00,281.95,281.95,281.05,281.55,26907.0
2026-05-13 14:00:00,281.7,281.95,281.05,281.6,42563.0
2026-05-13 14:05:00,281.8,282.6,281.75,282.55,27644.0
2026-05-13 14:10:00,282.65,283.05,282.45,282.75,28369.0
2026-05-13 14:15:00,282.9,283.0,282.3,282.35,42272.0
2026-05-13 14:20:00,282.35,282.6,281.75,282.3,36472.0
2026-05-13 14:25:00,282.2,282.4,282.05,282.25,19624.0
2026-05-13 14:30:00,282.45,282.65,282.1,282.25,26513.0
2026-05-13 14:35:00,282.25,282.65,282.05,282.45,29949.0
2026-05-13 14:40:00,282.45,282.55,281.65,281.65,33732.0
2026-05-13 14:45:00,281.7,282.0,281.05,281.2,52053.0
2026-05-13 14:50:00,281.1,281.55,281.05,281.5,33386.0
2026-05-13 14:55:00,281.5,281.65,281.25,281.45,84131.0
2026-05-13 15:00:00,281.3,281.7,280.8,281.45,133806.0
2026-05-13 15:05:00,281.5,282.05,280.6,281.95,2335977.0
2026-05-13 15:10:00,282.0,282.45,281.7,282.0,143790.0
2026-05-13 15:15:00,282.15,282.85,282.0,282.0,101903.0
2026-05-13 15:20:00,282.1,282.1,281.5,281.75,173987.0
2026-05-13 15:25:00,281.85,290.25,281.6,282.0,343767.0
2026-05-14 09:15:00,284.0,285.55,283.8,284.35,108461.0
2026-05-14 09:20:00,284.35,285.6,284.15,284.85,38016.0
2026-05-14 09:25:00,285.0,285.5,284.55,285.3,24726.0
2026-05-14 09:30:00,285.2,285.8,284.8,285.3,84393.0
2026-05-14 09:35:00,285.4,285.4,283.5,283.5,49093.0
2026-05-14 09:40:00,283.5,283.65,281.0,281.3,112694.0
2026-05-14 09:45:00,281.4,282.05,280.5,280.5,70863.0
2026-05-14 09:50:00,280.6,280.65,278.85,278.85,60565.0
2026-05-14 09:55:00,278.85,279.15,278.25,278.5,56910.0
2026-05-14 10:00:00,278.5,279.05,277.65,278.85,72416.0
2026-05-14 10:05:00,278.85,279.4,278.5,279.4,100591.0
2026-05-14 10:10:00,279.35,279.9,278.8,279.65,62294.0
2026-05-14 10:15:00,279.5,280.35,279.25,280.15,65139.0
2026-05-14 10:20:00,280.2,280.6,279.5,279.65,40648.0
2026-05-14 10:25:00,279.7,280.3,279.55,280.25,19254.0
2026-05-14 10:30:00,280.25,280.4,279.8,280.15,21760.0
2026-05-14 10:35:00,280.15,280.2,277.9,278.0,375248.0
2026-05-14 10:40:00,278.0,278.1,277.65,277.65,25103.0
2026-05-14 10:45:00,277.7,277.7,276.55,276.7,42084.0
2026-05-14 10:50:00,276.65,277.0,276.5,276.75,26220.0
2026-05-14 10:55:00,276.6,276.75,275.75,276.3,29952.0
2026-05-14 11:00:00,276.3,276.75,276.05,276.5,41797.0
2026-05-14 11:05:00,276.5,276.5,276.0,276.45,11875.0
2026-05-14 11:10:00,276.4,276.65,276.0,276.4,75968.0
2026-05-14 11:15:00,276.2,276.8,276.2,276.75,13780.0
2026-05-14 11:20:00,276.75,277.1,276.5,276.85,14740.0
2026-05-14 11:25:00,276.75,277.65,276.3,277.3,33700.0
2026-05-14 11:30:00,277.3,278.1,277.3,277.95,39534.0
2026-05-14 11:35:00,278.0,278.8,277.7,278.5,52704.0
2026-05-14 11:40:00,278.6,279.65,278.25,279.35,194111.0
2026-05-14 11:45:00,279.45,279.7,278.65,279.1,77980.0
2026-05-14 11:50:00,279.2,281.95,279.2,281.85,169714.0
2026-05-14 11:55:00,282.25,282.45,281.35,282.0,95806.0
2026-05-14 12:00:00,282.0,283.55,281.9,283.55,99759.0
2026-05-14 12:05:00,283.5,283.55,282.7,283.25,49832.0
2026-05-14 12:10:00,283.5,283.5,282.45,282.95,44370.0
2026-05-14 12:15:00,282.85,284.2,282.8,283.75,46495.0
2026-05-14 12:20:00,283.7,284.45,283.7,284.4,51995.0
2026-05-14 12:25:00,284.3,284.95,284.25,284.3,69601.0
2026-05-14 12:30:00,284.35,284.7,283.75,284.0,58629.0
2026-05-14 12:35:00,284.05,284.2,283.85,284.05,16507.0
2026-05-14 12:40:00,284.1,284.95,283.95,284.75,57262.0
2026-05-14 12:45:00,284.85,285.5,284.8,285.45,49872.0
2026-05-14 12:50:00,285.4,285.4,284.25,284.4,25231.0
2026-05-14 12:55:00,284.35,284.35,283.5,283.5,17731.0
2026-05-14 13:00:00,283.5,284.2,283.25,284.15,40586.0
2026-05-14 13:05:00,284.2,284.2,283.5,283.7,70552.0
2026-05-14 13:10:00,283.65,283.7,282.8,283.2,52810.0
2026-05-14 13:15:00,283.2,283.5,283.1,283.3,8347.0
2026-05-14 13:20:00,283.35,283.5,283.0,283.1,8891.0
2026-05-14 13:25:00,283.0,283.65,282.85,283.25,42514.0
2026-05-14 13:30:00,283.25,283.65,282.95,283.6,10273.0
2026-05-14 13:35:00,283.65,283.85,283.45,283.65,8304.0
2026-05-14 13:40:00,283.65,283.9,283.45,283.9,7251.0
2026-05-14 13:45:00,283.9,284.0,283.55,283.85,10429.0
2026-05-14 13:50:00,283.7,283.9,283.5,283.8,13524.0
2026-05-14 13:55:00,283.8,284.25,283.7,284.1,14698.0
2026-05-14 14:00:00,284.15,284.5,283.95,284.2,10197.0
2026-05-14 14:05:00,283.9,284.4,283.8,284.35,10418.0
2026-05-14 14:10:00,284.25,284.6,284.2,284.6,23464.0
2026-05-14 14:15:00,284.6,285.1,281.15,281.25,2890782.0
2026-05-14 14:20:00,281.4,281.8,281.2,281.8,211375.0
2026-05-14 14:25:00,281.8,283.2,281.65,282.45,204793.0
2026-05-14 14:30:00,282.45,283.25,282.05,282.95,124384.0
2026-05-14 14:35:00,282.9,283.05,282.0,282.35,70745.0
2026-05-14 14:40:00,282.35,283.0,282.1,282.75,73651.0
2026-05-14 14:45:00,282.85,283.25,281.65,281.9,40062.0
2026-05-14 14:50:00,281.9,282.2,281.4,281.75,48109.0
2026-05-14 14:55:00,281.9,282.45,281.3,282.0,41434.0
2026-05-14 15:00:00,281.85,281.9,280.8,280.95,77486.0
2026-05-14 15:05:00,280.95,281.5,280.7,281.0,171647.0
2026-05-14 15:10:00,281.0,282.6,280.85,282.55,132611.0
2026-05-14 15:15:00,282.5,282.7,281.0,281.15,404973.0
2026-05-14 15:20:00,281.15,281.35,280.7,280.8,416198.0
2026-05-14 15:25:00,280.8,281.9,280.35,280.65,369577.0
2026-05-15 09:15:00,281.1,282.85,277.6,277.65,141356.0
2026-05-15 09:20:00,277.75,277.9,276.1,277.5,119127.0
2026-05-15 09:25:00,277.45,279.4,277.15,279.15,49967.0
2026-05-15 09:30:00,279.15,279.15,277.7,278.25,31501.0
2026-05-15 09:35:00,278.15,278.7,277.85,278.65,29060.0
2026-05-15 09:40:00,278.6,279.4,278.45,279.15,41914.0
2026-05-15 09:45:00,279.25,281.0,279.15,280.25,140023.0
2026-05-15 09:50:00,280.3,280.3,279.5,279.55,35194.0
2026-05-15 09:55:00,279.65,279.7,279.2,279.35,37490.0
2026-05-15 10:00:00,279.45,279.45,278.5,278.7,33671.0
2026-05-15 10:05:00,278.85,278.9,277.8,277.95,34147.0
2026-05-15 10:10:00,277.95,278.55,277.85,278.55,13056.0
2026-05-15 10:15:00,278.5,279.0,278.35,278.85,25880.0
2026-05-15 10:20:00,278.85,279.65,278.85,279.55,13137.0
2026-05-15 10:25:00,279.55,280.0,279.3,279.9,46331.0
2026-05-15 10:30:00,279.9,280.4,279.65,279.95,41234.0
2026-05-15 10:35:00,280.0,280.0,279.05,279.35,26390.0
2026-05-15 10:40:00,279.5,279.75,279.3,279.5,12345.0
2026-05-15 10:45:00,279.5,280.0,279.3,279.85,13259.0
2026-05-15 10:50:00,280.0,281.9,280.0,281.9,109308.0
2026-05-15 10:55:00,281.9,281.9,281.4,281.6,36262.0
2026-05-15 11:00:00,281.6,281.6,280.5,280.8,19660.0
2026-05-15 11:05:00,280.9,280.9,280.05,280.3,16035.0
2026-05-15 11:10:00,280.3,280.8,279.9,279.9,16962.0
2026-05-15 11:15:00,279.95,280.2,279.4,279.8,8139.0
2026-05-15 11:20:00,280.0,280.05,279.55,279.8,6844.0
2026-05-15 11:25:00,279.8,279.95,279.5,279.75,14953.0
2026-05-15 11:30:00,279.85,280.25,279.4,280.15,8063.0
2026-05-15 11:35:00,280.15,280.35,279.6,280.15,4983.0
2026-05-15 11:40:00,280.2,280.4,280.0,280.25,7086.0
2026-05-15 11:45:00,280.35,280.65,280.15,280.45,8536.0
2026-05-15 11:50:00,280.5,280.9,280.35,280.55,7370.0
2026-05-15 11:55:00,280.6,280.85,280.35,280.55,8981.0
2026-05-15 12:00:00,280.6,281.25,280.45,281.05,8323.0
2026-05-15 12:05:00,281.15,281.5,281.05,281.3,6662.0
2026-05-15 12:10:00,281.3,281.3,280.75,280.75,3445.0
2026-05-15 12:15:00,280.85,280.9,279.9,279.9,21694.0
2026-05-15 12:20:00,279.9,279.9,278.8,278.9,43630.0
2026-05-15 12:25:00,278.95,280.0,278.85,279.75,229245.0
2026-05-15 12:30:00,279.75,280.4,279.75,280.0,9982.0
2026-05-15 12:35:00,280.15,280.9,280.0,280.9,15825.0
2026-05-15 12:40:00,280.75,281.45,280.75,281.3,15944.0
2026-05-15 12:45:00,281.4,282.25,281.25,282.1,110529.0
2026-05-15 12:50:00,282.1,282.8,281.5,282.75,102660.0
2026-05-15 12:55:00,282.8,283.2,282.65,283.0,63410.0
2026-05-15 13:00:00,283.0,283.15,282.1,282.6,42560.0
2026-05-15 13:05:00,282.8,283.0,282.5,282.5,16162.0
2026-05-15 13:10:00,282.65,283.3,282.6,283.15,18352.0
2026-05-15 13:15:00,283.15,283.15,282.7,282.9,8377.0
2026-05-15 13:20:00,282.95,283.25,282.35,282.35,15640.0
2026-05-15 13:25:00,282.5,283.6,282.1,283.6,61091.0
2026-05-15 13:30:00,283.6,283.75,283.05,283.5,114940.0
2026-05-15 13:35:00,283.6,283.6,282.3,282.35,40688.0
2026-05-15 13:40:00,282.4,282.5,282.1,282.4,27375.0
2026-05-15 13:45:00,282.4,282.9,281.15,281.75,33281.0
2026-05-15 13:50:00,281.75,282.75,281.65,282.7,33832.0
2026-05-15 13:55:00,282.7,282.7,281.7,282.3,12677.0
2026-05-15 14:00:00,282.2,282.3,281.65,281.8,12237.0
2026-05-15 14:05:00,281.8,282.2,281.55,281.95,38454.0
2026-05-15 14:10:00,282.15,282.3,281.9,282.1,13948.0
2026-05-15 14:15:00,282.1,282.1,281.7,281.95,10869.0
2026-05-15 14:20:00,281.95,282.05,281.6,281.9,13145.0
2026-05-15 14:25:00,281.9,281.9,281.2,281.55,24704.0
2026-05-15 14:30:00,281.8,281.9,281.3,281.75,15142.0
2026-05-15 14:35:00,281.8,282.2,281.55,281.85,29083.0
2026-05-15 14:40:00,281.9,282.25,281.5,281.5,16894.0
2026-05-15 14:45:00,281.6,281.6,280.75,280.8,47573.0
2026-05-15 14:50:00,280.8,281.2,280.55,280.8,41029.0
2026-05-15 14:55:00,280.8,281.6,280.35,281.3,47417.0
2026-05-15 15:00:00,281.3,281.5,280.75,281.5,63301.0
2026-05-15 15:05:00,281.4,281.5,280.75,280.95,41047.0
2026-05-15 15:10:00,280.9,281.05,280.65,281.0,31819.0
2026-05-15 15:15:00,281.0,281.0,280.25,280.95,54556.0
2026-05-15 15:20:00,280.9,280.9,280.3,280.45,75370.0
2026-05-15 15:25:00,280.45,281.85,280.25,281.5,121302.0
2026-05-18 09:15:00,277.2,278.0,273.55,275.3,252441.0
2026-05-18 09:20:00,275.45,275.85,274.9,275.35,54736.0
2026-05-18 09:25:00,275.35,275.35,274.25,274.6,42691.0
2026-05-18 09:30:00,274.75,275.3,273.75,275.15,68878.0
2026-05-18 09:35:00,275.2,275.45,274.35,274.65,28094.0
2026-05-18 09:40:00,274.75,274.95,274.1,274.45,26546.0
2026-05-18 09:45:00,274.6,276.0,274.3,274.75,115157.0
2026-05-18 09:50:00,274.9,275.05,274.3,274.3,52979.0
2026-05-18 09:55:00,274.35,274.85,274.1,274.55,64090.0
2026-05-18 10:00:00,274.5,274.85,274.1,274.75,28291.0
2026-05-18 10:05:00,274.75,275.1,274.5,274.7,23723.0
2026-05-18 10:10:00,274.7,275.1,274.7,275.0,24139.0
2026-05-18 10:15:00,274.95,275.4,274.5,275.3,29055.0
2026-05-18 10:20:00,275.45,275.55,274.65,274.65,16292.0
2026-05-18 10:25:00,274.8,275.1,274.55,274.6,22161.0
2026-05-18 10:30:00,274.6,274.6,273.25,273.6,115682.0
2026-05-18 10:35:00,273.6,273.6,273.1,273.25,101292.0
2026-05-18 10:40:00,273.2,274.6,273.1,273.55,137422.0
2026-05-18 10:45:00,273.65,273.7,272.9,273.2,88038.0
2026-05-18 10:50:00,273.15,274.1,273.15,273.95,23849.0
2026-05-18 10:55:00,274.1,274.75,274.1,274.6,26036.0
2026-05-18 11:00:00,274.6,274.9,274.25,274.5,46200.0
2026-05-18 11:05:00,274.55,275.65,274.4,275.55,25980.0
2026-05-18 11:10:00,275.55,275.55,274.75,274.9,12721.0
2026-05-18 11:15:00,274.95,275.15,274.8,274.95,9596.0
2026-05-18 11:20:00,275.0,275.0,274.45,275.0,10497.0
2026-05-18 11:25:00,274.95,275.0,274.2,274.65,21757.0
2026-05-18 11:30:00,274.65,275.4,274.6,275.0,16328.0
2026-05-18 11:35:00,275.0,276.25,274.1,275.9,52584.0
2026-05-18 11:40:00,275.9,276.1,275.35,275.7,24485.0
2026-05-18 11:45:00,275.7,275.8,274.7,275.25,39593.0
2026-05-18 11:50:00,275.25,275.5,275.0,275.25,18920.0
2026-05-18 11:55:00,275.25,275.4,272.3,272.7,194576.0
2026-05-18 12:00:00,272.6,273.15,272.55,273.0,46403.0
2026-05-18 12:05:00,273.0,273.5,272.8,273.3,15934.0
2026-05-18 12:10:00,273.3,273.75,273.1,273.75,24409.0
2026-05-18 12:15:00,273.75,274.25,273.1,273.35,27833.0
2026-05-18 12:20:00,273.35,273.8,273.15,273.65,10129.0
2026-05-18 12:25:00,273.65,274.3,273.5,273.65,29989.0
2026-05-18 12:30:00,273.65,274.4,273.65,274.25,31268.0
2026-05-18 12:35:00,274.25,274.85,274.25,274.75,13181.0
2026-05-18 12:40:00,274.75,274.85,273.8,274.25,39716.0
2026-05-18 12:45:00,274.4,274.6,273.8,274.55,15743.0
2026-05-18 12:50:00,274.55,274.6,274.15,274.35,10050.0
2026-05-18 12:55:00,274.35,275.2,274.0,275.2,47787.0
2026-05-18 13:00:00,275.2,275.75,275.1,275.25,29958.0
2026-05-18 13:05:00,276.05,276.5,275.8,276.45,101215.0
2026-05-18 13:10:00,276.3,276.55,275.75,276.25,15958.0
2026-05-18 13:15:00,276.3,277.3,276.05,276.7,52148.0
2026-05-18 13:20:00,276.85,277.45,276.35,277.4,38852.0
2026-05-18 13:25:00,277.4,277.75,276.95,277.35,45581.0
2026-05-18 13:30:00,277.35,277.5,277.0,277.25,11716.0
2026-05-18 13:35:00,277.25,277.4,276.75,277.15,32624.0
2026-05-18 13:40:00,277.15,277.65,277.0,277.3,15562.0
2026-05-18 13:45:00,277.3,277.55,276.8,277.5,16389.0
2026-05-18 13:50:00,277.5,277.9,277.45,277.75,24443.0
2026-05-18 13:55:00,277.75,278.3,277.65,277.9,22490.0
2026-05-18 14:00:00,277.9,278.05,277.55,277.95,19177.0
2026-05-18 14:05:00,277.95,278.0,277.1,277.25,12961.0
2026-05-18 14:10:00,277.25,277.75,277.1,277.65,16747.0
2026-05-18 14:15:00,277.65,277.8,277.25,277.45,8329.0
2026-05-18 14:20:00,277.45,277.5,277.25,277.25,8518.0
2026-05-18 14:25:00,277.2,277.8,277.0,277.4,21793.0
2026-05-18 14:30:00,277.5,277.7,277.35,277.45,13638.0
2026-05-18 14:35:00,277.45,277.6,277.15,277.25,14639.0
2026-05-18 14:40:00,277.2,278.0,277.05,277.9,26103.0
2026-05-18 14:45:00,277.9,277.95,277.55,277.9,21240.0
2026-05-18 14:50:00,277.9,278.25,277.6,277.95,33460.0
2026-05-18 14:55:00,277.8,277.9,277.05,277.35,16640.0
2026-05-18 15:00:00,277.3,279.5,277.3,279.35,76326.0
2026-05-18 15:05:00,279.45,279.65,278.75,278.95,57733.0
2026-05-18 15:10:00,278.95,279.0,278.5,278.95,63846.0
2026-05-18 15:15:00,278.8,278.9,278.25,278.4,63974.0
2026-05-18 15:20:00,278.45,278.85,278.3,278.85,88703.0
2026-05-18 15:25:00,278.85,280.0,278.65,280.0,59721.0
2026-05-19 09:15:00,279.0,281.05,275.35,275.55,167049.0
2026-05-19 09:20:00,275.7,276.6,274.7,276.4,186992.0
2026-05-19 09:25:00,276.4,278.9,276.1,278.65,147195.0
2026-05-19 09:30:00,278.8,279.6,278.15,278.35,65640.0
2026-05-19 09:35:00,278.4,278.75,277.25,278.6,45986.0
2026-05-19 09:40:00,278.75,280.35,278.5,279.8,53938.0
2026-05-19 09:45:00,279.85,280.0,278.9,279.0,21185.0
2026-05-19 09:50:00,279.25,279.55,278.5,278.7,27628.0
2026-05-19 09:55:00,278.7,278.7,278.0,278.0,28315.0
2026-05-19 10:00:00,278.0,279.1,277.9,279.1,42531.0
2026-05-19 10:05:00,279.15,279.4,278.8,279.0,13020.0
2026-05-19 10:10:00,279.0,279.8,278.8,279.75,13618.0
2026-05-19 10:15:00,279.75,279.85,279.0,279.15,12273.0
2026-05-19 10:20:00,279.15,279.5,278.9,279.2,5747.0
2026-05-19 10:25:00,279.2,279.25,279.0,279.2,5865.0
2026-05-19 10:30:00,279.2,279.65,279.05,279.5,5430.0
2026-05-19 10:35:00,279.5,279.65,279.3,279.55,3844.0
2026-05-19 10:40:00,279.6,279.6,279.15,279.3,4281.0
2026-05-19 10:45:00,279.3,279.4,278.5,279.05,21397.0
2026-05-19 10:50:00,279.05,279.5,277.85,277.85,73703.0
2026-05-19 10:55:00,278.0,278.55,278.0,278.3,27329.0
2026-05-19 11:00:00,278.3,278.3,277.65,277.65,18541.0
2026-05-19 11:05:00,277.75,278.0,277.1,277.15,24562.0
2026-05-19 11:10:00,277.15,278.4,277.15,278.4,28489.0
2026-05-19 11:15:00,278.4,278.55,277.9,278.1,12306.0
2026-05-19 11:20:00,278.0,278.1,277.6,277.6,20705.0
2026-05-19 11:25:00,277.65,277.8,277.3,277.6,21847.0
2026-05-19 11:30:00,277.6,277.6,276.35,276.55,53718.0
2026-05-19 11:35:00,276.5,276.65,276.0,276.45,45512.0
2026-05-19 11:40:00,276.45,277.45,276.25,277.3,44520.0
2026-05-19 11:45:00,277.3,277.8,277.05,277.7,14240.0
2026-05-19 11:50:00,277.7,277.9,277.45,277.5,37503.0
2026-05-19 11:55:00,277.5,277.55,277.2,277.35,6755.0
2026-05-19 12:00:00,277.35,277.45,277.15,277.3,3938.0
2026-05-19 12:05:00,277.35,277.65,277.25,277.3,12323.0
2026-05-19 12:10:00,277.35,278.4,277.25,278.3,54624.0
2026-05-19 12:15:00,278.3,278.3,277.3,277.7,18154.0
2026-05-19 12:20:00,277.7,277.75,277.2,277.4,6204.0
2026-05-19 12:25:00,277.4,277.6,277.0,277.55,34626.0
2026-05-19 12:30:00,277.55,277.95,277.3,277.7,25101.0
2026-05-19 12:35:00,277.7,278.0,277.45,277.8,11080.0
2026-05-19 12:40:00,277.95,278.1,277.55,277.75,15731.0
2026-05-19 12:45:00,277.75,277.85,277.4,277.6,9150.0
2026-05-19 12:50:00,277.5,277.65,277.3,277.65,8392.0
2026-05-19 12:55:00,277.65,277.65,277.25,277.45,12035.0
2026-05-19 13:00:00,277.5,277.55,277.1,277.2,38926.0
2026-05-19 13:05:00,277.2,278.1,277.0,278.1,74791.0
2026-05-19 13:10:00,278.1,278.3,278.0,278.1,110430.0
2026-05-19 13:15:00,278.1,278.2,278.0,278.15,24269.0
2026-05-19 13:20:00,278.15,278.4,278.0,278.35,16897.0
2026-05-19 13:25:00,278.4,278.45,278.05,278.25,8703.0
2026-05-19 13:30:00,278.3,278.7,278.05,278.7,19761.0
2026-05-19 13:35:00,278.7,278.7,278.0,278.2,377214.0
2026-05-19 13:40:00,278.2,278.7,278.05,278.2,15369.0
2026-05-19 13:45:00,278.3,278.7,278.2,278.45,16177.0
2026-05-19 13:50:00,278.45,278.45,278.0,278.15,7031.0
2026-05-19 13:55:00,278.15,278.25,277.95,278.1,31475.0
2026-05-19 14:00:00,278.1,278.7,278.1,278.7,27915.0
2026-05-19 14:05:00,278.7,278.7,278.3,278.45,20105.0
2026-05-19 14:10:00,278.45,278.7,278.2,278.55,8152.0
2026-05-19 14:15:00,278.6,278.75,278.4,278.4,13834.0
2026-05-19 14:20:00,278.5,278.7,278.25,278.3,13960.0
2026-05-19 14:25:00,278.3,278.55,278.15,278.45,10421.0
2026-05-19 14:30:00,278.45,279.2,278.2,278.5,137173.0
2026-05-19 14:35:00,278.5,278.5,277.75,278.0,42126.0
2026-05-19 14:40:00,278.1,278.3,277.8,277.85,40209.0
2026-05-19 14:45:00,277.85,277.85,277.1,277.45,31390.0
2026-05-19 14:50:00,277.45,278.0,277.4,277.65,117452.0
2026-05-19 14:55:00,277.65,277.95,277.6,277.65,41475.0
2026-05-19 15:00:00,277.65,278.0,277.3,277.85,64610.0
2026-05-19 15:05:00,277.95,278.25,277.75,278.15,94573.0
2026-05-19 15:10:00,278.15,278.3,277.8,278.2,135926.0
2026-05-19 15:15:00,278.2,278.2,277.85,278.05,141292.0
2026-05-19 15:20:00,278.05,278.15,277.75,278.0,199064.0
2026-05-19 15:25:00,278.05,278.05,277.75,278.05,517360.0
2026-05-20 09:15:00,275.05,276.1,274.6,274.9,122869.0
2026-05-20 09:20:00,275.05,275.15,273.85,274.45,72008.0
2026-05-20 09:25:00,275.05,275.2,273.45,273.45,107494.0
2026-05-20 09:30:00,273.55,274.55,273.25,274.15,40262.0
2026-05-20 09:35:00,274.2,274.2,273.5,273.9,49477.0
2026-05-20 09:40:00,273.9,273.9,272.65,273.1,52242.0
2026-05-20 09:45:00,273.1,273.4,272.3,273.3,55719.0
2026-05-20 09:50:00,273.4,274.25,273.25,273.65,28973.0
2026-05-20 09:55:00,273.6,273.7,273.2,273.4,23164.0
2026-05-20 10:00:00,273.2,273.4,273.0,273.15,9577.0
2026-05-20 10:05:00,273.2,273.2,272.3,272.5,33049.0
2026-05-20 10:10:00,272.65,273.2,272.35,272.5,26183.0
2026-05-20 10:15:00,272.5,272.95,272.3,272.95,35296.0
2026-05-20 10:20:00,273.0,273.9,272.8,272.9,18943.0
2026-05-20 10:25:00,273.05,273.25,272.9,273.15,13137.0
2026-05-20 10:30:00,273.3,273.7,273.2,273.25,34415.0
2026-05-20 10:35:00,273.35,273.65,273.25,273.3,25487.0
2026-05-20 10:40:00,273.35,273.4,273.05,273.05,25221.0
2026-05-20 10:45:00,273.15,273.15,272.7,272.75,18537.0
2026-05-20 10:50:00,273.0,273.5,272.85,273.5,12326.0
2026-05-20 10:55:00,273.65,274.05,273.5,274.0,17164.0
2026-05-20 11:00:00,274.2,274.4,272.8,273.0,140559.0
2026-05-20 11:05:00,273.05,273.15,272.15,272.15,137724.0
2026-05-20 11:10:00,272.2,272.45,272.0,272.05,45400.0
2026-05-20 11:15:00,272.1,273.1,271.85,272.95,89302.0
2026-05-20 11:20:00,272.95,273.65,272.8,273.2,144042.0
2026-05-20 11:25:00,273.3,274.0,273.25,273.65,126273.0
2026-05-20 11:30:00,273.7,273.9,273.05,273.05,97511.0
2026-05-20 11:35:00,273.1,273.4,273.0,273.2,44920.0
2026-05-20 11:40:00,273.2,273.45,273.0,273.2,28787.0
2026-05-20 11:45:00,273.3,273.7,273.15,273.5,40040.0
2026-05-20 11:50:00,273.5,273.85,273.1,273.3,56140.0
2026-05-20 11:55:00,273.25,274.25,273.2,273.35,87827.0
2026-05-20 12:00:00,273.55,273.6,273.1,273.35,39097.0
2026-05-20 12:05:00,273.45,273.5,273.1,273.1,28986.0
2026-05-20 12:10:00,273.1,273.3,272.95,273.1,26759.0
2026-05-20 12:15:00,273.2,273.5,273.0,273.0,35086.0
2026-05-20 12:20:00,273.2,273.65,273.1,273.45,31682.0
2026-05-20 12:25:00,273.5,273.85,273.0,273.55,182889.0
2026-05-20 12:30:00,273.65,275.0,273.35,274.5,198635.0
2026-05-20 12:35:00,274.7,274.95,274.35,274.75,47462.0
2026-05-20 12:40:00,274.9,275.15,274.5,275.05,72238.0
2026-05-20 12:45:00,275.15,275.35,274.8,275.0,57976.0
2026-05-20 12:50:00,275.05,275.2,274.8,274.85,51527.0
2026-05-20 12:55:00,275.05,275.7,274.85,275.5,68761.0
2026-05-20 13:00:00,275.7,275.9,274.15,274.3,164854.0
2026-05-20 13:05:00,274.3,274.4,273.95,274.1,28469.0
2026-05-20 13:10:00,274.3,274.3,273.65,273.65,20156.0
2026-05-20 13:15:00,273.8,274.05,273.25,274.05,51766.0
2026-05-20 13:20:00,274.15,274.35,273.9,274.1,18891.0
2026-05-20 13:25:00,274.1,274.45,273.8,273.8,31970.0
2026-05-20 13:30:00,274.0,274.7,273.75,274.7,31036.0
2026-05-20 13:35:00,274.7,274.95,274.45,274.85,20015.0
2026-05-20 13:40:00,274.9,274.9,274.4,274.7,19924.0
2026-05-20 13:45:00,274.85,275.1,274.25,274.65,45301.0
2026-05-20 13:50:00,274.75,275.0,274.5,275.0,81588.0
2026-05-20 13:55:00,275.0,275.25,274.9,275.25,29790.0
2026-05-20 14:00:00,275.35,275.4,274.25,274.5,82395.0
2026-05-20 14:05:00,274.65,275.3,274.55,275.1,91856.0
2026-05-20 14:10:00,275.25,275.35,275.0,275.0,11065.0
2026-05-20 14:15:00,275.2,275.2,275.0,275.0,1471.0
2026-05-20 14:20:00,275.1,275.5,275.0,275.4,25242.0
2026-05-20 14:25:00,275.45,276.25,275.45,276.0,37950.0
2026-05-20 14:30:00,276.0,276.05,275.15,275.3,21174.0
2026-05-20 14:35:00,275.5,275.5,275.05,275.4,4005.0
2026-05-20 14:40:00,275.4,275.6,275.1,275.45,9582.0
2026-05-20 14:45:00,275.45,276.05,275.4,276.0,25742.0
2026-05-20 14:50:00,276.05,276.6,276.0,276.4,33331.0
2026-05-20 14:55:00,276.5,276.5,275.95,275.95,17248.0
2026-05-20 15:00:00,276.0,276.05,274.6,275.15,117941.0
2026-05-20 15:05:00,275.0,276.05,275.0,275.95,57571.0
2026-05-20 15:10:00,276.05,276.4,275.75,276.05,93546.0
2026-05-20 15:15:00,276.2,276.45,275.85,276.0,61552.0
2026-05-20 15:20:00,276.2,276.3,275.8,276.05,82615.0
2026-05-20 15:25:00,276.05,276.1,275.05,275.95,121721.0
2026-05-21 09:15:00,279.05,281.2,277.5,278.1,343975.0
2026-05-21 09:20:00,278.3,278.65,276.15,276.65,132120.0
2026-05-21 09:25:00,276.65,276.8,275.4,275.6,148477.0
2026-05-21 09:30:00,275.6,275.65,274.95,275.25,64717.0
2026-05-21 09:35:00,275.2,275.8,275.05,275.5,40233.0
2026-05-21 09:40:00,275.45,275.6,274.45,274.55,87619.0
2026-05-21 09:45:00,274.75,275.25,274.6,274.9,81960.0
2026-05-21 09:50:00,275.0,275.35,274.7,275.15,43708.0
2026-05-21 09:55:00,274.95,275.25,274.8,275.15,33358.0
2026-05-21 10:00:00,275.15,275.35,274.8,274.8,29626.0
2026-05-21 10:05:00,274.8,274.9,274.5,274.6,40153.0
2026-05-21 10:10:00,274.6,274.9,274.5,274.9,26796.0
2026-05-21 10:15:00,274.9,275.0,274.5,274.55,28873.0
2026-05-21 10:20:00,274.55,274.55,274.2,274.4,23986.0
2026-05-21 10:25:00,274.4,274.6,274.3,274.55,8291.0
2026-05-21 10:30:00,274.55,274.55,274.25,274.35,12379.0
2026-05-21 10:35:00,274.3,274.45,273.7,273.85,43282.0
2026-05-21 10:40:00,273.85,274.4,273.8,274.25,14820.0
2026-05-21 10:45:00,274.25,274.35,273.75,273.8,15404.0
2026-05-21 10:50:00,273.8,273.95,273.3,273.5,32651.0
2026-05-21 10:55:00,273.6,273.65,273.2,273.35,28371.0
2026-05-21 11:00:00,273.35,273.35,273.05,273.05,24947.0
2026-05-21 11:05:00,273.1,273.2,272.25,272.6,105062.0
2026-05-21 11:10:00,272.6,272.6,272.15,272.5,53034.0
2026-05-21 11:15:00,272.45,272.55,271.85,272.3,57880.0
2026-05-21 11:20:00,272.3,272.9,272.2,272.85,25728.0
2026-05-21 11:25:00,272.95,272.95,272.05,272.75,31559.0
2026-05-21 11:30:00,272.8,272.95,272.25,272.3,34125.0
2026-05-21 11:35:00,272.35,272.55,272.3,272.3,7676.0
2026-05-21 11:40:00,272.45,272.6,272.25,272.3,17919.0
2026-05-21 11:45:00,272.4,272.65,272.3,272.35,23164.0
2026-05-21 11:50:00,272.4,272.45,272.05,272.05,31353.0
2026-05-21 11:55:00,272.1,272.2,271.85,272.0,32248.0
2026-05-21 12:00:00,272.0,272.7,271.8,272.65,32185.0
2026-05-21 12:05:00,272.65,273.55,272.3,273.05,79186.0
2026-05-21 12:10:00,273.15,273.3,272.5,272.7,18988.0
2026-05-21 12:15:00,272.6,272.9,272.4,272.6,11245.0
2026-05-21 12:20:00,272.6,272.65,272.0,272.25,16994.0
2026-05-21 12:25:00,272.25,272.3,271.6,271.9,37961.0
2026-05-21 12:30:00,271.85,271.95,271.6,271.95,14778.0
2026-05-21 12:35:00,271.9,271.9,271.45,271.55,32550.0
2026-05-21 12:40:00,271.55,271.7,271.15,271.7,40140.0
2026-05-21 12:45:00,271.65,272.55,271.35,272.5,33351.0
2026-05-21 12:50:00,272.45,272.65,272.2,272.25,19452.0
2026-05-21 12:55:00,272.25,272.25,271.5,271.7,16376.0
2026-05-21 13:00:00,271.7,272.0,270.9,271.95,76333.0
2026-05-21 13:05:00,272.0,272.15,271.7,271.9,97454.0
2026-05-21 13:10:00,271.9,272.3,271.85,272.0,70022.0
2026-05-21 13:15:00,272.0,272.2,271.25,271.5,51829.0
2026-05-21 13:20:00,271.5,271.5,270.5,270.7,89749.0
2026-05-21 13:25:00,270.75,271.3,270.15,270.8,328663.0
2026-05-21 13:30:00,270.8,270.85,269.9,270.0,532430.0
2026-05-21 13:35:00,270.05,270.6,269.7,270.1,207234.0
2026-05-21 13:40:00,270.15,270.2,269.65,270.0,46159.0
2026-05-21 13:45:00,270.05,270.45,269.8,269.85,107229.0
2026-05-21 13:50:00,269.85,269.9,269.35,269.5,40382.0
2026-05-21 13:55:00,269.55,270.65,269.4,270.55,32197.0
2026-05-21 14:00:00,270.55,270.65,269.7,269.75,96354.0
2026-05-21 14:05:00,269.8,269.85,269.55,269.6,19715.0
2026-05-21 14:10:00,269.6,269.9,269.05,269.2,59262.0
2026-05-21 14:15:00,269.2,269.2,268.1,269.0,161367.0
2026-05-21 14:20:00,269.0,269.4,268.8,269.1,17963.0
2026-05-21 14:25:00,269.15,269.5,268.65,268.75,45489.0
2026-05-21 14:30:00,268.8,269.35,268.6,268.85,98745.0
2026-05-21 14:35:00,268.9,269.1,268.3,268.3,70768.0
2026-05-21 14:40:00,268.4,269.05,268.3,268.3,48792.0
2026-05-21 14:45:00,268.35,268.8,268.3,268.65,70892.0
2026-05-21 14:50:00,268.75,269.2,268.5,268.65,141594.0
2026-05-21 14:55:00,268.8,269.7,268.55,269.5,155162.0
2026-05-21 15:00:00,269.6,270.7,269.45,269.75,192851.0
2026-05-21 15:05:00,269.95,271.0,269.45,269.9,190450.0
2026-05-21 15:10:00,270.1,270.5,269.85,270.0,341836.0
2026-05-21 15:15:00,270.1,270.25,268.75,269.2,293165.0
2026-05-21 15:20:00,269.35,269.95,269.15,269.7,202299.0
2026-05-21 15:25:00,269.7,269.8,268.6,269.1,168256.0
2026-05-22 09:15:00,269.05,269.85,265.25,266.0,636466.0
2026-05-22 09:20:00,266.2,266.7,265.5,266.1,99757.0
2026-05-22 09:25:00,266.15,266.4,264.1,264.2,205868.0
2026-05-22 09:30:00,264.2,264.3,263.4,264.0,163618.0
2026-05-22 09:35:00,264.0,264.35,263.35,263.75,74286.0
2026-05-22 09:40:00,263.75,264.6,263.0,264.2,119839.0
2026-05-22 09:45:00,264.2,266.0,264.2,265.75,118499.0
2026-05-22 09:50:00,265.8,266.1,264.8,264.85,77461.0
2026-05-22 09:55:00,264.8,265.0,263.6,263.9,107975.0
2026-05-22 10:00:00,264.0,264.2,262.75,263.15,186091.0
2026-05-22 10:05:00,263.3,264.0,262.8,263.7,74800.0
2026-05-22 10:10:00,263.75,265.2,263.7,264.4,68618.0
2026-05-22 10:15:00,264.4,265.7,264.3,265.6,81081.0
2026-05-22 10:20:00,265.25,266.6,265.15,266.1,109610.0
2026-05-22 10:25:00,266.15,266.35,265.35,265.65,71633.0
2026-05-22 10:30:00,265.65,266.25,265.35,266.25,34140.0
2026-05-22 10:35:00,266.05,266.3,265.9,266.2,40469.0
2026-05-22 10:40:00,266.25,266.65,266.05,266.25,57090.0
2026-05-22 10:45:00,266.25,266.65,265.95,266.1,50569.0
2026-05-22 10:50:00,266.1,266.65,266.1,266.65,23330.0
2026-05-22 10:55:00,266.75,266.95,266.55,266.75,36788.0
2026-05-22 11:00:00,266.75,267.0,266.55,266.85,22295.0
2026-05-22 11:05:00,266.85,267.25,266.75,266.8,41314.0
2026-05-22 11:10:00,266.8,266.95,266.1,266.7,28321.0
2026-05-22 11:15:00,266.85,267.55,266.7,267.25,57974.0
2026-05-22 11:20:00,267.45,268.8,267.25,268.3,194311.0
2026-05-22 11:25:00,268.4,268.45,267.7,267.8,51535.0
2026-05-22 11:30:00,267.8,268.0,267.5,267.7,25869.0
2026-05-22 11:35:00,267.9,268.25,267.6,268.05,43615.0
2026-05-22 11:40:00,268.05,268.9,268.0,268.7,67093.0
2026-05-22 11:45:00,268.7,269.0,267.85,268.1,73380.0
2026-05-22 11:50:00,268.1,269.35,268.0,269.2,430534.0
2026-05-22 11:55:00,269.25,271.55,269.25,270.45,220242.0
2026-05-22 12:00:00,270.45,271.05,270.35,270.75,60176.0
2026-05-22 12:05:00,270.9,270.9,270.3,270.55,31767.0
2026-05-22 12:10:00,270.4,271.45,270.35,270.9,85268.0
2026-05-22 12:15:00,270.75,270.95,270.5,270.5,29531.0
2026-05-22 12:20:00,270.5,270.8,270.3,270.3,30904.0
2026-05-22 12:25:00,270.3,270.75,270.15,270.2,21750.0
2026-05-22 12:30:00,270.25,270.35,269.8,270.3,48220.0
2026-05-22 12:35:00,270.3,270.6,270.25,270.35,14323.0
2026-05-22 12:40:00,270.35,270.7,270.35,270.55,14290.0
2026-05-22 12:45:00,270.55,270.55,270.25,270.4,10807.0
2026-05-22 12:50:00,270.45,270.8,270.4,270.8,16777.0
2026-05-22 12:55:00,270.7,271.0,270.55,270.6,36781.0
2026-05-22 13:00:00,270.8,271.15,270.25,270.5,59959.0
2026-05-22 13:05:00,270.5,270.5,270.0,270.2,25318.0
2026-05-22 13:10:00,270.15,270.7,270.15,270.45,50764.0
2026-05-22 13:15:00,270.45,270.45,269.8,270.35,66314.0
2026-05-22 13:20:00,270.4,270.7,270.2,270.35,51658.0
2026-05-22 13:25:00,270.35,270.65,270.2,270.4,49771.0
2026-05-22 13:30:00,270.45,271.0,270.4,270.75,49486.0
2026-05-22 13:35:00,270.8,270.9,270.7,270.75,23927.0
2026-05-22 13:40:00,270.8,270.85,270.2,270.25,21198.0
2026-05-22 13:45:00,270.3,271.15,270.2,270.75,48111.0
2026-05-22 13:50:00,270.75,271.0,270.4,270.45,20824.0
2026-05-22 13:55:00,270.4,270.8,270.15,270.6,60903.0
2026-05-22 14:00:00,270.65,270.85,270.15,270.15,34690.0
2026-05-22 14:05:00,270.15,270.45,270.0,270.35,39371.0
2026-05-22 14:10:00,270.35,270.5,270.15,270.3,24255.0
2026-05-22 14:15:00,270.3,270.5,270.15,270.25,29780.0
2026-05-22 14:20:00,270.2,270.35,270.0,270.15,36059.0
2026-05-22 14:25:00,270.2,270.3,269.75,269.9,47327.0
2026-05-22 14:30:00,269.8,269.85,269.4,269.7,35436.0
2026-05-22 14:35:00,269.75,270.15,269.4,270.0,81411.0
2026-05-22 14:40:00,269.9,270.25,269.55,269.8,484909.0
2026-05-22 14:45:00,269.75,270.6,269.7,270.5,142604.0
2026-05-22 14:50:00,270.45,270.75,270.15,270.5,145803.0
2026-05-22 14:55:00,270.4,270.45,270.0,270.35,98028.0
2026-05-22 15:00:00,270.25,270.6,269.45,270.4,192585.0
2026-05-22 15:05:00,270.55,270.55,269.75,269.9,106844.0
2026-05-22 15:10:00,270.05,270.25,269.6,270.2,107347.0
2026-05-22 15:15:00,270.3,270.45,269.9,270.2,204204.0
2026-05-22 15:20:00,270.35,270.5,270.1,270.15,238152.0
2026-05-22 15:25:00,270.15,270.5,269.2,270.35,245587.0
2026-05-25 09:15:00,272.5,276.15,272.5,275.5,333417.0
2026-05-25 09:20:00,275.5,275.85,274.7,275.55,64151.0
2026-05-25 09:25:00,275.55,276.0,274.7,275.1,80545.0
2026-05-25 09:30:00,275.2,275.5,274.65,274.65,57120.0
2026-05-25 09:35:00,274.75,274.9,273.95,274.4,33179.0
2026-05-25 09:40:00,274.4,274.55,273.8,274.15,87150.0
2026-05-25 09:45:00,274.1,275.5,274.0,275.45,73065.0
2026-05-25 09:50:00,275.35,276.9,275.2,276.8,75537.0
2026-05-25 09:55:00,276.8,278.0,276.65,277.7,136937.0
2026-05-25 10:00:00,277.85,277.85,277.1,277.4,40046.0
2026-05-25 10:05:00,277.4,277.8,277.3,277.4,37243.0
2026-05-25 10:10:00,277.4,277.85,277.4,277.65,70393.0
2026-05-25 10:15:00,277.65,279.0,277.65,278.35,109875.0
2026-05-25 10:20:00,278.25,278.4,277.6,277.6,28013.0
2026-05-25 10:25:00,277.6,278.0,277.2,277.55,135623.0
2026-05-25 10:30:00,277.55,278.35,277.3,278.3,79616.0
2026-05-25 10:35:00,278.3,279.0,278.2,279.0,64813.0
2026-05-25 10:40:00,278.95,279.7,278.9,279.25,119578.0
2026-05-25 10:45:00,279.2,279.5,278.7,278.9,67194.0
2026-05-25 10:50:00,279.0,279.1,278.55,278.7,29145.0
2026-05-25 10:55:00,278.7,278.9,278.5,278.7,47116.0
2026-05-25 11:00:00,278.7,278.9,278.5,278.6,17099.0
2026-05-25 11:05:00,278.55,278.75,278.3,278.6,31163.0
2026-05-25 11:10:00,278.6,278.75,278.5,278.5,44092.0
2026-05-25 11:15:00,278.5,279.5,278.45,279.5,92124.0
2026-05-25 11:20:00,279.5,280.3,279.3,280.15,104980.0
2026-05-25 11:25:00,280.35,280.6,279.65,279.65,192725.0
2026-05-25 11:30:00,279.75,279.8,279.2,279.4,66687.0
2026-05-25 11:35:00,279.4,279.8,279.25,279.65,26070.0
2026-05-25 11:40:00,279.8,279.8,279.2,279.3,58379.0
2026-05-25 11:45:00,279.4,279.8,279.35,279.45,29014.0
2026-05-25 11:50:00,279.7,279.75,278.85,279.0,84336.0
2026-05-25 11:55:00,279.15,279.5,279.0,279.0,52823.0
2026-05-25 12:00:00,279.0,279.15,278.65,278.8,66276.0
2026-05-25 12:05:00,278.75,278.95,278.35,278.45,30074.0
2026-05-25 12:10:00,278.45,278.9,278.4,278.65,17887.0
2026-05-25 12:15:00,278.8,278.95,278.6,278.75,23820.0
2026-05-25 12:20:00,278.9,278.95,278.25,278.85,72460.0
2026-05-25 12:25:00,279.0,279.1,278.7,278.85,26011.0
2026-05-25 12:30:00,278.8,279.65,278.6,279.4,25226.0
2026-05-25 12:35:00,279.4,280.15,279.4,279.95,47696.0
2026-05-25 12:40:00,280.0,280.15,279.6,279.65,29858.0
2026-05-25 12:45:00,279.65,279.95,279.25,279.45,27853.0
2026-05-25 12:50:00,279.35,280.0,279.3,279.8,28726.0
2026-05-25 12:55:00,279.85,280.1,279.75,280.1,32992.0
2026-05-25 13:00:00,280.05,280.05,279.25,279.8,37888.0
2026-05-25 13:05:00,280.0,280.7,279.8,279.95,56275.0
2026-05-25 13:10:00,280.1,280.4,280.0,280.15,24481.0
2026-05-25 13:15:00,280.3,280.55,280.15,280.35,20464.0
2026-05-25 13:20:00,280.35,280.8,279.85,279.85,71018.0
2026-05-25 13:25:00,280.0,280.35,279.95,280.2,16411.0
2026-05-25 13:30:00,280.3,280.3,280.0,280.2,28463.0
2026-05-25 13:35:00,280.05,280.2,279.65,279.9,56585.0
2026-05-25 13:40:00,280.0,280.0,279.3,279.4,33910.0
2026-05-25 13:45:00,279.5,279.9,279.25,279.85,31630.0
2026-05-25 13:50:00,279.9,279.9,279.45,279.65,55739.0
2026-05-25 13:55:00,279.7,279.95,279.45,279.55,23295.0
2026-05-25 14:00:00,279.6,279.9,279.5,279.65,17278.0
2026-05-25 14:05:00,279.8,279.8,279.5,279.6,13608.0
2026-05-25 14:10:00,279.7,279.8,279.5,279.65,15839.0
2026-05-25 14:15:00,279.65,279.7,279.2,279.45,35395.0
2026-05-25 14:20:00,279.35,279.55,278.9,279.2,29595.0
2026-05-25 14:25:00,279.2,279.5,279.05,279.05,29059.0
2026-05-25 14:30:00,279.1,279.25,278.7,278.8,36995.0
2026-05-25 14:35:00,278.8,278.95,278.65,278.95,50222.0
2026-05-25 14:40:00,278.8,279.1,278.75,279.05,46236.0
2026-05-25 14:45:00,279.0,279.5,278.85,279.0,157613.0
2026-05-25 14:50:00,279.0,279.4,279.0,279.1,42648.0
2026-05-25 14:55:00,279.1,279.45,279.05,279.3,35722.0
2026-05-25 15:00:00,279.3,279.85,279.0,279.6,86871.0
2026-05-25 15:05:00,279.5,279.65,279.1,279.25,54567.0
2026-05-25 15:10:00,279.25,279.9,279.2,279.35,68407.0
2026-05-25 15:15:00,279.35,279.6,279.05,279.05,79360.0
2026-05-25 15:20:00,279.05,279.4,278.6,279.15,102516.0
2026-05-25 15:25:00,279.1,279.75,278.7,279.5,126642.0
2026-05-26 09:15:00,280.1,280.4,278.65,279.9,77177.0
2026-05-26 09:20:00,279.9,281.85,279.75,281.2,95086.0
2026-05-26 09:25:00,281.35,281.7,280.25,281.7,75840.0
2026-05-26 09:30:00,281.7,282.25,281.25,281.8,80426.0
2026-05-26 09:35:00,281.8,283.5,281.55,283.45,128051.0
2026-05-26 09:40:00,283.45,283.8,282.4,282.85,71424.0
2026-05-26 09:45:00,282.9,283.5,282.6,283.25,44039.0
2026-05-26 09:50:00,283.35,283.5,282.6,283.0,40308.0
2026-05-26 09:55:00,282.95,282.95,282.1,282.3,39379.0
2026-05-26 10:00:00,282.4,282.5,281.65,282.0,41341.0
2026-05-26 10:05:00,281.95,282.45,281.8,282.05,36418.0
2026-05-26 10:10:00,282.0,282.8,281.95,282.45,22755.0
2026-05-26 10:15:00,282.5,282.55,281.85,282.05,70176.0
2026-05-26 10:20:00,282.45,282.65,282.15,282.35,17489.0
2026-05-26 10:25:00,282.35,282.8,282.35,282.7,10776.0
2026-05-26 10:30:00,282.75,283.25,282.7,283.15,37198.0
2026-05-26 10:35:00,283.15,283.5,283.1,283.4,22084.0
2026-05-26 10:40:00,283.4,283.7,283.2,283.2,57758.0
2026-05-26 10:45:00,283.3,283.35,282.5,282.8,15083.0
2026-05-26 10:50:00,282.8,283.2,282.65,283.15,17169.0
2026-05-26 10:55:00,283.2,283.3,282.9,282.95,16090.0
2026-05-26 11:00:00,282.95,284.4,282.65,283.75,88609.0
2026-05-26 11:05:00,283.85,284.65,283.75,284.2,62345.0
2026-05-26 11:10:00,284.2,284.3,283.65,283.85,27454.0
2026-05-26 11:15:00,283.85,284.0,282.7,282.8,49023.0
2026-05-26 11:20:00,282.85,282.95,282.25,282.5,48065.0
2026-05-26 11:25:00,282.5,283.0,282.5,282.8,32030.0
2026-05-26 11:30:00,282.9,283.1,282.5,282.8,22049.0
2026-05-26 11:35:00,282.8,283.25,282.8,283.15,22012.0
2026-05-26 11:40:00,283.25,283.4,282.9,283.2,37034.0
2026-05-26 11:45:00,283.25,283.4,283.05,283.15,29049.0
2026-05-26 11:50:00,283.3,283.3,283.0,283.15,9693.0
2026-05-26 11:55:00,283.25,283.35,282.75,282.9,23674.0
2026-05-26 12:00:00,283.0,283.05,282.5,282.8,24030.0
2026-05-26 12:05:00,282.95,283.1,282.5,282.7,24183.0
2026-05-26 12:10:00,282.7,282.85,282.4,282.5,31314.0
2026-05-26 12:15:00,282.55,282.9,282.5,282.85,16686.0
2026-05-26 12:20:00,282.95,282.95,282.3,282.45,24053.0
2026-05-26 12:25:00,282.5,282.6,282.3,282.3,20494.0
2026-05-26 12:30:00,282.35,282.55,281.7,282.05,63996.0
2026-05-26 12:35:00,282.05,282.15,281.55,281.7,52102.0
2026-05-26 12:40:00,281.8,281.85,281.2,281.5,47135.0
2026-05-26 12:45:00,281.5,281.5,280.55,280.65,74000.0
2026-05-26 12:50:00,280.7,280.95,280.5,280.75,38983.0
2026-05-26 12:55:00,280.8,280.85,280.45,280.55,39274.0
2026-05-26 13:00:00,280.6,280.85,280.3,280.5,41301.0
2026-05-26 13:05:00,280.6,281.0,280.5,280.7,49808.0
2026-05-26 13:10:00,280.7,280.75,280.3,280.3,16815.0
2026-05-26 13:15:00,280.3,280.7,280.3,280.65,21844.0
2026-05-26 13:20:00,280.7,281.0,280.65,280.8,16835.0
2026-05-26 13:25:00,280.85,281.2,280.8,281.1,32754.0
2026-05-26 13:30:00,281.15,281.35,280.85,280.85,20156.0
2026-05-26 13:35:00,280.9,281.2,280.65,280.7,23457.0
2026-05-26 13:40:00,280.75,280.95,280.6,280.6,21111.0
2026-05-26 13:45:00,280.65,280.95,280.6,280.85,20522.0
2026-05-26 13:50:00,280.85,281.0,280.5,280.8,31821.0
2026-05-26 13:55:00,280.8,281.15,280.5,280.5,29248.0
2026-05-26 14:00:00,280.5,280.65,280.1,280.15,36505.0
2026-05-26 14:05:00,280.15,280.65,280.15,280.45,21967.0
2026-05-26 14:10:00,280.45,280.5,280.15,280.3,20856.0
2026-05-26 14:15:00,280.45,281.7,280.4,281.2,138263.0
2026-05-26 14:20:00,281.25,282.35,281.25,282.15,296700.0
2026-05-26 14:25:00,282.2,282.6,282.0,282.3,50691.0
2026-05-26 14:30:00,282.35,282.4,282.05,282.25,28403.0
2026-05-26 14:35:00,282.25,282.5,281.85,282.05,53529.0
2026-05-26 14:40:00,282.0,282.9,282.0,282.8,60474.0
2026-05-26 14:45:00,282.8,283.35,282.55,283.3,102728.0
2026-05-26 14:50:00,283.3,283.35,282.6,282.75,86054.0
2026-05-26 14:55:00,282.8,283.2,282.7,283.1,89027.0
2026-05-26 15:00:00,283.05,283.15,282.8,282.9,90025.0
2026-05-26 15:05:00,282.9,283.4,282.8,283.15,100043.0
2026-05-26 15:10:00,283.05,283.35,282.6,282.7,137674.0
2026-05-26 15:15:00,282.5,283.0,282.4,282.65,194960.0
2026-05-26 15:20:00,282.8,282.9,282.05,282.4,137102.0
2026-05-26 15:25:00,282.4,282.9,281.25,282.9,167358.0
2026-05-27 09:15:00,280.9,283.85,280.5,283.75,98956.0
2026-05-27 09:20:00,283.8,284.0,283.15,283.7,66148.0
2026-05-27 09:25:00,283.9,284.1,283.0,283.25,63123.0
2026-05-27 09:30:00,283.1,283.25,282.05,282.35,57488.0
2026-05-27 09:35:00,282.45,282.65,281.4,281.4,32721.0
2026-05-27 09:40:00,281.4,282.4,281.25,281.85,39478.0
2026-05-27 09:45:00,282.0,282.65,281.05,282.45,19239.0
2026-05-27 09:50:00,282.65,282.9,281.85,282.0,19796.0
2026-05-27 09:55:00,282.0,282.15,281.3,281.9,17391.0
2026-05-27 10:00:00,281.85,282.15,281.65,281.95,11951.0
2026-05-27 10:05:00,282.1,282.95,282.1,282.65,27879.0
2026-05-27 10:10:00,282.65,283.0,282.3,282.9,10743.0
2026-05-27 10:15:00,282.95,283.85,282.9,283.85,61411.0
2026-05-27 10:20:00,283.85,284.6,283.25,283.45,47877.0
2026-05-27 10:25:00,283.45,283.9,283.25,283.9,15466.0
2026-05-27 10:30:00,283.9,284.0,283.7,283.9,21449.0
2026-05-27 10:35:00,283.8,283.95,283.15,283.25,8983.0
2026-05-27 10:40:00,283.25,283.4,282.1,282.2,27922.0
2026-05-27 10:45:00,282.1,282.7,281.9,282.7,26942.0
2026-05-27 10:50:00,282.9,283.15,282.85,283.15,9803.0
2026-05-27 10:55:00,283.15,283.65,283.15,283.4,13460.0
2026-05-27 11:00:00,283.5,283.5,282.75,282.8,11171.0
2026-05-27 11:05:00,282.8,283.35,282.8,283.35,10342.0
2026-05-27 11:10:00,283.35,283.4,283.1,283.25,8485.0
2026-05-27 11:15:00,283.2,283.5,282.95,283.35,14666.0
2026-05-27 11:20:00,283.4,283.85,282.85,283.15,185957.0
2026-05-27 11:25:00,283.15,283.4,282.85,282.95,20900.0
2026-05-27 11:30:00,283.1,283.6,282.55,282.65,95541.0
2026-05-27 11:35:00,282.65,282.65,281.7,281.7,34028.0
2026-05-27 11:40:00,281.9,282.05,281.65,281.7,21751.0
2026-05-27 11:45:00,281.7,282.0,281.6,281.7,14958.0
2026-05-27 11:50:00,281.8,282.0,281.7,281.9,9646.0
2026-05-27 11:55:00,281.9,281.95,281.5,281.7,11414.0
2026-05-27 12:00:00,281.65,281.8,281.4,281.4,7592.0
2026-05-27 12:05:00,281.55,282.2,281.55,281.8,29141.0
2026-05-27 12:10:00,281.75,281.8,281.5,281.5,2494.0
2026-05-27 12:15:00,281.6,281.8,281.5,281.75,2932.0
2026-05-27 12:20:00,281.75,281.9,281.65,281.65,8818.0
2026-05-27 12:25:00,281.8,281.85,281.1,281.2,24251.0
2026-05-27 12:30:00,281.2,281.4,280.85,281.4,27107.0
2026-05-27 12:35:00,281.4,282.15,281.35,282.15,60413.0
2026-05-27 12:40:00,282.05,282.55,281.75,282.15,44085.0
2026-05-27 12:45:00,282.25,282.3,282.15,282.25,5231.0
2026-05-27 12:50:00,282.25,282.25,281.75,281.9,2221.0
2026-05-27 12:55:00,281.9,282.15,281.8,281.95,8206.0
2026-05-27 13:00:00,281.95,282.0,281.3,281.7,9997.0
2026-05-27 13:05:00,281.7,282.0,281.45,281.65,14405.0
2026-05-27 13:10:00,281.65,281.9,281.3,281.5,3892.0
2026-05-27 13:15:00,281.35,281.6,281.3,281.55,3408.0
2026-05-27 13:20:00,281.6,281.8,281.5,281.75,4732.0
2026-05-27 13:25:00,281.8,281.95,281.5,281.7,19421.0
2026-05-27 13:30:00,281.75,281.9,281.4,281.85,15916.0
2026-05-27 13:35:00,281.85,282.15,281.7,282.15,16813.0
2026-05-27 13:40:00,282.15,282.15,281.6,281.7,15096.0
2026-05-27 13:45:00,281.85,282.0,281.8,281.95,7319.0
2026-05-27 13:50:00,281.95,282.1,281.8,282.0,4399.0
2026-05-27 13:55:00,282.0,282.05,281.8,282.0,5014.0
2026-05-27 14:00:00,281.95,282.05,281.8,281.9,4699.0
2026-05-27 14:05:00,281.9,282.0,281.8,281.95,3040.0
2026-05-27 14:10:00,282.0,282.0,281.8,281.9,4545.0
2026-05-27 14:15:00,281.9,281.95,281.7,281.8,7700.0
2026-05-27 14:20:00,281.8,282.4,281.65,282.35,3313.0
2026-05-27 14:25:00,282.4,282.55,281.8,281.8,28590.0
2026-05-27 14:30:00,282.0,282.05,281.85,282.05,5511.0
2026-05-27 14:35:00,282.05,282.25,281.6,282.15,14850.0
2026-05-27 14:40:00,282.2,282.45,282.0,282.35,33561.0
2026-05-27 14:45:00,282.35,282.35,282.0,282.15,4522.0
2026-05-27 14:50:00,282.2,282.2,282.0,282.15,8780.0
2026-05-27 14:55:00,282.2,282.3,282.0,282.2,9534.0
2026-05-27 15:00:00,281.85,282.4,281.85,282.15,24379.0
2026-05-27 15:05:00,282.15,282.35,281.9,282.2,34685.0
2026-05-27 15:10:00,282.2,282.2,281.5,281.75,34656.0
2026-05-27 15:15:00,281.7,281.85,281.45,281.55,35875.0
2026-05-27 15:20:00,281.5,282.0,281.35,281.7,78506.0
2026-05-27 15:25:00,281.65,281.8,281.2,281.7,83815.0
2026-05-29 09:15:00,285.0,288.4,285.0,286.9,200006.0
2026-05-29 09:20:00,287.05,287.55,285.5,285.5,117524.0
2026-05-29 09:25:00,285.85,287.25,285.5,285.85,203512.0
2026-05-29 09:30:00,285.45,286.05,285.4,285.6,83254.0
2026-05-29 09:35:00,285.75,287.85,285.55,285.8,74901.0
2026-05-29 09:40:00,285.85,286.05,284.6,284.75,81689.0
2026-05-29 09:45:00,284.9,286.85,284.65,286.45,63026.0
2026-05-29 09:50:00,286.5,286.9,285.65,286.0,168419.0
2026-05-29 09:55:00,286.0,286.4,285.7,286.0,54759.0
2026-05-29 10:00:00,286.25,286.9,286.15,286.8,31038.0
2026-05-29 10:05:00,286.8,287.4,286.3,286.45,124652.0
2026-05-29 10:10:00,286.45,286.55,285.1,285.3,55674.0
2026-05-29 10:15:00,285.2,285.45,285.05,285.4,28739.0
2026-05-29 10:20:00,285.35,285.95,285.1,285.2,25228.0
2026-05-29 10:25:00,285.4,285.45,284.8,284.95,20951.0
2026-05-29 10:30:00,284.8,285.0,284.65,285.0,9383.0
2026-05-29 10:35:00,285.0,285.15,284.5,284.75,46650.0
2026-05-29 10:40:00,284.6,285.0,284.6,284.85,9838.0
2026-05-29 10:45:00,284.7,284.75,284.25,284.25,24084.0
2026-05-29 10:50:00,284.4,284.65,284.25,284.25,15122.0
2026-05-29 10:55:00,284.35,284.9,284.25,284.5,34809.0
2026-05-29 11:00:00,284.55,284.9,284.4,284.85,15759.0
2026-05-29 11:05:00,284.85,285.55,284.4,285.5,32442.0
2026-05-29 11:10:00,285.6,285.6,284.95,285.2,31824.0
2026-05-29 11:15:00,285.25,286.2,285.25,286.0,44869.0
2026-05-29 11:20:00,286.0,286.15,285.75,285.95,40780.0
2026-05-29 11:25:00,285.9,285.95,285.3,285.95,19239.0
2026-05-29 11:30:00,285.8,285.95,285.3,285.3,5769.0
2026-05-29 11:35:00,285.45,285.45,285.1,285.3,12499.0
2026-05-29 11:40:00,285.3,285.3,284.6,284.95,15691.0
2026-05-29 11:45:00,284.95,285.0,284.55,284.6,10853.0
2026-05-29 11:50:00,284.7,285.05,284.55,285.0,9103.0
2026-05-29 11:55:00,285.0,285.05,284.55,284.65,13786.0
2026-05-29 12:00:00,284.7,284.7,284.15,284.25,29239.0
2026-05-29 12:05:00,284.3,284.45,284.15,284.3,19513.0
2026-05-29 12:10:00,284.3,284.4,283.65,283.7,47285.0
2026-05-29 12:15:00,283.75,283.8,283.25,283.75,20450.0
2026-05-29 12:20:00,283.8,284.1,283.55,283.85,15757.0
2026-05-29 12:25:00,284.0,284.25,283.55,284.2,34133.0
2026-05-29 12:30:00,284.15,284.45,284.0,284.0,17266.0
2026-05-29 12:35:00,284.0,284.2,283.65,284.05,21136.0
2026-05-29 12:40:00,284.15,284.15,283.75,284.1,8602.0
2026-05-29 12:45:00,284.15,284.25,283.8,283.85,7474.0
2026-05-29 12:50:00,283.95,283.95,283.2,283.3,19445.0
2026-05-29 12:55:00,283.35,283.35,282.9,283.25,26157.0
2026-05-29 13:00:00,283.25,283.3,283.0,283.05,9709.0
2026-05-29 13:05:00,283.05,283.05,282.2,282.35,30124.0
2026-05-29 13:10:00,282.3,282.3,281.15,281.45,93963.0
2026-05-29 13:15:00,281.4,282.0,281.1,281.8,19623.0
2026-05-29 13:20:00,281.95,282.2,281.75,281.95,13962.0
2026-05-29 13:25:00,282.0,282.4,281.95,282.05,22324.0
2026-05-29 13:30:00,282.2,282.4,281.95,281.95,16251.0
2026-05-29 13:35:00,282.1,282.2,281.6,282.0,48054.0
2026-05-29 13:40:00,281.7,282.45,281.1,282.35,53851.0
2026-05-29 13:45:00,282.5,283.85,282.35,283.0,73065.0
2026-05-29 13:50:00,283.0,283.5,282.8,282.8,11567.0
2026-05-29 13:55:00,282.85,283.9,282.8,283.85,24195.0
2026-05-29 14:00:00,283.95,283.95,283.5,283.75,15452.0
2026-05-29 14:05:00,283.75,284.15,283.35,284.05,32320.0
2026-05-29 14:10:00,284.05,284.15,283.65,283.95,16611.0
2026-05-29 14:15:00,283.95,284.0,283.05,283.05,30395.0
2026-05-29 14:20:00,283.25,283.75,283.1,283.65,29940.0
2026-05-29 14:25:00,283.75,283.75,283.5,283.65,11367.0
2026-05-29 14:30:00,283.75,284.95,283.65,284.35,66550.0
2026-05-29 14:35:00,284.25,284.5,284.1,284.4,17801.0
2026-05-29 14:40:00,284.4,284.95,284.2,284.8,38441.0
2026-05-29 14:45:00,284.75,285.2,284.65,285.2,33685.0
2026-05-29 14:50:00,285.15,285.2,284.55,284.7,26079.0
2026-05-29 14:55:00,284.9,284.9,284.3,284.7,17639.0
2026-05-29 15:00:00,284.75,285.9,284.4,284.75,1167348.0
2026-05-29 15:05:00,284.75,285.45,283.8,285.45,980579.0
2026-05-29 15:10:00,285.15,288.0,284.55,286.2,1389115.0
2026-05-29 15:15:00,286.25,289.2,286.25,288.3,1448597.0
2026-05-29 15:20:00,288.3,288.8,286.1,286.8,1422277.0
2026-05-29 15:25:00,286.8,289.4,285.35,285.35,929081.0
2026-06-01 09:15:00,282.0,285.45,281.95,285.4,331376.0
2026-06-01 09:20:00,284.75,285.2,282.7,282.95,156418.0
2026-06-01 09:25:00,282.95,283.25,281.0,281.2,200991.0
2026-06-01 09:30:00,281.1,282.3,280.65,280.7,124037.0
2026-06-01 09:35:00,280.65,280.7,278.5,279.55,178946.0
2026-06-01 09:40:00,279.7,279.75,277.4,278.6,204174.0
2026-06-01 09:45:00,278.55,278.9,278.0,278.5,79743.0
2026-06-01 09:50:00,278.7,279.05,277.65,278.0,38117.0
2026-06-01 09:55:00,278.0,278.45,277.05,277.2,91878.0
2026-06-01 10:00:00,277.2,277.35,275.25,275.65,134066.0
2026-06-01 10:05:00,275.6,276.9,275.0,276.8,150713.0
2026-06-01 10:10:00,276.85,277.5,276.5,277.05,48359.0
2026-06-01 10:15:00,277.1,277.1,276.3,276.8,102503.0
2026-06-01 10:20:00,276.8,277.45,276.6,276.85,22612.0
2026-06-01 10:25:00,277.15,277.45,276.4,276.6,52989.0
2026-06-01 10:30:00,276.55,277.1,276.3,276.9,40219.0
2026-06-01 10:35:00,276.9,277.1,274.95,275.65,450259.0
2026-06-01 10:40:00,275.65,276.2,275.45,275.85,34669.0
2026-06-01 10:45:00,275.85,277.1,275.75,276.8,81810.0
2026-06-01 10:50:00,276.7,277.5,276.45,277.45,46731.0
2026-06-01 10:55:00,277.45,278.1,277.15,277.35,75062.0
2026-06-01 11:00:00,277.35,277.4,277.0,277.2,25398.0
2026-06-01 11:05:00,277.45,277.8,277.0,277.7,30819.0
2026-06-01 11:10:00,277.75,277.85,276.5,276.6,48933.0
2026-06-01 11:15:00,276.6,276.75,276.05,276.3,34442.0
2026-06-01 11:20:00,276.05,276.25,275.5,275.5,40008.0
2026-06-01 11:25:00,275.65,275.9,274.6,274.7,100729.0
2026-06-01 11:30:00,274.7,275.4,274.7,275.3,41368.0
2026-06-01 11:35:00,275.15,275.6,274.95,275.3,32782.0
2026-06-01 11:40:00,275.45,275.45,274.5,274.65,58565.0
2026-06-01 11:45:00,274.65,275.0,274.25,275.0,24978.0
2026-06-01 11:50:00,274.95,275.2,274.75,274.95,29996.0
2026-06-01 11:55:00,275.15,275.2,273.8,274.1,69171.0
2026-06-01 12:00:00,273.95,274.15,272.75,273.5,68841.0
2026-06-01 12:05:00,273.65,273.85,273.25,273.5,49318.0
2026-06-01 12:10:00,273.65,273.7,273.25,273.7,26501.0
2026-06-01 12:15:00,273.65,274.15,273.3,273.9,39325.0
2026-06-01 12:20:00,273.8,274.0,273.5,273.6,29794.0
2026-06-01 12:25:00,273.75,273.75,273.1,273.1,26124.0
2026-06-01 12:30:00,273.3,273.6,273.0,273.0,32433.0
2026-06-01 12:35:00,273.05,273.6,272.85,273.2,36238.0
2026-06-01 12:40:00,273.2,273.2,272.75,273.15,20749.0
2026-06-01 12:45:00,273.15,273.4,273.0,273.4,17219.0
2026-06-01 12:50:00,273.7,274.0,273.2,273.45,34760.0
2026-06-01 12:55:00,273.3,273.5,273.0,273.2,20610.0
2026-06-01 13:00:00,273.25,273.25,272.7,272.9,23703.0
2026-06-01 13:05:00,272.9,272.95,272.1,272.35,47136.0
2026-06-01 13:10:00,272.35,272.5,271.2,271.75,161283.0
2026-06-01 13:15:00,271.75,272.6,271.7,272.55,35849.0
2026-06-01 13:20:00,272.55,272.95,271.75,271.75,52591.0
2026-06-01 13:25:00,271.75,272.4,271.5,272.4,31415.0
2026-06-01 13:30:00,272.4,272.4,271.35,271.5,43049.0
2026-06-01 13:35:00,271.4,271.5,271.05,271.3,70237.0
2026-06-01 13:40:00,271.3,271.8,271.0,271.55,121633.0
2026-06-01 13:45:00,271.55,271.95,271.25,271.55,99203.0
2026-06-01 13:50:00,271.6,272.0,271.45,271.8,82299.0
2026-06-01 13:55:00,271.8,272.25,271.6,271.85,97379.0
2026-06-01 14:00:00,271.9,271.9,271.0,271.25,80367.0
2026-06-01 14:05:00,271.25,271.5,270.75,271.05,86241.0
2026-06-01 14:10:00,271.4,272.0,271.2,271.4,124217.0
2026-06-01 14:15:00,271.4,271.75,271.1,271.65,14655.0
2026-06-01 14:20:00,271.6,271.75,271.25,271.3,35056.0
2026-06-01 14:25:00,271.3,271.4,271.15,271.4,21334.0
2026-06-01 14:30:00,271.4,272.0,271.25,271.7,26126.0
2026-06-01 14:35:00,271.75,272.3,271.5,272.3,60978.0
2026-06-01 14:40:00,272.2,272.35,272.0,272.0,45914.0
2026-06-01 14:45:00,272.15,272.85,271.85,272.1,86105.0
2026-06-01 14:50:00,272.2,272.35,271.7,271.95,72235.0
2026-06-01 14:55:00,271.95,272.15,271.35,271.5,56363.0
2026-06-01 15:00:00,271.5,271.5,270.5,270.8,131215.0
2026-06-01 15:05:00,270.8,271.7,270.0,271.4,128963.0
2026-06-01 15:10:00,271.4,272.0,271.4,271.75,138170.0
2026-06-01 15:15:00,271.9,272.2,271.3,271.6,208012.0
2026-06-01 15:20:00,271.7,271.85,270.6,270.95,517896.0
2026-06-01 15:25:00,271.25,271.45,270.3,271.3,147197.0
2026-06-02 09:15:00,267.0,268.4,264.3,266.5,301433.0
2026-06-02 09:20:00,266.65,268.25,266.45,267.75,133333.0
2026-06-02 09:25:00,267.7,268.75,267.15,267.4,152767.0
2026-06-02 09:30:00,267.4,267.4,266.5,266.9,109747.0
2026-06-02 09:35:00,266.95,268.6,266.8,268.35,80795.0
2026-06-02 09:40:00,268.35,269.0,268.15,268.15,115655.0
2026-06-02 09:45:00,268.2,268.55,267.9,268.55,65134.0
2026-06-02 09:50:00,268.3,269.15,268.2,268.8,62056.0
2026-06-02 09:55:00,268.95,269.4,268.25,269.35,50663.0
2026-06-02 10:00:00,269.3,270.25,269.25,269.9,98985.0
2026-06-02 10:05:00,269.9,270.5,269.45,269.95,107487.0
2026-06-02 10:10:00,269.75,269.75,268.1,268.3,67693.0
2026-06-02 10:15:00,268.25,269.2,267.95,268.95,59134.0
2026-06-02 10:20:00,269.0,270.05,268.75,269.7,44086.0
2026-06-02 10:25:00,269.65,270.4,269.55,270.2,32259.0
2026-06-02 10:30:00,270.2,270.4,269.15,269.4,42319.0
2026-06-02 10:35:00,269.4,269.7,269.2,269.3,46220.0
2026-06-02 10:40:00,269.4,270.05,269.3,269.9,42212.0
2026-06-02 10:45:00,269.9,270.1,269.2,269.45,31479.0
2026-06-02 10:50:00,269.4,269.6,268.35,268.65,41982.0
2026-06-02 10:55:00,268.75,268.75,268.0,268.35,34899.0
2026-06-02 11:00:00,268.45,268.8,268.15,268.4,22046.0
2026-06-02 11:05:00,268.6,268.65,268.1,268.45,25203.0
2026-06-02 11:10:00,268.35,269.1,268.3,268.75,30881.0
2026-06-02 11:15:00,268.75,269.15,268.5,269.15,19842.0
2026-06-02 11:20:00,269.15,269.45,268.65,269.2,23662.0
2026-06-02 11:25:00,269.0,269.15,268.45,268.9,32306.0
2026-06-02 11:30:00,268.9,268.9,268.05,268.1,21005.0
2026-06-02 11:35:00,268.05,268.4,267.55,267.7,43683.0
2026-06-02 11:40:00,267.7,268.65,267.65,268.5,43135.0
2026-06-02 11:45:00,268.5,268.75,268.0,268.25,25832.0
2026-06-02 11:50:00,268.4,268.8,268.15,268.8,33296.0
2026-06-02 11:55:00,268.75,269.0,267.75,267.8,45038.0
2026-06-02 12:00:00,267.95,268.45,267.75,267.9,44262.0
2026-06-02 12:05:00,267.9,268.1,267.55,267.85,32499.0
2026-06-02 12:10:00,267.85,268.35,267.75,268.0,29357.0
2026-06-02 12:15:00,267.8,268.25,267.7,267.85,22008.0
2026-06-02 12:20:00,267.9,268.0,267.6,267.8,26512.0
2026-06-02 12:25:00,267.8,269.35,267.75,269.15,84136.0
2026-06-02 12:30:00,269.25,269.4,268.75,269.3,77501.0
2026-06-02 12:35:00,269.3,269.8,269.15,269.35,35297.0
2026-06-02 12:40:00,269.5,269.95,269.3,269.9,47467.0
2026-06-02 12:45:00,269.85,270.8,269.85,270.4,41765.0
2026-06-02 12:50:00,270.35,271.4,270.3,270.75,65381.0
2026-06-02 12:55:00,270.9,271.25,270.75,271.25,28188.0
2026-06-02 13:00:00,271.2,271.2,270.5,271.2,38345.0
2026-06-02 13:05:00,271.15,271.3,270.9,271.2,30702.0
2026-06-02 13:10:00,271.15,271.3,270.75,270.95,38111.0
2026-06-02 13:15:00,271.0,271.8,270.85,271.75,55667.0
2026-06-02 13:20:00,271.65,271.95,271.45,271.95,40822.0
2026-06-02 13:25:00,271.95,272.9,271.85,272.6,54338.0
2026-06-02 13:30:00,272.65,272.85,272.35,272.7,35721.0
2026-06-02 13:35:00,272.65,272.75,272.0,272.25,38133.0
2026-06-02 13:40:00,272.2,272.4,271.8,272.2,35140.0
2026-06-02 13:45:00,272.2,272.65,272.0,272.45,28960.0
2026-06-02 13:50:00,272.3,272.7,272.1,272.4,31224.0
2026-06-02 13:55:00,272.35,272.45,272.0,272.45,33331.0
2026-06-02 14:00:00,272.2,272.45,272.15,272.3,36362.0
2026-06-02 14:05:00,272.3,272.55,272.1,272.35,73558.0
2026-06-02 14:10:00,272.2,272.75,272.1,272.1,60238.0
2026-06-02 14:15:00,272.3,272.55,271.65,271.8,43877.0
2026-06-02 14:20:00,271.65,272.1,271.4,271.65,51602.0
2026-06-02 14:25:00,271.65,271.9,271.25,271.65,47725.0
2026-06-02 14:30:00,271.5,272.2,271.35,271.9,73009.0
2026-06-02 14:35:00,271.95,272.15,271.35,271.4,42124.0
2026-06-02 14:40:00,271.4,271.4,270.45,270.85,62476.0
2026-06-02 14:45:00,270.65,271.0,270.35,270.35,59236.0
2026-06-02 14:50:00,270.25,270.8,270.2,270.6,50342.0
2026-06-02 14:55:00,270.7,270.85,270.25,270.45,41542.0
2026-06-02 15:00:00,270.35,271.1,269.9,271.0,132520.0
2026-06-02 15:05:00,271.0,271.15,270.75,271.0,62581.0
2026-06-02 15:10:00,271.05,271.15,270.65,270.7,78486.0
2026-06-02 15:15:00,270.85,271.2,270.6,270.95,78086.0
2026-06-02 15:20:00,271.1,271.3,270.65,270.95,121172.0
2026-06-02 15:25:00,270.8,271.2,270.05,270.9,109127.0
2026-06-03 09:15:00,270.8,270.8,267.0,267.4,146877.0
2026-06-03 09:20:00,267.4,267.45,266.05,266.85,74986.0
2026-06-03 09:25:00,266.85,266.9,266.05,266.35,42345.0
2026-06-03 09:30:00,266.3,267.75,265.35,267.55,124342.0
2026-06-03 09:35:00,267.7,268.5,267.0,268.2,111285.0
2026-06-03 09:40:00,268.4,268.7,267.95,268.55,32588.0
2026-06-03 09:45:00,268.5,269.05,267.45,267.5,87843.0
2026-06-03 09:50:00,267.4,267.6,266.85,266.85,46305.0
2026-06-03 09:55:00,266.85,267.1,265.85,266.45,88683.0
2026-06-03 10:00:00,266.2,266.65,265.8,266.55,69793.0
2026-06-03 10:05:00,266.7,266.9,266.15,266.45,99741.0
2026-06-03 10:10:00,266.3,266.3,265.65,266.05,85676.0
2026-06-03 10:15:00,266.15,266.4,265.5,265.8,70162.0
2026-06-03 10:20:00,265.85,266.0,265.25,265.5,65615.0
2026-06-03 10:25:00,265.5,265.95,265.35,265.85,42493.0
2026-06-03 10:30:00,265.85,265.95,265.05,265.4,133010.0
2026-06-03 10:35:00,265.4,265.8,265.3,265.75,33420.0
2026-06-03 10:40:00,265.75,265.95,265.3,265.45,44414.0
2026-06-03 10:45:00,265.45,265.5,264.65,265.1,105606.0
2026-06-03 10:50:00,265.1,265.3,264.55,264.8,61179.0
2026-06-03 10:55:00,264.7,264.9,264.35,264.6,43177.0
2026-06-03 11:00:00,264.5,264.6,263.85,264.5,64820.0
2026-06-03 11:05:00,264.5,265.2,264.15,265.0,46022.0
2026-06-03 11:10:00,265.15,265.3,264.95,265.3,12368.0
2026-06-03 11:15:00,265.3,266.15,265.0,266.1,26895.0
2026-06-03 11:20:00,266.05,266.1,265.45,265.8,18961.0
2026-06-03 11:25:00,265.7,265.95,265.5,265.7,11680.0
2026-06-03 11:30:00,265.65,265.8,265.2,265.35,29613.0
2026-06-03 11:35:00,265.35,265.4,264.5,264.8,33971.0
2026-06-03 11:40:00,264.95,265.05,264.5,264.6,41076.0
2026-06-03 11:45:00,264.7,265.0,264.6,264.8,10666.0
2026-06-03 11:50:00,265.0,265.4,264.6,264.85,19242.0
2026-06-03 11:55:00,264.9,265.05,264.65,264.85,16222.0
2026-06-03 12:00:00,264.75,264.9,264.0,264.3,43891.0
2026-06-03 12:05:00,264.1,264.35,263.75,263.9,37430.0
2026-06-03 12:10:00,263.9,264.05,263.6,263.95,36780.0
2026-06-03 12:15:00,263.8,264.0,263.65,263.9,13836.0
2026-06-03 12:20:00,263.9,264.15,263.65,263.8,23189.0
2026-06-03 12:25:00,263.75,264.15,263.6,264.05,20619.0
2026-06-03 12:30:00,264.2,265.45,264.05,265.4,30342.0
2026-06-03 12:35:00,265.4,265.9,264.65,264.9,22087.0
2026-06-03 12:40:00,264.9,265.25,264.8,265.05,23070.0
2026-06-03 12:45:00,265.0,265.3,264.6,264.7,15061.0
2026-06-03 12:50:00,264.75,264.85,264.5,264.65,11804.0
2026-06-03 12:55:00,264.65,265.0,264.5,265.0,6375.0
2026-06-03 13:00:00,265.0,265.0,264.75,264.75,5501.0
2026-06-03 13:05:00,264.85,264.9,264.5,264.7,14207.0
2026-06-03 13:10:00,264.7,264.75,264.35,264.6,25421.0
2026-06-03 13:15:00,264.75,265.1,264.7,264.75,19833.0
2026-06-03 13:20:00,264.8,265.2,264.75,265.1,32041.0
2026-06-03 13:25:00,264.95,265.2,264.95,265.15,7155.0
2026-06-03 13:30:00,265.3,265.65,265.25,265.6,38793.0
2026-06-03 13:35:00,265.6,265.75,265.4,265.4,10547.0
2026-06-03 13:40:00,265.5,266.7,265.4,266.25,50260.0
2026-06-03 13:45:00,266.35,267.2,266.3,266.35,84732.0
2026-06-03 13:50:00,266.35,266.75,265.5,265.8,53015.0
2026-06-03 13:55:00,265.75,266.0,265.5,265.95,35929.0
2026-06-03 14:00:00,265.95,266.25,265.7,266.15,71442.0
2026-06-03 14:05:00,266.1,266.35,265.65,265.7,45497.0
2026-06-03 14:10:00,265.65,265.9,265.3,265.75,123400.0
2026-06-03 14:15:00,265.8,266.5,265.65,266.45,128983.0
2026-06-03 14:20:00,266.45,266.8,266.1,266.45,120286.0
2026-06-03 14:25:00,266.45,266.7,266.15,266.6,68552.0
2026-06-03 14:30:00,266.6,267.1,266.4,266.75,77239.0
2026-06-03 14:35:00,266.75,267.0,266.2,266.8,79425.0
2026-06-03 14:40:00,266.8,267.9,266.7,267.3,89145.0
2026-06-03 14:45:00,267.3,267.7,267.1,267.55,59136.0
2026-06-03 14:50:00,267.65,268.2,267.45,268.0,71079.0
2026-06-03 14:55:00,267.95,268.3,267.6,267.75,92537.0
2026-06-03 15:00:00,267.9,268.3,266.7,267.7,82478.0
2026-06-03 15:05:00,267.75,268.45,267.6,267.95,79694.0
2026-06-03 15:10:00,267.95,267.95,266.9,267.75,51311.0
2026-06-03 15:15:00,267.75,268.5,267.5,268.15,89502.0
2026-06-03 15:20:00,268.15,268.25,268.0,268.05,82384.0
2026-06-03 15:25:00,268.05,268.2,267.4,267.95,113354.0
2026-06-04 09:15:00,266.9,267.35,265.1,266.05,122721.0
2026-06-04 09:20:00,266.2,266.3,265.25,265.75,151927.0
2026-06-04 09:25:00,265.75,266.8,265.55,266.7,57466.0
2026-06-04 09:30:00,266.75,266.75,265.7,266.25,66780.0
2026-06-04 09:35:00,266.2,267.5,266.2,266.45,70601.0
2026-06-04 09:40:00,266.5,266.75,265.8,266.5,31992.0
2026-06-04 09:45:00,266.5,267.6,266.25,267.4,39834.0
2026-06-04 09:50:00,267.65,267.65,267.0,267.25,27417.0
2026-06-04 09:55:00,267.4,267.8,267.1,267.8,62658.0
2026-06-04 10:00:00,267.8,268.3,267.65,267.65,67327.0
2026-06-04 10:05:00,267.85,268.2,267.55,268.15,33930.0
2026-06-04 10:10:00,268.2,268.45,267.8,267.95,38085.0
2026-06-04 10:15:00,267.95,268.4,267.55,268.1,100582.0
2026-06-04 10:20:00,268.3,268.5,268.0,268.4,20044.0
2026-06-04 10:25:00,268.5,268.6,267.5,267.5,34819.0
2026-06-04 10:30:00,267.5,267.55,266.4,266.45,81454.0
2026-06-04 10:35:00,266.6,267.1,266.25,266.55,51474.0
2026-06-04 10:40:00,266.65,267.1,266.4,267.1,51442.0
2026-06-04 10:45:00,267.05,267.3,266.6,266.6,64813.0
2026-06-04 10:50:00,266.65,266.9,266.25,266.6,35258.0
2026-06-04 10:55:00,266.65,266.85,266.25,266.35,37062.0
2026-06-04 11:00:00,266.5,266.8,265.55,265.6,65207.0
2026-06-04 11:05:00,265.65,265.85,265.0,265.8,82624.0
2026-06-04 11:10:00,265.8,265.95,265.4,265.75,41609.0
2026-06-04 11:15:00,265.75,266.1,265.35,265.55,43607.0
2026-06-04 11:20:00,265.7,265.95,265.55,265.6,37863.0
2026-06-04 11:25:00,265.6,265.95,265.4,265.6,41647.0
2026-06-04 11:30:00,265.65,265.7,265.15,265.4,71478.0
2026-06-04 11:35:00,265.55,266.0,265.25,265.8,24469.0
2026-06-04 11:40:00,266.0,266.15,265.5,265.5,53719.0
2026-06-04 11:45:00,265.7,266.6,265.35,266.4,60765.0
2026-06-04 11:50:00,266.55,266.95,266.25,266.8,45994.0
2026-06-04 11:55:00,266.85,267.0,266.6,266.8,27851.0
2026-06-04 12:00:00,266.95,267.1,266.7,266.9,30727.0
2026-06-04 12:05:00,267.1,267.4,266.9,267.05,32114.0
2026-06-04 12:10:00,267.2,267.2,266.7,267.05,25147.0
2026-06-04 12:15:00,267.1,267.1,266.65,266.75,26652.0
2026-06-04 12:20:00,266.85,267.0,266.75,267.0,26796.0
2026-06-04 12:25:00,267.05,267.25,266.8,267.2,28311.0
2026-06-04 12:30:00,267.25,267.25,266.8,266.8,21863.0
2026-06-04 12:35:00,266.95,267.05,266.55,266.8,27225.0
2026-06-04 12:40:00,267.0,267.0,266.6,266.6,21507.0
2026-06-04 12:45:00,266.8,267.35,266.6,267.2,48192.0
2026-06-04 12:50:00,267.4,267.4,266.95,267.15,23859.0
2026-06-04 12:55:00,267.4,267.5,267.05,267.35,29976.0
2026-06-04 13:00:00,267.35,268.15,267.1,268.15,55232.0
2026-06-04 13:05:00,268.2,268.2,267.6,267.65,25688.0
2026-06-04 13:10:00,267.8,267.8,266.55,266.75,81296.0
2026-06-04 13:15:00,266.7,266.85,266.05,266.55,42851.0
2026-06-04 13:20:00,266.65,267.15,266.5,266.8,39383.0
2026-06-04 13:25:00,266.85,266.95,266.4,266.6,21438.0
2026-06-04 13:30:00,266.75,267.05,266.5,266.9,39727.0
2026-06-04 13:35:00,267.1,267.65,266.9,267.4,58710.0
2026-06-04 13:40:00,267.4,267.4,266.65,267.0,45659.0
2026-06-04 13:45:00,267.15,267.45,266.9,267.1,25061.0
2026-06-04 13:50:00,267.3,267.55,266.8,267.2,39455.0
2026-06-04 13:55:00,267.15,267.4,266.75,266.95,30537.0
2026-06-04 14:00:00,267.2,267.85,267.05,267.15,96595.0
2026-06-04 14:05:00,267.1,267.5,266.5,267.1,103418.0
2026-06-04 14:10:00,267.15,267.25,266.15,266.2,61155.0
2026-06-04 14:15:00,266.35,266.75,266.1,266.15,66269.0
2026-06-04 14:20:00,266.3,266.35,265.65,265.65,59719.0
2026-06-04 14:25:00,265.75,266.1,265.5,266.1,65745.0
2026-06-04 14:30:00,266.15,266.5,265.9,266.0,26801.0
2026-06-04 14:35:00,266.0,266.65,266.0,266.55,40736.0
2026-06-04 14:40:00,266.4,266.85,266.1,266.4,15295.0
2026-06-04 14:45:00,266.4,266.85,266.0,266.55,31859.0
2026-06-04 14:50:00,266.35,266.8,266.25,266.55,98569.0
2026-06-04 14:55:00,266.55,266.9,266.5,266.65,26753.0
2026-06-04 15:00:00,266.75,266.8,266.35,266.5,231034.0
2026-06-04 15:05:00,266.55,266.85,266.5,266.5,129114.0
2026-06-04 15:10:00,266.6,266.65,266.35,266.5,72467.0
2026-06-04 15:15:00,266.55,266.8,266.5,266.75,79734.0
2026-06-04 15:20:00,266.8,267.55,266.6,267.3,143030.0
2026-06-04 15:25:00,267.25,267.5,267.0,267.5,132910.0
2026-06-05 09:15:00,268.0,270.25,267.5,269.55,128155.0
2026-06-05 09:20:00,269.75,270.6,269.45,270.25,79673.0
2026-06-05 09:25:00,270.25,270.5,269.35,269.8,67847.0
2026-06-05 09:30:00,270.0,270.3,269.55,270.0,35727.0
2026-06-05 09:35:00,270.0,270.65,269.6,270.65,30288.0
2026-06-05 09:40:00,270.8,270.85,270.0,270.5,51662.0
2026-06-05 09:45:00,270.45,270.5,269.6,269.75,29999.0
2026-06-05 09:50:00,269.7,270.15,269.25,269.65,27449.0
2026-06-05 09:55:00,269.7,270.2,269.35,269.75,16832.0
2026-06-05 10:00:00,269.75,273.55,269.6,273.35,255692.0
2026-06-05 10:05:00,273.5,274.7,272.6,274.5,203581.0
2026-06-05 10:10:00,274.5,275.7,273.8,275.1,378093.0
2026-06-05 10:15:00,275.1,276.6,275.0,275.6,357510.0
2026-06-05 10:20:00,275.45,275.8,275.05,275.5,132039.0
2026-06-05 10:25:00,275.3,277.0,275.25,277.0,198224.0
2026-06-05 10:30:00,276.95,277.25,275.7,275.8,227443.0
2026-06-05 10:35:00,275.65,275.85,274.85,275.15,218988.0
2026-06-05 10:40:00,275.2,275.3,271.4,271.4,438674.0
2026-06-05 10:45:00,271.4,271.8,270.0,271.35,289752.0
2026-06-05 10:50:00,271.4,273.9,271.4,273.6,208377.0
2026-06-05 10:55:00,273.5,274.75,273.0,274.75,122334.0
2026-06-05 11:00:00,274.8,274.8,273.3,273.7,81071.0
2026-06-05 11:05:00,273.65,274.65,273.45,274.05,119611.0
2026-06-05 11:10:00,274.15,274.8,273.4,273.4,76200.0
2026-06-05 11:15:00,273.6,273.6,272.4,272.65,102209.0
2026-06-05 11:20:00,272.6,272.6,271.2,271.85,107083.0
2026-06-05 11:25:00,271.85,272.0,271.45,271.6,61974.0
2026-06-05 11:30:00,271.55,272.0,271.45,271.9,35056.0
2026-06-05 11:35:00,271.75,271.9,271.0,271.2,69092.0
2026-06-05 11:40:00,271.2,271.5,270.8,271.0,26798.0
2026-06-05 11:45:00,271.0,271.3,270.55,271.0,20284.0
2026-06-05 11:50:00,271.0,271.05,270.35,270.75,36932.0
2026-06-05 11:55:00,270.75,270.85,270.5,270.55,24562.0
2026-06-05 12:00:00,270.5,270.65,270.15,270.55,32846.0
2026-06-05 12:05:00,270.55,271.1,270.35,270.55,56623.0
2026-06-05 12:10:00,270.55,270.85,270.3,270.85,36343.0
2026-06-05 12:15:00,270.75,270.75,270.35,270.35,18871.0
2026-06-05 12:20:00,270.35,270.5,270.0,270.45,54430.0
2026-06-05 12:25:00,270.4,270.45,270.0,270.05,22821.0
2026-06-05 12:30:00,270.05,270.1,269.1,269.7,227379.0
2026-06-05 12:35:00,269.7,269.85,268.85,269.0,58582.0
2026-06-05 12:40:00,269.0,269.05,268.3,269.05,126166.0
2026-06-05 12:45:00,268.95,269.6,268.8,269.4,128320.0
2026-06-05 12:50:00,269.25,269.25,268.45,268.5,87910.0
2026-06-05 12:55:00,268.5,268.5,267.9,268.05,67800.0
2026-06-05 13:00:00,268.0,268.0,266.75,267.35,183810.0
2026-06-05 13:05:00,267.3,267.45,266.75,267.05,64351.0
2026-06-05 13:10:00,266.95,267.45,266.7,267.15,37982.0
2026-06-05 13:15:00,267.05,268.4,267.0,267.8,104169.0
2026-06-05 13:20:00,267.7,267.85,266.95,267.2,35068.0
2026-06-05 13:25:00,267.15,267.25,266.8,266.95,43722.0
2026-06-05 13:30:00,266.8,267.3,266.45,267.05,87796.0
2026-06-05 13:35:00,266.9,267.35,266.9,267.15,31099.0
2026-06-05 13:40:00,267.1,267.25,266.45,267.0,57692.0
2026-06-05 13:45:00,267.0,267.35,266.8,267.1,21612.0
2026-06-05 13:50:00,267.0,267.25,266.8,266.9,37903.0
2026-06-05 13:55:00,266.9,267.25,266.6,267.25,34767.0
2026-06-05 14:00:00,267.3,267.45,266.9,266.95,27333.0
2026-06-05 14:05:00,266.9,267.5,266.9,267.0,23113.0
2026-06-05 14:10:00,266.95,267.3,266.85,267.15,18669.0
2026-06-05 14:15:00,267.05,267.7,266.8,267.55,30365.0
2026-06-05 14:20:00,267.45,267.6,267.15,267.55,22211.0
2026-06-05 14:25:00,267.5,268.2,267.5,268.0,43539.0
2026-06-05 14:30:00,267.95,268.4,267.5,267.6,44198.0
2026-06-05 14:35:00,267.5,268.35,267.45,268.35,105539.0
2026-06-05 14:40:00,268.25,269.85,268.05,269.85,164351.0
2026-06-05 14:45:00,269.8,270.1,268.4,268.85,176918.0
2026-06-05 14:50:00,268.7,269.5,268.7,269.45,195596.0
2026-06-05 14:55:00,269.35,269.5,268.8,269.15,148952.0
2026-06-05 15:00:00,269.1,269.1,268.4,268.75,178327.0
2026-06-05 15:05:00,268.75,268.95,268.45,268.8,127650.0
2026-06-05 15:10:00,268.8,268.9,268.5,268.65,188992.0
2026-06-05 15:15:00,268.5,269.15,268.45,268.75,122857.0
2026-06-05 15:20:00,268.75,268.8,268.05,268.4,120700.0
2026-06-05 15:25:00,268.3,268.85,268.0,268.8,129560.0
2026-06-08 09:15:00,264.1,265.45,261.4,263.4,311805.0
2026-06-08 09:20:00,263.4,263.5,261.9,262.6,160874.0
2026-06-08 09:25:00,262.5,263.85,262.15,263.65,78521.0
2026-06-08 09:30:00,263.7,263.75,262.35,262.65,135054.0
2026-06-08 09:35:00,262.95,262.95,260.7,261.15,161759.0
2026-06-08 09:40:00,261.15,261.8,259.8,261.65,197599.0
2026-06-08 09:45:00,261.9,262.65,261.45,261.55,79637.0
2026-06-08 09:50:00,261.55,261.55,260.35,260.85,156795.0
2026-06-08 09:55:00,261.0,262.45,261.0,262.25,133252.0
2026-06-08 10:00:00,262.3,262.85,261.95,262.0,66573.0
2026-06-08 10:05:00,262.15,262.4,261.3,262.15,103327.0
2026-06-08 10:10:00,262.1,262.45,261.95,262.1,67538.0
2026-06-08 10:15:00,262.05,262.4,261.7,262.4,29335.0
2026-06-08 10:20:00,262.4,262.6,262.0,262.25,30164.0
2026-06-08 10:25:00,262.25,262.3,261.6,261.8,21764.0
2026-06-08 10:30:00,261.85,262.85,261.85,262.8,25892.0
2026-06-08 10:35:00,262.9,263.2,262.7,263.1,35101.0
2026-06-08 10:40:00,263.2,263.2,262.65,262.8,27082.0
2026-06-08 10:45:00,262.8,262.9,262.2,262.85,24057.0
2026-06-08 10:50:00,262.85,263.2,262.7,263.0,9791.0
2026-06-08 10:55:00,263.0,263.4,262.8,263.3,25117.0
2026-06-08 11:00:00,263.2,263.35,263.0,263.0,6904.0
2026-06-08 11:05:00,263.1,263.1,262.6,262.85,8757.0
2026-06-08 11:10:00,262.85,262.9,262.45,262.5,17008.0
2026-06-08 11:15:00,262.5,262.8,262.4,262.6,14140.0
2026-06-08 11:20:00,262.6,262.75,262.05,262.15,32514.0
2026-06-08 11:25:00,262.15,262.6,262.05,262.45,51128.0
2026-06-08 11:30:00,262.45,262.85,262.25,262.65,26177.0
2026-06-08 11:35:00,262.6,262.95,262.45,262.8,22411.0
2026-06-08 11:40:00,262.8,263.0,262.65,262.9,9758.0
2026-06-08 11:45:00,262.8,263.0,262.65,263.0,9070.0
2026-06-08 11:50:00,263.0,263.0,262.7,262.75,7270.0
2026-06-08 11:55:00,262.8,263.3,262.7,263.15,26165.0
2026-06-08 12:00:00,263.1,263.35,263.0,263.3,10980.0
2026-06-08 12:05:00,263.25,263.45,262.95,263.05,15896.0
2026-06-08 12:10:00,263.05,263.25,262.85,262.9,17434.0
2026-06-08 12:15:00,262.9,263.0,262.7,262.95,24298.0
2026-06-08 12:20:00,262.95,262.95,262.75,262.9,3129.0
2026-06-08 12:25:00,262.9,262.9,262.5,262.65,5053.0
2026-06-08 12:30:00,262.65,262.85,262.5,262.85,11088.0
2026-06-08 12:35:00,262.8,263.1,262.7,262.95,25288.0
2026-06-08 12:40:00,262.95,263.2,262.95,263.2,10481.0
2026-06-08 12:45:00,263.1,264.2,263.0,264.05,151618.0
2026-06-08 12:50:00,264.05,264.15,263.85,264.0,52658.0
2026-06-08 12:55:00,264.0,264.05,262.6,262.65,68767.0
2026-06-08 13:00:00,262.6,262.85,262.35,262.4,48061.0
2026-06-08 13:05:00,262.35,262.65,262.15,262.55,282250.0
2026-06-08 13:10:00,262.5,263.0,262.4,262.8,31536.0
2026-06-08 13:15:00,262.75,263.05,262.6,262.7,17494.0
2026-06-08 13:20:00,262.65,262.75,262.0,262.25,23854.0
2026-06-08 13:25:00,262.25,262.6,261.8,262.6,80104.0
2026-06-08 13:30:00,262.45,262.55,262.0,262.2,24277.0
2026-06-08 13:35:00,262.1,262.3,261.95,262.15,24433.0
2026-06-08 13:40:00,262.15,262.2,261.95,262.05,20061.0
2026-06-08 13:45:00,262.0,262.25,261.95,262.05,50658.0
2026-06-08 13:50:00,262.05,262.15,261.95,262.0,18657.0
2026-06-08 13:55:00,262.0,262.25,262.0,262.15,23164.0
2026-06-08 14:00:00,262.2,262.6,262.2,262.4,29257.0
2026-06-08 14:05:00,262.4,262.6,262.15,262.4,19914.0
2026-06-08 14:10:00,262.35,262.4,262.0,262.15,11493.0
2026-06-08 14:15:00,262.0,262.2,261.85,262.1,61752.0
2026-06-08 14:20:00,262.0,262.15,261.9,262.0,61062.0
2026-06-08 14:25:00,262.0,262.2,261.9,262.1,94699.0
2026-06-08 14:30:00,262.0,262.15,262.0,262.05,43639.0
2026-06-08 14:35:00,262.0,262.15,262.0,262.05,41979.0
2026-06-08 14:40:00,262.0,262.45,261.95,262.45,47171.0
2026-06-08 14:45:00,262.3,262.5,262.1,262.2,20804.0
2026-06-08 14:50:00,262.15,262.25,261.85,262.1,57863.0
2026-06-08 14:55:00,262.05,262.15,261.45,262.0,277261.0
2026-06-08 15:00:00,262.05,262.05,261.45,261.75,354876.0
2026-06-08 15:05:00,261.7,262.2,261.5,262.05,333193.0
2026-06-08 15:10:00,262.05,262.3,262.0,262.1,174817.0
2026-06-08 15:15:00,262.15,262.65,261.9,262.1,213630.0
2026-06-08 15:20:00,262.25,262.4,261.1,262.0,802802.0
2026-06-08 15:25:00,261.9,262.1,260.15,260.45,899396.0
2026-06-09 09:15:00,262.95,265.0,262.35,264.85,153661.0
2026-06-09 09:20:00,265.25,265.9,264.1,265.1,80108.0
2026-06-09 09:25:00,265.25,265.5,264.8,265.1,48441.0
2026-06-09 09:30:00,265.2,265.3,264.45,264.55,69792.0
2026-06-09 09:35:00,264.4,264.6,263.6,263.85,38760.0
2026-06-09 09:40:00,263.8,264.3,263.35,264.0,80139.0
2026-06-09 09:45:00,264.1,264.75,263.7,263.9,32714.0
2026-06-09 09:50:00,263.9,265.3,263.9,265.15,20728.0
2026-06-09 09:55:00,265.15,265.15,264.5,264.9,21309.0
2026-06-09 10:00:00,264.9,265.15,263.9,264.0,25857.0
2026-06-09 10:05:00,263.65,264.5,263.65,264.4,25395.0
2026-06-09 10:10:00,264.4,264.65,264.15,264.4,21595.0
2026-06-09 10:15:00,264.15,264.4,264.05,264.2,18616.0
2026-06-09 10:20:00,264.2,264.8,263.8,264.65,32293.0
2026-06-09 10:25:00,264.8,265.1,264.55,264.9,16912.0
2026-06-09 10:30:00,264.85,264.9,264.2,264.45,15881.0
2026-06-09 10:35:00,264.5,264.5,264.0,264.2,18186.0
2026-06-09 10:40:00,264.1,264.85,263.5,264.15,295679.0
2026-06-09 10:45:00,264.3,264.75,263.4,263.5,48172.0
2026-06-09 10:50:00,262.8,263.5,261.95,263.5,219646.0
2026-06-09 10:55:00,263.5,263.75,263.1,263.65,17430.0
2026-06-09 11:00:00,263.75,264.0,263.55,264.0,8062.0
2026-06-09 11:05:00,263.9,264.25,263.9,264.2,22426.0
2026-06-09 11:10:00,264.2,264.3,263.75,263.9,10819.0
2026-06-09 11:15:00,263.9,263.9,263.45,263.75,6927.0
2026-06-09 11:20:00,263.75,263.85,262.7,262.8,46490.0
2026-06-09 11:25:00,262.8,263.2,262.55,263.05,23024.0
2026-06-09 11:30:00,262.95,263.1,262.25,262.6,33699.0
2026-06-09 11:35:00,262.65,262.95,262.5,262.8,16560.0
2026-06-09 11:40:00,262.8,263.0,262.7,262.9,7719.0
2026-06-09 11:45:00,262.9,263.8,262.8,263.3,35977.0
2026-06-09 11:50:00,263.45,263.75,263.3,263.4,10764.0
2026-06-09 11:55:00,263.3,263.95,263.3,263.95,16259.0
2026-06-09 12:00:00,263.9,264.5,263.9,264.25,21002.0
2026-06-09 12:05:00,264.25,264.4,263.8,263.95,39939.0
2026-06-09 12:10:00,263.75,264.0,262.55,262.95,51809.0
2026-06-09 12:15:00,262.95,263.6,262.95,263.35,25242.0
2026-06-09 12:20:00,263.3,263.6,263.15,263.2,32526.0
2026-06-09 12:25:00,263.2,263.6,263.2,263.55,1939.0
2026-06-09 12:30:00,263.5,263.8,263.45,263.65,11872.0
2026-06-09 12:35:00,263.65,263.9,263.25,263.25,66971.0
2026-06-09 12:40:00,263.25,263.65,263.05,263.4,20223.0
2026-06-09 12:45:00,263.4,263.65,263.1,263.2,17285.0
2026-06-09 12:50:00,263.2,263.25,262.5,262.65,36217.0
2026-06-09 12:55:00,262.6,262.6,262.0,262.05,77833.0
2026-06-09 13:00:00,262.05,262.45,262.0,262.4,19121.0
2026-06-09 13:05:00,262.4,262.7,262.35,262.65,18149.0
2026-06-09 13:10:00,262.65,263.25,262.55,263.0,12074.0
2026-06-09 13:15:00,262.95,263.15,262.8,262.8,7283.0
2026-06-09 13:20:00,262.8,262.95,262.7,262.75,12683.0
2026-06-09 13:25:00,262.75,262.9,262.5,262.5,9534.0
2026-06-09 13:30:00,262.8,262.8,262.2,262.4,28710.0
2026-06-09 13:35:00,262.4,263.45,262.4,263.45,72502.0
2026-06-09 13:40:00,263.35,263.5,263.15,263.15,19124.0
2026-06-09 13:45:00,263.25,263.4,263.05,263.05,11539.0
2026-06-09 13:50:00,263.05,263.85,262.75,263.7,183135.0
2026-06-09 13:55:00,263.85,263.85,263.0,263.4,33395.0
2026-06-09 14:00:00,263.35,263.5,263.0,263.15,24802.0
2026-06-09 14:05:00,263.15,263.9,263.15,263.8,23060.0
2026-06-09 14:10:00,263.8,264.05,263.7,263.75,22788.0
2026-06-09 14:15:00,263.75,263.95,263.65,263.85,12437.0
2026-06-09 14:20:00,263.85,263.95,263.4,263.45,9073.0
2026-06-09 14:25:00,263.4,264.0,263.4,263.95,24467.0
2026-06-09 14:30:00,263.95,263.95,263.35,263.8,46130.0
2026-06-09 14:35:00,263.65,264.45,263.6,264.35,24221.0
2026-06-09 14:40:00,264.35,264.9,264.15,264.55,76877.0
2026-06-09 14:45:00,264.5,264.6,264.0,264.15,126909.0
2026-06-09 14:50:00,264.15,264.6,264.0,264.4,48387.0
2026-06-09 14:55:00,264.4,265.0,264.4,264.9,69635.0
2026-06-09 15:00:00,265.05,265.2,264.15,265.2,195186.0
2026-06-09 15:05:00,265.15,266.1,265.15,265.6,107545.0
2026-06-09 15:10:00,265.6,265.85,265.25,265.85,70436.0
2026-06-09 15:15:00,265.75,265.95,265.55,265.75,89094.0
2026-06-09 15:20:00,265.7,266.4,265.65,266.4,165171.0
2026-06-09 15:25:00,266.4,266.6,266.0,266.25,65266.0
2026-06-10 09:15:00,266.0,267.35,264.2,266.15,196536.0
2026-06-10 09:20:00,266.25,267.35,265.7,267.2,73198.0
2026-06-10 09:25:00,267.2,268.0,266.4,266.8,79185.0
2026-06-10 09:30:00,266.8,267.9,266.7,267.35,63921.0
2026-06-10 09:35:00,267.15,267.4,266.3,266.75,48049.0
2026-06-10 09:40:00,266.65,266.8,266.0,266.3,32317.0
2026-06-10 09:45:00,266.3,267.0,266.15,266.7,12172.0
2026-06-10 09:50:00,266.6,266.8,266.15,266.35,35031.0
2026-06-10 09:55:00,266.3,266.5,265.6,265.7,17254.0
2026-06-10 10:00:00,265.8,266.15,265.45,265.75,22020.0
2026-06-10 10:05:00,265.75,266.45,265.65,266.2,38148.0
2026-06-10 10:10:00,266.0,266.15,265.3,265.4,11933.0
2026-06-10 10:15:00,265.35,265.75,265.1,265.75,23129.0
2026-06-10 10:20:00,265.7,266.0,265.5,265.75,11059.0
2026-06-10 10:25:00,265.65,265.85,265.2,265.85,17104.0
2026-06-10 10:30:00,265.8,266.45,265.7,266.45,15146.0
2026-06-10 10:35:00,266.5,266.7,266.25,266.3,12243.0
2026-06-10 10:40:00,266.35,266.9,266.35,266.6,12846.0
2026-06-10 10:45:00,266.6,266.7,265.9,266.3,12991.0
2026-06-10 10:50:00,266.2,266.7,266.15,266.5,15037.0
2026-06-10 10:55:00,266.45,266.95,266.3,266.75,22775.0
2026-06-10 11:00:00,266.9,267.0,266.2,266.95,15971.0
2026-06-10 11:05:00,266.9,266.9,266.35,266.85,8914.0
2026-06-10 11:10:00,266.9,267.2,266.8,266.8,14833.0
2026-06-10 11:15:00,266.8,267.1,266.35,266.6,22390.0
2026-06-10 11:20:00,266.4,266.8,266.25,266.55,8317.0
2026-06-10 11:25:00,266.75,266.85,266.55,266.8,5580.0
2026-06-10 11:30:00,266.75,266.8,266.35,266.7,7768.0
2026-06-10 11:35:00,266.6,266.7,266.2,266.7,6208.0
2026-06-10 11:40:00,266.55,266.7,266.5,266.7,5997.0
2026-06-10 11:45:00,266.65,266.8,266.5,266.65,5544.0
2026-06-10 11:50:00,266.7,267.2,266.55,266.7,15408.0
2026-06-10 11:55:00,266.75,267.15,266.75,267.15,13277.0
2026-06-10 12:00:00,267.15,267.15,266.25,266.4,8514.0
2026-06-10 12:05:00,266.3,266.7,265.9,266.55,8406.0
2026-06-10 12:10:00,266.5,266.85,266.3,266.75,7260.0
2026-06-10 12:15:00,266.75,267.0,266.5,267.0,33384.0
2026-06-10 12:20:00,267.0,267.15,266.55,266.55,9345.0
2026-06-10 12:25:00,266.65,266.8,266.15,266.4,19250.0
2026-06-10 12:30:00,266.1,266.5,266.05,266.4,9482.0
2026-06-10 12:35:00,266.4,266.4,266.05,266.05,3064.0
2026-06-10 12:40:00,266.15,266.15,265.5,265.7,11351.0
2026-06-10 12:45:00,265.7,266.0,265.45,265.7,20704.0
2026-06-10 12:50:00,265.7,266.0,265.55,266.0,19310.0
2026-06-10 12:55:00,265.85,265.95,265.45,265.8,13013.0
2026-06-10 13:00:00,265.85,266.6,265.8,266.6,7339.0
2026-06-10 13:05:00,266.6,266.65,266.05,266.3,14290.0
2026-06-10 13:10:00,266.3,266.55,265.95,266.3,12258.0
2026-06-10 13:15:00,266.25,266.4,266.0,266.0,8717.0
2026-06-10 13:20:00,265.95,266.2,265.65,265.65,8137.0
2026-06-10 13:25:00,265.65,266.1,264.35,264.75,101746.0
2026-06-10 13:30:00,264.8,264.9,264.35,264.5,22819.0
2026-06-10 13:35:00,264.55,264.55,264.25,264.5,24240.0
2026-06-10 13:40:00,264.5,264.9,264.15,264.4,17105.0
2026-06-10 13:45:00,264.35,264.6,264.2,264.4,15977.0
2026-06-10 13:50:00,264.4,264.4,263.55,263.9,32877.0
2026-06-10 13:55:00,263.95,264.0,263.75,263.9,13866.0
2026-06-10 14:00:00,263.95,264.5,263.3,263.9,111876.0
2026-06-10 14:05:00,263.75,264.0,263.35,263.55,8696.0
2026-06-10 14:10:00,263.45,263.65,263.0,263.15,23430.0
2026-06-10 14:15:00,263.1,263.45,262.65,262.95,29793.0
2026-06-10 14:20:00,262.85,263.0,262.85,263.0,63740.0
2026-06-10 14:25:00,263.0,263.0,262.6,262.9,28646.0
2026-06-10 14:30:00,263.0,263.0,262.65,262.75,23151.0
2026-06-10 14:35:00,262.9,262.95,262.15,262.25,36130.0
2026-06-10 14:40:00,262.2,262.45,261.7,261.95,34988.0
2026-06-10 14:45:00,261.8,262.0,261.4,261.5,47528.0
2026-06-10 14:50:00,261.4,261.5,260.0,261.3,534788.0
2026-06-10 14:55:00,261.35,261.7,261.05,261.65,43898.0
2026-06-10 15:00:00,261.55,261.65,261.05,261.3,62135.0
2026-06-10 15:05:00,261.3,261.35,260.55,260.95,41513.0
2026-06-10 15:10:00,261.05,261.05,259.65,259.9,62976.0
2026-06-10 15:15:00,259.9,260.25,259.2,260.2,111945.0
2026-06-10 15:20:00,260.05,260.45,259.65,260.45,81307.0
2026-06-10 15:25:00,260.45,261.0,260.05,260.95,158267.0
2026-06-11 09:15:00,260.0,260.2,257.9,259.6,147201.0
2026-06-11 09:20:00,259.45,260.7,259.15,259.25,110670.0
2026-06-11 09:25:00,259.0,259.0,258.3,258.5,62962.0
2026-06-11 09:30:00,258.5,258.8,258.0,258.5,47457.0
2026-06-11 09:35:00,258.5,259.2,258.2,259.1,48978.0
2026-06-11 09:40:00,259.15,259.6,258.5,259.6,27204.0
2026-06-11 09:45:00,259.45,259.6,259.05,259.4,15400.0
2026-06-11 09:50:00,259.4,260.15,259.15,259.75,42392.0
2026-06-11 09:55:00,259.85,259.85,259.15,259.15,17214.0
2026-06-11 10:00:00,259.45,259.6,259.05,259.25,25832.0
2026-06-11 10:05:00,259.15,260.75,259.1,260.5,41938.0
2026-06-11 10:10:00,260.5,260.55,259.15,259.3,11886.0
2026-06-11 10:15:00,259.3,260.05,259.25,260.0,12338.0
2026-06-11 10:20:00,260.0,260.25,259.65,259.9,16873.0
2026-06-11 10:25:00,259.75,259.95,259.55,259.55,12437.0
2026-06-11 10:30:00,259.55,259.7,258.8,258.9,20221.0
2026-06-11 10:35:00,258.9,259.15,258.3,259.15,26477.0
2026-06-11 10:40:00,258.8,259.35,258.75,259.3,6955.0
2026-06-11 10:45:00,259.15,259.3,258.85,258.85,20875.0
2026-06-11 10:50:00,258.85,258.85,258.25,258.25,23343.0
2026-06-11 10:55:00,258.2,258.85,257.9,258.15,55890.0
2026-06-11 11:00:00,258.1,258.2,257.5,257.95,23632.0
2026-06-11 11:05:00,257.75,258.35,257.6,257.7,16977.0
2026-06-11 11:10:00,257.55,257.7,256.7,256.7,35211.0
2026-06-11 11:15:00,256.8,257.2,256.3,256.75,26064.0
2026-06-11 11:20:00,257.0,257.95,257.0,257.3,15854.0
2026-06-11 11:25:00,257.45,258.0,257.3,258.0,11019.0
2026-06-11 11:30:00,258.05,258.35,257.6,257.6,24482.0
2026-06-11 11:35:00,257.5,257.9,257.25,257.9,19844.0
2026-06-11 11:40:00,257.75,258.25,257.7,258.05,10982.0
2026-06-11 11:45:00,258.05,258.55,257.9,258.3,32439.0
2026-06-11 11:50:00,258.35,259.05,258.15,259.05,41566.0
2026-06-11 11:55:00,259.1,259.2,258.65,258.8,42696.0
2026-06-11 12:00:00,258.85,259.0,258.55,258.8,35467.0
2026-06-11 12:05:00,258.9,258.95,258.3,258.35,21943.0
2026-06-11 12:10:00,258.3,258.35,257.6,258.1,21467.0
2026-06-11 12:15:00,258.1,258.6,258.1,258.1,9911.0
2026-06-11 12:20:00,258.25,258.25,257.75,257.85,12313.0
2026-06-11 12:25:00,258.0,258.8,257.95,258.75,30610.0
2026-06-11 12:30:00,258.8,259.2,258.7,259.2,23079.0
2026-06-11 12:35:00,259.3,259.5,258.2,258.85,36954.0
2026-06-11 12:40:00,258.7,258.9,258.2,258.35,16062.0
2026-06-11 12:45:00,258.35,258.35,257.65,257.8,5077.0
2026-06-11 12:50:00,257.8,258.0,257.7,257.75,10689.0
2026-06-11 12:55:00,257.9,258.25,257.7,258.2,8567.0
2026-06-11 13:00:00,258.15,258.4,258.0,258.15,8803.0
2026-06-11 13:05:00,258.15,258.15,257.5,257.5,8678.0
2026-06-11 13:10:00,257.25,257.5,257.0,257.1,14746.0
2026-06-11 13:15:00,257.1,257.2,256.9,256.95,21944.0
2026-06-11 13:20:00,257.0,257.15,256.5,257.0,20850.0
2026-06-11 13:25:00,257.0,257.05,256.6,256.95,6361.0
2026-06-11 13:30:00,256.85,257.2,256.75,256.9,8385.0
2026-06-11 13:35:00,256.85,257.15,256.6,256.7,11610.0
2026-06-11 13:40:00,256.65,256.75,256.4,256.7,14166.0
2026-06-11 13:45:00,256.75,257.25,256.7,257.05,8158.0
2026-06-11 13:50:00,256.9,257.4,256.9,257.4,8325.0
2026-06-11 13:55:00,257.4,257.5,257.25,257.3,4230.0
2026-06-11 14:00:00,257.3,257.7,257.25,257.7,32643.0
2026-06-11 14:05:00,257.7,257.7,257.2,257.3,7203.0
2026-06-11 14:10:00,257.3,257.85,257.2,257.65,10337.0
2026-06-11 14:15:00,257.55,257.65,257.4,257.6,8167.0
2026-06-11 14:20:00,257.65,258.45,257.65,257.9,29423.0
2026-06-11 14:25:00,257.9,258.65,257.7,258.3,30772.0
2026-06-11 14:30:00,258.25,258.6,258.0,258.35,27861.0
2026-06-11 14:35:00,258.4,258.6,257.8,257.95,20155.0
2026-06-11 14:40:00,257.95,258.05,257.55,257.8,27526.0
2026-06-11 14:45:00,257.9,257.95,256.75,257.5,92590.0
2026-06-11 14:50:00,257.35,257.35,257.0,257.25,25818.0
2026-06-11 14:55:00,257.15,257.3,256.85,257.2,13364.0
2026-06-11 15:00:00,257.2,257.6,256.35,256.5,75594.0
2026-06-11 15:05:00,256.5,256.6,256.1,256.3,52421.0
2026-06-11 15:10:00,256.3,257.3,256.2,257.05,85692.0
2026-06-11 15:15:00,257.25,257.5,256.75,257.25,81931.0
2026-06-11 15:20:00,257.1,257.35,256.6,257.2,75369.0
2026-06-11 15:25:00,257.15,258.0,256.8,257.6,111097.0
2026-06-12 09:15:00,263.0,266.4,262.95,265.25,276243.0
2026-06-12 09:20:00,265.5,265.7,264.1,264.45,63562.0
2026-06-12 09:25:00,264.45,264.7,264.0,264.05,34896.0
2026-06-12 09:30:00,264.0,265.2,264.0,264.75,49247.0
2026-06-12 09:35:00,264.85,264.85,264.05,264.15,26477.0
2026-06-12 09:40:00,264.15,264.2,263.4,263.75,45442.0
2026-06-12 09:45:00,263.75,264.7,263.6,264.7,37341.0
2026-06-12 09:50:00,264.6,265.55,264.2,264.45,49043.0
2026-06-12 09:55:00,264.45,264.75,263.5,264.0,84191.0
2026-06-12 10:00:00,263.95,264.3,263.8,264.3,16847.0
2026-06-12 10:05:00,264.3,264.85,264.1,264.3,11730.0
2026-06-12 10:10:00,264.35,264.5,264.0,264.25,29591.0
2026-06-12 10:15:00,264.35,264.6,264.0,264.2,6771.0
2026-06-12 10:20:00,264.2,264.8,264.0,264.7,11858.0
2026-06-12 10:25:00,264.7,265.2,264.35,264.95,16706.0
2026-06-12 10:30:00,264.95,265.1,264.6,264.75,6222.0
2026-06-12 10:35:00,264.7,264.85,264.45,264.65,5445.0
2026-06-12 10:40:00,264.65,264.65,264.3,264.4,4668.0
2026-06-12 10:45:00,264.4,266.25,264.1,266.25,73807.0
2026-06-12 10:50:00,266.2,267.2,265.95,267.0,112765.0
2026-06-12 10:55:00,267.0,267.5,266.85,267.05,67911.0
2026-06-12 11:00:00,267.0,267.55,266.6,267.5,59081.0
2026-06-12 11:05:00,267.5,267.6,267.15,267.5,82148.0
2026-06-12 11:10:00,267.6,268.0,267.3,267.5,108742.0
2026-06-12 11:15:00,267.4,267.6,267.1,267.35,61284.0
2026-06-12 11:20:00,267.3,267.5,267.0,267.25,73408.0
2026-06-12 11:25:00,267.25,267.4,265.95,266.25,121255.0
2026-06-12 11:30:00,266.2,267.25,265.75,267.1,261926.0
2026-06-12 11:35:00,267.15,267.6,267.0,267.4,82350.0
2026-06-12 11:40:00,267.4,268.4,267.3,268.25,98778.0
2026-06-12 11:45:00,268.25,269.5,268.25,269.0,166974.0
2026-06-12 11:50:00,269.0,269.8,269.0,269.55,184850.0
2026-06-12 11:55:00,269.6,269.9,269.15,269.5,162333.0
2026-06-12 12:00:00,269.4,270.4,269.3,270.35,167947.0
2026-06-12 12:05:00,270.35,270.5,270.0,270.1,121395.0
2026-06-12 12:10:00,270.25,270.3,269.55,269.85,122104.0
2026-06-12 12:15:00,269.85,269.9,268.85,269.3,150973.0
2026-06-12 12:20:00,269.3,269.8,269.05,269.6,82639.0
2026-06-12 12:25:00,269.6,269.85,269.15,269.7,97661.0
2026-06-12 12:30:00,269.7,269.8,268.3,268.45,150800.0
2026-06-12 12:35:00,268.55,268.8,267.6,268.55,169659.0
2026-06-12 12:40:00,268.6,268.65,267.95,268.55,88006.0
2026-06-12 12:45:00,268.35,269.0,268.15,268.55,84125.0
2026-06-12 12:50:00,268.55,269.15,268.4,269.1,90547.0
2026-06-12 12:55:00,269.05,269.15,268.6,269.05,75668.0
2026-06-12 13:00:00,269.0,269.3,268.7,269.25,78124.0
2026-06-12 13:05:00,269.25,269.55,269.05,269.5,84034.0
2026-06-12 13:10:00,269.55,269.7,269.0,269.4,73574.0
2026-06-12 13:15:00,269.35,269.75,269.1,269.7,92885.0
2026-06-12 13:20:00,269.7,269.9,269.35,269.85,69816.0
2026-06-12 13:25:00,269.8,270.8,269.6,270.45,144260.0
2026-06-12 13:30:00,270.3,271.9,270.25,271.65,135679.0
2026-06-12 13:35:00,271.65,272.6,271.4,272.45,131139.0
2026-06-12 13:40:00,272.45,273.35,272.15,272.5,174885.0
2026-06-12 13:45:00,272.5,272.75,272.0,272.7,111436.0
2026-06-12 13:50:00,272.65,274.0,272.25,273.3,216423.0
2026-06-12 13:55:00,273.15,273.45,272.9,273.35,92758.0
2026-06-12 14:00:00,273.3,273.5,272.3,272.6,88702.0
2026-06-12 14:05:00,272.6,272.8,272.3,272.65,75437.0
2026-06-12 14:10:00,272.65,273.3,272.3,273.0,54357.0
2026-06-12 14:15:00,272.95,273.75,272.95,273.7,66216.0
2026-06-12 14:20:00,273.7,274.0,273.6,273.9,60430.0
2026-06-12 14:25:00,273.9,274.4,273.55,274.25,79028.0
2026-06-12 14:30:00,274.25,274.45,273.85,274.1,94915.0
2026-06-12 14:35:00,274.15,274.3,273.9,274.3,46152.0
2026-06-12 14:40:00,274.3,274.9,274.25,274.6,111617.0
2026-06-12 14:45:00,274.6,274.8,274.45,274.7,73784.0
2026-06-12 14:50:00,274.7,274.95,274.6,274.8,75610.0
2026-06-12 14:55:00,275.0,275.25,274.6,274.6,96693.0
2026-06-12 15:00:00,274.75,275.75,274.3,275.7,128768.0
2026-06-12 15:05:00,275.75,276.45,275.65,275.9,235203.0
2026-06-12 15:10:00,275.95,276.8,275.3,276.65,142183.0
2026-06-12 15:15:00,276.65,277.0,276.0,276.05,239502.0
2026-06-12 15:20:00,276.25,276.25,275.65,275.85,216336.0
2026-06-12 15:25:00,275.6,275.9,275.15,275.75,146147.0
2026-06-15 09:15:00,282.9,295.05,282.35,294.2,2410134.0
2026-06-15 09:20:00,294.1,297.3,292.65,292.9,1838957.0
2026-06-15 09:25:00,292.9,294.15,292.6,293.35,401496.0
2026-06-15 09:30:00,293.35,293.4,291.1,291.3,436018.0
2026-06-15 09:35:00,291.15,291.15,290.0,290.7,414490.0
2026-06-15 09:40:00,290.8,293.75,290.55,293.1,455885.0
2026-06-15 09:45:00,293.1,293.9,293.05,293.35,248840.0
2026-06-15 09:50:00,293.4,293.45,292.35,292.65,254155.0
2026-06-15 09:55:00,292.65,294.45,292.2,293.0,296216.0
2026-06-15 10:00:00,293.15,293.7,292.9,293.5,145045.0
2026-06-15 10:05:00,293.6,293.7,293.0,293.1,139801.0
2026-06-15 10:10:00,293.2,293.35,292.3,292.7,201398.0
2026-06-15 10:15:00,292.7,293.5,292.4,293.1,117454.0
2026-06-15 10:20:00,293.2,293.4,292.4,292.9,88871.0
2026-06-15 10:25:00,292.7,293.25,292.7,293.15,74606.0
2026-06-15 10:30:00,293.0,293.95,292.9,293.4,230709.0
2026-06-15 10:35:00,293.25,294.6,293.2,294.35,274946.0
2026-06-15 10:40:00,294.35,295.45,294.0,294.3,321924.0
2026-06-15 10:45:00,294.45,294.75,293.9,294.1,136339.0
2026-06-15 10:50:00,294.25,294.95,294.05,294.5,114361.0
2026-06-15 10:55:00,294.4,294.55,293.4,293.65,134413.0
2026-06-15 11:00:00,293.65,294.0,293.25,293.75,79838.0
2026-06-15 11:05:00,293.75,294.05,293.55,293.9,41840.0
2026-06-15 11:10:00,293.8,294.15,293.0,293.25,109621.0
2026-06-15 11:15:00,293.1,294.4,293.0,294.1,80397.0
2026-06-15 11:20:00,294.0,294.15,293.0,293.6,93461.0
2026-06-15 11:25:00,293.4,294.15,293.4,294.0,64088.0
2026-06-15 11:30:00,294.0,294.35,294.0,294.2,57409.0
2026-06-15 11:35:00,294.2,294.3,294.0,294.15,26419.0
2026-06-15 11:40:00,294.15,295.2,294.1,294.7,124280.0
2026-06-15 11:45:00,294.5,294.9,294.2,294.8,36861.0
2026-06-15 11:50:00,294.65,295.2,294.55,295.0,112618.0
2026-06-15 11:55:00,295.0,295.25,294.7,295.25,60539.0
2026-06-15 12:00:00,295.2,295.3,294.4,294.6,132588.0
2026-06-15 12:05:00,294.5,294.7,294.1,294.4,69744.0
2026-06-15 12:10:00,294.55,294.75,294.3,294.35,38003.0
2026-06-15 12:15:00,294.55,294.75,293.65,294.55,213141.0
2026-06-15 12:20:00,294.4,294.6,294.0,294.0,44301.0
2026-06-15 12:25:00,294.1,294.4,293.4,293.45,64944.0
2026-06-15 12:30:00,293.6,293.65,293.1,293.4,93793.0
2026-06-15 12:35:00,293.25,294.4,293.25,294.15,146129.0
2026-06-15 12:40:00,294.2,294.75,294.2,294.6,42292.0
2026-06-15 12:45:00,294.55,294.75,294.0,294.5,78927.0
2026-06-15 12:50:00,294.45,294.65,294.25,294.55,39094.0
2026-06-15 12:55:00,294.55,294.7,294.25,294.35,28107.0
2026-06-15 13:00:00,294.35,295.0,294.3,294.8,79734.0
2026-06-15 13:05:00,294.8,294.8,294.35,294.75,32870.0
2026-06-15 13:10:00,294.75,295.1,294.65,294.75,64657.0
2026-06-15 13:15:00,294.65,295.9,294.45,295.4,167923.0
2026-06-15 13:20:00,295.35,295.45,295.05,295.45,36328.0
2026-06-15 13:25:00,295.35,295.5,295.0,295.45,62055.0
2026-06-15 13:30:00,295.4,295.5,295.05,295.25,54953.0
2026-06-15 13:35:00,295.25,295.55,295.25,295.35,54234.0
2026-06-15 13:40:00,295.35,295.8,295.3,295.75,106541.0
2026-06-15 13:45:00,295.75,295.8,295.0,295.2,101564.0
2026-06-15 13:50:00,295.15,295.35,294.2,294.55,107362.0
2026-06-15 13:55:00,294.55,295.0,294.5,294.5,42769.0
2026-06-15 14:00:00,294.5,295.0,294.25,294.4,45561.0
2026-06-15 14:05:00,294.4,294.45,294.05,294.35,47188.0
2026-06-15 14:10:00,294.4,294.7,294.2,294.5,24631.0
2026-06-15 14:15:00,294.5,294.8,294.3,294.65,35717.0
2026-06-15 14:20:00,294.55,294.7,294.2,294.7,58312.0
2026-06-15 14:25:00,294.55,295.0,294.15,294.25,46646.0
2026-06-15 14:30:00,294.3,294.9,294.3,294.9,27460.0
2026-06-15 14:35:00,294.95,296.35,294.8,295.45,341381.0
2026-06-15 14:40:00,295.45,295.45,294.5,294.8,99176.0
2026-06-15 14:45:00,294.8,295.0,294.4,294.5,43961.0
2026-06-15 14:50:00,294.5,294.9,294.05,294.45,90701.0
2026-06-15 14:55:00,294.45,294.75,294.3,294.6,51799.0
2026-06-15 15:00:00,294.6,294.6,293.5,294.2,263042.0
2026-06-15 15:05:00,294.1,294.25,293.55,293.75,152600.0
2026-06-15 15:10:00,293.75,293.75,292.45,292.85,215526.0
2026-06-15 15:15:00,292.85,293.25,292.15,292.8,227045.0
2026-06-15 15:20:00,292.7,293.25,292.5,293.0,185584.0
2026-06-15 15:25:00,293.0,293.45,292.1,293.0,175822.0
2026-06-16 09:15:00,294.9,294.9,293.0,293.7,171507.0
2026-06-16 09:20:00,293.9,294.85,293.1,293.9,181990.0
2026-06-16 09:25:00,293.9,295.95,293.9,295.6,209500.0
2026-06-16 09:30:00,295.65,295.9,295.2,295.9,99444.0
2026-06-16 09:35:00,295.65,296.65,294.65,294.85,135124.0
2026-06-16 09:40:00,294.85,295.2,294.55,294.75,66691.0
2026-06-16 09:45:00,294.75,295.25,294.6,294.85,60715.0
2026-06-16 09:50:00,295.0,296.45,294.5,296.1,74994.0
2026-06-16 09:55:00,296.1,296.25,295.8,295.9,49125.0
2026-06-16 10:00:00,295.95,295.95,294.75,295.2,55739.0
2026-06-16 10:05:00,295.2,295.25,294.0,294.0,93360.0
2026-06-16 10:10:00,294.0,294.6,293.8,294.35,44300.0
2026-06-16 10:15:00,294.55,294.7,294.0,294.35,62719.0
2026-06-16 10:20:00,294.4,294.6,293.8,293.9,59697.0
2026-06-16 10:25:00,293.9,294.3,293.65,294.15,42274.0
2026-06-16 10:30:00,294.15,294.75,294.0,294.65,23775.0
2026-06-16 10:35:00,294.6,294.85,294.2,294.55,44082.0
2026-06-16 10:40:00,294.55,294.65,294.1,294.15,29151.0
2026-06-16 10:45:00,294.3,294.65,294.15,294.6,53471.0
2026-06-16 10:50:00,294.4,294.65,294.1,294.5,45757.0
2026-06-16 10:55:00,294.5,294.55,294.1,294.15,31561.0
2026-06-16 11:00:00,294.35,294.35,293.5,293.7,68875.0
2026-06-16 11:05:00,293.45,293.5,293.0,293.5,79261.0
2026-06-16 11:10:00,293.7,293.85,293.35,293.6,41525.0
2026-06-16 11:15:00,293.8,293.9,293.5,293.55,30616.0
2026-06-16 11:20:00,293.55,293.95,293.5,293.85,17270.0
2026-06-16 11:25:00,293.95,294.0,293.5,293.5,18024.0
2026-06-16 11:30:00,293.65,293.85,293.5,293.7,16860.0
2026-06-16 11:35:00,293.85,293.9,292.8,293.0,33370.0
2026-06-16 11:40:00,293.0,293.4,292.8,293.2,29650.0
2026-06-16 11:45:00,293.4,293.75,293.25,293.75,18168.0
2026-06-16 11:50:00,293.75,294.25,293.65,294.1,18224.0
2026-06-16 11:55:00,294.1,294.2,293.65,294.0,20337.0
2026-06-16 12:00:00,294.0,294.0,293.0,293.3,83130.0
2026-06-16 12:05:00,293.35,293.8,293.2,293.75,12385.0
2026-06-16 12:10:00,293.6,294.05,293.5,293.65,33233.0
2026-06-16 12:15:00,293.4,293.7,293.25,293.4,26376.0
2026-06-16 12:20:00,293.35,293.9,293.2,293.75,26578.0
2026-06-16 12:25:00,293.7,293.95,293.5,293.65,21584.0
2026-06-16 12:30:00,293.9,294.5,293.7,293.85,24363.0
2026-06-16 12:35:00,293.85,294.1,293.75,293.9,27041.0
2026-06-16 12:40:00,293.8,294.1,293.55,293.85,26814.0
2026-06-16 12:45:00,293.7,293.95,293.4,293.9,27906.0
2026-06-16 12:50:00,293.9,293.9,293.35,293.7,28769.0
2026-06-16 12:55:00,293.65,293.95,293.5,293.65,21971.0
2026-06-16 13:00:00,293.85,293.95,293.6,293.85,19398.0
2026-06-16 13:05:00,293.85,294.05,293.6,293.9,38388.0
2026-06-16 13:10:00,293.95,294.2,293.6,293.8,24962.0
2026-06-16 13:15:00,293.75,294.2,293.5,294.2,56863.0
2026-06-16 13:20:00,294.2,294.5,294.0,294.25,15604.0
2026-06-16 13:25:00,294.25,294.55,294.2,294.5,32331.0
2026-06-16 13:30:00,294.45,294.5,294.25,294.35,19911.0
2026-06-16 13:35:00,294.3,294.75,294.3,294.3,30269.0
2026-06-16 13:40:00,294.25,294.45,294.1,294.2,25589.0
2026-06-16 13:45:00,294.4,294.65,294.05,294.5,25395.0
2026-06-16 13:50:00,294.5,294.6,294.1,294.2,16916.0
2026-06-16 13:55:00,294.35,294.7,293.65,293.8,29681.0
2026-06-16 14:00:00,293.9,294.55,293.9,294.1,28922.0
2026-06-16 14:05:00,294.25,294.65,294.0,294.65,26828.0
2026-06-16 14:10:00,294.6,294.65,294.25,294.6,41753.0
2026-06-16 14:15:00,294.6,294.85,294.6,294.85,22144.0
2026-06-16 14:20:00,294.75,294.85,294.15,294.7,33323.0
2026-06-16 14:25:00,294.75,294.75,294.05,294.35,41349.0
2026-06-16 14:30:00,294.5,294.65,294.2,294.5,27909.0
2026-06-16 14:35:00,294.45,294.45,294.15,294.3,20884.0
2026-06-16 14:40:00,294.4,294.5,294.0,294.2,52242.0
2026-06-16 14:45:00,294.15,294.3,293.8,293.9,69666.0
2026-06-16 14:50:00,293.9,294.5,293.8,294.45,41136.0
2026-06-16 14:55:00,294.45,294.75,294.3,294.5,67940.0
2026-06-16 15:00:00,294.5,294.95,294.25,294.5,72919.0
2026-06-16 15:05:00,294.4,294.55,294.3,294.35,81440.0
2026-06-16 15:10:00,294.3,294.4,294.1,294.35,83038.0
2026-06-16 15:15:00,294.2,294.4,294.05,294.1,96815.0
2026-06-16 15:20:00,294.3,294.4,293.8,293.9,111430.0
2026-06-16 15:25:00,293.9,294.1,293.45,293.5,89209.0
2026-06-17 09:15:00,294.25,294.8,292.55,293.4,175110.0
2026-06-17 09:20:00,293.45,294.55,293.2,293.3,81793.0
2026-06-17 09:25:00,293.6,293.8,292.5,292.9,41614.0
2026-06-17 09:30:00,292.95,293.0,292.3,292.45,31452.0
2026-06-17 09:35:00,292.25,294.0,292.0,293.3,39092.0
2026-06-17 09:40:00,293.25,293.75,292.6,293.4,41239.0
2026-06-17 09:45:00,293.4,293.85,293.3,293.8,30176.0
2026-06-17 09:50:00,293.65,293.75,293.3,293.55,12534.0
2026-06-17 09:55:00,293.4,295.8,293.35,295.1,132416.0
2026-06-17 10:00:00,295.1,295.25,293.75,293.9,36347.0
2026-06-17 10:05:00,293.85,294.15,293.5,293.85,57903.0
2026-06-17 10:10:00,294.0,294.1,293.4,293.5,52670.0
2026-06-17 10:15:00,293.5,294.1,293.45,294.05,21169.0
2026-06-17 10:20:00,294.15,294.65,294.15,294.6,41888.0
2026-06-17 10:25:00,294.7,294.75,293.9,294.25,23353.0
2026-06-17 10:30:00,294.2,294.5,294.1,294.2,18144.0
2026-06-17 10:35:00,294.2,294.6,294.2,294.3,13348.0
2026-06-17 10:40:00,294.35,294.45,293.65,293.95,13260.0
2026-06-17 10:45:00,294.0,294.5,293.7,294.4,50169.0
2026-06-17 10:50:00,294.4,294.4,293.9,294.0,14494.0
2026-06-17 10:55:00,294.15,294.5,294.0,294.15,26282.0
2026-06-17 11:00:00,294.1,295.8,294.1,295.35,86624.0
2026-06-17 11:05:00,295.5,295.7,295.25,295.3,50309.0
2026-06-17 11:10:00,295.45,295.5,295.05,295.3,24320.0
2026-06-17 11:15:00,295.45,295.45,295.0,295.0,32805.0
2026-06-17 11:20:00,294.95,295.7,294.5,294.55,80418.0
2026-06-17 11:25:00,294.65,294.9,294.45,294.9,10627.0
2026-06-17 11:30:00,295.0,295.1,294.8,295.0,6850.0
2026-06-17 11:35:00,295.0,295.0,294.2,294.45,8165.0
2026-06-17 11:40:00,294.45,294.5,294.25,294.45,10064.0
2026-06-17 11:45:00,294.45,294.5,294.1,294.3,17900.0
2026-06-17 11:50:00,294.1,294.65,294.1,294.65,26773.0
2026-06-17 11:55:00,294.65,294.65,294.0,294.25,17102.0
2026-06-17 12:00:00,294.25,294.45,293.95,294.4,13190.0
2026-06-17 12:05:00,294.45,295.0,294.15,294.45,22858.0
2026-06-17 12:10:00,294.7,294.95,294.45,294.9,9928.0
2026-06-17 12:15:00,294.8,294.95,294.65,294.95,7916.0
2026-06-17 12:20:00,294.85,294.85,294.5,294.7,14546.0
2026-06-17 12:25:00,294.7,294.7,294.3,294.35,11689.0
2026-06-17 12:30:00,294.4,294.5,294.2,294.2,9558.0
2026-06-17 12:35:00,294.3,294.4,293.65,294.2,22123.0
2026-06-17 12:40:00,294.2,294.5,294.0,294.0,12573.0
2026-06-17 12:45:00,294.0,294.25,293.85,293.9,9031.0
2026-06-17 12:50:00,293.9,294.1,293.8,293.95,19381.0
2026-06-17 12:55:00,293.95,293.95,293.35,293.6,17826.0
2026-06-17 13:00:00,293.75,293.8,293.4,293.6,24228.0
2026-06-17 13:05:00,293.6,293.8,293.2,293.4,21582.0
2026-06-17 13:10:00,293.45,293.65,293.3,293.3,13449.0
2026-06-17 13:15:00,293.3,294.5,293.3,293.75,45033.0
2026-06-17 13:20:00,293.95,294.1,293.75,293.8,15176.0
2026-06-17 13:25:00,293.9,294.5,293.75,294.45,25537.0
2026-06-17 13:30:00,294.45,294.6,294.25,294.45,16838.0
2026-06-17 13:35:00,294.3,294.45,294.0,294.25,15405.0
2026-06-17 13:40:00,294.2,294.25,293.9,294.0,38249.0
2026-06-17 13:45:00,294.15,294.2,293.75,294.05,18250.0
2026-06-17 13:50:00,294.05,294.05,293.6,293.8,41176.0
2026-06-17 13:55:00,293.85,294.05,293.55,293.65,31407.0
2026-06-17 14:00:00,293.7,294.2,293.7,294.05,18113.0
2026-06-17 14:05:00,294.0,294.05,293.65,293.75,83159.0
2026-06-17 14:10:00,293.85,294.25,293.7,294.25,43130.0
2026-06-17 14:15:00,294.25,294.25,293.95,294.25,22875.0
2026-06-17 14:20:00,294.15,294.3,293.75,293.85,22454.0
2026-06-17 14:25:00,293.8,293.85,293.35,293.5,24207.0
2026-06-17 14:30:00,293.6,293.9,293.45,293.65,13903.0
2026-06-17 14:35:00,293.65,293.75,293.5,293.7,21008.0
2026-06-17 14:40:00,293.7,294.0,293.55,293.7,30109.0
2026-06-17 14:45:00,293.6,293.7,293.6,293.7,16853.0
2026-06-17 14:50:00,293.7,293.7,293.35,293.65,49324.0
2026-06-17 14:55:00,293.65,293.9,292.7,293.8,83392.0
2026-06-17 15:00:00,293.75,294.5,293.6,294.2,66623.0
2026-06-17 15:05:00,294.2,294.5,293.95,294.05,54042.0
2026-06-17 15:10:00,294.05,294.05,293.55,293.9,58096.0
2026-06-17 15:15:00,293.9,294.4,293.65,294.25,146653.0
2026-06-17 15:20:00,294.35,294.6,294.25,294.55,105447.0
2026-06-17 15:25:00,294.55,294.9,294.05,294.25,98717.0
2026-06-18 09:15:00,295.0,295.9,293.95,294.3,112328.0
2026-06-18 09:20:00,294.2,294.3,293.25,293.8,44994.0
2026-06-18 09:25:00,293.8,294.0,293.35,293.55,47368.0
2026-06-18 09:30:00,293.4,293.55,292.2,292.65,40831.0
2026-06-18 09:35:00,292.65,292.7,291.9,292.5,40858.0
2026-06-18 09:40:00,292.6,292.9,292.2,292.25,25354.0
2026-06-18 09:45:00,292.4,292.65,291.0,291.25,71072.0
2026-06-18 09:50:00,291.4,292.3,291.1,292.0,40847.0
2026-06-18 09:55:00,292.1,292.3,291.4,291.5,28332.0
2026-06-18 10:00:00,291.5,291.55,290.45,291.15,75001.0
2026-06-18 10:05:00,291.4,291.45,289.75,290.1,454821.0
2026-06-18 10:10:00,290.25,290.55,290.05,290.45,31037.0
2026-06-18 10:15:00,290.35,290.55,290.1,290.35,17272.0
2026-06-18 10:20:00,290.45,290.5,290.1,290.2,32757.0
2026-06-18 10:25:00,290.35,290.35,289.3,289.5,40403.0
2026-06-18 10:30:00,289.4,289.75,289.2,289.65,25259.0
2026-06-18 10:35:00,289.65,289.7,289.3,289.45,12155.0
2026-06-18 10:40:00,289.45,289.5,289.0,289.15,16970.0
2026-06-18 10:45:00,289.0,289.7,289.0,289.65,28510.0
2026-06-18 10:50:00,289.65,289.65,289.2,289.3,21772.0
2026-06-18 10:55:00,289.3,289.8,289.25,289.55,21477.0
2026-06-18 11:00:00,289.55,289.55,289.25,289.5,11904.0
2026-06-18 11:05:00,289.5,289.75,289.25,289.6,8953.0
2026-06-18 11:10:00,289.6,289.65,289.1,289.1,18563.0
2026-06-18 11:15:00,289.1,289.2,288.55,288.7,24159.0
2026-06-18 11:20:00,288.7,288.9,286.3,286.45,395459.0
2026-06-18 11:25:00,286.45,286.65,285.7,286.0,87812.0
2026-06-18 11:30:00,286.0,286.3,285.5,286.3,107506.0
2026-06-18 11:35:00,286.3,286.75,285.2,285.5,72233.0
2026-06-18 11:40:00,285.6,285.9,285.35,285.45,35416.0
2026-06-18 11:45:00,285.5,285.7,284.75,284.9,72790.0
2026-06-18 11:50:00,284.9,285.4,284.6,285.35,55809.0
2026-06-18 11:55:00,285.35,285.6,285.0,285.4,40887.0
2026-06-18 12:00:00,285.55,285.95,285.4,285.75,28655.0
2026-06-18 12:05:00,285.75,286.15,285.6,285.8,23326.0
2026-06-18 12:10:00,285.7,285.95,285.2,285.2,18297.0
2026-06-18 12:15:00,285.35,286.45,285.35,286.3,27909.0
2026-06-18 12:20:00,286.4,286.5,286.05,286.25,20049.0
2026-06-18 12:25:00,286.35,286.55,286.15,286.35,33571.0
2026-06-18 12:30:00,286.4,286.6,286.3,286.35,22196.0
2026-06-18 12:35:00,286.4,286.5,286.1,286.45,9346.0
2026-06-18 12:40:00,286.45,286.9,286.25,286.55,28590.0
2026-06-18 12:45:00,286.55,286.6,286.35,286.4,8250.0
2026-06-18 12:50:00,286.4,286.45,285.5,285.75,46250.0
2026-06-18 12:55:00,285.9,286.2,285.65,285.8,22666.0
2026-06-18 13:00:00,285.85,286.05,285.65,285.95,8076.0
2026-06-18 13:05:00,285.95,286.1,285.8,286.05,21864.0
2026-06-18 13:10:00,286.05,286.25,285.9,286.2,13271.0
2026-06-18 13:15:00,286.2,286.45,285.85,285.95,11578.0
2026-06-18 13:20:00,285.95,286.2,285.85,286.1,16858.0
2026-06-18 13:25:00,286.1,286.1,285.8,285.9,12452.0
2026-06-18 13:30:00,285.95,285.95,285.6,285.7,16375.0
2026-06-18 13:35:00,285.7,285.95,285.55,285.7,16294.0
2026-06-18 13:40:00,285.7,286.05,285.6,285.95,19890.0
2026-06-18 13:45:00,285.9,286.5,285.9,286.45,36721.0
2026-06-18 13:50:00,286.45,286.45,286.2,286.3,7618.0
2026-06-18 13:55:00,286.3,286.6,286.3,286.55,30002.0
2026-06-18 14:00:00,286.55,286.55,286.35,286.4,10257.0
2026-06-18 14:05:00,286.4,286.4,286.0,286.15,16825.0
2026-06-18 14:10:00,286.15,286.35,286.15,286.25,10318.0
2026-06-18 14:15:00,286.3,286.35,286.1,286.15,5544.0
2026-06-18 14:20:00,286.15,286.75,286.05,286.5,28664.0
2026-06-18 14:25:00,286.6,287.0,286.5,286.5,52485.0
2026-06-18 14:30:00,286.5,286.75,286.2,286.6,32994.0
2026-06-18 14:35:00,286.75,286.75,286.5,286.55,6577.0
2026-06-18 14:40:00,286.6,286.65,286.2,286.55,10248.0
2026-06-18 14:45:00,286.55,286.65,286.3,286.5,8954.0
2026-06-18 14:50:00,286.5,286.5,286.3,286.4,10121.0
2026-06-18 14:55:00,286.5,287.0,286.3,286.8,47992.0
2026-06-18 15:00:00,286.9,287.0,286.8,287.0,128369.0
2026-06-18 15:05:00,287.0,287.0,286.7,287.0,121267.0
2026-06-18 15:10:00,287.0,287.0,286.75,286.85,48119.0
2026-06-18 15:15:00,286.95,287.0,286.3,286.9,102278.0
2026-06-18 15:20:00,286.85,286.85,286.6,286.85,69800.0
2026-06-18 15:25:00,286.85,287.0,286.55,287.0,130715.0
2026-06-19 09:15:00,282.4,285.95,282.4,285.7,100963.0
2026-06-19 09:20:00,285.7,286.1,285.1,285.55,58437.0
2026-06-19 09:25:00,285.7,286.7,285.5,286.15,40617.0
2026-06-19 09:30:00,286.25,286.45,285.85,285.9,35975.0
2026-06-19 09:35:00,286.0,287.0,285.85,286.45,28492.0
2026-06-19 09:40:00,286.5,287.7,286.25,287.65,76185.0
2026-06-19 09:45:00,287.6,289.0,287.5,289.0,108229.0
2026-06-19 09:50:00,289.0,289.0,288.3,288.7,81668.0
2026-06-19 09:55:00,288.7,288.8,288.05,288.75,77323.0
2026-06-19 10:00:00,288.75,288.8,288.1,288.8,26490.0
2026-06-19 10:05:00,288.8,289.5,288.8,289.15,48644.0
2026-06-19 10:10:00,289.3,289.3,288.1,288.95,37556.0
2026-06-19 10:15:00,289.05,289.3,288.75,289.15,13791.0
2026-06-19 10:20:00,289.15,289.8,289.05,289.75,73453.0
2026-06-19 10:25:00,289.7,289.8,288.9,288.95,64075.0
2026-06-19 10:30:00,288.95,289.0,287.65,288.2,37062.0
2026-06-19 10:35:00,288.3,288.4,288.0,288.2,9473.0
2026-06-19 10:40:00,288.4,288.65,288.05,288.3,24960.0
2026-06-19 10:45:00,288.3,288.3,287.9,287.95,11300.0
2026-06-19 10:50:00,287.95,287.95,286.85,286.95,48535.0
2026-06-19 10:55:00,287.1,287.7,286.75,287.7,21578.0
2026-06-19 11:00:00,287.7,288.4,287.7,288.4,24870.0
2026-06-19 11:05:00,288.4,288.6,288.0,288.6,34985.0
2026-06-19 11:10:00,288.8,288.9,288.4,288.55,21787.0
2026-06-19 11:15:00,288.65,288.65,288.2,288.2,11534.0
2026-06-19 11:20:00,288.25,288.25,287.6,287.95,8634.0
2026-06-19 11:25:00,287.95,288.5,287.4,288.5,22083.0
2026-06-19 11:30:00,288.5,288.5,287.85,288.35,14615.0
2026-06-19 11:35:00,288.35,288.4,287.8,287.8,7525.0
2026-06-19 11:40:00,287.85,288.05,287.8,288.0,3454.0
2026-06-19 11:45:00,287.95,287.95,287.3,287.5,10756.0
2026-06-19 11:50:00,287.6,287.6,287.3,287.5,6297.0
2026-06-19 11:55:00,287.45,287.65,287.2,287.45,10602.0
2026-06-19 12:00:00,287.65,287.7,286.55,286.7,39560.0
2026-06-19 12:05:00,286.85,287.2,286.65,287.2,3985.0
2026-06-19 12:10:00,287.2,287.3,286.85,287.0,6330.0
2026-06-19 12:15:00,287.1,287.15,286.65,286.65,13069.0
2026-06-19 12:20:00,286.85,286.9,286.5,286.5,35746.0
2026-06-19 12:25:00,286.65,286.8,286.3,286.8,15066.0
2026-06-19 12:30:00,286.8,286.85,286.3,286.55,10832.0
2026-06-19 12:35:00,286.65,286.65,286.45,286.6,6397.0
2026-06-19 12:40:00,286.6,286.6,286.15,286.25,28865.0
2026-06-19 12:45:00,286.45,286.7,286.2,286.7,11327.0
2026-06-19 12:50:00,286.7,286.9,286.5,286.9,8614.0
2026-06-19 12:55:00,286.85,286.85,286.6,286.7,10616.0
2026-06-19 13:00:00,286.7,286.85,286.3,286.3,16745.0
2026-06-19 13:05:00,286.45,286.6,286.15,286.6,12209.0
2026-06-19 13:10:00,286.55,286.7,286.3,286.7,5591.0
2026-06-19 13:15:00,286.65,286.65,286.15,286.4,13364.0
2026-06-19 13:20:00,286.4,286.65,286.0,286.05,54988.0
2026-06-19 13:25:00,286.05,286.35,286.0,286.25,14791.0
2026-06-19 13:30:00,286.25,286.9,286.05,286.85,31379.0
2026-06-19 13:35:00,286.9,286.9,286.25,286.7,13379.0
2026-06-19 13:40:00,286.7,286.9,286.5,286.75,8223.0
2026-06-19 13:45:00,286.85,287.25,286.55,287.25,28171.0
2026-06-19 13:50:00,287.25,287.4,286.65,287.3,37251.0
2026-06-19 13:55:00,287.3,287.4,286.55,286.75,44697.0
2026-06-19 14:00:00,286.75,286.95,286.3,286.95,45990.0
2026-06-19 14:05:00,287.0,287.35,286.65,287.2,30792.0
2026-06-19 14:10:00,287.2,287.2,286.85,287.05,14585.0
2026-06-19 14:15:00,287.05,287.25,286.95,287.25,11085.0
2026-06-19 14:20:00,287.2,287.25,286.65,286.85,17380.0
2026-06-19 14:25:00,286.9,287.25,286.65,287.2,18226.0
2026-06-19 14:30:00,287.25,287.45,286.95,287.2,24835.0
2026-06-19 14:35:00,287.35,287.55,287.2,287.4,11114.0
2026-06-19 14:40:00,287.3,287.4,287.0,287.15,24446.0
2026-06-19 14:45:00,287.15,287.2,286.5,286.95,40711.0
2026-06-19 14:50:00,287.05,287.05,285.65,286.15,60145.0
2026-06-19 14:55:00,286.3,286.3,285.1,285.35,66944.0
2026-06-19 15:00:00,285.3,286.85,284.65,286.25,510334.0
2026-06-19 15:05:00,286.25,287.2,286.15,286.8,364189.0
2026-06-19 15:10:00,286.7,287.3,286.5,287.25,344265.0
2026-06-19 15:15:00,287.0,287.2,286.15,286.9,487104.0
2026-06-19 15:20:00,286.6,286.65,285.8,286.1,485466.0
2026-06-19 15:25:00,286.15,287.5,285.95,286.75,478000.0
2026-06-22 09:15:00,288.3,289.85,287.25,287.95,130912.0
2026-06-22 09:20:00,287.7,287.9,286.3,287.5,54510.0
2026-06-22 09:25:00,287.3,287.75,287.05,287.45,22169.0
2026-06-22 09:30:00,287.5,287.7,286.9,287.0,17102.0
2026-06-22 09:35:00,287.2,287.75,287.2,287.4,13459.0
2026-06-22 09:40:00,287.4,287.9,287.0,287.0,30411.0
2026-06-22 09:45:00,287.1,287.2,286.75,287.2,20041.0
2026-06-22 09:50:00,287.2,287.65,286.65,286.85,20523.0
2026-06-22 09:55:00,286.85,287.05,286.6,287.0,10391.0
2026-06-22 10:00:00,287.2,287.35,286.9,287.35,12415.0
2026-06-22 10:05:00,287.1,287.4,286.95,287.3,13825.0
2026-06-22 10:10:00,287.4,287.45,287.05,287.45,13957.0
2026-06-22 10:15:00,287.45,287.6,286.8,286.8,17704.0
2026-06-22 10:20:00,286.8,287.15,286.75,287.1,12299.0
2026-06-22 10:25:00,287.0,287.6,287.0,287.45,9387.0
2026-06-22 10:30:00,287.65,287.75,287.2,287.2,6009.0
2026-06-22 10:35:00,287.2,287.6,287.0,287.3,10927.0
2026-06-22 10:40:00,287.4,287.5,287.15,287.25,5619.0
2026-06-22 10:45:00,287.25,287.35,287.1,287.2,6418.0
2026-06-22 10:50:00,287.05,287.05,286.6,286.8,19967.0
2026-06-22 10:55:00,286.85,287.15,286.85,287.0,11165.0
2026-06-22 11:00:00,286.9,287.05,286.5,286.7,17276.0
2026-06-22 11:05:00,286.5,287.25,286.5,287.25,12474.0
2026-06-22 11:10:00,287.25,287.6,287.25,287.25,12756.0
2026-06-22 11:15:00,287.25,287.45,287.1,287.4,6764.0
2026-06-22 11:20:00,287.4,287.4,287.0,287.1,6202.0
2026-06-22 11:25:00,287.25,287.25,286.75,286.75,8761.0
2026-06-22 11:30:00,286.85,287.3,286.75,286.9,26744.0
2026-06-22 11:35:00,286.75,287.05,286.6,286.85,17661.0
2026-06-22 11:40:00,287.0,287.2,286.75,286.85,19272.0
2026-06-22 11:45:00,286.8,287.0,286.55,286.85,10265.0
2026-06-22 11:50:00,286.85,286.95,286.6,286.6,6581.0
2026-06-22 11:55:00,286.75,286.8,286.5,286.7,9359.0
2026-06-22 12:00:00,286.65,286.85,286.5,286.55,14061.0
2026-06-22 12:05:00,286.65,287.0,286.5,286.7,11740.0
2026-06-22 12:10:00,286.7,287.0,286.55,286.85,4734.0
2026-06-22 12:15:00,286.9,287.9,286.75,287.85,36504.0
2026-06-22 12:20:00,287.85,287.85,287.5,287.75,15125.0
2026-06-22 12:25:00,287.75,287.75,287.6,287.7,5900.0
2026-06-22 12:30:00,287.75,287.75,287.55,287.75,5873.0
2026-06-22 12:35:00,287.75,287.75,287.45,287.55,13979.0
2026-06-22 12:40:00,287.45,287.65,287.2,287.3,9996.0
2026-06-22 12:45:00,287.3,287.45,287.0,287.2,17663.0
2026-06-22 12:50:00,287.3,287.75,287.0,287.7,16997.0
2026-06-22 12:55:00,287.7,287.8,287.4,287.6,13792.0
2026-06-22 13:00:00,287.35,287.8,287.35,287.8,2785.0
2026-06-22 13:05:00,287.8,288.2,287.7,287.85,24215.0
2026-06-22 13:10:00,287.85,287.85,287.4,287.55,14227.0
2026-06-22 13:15:00,287.55,287.95,287.4,287.55,20186.0
2026-06-22 13:20:00,287.75,287.85,287.45,287.75,27818.0
2026-06-22 13:25:00,287.8,287.95,287.55,287.9,22796.0
2026-06-22 13:30:00,287.9,288.0,287.45,287.75,23056.0
2026-06-22 13:35:00,287.7,288.0,287.7,287.95,12349.0
2026-06-22 13:40:00,287.95,288.4,287.75,288.35,14242.0
2026-06-22 13:45:00,288.35,288.65,288.25,288.5,18777.0
2026-06-22 13:50:00,288.4,288.7,288.35,288.6,24006.0
2026-06-22 13:55:00,288.7,288.75,288.45,288.6,12355.0
2026-06-22 14:00:00,288.6,288.7,288.35,288.55,15176.0
2026-06-22 14:05:00,288.6,288.6,288.35,288.55,8490.0
2026-06-22 14:10:00,288.55,288.9,288.25,288.8,18528.0
2026-06-22 14:15:00,288.8,288.8,288.0,288.4,23619.0
2026-06-22 14:20:00,288.4,288.75,288.25,288.7,11868.0
2026-06-22 14:25:00,288.65,288.8,288.3,288.75,27879.0
2026-06-22 14:30:00,288.75,288.8,288.2,288.6,21129.0
2026-06-22 14:35:00,288.6,288.9,288.45,288.8,53877.0
2026-06-22 14:40:00,288.8,288.85,288.5,288.75,41526.0
2026-06-22 14:45:00,288.8,289.15,288.6,289.05,47751.0
2026-06-22 14:50:00,289.25,289.25,288.95,289.2,30941.0
2026-06-22 14:55:00,289.2,289.2,288.75,288.9,22124.0
2026-06-22 15:00:00,288.95,289.15,288.5,288.7,66448.0
2026-06-22 15:05:00,288.7,288.7,288.3,288.7,52405.0
2026-06-22 15:10:00,288.7,288.85,288.4,288.85,28516.0
2026-06-22 15:15:00,288.85,289.0,288.6,288.85,64272.0
2026-06-22 15:20:00,288.85,288.85,288.35,288.65,80516.0
2026-06-22 15:25:00,288.6,289.45,288.3,289.3,87878.0
2026-06-23 09:15:00,288.35,289.9,288.15,289.55,51024.0
2026-06-23 09:20:00,289.45,291.1,289.05,290.0,146153.0
2026-06-23 09:25:00,290.15,290.15,289.0,289.7,37923.0
2026-06-23 09:30:00,289.75,289.95,289.4,289.7,21242.0
2026-06-23 09:35:00,289.85,290.5,289.4,289.95,26222.0
2026-06-23 09:40:00,290.15,290.15,289.55,289.95,16031.0
2026-06-23 09:45:00,289.95,290.4,289.9,290.15,21445.0
2026-06-23 09:50:00,290.3,290.4,290.0,290.35,8655.0
2026-06-23 09:55:00,290.35,291.3,290.1,291.15,32351.0
2026-06-23 10:00:00,291.15,291.8,291.0,291.1,68756.0
2026-06-23 10:05:00,291.3,292.3,291.1,291.6,65050.0
2026-06-23 10:10:00,291.6,291.95,290.65,290.95,22089.0
2026-06-23 10:15:00,291.1,291.25,290.8,291.1,18438.0
2026-06-23 10:20:00,291.1,291.4,290.5,290.55,25073.0
2026-06-23 10:25:00,290.75,290.75,290.05,290.25,16113.0
2026-06-23 10:30:00,290.25,290.25,289.35,289.7,24575.0
2026-06-23 10:35:00,289.7,290.7,289.7,289.85,17540.0
2026-06-23 10:40:00,289.9,290.25,289.05,289.3,31039.0
2026-06-23 10:45:00,289.3,290.0,289.2,290.0,11413.0
2026-06-23 10:50:00,290.0,290.2,289.8,289.95,18221.0
2026-06-23 10:55:00,289.95,290.25,289.7,289.95,18754.0
2026-06-23 11:00:00,290.05,290.15,289.65,289.95,10639.0
2026-06-23 11:05:00,289.95,290.2,289.65,290.15,4719.0
2026-06-23 11:10:00,290.15,290.4,289.4,289.65,66877.0
2026-06-23 11:15:00,289.5,290.5,289.45,290.1,28261.0
2026-06-23 11:20:00,289.95,290.5,289.95,290.5,7633.0
2026-06-23 11:25:00,290.4,290.45,290.0,290.15,17292.0
2026-06-23 11:30:00,290.15,290.3,290.0,290.3,13975.0
2026-06-23 11:35:00,290.3,290.3,289.35,289.4,18990.0
2026-06-23 11:40:00,289.5,289.5,288.65,288.9,24895.0
2026-06-23 11:45:00,288.9,288.95,287.75,288.0,35841.0
2026-06-23 11:50:00,288.1,288.1,287.6,287.85,19612.0
2026-06-23 11:55:00,287.85,287.9,286.4,286.55,113072.0
2026-06-23 12:00:00,286.55,287.15,286.25,287.1,21596.0
2026-06-23 12:05:00,287.1,287.2,285.85,286.8,23376.0
2026-06-23 12:10:00,286.8,287.8,286.6,287.65,36558.0
2026-06-23 12:15:00,287.65,288.1,287.45,287.95,27273.0
2026-06-23 12:20:00,288.1,288.1,287.2,287.6,6571.0
2026-06-23 12:25:00,287.65,288.2,287.3,288.0,16163.0
2026-06-23 12:30:00,288.0,288.0,287.3,287.55,10216.0
2026-06-23 12:35:00,287.55,287.95,287.35,287.7,5346.0
2026-06-23 12:40:00,287.85,287.9,287.3,287.35,5865.0
2026-06-23 12:45:00,287.5,287.6,286.8,287.0,14877.0
2026-06-23 12:50:00,286.95,287.25,286.95,287.1,5328.0
2026-06-23 12:55:00,287.1,287.1,286.7,286.85,6714.0
2026-06-23 13:00:00,286.7,286.95,286.4,286.9,9099.0
2026-06-23 13:05:00,286.9,287.3,286.85,286.95,6459.0
2026-06-23 13:10:00,287.15,287.15,286.45,286.5,10810.0
2026-06-23 13:15:00,286.55,286.8,286.25,286.65,11780.0
2026-06-23 13:20:00,286.65,286.9,286.4,286.6,5402.0
2026-06-23 13:25:00,286.6,286.6,286.15,286.25,8282.0
2026-06-23 13:30:00,286.4,286.45,286.0,286.2,11834.0
2026-06-23 13:35:00,286.15,286.5,286.0,286.05,12650.0
2026-06-23 13:40:00,286.2,286.5,285.9,286.35,17701.0
2026-06-23 13:45:00,286.35,286.85,286.1,286.8,8755.0
2026-06-23 13:50:00,286.8,286.85,286.3,286.35,13978.0
2026-06-23 13:55:00,286.4,286.6,286.15,286.4,14177.0
2026-06-23 14:00:00,286.45,287.0,286.3,286.85,11746.0
2026-06-23 14:05:00,286.95,287.05,286.55,286.95,51797.0
2026-06-23 14:10:00,286.95,287.0,286.4,286.7,23440.0
2026-06-23 14:15:00,286.8,287.0,286.35,286.5,12418.0
2026-06-23 14:20:00,286.55,286.95,286.25,286.7,11632.0
2026-06-23 14:25:00,286.85,286.85,286.05,286.25,6234.0
2026-06-23 14:30:00,286.25,286.5,286.05,286.25,8790.0
2026-06-23 14:35:00,286.3,286.5,285.9,286.5,25911.0
2026-06-23 14:40:00,286.5,287.2,286.15,287.15,25597.0
2026-06-23 14:45:00,287.15,287.2,286.75,287.15,23351.0
2026-06-23 14:50:00,287.2,287.55,287.05,287.5,16922.0
2026-06-23 14:55:00,287.5,287.7,287.35,287.65,12130.0
2026-06-23 15:00:00,287.65,287.8,286.1,286.45,69467.0
2026-06-23 15:05:00,286.45,287.2,286.4,286.5,48957.0
2026-06-23 15:10:00,286.65,286.9,286.3,286.5,37446.0
2026-06-23 15:15:00,286.5,286.6,285.9,286.25,55333.0
2026-06-23 15:20:00,286.2,286.25,285.95,286.0,45315.0
2026-06-23 15:25:00,285.95,286.4,285.7,286.0,65034.0
2026-06-24 09:15:00,286.5,290.9,286.5,288.9,189992.0
2026-06-24 09:20:00,289.1,289.75,288.45,289.45,70527.0
2026-06-24 09:25:00,289.25,289.8,288.9,289.05,49062.0
2026-06-24 09:30:00,289.05,289.9,288.8,288.9,29975.0
2026-06-24 09:35:00,289.0,289.2,288.25,288.8,19821.0
2026-06-24 09:40:00,288.8,289.05,287.8,287.8,18108.0
2026-06-24 09:45:00,287.75,288.1,286.65,286.7,27064.0
2026-06-24 09:50:00,286.75,287.05,286.4,287.05,24444.0
2026-06-24 09:55:00,287.0,287.25,286.7,286.9,11467.0
2026-06-24 10:00:00,287.0,288.0,287.0,287.75,15635.0
2026-06-24 10:05:00,287.75,289.0,287.55,288.95,18867.0
2026-06-24 10:10:00,288.95,289.6,288.45,289.35,29430.0
2026-06-24 10:15:00,289.45,290.0,289.35,289.65,12161.0
2026-06-24 10:20:00,289.6,290.0,289.5,289.85,19428.0
2026-06-24 10:25:00,289.9,289.9,289.45,289.6,12648.0
2026-06-24 10:30:00,289.75,290.25,289.4,289.7,22591.0
2026-06-24 10:35:00,289.6,289.7,289.05,289.05,10608.0
2026-06-24 10:40:00,289.25,289.75,289.25,289.5,12481.0
2026-06-24 10:45:00,289.6,290.15,289.5,289.7,26724.0
2026-06-24 10:50:00,289.7,290.5,289.7,290.4,100251.0
2026-06-24 10:55:00,290.4,290.8,290.1,290.6,60198.0
2026-06-24 11:00:00,290.65,291.65,290.6,291.5,63392.0
2026-06-24 11:05:00,291.45,293.65,291.15,293.5,178150.0
2026-06-24 11:10:00,293.5,293.75,293.05,293.4,77909.0
2026-06-24 11:15:00,293.15,293.35,292.55,292.85,74622.0
2026-06-24 11:20:00,292.7,292.9,292.5,292.75,38457.0
2026-06-24 11:25:00,292.65,293.0,292.0,292.45,51307.0
2026-06-24 11:30:00,292.45,292.75,291.8,292.6,59359.0
2026-06-24 11:35:00,292.45,293.05,292.45,293.0,48633.0
2026-06-24 11:40:00,293.0,293.1,292.6,292.85,27352.0
2026-06-24 11:45:00,293.0,293.1,292.6,292.85,11926.0
2026-06-24 11:50:00,292.85,293.35,292.7,293.25,60408.0
2026-06-24 11:55:00,293.3,293.9,293.2,293.75,124932.0
2026-06-24 12:00:00,293.75,293.9,293.5,293.65,61970.0
2026-06-24 12:05:00,293.75,293.9,293.55,293.65,35336.0
2026-06-24 12:10:00,293.7,293.85,293.35,293.65,51262.0
2026-06-24 12:15:00,293.7,293.9,293.6,293.85,55531.0
2026-06-24 12:20:00,293.85,294.85,293.75,294.85,160330.0
2026-06-24 12:25:00,294.95,295.25,294.7,295.1,181437.0
2026-06-24 12:30:00,295.0,295.4,294.1,295.15,80757.0
2026-06-24 12:35:00,295.1,295.2,294.7,295.0,37280.0
2026-06-24 12:40:00,294.95,295.5,294.8,295.25,93867.0
2026-06-24 12:45:00,295.35,296.45,294.85,296.3,144297.0
2026-06-24 12:50:00,296.3,296.9,295.5,296.0,416890.0
2026-06-24 12:55:00,296.0,296.45,295.75,296.2,67622.0
2026-06-24 13:00:00,296.3,296.85,296.2,296.8,94876.0
2026-06-24 13:05:00,296.85,297.5,296.7,296.8,146254.0
2026-06-24 13:10:00,296.75,297.0,296.5,297.0,135942.0
2026-06-24 13:15:00,296.9,297.25,296.2,296.65,135393.0
2026-06-24 13:20:00,296.55,297.3,296.55,297.2,52015.0
2026-06-24 13:25:00,297.2,297.3,297.0,297.15,37170.0
2026-06-24 13:30:00,297.15,297.9,297.15,297.85,82533.0
2026-06-24 13:35:00,297.7,297.85,297.1,297.3,190665.0
2026-06-24 13:40:00,297.3,297.75,297.15,297.7,53183.0
2026-06-24 13:45:00,297.65,297.75,297.3,297.3,84983.0
2026-06-24 13:50:00,297.2,297.7,297.2,297.55,46472.0
2026-06-24 13:55:00,297.55,297.7,297.0,297.0,55065.0
2026-06-24 14:00:00,297.0,297.7,296.8,297.0,42912.0
2026-06-24 14:05:00,297.05,297.25,296.95,297.2,28004.0
2026-06-24 14:10:00,297.25,297.55,296.35,296.85,62320.0
2026-06-24 14:15:00,296.85,296.9,295.85,296.0,94429.0
2026-06-24 14:20:00,296.0,296.1,295.8,295.85,52612.0
2026-06-24 14:25:00,295.85,296.3,295.8,296.15,82036.0
2026-06-24 14:30:00,296.05,296.4,295.7,295.8,132281.0
2026-06-24 14:35:00,295.8,295.95,294.9,295.3,258009.0
2026-06-24 14:40:00,295.4,295.95,295.25,295.5,70123.0
2026-06-24 14:45:00,295.4,295.7,295.25,295.7,41565.0
2026-06-24 14:50:00,295.5,296.4,295.5,296.35,34194.0
2026-06-24 14:55:00,296.2,296.75,296.1,296.45,101473.0
2026-06-24 15:00:00,296.1,296.9,295.85,296.3,83546.0
2026-06-24 15:05:00,296.35,296.45,295.9,296.25,90088.0
2026-06-24 15:10:00,296.25,296.4,296.05,296.35,62085.0
2026-06-24 15:15:00,296.35,296.65,296.2,296.4,129563.0
2026-06-24 15:20:00,296.4,297.0,296.35,296.85,160101.0
2026-06-24 15:25:00,296.85,297.5,296.55,297.25,167105.0
2026-06-25 09:15:00,299.25,302.4,299.0,301.6,408874.0
2026-06-25 09:20:00,301.6,302.9,301.4,302.1,321772.0
2026-06-25 09:25:00,302.2,302.2,300.15,301.05,199077.0
2026-06-25 09:30:00,301.0,301.4,300.05,301.2,129686.0
2026-06-25 09:35:00,301.2,301.25,300.0,301.0,110363.0
2026-06-25 09:40:00,301.15,301.55,300.9,301.05,85505.0
2026-06-25 09:45:00,301.05,301.1,300.2,300.7,54969.0
2026-06-25 09:50:00,300.7,301.7,300.1,301.2,71721.0
2026-06-25 09:55:00,301.2,302.9,301.2,302.8,196183.0
2026-06-25 10:00:00,302.8,304.65,302.75,304.2,402626.0
2026-06-25 10:05:00,304.3,305.2,303.85,304.75,315939.0
2026-06-25 10:10:00,304.7,304.95,303.95,304.7,159912.0
2026-06-25 10:15:00,304.75,306.2,304.6,305.75,250505.0
2026-06-25 10:20:00,305.75,307.7,305.5,305.95,535353.0
2026-06-25 10:25:00,306.0,307.8,305.5,306.65,412969.0
2026-06-25 10:30:00,306.7,306.75,304.6,304.6,164759.0
2026-06-25 10:35:00,304.6,305.4,304.6,305.2,86995.0
2026-06-25 10:40:00,305.2,305.2,304.2,305.15,81502.0
2026-06-25 10:45:00,305.25,306.0,305.05,305.85,131207.0
2026-06-25 10:50:00,306.0,306.4,305.75,305.75,62224.0
2026-06-25 10:55:00,305.85,306.35,305.45,306.3,118429.0
2026-06-25 11:00:00,306.3,306.4,305.6,306.0,61022.0
2026-06-25 11:05:00,306.1,306.1,305.6,305.75,43483.0
2026-06-25 11:10:00,305.75,305.95,305.55,305.65,32395.0
2026-06-25 11:15:00,305.85,305.9,305.55,305.8,32681.0
2026-06-25 11:20:00,305.8,306.0,304.75,304.9,62122.0
2026-06-25 11:25:00,304.8,305.0,304.4,304.75,60238.0
2026-06-25 11:30:00,304.9,304.9,304.5,304.75,55218.0
2026-06-25 11:35:00,304.8,304.8,304.05,304.15,73634.0
2026-06-25 11:40:00,304.2,304.6,304.2,304.2,40447.0
2026-06-25 11:45:00,304.3,304.3,303.65,303.9,56259.0
2026-06-25 11:50:00,303.9,304.3,303.8,303.8,31595.0
2026-06-25 11:55:00,303.95,304.3,303.8,304.0,34772.0
2026-06-25 12:00:00,304.25,304.35,304.0,304.35,27655.0
2026-06-25 12:05:00,304.35,304.7,304.1,304.25,38981.0
2026-06-25 12:10:00,304.25,304.85,304.1,304.7,57996.0
2026-06-25 12:15:00,304.7,305.0,303.85,304.5,84154.0
2026-06-25 12:20:00,304.5,304.55,304.0,304.25,20949.0
2026-06-25 12:25:00,304.25,304.45,304.0,304.35,83535.0
2026-06-25 12:30:00,304.45,304.55,304.1,304.1,36102.0
2026-06-25 12:35:00,304.2,304.9,304.1,304.9,37006.0
2026-06-25 12:40:00,304.9,304.9,304.2,304.25,31547.0
2026-06-25 12:45:00,304.4,304.9,304.05,304.15,64364.0
2026-06-25 12:50:00,304.35,304.4,303.15,303.7,109749.0
2026-06-25 12:55:00,303.65,303.8,301.85,301.85,127434.0
2026-06-25 13:00:00,301.95,302.7,301.65,302.3,95164.0
2026-06-25 13:05:00,302.4,302.6,301.85,302.0,37179.0
2026-06-25 13:10:00,302.0,302.0,301.15,301.4,53348.0
2026-06-25 13:15:00,301.5,301.75,301.1,301.55,45682.0
2026-06-25 13:20:00,301.6,302.0,301.25,302.0,53657.0
2026-06-25 13:25:00,302.0,302.0,301.25,301.4,39116.0
2026-06-25 13:30:00,301.4,301.8,301.2,301.8,38828.0
2026-06-25 13:35:00,301.8,301.9,301.6,301.75,26137.0
2026-06-25 13:40:00,301.75,302.05,301.65,302.0,25637.0
2026-06-25 13:45:00,302.05,302.35,302.05,302.2,33409.0
2026-06-25 13:50:00,302.2,302.4,301.9,302.15,48270.0
2026-06-25 13:55:00,302.3,302.4,301.8,302.3,22276.0
2026-06-25 14:00:00,302.2,302.4,301.45,301.8,36609.0
2026-06-25 14:05:00,301.8,302.1,301.6,301.65,21862.0
2026-06-25 14:10:00,301.8,301.9,301.3,301.5,40282.0
2026-06-25 14:15:00,301.65,301.65,300.8,300.95,66040.0
2026-06-25 14:20:00,301.1,301.2,300.2,300.6,83599.0
2026-06-25 14:25:00,300.75,301.15,300.25,300.55,74906.0
2026-06-25 14:30:00,300.55,301.0,300.45,300.8,37447.0
2026-06-25 14:35:00,300.7,300.9,300.5,300.55,42107.0
2026-06-25 14:40:00,300.55,300.55,299.6,299.7,130265.0
2026-06-25 14:45:00,299.7,300.15,299.7,299.95,55107.0
2026-06-25 14:50:00,300.1,300.4,299.85,300.3,86568.0
2026-06-25 14:55:00,300.3,300.3,299.65,299.8,95117.0
2026-06-25 15:00:00,299.65,299.65,299.1,299.3,213840.0
2026-06-25 15:05:00,299.3,300.05,299.05,299.45,362590.0
2026-06-25 15:10:00,299.55,299.55,299.2,299.35,154860.0
2026-06-25 15:15:00,299.3,299.4,298.2,298.5,249307.0
2026-06-25 15:20:00,298.4,298.75,298.0,298.15,238173.0
2026-06-25 15:25:00,298.05,299.1,297.75,298.7,220447.0
2026-06-29 09:15:00,299.0,304.8,297.65,303.95,350027.0
2026-06-29 09:20:00,303.85,305.4,303.2,304.55,265889.0
2026-06-29 09:25:00,304.5,305.75,304.05,304.4,243111.0
2026-06-29 09:30:00,304.7,306.9,304.6,305.75,352520.0
2026-06-29 09:35:00,305.95,306.0,304.25,305.85,157922.0
2026-06-29 09:40:00,305.75,306.75,305.2,306.6,249812.0
2026-06-29 09:45:00,306.5,307.55,306.3,306.6,236001.0
2026-06-29 09:50:00,307.05,307.7,306.95,306.95,195904.0
2026-06-29 09:55:00,306.8,307.05,305.65,306.4,161137.0
2026-06-29 10:00:00,306.4,306.4,305.3,305.7,102137.0
2026-06-29 10:05:00,305.7,306.2,305.5,305.5,84994.0
2026-06-29 10:10:00,305.6,305.6,304.5,304.55,143529.0
2026-06-29 10:15:00,304.75,305.1,302.95,303.45,189472.0
2026-06-29 10:20:00,303.45,304.3,303.05,303.55,125109.0
2026-06-29 10:25:00,303.55,304.5,303.55,303.95,79664.0
2026-06-29 10:30:00,304.15,304.25,303.35,303.35,65708.0
2026-06-29 10:35:00,303.35,303.9,303.3,303.45,64441.0
2026-06-29 10:40:00,303.4,303.6,302.1,302.55,122549.0
2026-06-29 10:45:00,302.55,302.6,302.1,302.25,94593.0
2026-06-29 10:50:00,302.25,302.5,301.75,301.85,96870.0
2026-06-29 10:55:00,302.0,302.75,301.8,302.4,98810.0
2026-06-29 11:00:00,302.4,303.1,302.1,302.55,129494.0
2026-06-29 11:05:00,302.55,302.6,301.4,301.65,135694.0
2026-06-29 11:10:00,301.6,302.5,301.5,302.25,108956.0
2026-06-29 11:15:00,302.15,302.95,302.0,302.65,110768.0
2026-06-29 11:20:00,302.7,303.5,302.4,303.15,121153.0
2026-06-29 11:25:00,303.2,303.25,301.55,301.6,122563.0
2026-06-29 11:30:00,301.6,301.65,301.0,301.45,165892.0
2026-06-29 11:35:00,301.4,301.85,301.3,301.4,109709.0
2026-06-29 11:40:00,301.45,301.85,301.4,301.55,94938.0
2026-06-29 11:45:00,301.5,301.75,301.05,301.35,92499.0
2026-06-29 11:50:00,301.4,301.5,300.1,300.15,99915.0
2026-06-29 11:55:00,300.3,301.5,300.3,300.7,122000.0
2026-06-29 12:00:00,300.75,301.25,300.55,300.8,141087.0
2026-06-29 12:05:00,300.85,301.0,300.5,300.5,112282.0
2026-06-29 12:10:00,300.55,301.1,300.2,300.35,179919.0
2026-06-29 12:15:00,300.35,300.9,299.1,299.15,169358.0
2026-06-29 12:20:00,299.1,299.4,298.6,298.6,188508.0
2026-06-29 12:25:00,298.75,299.5,298.35,298.6,325039.0
2026-06-29 12:30:00,298.65,298.95,297.85,298.1,211388.0
2026-06-29 12:35:00,298.15,298.6,297.7,297.8,230076.0
2026-06-29 12:40:00,297.75,298.9,297.75,298.65,123495.0
2026-06-29 12:45:00,298.65,299.0,298.2,298.3,133272.0
2026-06-29 12:50:00,298.35,299.0,298.2,298.3,226374.0
2026-06-29 12:55:00,298.35,299.0,298.35,298.55,163368.0
2026-06-29 13:00:00,298.65,299.0,298.4,298.75,182790.0
2026-06-29 13:05:00,298.65,299.25,298.55,299.2,167858.0
2026-06-29 13:10:00,299.25,299.9,299.0,299.25,148849.0
2026-06-29 13:15:00,299.25,299.4,298.8,299.0,103033.0
2026-06-29 13:20:00,298.95,299.05,298.25,298.45,120287.0
2026-06-29 13:25:00,298.45,298.75,298.1,298.2,156421.0
2026-06-29 13:30:00,298.25,298.65,298.1,298.4,97625.0
2026-06-29 13:35:00,298.45,299.9,298.15,299.85,148654.0
2026-06-29 13:40:00,299.85,300.35,299.7,300.1,123287.0
2026-06-29 13:45:00,300.05,301.2,300.05,300.95,112007.0
2026-06-29 13:50:00,300.9,301.65,300.85,301.5,123874.0
2026-06-29 13:55:00,301.35,302.45,301.35,302.45,179050.0
2026-06-29 14:00:00,302.25,303.5,302.25,302.35,168952.0
2026-06-29 14:05:00,302.45,303.65,302.2,303.55,114833.0
2026-06-29 14:10:00,303.5,304.0,303.3,303.9,124379.0
2026-06-29 14:15:00,303.9,303.9,302.6,302.6,189740.0
2026-06-29 14:20:00,302.65,302.65,301.85,301.95,210648.0
2026-06-29 14:25:00,301.95,302.45,301.8,302.35,188712.0
2026-06-29 14:30:00,302.25,303.2,302.25,303.05,182614.0
2026-06-29 14:35:00,303.05,303.1,302.35,302.4,178206.0
2026-06-29 14:40:00,302.6,302.9,302.45,302.7,156756.0
2026-06-29 14:45:00,302.7,302.75,301.5,301.65,133270.0
2026-06-29 14:50:00,301.4,301.45,299.6,299.75,635266.0
2026-06-29 14:55:00,299.85,300.35,299.25,299.35,418099.0
2026-06-29 15:00:00,299.1,299.7,297.5,298.45,2698409.0
2026-06-29 15:05:00,298.25,299.95,297.55,298.9,2695666.0
2026-06-29 15:10:00,298.85,299.65,298.0,299.5,2726214.0
2026-06-29 15:15:00,299.25,300.15,298.75,299.5,2861225.0
2026-06-29 15:20:00,299.5,300.4,299.2,299.9,2927601.0
2026-06-29 15:25:00,299.85,301.9,299.6,300.6,1668131.0
2026-06-30 09:15:00,300.8,303.5,297.65,299.45,317325.0
2026-06-30 09:20:00,299.15,300.5,298.95,300.1,113261.0
2026-06-30 09:25:00,300.1,301.15,300.0,301.0,43507.0
2026-06-30 09:30:00,300.85,301.45,300.65,300.85,27502.0
2026-06-30 09:35:00,301.0,301.9,300.8,301.6,36665.0
2026-06-30 09:40:00,301.7,301.95,301.25,301.4,63706.0
2026-06-30 09:45:00,301.4,301.4,300.8,300.8,26728.0
2026-06-30 09:50:00,300.95,302.3,300.9,301.75,77137.0
2026-06-30 09:55:00,301.9,303.2,301.8,302.9,89758.0
2026-06-30 10:00:00,303.0,304.0,303.0,303.75,326631.0
2026-06-30 10:05:00,303.8,304.35,303.4,303.6,100402.0
2026-06-30 10:10:00,303.75,304.8,303.6,304.65,88172.0
2026-06-30 10:15:00,304.8,305.6,303.95,304.05,143303.0
2026-06-30 10:20:00,304.05,304.05,302.7,302.85,92866.0
2026-06-30 10:25:00,303.05,304.0,302.75,303.7,63434.0
2026-06-30 10:30:00,303.9,303.95,303.3,303.95,31340.0
2026-06-30 10:35:00,303.75,303.95,303.3,303.4,33218.0
2026-06-30 10:40:00,303.55,303.9,302.9,303.2,120739.0
2026-06-30 10:45:00,303.2,303.75,302.9,303.75,44696.0
2026-06-30 10:50:00,303.75,304.6,303.6,304.4,57276.0
2026-06-30 10:55:00,304.3,304.45,303.4,303.6,31149.0
2026-06-30 11:00:00,303.55,304.35,303.35,303.7,37067.0
2026-06-30 11:05:00,303.7,304.4,303.5,304.4,48450.0
2026-06-30 11:10:00,304.4,304.8,304.0,304.45,49315.0
2026-06-30 11:15:00,304.45,304.7,304.05,304.3,33786.0
2026-06-30 11:20:00,304.45,304.95,304.15,304.8,68531.0
2026-06-30 11:25:00,304.75,305.5,304.15,305.25,202301.0
2026-06-30 11:30:00,305.25,306.1,305.15,306.0,162955.0
2026-06-30 11:35:00,306.1,306.45,305.75,306.1,105198.0
2026-06-30 11:40:00,306.1,306.3,305.6,305.75,61290.0
2026-06-30 11:45:00,305.75,305.9,305.5,305.6,66268.0
2026-06-30 11:50:00,305.7,305.95,305.4,305.75,96035.0
2026-06-30 11:55:00,305.75,306.9,305.7,306.35,290832.0
2026-06-30 12:00:00,306.15,306.5,306.05,306.45,75465.0
2026-06-30 12:05:00,306.45,306.45,305.85,306.25,83406.0
2026-06-30 12:10:00,306.2,306.35,304.95,305.25,196021.0
2026-06-30 12:15:00,305.0,306.5,305.0,306.5,156042.0
2026-06-30 12:20:00,306.5,306.85,306.3,306.35,100926.0
2026-06-30 12:25:00,306.5,306.85,306.45,306.75,66686.0
2026-06-30 12:30:00,306.6,306.75,305.25,305.6,133776.0
2026-06-30 12:35:00,305.6,305.8,305.2,305.75,69499.0
2026-06-30 12:40:00,305.8,306.45,305.5,305.95,111873.0
2026-06-30 12:45:00,305.85,306.5,305.85,306.3,77545.0
2026-06-30 12:50:00,306.3,306.45,305.85,306.25,65017.0
2026-06-30 12:55:00,306.45,306.65,306.25,306.65,76531.0
2026-06-30 13:00:00,306.65,306.9,306.5,306.8,127612.0
2026-06-30 13:05:00,306.7,306.8,305.7,305.95,153862.0
2026-06-30 13:10:00,305.95,306.0,305.2,305.65,77412.0
2026-06-30 13:15:00,305.65,305.95,305.45,305.55,97114.0
2026-06-30 13:20:00,305.7,306.0,305.5,305.75,63100.0
2026-06-30 13:25:00,305.7,306.0,305.55,305.95,63022.0
2026-06-30 13:30:00,306.0,306.05,305.55,305.85,74795.0
2026-06-30 13:35:00,305.9,306.0,305.8,306.0,63726.0
2026-06-30 13:40:00,306.0,306.0,305.75,306.0,71744.0
2026-06-30 13:45:00,306.0,306.7,305.85,306.35,222177.0
2026-06-30 13:50:00,306.35,306.7,306.05,306.2,71890.0
2026-06-30 13:55:00,306.25,306.5,306.0,306.2,95142.0
2026-06-30 14:00:00,306.2,306.4,305.75,306.2,91513.0
2026-06-30 14:05:00,306.2,306.3,306.0,306.1,77054.0
2026-06-30 14:10:00,306.15,306.5,305.95,306.5,75968.0
2026-06-30 14:15:00,306.5,306.75,306.25,306.5,143220.0
2026-06-30 14:20:00,306.65,306.8,306.05,306.8,123665.0
2026-06-30 14:25:00,306.8,308.45,306.75,308.25,402489.0
2026-06-30 14:30:00,308.35,309.5,308.25,309.5,476448.0
2026-06-30 14:35:00,309.5,309.8,308.9,309.7,184205.0
2026-06-30 14:40:00,309.65,309.9,309.35,309.85,191382.0
2026-06-30 14:45:00,309.85,310.0,309.65,309.9,225700.0
2026-06-30 14:50:00,309.9,310.2,309.65,309.95,204350.0
2026-06-30 14:55:00,310.1,310.5,309.65,309.95,253051.0
2026-06-30 15:00:00,310.0,310.05,308.35,309.05,549840.0
2026-06-30 15:05:00,309.05,310.7,309.05,310.55,386639.0
2026-06-30 15:10:00,310.45,311.45,310.35,311.2,470525.0
2026-06-30 15:15:00,311.2,312.0,311.2,311.75,623602.0
2026-06-30 15:20:00,311.9,312.0,311.5,311.9,320188.0
2026-06-30 15:25:00,311.9,312.0,309.0,310.0,433991.0
2026-07-01 09:15:00,312.7,314.25,310.75,313.3,491226.0
2026-07-01 09:20:00,313.5,313.5,311.0,311.2,401245.0
2026-07-01 09:25:00,311.2,311.75,310.75,311.45,128170.0
2026-07-01 09:30:00,311.55,312.0,311.05,311.3,151622.0
2026-07-01 09:35:00,311.45,312.5,311.1,312.1,104114.0
2026-07-01 09:40:00,312.0,312.1,311.05,311.1,88553.0
2026-07-01 09:45:00,311.1,311.25,310.0,310.35,185403.0
2026-07-01 09:50:00,310.45,310.65,310.1,310.6,57920.0
2026-07-01 09:55:00,310.6,311.15,310.0,310.0,44411.0
2026-07-01 10:00:00,310.1,310.5,309.7,309.75,43747.0
2026-07-01 10:05:00,309.8,310.05,309.55,310.05,65479.0
2026-07-01 10:10:00,310.0,311.4,309.8,311.25,58771.0
2026-07-01 10:15:00,311.25,312.6,311.15,312.4,110631.0
2026-07-01 10:20:00,312.35,313.75,312.25,313.2,167150.0
2026-07-01 10:25:00,313.2,313.9,313.0,313.9,107596.0
2026-07-01 10:30:00,313.9,314.2,313.15,313.4,126184.0
2026-07-01 10:35:00,313.35,313.85,312.9,313.0,72835.0
2026-07-01 10:40:00,312.9,313.7,312.7,313.0,58894.0
2026-07-01 10:45:00,313.15,314.05,312.85,314.0,89283.0
2026-07-01 10:50:00,314.0,314.1,313.65,313.7,73214.0
2026-07-01 10:55:00,313.8,314.0,313.6,313.9,49681.0
2026-07-01 11:00:00,313.75,314.1,313.4,313.45,81988.0
2026-07-01 11:05:00,313.65,313.65,312.85,313.1,116364.0
2026-07-01 11:10:00,313.1,313.45,312.6,313.1,68489.0
2026-07-01 11:15:00,313.2,313.85,313.2,313.55,55815.0
2026-07-01 11:20:00,313.55,313.65,313.3,313.5,31703.0
2026-07-01 11:25:00,313.5,313.7,313.05,313.45,32382.0
2026-07-01 11:30:00,313.35,313.9,313.15,313.8,54008.0
2026-07-01 11:35:00,313.8,315.3,313.65,315.3,226190.0
2026-07-01 11:40:00,315.25,315.8,315.25,315.3,131508.0
2026-07-01 11:45:00,315.3,315.8,315.25,315.75,83088.0
2026-07-01 11:50:00,315.8,315.85,315.3,315.7,79796.0
2026-07-01 11:55:00,315.75,315.85,315.55,315.85,48177.0
2026-07-01 12:00:00,315.85,315.85,315.2,315.35,59719.0
2026-07-01 12:05:00,315.5,315.5,315.25,315.5,39862.0
2026-07-01 12:10:00,315.4,315.85,315.35,315.85,59507.0
2026-07-01 12:15:00,315.85,315.9,315.2,315.3,56984.0
2026-07-01 12:20:00,315.3,315.5,315.15,315.3,73019.0
2026-07-01 12:25:00,315.5,315.5,314.45,314.55,61558.0
2026-07-01 12:30:00,314.55,315.25,314.55,315.0,62591.0
2026-07-01 12:35:00,314.85,314.85,313.6,314.6,115262.0
2026-07-01 12:40:00,314.5,314.7,314.1,314.65,54563.0
2026-07-01 12:45:00,314.65,314.95,314.5,314.7,54111.0
2026-07-01 12:50:00,314.85,314.95,314.5,314.85,35185.0
2026-07-01 12:55:00,314.7,314.9,314.6,314.6,30395.0
2026-07-01 13:00:00,314.8,314.85,313.15,313.65,135321.0
2026-07-01 13:05:00,313.65,314.15,313.5,313.7,48515.0
2026-07-01 13:10:00,313.7,314.5,313.6,314.5,43939.0
2026-07-01 13:15:00,314.55,314.55,314.0,314.0,33735.0
2026-07-01 13:20:00,314.1,314.2,313.6,314.0,57784.0
2026-07-01 13:25:00,314.2,314.2,313.6,313.65,27996.0
2026-07-01 13:30:00,313.6,313.7,312.8,313.5,50333.0
2026-07-01 13:35:00,313.5,314.0,313.2,313.6,31408.0
2026-07-01 13:40:00,313.6,314.0,313.45,313.65,45780.0
2026-07-01 13:45:00,313.65,313.65,312.95,313.1,55181.0
2026-07-01 13:50:00,313.15,313.4,313.1,313.4,20331.0
2026-07-01 13:55:00,313.25,313.25,312.9,312.95,43941.0
2026-07-01 14:00:00,312.95,313.2,312.7,312.9,27043.0
2026-07-01 14:05:00,312.9,312.9,312.5,312.55,55900.0
2026-07-01 14:10:00,312.55,313.75,312.45,313.65,49387.0
2026-07-01 14:15:00,313.65,313.8,313.25,313.25,39375.0
2026-07-01 14:20:00,313.45,313.7,313.2,313.55,16156.0
2026-07-01 14:25:00,313.35,313.65,313.2,313.2,32122.0
2026-07-01 14:30:00,313.25,313.65,313.15,313.25,21441.0
2026-07-01 14:35:00,313.15,313.35,312.8,312.8,22051.0
2026-07-01 14:40:00,312.8,313.4,312.6,313.4,44456.0
2026-07-01 14:45:00,313.4,313.45,312.25,312.5,100276.0
2026-07-01 14:50:00,312.5,312.95,312.0,312.9,95809.0
2026-07-01 14:55:00,312.8,312.95,312.4,312.8,75248.0
2026-07-01 15:00:00,312.85,313.0,312.45,312.75,120907.0
2026-07-01 15:05:00,312.75,312.85,312.5,312.8,71659.0
2026-07-01 15:10:00,312.8,313.05,312.2,313.05,757691.0
2026-07-01 15:15:00,313.05,313.15,312.95,313.0,99416.0
2026-07-01 15:20:00,313.0,313.2,312.35,313.1,327672.0
2026-07-01 15:25:00,313.2,313.3,312.95,313.1,112463.0
2026-07-02 09:15:00,314.0,315.7,313.65,314.95,159670.0
2026-07-02 09:20:00,314.75,315.0,313.2,313.45,68098.0
2026-07-02 09:25:00,313.5,314.85,313.2,314.85,81741.0
2026-07-02 09:30:00,314.85,315.0,313.45,313.6,102805.0
2026-07-02 09:35:00,313.6,315.9,313.55,314.55,92616.0
2026-07-02 09:40:00,314.75,314.75,313.35,313.5,45894.0
2026-07-02 09:45:00,313.5,313.65,312.8,313.0,43462.0
2026-07-02 09:50:00,313.1,313.35,312.7,313.35,33172.0
2026-07-02 09:55:00,313.2,313.35,312.9,312.95,31170.0
2026-07-02 10:00:00,312.95,313.4,312.95,313.3,17307.0
2026-07-02 10:05:00,313.2,313.35,312.5,312.75,42018.0
2026-07-02 10:10:00,312.75,313.4,312.7,313.0,28540.0
2026-07-02 10:15:00,313.0,313.75,312.35,313.6,47201.0
2026-07-02 10:20:00,313.8,314.5,313.45,313.95,48456.0
2026-07-02 10:25:00,313.85,314.85,313.85,314.65,33155.0
2026-07-02 10:30:00,314.65,314.85,314.25,314.75,22127.0
2026-07-02 10:35:00,314.75,315.0,314.55,314.75,20167.0
2026-07-02 10:40:00,314.85,314.85,314.35,314.4,13665.0
2026-07-02 10:45:00,314.5,314.75,314.2,314.55,13996.0
2026-07-02 10:50:00,314.35,314.55,314.2,314.3,10149.0
2026-07-02 10:55:00,314.3,314.5,313.85,314.4,30513.0
2026-07-02 11:00:00,314.3,314.75,314.2,314.45,16817.0
2026-07-02 11:05:00,314.45,314.6,313.95,313.95,23328.0
2026-07-02 11:10:00,314.2,314.3,312.95,313.05,81383.0
2026-07-02 11:15:00,313.3,313.4,312.85,312.85,63276.0
2026-07-02 11:20:00,313.1,313.25,312.75,313.2,65257.0
2026-07-02 11:25:00,313.15,313.3,312.75,312.95,60266.0
2026-07-02 11:30:00,312.95,312.95,312.1,312.35,65757.0
2026-07-02 11:35:00,312.35,312.6,311.85,311.95,104027.0
2026-07-02 11:40:00,312.1,312.2,311.25,311.75,66439.0
2026-07-02 11:45:00,312.45,313.0,312.3,312.95,44950.0
2026-07-02 11:50:00,312.8,313.05,312.6,312.95,20306.0
2026-07-02 11:55:00,312.8,313.35,312.8,312.8,21536.0
2026-07-02 12:00:00,312.8,313.6,312.8,313.55,21478.0
2026-07-02 12:05:00,313.4,313.75,313.25,313.7,25016.0
2026-07-02 12:10:00,313.5,314.3,313.2,313.7,55589.0
2026-07-02 12:15:00,313.75,314.3,313.5,314.3,29549.0
2026-07-02 12:20:00,314.15,314.4,314.05,314.35,46844.0
2026-07-02 12:25:00,314.2,314.8,314.15,314.75,62664.0
2026-07-02 12:30:00,314.55,314.75,314.3,314.4,33349.0
2026-07-02 12:35:00,314.45,314.9,314.4,314.8,53930.0
2026-07-02 12:40:00,314.8,315.0,314.3,314.95,116401.0
2026-07-02 12:45:00,314.85,314.95,314.4,314.6,26005.0
2026-07-02 12:50:00,314.6,314.65,314.3,314.65,23841.0
2026-07-02 12:55:00,314.65,314.65,314.2,314.45,26958.0
2026-07-02 13:00:00,314.45,314.65,314.25,314.55,22223.0
2026-07-02 13:05:00,314.55,314.85,314.4,314.8,17518.0
2026-07-02 13:10:00,314.75,314.8,314.3,314.5,15072.0
2026-07-02 13:15:00,314.5,314.55,314.05,314.5,33436.0
2026-07-02 13:20:00,314.5,314.75,314.25,314.6,129971.0
2026-07-02 13:25:00,314.4,314.65,314.35,314.5,42038.0
2026-07-02 13:30:00,314.4,314.55,314.35,314.55,20738.0
2026-07-02 13:35:00,314.55,314.55,314.25,314.55,37988.0
2026-07-02 13:40:00,314.5,314.8,314.4,314.8,24912.0
2026-07-02 13:45:00,314.8,314.9,314.55,314.9,18803.0
2026-07-02 13:50:00,314.9,315.2,314.7,314.9,175102.0
2026-07-02 13:55:00,314.9,315.0,314.65,315.0,26148.0
2026-07-02 14:00:00,314.85,315.0,314.8,315.0,33190.0
2026-07-02 14:05:00,314.9,315.0,314.8,314.95,20668.0
2026-07-02 14:10:00,314.95,315.0,314.6,314.8,23670.0
2026-07-02 14:15:00,314.8,314.8,314.25,314.5,20360.0
2026-07-02 14:20:00,314.5,314.75,314.25,314.65,23124.0
2026-07-02 14:25:00,314.7,315.0,314.6,314.85,39485.0
2026-07-02 14:30:00,314.85,315.75,314.85,315.6,128207.0
2026-07-02 14:35:00,315.4,316.0,315.3,316.0,142630.0
2026-07-02 14:40:00,316.0,316.0,315.4,315.75,136225.0
2026-07-02 14:45:00,315.75,315.85,315.4,315.5,21947.0
2026-07-02 14:50:00,315.5,315.7,315.4,315.6,49697.0
2026-07-02 14:55:00,315.6,316.0,315.6,315.85,43942.0
2026-07-02 15:00:00,315.7,315.85,315.5,315.8,49168.0
2026-07-02 15:05:00,315.75,315.75,314.9,315.5,109200.0
2026-07-02 15:10:00,315.6,315.95,315.0,315.45,125363.0
2026-07-02 15:15:00,315.45,315.7,315.15,315.6,122391.0
2026-07-02 15:20:00,315.6,315.65,314.8,314.95,131392.0
2026-07-02 15:25:00,315.0,315.3,314.6,315.0,144247.0
2026-07-03 09:15:00,318.0,322.0,317.75,321.25,377476.0
2026-07-03 09:20:00,321.3,322.5,319.9,321.45,482945.0
2026-07-03 09:25:00,321.35,321.6,320.45,320.7,140788.0
2026-07-03 09:30:00,320.65,322.05,320.5,320.85,190965.0
2026-07-03 09:35:00,321.0,321.5,320.2,320.4,115667.0
2026-07-03 09:40:00,320.5,322.0,320.4,321.35,75693.0
2026-07-03 09:45:00,321.4,326.0,321.1,325.9,721203.0
2026-07-03 09:50:00,325.9,326.6,325.6,326.0,364184.0
2026-07-03 09:55:00,326.05,326.05,324.3,324.8,334188.0
2026-07-03 10:00:00,324.8,325.25,324.5,324.9,83278.0
2026-07-03 10:05:00,324.9,324.95,324.2,324.2,76635.0
2026-07-03 10:10:00,324.25,324.45,323.05,323.5,117544.0
2026-07-03 10:15:00,323.4,323.8,323.0,323.6,48919.0
2026-07-03 10:20:00,323.6,324.1,322.95,322.95,41744.0
2026-07-03 10:25:00,323.0,323.5,322.7,323.0,41082.0
2026-07-03 10:30:00,323.0,323.0,322.75,322.9,47439.0
2026-07-03 10:35:00,322.85,323.95,322.7,323.6,80606.0
2026-07-03 10:40:00,323.65,323.95,323.3,323.6,29843.0
2026-07-03 10:45:00,323.65,324.95,323.6,324.55,85423.0
2026-07-03 10:50:00,324.65,325.1,324.0,324.2,108490.0
2026-07-03 10:55:00,324.25,324.25,323.6,323.75,28358.0
2026-07-03 11:00:00,323.75,324.05,323.2,323.45,38108.0
2026-07-03 11:05:00,323.4,323.75,323.15,323.6,23395.0
2026-07-03 11:10:00,323.6,323.6,323.15,323.25,18641.0
2026-07-03 11:15:00,323.3,323.7,322.95,323.45,53700.0
2026-07-03 11:20:00,323.4,323.5,323.15,323.45,31605.0
2026-07-03 11:25:00,323.45,323.7,323.25,323.6,19069.0
2026-07-03 11:30:00,323.7,324.05,323.45,323.85,20856.0
2026-07-03 11:35:00,323.85,324.0,323.6,323.75,15726.0
2026-07-03 11:40:00,323.75,324.45,323.25,323.55,33400.0
2026-07-03 11:45:00,323.55,324.6,323.2,324.4,41798.0
2026-07-03 11:50:00,324.4,325.45,324.4,325.1,95366.0
2026-07-03 11:55:00,325.05,326.9,325.05,326.8,195341.0
2026-07-03 12:00:00,326.8,327.9,326.8,327.45,206812.0
2026-07-03 12:05:00,327.5,327.5,327.0,327.05,77713.0
2026-07-03 12:10:00,327.0,327.2,326.5,326.8,51485.0
2026-07-03 12:15:00,326.75,327.0,326.1,326.15,44841.0
2026-07-03 12:20:00,326.15,326.9,325.95,326.85,75492.0
2026-07-03 12:25:00,326.6,328.25,326.6,327.35,150730.0
2026-07-03 12:30:00,327.35,327.8,327.1,327.45,94974.0
2026-07-03 12:35:00,327.4,327.75,327.3,327.35,47946.0
2026-07-03 12:40:00,327.35,327.6,327.2,327.5,42899.0
2026-07-03 12:45:00,327.3,327.5,326.15,327.05,125018.0
2026-07-03 12:50:00,327.05,327.5,326.35,326.55,78354.0
2026-07-03 12:55:00,326.6,327.4,326.45,327.15,49104.0
2026-07-03 13:00:00,327.15,327.45,326.8,327.1,47545.0
2026-07-03 13:05:00,327.1,327.15,326.6,326.95,49198.0
2026-07-03 13:10:00,326.9,327.1,326.7,326.85,41877.0
2026-07-03 13:15:00,327.0,327.2,326.8,326.9,48361.0
2026-07-03 13:20:00,326.85,327.6,326.85,327.3,56079.0
2026-07-03 13:25:00,327.3,327.5,327.1,327.2,45285.0
2026-07-03 13:30:00,327.35,327.45,326.7,326.85,57013.0
2026-07-03 13:35:00,326.85,327.15,326.7,327.1,92013.0
2026-07-03 13:40:00,327.0,329.0,327.0,328.0,367994.0
2026-07-03 13:45:00,328.05,328.1,327.7,327.85,55080.0
2026-07-03 13:50:00,327.85,328.2,327.85,327.85,85085.0
2026-07-03 13:55:00,327.9,328.2,327.5,327.6,64981.0
2026-07-03 14:00:00,327.6,327.8,327.4,327.5,78886.0
2026-07-03 14:05:00,327.5,327.8,327.3,327.65,57185.0
2026-07-03 14:10:00,327.55,327.9,327.3,327.5,45850.0
2026-07-03 14:15:00,327.5,327.85,327.3,327.8,38412.0
2026-07-03 14:20:00,327.8,327.85,327.35,327.65,46889.0
2026-07-03 14:25:00,327.65,327.85,326.5,326.85,110439.0
2026-07-03 14:30:00,326.7,327.4,326.55,327.3,79138.0
2026-07-03 14:35:00,327.3,327.5,326.75,327.4,93905.0
2026-07-03 14:40:00,327.2,327.5,327.05,327.2,51109.0
2026-07-03 14:45:00,327.25,327.5,326.95,327.1,80050.0
2026-07-03 14:50:00,327.1,327.25,326.5,326.8,90095.0
2026-07-03 14:55:00,326.9,327.2,326.7,327.1,59685.0
2026-07-03 15:00:00,327.1,327.65,327.0,327.3,67087.0
2026-07-03 15:05:00,327.3,327.65,327.15,327.45,93339.0
2026-07-03 15:10:00,327.3,327.45,326.35,326.8,274001.0
2026-07-03 15:15:00,326.65,327.3,326.2,327.3,558621.0
2026-07-03 15:20:00,327.45,327.5,326.45,327.4,364073.0
2026-07-03 15:25:00,327.4,327.9,327.0,327.55,295104.0
2026-07-06 09:15:00,330.0,330.7,326.05,328.75,566102.0
2026-07-06 09:20:00,328.75,328.95,326.25,326.45,243913.0
2026-07-06 09:25:00,326.7,327.6,325.25,327.4,120355.0
2026-07-06 09:30:00,327.45,327.7,326.5,327.05,134405.0
2026-07-06 09:35:00,327.15,327.4,326.3,327.3,58718.0
2026-07-06 09:40:00,327.4,327.5,326.4,326.9,60982.0
2026-07-06 09:45:00,326.9,327.6,326.75,327.4,46696.0
2026-07-06 09:50:00,327.45,328.75,327.3,328.4,58777.0
2026-07-06 09:55:00,328.6,329.45,328.05,328.55,100288.0
2026-07-06 10:00:00,328.6,328.75,327.7,328.55,44132.0
2026-07-06 10:05:00,328.9,329.2,328.0,329.2,36644.0
2026-07-06 10:10:00,329.05,329.2,328.3,328.95,53160.0
2026-07-06 10:15:00,328.95,329.15,328.55,328.8,33622.0
2026-07-06 10:20:00,328.9,329.0,328.25,328.75,27871.0
2026-07-06 10:25:00,328.95,328.95,327.65,327.8,37704.0
2026-07-06 10:30:00,327.65,328.0,326.5,326.85,122452.0
2026-07-06 10:35:00,326.9,327.85,326.6,327.85,25045.0
2026-07-06 10:40:00,327.45,327.95,327.45,327.85,29729.0
2026-07-06 10:45:00,327.75,328.0,327.3,327.7,31632.0
2026-07-06 10:50:00,327.7,328.0,326.85,327.0,43808.0
2026-07-06 10:55:00,327.0,327.0,325.05,326.5,90838.0
2026-07-06 11:00:00,326.35,328.0,326.35,327.8,24729.0
2026-07-06 11:05:00,327.8,327.9,327.4,327.6,9918.0
2026-07-06 11:10:00,327.45,328.0,327.45,327.9,31639.0
2026-07-06 11:15:00,328.0,328.0,327.4,327.55,9856.0
2026-07-06 11:20:00,327.6,328.25,327.6,327.9,26588.0
2026-07-06 11:25:00,327.9,329.3,327.6,329.15,66445.0
2026-07-06 11:30:00,329.1,330.45,328.8,330.25,122336.0
2026-07-06 11:35:00,330.15,330.15,329.15,329.55,64250.0
2026-07-06 11:40:00,329.65,330.1,329.4,329.95,36356.0
2026-07-06 11:45:00,329.95,330.25,329.4,329.8,45968.0
2026-07-06 11:50:00,329.9,332.25,329.65,332.15,247840.0
2026-07-06 11:55:00,332.0,332.2,331.65,331.75,136927.0
2026-07-06 12:00:00,331.75,332.4,330.9,331.2,154568.0
2026-07-06 12:05:00,331.2,331.9,331.0,331.7,48734.0
2026-07-06 12:10:00,331.8,332.95,331.8,332.1,116345.0
2026-07-06 12:15:00,332.0,332.15,331.0,331.2,49493.0
2026-07-06 12:20:00,331.2,331.65,331.1,331.3,81090.0
2026-07-06 12:25:00,331.3,332.3,331.3,332.0,49541.0
2026-07-06 12:30:00,332.05,332.55,331.25,332.1,183461.0
2026-07-06 12:35:00,332.1,333.7,332.05,332.5,260965.0
2026-07-06 12:40:00,332.55,332.8,332.05,332.6,47106.0
2026-07-06 12:45:00,332.65,332.7,332.0,332.3,38172.0
2026-07-06 12:50:00,332.35,334.4,332.25,333.5,180787.0
2026-07-06 12:55:00,333.5,334.8,333.3,334.4,99560.0
2026-07-06 13:00:00,334.3,334.5,333.55,333.75,80444.0
2026-07-06 13:05:00,333.75,334.2,333.6,334.2,40318.0
2026-07-06 13:10:00,334.2,334.7,334.1,334.3,47575.0
2026-07-06 13:15:00,334.3,334.5,333.7,333.7,74032.0
2026-07-06 13:20:00,333.85,334.1,333.45,333.9,59531.0
2026-07-06 13:25:00,333.85,334.35,333.65,333.95,44894.0
2026-07-06 13:30:00,333.85,334.9,333.85,334.1,128522.0
2026-07-06 13:35:00,334.2,334.35,333.85,334.1,33080.0
2026-07-06 13:40:00,334.15,334.4,333.85,334.2,45944.0
2026-07-06 13:45:00,334.25,334.5,334.0,334.25,24125.0
2026-07-06 13:50:00,334.35,334.65,333.9,334.2,50075.0
2026-07-06 13:55:00,334.1,334.25,333.55,333.55,52205.0
2026-07-06 14:00:00,333.55,334.75,333.55,334.7,57817.0
2026-07-06 14:05:00,334.7,334.75,333.95,334.1,44952.0
2026-07-06 14:10:00,334.05,334.9,334.0,334.9,50804.0
2026-07-06 14:15:00,334.9,335.35,334.8,335.1,157685.0
2026-07-06 14:20:00,335.2,335.7,334.75,335.45,162205.0
2026-07-06 14:25:00,335.45,335.5,335.0,335.3,43555.0
2026-07-06 14:30:00,335.3,335.5,335.0,335.15,55161.0
2026-07-06 14:35:00,335.35,335.5,335.05,335.5,47928.0
2026-07-06 14:40:00,335.45,335.7,334.7,334.7,133442.0
2026-07-06 14:45:00,334.75,334.95,334.1,334.2,113338.0
2026-07-06 14:50:00,334.2,334.85,333.9,334.8,62788.0
2026-07-06 14:55:00,334.8,334.95,334.5,334.5,33700.0
2026-07-06 15:00:00,334.6,334.85,334.4,334.65,74698.0
2026-07-06 15:05:00,334.75,335.35,334.65,335.15,104623.0
2026-07-06 15:10:00,335.15,336.0,334.95,335.8,176466.0
2026-07-06 15:15:00,335.8,336.0,335.6,335.6,218062.0
2026-07-06 15:20:00,335.5,336.0,335.45,336.0,170686.0
2026-07-06 15:25:00,335.9,336.3,335.9,335.9,172468.0
2026-07-07 09:15:00,335.9,338.0,335.1,337.2,238728.0
2026-07-07 09:20:00,337.2,338.6,336.6,337.9,207274.0
2026-07-07 09:25:00,337.7,338.45,336.6,337.2,97479.0
2026-07-07 09:30:00,337.2,337.2,335.3,336.65,155876.0
2026-07-07 09:35:00,336.5,337.2,336.35,336.85,88399.0
2026-07-07 09:40:00,336.85,338.05,336.75,337.6,103600.0
2026-07-07 09:45:00,337.7,337.7,334.0,334.7,183364.0
2026-07-07 09:50:00,334.55,335.2,334.2,334.25,85815.0
2026-07-07 09:55:00,334.4,334.7,334.0,334.1,61480.0
2026-07-07 10:00:00,334.2,334.85,333.3,333.55,59692.0
2026-07-07 10:05:00,333.5,334.2,333.0,334.0,64715.0
2026-07-07 10:10:00,334.0,334.05,332.7,333.45,98543.0
2026-07-07 10:15:00,333.5,333.5,332.5,332.5,56557.0
2026-07-07 10:20:00,332.35,333.1,332.25,332.45,38142.0
2026-07-07 10:25:00,332.35,332.85,331.85,332.55,50664.0
2026-07-07 10:30:00,332.55,333.1,332.3,332.65,35243.0
2026-07-07 10:35:00,332.6,332.75,332.0,332.4,18636.0
2026-07-07 10:40:00,332.4,332.6,332.0,332.0,28339.0
2026-07-07 10:45:00,332.1,333.9,332.0,333.65,69573.0
2026-07-07 10:50:00,333.5,333.55,333.0,333.25,11433.0
2026-07-07 10:55:00,333.1,333.25,331.65,332.4,45624.0
2026-07-07 11:00:00,332.25,332.4,331.55,332.2,30461.0
2026-07-07 11:05:00,332.1,332.8,332.0,332.65,43537.0
2026-07-07 11:10:00,332.6,332.8,332.5,332.75,19370.0
2026-07-07 11:15:00,332.75,332.9,332.35,332.7,19712.0
2026-07-07 11:20:00,332.7,332.8,332.55,332.55,10652.0
2026-07-07 11:25:00,332.65,333.45,332.6,333.3,35161.0
2026-07-07 11:30:00,333.45,333.95,333.2,333.45,25478.0
2026-07-07 11:35:00,333.45,333.7,333.2,333.7,14045.0
2026-07-07 11:40:00,333.55,333.7,333.15,333.35,15270.0
2026-07-07 11:45:00,333.35,333.7,333.1,333.65,17126.0
2026-07-07 11:50:00,333.55,333.7,333.2,333.35,24011.0
2026-07-07 11:55:00,333.25,333.45,333.0,333.05,21279.0
2026-07-07 12:00:00,333.2,333.7,333.15,333.6,8428.0
2026-07-07 12:05:00,333.45,333.65,333.15,333.15,11023.0
2026-07-07 12:10:00,333.1,333.4,333.0,333.0,24476.0
2026-07-07 12:15:00,333.0,333.1,332.35,332.45,22863.0
2026-07-07 12:20:00,332.55,333.05,332.45,333.05,17996.0
2026-07-07 12:25:00,332.7,333.6,332.45,333.55,20525.0
2026-07-07 12:30:00,333.55,333.55,331.8,331.85,36463.0
2026-07-07 12:35:00,331.95,332.5,331.65,332.5,22593.0
2026-07-07 12:40:00,332.45,332.65,332.3,332.4,7267.0
2026-07-07 12:45:00,332.4,333.2,332.4,333.2,9112.0
2026-07-07 12:50:00,332.95,333.0,332.25,332.3,6970.0
2026-07-07 12:55:00,332.3,332.7,332.0,332.3,13308.0
2026-07-07 13:00:00,332.5,332.85,332.2,332.85,18966.0
2026-07-07 13:05:00,332.85,332.95,332.25,332.25,14650.0
2026-07-07 13:10:00,332.25,332.45,331.75,331.95,12327.0
2026-07-07 13:15:00,331.85,332.5,331.15,332.5,44410.0
2026-07-07 13:20:00,332.4,332.5,332.2,332.35,7472.0
2026-07-07 13:25:00,332.2,332.85,332.15,332.65,9604.0
2026-07-07 13:30:00,332.8,332.8,332.15,332.35,35169.0
2026-07-07 13:35:00,332.35,332.55,332.0,332.0,5656.0
2026-07-07 13:40:00,332.0,332.5,331.95,332.25,7293.0
2026-07-07 13:45:00,332.45,334.3,332.25,334.25,104629.0
2026-07-07 13:50:00,334.25,334.25,333.9,334.0,25719.0
2026-07-07 13:55:00,334.0,334.2,333.9,334.0,24212.0
2026-07-07 14:00:00,334.1,334.7,334.0,334.55,28178.0
2026-07-07 14:05:00,334.45,334.6,334.0,334.5,31721.0
2026-07-07 14:10:00,334.55,334.95,334.35,334.75,42193.0
2026-07-07 14:15:00,334.75,334.85,334.5,334.7,15174.0
2026-07-07 14:20:00,334.6,334.7,334.4,334.5,6459.0
2026-07-07 14:25:00,334.45,334.7,334.4,334.5,15009.0
2026-07-07 14:30:00,334.35,334.75,334.15,334.65,23949.0
2026-07-07 14:35:00,334.65,335.0,334.5,334.85,40639.0
2026-07-07 14:40:00,335.0,335.4,334.85,335.1,86619.0
2026-07-07 14:45:00,335.25,335.3,334.85,335.0,41330.0
2026-07-07 14:50:00,335.0,335.5,334.95,335.3,50625.0
2026-07-07 14:55:00,335.15,335.4,334.45,334.65,63842.0
2026-07-07 15:00:00,334.6,334.6,333.9,334.5,93065.0
2026-07-07 15:05:00,334.4,334.9,334.15,334.6,108942.0
2026-07-07 15:10:00,334.5,334.7,334.2,334.6,83884.0
2026-07-07 15:15:00,334.6,334.8,334.1,334.3,197404.0
2026-07-07 15:20:00,334.3,334.65,333.4,334.55,314782.0
2026-07-07 15:25:00,334.7,334.7,334.05,334.1,185342.0
2026-07-08 09:15:00,330.2,330.45,324.45,325.55,379928.0
2026-07-08 09:20:00,326.1,326.15,323.5,324.2,206797.0
2026-07-08 09:25:00,324.2,325.25,324.1,324.65,209658.0
2026-07-08 09:30:00,324.45,324.9,323.85,324.65,88029.0
2026-07-08 09:35:00,324.7,325.2,322.35,324.35,207276.0
2026-07-08 09:40:00,324.25,324.85,323.65,324.35,267239.0
2026-07-08 09:45:00,324.3,324.7,323.5,323.75,89461.0
2026-07-08 09:50:00,323.5,324.35,323.1,323.45,87244.0
2026-07-08 09:55:00,323.4,324.55,323.4,324.25,104046.0
2026-07-08 10:00:00,324.05,324.55,323.55,324.55,111445.0
2026-07-08 10:05:00,324.55,324.95,324.45,324.5,93254.0
2026-07-08 10:10:00,324.5,324.75,324.0,324.15,59152.0
2026-07-08 10:15:00,324.15,326.4,323.65,326.25,168780.0
2026-07-08 10:20:00,326.05,326.55,325.85,326.3,55851.0
2026-07-08 10:25:00,326.25,327.9,326.1,327.7,96965.0
2026-07-08 10:30:00,327.6,329.2,327.55,328.75,102453.0
2026-07-08 10:35:00,328.65,330.1,328.65,329.8,124168.0
2026-07-08 10:40:00,329.8,330.75,329.25,330.0,96904.0
2026-07-08 10:45:00,330.0,330.8,329.25,329.5,100682.0
2026-07-08 10:50:00,329.4,329.5,327.3,327.55,70614.0
2026-07-08 10:55:00,327.7,328.45,327.55,328.3,61425.0
2026-07-08 11:00:00,328.05,328.35,327.5,327.65,56823.0
2026-07-08 11:05:00,327.85,328.0,327.65,327.8,11646.0
2026-07-08 11:10:00,327.75,328.6,327.5,328.0,86454.0
2026-07-08 11:15:00,328.0,328.45,327.75,328.0,12935.0
2026-07-08 11:20:00,328.2,328.7,328.05,328.6,19650.0
2026-07-08 11:25:00,328.7,329.1,328.2,328.6,75161.0
2026-07-08 11:30:00,328.45,329.2,327.5,328.0,70892.0
2026-07-08 11:35:00,328.0,328.25,327.75,328.15,18199.0
2026-07-08 11:40:00,328.15,328.15,327.2,327.2,22897.0
2026-07-08 11:45:00,327.4,327.7,327.3,327.5,36808.0
2026-07-08 11:50:00,327.3,328.1,327.3,327.85,29269.0
2026-07-08 11:55:00,327.85,328.2,327.3,327.65,44908.0
2026-07-08 12:00:00,327.55,327.95,327.35,327.8,37975.0
2026-07-08 12:05:00,327.7,327.8,327.05,327.05,96000.0
2026-07-08 12:10:00,327.0,327.5,326.85,327.25,10472.0
2026-07-08 12:15:00,327.35,327.45,327.0,327.3,26680.0
2026-07-08 12:20:00,327.0,327.6,326.25,326.5,46936.0
2026-07-08 12:25:00,326.5,326.6,326.2,326.4,38327.0
2026-07-08 12:30:00,326.4,326.4,325.75,326.05,32354.0
2026-07-08 12:35:00,326.25,326.35,325.75,325.9,13195.0
2026-07-08 12:40:00,325.9,326.0,325.65,325.8,21203.0
2026-07-08 12:45:00,326.0,326.55,325.9,326.5,27352.0
2026-07-08 12:50:00,326.5,327.15,326.2,326.65,55660.0
2026-07-08 12:55:00,326.65,327.25,326.4,327.25,52918.0
2026-07-08 13:00:00,327.25,327.45,326.8,327.3,21183.0
2026-07-08 13:05:00,327.3,327.4,326.5,326.5,21455.0
2026-07-08 13:10:00,326.6,326.6,325.85,326.4,50369.0
2026-07-08 13:15:00,326.4,326.6,326.0,326.15,25286.0
2026-07-08 13:20:00,326.05,326.4,325.75,326.15,30498.0
2026-07-08 13:25:00,326.3,327.3,325.15,327.1,64391.0
2026-07-08 13:30:00,327.1,327.4,326.5,327.2,29575.0
2026-07-08 13:35:00,327.3,327.4,326.7,327.1,24567.0
2026-07-08 13:40:00,327.0,327.75,326.7,326.8,71178.0
2026-07-08 13:45:00,326.75,326.95,324.75,324.75,92671.0
2026-07-08 13:50:00,324.65,324.8,323.25,323.4,81301.0
2026-07-08 13:55:00,323.4,323.4,321.2,321.45,95324.0
2026-07-08 14:00:00,321.25,321.65,318.6,318.95,200920.0
2026-07-08 14:05:00,318.65,319.05,315.85,317.5,654059.0
2026-07-08 14:10:00,317.6,318.75,316.9,317.7,163000.0
2026-07-08 14:15:00,317.6,319.0,317.05,317.5,215824.0
2026-07-08 14:20:00,317.65,318.95,317.35,317.75,95614.0
2026-07-08 14:25:00,317.8,318.3,316.25,316.45,150511.0
2026-07-08 14:30:00,316.45,317.65,316.0,316.85,102447.0
2026-07-08 14:35:00,316.9,317.1,315.1,315.4,169509.0
2026-07-08 14:40:00,315.6,315.75,313.35,314.35,314251.0
2026-07-08 14:45:00,314.15,314.45,313.4,313.8,134515.0
2026-07-08 14:50:00,313.75,314.5,313.5,313.85,138906.0
2026-07-08 14:55:00,313.95,314.5,313.05,313.9,132013.0
2026-07-08 15:00:00,313.9,315.25,313.65,314.55,367087.0
2026-07-08 15:05:00,314.5,314.65,313.65,314.0,660766.0
2026-07-08 15:10:00,313.95,314.45,313.45,314.25,184741.0
2026-07-08 15:15:00,314.15,316.0,313.85,315.45,230992.0
2026-07-08 15:20:00,315.45,315.45,313.9,314.2,242606.0
2026-07-08 15:25:00,314.2,315.0,314.0,314.75,168566.0
2026-07-09 09:15:00,314.75,317.8,314.1,316.1,307343.0
2026-07-09 09:20:00,316.15,316.3,313.5,314.4,206960.0
2026-07-09 09:25:00,314.35,314.65,312.55,314.05,236869.0
2026-07-09 09:30:00,314.0,314.5,310.4,310.7,287204.0
2026-07-09 09:35:00,310.6,311.45,309.2,311.25,223396.0
2026-07-09 09:40:00,311.3,313.55,311.05,313.4,162720.0
2026-07-09 09:45:00,313.45,314.5,312.5,314.3,147266.0
2026-07-09 09:50:00,314.35,315.85,314.15,315.5,183763.0
2026-07-09 09:55:00,315.4,315.85,314.1,314.6,85637.0
2026-07-09 10:00:00,314.6,315.8,314.6,315.0,63876.0
2026-07-09 10:05:00,315.0,315.25,314.5,315.25,64517.0
2026-07-09 10:10:00,315.25,316.5,314.5,316.45,90271.0
2026-07-09 10:15:00,316.35,318.95,316.3,318.15,256100.0
2026-07-09 10:20:00,318.15,318.3,317.5,317.7,112581.0
2026-07-09 10:25:00,317.7,317.95,317.1,317.45,83024.0
2026-07-09 10:30:00,317.45,317.65,315.7,316.5,107026.0
2026-07-09 10:35:00,316.5,316.75,315.8,316.1,75070.0
2026-07-09 10:40:00,316.05,318.2,316.05,316.5,94149.0
2026-07-09 10:45:00,316.6,316.8,315.9,316.15,58436.0
2026-07-09 10:50:00,316.15,316.95,316.15,316.95,33421.0
2026-07-09 10:55:00,316.95,317.3,316.5,316.7,22583.0
2026-07-09 11:00:00,316.7,317.3,316.5,317.3,38507.0
2026-07-09 11:05:00,317.3,317.75,316.8,317.7,48585.0
2026-07-09 11:10:00,317.7,318.0,317.55,317.95,25409.0
2026-07-09 11:15:00,318.0,319.0,318.0,318.8,76146.0
2026-07-09 11:20:00,318.95,319.9,318.8,319.65,106072.0
2026-07-09 11:25:00,319.8,320.95,319.35,320.9,146972.0
2026-07-09 11:30:00,320.9,320.95,320.0,320.4,59993.0
2026-07-09 11:35:00,320.45,320.6,320.05,320.4,36154.0
2026-07-09 11:40:00,320.4,321.85,319.65,320.65,246678.0
2026-07-09 11:45:00,320.5,320.8,320.1,320.45,29628.0
2026-07-09 11:50:00,320.45,321.15,319.75,321.15,71579.0
2026-07-09 11:55:00,321.2,321.8,321.1,321.6,120282.0
2026-07-09 12:00:00,321.75,322.05,320.9,321.15,95680.0
2026-07-09 12:05:00,321.15,321.5,320.9,321.1,22743.0
2026-07-09 12:10:00,321.25,321.3,320.95,321.05,17440.0
2026-07-09 12:15:00,321.3,321.7,321.05,321.5,38459.0
2026-07-09 12:20:00,321.45,321.7,321.3,321.7,93863.0
2026-07-09 12:25:00,321.7,321.8,321.45,321.8,15546.0
2026-07-09 12:30:00,321.8,322.65,321.5,322.05,166402.0
2026-07-09 12:35:00,322.05,322.7,321.65,322.55,53241.0
2026-07-09 12:40:00,322.55,322.6,322.1,322.2,77810.0
2026-07-09 12:45:00,322.2,322.5,322.1,322.4,29084.0
2026-07-09 12:50:00,322.4,322.85,322.25,322.85,70989.0
2026-07-09 12:55:00,322.8,322.85,322.4,322.7,24604.0
2026-07-09 13:00:00,322.75,322.75,320.75,321.2,419168.0
2026-07-09 13:05:00,321.25,322.6,320.3,321.9,359297.0
2026-07-09 13:10:00,322.0,322.6,321.7,321.85,72604.0
2026-07-09 13:15:00,321.85,322.1,321.5,322.0,87855.0
2026-07-09 13:20:00,322.0,322.0,321.5,321.8,35491.0
2026-07-09 13:25:00,321.65,323.2,321.5,323.2,99489.0
2026-07-09 13:30:00,323.2,323.6,323.0,323.55,24478.0
2026-07-09 13:35:00,323.55,324.2,323.25,323.25,393991.0
2026-07-09 13:40:00,323.4,323.7,323.1,323.35,61307.0
2026-07-09 13:45:00,323.4,323.4,322.9,323.4,49872.0
2026-07-09 13:50:00,323.35,323.45,322.95,323.3,53456.0
2026-07-09 13:55:00,323.35,324.25,323.15,323.55,76297.0
2026-07-09 14:00:00,323.65,323.9,323.2,323.2,59668.0
2026-07-09 14:05:00,323.2,323.6,322.1,322.8,153676.0
2026-07-09 14:10:00,322.75,323.3,322.1,323.0,63395.0
2026-07-09 14:15:00,322.7,322.9,321.8,322.25,81776.0
2026-07-09 14:20:00,322.25,322.85,322.1,322.3,63676.0
2026-07-09 14:25:00,322.3,322.6,322.0,322.25,46655.0
2026-07-09 14:30:00,322.25,322.95,321.7,321.85,33223.0
2026-07-09 14:35:00,321.8,322.55,321.5,322.2,79209.0
2026-07-09 14:40:00,322.15,322.55,321.75,322.2,153095.0
2026-07-09 14:45:00,322.2,322.4,322.0,322.0,80012.0
2026-07-09 14:50:00,321.95,322.5,321.8,322.45,85713.0
2026-07-09 14:55:00,322.3,322.4,321.35,321.75,106559.0
2026-07-09 15:00:00,321.75,321.75,319.8,320.3,227406.0
2026-07-09 15:05:00,320.3,321.35,319.7,321.25,470341.0
2026-07-09 15:10:00,321.2,321.25,320.4,320.45,253455.0
2026-07-09 15:15:00,320.45,321.55,320.4,321.35,210850.0
2026-07-09 15:20:00,321.4,322.0,321.35,321.75,245283.0
2026-07-09 15:25:00,321.8,322.9,320.0,320.7,520024.0
2026-07-10 09:15:00,323.0,326.0,322.2,323.65,440997.0
2026-07-10 09:20:00,323.35,326.6,323.25,326.45,217985.0
2026-07-10 09:25:00,326.3,327.4,326.0,326.95,241757.0
2026-07-10 09:30:00,327.0,327.2,326.1,327.0,231330.0
2026-07-10 09:35:00,327.0,328.0,326.35,327.8,270736.0
2026-07-10 09:40:00,327.65,328.7,326.95,328.4,620634.0
2026-07-10 09:45:00,328.35,328.75,327.7,328.25,260521.0
2026-07-10 09:50:00,328.5,328.5,327.0,327.3,218167.0
2026-07-10 09:55:00,327.3,327.4,326.7,326.9,83808.0
2026-07-10 10:00:00,326.9,327.0,325.15,325.25,164005.0
2026-07-10 10:05:00,325.25,325.45,323.8,324.2,257977.0
2026-07-10 10:10:00,324.2,325.35,324.15,325.15,206127.0
2026-07-10 10:15:00,325.15,325.4,324.1,324.2,80486.0
2026-07-10 10:20:00,324.2,324.95,324.1,324.7,40062.0
2026-07-10 10:25:00,324.7,325.15,324.4,324.75,29587.0
2026-07-10 10:30:00,324.8,325.7,324.6,324.85,52098.0
2026-07-10 10:35:00,324.85,325.35,324.65,324.95,22356.0
2026-07-10 10:40:00,325.1,326.35,324.8,326.3,93936.0
2026-07-10 10:45:00,326.1,326.25,325.65,325.85,18919.0
2026-07-10 10:50:00,326.05,326.15,325.85,325.95,12687.0
2026-07-10 10:55:00,326.1,326.4,325.6,325.75,21398.0
2026-07-10 11:00:00,325.8,326.0,325.2,325.25,23824.0
2026-07-10 11:05:00,325.3,325.4,324.6,325.0,55330.0
2026-07-10 11:10:00,325.0,325.2,324.5,324.9,24464.0
2026-07-10 11:15:00,325.0,325.25,324.7,325.05,20438.0
2026-07-10 11:20:00,325.15,325.4,325.0,325.25,10575.0
2026-07-10 11:25:00,325.3,325.5,325.0,325.0,32048.0
2026-07-10 11:30:00,325.05,325.15,323.7,323.75,67296.0
2026-07-10 11:35:00,323.75,324.6,323.75,324.4,41084.0
2026-07-10 11:40:00,324.4,324.55,324.2,324.25,7397.0
2026-07-10 11:45:00,324.3,325.75,324.0,325.1,211487.0
2026-07-10 11:50:00,325.1,325.2,323.65,323.65,38410.0
2026-07-10 11:55:00,323.7,323.85,323.45,323.45,18527.0
2026-07-10 12:00:00,323.5,324.0,322.7,322.8,98062.0
2026-07-10 12:05:00,322.75,322.85,322.05,322.1,60152.0
2026-07-10 12:10:00,322.25,322.95,321.25,322.7,141412.0
2026-07-10 12:15:00,322.75,323.4,322.1,323.1,89345.0
2026-07-10 12:20:00,323.1,323.3,322.0,322.4,771113.0
2026-07-10 12:25:00,322.4,323.45,322.35,323.2,56738.0
2026-07-10 12:30:00,323.3,323.95,323.15,323.7,40344.0
2026-07-10 12:35:00,323.7,323.95,323.3,323.8,18582.0
2026-07-10 12:40:00,323.8,324.85,323.8,324.8,75083.0
2026-07-10 12:45:00,324.55,324.85,324.05,324.25,44646.0
2026-07-10 12:50:00,324.15,324.4,323.2,323.25,29117.0
2026-07-10 12:55:00,323.6,324.05,322.8,323.0,41113.0
2026-07-10 13:00:00,323.1,323.95,322.9,323.85,47678.0
2026-07-10 13:05:00,323.85,324.0,323.15,323.25,45518.0
2026-07-10 13:10:00,323.15,323.35,322.3,322.75,41228.0
2026-07-10 13:15:00,322.75,323.15,322.65,322.85,19323.0
2026-07-10 13:20:00,323.2,323.2,322.15,322.25,46007.0
2026-07-10 13:25:00,322.2,322.45,321.5,322.1,74061.0
2026-07-10 13:30:00,322.1,322.45,321.75,321.9,38248.0
2026-07-10 13:35:00,321.95,322.4,321.85,322.4,58974.0
2026-07-10 13:40:00,322.6,323.25,322.2,322.6,42661.0
2026-07-10 13:45:00,322.6,323.0,322.5,322.75,27586.0
2026-07-10 13:50:00,322.8,323.15,322.6,323.0,23505.0
2026-07-10 13:55:00,323.0,323.1,322.0,322.15,47948.0
2026-07-10 14:00:00,322.1,322.65,321.9,322.0,271687.0
2026-07-10 14:05:00,322.0,322.2,321.85,322.0,58887.0
2026-07-10 14:10:00,322.05,323.0,321.85,322.25,192620.0
2026-07-10 14:15:00,322.35,322.4,322.0,322.05,136683.0
2026-07-10 14:20:00,322.0,322.55,322.0,322.0,189697.0
2026-07-10 14:25:00,322.0,322.45,321.9,322.05,375997.0
2026-07-10 14:30:00,322.05,322.5,322.0,322.1,375964.0
2026-07-10 14:35:00,322.15,322.35,321.85,322.0,168334.0
2026-07-10 14:40:00,322.0,322.05,321.5,321.85,154732.0
2026-07-10 14:45:00,321.8,322.2,321.8,322.0,200692.0
2026-07-10 14:50:00,322.0,322.15,321.65,321.65,69263.0
2026-07-10 14:55:00,321.65,322.2,321.5,322.0,102854.0
2026-07-10 15:00:00,322.05,322.2,321.8,321.95,173936.0
2026-07-10 15:05:00,322.0,322.2,321.7,322.0,83738.0
2026-07-10 15:10:00,322.05,322.25,321.65,321.7,146395.0
2026-07-10 15:15:00,321.65,321.85,320.6,321.0,240185.0
2026-07-10 15:20:00,320.9,321.0,319.0,320.4,288245.0
2026-07-10 15:25:00,320.55,322.5,320.3,322.05,189729.0
