timestamp,open,high,low,close,volume
2026-06-01 09:15:00,425.45,429.0,423.1,425.8,499858.0
2026-06-01 09:20:00,425.8,426.5,423.3,423.35,240912.0
2026-06-01 09:25:00,423.3,427.3,422.5,426.75,236531.0
2026-06-01 09:30:00,426.75,427.9,425.7,426.5,139837.0
2026-06-01 09:35:00,426.4,427.5,425.05,427.45,102671.0
2026-06-01 09:40:00,427.45,428.25,426.6,427.6,141562.0
2026-06-01 09:45:00,427.5,429.2,426.4,428.25,146842.0
2026-06-01 09:50:00,428.25,429.2,427.55,429.05,112391.0
2026-06-01 09:55:00,429.2,429.45,427.55,427.75,68306.0
2026-06-01 10:00:00,427.55,427.75,425.35,425.35,84667.0
2026-06-01 10:05:00,425.55,425.9,424.75,425.05,171065.0
2026-06-01 10:10:00,425.0,425.4,424.1,424.5,99154.0
2026-06-01 10:15:00,424.55,424.8,424.0,424.25,56617.0
2026-06-01 10:20:00,424.25,424.25,422.85,423.25,112314.0
2026-06-01 10:25:00,423.5,423.9,422.9,423.15,53511.0
2026-06-01 10:30:00,422.95,423.65,422.2,422.3,75167.0
2026-06-01 10:35:00,422.5,422.8,421.4,422.5,59026.0
2026-06-01 10:40:00,422.5,423.25,422.25,422.75,37529.0
2026-06-01 10:45:00,422.75,423.9,422.65,423.55,49058.0
2026-06-01 10:50:00,423.5,424.5,423.2,424.5,51033.0
2026-06-01 10:55:00,424.45,424.9,423.65,423.95,60932.0
2026-06-01 11:00:00,423.95,424.25,423.4,423.85,48167.0
2026-06-01 11:05:00,423.6,424.05,423.4,423.8,25572.0
2026-06-01 11:10:00,423.95,424.2,423.25,423.35,26772.0
2026-06-01 11:15:00,423.35,423.9,423.0,423.4,34901.0
2026-06-01 11:20:00,423.3,423.6,422.9,423.05,40538.0
2026-06-01 11:25:00,423.05,423.85,422.4,422.5,22877.0
2026-06-01 11:30:00,422.5,423.0,422.05,422.65,23515.0
2026-06-01 11:35:00,422.4,422.65,421.45,422.2,40495.0
2026-06-01 11:40:00,422.15,424.35,422.15,423.6,78451.0
2026-06-01 11:45:00,423.55,424.2,423.4,423.9,44450.0
2026-06-01 11:50:00,423.9,424.75,423.85,424.5,59624.0
2026-06-01 11:55:00,424.3,424.45,422.5,422.8,28232.0
2026-06-01 12:00:00,422.75,423.45,422.4,423.15,36310.0
2026-06-01 12:05:00,423.0,423.4,422.8,423.15,36217.0
2026-06-01 12:10:00,423.3,425.85,423.0,425.55,70698.0
2026-06-01 12:15:00,425.55,427.0,425.55,426.65,85430.0
2026-06-01 12:20:00,426.6,427.9,426.15,427.15,99286.0
2026-06-01 12:25:00,427.0,427.75,426.9,427.3,30286.0
2026-06-01 12:30:00,427.45,429.4,427.35,429.2,128348.0
2026-06-01 12:35:00,429.0,430.95,429.0,430.9,147345.0
2026-06-01 12:40:00,430.7,430.95,430.05,430.65,55311.0
2026-06-01 12:45:00,430.5,432.55,430.2,432.05,305682.0
2026-06-01 12:50:00,432.0,434.5,431.8,433.8,260479.0
2026-06-01 12:55:00,433.8,434.3,433.05,433.95,99983.0
2026-06-01 13:00:00,433.85,434.0,432.3,432.45,90750.0
2026-06-01 13:05:00,432.45,432.8,431.0,431.45,162032.0
2026-06-01 13:10:00,431.55,432.6,430.65,431.9,71458.0
2026-06-01 13:15:00,431.95,433.0,431.4,433.0,100796.0
2026-06-01 13:20:00,433.35,433.95,432.1,432.65,109707.0
2026-06-01 13:25:00,432.4,432.8,432.0,432.8,54492.0
2026-06-01 13:30:00,432.8,433.8,432.6,433.0,118644.0
2026-06-01 13:35:00,432.9,434.25,432.9,433.65,59462.0
2026-06-01 13:40:00,433.55,433.65,432.85,433.0,34872.0
2026-06-01 13:45:00,432.9,434.0,432.85,433.45,68179.0
2026-06-01 13:50:00,433.55,434.4,432.8,433.8,106348.0
2026-06-01 13:55:00,434.05,434.25,433.5,433.7,57752.0
2026-06-01 14:00:00,433.7,433.9,433.0,433.25,58797.0
2026-06-01 14:05:00,433.25,434.5,433.15,433.6,143281.0
2026-06-01 14:10:00,433.6,434.0,433.2,433.4,38242.0
2026-06-01 14:15:00,433.4,433.8,432.85,433.1,109669.0
2026-06-01 14:20:00,433.1,433.25,432.6,432.75,71071.0
2026-06-01 14:25:00,432.75,433.8,432.75,433.45,49849.0
2026-06-01 14:30:00,433.45,433.5,431.9,432.45,71903.0
2026-06-01 14:35:00,432.45,432.9,432.3,432.6,52274.0
2026-06-01 14:40:00,432.65,433.25,432.4,433.05,27064.0
2026-06-01 14:45:00,433.15,433.15,431.2,431.7,180397.0
2026-06-01 14:50:00,431.8,432.0,430.3,430.65,76420.0
2026-06-01 14:55:00,430.55,431.35,430.5,430.7,52495.0
2026-06-01 15:00:00,430.6,431.8,430.6,431.8,333746.0
2026-06-01 15:05:00,431.8,433.55,431.3,433.4,670590.0
2026-06-01 15:10:00,433.55,435.8,433.5,435.55,590502.0
2026-06-01 15:15:00,435.6,436.0,435.15,435.65,498562.0
2026-06-01 15:20:00,435.65,436.0,434.8,435.55,549037.0
2026-06-01 15:25:00,435.6,436.75,435.25,436.5,554636.0
2026-06-02 09:15:00,436.0,442.25,435.75,440.7,972959.0
2026-06-02 09:20:00,440.7,441.45,438.6,440.3,363123.0
2026-06-02 09:25:00,440.25,441.5,438.0,438.8,243912.0
2026-06-02 09:30:00,438.6,439.0,437.2,439.0,207886.0
2026-06-02 09:35:00,439.1,443.5,439.0,442.8,635840.0
2026-06-02 09:40:00,442.65,444.0,441.1,443.05,442790.0
2026-06-02 09:45:00,443.1,444.5,442.15,442.2,271218.0
2026-06-02 09:50:00,442.35,442.8,441.7,441.95,198382.0
2026-06-02 09:55:00,442.2,442.9,441.8,442.45,148155.0
2026-06-02 10:00:00,442.2,443.6,440.25,440.3,482947.0
2026-06-02 10:05:00,440.3,440.7,435.05,438.45,568435.0
2026-06-02 10:10:00,438.95,438.95,437.35,437.45,191285.0
2026-06-02 10:15:00,437.35,437.6,435.5,436.5,188682.0
2026-06-02 10:20:00,436.35,439.9,436.35,439.55,139644.0
2026-06-02 10:25:00,439.75,442.95,439.75,442.9,423538.0
2026-06-02 10:30:00,443.65,444.35,440.2,440.8,270964.0
2026-06-02 10:35:00,441.0,441.25,440.5,441.0,125921.0
2026-06-02 10:40:00,441.0,441.0,439.2,439.55,80255.0
2026-06-02 10:45:00,439.55,440.95,439.55,440.0,55818.0
2026-06-02 10:50:00,440.2,440.2,438.5,439.0,103726.0
2026-06-02 10:55:00,438.85,439.35,438.4,438.9,40791.0
2026-06-02 11:00:00,438.9,440.4,438.9,439.4,73204.0
2026-06-02 11:05:00,439.5,440.25,439.45,440.2,87850.0
2026-06-02 11:10:00,439.95,440.2,438.55,438.9,31815.0
2026-06-02 11:15:00,438.95,439.7,438.85,439.7,79694.0
2026-06-02 11:20:00,439.85,439.85,438.9,438.9,24382.0
2026-06-02 11:25:00,438.85,439.7,438.5,438.9,48810.0
2026-06-02 11:30:00,438.75,439.2,437.3,437.55,65871.0
2026-06-02 11:35:00,437.55,437.85,436.6,436.8,106989.0
2026-06-02 11:40:00,436.8,437.15,436.4,436.65,60165.0
2026-06-02 11:45:00,436.6,437.0,435.85,435.85,95595.0
2026-06-02 11:50:00,435.85,436.8,435.6,435.8,71151.0
2026-06-02 11:55:00,435.9,435.95,435.5,435.5,45306.0
2026-06-02 12:00:00,435.6,435.9,432.55,432.55,142261.0
2026-06-02 12:05:00,432.6,433.1,431.45,432.7,125424.0
2026-06-02 12:10:00,432.6,433.2,432.4,432.75,43995.0
2026-06-02 12:15:00,432.65,432.7,431.9,432.15,56473.0
2026-06-02 12:20:00,432.25,432.6,431.7,432.4,38490.0
2026-06-02 12:25:00,432.5,433.7,432.35,433.3,74566.0
2026-06-02 12:30:00,433.05,434.05,433.0,433.1,48276.0
2026-06-02 12:35:00,433.1,433.55,431.8,432.3,108427.0
2026-06-02 12:40:00,432.05,433.1,432.05,433.05,60748.0
2026-06-02 12:45:00,433.05,434.0,433.05,433.45,92350.0
2026-06-02 12:50:00,433.65,433.65,432.7,433.2,78429.0
2026-06-02 12:55:00,433.15,434.2,433.15,433.65,59308.0
2026-06-02 13:00:00,433.8,434.0,432.85,432.85,47925.0
2026-06-02 13:05:00,433.0,433.1,432.65,433.0,36264.0
2026-06-02 13:10:00,433.0,433.1,432.1,432.4,66902.0
2026-06-02 13:15:00,432.35,432.65,431.8,432.15,83468.0
2026-06-02 13:20:00,432.05,432.3,431.8,431.95,49655.0
2026-06-02 13:25:00,431.95,432.35,431.4,432.35,58938.0
2026-06-02 13:30:00,432.55,433.85,432.55,433.7,62297.0
2026-06-02 13:35:00,433.55,433.8,433.3,433.75,32819.0
2026-06-02 13:40:00,433.6,434.35,433.55,434.35,56754.0
2026-06-02 13:45:00,434.2,435.2,434.1,434.85,127079.0
2026-06-02 13:50:00,434.9,435.5,434.0,434.95,103394.0
2026-06-02 13:55:00,434.95,435.4,434.6,435.4,33425.0
2026-06-02 14:00:00,435.25,435.4,434.9,435.15,33478.0
2026-06-02 14:05:00,435.15,436.15,434.8,435.8,114486.0
2026-06-02 14:10:00,435.7,436.1,435.2,435.5,63680.0
2026-06-02 14:15:00,435.5,435.7,434.8,435.0,44275.0
2026-06-02 14:20:00,434.9,435.65,434.7,435.5,37616.0
2026-06-02 14:25:00,435.55,435.75,435.0,435.1,45551.0
2026-06-02 14:30:00,435.1,435.8,435.05,435.6,40683.0
2026-06-02 14:35:00,435.6,435.6,434.1,434.35,62919.0
2026-06-02 14:40:00,434.3,434.5,433.9,434.1,37675.0
2026-06-02 14:45:00,434.15,435.1,433.9,435.0,32436.0
2026-06-02 14:50:00,435.25,435.25,434.75,435.0,25409.0
2026-06-02 14:55:00,435.1,435.3,434.45,434.45,36960.0
2026-06-02 15:00:00,434.5,434.9,433.7,434.15,191171.0
2026-06-02 15:05:00,434.1,434.5,433.6,434.2,111263.0
2026-06-02 15:10:00,434.0,434.6,433.75,434.2,148135.0
2026-06-02 15:15:00,434.25,435.2,434.05,434.95,185513.0
2026-06-02 15:20:00,435.0,435.0,434.3,434.85,171410.0
2026-06-02 15:25:00,434.8,434.95,433.6,434.9,207593.0
2026-06-03 09:15:00,437.2,441.6,436.6,439.0,528668.0
2026-06-03 09:20:00,439.2,441.1,438.5,441.0,396026.0
2026-06-03 09:25:00,440.75,441.95,440.45,440.9,361343.0
2026-06-03 09:30:00,440.7,441.8,439.0,440.0,206474.0
2026-06-03 09:35:00,440.15,441.5,438.15,439.0,124092.0
2026-06-03 09:40:00,438.75,439.8,438.4,439.15,110367.0
2026-06-03 09:45:00,439.15,439.45,435.6,435.95,163318.0
2026-06-03 09:50:00,435.8,436.8,434.5,434.75,205826.0
2026-06-03 09:55:00,434.75,434.95,432.65,433.35,212134.0
2026-06-03 10:00:00,433.35,435.15,433.2,435.05,140148.0
2026-06-03 10:05:00,435.05,435.4,433.75,434.0,68085.0
2026-06-03 10:10:00,434.2,434.2,432.3,432.55,59425.0
2026-06-03 10:15:00,432.45,433.85,431.3,433.2,201554.0
2026-06-03 10:20:00,433.25,434.45,433.0,433.9,66372.0
2026-06-03 10:25:00,433.75,433.9,432.45,432.55,90623.0
2026-06-03 10:30:00,432.6,433.0,432.1,432.3,205539.0
2026-06-03 10:35:00,432.4,433.3,432.4,432.7,99331.0
2026-06-03 10:40:00,432.55,433.15,432.25,432.85,59145.0
2026-06-03 10:45:00,432.85,433.4,432.5,433.1,47192.0
2026-06-03 10:50:00,433.05,433.45,432.55,433.35,28208.0
2026-06-03 10:55:00,433.35,433.45,432.3,432.85,48681.0
2026-06-03 11:00:00,433.0,433.3,432.65,432.8,37539.0
2026-06-03 11:05:00,432.8,434.6,432.5,433.65,106570.0
2026-06-03 11:10:00,433.7,435.0,433.7,434.75,60179.0
2026-06-03 11:15:00,434.85,436.0,434.55,435.85,76638.0
2026-06-03 11:20:00,435.8,436.8,435.4,436.65,103427.0
2026-06-03 11:25:00,436.65,436.8,436.1,436.5,53715.0
2026-06-03 11:30:00,436.5,437.9,436.35,437.75,106989.0
2026-06-03 11:35:00,437.85,437.9,436.65,436.75,54610.0
2026-06-03 11:40:00,436.75,436.85,436.3,436.65,51927.0
2026-06-03 11:45:00,436.7,436.75,435.85,435.85,62841.0
2026-06-03 11:50:00,436.0,436.2,435.5,435.6,47841.0
2026-06-03 11:55:00,435.65,435.8,435.1,435.15,52193.0
2026-06-03 12:00:00,435.15,435.15,433.65,433.7,138004.0
2026-06-03 12:05:00,433.75,434.8,433.6,434.55,64986.0
2026-06-03 12:10:00,434.5,434.85,433.85,433.85,43922.0
2026-06-03 12:15:00,433.85,434.9,433.75,434.5,48152.0
2026-06-03 12:20:00,434.35,435.0,434.3,434.95,46254.0
2026-06-03 12:25:00,435.0,436.05,434.95,436.0,90441.0
2026-06-03 12:30:00,436.0,436.15,435.1,435.2,50035.0
2026-06-03 12:35:00,435.2,436.0,435.15,435.6,79157.0
2026-06-03 12:40:00,435.65,436.4,435.35,435.35,53397.0
2026-06-03 12:45:00,435.55,435.75,434.75,434.85,37552.0
2026-06-03 12:50:00,434.85,435.1,434.55,434.8,34154.0
2026-06-03 12:55:00,434.95,435.6,434.8,435.15,47753.0
2026-06-03 13:00:00,435.2,435.65,435.1,435.45,21441.0
2026-06-03 13:05:00,435.45,435.7,435.15,435.45,19867.0
2026-06-03 13:10:00,435.45,435.45,434.55,434.9,18611.0
2026-06-03 13:15:00,435.2,435.7,435.05,435.25,26481.0
2026-06-03 13:20:00,435.25,435.75,435.2,435.55,19396.0
2026-06-03 13:25:00,435.45,435.45,434.5,434.75,27028.0
2026-06-03 13:30:00,434.75,435.0,434.3,434.85,36729.0
2026-06-03 13:35:00,434.85,434.9,434.3,434.4,48118.0
2026-06-03 13:40:00,434.4,435.35,434.35,434.7,76256.0
2026-06-03 13:45:00,434.7,436.15,434.7,435.9,53885.0
2026-06-03 13:50:00,435.9,436.1,435.05,435.5,26707.0
2026-06-03 13:55:00,435.5,435.6,434.9,435.15,14252.0
2026-06-03 14:00:00,435.15,435.4,434.85,435.3,24325.0
2026-06-03 14:05:00,435.3,435.65,435.05,435.05,25812.0
2026-06-03 14:10:00,435.1,435.4,434.6,434.85,36642.0
2026-06-03 14:15:00,434.9,436.2,434.85,436.0,42363.0
2026-06-03 14:20:00,436.15,436.55,435.85,436.55,74059.0
2026-06-03 14:25:00,436.5,436.95,436.3,436.8,93699.0
2026-06-03 14:30:00,436.9,438.15,436.85,438.05,138211.0
2026-06-03 14:35:00,438.1,438.95,437.4,438.95,104723.0
2026-06-03 14:40:00,438.95,439.0,438.15,438.8,166708.0
2026-06-03 14:45:00,438.8,438.85,437.35,438.0,93105.0
2026-06-03 14:50:00,438.0,438.5,437.85,438.25,100039.0
2026-06-03 14:55:00,438.2,438.45,437.5,437.85,135050.0
2026-06-03 15:00:00,437.95,438.5,436.45,437.15,236190.0
2026-06-03 15:05:00,437.15,437.8,436.1,436.3,227611.0
2026-06-03 15:10:00,436.25,436.85,435.75,436.85,220454.0
2026-06-03 15:15:00,436.8,437.0,436.65,436.8,204950.0
2026-06-03 15:20:00,436.8,437.45,436.65,436.95,242987.0
2026-06-03 15:25:00,436.85,436.9,436.0,436.5,244104.0
2026-06-04 09:15:00,434.0,436.85,429.05,429.55,703336.0
2026-06-04 09:20:00,429.5,432.45,429.5,430.8,257878.0
2026-06-04 09:25:00,430.55,431.15,425.9,426.2,323875.0
2026-06-04 09:30:00,425.85,427.25,425.3,426.75,185942.0
2026-06-04 09:35:00,426.8,428.3,424.4,424.8,306727.0
2026-06-04 09:40:00,424.55,424.75,423.05,423.65,301709.0
2026-06-04 09:45:00,423.65,424.9,423.1,423.2,263691.0
2026-06-04 09:50:00,423.35,423.35,421.6,422.7,437790.0
2026-06-04 09:55:00,422.7,422.8,420.45,420.55,368690.0
2026-06-04 10:00:00,420.45,420.85,419.25,419.65,372147.0
2026-06-04 10:05:00,419.55,420.2,417.0,418.85,586352.0
2026-06-04 10:10:00,418.75,421.4,418.6,421.2,434138.0
2026-06-04 10:15:00,421.0,422.0,420.65,421.9,209825.0
2026-06-04 10:20:00,422.0,422.9,422.0,422.6,235320.0
2026-06-04 10:25:00,422.6,422.75,421.25,421.5,134744.0
2026-06-04 10:30:00,421.3,421.8,420.3,420.3,137478.0
2026-06-04 10:35:00,420.3,420.8,419.05,419.9,161060.0
2026-06-04 10:40:00,419.95,420.4,419.25,420.05,96811.0
2026-06-04 10:45:00,420.1,421.0,419.95,420.15,220494.0
2026-06-04 10:50:00,420.15,420.45,419.7,420.3,114670.0
2026-06-04 10:55:00,420.3,420.5,419.75,420.0,58090.0
2026-06-04 11:00:00,419.95,420.0,419.1,419.4,133249.0
2026-06-04 11:05:00,419.2,419.35,417.5,418.1,305838.0
2026-06-04 11:10:00,418.15,418.8,418.0,418.45,95638.0
2026-06-04 11:15:00,418.2,418.45,417.25,417.4,177948.0
2026-06-04 11:20:00,417.5,418.15,417.1,417.45,169012.0
2026-06-04 11:25:00,417.4,418.0,417.4,417.8,117713.0
2026-06-04 11:30:00,417.7,420.45,417.5,420.45,207947.0
2026-06-04 11:35:00,420.5,421.7,420.45,421.3,183458.0
2026-06-04 11:40:00,421.3,422.2,420.3,421.45,182822.0
2026-06-04 11:45:00,421.5,422.0,421.2,421.45,57354.0
2026-06-04 11:50:00,421.35,422.3,420.4,420.6,115078.0
2026-06-04 11:55:00,420.6,420.85,420.0,420.85,59719.0
2026-06-04 12:00:00,420.75,421.6,420.5,421.35,58092.0
2026-06-04 12:05:00,421.35,421.7,420.95,421.05,74705.0
2026-06-04 12:10:00,420.95,421.25,420.1,420.55,57806.0
2026-06-04 12:15:00,420.4,420.55,419.65,419.65,115005.0
2026-06-04 12:20:00,419.55,419.85,419.25,419.4,60783.0
2026-06-04 12:25:00,419.4,419.85,419.25,419.7,64361.0
2026-06-04 12:30:00,419.55,419.75,418.5,418.75,84055.0
2026-06-04 12:35:00,418.75,418.9,418.4,418.7,107491.0
2026-06-04 12:40:00,418.55,418.85,418.5,418.85,30765.0
2026-06-04 12:45:00,418.8,418.85,418.0,418.5,66296.0
2026-06-04 12:50:00,418.45,418.65,418.2,418.5,54171.0
2026-06-04 12:55:00,418.3,418.8,418.3,418.65,75348.0
2026-06-04 13:00:00,418.7,420.35,418.05,420.2,357257.0
2026-06-04 13:05:00,420.2,421.6,420.0,421.3,95436.0
2026-06-04 13:10:00,421.3,421.6,420.4,420.55,71337.0
2026-06-04 13:15:00,420.6,421.35,420.5,421.1,71896.0
2026-06-04 13:20:00,421.1,421.35,420.6,420.75,49627.0
2026-06-04 13:25:00,420.65,420.75,420.2,420.4,29881.0
2026-06-04 13:30:00,420.35,420.65,420.0,420.55,51962.0
2026-06-04 13:35:00,420.55,420.75,419.0,419.2,95948.0
2026-06-04 13:40:00,419.15,419.4,418.5,418.8,61313.0
2026-06-04 13:45:00,418.7,419.35,418.7,419.0,58042.0
2026-06-04 13:50:00,418.9,419.0,418.75,418.9,41846.0
2026-06-04 13:55:00,418.9,418.9,417.65,418.1,135076.0
2026-06-04 14:00:00,418.0,418.7,418.0,418.3,62331.0
2026-06-04 14:05:00,418.2,419.3,418.2,418.4,152518.0
2026-06-04 14:10:00,417.7,419.55,417.35,417.95,360834.0
2026-06-04 14:15:00,417.7,418.25,417.5,417.8,77606.0
2026-06-04 14:20:00,417.8,417.8,416.35,416.95,198831.0
2026-06-04 14:25:00,416.9,417.75,416.7,416.8,79283.0
2026-06-04 14:30:00,416.8,417.7,416.6,417.2,59727.0
2026-06-04 14:35:00,417.2,417.45,416.6,417.25,85909.0
2026-06-04 14:40:00,417.25,417.35,416.6,416.9,82528.0
2026-06-04 14:45:00,416.9,417.7,416.6,416.85,80671.0
2026-06-04 14:50:00,416.85,417.05,415.7,416.8,306798.0
2026-06-04 14:55:00,416.95,417.35,416.8,417.0,124609.0
2026-06-04 15:00:00,417.1,417.1,415.1,415.25,344514.0
2026-06-04 15:05:00,415.25,415.25,413.2,413.5,407485.0
2026-06-04 15:10:00,413.5,414.3,413.4,413.8,338831.0
2026-06-04 15:15:00,413.8,414.1,413.0,413.9,441516.0
2026-06-04 15:20:00,413.95,413.95,412.8,413.3,394103.0
2026-06-04 15:25:00,413.25,413.5,412.55,413.5,338330.0
2026-06-05 09:15:00,412.5,412.5,400.55,400.6,1033027.0
2026-06-05 09:20:00,400.7,403.45,399.6,401.45,720126.0
2026-06-05 09:25:00,401.5,402.4,401.2,401.6,277218.0
2026-06-05 09:30:00,401.6,405.3,401.5,403.15,615964.0
2026-06-05 09:35:00,402.8,404.5,402.45,404.05,243213.0
2026-06-05 09:40:00,404.0,404.45,402.2,402.35,188903.0
2026-06-05 09:45:00,402.3,402.45,400.75,400.8,416646.0
2026-06-05 09:50:00,400.8,400.95,398.45,399.9,504242.0
2026-06-05 09:55:00,399.9,400.0,398.5,399.2,195612.0
2026-06-05 10:00:00,399.4,400.05,399.05,399.85,194179.0
2026-06-05 10:05:00,399.75,400.5,399.05,400.25,199309.0
2026-06-05 10:10:00,400.3,402.0,400.0,401.65,158536.0
2026-06-05 10:15:00,401.65,403.6,401.0,403.4,327627.0
2026-06-05 10:20:00,403.45,404.1,402.6,404.1,153985.0
2026-06-05 10:25:00,404.2,404.95,403.2,403.6,206407.0
2026-06-05 10:30:00,403.65,404.05,403.35,403.35,128879.0
2026-06-05 10:35:00,403.1,403.85,401.1,401.6,183123.0
2026-06-05 10:40:00,401.45,402.35,401.15,401.55,143774.0
2026-06-05 10:45:00,401.55,401.7,401.0,401.2,71940.0
2026-06-05 10:50:00,401.25,401.95,401.1,401.65,64789.0
2026-06-05 10:55:00,401.8,401.8,401.0,401.4,79723.0
2026-06-05 11:00:00,401.4,402.3,401.4,401.75,77864.0
2026-06-05 11:05:00,401.9,402.35,401.5,401.65,75735.0
2026-06-05 11:10:00,401.65,401.8,399.55,399.85,212924.0
2026-06-05 11:15:00,399.85,400.8,399.5,400.05,74969.0
2026-06-05 11:20:00,399.85,399.95,399.0,399.4,82389.0
2026-06-05 11:25:00,399.4,400.5,399.3,400.05,50825.0
2026-06-05 11:30:00,400.05,400.7,400.0,400.4,53611.0
2026-06-05 11:35:00,400.3,400.4,399.65,400.15,62423.0
2026-06-05 11:40:00,400.15,400.2,399.45,399.7,72789.0
2026-06-05 11:45:00,399.55,399.85,399.15,399.55,57468.0
2026-06-05 11:50:00,399.4,399.4,398.5,399.15,172685.0
2026-06-05 11:55:00,399.15,399.6,398.75,398.75,61241.0
2026-06-05 12:00:00,398.85,399.5,398.6,399.25,61858.0
2026-06-05 12:05:00,399.25,399.45,399.1,399.35,48246.0
2026-06-05 12:10:00,399.4,399.4,398.8,399.2,61736.0
2026-06-05 12:15:00,399.2,399.95,399.2,399.4,67777.0
2026-06-05 12:20:00,399.4,399.45,398.5,398.8,81370.0
2026-06-05 12:25:00,398.85,399.0,397.25,397.4,465761.0
2026-06-05 12:30:00,397.4,397.4,396.1,396.3,221522.0
2026-06-05 12:35:00,396.3,396.5,395.2,395.2,247296.0
2026-06-05 12:40:00,395.5,395.8,392.9,393.65,626337.0
2026-06-05 12:45:00,393.8,395.0,393.65,394.75,135080.0
2026-06-05 12:50:00,394.75,394.75,393.55,394.4,110353.0
2026-06-05 12:55:00,394.4,394.45,394.0,394.4,53305.0
2026-06-05 13:00:00,394.25,394.35,393.8,394.1,67498.0
2026-06-05 13:05:00,394.1,394.2,393.05,393.25,76733.0
2026-06-05 13:10:00,393.25,393.9,392.9,393.3,95709.0
2026-06-05 13:15:00,393.25,395.0,393.0,394.15,128853.0
2026-06-05 13:20:00,394.15,394.2,393.3,393.5,89889.0
2026-06-05 13:25:00,393.45,393.95,393.0,393.05,88073.0
2026-06-05 13:30:00,392.9,393.9,392.55,393.55,94238.0
2026-06-05 13:35:00,393.65,393.7,393.05,393.15,64012.0
2026-06-05 13:40:00,393.15,393.3,392.2,392.35,117365.0
2026-06-05 13:45:00,392.5,392.95,392.3,392.65,75829.0
2026-06-05 13:50:00,392.65,392.65,391.75,391.85,134497.0
2026-06-05 13:55:00,391.75,392.55,391.5,392.3,102649.0
2026-06-05 14:00:00,392.25,392.4,391.5,391.8,74163.0
2026-06-05 14:05:00,391.75,393.1,391.6,393.05,123549.0
2026-06-05 14:10:00,393.0,393.3,392.1,392.6,65959.0
2026-06-05 14:15:00,392.55,392.75,392.25,392.7,48046.0
2026-06-05 14:20:00,392.65,392.95,392.35,392.8,54291.0
2026-06-05 14:25:00,392.95,393.85,392.75,393.5,118477.0
2026-06-05 14:30:00,393.5,394.0,393.0,393.05,64559.0
2026-06-05 14:35:00,393.05,393.35,392.35,392.8,68912.0
2026-06-05 14:40:00,392.85,394.45,392.7,394.0,114120.0
2026-06-05 14:45:00,394.0,394.05,392.45,394.0,266784.0
2026-06-05 14:50:00,394.0,394.95,394.0,394.65,262183.0
2026-06-05 14:55:00,394.55,395.3,394.3,394.75,259543.0
2026-06-05 15:00:00,394.8,395.55,394.3,395.1,341197.0
2026-06-05 15:05:00,395.3,395.75,395.1,395.5,298370.0
2026-06-05 15:10:00,395.45,395.85,395.35,395.8,291005.0
2026-06-05 15:15:00,395.8,397.0,395.8,396.5,447463.0
2026-06-05 15:20:00,396.6,396.8,394.75,395.0,482407.0
2026-06-05 15:25:00,395.2,396.0,394.75,395.6,444979.0
2026-06-08 09:15:00,385.5,389.15,383.2,388.5,654049.0
2026-06-08 09:20:00,388.5,388.7,387.05,388.15,204515.0
2026-06-08 09:25:00,388.15,388.4,386.8,387.45,162678.0
2026-06-08 09:30:00,387.5,389.8,387.35,388.2,183805.0
2026-06-08 09:35:00,388.2,388.45,386.0,386.25,113028.0
2026-06-08 09:40:00,386.4,387.25,386.1,386.9,79295.0
2026-06-08 09:45:00,386.95,387.5,385.05,385.1,98946.0
2026-06-08 09:50:00,385.3,385.35,384.1,385.35,127467.0
2026-06-08 09:55:00,385.05,385.35,384.25,385.25,135049.0
2026-06-08 10:00:00,385.2,385.2,383.8,383.85,182974.0
2026-06-08 10:05:00,384.0,384.45,383.5,383.95,112173.0
2026-06-08 10:10:00,383.9,383.95,383.0,383.5,153038.0
2026-06-08 10:15:00,383.5,384.0,383.3,384.0,46619.0
2026-06-08 10:20:00,384.0,384.7,383.55,384.45,86501.0
2026-06-08 10:25:00,384.45,384.65,383.5,383.85,80000.0
2026-06-08 10:30:00,383.85,385.1,383.65,385.05,106760.0
2026-06-08 10:35:00,384.85,385.45,384.65,384.85,86505.0
2026-06-08 10:40:00,385.05,385.4,383.9,383.9,89912.0
2026-06-08 10:45:00,383.9,384.3,383.25,384.25,93582.0
2026-06-08 10:50:00,384.25,384.25,383.35,383.35,31988.0
2026-06-08 10:55:00,383.5,383.9,383.05,383.8,58808.0
2026-06-08 11:00:00,383.9,384.45,383.5,383.65,56035.0
2026-06-08 11:05:00,383.75,383.85,383.0,383.45,97432.0
2026-06-08 11:10:00,383.5,383.9,383.0,383.8,68654.0
2026-06-08 11:15:00,384.05,385.05,384.05,384.3,86418.0
2026-06-08 11:20:00,384.3,384.75,382.6,382.85,136431.0
2026-06-08 11:25:00,382.95,383.9,382.75,383.9,54803.0
2026-06-08 11:30:00,383.9,383.9,383.15,383.2,46769.0
2026-06-08 11:35:00,383.3,383.9,383.05,383.65,50599.0
2026-06-08 11:40:00,383.65,384.0,383.25,383.85,60113.0
2026-06-08 11:45:00,383.85,384.0,383.65,383.85,53160.0
2026-06-08 11:50:00,383.85,384.35,383.55,384.0,77634.0
2026-06-08 11:55:00,383.85,384.15,383.35,383.9,41415.0
2026-06-08 12:00:00,384.0,384.15,383.5,383.5,46270.0
2026-06-08 12:05:00,383.5,384.1,383.5,383.8,53413.0
2026-06-08 12:10:00,383.8,384.95,383.8,384.7,69410.0
2026-06-08 12:15:00,384.7,385.0,384.45,384.95,66389.0
2026-06-08 12:20:00,385.0,386.5,384.85,386.35,110658.0
2026-06-08 12:25:00,386.6,387.05,386.15,386.2,86354.0
2026-06-08 12:30:00,386.3,387.0,386.15,386.85,75419.0
2026-06-08 12:35:00,386.85,386.85,385.4,386.6,113333.0
2026-06-08 12:40:00,386.55,387.85,386.4,387.1,90944.0
2026-06-08 12:45:00,387.1,388.8,387.1,388.6,106636.0
2026-06-08 12:50:00,388.55,388.9,387.75,388.55,98054.0
2026-06-08 12:55:00,388.8,388.85,388.2,388.5,59324.0
2026-06-08 13:00:00,388.5,388.7,387.2,387.45,59324.0
2026-06-08 13:05:00,387.45,387.8,387.2,387.7,67056.0
2026-06-08 13:10:00,387.7,387.7,386.7,386.85,78727.0
2026-06-08 13:15:00,386.85,386.85,386.0,386.0,99740.0
2026-06-08 13:20:00,386.2,386.2,384.75,385.1,80717.0
2026-06-08 13:25:00,385.1,385.7,384.95,385.6,47272.0
2026-06-08 13:30:00,385.75,385.95,385.1,385.35,41674.0
2026-06-08 13:35:00,385.55,386.0,385.35,385.65,49816.0
2026-06-08 13:40:00,385.65,385.75,385.2,385.2,33576.0
2026-06-08 13:45:00,385.25,385.35,384.5,385.3,73547.0
2026-06-08 13:50:00,385.4,385.5,384.55,384.8,33346.0
2026-06-08 13:55:00,384.8,385.0,384.5,384.9,31840.0
2026-06-08 14:00:00,384.9,385.35,384.8,385.2,40389.0
2026-06-08 14:05:00,385.2,385.2,384.3,384.7,38488.0
2026-06-08 14:10:00,384.75,384.8,384.25,384.5,89487.0
2026-06-08 14:15:00,384.35,384.95,383.8,384.8,91223.0
2026-06-08 14:20:00,384.9,384.9,382.1,382.1,164167.0
2026-06-08 14:25:00,382.1,382.6,382.0,382.4,148349.0
2026-06-08 14:30:00,382.4,383.2,382.3,382.65,91925.0
2026-06-08 14:35:00,382.65,382.8,382.35,382.55,49283.0
2026-06-08 14:40:00,382.55,382.65,381.65,382.35,111596.0
2026-06-08 14:45:00,382.5,382.65,381.15,381.3,79050.0
2026-06-08 14:50:00,381.3,381.4,379.35,380.0,373767.0
2026-06-08 14:55:00,380.15,380.45,379.65,380.1,117916.0
2026-06-08 15:00:00,380.3,380.35,379.1,379.3,323301.0
2026-06-08 15:05:00,379.3,379.9,379.0,379.75,159121.0
2026-06-08 15:10:00,379.7,379.9,379.35,379.55,164851.0
2026-06-08 15:15:00,379.5,379.5,378.5,378.7,340106.0
2026-06-08 15:20:00,378.7,378.75,375.65,375.8,332007.0
2026-06-08 15:25:00,375.95,377.0,375.15,376.3,350361.0
2026-06-09 09:15:00,378.45,381.5,377.9,379.0,654857.0
2026-06-09 09:20:00,378.9,379.05,375.05,376.0,446922.0
2026-06-09 09:25:00,375.95,376.7,375.5,376.0,224553.0
2026-06-09 09:30:00,376.1,377.7,375.95,377.3,201377.0
2026-06-09 09:35:00,377.4,377.8,376.0,376.05,143754.0
2026-06-09 09:40:00,376.05,376.7,375.5,376.0,154200.0
2026-06-09 09:45:00,376.0,376.15,374.05,374.1,180906.0
2026-06-09 09:50:00,374.25,375.7,374.1,375.05,184131.0
2026-06-09 09:55:00,374.95,374.95,372.8,373.35,191466.0
2026-06-09 10:00:00,373.45,374.35,373.15,373.4,165005.0
2026-06-09 10:05:00,373.35,373.65,372.5,373.15,191249.0
2026-06-09 10:10:00,373.15,373.45,372.45,372.95,115101.0
2026-06-09 10:15:00,373.0,373.0,371.5,372.2,187297.0
2026-06-09 10:20:00,372.15,372.15,370.4,370.6,232598.0
2026-06-09 10:25:00,370.55,371.0,370.2,370.7,224819.0
2026-06-09 10:30:00,370.7,371.95,370.5,370.8,235288.0
2026-06-09 10:35:00,370.85,371.1,370.6,370.65,162570.0
2026-06-09 10:40:00,370.7,373.85,370.55,373.55,515443.0
2026-06-09 10:45:00,373.6,373.7,372.15,372.15,292763.0
2026-06-09 10:50:00,372.15,372.25,371.55,372.2,174224.0
2026-06-09 10:55:00,372.45,372.95,372.2,372.95,132168.0
2026-06-09 11:00:00,372.85,376.4,372.8,376.05,296075.0
2026-06-09 11:05:00,376.1,377.8,376.0,376.0,262210.0
2026-06-09 11:10:00,376.1,377.5,376.0,377.3,187595.0
2026-06-09 11:15:00,377.3,378.9,377.15,378.7,221168.0
2026-06-09 11:20:00,378.7,379.45,377.25,377.25,182754.0
2026-06-09 11:25:00,377.25,378.05,376.75,377.6,141626.0
2026-06-09 11:30:00,377.6,377.75,377.25,377.45,59380.0
2026-06-09 11:35:00,377.5,377.55,377.1,377.25,98417.0
2026-06-09 11:40:00,377.3,379.5,377.15,378.9,160400.0
2026-06-09 11:45:00,378.95,380.8,378.9,380.35,260401.0
2026-06-09 11:50:00,380.35,382.5,380.35,380.65,292739.0
2026-06-09 11:55:00,380.8,381.15,380.35,380.95,93595.0
2026-06-09 12:00:00,381.0,381.0,380.2,380.25,75772.0
2026-06-09 12:05:00,380.3,380.3,378.85,378.9,125637.0
2026-06-09 12:10:00,378.95,379.25,378.6,378.8,70894.0
2026-06-09 12:15:00,378.8,380.35,378.65,379.85,130493.0
2026-06-09 12:20:00,379.95,380.85,379.9,380.65,118130.0
2026-06-09 12:25:00,380.55,381.3,380.5,380.7,52504.0
2026-06-09 12:30:00,380.7,381.0,380.5,380.95,83202.0
2026-06-09 12:35:00,381.0,381.7,380.3,381.35,144045.0
2026-06-09 12:40:00,381.3,381.9,381.2,381.75,117098.0
2026-06-09 12:45:00,381.75,382.95,381.4,382.1,150754.0
2026-06-09 12:50:00,382.05,382.1,381.1,381.6,70113.0
2026-06-09 12:55:00,381.55,381.55,380.15,380.25,67983.0
2026-06-09 13:00:00,380.25,380.95,380.2,380.45,49455.0
2026-06-09 13:05:00,380.45,380.85,380.35,380.75,35355.0
2026-06-09 13:10:00,380.75,381.45,380.65,381.4,43213.0
2026-06-09 13:15:00,381.4,381.7,381.0,381.4,65244.0
2026-06-09 13:20:00,381.45,381.7,380.8,380.8,36803.0
2026-06-09 13:25:00,380.8,381.0,380.3,380.55,48752.0
2026-06-09 13:30:00,380.6,381.75,380.05,381.55,178208.0
2026-06-09 13:35:00,381.55,382.0,381.5,381.65,57597.0
2026-06-09 13:40:00,381.75,382.25,381.65,382.0,65851.0
2026-06-09 13:45:00,382.05,383.2,381.95,382.45,119463.0
2026-06-09 13:50:00,382.45,382.7,382.1,382.3,75975.0
2026-06-09 13:55:00,382.35,382.35,381.6,382.05,91010.0
2026-06-09 14:00:00,382.05,382.7,381.8,382.4,71879.0
2026-06-09 14:05:00,382.4,383.5,382.35,383.25,110247.0
2026-06-09 14:10:00,383.35,383.5,382.8,382.9,102211.0
2026-06-09 14:15:00,382.85,383.45,382.7,383.2,65955.0
2026-06-09 14:20:00,383.2,383.25,381.9,382.35,77168.0
2026-06-09 14:25:00,382.3,382.9,382.25,382.9,54511.0
2026-06-09 14:30:00,382.9,383.15,382.55,382.55,124550.0
2026-06-09 14:35:00,382.6,383.2,382.4,383.15,69360.0
2026-06-09 14:40:00,383.1,383.45,383.05,383.15,81763.0
2026-06-09 14:45:00,383.1,383.15,382.3,382.4,100517.0
2026-06-09 14:50:00,382.4,383.6,382.4,383.4,106493.0
2026-06-09 14:55:00,383.45,383.6,383.0,383.05,99546.0
2026-06-09 15:00:00,383.05,384.55,382.15,384.4,302242.0
2026-06-09 15:05:00,384.45,384.5,383.5,383.8,315685.0
2026-06-09 15:10:00,383.75,384.05,383.25,383.7,208217.0
2026-06-09 15:15:00,383.7,384.45,383.4,384.2,237495.0
2026-06-09 15:20:00,384.2,384.2,383.65,384.05,234801.0
2026-06-09 15:25:00,384.05,385.3,383.95,385.0,263968.0
2026-06-10 09:15:00,383.1,383.9,373.65,374.2,742825.0
2026-06-10 09:20:00,374.3,375.35,372.1,375.15,535075.0
2026-06-10 09:25:00,375.05,377.0,374.55,376.2,528379.0
2026-06-10 09:30:00,376.3,376.75,375.3,376.75,168664.0
2026-06-10 09:35:00,376.75,378.15,376.65,377.3,198645.0
2026-06-10 09:40:00,377.15,377.3,376.2,376.65,174510.0
2026-06-10 09:45:00,376.7,377.0,375.0,376.35,288172.0
2026-06-10 09:50:00,376.45,376.95,375.45,375.55,108767.0
2026-06-10 09:55:00,375.5,376.05,375.0,375.0,114723.0
2026-06-10 10:00:00,375.35,378.1,375.05,377.7,926261.0
2026-06-10 10:05:00,377.8,377.8,374.75,375.4,260015.0
2026-06-10 10:10:00,375.5,375.85,374.35,374.5,139728.0
2026-06-10 10:15:00,374.55,375.45,374.35,375.15,95913.0
2026-06-10 10:20:00,375.2,375.2,374.55,374.85,63710.0
2026-06-10 10:25:00,374.85,375.55,374.8,375.4,54604.0
2026-06-10 10:30:00,375.45,375.75,374.85,375.25,61914.0
2026-06-10 10:35:00,375.35,375.7,374.7,374.75,64306.0
2026-06-10 10:40:00,374.75,375.45,374.65,375.15,40242.0
2026-06-10 10:45:00,375.15,375.2,374.65,374.9,45750.0
2026-06-10 10:50:00,374.95,375.45,374.7,375.45,65308.0
2026-06-10 10:55:00,375.45,376.0,375.15,376.0,72749.0
2026-06-10 11:00:00,376.15,376.25,375.5,376.2,57911.0
2026-06-10 11:05:00,376.2,376.2,375.25,375.55,68032.0
2026-06-10 11:10:00,375.55,375.8,375.15,375.45,45455.0
2026-06-10 11:15:00,375.35,375.5,374.8,375.45,52137.0
2026-06-10 11:20:00,375.45,376.5,375.1,376.3,72389.0
2026-06-10 11:25:00,376.3,378.75,376.25,378.45,253528.0
2026-06-10 11:30:00,378.4,378.5,377.4,377.6,110968.0
2026-06-10 11:35:00,377.65,378.5,377.2,377.9,85259.0
2026-06-10 11:40:00,377.9,378.1,377.5,377.8,54695.0
2026-06-10 11:45:00,377.75,377.9,377.3,377.8,41123.0
2026-06-10 11:50:00,377.8,378.95,377.75,378.15,100811.0
2026-06-10 11:55:00,378.15,379.75,378.15,379.5,115617.0
2026-06-10 12:00:00,379.5,379.55,376.45,377.0,240652.0
2026-06-10 12:05:00,376.7,378.1,376.7,378.05,70136.0
2026-06-10 12:10:00,377.9,377.9,377.3,377.75,30100.0
2026-06-10 12:15:00,377.75,378.7,377.7,378.15,68713.0
2026-06-10 12:20:00,378.1,378.25,378.05,378.15,50441.0
2026-06-10 12:25:00,378.2,378.3,378.1,378.1,59525.0
2026-06-10 12:30:00,378.1,378.3,377.3,377.3,117355.0
2026-06-10 12:35:00,377.35,377.75,377.15,377.6,45697.0
2026-06-10 12:40:00,377.9,378.25,377.75,378.2,147806.0
2026-06-10 12:45:00,378.2,378.3,377.3,377.6,84909.0
2026-06-10 12:50:00,377.15,378.75,377.05,378.5,197486.0
2026-06-10 12:55:00,378.35,378.35,377.0,377.4,132062.0
2026-06-10 13:00:00,377.55,377.75,377.25,377.75,41848.0
2026-06-10 13:05:00,377.7,378.0,377.15,377.8,39655.0
2026-06-10 13:10:00,377.95,378.8,377.85,378.6,104660.0
2026-06-10 13:15:00,378.65,378.65,378.25,378.25,28888.0
2026-06-10 13:20:00,378.3,379.2,378.25,378.8,107763.0
2026-06-10 13:25:00,378.8,379.6,378.8,379.45,38003.0
2026-06-10 13:30:00,379.45,379.6,378.25,378.5,111627.0
2026-06-10 13:35:00,378.5,378.75,378.0,378.15,68618.0
2026-06-10 13:40:00,378.15,378.45,377.7,377.75,43518.0
2026-06-10 13:45:00,377.85,378.45,377.65,378.15,45433.0
2026-06-10 13:50:00,378.1,378.45,377.95,378.35,65420.0
2026-06-10 13:55:00,378.35,378.35,378.0,378.2,57640.0
2026-06-10 14:00:00,378.25,379.2,378.05,378.8,153786.0
2026-06-10 14:05:00,378.8,379.75,378.75,379.3,92919.0
2026-06-10 14:10:00,379.1,379.9,378.65,378.65,134693.0
2026-06-10 14:15:00,378.75,379.45,378.65,379.15,59863.0
2026-06-10 14:20:00,379.2,379.25,378.7,379.15,40867.0
2026-06-10 14:25:00,379.25,379.35,378.1,378.15,73866.0
2026-06-10 14:30:00,378.3,378.45,377.95,378.0,53401.0
2026-06-10 14:35:00,378.0,378.4,377.2,377.4,106410.0
2026-06-10 14:40:00,377.35,377.8,376.85,377.2,51996.0
2026-06-10 14:45:00,377.15,377.2,376.2,376.2,106862.0
2026-06-10 14:50:00,376.2,376.8,376.1,376.7,79918.0
2026-06-10 14:55:00,376.7,377.15,376.45,376.95,85976.0
2026-06-10 15:00:00,376.9,377.15,376.5,376.85,98178.0
2026-06-10 15:05:00,376.9,376.9,375.8,376.45,119747.0
2026-06-10 15:10:00,376.4,376.45,375.3,375.45,172630.0
2026-06-10 15:15:00,375.45,376.15,375.0,376.1,211361.0
2026-06-10 15:20:00,376.05,376.55,375.55,375.9,207607.0
2026-06-10 15:25:00,375.95,377.2,375.9,376.05,184396.0
2026-06-11 09:15:00,369.0,373.85,368.1,373.6,404473.0
2026-06-11 09:20:00,373.65,378.9,373.25,378.2,333233.0
2026-06-11 09:25:00,377.8,378.0,376.8,377.4,149829.0
2026-06-11 09:30:00,377.7,378.85,376.6,377.4,138837.0
2026-06-11 09:35:00,377.3,377.9,376.55,377.55,99122.0
2026-06-11 09:40:00,377.7,377.95,376.85,377.65,117464.0
2026-06-11 09:45:00,377.55,377.7,376.3,377.0,91452.0
2026-06-11 09:50:00,376.8,377.6,376.7,377.1,37666.0
2026-06-11 09:55:00,377.1,377.1,375.4,375.5,79677.0
2026-06-11 10:00:00,375.5,376.85,375.45,376.1,60027.0
2026-06-11 10:05:00,376.1,377.6,375.6,377.6,95933.0
2026-06-11 10:10:00,377.4,377.85,377.0,377.05,76426.0
2026-06-11 10:15:00,377.0,378.4,377.0,378.05,63243.0
2026-06-11 10:20:00,378.0,379.3,378.0,378.2,68626.0
2026-06-11 10:25:00,378.2,378.45,377.8,378.25,64119.0
2026-06-11 10:30:00,378.25,378.4,377.85,378.0,39585.0
2026-06-11 10:35:00,378.0,379.8,377.85,379.4,81842.0
2026-06-11 10:40:00,379.4,382.25,379.4,382.25,245850.0
2026-06-11 10:45:00,382.2,382.75,381.35,381.5,171791.0
2026-06-11 10:50:00,381.45,381.45,380.15,380.25,89746.0
2026-06-11 10:55:00,380.1,380.2,378.0,378.25,158387.0
2026-06-11 11:00:00,378.2,378.45,376.4,377.05,132109.0
2026-06-11 11:05:00,377.0,378.2,377.0,378.0,105878.0
2026-06-11 11:10:00,377.9,378.0,377.45,377.45,51108.0
2026-06-11 11:15:00,377.45,377.5,375.4,376.9,120060.0
2026-06-11 11:20:00,376.8,377.0,376.3,376.55,57907.0
2026-06-11 11:25:00,376.55,377.2,376.15,376.2,52423.0
2026-06-11 11:30:00,376.1,376.9,375.8,375.8,75642.0
2026-06-11 11:35:00,375.8,376.0,374.4,374.5,146708.0
2026-06-11 11:40:00,374.5,375.6,374.4,375.55,74274.0
2026-06-11 11:45:00,375.6,376.05,374.9,375.4,91272.0
2026-06-11 11:50:00,375.3,375.5,374.8,375.2,35918.0
2026-06-11 11:55:00,375.05,375.8,374.6,374.7,54437.0
2026-06-11 12:00:00,374.65,375.7,374.65,375.0,80419.0
2026-06-11 12:05:00,374.9,375.0,373.75,373.8,74604.0
2026-06-11 12:10:00,373.75,374.1,373.35,374.1,46525.0
2026-06-11 12:15:00,374.15,374.8,373.9,373.95,45241.0
2026-06-11 12:20:00,373.85,374.3,373.7,374.3,44992.0
2026-06-11 12:25:00,374.2,374.2,373.5,374.05,65017.0
2026-06-11 12:30:00,373.9,374.8,373.9,374.5,53812.0
2026-06-11 12:35:00,374.5,374.65,374.0,374.2,61165.0
2026-06-11 12:40:00,374.2,374.5,373.7,373.8,31326.0
2026-06-11 12:45:00,373.8,373.9,372.8,372.9,66449.0
2026-06-11 12:50:00,372.8,373.2,372.55,373.05,48506.0
2026-06-11 12:55:00,372.85,373.5,372.15,373.25,78418.0
2026-06-11 13:00:00,373.3,373.95,373.1,373.1,42665.0
2026-06-11 13:05:00,373.1,373.4,372.3,372.55,48040.0
2026-06-11 13:10:00,372.45,372.8,372.1,372.25,51155.0
2026-06-11 13:15:00,372.1,372.45,371.75,371.75,47917.0
2026-06-11 13:20:00,371.75,372.2,371.4,371.9,53725.0
2026-06-11 13:25:00,371.8,372.35,371.65,372.25,39533.0
2026-06-11 13:30:00,372.35,372.9,372.0,372.15,73699.0
2026-06-11 13:35:00,372.15,372.5,371.65,371.7,34333.0
2026-06-11 13:40:00,371.65,371.9,371.35,371.7,56435.0
2026-06-11 13:45:00,371.45,372.15,371.45,371.8,42084.0
2026-06-11 13:50:00,371.8,372.15,371.75,372.0,35995.0
2026-06-11 13:55:00,372.0,372.75,371.85,372.4,48989.0
2026-06-11 14:00:00,372.15,372.45,372.1,372.25,31555.0
2026-06-11 14:05:00,372.2,372.35,371.1,371.5,71989.0
2026-06-11 14:10:00,371.4,371.95,371.35,371.8,33511.0
2026-06-11 14:15:00,371.7,371.85,371.3,371.55,51660.0
2026-06-11 14:20:00,371.65,371.95,371.35,371.45,29847.0
2026-06-11 14:25:00,371.4,372.95,371.35,372.4,68945.0
2026-06-11 14:30:00,372.45,372.7,371.7,371.75,66755.0
2026-06-11 14:35:00,371.75,372.05,371.0,371.25,64179.0
2026-06-11 14:40:00,371.0,371.45,371.0,371.05,45513.0
2026-06-11 14:45:00,371.05,371.4,370.35,371.1,106626.0
2026-06-11 14:50:00,371.0,371.2,370.7,370.75,38975.0
2026-06-11 14:55:00,370.75,371.0,370.05,370.7,118887.0
2026-06-11 15:00:00,370.7,371.1,369.45,369.8,264115.0
2026-06-11 15:05:00,369.8,370.35,369.3,370.05,132040.0
2026-06-11 15:10:00,370.25,370.8,369.75,370.55,185318.0
2026-06-11 15:15:00,370.45,371.45,370.3,370.6,169193.0
2026-06-11 15:20:00,370.6,371.45,370.5,371.4,186548.0
2026-06-11 15:25:00,371.25,372.1,371.2,372.05,236674.0
2026-06-12 09:15:00,380.0,384.7,378.2,383.4,503080.0
2026-06-12 09:20:00,383.35,383.6,380.25,380.35,237615.0
2026-06-12 09:25:00,380.55,383.0,380.1,381.15,192748.0
2026-06-12 09:30:00,381.25,382.1,380.0,380.7,111032.0
2026-06-12 09:35:00,380.75,380.75,378.65,379.95,159323.0
2026-06-12 09:40:00,379.8,381.0,379.5,380.25,111355.0
2026-06-12 09:45:00,380.25,380.75,380.05,380.3,56235.0
2026-06-12 09:50:00,380.4,381.6,380.0,380.85,148563.0
2026-06-12 09:55:00,380.7,381.55,380.45,381.15,102803.0
2026-06-12 10:00:00,381.4,382.45,381.2,382.3,175776.0
2026-06-12 10:05:00,382.1,382.95,382.1,382.5,178422.0
2026-06-12 10:10:00,382.6,383.15,381.95,383.15,149955.0
2026-06-12 10:15:00,383.15,383.95,382.1,382.35,215419.0
2026-06-12 10:20:00,382.4,382.95,382.1,382.8,67553.0
2026-06-12 10:25:00,382.8,383.2,382.5,382.7,68304.0
2026-06-12 10:30:00,382.55,382.95,382.4,382.9,34373.0
2026-06-12 10:35:00,382.75,382.95,382.4,382.7,39827.0
2026-06-12 10:40:00,382.75,383.6,382.65,383.0,88006.0
2026-06-12 10:45:00,382.9,383.0,382.3,382.6,43619.0
2026-06-12 10:50:00,382.6,382.6,381.9,381.95,62040.0
2026-06-12 10:55:00,382.05,382.35,381.35,381.55,74770.0
2026-06-12 11:00:00,381.55,382.35,381.4,381.55,103137.0
2026-06-12 11:05:00,381.5,381.8,380.85,380.9,89337.0
2026-06-12 11:10:00,380.9,382.55,380.9,382.15,39614.0
2026-06-12 11:15:00,382.2,382.45,381.65,381.85,29119.0
2026-06-12 11:20:00,381.95,381.95,381.0,381.35,49530.0
2026-06-12 11:25:00,381.4,381.4,380.5,380.8,170386.0
2026-06-12 11:30:00,380.65,380.85,380.05,380.5,199239.0
2026-06-12 11:35:00,380.5,380.6,379.6,379.85,124545.0
2026-06-12 11:40:00,379.75,380.0,379.5,379.5,64827.0
2026-06-12 11:45:00,379.55,380.0,379.4,379.75,63102.0
2026-06-12 11:50:00,379.7,380.0,379.55,379.9,55003.0
2026-06-12 11:55:00,379.95,380.95,379.4,379.4,405524.0
2026-06-12 12:00:00,379.4,379.9,379.15,379.9,69904.0
2026-06-12 12:05:00,379.6,380.0,379.4,379.5,43397.0
2026-06-12 12:10:00,379.4,379.4,378.8,378.95,68027.0
2026-06-12 12:15:00,378.9,379.05,378.7,378.8,35733.0
2026-06-12 12:20:00,378.75,379.05,378.6,378.65,35484.0
2026-06-12 12:25:00,378.65,379.3,378.3,379.0,176433.0
2026-06-12 12:30:00,379.0,379.1,378.0,378.05,63974.0
2026-06-12 12:35:00,378.05,378.1,377.5,377.75,61524.0
2026-06-12 12:40:00,377.8,377.8,376.25,376.6,102152.0
2026-06-12 12:45:00,376.5,377.4,376.45,377.2,49652.0
2026-06-12 12:50:00,377.1,377.5,376.7,377.0,68705.0
2026-06-12 12:55:00,377.0,377.0,376.5,376.9,42796.0
2026-06-12 13:00:00,376.85,376.9,376.4,376.75,33622.0
2026-06-12 13:05:00,376.8,377.0,376.7,376.7,36155.0
2026-06-12 13:10:00,376.75,376.95,376.4,376.7,24522.0
2026-06-12 13:15:00,376.6,376.7,376.25,376.45,26169.0
2026-06-12 13:20:00,376.65,377.05,376.55,376.75,39734.0
2026-06-12 13:25:00,376.75,378.3,376.4,377.9,77370.0
2026-06-12 13:30:00,377.9,378.5,377.65,377.7,44589.0
2026-06-12 13:35:00,377.75,377.75,376.7,376.85,42484.0
2026-06-12 13:40:00,376.9,377.2,376.9,377.0,37543.0
2026-06-12 13:45:00,377.0,377.05,376.7,376.7,35012.0
2026-06-12 13:50:00,376.75,377.1,376.5,377.1,51125.0
2026-06-12 13:55:00,377.0,377.95,376.95,377.25,111969.0
2026-06-12 14:00:00,377.25,377.35,376.75,376.9,59702.0
2026-06-12 14:05:00,376.9,376.95,376.5,376.6,33231.0
2026-06-12 14:10:00,376.65,376.85,375.35,376.85,99633.0
2026-06-12 14:15:00,376.8,377.0,376.3,376.5,47565.0
2026-06-12 14:20:00,376.55,376.75,376.2,376.3,32801.0
2026-06-12 14:25:00,376.3,376.3,375.8,376.05,55618.0
2026-06-12 14:30:00,376.0,376.2,375.75,375.8,68370.0
2026-06-12 14:35:00,375.8,376.6,375.8,376.45,54553.0
2026-06-12 14:40:00,376.55,377.3,376.4,377.3,98290.0
2026-06-12 14:45:00,377.25,377.5,376.4,376.6,158355.0
2026-06-12 14:50:00,376.3,376.5,375.9,376.4,173196.0
2026-06-12 14:55:00,376.45,376.65,375.65,375.95,64192.0
2026-06-12 15:00:00,375.95,377.3,375.5,377.2,225432.0
2026-06-12 15:05:00,377.25,377.9,377.0,377.35,149918.0
2026-06-12 15:10:00,377.4,377.5,376.95,377.3,116840.0
2026-06-12 15:15:00,377.4,377.85,377.2,377.45,164939.0
2026-06-12 15:20:00,377.65,377.9,375.3,375.7,242831.0
2026-06-12 15:25:00,375.5,376.8,375.2,376.0,182510.0
2026-06-15 09:15:00,381.7,386.35,379.6,384.55,612297.0
2026-06-15 09:20:00,384.65,386.85,384.2,385.6,303152.0
2026-06-15 09:25:00,385.5,387.6,385.15,386.15,303127.0
2026-06-15 09:30:00,386.2,387.0,383.25,384.25,282516.0
2026-06-15 09:35:00,383.95,386.4,382.05,385.0,317630.0
2026-06-15 09:40:00,385.15,385.3,383.25,383.65,118325.0
2026-06-15 09:45:00,383.4,383.75,382.0,383.0,127868.0
2026-06-15 09:50:00,383.0,384.45,383.0,383.2,93487.0
2026-06-15 09:55:00,383.1,383.3,382.0,382.55,94909.0
2026-06-15 10:00:00,382.6,382.65,380.6,381.05,115449.0
2026-06-15 10:05:00,380.85,381.4,380.55,380.85,80442.0
2026-06-15 10:10:00,380.85,382.0,380.75,381.8,87118.0
2026-06-15 10:15:00,381.85,382.15,381.5,381.9,54962.0
2026-06-15 10:20:00,381.9,382.35,381.25,381.35,70226.0
2026-06-15 10:25:00,381.4,382.05,381.15,381.55,59360.0
2026-06-15 10:30:00,381.75,381.9,380.8,381.0,46704.0
2026-06-15 10:35:00,380.9,381.05,380.05,380.55,64572.0
2026-06-15 10:40:00,380.65,381.0,380.45,380.95,46008.0
2026-06-15 10:45:00,380.95,381.2,380.7,381.2,55202.0
2026-06-15 10:50:00,381.05,383.0,381.05,382.55,194367.0
2026-06-15 10:55:00,382.55,383.7,382.4,383.7,59375.0
2026-06-15 11:00:00,383.8,383.9,383.05,383.55,55254.0
2026-06-15 11:05:00,383.55,383.9,383.0,383.4,49433.0
2026-06-15 11:10:00,383.4,383.5,381.45,381.65,49900.0
2026-06-15 11:15:00,381.5,382.9,381.45,382.6,52310.0
2026-06-15 11:20:00,382.6,382.9,382.4,382.8,47252.0
2026-06-15 11:25:00,382.65,383.2,382.45,383.2,45461.0
2026-06-15 11:30:00,383.15,383.75,382.45,382.75,78156.0
2026-06-15 11:35:00,382.85,383.6,382.75,383.35,38741.0
2026-06-15 11:40:00,383.35,384.0,383.15,383.9,46202.0
2026-06-15 11:45:00,383.9,384.75,383.5,384.3,69169.0
2026-06-15 11:50:00,384.45,384.75,384.3,384.55,35139.0
2026-06-15 11:55:00,384.55,384.75,383.7,384.25,60775.0
2026-06-15 12:00:00,384.25,384.45,382.7,382.7,45818.0
2026-06-15 12:05:00,382.85,383.0,382.45,382.95,35583.0
2026-06-15 12:10:00,382.8,383.05,382.0,382.3,157349.0
2026-06-15 12:15:00,382.35,382.6,382.0,382.35,34133.0
2026-06-15 12:20:00,382.35,382.55,381.5,381.65,81377.0
2026-06-15 12:25:00,381.85,382.0,381.5,381.65,29361.0
2026-06-15 12:30:00,381.5,381.9,379.75,380.95,311651.0
2026-06-15 12:35:00,380.9,381.5,380.3,380.4,48225.0
2026-06-15 12:40:00,380.8,380.85,378.3,378.6,105403.0
2026-06-15 12:45:00,378.65,378.95,378.5,378.9,52764.0
2026-06-15 12:50:00,378.75,379.0,378.5,378.85,55740.0
2026-06-15 12:55:00,378.65,379.6,378.6,379.5,77003.0
2026-06-15 13:00:00,379.5,379.55,378.8,379.15,73414.0
2026-06-15 13:05:00,379.15,379.2,378.8,379.05,96885.0
2026-06-15 13:10:00,379.2,380.55,379.1,380.0,135638.0
2026-06-15 13:15:00,380.1,380.15,379.1,379.45,112968.0
2026-06-15 13:20:00,379.35,379.75,379.1,379.6,115824.0
2026-06-15 13:25:00,379.45,379.6,378.75,378.9,91118.0
2026-06-15 13:30:00,378.95,379.4,378.65,378.9,38886.0
2026-06-15 13:35:00,378.75,378.95,377.7,378.45,167038.0
2026-06-15 13:40:00,378.45,378.5,377.5,377.5,76040.0
2026-06-15 13:45:00,377.6,379.1,377.45,379.0,64825.0
2026-06-15 13:50:00,379.05,380.65,378.85,380.65,94001.0
2026-06-15 13:55:00,380.7,380.7,380.25,380.55,38988.0
2026-06-15 14:00:00,380.55,381.8,380.4,381.05,110760.0
2026-06-15 14:05:00,381.05,381.15,380.3,380.4,60713.0
2026-06-15 14:10:00,380.3,382.0,380.25,382.0,167761.0
2026-06-15 14:15:00,382.0,382.25,381.85,382.1,66466.0
2026-06-15 14:20:00,382.1,382.1,380.4,381.95,661028.0
2026-06-15 14:25:00,381.85,382.2,381.55,382.05,95536.0
2026-06-15 14:30:00,382.0,382.75,382.0,382.2,56756.0
2026-06-15 14:35:00,382.05,382.2,381.8,381.95,47856.0
2026-06-15 14:40:00,381.95,381.95,381.2,381.4,57666.0
2026-06-15 14:45:00,381.2,382.25,380.55,381.95,390850.0
2026-06-15 14:50:00,382.15,382.65,381.35,382.65,129255.0
2026-06-15 14:55:00,382.6,382.6,382.0,382.35,43899.0
2026-06-15 15:00:00,382.35,382.5,381.25,381.7,185969.0
2026-06-15 15:05:00,381.6,382.5,381.4,382.1,214565.0
2026-06-15 15:10:00,382.0,382.65,381.5,382.65,220293.0
2026-06-15 15:15:00,382.65,383.1,382.6,382.85,211995.0
2026-06-15 15:20:00,382.75,383.0,382.3,382.7,234893.0
2026-06-15 15:25:00,382.7,383.35,382.0,383.0,255340.0
2026-06-16 09:15:00,370.0,370.0,364.45,368.2,1707567.0
2026-06-16 09:20:00,368.2,369.4,366.4,367.4,651727.0
2026-06-16 09:25:00,367.25,368.2,366.05,366.2,353617.0
2026-06-16 09:30:00,366.15,366.2,365.05,365.55,350490.0
2026-06-16 09:35:00,365.75,365.9,365.0,365.2,370350.0
2026-06-16 09:40:00,365.2,365.35,363.7,363.85,401382.0
2026-06-16 09:45:00,363.8,364.95,363.6,364.45,340273.0
2026-06-16 09:50:00,364.45,365.45,363.45,365.15,371887.0
2026-06-16 09:55:00,365.0,366.3,364.85,365.25,242000.0
2026-06-16 10:00:00,365.45,365.9,363.75,364.15,246746.0
2026-06-16 10:05:00,364.15,364.4,363.5,363.85,173499.0
2026-06-16 10:10:00,363.95,363.95,362.0,362.55,321764.0
2026-06-16 10:15:00,362.4,362.55,361.5,361.85,347729.0
2026-06-16 10:20:00,361.8,362.05,361.1,361.6,329783.0
2026-06-16 10:25:00,361.6,362.0,361.0,361.8,216272.0
2026-06-16 10:30:00,361.8,362.95,361.5,362.85,203862.0
2026-06-16 10:35:00,362.9,364.0,362.5,363.5,250409.0
2026-06-16 10:40:00,363.4,364.5,363.3,363.9,155593.0
2026-06-16 10:45:00,363.65,364.0,363.5,363.95,110207.0
2026-06-16 10:50:00,363.95,364.4,361.65,361.9,228532.0
2026-06-16 10:55:00,361.85,362.25,361.55,361.95,131290.0
2026-06-16 11:00:00,361.95,361.95,360.6,360.6,286061.0
2026-06-16 11:05:00,360.6,362.0,360.6,361.25,126654.0
2026-06-16 11:10:00,361.15,361.55,360.85,361.1,142096.0
2026-06-16 11:15:00,361.1,361.4,360.55,360.8,185034.0
2026-06-16 11:20:00,360.75,361.45,360.5,361.4,91184.0
2026-06-16 11:25:00,361.4,362.3,361.0,361.8,167942.0
2026-06-16 11:30:00,361.75,361.85,361.0,361.3,87787.0
2026-06-16 11:35:00,361.25,361.3,359.65,360.0,536754.0
2026-06-16 11:40:00,360.0,361.0,359.95,360.6,69827.0
2026-06-16 11:45:00,360.7,361.65,360.6,361.3,95497.0
2026-06-16 11:50:00,361.3,361.65,361.1,361.45,66360.0
2026-06-16 11:55:00,361.45,361.65,361.15,361.25,95780.0
2026-06-16 12:00:00,361.3,361.5,360.65,361.1,87956.0
2026-06-16 12:05:00,361.1,361.5,361.0,361.15,47942.0
2026-06-16 12:10:00,361.15,361.2,359.8,359.8,164577.0
2026-06-16 12:15:00,360.0,360.1,359.5,359.8,144051.0
2026-06-16 12:20:00,359.8,359.95,359.6,359.8,72730.0
2026-06-16 12:25:00,359.8,359.8,359.15,359.2,111032.0
2026-06-16 12:30:00,359.3,359.7,358.55,358.95,187568.0
2026-06-16 12:35:00,359.0,359.0,358.75,358.95,108170.0
2026-06-16 12:40:00,358.8,359.0,358.7,358.8,143487.0
2026-06-16 12:45:00,358.8,359.0,358.5,358.85,136300.0
2026-06-16 12:50:00,358.9,358.9,358.5,358.9,101100.0
2026-06-16 12:55:00,358.8,359.0,358.3,358.45,126361.0
2026-06-16 13:00:00,358.45,358.45,357.8,357.9,213565.0
2026-06-16 13:05:00,358.0,359.0,357.9,358.9,167575.0
2026-06-16 13:10:00,358.9,359.35,358.55,358.65,120526.0
2026-06-16 13:15:00,358.6,359.5,358.55,358.9,112754.0
2026-06-16 13:20:00,359.0,359.95,358.85,359.7,129971.0
2026-06-16 13:25:00,359.75,359.9,359.45,359.85,108460.0
2026-06-16 13:30:00,359.85,360.35,359.5,360.3,166220.0
2026-06-16 13:35:00,360.3,360.95,360.05,360.75,144331.0
2026-06-16 13:40:00,360.7,360.75,360.05,360.25,90060.0
2026-06-16 13:45:00,360.25,360.8,360.15,360.6,100453.0
2026-06-16 13:50:00,360.6,361.8,360.2,361.8,290235.0
2026-06-16 13:55:00,361.7,361.9,361.15,361.85,227166.0
2026-06-16 14:00:00,361.85,362.25,361.3,361.3,235945.0
2026-06-16 14:05:00,361.25,361.95,361.2,361.8,85679.0
2026-06-16 14:10:00,361.9,363.0,361.75,362.75,245774.0
2026-06-16 14:15:00,362.85,363.75,362.55,363.5,280028.0
2026-06-16 14:20:00,363.55,364.3,363.2,364.05,198888.0
2026-06-16 14:25:00,364.3,365.6,364.05,365.35,494541.0
2026-06-16 14:30:00,365.35,367.15,365.25,366.6,698838.0
2026-06-16 14:35:00,366.55,366.55,365.65,366.0,207749.0
2026-06-16 14:40:00,366.0,366.0,364.45,364.7,320000.0
2026-06-16 14:45:00,364.85,366.55,364.7,366.5,274247.0
2026-06-16 14:50:00,366.5,367.6,366.35,367.25,385980.0
2026-06-16 14:55:00,367.15,367.25,366.65,366.75,240989.0
2026-06-16 15:00:00,366.95,367.15,366.45,366.7,260865.0
2026-06-16 15:05:00,366.7,367.15,366.55,367.0,304406.0
2026-06-16 15:10:00,367.0,367.1,366.3,366.85,362016.0
2026-06-16 15:15:00,366.85,367.2,366.4,366.75,484994.0
2026-06-16 15:20:00,366.7,367.1,366.0,366.1,427900.0
2026-06-16 15:25:00,366.1,366.95,365.5,366.5,492699.0
2026-06-17 09:15:00,367.4,369.55,362.8,364.5,625333.0
2026-06-17 09:20:00,364.5,364.7,360.0,360.5,485857.0
2026-06-17 09:25:00,360.6,362.2,360.0,362.1,315399.0
2026-06-17 09:30:00,362.0,363.15,361.15,363.15,285278.0
2026-06-17 09:35:00,363.0,363.0,361.35,362.55,251322.0
2026-06-17 09:40:00,362.55,364.0,362.05,364.0,195650.0
2026-06-17 09:45:00,364.15,364.2,362.1,362.35,140959.0
2026-06-17 09:50:00,362.3,362.95,361.65,362.95,143561.0
2026-06-17 09:55:00,362.75,364.3,362.55,363.95,161244.0
2026-06-17 10:00:00,364.1,364.25,363.1,363.15,87428.0
2026-06-17 10:05:00,363.1,363.45,362.65,362.7,116129.0
2026-06-17 10:10:00,362.75,363.0,361.9,362.75,199035.0
2026-06-17 10:15:00,362.75,363.15,362.5,362.75,55357.0
2026-06-17 10:20:00,362.75,364.0,362.75,363.8,110287.0
2026-06-17 10:25:00,363.8,364.45,363.5,364.3,132590.0
2026-06-17 10:30:00,364.3,366.15,364.25,366.05,378773.0
2026-06-17 10:35:00,366.2,368.85,366.1,368.3,655841.0
2026-06-17 10:40:00,368.1,368.3,366.0,366.15,250624.0
2026-06-17 10:45:00,366.3,366.5,364.95,365.25,182818.0
2026-06-17 10:50:00,365.2,365.8,365.1,365.35,105205.0
2026-06-17 10:55:00,365.3,367.0,365.25,366.3,204948.0
2026-06-17 11:00:00,366.4,366.75,365.4,365.45,104015.0
2026-06-17 11:05:00,365.55,366.0,365.3,365.45,53643.0
2026-06-17 11:10:00,365.5,365.95,365.05,365.8,71545.0
2026-06-17 11:15:00,365.8,366.4,365.8,366.3,72015.0
2026-06-17 11:20:00,366.25,367.15,366.25,366.9,80248.0
2026-06-17 11:25:00,367.0,368.35,366.85,368.05,219530.0
2026-06-17 11:30:00,368.05,368.25,367.4,367.95,142557.0
2026-06-17 11:35:00,367.95,367.95,367.4,367.5,67132.0
2026-06-17 11:40:00,367.5,367.7,365.55,365.7,143361.0
2026-06-17 11:45:00,365.7,366.15,365.15,365.4,126375.0
2026-06-17 11:50:00,365.4,365.85,365.25,365.85,94743.0
2026-06-17 11:55:00,365.8,366.2,364.9,365.0,169254.0
2026-06-17 12:00:00,364.95,364.95,364.15,364.55,129744.0
2026-06-17 12:05:00,364.55,364.7,364.0,364.1,102305.0
2026-06-17 12:10:00,364.1,364.85,364.0,364.75,94601.0
2026-06-17 12:15:00,364.75,364.95,364.45,364.7,92993.0
2026-06-17 12:20:00,364.6,365.85,364.55,365.25,110669.0
2026-06-17 12:25:00,365.25,366.1,364.8,366.0,106999.0
2026-06-17 12:30:00,366.0,366.05,365.6,365.9,92771.0
2026-06-17 12:35:00,365.9,365.9,365.4,365.45,76702.0
2026-06-17 12:40:00,365.45,365.8,365.3,365.6,85411.0
2026-06-17 12:45:00,365.6,365.6,365.3,365.5,73515.0
2026-06-17 12:50:00,365.5,365.5,364.85,364.85,94814.0
2026-06-17 12:55:00,364.9,364.95,364.25,364.5,73594.0
2026-06-17 13:00:00,364.5,364.7,364.15,364.7,115764.0
2026-06-17 13:05:00,364.7,364.9,364.35,364.6,70116.0
2026-06-17 13:10:00,364.6,364.8,364.4,364.75,90678.0
2026-06-17 13:15:00,364.55,365.1,364.35,364.9,123330.0
2026-06-17 13:20:00,364.9,365.75,364.75,365.45,123358.0
2026-06-17 13:25:00,365.45,365.7,365.3,365.5,82063.0
2026-06-17 13:30:00,365.5,365.65,365.2,365.65,104649.0
2026-06-17 13:35:00,365.7,366.6,365.35,366.5,211432.0
2026-06-17 13:40:00,366.4,370.3,366.35,369.45,691930.0
2026-06-17 13:45:00,369.35,369.6,367.4,367.9,297193.0
2026-06-17 13:50:00,367.9,368.2,367.1,367.65,225032.0
2026-06-17 13:55:00,367.7,368.3,367.3,367.95,120730.0
2026-06-17 14:00:00,367.95,368.3,367.5,367.7,152190.0
2026-06-17 14:05:00,367.6,367.7,366.5,366.5,238315.0
2026-06-17 14:10:00,366.5,367.1,366.4,366.9,85972.0
2026-06-17 14:15:00,366.9,367.25,366.5,366.8,385472.0
2026-06-17 14:20:00,366.8,367.2,366.65,366.75,155085.0
2026-06-17 14:25:00,366.7,367.25,366.6,367.0,154915.0
2026-06-17 14:30:00,367.0,367.35,366.7,366.9,111728.0
2026-06-17 14:35:00,366.9,367.7,366.7,367.7,127610.0
2026-06-17 14:40:00,367.7,367.8,367.25,367.4,154138.0
2026-06-17 14:45:00,367.4,367.6,367.15,367.4,177155.0
2026-06-17 14:50:00,367.5,367.9,367.3,367.85,194152.0
2026-06-17 14:55:00,367.85,368.8,367.75,368.7,214796.0
2026-06-17 15:00:00,368.65,369.35,368.6,368.9,336527.0
2026-06-17 15:05:00,368.9,369.55,368.45,369.4,257014.0
2026-06-17 15:10:00,369.3,370.3,369.25,369.95,496031.0
2026-06-17 15:15:00,369.7,370.15,369.65,370.0,303233.0
2026-06-17 15:20:00,369.95,371.0,369.75,370.95,372125.0
2026-06-17 15:25:00,370.95,372.0,370.95,372.0,460005.0
2026-06-18 09:15:00,370.0,371.6,366.1,369.25,459598.0
2026-06-18 09:20:00,369.15,369.4,368.05,369.0,220256.0
2026-06-18 09:25:00,369.0,369.25,368.05,368.2,132600.0
2026-06-18 09:30:00,368.0,368.35,367.35,367.8,140879.0
2026-06-18 09:35:00,367.8,368.05,367.3,367.45,110264.0
2026-06-18 09:40:00,367.5,368.85,367.5,368.2,127663.0
2026-06-18 09:45:00,368.2,368.65,367.7,368.0,118436.0
2026-06-18 09:50:00,367.65,368.3,367.0,367.15,109633.0
2026-06-18 09:55:00,367.1,367.15,366.55,367.0,102390.0
2026-06-18 10:00:00,367.05,367.15,366.5,366.7,75580.0
2026-06-18 10:05:00,366.75,367.0,366.4,366.9,94246.0
2026-06-18 10:10:00,366.85,366.95,366.5,366.85,69261.0
2026-06-18 10:15:00,367.05,367.05,366.5,366.55,68426.0
2026-06-18 10:20:00,366.65,366.7,365.4,365.6,114231.0
2026-06-18 10:25:00,365.6,365.65,364.9,365.1,153946.0
2026-06-18 10:30:00,365.1,365.3,364.7,365.1,82781.0
2026-06-18 10:35:00,365.05,365.4,364.8,364.9,75481.0
2026-06-18 10:40:00,364.85,365.2,364.5,365.2,77089.0
2026-06-18 10:45:00,365.2,366.1,365.1,365.95,89587.0
2026-06-18 10:50:00,365.95,365.95,365.2,365.45,92017.0
2026-06-18 10:55:00,365.4,365.5,364.1,364.6,114631.0
2026-06-18 11:00:00,364.65,364.7,364.3,364.4,55703.0
2026-06-18 11:05:00,364.35,364.8,364.35,364.7,46008.0
2026-06-18 11:10:00,364.6,364.75,364.2,364.25,50439.0
2026-06-18 11:15:00,364.35,364.5,364.1,364.2,58219.0
2026-06-18 11:20:00,364.15,366.4,364.0,366.25,278031.0
2026-06-18 11:25:00,366.3,366.45,365.85,366.45,137112.0
2026-06-18 11:30:00,366.3,367.3,366.25,367.0,136599.0
2026-06-18 11:35:00,367.0,367.05,365.5,365.5,195211.0
2026-06-18 11:40:00,365.5,366.05,365.5,365.7,37177.0
2026-06-18 11:45:00,365.7,365.75,365.0,365.1,36347.0
2026-06-18 11:50:00,365.0,365.65,365.0,365.15,87407.0
2026-06-18 11:55:00,365.1,366.3,365.1,366.0,238134.0
2026-06-18 12:00:00,366.0,366.05,365.8,366.05,38070.0
2026-06-18 12:05:00,365.9,366.05,364.5,365.1,148499.0
2026-06-18 12:10:00,365.1,365.5,365.05,365.45,28935.0
2026-06-18 12:15:00,365.4,365.55,365.1,365.55,41579.0
2026-06-18 12:20:00,365.45,366.0,365.45,365.8,36119.0
2026-06-18 12:25:00,365.75,366.2,365.65,366.2,45537.0
2026-06-18 12:30:00,366.15,366.9,366.1,366.9,63214.0
2026-06-18 12:35:00,366.8,366.85,366.15,366.3,50276.0
2026-06-18 12:40:00,366.3,366.35,364.7,365.0,134452.0
2026-06-18 12:45:00,364.9,365.2,364.65,365.0,86015.0
2026-06-18 12:50:00,365.0,365.7,364.7,365.35,67426.0
2026-06-18 12:55:00,365.35,365.85,365.35,365.7,35342.0
2026-06-18 13:00:00,365.65,365.75,365.5,365.55,25136.0
2026-06-18 13:05:00,365.55,365.6,365.15,365.55,33783.0
2026-06-18 13:10:00,365.6,365.65,365.45,365.55,30639.0
2026-06-18 13:15:00,365.55,366.55,365.2,366.35,154558.0
2026-06-18 13:20:00,366.55,366.55,366.05,366.2,54115.0
2026-06-18 13:25:00,366.2,366.25,365.85,366.0,52734.0
2026-06-18 13:30:00,365.95,366.3,365.75,366.2,68796.0
2026-06-18 13:35:00,366.25,366.4,366.0,366.35,51428.0
2026-06-18 13:40:00,366.35,366.4,366.05,366.1,39091.0
2026-06-18 13:45:00,366.0,366.3,365.95,366.05,30684.0
2026-06-18 13:50:00,366.05,367.0,366.0,367.0,127505.0
2026-06-18 13:55:00,366.75,367.05,365.95,366.8,99774.0
2026-06-18 14:00:00,366.75,367.25,366.75,367.0,65893.0
2026-06-18 14:05:00,367.0,367.0,366.5,366.5,38972.0
2026-06-18 14:10:00,366.5,366.8,366.5,366.7,38954.0
2026-06-18 14:15:00,366.7,366.85,366.3,366.45,31728.0
2026-06-18 14:20:00,366.45,367.25,366.45,367.2,90697.0
2026-06-18 14:25:00,367.25,367.35,366.7,366.75,36096.0
2026-06-18 14:30:00,366.7,366.9,366.55,366.7,34530.0
2026-06-18 14:35:00,366.7,367.2,366.6,367.15,71171.0
2026-06-18 14:40:00,367.05,367.15,366.7,366.95,34674.0
2026-06-18 14:45:00,366.8,367.05,366.75,366.8,50427.0
2026-06-18 14:50:00,366.8,367.3,366.75,367.25,92359.0
2026-06-18 14:55:00,367.15,367.25,367.05,367.25,54595.0
2026-06-18 15:00:00,367.25,368.0,367.05,367.95,189283.0
2026-06-18 15:05:00,367.95,368.05,367.9,368.0,147818.0
2026-06-18 15:10:00,367.95,368.0,367.45,367.85,215247.0
2026-06-18 15:15:00,367.8,367.9,367.45,367.7,121162.0
2026-06-18 15:20:00,367.7,368.15,367.35,367.5,442428.0
2026-06-18 15:25:00,367.45,368.0,367.05,367.8,216877.0
2026-06-19 09:15:00,365.9,370.25,362.4,369.65,366400.0
2026-06-19 09:20:00,369.7,370.05,368.7,369.9,230108.0
2026-06-19 09:25:00,369.8,370.2,369.1,369.5,153265.0
2026-06-19 09:30:00,369.5,370.5,368.4,370.1,206080.0
2026-06-19 09:35:00,370.25,372.9,370.1,372.15,309634.0
2026-06-19 09:40:00,372.25,372.45,371.45,371.85,188116.0
2026-06-19 09:45:00,372.0,372.2,371.1,371.35,112642.0
2026-06-19 09:50:00,371.55,371.65,371.0,371.25,129705.0
2026-06-19 09:55:00,371.25,371.6,371.0,371.45,79470.0
2026-06-19 10:00:00,371.55,371.55,370.9,371.0,217167.0
2026-06-19 10:05:00,371.0,372.0,370.85,371.6,381342.0
2026-06-19 10:10:00,371.7,372.2,371.4,372.2,77232.0
2026-06-19 10:15:00,372.0,372.3,371.15,371.4,109658.0
2026-06-19 10:20:00,371.25,371.6,371.0,371.35,104871.0
2026-06-19 10:25:00,371.5,372.0,371.3,371.7,78399.0
2026-06-19 10:30:00,371.85,372.4,371.7,372.15,112487.0
2026-06-19 10:35:00,372.0,372.45,371.65,371.95,98240.0
2026-06-19 10:40:00,371.95,372.2,371.05,371.75,74099.0
2026-06-19 10:45:00,371.6,372.0,371.3,372.0,49582.0
2026-06-19 10:50:00,372.0,372.0,371.5,371.7,41732.0
2026-06-19 10:55:00,371.7,371.8,371.2,371.6,46636.0
2026-06-19 11:00:00,371.6,373.2,371.6,373.15,147730.0
2026-06-19 11:05:00,373.15,373.4,372.25,373.3,88276.0
2026-06-19 11:10:00,373.3,373.4,372.7,372.75,64912.0
2026-06-19 11:15:00,372.75,373.05,372.55,372.85,49890.0
2026-06-19 11:20:00,372.85,373.3,372.8,373.3,39245.0
2026-06-19 11:25:00,373.15,373.4,372.75,373.35,52295.0
2026-06-19 11:30:00,373.35,374.0,373.1,373.8,78504.0
2026-06-19 11:35:00,373.8,374.3,373.35,373.35,74641.0
2026-06-19 11:40:00,373.35,373.45,372.55,372.65,52128.0
2026-06-19 11:45:00,372.65,372.65,371.4,371.5,70599.0
2026-06-19 11:50:00,371.5,371.7,371.25,371.35,44301.0
2026-06-19 11:55:00,371.35,371.8,371.05,371.45,57497.0
2026-06-19 12:00:00,371.3,372.0,371.3,371.65,41639.0
2026-06-19 12:05:00,371.65,371.65,371.15,371.45,33007.0
2026-06-19 12:10:00,371.45,371.6,371.05,371.6,29662.0
2026-06-19 12:15:00,371.6,371.7,371.25,371.55,35297.0
2026-06-19 12:20:00,371.55,372.15,371.55,372.0,41942.0
2026-06-19 12:25:00,372.1,372.7,371.9,372.35,50902.0
2026-06-19 12:30:00,372.2,372.65,372.2,372.3,30183.0
2026-06-19 12:35:00,372.3,372.6,372.0,372.6,34101.0
2026-06-19 12:40:00,372.6,372.6,371.2,371.75,68679.0
2026-06-19 12:45:00,371.75,372.4,371.6,371.7,52816.0
2026-06-19 12:50:00,371.55,372.15,371.5,371.65,38439.0
2026-06-19 12:55:00,371.65,372.0,371.3,371.75,50639.0
2026-06-19 13:00:00,371.8,372.0,371.5,371.65,32776.0
2026-06-19 13:05:00,371.65,371.8,371.5,371.55,26872.0
2026-06-19 13:10:00,371.7,371.8,371.5,371.8,13153.0
2026-06-19 13:15:00,371.8,371.8,371.65,371.65,16915.0
2026-06-19 13:20:00,371.65,372.0,371.6,371.9,35014.0
2026-06-19 13:25:00,371.9,372.0,371.7,371.95,20272.0
2026-06-19 13:30:00,372.0,372.4,371.95,372.25,27376.0
2026-06-19 13:35:00,372.25,372.75,372.2,372.75,38788.0
2026-06-19 13:40:00,372.7,373.0,372.6,372.8,46528.0
2026-06-19 13:45:00,372.8,372.9,372.65,372.8,38684.0
2026-06-19 13:50:00,372.65,372.75,371.8,372.6,45144.0
2026-06-19 13:55:00,372.6,373.2,372.55,373.0,42501.0
2026-06-19 14:00:00,372.95,373.1,372.4,372.55,33093.0
2026-06-19 14:05:00,372.45,373.0,372.45,373.0,33288.0
2026-06-19 14:10:00,372.95,373.0,372.55,372.85,36736.0
2026-06-19 14:15:00,372.85,373.4,372.75,373.3,56748.0
2026-06-19 14:20:00,373.3,373.3,371.45,372.15,206626.0
2026-06-19 14:25:00,372.15,372.7,372.15,372.55,62816.0
2026-06-19 14:30:00,372.55,373.2,372.5,373.15,77416.0
2026-06-19 14:35:00,373.2,374.35,373.0,374.05,127582.0
2026-06-19 14:40:00,374.05,374.4,374.0,374.4,190460.0
2026-06-19 14:45:00,374.3,374.65,374.1,374.3,112324.0
2026-06-19 14:50:00,374.25,374.35,373.45,373.8,496289.0
2026-06-19 14:55:00,373.85,373.85,373.05,373.6,146708.0
2026-06-19 15:00:00,373.45,376.15,373.4,375.9,475227.0
2026-06-19 15:05:00,375.75,376.4,375.25,375.25,326331.0
2026-06-19 15:10:00,375.3,376.5,375.3,376.25,374466.0
2026-06-19 15:15:00,376.25,376.75,376.05,376.5,416263.0
2026-06-19 15:20:00,376.5,376.7,376.0,376.3,452593.0
2026-06-19 15:25:00,376.35,376.7,375.85,376.0,287429.0
2026-06-22 09:15:00,379.0,379.7,376.2,378.4,257652.0
2026-06-22 09:20:00,378.4,378.5,376.65,377.5,142092.0
2026-06-22 09:25:00,377.25,377.6,376.4,376.55,118705.0
2026-06-22 09:30:00,376.55,376.9,375.95,376.25,131115.0
2026-06-22 09:35:00,376.5,376.9,375.8,376.35,77315.0
2026-06-22 09:40:00,376.4,376.4,375.1,375.5,77616.0
2026-06-22 09:45:00,375.4,375.7,375.05,375.35,65120.0
2026-06-22 09:50:00,375.2,375.8,375.1,375.45,58370.0
2026-06-22 09:55:00,375.3,377.45,375.25,377.1,93656.0
2026-06-22 10:00:00,377.15,377.2,376.35,376.65,50783.0
2026-06-22 10:05:00,376.75,377.15,376.1,377.1,50197.0
2026-06-22 10:10:00,377.1,377.35,376.0,376.25,60991.0
2026-06-22 10:15:00,376.25,376.6,376.05,376.1,31058.0
2026-06-22 10:20:00,376.25,376.25,375.5,375.75,54903.0
2026-06-22 10:25:00,375.75,375.95,375.55,375.85,36001.0
2026-06-22 10:30:00,375.95,378.75,375.8,378.4,473849.0
2026-06-22 10:35:00,378.45,378.8,378.05,378.55,69453.0
2026-06-22 10:40:00,378.55,379.4,378.45,379.0,98677.0
2026-06-22 10:45:00,379.1,379.1,377.9,378.1,89971.0
2026-06-22 10:50:00,378.1,378.4,377.7,378.0,75260.0
2026-06-22 10:55:00,377.95,378.5,377.75,378.4,45366.0
2026-06-22 11:00:00,378.3,378.5,378.15,378.15,25421.0
2026-06-22 11:05:00,378.2,378.75,378.2,378.75,38884.0
2026-06-22 11:10:00,378.85,379.0,378.35,378.35,29501.0
2026-06-22 11:15:00,378.4,378.8,378.35,378.55,17369.0
2026-06-22 11:20:00,378.5,378.6,378.15,378.3,34191.0
2026-06-22 11:25:00,378.3,378.5,378.05,378.25,28181.0
2026-06-22 11:30:00,378.3,378.55,378.2,378.3,34106.0
2026-06-22 11:35:00,378.45,378.6,378.15,378.45,23488.0
2026-06-22 11:40:00,378.6,378.65,378.1,378.45,26324.0
2026-06-22 11:45:00,378.45,378.65,378.2,378.35,17260.0
2026-06-22 11:50:00,378.5,378.5,378.2,378.25,33828.0
2026-06-22 11:55:00,378.25,378.4,378.1,378.35,11391.0
2026-06-22 12:00:00,378.35,378.35,378.0,378.1,17185.0
2026-06-22 12:05:00,378.1,378.85,378.1,378.75,26143.0
2026-06-22 12:10:00,378.75,378.8,378.2,378.25,18520.0
2026-06-22 12:15:00,378.45,378.45,377.85,378.2,49502.0
2026-06-22 12:20:00,378.1,378.45,378.05,378.2,14819.0
2026-06-22 12:25:00,378.2,378.25,377.9,378.0,25612.0
2026-06-22 12:30:00,378.05,378.25,378.0,378.2,27649.0
2026-06-22 12:35:00,378.2,378.3,377.9,378.3,17897.0
2026-06-22 12:40:00,378.15,378.4,378.05,378.05,9870.0
2026-06-22 12:45:00,378.15,378.35,378.05,378.35,9225.0
2026-06-22 12:50:00,378.3,378.95,378.1,378.6,28632.0
2026-06-22 12:55:00,378.7,378.75,378.25,378.25,9278.0
2026-06-22 13:00:00,378.45,378.45,378.05,378.1,6978.0
2026-06-22 13:05:00,378.1,378.35,378.0,378.2,13473.0
2026-06-22 13:10:00,378.05,378.2,376.55,378.0,543418.0
2026-06-22 13:15:00,378.15,378.15,376.4,376.9,333878.0
2026-06-22 13:20:00,376.9,377.9,376.25,377.35,480790.0
2026-06-22 13:25:00,377.4,377.4,376.95,377.05,28181.0
2026-06-22 13:30:00,377.2,377.4,376.9,377.35,37576.0
2026-06-22 13:35:00,377.2,377.4,376.75,377.25,123889.0
2026-06-22 13:40:00,377.25,377.25,374.05,375.95,297768.0
2026-06-22 13:45:00,376.0,376.55,375.7,376.45,47245.0
2026-06-22 13:50:00,376.5,376.95,376.45,376.75,21867.0
2026-06-22 13:55:00,376.8,378.0,376.6,377.45,107361.0
2026-06-22 14:00:00,377.45,377.5,376.9,377.0,20921.0
2026-06-22 14:05:00,376.9,377.2,376.5,377.2,65248.0
2026-06-22 14:10:00,377.15,377.6,376.9,377.45,85746.0
2026-06-22 14:15:00,377.45,378.1,377.0,378.05,101936.0
2026-06-22 14:20:00,378.0,378.15,377.8,378.1,61167.0
2026-06-22 14:25:00,378.1,378.35,377.85,378.1,35834.0
2026-06-22 14:30:00,378.1,378.4,377.7,378.05,99883.0
2026-06-22 14:35:00,378.05,378.3,377.95,378.1,22481.0
2026-06-22 14:40:00,378.1,378.4,378.05,378.35,30343.0
2026-06-22 14:45:00,378.35,378.95,378.2,378.8,62756.0
2026-06-22 14:50:00,378.9,379.2,378.6,378.9,63629.0
2026-06-22 14:55:00,378.9,378.95,378.2,378.3,56764.0
2026-06-22 15:00:00,378.45,379.45,378.35,378.4,185575.0
2026-06-22 15:05:00,378.4,378.5,376.75,376.95,433737.0
2026-06-22 15:10:00,376.95,378.25,376.7,378.1,481581.0
2026-06-22 15:15:00,378.1,378.35,378.0,378.05,257146.0
2026-06-22 15:20:00,378.05,378.4,378.0,378.35,190714.0
2026-06-22 15:25:00,378.35,378.5,377.5,378.0,212550.0
2026-06-23 09:15:00,372.0,372.05,365.25,365.65,624734.0
2026-06-23 09:20:00,365.7,365.95,364.55,364.6,415104.0
2026-06-23 09:25:00,364.6,364.8,363.25,364.4,377852.0
2026-06-23 09:30:00,364.6,365.3,364.25,364.9,181910.0
2026-06-23 09:35:00,365.0,365.1,364.5,364.9,141036.0
2026-06-23 09:40:00,364.9,364.95,363.2,363.4,230934.0
2026-06-23 09:45:00,363.25,363.6,363.2,363.35,147380.0
2026-06-23 09:50:00,363.5,363.6,362.9,363.0,183122.0
2026-06-23 09:55:00,363.0,363.45,363.0,363.45,128231.0
2026-06-23 10:00:00,364.05,364.4,364.0,364.1,208819.0
2026-06-23 10:05:00,364.0,364.0,362.8,363.2,112510.0
2026-06-23 10:10:00,363.15,363.25,362.75,362.95,105096.0
2026-06-23 10:15:00,362.85,363.0,362.5,362.85,110403.0
2026-06-23 10:20:00,362.8,362.9,362.0,362.2,192212.0
2026-06-23 10:25:00,362.25,362.25,361.1,361.35,225054.0
2026-06-23 10:30:00,361.15,361.65,361.1,361.65,174817.0
2026-06-23 10:35:00,361.65,362.0,361.25,361.35,164309.0
2026-06-23 10:40:00,361.3,361.55,360.8,361.0,146748.0
2026-06-23 10:45:00,361.05,361.15,360.7,360.75,94769.0
2026-06-23 10:50:00,360.75,360.95,360.6,360.8,129062.0
2026-06-23 10:55:00,360.6,360.9,360.35,360.4,126606.0
2026-06-23 11:00:00,360.35,361.0,360.25,360.95,146734.0
2026-06-23 11:05:00,360.95,361.0,360.55,360.55,118078.0
2026-06-23 11:10:00,360.6,360.85,360.5,360.7,102249.0
2026-06-23 11:15:00,360.7,360.9,360.6,360.65,120881.0
2026-06-23 11:20:00,360.6,360.85,360.1,360.75,192903.0
2026-06-23 11:25:00,360.6,360.8,360.5,360.5,93051.0
2026-06-23 11:30:00,360.55,360.55,360.05,360.25,103282.0
2026-06-23 11:35:00,360.15,360.2,359.6,360.05,257884.0
2026-06-23 11:40:00,360.05,360.05,359.15,359.25,130370.0
2026-06-23 11:45:00,359.2,359.3,358.3,358.55,156153.0
2026-06-23 11:50:00,358.6,358.75,358.3,358.45,129939.0
2026-06-23 11:55:00,358.45,358.45,357.55,357.9,230559.0
2026-06-23 12:00:00,357.9,358.25,357.45,358.1,141592.0
2026-06-23 12:05:00,358.0,358.1,357.5,357.8,83340.0
2026-06-23 12:10:00,357.8,357.8,357.3,357.75,114132.0
2026-06-23 12:15:00,357.7,358.9,357.65,358.6,115293.0
2026-06-23 12:20:00,358.55,358.55,357.3,357.5,79572.0
2026-06-23 12:25:00,357.5,358.2,357.4,358.0,110579.0
2026-06-23 12:30:00,358.0,358.0,355.85,356.05,274194.0
2026-06-23 12:35:00,355.9,356.25,355.35,355.5,341987.0
2026-06-23 12:40:00,355.5,355.7,354.6,354.7,276990.0
2026-06-23 12:45:00,354.6,354.75,352.8,352.85,381508.0
2026-06-23 12:50:00,352.8,353.4,352.5,352.85,369625.0
2026-06-23 12:55:00,352.8,353.45,352.35,353.0,310616.0
2026-06-23 13:00:00,353.0,353.35,352.4,352.75,267297.0
2026-06-23 13:05:00,352.75,352.95,352.25,352.5,266574.0
2026-06-23 13:10:00,352.7,352.7,352.15,352.25,268367.0
2026-06-23 13:15:00,352.15,352.25,350.8,351.1,433226.0
2026-06-23 13:20:00,351.0,351.25,350.35,350.9,277343.0
2026-06-23 13:25:00,350.9,351.55,350.65,351.25,238985.0
2026-06-23 13:30:00,351.4,351.9,351.2,351.35,186659.0
2026-06-23 13:35:00,351.2,351.4,350.8,351.2,208773.0
2026-06-23 13:40:00,351.2,352.4,351.05,352.0,249479.0
2026-06-23 13:45:00,352.0,352.65,351.65,352.2,226571.0
2026-06-23 13:50:00,352.35,352.4,351.05,352.15,381984.0
2026-06-23 13:55:00,352.05,352.35,351.7,351.7,202650.0
2026-06-23 14:00:00,351.75,353.0,351.6,352.65,260575.0
2026-06-23 14:05:00,352.75,352.9,351.95,352.25,232518.0
2026-06-23 14:10:00,352.25,352.6,351.3,351.4,225938.0
2026-06-23 14:15:00,351.4,351.8,351.2,351.3,233393.0
2026-06-23 14:20:00,351.3,352.0,351.25,351.8,239749.0
2026-06-23 14:25:00,351.8,351.95,350.8,351.25,322845.0
2026-06-23 14:30:00,351.05,351.45,350.9,351.2,226537.0
2026-06-23 14:35:00,351.3,351.4,351.0,351.1,184128.0
2026-06-23 14:40:00,351.0,352.95,350.85,352.5,303122.0
2026-06-23 14:45:00,352.6,352.75,352.0,352.2,227002.0
2026-06-23 14:50:00,352.3,354.9,352.0,354.75,660996.0
2026-06-23 14:55:00,354.75,356.2,354.4,356.0,832878.0
2026-06-23 15:00:00,356.05,356.2,354.5,355.9,846897.0
2026-06-23 15:05:00,355.9,356.7,355.9,356.0,524365.0
2026-06-23 15:10:00,356.0,356.25,355.75,356.2,537017.0
2026-06-23 15:15:00,356.15,356.25,354.6,354.95,587034.0
2026-06-23 15:20:00,355.05,355.6,354.2,354.2,543497.0
2026-06-23 15:25:00,354.25,355.5,353.25,355.5,599323.0
2026-06-24 09:15:00,353.0,355.1,351.25,354.5,436505.0
2026-06-24 09:20:00,354.15,354.45,350.6,351.7,516780.0
2026-06-24 09:25:00,351.75,352.9,351.0,352.65,219379.0
2026-06-24 09:30:00,352.65,353.2,351.15,351.6,330143.0
2026-06-24 09:35:00,351.55,351.7,350.1,350.55,329028.0
2026-06-24 09:40:00,350.55,350.7,349.25,349.4,299841.0
2026-06-24 09:45:00,349.5,349.6,347.85,347.9,416390.0
2026-06-24 09:50:00,348.0,349.05,347.7,348.95,563464.0
2026-06-24 09:55:00,349.0,349.2,348.6,348.7,247622.0
2026-06-24 10:00:00,348.8,349.5,348.8,349.2,223282.0
2026-06-24 10:05:00,349.25,349.55,349.0,349.4,115204.0
2026-06-24 10:10:00,349.4,349.4,348.35,348.7,162536.0
2026-06-24 10:15:00,348.75,349.25,348.65,348.8,164333.0
2026-06-24 10:20:00,348.75,350.8,348.7,350.55,478894.0
2026-06-24 10:25:00,350.5,351.75,350.5,351.1,268681.0
2026-06-24 10:30:00,351.2,351.95,351.05,351.85,138075.0
2026-06-24 10:35:00,351.85,352.45,351.45,352.3,120807.0
2026-06-24 10:40:00,352.45,353.8,352.3,353.75,216035.0
2026-06-24 10:45:00,353.75,356.2,353.75,354.45,331684.0
2026-06-24 10:50:00,354.35,354.8,353.7,353.95,183369.0
2026-06-24 10:55:00,353.9,354.0,352.65,353.85,244389.0
2026-06-24 11:00:00,353.9,354.8,353.5,353.9,597294.0
2026-06-24 11:05:00,353.9,353.95,353.05,353.5,148256.0
2026-06-24 11:10:00,353.55,353.7,353.05,353.05,108234.0
2026-06-24 11:15:00,353.1,353.85,353.0,353.25,127681.0
2026-06-24 11:20:00,353.25,353.25,352.55,352.9,158253.0
2026-06-24 11:25:00,352.85,352.95,352.65,352.8,61694.0
2026-06-24 11:30:00,352.9,352.9,351.7,351.9,163286.0
2026-06-24 11:35:00,351.85,352.45,351.8,352.2,89409.0
2026-06-24 11:40:00,352.2,352.75,352.2,352.6,93185.0
2026-06-24 11:45:00,352.65,353.55,352.3,353.0,165641.0
2026-06-24 11:50:00,353.0,353.1,352.0,352.0,110359.0
2026-06-24 11:55:00,352.0,352.3,351.8,352.15,89360.0
2026-06-24 12:00:00,352.3,352.35,351.55,351.9,83935.0
2026-06-24 12:05:00,351.85,351.9,350.95,350.95,72990.0
2026-06-24 12:10:00,350.85,351.0,350.55,350.95,70261.0
2026-06-24 12:15:00,350.95,351.05,350.6,350.7,62980.0
2026-06-24 12:20:00,350.7,350.75,350.35,350.5,70536.0
2026-06-24 12:25:00,350.45,350.8,350.3,350.5,71894.0
2026-06-24 12:30:00,350.5,350.6,349.55,349.75,146265.0
2026-06-24 12:35:00,349.8,349.8,348.7,349.0,211929.0
2026-06-24 12:40:00,349.05,349.4,348.75,349.25,159049.0
2026-06-24 12:45:00,349.3,349.4,348.5,348.5,133358.0
2026-06-24 12:50:00,348.5,349.4,348.3,349.0,156655.0
2026-06-24 12:55:00,348.9,349.95,348.8,349.85,108929.0
2026-06-24 13:00:00,349.85,350.0,349.35,349.4,170803.0
2026-06-24 13:05:00,349.45,349.75,349.4,349.5,101578.0
2026-06-24 13:10:00,349.55,349.85,349.5,349.75,84126.0
2026-06-24 13:15:00,349.75,350.15,349.6,349.8,123161.0
2026-06-24 13:20:00,349.8,352.45,349.75,351.55,363937.0
2026-06-24 13:25:00,351.6,351.6,350.9,351.0,136893.0
2026-06-24 13:30:00,351.05,352.1,350.95,351.8,91747.0
2026-06-24 13:35:00,351.8,352.95,351.8,352.6,140712.0
2026-06-24 13:40:00,352.6,352.6,352.05,352.1,53916.0
2026-06-24 13:45:00,352.1,352.8,352.1,352.25,81109.0
2026-06-24 13:50:00,352.25,352.25,351.35,351.6,66742.0
2026-06-24 13:55:00,351.6,351.85,351.05,351.2,61879.0
2026-06-24 14:00:00,351.25,351.25,350.45,350.95,75916.0
2026-06-24 14:05:00,350.95,351.0,350.55,350.6,71481.0
2026-06-24 14:10:00,350.6,350.8,349.9,350.05,138261.0
2026-06-24 14:15:00,350.15,350.15,349.7,350.0,115730.0
2026-06-24 14:20:00,350.0,350.05,349.0,349.3,104776.0
2026-06-24 14:25:00,349.3,349.6,349.2,349.25,126877.0
2026-06-24 14:30:00,349.25,349.35,348.8,349.25,157657.0
2026-06-24 14:35:00,349.25,349.4,348.7,349.2,147218.0
2026-06-24 14:40:00,349.2,349.5,349.05,349.15,84482.0
2026-06-24 14:45:00,349.15,349.15,348.45,348.9,149041.0
2026-06-24 14:50:00,348.9,349.35,348.8,349.15,147096.0
2026-06-24 14:55:00,349.1,349.15,348.9,349.05,159721.0
2026-06-24 15:00:00,349.05,349.3,348.45,348.95,336860.0
2026-06-24 15:05:00,349.0,349.05,348.5,348.6,210056.0
2026-06-24 15:10:00,348.55,348.6,348.2,348.5,303191.0
2026-06-24 15:15:00,348.45,348.95,348.35,348.55,304500.0
2026-06-24 15:20:00,348.55,348.95,348.1,348.5,477824.0
2026-06-24 15:25:00,348.45,348.5,347.5,347.95,298071.0
2026-06-25 09:15:00,340.0,342.2,335.7,337.8,1500533.0
2026-06-25 09:20:00,337.75,338.0,335.65,337.6,809950.0
2026-06-25 09:25:00,337.6,338.65,337.5,337.7,383436.0
2026-06-25 09:30:00,337.75,338.8,336.7,338.6,306417.0
2026-06-25 09:35:00,338.7,340.4,338.7,339.7,488266.0
2026-06-25 09:40:00,339.7,339.7,337.95,337.95,190829.0
2026-06-25 09:45:00,337.95,338.15,337.55,337.9,127022.0
2026-06-25 09:50:00,337.75,337.9,336.15,336.65,288727.0
2026-06-25 09:55:00,336.65,336.65,336.05,336.15,164896.0
2026-06-25 10:00:00,336.15,337.2,336.15,336.75,244287.0
2026-06-25 10:05:00,336.7,337.3,336.5,337.3,158886.0
2026-06-25 10:10:00,337.5,337.95,337.1,337.8,148188.0
2026-06-25 10:15:00,337.9,338.8,337.7,338.4,185832.0
2026-06-25 10:20:00,338.4,338.5,336.65,336.7,200783.0
2026-06-25 10:25:00,336.7,336.7,335.1,335.55,352720.0
2026-06-25 10:30:00,335.5,336.2,335.35,335.9,186127.0
2026-06-25 10:35:00,336.0,337.65,335.75,337.1,207429.0
2026-06-25 10:40:00,337.05,337.45,336.6,337.45,187607.0
2026-06-25 10:45:00,337.45,338.5,337.4,338.3,213265.0
2026-06-25 10:50:00,338.15,338.2,337.55,338.1,151589.0
2026-06-25 10:55:00,337.95,338.15,337.65,338.05,133924.0
2026-06-25 11:00:00,338.0,338.05,337.0,338.0,252376.0
2026-06-25 11:05:00,337.85,338.2,337.65,338.15,195980.0
2026-06-25 11:10:00,338.1,339.7,338.0,339.55,342893.0
2026-06-25 11:15:00,339.65,340.0,339.0,339.3,208562.0
2026-06-25 11:20:00,339.2,339.7,339.2,339.45,202045.0
2026-06-25 11:25:00,339.45,339.5,338.75,338.75,170384.0
2026-06-25 11:30:00,338.75,339.4,338.65,339.0,187949.0
2026-06-25 11:35:00,339.0,339.0,338.5,338.6,149188.0
2026-06-25 11:40:00,338.6,338.65,338.15,338.3,173639.0
2026-06-25 11:45:00,338.25,338.3,337.3,337.9,221328.0
2026-06-25 11:50:00,337.95,338.1,337.6,338.1,195774.0
2026-06-25 11:55:00,338.05,339.4,338.05,339.05,254345.0
2026-06-25 12:00:00,339.15,339.25,338.7,338.7,155104.0
2026-06-25 12:05:00,338.8,339.35,338.8,339.35,252806.0
2026-06-25 12:10:00,339.3,339.8,339.25,339.5,222706.0
2026-06-25 12:15:00,339.5,339.95,339.2,339.95,204788.0
2026-06-25 12:20:00,339.9,340.25,338.8,338.85,241292.0
2026-06-25 12:25:00,338.8,338.85,337.65,338.45,208266.0
2026-06-25 12:30:00,338.35,338.7,337.5,338.55,202447.0
2026-06-25 12:35:00,338.6,338.9,337.95,338.55,146411.0
2026-06-25 12:40:00,338.55,338.55,338.0,338.15,149768.0
2026-06-25 12:45:00,338.1,338.3,338.0,338.1,154950.0
2026-06-25 12:50:00,338.15,338.3,338.05,338.15,287301.0
2026-06-25 12:55:00,338.1,338.15,336.95,337.15,462475.0
2026-06-25 13:00:00,337.1,337.65,336.85,337.1,299824.0
2026-06-25 13:05:00,337.05,337.4,336.45,336.6,343010.0
2026-06-25 13:10:00,336.6,336.85,336.25,336.55,353184.0
2026-06-25 13:15:00,336.6,337.4,336.6,337.1,296660.0
2026-06-25 13:20:00,337.15,337.25,336.8,337.1,306154.0
2026-06-25 13:25:00,337.05,337.1,336.55,336.8,289440.0
2026-06-25 13:30:00,336.75,337.6,336.7,337.3,318442.0
2026-06-25 13:35:00,337.3,337.6,337.25,337.6,284670.0
2026-06-25 13:40:00,337.6,337.65,337.0,337.0,340828.0
2026-06-25 13:45:00,337.0,337.1,336.35,336.6,273583.0
2026-06-25 13:50:00,336.55,336.85,335.6,335.65,498295.0
2026-06-25 13:55:00,335.65,336.0,335.05,335.15,334055.0
2026-06-25 14:00:00,335.05,335.45,334.25,335.25,613325.0
2026-06-25 14:05:00,335.25,335.5,334.5,334.8,324789.0
2026-06-25 14:10:00,334.7,335.75,334.6,335.15,567395.0
2026-06-25 14:15:00,335.15,335.25,333.9,334.05,641252.0
2026-06-25 14:20:00,334.05,334.25,333.2,333.45,557718.0
2026-06-25 14:25:00,333.4,333.5,333.0,333.15,463113.0
2026-06-25 14:30:00,333.3,333.55,332.75,332.9,511824.0
2026-06-25 14:35:00,332.75,332.85,332.05,332.5,609769.0
2026-06-25 14:40:00,332.5,333.0,332.2,333.0,614164.0
2026-06-25 14:45:00,332.9,333.15,332.2,332.4,894519.0
2026-06-25 14:50:00,332.3,332.85,331.75,332.55,799100.0
2026-06-25 14:55:00,332.65,332.85,331.8,331.8,874486.0
2026-06-25 15:00:00,332.15,332.5,331.45,331.7,781278.0
2026-06-25 15:05:00,331.8,332.9,331.7,332.0,964436.0
2026-06-25 15:10:00,332.0,332.5,331.6,332.0,721207.0
2026-06-25 15:15:00,331.9,332.35,331.8,332.05,584495.0
2026-06-25 15:20:00,332.05,332.2,331.4,332.1,725368.0
2026-06-25 15:25:00,332.15,333.7,331.9,333.0,683089.0
2026-06-29 09:15:00,334.05,339.35,334.05,338.75,885306.0
2026-06-29 09:20:00,338.6,339.05,337.15,337.65,373075.0
2026-06-29 09:25:00,337.5,338.25,337.5,337.85,328679.0
2026-06-29 09:30:00,337.8,337.85,335.7,335.7,308847.0
2026-06-29 09:35:00,335.8,337.2,335.25,336.75,219822.0
2026-06-29 09:40:00,336.8,337.35,336.7,337.1,174622.0
2026-06-29 09:45:00,337.1,337.55,336.25,336.4,148578.0
2026-06-29 09:50:00,336.25,337.95,336.2,337.65,201348.0
2026-06-29 09:55:00,337.6,338.35,336.8,337.05,298224.0
2026-06-29 10:00:00,337.2,338.0,337.0,337.55,144866.0
2026-06-29 10:05:00,337.35,338.1,337.0,337.8,124876.0
2026-06-29 10:10:00,337.8,338.0,337.45,337.55,100059.0
2026-06-29 10:15:00,337.45,338.3,337.35,338.2,157198.0
2026-06-29 10:20:00,338.2,338.9,338.05,338.8,409678.0
2026-06-29 10:25:00,338.7,338.75,338.25,338.6,207978.0
2026-06-29 10:30:00,338.45,338.65,338.25,338.65,112540.0
2026-06-29 10:35:00,338.65,338.8,338.2,338.8,129161.0
2026-06-29 10:40:00,338.85,338.95,338.45,338.6,213311.0
2026-06-29 10:45:00,338.6,339.1,338.45,338.9,391964.0
2026-06-29 10:50:00,338.75,338.9,338.5,338.7,78996.0
2026-06-29 10:55:00,338.65,338.75,338.2,338.75,115106.0
2026-06-29 11:00:00,338.6,338.85,338.25,338.8,111692.0
2026-06-29 11:05:00,338.8,338.85,338.4,338.7,123463.0
2026-06-29 11:10:00,338.6,339.0,338.6,338.85,99735.0
2026-06-29 11:15:00,338.85,338.9,338.1,338.85,143283.0
2026-06-29 11:20:00,338.65,339.3,338.65,339.3,240966.0
2026-06-29 11:25:00,339.3,339.85,339.2,339.85,170265.0
2026-06-29 11:30:00,339.85,340.45,339.3,339.65,288722.0
2026-06-29 11:35:00,339.6,340.75,339.55,340.6,224226.0
2026-06-29 11:40:00,340.85,341.2,340.35,340.7,223140.0
2026-06-29 11:45:00,340.75,341.9,340.75,341.75,174717.0
2026-06-29 11:50:00,341.75,342.2,341.6,342.0,187912.0
2026-06-29 11:55:00,341.95,342.1,341.2,341.65,139448.0
2026-06-29 12:00:00,341.65,341.7,341.25,341.6,104908.0
2026-06-29 12:05:00,341.6,341.9,341.5,341.75,108348.0
2026-06-29 12:10:00,341.7,341.9,341.45,341.75,125894.0
2026-06-29 12:15:00,341.75,342.15,341.55,342.1,160023.0
2026-06-29 12:20:00,342.05,342.35,341.5,342.35,148713.0
2026-06-29 12:25:00,342.35,343.9,342.25,343.6,356723.0
2026-06-29 12:30:00,343.65,343.75,342.1,342.45,290171.0
2026-06-29 12:35:00,342.4,342.5,341.95,342.15,149979.0
2026-06-29 12:40:00,342.15,342.25,341.2,341.6,186678.0
2026-06-29 12:45:00,341.65,342.7,341.65,341.8,191961.0
2026-06-29 12:50:00,341.9,342.5,341.4,342.5,158418.0
2026-06-29 12:55:00,342.45,342.9,342.4,342.65,113861.0
2026-06-29 13:00:00,342.65,342.7,342.2,342.6,96703.0
2026-06-29 13:05:00,342.55,342.8,342.3,342.75,86722.0
2026-06-29 13:10:00,342.75,344.15,342.7,343.5,269757.0
2026-06-29 13:15:00,343.35,343.65,342.8,343.15,159651.0
2026-06-29 13:20:00,343.15,344.85,343.15,344.7,431111.0
2026-06-29 13:25:00,344.7,345.15,344.2,344.55,680947.0
2026-06-29 13:30:00,344.6,345.0,344.15,344.9,241656.0
2026-06-29 13:35:00,345.1,345.4,344.9,345.25,288497.0
2026-06-29 13:40:00,345.2,345.55,345.0,345.2,321327.0
2026-06-29 13:45:00,345.2,345.6,344.9,345.1,329442.0
2026-06-29 13:50:00,345.1,345.15,343.9,344.25,317046.0
2026-06-29 13:55:00,344.25,344.3,343.1,343.1,292510.0
2026-06-29 14:00:00,343.1,343.1,342.45,342.75,250157.0
2026-06-29 14:05:00,342.8,343.25,342.45,342.85,247653.0
2026-06-29 14:10:00,342.85,343.1,342.0,342.75,382617.0
2026-06-29 14:15:00,342.7,343.3,342.4,342.55,280888.0
2026-06-29 14:20:00,342.6,343.0,342.45,342.75,264371.0
2026-06-29 14:25:00,342.7,343.1,342.55,342.75,230118.0
2026-06-29 14:30:00,342.85,343.5,342.3,342.95,295724.0
2026-06-29 14:35:00,342.85,343.05,341.9,341.9,308775.0
2026-06-29 14:40:00,341.95,342.8,341.95,342.25,232007.0
2026-06-29 14:45:00,342.3,342.3,340.8,341.6,268815.0
2026-06-29 14:50:00,341.6,343.4,341.5,343.3,397343.0
2026-06-29 14:55:00,343.3,343.45,342.5,342.7,428805.0
2026-06-29 15:00:00,342.7,345.1,342.65,344.75,3554900.0
2026-06-29 15:05:00,344.95,347.95,344.75,347.1,3697337.0
2026-06-29 15:10:00,347.1,347.55,346.5,347.2,3301592.0
2026-06-29 15:15:00,347.35,350.0,347.0,349.25,4016344.0
2026-06-29 15:20:00,349.5,350.65,348.1,348.3,4231738.0
2026-06-29 15:25:00,348.4,348.7,344.45,346.5,2344362.0
2026-06-30 09:15:00,342.0,342.55,337.3,337.4,943870.0
2026-06-30 09:20:00,337.25,338.35,337.0,338.3,249121.0
2026-06-30 09:25:00,338.2,339.7,338.05,338.35,212604.0
2026-06-30 09:30:00,338.1,338.35,337.8,337.85,190065.0
2026-06-30 09:35:00,337.85,338.15,337.25,337.9,172413.0
2026-06-30 09:40:00,337.8,337.9,336.1,336.5,244303.0
2026-06-30 09:45:00,336.4,336.5,335.8,335.9,159445.0
2026-06-30 09:50:00,335.9,336.5,335.75,336.1,139848.0
2026-06-30 09:55:00,335.95,336.15,335.85,336.05,128761.0
2026-06-30 10:00:00,336.05,336.05,334.6,334.9,273170.0
2026-06-30 10:05:00,334.85,335.9,334.85,335.1,120060.0
2026-06-30 10:10:00,335.1,335.6,335.0,335.1,95129.0
2026-06-30 10:15:00,335.1,335.35,334.25,334.35,157195.0
2026-06-30 10:20:00,334.35,334.75,333.6,334.05,183465.0
2026-06-30 10:25:00,334.05,334.1,333.55,334.1,113277.0
2026-06-30 10:30:00,334.0,334.15,333.65,333.95,71166.0
2026-06-30 10:35:00,333.95,334.45,333.85,334.1,93458.0
2026-06-30 10:40:00,334.0,334.2,333.85,333.95,52099.0
2026-06-30 10:45:00,333.9,334.05,333.85,333.95,57055.0
2026-06-30 10:50:00,333.95,335.45,333.6,334.5,245204.0
2026-06-30 10:55:00,334.35,334.5,333.9,334.1,77558.0
2026-06-30 11:00:00,334.1,334.45,333.55,333.6,90380.0
2026-06-30 11:05:00,333.65,334.3,333.55,334.2,80417.0
2026-06-30 11:10:00,334.15,335.05,334.15,334.95,122102.0
2026-06-30 11:15:00,334.9,335.0,334.55,334.65,96332.0
2026-06-30 11:20:00,334.55,335.35,334.5,335.2,116789.0
2026-06-30 11:25:00,335.15,335.2,334.8,334.9,99910.0
2026-06-30 11:30:00,334.95,335.2,334.75,335.05,76560.0
2026-06-30 11:35:00,335.05,335.15,334.8,334.9,68665.0
2026-06-30 11:40:00,334.9,335.1,334.75,335.1,111266.0
2026-06-30 11:45:00,335.1,335.35,334.75,334.85,137860.0
2026-06-30 11:50:00,334.8,335.3,334.8,335.2,39565.0
2026-06-30 11:55:00,335.3,336.8,335.2,336.35,190941.0
2026-06-30 12:00:00,336.35,336.7,336.25,336.65,74009.0
2026-06-30 12:05:00,336.75,339.1,336.75,337.75,345468.0
2026-06-30 12:10:00,337.9,337.9,337.05,337.15,152360.0
2026-06-30 12:15:00,337.15,337.25,336.55,336.75,66405.0
2026-06-30 12:20:00,336.6,336.7,336.05,336.15,43483.0
2026-06-30 12:25:00,336.15,336.4,336.1,336.2,31589.0
2026-06-30 12:30:00,336.35,336.4,335.15,335.15,85535.0
2026-06-30 12:35:00,335.15,335.8,335.1,335.7,73315.0
2026-06-30 12:40:00,335.8,335.95,335.7,335.9,43767.0
2026-06-30 12:45:00,335.9,336.05,335.65,336.05,52401.0
2026-06-30 12:50:00,336.05,336.5,335.9,336.25,61069.0
2026-06-30 12:55:00,336.35,337.3,336.2,336.65,73448.0
2026-06-30 13:00:00,336.65,337.1,335.9,336.95,119937.0
2026-06-30 13:05:00,337.0,338.3,336.95,338.2,108971.0
2026-06-30 13:10:00,338.2,338.4,337.15,337.45,98060.0
2026-06-30 13:15:00,337.55,339.55,337.4,339.1,164180.0
2026-06-30 13:20:00,339.15,339.2,338.45,338.7,69698.0
2026-06-30 13:25:00,338.7,339.85,338.7,339.5,112587.0
2026-06-30 13:30:00,339.5,340.0,339.35,339.8,116837.0
2026-06-30 13:35:00,339.8,339.9,339.35,339.35,68077.0
2026-06-30 13:40:00,339.35,340.1,339.35,339.6,113116.0
2026-06-30 13:45:00,339.6,339.65,339.0,339.1,59733.0
2026-06-30 13:50:00,339.1,340.1,339.1,339.8,281018.0
2026-06-30 13:55:00,339.8,340.5,339.8,340.4,130307.0
2026-06-30 14:00:00,340.45,340.45,339.4,339.45,221163.0
2026-06-30 14:05:00,339.6,339.65,339.15,339.35,65868.0
2026-06-30 14:10:00,339.3,339.7,339.3,339.7,56404.0
2026-06-30 14:15:00,339.65,340.15,339.65,340.0,84100.0
2026-06-30 14:20:00,339.95,340.1,339.6,340.1,92785.0
2026-06-30 14:25:00,340.1,340.75,339.8,339.8,195111.0
2026-06-30 14:30:00,339.6,339.6,338.75,339.3,129790.0
2026-06-30 14:35:00,339.25,339.3,338.35,338.8,149931.0
2026-06-30 14:40:00,338.8,339.5,338.75,339.3,111767.0
2026-06-30 14:45:00,339.3,339.45,338.85,339.2,94380.0
2026-06-30 14:50:00,339.2,339.25,338.85,339.1,87166.0
2026-06-30 14:55:00,339.2,339.3,338.55,339.1,103999.0
2026-06-30 15:00:00,338.95,338.95,337.65,338.65,456275.0
2026-06-30 15:05:00,338.7,339.65,338.7,339.4,505305.0
2026-06-30 15:10:00,339.4,339.75,339.2,339.75,380150.0
2026-06-30 15:15:00,339.7,340.0,339.5,339.75,546451.0
2026-06-30 15:20:00,339.75,340.25,339.7,340.25,503388.0
2026-06-30 15:25:00,340.2,341.0,339.2,339.2,491885.0
2026-07-01 09:15:00,337.95,338.25,335.3,337.2,390648.0
2026-07-01 09:20:00,336.8,338.0,336.5,337.7,145383.0
2026-07-01 09:25:00,337.7,339.6,337.1,339.6,159934.0
2026-07-01 09:30:00,339.6,340.55,339.1,339.45,232494.0
2026-07-01 09:35:00,339.5,339.5,338.4,339.3,132469.0
2026-07-01 09:40:00,339.3,339.75,338.5,338.8,66756.0
2026-07-01 09:45:00,338.7,339.35,338.5,338.75,80722.0
2026-07-01 09:50:00,338.75,339.3,338.4,338.8,87800.0
2026-07-01 09:55:00,339.05,340.0,338.55,339.8,74721.0
2026-07-01 10:00:00,339.8,340.0,339.2,339.3,61271.0
2026-07-01 10:05:00,339.35,339.95,339.3,339.6,49123.0
2026-07-01 10:10:00,339.5,340.8,339.5,340.1,105726.0
2026-07-01 10:15:00,340.15,341.35,340.1,341.25,106347.0
2026-07-01 10:20:00,341.4,341.5,340.5,340.65,86727.0
2026-07-01 10:25:00,340.65,340.75,340.1,340.55,50283.0
2026-07-01 10:30:00,340.55,340.95,340.4,340.45,46344.0
2026-07-01 10:35:00,340.45,340.65,340.05,340.45,43741.0
2026-07-01 10:40:00,340.45,340.5,340.05,340.1,36300.0
2026-07-01 10:45:00,340.15,341.2,340.1,340.75,63818.0
2026-07-01 10:50:00,340.75,340.75,339.75,339.75,51550.0
2026-07-01 10:55:00,339.75,340.1,339.6,339.65,54865.0
2026-07-01 11:00:00,339.8,339.95,339.15,339.3,48907.0
2026-07-01 11:05:00,339.3,339.8,339.05,339.6,33989.0
2026-07-01 11:10:00,339.6,339.8,338.5,338.55,88998.0
2026-07-01 11:15:00,338.55,339.4,338.55,338.8,49139.0
2026-07-01 11:20:00,338.7,338.9,338.45,338.65,30777.0
2026-07-01 11:25:00,338.5,339.25,338.0,339.25,80498.0
2026-07-01 11:30:00,339.25,339.7,339.0,339.45,40584.0
2026-07-01 11:35:00,339.45,339.55,339.15,339.5,33456.0
2026-07-01 11:40:00,339.3,339.65,339.15,339.3,34420.0
2026-07-01 11:45:00,339.4,339.8,339.3,339.7,46829.0
2026-07-01 11:50:00,339.65,339.8,338.85,339.1,54142.0
2026-07-01 11:55:00,339.0,339.4,338.85,339.3,34872.0
2026-07-01 12:00:00,339.3,339.5,338.75,339.3,69431.0
2026-07-01 12:05:00,339.5,339.65,339.0,339.65,46252.0
2026-07-01 12:10:00,339.65,339.7,338.25,338.3,104793.0
2026-07-01 12:15:00,338.3,338.3,338.0,338.25,75946.0
2026-07-01 12:20:00,338.1,338.3,337.75,337.9,183687.0
2026-07-01 12:25:00,337.9,338.0,336.5,336.7,93563.0
2026-07-01 12:30:00,336.85,337.4,336.65,337.15,66302.0
2026-07-01 12:35:00,337.2,337.4,337.1,337.1,44672.0
2026-07-01 12:40:00,337.25,337.25,335.7,336.05,92795.0
2026-07-01 12:45:00,336.0,336.3,335.85,336.15,45607.0
2026-07-01 12:50:00,336.2,336.35,336.0,336.15,34569.0
2026-07-01 12:55:00,336.0,336.25,336.0,336.25,33311.0
2026-07-01 13:00:00,336.25,336.25,335.7,335.8,55600.0
2026-07-01 13:05:00,335.8,335.9,335.2,335.65,50351.0
2026-07-01 13:10:00,335.65,335.9,335.35,335.7,34459.0
2026-07-01 13:15:00,335.7,336.45,335.5,336.25,67473.0
2026-07-01 13:20:00,336.2,336.45,336.0,336.0,61581.0
2026-07-01 13:25:00,336.0,336.35,335.9,336.1,34804.0
2026-07-01 13:30:00,336.0,336.2,335.85,336.05,46891.0
2026-07-01 13:35:00,336.15,336.45,336.0,336.45,29432.0
2026-07-01 13:40:00,336.45,336.7,335.8,335.9,47460.0
2026-07-01 13:45:00,336.0,336.25,335.3,335.4,58534.0
2026-07-01 13:50:00,335.35,335.55,335.15,335.5,59425.0
2026-07-01 13:55:00,335.4,335.55,335.15,335.2,55515.0
2026-07-01 14:00:00,335.3,335.4,335.15,335.35,61502.0
2026-07-01 14:05:00,335.35,335.4,334.65,334.65,97918.0
2026-07-01 14:10:00,334.7,334.85,334.35,334.35,126992.0
2026-07-01 14:15:00,334.3,334.8,333.95,334.35,150112.0
2026-07-01 14:20:00,334.3,334.55,334.1,334.5,67321.0
2026-07-01 14:25:00,334.4,334.55,334.15,334.35,87056.0
2026-07-01 14:30:00,334.5,334.55,334.25,334.5,53897.0
2026-07-01 14:35:00,334.5,334.5,333.65,333.75,64458.0
2026-07-01 14:40:00,333.6,334.5,333.4,333.85,372235.0
2026-07-01 14:45:00,333.9,333.9,333.35,333.35,57869.0
2026-07-01 14:50:00,333.45,334.0,333.15,334.0,85917.0
2026-07-01 14:55:00,334.0,335.1,333.85,334.8,191262.0
2026-07-01 15:00:00,334.95,335.15,334.2,334.65,111941.0
2026-07-01 15:05:00,334.6,334.85,334.5,334.75,74721.0
2026-07-01 15:10:00,334.75,334.75,334.35,334.55,81849.0
2026-07-01 15:15:00,334.55,334.65,334.2,334.55,125834.0
2026-07-01 15:20:00,334.6,335.2,334.4,335.1,168198.0
2026-07-01 15:25:00,335.0,335.1,334.2,334.5,124065.0
2026-07-02 09:15:00,335.5,340.3,335.5,337.8,331694.0
2026-07-02 09:20:00,338.15,338.7,337.4,338.1,151184.0
2026-07-02 09:25:00,338.0,338.75,337.0,337.05,141865.0
2026-07-02 09:30:00,337.2,337.35,335.8,335.9,131258.0
2026-07-02 09:35:00,335.95,336.35,335.25,336.0,100819.0
2026-07-02 09:40:00,336.0,337.1,336.0,336.4,126402.0
2026-07-02 09:45:00,336.4,338.45,336.4,337.1,154046.0
2026-07-02 09:50:00,337.2,339.65,336.8,339.5,156424.0
2026-07-02 09:55:00,339.5,339.9,338.15,338.55,135333.0
2026-07-02 10:00:00,338.65,339.45,338.55,339.05,116460.0
2026-07-02 10:05:00,339.15,339.35,338.55,339.25,60618.0
2026-07-02 10:10:00,339.2,340.5,339.1,339.1,182350.0
2026-07-02 10:15:00,339.1,339.85,338.5,338.6,74812.0
2026-07-02 10:20:00,338.5,338.6,337.8,338.0,82143.0
2026-07-02 10:25:00,337.95,338.1,337.2,337.35,115731.0
2026-07-02 10:30:00,337.3,337.35,336.15,336.2,141919.0
2026-07-02 10:35:00,336.2,337.7,336.0,337.7,193276.0
2026-07-02 10:40:00,337.55,337.95,337.5,337.6,61480.0
2026-07-02 10:45:00,337.55,337.75,337.05,337.05,74807.0
2026-07-02 10:50:00,336.9,337.4,336.45,337.25,68860.0
2026-07-02 10:55:00,337.15,337.3,336.85,337.0,40798.0
2026-07-02 11:00:00,336.95,337.55,336.8,337.05,77501.0
2026-07-02 11:05:00,337.05,337.4,337.0,337.0,40257.0
2026-07-02 11:10:00,337.0,337.0,336.3,336.65,55145.0
2026-07-02 11:15:00,336.6,337.4,336.05,336.05,77960.0
2026-07-02 11:20:00,336.0,336.35,335.7,336.1,86549.0
2026-07-02 11:25:00,336.1,336.45,335.6,335.75,56860.0
2026-07-02 11:30:00,335.65,336.1,335.5,335.6,54844.0
2026-07-02 11:35:00,335.55,335.7,335.15,335.6,185298.0
2026-07-02 11:40:00,335.6,335.75,334.1,334.55,218270.0
2026-07-02 11:45:00,334.4,335.1,334.4,334.7,84051.0
2026-07-02 11:50:00,334.7,335.1,334.6,334.7,38065.0
2026-07-02 11:55:00,334.7,335.25,334.65,335.0,53672.0
2026-07-02 12:00:00,334.85,335.5,334.8,335.0,56058.0
2026-07-02 12:05:00,334.95,335.45,334.75,334.75,43419.0
2026-07-02 12:10:00,334.7,334.8,333.8,334.3,147459.0
2026-07-02 12:15:00,334.3,334.95,334.15,334.8,83585.0
2026-07-02 12:20:00,334.7,335.1,334.1,334.35,79419.0
2026-07-02 12:25:00,334.35,335.1,334.35,334.8,92309.0
2026-07-02 12:30:00,334.8,334.8,334.25,334.65,43509.0
2026-07-02 12:35:00,334.75,334.8,334.35,334.5,40443.0
2026-07-02 12:40:00,334.55,334.75,333.8,333.95,68283.0
2026-07-02 12:45:00,333.95,334.25,333.15,333.15,108507.0
2026-07-02 12:50:00,333.1,333.1,332.6,332.9,82671.0
2026-07-02 12:55:00,332.9,333.0,332.65,332.9,53325.0
2026-07-02 13:00:00,332.9,334.15,332.7,334.0,76887.0
2026-07-02 13:05:00,334.0,334.75,333.95,334.35,64181.0
2026-07-02 13:10:00,334.55,334.55,334.0,334.4,44272.0
2026-07-02 13:15:00,334.5,334.6,334.1,334.2,44154.0
2026-07-02 13:20:00,334.2,334.4,333.95,334.1,67956.0
2026-07-02 13:25:00,334.2,334.35,333.85,334.1,96264.0
2026-07-02 13:30:00,334.1,334.15,333.65,333.7,83958.0
2026-07-02 13:35:00,333.85,333.9,333.4,333.4,51778.0
2026-07-02 13:40:00,333.4,333.95,333.35,333.5,67235.0
2026-07-02 13:45:00,333.5,333.6,333.1,333.45,65133.0
2026-07-02 13:50:00,333.45,333.6,332.1,332.2,146258.0
2026-07-02 13:55:00,332.2,332.65,332.1,332.4,70999.0
2026-07-02 14:00:00,332.45,333.7,332.4,333.45,155529.0
2026-07-02 14:05:00,333.5,333.85,333.5,333.6,44285.0
2026-07-02 14:10:00,333.6,333.65,333.3,333.35,24764.0
2026-07-02 14:15:00,333.45,333.6,333.25,333.35,25443.0
2026-07-02 14:20:00,333.5,333.55,332.65,332.75,73098.0
2026-07-02 14:25:00,332.65,333.0,332.25,332.45,61183.0
2026-07-02 14:30:00,332.35,332.6,332.05,332.15,42572.0
2026-07-02 14:35:00,332.15,332.35,331.5,332.3,119165.0
2026-07-02 14:40:00,332.3,332.6,332.25,332.55,47265.0
2026-07-02 14:45:00,332.6,332.65,332.25,332.25,51084.0
2026-07-02 14:50:00,332.35,332.45,332.25,332.3,37702.0
2026-07-02 14:55:00,332.3,332.75,332.25,332.55,89226.0
2026-07-02 15:00:00,332.65,332.95,332.25,332.7,157767.0
2026-07-02 15:05:00,332.7,332.8,332.55,332.6,106594.0
2026-07-02 15:10:00,332.55,332.6,331.85,332.05,236433.0
2026-07-02 15:15:00,332.0,332.5,331.9,332.4,248344.0
2026-07-02 15:20:00,332.35,332.45,332.0,332.35,282212.0
2026-07-02 15:25:00,332.4,332.8,332.05,332.05,260520.0
2026-07-03 09:15:00,340.0,348.0,338.9,347.3,1591022.0
2026-07-03 09:20:00,347.0,347.35,344.25,345.25,721734.0
2026-07-03 09:25:00,345.4,347.55,345.4,347.4,628479.0
2026-07-03 09:30:00,347.5,348.6,346.3,346.3,753951.0
2026-07-03 09:35:00,346.3,348.4,346.3,347.15,344637.0
2026-07-03 09:40:00,347.1,347.9,345.5,345.95,354292.0
2026-07-03 09:45:00,345.95,345.95,344.0,344.0,368978.0
2026-07-03 09:50:00,344.45,345.8,344.1,345.6,173828.0
2026-07-03 09:55:00,345.7,347.9,345.1,347.75,339764.0
2026-07-03 10:00:00,347.75,347.85,345.8,345.85,199980.0
2026-07-03 10:05:00,345.9,347.0,345.7,346.65,183799.0
2026-07-03 10:10:00,346.8,347.0,346.4,346.6,76662.0
2026-07-03 10:15:00,346.55,346.85,345.7,346.55,165844.0
2026-07-03 10:20:00,346.4,347.4,346.15,347.1,133438.0
2026-07-03 10:25:00,347.05,347.1,346.6,346.9,45832.0
2026-07-03 10:30:00,346.8,346.95,345.55,345.95,107800.0
2026-07-03 10:35:00,345.95,346.0,345.25,345.35,163871.0
2026-07-03 10:40:00,345.5,345.6,345.0,345.2,59542.0
2026-07-03 10:45:00,345.1,345.45,344.6,345.25,101726.0
2026-07-03 10:50:00,345.15,346.0,343.75,344.3,381769.0
2026-07-03 10:55:00,344.15,344.8,343.85,344.4,65174.0
2026-07-03 11:00:00,344.4,344.6,343.6,343.6,78168.0
2026-07-03 11:05:00,343.6,344.6,343.6,344.35,67855.0
2026-07-03 11:10:00,344.25,345.0,344.25,344.7,69477.0
2026-07-03 11:15:00,344.6,344.95,344.2,344.95,48134.0
2026-07-03 11:20:00,344.95,345.75,344.85,345.3,95783.0
2026-07-03 11:25:00,345.3,345.45,345.0,345.35,53430.0
2026-07-03 11:30:00,345.3,345.5,344.65,345.0,112809.0
2026-07-03 11:35:00,345.0,345.4,344.65,345.15,54729.0
2026-07-03 11:40:00,345.2,345.75,344.95,345.55,89656.0
2026-07-03 11:45:00,345.45,345.9,345.05,345.75,53458.0
2026-07-03 11:50:00,345.65,348.25,345.6,347.1,395201.0
2026-07-03 11:55:00,347.1,347.25,346.3,346.8,67480.0
2026-07-03 12:00:00,346.8,346.9,346.0,346.65,59620.0
2026-07-03 12:05:00,346.75,346.8,346.2,346.55,39613.0
2026-07-03 12:10:00,346.6,346.95,346.5,346.95,46645.0
2026-07-03 12:15:00,346.9,346.95,346.3,346.5,48784.0
2026-07-03 12:20:00,346.5,346.65,345.85,346.3,32446.0
2026-07-03 12:25:00,346.25,346.3,345.85,346.1,33806.0
2026-07-03 12:30:00,346.05,346.2,345.5,346.15,54392.0
2026-07-03 12:35:00,346.1,346.5,345.5,345.55,44652.0
2026-07-03 12:40:00,345.75,345.9,345.45,345.7,30649.0
2026-07-03 12:45:00,345.75,347.0,345.45,346.9,75924.0
2026-07-03 12:50:00,346.85,348.1,346.6,346.7,210321.0
2026-07-03 12:55:00,346.65,347.4,346.6,347.0,60255.0
2026-07-03 13:00:00,347.0,347.2,346.75,347.1,42831.0
2026-07-03 13:05:00,347.0,347.2,346.7,347.0,48924.0
2026-07-03 13:10:00,346.95,347.6,346.95,347.4,85683.0
2026-07-03 13:15:00,347.3,347.55,347.05,347.5,38880.0
2026-07-03 13:20:00,347.5,347.95,347.4,347.65,44575.0
2026-07-03 13:25:00,347.65,347.7,347.05,347.3,46926.0
2026-07-03 13:30:00,347.3,347.9,347.25,347.45,98512.0
2026-07-03 13:35:00,347.45,348.05,347.1,347.8,134966.0
2026-07-03 13:40:00,347.8,347.95,347.4,347.65,42318.0
2026-07-03 13:45:00,347.6,347.95,347.3,347.85,63844.0
2026-07-03 13:50:00,347.75,347.85,347.35,347.6,30392.0
2026-07-03 13:55:00,347.5,347.55,346.9,347.3,34042.0
2026-07-03 14:00:00,347.1,347.45,346.6,346.7,54513.0
2026-07-03 14:05:00,346.65,347.0,346.6,346.8,38554.0
2026-07-03 14:10:00,346.75,347.1,346.55,346.75,80294.0
2026-07-03 14:15:00,346.75,347.55,346.7,347.1,67613.0
2026-07-03 14:20:00,347.15,347.65,347.1,347.5,50643.0
2026-07-03 14:25:00,347.65,347.8,347.4,347.65,64436.0
2026-07-03 14:30:00,347.85,348.25,347.75,348.15,105456.0
2026-07-03 14:35:00,348.2,348.25,347.8,348.0,67389.0
2026-07-03 14:40:00,347.95,348.1,347.5,347.7,61249.0
2026-07-03 14:45:00,347.55,348.0,347.5,347.7,73917.0
2026-07-03 14:50:00,347.75,347.8,346.85,347.35,102426.0
2026-07-03 14:55:00,347.35,347.45,346.5,346.85,105178.0
2026-07-03 15:00:00,346.8,347.3,346.55,347.15,134534.0
2026-07-03 15:05:00,347.05,347.95,346.8,347.9,111780.0
2026-07-03 15:10:00,347.85,349.2,347.3,347.4,377237.0
2026-07-03 15:15:00,347.5,347.7,346.8,347.1,286985.0
2026-07-03 15:20:00,346.8,347.75,346.8,347.3,269791.0
2026-07-03 15:25:00,347.2,348.5,347.05,347.8,330061.0
2026-07-06 09:15:00,348.95,350.4,347.8,348.75,431226.0
2026-07-06 09:20:00,348.85,349.35,345.75,346.15,263161.0
2026-07-06 09:25:00,346.2,347.85,346.2,347.85,177392.0
2026-07-06 09:30:00,346.9,347.45,345.6,346.4,254732.0
2026-07-06 09:35:00,346.55,347.6,346.25,347.6,96476.0
2026-07-06 09:40:00,347.55,350.5,347.45,350.45,155285.0
2026-07-06 09:45:00,350.4,351.8,349.5,350.15,315037.0
2026-07-06 09:50:00,350.35,351.2,350.15,350.3,147519.0
2026-07-06 09:55:00,350.3,350.4,349.2,349.6,320680.0
2026-07-06 10:00:00,349.6,350.8,349.55,350.05,129919.0
2026-07-06 10:05:00,349.85,350.55,349.85,350.3,88780.0
2026-07-06 10:10:00,350.45,350.85,350.05,350.7,62762.0
2026-07-06 10:15:00,350.7,351.9,350.65,351.85,159630.0
2026-07-06 10:20:00,351.8,352.4,350.9,351.0,151474.0
2026-07-06 10:25:00,351.25,351.3,350.55,350.65,98669.0
2026-07-06 10:30:00,350.8,350.9,349.1,349.55,153981.0
2026-07-06 10:35:00,349.35,350.6,349.1,350.5,191985.0
2026-07-06 10:40:00,350.4,350.95,350.3,350.7,93419.0
2026-07-06 10:45:00,350.6,351.0,350.3,350.7,81275.0
2026-07-06 10:50:00,350.8,351.2,350.65,351.1,51817.0
2026-07-06 10:55:00,351.1,351.15,350.15,350.25,67331.0
2026-07-06 11:00:00,350.2,350.8,350.2,350.5,44360.0
2026-07-06 11:05:00,350.45,350.95,350.4,350.95,49561.0
2026-07-06 11:10:00,350.9,351.0,350.5,350.9,52217.0
2026-07-06 11:15:00,350.85,350.95,350.6,350.8,43213.0
2026-07-06 11:20:00,350.7,351.2,350.65,351.1,54289.0
2026-07-06 11:25:00,351.05,351.1,350.5,350.75,39812.0
2026-07-06 11:30:00,350.7,350.8,348.9,350.6,148658.0
2026-07-06 11:35:00,350.5,351.0,350.35,351.0,73906.0
2026-07-06 11:40:00,350.95,351.0,350.5,350.8,40671.0
2026-07-06 11:45:00,350.75,350.9,350.55,350.8,31220.0
2026-07-06 11:50:00,350.75,350.85,350.15,350.85,54965.0
2026-07-06 11:55:00,350.75,351.4,350.35,351.35,193651.0
2026-07-06 12:00:00,351.3,351.95,351.15,351.8,124528.0
2026-07-06 12:05:00,351.75,352.0,350.9,351.0,170630.0
2026-07-06 12:10:00,350.9,351.05,349.45,350.5,94426.0
2026-07-06 12:15:00,350.4,350.65,349.1,349.6,85661.0
2026-07-06 12:20:00,349.5,350.25,349.5,349.9,74492.0
2026-07-06 12:25:00,349.8,349.85,349.3,349.6,36933.0
2026-07-06 12:30:00,349.55,350.7,349.35,350.65,75762.0
2026-07-06 12:35:00,350.55,350.75,349.65,349.9,59692.0
2026-07-06 12:40:00,349.75,350.0,349.25,349.55,61763.0
2026-07-06 12:45:00,349.5,349.95,349.35,349.7,31448.0
2026-07-06 12:50:00,349.65,350.0,349.4,349.9,73108.0
2026-07-06 12:55:00,349.85,350.6,349.85,350.15,82596.0
2026-07-06 13:00:00,350.1,350.7,350.0,350.4,57594.0
2026-07-06 13:05:00,350.4,350.8,350.35,350.7,48946.0
2026-07-06 13:10:00,350.55,351.5,350.5,351.5,55321.0
2026-07-06 13:15:00,351.4,351.9,351.15,351.8,91435.0
2026-07-06 13:20:00,351.75,351.8,351.2,351.7,97436.0
2026-07-06 13:25:00,351.65,351.9,351.5,351.9,32458.0
2026-07-06 13:30:00,351.8,352.6,351.6,352.55,201235.0
2026-07-06 13:35:00,352.55,353.0,351.7,352.15,105019.0
2026-07-06 13:40:00,352.1,352.2,351.8,352.0,30349.0
2026-07-06 13:45:00,352.0,352.1,351.2,351.2,193085.0
2026-07-06 13:50:00,351.2,351.75,351.2,351.65,31946.0
2026-07-06 13:55:00,351.55,351.6,351.3,351.3,23415.0
2026-07-06 14:00:00,351.35,351.65,351.1,351.6,46475.0
2026-07-06 14:05:00,351.55,351.6,351.0,351.3,53203.0
2026-07-06 14:10:00,351.25,351.65,351.25,351.55,24231.0
2026-07-06 14:15:00,351.5,351.85,351.4,351.7,30657.0
2026-07-06 14:20:00,351.7,351.8,351.15,351.25,45682.0
2026-07-06 14:25:00,351.3,351.7,350.5,351.1,99035.0
2026-07-06 14:30:00,351.25,351.3,351.0,351.2,25400.0
2026-07-06 14:35:00,351.1,351.65,351.05,351.55,28860.0
2026-07-06 14:40:00,351.55,351.65,350.5,350.8,79894.0
2026-07-06 14:45:00,350.85,350.95,350.5,350.75,106906.0
2026-07-06 14:50:00,350.7,351.4,350.65,351.35,26572.0
2026-07-06 14:55:00,351.3,352.2,351.0,352.0,84823.0
2026-07-06 15:00:00,352.15,352.45,351.4,351.5,92386.0
2026-07-06 15:05:00,351.55,351.7,351.35,351.35,61508.0
2026-07-06 15:10:00,351.45,351.5,350.95,350.95,160659.0
2026-07-06 15:15:00,351.0,351.4,350.85,351.05,180599.0
2026-07-06 15:20:00,351.05,351.15,350.05,350.35,174382.0
2026-07-06 15:25:00,350.4,351.05,350.2,351.05,144454.0
2026-07-07 09:15:00,350.0,350.4,344.45,344.45,210804.0
2026-07-07 09:20:00,344.5,345.8,342.8,345.5,193074.0
2026-07-07 09:25:00,345.5,347.35,345.4,346.9,133561.0
2026-07-07 09:30:00,346.95,347.0,345.1,345.4,104220.0
2026-07-07 09:35:00,345.4,346.75,345.35,345.9,63942.0
2026-07-07 09:40:00,345.95,347.0,345.8,345.8,68339.0
2026-07-07 09:45:00,346.2,347.95,346.05,346.6,81748.0
2026-07-07 09:50:00,346.65,347.4,345.9,345.95,78470.0
2026-07-07 09:55:00,346.0,347.1,345.9,346.5,53107.0
2026-07-07 10:00:00,346.5,347.1,346.5,346.65,47454.0
2026-07-07 10:05:00,346.55,346.95,345.8,346.25,72735.0
2026-07-07 10:10:00,346.25,346.5,345.5,346.2,67923.0
2026-07-07 10:15:00,346.2,346.65,346.05,346.65,32642.0
2026-07-07 10:20:00,346.65,346.7,346.15,346.15,26378.0
2026-07-07 10:25:00,346.15,346.25,345.15,345.65,46976.0
2026-07-07 10:30:00,345.6,345.95,345.5,345.85,28300.0
2026-07-07 10:35:00,345.8,346.1,345.7,345.75,21910.0
2026-07-07 10:40:00,345.65,345.7,344.6,344.6,60639.0
2026-07-07 10:45:00,344.6,344.65,343.1,343.55,217805.0
2026-07-07 10:50:00,343.55,343.7,343.05,343.45,78379.0
2026-07-07 10:55:00,343.4,344.1,343.3,344.1,60527.0
2026-07-07 11:00:00,344.1,344.1,343.2,343.55,49534.0
2026-07-07 11:05:00,343.7,343.95,343.55,343.85,55461.0
2026-07-07 11:10:00,343.75,343.85,343.1,343.45,50739.0
2026-07-07 11:15:00,343.5,343.7,343.2,343.5,45687.0
2026-07-07 11:20:00,343.7,343.85,343.35,343.5,31213.0
2026-07-07 11:25:00,343.45,344.65,343.35,343.95,96905.0
2026-07-07 11:30:00,344.0,345.15,343.95,344.7,78145.0
2026-07-07 11:35:00,344.65,344.85,344.1,344.5,59812.0
2026-07-07 11:40:00,344.5,344.6,344.05,344.4,37072.0
2026-07-07 11:45:00,344.4,345.0,344.2,345.0,34769.0
2026-07-07 11:50:00,345.0,345.0,343.9,344.0,48878.0
2026-07-07 11:55:00,344.15,344.3,343.75,344.15,38101.0
2026-07-07 12:00:00,344.3,344.3,343.7,343.8,25872.0
2026-07-07 12:05:00,343.85,343.9,343.55,343.6,27185.0
2026-07-07 12:10:00,343.55,343.55,341.85,343.1,309863.0
2026-07-07 12:15:00,342.95,343.0,342.6,342.65,33995.0
2026-07-07 12:20:00,342.7,343.0,342.5,343.0,35252.0
2026-07-07 12:25:00,343.0,343.5,342.85,343.4,51755.0
2026-07-07 12:30:00,343.35,343.4,342.45,342.65,29235.0
2026-07-07 12:35:00,342.7,342.8,341.25,342.0,107421.0
2026-07-07 12:40:00,342.05,342.2,341.95,342.2,25772.0
2026-07-07 12:45:00,342.15,342.2,341.95,342.05,23648.0
2026-07-07 12:50:00,342.05,342.35,341.7,341.95,41263.0
2026-07-07 12:55:00,341.95,342.05,341.6,341.95,42199.0
2026-07-07 13:00:00,342.05,342.05,341.5,341.7,35083.0
2026-07-07 13:05:00,341.75,342.05,341.55,342.0,30858.0
2026-07-07 13:10:00,341.95,342.05,341.5,341.7,26811.0
2026-07-07 13:15:00,341.35,341.7,341.1,341.6,47060.0
2026-07-07 13:20:00,341.6,341.8,341.45,341.75,20073.0
2026-07-07 13:25:00,341.85,342.65,341.8,342.5,51787.0
2026-07-07 13:30:00,342.45,342.5,341.5,341.55,27972.0
2026-07-07 13:35:00,341.45,341.55,341.2,341.45,27321.0
2026-07-07 13:40:00,341.4,341.7,341.25,341.35,30437.0
2026-07-07 13:45:00,341.3,341.6,341.2,341.45,35395.0
2026-07-07 13:50:00,341.45,341.5,341.1,341.3,31160.0
2026-07-07 13:55:00,341.3,341.7,341.25,341.35,23871.0
2026-07-07 14:00:00,341.35,342.0,341.35,341.65,54608.0
2026-07-07 14:05:00,341.75,341.8,341.4,341.4,17858.0
2026-07-07 14:10:00,341.45,342.15,341.1,342.0,107652.0
2026-07-07 14:15:00,342.0,342.25,342.0,342.15,24641.0
2026-07-07 14:20:00,342.15,342.15,341.55,341.55,39183.0
2026-07-07 14:25:00,341.7,341.9,341.45,341.8,39589.0
2026-07-07 14:30:00,341.9,341.9,341.3,341.45,37563.0
2026-07-07 14:35:00,341.45,342.1,341.45,342.1,87146.0
2026-07-07 14:40:00,342.1,342.1,341.65,341.75,53176.0
2026-07-07 14:45:00,341.75,341.95,341.45,341.7,42318.0
2026-07-07 14:50:00,341.8,343.45,341.7,343.05,103086.0
2026-07-07 14:55:00,343.2,343.6,343.0,343.55,66886.0
2026-07-07 15:00:00,343.35,343.35,342.55,342.95,118275.0
2026-07-07 15:05:00,343.0,343.15,342.6,342.8,96487.0
2026-07-07 15:10:00,342.8,342.95,342.5,342.7,93156.0
2026-07-07 15:15:00,342.7,342.7,341.85,342.3,114071.0
2026-07-07 15:20:00,342.3,342.4,341.75,342.2,150782.0
2026-07-07 15:25:00,342.25,342.8,341.85,342.4,121631.0
2026-07-08 09:15:00,340.2,347.2,339.75,346.85,444601.0
2026-07-08 09:20:00,346.7,348.35,346.6,347.45,281178.0
2026-07-08 09:25:00,347.5,348.05,347.05,347.85,191517.0
2026-07-08 09:30:00,347.7,347.7,346.05,346.4,156338.0
2026-07-08 09:35:00,346.4,346.4,345.0,346.0,156597.0
2026-07-08 09:40:00,345.9,349.8,345.65,349.7,265490.0
2026-07-08 09:45:00,349.75,351.0,348.7,350.15,335329.0
2026-07-08 09:50:00,350.15,352.2,350.15,350.85,302483.0
2026-07-08 09:55:00,350.9,352.1,350.6,351.8,244938.0
2026-07-08 10:00:00,351.8,353.4,351.8,352.6,356208.0
2026-07-08 10:05:00,352.6,353.9,352.5,353.9,289532.0
2026-07-08 10:10:00,353.85,354.6,353.1,354.0,384634.0
2026-07-08 10:15:00,353.95,354.2,352.8,352.95,192672.0
2026-07-08 10:20:00,352.75,353.05,351.7,352.15,213500.0
2026-07-08 10:25:00,352.35,353.8,351.95,353.8,163301.0
2026-07-08 10:30:00,353.75,353.75,352.2,352.45,121379.0
2026-07-08 10:35:00,352.45,352.9,352.2,352.9,78755.0
2026-07-08 10:40:00,352.9,353.0,352.55,352.85,86125.0
2026-07-08 10:45:00,352.85,353.05,352.05,352.45,105948.0
2026-07-08 10:50:00,352.5,352.6,351.5,351.65,110821.0
2026-07-08 10:55:00,351.7,352.25,351.65,352.1,73065.0
2026-07-08 11:00:00,352.15,352.9,352.0,352.9,81801.0
2026-07-08 11:05:00,352.95,353.05,352.4,353.05,83969.0
2026-07-08 11:10:00,353.15,353.2,352.45,353.2,69936.0
2026-07-08 11:15:00,353.15,353.2,352.2,352.45,79339.0
2026-07-08 11:20:00,352.55,352.55,351.9,352.0,73596.0
2026-07-08 11:25:00,352.0,352.85,352.0,352.55,52666.0
2026-07-08 11:30:00,352.5,352.7,352.05,352.3,35066.0
2026-07-08 11:35:00,352.35,352.35,352.05,352.2,38205.0
2026-07-08 11:40:00,352.25,352.25,351.9,351.9,34898.0
2026-07-08 11:45:00,352.0,352.8,351.8,352.7,95780.0
2026-07-08 11:50:00,352.75,352.8,352.2,352.45,41752.0
2026-07-08 11:55:00,352.5,352.65,352.2,352.45,56123.0
2026-07-08 12:00:00,353.05,353.4,352.85,352.95,106740.0
2026-07-08 12:05:00,353.1,353.25,352.95,353.0,31111.0
2026-07-08 12:10:00,353.0,353.0,352.55,352.75,30833.0
2026-07-08 12:15:00,352.8,353.1,352.75,353.05,53665.0
2026-07-08 12:20:00,353.0,353.2,352.45,352.45,65497.0
2026-07-08 12:25:00,352.6,352.8,352.2,352.35,46076.0
2026-07-08 12:30:00,352.5,352.5,352.05,352.4,39123.0
2026-07-08 12:35:00,352.4,352.5,351.95,352.15,59913.0
2026-07-08 12:40:00,352.15,352.35,352.0,352.05,47024.0
2026-07-08 12:45:00,352.15,352.2,351.6,352.0,47075.0
2026-07-08 12:50:00,351.95,352.6,351.95,352.45,38421.0
2026-07-08 12:55:00,352.55,352.65,351.95,351.95,48279.0
2026-07-08 13:00:00,351.95,352.15,351.8,352.15,39417.0
2026-07-08 13:05:00,352.2,352.65,351.9,351.9,35988.0
2026-07-08 13:10:00,352.0,352.2,351.9,352.2,30185.0
2026-07-08 13:15:00,352.2,352.45,351.8,352.05,38485.0
2026-07-08 13:20:00,352.1,352.55,351.7,351.7,46656.0
2026-07-08 13:25:00,351.7,351.8,351.6,351.6,24968.0
2026-07-08 13:30:00,351.65,352.25,351.6,352.0,58542.0
2026-07-08 13:35:00,352.1,352.25,352.0,352.2,37730.0
2026-07-08 13:40:00,352.25,352.25,351.8,351.85,41007.0
2026-07-08 13:45:00,351.9,352.0,350.3,350.9,177279.0
2026-07-08 13:50:00,350.85,352.5,350.65,350.85,142872.0
2026-07-08 13:55:00,351.1,351.5,350.55,350.7,112743.0
2026-07-08 14:00:00,350.55,351.85,350.5,351.35,245717.0
2026-07-08 14:05:00,351.2,351.35,350.0,350.15,174998.0
2026-07-08 14:10:00,350.1,350.3,349.05,349.5,277298.0
2026-07-08 14:15:00,349.6,350.75,349.3,349.55,160690.0
2026-07-08 14:20:00,349.65,350.7,349.55,350.2,186217.0
2026-07-08 14:25:00,350.35,350.5,349.5,349.55,136603.0
2026-07-08 14:30:00,349.65,350.15,348.8,349.2,187838.0
2026-07-08 14:35:00,349.3,349.55,348.6,348.75,132916.0
2026-07-08 14:40:00,348.65,349.4,348.25,349.1,145252.0
2026-07-08 14:45:00,349.0,349.1,348.15,348.75,115784.0
2026-07-08 14:50:00,348.75,349.0,348.1,348.45,119361.0
2026-07-08 14:55:00,348.55,348.7,347.25,347.9,206097.0
2026-07-08 15:00:00,348.0,349.75,348.0,348.65,309757.0
2026-07-08 15:05:00,348.6,348.85,348.2,348.65,189211.0
2026-07-08 15:10:00,348.7,349.25,348.25,349.15,346854.0
2026-07-08 15:15:00,349.1,350.5,349.05,350.45,293188.0
2026-07-08 15:20:00,350.35,351.0,350.2,350.8,393598.0
2026-07-08 15:25:00,350.95,351.35,350.5,351.0,324822.0
2026-07-09 09:15:00,350.1,351.8,345.7,346.3,545327.0
2026-07-09 09:20:00,346.25,346.75,345.45,345.85,232119.0
2026-07-09 09:25:00,345.8,346.0,345.1,346.0,174637.0
2026-07-09 09:30:00,346.0,346.2,344.5,344.85,200575.0
2026-07-09 09:35:00,344.95,345.0,343.35,344.05,224182.0
2026-07-09 09:40:00,344.1,344.1,342.0,342.35,215954.0
2026-07-09 09:45:00,342.35,344.3,341.9,343.75,274153.0
2026-07-09 09:50:00,343.7,343.7,342.3,342.85,243782.0
2026-07-09 09:55:00,342.7,343.4,342.6,343.05,152572.0
2026-07-09 10:00:00,343.05,345.55,343.05,345.35,208362.0
2026-07-09 10:05:00,345.45,347.2,345.3,346.9,327919.0
2026-07-09 10:10:00,346.95,347.0,345.7,346.4,226760.0
2026-07-09 10:15:00,346.4,346.55,345.8,345.95,99174.0
2026-07-09 10:20:00,346.0,346.0,345.25,345.7,83271.0
2026-07-09 10:25:00,345.65,346.0,345.45,345.8,61249.0
2026-07-09 10:30:00,345.9,346.45,345.65,345.95,106170.0
2026-07-09 10:35:00,346.0,346.0,345.2,345.7,96503.0
2026-07-09 10:40:00,345.7,347.4,345.7,346.65,197757.0
2026-07-09 10:45:00,346.7,346.95,345.8,345.9,78124.0
2026-07-09 10:50:00,345.8,346.95,345.8,346.95,86260.0
2026-07-09 10:55:00,346.9,346.95,346.35,346.6,76634.0
2026-07-09 11:00:00,346.7,346.75,346.1,346.45,66206.0
2026-07-09 11:05:00,346.45,349.6,346.25,348.75,296252.0
2026-07-09 11:10:00,348.5,348.75,347.7,348.15,98409.0
2026-07-09 11:15:00,348.25,348.65,348.05,348.5,45609.0
2026-07-09 11:20:00,348.5,348.8,348.3,348.4,44017.0
2026-07-09 11:25:00,348.4,349.45,348.3,349.15,73380.0
2026-07-09 11:30:00,349.1,349.5,348.75,348.85,55678.0
2026-07-09 11:35:00,348.8,349.75,348.8,349.5,66675.0
2026-07-09 11:40:00,349.4,349.45,348.6,349.05,62324.0
2026-07-09 11:45:00,349.05,349.35,348.9,349.1,42506.0
2026-07-09 11:50:00,349.05,349.45,349.0,349.3,40041.0
2026-07-09 11:55:00,349.3,349.9,349.25,349.7,72621.0
2026-07-09 12:00:00,349.8,350.55,349.75,349.9,152513.0
2026-07-09 12:05:00,349.95,350.05,349.3,349.6,102765.0
2026-07-09 12:10:00,349.65,349.75,349.15,349.3,24709.0
2026-07-09 12:15:00,349.15,349.35,348.75,348.85,65898.0
2026-07-09 12:20:00,348.75,349.2,348.55,348.8,36922.0
2026-07-09 12:25:00,348.8,349.05,348.7,348.9,37244.0
2026-07-09 12:30:00,348.9,348.9,348.5,348.65,30177.0
2026-07-09 12:35:00,348.65,349.0,348.65,348.8,26136.0
2026-07-09 12:40:00,348.9,349.25,348.8,348.9,69698.0
2026-07-09 12:45:00,348.95,351.25,348.95,350.1,284486.0
2026-07-09 12:50:00,350.25,350.4,349.95,350.4,32330.0
2026-07-09 12:55:00,350.4,350.65,349.65,349.9,48060.0
2026-07-09 13:00:00,349.85,350.45,349.5,350.35,70010.0
2026-07-09 13:05:00,350.25,350.95,350.2,350.55,94383.0
2026-07-09 13:10:00,350.55,351.15,350.5,351.15,121253.0
2026-07-09 13:15:00,351.1,351.1,350.5,350.55,132464.0
2026-07-09 13:20:00,350.55,350.65,350.5,350.55,75088.0
2026-07-09 13:25:00,350.55,351.15,350.5,351.1,102342.0
2026-07-09 13:30:00,351.1,351.45,351.0,351.3,36519.0
2026-07-09 13:35:00,351.3,351.75,350.95,351.3,239488.0
2026-07-09 13:40:00,351.3,351.3,350.8,351.1,56646.0
2026-07-09 13:45:00,351.1,351.1,350.05,350.2,121775.0
2026-07-09 13:50:00,350.2,350.5,350.0,350.45,49360.0
2026-07-09 13:55:00,350.45,350.7,350.35,350.65,38515.0
2026-07-09 14:00:00,350.8,351.35,350.8,351.0,58539.0
2026-07-09 14:05:00,351.0,351.0,350.6,350.7,29828.0
2026-07-09 14:10:00,350.7,351.0,350.6,350.75,41145.0
2026-07-09 14:15:00,350.75,351.0,350.65,350.85,60305.0
2026-07-09 14:20:00,350.85,351.15,350.65,351.15,49229.0
2026-07-09 14:25:00,351.15,351.25,350.7,350.85,98801.0
2026-07-09 14:30:00,350.75,350.9,350.25,350.6,76352.0
2026-07-09 14:35:00,350.7,351.3,350.65,350.95,69188.0
2026-07-09 14:40:00,350.95,351.35,350.3,351.25,52997.0
2026-07-09 14:45:00,351.25,351.25,350.7,351.05,57307.0
2026-07-09 14:50:00,351.05,351.2,350.75,350.95,62731.0
2026-07-09 14:55:00,350.85,351.05,350.5,350.6,71576.0
2026-07-09 15:00:00,350.55,350.55,349.45,349.45,171117.0
2026-07-09 15:05:00,349.4,349.6,349.0,349.25,146716.0
2026-07-09 15:10:00,349.2,349.5,349.1,349.4,118200.0
2026-07-09 15:15:00,349.4,349.75,349.35,349.6,158446.0
2026-07-09 15:20:00,349.5,349.65,349.4,349.6,172711.0
2026-07-09 15:25:00,349.55,350.0,349.05,350.0,175059.0
2026-07-10 09:15:00,355.0,361.2,354.95,361.1,782159.0
2026-07-10 09:20:00,360.95,361.8,360.35,360.7,412117.0
2026-07-10 09:25:00,360.65,361.75,360.35,361.6,271465.0
2026-07-10 09:30:00,361.6,361.75,360.15,360.45,223514.0
2026-07-10 09:35:00,360.5,361.0,359.8,360.9,184459.0
2026-07-10 09:40:00,361.3,362.35,360.3,360.7,338353.0
2026-07-10 09:45:00,360.7,361.2,360.7,361.15,112731.0
2026-07-10 09:50:00,361.15,362.2,361.1,361.45,144783.0
2026-07-10 09:55:00,361.45,363.45,361.3,363.0,339291.0
2026-07-10 10:00:00,363.0,363.3,362.25,362.5,192662.0
2026-07-10 10:05:00,362.5,362.7,362.1,362.1,175381.0
2026-07-10 10:10:00,362.05,363.7,361.95,363.7,210792.0
2026-07-10 10:15:00,363.7,363.85,362.6,362.95,145425.0
2026-07-10 10:20:00,362.95,363.1,362.3,362.5,102764.0
2026-07-10 10:25:00,362.5,362.95,361.3,361.3,166664.0
2026-07-10 10:30:00,361.25,361.6,360.9,361.05,115880.0
2026-07-10 10:35:00,361.05,362.1,361.0,362.1,96899.0
2026-07-10 10:40:00,362.1,362.25,361.75,362.15,58083.0
2026-07-10 10:45:00,362.15,362.2,361.4,361.95,97032.0
2026-07-10 10:50:00,362.0,362.0,361.6,361.75,47902.0
2026-07-10 10:55:00,361.75,361.9,361.65,361.9,29564.0
2026-07-10 11:00:00,361.95,362.1,361.6,361.75,75830.0
2026-07-10 11:05:00,361.75,361.8,361.5,361.8,36161.0
2026-07-10 11:10:00,361.8,361.95,360.8,360.95,90259.0
2026-07-10 11:15:00,361.05,361.05,359.2,359.6,379744.0
2026-07-10 11:20:00,359.65,359.95,359.55,359.7,72559.0
2026-07-10 11:25:00,359.6,359.7,358.55,358.55,120592.0
2026-07-10 11:30:00,358.6,359.1,358.6,358.95,70654.0
2026-07-10 11:35:00,358.95,359.15,358.6,358.85,58243.0
2026-07-10 11:40:00,358.8,359.0,358.65,358.8,38835.0
2026-07-10 11:45:00,358.8,358.95,358.65,358.95,37130.0
2026-07-10 11:50:00,358.95,359.05,358.1,358.5,101127.0
2026-07-10 11:55:00,358.45,358.45,357.3,358.35,102754.0
2026-07-10 12:00:00,358.35,358.35,357.9,358.1,45664.0
2026-07-10 12:05:00,358.05,359.3,358.0,359.2,60796.0
2026-07-10 12:10:00,359.2,359.2,358.2,358.4,49972.0
2026-07-10 12:15:00,358.35,358.45,357.85,358.15,64624.0
2026-07-10 12:20:00,358.1,358.25,357.35,357.45,52545.0
2026-07-10 12:25:00,357.45,357.95,356.6,357.85,126335.0
2026-07-10 12:30:00,357.85,357.85,357.15,357.45,50925.0
2026-07-10 12:35:00,357.5,357.6,356.9,357.1,39036.0
2026-07-10 12:40:00,357.1,357.3,357.0,357.15,42546.0
2026-07-10 12:45:00,357.15,357.45,357.1,357.4,30016.0
2026-07-10 12:50:00,357.35,357.4,357.05,357.2,38385.0
2026-07-10 12:55:00,357.15,357.2,356.65,357.1,60859.0
2026-07-10 13:00:00,357.1,357.45,357.05,357.3,38174.0
2026-07-10 13:05:00,357.35,357.4,355.8,356.25,121773.0
2026-07-10 13:10:00,356.25,356.35,356.1,356.2,29582.0
2026-07-10 13:15:00,356.2,356.4,355.7,356.25,80799.0
2026-07-10 13:20:00,356.25,356.3,355.7,356.25,93796.0
2026-07-10 13:25:00,356.3,356.45,356.1,356.35,31237.0
2026-07-10 13:30:00,356.35,356.9,356.25,356.65,55940.0
2026-07-10 13:35:00,356.6,356.7,356.1,356.45,56296.0
2026-07-10 13:40:00,356.4,358.35,355.65,358.35,243881.0
2026-07-10 13:45:00,358.35,358.75,358.05,358.55,207780.0
2026-07-10 13:50:00,358.5,359.1,358.3,358.8,234255.0
2026-07-10 13:55:00,358.8,358.8,356.9,356.9,211619.0
2026-07-10 14:00:00,356.65,356.75,355.55,356.4,116843.0
2026-07-10 14:05:00,356.5,356.85,356.2,356.6,39965.0
2026-07-10 14:10:00,356.65,357.05,356.4,356.9,57417.0
2026-07-10 14:15:00,356.9,356.9,356.5,356.55,35630.0
2026-07-10 14:20:00,356.55,356.8,356.5,356.5,45256.0
2026-07-10 14:25:00,356.55,356.95,356.5,356.6,51904.0
2026-07-10 14:30:00,356.55,356.8,356.35,356.55,54890.0
2026-07-10 14:35:00,356.5,356.65,356.2,356.25,40239.0
2026-07-10 14:40:00,356.25,356.4,356.2,356.3,36954.0
2026-07-10 14:45:00,356.35,356.5,356.2,356.35,43203.0
2026-07-10 14:50:00,356.25,356.35,354.6,354.9,134681.0
2026-07-10 14:55:00,354.9,355.0,354.8,354.85,80569.0
2026-07-10 15:00:00,354.95,355.35,354.1,354.2,171378.0
2026-07-10 15:05:00,354.4,355.0,354.35,354.75,155717.0
2026-07-10 15:10:00,354.75,355.1,354.7,354.85,125436.0
2026-07-10 15:15:00,354.85,354.9,354.6,354.7,138908.0
2026-07-10 15:20:00,354.7,355.35,354.6,355.0,226653.0
2026-07-10 15:25:00,354.95,355.6,354.85,355.5,179216.0
