timestamp,open,high,low,close,volume
2026-06-01 09:15:00,4691.8,4925.7,4675.0,4819.2,602846.0
2026-06-01 09:20:00,4812.4,4851.2,4794.1,4806.9,186576.0
2026-06-01 09:25:00,4808.1,4832.3,4771.7,4813.8,124930.0
2026-06-01 09:30:00,4811.4,4829.0,4797.3,4813.0,92821.0
2026-06-01 09:35:00,4813.2,4813.2,4683.1,4685.0,183637.0
2026-06-01 09:40:00,4687.0,4696.2,4590.0,4601.7,192033.0
2026-06-01 09:45:00,4599.2,4708.7,4599.2,4708.7,137960.0
2026-06-01 09:50:00,4706.4,4717.5,4666.0,4676.7,95506.0
2026-06-01 09:55:00,4677.5,4683.8,4632.3,4637.6,57515.0
2026-06-01 10:00:00,4637.2,4650.6,4621.1,4623.3,38260.0
2026-06-01 10:05:00,4627.6,4660.0,4623.9,4636.0,38049.0
2026-06-01 10:10:00,4637.1,4666.8,4634.5,4642.5,44705.0
2026-06-01 10:15:00,4642.8,4645.9,4613.0,4620.0,42455.0
2026-06-01 10:20:00,4620.9,4689.8,4606.8,4689.8,53421.0
2026-06-01 10:25:00,4680.8,4700.0,4668.1,4678.4,71991.0
2026-06-01 10:30:00,4677.5,4691.0,4665.4,4675.0,40398.0
2026-06-01 10:35:00,4674.6,4715.0,4658.0,4713.7,57782.0
2026-06-01 10:40:00,4713.0,4717.8,4682.3,4694.4,51572.0
2026-06-01 10:45:00,4694.6,4762.9,4694.6,4739.0,106757.0
2026-06-01 10:50:00,4736.6,4788.4,4733.0,4787.5,75173.0
2026-06-01 10:55:00,4788.8,4788.8,4746.7,4750.0,65978.0
2026-06-01 11:00:00,4752.0,4758.0,4700.8,4710.3,71971.0
2026-06-01 11:05:00,4708.1,4719.5,4688.9,4715.7,63496.0
2026-06-01 11:10:00,4715.1,4726.2,4706.4,4722.0,29116.0
2026-06-01 11:15:00,4720.3,4721.9,4703.4,4708.2,19583.0
2026-06-01 11:20:00,4709.8,4710.6,4695.0,4702.0,22439.0
2026-06-01 11:25:00,4700.0,4705.0,4695.3,4698.3,15059.0
2026-06-01 11:30:00,4695.8,4707.6,4693.7,4704.0,27872.0
2026-06-01 11:35:00,4703.0,4717.7,4700.1,4706.2,19468.0
2026-06-01 11:40:00,4708.0,4708.0,4683.5,4699.0,24875.0
2026-06-01 11:45:00,4699.0,4699.0,4689.6,4697.6,7648.0
2026-06-01 11:50:00,4695.9,4723.3,4695.3,4723.3,24464.0
2026-06-01 11:55:00,4724.2,4746.4,4720.1,4720.1,48937.0
2026-06-01 12:00:00,4720.1,4744.0,4714.8,4742.2,23192.0
2026-06-01 12:05:00,4743.0,4794.8,4743.0,4792.2,93267.0
2026-06-01 12:10:00,4791.2,4794.8,4751.3,4751.5,55582.0
2026-06-01 12:15:00,4751.5,4775.0,4748.0,4768.6,29331.0
2026-06-01 12:20:00,4766.0,4770.2,4730.7,4734.3,53247.0
2026-06-01 12:25:00,4735.0,4735.0,4715.0,4730.0,43282.0
2026-06-01 12:30:00,4728.0,4742.7,4711.0,4711.3,40030.0
2026-06-01 12:35:00,4708.8,4728.0,4708.3,4722.0,20106.0
2026-06-01 12:40:00,4722.0,4722.0,4711.4,4714.1,12537.0
2026-06-01 12:45:00,4712.8,4724.7,4712.6,4719.3,11769.0
2026-06-01 12:50:00,4719.9,4728.6,4705.1,4714.8,27814.0
2026-06-01 12:55:00,4712.1,4728.0,4710.9,4725.4,14252.0
2026-06-01 13:00:00,4727.9,4730.0,4710.0,4715.0,11586.0
2026-06-01 13:05:00,4712.3,4715.7,4693.4,4699.9,30997.0
2026-06-01 13:10:00,4699.9,4699.9,4635.5,4635.6,107848.0
2026-06-01 13:15:00,4637.3,4655.8,4600.0,4606.1,77196.0
2026-06-01 13:20:00,4612.8,4618.9,4547.2,4565.0,114255.0
2026-06-01 13:25:00,4562.0,4583.5,4547.0,4566.0,52488.0
2026-06-01 13:30:00,4566.0,4578.5,4548.5,4550.9,44010.0
2026-06-01 13:35:00,4552.9,4577.0,4536.0,4568.6,61590.0
2026-06-01 13:40:00,4568.9,4570.0,4552.7,4556.7,20490.0
2026-06-01 13:45:00,4553.3,4571.4,4549.5,4566.6,23749.0
2026-06-01 13:50:00,4568.6,4582.0,4566.0,4572.0,32133.0
2026-06-01 13:55:00,4572.0,4596.7,4571.0,4583.9,30969.0
2026-06-01 14:00:00,4582.0,4601.2,4580.1,4591.2,28417.0
2026-06-01 14:05:00,4589.5,4610.0,4587.0,4597.5,27039.0
2026-06-01 14:10:00,4598.7,4625.0,4594.7,4617.0,55535.0
2026-06-01 14:15:00,4617.2,4644.9,4609.9,4641.7,44051.0
2026-06-01 14:20:00,4640.3,4643.2,4604.6,4604.6,50940.0
2026-06-01 14:25:00,4605.1,4629.8,4603.7,4616.4,28975.0
2026-06-01 14:30:00,4616.1,4630.3,4599.8,4628.2,33821.0
2026-06-01 14:35:00,4627.0,4638.0,4624.9,4632.0,27067.0
2026-06-01 14:40:00,4630.0,4659.9,4625.0,4633.9,49449.0
2026-06-01 14:45:00,4637.0,4637.0,4620.0,4626.9,33265.0
2026-06-01 14:50:00,4625.1,4629.5,4601.7,4604.7,36702.0
2026-06-01 14:55:00,4602.1,4619.9,4602.1,4609.2,31991.0
2026-06-01 15:00:00,4611.8,4633.5,4593.9,4629.4,52834.0
2026-06-01 15:05:00,4627.0,4628.0,4610.9,4619.0,24421.0
2026-06-01 15:10:00,4619.0,4632.0,4612.0,4624.2,48305.0
2026-06-01 15:15:00,4627.6,4643.5,4610.4,4618.2,76931.0
2026-06-01 15:20:00,4620.1,4634.0,4611.0,4613.1,61841.0
2026-06-01 15:25:00,4610.5,4624.5,4592.0,4603.4,70185.0
2026-06-02 09:15:00,4608.9,4723.7,4592.6,4718.0,197334.0
2026-06-02 09:20:00,4717.1,4735.0,4655.5,4674.3,172545.0
2026-06-02 09:25:00,4675.6,4675.6,4620.0,4621.6,115848.0
2026-06-02 09:30:00,4621.4,4621.4,4552.3,4578.6,122089.0
2026-06-02 09:35:00,4580.0,4610.0,4578.6,4601.2,42346.0
2026-06-02 09:40:00,4601.2,4617.2,4601.0,4612.6,36659.0
2026-06-02 09:45:00,4615.0,4620.0,4602.0,4607.3,29735.0
2026-06-02 09:50:00,4607.0,4609.8,4589.5,4594.2,28677.0
2026-06-02 09:55:00,4594.3,4613.3,4594.3,4609.8,10848.0
2026-06-02 10:00:00,4611.9,4632.0,4604.3,4631.2,31778.0
2026-06-02 10:05:00,4631.1,4647.9,4610.1,4612.5,47548.0
2026-06-02 10:10:00,4615.0,4628.3,4607.0,4610.0,20215.0
2026-06-02 10:15:00,4610.0,4611.3,4573.0,4593.4,47400.0
2026-06-02 10:20:00,4591.0,4612.9,4575.2,4578.3,32928.0
2026-06-02 10:25:00,4578.5,4588.4,4561.3,4578.4,41573.0
2026-06-02 10:30:00,4575.9,4623.0,4575.9,4621.7,32869.0
2026-06-02 10:35:00,4621.0,4696.8,4615.0,4691.9,140474.0
2026-06-02 10:40:00,4691.0,4712.0,4675.8,4707.0,71705.0
2026-06-02 10:45:00,4707.0,4710.9,4689.2,4708.1,59240.0
2026-06-02 10:50:00,4710.9,4742.0,4705.9,4737.2,126652.0
2026-06-02 10:55:00,4736.2,4736.2,4711.0,4726.5,67163.0
2026-06-02 11:00:00,4726.5,4747.4,4723.2,4741.0,55020.0
2026-06-02 11:05:00,4744.3,4749.9,4731.9,4743.0,55727.0
2026-06-02 11:10:00,4746.0,4767.5,4736.1,4758.9,75089.0
2026-06-02 11:15:00,4760.8,4760.8,4722.4,4749.7,80221.0
2026-06-02 11:20:00,4748.6,4792.0,4748.6,4775.1,113782.0
2026-06-02 11:25:00,4777.0,4797.8,4763.0,4794.1,90034.0
2026-06-02 11:30:00,4805.3,4824.5,4770.0,4773.5,165634.0
2026-06-02 11:35:00,4770.7,4777.5,4676.2,4694.3,188450.0
2026-06-02 11:40:00,4699.0,4709.0,4653.7,4660.9,152201.0
2026-06-02 11:45:00,4661.1,4674.2,4653.9,4673.0,58004.0
2026-06-02 11:50:00,4675.0,4678.8,4660.5,4669.0,29417.0
2026-06-02 11:55:00,4666.7,4675.0,4664.4,4669.9,21007.0
2026-06-02 12:00:00,4667.2,4678.0,4650.9,4657.5,46390.0
2026-06-02 12:05:00,4655.3,4666.3,4642.2,4664.0,56038.0
2026-06-02 12:10:00,4664.0,4671.3,4652.4,4654.4,23810.0
2026-06-02 12:15:00,4652.7,4675.4,4650.6,4658.1,44727.0
2026-06-02 12:20:00,4659.5,4671.0,4650.2,4665.1,21478.0
2026-06-02 12:25:00,4665.1,4670.0,4650.0,4652.0,14086.0
2026-06-02 12:30:00,4640.8,4645.9,4631.0,4635.5,52609.0
2026-06-02 12:35:00,4635.7,4635.7,4624.3,4630.0,31692.0
2026-06-02 12:40:00,4630.1,4642.0,4630.1,4637.1,17678.0
2026-06-02 12:45:00,4637.6,4640.2,4610.4,4615.9,48731.0
2026-06-02 12:50:00,4615.0,4640.0,4614.4,4638.9,27412.0
2026-06-02 12:55:00,4638.6,4645.0,4635.0,4642.3,23250.0
2026-06-02 13:00:00,4640.3,4645.0,4633.0,4644.0,11030.0
2026-06-02 13:05:00,4644.0,4655.1,4640.4,4653.0,24226.0
2026-06-02 13:10:00,4655.0,4657.0,4646.0,4651.5,10987.0
2026-06-02 13:15:00,4650.0,4663.0,4648.0,4663.0,10830.0
2026-06-02 13:20:00,4662.0,4688.8,4660.2,4687.0,24214.0
2026-06-02 13:25:00,4688.0,4699.9,4670.1,4695.6,51831.0
2026-06-02 13:30:00,4697.7,4724.2,4695.0,4722.0,68097.0
2026-06-02 13:35:00,4722.0,4723.3,4700.0,4703.2,41257.0
2026-06-02 13:40:00,4702.6,4720.0,4702.5,4717.0,21088.0
2026-06-02 13:45:00,4717.0,4746.3,4717.0,4738.1,61062.0
2026-06-02 13:50:00,4738.1,4748.2,4726.2,4732.1,38097.0
2026-06-02 13:55:00,4732.1,4739.0,4713.4,4735.0,48456.0
2026-06-02 14:00:00,4734.1,4774.0,4734.1,4770.4,66678.0
2026-06-02 14:05:00,4770.4,4774.9,4740.5,4752.0,58375.0
2026-06-02 14:10:00,4753.8,4754.0,4742.6,4751.0,17025.0
2026-06-02 14:15:00,4751.9,4761.0,4741.0,4743.5,24683.0
2026-06-02 14:20:00,4745.7,4764.0,4741.3,4759.1,30262.0
2026-06-02 14:25:00,4759.1,4762.9,4750.7,4752.0,14777.0
2026-06-02 14:30:00,4752.0,4764.0,4745.0,4763.9,19666.0
2026-06-02 14:35:00,4762.4,4765.0,4730.5,4732.5,46190.0
2026-06-02 14:40:00,4730.5,4732.9,4715.0,4719.5,48183.0
2026-06-02 14:45:00,4719.5,4720.7,4693.2,4716.5,50501.0
2026-06-02 14:50:00,4719.0,4745.6,4718.8,4744.0,35902.0
2026-06-02 14:55:00,4745.0,4748.9,4734.6,4737.5,29448.0
2026-06-02 15:00:00,4737.0,4746.9,4720.0,4744.0,23949.0
2026-06-02 15:05:00,4743.1,4768.3,4743.1,4764.9,43404.0
2026-06-02 15:10:00,4765.0,4800.0,4760.4,4784.6,85241.0
2026-06-02 15:15:00,4781.8,4790.0,4763.0,4789.6,83185.0
2026-06-02 15:20:00,4787.4,4797.7,4785.0,4791.0,61100.0
2026-06-02 15:25:00,4792.0,4818.0,4781.8,4812.0,90222.0
2026-06-03 09:15:00,4800.0,4944.8,4792.3,4916.2,360282.0
2026-06-03 09:20:00,4919.5,4920.0,4832.3,4832.3,169756.0
2026-06-03 09:25:00,4834.9,4849.9,4775.5,4804.6,155408.0
2026-06-03 09:30:00,4802.4,4803.7,4763.1,4766.1,104089.0
2026-06-03 09:35:00,4765.5,4794.9,4762.0,4780.0,65182.0
2026-06-03 09:40:00,4780.4,4783.4,4755.1,4758.8,43910.0
2026-06-03 09:45:00,4759.4,4764.6,4751.0,4754.0,33665.0
2026-06-03 09:50:00,4748.0,4783.7,4743.9,4748.0,65256.0
2026-06-03 09:55:00,4749.6,4750.9,4733.1,4743.3,37759.0
2026-06-03 10:00:00,4740.0,4757.0,4711.1,4722.1,65471.0
2026-06-03 10:05:00,4724.8,4761.9,4722.2,4743.2,40365.0
2026-06-03 10:10:00,4745.8,4750.0,4727.2,4728.2,19940.0
2026-06-03 10:15:00,4730.4,4730.4,4690.5,4714.3,62128.0
2026-06-03 10:20:00,4714.4,4734.1,4710.0,4731.5,26491.0
2026-06-03 10:25:00,4731.6,4740.9,4729.2,4734.0,24789.0
2026-06-03 10:30:00,4735.8,4790.0,4733.1,4746.6,55752.0
2026-06-03 10:35:00,4747.8,4779.3,4744.0,4770.1,35651.0
2026-06-03 10:40:00,4770.0,4778.1,4754.0,4776.0,23822.0
2026-06-03 10:45:00,4774.5,4799.0,4772.0,4797.0,46184.0
2026-06-03 10:50:00,4797.6,4800.0,4773.8,4787.1,32716.0
2026-06-03 10:55:00,4788.6,4790.0,4750.8,4766.5,37291.0
2026-06-03 11:00:00,4763.9,4766.0,4735.2,4740.3,27850.0
2026-06-03 11:05:00,4739.6,4739.8,4722.0,4726.7,19245.0
2026-06-03 11:10:00,4726.7,4731.0,4720.0,4722.7,16779.0
2026-06-03 11:15:00,4724.0,4745.1,4719.7,4735.0,22775.0
2026-06-03 11:20:00,4732.5,4738.0,4725.8,4731.6,11996.0
2026-06-03 11:25:00,4729.3,4738.0,4729.0,4737.8,4862.0
2026-06-03 11:30:00,4735.5,4774.0,4731.2,4750.1,31013.0
2026-06-03 11:35:00,4751.7,4754.1,4737.3,4743.7,10612.0
2026-06-03 11:40:00,4743.7,4765.0,4742.0,4755.6,10995.0
2026-06-03 11:45:00,4757.6,4763.6,4742.0,4756.9,11105.0
2026-06-03 11:50:00,4757.0,4760.0,4751.4,4752.6,3518.0
2026-06-03 11:55:00,4754.3,4756.0,4740.0,4743.0,7600.0
2026-06-03 12:00:00,4743.0,4744.0,4684.8,4690.4,53966.0
2026-06-03 12:05:00,4691.2,4700.0,4685.0,4696.0,29950.0
2026-06-03 12:10:00,4696.0,4725.0,4690.0,4713.2,28962.0
2026-06-03 12:15:00,4710.9,4718.9,4705.0,4712.0,11265.0
2026-06-03 12:20:00,4713.0,4715.0,4702.0,4704.7,8466.0
2026-06-03 12:25:00,4704.1,4710.0,4700.0,4706.0,7346.0
2026-06-03 12:30:00,4702.5,4715.0,4696.6,4712.1,15680.0
2026-06-03 12:35:00,4712.6,4719.9,4706.8,4712.0,12290.0
2026-06-03 12:40:00,4711.3,4716.1,4702.0,4714.0,12681.0
2026-06-03 12:45:00,4715.3,4718.0,4708.0,4712.5,13950.0
2026-06-03 12:50:00,4714.8,4714.8,4704.0,4704.0,11225.0
2026-06-03 12:55:00,4704.0,4706.2,4697.1,4702.0,9518.0
2026-06-03 13:00:00,4701.0,4703.0,4682.0,4682.0,22882.0
2026-06-03 13:05:00,4682.9,4685.9,4660.0,4669.0,46122.0
2026-06-03 13:10:00,4668.9,4675.1,4655.6,4668.0,29284.0
2026-06-03 13:15:00,4667.5,4679.3,4650.0,4660.4,27514.0
2026-06-03 13:20:00,4658.4,4660.0,4630.0,4643.1,39793.0
2026-06-03 13:25:00,4643.0,4650.0,4635.0,4642.1,20287.0
2026-06-03 13:30:00,4643.6,4654.6,4642.2,4652.0,11759.0
2026-06-03 13:35:00,4652.0,4657.0,4642.2,4656.1,9114.0
2026-06-03 13:40:00,4655.8,4657.6,4645.1,4652.3,10339.0
2026-06-03 13:45:00,4654.9,4670.9,4652.1,4662.6,17432.0
2026-06-03 13:50:00,4663.2,4668.7,4656.1,4660.0,9677.0
2026-06-03 13:55:00,4660.0,4675.9,4660.0,4669.6,15116.0
2026-06-03 14:00:00,4669.6,4677.6,4668.0,4674.9,10060.0
2026-06-03 14:05:00,4674.8,4690.0,4671.9,4688.9,18910.0
2026-06-03 14:10:00,4688.9,4712.0,4688.5,4705.0,35509.0
2026-06-03 14:15:00,4704.0,4714.0,4681.0,4708.1,28436.0
2026-06-03 14:20:00,4709.7,4719.8,4708.0,4712.2,27043.0
2026-06-03 14:25:00,4712.3,4716.8,4702.0,4715.8,17924.0
2026-06-03 14:30:00,4715.9,4715.9,4705.0,4714.6,11340.0
2026-06-03 14:35:00,4714.6,4719.8,4710.0,4714.0,11072.0
2026-06-03 14:40:00,4715.0,4719.0,4710.4,4712.3,10254.0
2026-06-03 14:45:00,4710.0,4712.2,4687.6,4690.6,36764.0
2026-06-03 14:50:00,4695.0,4712.8,4684.4,4712.0,17441.0
2026-06-03 14:55:00,4708.5,4715.0,4705.0,4714.0,16234.0
2026-06-03 15:00:00,4710.6,4727.5,4703.6,4711.0,32756.0
2026-06-03 15:05:00,4710.8,4715.0,4702.1,4708.2,27341.0
2026-06-03 15:10:00,4710.0,4725.0,4710.0,4716.1,33373.0
2026-06-03 15:15:00,4716.3,4725.0,4702.0,4705.0,49229.0
2026-06-03 15:20:00,4705.9,4709.0,4686.0,4692.3,58714.0
2026-06-03 15:25:00,4688.7,4697.5,4675.6,4694.4,33465.0
2026-06-04 09:15:00,4703.0,4740.0,4665.0,4725.4,100531.0
2026-06-04 09:20:00,4726.2,4754.8,4722.6,4736.3,49014.0
2026-06-04 09:25:00,4738.2,4738.5,4705.5,4728.0,49860.0
2026-06-04 09:30:00,4730.0,4750.0,4726.1,4743.1,38244.0
2026-06-04 09:35:00,4742.9,4750.0,4735.1,4746.4,17788.0
2026-06-04 09:40:00,4745.0,4815.0,4741.7,4790.0,87352.0
2026-06-04 09:45:00,4792.7,4814.8,4770.9,4781.4,51381.0
2026-06-04 09:50:00,4780.0,4782.2,4766.0,4775.0,18471.0
2026-06-04 09:55:00,4776.5,4794.0,4773.6,4787.9,19520.0
2026-06-04 10:00:00,4786.3,4790.0,4781.0,4786.1,9538.0
2026-06-04 10:05:00,4786.0,4822.0,4785.4,4820.0,31656.0
2026-06-04 10:10:00,4816.8,4857.3,4816.8,4857.3,87137.0
2026-06-04 10:15:00,4853.8,4857.8,4815.5,4816.0,44024.0
2026-06-04 10:20:00,4817.7,4833.9,4816.2,4832.7,17223.0
2026-06-04 10:25:00,4830.4,4835.0,4809.6,4823.0,27467.0
2026-06-04 10:30:00,4823.3,4842.2,4821.2,4828.0,23432.0
2026-06-04 10:35:00,4826.1,4856.0,4822.4,4848.0,33607.0
2026-06-04 10:40:00,4846.1,4875.0,4838.0,4868.5,56853.0
2026-06-04 10:45:00,4867.1,4877.0,4860.2,4874.0,41868.0
2026-06-04 10:50:00,4876.7,4887.0,4857.0,4860.0,56310.0
2026-06-04 10:55:00,4859.0,4872.7,4858.0,4860.1,22996.0
2026-06-04 11:00:00,4860.0,4875.0,4843.8,4871.3,37870.0
2026-06-04 11:05:00,4870.9,4887.0,4862.4,4874.8,38201.0
2026-06-04 11:10:00,4873.3,4895.0,4870.4,4889.3,52812.0
2026-06-04 11:15:00,4889.0,4897.0,4882.9,4882.9,35645.0
2026-06-04 11:20:00,4881.8,4883.0,4865.0,4872.5,25110.0
2026-06-04 11:25:00,4874.2,4877.0,4870.0,4871.1,12795.0
2026-06-04 11:30:00,4870.0,4873.0,4844.0,4855.0,35264.0
2026-06-04 11:35:00,4855.7,4858.7,4841.5,4852.0,23968.0
2026-06-04 11:40:00,4852.0,4871.1,4852.0,4867.0,14843.0
2026-06-04 11:45:00,4867.0,4870.0,4857.0,4859.0,8527.0
2026-06-04 11:50:00,4857.8,4875.0,4857.8,4868.4,14429.0
2026-06-04 11:55:00,4865.7,4897.5,4865.0,4891.2,36714.0
2026-06-04 12:00:00,4892.0,4892.0,4875.0,4886.0,22878.0
2026-06-04 12:05:00,4886.0,4907.8,4878.3,4895.7,75618.0
2026-06-04 12:10:00,4898.6,4900.0,4885.0,4896.0,16844.0
2026-06-04 12:15:00,4895.0,4897.0,4885.0,4886.2,9332.0
2026-06-04 12:20:00,4886.1,4889.6,4878.7,4882.0,10509.0
2026-06-04 12:25:00,4885.0,4892.0,4882.0,4887.0,7880.0
2026-06-04 12:30:00,4887.0,4887.0,4845.0,4845.0,66002.0
2026-06-04 12:35:00,4848.0,4848.0,4826.8,4842.2,59947.0
2026-06-04 12:40:00,4843.0,4845.0,4821.1,4835.0,30621.0
2026-06-04 12:45:00,4834.0,4854.7,4834.0,4849.5,20458.0
2026-06-04 12:50:00,4847.7,4861.2,4847.7,4856.7,8918.0
2026-06-04 12:55:00,4855.1,4872.0,4854.0,4869.0,13551.0
2026-06-04 13:00:00,4868.5,4879.9,4856.0,4877.3,16315.0
2026-06-04 13:05:00,4879.8,4903.0,4863.0,4898.2,41429.0
2026-06-04 13:10:00,4894.4,4901.0,4875.5,4875.5,37728.0
2026-06-04 13:15:00,4875.5,4879.4,4864.5,4876.6,21991.0
2026-06-04 13:20:00,4880.0,4890.0,4875.0,4882.9,26034.0
2026-06-04 13:25:00,4883.6,4895.0,4880.0,4888.0,7661.0
2026-06-04 13:30:00,4885.4,4897.2,4884.7,4893.9,15507.0
2026-06-04 13:35:00,4892.0,4894.8,4876.5,4884.8,16852.0
2026-06-04 13:40:00,4884.6,4887.0,4870.3,4873.7,9411.0
2026-06-04 13:45:00,4874.9,4887.9,4872.1,4887.9,13024.0
2026-06-04 13:50:00,4887.5,4894.0,4880.6,4885.9,9606.0
2026-06-04 13:55:00,4885.0,4890.0,4878.9,4886.3,7113.0
2026-06-04 14:00:00,4886.7,4889.5,4879.0,4883.7,6153.0
2026-06-04 14:05:00,4882.1,4886.0,4876.0,4880.4,7760.0
2026-06-04 14:10:00,4880.5,4884.8,4877.0,4879.1,7228.0
2026-06-04 14:15:00,4879.1,4896.9,4877.5,4890.8,22007.0
2026-06-04 14:20:00,4890.6,4890.8,4880.5,4884.8,8207.0
2026-06-04 14:25:00,4881.8,4913.0,4881.8,4892.5,67165.0
2026-06-04 14:30:00,4893.2,4919.9,4892.9,4906.6,46542.0
2026-06-04 14:35:00,4906.6,4920.0,4905.0,4917.2,43663.0
2026-06-04 14:40:00,4917.2,4924.0,4900.0,4910.0,41516.0
2026-06-04 14:45:00,4912.0,4928.0,4905.2,4909.5,48344.0
2026-06-04 14:50:00,4912.3,4926.1,4894.4,4923.0,53829.0
2026-06-04 14:55:00,4921.0,4948.0,4921.0,4940.9,93179.0
2026-06-04 15:00:00,4941.5,4949.9,4917.1,4922.7,81275.0
2026-06-04 15:05:00,4922.4,4937.0,4917.0,4936.0,39619.0
2026-06-04 15:10:00,4936.0,4965.0,4933.0,4945.1,108622.0
2026-06-04 15:15:00,4946.6,4962.0,4926.8,4928.1,116579.0
2026-06-04 15:20:00,4930.0,4939.0,4896.8,4897.2,108874.0
2026-06-04 15:25:00,4899.4,4920.0,4899.4,4915.0,65486.0
2026-06-05 09:15:00,4930.0,4930.0,4780.0,4799.9,190924.0
2026-06-05 09:20:00,4799.0,4814.0,4757.7,4792.3,141834.0
2026-06-05 09:25:00,4794.5,4820.0,4788.2,4816.5,62419.0
2026-06-05 09:30:00,4819.0,4842.0,4814.3,4834.7,83696.0
2026-06-05 09:35:00,4832.0,4835.0,4810.3,4827.0,26303.0
2026-06-05 09:40:00,4827.0,4830.0,4786.0,4807.0,55947.0
2026-06-05 09:45:00,4810.0,4815.0,4779.0,4784.8,33723.0
2026-06-05 09:50:00,4784.6,4789.2,4770.0,4772.1,37906.0
2026-06-05 09:55:00,4772.3,4789.0,4771.2,4781.1,15911.0
2026-06-05 10:00:00,4783.6,4788.4,4739.0,4764.0,65417.0
2026-06-05 10:05:00,4762.9,4778.4,4755.0,4768.2,27197.0
2026-06-05 10:10:00,4766.0,4779.9,4766.0,4773.1,16972.0
2026-06-05 10:15:00,4773.6,4784.4,4770.0,4772.2,15751.0
2026-06-05 10:20:00,4775.1,4789.0,4763.7,4785.0,14317.0
2026-06-05 10:25:00,4785.0,4787.4,4776.1,4786.0,10030.0
2026-06-05 10:30:00,4786.0,4787.0,4767.2,4768.0,8424.0
2026-06-05 10:35:00,4769.9,4769.9,4710.0,4712.6,74422.0
2026-06-05 10:40:00,4711.1,4722.9,4703.0,4714.2,47803.0
2026-06-05 10:45:00,4712.0,4729.5,4706.5,4727.3,25050.0
2026-06-05 10:50:00,4726.1,4755.0,4726.1,4753.0,39458.0
2026-06-05 10:55:00,4751.3,4768.8,4751.3,4760.0,34531.0
2026-06-05 11:00:00,4760.0,4766.0,4751.9,4761.0,13732.0
2026-06-05 11:05:00,4761.0,4761.0,4751.3,4756.5,10226.0
2026-06-05 11:10:00,4754.4,4758.6,4744.0,4747.0,9756.0
2026-06-05 11:15:00,4747.5,4747.8,4740.0,4740.0,12961.0
2026-06-05 11:20:00,4740.0,4745.0,4733.0,4739.0,14508.0
2026-06-05 11:25:00,4739.0,4748.2,4733.1,4746.0,9444.0
2026-06-05 11:30:00,4744.8,4753.5,4733.1,4735.0,11845.0
2026-06-05 11:35:00,4735.0,4735.0,4725.1,4732.5,12397.0
2026-06-05 11:40:00,4732.5,4733.0,4723.1,4723.1,8151.0
2026-06-05 11:45:00,4722.0,4730.0,4719.8,4727.6,7107.0
2026-06-05 11:50:00,4725.0,4730.0,4718.4,4721.0,8510.0
2026-06-05 11:55:00,4722.0,4724.0,4710.5,4712.0,16294.0
2026-06-05 12:00:00,4712.0,4734.9,4709.7,4732.6,21753.0
2026-06-05 12:05:00,4728.9,4729.6,4721.0,4725.4,7042.0
2026-06-05 12:10:00,4725.7,4727.5,4715.1,4727.5,7847.0
2026-06-05 12:15:00,4727.9,4728.2,4720.0,4725.4,6255.0
2026-06-05 12:20:00,4725.1,4728.3,4722.8,4725.5,4042.0
2026-06-05 12:25:00,4725.5,4725.5,4707.0,4714.8,18180.0
2026-06-05 12:30:00,4716.0,4716.8,4683.3,4687.1,51200.0
2026-06-05 12:35:00,4685.2,4704.0,4685.0,4698.0,24124.0
2026-06-05 12:40:00,4699.5,4700.0,4680.0,4692.0,20509.0
2026-06-05 12:45:00,4690.5,4704.5,4687.3,4702.6,9622.0
2026-06-05 12:50:00,4702.2,4704.9,4676.0,4684.0,22488.0
2026-06-05 12:55:00,4685.0,4692.0,4682.4,4691.6,5384.0
2026-06-05 13:00:00,4688.8,4711.0,4686.1,4705.2,17171.0
2026-06-05 13:05:00,4705.1,4707.0,4695.0,4701.0,10336.0
2026-06-05 13:10:00,4701.0,4710.0,4693.1,4696.0,11579.0
2026-06-05 13:15:00,4693.0,4699.8,4686.9,4694.2,9803.0
2026-06-05 13:20:00,4694.2,4695.2,4673.0,4677.5,19783.0
2026-06-05 13:25:00,4677.5,4686.4,4673.0,4677.9,13606.0
2026-06-05 13:30:00,4676.0,4680.0,4667.5,4677.0,17883.0
2026-06-05 13:35:00,4675.6,4686.0,4673.3,4683.7,11086.0
2026-06-05 13:40:00,4683.0,4683.0,4653.1,4661.0,29034.0
2026-06-05 13:45:00,4659.1,4671.0,4655.1,4665.9,16779.0
2026-06-05 13:50:00,4667.7,4669.3,4663.0,4669.3,6994.0
2026-06-05 13:55:00,4669.3,4669.3,4656.8,4665.0,11214.0
2026-06-05 14:00:00,4664.0,4675.0,4664.0,4668.0,8611.0
2026-06-05 14:05:00,4668.0,4675.0,4666.0,4671.4,7096.0
2026-06-05 14:10:00,4672.0,4673.6,4666.0,4671.1,5278.0
2026-06-05 14:15:00,4671.8,4679.2,4670.5,4673.9,10931.0
2026-06-05 14:20:00,4674.0,4682.9,4667.0,4677.8,12395.0
2026-06-05 14:25:00,4679.2,4704.5,4675.9,4700.0,24191.0
2026-06-05 14:30:00,4699.7,4708.0,4695.9,4696.0,18594.0
2026-06-05 14:35:00,4696.2,4698.2,4680.2,4685.0,18719.0
2026-06-05 14:40:00,4685.0,4705.0,4684.0,4704.6,11844.0
2026-06-05 14:45:00,4705.0,4707.0,4684.0,4691.6,14898.0
2026-06-05 14:50:00,4691.8,4692.0,4685.0,4685.1,6983.0
2026-06-05 14:55:00,4686.5,4691.9,4676.7,4680.1,20211.0
2026-06-05 15:00:00,4683.7,4683.7,4660.0,4666.0,24946.0
2026-06-05 15:05:00,4669.9,4670.0,4660.0,4662.0,15892.0
2026-06-05 15:10:00,4663.4,4668.4,4660.0,4666.4,28330.0
2026-06-05 15:15:00,4666.0,4680.7,4664.4,4670.3,59547.0
2026-06-05 15:20:00,4670.3,4673.7,4651.7,4658.1,52074.0
2026-06-05 15:25:00,4655.6,4674.8,4651.0,4670.0,41200.0
2026-06-08 09:15:00,4480.1,4525.0,4450.0,4503.3,214817.0
2026-06-08 09:20:00,4503.0,4525.2,4485.0,4512.7,89236.0
2026-06-08 09:25:00,4514.7,4540.0,4504.8,4534.1,74855.0
2026-06-08 09:30:00,4534.3,4567.6,4532.0,4563.1,93327.0
2026-06-08 09:35:00,4566.8,4569.0,4486.8,4493.2,106740.0
2026-06-08 09:40:00,4495.7,4508.7,4486.6,4498.0,38026.0
2026-06-08 09:45:00,4498.0,4524.9,4478.8,4478.8,54461.0
2026-06-08 09:50:00,4480.0,4505.0,4470.0,4504.9,40330.0
2026-06-08 09:55:00,4505.0,4534.0,4502.1,4534.0,32709.0
2026-06-08 10:00:00,4532.0,4535.4,4518.0,4528.9,33514.0
2026-06-08 10:05:00,4528.9,4559.6,4512.3,4546.4,48359.0
2026-06-08 10:10:00,4544.9,4555.0,4537.3,4538.0,20484.0
2026-06-08 10:15:00,4538.0,4540.0,4516.0,4526.0,17017.0
2026-06-08 10:20:00,4525.5,4531.0,4518.0,4518.6,7543.0
2026-06-08 10:25:00,4518.4,4526.9,4501.2,4507.6,18568.0
2026-06-08 10:30:00,4509.4,4524.3,4505.0,4522.1,11686.0
2026-06-08 10:35:00,4521.1,4528.0,4520.0,4523.1,6656.0
2026-06-08 10:40:00,4521.1,4538.3,4520.0,4528.9,8166.0
2026-06-08 10:45:00,4528.7,4528.7,4514.9,4520.0,6694.0
2026-06-08 10:50:00,4520.0,4524.0,4510.1,4511.1,5517.0
2026-06-08 10:55:00,4513.6,4537.0,4501.9,4537.0,16247.0
2026-06-08 11:00:00,4535.3,4537.7,4496.0,4496.0,21708.0
2026-06-08 11:05:00,4499.0,4504.0,4482.0,4490.0,23783.0
2026-06-08 11:10:00,4490.0,4492.3,4476.6,4480.7,26941.0
2026-06-08 11:15:00,4479.0,4486.6,4469.7,4472.0,18776.0
2026-06-08 11:20:00,4471.2,4480.0,4466.1,4467.9,14171.0
2026-06-08 11:25:00,4468.8,4470.5,4460.0,4470.1,22278.0
2026-06-08 11:30:00,4470.1,4470.1,4455.0,4457.0,16384.0
2026-06-08 11:35:00,4458.0,4469.1,4431.0,4443.7,58678.0
2026-06-08 11:40:00,4444.0,4447.7,4428.0,4433.7,33857.0
2026-06-08 11:45:00,4434.9,4434.9,4352.8,4360.0,122754.0
2026-06-08 11:50:00,4363.0,4375.4,4354.3,4361.5,48602.0
2026-06-08 11:55:00,4360.8,4369.0,4320.0,4330.0,83066.0
2026-06-08 12:00:00,4331.3,4351.6,4329.0,4335.5,36299.0
2026-06-08 12:05:00,4331.3,4352.4,4328.0,4350.0,37497.0
2026-06-08 12:10:00,4353.1,4357.4,4336.7,4346.9,33390.0
2026-06-08 12:15:00,4347.8,4348.7,4331.3,4331.3,21246.0
2026-06-08 12:20:00,4332.3,4337.6,4310.7,4320.5,51323.0
2026-06-08 12:25:00,4321.4,4342.3,4320.0,4336.7,22457.0
2026-06-08 12:30:00,4336.5,4344.1,4331.0,4342.0,19054.0
2026-06-08 12:35:00,4341.9,4345.8,4330.7,4340.3,19350.0
2026-06-08 12:40:00,4342.0,4346.9,4333.0,4337.0,17368.0
2026-06-08 12:45:00,4337.0,4342.2,4318.0,4340.0,29134.0
2026-06-08 12:50:00,4341.5,4347.8,4330.3,4334.8,23491.0
2026-06-08 12:55:00,4332.7,4334.9,4305.8,4315.0,41926.0
2026-06-08 13:00:00,4315.2,4319.2,4302.4,4305.8,32115.0
2026-06-08 13:05:00,4308.1,4312.0,4301.4,4307.9,26773.0
2026-06-08 13:10:00,4307.0,4312.0,4303.1,4312.0,17092.0
2026-06-08 13:15:00,4311.7,4315.9,4306.8,4314.0,19358.0
2026-06-08 13:20:00,4314.9,4319.5,4305.4,4312.8,12063.0
2026-06-08 13:25:00,4312.9,4318.0,4309.2,4315.0,7506.0
2026-06-08 13:30:00,4315.0,4317.8,4311.0,4311.3,7088.0
2026-06-08 13:35:00,4311.1,4312.6,4280.0,4289.2,56233.0
2026-06-08 13:40:00,4292.8,4292.8,4260.0,4268.0,91976.0
2026-06-08 13:45:00,4268.8,4282.9,4251.0,4272.5,70180.0
2026-06-08 13:50:00,4274.6,4280.0,4270.0,4278.0,28283.0
2026-06-08 13:55:00,4276.0,4280.0,4265.1,4278.3,29098.0
2026-06-08 14:00:00,4279.9,4287.2,4276.2,4286.6,29693.0
2026-06-08 14:05:00,4284.9,4286.1,4261.7,4269.0,27814.0
2026-06-08 14:10:00,4268.5,4282.5,4262.4,4278.1,25009.0
2026-06-08 14:15:00,4278.1,4296.0,4277.1,4292.0,29346.0
2026-06-08 14:20:00,4288.0,4291.5,4284.7,4288.9,11217.0
2026-06-08 14:25:00,4288.1,4293.0,4280.4,4284.7,15389.0
2026-06-08 14:30:00,4284.7,4297.5,4280.4,4293.2,24896.0
2026-06-08 14:35:00,4293.5,4317.6,4271.2,4313.6,70009.0
2026-06-08 14:40:00,4311.1,4321.0,4290.0,4320.5,41781.0
2026-06-08 14:45:00,4319.7,4323.9,4301.0,4309.9,38157.0
2026-06-08 14:50:00,4310.0,4312.0,4291.0,4296.4,17541.0
2026-06-08 14:55:00,4295.0,4314.8,4280.0,4301.9,43856.0
2026-06-08 15:00:00,4301.9,4303.6,4232.3,4255.0,79683.0
2026-06-08 15:05:00,4254.3,4268.0,4250.0,4262.5,62192.0
2026-06-08 15:10:00,4264.9,4274.9,4255.1,4268.0,44540.0
2026-06-08 15:15:00,4269.6,4289.9,4245.5,4270.3,117638.0
2026-06-08 15:20:00,4273.6,4278.6,4261.1,4265.1,83356.0
2026-06-08 15:25:00,4260.0,4278.0,4244.8,4277.0,66445.0
2026-06-09 09:15:00,4340.0,4425.0,4328.6,4396.6,252078.0
2026-06-09 09:20:00,4394.9,4413.8,4355.3,4375.9,108693.0
2026-06-09 09:25:00,4375.0,4399.4,4332.0,4382.9,123046.0
2026-06-09 09:30:00,4380.0,4437.8,4378.8,4415.0,152512.0
2026-06-09 09:35:00,4415.0,4417.1,4385.6,4398.1,49934.0
2026-06-09 09:40:00,4399.8,4415.0,4375.8,4382.0,49389.0
2026-06-09 09:45:00,4383.8,4387.6,4358.0,4366.3,42171.0
2026-06-09 09:50:00,4365.7,4369.1,4316.4,4331.9,78672.0
2026-06-09 09:55:00,4331.3,4331.3,4290.0,4311.0,96215.0
2026-06-09 10:00:00,4311.0,4326.5,4305.2,4311.3,50575.0
2026-06-09 10:05:00,4308.0,4311.1,4294.9,4304.0,28189.0
2026-06-09 10:10:00,4304.8,4315.0,4296.5,4303.0,30392.0
2026-06-09 10:15:00,4303.0,4314.0,4298.7,4300.4,18865.0
2026-06-09 10:20:00,4300.0,4316.0,4291.0,4303.2,30510.0
2026-06-09 10:25:00,4303.0,4304.8,4290.9,4300.2,16230.0
2026-06-09 10:30:00,4298.3,4305.0,4291.6,4299.4,17598.0
2026-06-09 10:35:00,4298.0,4298.0,4276.9,4291.6,39547.0
2026-06-09 10:40:00,4290.0,4293.9,4282.0,4292.2,14782.0
2026-06-09 10:45:00,4290.1,4307.1,4290.1,4293.0,23912.0
2026-06-09 10:50:00,4292.4,4295.0,4284.0,4293.8,13907.0
2026-06-09 10:55:00,4293.0,4305.3,4293.0,4303.0,15618.0
2026-06-09 11:00:00,4303.0,4310.0,4296.5,4308.9,11501.0
2026-06-09 11:05:00,4309.0,4324.8,4302.1,4319.6,37935.0
2026-06-09 11:10:00,4318.0,4320.0,4310.0,4319.7,12443.0
2026-06-09 11:15:00,4320.0,4327.7,4318.0,4326.7,18359.0
2026-06-09 11:20:00,4326.9,4331.2,4298.7,4307.8,38029.0
2026-06-09 11:25:00,4307.3,4317.0,4300.0,4316.7,19921.0
2026-06-09 11:30:00,4316.8,4344.4,4314.7,4339.0,28633.0
2026-06-09 11:35:00,4339.0,4380.6,4335.6,4376.8,89310.0
2026-06-09 11:40:00,4376.2,4394.4,4369.7,4390.9,47044.0
2026-06-09 11:45:00,4388.3,4408.9,4371.8,4397.0,62895.0
2026-06-09 11:50:00,4397.0,4409.9,4391.5,4407.5,42041.0
2026-06-09 11:55:00,4409.0,4432.7,4402.3,4420.0,76951.0
2026-06-09 12:00:00,4418.9,4427.0,4402.3,4408.7,53797.0
2026-06-09 12:05:00,4410.0,4435.0,4407.5,4418.5,55641.0
2026-06-09 12:10:00,4420.9,4429.0,4401.3,4418.4,40669.0
2026-06-09 12:15:00,4421.1,4422.9,4385.0,4385.8,46457.0
2026-06-09 12:20:00,4385.1,4414.9,4380.5,4412.0,35495.0
2026-06-09 12:25:00,4412.0,4424.0,4395.7,4405.0,37088.0
2026-06-09 12:30:00,4408.7,4410.0,4393.1,4397.6,15440.0
2026-06-09 12:35:00,4397.6,4397.6,4375.1,4385.0,23646.0
2026-06-09 12:40:00,4384.8,4385.0,4370.6,4374.9,21438.0
2026-06-09 12:45:00,4375.6,4405.4,4375.6,4395.4,22076.0
2026-06-09 12:50:00,4397.3,4412.3,4395.0,4407.0,19451.0
2026-06-09 12:55:00,4405.2,4407.0,4391.0,4395.0,14688.0
2026-06-09 13:00:00,4395.0,4398.9,4388.1,4389.7,9291.0
2026-06-09 13:05:00,4389.7,4390.0,4382.1,4386.0,5830.0
2026-06-09 13:10:00,4386.0,4392.6,4384.4,4390.8,3928.0
2026-06-09 13:15:00,4391.3,4392.9,4381.0,4385.1,8579.0
2026-06-09 13:20:00,4383.1,4388.0,4380.1,4386.9,4668.0
2026-06-09 13:25:00,4383.9,4395.1,4381.5,4395.1,6126.0
2026-06-09 13:30:00,4393.1,4398.7,4374.2,4376.0,19308.0
2026-06-09 13:35:00,4377.7,4382.9,4370.0,4375.2,18677.0
2026-06-09 13:40:00,4374.3,4441.0,4374.3,4437.8,75364.0
2026-06-09 13:45:00,4433.4,4460.0,4421.4,4427.4,97149.0
2026-06-09 13:50:00,4429.5,4434.6,4423.0,4429.0,15701.0
2026-06-09 13:55:00,4428.0,4429.2,4404.4,4412.0,31019.0
2026-06-09 14:00:00,4410.1,4419.0,4406.4,4417.0,12850.0
2026-06-09 14:05:00,4416.7,4425.0,4414.3,4418.6,14026.0
2026-06-09 14:10:00,4419.0,4419.9,4402.2,4412.4,16713.0
2026-06-09 14:15:00,4415.0,4415.0,4401.0,4403.0,10321.0
2026-06-09 14:20:00,4403.0,4414.5,4403.0,4412.0,9024.0
2026-06-09 14:25:00,4414.9,4417.0,4406.9,4417.0,8926.0
2026-06-09 14:30:00,4421.0,4425.0,4393.0,4400.1,26902.0
2026-06-09 14:35:00,4403.9,4411.9,4397.0,4400.0,12295.0
2026-06-09 14:40:00,4400.6,4404.0,4392.1,4401.0,8653.0
2026-06-09 14:45:00,4400.0,4403.7,4391.1,4397.7,11345.0
2026-06-09 14:50:00,4394.9,4403.0,4391.1,4399.0,8096.0
2026-06-09 14:55:00,4399.0,4403.0,4399.0,4402.0,8207.0
2026-06-09 15:00:00,4401.9,4402.0,4392.0,4400.5,12009.0
2026-06-09 15:05:00,4402.4,4415.0,4400.0,4413.0,35839.0
2026-06-09 15:10:00,4415.0,4443.0,4415.0,4438.0,53233.0
2026-06-09 15:15:00,4438.0,4447.0,4428.9,4446.9,43027.0
2026-06-09 15:20:00,4446.7,4447.9,4433.1,4437.3,44348.0
2026-06-09 15:25:00,4439.9,4444.2,4427.8,4440.0,40291.0
2026-06-10 09:15:00,4400.0,4410.9,4331.0,4333.8,89448.0
2026-06-10 09:20:00,4333.5,4353.9,4300.1,4300.1,78791.0
2026-06-10 09:25:00,4302.0,4315.6,4290.0,4297.5,62289.0
2026-06-10 09:30:00,4296.6,4314.9,4282.0,4313.6,49373.0
2026-06-10 09:35:00,4310.3,4324.1,4295.3,4307.2,55043.0
2026-06-10 09:40:00,4304.2,4306.0,4293.0,4296.0,22818.0
2026-06-10 09:45:00,4293.5,4342.7,4293.5,4338.9,39849.0
2026-06-10 09:50:00,4340.8,4341.0,4321.9,4327.0,26309.0
2026-06-10 09:55:00,4329.0,4334.4,4289.0,4300.0,34698.0
2026-06-10 10:00:00,4296.8,4308.9,4293.1,4295.0,17354.0
2026-06-10 10:05:00,4293.1,4298.1,4275.0,4277.2,30342.0
2026-06-10 10:10:00,4277.2,4283.1,4260.8,4265.9,41816.0
2026-06-10 10:15:00,4263.3,4275.0,4260.0,4272.7,22929.0
2026-06-10 10:20:00,4272.3,4275.0,4264.4,4271.1,14561.0
2026-06-10 10:25:00,4271.0,4274.2,4263.1,4272.9,19024.0
2026-06-10 10:30:00,4272.9,4307.2,4271.2,4302.6,33349.0
2026-06-10 10:35:00,4300.0,4328.8,4298.8,4313.0,42638.0
2026-06-10 10:40:00,4311.6,4311.6,4300.0,4301.9,14195.0
2026-06-10 10:45:00,4302.0,4310.7,4300.5,4309.8,6890.0
2026-06-10 10:50:00,4310.0,4310.0,4286.6,4289.0,20755.0
2026-06-10 10:55:00,4291.0,4297.2,4287.0,4296.5,4896.0
2026-06-10 11:00:00,4296.9,4302.0,4290.0,4294.0,12751.0
2026-06-10 11:05:00,4295.8,4300.0,4292.0,4300.0,5402.0
2026-06-10 11:10:00,4300.0,4306.8,4293.2,4298.0,11866.0
2026-06-10 11:15:00,4298.0,4300.0,4291.5,4292.9,4539.0
2026-06-10 11:20:00,4292.8,4294.6,4290.0,4292.0,4482.0
2026-06-10 11:25:00,4291.0,4300.0,4291.0,4298.0,5360.0
2026-06-10 11:30:00,4299.0,4305.0,4297.2,4300.0,7392.0
2026-06-10 11:35:00,4300.0,4300.0,4295.0,4295.4,3817.0
2026-06-10 11:40:00,4295.5,4299.8,4293.0,4293.4,3184.0
2026-06-10 11:45:00,4293.8,4293.8,4285.3,4288.6,11238.0
2026-06-10 11:50:00,4289.0,4304.2,4288.6,4303.6,13307.0
2026-06-10 11:55:00,4303.7,4324.7,4300.7,4324.6,29527.0
2026-06-10 12:00:00,4322.2,4344.4,4320.0,4333.0,35754.0
2026-06-10 12:05:00,4333.0,4365.3,4330.1,4360.0,46397.0
2026-06-10 12:10:00,4357.3,4379.8,4352.0,4376.1,48162.0
2026-06-10 12:15:00,4375.8,4378.0,4351.0,4356.2,32364.0
2026-06-10 12:20:00,4356.2,4370.0,4346.6,4362.4,26659.0
2026-06-10 12:25:00,4362.4,4362.4,4351.3,4355.1,9253.0
2026-06-10 12:30:00,4354.6,4370.0,4352.0,4365.0,16158.0
2026-06-10 12:35:00,4365.0,4367.8,4353.0,4355.0,8889.0
2026-06-10 12:40:00,4354.0,4356.8,4345.1,4352.1,10738.0
2026-06-10 12:45:00,4352.2,4361.9,4350.1,4361.7,5176.0
2026-06-10 12:50:00,4360.0,4367.0,4360.0,4367.0,6033.0
2026-06-10 12:55:00,4367.0,4375.0,4358.8,4375.0,10497.0
2026-06-10 13:00:00,4375.0,4388.4,4373.3,4384.1,21480.0
2026-06-10 13:05:00,4384.1,4384.1,4370.1,4371.1,7906.0
2026-06-10 13:10:00,4372.6,4373.0,4365.8,4366.2,5756.0
2026-06-10 13:15:00,4366.2,4374.0,4362.0,4366.0,9492.0
2026-06-10 13:20:00,4366.0,4370.0,4360.0,4360.0,4725.0
2026-06-10 13:25:00,4360.0,4371.8,4360.0,4366.2,5293.0
2026-06-10 13:30:00,4369.0,4370.4,4363.8,4365.4,3579.0
2026-06-10 13:35:00,4366.3,4370.0,4365.0,4367.2,2531.0
2026-06-10 13:40:00,4368.5,4394.5,4366.0,4385.0,30826.0
2026-06-10 13:45:00,4382.8,4384.7,4367.3,4371.9,14776.0
2026-06-10 13:50:00,4375.0,4375.0,4368.0,4370.4,3324.0
2026-06-10 13:55:00,4370.0,4373.6,4367.0,4369.0,6374.0
2026-06-10 14:00:00,4368.0,4376.5,4365.0,4374.2,9408.0
2026-06-10 14:05:00,4371.9,4374.0,4363.1,4363.2,3923.0
2026-06-10 14:10:00,4363.1,4364.8,4354.3,4354.5,18629.0
2026-06-10 14:15:00,4354.4,4362.0,4353.0,4361.3,7875.0
2026-06-10 14:20:00,4360.0,4362.0,4355.1,4356.0,4167.0
2026-06-10 14:25:00,4355.1,4357.2,4343.1,4348.7,21340.0
2026-06-10 14:30:00,4346.6,4352.8,4344.0,4349.5,10733.0
2026-06-10 14:35:00,4348.0,4349.6,4332.0,4337.0,17006.0
2026-06-10 14:40:00,4338.5,4342.1,4317.8,4318.7,29280.0
2026-06-10 14:45:00,4316.7,4326.5,4310.3,4313.5,23504.0
2026-06-10 14:50:00,4314.0,4333.9,4305.0,4308.6,25313.0
2026-06-10 14:55:00,4308.2,4315.0,4304.4,4313.8,11073.0
2026-06-10 15:00:00,4315.0,4321.9,4310.3,4311.6,10873.0
2026-06-10 15:05:00,4311.6,4315.0,4300.0,4301.7,22685.0
2026-06-10 15:10:00,4301.9,4303.0,4285.1,4288.9,27548.0
2026-06-10 15:15:00,4288.4,4303.9,4284.0,4300.5,27121.0
2026-06-10 15:20:00,4303.5,4303.5,4285.0,4287.0,31468.0
2026-06-10 15:25:00,4286.7,4305.1,4285.0,4299.9,28912.0
2026-06-11 09:15:00,4245.1,4267.8,4193.2,4237.0,101361.0
2026-06-11 09:20:00,4235.3,4318.6,4235.3,4295.9,107836.0
2026-06-11 09:25:00,4295.2,4334.0,4291.2,4312.4,66179.0
2026-06-11 09:30:00,4312.4,4328.0,4277.0,4291.2,56019.0
2026-06-11 09:35:00,4290.7,4295.3,4277.2,4291.2,21415.0
2026-06-11 09:40:00,4294.0,4297.0,4280.1,4285.9,13515.0
2026-06-11 09:45:00,4285.7,4290.0,4263.8,4265.0,23041.0
2026-06-11 09:50:00,4267.1,4284.8,4263.0,4265.1,18176.0
2026-06-11 09:55:00,4264.0,4264.0,4240.0,4245.4,51215.0
2026-06-11 10:00:00,4244.9,4255.0,4244.2,4247.7,20626.0
2026-06-11 10:05:00,4249.4,4280.9,4243.0,4276.2,26597.0
2026-06-11 10:10:00,4270.0,4305.0,4269.3,4284.8,34104.0
2026-06-11 10:15:00,4289.4,4302.0,4285.5,4302.0,14027.0
2026-06-11 10:20:00,4302.0,4306.5,4294.2,4300.4,17631.0
2026-06-11 10:25:00,4300.4,4360.0,4300.3,4328.0,81287.0
2026-06-11 10:30:00,4328.1,4349.0,4325.2,4346.3,29610.0
2026-06-11 10:35:00,4348.0,4349.8,4319.7,4329.0,26432.0
2026-06-11 10:40:00,4328.2,4333.8,4307.2,4310.4,20206.0
2026-06-11 10:45:00,4312.0,4312.0,4295.0,4296.2,29269.0
2026-06-11 10:50:00,4296.1,4299.0,4272.1,4275.9,33805.0
2026-06-11 10:55:00,4278.0,4280.0,4261.1,4265.2,20682.0
2026-06-11 11:00:00,4267.2,4273.5,4259.9,4267.0,15091.0
2026-06-11 11:05:00,4269.2,4274.5,4262.0,4269.0,19884.0
2026-06-11 11:10:00,4270.6,4273.5,4260.0,4262.2,8932.0
2026-06-11 11:15:00,4262.2,4270.0,4259.8,4262.5,7935.0
2026-06-11 11:20:00,4265.0,4278.9,4262.8,4273.0,9267.0
2026-06-11 11:25:00,4273.0,4278.4,4267.0,4267.0,11380.0
2026-06-11 11:30:00,4268.7,4268.7,4253.6,4263.0,15537.0
2026-06-11 11:35:00,4263.0,4270.0,4252.0,4254.4,13154.0
2026-06-11 11:40:00,4256.8,4265.2,4253.9,4265.2,6956.0
2026-06-11 11:45:00,4263.3,4266.0,4258.2,4265.0,6124.0
2026-06-11 11:50:00,4265.0,4276.6,4265.0,4269.2,11272.0
2026-06-11 11:55:00,4271.1,4272.8,4264.0,4265.5,3496.0
2026-06-11 12:00:00,4268.2,4270.0,4263.3,4263.3,3843.0
2026-06-11 12:05:00,4261.8,4267.4,4248.0,4252.0,15382.0
2026-06-11 12:10:00,4250.7,4253.0,4246.0,4246.0,6120.0
2026-06-11 12:15:00,4248.3,4248.3,4225.4,4228.8,31410.0
2026-06-11 12:20:00,4228.6,4229.4,4200.0,4204.2,54401.0
2026-06-11 12:25:00,4205.7,4205.7,4195.0,4196.0,16291.0
2026-06-11 12:30:00,4196.0,4205.0,4187.0,4190.0,23133.0
2026-06-11 12:35:00,4190.0,4209.3,4185.0,4200.2,18759.0
2026-06-11 12:40:00,4202.1,4206.3,4197.0,4198.0,7546.0
2026-06-11 12:45:00,4199.7,4202.0,4190.0,4190.0,9172.0
2026-06-11 12:50:00,4190.0,4197.7,4190.0,4192.0,6050.0
2026-06-11 12:55:00,4192.0,4193.0,4180.0,4186.5,13553.0
2026-06-11 13:00:00,4186.4,4190.0,4170.1,4170.1,16120.0
2026-06-11 13:05:00,4170.1,4172.0,4145.0,4149.8,40919.0
2026-06-11 13:10:00,4149.7,4158.9,4143.1,4147.9,19617.0
2026-06-11 13:15:00,4147.9,4147.9,4131.2,4140.0,23605.0
2026-06-11 13:20:00,4137.0,4141.8,4130.0,4136.7,16235.0
2026-06-11 13:25:00,4137.0,4148.1,4134.8,4145.3,18579.0
2026-06-11 13:30:00,4146.1,4156.5,4143.0,4145.0,22893.0
2026-06-11 13:35:00,4146.8,4147.7,4085.1,4091.2,75320.0
2026-06-11 13:40:00,4089.5,4096.0,4076.1,4087.4,42182.0
2026-06-11 13:45:00,4087.8,4097.7,4080.0,4081.8,39599.0
2026-06-11 13:50:00,4084.0,4092.9,4071.0,4085.5,28921.0
2026-06-11 13:55:00,4082.2,4092.0,4080.0,4084.2,12588.0
2026-06-11 14:00:00,4084.2,4090.0,4081.0,4089.0,9147.0
2026-06-11 14:05:00,4089.0,4097.9,4050.0,4085.5,54944.0
2026-06-11 14:10:00,4087.7,4130.7,4086.0,4123.7,51560.0
2026-06-11 14:15:00,4120.0,4125.5,4102.7,4112.1,40224.0
2026-06-11 14:20:00,4113.0,4126.8,4113.0,4119.0,18520.0
2026-06-11 14:25:00,4120.0,4138.0,4118.1,4132.6,17048.0
2026-06-11 14:30:00,4132.8,4185.4,4132.0,4179.7,85372.0
2026-06-11 14:35:00,4178.0,4192.6,4172.0,4176.0,38658.0
2026-06-11 14:40:00,4175.3,4187.8,4170.0,4180.3,25472.0
2026-06-11 14:45:00,4180.2,4263.1,4179.0,4233.6,103340.0
2026-06-11 14:50:00,4232.3,4234.4,4225.0,4227.0,32882.0
2026-06-11 14:55:00,4228.0,4244.9,4226.1,4242.8,35441.0
2026-06-11 15:00:00,4242.4,4245.6,4171.2,4173.0,64773.0
2026-06-11 15:05:00,4172.1,4182.3,4162.0,4162.0,23384.0
2026-06-11 15:10:00,4160.2,4201.1,4156.2,4187.9,45829.0
2026-06-11 15:15:00,4185.2,4197.5,4173.9,4189.8,40584.0
2026-06-11 15:20:00,4186.8,4199.4,4178.0,4192.0,45802.0
2026-06-11 15:25:00,4194.2,4220.0,4185.1,4212.0,30778.0
2026-06-12 09:15:00,4320.0,4505.4,4315.0,4492.7,350218.0
2026-06-12 09:20:00,4487.9,4487.9,4454.2,4466.9,171573.0
2026-06-12 09:25:00,4467.8,4525.0,4420.0,4421.7,227312.0
2026-06-12 09:30:00,4415.4,4456.3,4415.4,4424.1,115146.0
2026-06-12 09:35:00,4421.1,4469.9,4420.0,4464.4,108448.0
2026-06-12 09:40:00,4464.6,4469.4,4430.2,4462.0,65884.0
2026-06-12 09:45:00,4462.8,4504.4,4442.9,4504.4,116710.0
2026-06-12 09:50:00,4502.0,4519.9,4491.0,4502.8,155688.0
2026-06-12 09:55:00,4500.0,4505.0,4465.4,4494.2,91591.0
2026-06-12 10:00:00,4492.1,4519.5,4483.4,4500.0,75686.0
2026-06-12 10:05:00,4497.8,4499.6,4474.1,4479.9,54412.0
2026-06-12 10:10:00,4479.8,4483.8,4465.1,4471.3,40398.0
2026-06-12 10:15:00,4469.0,4481.8,4457.2,4468.9,35744.0
2026-06-12 10:20:00,4468.8,4495.0,4468.0,4495.0,34117.0
2026-06-12 10:25:00,4494.9,4514.5,4487.0,4507.0,78885.0
2026-06-12 10:30:00,4504.1,4508.0,4495.0,4498.0,23261.0
2026-06-12 10:35:00,4497.2,4508.0,4485.1,4507.9,32113.0
2026-06-12 10:40:00,4510.0,4535.0,4507.3,4523.0,131127.0
2026-06-12 10:45:00,4525.3,4530.6,4512.3,4530.0,60980.0
2026-06-12 10:50:00,4527.6,4528.9,4503.9,4505.0,37226.0
2026-06-12 10:55:00,4502.0,4504.9,4491.4,4502.0,38678.0
2026-06-12 11:00:00,4500.1,4513.9,4491.0,4494.2,27776.0
2026-06-12 11:05:00,4492.7,4498.2,4478.0,4483.0,46250.0
2026-06-12 11:10:00,4481.8,4496.0,4481.8,4486.5,18434.0
2026-06-12 11:15:00,4489.1,4500.3,4486.4,4496.5,24806.0
2026-06-12 11:20:00,4496.4,4505.0,4490.3,4494.0,18169.0
2026-06-12 11:25:00,4493.0,4494.8,4482.0,4486.0,16023.0
2026-06-12 11:30:00,4485.4,4500.0,4485.0,4498.0,13146.0
2026-06-12 11:35:00,4498.0,4510.0,4494.1,4506.0,20600.0
2026-06-12 11:40:00,4506.0,4514.0,4500.6,4514.0,13212.0
2026-06-12 11:45:00,4514.0,4526.9,4512.0,4523.6,41555.0
2026-06-12 11:50:00,4524.0,4524.0,4510.0,4511.6,18873.0
2026-06-12 11:55:00,4512.0,4517.1,4502.5,4513.0,16696.0
2026-06-12 12:00:00,4513.0,4517.0,4507.0,4507.0,11153.0
2026-06-12 12:05:00,4510.8,4513.4,4502.0,4506.9,9556.0
2026-06-12 12:10:00,4506.0,4510.3,4496.5,4498.3,17401.0
2026-06-12 12:15:00,4500.6,4502.3,4491.0,4496.0,15972.0
2026-06-12 12:20:00,4497.0,4509.0,4494.0,4506.5,10895.0
2026-06-12 12:25:00,4506.5,4506.5,4500.9,4503.9,7570.0
2026-06-12 12:30:00,4503.9,4579.2,4502.9,4577.6,179087.0
2026-06-12 12:35:00,4577.9,4598.0,4575.0,4585.5,134480.0
2026-06-12 12:40:00,4586.1,4593.8,4532.1,4540.8,123319.0
2026-06-12 12:45:00,4542.7,4543.9,4518.0,4524.0,65867.0
2026-06-12 12:50:00,4524.0,4534.7,4520.1,4534.2,46887.0
2026-06-12 12:55:00,4532.0,4534.4,4512.0,4517.6,34819.0
2026-06-12 13:00:00,4517.7,4521.9,4513.3,4517.4,20658.0
2026-06-12 13:05:00,4515.7,4520.6,4514.0,4519.0,20891.0
2026-06-12 13:10:00,4518.6,4548.7,4516.9,4548.0,53648.0
2026-06-12 13:15:00,4546.0,4565.5,4544.4,4556.9,57146.0
2026-06-12 13:20:00,4555.5,4558.9,4545.3,4548.6,17048.0
2026-06-12 13:25:00,4547.8,4549.1,4535.3,4539.3,24754.0
2026-06-12 13:30:00,4541.4,4549.0,4535.0,4548.6,16869.0
2026-06-12 13:35:00,4548.0,4569.9,4546.1,4554.9,42141.0
2026-06-12 13:40:00,4554.9,4564.9,4538.6,4538.6,29530.0
2026-06-12 13:45:00,4540.0,4542.0,4519.0,4527.1,46920.0
2026-06-12 13:50:00,4525.2,4528.0,4514.5,4518.6,30079.0
2026-06-12 13:55:00,4517.0,4526.0,4515.8,4522.1,17475.0
2026-06-12 14:00:00,4522.1,4524.4,4519.0,4520.0,14733.0
2026-06-12 14:05:00,4519.5,4522.5,4517.5,4521.5,9218.0
2026-06-12 14:10:00,4521.0,4545.0,4521.0,4541.4,37279.0
2026-06-12 14:15:00,4542.0,4561.3,4541.4,4556.6,51458.0
2026-06-12 14:20:00,4556.9,4558.9,4541.3,4546.1,21992.0
2026-06-12 14:25:00,4545.0,4558.0,4541.8,4556.0,19206.0
2026-06-12 14:30:00,4556.8,4578.9,4554.5,4570.0,44026.0
2026-06-12 14:35:00,4570.0,4589.0,4567.4,4588.8,83118.0
2026-06-12 14:40:00,4586.5,4589.0,4577.9,4580.8,35702.0
2026-06-12 14:45:00,4581.0,4597.9,4570.6,4590.0,70783.0
2026-06-12 14:50:00,4588.0,4590.0,4582.0,4586.0,24241.0
2026-06-12 14:55:00,4586.0,4600.0,4573.2,4592.6,69406.0
2026-06-12 15:00:00,4592.5,4596.0,4566.4,4590.0,74981.0
2026-06-12 15:05:00,4590.0,4610.0,4586.4,4600.1,93097.0
2026-06-12 15:10:00,4601.0,4607.4,4575.0,4586.2,80035.0
2026-06-12 15:15:00,4585.6,4595.0,4576.5,4580.9,99640.0
2026-06-12 15:20:00,4579.7,4594.4,4575.1,4575.1,78384.0
2026-06-12 15:25:00,4574.5,4593.0,4571.6,4590.0,64255.0
2026-06-15 09:15:00,4700.0,4744.0,4617.0,4619.7,176910.0
2026-06-15 09:20:00,4630.1,4650.0,4590.0,4592.0,83029.0
2026-06-15 09:25:00,4589.4,4629.0,4550.0,4626.1,87152.0
2026-06-15 09:30:00,4628.8,4648.5,4620.0,4630.8,57420.0
2026-06-15 09:35:00,4627.4,4657.4,4625.0,4645.0,38998.0
2026-06-15 09:40:00,4644.1,4669.5,4616.1,4632.0,42396.0
2026-06-15 09:45:00,4632.0,4646.0,4625.0,4646.0,15671.0
2026-06-15 09:50:00,4643.3,4646.0,4625.0,4635.0,17938.0
2026-06-15 09:55:00,4635.0,4675.8,4632.1,4660.0,43294.0
2026-06-15 10:00:00,4660.0,4664.7,4647.0,4648.3,16992.0
2026-06-15 10:05:00,4648.2,4654.1,4641.0,4650.3,11778.0
2026-06-15 10:10:00,4652.9,4654.8,4634.1,4643.7,12683.0
2026-06-15 10:15:00,4643.0,4648.0,4631.6,4642.8,9765.0
2026-06-15 10:20:00,4643.0,4647.0,4632.0,4643.0,9410.0
2026-06-15 10:25:00,4643.0,4660.0,4642.0,4655.3,10892.0
2026-06-15 10:30:00,4655.0,4663.0,4650.0,4653.5,9057.0
2026-06-15 10:35:00,4656.5,4679.0,4656.5,4676.2,31603.0
2026-06-15 10:40:00,4675.0,4676.9,4656.0,4661.0,16071.0
2026-06-15 10:45:00,4661.0,4666.8,4652.5,4663.8,12029.0
2026-06-15 10:50:00,4662.1,4682.7,4658.4,4682.7,16030.0
2026-06-15 10:55:00,4684.9,4689.8,4675.7,4679.5,29105.0
2026-06-15 11:00:00,4679.4,4679.9,4660.4,4666.9,15567.0
2026-06-15 11:05:00,4667.0,4694.0,4664.6,4691.1,17325.0
2026-06-15 11:10:00,4693.0,4710.0,4685.5,4692.4,40059.0
2026-06-15 11:15:00,4688.2,4690.5,4680.0,4688.9,15279.0
2026-06-15 11:20:00,4688.9,4694.5,4680.0,4691.9,11791.0
2026-06-15 11:25:00,4694.3,4695.8,4685.0,4691.6,7064.0
2026-06-15 11:30:00,4692.8,4693.0,4670.0,4685.9,14627.0
2026-06-15 11:35:00,4687.9,4688.0,4676.9,4678.7,7098.0
2026-06-15 11:40:00,4676.8,4684.0,4676.8,4682.0,5927.0
2026-06-15 11:45:00,4682.1,4683.0,4668.0,4674.4,12720.0
2026-06-15 11:50:00,4674.1,4684.0,4672.0,4676.0,8719.0
2026-06-15 11:55:00,4676.0,4681.5,4664.1,4669.3,14551.0
2026-06-15 12:00:00,4669.3,4680.0,4650.0,4657.0,40922.0
2026-06-15 12:05:00,4658.3,4659.0,4646.0,4650.0,14827.0
2026-06-15 12:10:00,4651.3,4655.9,4648.0,4652.4,7085.0
2026-06-15 12:15:00,4652.0,4665.9,4650.3,4660.6,11377.0
2026-06-15 12:20:00,4658.2,4673.5,4655.6,4666.9,10225.0
2026-06-15 12:25:00,4667.6,4678.0,4665.8,4672.0,13114.0
2026-06-15 12:30:00,4673.7,4675.0,4665.5,4670.2,10709.0
2026-06-15 12:35:00,4670.2,4673.0,4662.3,4670.0,5662.0
2026-06-15 12:40:00,4670.0,4679.9,4665.6,4679.9,9019.0
2026-06-15 12:45:00,4678.2,4680.0,4666.0,4666.5,5044.0
2026-06-15 12:50:00,4666.2,4669.6,4657.0,4661.0,10005.0
2026-06-15 12:55:00,4661.5,4670.0,4660.9,4669.8,3227.0
2026-06-15 13:00:00,4668.2,4669.8,4663.0,4665.2,4348.0
2026-06-15 13:05:00,4660.0,4662.2,4654.8,4658.0,9263.0
2026-06-15 13:10:00,4659.0,4665.7,4655.2,4655.2,3832.0
2026-06-15 13:15:00,4655.8,4669.0,4634.7,4647.3,21308.0
2026-06-15 13:20:00,4645.0,4646.3,4634.0,4634.0,12718.0
2026-06-15 13:25:00,4635.0,4644.8,4630.0,4640.0,12762.0
2026-06-15 13:30:00,4639.5,4639.5,4628.3,4638.0,8342.0
2026-06-15 13:35:00,4640.0,4646.3,4636.3,4643.2,7303.0
2026-06-15 13:40:00,4644.0,4655.0,4643.0,4651.0,12301.0
2026-06-15 13:45:00,4651.0,4653.0,4643.0,4645.0,6008.0
2026-06-15 13:50:00,4646.0,4648.0,4636.4,4645.0,4372.0
2026-06-15 13:55:00,4644.4,4647.0,4638.6,4644.9,6150.0
2026-06-15 14:00:00,4646.5,4646.6,4640.1,4641.5,2628.0
2026-06-15 14:05:00,4641.5,4643.7,4633.0,4635.4,8641.0
2026-06-15 14:10:00,4637.0,4640.0,4633.0,4635.0,3242.0
2026-06-15 14:15:00,4635.1,4637.8,4596.1,4618.8,41362.0
2026-06-15 14:20:00,4621.2,4653.0,4620.0,4652.9,27496.0
2026-06-15 14:25:00,4651.9,4655.0,4643.8,4647.1,15280.0
2026-06-15 14:30:00,4642.1,4655.0,4642.1,4649.9,9626.0
2026-06-15 14:35:00,4650.0,4654.6,4645.0,4647.8,11071.0
2026-06-15 14:40:00,4649.0,4651.1,4645.0,4646.5,5162.0
2026-06-15 14:45:00,4646.5,4660.0,4637.3,4646.6,20890.0
2026-06-15 14:50:00,4645.1,4649.3,4640.0,4642.5,5765.0
2026-06-15 14:55:00,4644.0,4650.0,4640.0,4644.8,7495.0
2026-06-15 15:00:00,4646.9,4646.9,4611.0,4615.5,48817.0
2026-06-15 15:05:00,4616.4,4629.1,4605.0,4611.8,28640.0
2026-06-15 15:10:00,4612.3,4618.8,4602.0,4611.9,25863.0
2026-06-15 15:15:00,4611.7,4622.9,4610.0,4619.6,43445.0
2026-06-15 15:20:00,4616.0,4618.0,4592.7,4597.6,39829.0
2026-06-15 15:25:00,4597.6,4605.0,4582.3,4599.0,42660.0
2026-06-16 09:15:00,4628.0,4695.0,4617.2,4655.1,109796.0
2026-06-16 09:20:00,4652.0,4705.0,4628.9,4686.9,80830.0
2026-06-16 09:25:00,4688.0,4709.0,4685.1,4695.1,68783.0
2026-06-16 09:30:00,4697.1,4704.5,4670.0,4679.6,55333.0
2026-06-16 09:35:00,4680.0,4680.0,4657.8,4665.0,34999.0
2026-06-16 09:40:00,4663.4,4670.0,4657.4,4663.0,15926.0
2026-06-16 09:45:00,4663.0,4710.0,4648.0,4696.9,72027.0
2026-06-16 09:50:00,4694.9,4740.0,4685.8,4727.0,96028.0
2026-06-16 09:55:00,4729.0,4729.0,4671.0,4695.5,76495.0
2026-06-16 10:00:00,4698.7,4703.7,4682.3,4690.0,18721.0
2026-06-16 10:05:00,4690.0,4699.0,4683.6,4698.9,13857.0
2026-06-16 10:10:00,4694.1,4699.5,4688.0,4692.2,11796.0
2026-06-16 10:15:00,4692.2,4706.0,4689.5,4704.0,11999.0
2026-06-16 10:20:00,4708.0,4775.0,4708.0,4735.0,135035.0
2026-06-16 10:25:00,4733.8,4760.0,4733.8,4747.0,35627.0
2026-06-16 10:30:00,4747.0,4769.9,4746.5,4764.0,31707.0
2026-06-16 10:35:00,4763.0,4783.3,4745.0,4767.4,61133.0
2026-06-16 10:40:00,4768.6,4771.0,4746.5,4757.9,27728.0
2026-06-16 10:45:00,4756.8,4777.0,4756.8,4775.0,26347.0
2026-06-16 10:50:00,4773.0,4780.0,4770.0,4771.0,23630.0
2026-06-16 10:55:00,4772.6,4774.0,4763.1,4763.8,18223.0
2026-06-16 11:00:00,4766.0,4796.0,4764.5,4771.0,55412.0
2026-06-16 11:05:00,4772.2,4794.2,4770.0,4789.0,42044.0
2026-06-16 11:10:00,4786.9,4789.0,4765.0,4780.4,27353.0
2026-06-16 11:15:00,4783.0,4809.0,4779.1,4786.3,70594.0
2026-06-16 11:20:00,4786.7,4821.3,4776.1,4815.8,57134.0
2026-06-16 11:25:00,4819.8,4836.9,4795.0,4834.8,75476.0
2026-06-16 11:30:00,4834.1,4859.0,4821.5,4859.0,120559.0
2026-06-16 11:35:00,4858.2,4868.7,4832.0,4844.7,86002.0
2026-06-16 11:40:00,4847.1,4848.7,4822.0,4827.8,45418.0
2026-06-16 11:45:00,4827.9,4842.0,4822.0,4828.8,30547.0
2026-06-16 11:50:00,4828.0,4834.4,4815.0,4817.2,34860.0
2026-06-16 11:55:00,4819.6,4829.0,4803.6,4818.7,38342.0
2026-06-16 12:00:00,4817.1,4820.0,4800.8,4804.5,36835.0
2026-06-16 12:05:00,4803.1,4814.7,4791.8,4797.0,30036.0
2026-06-16 12:10:00,4796.8,4855.8,4796.8,4851.2,67892.0
2026-06-16 12:15:00,4851.1,4874.0,4843.0,4856.0,78851.0
2026-06-16 12:20:00,4854.0,4856.0,4831.0,4837.1,37868.0
2026-06-16 12:25:00,4837.4,4855.0,4830.0,4851.5,26911.0
2026-06-16 12:30:00,4850.1,4862.0,4846.0,4850.0,25425.0
2026-06-16 12:35:00,4852.4,4878.0,4849.1,4868.6,50423.0
2026-06-16 12:40:00,4865.1,4876.0,4856.9,4868.5,39952.0
2026-06-16 12:45:00,4869.9,4869.9,4857.3,4864.2,24708.0
2026-06-16 12:50:00,4864.2,4864.2,4848.0,4852.0,32554.0
2026-06-16 12:55:00,4852.0,4857.7,4843.0,4846.4,22555.0
2026-06-16 13:00:00,4846.2,4856.1,4838.4,4848.7,29763.0
2026-06-16 13:05:00,4848.0,4863.6,4842.0,4855.5,26929.0
2026-06-16 13:10:00,4857.0,4872.9,4848.8,4856.5,29031.0
2026-06-16 13:15:00,4854.2,4857.4,4845.0,4846.0,9282.0
2026-06-16 13:20:00,4847.8,4862.8,4843.7,4859.0,16961.0
2026-06-16 13:25:00,4858.5,4873.9,4858.5,4867.6,34118.0
2026-06-16 13:30:00,4866.4,4868.5,4848.0,4848.0,20473.0
2026-06-16 13:35:00,4848.0,4865.0,4848.0,4861.1,11784.0
2026-06-16 13:40:00,4864.0,4864.0,4853.6,4858.0,12406.0
2026-06-16 13:45:00,4858.0,4869.0,4856.0,4859.3,17525.0
2026-06-16 13:50:00,4858.8,4858.8,4845.0,4845.0,20659.0
2026-06-16 13:55:00,4846.0,4855.1,4837.8,4849.4,31000.0
2026-06-16 14:00:00,4849.4,4857.7,4845.3,4856.0,10322.0
2026-06-16 14:05:00,4855.0,4856.0,4845.1,4845.4,14314.0
2026-06-16 14:10:00,4847.0,4849.9,4846.0,4848.9,7277.0
2026-06-16 14:15:00,4846.5,4849.0,4846.0,4846.9,6707.0
2026-06-16 14:20:00,4846.2,4847.5,4834.4,4837.4,21310.0
2026-06-16 14:25:00,4838.1,4840.0,4827.8,4828.0,29262.0
2026-06-16 14:30:00,4829.0,4839.0,4828.0,4839.0,18131.0
2026-06-16 14:35:00,4839.9,4855.0,4831.3,4855.0,25547.0
2026-06-16 14:40:00,4855.0,4866.0,4852.0,4858.3,26914.0
2026-06-16 14:45:00,4858.3,4865.0,4855.0,4856.2,16749.0
2026-06-16 14:50:00,4856.0,4865.0,4853.0,4860.0,15253.0
2026-06-16 14:55:00,4857.3,4867.9,4856.0,4864.0,25148.0
2026-06-16 15:00:00,4864.6,4865.0,4860.0,4863.0,15657.0
2026-06-16 15:05:00,4863.0,4864.0,4854.9,4859.5,28949.0
2026-06-16 15:10:00,4858.0,4899.0,4854.0,4897.1,135872.0
2026-06-16 15:15:00,4896.1,4905.0,4870.8,4873.3,125214.0
2026-06-16 15:20:00,4872.0,4898.8,4865.8,4888.9,87727.0
2026-06-16 15:25:00,4886.1,4900.0,4883.0,4899.8,67053.0
2026-06-17 09:15:00,4899.8,4949.0,4884.4,4910.0,200583.0
2026-06-17 09:20:00,4911.6,4911.6,4867.3,4882.7,99685.0
2026-06-17 09:25:00,4891.1,4895.0,4856.3,4891.1,69218.0
2026-06-17 09:30:00,4893.5,4894.8,4851.0,4854.0,61186.0
2026-06-17 09:35:00,4853.9,4980.0,4853.9,4976.0,191592.0
2026-06-17 09:40:00,4974.1,4984.0,4935.0,4949.4,104538.0
2026-06-17 09:45:00,4952.0,4959.3,4898.2,4907.3,90493.0
2026-06-17 09:50:00,4905.0,4905.0,4850.0,4864.7,114000.0
2026-06-17 09:55:00,4864.7,4933.9,4860.0,4931.0,88553.0
2026-06-17 10:00:00,4931.1,5038.0,4931.1,4990.6,359342.0
2026-06-17 10:05:00,4987.0,4994.9,4960.0,4975.6,59480.0
2026-06-17 10:10:00,4974.6,4982.9,4941.8,4970.0,61490.0
2026-06-17 10:15:00,4968.2,4978.2,4947.8,4954.0,43083.0
2026-06-17 10:20:00,4954.0,4959.9,4927.7,4930.0,38702.0
2026-06-17 10:25:00,4931.9,4947.3,4919.2,4920.2,34174.0
2026-06-17 10:30:00,4922.2,4943.1,4920.9,4935.2,20760.0
2026-06-17 10:35:00,4937.8,4950.0,4921.0,4925.5,25159.0
2026-06-17 10:40:00,4928.2,4933.9,4922.0,4929.5,13146.0
2026-06-17 10:45:00,4933.0,4955.1,4932.0,4935.0,27003.0
2026-06-17 10:50:00,4935.5,4943.5,4923.0,4940.6,14763.0
2026-06-17 10:55:00,4943.6,4970.0,4936.5,4947.7,40635.0
2026-06-17 11:00:00,4950.6,4964.0,4945.0,4948.5,12831.0
2026-06-17 11:05:00,4951.0,4951.0,4934.4,4936.0,9296.0
2026-06-17 11:10:00,4938.5,4944.0,4925.0,4940.3,27371.0
2026-06-17 11:15:00,4940.6,4944.4,4915.8,4916.0,23318.0
2026-06-17 11:20:00,4916.2,4925.4,4912.3,4915.1,19076.0
2026-06-17 11:25:00,4916.0,4924.2,4912.3,4923.7,9255.0
2026-06-17 11:30:00,4923.7,4923.7,4917.0,4921.5,5687.0
2026-06-17 11:35:00,4920.1,4928.9,4920.0,4923.0,9214.0
2026-06-17 11:40:00,4923.0,4942.8,4920.0,4936.8,21409.0
2026-06-17 11:45:00,4935.9,4939.0,4931.9,4936.0,6335.0
2026-06-17 11:50:00,4937.0,4937.7,4928.0,4935.0,5872.0
2026-06-17 11:55:00,4935.9,4937.0,4928.5,4928.5,5222.0
2026-06-17 12:00:00,4926.3,4964.1,4926.3,4959.8,28659.0
2026-06-17 12:05:00,4959.0,4963.3,4941.9,4941.9,28245.0
2026-06-17 12:10:00,4944.7,4948.7,4935.0,4936.0,7335.0
2026-06-17 12:15:00,4936.0,4943.1,4933.0,4936.7,8924.0
2026-06-17 12:20:00,4936.8,4945.8,4935.0,4940.0,6677.0
2026-06-17 12:25:00,4937.9,4940.6,4935.0,4939.9,5080.0
2026-06-17 12:30:00,4944.1,4946.0,4916.1,4922.9,22436.0
2026-06-17 12:35:00,4923.2,4926.8,4911.1,4912.9,13136.0
2026-06-17 12:40:00,4913.2,4926.9,4910.0,4922.9,13193.0
2026-06-17 12:45:00,4923.0,4923.5,4916.0,4918.7,6853.0
2026-06-17 12:50:00,4918.3,4920.0,4911.0,4911.8,9385.0
2026-06-17 12:55:00,4913.2,4929.8,4911.0,4923.2,7792.0
2026-06-17 13:00:00,4923.4,4923.4,4913.1,4915.5,6164.0
2026-06-17 13:05:00,4920.0,4920.0,4892.1,4902.0,41807.0
2026-06-17 13:10:00,4902.3,4908.6,4893.0,4895.1,13647.0
2026-06-17 13:15:00,4895.7,4895.7,4884.0,4892.0,30689.0
2026-06-17 13:20:00,4890.0,4910.0,4890.0,4907.2,15186.0
2026-06-17 13:25:00,4906.6,4926.0,4906.6,4914.0,26107.0
2026-06-17 13:30:00,4915.4,4935.0,4915.4,4934.1,24286.0
2026-06-17 13:35:00,4932.7,4935.0,4927.0,4930.0,11064.0
2026-06-17 13:40:00,4930.8,4933.0,4921.0,4921.0,9838.0
2026-06-17 13:45:00,4922.3,4928.4,4920.1,4922.5,4082.0
2026-06-17 13:50:00,4920.5,4924.3,4905.2,4914.0,14154.0
2026-06-17 13:55:00,4911.0,4920.3,4910.0,4915.0,5345.0
2026-06-17 14:00:00,4915.0,4924.8,4913.3,4916.5,6250.0
2026-06-17 14:05:00,4918.9,4918.9,4906.1,4913.2,7152.0
2026-06-17 14:10:00,4913.2,4919.0,4911.0,4918.0,3649.0
2026-06-17 14:15:00,4916.0,4922.5,4910.3,4914.5,7624.0
2026-06-17 14:20:00,4914.6,4929.9,4912.0,4929.0,9845.0
2026-06-17 14:25:00,4930.0,4930.0,4915.4,4925.8,9172.0
2026-06-17 14:30:00,4925.8,4940.0,4920.0,4933.5,24362.0
2026-06-17 14:35:00,4932.4,4938.0,4931.1,4933.1,8949.0
2026-06-17 14:40:00,4935.5,4935.5,4925.4,4925.4,7841.0
2026-06-17 14:45:00,4924.7,4934.0,4924.7,4929.9,9201.0
2026-06-17 14:50:00,4929.8,4931.9,4912.5,4919.8,15557.0
2026-06-17 14:55:00,4919.4,4923.0,4912.0,4922.9,17439.0
2026-06-17 15:00:00,4922.6,4922.6,4912.0,4917.1,18594.0
2026-06-17 15:05:00,4918.8,4927.8,4916.8,4924.7,23482.0
2026-06-17 15:10:00,4924.6,4925.0,4906.3,4918.8,26059.0
2026-06-17 15:15:00,4922.5,4923.1,4910.0,4910.1,40566.0
2026-06-17 15:20:00,4910.7,4922.2,4891.6,4904.5,55300.0
2026-06-17 15:25:00,4903.0,4906.7,4875.4,4892.0,37209.0
2026-06-18 09:15:00,4892.0,4980.0,4875.0,4973.0,129755.0
2026-06-18 09:20:00,4974.2,5045.0,4955.0,5040.0,137128.0
2026-06-18 09:25:00,5041.6,5109.0,5025.3,5099.0,234408.0
2026-06-18 09:30:00,5099.0,5147.0,5085.3,5107.0,232093.0
2026-06-18 09:35:00,5105.2,5134.6,5100.6,5125.0,98499.0
2026-06-18 09:40:00,5125.0,5149.3,5113.1,5139.9,98298.0
2026-06-18 09:45:00,5139.9,5140.0,5115.8,5131.4,65555.0
2026-06-18 09:50:00,5130.0,5130.5,5094.5,5098.5,76888.0
2026-06-18 09:55:00,5098.9,5120.9,5090.0,5092.1,74056.0
2026-06-18 10:00:00,5092.5,5118.3,5086.0,5114.8,57584.0
2026-06-18 10:05:00,5113.9,5145.0,5113.9,5141.0,97879.0
2026-06-18 10:10:00,5141.0,5170.0,5133.0,5138.6,156845.0
2026-06-18 10:15:00,5139.6,5142.4,5125.1,5129.1,41197.0
2026-06-18 10:20:00,5129.8,5135.0,5105.4,5134.0,59172.0
2026-06-18 10:25:00,5134.0,5154.6,5118.6,5147.6,45409.0
2026-06-18 10:30:00,5149.8,5164.5,5140.0,5161.8,52171.0
2026-06-18 10:35:00,5161.2,5163.2,5148.0,5150.0,32405.0
2026-06-18 10:40:00,5152.8,5152.8,5141.0,5143.3,28953.0
2026-06-18 10:45:00,5143.4,5156.0,5143.2,5147.9,17405.0
2026-06-18 10:50:00,5147.9,5157.7,5141.0,5154.0,19226.0
2026-06-18 10:55:00,5152.3,5158.0,5145.3,5147.9,14461.0
2026-06-18 11:00:00,5146.8,5150.7,5131.3,5145.7,30475.0
2026-06-18 11:05:00,5143.2,5165.0,5139.9,5155.0,41752.0
2026-06-18 11:10:00,5154.9,5156.0,5142.1,5154.0,16401.0
2026-06-18 11:15:00,5152.1,5153.0,5122.1,5130.0,45093.0
2026-06-18 11:20:00,5130.0,5132.9,5120.8,5127.9,22768.0
2026-06-18 11:25:00,5127.9,5152.5,5125.0,5147.2,20037.0
2026-06-18 11:30:00,5147.0,5194.0,5146.7,5176.7,141453.0
2026-06-18 11:35:00,5178.0,5194.0,5178.0,5191.4,51711.0
2026-06-18 11:40:00,5191.0,5195.0,5172.4,5186.9,37799.0
2026-06-18 11:45:00,5190.8,5196.2,5180.0,5181.6,37909.0
2026-06-18 11:50:00,5184.3,5196.0,5179.0,5188.8,32171.0
2026-06-18 11:55:00,5190.9,5208.5,5185.0,5204.3,49667.0
2026-06-18 12:00:00,5205.0,5205.0,5182.0,5188.0,52067.0
2026-06-18 12:05:00,5188.9,5192.0,5160.9,5162.5,58943.0
2026-06-18 12:10:00,5162.0,5165.6,5136.0,5142.0,87950.0
2026-06-18 12:15:00,5142.0,5159.9,5142.0,5150.0,28004.0
2026-06-18 12:20:00,5150.0,5177.0,5148.5,5175.2,28911.0
2026-06-18 12:25:00,5176.5,5184.0,5165.7,5178.0,25168.0
2026-06-18 12:30:00,5178.0,5178.1,5145.6,5157.2,29059.0
2026-06-18 12:35:00,5155.0,5166.6,5155.0,5161.1,14644.0
2026-06-18 12:40:00,5163.7,5165.0,5150.0,5159.0,10672.0
2026-06-18 12:45:00,5156.2,5165.0,5156.0,5164.0,5706.0
2026-06-18 12:50:00,5163.0,5173.3,5163.0,5169.0,11384.0
2026-06-18 12:55:00,5169.0,5177.0,5167.5,5177.0,6529.0
2026-06-18 13:00:00,5175.1,5179.1,5175.0,5178.0,9693.0
2026-06-18 13:05:00,5178.1,5178.1,5168.5,5169.6,10154.0
2026-06-18 13:10:00,5171.0,5173.8,5170.0,5173.0,4926.0
2026-06-18 13:15:00,5171.2,5177.8,5163.0,5166.0,11052.0
2026-06-18 13:20:00,5166.0,5170.0,5161.1,5169.0,11527.0
2026-06-18 13:25:00,5169.0,5171.2,5163.0,5167.0,5273.0
2026-06-18 13:30:00,5168.2,5194.1,5167.0,5174.6,47181.0
2026-06-18 13:35:00,5172.7,5176.5,5163.8,5169.5,11080.0
2026-06-18 13:40:00,5169.6,5170.4,5128.6,5130.0,50587.0
2026-06-18 13:45:00,5129.5,5132.2,5100.0,5110.0,95365.0
2026-06-18 13:50:00,5112.0,5115.0,5087.8,5108.0,76181.0
2026-06-18 13:55:00,5109.9,5114.9,5100.0,5108.4,36092.0
2026-06-18 14:00:00,5110.7,5124.0,5106.7,5122.1,37101.0
2026-06-18 14:05:00,5121.0,5125.0,5100.0,5103.2,35702.0
2026-06-18 14:10:00,5107.0,5119.0,5103.8,5113.0,12512.0
2026-06-18 14:15:00,5113.0,5119.9,5103.0,5105.6,22253.0
2026-06-18 14:20:00,5104.8,5116.0,5104.8,5114.4,10817.0
2026-06-18 14:25:00,5116.0,5121.0,5106.2,5108.0,9954.0
2026-06-18 14:30:00,5109.7,5110.0,5103.0,5106.9,12996.0
2026-06-18 14:35:00,5105.0,5122.9,5104.1,5116.8,11367.0
2026-06-18 14:40:00,5116.7,5116.7,5088.0,5094.0,31856.0
2026-06-18 14:45:00,5092.0,5098.5,5090.0,5092.0,17676.0
2026-06-18 14:50:00,5092.9,5092.9,5062.0,5067.2,51504.0
2026-06-18 14:55:00,5066.7,5074.8,5051.0,5073.5,54567.0
2026-06-18 15:00:00,5073.6,5082.7,5065.7,5073.9,37402.0
2026-06-18 15:05:00,5074.6,5097.7,5070.9,5097.7,29804.0
2026-06-18 15:10:00,5093.0,5097.7,5080.0,5087.5,30880.0
2026-06-18 15:15:00,5085.0,5089.0,5058.4,5083.4,74983.0
2026-06-18 15:20:00,5083.9,5089.6,5069.2,5089.0,50202.0
2026-06-18 15:25:00,5089.0,5097.7,5078.1,5091.0,41647.0
2026-06-19 09:15:00,5094.8,5190.0,5064.1,5175.4,257227.0
2026-06-19 09:20:00,5174.5,5175.8,5138.1,5150.1,65867.0
2026-06-19 09:25:00,5151.1,5220.0,5150.5,5219.9,160343.0
2026-06-19 09:30:00,5216.4,5227.0,5198.2,5198.2,93640.0
2026-06-19 09:35:00,5196.7,5229.0,5175.0,5182.1,85385.0
2026-06-19 09:40:00,5181.7,5189.9,5165.0,5167.3,53177.0
2026-06-19 09:45:00,5168.7,5202.5,5164.0,5202.5,38848.0
2026-06-19 09:50:00,5203.0,5244.0,5198.4,5203.2,99923.0
2026-06-19 09:55:00,5203.1,5205.0,5166.0,5176.6,58257.0
2026-06-19 10:00:00,5175.8,5179.2,5152.0,5154.9,53384.0
2026-06-19 10:05:00,5157.8,5157.9,5131.0,5147.3,62941.0
2026-06-19 10:10:00,5147.3,5162.1,5116.0,5118.5,63667.0
2026-06-19 10:15:00,5116.0,5125.0,5087.5,5092.0,79926.0
2026-06-19 10:20:00,5092.8,5105.0,5086.0,5102.0,37946.0
2026-06-19 10:25:00,5102.3,5116.5,5090.0,5104.9,42649.0
2026-06-19 10:30:00,5104.5,5108.0,5080.0,5089.7,25764.0
2026-06-19 10:35:00,5090.0,5094.0,5058.0,5066.0,55314.0
2026-06-19 10:40:00,5064.8,5074.0,5058.1,5069.9,39267.0
2026-06-19 10:45:00,5068.1,5098.9,5064.2,5087.2,46550.0
2026-06-19 10:50:00,5086.4,5100.4,5075.0,5088.6,23332.0
2026-06-19 10:55:00,5086.1,5115.0,5080.0,5108.0,36937.0
2026-06-19 11:00:00,5107.1,5113.0,5075.0,5076.5,27043.0
2026-06-19 11:05:00,5076.8,5119.4,5075.2,5111.0,32184.0
2026-06-19 11:10:00,5111.0,5114.5,5095.0,5103.8,13049.0
2026-06-19 11:15:00,5102.6,5112.8,5096.6,5103.1,14261.0
2026-06-19 11:20:00,5104.0,5104.0,5085.0,5090.0,14052.0
2026-06-19 11:25:00,5088.1,5095.5,5080.0,5086.3,11553.0
2026-06-19 11:30:00,5085.0,5095.5,5080.2,5092.0,11453.0
2026-06-19 11:35:00,5093.3,5098.9,5090.4,5091.2,5931.0
2026-06-19 11:40:00,5091.0,5091.2,5075.0,5080.3,15528.0
2026-06-19 11:45:00,5080.0,5085.2,5075.0,5077.1,12525.0
2026-06-19 11:50:00,5076.4,5085.0,5076.4,5077.6,7735.0
2026-06-19 11:55:00,5077.6,5093.0,5077.0,5090.7,8145.0
2026-06-19 12:00:00,5091.9,5094.0,5080.6,5083.2,4868.0
2026-06-19 12:05:00,5083.2,5087.7,5080.0,5081.1,3998.0
2026-06-19 12:10:00,5082.1,5085.0,5070.0,5082.0,13785.0
2026-06-19 12:15:00,5080.5,5095.0,5077.2,5091.8,8400.0
2026-06-19 12:20:00,5091.0,5093.0,5084.1,5087.7,4636.0
2026-06-19 12:25:00,5087.5,5100.7,5082.0,5084.5,21231.0
2026-06-19 12:30:00,5084.5,5085.9,5080.0,5084.5,5440.0
2026-06-19 12:35:00,5082.1,5083.0,5072.3,5077.2,10747.0
2026-06-19 12:40:00,5078.0,5078.0,5062.0,5071.0,24046.0
2026-06-19 12:45:00,5068.5,5085.0,5067.9,5078.0,8418.0
2026-06-19 12:50:00,5077.1,5080.0,5070.0,5070.6,5027.0
2026-06-19 12:55:00,5070.8,5073.0,5055.0,5060.8,20747.0
2026-06-19 13:00:00,5062.2,5064.4,5040.5,5043.1,24105.0
2026-06-19 13:05:00,5044.3,5050.0,5035.0,5037.0,32954.0
2026-06-19 13:10:00,5036.0,5048.9,5035.0,5045.7,14692.0
2026-06-19 13:15:00,5044.8,5050.5,5036.0,5039.7,13227.0
2026-06-19 13:20:00,5039.9,5040.0,5024.4,5029.3,17692.0
2026-06-19 13:25:00,5031.0,5043.8,5028.4,5031.8,16239.0
2026-06-19 13:30:00,5030.7,5057.1,5030.7,5040.7,13109.0
2026-06-19 13:35:00,5041.2,5046.0,5037.9,5042.0,5574.0
2026-06-19 13:40:00,5040.7,5046.0,5032.8,5032.8,8761.0
2026-06-19 13:45:00,5032.2,5036.9,5030.2,5035.6,7893.0
2026-06-19 13:50:00,5032.7,5035.6,5030.3,5033.0,4157.0
2026-06-19 13:55:00,5032.5,5034.0,5026.0,5032.0,9899.0
2026-06-19 14:00:00,5031.6,5032.7,5017.0,5026.0,16940.0
2026-06-19 14:05:00,5025.5,5032.8,5020.5,5029.1,8632.0
2026-06-19 14:10:00,5028.8,5031.8,5021.1,5024.0,6478.0
2026-06-19 14:15:00,5021.9,5028.5,5010.8,5014.2,17588.0
2026-06-19 14:20:00,5012.0,5020.6,5010.0,5016.4,11841.0
2026-06-19 14:25:00,5014.9,5019.1,5011.5,5011.8,7699.0
2026-06-19 14:30:00,5010.0,5017.0,5010.0,5010.5,8712.0
2026-06-19 14:35:00,5010.5,5035.0,5010.0,5032.9,24881.0
2026-06-19 14:40:00,5031.3,5045.0,5028.0,5035.0,26184.0
2026-06-19 14:45:00,5034.0,5054.9,5028.8,5031.0,40719.0
2026-06-19 14:50:00,5034.0,5034.0,5001.5,5013.7,30273.0
2026-06-19 14:55:00,5012.9,5017.9,5006.0,5015.8,16420.0
2026-06-19 15:00:00,5015.4,5040.0,5012.2,5036.2,25485.0
2026-06-19 15:05:00,5036.0,5045.0,5025.0,5034.5,18966.0
2026-06-19 15:10:00,5035.0,5045.6,5029.8,5041.9,30248.0
2026-06-19 15:15:00,5041.9,5070.0,5041.9,5063.2,64579.0
2026-06-19 15:20:00,5065.0,5089.0,5063.3,5085.2,50616.0
2026-06-19 15:25:00,5088.0,5099.4,5071.6,5075.0,44722.0
2026-06-22 09:15:00,5100.0,5169.9,5100.0,5130.1,120593.0
2026-06-22 09:20:00,5130.3,5134.9,5072.3,5093.5,72144.0
2026-06-22 09:25:00,5093.0,5125.8,5078.6,5124.0,35464.0
2026-06-22 09:30:00,5123.5,5126.1,5095.7,5111.4,28841.0
2026-06-22 09:35:00,5110.7,5127.2,5094.0,5118.0,22215.0
2026-06-22 09:40:00,5117.3,5150.0,5113.0,5128.3,38022.0
2026-06-22 09:45:00,5128.3,5131.9,5105.6,5111.7,16771.0
2026-06-22 09:50:00,5110.0,5130.0,5105.0,5109.0,10883.0
2026-06-22 09:55:00,5107.0,5111.8,5095.8,5097.3,22042.0
2026-06-22 10:00:00,5095.8,5104.9,5095.1,5102.0,8547.0
2026-06-22 10:05:00,5102.0,5105.0,5088.0,5095.0,13933.0
2026-06-22 10:10:00,5097.0,5104.6,5091.6,5103.7,7871.0
2026-06-22 10:15:00,5100.5,5103.0,5092.8,5096.0,7432.0
2026-06-22 10:20:00,5096.0,5122.9,5092.0,5102.3,16475.0
2026-06-22 10:25:00,5103.9,5103.9,5085.1,5089.8,8170.0
2026-06-22 10:30:00,5090.4,5095.5,5079.4,5095.1,13841.0
2026-06-22 10:35:00,5095.5,5097.7,5080.7,5090.0,6844.0
2026-06-22 10:40:00,5088.0,5094.8,5086.0,5094.8,3400.0
2026-06-22 10:45:00,5091.0,5093.7,5083.0,5083.2,4928.0
2026-06-22 10:50:00,5084.0,5089.0,5068.0,5068.0,13430.0
2026-06-22 10:55:00,5068.0,5070.9,5038.0,5048.1,32351.0
2026-06-22 11:00:00,5047.6,5048.7,5012.6,5027.4,32316.0
2026-06-22 11:05:00,5031.4,5047.1,5027.0,5039.4,16952.0
2026-06-22 11:10:00,5039.9,5048.5,5030.5,5047.2,12808.0
2026-06-22 11:15:00,5045.1,5046.9,5039.0,5045.0,4122.0
2026-06-22 11:20:00,5045.0,5080.4,5040.4,5076.7,35626.0
2026-06-22 11:25:00,5076.7,5084.5,5069.0,5081.0,15623.0
2026-06-22 11:30:00,5078.7,5087.9,5069.1,5069.4,9188.0
2026-06-22 11:35:00,5071.8,5091.0,5068.4,5089.1,9698.0
2026-06-22 11:40:00,5089.1,5099.0,5085.7,5089.0,13569.0
2026-06-22 11:45:00,5087.8,5087.8,5076.0,5082.7,9171.0
2026-06-22 11:50:00,5083.9,5095.2,5080.0,5089.3,8210.0
2026-06-22 11:55:00,5089.0,5091.1,5081.5,5084.0,1946.0
2026-06-22 12:00:00,5086.9,5087.0,5080.0,5083.6,2569.0
2026-06-22 12:05:00,5083.8,5085.0,5080.5,5081.6,948.0
2026-06-22 12:10:00,5082.1,5089.7,5080.0,5084.0,6026.0
2026-06-22 12:15:00,5083.0,5084.4,5075.1,5075.1,3286.0
2026-06-22 12:20:00,5076.0,5082.2,5070.4,5080.2,7865.0
2026-06-22 12:25:00,5077.1,5079.6,5076.4,5078.0,679.0
2026-06-22 12:30:00,5078.7,5083.5,5078.0,5078.0,1922.0
2026-06-22 12:35:00,5080.0,5080.0,5073.0,5077.0,1897.0
2026-06-22 12:40:00,5076.3,5092.0,5074.0,5089.8,6365.0
2026-06-22 12:45:00,5089.8,5092.0,5084.1,5088.2,3526.0
2026-06-22 12:50:00,5084.3,5086.3,5079.0,5081.5,2308.0
2026-06-22 12:55:00,5079.4,5084.0,5079.4,5080.8,5508.0
2026-06-22 13:00:00,5083.0,5084.0,5075.5,5079.0,1780.0
2026-06-22 13:05:00,5078.9,5082.0,5076.0,5078.4,2001.0
2026-06-22 13:10:00,5076.1,5080.9,5076.0,5079.2,1381.0
2026-06-22 13:15:00,5079.0,5080.5,5068.3,5075.0,7087.0
2026-06-22 13:20:00,5073.3,5083.4,5071.0,5080.0,4195.0
2026-06-22 13:25:00,5080.0,5080.0,5072.1,5077.0,1491.0
2026-06-22 13:30:00,5077.0,5077.0,5063.0,5068.0,5708.0
2026-06-22 13:35:00,5071.0,5080.0,5071.0,5078.0,4475.0
2026-06-22 13:40:00,5078.0,5082.0,5071.0,5081.5,3432.0
2026-06-22 13:45:00,5081.5,5085.0,5075.4,5078.0,3376.0
2026-06-22 13:50:00,5078.4,5082.0,5075.0,5075.3,2738.0
2026-06-22 13:55:00,5077.0,5079.0,5071.0,5079.0,3416.0
2026-06-22 14:00:00,5076.4,5078.0,5071.5,5074.8,2620.0
2026-06-22 14:05:00,5077.5,5081.9,5071.0,5075.0,3620.0
2026-06-22 14:10:00,5075.9,5081.0,5075.0,5079.5,1694.0
2026-06-22 14:15:00,5080.0,5080.0,5075.0,5075.8,2684.0
2026-06-22 14:20:00,5078.3,5079.0,5075.2,5079.0,1376.0
2026-06-22 14:25:00,5079.0,5085.0,5076.0,5083.2,3272.0
2026-06-22 14:30:00,5083.2,5088.8,5081.7,5087.7,4190.0
2026-06-22 14:35:00,5087.6,5088.0,5080.0,5080.0,4884.0
2026-06-22 14:40:00,5082.7,5094.7,5080.8,5094.6,12223.0
2026-06-22 14:45:00,5094.6,5097.0,5085.0,5090.1,9156.0
2026-06-22 14:50:00,5090.1,5139.3,5086.6,5110.4,48585.0
2026-06-22 14:55:00,5110.0,5115.0,5101.6,5111.0,14384.0
2026-06-22 15:00:00,5113.0,5125.5,5107.0,5124.1,17705.0
2026-06-22 15:05:00,5122.0,5125.0,5100.0,5105.8,19475.0
2026-06-22 15:10:00,5106.0,5122.3,5106.0,5113.8,27166.0
2026-06-22 15:15:00,5113.9,5124.0,5110.4,5115.0,34057.0
2026-06-22 15:20:00,5115.0,5119.9,5087.5,5090.9,41642.0
2026-06-22 15:25:00,5088.2,5105.3,5083.1,5095.0,19471.0
2026-06-23 09:15:00,5110.0,5150.0,5051.1,5133.1,100342.0
2026-06-23 09:20:00,5131.2,5137.0,5091.1,5097.2,45391.0
2026-06-23 09:25:00,5097.2,5097.7,5083.0,5087.3,25564.0
2026-06-23 09:30:00,5086.5,5093.0,5055.0,5057.3,37014.0
2026-06-23 09:35:00,5055.3,5068.1,5041.0,5050.0,38346.0
2026-06-23 09:40:00,5050.0,5060.0,5042.2,5055.0,18032.0
2026-06-23 09:45:00,5055.2,5062.0,5045.0,5045.0,12879.0
2026-06-23 09:50:00,5047.0,5126.9,5041.9,5122.5,76898.0
2026-06-23 09:55:00,5118.9,5121.0,5088.0,5092.3,28821.0
2026-06-23 10:00:00,5093.0,5100.0,5083.0,5089.4,12484.0
2026-06-23 10:05:00,5089.8,5159.0,5086.6,5155.0,72314.0
2026-06-23 10:10:00,5155.0,5175.0,5122.4,5129.8,70689.0
2026-06-23 10:15:00,5128.0,5128.5,5103.0,5113.0,23879.0
2026-06-23 10:20:00,5114.1,5135.0,5103.2,5130.2,21290.0
2026-06-23 10:25:00,5127.3,5135.0,5120.5,5124.2,12527.0
2026-06-23 10:30:00,5125.0,5127.6,5095.0,5107.5,20866.0
2026-06-23 10:35:00,5108.0,5128.0,5108.0,5119.0,13096.0
2026-06-23 10:40:00,5119.0,5120.8,5115.0,5117.4,4582.0
2026-06-23 10:45:00,5112.5,5116.2,5101.0,5105.7,8303.0
2026-06-23 10:50:00,5105.7,5109.4,5093.6,5095.1,7363.0
2026-06-23 10:55:00,5095.6,5101.1,5085.0,5087.9,21771.0
2026-06-23 11:00:00,5085.1,5099.0,5085.0,5093.0,8774.0
2026-06-23 11:05:00,5094.3,5108.1,5090.0,5097.9,7384.0
2026-06-23 11:10:00,5097.1,5097.9,5080.2,5088.5,15466.0
2026-06-23 11:15:00,5087.3,5087.4,5072.0,5080.0,10165.0
2026-06-23 11:20:00,5080.0,5080.8,5070.0,5070.0,6187.0
2026-06-23 11:25:00,5070.9,5077.8,5067.0,5074.2,7544.0
2026-06-23 11:30:00,5073.6,5078.1,5062.7,5064.9,13093.0
2026-06-23 11:35:00,5059.2,5063.0,5052.0,5061.1,12508.0
2026-06-23 11:40:00,5061.6,5064.6,5046.2,5047.0,10637.0
2026-06-23 11:45:00,5047.0,5048.9,5020.7,5024.6,27247.0
2026-06-23 11:50:00,5023.0,5036.0,5020.0,5027.4,12339.0
2026-06-23 11:55:00,5025.0,5028.5,5007.0,5017.6,20436.0
2026-06-23 12:00:00,5016.6,5023.6,5004.0,5010.8,17376.0
2026-06-23 12:05:00,5010.8,5014.0,4972.1,4981.8,50069.0
2026-06-23 12:10:00,4981.8,4993.5,4975.0,4987.0,18090.0
2026-06-23 12:15:00,4987.0,4989.0,4975.0,4983.0,10937.0
2026-06-23 12:20:00,4982.9,4986.0,4961.0,4972.8,15912.0
2026-06-23 12:25:00,4970.0,5009.1,4970.0,5009.1,24731.0
2026-06-23 12:30:00,5007.8,5007.8,4964.6,4965.0,29571.0
2026-06-23 12:35:00,4964.0,4966.5,4950.0,4959.0,30805.0
2026-06-23 12:40:00,4959.0,4963.5,4945.0,4959.8,18088.0
2026-06-23 12:45:00,4960.0,4964.3,4951.1,4955.0,6726.0
2026-06-23 12:50:00,4956.9,4959.5,4952.0,4954.0,4234.0
2026-06-23 12:55:00,4954.9,4962.7,4952.1,4959.1,5738.0
2026-06-23 13:00:00,4957.0,4958.5,4940.0,4955.8,12688.0
2026-06-23 13:05:00,4955.3,4968.4,4955.3,4965.0,6610.0
2026-06-23 13:10:00,4965.0,4968.5,4952.0,4952.2,8751.0
2026-06-23 13:15:00,4952.0,4952.2,4935.0,4939.8,14269.0
2026-06-23 13:20:00,4938.0,4944.9,4922.1,4931.1,21304.0
2026-06-23 13:25:00,4933.7,4933.7,4920.1,4926.0,15615.0
2026-06-23 13:30:00,4926.0,4928.8,4912.0,4920.0,14406.0
2026-06-23 13:35:00,4921.5,4930.0,4917.7,4922.1,10667.0
2026-06-23 13:40:00,4925.0,4925.0,4910.2,4921.1,12108.0
2026-06-23 13:45:00,4920.0,4925.0,4916.1,4922.8,5412.0
2026-06-23 13:50:00,4922.6,4922.6,4910.0,4917.7,12657.0
2026-06-23 13:55:00,4917.4,4918.6,4912.5,4918.6,7561.0
2026-06-23 14:00:00,4918.6,4925.0,4915.4,4922.0,5149.0
2026-06-23 14:05:00,4923.0,4925.0,4911.0,4912.0,11308.0
2026-06-23 14:10:00,4912.1,4939.0,4912.0,4939.0,18061.0
2026-06-23 14:15:00,4939.0,4950.0,4931.1,4945.9,25062.0
2026-06-23 14:20:00,4945.9,4958.0,4936.7,4958.0,12248.0
2026-06-23 14:25:00,4960.0,4964.5,4951.0,4964.0,24251.0
2026-06-23 14:30:00,4964.4,4974.5,4948.0,4965.8,22934.0
2026-06-23 14:35:00,4965.8,4967.4,4945.1,4956.0,13023.0
2026-06-23 14:40:00,4956.0,4969.9,4940.0,4960.0,15405.0
2026-06-23 14:45:00,4960.3,4963.7,4948.0,4951.0,8326.0
2026-06-23 14:50:00,4950.0,4951.5,4942.0,4945.9,5014.0
2026-06-23 14:55:00,4944.6,4955.8,4944.6,4952.7,8734.0
2026-06-23 15:00:00,4954.5,4954.5,4925.4,4928.7,20245.0
2026-06-23 15:05:00,4925.8,4932.0,4925.8,4927.5,18408.0
2026-06-23 15:10:00,4929.0,4929.0,4901.0,4904.2,36490.0
2026-06-23 15:15:00,4904.8,4942.3,4901.7,4938.0,63293.0
2026-06-23 15:20:00,4938.0,4942.6,4915.0,4921.1,40182.0
2026-06-23 15:25:00,4921.1,4951.9,4919.3,4946.0,40549.0
2026-06-24 09:15:00,4930.0,5039.9,4930.0,4988.8,120237.0
2026-06-24 09:20:00,4988.8,5019.7,4988.8,4995.0,40594.0
2026-06-24 09:25:00,4993.3,5014.9,4990.6,5009.6,20483.0
2026-06-24 09:30:00,5012.7,5026.9,5005.0,5016.5,30318.0
2026-06-24 09:35:00,5018.2,5024.0,5001.0,5011.0,18837.0
2026-06-24 09:40:00,5008.8,5030.0,5007.5,5015.0,29715.0
2026-06-24 09:45:00,5013.8,5019.0,4973.3,4975.0,37713.0
2026-06-24 09:50:00,4975.3,4985.4,4965.8,4985.0,32047.0
2026-06-24 09:55:00,4984.0,4995.0,4983.7,4988.0,10204.0
2026-06-24 10:00:00,4989.0,5010.0,4987.5,4998.5,13183.0
2026-06-24 10:05:00,4996.6,5028.0,4995.1,5012.9,24855.0
2026-06-24 10:10:00,5015.7,5015.9,5005.3,5011.4,7186.0
2026-06-24 10:15:00,5011.3,5014.0,5000.8,5001.6,6804.0
2026-06-24 10:20:00,5003.9,5015.5,4996.0,5009.2,8445.0
2026-06-24 10:25:00,5010.1,5018.0,5000.0,5001.0,8818.0
2026-06-24 10:30:00,5002.0,5024.7,4988.5,4996.8,22459.0
2026-06-24 10:35:00,4996.0,5004.4,4991.5,5000.2,8419.0
2026-06-24 10:40:00,5002.0,5009.6,5000.2,5001.6,4952.0
2026-06-24 10:45:00,5001.6,5007.5,5000.0,5003.0,2284.0
2026-06-24 10:50:00,5003.0,5012.6,5001.0,5001.2,6204.0
2026-06-24 10:55:00,5002.9,5010.0,4999.0,5002.3,6837.0
2026-06-24 11:00:00,5002.3,5005.4,4996.1,5004.8,7795.0
2026-06-24 11:05:00,5004.9,5014.7,5002.0,5004.5,6551.0
2026-06-24 11:10:00,5004.7,5083.9,5001.4,5052.5,68170.0
2026-06-24 11:15:00,5051.2,5063.9,5037.3,5061.0,32810.0
2026-06-24 11:20:00,5062.0,5062.0,5039.2,5045.0,16637.0
2026-06-24 11:25:00,5044.9,5046.0,5030.9,5045.0,14249.0
2026-06-24 11:30:00,5043.2,5066.0,5042.1,5064.0,21160.0
2026-06-24 11:35:00,5065.0,5080.0,5057.9,5080.0,20684.0
2026-06-24 11:40:00,5077.8,5077.8,5059.0,5070.0,12527.0
2026-06-24 11:45:00,5071.0,5071.9,5059.0,5060.8,8025.0
2026-06-24 11:50:00,5062.7,5068.0,5058.1,5058.1,6849.0
2026-06-24 11:55:00,5058.1,5062.0,5058.0,5058.0,3279.0
2026-06-24 12:00:00,5058.0,5069.3,5058.0,5069.0,8581.0
2026-06-24 12:05:00,5068.0,5068.2,5060.0,5060.0,11199.0
2026-06-24 12:10:00,5061.1,5063.8,5051.3,5052.0,7422.0
2026-06-24 12:15:00,5051.4,5059.5,5048.0,5048.4,11585.0
2026-06-24 12:20:00,5048.3,5060.0,5047.3,5058.0,5973.0
2026-06-24 12:25:00,5056.8,5057.5,5045.1,5047.0,5651.0
2026-06-24 12:30:00,5046.1,5049.0,5038.5,5039.0,14603.0
2026-06-24 12:35:00,5037.0,5049.0,5036.7,5045.4,4393.0
2026-06-24 12:40:00,5045.1,5050.0,5037.4,5048.5,5556.0
2026-06-24 12:45:00,5047.5,5050.0,5037.6,5037.6,3855.0
2026-06-24 12:50:00,5036.1,5038.2,5030.1,5032.1,6481.0
2026-06-24 12:55:00,5031.5,5037.8,5027.1,5031.3,5713.0
2026-06-24 13:00:00,5030.0,5036.0,5030.0,5033.2,2112.0
2026-06-24 13:05:00,5034.5,5040.4,5030.2,5040.4,3520.0
2026-06-24 13:10:00,5040.4,5045.0,5038.0,5044.8,5743.0
2026-06-24 13:15:00,5045.0,5058.0,5043.6,5047.1,9980.0
2026-06-24 13:20:00,5050.0,5050.0,5045.0,5050.0,2460.0
2026-06-24 13:25:00,5050.0,5054.8,5047.6,5053.2,2571.0
2026-06-24 13:30:00,5052.0,5059.3,5051.5,5057.0,5571.0
2026-06-24 13:35:00,5057.0,5059.3,5040.1,5041.6,8326.0
2026-06-24 13:40:00,5041.8,5044.5,5038.9,5042.4,3394.0
2026-06-24 13:45:00,5042.9,5043.0,5036.1,5037.9,1969.0
2026-06-24 13:50:00,5035.9,5042.1,5035.0,5038.8,2568.0
2026-06-24 13:55:00,5038.0,5043.0,5036.6,5041.0,2910.0
2026-06-24 14:00:00,5041.0,5046.0,5040.0,5046.0,1550.0
2026-06-24 14:05:00,5046.2,5054.7,5043.6,5054.7,4537.0
2026-06-24 14:10:00,5054.0,5055.0,5047.5,5047.5,2698.0
2026-06-24 14:15:00,5046.6,5053.8,5046.0,5052.0,3073.0
2026-06-24 14:20:00,5053.5,5053.5,5041.0,5046.4,3891.0
2026-06-24 14:25:00,5046.7,5053.0,5043.5,5052.0,3483.0
2026-06-24 14:30:00,5052.0,5067.4,5050.7,5061.0,16295.0
2026-06-24 14:35:00,5061.2,5065.0,5061.1,5062.8,4016.0
2026-06-24 14:40:00,5062.4,5069.7,5055.7,5066.9,11928.0
2026-06-24 14:45:00,5064.9,5082.3,5057.1,5076.1,25537.0
2026-06-24 14:50:00,5078.1,5088.5,5075.0,5081.8,23645.0
2026-06-24 14:55:00,5081.0,5084.0,5071.3,5077.8,11187.0
2026-06-24 15:00:00,5077.4,5099.0,5070.1,5080.0,32718.0
2026-06-24 15:05:00,5081.6,5085.0,5074.0,5082.4,12176.0
2026-06-24 15:10:00,5082.3,5084.4,5066.0,5071.8,21997.0
2026-06-24 15:15:00,5069.0,5083.1,5069.0,5078.8,30129.0
2026-06-24 15:20:00,5075.3,5076.0,5051.5,5060.0,37577.0
2026-06-24 15:25:00,5060.0,5076.2,5055.0,5069.9,30666.0
2026-06-25 09:15:00,5130.0,5149.0,5057.3,5070.0,125561.0
2026-06-25 09:20:00,5069.5,5084.8,5034.0,5049.0,86397.0
2026-06-25 09:25:00,5047.0,5060.0,5035.0,5057.5,36385.0
2026-06-25 09:30:00,5056.4,5056.7,5010.0,5018.1,53527.0
2026-06-25 09:35:00,5015.4,5016.4,4988.8,5010.0,44422.0
2026-06-25 09:40:00,5010.0,5013.0,5000.0,5004.2,13454.0
2026-06-25 09:45:00,5004.1,5005.0,4980.0,4990.0,38914.0
2026-06-25 09:50:00,4991.9,5023.0,4991.9,5018.7,30928.0
2026-06-25 09:55:00,5022.0,5040.0,5011.1,5037.0,36805.0
2026-06-25 10:00:00,5037.0,5037.2,5007.4,5028.5,20930.0
2026-06-25 10:05:00,5027.8,5034.7,5018.8,5033.3,11833.0
2026-06-25 10:10:00,5032.0,5043.1,5025.1,5036.2,13070.0
2026-06-25 10:15:00,5036.3,5061.3,5035.0,5045.0,30130.0
2026-06-25 10:20:00,5044.0,5050.0,5035.0,5038.5,11715.0
2026-06-25 10:25:00,5040.2,5042.5,5016.0,5021.9,19565.0
2026-06-25 10:30:00,5021.9,5038.0,5016.0,5035.5,7791.0
2026-06-25 10:35:00,5037.4,5064.9,5034.2,5045.0,27289.0
2026-06-25 10:40:00,5045.0,5048.9,5038.6,5041.8,5608.0
2026-06-25 10:45:00,5042.0,5044.0,5035.0,5044.0,6499.0
2026-06-25 10:50:00,5042.1,5047.5,5027.9,5031.1,6041.0
2026-06-25 10:55:00,5033.5,5044.0,5030.5,5038.6,6454.0
2026-06-25 11:00:00,5036.5,5045.0,5032.0,5041.1,5220.0
2026-06-25 11:05:00,5041.0,5042.4,5031.7,5031.7,2546.0
2026-06-25 11:10:00,5032.0,5036.9,5030.0,5030.0,5738.0
2026-06-25 11:15:00,5030.9,5040.0,5028.0,5035.8,7177.0
2026-06-25 11:20:00,5035.0,5037.7,5020.1,5026.5,5857.0
2026-06-25 11:25:00,5025.3,5028.5,5020.0,5020.0,4793.0
2026-06-25 11:30:00,5021.0,5027.0,5015.0,5026.1,7177.0
2026-06-25 11:35:00,5025.0,5027.0,5020.0,5023.0,2820.0
2026-06-25 11:40:00,5023.0,5034.7,5020.4,5032.9,5763.0
2026-06-25 11:45:00,5033.4,5040.3,5028.6,5032.1,5911.0
2026-06-25 11:50:00,5032.0,5034.0,5010.2,5020.1,7858.0
2026-06-25 11:55:00,5019.1,5023.0,5016.0,5019.3,6206.0
2026-06-25 12:00:00,5021.0,5023.0,5011.8,5018.0,5827.0
2026-06-25 12:05:00,5019.1,5021.9,5004.3,5009.0,10537.0
2026-06-25 12:10:00,5009.0,5010.0,4996.0,5003.4,18242.0
2026-06-25 12:15:00,5002.6,5002.6,4990.0,4998.0,11186.0
2026-06-25 12:20:00,4998.0,5002.7,4990.0,4996.0,7285.0
2026-06-25 12:25:00,4997.9,5010.0,4997.9,5010.0,6149.0
2026-06-25 12:30:00,5010.0,5019.3,5006.2,5016.0,6534.0
2026-06-25 12:35:00,5016.0,5021.8,5012.5,5015.0,5019.0
2026-06-25 12:40:00,5015.0,5015.3,5007.4,5011.2,3953.0
2026-06-25 12:45:00,5011.1,5012.8,5008.2,5011.4,3686.0
2026-06-25 12:50:00,5011.9,5020.0,5009.0,5018.1,4620.0
2026-06-25 12:55:00,5019.9,5020.0,5010.0,5014.4,2539.0
2026-06-25 13:00:00,5013.3,5023.0,5009.6,5017.5,7570.0
2026-06-25 13:05:00,5018.1,5018.9,5012.4,5013.5,2932.0
2026-06-25 13:10:00,5015.6,5020.0,5013.0,5016.6,2266.0
2026-06-25 13:15:00,5017.2,5019.9,5002.9,5002.9,9468.0
2026-06-25 13:20:00,5007.4,5009.0,5002.3,5005.9,3802.0
2026-06-25 13:25:00,5005.9,5007.9,5003.0,5004.6,1872.0
2026-06-25 13:30:00,5007.2,5007.7,5000.1,5002.2,3023.0
2026-06-25 13:35:00,5002.2,5010.6,5000.1,5006.4,4021.0
2026-06-25 13:40:00,5006.9,5010.0,5001.7,5006.8,3152.0
2026-06-25 13:45:00,5006.0,5007.7,5001.0,5003.0,4041.0
2026-06-25 13:50:00,5003.0,5004.2,5001.0,5001.9,1405.0
2026-06-25 13:55:00,5002.0,5003.3,4995.1,4995.1,4914.0
2026-06-25 14:00:00,4996.7,4997.0,4991.3,4996.5,4283.0
2026-06-25 14:05:00,4996.4,4997.6,4991.1,4991.1,3124.0
2026-06-25 14:10:00,4992.9,4992.9,4970.0,4983.8,22442.0
2026-06-25 14:15:00,4983.7,4984.3,4970.0,4977.0,11962.0
2026-06-25 14:20:00,4977.0,4983.8,4964.1,4970.0,21792.0
2026-06-25 14:25:00,4969.0,4983.7,4964.1,4982.6,11218.0
2026-06-25 14:30:00,4983.5,4984.9,4975.0,4977.4,6989.0
2026-06-25 14:35:00,4976.0,5000.0,4976.0,4999.8,39861.0
2026-06-25 14:40:00,4979.8,4982.1,4955.0,4967.5,23527.0
2026-06-25 14:45:00,4965.0,4967.9,4955.0,4958.4,10113.0
2026-06-25 14:50:00,4958.8,4968.1,4954.0,4963.8,10384.0
2026-06-25 14:55:00,4964.3,4967.0,4955.0,4959.5,7469.0
2026-06-25 15:00:00,4959.9,4959.9,4950.0,4955.0,12647.0
2026-06-25 15:05:00,4956.0,4956.0,4931.0,4940.0,42482.0
2026-06-25 15:10:00,4940.0,4946.0,4939.3,4942.0,14817.0
2026-06-25 15:15:00,4942.4,4959.0,4941.9,4944.9,41279.0
2026-06-25 15:20:00,4945.8,4945.8,4930.1,4936.5,33132.0
2026-06-25 15:25:00,4936.9,4954.0,4930.0,4952.0,31384.0
2026-06-29 09:15:00,4900.0,4940.0,4712.0,4718.4,170538.0
2026-06-29 09:20:00,4714.8,4720.4,4612.3,4620.0,190929.0
2026-06-29 09:25:00,4620.0,4676.9,4561.9,4670.6,170543.0
2026-06-29 09:30:00,4670.0,4688.3,4585.0,4589.8,128064.0
2026-06-29 09:35:00,4587.3,4619.7,4585.0,4609.0,82534.0
2026-06-29 09:40:00,4609.0,4619.9,4591.0,4601.4,46977.0
2026-06-29 09:45:00,4603.0,4604.6,4575.0,4590.1,71020.0
2026-06-29 09:50:00,4588.3,4605.0,4586.1,4595.8,28373.0
2026-06-29 09:55:00,4596.0,4604.0,4571.8,4579.0,46009.0
2026-06-29 10:00:00,4578.3,4610.0,4574.5,4597.0,37648.0
2026-06-29 10:05:00,4597.0,4606.0,4590.0,4600.1,24086.0
2026-06-29 10:10:00,4601.8,4604.0,4580.1,4581.4,29004.0
2026-06-29 10:15:00,4580.1,4585.0,4561.0,4567.9,52741.0
2026-06-29 10:20:00,4565.2,4580.0,4562.8,4568.0,33215.0
2026-06-29 10:25:00,4570.0,4584.2,4568.5,4571.0,24574.0
2026-06-29 10:30:00,4571.0,4590.0,4570.1,4582.1,16822.0
2026-06-29 10:35:00,4579.3,4580.9,4551.5,4565.1,54906.0
2026-06-29 10:40:00,4565.1,4571.5,4563.0,4566.7,14841.0
2026-06-29 10:45:00,4564.2,4565.8,4542.0,4549.0,41163.0
2026-06-29 10:50:00,4545.0,4562.2,4530.0,4562.0,40616.0
2026-06-29 10:55:00,4560.1,4563.5,4551.0,4557.0,13120.0
2026-06-29 11:00:00,4557.1,4560.5,4549.2,4555.6,12607.0
2026-06-29 11:05:00,4557.9,4557.9,4548.0,4552.0,10321.0
2026-06-29 11:10:00,4552.4,4559.0,4542.0,4548.8,15603.0
2026-06-29 11:15:00,4548.0,4548.8,4536.9,4545.6,12345.0
2026-06-29 11:20:00,4547.0,4556.6,4540.3,4546.5,10376.0
2026-06-29 11:25:00,4546.4,4546.4,4540.0,4542.8,8220.0
2026-06-29 11:30:00,4542.8,4565.0,4541.6,4561.8,21372.0
2026-06-29 11:35:00,4561.7,4570.0,4560.0,4562.3,24558.0
2026-06-29 11:40:00,4562.8,4564.9,4545.0,4550.8,11601.0
2026-06-29 11:45:00,4551.5,4560.0,4545.0,4551.8,11670.0
2026-06-29 11:50:00,4551.8,4557.3,4544.2,4553.0,11018.0
2026-06-29 11:55:00,4553.0,4559.0,4550.8,4556.1,6690.0
2026-06-29 12:00:00,4556.1,4556.7,4544.8,4552.0,11568.0
2026-06-29 12:05:00,4552.1,4552.2,4460.1,4499.6,153320.0
2026-06-29 12:10:00,4496.8,4501.0,4472.2,4488.6,41281.0
2026-06-29 12:15:00,4485.0,4489.9,4475.0,4476.9,32758.0
2026-06-29 12:20:00,4476.8,4491.9,4468.2,4468.2,35744.0
2026-06-29 12:25:00,4468.2,4477.5,4466.4,4469.8,25652.0
2026-06-29 12:30:00,4469.8,4478.7,4464.0,4473.1,15976.0
2026-06-29 12:35:00,4474.0,4480.1,4463.4,4470.0,22965.0
2026-06-29 12:40:00,4470.0,4481.9,4465.6,4481.0,16139.0
2026-06-29 12:45:00,4479.1,4483.6,4470.3,4470.5,14077.0
2026-06-29 12:50:00,4471.7,4474.2,4465.0,4469.7,11331.0
2026-06-29 12:55:00,4470.0,4471.0,4451.0,4458.0,46452.0
2026-06-29 13:00:00,4457.8,4464.5,4455.0,4464.0,12772.0
2026-06-29 13:05:00,4464.0,4471.9,4457.0,4471.9,15520.0
2026-06-29 13:10:00,4471.9,4471.9,4460.0,4468.9,13684.0
2026-06-29 13:15:00,4469.0,4475.0,4461.2,4470.0,15570.0
2026-06-29 13:20:00,4470.0,4473.0,4468.0,4472.5,8650.0
2026-06-29 13:25:00,4472.5,4478.4,4464.1,4466.1,20197.0
2026-06-29 13:30:00,4465.5,4470.9,4461.0,4470.2,10228.0
2026-06-29 13:35:00,4470.1,4470.1,4462.0,4468.2,8813.0
2026-06-29 13:40:00,4467.0,4470.0,4463.3,4465.5,10975.0
2026-06-29 13:45:00,4463.2,4469.0,4460.0,4466.5,8879.0
2026-06-29 13:50:00,4467.0,4468.0,4458.2,4463.0,9815.0
2026-06-29 13:55:00,4462.5,4468.0,4460.1,4467.0,8840.0
2026-06-29 14:00:00,4466.9,4476.7,4460.0,4466.7,20315.0
2026-06-29 14:05:00,4466.0,4466.5,4439.0,4444.2,37585.0
2026-06-29 14:10:00,4444.2,4445.1,4423.5,4433.4,50894.0
2026-06-29 14:15:00,4433.4,4440.0,4430.4,4436.7,20862.0
2026-06-29 14:20:00,4433.0,4440.0,4430.1,4433.0,19482.0
2026-06-29 14:25:00,4433.0,4442.0,4433.0,4438.0,17425.0
2026-06-29 14:30:00,4438.0,4438.8,4430.0,4432.0,18760.0
2026-06-29 14:35:00,4430.1,4439.9,4425.1,4438.9,26732.0
2026-06-29 14:40:00,4437.1,4438.4,4420.1,4423.0,33220.0
2026-06-29 14:45:00,4423.0,4429.6,4404.0,4407.0,69432.0
2026-06-29 14:50:00,4405.8,4407.0,4386.0,4389.0,76146.0
2026-06-29 14:55:00,4389.0,4404.9,4387.3,4404.0,55127.0
2026-06-29 15:00:00,4404.0,4424.9,4394.8,4423.5,82683.0
2026-06-29 15:05:00,4423.0,4464.0,4421.9,4448.5,120115.0
2026-06-29 15:10:00,4449.0,4475.2,4448.2,4475.2,70154.0
2026-06-29 15:15:00,4477.5,4488.6,4471.0,4472.6,96494.0
2026-06-29 15:20:00,4476.0,4481.7,4454.5,4465.0,87478.0
2026-06-29 15:25:00,4464.1,4484.0,4450.2,4484.0,53101.0
2026-06-30 09:15:00,4500.0,4579.0,4489.5,4532.1,231084.0
2026-06-30 09:20:00,4531.5,4544.0,4475.0,4487.7,133978.0
2026-06-30 09:25:00,4487.6,4515.0,4475.3,4498.1,60533.0
2026-06-30 09:30:00,4498.3,4511.8,4455.0,4507.9,97825.0
2026-06-30 09:35:00,4505.8,4523.7,4499.7,4515.8,61969.0
2026-06-30 09:40:00,4519.6,4588.0,4512.6,4532.9,119037.0
2026-06-30 09:45:00,4531.0,4535.2,4504.0,4507.4,42206.0
2026-06-30 09:50:00,4507.5,4516.0,4490.7,4491.8,40497.0
2026-06-30 09:55:00,4493.0,4511.0,4489.0,4507.6,24685.0
2026-06-30 10:00:00,4508.3,4517.0,4502.0,4514.0,22841.0
2026-06-30 10:05:00,4514.0,4515.9,4493.2,4505.1,20889.0
2026-06-30 10:10:00,4503.0,4520.0,4501.6,4508.0,13389.0
2026-06-30 10:15:00,4507.9,4513.8,4498.8,4499.0,11768.0
2026-06-30 10:20:00,4499.0,4500.6,4480.1,4499.7,29095.0
2026-06-30 10:25:00,4499.7,4527.5,4493.4,4524.3,29994.0
2026-06-30 10:30:00,4525.6,4544.2,4501.5,4509.7,54609.0
2026-06-30 10:35:00,4509.8,4509.8,4496.0,4500.0,17659.0
2026-06-30 10:40:00,4500.0,4508.5,4495.0,4508.5,8156.0
2026-06-30 10:45:00,4510.0,4510.0,4497.0,4506.4,7055.0
2026-06-30 10:50:00,4508.0,4510.0,4488.4,4491.1,16519.0
2026-06-30 10:55:00,4493.0,4498.3,4490.0,4490.1,9758.0
2026-06-30 11:00:00,4490.0,4502.0,4490.0,4498.8,11462.0
2026-06-30 11:05:00,4501.4,4501.7,4476.0,4485.0,19558.0
2026-06-30 11:10:00,4485.0,4494.3,4481.0,4489.8,9811.0
2026-06-30 11:15:00,4489.0,4490.4,4474.6,4474.6,15838.0
2026-06-30 11:20:00,4473.2,4494.0,4473.2,4492.0,13976.0
2026-06-30 11:25:00,4492.0,4505.0,4490.0,4498.0,17362.0
2026-06-30 11:30:00,4498.5,4500.0,4481.6,4490.6,6963.0
2026-06-30 11:35:00,4490.8,4491.6,4481.0,4488.8,5430.0
2026-06-30 11:40:00,4488.8,4493.0,4481.5,4489.0,6680.0
2026-06-30 11:45:00,4488.5,4489.9,4485.0,4485.1,3117.0
2026-06-30 11:50:00,4484.6,4487.2,4482.3,4485.7,4873.0
2026-06-30 11:55:00,4485.9,4492.0,4481.4,4490.3,8570.0
2026-06-30 12:00:00,4492.0,4496.0,4487.0,4493.0,7302.0
2026-06-30 12:05:00,4493.0,4493.4,4480.7,4487.1,7505.0
2026-06-30 12:10:00,4487.1,4490.3,4478.0,4478.3,5519.0
2026-06-30 12:15:00,4481.0,4484.0,4470.6,4477.7,11167.0
2026-06-30 12:20:00,4477.2,4487.8,4476.0,4485.9,4757.0
2026-06-30 12:25:00,4485.0,4499.0,4481.5,4497.9,8502.0
2026-06-30 12:30:00,4497.0,4499.0,4486.0,4487.7,3569.0
2026-06-30 12:35:00,4486.1,4495.0,4485.9,4491.2,4193.0
2026-06-30 12:40:00,4491.3,4496.8,4489.0,4495.9,5374.0
2026-06-30 12:45:00,4495.7,4510.0,4495.0,4504.7,21120.0
2026-06-30 12:50:00,4507.0,4508.0,4503.5,4505.9,4570.0
2026-06-30 12:55:00,4508.0,4533.1,4505.0,4524.7,33677.0
2026-06-30 13:00:00,4524.8,4540.0,4521.3,4532.9,29780.0
2026-06-30 13:05:00,4533.3,4564.0,4530.0,4543.9,60142.0
2026-06-30 13:10:00,4545.0,4547.8,4526.1,4546.6,23998.0
2026-06-30 13:15:00,4547.0,4548.2,4526.0,4533.8,10361.0
2026-06-30 13:20:00,4534.3,4556.0,4527.0,4544.1,21590.0
2026-06-30 13:25:00,4544.1,4578.0,4544.1,4560.4,45357.0
2026-06-30 13:30:00,4562.0,4564.0,4553.2,4553.2,16814.0
2026-06-30 13:35:00,4553.7,4554.0,4545.0,4547.0,13945.0
2026-06-30 13:40:00,4547.1,4572.4,4546.6,4562.6,29554.0
2026-06-30 13:45:00,4563.8,4565.0,4550.0,4550.5,9323.0
2026-06-30 13:50:00,4553.2,4553.2,4541.0,4542.0,16311.0
2026-06-30 13:55:00,4542.0,4545.6,4536.0,4542.4,12719.0
2026-06-30 14:00:00,4541.5,4545.2,4533.0,4538.0,7991.0
2026-06-30 14:05:00,4537.0,4545.5,4532.2,4541.9,7751.0
2026-06-30 14:10:00,4541.9,4541.9,4528.1,4534.0,8798.0
2026-06-30 14:15:00,4534.0,4535.7,4521.1,4529.9,11849.0
2026-06-30 14:20:00,4528.3,4542.0,4523.8,4540.1,14654.0
2026-06-30 14:25:00,4541.9,4549.9,4539.2,4541.8,18598.0
2026-06-30 14:30:00,4541.8,4542.0,4534.7,4535.2,3238.0
2026-06-30 14:35:00,4537.9,4537.9,4526.0,4527.2,6607.0
2026-06-30 14:40:00,4527.1,4535.4,4527.1,4532.2,8125.0
2026-06-30 14:45:00,4532.2,4539.6,4522.0,4538.6,10075.0
2026-06-30 14:50:00,4538.6,4548.0,4536.2,4541.7,14270.0
2026-06-30 14:55:00,4541.8,4546.0,4535.6,4542.2,14635.0
2026-06-30 15:00:00,4543.8,4549.9,4530.0,4546.6,18111.0
2026-06-30 15:05:00,4547.0,4565.0,4546.6,4551.2,41680.0
2026-06-30 15:10:00,4551.0,4559.0,4536.2,4538.6,23309.0
2026-06-30 15:15:00,4541.0,4548.7,4530.0,4531.3,41050.0
2026-06-30 15:20:00,4531.5,4534.9,4514.0,4519.7,39282.0
2026-06-30 15:25:00,4519.8,4539.0,4511.1,4536.0,27264.0
2026-07-01 09:15:00,4558.0,4603.6,4528.0,4588.1,101129.0
2026-07-01 09:20:00,4588.6,4618.7,4581.5,4587.8,75400.0
2026-07-01 09:25:00,4589.7,4596.6,4572.0,4579.3,33914.0
2026-07-01 09:30:00,4578.0,4595.4,4556.4,4585.5,46988.0
2026-07-01 09:35:00,4585.0,4594.1,4581.1,4590.0,16532.0
2026-07-01 09:40:00,4590.0,4596.0,4571.0,4575.5,14444.0
2026-07-01 09:45:00,4578.1,4623.1,4577.4,4604.7,44335.0
2026-07-01 09:50:00,4600.2,4609.0,4598.0,4605.7,14822.0
2026-07-01 09:55:00,4605.2,4607.0,4580.0,4584.0,19223.0
2026-07-01 10:00:00,4582.2,4588.8,4578.0,4585.0,9925.0
2026-07-01 10:05:00,4585.0,4588.5,4575.0,4584.0,10696.0
2026-07-01 10:10:00,4584.0,4590.1,4583.0,4586.7,5436.0
2026-07-01 10:15:00,4586.9,4597.6,4575.5,4595.2,12990.0
2026-07-01 10:20:00,4595.7,4600.0,4592.0,4600.0,6510.0
2026-07-01 10:25:00,4599.0,4599.9,4590.0,4592.5,6634.0
2026-07-01 10:30:00,4591.7,4595.0,4590.0,4590.9,3622.0
2026-07-01 10:35:00,4591.4,4592.1,4576.0,4576.0,9874.0
2026-07-01 10:40:00,4576.1,4584.0,4565.2,4568.0,12898.0
2026-07-01 10:45:00,4566.0,4575.8,4560.0,4573.4,11169.0
2026-07-01 10:50:00,4573.3,4582.0,4572.0,4581.0,4704.0
2026-07-01 10:55:00,4581.0,4581.6,4570.0,4571.6,6167.0
2026-07-01 11:00:00,4572.2,4577.0,4568.0,4568.0,4108.0
2026-07-01 11:05:00,4568.0,4569.7,4561.0,4562.5,8422.0
2026-07-01 11:10:00,4562.8,4567.2,4552.7,4556.3,13199.0
2026-07-01 11:15:00,4556.8,4558.0,4543.1,4550.7,14153.0
2026-07-01 11:20:00,4549.9,4550.0,4538.2,4543.0,17292.0
2026-07-01 11:25:00,4543.0,4544.4,4530.8,4533.0,10915.0
2026-07-01 11:30:00,4533.0,4537.9,4509.0,4510.0,27568.0
2026-07-01 11:35:00,4509.0,4535.1,4502.7,4528.8,33970.0
2026-07-01 11:40:00,4529.0,4548.5,4528.1,4538.6,17579.0
2026-07-01 11:45:00,4538.0,4563.8,4536.0,4557.9,18941.0
2026-07-01 11:50:00,4557.9,4574.2,4556.0,4563.0,21972.0
2026-07-01 11:55:00,4563.0,4575.9,4557.2,4575.0,15635.0
2026-07-01 12:00:00,4576.0,4585.6,4572.6,4581.3,25764.0
2026-07-01 12:05:00,4583.6,4585.0,4565.4,4569.4,15858.0
2026-07-01 12:10:00,4570.8,4570.9,4553.7,4564.0,11129.0
2026-07-01 12:15:00,4564.0,4565.9,4550.7,4552.8,7691.0
2026-07-01 12:20:00,4551.3,4552.8,4542.1,4551.2,13009.0
2026-07-01 12:25:00,4551.9,4559.0,4550.0,4551.0,7962.0
2026-07-01 12:30:00,4551.4,4559.0,4551.1,4551.3,4480.0
2026-07-01 12:35:00,4551.0,4568.0,4545.4,4561.0,8517.0
2026-07-01 12:40:00,4561.0,4564.0,4556.2,4558.0,4048.0
2026-07-01 12:45:00,4558.5,4560.9,4554.2,4557.2,3406.0
2026-07-01 12:50:00,4555.5,4559.8,4552.1,4556.0,2492.0
2026-07-01 12:55:00,4555.4,4556.0,4545.0,4547.7,4942.0
2026-07-01 13:00:00,4548.0,4551.5,4538.6,4549.4,7566.0
2026-07-01 13:05:00,4549.0,4554.3,4545.3,4545.3,2206.0
2026-07-01 13:10:00,4545.8,4545.9,4536.5,4539.1,3342.0
2026-07-01 13:15:00,4539.1,4544.0,4533.1,4540.0,6397.0
2026-07-01 13:20:00,4540.0,4543.8,4535.9,4543.3,4585.0
2026-07-01 13:25:00,4543.2,4543.7,4536.2,4540.1,3532.0
2026-07-01 13:30:00,4541.0,4543.4,4538.0,4538.0,2051.0
2026-07-01 13:35:00,4538.5,4547.9,4537.7,4544.5,4955.0
2026-07-01 13:40:00,4544.3,4544.3,4530.7,4533.9,3651.0
2026-07-01 13:45:00,4533.9,4537.8,4530.7,4534.7,2621.0
2026-07-01 13:50:00,4534.6,4536.0,4532.6,4532.6,1305.0
2026-07-01 13:55:00,4533.1,4533.1,4525.1,4527.4,8227.0
2026-07-01 14:00:00,4526.8,4531.7,4526.8,4530.0,1941.0
2026-07-01 14:05:00,4532.0,4539.7,4530.0,4539.4,4904.0
2026-07-01 14:10:00,4539.8,4540.0,4535.0,4535.0,4387.0
2026-07-01 14:15:00,4536.0,4536.0,4532.0,4535.0,2054.0
2026-07-01 14:20:00,4535.0,4538.0,4531.6,4537.0,2841.0
2026-07-01 14:25:00,4537.0,4537.2,4514.8,4516.0,12421.0
2026-07-01 14:30:00,4516.9,4525.0,4515.0,4522.9,5767.0
2026-07-01 14:35:00,4523.0,4524.8,4520.0,4521.3,2646.0
2026-07-01 14:40:00,4522.4,4535.2,4521.9,4532.4,7243.0
2026-07-01 14:45:00,4532.6,4537.0,4527.3,4533.2,5942.0
2026-07-01 14:50:00,4533.0,4537.0,4530.0,4536.8,3557.0
2026-07-01 14:55:00,4536.8,4536.8,4530.0,4530.2,3243.0
2026-07-01 15:00:00,4530.2,4535.0,4521.0,4528.6,8368.0
2026-07-01 15:05:00,4529.0,4535.0,4516.8,4521.3,13893.0
2026-07-01 15:10:00,4518.3,4523.6,4510.0,4517.0,18808.0
2026-07-01 15:15:00,4517.5,4520.0,4502.5,4510.0,31580.0
2026-07-01 15:20:00,4510.3,4513.8,4480.0,4490.9,44381.0
2026-07-01 15:25:00,4491.9,4509.0,4489.6,4508.0,22304.0
2026-07-02 09:15:00,4530.0,4556.0,4507.0,4511.1,74126.0
2026-07-02 09:20:00,4513.0,4520.8,4441.0,4444.3,78428.0
2026-07-02 09:25:00,4441.2,4447.0,4408.4,4445.9,63920.0
2026-07-02 09:30:00,4445.9,4465.3,4425.0,4435.0,44872.0
2026-07-02 09:35:00,4435.0,4446.8,4426.0,4443.2,24745.0
2026-07-02 09:40:00,4443.1,4460.0,4435.8,4442.2,21451.0
2026-07-02 09:45:00,4443.0,4460.0,4437.2,4442.2,17326.0
2026-07-02 09:50:00,4443.3,4522.6,4437.2,4484.5,86750.0
2026-07-02 09:55:00,4484.5,4485.2,4462.7,4477.2,29226.0
2026-07-02 10:00:00,4475.2,4482.1,4462.1,4480.2,15895.0
2026-07-02 10:05:00,4482.1,4489.0,4471.0,4483.6,10463.0
2026-07-02 10:10:00,4483.7,4495.1,4475.0,4475.1,17062.0
2026-07-02 10:15:00,4477.0,4492.8,4474.0,4490.0,7853.0
2026-07-02 10:20:00,4490.0,4494.0,4482.1,4494.0,7394.0
2026-07-02 10:25:00,4496.0,4498.0,4483.8,4493.2,8386.0
2026-07-02 10:30:00,4493.2,4494.0,4481.0,4485.3,4415.0
2026-07-02 10:35:00,4486.0,4492.0,4485.0,4487.9,3856.0
2026-07-02 10:40:00,4488.0,4490.5,4472.7,4473.1,5607.0
2026-07-02 10:45:00,4473.2,4485.2,4473.0,4474.3,5118.0
2026-07-02 10:50:00,4474.3,4477.9,4471.0,4471.4,3211.0
2026-07-02 10:55:00,4472.8,4474.7,4440.0,4444.2,18836.0
2026-07-02 11:00:00,4444.2,4449.2,4430.0,4433.1,17165.0
2026-07-02 11:05:00,4433.0,4443.3,4431.0,4443.3,11126.0
2026-07-02 11:10:00,4440.1,4443.9,4431.1,4439.6,7522.0
2026-07-02 11:15:00,4440.9,4441.7,4433.4,4433.4,6529.0
2026-07-02 11:20:00,4434.0,4439.0,4432.0,4436.0,5985.0
2026-07-02 11:25:00,4436.6,4444.9,4426.3,4436.8,13958.0
2026-07-02 11:30:00,4436.8,4438.6,4432.0,4434.0,5457.0
2026-07-02 11:35:00,4434.0,4434.1,4425.0,4428.9,7920.0
2026-07-02 11:40:00,4428.5,4430.9,4420.1,4422.6,8162.0
2026-07-02 11:45:00,4422.6,4431.4,4422.0,4427.1,6239.0
2026-07-02 11:50:00,4427.9,4430.0,4423.0,4428.3,7615.0
2026-07-02 11:55:00,4428.3,4437.7,4427.0,4432.0,4341.0
2026-07-02 12:00:00,4433.5,4437.4,4430.0,4430.9,4337.0
2026-07-02 12:05:00,4431.0,4433.4,4424.0,4424.0,4466.0
2026-07-02 12:10:00,4424.0,4426.0,4423.0,4425.0,4876.0
2026-07-02 12:15:00,4425.0,4432.0,4424.0,4432.0,5050.0
2026-07-02 12:20:00,4433.0,4435.4,4428.0,4429.1,4947.0
2026-07-02 12:25:00,4429.5,4429.5,4423.0,4424.2,4013.0
2026-07-02 12:30:00,4424.2,4435.5,4424.0,4435.0,6256.0
2026-07-02 12:35:00,4435.0,4436.0,4428.7,4430.0,5311.0
2026-07-02 12:40:00,4430.0,4433.9,4427.0,4429.1,3404.0
2026-07-02 12:45:00,4431.3,4433.0,4427.3,4431.0,3041.0
2026-07-02 12:50:00,4430.0,4431.0,4424.0,4424.0,4689.0
2026-07-02 12:55:00,4424.5,4424.9,4414.0,4421.0,15369.0
2026-07-02 13:00:00,4423.0,4424.7,4420.0,4424.0,3817.0
2026-07-02 13:05:00,4425.0,4425.0,4420.0,4420.0,2235.0
2026-07-02 13:10:00,4421.2,4421.2,4411.0,4412.7,11026.0
2026-07-02 13:15:00,4413.9,4417.9,4412.0,4417.5,4620.0
2026-07-02 13:20:00,4417.5,4419.0,4412.0,4412.0,5049.0
2026-07-02 13:25:00,4413.5,4416.0,4405.0,4416.0,14315.0
2026-07-02 13:30:00,4415.8,4421.9,4410.3,4420.0,9957.0
2026-07-02 13:35:00,4418.9,4426.0,4418.9,4425.9,4836.0
2026-07-02 13:40:00,4425.3,4425.6,4420.0,4421.1,3168.0
2026-07-02 13:45:00,4421.4,4422.5,4415.3,4416.6,4257.0
2026-07-02 13:50:00,4416.6,4420.0,4416.0,4418.9,3118.0
2026-07-02 13:55:00,4418.0,4423.9,4415.2,4423.9,2497.0
2026-07-02 14:00:00,4422.8,4425.0,4420.0,4425.0,3215.0
2026-07-02 14:05:00,4425.0,4425.4,4417.9,4418.1,5025.0
2026-07-02 14:10:00,4422.0,4423.4,4416.1,4418.8,3637.0
2026-07-02 14:15:00,4418.8,4419.4,4415.0,4417.5,4068.0
2026-07-02 14:20:00,4418.0,4425.0,4415.0,4424.8,5739.0
2026-07-02 14:25:00,4423.3,4423.7,4415.0,4416.0,4449.0
2026-07-02 14:30:00,4416.0,4416.0,4403.0,4404.4,12142.0
2026-07-02 14:35:00,4404.0,4411.8,4402.0,4406.6,9117.0
2026-07-02 14:40:00,4406.6,4423.9,4400.2,4416.0,17687.0
2026-07-02 14:45:00,4415.6,4426.4,4414.5,4422.6,11951.0
2026-07-02 14:50:00,4420.0,4440.0,4418.1,4432.4,19445.0
2026-07-02 14:55:00,4434.9,4438.9,4428.0,4438.1,12698.0
2026-07-02 15:00:00,4438.0,4447.6,4431.0,4438.8,19401.0
2026-07-02 15:05:00,4441.1,4454.7,4435.8,4438.8,26516.0
2026-07-02 15:10:00,4438.0,4439.0,4430.0,4431.6,14465.0
2026-07-02 15:15:00,4431.8,4437.5,4420.3,4429.2,40469.0
2026-07-02 15:20:00,4431.2,4438.4,4426.3,4434.8,40235.0
2026-07-02 15:25:00,4432.2,4436.6,4428.7,4434.0,26162.0
2026-07-03 09:15:00,4450.0,4482.5,4415.0,4423.9,81662.0
2026-07-03 09:20:00,4424.2,4427.3,4411.5,4422.0,23928.0
2026-07-03 09:25:00,4422.0,4423.0,4390.2,4419.8,45564.0
2026-07-03 09:30:00,4419.9,4429.9,4411.0,4421.7,22792.0
2026-07-03 09:35:00,4417.7,4436.6,4417.7,4424.9,23584.0
2026-07-03 09:40:00,4424.8,4444.8,4422.7,4438.1,19520.0
2026-07-03 09:45:00,4440.0,4455.0,4436.7,4444.3,33805.0
2026-07-03 09:50:00,4448.0,4459.7,4445.0,4449.0,11297.0
2026-07-03 09:55:00,4450.0,4458.0,4441.0,4446.0,12615.0
2026-07-03 10:00:00,4446.0,4455.0,4436.6,4453.6,9549.0
2026-07-03 10:05:00,4455.0,4466.4,4448.0,4450.1,18255.0
2026-07-03 10:10:00,4450.0,4450.5,4437.1,4439.5,8080.0
2026-07-03 10:15:00,4442.8,4445.0,4427.2,4434.3,14372.0
2026-07-03 10:20:00,4432.8,4436.3,4426.0,4428.0,7737.0
2026-07-03 10:25:00,4426.1,4432.0,4420.0,4429.0,8970.0
2026-07-03 10:30:00,4427.1,4429.9,4418.5,4425.1,4749.0
2026-07-03 10:35:00,4422.5,4437.0,4420.1,4435.0,6965.0
2026-07-03 10:40:00,4435.5,4437.8,4430.0,4432.0,3561.0
2026-07-03 10:45:00,4433.1,4433.7,4416.0,4421.9,8024.0
2026-07-03 10:50:00,4421.9,4433.7,4418.9,4433.5,5197.0
2026-07-03 10:55:00,4430.8,4444.4,4426.1,4429.2,11928.0
2026-07-03 11:00:00,4430.7,4440.0,4422.6,4425.3,7896.0
2026-07-03 11:05:00,4425.3,4433.4,4415.0,4418.6,8935.0
2026-07-03 11:10:00,4419.0,4419.8,4410.4,4416.0,6596.0
2026-07-03 11:15:00,4416.0,4424.8,4416.0,4424.8,4340.0
2026-07-03 11:20:00,4424.8,4425.0,4412.0,4414.6,4315.0
2026-07-03 11:25:00,4414.0,4417.8,4412.4,4414.0,1909.0
2026-07-03 11:30:00,4414.0,4417.8,4408.6,4409.9,9510.0
2026-07-03 11:35:00,4409.7,4427.9,4405.2,4419.3,10212.0
2026-07-03 11:40:00,4420.0,4420.2,4408.4,4410.0,3767.0
2026-07-03 11:45:00,4409.6,4419.1,4401.8,4411.3,11106.0
2026-07-03 11:50:00,4412.0,4417.0,4411.0,4413.0,3058.0
2026-07-03 11:55:00,4414.2,4423.5,4412.6,4417.0,6517.0
2026-07-03 12:00:00,4417.0,4427.0,4415.0,4424.0,5036.0
2026-07-03 12:05:00,4424.0,4427.0,4420.0,4424.0,3360.0
2026-07-03 12:10:00,4424.0,4425.0,4418.1,4419.9,1938.0
2026-07-03 12:15:00,4422.2,4423.8,4417.9,4423.8,2418.0
2026-07-03 12:20:00,4423.8,4423.8,4419.0,4419.8,1482.0
2026-07-03 12:25:00,4422.0,4423.0,4419.0,4422.0,2250.0
2026-07-03 12:30:00,4422.4,4423.0,4417.3,4420.0,3111.0
2026-07-03 12:35:00,4419.4,4420.1,4405.0,4410.0,6880.0
2026-07-03 12:40:00,4410.0,4410.5,4395.0,4398.0,16915.0
2026-07-03 12:45:00,4398.0,4405.0,4395.2,4401.2,10642.0
2026-07-03 12:50:00,4401.2,4405.0,4396.9,4401.2,4004.0
2026-07-03 12:55:00,4402.2,4418.4,4402.2,4417.0,9559.0
2026-07-03 13:00:00,4415.5,4417.0,4412.0,4413.3,3772.0
2026-07-03 13:05:00,4413.3,4413.3,4403.0,4408.0,4821.0
2026-07-03 13:10:00,4408.0,4412.8,4406.0,4412.0,2130.0
2026-07-03 13:15:00,4410.1,4414.6,4408.8,4413.4,1226.0
2026-07-03 13:20:00,4413.4,4415.0,4410.1,4414.0,1435.0
2026-07-03 13:25:00,4414.0,4415.0,4412.0,4413.0,1313.0
2026-07-03 13:30:00,4413.4,4414.0,4410.1,4411.0,1521.0
2026-07-03 13:35:00,4411.0,4414.9,4410.3,4414.9,2547.0
2026-07-03 13:40:00,4414.9,4414.9,4412.0,4414.0,1523.0
2026-07-03 13:45:00,4412.4,4414.0,4406.7,4408.8,2997.0
2026-07-03 13:50:00,4408.8,4411.0,4408.0,4408.3,1811.0
2026-07-03 13:55:00,4408.8,4410.0,4408.0,4408.1,1952.0
2026-07-03 14:00:00,4408.1,4411.0,4406.8,4410.0,1725.0
2026-07-03 14:05:00,4408.9,4414.0,4408.5,4414.0,2016.0
2026-07-03 14:10:00,4412.5,4414.0,4405.0,4405.4,2838.0
2026-07-03 14:15:00,4408.0,4411.2,4402.3,4410.9,4468.0
2026-07-03 14:20:00,4410.4,4414.0,4408.0,4412.0,2720.0
2026-07-03 14:25:00,4413.6,4413.8,4404.6,4409.0,3522.0
2026-07-03 14:30:00,4408.8,4410.0,4405.2,4408.0,2729.0
2026-07-03 14:35:00,4407.9,4408.0,4400.0,4403.4,6706.0
2026-07-03 14:40:00,4403.4,4411.0,4403.4,4409.2,2529.0
2026-07-03 14:45:00,4409.2,4418.0,4409.2,4415.5,12957.0
2026-07-03 14:50:00,4417.0,4418.0,4412.0,4413.0,6114.0
2026-07-03 14:55:00,4412.1,4418.0,4410.5,4415.0,6234.0
2026-07-03 15:00:00,4415.1,4425.0,4412.2,4421.0,11969.0
2026-07-03 15:05:00,4421.6,4423.1,4412.0,4420.0,8452.0
2026-07-03 15:10:00,4420.0,4427.0,4417.4,4421.6,12579.0
2026-07-03 15:15:00,4424.2,4434.0,4416.8,4423.5,24234.0
2026-07-03 15:20:00,4423.9,4439.3,4420.0,4438.6,30672.0
2026-07-03 15:25:00,4436.0,4443.0,4428.0,4437.0,23709.0
2026-07-06 09:15:00,4424.9,4445.3,4341.0,4367.0,64657.0
2026-07-06 09:20:00,4368.8,4375.0,4352.8,4357.0,23834.0
2026-07-06 09:25:00,4357.0,4389.1,4355.0,4362.2,24106.0
2026-07-06 09:30:00,4361.1,4371.2,4346.8,4353.8,20903.0
2026-07-06 09:35:00,4355.0,4355.0,4326.6,4347.9,32823.0
2026-07-06 09:40:00,4350.0,4369.9,4343.5,4353.8,17412.0
2026-07-06 09:45:00,4354.1,4361.3,4340.1,4343.1,13523.0
2026-07-06 09:50:00,4341.3,4350.8,4341.3,4346.5,9694.0
2026-07-06 09:55:00,4347.2,4454.8,4344.0,4445.3,70707.0
2026-07-06 10:00:00,4440.7,4446.4,4405.5,4414.0,36186.0
2026-07-06 10:05:00,4414.0,4423.3,4388.9,4411.0,25994.0
2026-07-06 10:10:00,4413.0,4416.9,4401.0,4403.4,10189.0
2026-07-06 10:15:00,4405.0,4423.2,4403.9,4414.5,12842.0
2026-07-06 10:20:00,4414.1,4433.5,4413.3,4417.7,9678.0
2026-07-06 10:25:00,4417.7,4417.7,4405.6,4406.4,4857.0
2026-07-06 10:30:00,4409.2,4410.0,4401.1,4409.6,4301.0
2026-07-06 10:35:00,4408.1,4425.3,4408.1,4412.0,6699.0
2026-07-06 10:40:00,4413.3,4417.5,4403.4,4408.8,3357.0
2026-07-06 10:45:00,4409.9,4413.8,4407.0,4407.0,2595.0
2026-07-06 10:50:00,4407.0,4414.0,4404.0,4404.1,2479.0
2026-07-06 10:55:00,4405.8,4405.8,4395.1,4399.6,8045.0
2026-07-06 11:00:00,4399.9,4407.0,4396.4,4406.4,4813.0
2026-07-06 11:05:00,4405.5,4412.6,4393.7,4399.3,7715.0
2026-07-06 11:10:00,4397.0,4400.0,4390.9,4393.9,4630.0
2026-07-06 11:15:00,4392.2,4395.9,4392.0,4395.7,2016.0
2026-07-06 11:20:00,4394.1,4400.0,4394.1,4398.5,1508.0
2026-07-06 11:25:00,4399.0,4399.1,4394.0,4395.0,2315.0
2026-07-06 11:30:00,4395.0,4396.9,4380.0,4382.9,8766.0
2026-07-06 11:35:00,4382.8,4391.2,4382.0,4390.0,3474.0
2026-07-06 11:40:00,4390.0,4410.4,4386.0,4409.0,5814.0
2026-07-06 11:45:00,4409.0,4424.0,4406.9,4416.4,8717.0
2026-07-06 11:50:00,4416.4,4418.1,4405.5,4416.0,5322.0
2026-07-06 11:55:00,4416.5,4416.5,4406.3,4410.0,3311.0
2026-07-06 12:00:00,4409.5,4453.0,4405.2,4415.0,29795.0
2026-07-06 12:05:00,4414.9,4420.6,4409.0,4413.3,7271.0
2026-07-06 12:10:00,4411.9,4412.0,4401.5,4406.2,6941.0
2026-07-06 12:15:00,4408.9,4411.8,4401.1,4403.7,2667.0
2026-07-06 12:20:00,4402.0,4408.5,4396.0,4401.3,4988.0
2026-07-06 12:25:00,4400.0,4406.6,4391.9,4400.0,7275.0
2026-07-06 12:30:00,4397.1,4405.8,4396.0,4399.0,4257.0
2026-07-06 12:35:00,4398.0,4404.4,4398.0,4400.0,3339.0
2026-07-06 12:40:00,4400.5,4406.0,4399.9,4406.0,2085.0
2026-07-06 12:45:00,4406.0,4411.8,4400.0,4400.0,2307.0
2026-07-06 12:50:00,4403.1,4404.9,4391.0,4393.4,5926.0
2026-07-06 12:55:00,4393.7,4398.6,4390.0,4395.6,5613.0
2026-07-06 13:00:00,4396.2,4400.0,4391.0,4391.0,3936.0
2026-07-06 13:05:00,4391.9,4395.3,4390.0,4394.0,2619.0
2026-07-06 13:10:00,4393.0,4400.0,4392.1,4398.2,3925.0
2026-07-06 13:15:00,4398.3,4401.0,4395.0,4397.1,2480.0
2026-07-06 13:20:00,4397.1,4401.0,4393.0,4397.2,2186.0
2026-07-06 13:25:00,4394.6,4399.0,4393.1,4399.0,1701.0
2026-07-06 13:30:00,4399.0,4399.0,4391.0,4392.1,1136.0
2026-07-06 13:35:00,4393.1,4399.0,4391.0,4398.3,1469.0
2026-07-06 13:40:00,4398.4,4399.9,4395.4,4395.4,847.0
2026-07-06 13:45:00,4397.0,4397.2,4391.0,4391.7,1486.0
2026-07-06 13:50:00,4392.1,4395.6,4391.0,4394.4,1616.0
2026-07-06 13:55:00,4394.4,4394.7,4390.0,4390.0,1278.0
2026-07-06 14:00:00,4390.0,4397.0,4390.0,4396.0,2429.0
2026-07-06 14:05:00,4396.0,4408.4,4395.0,4401.0,4816.0
2026-07-06 14:10:00,4401.0,4401.0,4397.0,4400.7,1785.0
2026-07-06 14:15:00,4399.0,4413.3,4398.3,4408.6,6201.0
2026-07-06 14:20:00,4405.5,4411.4,4403.6,4405.7,4060.0
2026-07-06 14:25:00,4405.6,4407.5,4401.6,4402.8,1498.0
2026-07-06 14:30:00,4402.8,4407.5,4402.8,4404.7,1921.0
2026-07-06 14:35:00,4404.7,4412.9,4400.9,4410.9,7402.0
2026-07-06 14:40:00,4411.0,4418.0,4408.6,4410.0,7093.0
2026-07-06 14:45:00,4410.0,4410.0,4404.2,4407.0,2523.0
2026-07-06 14:50:00,4406.8,4410.0,4400.0,4401.0,4484.0
2026-07-06 14:55:00,4400.1,4407.2,4400.0,4405.4,5438.0
2026-07-06 15:00:00,4405.8,4412.1,4400.5,4409.0,5526.0
2026-07-06 15:05:00,4411.4,4424.0,4409.0,4415.2,10615.0
2026-07-06 15:10:00,4414.9,4421.0,4405.3,4409.4,10778.0
2026-07-06 15:15:00,4409.4,4417.9,4405.0,4412.0,16990.0
2026-07-06 15:20:00,4410.0,4420.0,4408.3,4409.7,23874.0
2026-07-06 15:25:00,4410.0,4412.0,4400.0,4405.0,16514.0
2026-07-07 09:15:00,4414.1,4443.9,4329.0,4374.0,93809.0
2026-07-07 09:20:00,4372.7,4375.0,4350.2,4350.2,26703.0
2026-07-07 09:25:00,4350.1,4354.0,4332.5,4344.9,29552.0
2026-07-07 09:30:00,4343.0,4346.0,4338.0,4342.7,11613.0
2026-07-07 09:35:00,4340.1,4349.0,4338.0,4347.2,8232.0
2026-07-07 09:40:00,4347.6,4362.8,4346.0,4346.2,17373.0
2026-07-07 09:45:00,4348.9,4353.5,4335.0,4338.3,14034.0
2026-07-07 09:50:00,4336.1,4340.0,4331.0,4333.0,8172.0
2026-07-07 09:55:00,4332.9,4338.0,4329.0,4330.0,12171.0
2026-07-07 10:00:00,4330.0,4338.4,4325.1,4337.2,8352.0
2026-07-07 10:05:00,4338.0,4339.0,4333.0,4337.2,4037.0
2026-07-07 10:10:00,4334.6,4334.6,4327.0,4330.0,5615.0
2026-07-07 10:15:00,4330.0,4335.9,4327.2,4328.6,3918.0
2026-07-07 10:20:00,4328.0,4331.1,4285.0,4291.6,42761.0
2026-07-07 10:25:00,4290.0,4292.0,4275.0,4278.6,22977.0
2026-07-07 10:30:00,4279.6,4285.0,4266.7,4283.5,21195.0
2026-07-07 10:35:00,4283.4,4291.8,4274.6,4283.5,15925.0
2026-07-07 10:40:00,4283.0,4283.0,4270.1,4270.1,8261.0
2026-07-07 10:45:00,4271.5,4287.5,4270.0,4282.0,7181.0
2026-07-07 10:50:00,4282.0,4282.0,4260.0,4268.6,15412.0
2026-07-07 10:55:00,4270.0,4271.0,4255.9,4264.4,16742.0
2026-07-07 11:00:00,4265.0,4272.2,4260.5,4269.0,6121.0
2026-07-07 11:05:00,4269.0,4274.9,4265.0,4274.5,6101.0
2026-07-07 11:10:00,4274.5,4284.2,4272.7,4279.9,5073.0
2026-07-07 11:15:00,4279.1,4279.9,4270.0,4275.0,5899.0
2026-07-07 11:20:00,4275.0,4284.9,4274.1,4283.0,6498.0
2026-07-07 11:25:00,4282.1,4294.7,4279.9,4294.7,14621.0
2026-07-07 11:30:00,4294.7,4294.7,4280.0,4280.0,8025.0
2026-07-07 11:35:00,4279.0,4282.0,4274.3,4278.6,5758.0
2026-07-07 11:40:00,4281.8,4282.5,4274.4,4274.4,3990.0
2026-07-07 11:45:00,4277.1,4279.6,4274.0,4275.6,2641.0
2026-07-07 11:50:00,4277.6,4278.5,4269.1,4272.8,5764.0
2026-07-07 11:55:00,4270.6,4271.2,4265.0,4270.7,3957.0
2026-07-07 12:00:00,4271.8,4279.0,4270.1,4276.0,3166.0
2026-07-07 12:05:00,4276.2,4278.5,4271.8,4273.8,2202.0
2026-07-07 12:10:00,4273.8,4277.9,4271.0,4276.3,2489.0
2026-07-07 12:15:00,4274.4,4280.0,4273.5,4277.7,3573.0
2026-07-07 12:20:00,4276.6,4278.8,4274.0,4275.9,1878.0
2026-07-07 12:25:00,4276.0,4279.0,4274.1,4278.9,2388.0
2026-07-07 12:30:00,4279.0,4279.4,4270.8,4278.0,5259.0
2026-07-07 12:35:00,4277.9,4279.4,4262.7,4266.6,7490.0
2026-07-07 12:40:00,4268.4,4272.4,4261.8,4272.3,4085.0
2026-07-07 12:45:00,4271.0,4273.0,4267.9,4270.6,3714.0
2026-07-07 12:50:00,4270.6,4273.0,4265.2,4272.0,11359.0
2026-07-07 12:55:00,4272.6,4272.8,4265.0,4266.3,3028.0
2026-07-07 13:00:00,4267.9,4269.6,4258.1,4261.4,4036.0
2026-07-07 13:05:00,4261.9,4262.0,4242.0,4253.9,19701.0
2026-07-07 13:10:00,4253.0,4258.0,4250.0,4257.1,4449.0
2026-07-07 13:15:00,4257.5,4262.2,4250.0,4253.0,6044.0
2026-07-07 13:20:00,4251.9,4255.0,4245.0,4253.4,3540.0
2026-07-07 13:25:00,4252.3,4263.6,4252.0,4262.4,5418.0
2026-07-07 13:30:00,4263.5,4264.0,4257.5,4260.0,2017.0
2026-07-07 13:35:00,4260.0,4261.8,4257.0,4258.9,2401.0
2026-07-07 13:40:00,4258.9,4265.0,4257.0,4265.0,1161.0
2026-07-07 13:45:00,4265.0,4280.0,4259.1,4270.0,12896.0
2026-07-07 13:50:00,4271.8,4275.0,4270.1,4274.5,3524.0
2026-07-07 13:55:00,4273.5,4274.5,4267.0,4272.6,3642.0
2026-07-07 14:00:00,4274.0,4278.9,4271.0,4278.2,3451.0
2026-07-07 14:05:00,4277.1,4278.9,4270.0,4272.2,3250.0
2026-07-07 14:10:00,4272.8,4276.2,4270.0,4272.0,1797.0
2026-07-07 14:15:00,4272.4,4272.4,4261.6,4268.2,5392.0
2026-07-07 14:20:00,4266.9,4270.0,4262.0,4267.0,2458.0
2026-07-07 14:25:00,4265.0,4273.1,4265.0,4271.4,4393.0
2026-07-07 14:30:00,4271.4,4272.1,4260.0,4260.0,3931.0
2026-07-07 14:35:00,4260.0,4265.6,4259.3,4262.7,5554.0
2026-07-07 14:40:00,4260.3,4264.3,4255.5,4257.4,5041.0
2026-07-07 14:45:00,4257.3,4259.9,4250.1,4254.3,9635.0
2026-07-07 14:50:00,4255.0,4255.0,4237.9,4245.0,18792.0
2026-07-07 14:55:00,4245.0,4254.3,4240.5,4246.0,10171.0
2026-07-07 15:00:00,4245.7,4246.0,4231.0,4244.9,13742.0
2026-07-07 15:05:00,4242.3,4249.0,4241.0,4245.0,10675.0
2026-07-07 15:10:00,4244.4,4245.4,4230.1,4237.1,15785.0
2026-07-07 15:15:00,4237.6,4239.0,4224.0,4228.0,33206.0
2026-07-07 15:20:00,4224.6,4230.0,4203.9,4226.5,50263.0
2026-07-07 15:25:00,4223.8,4248.0,4223.8,4248.0,29554.0
2026-07-08 09:15:00,4206.0,4280.0,4181.0,4246.8,127254.0
2026-07-08 09:20:00,4246.9,4285.7,4244.0,4259.6,41459.0
2026-07-08 09:25:00,4264.4,4298.8,4255.0,4293.7,46737.0
2026-07-08 09:30:00,4290.4,4295.0,4261.5,4283.1,35356.0
2026-07-08 09:35:00,4282.5,4288.0,4274.2,4280.1,13637.0
2026-07-08 09:40:00,4281.3,4292.5,4275.1,4278.0,15430.0
2026-07-08 09:45:00,4279.0,4280.0,4253.9,4258.6,25424.0
2026-07-08 09:50:00,4258.3,4265.9,4252.0,4255.6,16215.0
2026-07-08 09:55:00,4256.0,4271.0,4255.0,4267.1,8356.0
2026-07-08 10:00:00,4267.2,4288.0,4266.1,4284.3,19371.0
2026-07-08 10:05:00,4284.2,4294.9,4276.6,4286.8,22791.0
2026-07-08 10:10:00,4285.0,4299.9,4280.6,4298.1,15126.0
2026-07-08 10:15:00,4299.0,4310.1,4288.6,4305.4,33216.0
2026-07-08 10:20:00,4304.5,4315.0,4300.9,4312.0,26470.0
2026-07-08 10:25:00,4313.1,4314.8,4302.3,4310.0,16108.0
2026-07-08 10:30:00,4310.0,4314.6,4302.4,4313.9,9903.0
2026-07-08 10:35:00,4314.0,4321.1,4286.0,4302.3,31547.0
2026-07-08 10:40:00,4303.0,4303.4,4291.9,4296.5,8589.0
2026-07-08 10:45:00,4296.5,4300.0,4292.0,4292.0,5186.0
2026-07-08 10:50:00,4293.9,4297.2,4291.5,4295.5,7543.0
2026-07-08 10:55:00,4297.0,4298.0,4275.7,4279.0,17045.0
2026-07-08 11:00:00,4280.0,4290.0,4279.4,4290.0,4468.0
2026-07-08 11:05:00,4290.0,4298.0,4286.3,4298.0,5494.0
2026-07-08 11:10:00,4298.0,4299.3,4292.1,4295.7,4613.0
2026-07-08 11:15:00,4295.8,4298.0,4290.1,4295.3,3713.0
2026-07-08 11:20:00,4297.5,4300.0,4290.9,4295.8,4283.0
2026-07-08 11:25:00,4296.3,4296.6,4286.0,4293.0,4304.0
2026-07-08 11:30:00,4293.1,4293.1,4275.6,4282.6,8249.0
2026-07-08 11:35:00,4282.6,4285.7,4276.1,4277.9,3568.0
2026-07-08 11:40:00,4280.0,4280.0,4267.1,4270.0,9615.0
2026-07-08 11:45:00,4270.0,4280.0,4265.2,4278.1,6546.0
2026-07-08 11:50:00,4279.8,4287.9,4275.2,4287.0,3217.0
2026-07-08 11:55:00,4287.8,4288.0,4276.1,4284.0,3105.0
2026-07-08 12:00:00,4284.0,4284.0,4272.2,4274.0,5027.0
2026-07-08 12:05:00,4276.0,4280.0,4274.1,4278.4,2290.0
2026-07-08 12:10:00,4280.0,4284.0,4279.6,4282.9,3275.0
2026-07-08 12:15:00,4282.9,4295.0,4280.0,4291.0,4834.0
2026-07-08 12:20:00,4291.4,4295.0,4287.6,4292.8,3930.0
2026-07-08 12:25:00,4292.5,4295.0,4290.0,4291.9,4936.0
2026-07-08 12:30:00,4293.3,4294.5,4289.1,4293.3,1784.0
2026-07-08 12:35:00,4292.1,4293.6,4281.0,4282.6,2865.0
2026-07-08 12:40:00,4282.5,4284.6,4277.0,4280.5,4632.0
2026-07-08 12:45:00,4281.6,4290.0,4280.5,4289.9,3225.0
2026-07-08 12:50:00,4289.9,4290.3,4285.2,4289.8,1549.0
2026-07-08 12:55:00,4289.8,4294.0,4288.8,4290.7,2765.0
2026-07-08 13:00:00,4292.0,4310.0,4290.7,4304.0,13952.0
2026-07-08 13:05:00,4305.0,4306.5,4300.1,4302.8,4746.0
2026-07-08 13:10:00,4303.3,4306.0,4300.1,4306.0,3123.0
2026-07-08 13:15:00,4306.0,4308.0,4300.1,4304.4,4197.0
2026-07-08 13:20:00,4304.4,4306.0,4301.0,4304.0,1879.0
2026-07-08 13:25:00,4304.0,4304.8,4290.0,4293.0,7261.0
2026-07-08 13:30:00,4293.0,4299.0,4291.8,4297.9,2282.0
2026-07-08 13:35:00,4298.3,4304.9,4295.3,4299.0,6532.0
2026-07-08 13:40:00,4299.0,4300.8,4293.3,4295.7,1763.0
2026-07-08 13:45:00,4295.7,4300.0,4285.0,4285.1,7092.0
2026-07-08 13:50:00,4283.8,4283.8,4255.0,4255.2,17581.0
2026-07-08 13:55:00,4257.3,4259.9,4230.8,4234.4,34500.0
2026-07-08 14:00:00,4232.0,4241.9,4217.1,4217.7,19859.0
2026-07-08 14:05:00,4219.2,4220.4,4190.2,4192.5,32127.0
2026-07-08 14:10:00,4194.1,4204.9,4185.0,4186.9,21430.0
2026-07-08 14:15:00,4187.2,4220.0,4185.0,4203.3,24247.0
2026-07-08 14:20:00,4204.0,4219.8,4204.0,4216.0,13078.0
2026-07-08 14:25:00,4216.0,4221.0,4206.2,4207.0,10870.0
2026-07-08 14:30:00,4209.2,4222.0,4201.4,4212.0,13306.0
2026-07-08 14:35:00,4210.4,4217.0,4206.0,4206.9,4321.0
2026-07-08 14:40:00,4208.6,4211.7,4195.3,4197.6,7689.0
2026-07-08 14:45:00,4197.9,4202.1,4172.0,4192.4,20017.0
2026-07-08 14:50:00,4192.4,4195.3,4176.1,4181.8,14315.0
2026-07-08 14:55:00,4181.9,4191.8,4172.2,4179.8,14578.0
2026-07-08 15:00:00,4179.2,4188.0,4165.0,4169.3,22796.0
2026-07-08 15:05:00,4170.0,4176.4,4161.0,4162.9,19346.0
2026-07-08 15:10:00,4163.1,4170.0,4161.0,4168.7,17298.0
2026-07-08 15:15:00,4165.9,4170.0,4153.0,4155.1,35209.0
2026-07-08 15:20:00,4158.2,4189.7,4156.0,4183.7,25782.0
2026-07-08 15:25:00,4183.5,4190.0,4174.8,4189.0,16669.0
2026-07-09 09:15:00,4208.9,4310.0,4197.7,4308.0,105359.0
2026-07-09 09:20:00,4307.5,4375.0,4303.0,4370.0,119196.0
2026-07-09 09:25:00,4370.0,4389.0,4351.0,4367.0,81674.0
2026-07-09 09:30:00,4368.0,4374.0,4306.4,4317.6,111947.0
2026-07-09 09:35:00,4317.8,4325.0,4308.0,4311.0,34707.0
2026-07-09 09:40:00,4310.0,4317.5,4285.6,4290.1,42610.0
2026-07-09 09:45:00,4290.0,4317.0,4289.0,4294.9,44469.0
2026-07-09 09:50:00,4297.4,4297.4,4260.0,4262.8,42878.0
2026-07-09 09:55:00,4263.0,4265.0,4238.0,4241.5,44216.0
2026-07-09 10:00:00,4245.0,4250.0,4238.0,4244.0,26188.0
2026-07-09 10:05:00,4242.5,4249.0,4234.4,4241.3,18240.0
2026-07-09 10:10:00,4242.9,4245.0,4233.0,4243.8,10505.0
2026-07-09 10:15:00,4243.0,4244.0,4224.9,4237.5,21286.0
2026-07-09 10:20:00,4238.0,4243.4,4233.0,4243.0,13241.0
2026-07-09 10:25:00,4243.0,4243.0,4228.5,4237.5,10153.0
2026-07-09 10:30:00,4237.4,4242.0,4207.0,4223.8,21320.0
2026-07-09 10:35:00,4223.8,4232.5,4223.1,4225.2,10482.0
2026-07-09 10:40:00,4224.5,4271.8,4224.5,4244.0,23655.0
2026-07-09 10:45:00,4243.7,4245.9,4232.1,4240.0,12204.0
2026-07-09 10:50:00,4243.0,4243.8,4233.9,4241.9,5054.0
2026-07-09 10:55:00,4242.0,4242.0,4226.1,4238.0,10491.0
2026-07-09 11:00:00,4233.7,4236.9,4227.0,4231.9,5308.0
2026-07-09 11:05:00,4232.1,4236.0,4223.0,4229.8,8632.0
2026-07-09 11:10:00,4227.7,4229.7,4225.6,4228.0,4057.0
2026-07-09 11:15:00,4228.0,4233.9,4223.5,4224.1,8320.0
2026-07-09 11:20:00,4224.1,4230.0,4221.0,4227.0,4213.0
2026-07-09 11:25:00,4225.0,4233.8,4225.0,4227.2,4176.0
2026-07-09 11:30:00,4228.2,4233.7,4227.0,4232.9,3946.0
2026-07-09 11:35:00,4230.2,4232.0,4223.0,4224.1,4286.0
2026-07-09 11:40:00,4224.0,4229.9,4224.0,4228.7,1666.0
2026-07-09 11:45:00,4229.9,4232.0,4226.8,4229.7,2138.0
2026-07-09 11:50:00,4229.9,4229.9,4222.2,4227.4,3158.0
2026-07-09 11:55:00,4225.0,4232.0,4225.0,4227.2,3077.0
2026-07-09 12:00:00,4229.0,4229.9,4225.4,4228.2,1818.0
2026-07-09 12:05:00,4229.9,4229.9,4216.8,4221.9,9008.0
2026-07-09 12:10:00,4219.4,4230.0,4216.0,4222.2,8243.0
2026-07-09 12:15:00,4222.2,4222.2,4215.0,4215.1,4739.0
2026-07-09 12:20:00,4215.5,4220.0,4215.0,4219.0,3678.0
2026-07-09 12:25:00,4219.0,4221.8,4217.0,4220.8,4119.0
2026-07-09 12:30:00,4221.0,4222.0,4217.1,4219.3,2377.0
2026-07-09 12:35:00,4219.6,4224.9,4218.1,4224.7,4100.0
2026-07-09 12:40:00,4224.7,4254.3,4220.1,4253.2,15106.0
2026-07-09 12:45:00,4249.5,4269.0,4235.2,4240.3,27993.0
2026-07-09 12:50:00,4240.7,4251.6,4234.8,4248.0,6132.0
2026-07-09 12:55:00,4248.5,4256.0,4245.2,4254.4,7035.0
2026-07-09 13:00:00,4254.4,4255.0,4248.0,4252.5,4144.0
2026-07-09 13:05:00,4252.5,4254.0,4245.5,4252.0,3138.0
2026-07-09 13:10:00,4253.0,4257.0,4246.0,4254.5,5333.0
2026-07-09 13:15:00,4257.0,4259.4,4248.6,4249.6,3364.0
2026-07-09 13:20:00,4248.1,4252.0,4245.8,4250.0,4198.0
2026-07-09 13:25:00,4250.0,4252.0,4242.1,4243.2,2789.0
2026-07-09 13:30:00,4243.0,4244.9,4239.3,4240.0,3495.0
2026-07-09 13:35:00,4240.2,4251.8,4239.7,4248.7,5049.0
2026-07-09 13:40:00,4248.7,4250.4,4240.1,4240.1,2588.0
2026-07-09 13:45:00,4240.0,4254.9,4240.0,4249.3,3237.0
2026-07-09 13:50:00,4250.7,4260.9,4248.0,4255.0,5646.0
2026-07-09 13:55:00,4255.0,4255.0,4247.9,4250.4,2365.0
2026-07-09 14:00:00,4250.0,4252.6,4247.1,4250.4,2263.0
2026-07-09 14:05:00,4248.0,4256.0,4246.7,4255.9,4118.0
2026-07-09 14:10:00,4255.9,4262.0,4250.1,4259.6,6744.0
2026-07-09 14:15:00,4260.0,4260.0,4251.0,4252.6,3171.0
2026-07-09 14:20:00,4251.5,4264.0,4251.5,4255.4,6241.0
2026-07-09 14:25:00,4256.8,4256.8,4250.0,4250.2,2102.0
2026-07-09 14:30:00,4251.0,4257.7,4247.2,4255.0,3338.0
2026-07-09 14:35:00,4255.0,4271.3,4251.1,4270.0,16803.0
2026-07-09 14:40:00,4267.8,4270.0,4256.0,4260.0,11476.0
2026-07-09 14:45:00,4261.0,4267.1,4257.0,4265.0,5305.0
2026-07-09 14:50:00,4265.2,4282.1,4265.0,4279.3,20654.0
2026-07-09 14:55:00,4279.9,4295.0,4278.0,4288.4,20559.0
2026-07-09 15:00:00,4287.1,4289.0,4280.0,4281.7,16474.0
2026-07-09 15:05:00,4281.6,4282.9,4267.0,4280.7,20828.0
2026-07-09 15:10:00,4278.7,4280.2,4267.0,4276.8,16147.0
2026-07-09 15:15:00,4276.8,4300.0,4275.8,4297.3,41578.0
2026-07-09 15:20:00,4297.3,4298.7,4286.0,4293.5,25008.0
2026-07-09 15:25:00,4292.9,4298.7,4285.0,4290.0,22381.0
2026-07-10 09:15:00,4309.0,4344.2,4270.8,4315.1,92551.0
2026-07-10 09:20:00,4311.9,4320.2,4286.6,4288.9,35897.0
2026-07-10 09:25:00,4285.7,4291.4,4265.8,4274.1,40134.0
2026-07-10 09:30:00,4272.0,4276.9,4255.3,4271.1,31037.0
2026-07-10 09:35:00,4272.2,4276.4,4266.0,4271.0,8288.0
2026-07-10 09:40:00,4272.0,4299.9,4270.2,4296.8,16170.0
2026-07-10 09:45:00,4299.4,4299.8,4284.7,4292.2,15322.0
2026-07-10 09:50:00,4293.0,4298.0,4290.0,4292.0,5413.0
2026-07-10 09:55:00,4292.0,4295.0,4282.4,4287.0,9710.0
2026-07-10 10:00:00,4286.8,4304.8,4282.3,4302.0,10855.0
2026-07-10 10:05:00,4302.0,4310.0,4296.2,4308.0,14657.0
2026-07-10 10:10:00,4308.0,4308.0,4295.2,4297.2,6884.0
2026-07-10 10:15:00,4297.2,4304.0,4296.0,4302.3,5847.0
2026-07-10 10:20:00,4302.4,4307.0,4298.2,4302.0,4228.0
2026-07-10 10:25:00,4302.0,4316.2,4294.0,4315.0,9325.0
2026-07-10 10:30:00,4315.1,4317.0,4302.4,4304.0,5746.0
2026-07-10 10:35:00,4302.3,4304.0,4294.0,4294.5,6069.0
2026-07-10 10:40:00,4294.3,4297.0,4293.3,4296.0,4107.0
2026-07-10 10:45:00,4295.0,4313.8,4293.2,4311.3,8180.0
2026-07-10 10:50:00,4311.5,4313.8,4300.0,4301.1,3614.0
2026-07-10 10:55:00,4301.1,4303.0,4293.3,4298.6,3594.0
2026-07-10 11:00:00,4299.0,4307.0,4293.2,4305.5,4656.0
2026-07-10 11:05:00,4305.8,4305.8,4298.8,4301.8,1478.0
2026-07-10 11:10:00,4302.0,4302.0,4297.8,4301.0,1377.0
2026-07-10 11:15:00,4301.0,4313.8,4301.0,4309.9,8492.0
2026-07-10 11:20:00,4310.0,4310.0,4305.0,4306.0,1385.0
2026-07-10 11:25:00,4307.5,4308.0,4301.0,4301.0,1332.0
2026-07-10 11:30:00,4301.0,4305.2,4281.1,4304.0,11906.0
2026-07-10 11:35:00,4301.7,4304.0,4299.0,4301.0,1477.0
2026-07-10 11:40:00,4301.0,4301.0,4280.9,4288.0,8183.0
2026-07-10 11:45:00,4287.0,4288.2,4282.0,4283.1,2703.0
2026-07-10 11:50:00,4283.5,4295.8,4283.0,4294.4,3853.0
2026-07-10 11:55:00,4294.5,4295.0,4289.8,4293.6,2220.0
2026-07-10 12:00:00,4295.0,4299.4,4292.1,4296.9,2349.0
2026-07-10 12:05:00,4293.8,4295.9,4290.0,4292.0,1700.0
2026-07-10 12:10:00,4292.5,4293.3,4290.0,4293.2,1587.0
2026-07-10 12:15:00,4291.4,4298.0,4291.4,4295.7,1680.0
2026-07-10 12:20:00,4294.3,4296.7,4292.1,4292.3,1333.0
2026-07-10 12:25:00,4292.1,4295.0,4291.4,4294.0,652.0
2026-07-10 12:30:00,4293.9,4299.0,4291.5,4298.8,2314.0
2026-07-10 12:35:00,4295.3,4299.0,4292.5,4294.4,2023.0
2026-07-10 12:40:00,4292.5,4293.3,4289.0,4291.2,1434.0
2026-07-10 12:45:00,4291.3,4294.5,4287.2,4288.8,2207.0
2026-07-10 12:50:00,4288.0,4290.0,4286.2,4286.6,1987.0
2026-07-10 12:55:00,4286.0,4294.0,4286.0,4294.0,1689.0
2026-07-10 13:00:00,4294.9,4296.0,4292.0,4293.0,1352.0
2026-07-10 13:05:00,4294.0,4296.0,4290.1,4291.6,1476.0
2026-07-10 13:10:00,4293.0,4293.0,4287.1,4287.6,2420.0
2026-07-10 13:15:00,4287.6,4290.0,4287.6,4289.4,676.0
2026-07-10 13:20:00,4289.5,4292.8,4288.9,4292.2,1404.0
2026-07-10 13:25:00,4290.8,4296.2,4288.5,4292.5,2949.0
2026-07-10 13:30:00,4290.4,4292.7,4285.7,4291.9,5092.0
2026-07-10 13:35:00,4292.0,4295.0,4290.0,4294.8,2084.0
2026-07-10 13:40:00,4293.2,4295.0,4291.1,4291.5,1008.0
2026-07-10 13:45:00,4291.6,4294.9,4290.0,4294.6,1101.0
2026-07-10 13:50:00,4294.6,4306.0,4294.0,4302.1,8293.0
2026-07-10 13:55:00,4303.0,4306.0,4295.0,4300.5,4581.0
2026-07-10 14:00:00,4300.6,4306.0,4297.2,4301.5,2934.0
2026-07-10 14:05:00,4304.2,4309.0,4300.2,4305.3,5017.0
2026-07-10 14:10:00,4304.0,4305.1,4302.2,4302.3,1406.0
2026-07-10 14:15:00,4303.9,4305.0,4295.3,4297.0,2524.0
2026-07-10 14:20:00,4297.0,4300.0,4295.0,4297.0,2239.0
2026-07-10 14:25:00,4297.7,4305.0,4296.0,4300.0,2331.0
2026-07-10 14:30:00,4302.6,4304.9,4300.0,4301.8,1582.0
2026-07-10 14:35:00,4302.0,4303.5,4300.0,4301.0,1732.0
2026-07-10 14:40:00,4300.0,4309.0,4300.0,4306.0,7106.0
2026-07-10 14:45:00,4306.0,4308.0,4301.7,4304.7,9271.0
2026-07-10 14:50:00,4305.6,4317.0,4300.0,4310.5,13295.0
2026-07-10 14:55:00,4311.8,4311.9,4305.0,4308.6,4879.0
2026-07-10 15:00:00,4308.6,4317.0,4307.0,4309.7,10252.0
2026-07-10 15:05:00,4309.6,4310.2,4305.0,4306.0,7310.0
2026-07-10 15:10:00,4305.3,4309.9,4298.0,4305.0,17165.0
2026-07-10 15:15:00,4302.8,4308.9,4298.8,4304.0,18938.0
2026-07-10 15:20:00,4304.0,4308.7,4300.9,4306.8,17832.0
2026-07-10 15:25:00,4306.6,4308.0,4300.0,4303.0,10836.0
