timestamp,open,high,low,close,volume
2026-05-12 09:15:00,9115.0,9150.0,9080.0,9146.0,22661.0
2026-05-12 09:20:00,9145.5,9155.0,9115.0,9117.5,17544.0
2026-05-12 09:25:00,9118.0,9137.0,9105.0,9125.0,10256.0
2026-05-12 09:30:00,9126.0,9126.0,9100.0,9114.0,14232.0
2026-05-12 09:35:00,9116.5,9133.0,9088.0,9097.5,12454.0
2026-05-12 09:40:00,9097.5,9134.0,9094.0,9134.0,6583.0
2026-05-12 09:45:00,9134.0,9187.0,9128.5,9176.5,19631.0
2026-05-12 09:50:00,9174.5,9178.5,9160.0,9168.0,9352.0
2026-05-12 09:55:00,9168.0,9179.5,9156.5,9160.0,8040.0
2026-05-12 10:00:00,9160.0,9162.0,9140.0,9141.0,7332.0
2026-05-12 10:05:00,9141.0,9144.5,9132.5,9139.5,7239.0
2026-05-12 10:10:00,9139.5,9169.0,9136.5,9166.0,6528.0
2026-05-12 10:15:00,9166.0,9197.0,9166.0,9189.0,13739.0
2026-05-12 10:20:00,9189.0,9198.0,9174.0,9177.5,8948.0
2026-05-12 10:25:00,9177.5,9193.0,9176.5,9185.0,4745.0
2026-05-12 10:30:00,9185.0,9185.0,9140.0,9148.0,13076.0
2026-05-12 10:35:00,9150.5,9154.5,9142.0,9152.5,6186.0
2026-05-12 10:40:00,9152.5,9185.0,9144.0,9170.0,6521.0
2026-05-12 10:45:00,9170.0,9176.5,9157.0,9169.0,4573.0
2026-05-12 10:50:00,9169.0,9169.0,9156.0,9158.5,3269.0
2026-05-12 10:55:00,9158.0,9166.0,9157.5,9163.0,3802.0
2026-05-12 11:00:00,9163.0,9165.0,9146.5,9147.0,4759.0
2026-05-12 11:05:00,9147.0,9153.0,9121.5,9130.0,17869.0
2026-05-12 11:10:00,9130.5,9142.5,9125.5,9130.0,7613.0
2026-05-12 11:15:00,9130.0,9130.0,9102.0,9109.0,15522.0
2026-05-12 11:20:00,9106.0,9132.0,9100.0,9120.5,7018.0
2026-05-12 11:25:00,9119.5,9148.5,9119.5,9141.5,5910.0
2026-05-12 11:30:00,9141.0,9144.5,9127.0,9142.0,5790.0
2026-05-12 11:35:00,9144.0,9147.5,9140.0,9141.0,3773.0
2026-05-12 11:40:00,9140.0,9157.0,9135.5,9148.0,5458.0
2026-05-12 11:45:00,9148.5,9162.5,9141.0,9157.0,4091.0
2026-05-12 11:50:00,9157.0,9174.0,9156.0,9171.0,6122.0
2026-05-12 11:55:00,9171.0,9187.0,9170.0,9185.0,8745.0
2026-05-12 12:00:00,9185.0,9220.0,9182.0,9210.0,22731.0
2026-05-12 12:05:00,9208.5,9210.0,9191.5,9192.0,7412.0
2026-05-12 12:10:00,9192.0,9193.5,9181.5,9193.0,4425.0
2026-05-12 12:15:00,9192.0,9208.0,9190.0,9193.0,7035.0
2026-05-12 12:20:00,9193.5,9198.5,9189.0,9198.5,4473.0
2026-05-12 12:25:00,9198.0,9198.5,9185.0,9192.0,5080.0
2026-05-12 12:30:00,9192.0,9195.0,9170.5,9171.5,6913.0
2026-05-12 12:35:00,9171.5,9187.5,9169.0,9176.0,15448.0
2026-05-12 12:40:00,9174.5,9188.5,9170.5,9186.0,3580.0
2026-05-12 12:45:00,9186.0,9191.0,9173.5,9182.5,6538.0
2026-05-12 12:50:00,9182.5,9187.0,9170.5,9170.5,7183.0
2026-05-12 12:55:00,9170.5,9185.0,9168.0,9183.5,4184.0
2026-05-12 13:00:00,9183.5,9186.0,9169.5,9173.0,5922.0
2026-05-12 13:05:00,9175.0,9179.5,9154.5,9160.0,9973.0
2026-05-12 13:10:00,9160.0,9169.5,9151.5,9167.5,6618.0
2026-05-12 13:15:00,9167.5,9184.5,9167.5,9177.5,5648.0
2026-05-12 13:20:00,9177.5,9179.5,9170.0,9174.0,4632.0
2026-05-12 13:25:00,9173.5,9179.0,9163.5,9178.0,4288.0
2026-05-12 13:30:00,9178.0,9180.0,9170.0,9178.5,4062.0
2026-05-12 13:35:00,9178.5,9180.0,9152.0,9152.0,7564.0
2026-05-12 13:40:00,9152.0,9157.0,9129.5,9140.0,11095.0
2026-05-12 13:45:00,9137.5,9162.0,9137.5,9151.0,4173.0
2026-05-12 13:50:00,9151.0,9165.0,9146.0,9146.5,6838.0
2026-05-12 13:55:00,9146.5,9146.5,9139.5,9140.0,6165.0
2026-05-12 14:00:00,9140.0,9150.0,9133.0,9143.5,4524.0
2026-05-12 14:05:00,9143.5,9145.5,9105.0,9109.5,12090.0
2026-05-12 14:10:00,9113.5,9115.0,9106.5,9110.0,4667.0
2026-05-12 14:15:00,9110.0,9123.5,9109.0,9114.0,3681.0
2026-05-12 14:20:00,9114.0,9139.0,9110.0,9128.5,5486.0
2026-05-12 14:25:00,9130.0,9130.0,9114.0,9127.5,4239.0
2026-05-12 14:30:00,9127.5,9130.5,9115.5,9118.5,5301.0
2026-05-12 14:35:00,9119.0,9127.5,9081.5,9081.5,7049.0
2026-05-12 14:40:00,9084.0,9101.5,9080.5,9087.0,7673.0
2026-05-12 14:45:00,9084.5,9092.0,9081.0,9087.5,4824.0
2026-05-12 14:50:00,9083.5,9085.5,9062.5,9068.0,6406.0
2026-05-12 14:55:00,9068.5,9074.0,9054.5,9064.0,5737.0
2026-05-12 15:00:00,9062.0,9062.0,9012.0,9023.0,11992.0
2026-05-12 15:05:00,9023.0,9026.0,9002.5,9017.0,8849.0
2026-05-12 15:10:00,9017.5,9025.0,9012.0,9014.0,8749.0
2026-05-12 15:15:00,9014.5,9030.0,8991.0,9030.0,14671.0
2026-05-12 15:20:00,9029.5,9039.0,9019.5,9025.0,12598.0
2026-05-12 15:25:00,9022.5,9050.0,8979.0,9009.5,15858.0
2026-05-13 09:15:00,8991.0,9072.5,8973.0,8979.0,19999.0
2026-05-13 09:20:00,8983.0,9006.5,8933.0,8986.5,11519.0
2026-05-13 09:25:00,8991.5,9000.0,8965.0,8968.5,5804.0
2026-05-13 09:30:00,8976.0,9021.0,8955.0,8961.0,7701.0
2026-05-13 09:35:00,8957.5,8963.0,8912.0,8926.5,8367.0
2026-05-13 09:40:00,8930.0,8951.0,8925.0,8941.0,6152.0
2026-05-13 09:45:00,8941.5,8962.5,8935.0,8937.0,3138.0
2026-05-13 09:50:00,8935.0,8974.0,8930.5,8964.0,3853.0
2026-05-13 09:55:00,8961.0,8985.0,8961.0,8973.0,3422.0
2026-05-13 10:00:00,8975.0,9000.0,8965.0,8986.5,4787.0
2026-05-13 10:05:00,8989.5,9012.5,8988.0,8990.0,2637.0
2026-05-13 10:10:00,8992.0,8993.5,8970.0,8986.0,2527.0
2026-05-13 10:15:00,8987.0,9021.0,8986.0,9015.0,4318.0
2026-05-13 10:20:00,9017.0,9030.5,8983.0,8986.0,6397.0
2026-05-13 10:25:00,8990.0,8998.5,8976.0,8985.0,2525.0
2026-05-13 10:30:00,8987.5,8990.0,8956.0,8973.0,6262.0
2026-05-13 10:35:00,8971.0,8971.5,8955.0,8956.5,4764.0
2026-05-13 10:40:00,8958.5,8975.5,8952.5,8974.0,5238.0
2026-05-13 10:45:00,8970.5,8977.0,8954.5,8955.5,7640.0
2026-05-13 10:50:00,8955.5,8967.0,8951.5,8953.0,3700.0
2026-05-13 10:55:00,8954.5,8959.5,8919.5,8921.0,4853.0
2026-05-13 11:00:00,8921.0,8935.0,8915.0,8934.5,3149.0
2026-05-13 11:05:00,8932.5,8933.5,8918.5,8920.5,1685.0
2026-05-13 11:10:00,8920.5,8925.5,8910.0,8925.5,3274.0
2026-05-13 11:15:00,8921.5,8933.5,8917.0,8928.0,4694.0
2026-05-13 11:20:00,8933.0,8940.0,8920.5,8928.5,3395.0
2026-05-13 11:25:00,8927.5,8930.0,8910.0,8915.0,1680.0
2026-05-13 11:30:00,8918.0,8946.5,8915.0,8940.5,6801.0
2026-05-13 11:35:00,8943.0,8970.0,8942.0,8970.0,12084.0
2026-05-13 11:40:00,8966.5,8989.0,8965.0,8989.0,3782.0
2026-05-13 11:45:00,8989.0,8993.0,8976.0,8979.0,4409.0
2026-05-13 11:50:00,8978.5,9008.5,8978.0,9008.5,3449.0
2026-05-13 11:55:00,9007.0,9012.5,8993.0,9005.5,2767.0
2026-05-13 12:00:00,9003.5,9011.0,8990.0,8997.5,2615.0
2026-05-13 12:05:00,8997.5,8999.5,8990.5,8999.5,1452.0
2026-05-13 12:10:00,9004.0,9012.0,8999.5,9007.5,2227.0
2026-05-13 12:15:00,9006.0,9030.0,9000.0,9014.5,4601.0
2026-05-13 12:20:00,9014.5,9029.0,9001.5,9020.5,3571.0
2026-05-13 12:25:00,9020.0,9026.0,9007.5,9018.5,3193.0
2026-05-13 12:30:00,9019.0,9020.5,9008.5,9008.5,2475.0
2026-05-13 12:35:00,9006.0,9013.5,8992.0,9006.0,2540.0
2026-05-13 12:40:00,9006.5,9006.5,8987.0,8990.5,2674.0
2026-05-13 12:45:00,8988.5,9002.5,8980.0,8994.5,2210.0
2026-05-13 12:50:00,8998.0,9021.0,8998.0,9016.5,2836.0
2026-05-13 12:55:00,9019.0,9049.0,9015.0,9028.0,6825.0
2026-05-13 13:00:00,9027.0,9030.0,9000.0,9000.0,2175.0
2026-05-13 13:05:00,9000.0,9005.5,8991.0,9000.0,1963.0
2026-05-13 13:10:00,9000.5,9016.0,8993.5,9003.0,2117.0
2026-05-13 13:15:00,9000.5,9004.5,8983.0,8983.0,2394.0
2026-05-13 13:20:00,8983.0,8998.0,8982.5,8995.0,1888.0
2026-05-13 13:25:00,8993.0,9010.5,8990.0,9004.5,4666.0
2026-05-13 13:30:00,9002.5,9027.0,8994.5,9019.5,3059.0
2026-05-13 13:35:00,9018.5,9023.5,9010.0,9022.0,2743.0
2026-05-13 13:40:00,9024.5,9025.0,9006.5,9007.5,2582.0
2026-05-13 13:45:00,9007.0,9021.5,9000.0,9001.0,2259.0
2026-05-13 13:50:00,9000.5,9013.0,8995.0,9003.5,2383.0
2026-05-13 13:55:00,9002.5,9002.5,8975.0,8978.0,3986.0
2026-05-13 14:00:00,8978.0,8983.0,8970.5,8979.5,1760.0
2026-05-13 14:05:00,8980.0,8998.0,8980.0,8998.0,1935.0
2026-05-13 14:10:00,8999.0,9020.0,8999.0,9013.0,2252.0
2026-05-13 14:15:00,9011.5,9016.0,8995.5,8997.5,1427.0
2026-05-13 14:20:00,8997.0,8997.0,8980.5,8996.5,2077.0
2026-05-13 14:25:00,8995.0,8997.0,8978.0,8982.5,1563.0
2026-05-13 14:30:00,8982.5,8994.0,8982.0,8985.5,1772.0
2026-05-13 14:35:00,8985.0,8985.5,8939.0,8943.0,10125.0
2026-05-13 14:40:00,8941.5,8946.5,8926.0,8929.5,11274.0
2026-05-13 14:45:00,8925.5,8933.5,8916.5,8928.0,12782.0
2026-05-13 14:50:00,8928.0,8933.0,8916.5,8927.0,10591.0
2026-05-13 14:55:00,8927.5,8935.0,8921.0,8932.0,9784.0
2026-05-13 15:00:00,8931.0,8932.0,8892.0,8893.5,16645.0
2026-05-13 15:05:00,8895.0,8895.0,8880.0,8887.5,14511.0
2026-05-13 15:10:00,8885.5,8893.0,8878.5,8882.0,16202.0
2026-05-13 15:15:00,8880.5,8889.5,8872.5,8880.5,19960.0
2026-05-13 15:20:00,8880.0,8885.0,8865.0,8880.0,20561.0
2026-05-13 15:25:00,8879.5,8921.0,8879.0,8900.0,19759.0
2026-05-14 09:15:00,8948.0,8998.5,8947.0,8973.0,11458.0
2026-05-14 09:20:00,8972.5,9025.0,8972.5,8999.0,6206.0
2026-05-14 09:25:00,8994.5,9000.0,8974.0,9000.0,4617.0
2026-05-14 09:30:00,9000.0,9014.5,8987.0,9010.0,6605.0
2026-05-14 09:35:00,9010.0,9011.0,8988.0,8997.5,4157.0
2026-05-14 09:40:00,8996.0,8998.5,8978.0,8979.5,7768.0
2026-05-14 09:45:00,8980.0,9000.0,8972.0,8975.5,4390.0
2026-05-14 09:50:00,8979.0,8980.0,8955.0,8955.0,6335.0
2026-05-14 09:55:00,8955.0,8956.5,8925.5,8943.0,7952.0
2026-05-14 10:00:00,8942.0,8977.5,8938.0,8974.5,3540.0
2026-05-14 10:05:00,8974.5,8979.5,8963.5,8972.0,3657.0
2026-05-14 10:10:00,8970.5,8996.5,8960.5,8991.0,2078.0
2026-05-14 10:15:00,8996.0,9016.5,8987.0,9016.5,6294.0
2026-05-14 10:20:00,9015.5,9016.0,8987.0,9000.5,7090.0
2026-05-14 10:25:00,9000.0,9010.0,9000.0,9009.0,2031.0
2026-05-14 10:30:00,9006.5,9018.5,9002.0,9018.5,2591.0
2026-05-14 10:35:00,9019.0,9030.0,9017.0,9024.5,5043.0
2026-05-14 10:40:00,9023.5,9024.5,9005.0,9013.0,4515.0
2026-05-14 10:45:00,9013.0,9014.5,9001.0,9003.0,4912.0
2026-05-14 10:50:00,9003.0,9029.0,9001.0,9026.0,3689.0
2026-05-14 10:55:00,9015.5,9020.5,8985.0,8990.0,5704.0
2026-05-14 11:00:00,8991.0,9002.0,8981.0,8986.0,9502.0
2026-05-14 11:05:00,8986.0,8988.0,8971.0,8977.5,5541.0
2026-05-14 11:10:00,8977.0,8993.5,8974.0,8989.5,3816.0
2026-05-14 11:15:00,8990.0,9009.0,8990.0,9004.5,2872.0
2026-05-14 11:20:00,9004.5,9028.5,9001.5,9022.5,2199.0
2026-05-14 11:25:00,9020.0,9027.5,9011.0,9017.5,3846.0
2026-05-14 11:30:00,9016.5,9027.0,9016.5,9024.0,1151.0
2026-05-14 11:35:00,9023.5,9047.0,9023.5,9042.5,4205.0
2026-05-14 11:40:00,9042.5,9074.5,9042.5,9071.0,6361.0
2026-05-14 11:45:00,9072.0,9095.5,9072.0,9088.0,6069.0
2026-05-14 11:50:00,9092.0,9117.5,9089.0,9110.5,6072.0
2026-05-14 11:55:00,9109.0,9121.0,9099.5,9111.0,5417.0
2026-05-14 12:00:00,9113.0,9115.0,9091.0,9098.0,3461.0
2026-05-14 12:05:00,9100.0,9100.0,9070.5,9077.0,4640.0
2026-05-14 12:10:00,9087.0,9099.0,9058.5,9099.0,5163.0
2026-05-14 12:15:00,9099.0,9109.5,9096.0,9102.0,3825.0
2026-05-14 12:20:00,9104.5,9112.5,9102.0,9110.0,1779.0
2026-05-14 12:25:00,9110.0,9116.5,9103.5,9113.5,3270.0
2026-05-14 12:30:00,9113.5,9116.0,9108.0,9112.0,1698.0
2026-05-14 12:35:00,9112.0,9113.5,9104.0,9109.5,1195.0
2026-05-14 12:40:00,9109.0,9136.0,9104.0,9132.0,6389.0
2026-05-14 12:45:00,9132.0,9138.0,9124.0,9127.0,2865.0
2026-05-14 12:50:00,9127.0,9128.0,9111.0,9115.5,2082.0
2026-05-14 12:55:00,9116.5,9120.5,9115.5,9119.5,1404.0
2026-05-14 13:00:00,9120.0,9127.0,9116.5,9121.0,1140.0
2026-05-14 13:05:00,9122.0,9123.5,9108.5,9110.5,912.0
2026-05-14 13:10:00,9110.0,9110.0,9095.0,9096.0,6577.0
2026-05-14 13:15:00,9096.0,9100.0,9085.5,9093.5,2615.0
2026-05-14 13:20:00,9096.0,9100.0,9090.0,9090.0,988.0
2026-05-14 13:25:00,9089.5,9109.0,9089.5,9101.0,2165.0
2026-05-14 13:30:00,9101.0,9120.0,9101.0,9118.0,823.0
2026-05-14 13:35:00,9119.5,9132.0,9118.5,9125.5,2511.0
2026-05-14 13:40:00,9124.0,9136.0,9124.0,9135.0,1722.0
2026-05-14 13:45:00,9140.0,9145.0,9124.0,9128.5,5093.0
2026-05-14 13:50:00,9127.5,9144.5,9127.5,9142.0,2459.0
2026-05-14 13:55:00,9143.0,9159.0,9135.0,9152.0,6458.0
2026-05-14 14:00:00,9152.0,9152.0,9129.0,9138.5,2368.0
2026-05-14 14:05:00,9140.0,9146.0,9136.5,9143.0,2743.0
2026-05-14 14:10:00,9144.5,9159.0,9144.5,9151.0,7066.0
2026-05-14 14:15:00,9151.0,9165.5,9139.0,9140.0,4441.0
2026-05-14 14:20:00,9140.5,9153.5,9140.5,9151.5,1497.0
2026-05-14 14:25:00,9152.0,9161.0,9144.5,9157.0,1824.0
2026-05-14 14:30:00,9159.0,9189.0,9156.0,9184.0,8270.0
2026-05-14 14:35:00,9186.5,9189.0,9182.5,9188.0,2803.0
2026-05-14 14:40:00,9185.5,9188.0,9180.5,9185.0,3017.0
2026-05-14 14:45:00,9184.5,9186.5,9160.5,9171.5,5616.0
2026-05-14 14:50:00,9172.0,9191.5,9171.5,9191.0,3590.0
2026-05-14 14:55:00,9185.5,9216.5,9185.5,9198.0,11445.0
2026-05-14 15:00:00,9200.0,9209.5,9195.0,9209.5,5718.0
2026-05-14 15:05:00,9209.0,9212.5,9193.5,9208.5,8831.0
2026-05-14 15:10:00,9206.5,9215.0,9201.0,9213.0,9841.0
2026-05-14 15:15:00,9211.0,9225.0,9210.0,9225.0,12018.0
2026-05-14 15:20:00,9224.5,9239.0,9220.0,9224.0,16049.0
2026-05-14 15:25:00,9226.0,9239.0,9220.0,9235.5,13068.0
2026-05-15 09:15:00,9262.5,9267.5,9185.5,9185.5,24015.0
2026-05-15 09:20:00,9189.0,9190.5,9105.0,9133.0,12218.0
2026-05-15 09:25:00,9135.5,9150.0,9108.5,9108.5,8035.0
2026-05-15 09:30:00,9112.0,9150.0,9100.0,9125.0,7475.0
2026-05-15 09:35:00,9125.0,9157.5,9113.5,9153.5,7316.0
2026-05-15 09:40:00,9154.0,9183.0,9148.0,9182.0,7470.0
2026-05-15 09:45:00,9184.0,9184.0,9153.5,9153.5,4094.0
2026-05-15 09:50:00,9157.0,9181.0,9152.0,9174.0,2749.0
2026-05-15 09:55:00,9174.0,9175.5,9158.0,9159.5,1134.0
2026-05-15 10:00:00,9162.0,9162.0,9148.5,9156.5,2430.0
2026-05-15 10:05:00,9156.5,9160.5,9135.0,9136.0,2107.0
2026-05-15 10:10:00,9133.0,9149.0,9132.5,9144.0,1021.0
2026-05-15 10:15:00,9147.0,9159.5,9143.5,9152.0,2280.0
2026-05-15 10:20:00,9152.0,9162.0,9147.0,9157.0,2371.0
2026-05-15 10:25:00,9160.0,9174.0,9150.0,9156.0,2554.0
2026-05-15 10:30:00,9154.0,9154.0,9138.0,9150.0,2174.0
2026-05-15 10:35:00,9150.0,9154.0,9140.0,9142.0,1612.0
2026-05-15 10:40:00,9145.0,9170.5,9144.0,9170.0,2744.0
2026-05-15 10:45:00,9170.5,9171.0,9159.5,9165.0,668.0
2026-05-15 10:50:00,9168.0,9183.0,9168.0,9182.0,1337.0
2026-05-15 10:55:00,9182.0,9190.0,9165.0,9189.0,2645.0
2026-05-15 11:00:00,9189.5,9189.5,9169.5,9172.5,1467.0
2026-05-15 11:05:00,9175.0,9180.0,9162.5,9175.0,2476.0
2026-05-15 11:10:00,9176.0,9178.5,9162.0,9162.0,1405.0
2026-05-15 11:15:00,9160.0,9165.0,9144.0,9162.5,3701.0
2026-05-15 11:20:00,9165.0,9165.0,9146.5,9148.0,1035.0
2026-05-15 11:25:00,9148.0,9157.5,9141.0,9144.0,1827.0
2026-05-15 11:30:00,9144.0,9147.5,9141.0,9145.0,1257.0
2026-05-15 11:35:00,9145.5,9147.0,9119.5,9130.0,5414.0
2026-05-15 11:40:00,9130.0,9136.5,9122.0,9133.0,1749.0
2026-05-15 11:45:00,9136.0,9151.5,9130.5,9147.0,913.0
2026-05-15 11:50:00,9147.0,9154.5,9145.0,9149.5,904.0
2026-05-15 11:55:00,9144.5,9156.5,9135.0,9156.5,1243.0
2026-05-15 12:00:00,9156.5,9159.0,9148.5,9159.0,1113.0
2026-05-15 12:05:00,9159.5,9186.0,9159.0,9175.0,2398.0
2026-05-15 12:10:00,9178.0,9178.5,9159.0,9164.5,1584.0
2026-05-15 12:15:00,9164.5,9172.5,9160.0,9169.0,782.0
2026-05-15 12:20:00,9170.0,9170.0,9142.0,9143.5,3140.0
2026-05-15 12:25:00,9141.5,9153.0,9135.0,9143.5,1381.0
2026-05-15 12:30:00,9143.5,9170.0,9140.5,9170.0,461.0
2026-05-15 12:35:00,9170.0,9176.0,9165.0,9173.5,675.0
2026-05-15 12:40:00,9173.5,9183.0,9170.0,9177.0,910.0
2026-05-15 12:45:00,9174.5,9179.0,9170.0,9171.5,598.0
2026-05-15 12:50:00,9172.5,9183.0,9170.0,9175.5,2292.0
2026-05-15 12:55:00,9175.5,9179.0,9167.5,9171.0,1217.0
2026-05-15 13:00:00,9174.5,9181.0,9166.5,9172.5,391.0
2026-05-15 13:05:00,9176.5,9181.0,9164.5,9177.5,1322.0
2026-05-15 13:10:00,9181.0,9194.5,9177.5,9188.0,2704.0
2026-05-15 13:15:00,9191.5,9194.0,9182.0,9194.0,929.0
2026-05-15 13:20:00,9195.0,9199.0,9190.0,9198.0,1002.0
2026-05-15 13:25:00,9198.0,9198.0,9190.0,9198.0,1087.0
2026-05-15 13:30:00,9197.0,9206.0,9189.0,9205.0,3251.0
2026-05-15 13:35:00,9205.0,9212.0,9190.0,9195.0,2004.0
2026-05-15 13:40:00,9195.0,9202.5,9184.5,9202.5,1383.0
2026-05-15 13:45:00,9201.0,9208.0,9162.5,9170.5,2742.0
2026-05-15 13:50:00,9172.5,9175.0,9161.0,9173.0,1464.0
2026-05-15 13:55:00,9174.5,9177.5,9150.5,9166.0,1339.0
2026-05-15 14:00:00,9165.5,9168.0,9150.0,9155.5,1133.0
2026-05-15 14:05:00,9155.0,9167.5,9150.5,9166.5,656.0
2026-05-15 14:10:00,9173.5,9180.0,9168.0,9175.0,951.0
2026-05-15 14:15:00,9175.0,9177.0,9160.0,9167.0,868.0
2026-05-15 14:20:00,9170.5,9175.0,9155.0,9165.0,2020.0
2026-05-15 14:25:00,9170.5,9170.5,9155.0,9167.5,684.0
2026-05-15 14:30:00,9175.0,9176.0,9141.0,9153.5,1543.0
2026-05-15 14:35:00,9157.5,9167.5,9148.5,9155.0,766.0
2026-05-15 14:40:00,9155.0,9171.5,9152.0,9165.5,816.0
2026-05-15 14:45:00,9164.0,9165.0,9130.5,9135.0,1812.0
2026-05-15 14:50:00,9134.0,9141.5,9122.0,9128.5,1631.0
2026-05-15 14:55:00,9129.0,9150.0,9119.0,9139.0,2047.0
2026-05-15 15:00:00,9138.0,9161.5,9130.0,9161.0,3920.0
2026-05-15 15:05:00,9161.0,9164.5,9150.0,9151.0,3102.0
2026-05-15 15:10:00,9154.0,9162.5,9152.5,9159.0,2647.0
2026-05-15 15:15:00,9159.0,9159.5,9137.0,9158.0,5618.0
2026-05-15 15:20:00,9158.5,9163.0,9141.0,9141.0,5805.0
2026-05-15 15:25:00,9142.5,9168.0,9141.0,9153.0,4527.0
2026-05-18 09:15:00,9100.0,9100.0,9005.0,9031.0,17905.0
2026-05-18 09:20:00,9031.0,9046.0,9010.5,9024.0,10806.0
2026-05-18 09:25:00,9024.0,9035.0,8986.5,9009.0,7211.0
2026-05-18 09:30:00,9011.0,9025.0,8992.0,9013.5,4360.0
2026-05-18 09:35:00,9016.5,9031.5,9001.0,9014.0,4593.0
2026-05-18 09:40:00,9016.0,9016.0,8990.0,9006.0,3659.0
2026-05-18 09:45:00,9005.0,9016.0,8982.0,8984.0,2886.0
2026-05-18 09:50:00,8984.0,8990.0,8943.5,8948.5,4825.0
2026-05-18 09:55:00,8953.0,8970.0,8944.0,8965.0,4912.0
2026-05-18 10:00:00,8963.0,8972.0,8954.0,8970.0,3575.0
2026-05-18 10:05:00,8970.0,8980.0,8963.5,8971.0,3050.0
2026-05-18 10:10:00,8971.0,8981.0,8969.0,8976.5,1907.0
2026-05-18 10:15:00,8976.5,9004.5,8971.0,9002.0,2628.0
2026-05-18 10:20:00,9003.0,9004.0,8980.0,8997.5,14810.0
2026-05-18 10:25:00,8995.0,9002.5,8980.0,8986.0,2741.0
2026-05-18 10:30:00,8985.5,8999.0,8962.0,8997.0,3249.0
2026-05-18 10:35:00,8997.5,9010.0,8993.5,8999.5,3211.0
2026-05-18 10:40:00,8996.5,8999.0,8975.0,8991.0,2101.0
2026-05-18 10:45:00,8987.0,9003.0,8981.0,8987.0,2012.0
2026-05-18 10:50:00,8987.0,9010.0,8986.0,9010.0,1864.0
2026-05-18 10:55:00,9008.5,9025.0,9007.0,9025.0,2151.0
2026-05-18 11:00:00,9022.0,9034.0,9016.0,9033.5,3280.0
2026-05-18 11:05:00,9033.5,9063.5,9032.0,9054.5,4788.0
2026-05-18 11:10:00,9053.0,9064.0,9049.5,9053.5,1768.0
2026-05-18 11:15:00,9053.0,9060.0,9043.5,9054.5,2339.0
2026-05-18 11:20:00,9042.5,9053.5,9042.5,9049.5,2678.0
2026-05-18 11:25:00,9050.0,9055.0,9040.0,9049.0,5589.0
2026-05-18 11:30:00,9046.5,9066.0,9044.0,9061.0,1986.0
2026-05-18 11:35:00,9058.5,9070.0,9055.0,9068.5,2236.0
2026-05-18 11:40:00,9065.0,9069.0,9051.5,9064.5,1618.0
2026-05-18 11:45:00,9063.5,9068.0,9045.0,9049.5,1719.0
2026-05-18 11:50:00,9048.5,9051.0,9043.5,9048.0,1650.0
2026-05-18 11:55:00,9045.5,9055.0,9036.0,9036.0,2016.0
2026-05-18 12:00:00,9037.0,9042.5,9030.0,9040.0,1594.0
2026-05-18 12:05:00,9038.5,9049.5,9038.5,9046.0,1968.0
2026-05-18 12:10:00,9043.0,9064.0,9037.5,9064.0,1450.0
2026-05-18 12:15:00,9061.0,9064.0,9048.0,9053.5,1433.0
2026-05-18 12:20:00,9050.5,9061.0,9050.5,9060.5,1148.0
2026-05-18 12:25:00,9062.0,9088.0,9060.5,9087.5,4455.0
2026-05-18 12:30:00,9084.5,9123.0,9084.5,9117.5,5084.0
2026-05-18 12:35:00,9118.0,9135.0,9117.0,9132.5,3003.0
2026-05-18 12:40:00,9132.5,9136.5,9105.5,9115.0,3114.0
2026-05-18 12:45:00,9115.0,9117.0,9095.5,9099.0,5096.0
2026-05-18 12:50:00,9099.0,9110.0,9096.0,9105.0,1488.0
2026-05-18 12:55:00,9105.0,9134.5,9103.5,9127.0,3477.0
2026-05-18 13:00:00,9127.0,9154.5,9127.0,9150.5,5894.0
2026-05-18 13:05:00,9146.5,9146.5,9120.0,9125.5,2488.0
2026-05-18 13:10:00,9124.0,9126.0,9110.0,9126.0,2589.0
2026-05-18 13:15:00,9126.0,9140.0,9125.5,9129.5,3349.0
2026-05-18 13:20:00,9129.5,9138.0,9116.0,9135.0,2268.0
2026-05-18 13:25:00,9140.0,9140.0,9119.0,9126.5,2522.0
2026-05-18 13:30:00,9126.5,9135.0,9121.0,9125.5,3354.0
2026-05-18 13:35:00,9128.0,9134.0,9119.0,9132.5,2738.0
2026-05-18 13:40:00,9133.0,9140.0,9126.0,9135.0,3392.0
2026-05-18 13:45:00,9136.5,9138.5,9124.0,9138.5,1984.0
2026-05-18 13:50:00,9138.5,9148.0,9137.5,9140.0,6905.0
2026-05-18 13:55:00,9140.0,9150.0,9136.0,9147.0,2341.0
2026-05-18 14:00:00,9147.0,9147.0,9135.5,9139.5,2566.0
2026-05-18 14:05:00,9139.5,9140.0,9125.5,9137.0,3153.0
2026-05-18 14:10:00,9136.5,9147.0,9124.0,9144.5,4001.0
2026-05-18 14:15:00,9141.5,9141.5,9121.5,9126.0,2269.0
2026-05-18 14:20:00,9125.5,9137.5,9125.5,9126.5,2643.0
2026-05-18 14:25:00,9126.5,9140.0,9125.0,9137.0,2015.0
2026-05-18 14:30:00,9136.5,9142.5,9135.5,9136.0,3102.0
2026-05-18 14:35:00,9139.5,9142.0,9133.0,9133.0,2413.0
2026-05-18 14:40:00,9133.0,9158.0,9133.0,9152.0,4032.0
2026-05-18 14:45:00,9153.5,9154.5,9129.5,9130.5,6049.0
2026-05-18 14:50:00,9129.5,9139.5,9122.5,9135.0,3344.0
2026-05-18 14:55:00,9136.5,9137.5,9113.0,9123.5,4355.0
2026-05-18 15:00:00,9122.5,9170.0,9122.0,9151.0,9881.0
2026-05-18 15:05:00,9157.5,9165.0,9126.5,9139.5,6797.0
2026-05-18 15:10:00,9135.5,9159.5,9135.0,9143.5,7346.0
2026-05-18 15:15:00,9143.5,9153.0,9141.0,9147.5,5765.0
2026-05-18 15:20:00,9148.5,9168.0,9147.5,9162.0,7855.0
2026-05-18 15:25:00,9163.0,9170.0,9144.0,9169.0,6716.0
2026-05-19 09:15:00,9171.0,9183.5,9109.5,9111.0,10180.0
2026-05-19 09:20:00,9124.5,9138.0,9115.0,9122.0,3332.0
2026-05-19 09:25:00,9122.0,9130.0,9111.0,9126.0,3766.0
2026-05-19 09:30:00,9118.5,9122.0,9096.0,9099.0,4617.0
2026-05-19 09:35:00,9092.5,9129.5,9090.0,9129.5,3949.0
2026-05-19 09:40:00,9138.5,9168.5,9136.5,9154.5,4921.0
2026-05-19 09:45:00,9152.0,9165.0,9140.5,9146.5,2208.0
2026-05-19 09:50:00,9160.0,9165.0,9141.5,9152.5,2354.0
2026-05-19 09:55:00,9151.0,9215.0,9148.0,9193.0,13198.0
2026-05-19 10:00:00,9187.0,9200.0,9177.0,9192.5,4068.0
2026-05-19 10:05:00,9190.5,9222.0,9190.5,9217.5,4565.0
2026-05-19 10:10:00,9216.0,9224.0,9212.5,9221.0,3072.0
2026-05-19 10:15:00,9220.5,9223.5,9199.5,9203.0,2942.0
2026-05-19 10:20:00,9203.5,9209.0,9186.0,9190.0,2160.0
2026-05-19 10:25:00,9190.0,9202.5,9190.0,9198.0,1594.0
2026-05-19 10:30:00,9195.5,9203.0,9190.0,9195.0,1600.0
2026-05-19 10:35:00,9192.0,9201.0,9186.5,9200.5,822.0
2026-05-19 10:40:00,9198.0,9201.0,9190.0,9198.0,1687.0
2026-05-19 10:45:00,9199.0,9214.5,9191.0,9208.0,1968.0
2026-05-19 10:50:00,9208.0,9215.0,9194.0,9200.5,1354.0
2026-05-19 10:55:00,9200.5,9220.0,9200.5,9218.0,1796.0
2026-05-19 11:00:00,9217.0,9219.0,9207.5,9209.0,970.0
2026-05-19 11:05:00,9206.5,9235.0,9203.0,9220.0,6004.0
2026-05-19 11:10:00,9220.0,9223.0,9207.5,9207.5,643.0
2026-05-19 11:15:00,9206.0,9214.0,9201.0,9207.0,1051.0
2026-05-19 11:20:00,9204.5,9214.0,9201.0,9209.0,920.0
2026-05-19 11:25:00,9211.0,9214.0,9201.0,9214.0,1350.0
2026-05-19 11:30:00,9211.5,9230.0,9204.0,9214.0,2861.0
2026-05-19 11:35:00,9212.0,9219.5,9205.0,9213.5,2651.0
2026-05-19 11:40:00,9211.5,9248.0,9211.5,9247.0,4953.0
2026-05-19 11:45:00,9246.5,9248.0,9239.5,9242.5,4098.0
2026-05-19 11:50:00,9242.5,9246.0,9233.5,9240.5,3072.0
2026-05-19 11:55:00,9240.5,9246.5,9233.5,9238.5,1462.0
2026-05-19 12:00:00,9236.0,9247.0,9231.5,9241.5,2822.0
2026-05-19 12:05:00,9242.5,9250.0,9241.5,9248.0,2015.0
2026-05-19 12:10:00,9248.0,9278.0,9244.0,9270.0,5964.0
2026-05-19 12:15:00,9272.0,9290.0,9270.0,9287.5,10026.0
2026-05-19 12:20:00,9283.5,9289.0,9274.0,9282.0,9090.0
2026-05-19 12:25:00,9282.0,9293.5,9280.0,9292.5,7900.0
2026-05-19 12:30:00,9290.0,9292.5,9260.0,9265.0,10897.0
2026-05-19 12:35:00,9264.0,9271.5,9255.5,9261.5,4302.0
2026-05-19 12:40:00,9261.5,9265.5,9246.0,9246.0,4987.0
2026-05-19 12:45:00,9245.0,9252.5,9240.5,9241.5,3136.0
2026-05-19 12:50:00,9241.5,9246.0,9233.0,9239.5,3328.0
2026-05-19 12:55:00,9239.0,9239.0,9220.5,9227.0,3768.0
2026-05-19 13:00:00,9226.0,9234.0,9225.0,9229.0,2975.0
2026-05-19 13:05:00,9229.0,9234.0,9229.0,9230.5,2107.0
2026-05-19 13:10:00,9230.0,9231.0,9216.5,9218.5,5026.0
2026-05-19 13:15:00,9214.5,9226.5,9213.0,9224.0,3712.0
2026-05-19 13:20:00,9220.5,9224.5,9212.0,9223.0,3004.0
2026-05-19 13:25:00,9221.5,9227.0,9218.5,9224.5,2515.0
2026-05-19 13:30:00,9222.5,9222.5,9204.0,9215.0,4179.0
2026-05-19 13:35:00,9214.0,9215.0,9196.5,9206.0,1863.0
2026-05-19 13:40:00,9203.5,9212.5,9197.5,9209.5,2703.0
2026-05-19 13:45:00,9208.5,9220.0,9206.5,9216.5,2023.0
2026-05-19 13:50:00,9214.5,9220.0,9201.0,9205.0,3855.0
2026-05-19 13:55:00,9201.0,9209.0,9198.5,9207.5,1790.0
2026-05-19 14:00:00,9207.5,9223.5,9207.5,9221.0,7166.0
2026-05-19 14:05:00,9221.0,9225.0,9218.5,9224.5,1444.0
2026-05-19 14:10:00,9223.5,9235.0,9208.5,9222.5,26122.0
2026-05-19 14:15:00,9222.5,9227.0,9222.5,9227.0,2370.0
2026-05-19 14:20:00,9226.0,9255.0,9221.5,9255.0,5595.0
2026-05-19 14:25:00,9252.5,9256.0,9237.5,9248.0,3644.0
2026-05-19 14:30:00,9244.5,9245.5,9215.5,9223.0,6298.0
2026-05-19 14:35:00,9220.5,9237.5,9210.5,9235.0,5049.0
2026-05-19 14:40:00,9234.5,9235.0,9210.0,9211.0,8982.0
2026-05-19 14:45:00,9207.0,9207.0,9188.0,9196.0,6439.0
2026-05-19 14:50:00,9198.0,9200.0,9172.5,9175.0,6687.0
2026-05-19 14:55:00,9173.5,9180.0,9163.5,9174.0,8757.0
2026-05-19 15:00:00,9174.0,9178.0,9162.0,9163.5,4587.0
2026-05-19 15:05:00,9168.0,9177.5,9159.5,9166.5,4810.0
2026-05-19 15:10:00,9167.0,9175.0,9160.0,9175.0,5595.0
2026-05-19 15:15:00,9175.0,9175.0,9154.0,9161.0,5706.0
2026-05-19 15:20:00,9160.5,9162.0,9140.0,9150.5,7558.0
2026-05-19 15:25:00,9159.0,9175.0,9148.5,9170.0,8753.0
2026-05-20 09:15:00,9068.0,9097.5,9026.5,9028.0,13776.0
2026-05-20 09:20:00,9025.0,9064.0,9016.5,9040.0,7983.0
2026-05-20 09:25:00,9040.0,9048.5,9027.0,9035.5,6175.0
2026-05-20 09:30:00,9034.5,9080.0,9027.0,9051.0,6787.0
2026-05-20 09:35:00,9050.0,9058.0,9043.0,9051.5,4708.0
2026-05-20 09:40:00,9051.5,9059.0,9044.0,9056.0,3486.0
2026-05-20 09:45:00,9053.5,9075.0,9052.0,9073.5,4660.0
2026-05-20 09:50:00,9072.5,9115.0,9072.5,9113.5,8869.0
2026-05-20 09:55:00,9112.5,9130.0,9100.0,9122.0,6748.0
2026-05-20 10:00:00,9123.0,9165.5,9113.5,9158.0,12266.0
2026-05-20 10:05:00,9155.5,9156.5,9115.5,9132.5,6087.0
2026-05-20 10:10:00,9132.0,9139.5,9117.0,9120.5,6775.0
2026-05-20 10:15:00,9120.5,9139.0,9120.5,9133.0,3718.0
2026-05-20 10:20:00,9130.5,9147.0,9127.0,9135.0,2986.0
2026-05-20 10:25:00,9135.0,9156.0,9128.5,9148.5,4991.0
2026-05-20 10:30:00,9150.0,9190.0,9150.0,9175.5,6249.0
2026-05-20 10:35:00,9175.0,9189.0,9174.0,9185.0,2434.0
2026-05-20 10:40:00,9185.0,9187.0,9169.0,9179.5,2343.0
2026-05-20 10:45:00,9178.0,9182.0,9171.5,9178.0,1673.0
2026-05-20 10:50:00,9175.5,9207.0,9173.5,9205.5,5199.0
2026-05-20 10:55:00,9205.0,9210.0,9197.5,9204.5,2975.0
2026-05-20 11:00:00,9202.0,9206.0,9175.0,9179.5,2276.0
2026-05-20 11:05:00,9177.0,9191.5,9176.5,9188.0,1517.0
2026-05-20 11:10:00,9185.5,9191.0,9179.5,9181.0,1510.0
2026-05-20 11:15:00,9181.5,9185.0,9170.0,9174.0,1348.0
2026-05-20 11:20:00,9172.0,9191.0,9172.0,9184.5,1143.0
2026-05-20 11:25:00,9184.5,9198.0,9184.5,9193.0,1471.0
2026-05-20 11:30:00,9192.5,9196.0,9179.5,9185.0,1709.0
2026-05-20 11:35:00,9185.0,9198.5,9184.5,9195.0,1494.0
2026-05-20 11:40:00,9193.5,9200.0,9192.5,9192.5,1928.0
2026-05-20 11:45:00,9193.0,9200.0,9191.5,9197.0,4619.0
2026-05-20 11:50:00,9197.0,9217.0,9183.0,9198.0,6406.0
2026-05-20 11:55:00,9198.0,9207.0,9185.0,9192.0,2125.0
2026-05-20 12:00:00,9195.5,9200.0,9184.0,9185.5,2445.0
2026-05-20 12:05:00,9185.0,9190.5,9179.0,9187.5,2360.0
2026-05-20 12:10:00,9187.5,9193.0,9180.5,9190.0,1574.0
2026-05-20 12:15:00,9188.5,9203.0,9187.5,9198.5,3367.0
2026-05-20 12:20:00,9199.0,9214.5,9199.0,9206.5,4773.0
2026-05-20 12:25:00,9205.0,9210.0,9195.0,9202.5,3106.0
2026-05-20 12:30:00,9204.0,9220.0,9200.0,9208.5,3333.0
2026-05-20 12:35:00,9209.0,9217.0,9207.0,9214.0,1419.0
2026-05-20 12:40:00,9212.0,9219.0,9212.0,9212.5,1202.0
2026-05-20 12:45:00,9212.0,9215.5,9204.0,9210.5,1538.0
2026-05-20 12:50:00,9212.0,9238.0,9212.0,9234.0,6057.0
2026-05-20 12:55:00,9234.5,9235.5,9214.0,9218.5,2311.0
2026-05-20 13:00:00,9218.5,9221.0,9210.0,9211.0,1890.0
2026-05-20 13:05:00,9211.5,9217.5,9206.0,9212.5,2379.0
2026-05-20 13:10:00,9214.0,9216.5,9208.5,9213.0,1205.0
2026-05-20 13:15:00,9213.0,9213.5,9184.5,9192.5,7552.0
2026-05-20 13:20:00,9192.5,9200.0,9191.0,9198.5,1873.0
2026-05-20 13:25:00,9197.5,9216.0,9194.0,9194.5,2892.0
2026-05-20 13:30:00,9198.5,9216.5,9190.5,9212.0,1870.0
2026-05-20 13:35:00,9212.0,9224.0,9205.5,9210.0,1903.0
2026-05-20 13:40:00,9210.5,9213.5,9202.5,9204.0,1338.0
2026-05-20 13:45:00,9204.0,9218.5,9200.0,9218.5,3129.0
2026-05-20 13:50:00,9220.0,9230.0,9210.5,9227.5,2718.0
2026-05-20 13:55:00,9226.5,9230.0,9220.5,9226.0,2084.0
2026-05-20 14:00:00,9226.0,9235.0,9210.5,9215.5,3063.0
2026-05-20 14:05:00,9215.5,9228.5,9215.5,9223.0,1782.0
2026-05-20 14:10:00,9223.5,9234.0,9220.0,9222.5,2441.0
2026-05-20 14:15:00,9220.0,9223.0,9204.5,9204.5,3395.0
2026-05-20 14:20:00,9204.5,9225.0,9200.0,9219.0,3832.0
2026-05-20 14:25:00,9219.0,9219.5,9204.5,9214.0,3775.0
2026-05-20 14:30:00,9213.5,9225.5,9209.0,9215.0,2719.0
2026-05-20 14:35:00,9219.0,9219.5,9202.0,9202.0,3173.0
2026-05-20 14:40:00,9205.0,9205.5,9195.0,9199.0,4324.0
2026-05-20 14:45:00,9199.0,9218.0,9199.0,9215.5,7676.0
2026-05-20 14:50:00,9216.0,9222.0,9211.0,9217.0,1773.0
2026-05-20 14:55:00,9217.0,9226.5,9208.0,9208.0,4006.0
2026-05-20 15:00:00,9208.0,9208.5,9196.0,9200.0,5911.0
2026-05-20 15:05:00,9200.0,9206.5,9198.0,9204.0,18198.0
2026-05-20 15:10:00,9204.0,9204.5,9191.0,9194.5,10780.0
2026-05-20 15:15:00,9188.0,9207.0,9188.0,9197.0,12162.0
2026-05-20 15:20:00,9198.0,9203.0,9190.0,9196.0,11148.0
2026-05-20 15:25:00,9192.0,9210.0,9177.0,9177.0,6378.0
2026-05-21 09:15:00,9235.0,9299.0,9222.0,9285.5,18277.0
2026-05-21 09:20:00,9274.0,9309.5,9266.5,9291.0,12365.0
2026-05-21 09:25:00,9290.0,9308.0,9258.5,9258.5,7629.0
2026-05-21 09:30:00,9253.5,9268.0,9245.0,9260.0,7180.0
2026-05-21 09:35:00,9257.5,9289.0,9257.5,9280.5,4102.0
2026-05-21 09:40:00,9282.0,9297.5,9277.0,9285.5,3273.0
2026-05-21 09:45:00,9280.0,9285.0,9248.0,9259.0,3377.0
2026-05-21 09:50:00,9258.0,9258.0,9245.0,9251.0,3031.0
2026-05-21 09:55:00,9251.0,9252.5,9233.5,9240.0,3343.0
2026-05-21 10:00:00,9236.0,9247.0,9231.0,9237.5,3405.0
2026-05-21 10:05:00,9237.0,9245.5,9229.5,9237.5,2029.0
2026-05-21 10:10:00,9238.0,9240.0,9229.0,9233.0,2524.0
2026-05-21 10:15:00,9234.0,9241.5,9232.0,9232.0,1242.0
2026-05-21 10:20:00,9232.0,9239.0,9225.0,9233.0,3964.0
2026-05-21 10:25:00,9233.5,9245.0,9231.5,9237.0,1944.0
2026-05-21 10:30:00,9237.0,9243.0,9216.0,9223.5,5856.0
2026-05-21 10:35:00,9221.0,9230.5,9216.0,9220.0,2000.0
2026-05-21 10:40:00,9218.0,9239.0,9218.0,9239.0,1197.0
2026-05-21 10:45:00,9240.0,9245.5,9229.5,9236.0,1509.0
2026-05-21 10:50:00,9233.0,9239.0,9219.0,9234.5,1804.0
2026-05-21 10:55:00,9234.5,9239.0,9218.0,9218.0,1563.0
2026-05-21 11:00:00,9218.0,9218.0,9202.5,9205.5,3267.0
2026-05-21 11:05:00,9206.5,9225.0,9204.0,9220.5,1283.0
2026-05-21 11:10:00,9220.5,9228.0,9219.0,9219.0,974.0
2026-05-21 11:15:00,9219.0,9219.5,9176.0,9190.0,3009.0
2026-05-21 11:20:00,9186.0,9210.0,9181.0,9210.0,2056.0
2026-05-21 11:25:00,9207.5,9225.0,9202.5,9225.0,789.0
2026-05-21 11:30:00,9225.0,9225.0,9211.0,9213.0,1095.0
2026-05-21 11:35:00,9213.0,9213.0,9204.0,9209.5,816.0
2026-05-21 11:40:00,9209.0,9218.5,9209.0,9218.0,1229.0
2026-05-21 11:45:00,9218.0,9218.5,9212.0,9216.5,519.0
2026-05-21 11:50:00,9215.0,9216.0,9205.0,9208.0,1693.0
2026-05-21 11:55:00,9205.0,9207.5,9190.0,9190.5,1388.0
2026-05-21 12:00:00,9190.0,9203.0,9190.0,9192.0,1121.0
2026-05-21 12:05:00,9192.0,9202.5,9192.0,9202.5,681.0
2026-05-21 12:10:00,9201.5,9211.5,9190.5,9211.5,2299.0
2026-05-21 12:15:00,9209.0,9225.0,9202.0,9223.5,3702.0
2026-05-21 12:20:00,9224.0,9246.5,9219.5,9224.0,10182.0
2026-05-21 12:25:00,9224.5,9230.5,9212.5,9216.0,2867.0
2026-05-21 12:30:00,9216.0,9221.5,9198.0,9221.0,2814.0
2026-05-21 12:35:00,9218.5,9221.0,9192.5,9201.5,1947.0
2026-05-21 12:40:00,9199.0,9209.0,9189.5,9208.0,3901.0
2026-05-21 12:45:00,9207.0,9210.0,9196.0,9208.0,1044.0
2026-05-21 12:50:00,9206.5,9222.5,9204.5,9216.0,1214.0
2026-05-21 12:55:00,9216.0,9226.0,9215.0,9220.0,951.0
2026-05-21 13:00:00,9220.0,9220.0,9188.0,9197.0,1910.0
2026-05-21 13:05:00,9196.0,9205.5,9190.0,9200.5,1972.0
2026-05-21 13:10:00,9200.5,9208.0,9198.0,9204.0,1072.0
2026-05-21 13:15:00,9201.5,9206.5,9195.0,9201.0,778.0
2026-05-21 13:20:00,9199.5,9205.0,9195.0,9195.0,252.0
2026-05-21 13:25:00,9195.0,9197.5,9195.0,9197.0,997.0
2026-05-21 13:30:00,9195.5,9218.0,9191.0,9218.0,1163.0
2026-05-21 13:35:00,9215.5,9250.0,9213.0,9246.0,7236.0
2026-05-21 13:40:00,9243.5,9246.0,9234.0,9241.0,1662.0
2026-05-21 13:45:00,9241.0,9243.0,9222.0,9223.0,1840.0
2026-05-21 13:50:00,9223.0,9241.0,9223.0,9239.0,1617.0
2026-05-21 13:55:00,9237.0,9253.5,9235.0,9249.0,7039.0
2026-05-21 14:00:00,9249.0,9249.0,9226.5,9231.5,2248.0
2026-05-21 14:05:00,9231.5,9236.5,9220.5,9232.5,1257.0
2026-05-21 14:10:00,9232.5,9234.0,9210.5,9217.0,2128.0
2026-05-21 14:15:00,9215.0,9221.5,9202.0,9207.5,2004.0
2026-05-21 14:20:00,9207.5,9213.0,9204.0,9205.5,1158.0
2026-05-21 14:25:00,9207.5,9216.0,9195.0,9197.0,1914.0
2026-05-21 14:30:00,9196.5,9207.0,9196.0,9200.5,1863.0
2026-05-21 14:35:00,9197.5,9210.0,9196.0,9198.0,2124.0
2026-05-21 14:40:00,9197.5,9212.0,9195.0,9200.0,2139.0
2026-05-21 14:45:00,9197.5,9200.5,9189.5,9190.0,2355.0
2026-05-21 14:50:00,9191.5,9198.5,9188.0,9195.0,1416.0
2026-05-21 14:55:00,9192.5,9195.0,9179.5,9180.5,2650.0
2026-05-21 15:00:00,9179.5,9214.0,9178.0,9204.5,6585.0
2026-05-21 15:05:00,9206.0,9208.0,9183.0,9184.5,4423.0
2026-05-21 15:10:00,9184.0,9200.0,9182.0,9195.5,4912.0
2026-05-21 15:15:00,9195.5,9200.0,9180.5,9185.5,8517.0
2026-05-21 15:20:00,9186.5,9195.0,9185.0,9187.0,4919.0
2026-05-21 15:25:00,9186.0,9200.0,9180.0,9184.0,7710.0
2026-05-22 09:15:00,9227.5,9236.5,9194.0,9217.0,6865.0
2026-05-22 09:20:00,9215.5,9254.5,9215.5,9247.5,3929.0
2026-05-22 09:25:00,9241.0,9248.0,9227.0,9230.0,1544.0
2026-05-22 09:30:00,9229.5,9258.0,9227.5,9252.0,1938.0
2026-05-22 09:35:00,9254.0,9256.0,9230.0,9242.0,3543.0
2026-05-22 09:40:00,9242.0,9248.0,9224.0,9244.0,2361.0
2026-05-22 09:45:00,9243.5,9247.0,9230.0,9230.5,1715.0
2026-05-22 09:50:00,9230.5,9250.0,9230.5,9249.0,842.0
2026-05-22 09:55:00,9246.5,9246.5,9230.5,9231.5,930.0
2026-05-22 10:00:00,9232.5,9242.0,9230.0,9238.5,395.0
2026-05-22 10:05:00,9237.0,9242.0,9230.5,9233.0,659.0
2026-05-22 10:10:00,9234.5,9244.5,9234.5,9240.0,579.0
2026-05-22 10:15:00,9239.0,9248.5,9239.0,9241.5,1429.0
2026-05-22 10:20:00,9242.0,9257.0,9238.5,9238.5,3448.0
2026-05-22 10:25:00,9237.0,9250.0,9236.5,9248.0,1382.0
2026-05-22 10:30:00,9245.5,9258.5,9240.5,9253.5,1675.0
2026-05-22 10:35:00,9253.5,9264.5,9252.0,9263.5,1017.0
2026-05-22 10:40:00,9263.5,9264.5,9253.0,9257.5,656.0
2026-05-22 10:45:00,9258.5,9264.5,9251.0,9253.5,728.0
2026-05-22 10:50:00,9254.0,9256.5,9245.0,9253.0,589.0
2026-05-22 10:55:00,9256.5,9258.0,9250.0,9253.5,698.0
2026-05-22 11:00:00,9256.5,9256.5,9250.5,9254.0,213.0
2026-05-22 11:05:00,9251.5,9253.5,9241.0,9244.5,1763.0
2026-05-22 11:10:00,9241.5,9244.5,9237.0,9243.0,304.0
2026-05-22 11:15:00,9243.5,9245.0,9238.0,9238.0,533.0
2026-05-22 11:20:00,9240.0,9247.5,9237.0,9238.5,720.0
2026-05-22 11:25:00,9238.0,9242.5,9231.5,9237.5,883.0
2026-05-22 11:30:00,9237.5,9238.5,9230.0,9232.5,395.0
2026-05-22 11:35:00,9232.0,9232.0,9225.0,9232.0,856.0
2026-05-22 11:40:00,9232.0,9244.5,9229.5,9241.5,369.0
2026-05-22 11:45:00,9243.0,9254.5,9241.5,9252.5,2825.0
2026-05-22 11:50:00,9255.0,9255.0,9251.5,9251.5,1004.0
2026-05-22 11:55:00,9251.5,9255.0,9246.0,9251.0,2564.0
2026-05-22 12:00:00,9252.0,9260.0,9246.0,9259.5,1263.0
2026-05-22 12:05:00,9260.0,9260.0,9256.5,9258.0,876.0
2026-05-22 12:10:00,9258.0,9275.0,9256.0,9256.0,2752.0
2026-05-22 12:15:00,9257.5,9275.0,9257.5,9272.5,830.0
2026-05-22 12:20:00,9274.0,9280.0,9266.0,9270.0,2747.0
2026-05-22 12:25:00,9267.5,9279.5,9264.5,9278.5,1987.0
2026-05-22 12:30:00,9278.5,9289.0,9270.0,9287.5,2382.0
2026-05-22 12:35:00,9284.5,9289.0,9279.5,9288.0,1681.0
2026-05-22 12:40:00,9288.0,9316.5,9288.0,9305.5,14857.0
2026-05-22 12:45:00,9309.5,9315.0,9303.5,9306.5,4144.0
2026-05-22 12:50:00,9306.5,9309.0,9295.0,9301.0,2516.0
2026-05-22 12:55:00,9301.0,9303.0,9285.5,9294.5,2631.0
2026-05-22 13:00:00,9294.5,9305.0,9280.5,9283.0,12092.0
2026-05-22 13:05:00,9283.0,9296.0,9282.0,9294.0,1615.0
2026-05-22 13:10:00,9294.0,9302.0,9294.0,9300.0,1039.0
2026-05-22 13:15:00,9298.0,9301.0,9285.0,9290.0,2512.0
2026-05-22 13:20:00,9287.5,9290.0,9281.0,9287.5,1838.0
2026-05-22 13:25:00,9281.5,9290.0,9280.5,9282.5,1130.0
2026-05-22 13:30:00,9282.5,9282.5,9268.0,9279.0,5552.0
2026-05-22 13:35:00,9279.0,9280.0,9273.0,9280.0,640.0
2026-05-22 13:40:00,9280.0,9283.0,9275.0,9278.5,445.0
2026-05-22 13:45:00,9276.5,9290.0,9276.5,9288.5,1025.0
2026-05-22 13:50:00,9288.5,9294.0,9288.5,9291.0,687.0
2026-05-22 13:55:00,9290.0,9292.5,9288.0,9290.0,1566.0
2026-05-22 14:00:00,9290.0,9294.0,9285.0,9286.0,1656.0
2026-05-22 14:05:00,9282.0,9292.0,9275.5,9288.0,1170.0
2026-05-22 14:10:00,9287.5,9293.5,9279.5,9288.0,701.0
2026-05-22 14:15:00,9288.0,9298.0,9286.0,9298.0,575.0
2026-05-22 14:20:00,9295.5,9298.0,9287.5,9294.5,892.0
2026-05-22 14:25:00,9297.0,9297.0,9278.0,9282.5,1070.0
2026-05-22 14:30:00,9280.5,9286.0,9267.0,9283.5,5253.0
2026-05-22 14:35:00,9283.5,9288.0,9276.5,9282.0,1687.0
2026-05-22 14:40:00,9277.5,9285.5,9277.5,9282.0,1373.0
2026-05-22 14:45:00,9282.0,9295.0,9278.0,9293.0,2148.0
2026-05-22 14:50:00,9294.5,9295.0,9284.5,9288.0,1192.0
2026-05-22 14:55:00,9288.0,9293.0,9272.0,9277.5,2494.0
2026-05-22 15:00:00,9276.0,9279.5,9260.0,9265.5,7457.0
2026-05-22 15:05:00,9266.0,9269.0,9256.0,9266.5,6793.0
2026-05-22 15:10:00,9266.5,9268.5,9261.5,9268.0,3844.0
2026-05-22 15:15:00,9268.5,9270.0,9261.5,9261.5,5120.0
2026-05-22 15:20:00,9261.5,9261.5,9249.0,9259.5,8004.0
2026-05-22 15:25:00,9259.5,9295.0,9253.0,9289.5,7086.0
2026-05-25 09:15:00,9320.0,9351.0,9303.0,9313.0,24397.0
2026-05-25 09:20:00,9314.5,9329.5,9303.5,9308.5,10257.0
2026-05-25 09:25:00,9309.0,9342.0,9296.0,9341.0,8792.0
2026-05-25 09:30:00,9342.0,9360.0,9335.0,9338.5,8683.0
2026-05-25 09:35:00,9337.5,9344.5,9324.5,9324.5,2991.0
2026-05-25 09:40:00,9324.5,9350.0,9324.5,9345.5,3320.0
2026-05-25 09:45:00,9345.0,9385.0,9345.0,9381.5,7781.0
2026-05-25 09:50:00,9384.0,9415.0,9375.0,9375.5,9064.0
2026-05-25 09:55:00,9375.5,9394.0,9372.0,9389.5,3800.0
2026-05-25 10:00:00,9386.5,9393.5,9382.5,9389.0,2607.0
2026-05-25 10:05:00,9389.0,9404.0,9386.0,9403.5,3311.0
2026-05-25 10:10:00,9403.5,9410.0,9380.0,9384.0,4766.0
2026-05-25 10:15:00,9384.0,9392.5,9382.5,9389.5,2566.0
2026-05-25 10:20:00,9388.5,9392.0,9384.5,9385.0,1998.0
2026-05-25 10:25:00,9388.0,9392.0,9383.5,9385.5,1562.0
2026-05-25 10:30:00,9386.0,9386.5,9365.0,9370.0,4980.0
2026-05-25 10:35:00,9370.0,9381.0,9364.0,9380.0,1215.0
2026-05-25 10:40:00,9376.0,9382.0,9365.0,9365.0,1749.0
2026-05-25 10:45:00,9368.0,9388.5,9364.5,9382.5,6581.0
2026-05-25 10:50:00,9382.5,9389.0,9379.5,9388.5,1294.0
2026-05-25 10:55:00,9389.0,9389.0,9377.0,9379.0,1217.0
2026-05-25 11:00:00,9383.0,9385.0,9377.5,9384.0,1133.0
2026-05-25 11:05:00,9380.5,9384.5,9379.5,9383.0,775.0
2026-05-25 11:10:00,9383.0,9385.0,9380.5,9385.0,1040.0
2026-05-25 11:15:00,9382.5,9388.5,9381.5,9388.0,953.0
2026-05-25 11:20:00,9388.0,9398.0,9388.0,9395.0,2755.0
2026-05-25 11:25:00,9396.5,9397.0,9385.0,9390.0,1327.0
2026-05-25 11:30:00,9386.0,9392.0,9385.0,9390.0,1129.0
2026-05-25 11:35:00,9390.0,9396.0,9385.0,9396.0,844.0
2026-05-25 11:40:00,9396.0,9398.5,9383.0,9388.5,1225.0
2026-05-25 11:45:00,9386.0,9393.5,9383.0,9386.0,1956.0
2026-05-25 11:50:00,9382.0,9388.0,9380.0,9386.0,1450.0
2026-05-25 11:55:00,9385.5,9389.0,9380.0,9383.5,1092.0
2026-05-25 12:00:00,9380.5,9393.5,9375.0,9393.5,2971.0
2026-05-25 12:05:00,9393.5,9395.5,9375.5,9380.5,5838.0
2026-05-25 12:10:00,9380.5,9396.0,9380.5,9395.5,1628.0
2026-05-25 12:15:00,9395.5,9400.0,9390.5,9400.0,4958.0
2026-05-25 12:20:00,9400.0,9422.0,9390.0,9417.5,8885.0
2026-05-25 12:25:00,9416.5,9424.0,9410.0,9411.5,3460.0
2026-05-25 12:30:00,9410.5,9412.0,9396.0,9397.5,2996.0
2026-05-25 12:35:00,9402.0,9405.0,9396.5,9404.0,1472.0
2026-05-25 12:40:00,9404.0,9405.5,9396.5,9399.0,1367.0
2026-05-25 12:45:00,9398.5,9401.0,9378.0,9381.0,4156.0
2026-05-25 12:50:00,9378.0,9380.5,9367.0,9377.0,3411.0
2026-05-25 12:55:00,9377.0,9380.0,9373.5,9375.0,1107.0
2026-05-25 13:00:00,9375.0,9380.0,9371.0,9378.0,1450.0
2026-05-25 13:05:00,9378.0,9380.5,9374.0,9376.5,931.0
2026-05-25 13:10:00,9377.5,9385.0,9373.0,9374.5,1954.0
2026-05-25 13:15:00,9374.5,9387.5,9373.5,9384.0,971.0
2026-05-25 13:20:00,9384.5,9387.0,9376.5,9383.0,1014.0
2026-05-25 13:25:00,9383.0,9390.0,9380.0,9386.0,1772.0
2026-05-25 13:30:00,9381.5,9387.0,9371.0,9380.5,1642.0
2026-05-25 13:35:00,9380.0,9386.5,9376.5,9382.0,1031.0
2026-05-25 13:40:00,9382.0,9382.5,9371.0,9378.5,1328.0
2026-05-25 13:45:00,9378.0,9382.0,9373.0,9379.5,1283.0
2026-05-25 13:50:00,9380.0,9381.0,9374.0,9381.0,1375.0
2026-05-25 13:55:00,9380.5,9382.0,9371.0,9378.5,1270.0
2026-05-25 14:00:00,9375.0,9380.5,9367.0,9375.0,2749.0
2026-05-25 14:05:00,9372.5,9375.0,9367.5,9374.5,1201.0
2026-05-25 14:10:00,9374.0,9375.0,9370.0,9375.0,767.0
2026-05-25 14:15:00,9375.0,9388.0,9373.5,9385.0,1753.0
2026-05-25 14:20:00,9385.0,9385.0,9380.0,9384.0,1720.0
2026-05-25 14:25:00,9384.0,9391.5,9381.0,9391.5,1431.0
2026-05-25 14:30:00,9391.5,9396.0,9384.5,9395.0,1599.0
2026-05-25 14:35:00,9397.0,9403.5,9387.5,9401.0,4511.0
2026-05-25 14:40:00,9403.0,9403.0,9396.5,9400.5,2359.0
2026-05-25 14:45:00,9400.0,9402.5,9393.5,9399.0,2023.0
2026-05-25 14:50:00,9399.0,9403.0,9395.5,9403.0,2622.0
2026-05-25 14:55:00,9403.0,9404.5,9398.0,9400.0,1683.0
2026-05-25 15:00:00,9400.0,9402.5,9395.0,9400.0,4386.0
2026-05-25 15:05:00,9400.0,9401.0,9395.0,9397.5,6955.0
2026-05-25 15:10:00,9399.5,9403.0,9397.0,9401.0,10863.0
2026-05-25 15:15:00,9401.0,9402.0,9393.0,9394.0,6562.0
2026-05-25 15:20:00,9396.5,9400.0,9390.5,9394.0,5894.0
2026-05-25 15:25:00,9394.0,9405.0,9390.5,9405.0,4727.0
2026-05-26 09:15:00,9369.5,9425.0,9358.0,9425.0,7396.0
2026-05-26 09:20:00,9424.0,9424.0,9400.0,9415.5,4419.0
2026-05-26 09:25:00,9414.5,9416.0,9395.0,9406.0,2909.0
2026-05-26 09:30:00,9408.5,9409.5,9380.0,9388.5,6970.0
2026-05-26 09:35:00,9388.5,9400.0,9386.5,9400.0,2501.0
2026-05-26 09:40:00,9405.0,9405.0,9385.0,9390.0,1910.0
2026-05-26 09:45:00,9388.5,9409.5,9385.0,9405.5,1588.0
2026-05-26 09:50:00,9406.5,9407.5,9391.5,9394.5,1017.0
2026-05-26 09:55:00,9395.0,9405.0,9391.0,9402.0,1826.0
2026-05-26 10:00:00,9402.5,9420.0,9402.5,9419.0,4218.0
2026-05-26 10:05:00,9419.5,9424.0,9407.5,9409.5,3971.0
2026-05-26 10:10:00,9410.0,9423.0,9410.0,9419.5,2577.0
2026-05-26 10:15:00,9422.5,9424.0,9412.5,9413.0,1882.0
2026-05-26 10:20:00,9415.5,9425.0,9412.5,9422.0,2967.0
2026-05-26 10:25:00,9427.0,9430.0,9422.5,9429.0,2938.0
2026-05-26 10:30:00,9429.0,9440.0,9429.0,9435.0,5214.0
2026-05-26 10:35:00,9435.0,9439.5,9428.5,9428.5,2452.0
2026-05-26 10:40:00,9428.5,9437.5,9420.0,9429.0,2509.0
2026-05-26 10:45:00,9429.0,9436.0,9425.5,9426.0,1957.0
2026-05-26 10:50:00,9426.0,9436.0,9423.0,9431.5,2388.0
2026-05-26 10:55:00,9436.0,9455.0,9431.5,9450.0,5793.0
2026-05-26 11:00:00,9451.0,9459.0,9446.0,9455.0,3787.0
2026-05-26 11:05:00,9455.0,9475.0,9455.0,9471.5,13101.0
2026-05-26 11:10:00,9472.5,9482.0,9463.0,9475.0,10196.0
2026-05-26 11:15:00,9471.5,9494.0,9471.5,9479.5,8349.0
2026-05-26 11:20:00,9479.5,9494.0,9479.5,9480.5,4721.0
2026-05-26 11:25:00,9483.0,9489.0,9479.0,9479.0,3974.0
2026-05-26 11:30:00,9480.0,9483.5,9469.0,9479.5,7857.0
2026-05-26 11:35:00,9482.5,9490.0,9476.5,9482.5,8397.0
2026-05-26 11:40:00,9487.5,9489.0,9475.5,9479.0,4448.0
2026-05-26 11:45:00,9479.0,9496.5,9479.0,9492.5,4029.0
2026-05-26 11:50:00,9493.0,9495.5,9486.5,9488.0,4014.0
2026-05-26 11:55:00,9492.0,9498.5,9487.5,9491.0,5628.0
2026-05-26 12:00:00,9491.0,9496.0,9486.0,9493.5,3900.0
2026-05-26 12:05:00,9495.0,9506.0,9494.0,9503.0,8341.0
2026-05-26 12:10:00,9504.0,9511.0,9501.0,9509.0,5457.0
2026-05-26 12:15:00,9510.0,9519.5,9502.0,9515.5,5521.0
2026-05-26 12:20:00,9516.0,9520.0,9512.5,9513.5,4684.0
2026-05-26 12:25:00,9514.0,9522.0,9513.5,9520.0,3181.0
2026-05-26 12:30:00,9520.5,9530.0,9519.5,9524.5,7020.0
2026-05-26 12:35:00,9525.0,9537.5,9525.0,9534.0,3566.0
2026-05-26 12:40:00,9533.5,9536.5,9525.5,9527.5,3981.0
2026-05-26 12:45:00,9527.5,9539.0,9514.5,9517.5,6225.0
2026-05-26 12:50:00,9516.5,9528.0,9510.5,9522.5,3427.0
2026-05-26 12:55:00,9522.5,9531.0,9521.0,9522.5,3901.0
2026-05-26 13:00:00,9521.0,9530.0,9515.0,9528.5,3798.0
2026-05-26 13:05:00,9530.0,9539.5,9525.0,9533.0,3278.0
2026-05-26 13:10:00,9533.0,9539.0,9519.0,9526.0,4142.0
2026-05-26 13:15:00,9526.0,9536.0,9521.5,9528.0,3392.0
2026-05-26 13:20:00,9527.5,9547.5,9527.5,9544.5,4196.0
2026-05-26 13:25:00,9544.5,9559.0,9540.0,9547.5,6284.0
2026-05-26 13:30:00,9549.0,9551.5,9532.0,9539.5,5254.0
2026-05-26 13:35:00,9540.0,9551.5,9539.5,9547.5,2699.0
2026-05-26 13:40:00,9547.0,9565.0,9545.0,9561.0,6716.0
2026-05-26 13:45:00,9562.5,9571.0,9552.0,9558.5,4752.0
2026-05-26 13:50:00,9558.5,9574.0,9555.5,9570.5,5973.0
2026-05-26 13:55:00,9570.5,9576.0,9560.0,9574.5,7641.0
2026-05-26 14:00:00,9576.0,9580.0,9559.0,9560.0,5798.0
2026-05-26 14:05:00,9562.0,9576.0,9555.0,9562.5,2973.0
2026-05-26 14:10:00,9562.5,9577.0,9560.0,9575.5,1911.0
2026-05-26 14:15:00,9575.0,9590.0,9570.0,9589.0,3555.0
2026-05-26 14:20:00,9589.0,9598.5,9583.5,9590.5,4638.0
2026-05-26 14:25:00,9590.5,9594.0,9575.5,9588.5,4115.0
2026-05-26 14:30:00,9589.0,9597.0,9583.5,9596.0,3190.0
2026-05-26 14:35:00,9597.0,9597.0,9574.5,9574.5,5829.0
2026-05-26 14:40:00,9573.0,9574.0,9556.0,9561.5,7487.0
2026-05-26 14:45:00,9560.5,9566.0,9560.5,9563.0,4180.0
2026-05-26 14:50:00,9563.5,9581.0,9562.0,9574.0,3498.0
2026-05-26 14:55:00,9576.0,9583.5,9564.0,9580.0,4858.0
2026-05-26 15:00:00,9580.5,9595.0,9571.0,9589.0,6140.0
2026-05-26 15:05:00,9589.0,9603.0,9586.5,9590.0,8539.0
2026-05-26 15:10:00,9591.5,9614.5,9590.0,9601.5,12818.0
2026-05-26 15:15:00,9601.5,9624.5,9598.0,9610.0,19966.0
2026-05-26 15:20:00,9610.5,9627.0,9606.0,9619.5,23084.0
2026-05-26 15:25:00,9613.5,9669.5,9604.0,9630.0,35317.0
2026-05-27 09:15:00,9613.5,9678.0,9580.0,9672.0,13950.0
2026-05-27 09:20:00,9672.0,9691.0,9664.5,9689.5,8370.0
2026-05-27 09:25:00,9684.5,9692.0,9664.5,9665.0,5899.0
2026-05-27 09:30:00,9662.0,9685.0,9661.0,9675.0,4451.0
2026-05-27 09:35:00,9672.5,9686.5,9645.0,9645.5,3992.0
2026-05-27 09:40:00,9645.0,9651.0,9626.0,9637.5,5314.0
2026-05-27 09:45:00,9638.0,9662.5,9634.5,9652.0,3717.0
2026-05-27 09:50:00,9651.0,9656.0,9632.0,9635.0,3724.0
2026-05-27 09:55:00,9635.0,9638.5,9621.5,9621.5,3761.0
2026-05-27 10:00:00,9621.5,9626.0,9581.0,9581.0,6143.0
2026-05-27 10:05:00,9585.0,9647.0,9584.0,9625.0,6373.0
2026-05-27 10:10:00,9625.0,9649.0,9625.0,9631.5,2415.0
2026-05-27 10:15:00,9630.0,9648.5,9628.0,9641.5,2107.0
2026-05-27 10:20:00,9641.0,9652.5,9636.5,9640.0,6139.0
2026-05-27 10:25:00,9637.5,9655.0,9637.5,9653.0,1447.0
2026-05-27 10:30:00,9650.5,9650.5,9612.0,9618.5,3054.0
2026-05-27 10:35:00,9616.0,9622.5,9610.0,9615.5,2575.0
2026-05-27 10:40:00,9615.0,9617.0,9590.0,9590.0,2739.0
2026-05-27 10:45:00,9588.5,9600.0,9582.0,9595.0,5979.0
2026-05-27 10:50:00,9595.5,9616.0,9595.5,9610.0,1877.0
2026-05-27 10:55:00,9607.5,9610.0,9591.5,9600.0,2489.0
2026-05-27 11:00:00,9597.5,9612.0,9591.5,9607.5,1115.0
2026-05-27 11:05:00,9605.0,9611.5,9603.0,9604.0,614.0
2026-05-27 11:10:00,9606.0,9609.5,9601.0,9604.0,501.0
2026-05-27 11:15:00,9602.0,9609.0,9593.5,9601.0,1919.0
2026-05-27 11:20:00,9597.5,9618.5,9593.0,9609.0,2776.0
2026-05-27 11:25:00,9609.0,9629.0,9609.0,9624.5,2066.0
2026-05-27 11:30:00,9625.0,9632.5,9609.0,9614.0,1923.0
2026-05-27 11:35:00,9614.5,9626.0,9607.0,9624.0,3726.0
2026-05-27 11:40:00,9621.5,9624.5,9615.0,9616.0,1502.0
2026-05-27 11:45:00,9615.0,9615.0,9594.5,9598.0,2976.0
2026-05-27 11:50:00,9599.0,9607.5,9582.0,9583.0,3116.0
2026-05-27 11:55:00,9582.5,9590.5,9565.0,9580.0,3592.0
2026-05-27 12:00:00,9575.0,9584.0,9561.0,9565.0,2211.0
2026-05-27 12:05:00,9563.5,9578.0,9561.0,9576.0,1682.0
2026-05-27 12:10:00,9574.5,9591.0,9574.5,9587.0,1189.0
2026-05-27 12:15:00,9585.0,9585.0,9579.0,9584.5,581.0
2026-05-27 12:20:00,9582.0,9595.0,9581.5,9591.5,991.0
2026-05-27 12:25:00,9591.5,9592.5,9565.5,9567.0,2418.0
2026-05-27 12:30:00,9566.0,9575.0,9563.0,9570.5,1341.0
2026-05-27 12:35:00,9570.5,9595.0,9570.0,9594.5,2115.0
2026-05-27 12:40:00,9592.0,9594.0,9583.0,9593.0,931.0
2026-05-27 12:45:00,9590.0,9595.0,9584.5,9595.0,712.0
2026-05-27 12:50:00,9591.5,9595.0,9585.5,9589.0,595.0
2026-05-27 12:55:00,9589.0,9612.0,9589.0,9602.0,1811.0
2026-05-27 13:00:00,9600.5,9611.0,9600.5,9605.0,815.0
2026-05-27 13:05:00,9604.5,9605.0,9597.0,9597.0,1043.0
2026-05-27 13:10:00,9597.0,9603.0,9590.0,9600.5,1495.0
2026-05-27 13:15:00,9597.5,9601.0,9583.5,9589.5,741.0
2026-05-27 13:20:00,9586.5,9595.5,9578.0,9585.5,1368.0
2026-05-27 13:25:00,9590.5,9595.0,9585.0,9587.0,461.0
2026-05-27 13:30:00,9586.5,9595.5,9582.5,9595.5,1878.0
2026-05-27 13:35:00,9592.0,9595.5,9581.0,9584.0,695.0
2026-05-27 13:40:00,9584.0,9589.0,9574.0,9576.5,1405.0
2026-05-27 13:45:00,9574.0,9583.0,9572.5,9578.5,826.0
2026-05-27 13:50:00,9576.0,9596.0,9575.0,9594.0,828.0
2026-05-27 13:55:00,9594.0,9597.5,9587.5,9595.5,954.0
2026-05-27 14:00:00,9593.0,9600.0,9592.5,9599.5,775.0
2026-05-27 14:05:00,9599.0,9606.0,9595.5,9605.0,1364.0
2026-05-27 14:10:00,9602.5,9606.0,9600.0,9605.0,741.0
2026-05-27 14:15:00,9604.5,9609.5,9600.0,9607.0,559.0
2026-05-27 14:20:00,9609.5,9615.0,9600.0,9610.0,2641.0
2026-05-27 14:25:00,9610.0,9610.0,9602.5,9606.5,606.0
2026-05-27 14:30:00,9604.0,9618.5,9604.0,9614.0,3881.0
2026-05-27 14:35:00,9613.0,9625.0,9611.0,9621.5,5266.0
2026-05-27 14:40:00,9620.0,9623.5,9610.0,9610.5,2046.0
2026-05-27 14:45:00,9610.5,9618.0,9607.5,9615.0,2368.0
2026-05-27 14:50:00,9614.5,9627.0,9612.5,9625.0,2293.0
2026-05-27 14:55:00,9627.5,9636.0,9620.0,9624.5,3002.0
2026-05-27 15:00:00,9626.5,9649.0,9624.5,9647.5,6343.0
2026-05-27 15:05:00,9647.5,9672.0,9647.5,9668.5,8062.0
2026-05-27 15:10:00,9668.5,9670.0,9661.0,9668.5,5989.0
2026-05-27 15:15:00,9665.0,9670.0,9645.5,9649.0,4983.0
2026-05-27 15:20:00,9647.0,9662.0,9645.5,9660.0,4012.0
2026-05-27 15:25:00,9659.5,9696.0,9659.5,9662.0,11105.0
2026-05-29 09:15:00,9700.0,9712.5,9651.0,9703.5,18194.0
2026-05-29 09:20:00,9708.0,9722.0,9675.5,9704.5,10868.0
2026-05-29 09:25:00,9704.0,9713.5,9684.0,9686.0,5853.0
2026-05-29 09:30:00,9681.5,9714.5,9681.5,9703.0,4490.0
2026-05-29 09:35:00,9708.5,9747.0,9708.5,9710.0,7761.0
2026-05-29 09:40:00,9714.0,9715.5,9652.5,9658.5,9188.0
2026-05-29 09:45:00,9658.5,9683.5,9650.5,9675.5,8953.0
2026-05-29 09:50:00,9679.0,9699.0,9666.0,9680.5,4417.0
2026-05-29 09:55:00,9671.5,9677.5,9655.0,9663.5,2606.0
2026-05-29 10:00:00,9665.5,9674.0,9652.0,9669.0,4108.0
2026-05-29 10:05:00,9670.5,9710.0,9669.0,9682.5,21832.0
2026-05-29 10:10:00,9683.0,9689.0,9657.0,9665.0,2739.0
2026-05-29 10:15:00,9663.5,9664.0,9636.5,9646.0,4875.0
2026-05-29 10:20:00,9645.0,9652.5,9635.0,9639.0,3239.0
2026-05-29 10:25:00,9645.0,9645.0,9616.5,9635.0,3630.0
2026-05-29 10:30:00,9640.0,9670.5,9638.0,9670.5,1950.0
2026-05-29 10:35:00,9669.0,9678.0,9661.0,9675.0,2110.0
2026-05-29 10:40:00,9674.0,9676.5,9648.5,9648.5,1551.0
2026-05-29 10:45:00,9649.0,9662.0,9647.0,9662.0,1399.0
2026-05-29 10:50:00,9662.0,9669.5,9655.0,9658.0,1327.0
2026-05-29 10:55:00,9655.5,9674.5,9651.5,9669.0,1665.0
2026-05-29 11:00:00,9671.0,9686.5,9669.5,9677.0,2764.0
2026-05-29 11:05:00,9680.0,9685.0,9670.5,9674.0,1896.0
2026-05-29 11:10:00,9675.0,9678.0,9667.0,9673.5,1526.0
2026-05-29 11:15:00,9673.0,9688.5,9671.0,9676.5,1193.0
2026-05-29 11:20:00,9679.0,9692.0,9671.0,9688.5,1508.0
2026-05-29 11:25:00,9688.5,9697.5,9684.5,9696.5,1930.0
2026-05-29 11:30:00,9697.5,9699.0,9690.0,9690.0,1246.0
2026-05-29 11:35:00,9691.0,9702.0,9681.5,9685.5,3217.0
2026-05-29 11:40:00,9687.5,9687.5,9664.0,9672.0,1656.0
2026-05-29 11:45:00,9672.5,9678.0,9665.5,9678.0,779.0
2026-05-29 11:50:00,9676.0,9689.0,9674.0,9683.0,920.0
2026-05-29 11:55:00,9684.0,9687.5,9673.0,9677.0,1085.0
2026-05-29 12:00:00,9679.0,9688.5,9670.0,9672.5,3638.0
2026-05-29 12:05:00,9672.5,9676.0,9667.0,9673.0,1035.0
2026-05-29 12:10:00,9673.5,9673.5,9644.0,9646.0,2412.0
2026-05-29 12:15:00,9644.5,9660.0,9642.0,9659.0,2064.0
2026-05-29 12:20:00,9658.5,9666.0,9645.0,9653.5,3104.0
2026-05-29 12:25:00,9651.0,9659.5,9648.5,9655.0,1579.0
2026-05-29 12:30:00,9655.0,9655.0,9637.0,9637.0,1223.0
2026-05-29 12:35:00,9637.5,9639.0,9623.0,9633.0,2086.0
2026-05-29 12:40:00,9632.5,9636.0,9626.0,9627.5,1384.0
2026-05-29 12:45:00,9627.0,9627.0,9601.0,9607.0,4685.0
2026-05-29 12:50:00,9606.0,9623.0,9601.5,9615.0,2817.0
2026-05-29 12:55:00,9613.0,9613.5,9590.5,9610.5,3366.0
2026-05-29 13:00:00,9608.0,9610.0,9595.0,9598.0,800.0
2026-05-29 13:05:00,9594.5,9602.5,9591.0,9599.0,1612.0
2026-05-29 13:10:00,9598.0,9607.5,9588.0,9601.5,4543.0
2026-05-29 13:15:00,9600.5,9619.0,9592.0,9611.0,2310.0
2026-05-29 13:20:00,9611.0,9616.0,9594.0,9603.0,1689.0
2026-05-29 13:25:00,9602.5,9605.0,9582.0,9590.0,2353.0
2026-05-29 13:30:00,9594.5,9594.5,9587.0,9592.0,2014.0
2026-05-29 13:35:00,9592.5,9604.5,9590.5,9603.0,1717.0
2026-05-29 13:40:00,9601.5,9621.0,9600.5,9617.0,3628.0
2026-05-29 13:45:00,9617.0,9628.0,9614.5,9619.5,1127.0
2026-05-29 13:50:00,9619.5,9625.0,9612.5,9621.0,1287.0
2026-05-29 13:55:00,9621.0,9627.0,9615.5,9621.0,2139.0
2026-05-29 14:00:00,9620.5,9621.0,9607.5,9609.0,1106.0
2026-05-29 14:05:00,9609.0,9614.0,9593.5,9611.0,1950.0
2026-05-29 14:10:00,9611.0,9613.0,9604.0,9605.5,973.0
2026-05-29 14:15:00,9605.5,9621.5,9603.5,9610.5,1038.0
2026-05-29 14:20:00,9609.0,9611.5,9603.0,9609.0,732.0
2026-05-29 14:25:00,9609.0,9611.0,9595.0,9607.5,1295.0
2026-05-29 14:30:00,9607.5,9622.0,9603.5,9614.5,1183.0
2026-05-29 14:35:00,9614.5,9620.0,9611.0,9618.5,1204.0
2026-05-29 14:40:00,9617.0,9623.5,9613.0,9617.5,1307.0
2026-05-29 14:45:00,9621.5,9637.0,9617.0,9631.0,2110.0
2026-05-29 14:50:00,9632.5,9640.0,9621.0,9625.0,2334.0
2026-05-29 14:55:00,9623.5,9625.0,9610.0,9625.0,8285.0
2026-05-29 15:00:00,9624.5,9624.5,9511.5,9514.5,49278.0
2026-05-29 15:05:00,9516.0,9519.0,9472.5,9483.0,47533.0
2026-05-29 15:10:00,9483.0,9484.0,9442.5,9457.0,41710.0
2026-05-29 15:15:00,9459.5,9470.0,9436.0,9450.5,50513.0
2026-05-29 15:20:00,9454.0,9454.5,9426.0,9438.0,46632.0
2026-05-29 15:25:00,9438.0,9490.0,9431.5,9490.0,38175.0
2026-06-01 09:15:00,9501.0,9575.0,9491.0,9522.5,11276.0
2026-06-01 09:20:00,9522.0,9547.0,9495.5,9518.5,6600.0
2026-06-01 09:25:00,9520.5,9531.0,9506.0,9513.0,2169.0
2026-06-01 09:30:00,9513.0,9514.5,9491.0,9495.0,2298.0
2026-06-01 09:35:00,9495.0,9498.5,9460.5,9480.0,4026.0
2026-06-01 09:40:00,9480.0,9495.5,9465.5,9472.0,1415.0
2026-06-01 09:45:00,9475.0,9496.0,9453.5,9458.0,1800.0
2026-06-01 09:50:00,9457.5,9482.0,9437.0,9459.0,4013.0
2026-06-01 09:55:00,9456.5,9465.0,9441.5,9444.5,1197.0
2026-06-01 10:00:00,9442.5,9451.0,9408.0,9408.0,3104.0
2026-06-01 10:05:00,9405.5,9428.0,9400.0,9420.5,4400.0
2026-06-01 10:10:00,9418.0,9424.5,9386.0,9389.5,3507.0
2026-06-01 10:15:00,9392.5,9401.5,9383.0,9394.0,1341.0
2026-06-01 10:20:00,9391.5,9398.0,9385.0,9396.0,1215.0
2026-06-01 10:25:00,9393.5,9410.0,9390.0,9404.0,1112.0
2026-06-01 10:30:00,9398.0,9410.0,9396.0,9409.5,1101.0
2026-06-01 10:35:00,9407.0,9429.0,9400.0,9416.0,6057.0
2026-06-01 10:40:00,9411.0,9441.0,9400.5,9441.0,2875.0
2026-06-01 10:45:00,9440.5,9482.5,9440.0,9474.0,2101.0
2026-06-01 10:50:00,9471.5,9495.5,9467.0,9495.5,2158.0
2026-06-01 10:55:00,9493.0,9506.5,9488.0,9490.5,1877.0
2026-06-01 11:00:00,9488.0,9547.0,9488.0,9544.5,4666.0
2026-06-01 11:05:00,9543.0,9563.5,9538.5,9562.5,2879.0
2026-06-01 11:10:00,9561.0,9584.5,9550.0,9582.0,3060.0
2026-06-01 11:15:00,9581.5,9599.0,9581.5,9594.5,2743.0
2026-06-01 11:20:00,9592.0,9593.5,9561.5,9562.5,2261.0
2026-06-01 11:25:00,9560.0,9565.0,9534.0,9535.5,2819.0
2026-06-01 11:30:00,9534.5,9541.5,9521.0,9534.5,2068.0
2026-06-01 11:35:00,9531.5,9538.0,9523.5,9532.0,1184.0
2026-06-01 11:40:00,9532.0,9534.5,9523.0,9531.0,1689.0
2026-06-01 11:45:00,9531.0,9544.5,9521.0,9542.5,1461.0
2026-06-01 11:50:00,9538.5,9554.0,9533.5,9546.0,1853.0
2026-06-01 11:55:00,9544.5,9551.5,9514.5,9523.0,2462.0
2026-06-01 12:00:00,9520.5,9536.0,9520.5,9534.0,1604.0
2026-06-01 12:05:00,9531.5,9543.0,9529.0,9533.0,1181.0
2026-06-01 12:10:00,9534.5,9557.0,9533.5,9553.5,1382.0
2026-06-01 12:15:00,9549.5,9550.5,9540.0,9542.0,1204.0
2026-06-01 12:20:00,9540.0,9560.0,9540.0,9558.0,2949.0
2026-06-01 12:25:00,9556.0,9557.0,9541.0,9544.5,1940.0
2026-06-01 12:30:00,9537.0,9537.0,9503.5,9511.0,4651.0
2026-06-01 12:35:00,9508.5,9514.0,9480.0,9480.0,4264.0
2026-06-01 12:40:00,9480.0,9485.0,9470.5,9484.0,1826.0
2026-06-01 12:45:00,9483.0,9507.0,9470.0,9488.5,5551.0
2026-06-01 12:50:00,9488.5,9494.0,9482.0,9490.0,893.0
2026-06-01 12:55:00,9488.0,9496.5,9480.5,9493.0,1674.0
2026-06-01 13:00:00,9493.0,9502.5,9483.5,9487.5,788.0
2026-06-01 13:05:00,9485.0,9493.5,9472.0,9479.0,1552.0
2026-06-01 13:10:00,9472.5,9480.5,9455.0,9464.5,2431.0
2026-06-01 13:15:00,9464.5,9478.5,9464.5,9471.0,1948.0
2026-06-01 13:20:00,9470.5,9482.5,9470.5,9471.0,1145.0
2026-06-01 13:25:00,9471.0,9484.0,9461.5,9481.5,1064.0
2026-06-01 13:30:00,9484.0,9519.5,9483.5,9518.5,1979.0
2026-06-01 13:35:00,9516.0,9525.0,9505.0,9520.0,1578.0
2026-06-01 13:40:00,9517.5,9522.5,9510.5,9512.0,834.0
2026-06-01 13:45:00,9512.5,9517.0,9510.0,9511.5,448.0
2026-06-01 13:50:00,9512.0,9513.5,9497.0,9502.5,1303.0
2026-06-01 13:55:00,9502.5,9515.5,9499.5,9509.5,1199.0
2026-06-01 14:00:00,9509.5,9511.0,9490.0,9503.5,853.0
2026-06-01 14:05:00,9501.0,9507.0,9493.0,9504.5,752.0
2026-06-01 14:10:00,9504.5,9510.0,9482.0,9502.0,2399.0
2026-06-01 14:15:00,9500.5,9515.0,9492.5,9512.0,717.0
2026-06-01 14:20:00,9512.0,9526.0,9505.0,9513.5,3194.0
2026-06-01 14:25:00,9511.0,9525.0,9510.0,9519.0,2324.0
2026-06-01 14:30:00,9515.5,9522.0,9502.0,9506.5,3837.0
2026-06-01 14:35:00,9501.5,9514.0,9492.0,9507.0,1103.0
2026-06-01 14:40:00,9511.0,9513.0,9483.0,9492.0,1824.0
2026-06-01 14:45:00,9492.0,9500.0,9467.0,9482.0,5221.0
2026-06-01 14:50:00,9479.5,9490.0,9455.0,9460.5,5675.0
2026-06-01 14:55:00,9460.5,9466.0,9447.5,9456.0,5103.0
2026-06-01 15:00:00,9455.5,9467.5,9446.0,9466.0,6328.0
2026-06-01 15:05:00,9464.5,9484.5,9455.5,9478.5,6137.0
2026-06-01 15:10:00,9478.0,9499.0,9478.0,9485.0,6008.0
2026-06-01 15:15:00,9487.5,9512.5,9482.0,9485.0,7587.0
2026-06-01 15:20:00,9487.0,9495.0,9473.5,9494.0,8002.0
2026-06-01 15:25:00,9493.0,9503.5,9464.5,9471.0,7962.0
2026-06-02 09:15:00,9420.0,9435.0,9355.5,9398.5,15600.0
2026-06-02 09:20:00,9400.0,9414.0,9355.0,9396.0,8026.0
2026-06-02 09:25:00,9398.0,9407.0,9380.5,9382.0,4960.0
2026-06-02 09:30:00,9383.0,9385.0,9320.5,9345.0,9701.0
2026-06-02 09:35:00,9350.0,9412.0,9344.5,9398.5,8680.0
2026-06-02 09:40:00,9396.0,9409.0,9377.0,9378.5,3209.0
2026-06-02 09:45:00,9377.0,9388.5,9372.5,9385.5,3546.0
2026-06-02 09:50:00,9388.0,9434.0,9383.0,9431.5,8593.0
2026-06-02 09:55:00,9434.5,9471.0,9416.0,9469.5,9695.0
2026-06-02 10:00:00,9474.0,9492.5,9454.0,9471.0,7124.0
2026-06-02 10:05:00,9472.0,9473.0,9445.0,9455.0,3756.0
2026-06-02 10:10:00,9451.5,9454.0,9436.0,9438.0,3144.0
2026-06-02 10:15:00,9437.0,9458.5,9427.0,9449.0,2451.0
2026-06-02 10:20:00,9449.0,9479.0,9447.0,9478.0,4760.0
2026-06-02 10:25:00,9478.5,9520.5,9472.0,9511.5,4710.0
2026-06-02 10:30:00,9510.5,9511.5,9466.5,9467.5,2823.0
2026-06-02 10:35:00,9469.0,9469.0,9439.0,9447.0,4384.0
2026-06-02 10:40:00,9451.5,9471.5,9447.5,9454.0,1831.0
2026-06-02 10:45:00,9454.0,9457.0,9430.0,9434.5,3326.0
2026-06-02 10:50:00,9433.0,9433.0,9402.0,9405.5,2682.0
2026-06-02 10:55:00,9408.0,9412.0,9397.0,9408.5,1932.0
2026-06-02 11:00:00,9409.0,9419.0,9405.0,9411.0,1638.0
2026-06-02 11:05:00,9412.0,9418.5,9409.0,9412.0,729.0
2026-06-02 11:10:00,9413.0,9429.0,9413.0,9428.0,1034.0
2026-06-02 11:15:00,9427.5,9439.0,9423.5,9437.0,1233.0
2026-06-02 11:20:00,9439.0,9460.0,9438.0,9456.5,1100.0
2026-06-02 11:25:00,9461.0,9461.0,9443.5,9455.0,1702.0
2026-06-02 11:30:00,9451.5,9457.0,9445.0,9449.5,873.0
2026-06-02 11:35:00,9445.5,9445.5,9421.0,9421.0,1081.0
2026-06-02 11:40:00,9422.5,9447.0,9422.5,9443.0,1595.0
2026-06-02 11:45:00,9444.0,9457.0,9436.5,9447.5,1465.0
2026-06-02 11:50:00,9450.0,9450.0,9437.0,9444.0,959.0
2026-06-02 11:55:00,9439.0,9444.0,9429.5,9435.5,1401.0
2026-06-02 12:00:00,9436.0,9444.0,9425.5,9438.0,1485.0
2026-06-02 12:05:00,9438.5,9441.5,9428.0,9429.0,1969.0
2026-06-02 12:10:00,9429.0,9431.0,9415.5,9415.5,963.0
2026-06-02 12:15:00,9416.0,9421.5,9410.0,9410.0,947.0
2026-06-02 12:20:00,9412.0,9421.0,9410.0,9418.5,817.0
2026-06-02 12:25:00,9418.0,9420.5,9401.5,9401.5,1016.0
2026-06-02 12:30:00,9402.0,9419.0,9401.0,9417.0,1555.0
2026-06-02 12:35:00,9415.5,9417.0,9407.5,9411.0,786.0
2026-06-02 12:40:00,9410.0,9440.0,9407.5,9440.0,1306.0
2026-06-02 12:45:00,9440.5,9466.0,9440.5,9457.5,2625.0
2026-06-02 12:50:00,9459.0,9477.5,9458.5,9468.0,3132.0
2026-06-02 12:55:00,9467.0,9484.0,9464.5,9477.0,1646.0
2026-06-02 13:00:00,9477.0,9479.0,9467.0,9467.0,1940.0
2026-06-02 13:05:00,9468.0,9484.0,9463.5,9480.0,2492.0
2026-06-02 13:10:00,9480.0,9496.0,9478.0,9486.0,1690.0
2026-06-02 13:15:00,9487.5,9493.0,9480.0,9485.5,1427.0
2026-06-02 13:20:00,9485.0,9508.0,9480.0,9502.5,2977.0
2026-06-02 13:25:00,9503.0,9507.5,9490.0,9495.0,1240.0
2026-06-02 13:30:00,9495.0,9502.0,9490.0,9495.0,2945.0
2026-06-02 13:35:00,9496.5,9500.0,9488.5,9497.5,1237.0
2026-06-02 13:40:00,9497.5,9510.0,9492.0,9510.0,2094.0
2026-06-02 13:45:00,9507.0,9516.0,9506.5,9512.0,1493.0
2026-06-02 13:50:00,9512.0,9535.0,9512.0,9529.5,3378.0
2026-06-02 13:55:00,9529.0,9535.5,9517.5,9524.0,5459.0
2026-06-02 14:00:00,9526.0,9538.0,9526.0,9538.0,2051.0
2026-06-02 14:05:00,9537.5,9550.0,9537.5,9548.5,1686.0
2026-06-02 14:10:00,9545.5,9546.5,9540.5,9542.0,1453.0
2026-06-02 14:15:00,9541.5,9554.0,9531.5,9534.0,3875.0
2026-06-02 14:20:00,9534.0,9544.0,9530.0,9544.0,2469.0
2026-06-02 14:25:00,9542.5,9544.0,9529.0,9539.5,2564.0
2026-06-02 14:30:00,9538.0,9555.5,9533.5,9553.0,2233.0
2026-06-02 14:35:00,9550.5,9552.5,9523.0,9524.0,2511.0
2026-06-02 14:40:00,9523.0,9523.0,9494.5,9502.5,4795.0
2026-06-02 14:45:00,9503.0,9534.0,9494.0,9533.0,2950.0
2026-06-02 14:50:00,9532.5,9539.0,9527.5,9539.0,2646.0
2026-06-02 14:55:00,9537.0,9539.0,9512.0,9516.5,3545.0
2026-06-02 15:00:00,9516.5,9530.5,9506.0,9527.5,6060.0
2026-06-02 15:05:00,9527.5,9534.0,9519.5,9529.5,7190.0
2026-06-02 15:10:00,9527.0,9530.0,9520.0,9527.0,6415.0
2026-06-02 15:15:00,9524.5,9550.0,9522.5,9543.5,7162.0
2026-06-02 15:20:00,9543.5,9545.0,9529.0,9532.0,15901.0
2026-06-02 15:25:00,9529.0,9544.5,9528.0,9529.5,4219.0
2026-06-03 09:15:00,9525.0,9640.0,9489.0,9596.5,12288.0
2026-06-03 09:20:00,9597.0,9604.0,9575.0,9588.0,3426.0
2026-06-03 09:25:00,9587.5,9587.5,9551.0,9572.0,2213.0
2026-06-03 09:30:00,9565.0,9582.5,9539.0,9539.0,4508.0
2026-06-03 09:35:00,9540.5,9589.0,9516.0,9584.0,2485.0
2026-06-03 09:40:00,9584.0,9584.0,9557.0,9580.5,2193.0
2026-06-03 09:45:00,9576.0,9605.0,9570.0,9585.0,4031.0
2026-06-03 09:50:00,9584.5,9592.0,9548.0,9548.0,2717.0
2026-06-03 09:55:00,9543.5,9543.5,9504.0,9524.0,5028.0
2026-06-03 10:00:00,9522.0,9555.0,9519.5,9552.5,2364.0
2026-06-03 10:05:00,9555.5,9563.5,9545.0,9545.0,1168.0
2026-06-03 10:10:00,9542.0,9542.0,9521.0,9526.5,1589.0
2026-06-03 10:15:00,9525.5,9564.5,9520.0,9559.5,2516.0
2026-06-03 10:20:00,9562.0,9579.0,9549.0,9550.5,2316.0
2026-06-03 10:25:00,9550.0,9557.5,9530.0,9536.0,1216.0
2026-06-03 10:30:00,9535.5,9548.0,9526.5,9532.5,1306.0
2026-06-03 10:35:00,9533.5,9548.5,9526.0,9536.5,772.0
2026-06-03 10:40:00,9536.5,9542.5,9526.0,9526.0,1029.0
2026-06-03 10:45:00,9525.5,9535.0,9520.0,9535.0,1166.0
2026-06-03 10:50:00,9527.5,9534.5,9524.0,9528.0,431.0
2026-06-03 10:55:00,9529.5,9535.5,9509.0,9515.0,2478.0
2026-06-03 11:00:00,9525.0,9533.0,9516.5,9522.0,631.0
2026-06-03 11:05:00,9520.0,9528.5,9510.0,9513.0,444.0
2026-06-03 11:10:00,9513.0,9523.5,9511.0,9515.0,431.0
2026-06-03 11:15:00,9517.0,9542.0,9510.0,9532.5,729.0
2026-06-03 11:20:00,9534.5,9555.0,9528.5,9543.0,2100.0
2026-06-03 11:25:00,9543.0,9550.5,9535.5,9544.5,959.0
2026-06-03 11:30:00,9542.0,9547.5,9530.0,9530.5,366.0
2026-06-03 11:35:00,9534.5,9534.5,9517.0,9523.0,472.0
2026-06-03 11:40:00,9525.0,9527.5,9516.5,9523.5,658.0
2026-06-03 11:45:00,9524.0,9529.5,9519.0,9528.0,350.0
2026-06-03 11:50:00,9531.0,9532.0,9521.0,9528.0,1463.0
2026-06-03 11:55:00,9526.0,9528.0,9515.5,9516.5,313.0
2026-06-03 12:00:00,9514.0,9514.0,9485.0,9490.5,1835.0
2026-06-03 12:05:00,9487.0,9492.0,9480.0,9490.0,1544.0
2026-06-03 12:10:00,9488.5,9495.5,9479.5,9495.0,1560.0
2026-06-03 12:15:00,9492.0,9503.0,9484.0,9498.0,961.0
2026-06-03 12:20:00,9497.5,9521.0,9497.5,9508.5,1632.0
2026-06-03 12:25:00,9508.5,9544.5,9505.5,9535.5,3159.0
2026-06-03 12:30:00,9544.0,9558.5,9531.0,9558.5,2642.0
2026-06-03 12:35:00,9556.5,9569.5,9538.5,9540.0,2680.0
2026-06-03 12:40:00,9539.0,9559.0,9538.5,9542.5,1654.0
2026-06-03 12:45:00,9546.0,9554.0,9530.0,9537.5,1895.0
2026-06-03 12:50:00,9538.0,9542.0,9530.0,9530.0,1069.0
2026-06-03 12:55:00,9531.0,9540.0,9530.0,9530.0,917.0
2026-06-03 13:00:00,9531.0,9540.5,9530.0,9530.0,878.0
2026-06-03 13:05:00,9530.0,9533.5,9521.5,9525.0,740.0
2026-06-03 13:10:00,9523.5,9528.0,9521.0,9527.0,728.0
2026-06-03 13:15:00,9541.5,9559.5,9539.0,9549.0,1535.0
2026-06-03 13:20:00,9551.0,9560.0,9548.5,9556.5,1519.0
2026-06-03 13:25:00,9558.0,9560.0,9549.0,9550.5,1388.0
2026-06-03 13:30:00,9552.5,9558.0,9538.5,9556.0,2157.0
2026-06-03 13:35:00,9556.0,9558.0,9545.0,9547.0,708.0
2026-06-03 13:40:00,9547.0,9549.0,9539.0,9539.0,1120.0
2026-06-03 13:45:00,9539.0,9570.0,9539.0,9562.0,3125.0
2026-06-03 13:50:00,9560.0,9562.0,9544.5,9552.0,1412.0
2026-06-03 13:55:00,9552.0,9559.0,9544.5,9553.0,1396.0
2026-06-03 14:00:00,9559.5,9569.5,9559.5,9566.5,1746.0
2026-06-03 14:05:00,9567.0,9594.0,9565.0,9581.0,3566.0
2026-06-03 14:10:00,9582.0,9584.5,9565.0,9581.0,4548.0
2026-06-03 14:15:00,9582.5,9600.5,9581.0,9599.5,2332.0
2026-06-03 14:20:00,9600.5,9618.0,9596.5,9604.5,2536.0
2026-06-03 14:25:00,9604.5,9606.5,9592.0,9600.0,2123.0
2026-06-03 14:30:00,9604.5,9606.0,9596.5,9605.0,2464.0
2026-06-03 14:35:00,9605.0,9610.0,9597.5,9606.5,1067.0
2026-06-03 14:40:00,9608.0,9610.0,9600.5,9602.0,1088.0
2026-06-03 14:45:00,9600.0,9604.5,9590.5,9601.5,1578.0
2026-06-03 14:50:00,9598.5,9603.0,9590.5,9590.5,3299.0
2026-06-03 14:55:00,9592.5,9603.5,9585.0,9597.0,3063.0
2026-06-03 15:00:00,9594.5,9603.5,9560.0,9571.0,6534.0
2026-06-03 15:05:00,9570.0,9583.0,9565.0,9571.5,3879.0
2026-06-03 15:10:00,9569.5,9576.0,9550.5,9563.5,3935.0
2026-06-03 15:15:00,9562.5,9569.0,9556.5,9564.0,4138.0
2026-06-03 15:20:00,9564.0,9573.0,9564.0,9570.0,3774.0
2026-06-03 15:25:00,9569.5,9585.0,9563.5,9585.0,6443.0
2026-06-04 09:15:00,9565.0,9610.0,9532.5,9595.5,7534.0
2026-06-04 09:20:00,9595.5,9669.0,9587.0,9663.0,8369.0
2026-06-04 09:25:00,9654.5,9679.0,9622.5,9640.0,5987.0
2026-06-04 09:30:00,9640.0,9685.0,9635.5,9685.0,4105.0
2026-06-04 09:35:00,9675.0,9731.5,9669.0,9704.5,18808.0
2026-06-04 09:40:00,9701.0,9740.0,9701.0,9730.0,11327.0
2026-06-04 09:45:00,9728.0,9750.0,9711.0,9717.0,6442.0
2026-06-04 09:50:00,9717.0,9734.0,9711.0,9730.5,2342.0
2026-06-04 09:55:00,9730.5,9740.0,9706.5,9711.5,5001.0
2026-06-04 10:00:00,9710.0,9731.0,9710.0,9726.5,1826.0
2026-06-04 10:05:00,9722.5,9732.0,9717.0,9722.0,1072.0
2026-06-04 10:10:00,9722.0,9729.0,9711.0,9711.5,2405.0
2026-06-04 10:15:00,9713.5,9734.0,9713.0,9730.0,2077.0
2026-06-04 10:20:00,9730.0,9734.0,9723.0,9734.0,1519.0
2026-06-04 10:25:00,9734.0,9734.0,9722.5,9727.0,1436.0
2026-06-04 10:30:00,9727.0,9731.0,9708.0,9708.0,2361.0
2026-06-04 10:35:00,9710.0,9720.0,9706.0,9712.0,1367.0
2026-06-04 10:40:00,9712.0,9720.0,9710.0,9719.0,996.0
2026-06-04 10:45:00,9715.5,9730.0,9715.5,9722.0,1651.0
2026-06-04 10:50:00,9721.5,9722.5,9712.0,9718.0,529.0
2026-06-04 10:55:00,9715.5,9725.0,9715.5,9716.5,979.0
2026-06-04 11:00:00,9715.0,9724.0,9691.5,9697.5,2171.0
2026-06-04 11:05:00,9695.5,9700.0,9685.5,9700.0,1435.0
2026-06-04 11:10:00,9699.5,9713.5,9698.0,9707.5,1182.0
2026-06-04 11:15:00,9706.0,9712.0,9698.5,9710.0,760.0
2026-06-04 11:20:00,9710.0,9717.5,9706.5,9712.5,1098.0
2026-06-04 11:25:00,9712.5,9727.5,9711.0,9722.5,1772.0
2026-06-04 11:30:00,9722.5,9739.0,9718.5,9738.0,3141.0
2026-06-04 11:35:00,9733.5,9745.0,9732.5,9740.0,2254.0
2026-06-04 11:40:00,9740.0,9747.0,9736.0,9744.0,2119.0
2026-06-04 11:45:00,9739.5,9745.0,9736.5,9738.0,1346.0
2026-06-04 11:50:00,9738.0,9741.0,9729.0,9733.5,2576.0
2026-06-04 11:55:00,9734.0,9755.0,9734.0,9753.5,4788.0
2026-06-04 12:00:00,9753.0,9765.0,9744.0,9762.0,4644.0
2026-06-04 12:05:00,9762.0,9765.0,9757.0,9760.0,2745.0
2026-06-04 12:10:00,9759.0,9763.0,9756.0,9761.0,1890.0
2026-06-04 12:15:00,9763.0,9765.0,9756.0,9762.0,2928.0
2026-06-04 12:20:00,9759.0,9764.5,9758.0,9764.5,1264.0
2026-06-04 12:25:00,9763.0,9768.0,9733.0,9750.0,4671.0
2026-06-04 12:30:00,9748.5,9750.0,9744.5,9749.0,3164.0
2026-06-04 12:35:00,9749.0,9754.0,9740.0,9754.0,4253.0
2026-06-04 12:40:00,9752.5,9755.0,9748.0,9751.0,2250.0
2026-06-04 12:45:00,9751.0,9753.5,9740.0,9749.5,1839.0
2026-06-04 12:50:00,9746.5,9750.0,9744.0,9748.5,2617.0
2026-06-04 12:55:00,9748.5,9752.0,9737.0,9739.0,4055.0
2026-06-04 13:00:00,9739.5,9767.0,9739.5,9765.0,6557.0
2026-06-04 13:05:00,9765.0,9765.5,9756.0,9760.5,1956.0
2026-06-04 13:10:00,9760.5,9762.5,9725.5,9733.0,5972.0
2026-06-04 13:15:00,9730.5,9740.0,9715.5,9739.0,3030.0
2026-06-04 13:20:00,9739.5,9749.0,9731.5,9744.0,1519.0
2026-06-04 13:25:00,9744.0,9749.5,9740.0,9746.0,716.0
2026-06-04 13:30:00,9746.0,9746.0,9730.5,9743.0,1829.0
2026-06-04 13:35:00,9743.0,9748.5,9740.0,9740.0,1473.0
2026-06-04 13:40:00,9743.0,9750.0,9734.0,9747.5,1768.0
2026-06-04 13:45:00,9745.0,9750.0,9743.0,9750.0,2797.0
2026-06-04 13:50:00,9749.5,9753.5,9737.0,9750.0,2199.0
2026-06-04 13:55:00,9750.0,9758.5,9742.5,9754.5,904.0
2026-06-04 14:00:00,9754.0,9774.5,9754.0,9761.5,4029.0
2026-06-04 14:05:00,9761.5,9763.0,9751.5,9762.0,1880.0
2026-06-04 14:10:00,9760.5,9762.5,9748.0,9754.5,1137.0
2026-06-04 14:15:00,9753.5,9760.0,9752.5,9753.5,1060.0
2026-06-04 14:20:00,9752.0,9759.0,9737.0,9759.0,4606.0
2026-06-04 14:25:00,9756.5,9764.0,9753.5,9755.0,1238.0
2026-06-04 14:30:00,9755.0,9768.0,9754.5,9757.5,1675.0
2026-06-04 14:35:00,9757.5,9766.5,9755.5,9766.5,1296.0
2026-06-04 14:40:00,9766.5,9767.0,9760.0,9764.5,2029.0
2026-06-04 14:45:00,9763.5,9774.5,9763.5,9773.0,3305.0
2026-06-04 14:50:00,9771.5,9773.0,9758.0,9761.0,2654.0
2026-06-04 14:55:00,9760.5,9764.5,9746.5,9750.0,3641.0
2026-06-04 15:00:00,9752.5,9752.5,9724.5,9736.0,10458.0
2026-06-04 15:05:00,9735.0,9740.0,9722.5,9725.5,6062.0
2026-06-04 15:10:00,9727.5,9735.5,9706.0,9708.5,9507.0
2026-06-04 15:15:00,9709.0,9709.0,9685.0,9703.5,9300.0
2026-06-04 15:20:00,9703.0,9713.0,9691.0,9709.0,7563.0
2026-06-04 15:25:00,9708.5,9720.0,9705.0,9707.0,7412.0
2026-06-05 09:15:00,9755.0,9755.0,9700.0,9709.0,8453.0
2026-06-05 09:20:00,9707.0,9734.0,9695.5,9719.0,5438.0
2026-06-05 09:25:00,9716.0,9722.0,9707.0,9708.5,5158.0
2026-06-05 09:30:00,9707.5,9735.0,9705.0,9729.0,4227.0
2026-06-05 09:35:00,9730.0,9745.0,9713.0,9726.5,3544.0
2026-06-05 09:40:00,9730.0,9740.0,9719.5,9732.0,1654.0
2026-06-05 09:45:00,9735.5,9735.5,9718.5,9718.5,1152.0
2026-06-05 09:50:00,9715.0,9722.0,9696.0,9696.0,3139.0
2026-06-05 09:55:00,9696.5,9697.5,9683.0,9689.0,2317.0
2026-06-05 10:00:00,9689.0,9714.0,9685.0,9710.0,1894.0
2026-06-05 10:05:00,9710.0,9734.5,9699.5,9727.5,2187.0
2026-06-05 10:10:00,9725.0,9729.0,9699.0,9701.5,1812.0
2026-06-05 10:15:00,9700.0,9703.0,9690.0,9694.5,1714.0
2026-06-05 10:20:00,9694.5,9722.0,9694.5,9711.5,2384.0
2026-06-05 10:25:00,9713.5,9714.0,9691.0,9694.5,1826.0
2026-06-05 10:30:00,9691.0,9698.0,9681.0,9681.0,2039.0
2026-06-05 10:35:00,9680.0,9685.5,9656.0,9669.5,5990.0
2026-06-05 10:40:00,9672.0,9696.5,9667.0,9695.0,2144.0
2026-06-05 10:45:00,9693.5,9693.5,9666.5,9690.5,2079.0
2026-06-05 10:50:00,9693.5,9712.0,9693.0,9703.0,5132.0
2026-06-05 10:55:00,9702.5,9711.0,9702.0,9710.0,1634.0
2026-06-05 11:00:00,9714.5,9747.0,9707.0,9739.5,9335.0
2026-06-05 11:05:00,9739.0,9750.0,9736.0,9741.0,3873.0
2026-06-05 11:10:00,9742.0,9752.0,9735.0,9740.0,2300.0
2026-06-05 11:15:00,9741.5,9761.0,9722.5,9726.5,5374.0
2026-06-05 11:20:00,9729.5,9729.5,9711.0,9717.5,3565.0
2026-06-05 11:25:00,9717.5,9741.0,9716.0,9735.5,2595.0
2026-06-05 11:30:00,9736.0,9747.0,9735.0,9738.5,2710.0
2026-06-05 11:35:00,9738.5,9744.0,9730.5,9741.0,3528.0
2026-06-05 11:40:00,9741.0,9748.0,9739.5,9742.0,1932.0
2026-06-05 11:45:00,9739.0,9753.5,9739.0,9741.0,2785.0
2026-06-05 11:50:00,9741.0,9745.0,9734.5,9736.0,1961.0
2026-06-05 11:55:00,9736.0,9738.5,9705.0,9707.5,2982.0
2026-06-05 12:00:00,9707.5,9725.0,9705.5,9715.5,1479.0
2026-06-05 12:05:00,9716.0,9724.5,9710.5,9711.0,1283.0
2026-06-05 12:10:00,9716.5,9742.5,9710.0,9741.0,2623.0
2026-06-05 12:15:00,9749.5,9789.5,9749.5,9777.0,6318.0
2026-06-05 12:20:00,9782.0,9808.0,9779.0,9806.0,5794.0
2026-06-05 12:25:00,9806.0,9833.0,9800.5,9816.5,5529.0
2026-06-05 12:30:00,9818.0,9825.0,9800.0,9807.5,2750.0
2026-06-05 12:35:00,9807.0,9811.0,9801.0,9805.5,3842.0
2026-06-05 12:40:00,9806.0,9810.0,9796.5,9801.5,3340.0
2026-06-05 12:45:00,9798.0,9803.5,9770.0,9770.0,4141.0
2026-06-05 12:50:00,9767.5,9772.5,9750.0,9762.5,3530.0
2026-06-05 12:55:00,9760.0,9768.0,9752.0,9752.5,3093.0
2026-06-05 13:00:00,9752.5,9753.5,9745.0,9752.5,2740.0
2026-06-05 13:05:00,9754.0,9766.5,9740.5,9743.0,2097.0
2026-06-05 13:10:00,9743.5,9745.5,9725.0,9726.0,3295.0
2026-06-05 13:15:00,9729.5,9755.0,9725.5,9735.0,2297.0
2026-06-05 13:20:00,9732.0,9734.0,9713.0,9715.0,2989.0
2026-06-05 13:25:00,9715.0,9719.5,9702.0,9702.0,2477.0
2026-06-05 13:30:00,9702.0,9716.5,9690.0,9695.5,3239.0
2026-06-05 13:35:00,9691.0,9699.5,9690.0,9696.0,1534.0
2026-06-05 13:40:00,9695.0,9696.0,9670.0,9681.5,4006.0
2026-06-05 13:45:00,9680.5,9697.5,9675.0,9692.5,1242.0
2026-06-05 13:50:00,9691.5,9698.0,9685.0,9691.0,1131.0
2026-06-05 13:55:00,9691.0,9700.0,9691.0,9695.0,967.0
2026-06-05 14:00:00,9698.0,9700.5,9684.5,9692.5,2881.0
2026-06-05 14:05:00,9695.0,9702.5,9691.5,9700.0,1223.0
2026-06-05 14:10:00,9701.5,9703.0,9695.0,9699.5,853.0
2026-06-05 14:15:00,9697.0,9698.5,9685.5,9696.0,1199.0
2026-06-05 14:20:00,9696.0,9700.0,9691.0,9700.0,1012.0
2026-06-05 14:25:00,9699.5,9711.5,9695.0,9702.0,6168.0
2026-06-05 14:30:00,9703.0,9719.0,9700.0,9702.0,4812.0
2026-06-05 14:35:00,9701.5,9705.0,9691.5,9704.0,2686.0
2026-06-05 14:40:00,9699.5,9738.0,9698.5,9733.5,6320.0
2026-06-05 14:45:00,9736.0,9739.5,9702.0,9702.5,7761.0
2026-06-05 14:50:00,9708.0,9718.5,9705.0,9714.5,4080.0
2026-06-05 14:55:00,9714.5,9719.5,9700.0,9709.0,4630.0
2026-06-05 15:00:00,9710.5,9712.5,9691.0,9699.0,4246.0
2026-06-05 15:05:00,9697.5,9700.0,9692.0,9696.5,2668.0
2026-06-05 15:10:00,9696.5,9705.0,9695.0,9696.5,3892.0
2026-06-05 15:15:00,9696.5,9713.0,9696.5,9709.0,4143.0
2026-06-05 15:20:00,9710.0,9712.5,9692.0,9692.5,8378.0
2026-06-05 15:25:00,9694.5,9700.0,9669.0,9669.0,7937.0
2026-06-08 09:15:00,9590.5,9590.5,9466.5,9590.5,13945.0
2026-06-08 09:20:00,9595.0,9599.0,9575.0,9586.0,6030.0
2026-06-08 09:25:00,9579.5,9598.5,9572.5,9598.0,3506.0
2026-06-08 09:30:00,9603.0,9634.0,9586.0,9607.0,6377.0
2026-06-08 09:35:00,9606.0,9610.0,9567.0,9577.5,5469.0
2026-06-08 09:40:00,9580.0,9599.0,9576.5,9595.5,1608.0
2026-06-08 09:45:00,9595.0,9606.5,9580.0,9588.0,1912.0
2026-06-08 09:50:00,9583.5,9623.0,9580.0,9621.5,2705.0
2026-06-08 09:55:00,9618.5,9630.0,9610.5,9620.0,2821.0
2026-06-08 10:00:00,9620.0,9620.5,9587.0,9593.5,2898.0
2026-06-08 10:05:00,9592.5,9622.0,9587.5,9617.0,1301.0
2026-06-08 10:10:00,9615.5,9618.0,9602.5,9608.5,1327.0
2026-06-08 10:15:00,9605.5,9618.0,9605.5,9616.0,908.0
2026-06-08 10:20:00,9616.0,9629.5,9616.0,9627.5,1986.0
2026-06-08 10:25:00,9625.0,9627.5,9608.0,9617.5,2065.0
2026-06-08 10:30:00,9615.0,9657.0,9614.0,9653.5,3844.0
2026-06-08 10:35:00,9654.0,9665.0,9645.5,9653.5,2561.0
2026-06-08 10:40:00,9653.0,9667.0,9650.0,9650.5,2136.0
2026-06-08 10:45:00,9650.5,9656.5,9641.0,9656.5,2518.0
2026-06-08 10:50:00,9658.5,9659.5,9646.0,9647.5,1018.0
2026-06-08 10:55:00,9647.5,9665.0,9645.0,9662.5,1030.0
2026-06-08 11:00:00,9660.0,9662.5,9643.5,9654.0,1353.0
2026-06-08 11:05:00,9653.5,9663.0,9631.5,9652.0,3124.0
2026-06-08 11:10:00,9651.5,9658.0,9651.5,9656.0,527.0
2026-06-08 11:15:00,9657.5,9666.5,9648.5,9653.0,2364.0
2026-06-08 11:20:00,9651.0,9656.0,9645.5,9647.0,969.0
2026-06-08 11:25:00,9647.0,9655.0,9646.0,9649.5,1143.0
2026-06-08 11:30:00,9647.5,9655.0,9643.0,9655.0,466.0
2026-06-08 11:35:00,9655.0,9665.0,9654.5,9663.0,941.0
2026-06-08 11:40:00,9663.0,9674.5,9663.0,9673.5,1468.0
2026-06-08 11:45:00,9672.5,9699.0,9645.5,9661.5,4329.0
2026-06-08 11:50:00,9660.0,9661.5,9624.5,9627.0,3168.0
2026-06-08 11:55:00,9628.0,9640.0,9621.0,9639.0,1126.0
2026-06-08 12:00:00,9640.0,9643.0,9627.5,9630.0,3904.0
2026-06-08 12:05:00,9630.0,9637.5,9623.5,9624.5,3995.0
2026-06-08 12:10:00,9625.0,9636.0,9608.5,9614.5,10596.0
2026-06-08 12:15:00,9613.0,9615.0,9592.0,9597.5,3397.0
2026-06-08 12:20:00,9598.0,9606.0,9591.0,9601.5,1671.0
2026-06-08 12:25:00,9603.0,9625.0,9595.0,9617.5,1578.0
2026-06-08 12:30:00,9617.5,9626.5,9601.5,9607.0,6618.0
2026-06-08 12:35:00,9608.0,9616.0,9604.0,9612.5,1007.0
2026-06-08 12:40:00,9611.5,9631.0,9611.0,9618.5,1174.0
2026-06-08 12:45:00,9618.5,9630.0,9610.0,9630.0,1051.0
2026-06-08 12:50:00,9628.5,9635.0,9624.5,9632.0,742.0
2026-06-08 12:55:00,9634.0,9636.0,9627.0,9633.0,694.0
2026-06-08 13:00:00,9633.0,9634.0,9627.0,9627.0,780.0
2026-06-08 13:05:00,9627.0,9629.0,9615.0,9625.0,995.0
2026-06-08 13:10:00,9624.5,9625.0,9605.0,9606.5,985.0
2026-06-08 13:15:00,9610.0,9610.0,9592.5,9594.5,2286.0
2026-06-08 13:20:00,9594.0,9611.0,9594.0,9611.0,823.0
2026-06-08 13:25:00,9605.5,9606.5,9597.0,9604.0,651.0
2026-06-08 13:30:00,9607.0,9610.0,9591.5,9594.0,1249.0
2026-06-08 13:35:00,9593.5,9595.0,9581.0,9586.0,1791.0
2026-06-08 13:40:00,9587.0,9587.5,9576.0,9576.5,1449.0
2026-06-08 13:45:00,9576.5,9582.0,9567.0,9582.0,1992.0
2026-06-08 13:50:00,9581.5,9583.5,9567.5,9568.0,889.0
2026-06-08 13:55:00,9568.5,9580.0,9567.0,9580.0,811.0
2026-06-08 14:00:00,9581.0,9592.5,9577.0,9586.5,993.0
2026-06-08 14:05:00,9586.5,9589.0,9578.5,9587.0,1085.0
2026-06-08 14:10:00,9587.0,9589.0,9580.0,9580.0,816.0
2026-06-08 14:15:00,9580.5,9599.5,9577.5,9597.5,2465.0
2026-06-08 14:20:00,9587.5,9592.0,9570.0,9572.0,1953.0
2026-06-08 14:25:00,9573.0,9579.0,9561.0,9572.0,1479.0
2026-06-08 14:30:00,9573.5,9580.0,9569.0,9577.5,853.0
2026-06-08 14:35:00,9578.0,9583.5,9572.0,9580.5,1249.0
2026-06-08 14:40:00,9579.0,9587.0,9575.5,9587.0,1152.0
2026-06-08 14:45:00,9597.0,9598.5,9578.5,9585.5,1846.0
2026-06-08 14:50:00,9587.5,9592.0,9560.5,9561.0,2690.0
2026-06-08 14:55:00,9562.0,9576.5,9555.0,9572.0,3755.0
2026-06-08 15:00:00,9570.0,9570.0,9520.0,9529.0,5315.0
2026-06-08 15:05:00,9527.5,9536.5,9514.0,9515.5,5213.0
2026-06-08 15:10:00,9516.0,9522.5,9510.5,9517.5,3776.0
2026-06-08 15:15:00,9516.0,9520.0,9505.5,9514.0,3670.0
2026-06-08 15:20:00,9514.5,9514.5,9445.0,9454.5,10746.0
2026-06-08 15:25:00,9454.5,9464.0,9432.5,9450.0,6914.0
2026-06-09 09:15:00,9502.0,9646.0,9502.0,9613.0,11267.0
2026-06-09 09:20:00,9615.5,9632.5,9615.0,9625.0,3701.0
2026-06-09 09:25:00,9621.5,9636.0,9605.0,9607.0,3401.0
2026-06-09 09:30:00,9612.5,9642.5,9612.0,9640.0,3919.0
2026-06-09 09:35:00,9642.0,9653.0,9628.5,9638.0,2876.0
2026-06-09 09:40:00,9640.0,9644.0,9615.5,9632.0,2708.0
2026-06-09 09:45:00,9632.0,9688.0,9629.0,9652.5,8059.0
2026-06-09 09:50:00,9650.5,9675.0,9647.0,9669.5,2898.0
2026-06-09 09:55:00,9669.0,9674.5,9640.0,9648.0,3488.0
2026-06-09 10:00:00,9648.0,9661.0,9630.5,9635.5,2457.0
2026-06-09 10:05:00,9636.0,9644.0,9630.0,9643.5,1228.0
2026-06-09 10:10:00,9644.0,9673.5,9643.0,9666.5,2426.0
2026-06-09 10:15:00,9665.0,9681.5,9665.0,9665.0,2464.0
2026-06-09 10:20:00,9665.0,9668.5,9654.0,9666.0,1320.0
2026-06-09 10:25:00,9667.0,9676.0,9662.5,9671.0,997.0
2026-06-09 10:30:00,9671.0,9674.5,9656.5,9660.0,1244.0
2026-06-09 10:35:00,9659.5,9665.0,9650.5,9661.0,922.0
2026-06-09 10:40:00,9661.0,9674.0,9661.0,9673.5,848.0
2026-06-09 10:45:00,9673.5,9678.0,9660.0,9660.0,1239.0
2026-06-09 10:50:00,9656.5,9659.5,9641.0,9648.0,1773.0
2026-06-09 10:55:00,9648.0,9653.0,9643.5,9648.0,787.0
2026-06-09 11:00:00,9647.5,9658.0,9644.0,9657.5,1187.0
2026-06-09 11:05:00,9658.0,9667.0,9652.5,9652.5,821.0
2026-06-09 11:10:00,9652.5,9652.5,9643.5,9645.0,1134.0
2026-06-09 11:15:00,9649.0,9658.5,9643.5,9648.0,1308.0
2026-06-09 11:20:00,9648.0,9659.0,9638.0,9641.5,1627.0
2026-06-09 11:25:00,9640.0,9650.5,9635.5,9643.0,983.0
2026-06-09 11:30:00,9640.0,9642.0,9636.0,9642.0,494.0
2026-06-09 11:35:00,9640.5,9648.0,9640.5,9648.0,791.0
2026-06-09 11:40:00,9647.5,9649.5,9642.0,9649.5,595.0
2026-06-09 11:45:00,9650.0,9657.0,9635.5,9652.5,1825.0
2026-06-09 11:50:00,9653.5,9659.0,9649.0,9650.5,857.0
2026-06-09 11:55:00,9650.5,9656.5,9643.5,9653.5,1049.0
2026-06-09 12:00:00,9655.0,9674.0,9653.5,9656.0,1725.0
2026-06-09 12:05:00,9659.0,9666.5,9654.5,9658.0,1103.0
2026-06-09 12:10:00,9658.0,9660.0,9658.0,9659.0,606.0
2026-06-09 12:15:00,9659.0,9665.0,9657.5,9665.0,893.0
2026-06-09 12:20:00,9664.0,9675.0,9647.0,9668.5,4491.0
2026-06-09 12:25:00,9669.0,9689.0,9666.0,9689.0,3936.0
2026-06-09 12:30:00,9688.5,9698.0,9682.5,9684.0,4536.0
2026-06-09 12:35:00,9684.0,9689.0,9681.0,9689.0,1123.0
2026-06-09 12:40:00,9687.5,9690.0,9670.0,9673.0,1757.0
2026-06-09 12:45:00,9678.0,9679.5,9672.5,9673.5,1258.0
2026-06-09 12:50:00,9674.5,9676.5,9656.0,9657.5,3293.0
2026-06-09 12:55:00,9658.0,9661.5,9645.5,9651.0,2053.0
2026-06-09 13:00:00,9651.5,9663.0,9650.0,9662.5,1597.0
2026-06-09 13:05:00,9661.0,9666.0,9653.0,9654.5,1565.0
2026-06-09 13:10:00,9658.5,9672.5,9655.0,9672.5,5555.0
2026-06-09 13:15:00,9674.0,9675.0,9658.0,9661.0,2206.0
2026-06-09 13:20:00,9664.5,9666.5,9652.5,9656.0,1581.0
2026-06-09 13:25:00,9657.5,9665.5,9653.0,9659.0,1247.0
2026-06-09 13:30:00,9659.0,9659.0,9648.0,9652.0,1578.0
2026-06-09 13:35:00,9652.0,9662.5,9650.0,9660.0,932.0
2026-06-09 13:40:00,9656.5,9661.5,9654.5,9657.0,864.0
2026-06-09 13:45:00,9658.0,9662.0,9653.0,9653.0,923.0
2026-06-09 13:50:00,9653.0,9660.0,9653.0,9657.0,865.0
2026-06-09 13:55:00,9657.0,9659.5,9641.0,9656.0,2037.0
2026-06-09 14:00:00,9658.0,9658.0,9647.0,9653.5,985.0
2026-06-09 14:05:00,9653.5,9673.0,9651.5,9670.5,1088.0
2026-06-09 14:10:00,9672.0,9679.5,9671.0,9674.5,1404.0
2026-06-09 14:15:00,9676.0,9676.0,9668.0,9668.0,1530.0
2026-06-09 14:20:00,9668.0,9675.0,9667.5,9675.0,1334.0
2026-06-09 14:25:00,9675.0,9679.0,9665.5,9676.5,2385.0
2026-06-09 14:30:00,9676.5,9682.0,9475.5,9505.5,16996.0
2026-06-09 14:35:00,9512.5,9527.5,9423.5,9500.5,17450.0
2026-06-09 14:40:00,9503.5,9599.0,9495.5,9553.5,12513.0
2026-06-09 14:45:00,9558.0,9558.0,9531.0,9531.5,4609.0
2026-06-09 14:50:00,9534.0,9598.5,9531.0,9594.5,7855.0
2026-06-09 14:55:00,9598.5,9624.5,9596.5,9620.5,4897.0
2026-06-09 15:00:00,9620.5,9624.0,9588.0,9621.0,7965.0
2026-06-09 15:05:00,9623.5,9639.0,9605.0,9631.0,5356.0
2026-06-09 15:10:00,9630.5,9636.0,9615.5,9635.0,5551.0
2026-06-09 15:15:00,9632.0,9635.0,9602.5,9603.5,5556.0
2026-06-09 15:20:00,9605.5,9626.5,9603.5,9615.0,7394.0
2026-06-09 15:25:00,9615.0,9645.0,9600.5,9644.5,6029.0
2026-06-10 09:15:00,9621.0,9684.5,9570.0,9575.0,13261.0
2026-06-10 09:20:00,9556.0,9568.0,9505.0,9544.5,10082.0
2026-06-10 09:25:00,9542.5,9554.0,9522.5,9554.0,3564.0
2026-06-10 09:30:00,9555.0,9570.0,9537.0,9570.0,3107.0
2026-06-10 09:35:00,9571.0,9575.0,9517.5,9563.0,9544.0
2026-06-10 09:40:00,9563.0,9571.0,9535.5,9539.0,47727.0
2026-06-10 09:45:00,9536.5,9555.0,9519.0,9553.5,4199.0
2026-06-10 09:50:00,9553.5,9556.0,9540.0,9541.0,1364.0
2026-06-10 09:55:00,9542.0,9560.0,9537.0,9541.0,16870.0
2026-06-10 10:00:00,9541.5,9549.0,9519.0,9519.5,1911.0
2026-06-10 10:05:00,9520.0,9524.0,9491.5,9503.5,4493.0
2026-06-10 10:10:00,9500.0,9508.5,9486.0,9487.0,2146.0
2026-06-10 10:15:00,9487.0,9508.5,9478.5,9503.5,3400.0
2026-06-10 10:20:00,9503.5,9506.0,9480.0,9496.0,1143.0
2026-06-10 10:25:00,9498.0,9519.0,9480.5,9517.0,12169.0
2026-06-10 10:30:00,9516.0,9551.0,9516.0,9542.0,4485.0
2026-06-10 10:35:00,9541.5,9551.5,9538.5,9538.5,3535.0
2026-06-10 10:40:00,9533.0,9560.5,9532.5,9553.5,2486.0
2026-06-10 10:45:00,9550.5,9584.0,9550.0,9579.0,7338.0
2026-06-10 10:50:00,9579.0,9585.0,9558.0,9560.0,3844.0
2026-06-10 10:55:00,9562.5,9566.5,9550.0,9564.0,2857.0
2026-06-10 11:00:00,9564.0,9574.5,9552.0,9563.5,3029.0
2026-06-10 11:05:00,9561.0,9565.0,9550.0,9561.5,2434.0
2026-06-10 11:10:00,9561.5,9566.5,9555.0,9561.0,2056.0
2026-06-10 11:15:00,9559.0,9570.5,9558.0,9567.0,3855.0
2026-06-10 11:20:00,9567.0,9596.0,9558.5,9583.5,5388.0
2026-06-10 11:25:00,9583.5,9583.5,9564.5,9577.0,14178.0
2026-06-10 11:30:00,9576.5,9576.5,9562.0,9570.5,1404.0
2026-06-10 11:35:00,9570.5,9583.0,9566.0,9574.5,1613.0
2026-06-10 11:40:00,9574.5,9578.5,9570.0,9578.5,1134.0
2026-06-10 11:45:00,9578.0,9580.0,9567.5,9575.0,1730.0
2026-06-10 11:50:00,9573.0,9576.0,9554.0,9556.0,2286.0
2026-06-10 11:55:00,9554.0,9556.0,9545.0,9548.5,3796.0
2026-06-10 12:00:00,9548.0,9548.0,9531.0,9541.0,1984.0
2026-06-10 12:05:00,9539.0,9546.0,9530.0,9533.5,1470.0
2026-06-10 12:10:00,9531.5,9538.0,9510.5,9531.0,12484.0
2026-06-10 12:15:00,9531.0,9540.0,9528.5,9535.0,1332.0
2026-06-10 12:20:00,9535.0,9538.0,9530.0,9533.5,1338.0
2026-06-10 12:25:00,9534.0,9534.0,9523.0,9531.0,1395.0
2026-06-10 12:30:00,9528.0,9533.5,9524.5,9527.5,1109.0
2026-06-10 12:35:00,9527.5,9532.0,9523.0,9531.0,1049.0
2026-06-10 12:40:00,9531.0,9531.0,9509.0,9514.0,2233.0
2026-06-10 12:45:00,9513.0,9550.0,9505.5,9550.0,5429.0
2026-06-10 12:50:00,9547.5,9584.0,9544.5,9567.0,4751.0
2026-06-10 12:55:00,9565.5,9578.0,9552.5,9572.5,13942.0
2026-06-10 13:00:00,9574.5,9620.0,9570.0,9620.0,6114.0
2026-06-10 13:05:00,9618.0,9621.0,9600.0,9616.5,4054.0
2026-06-10 13:10:00,9619.0,9625.0,9612.0,9622.0,4601.0
2026-06-10 13:15:00,9622.0,9630.0,9619.0,9622.0,3865.0
2026-06-10 13:20:00,9622.0,9636.5,9621.0,9621.5,3665.0
2026-06-10 13:25:00,9622.0,9640.0,9616.0,9626.5,4661.0
2026-06-10 13:30:00,9626.5,9630.5,9619.0,9624.0,3212.0
2026-06-10 13:35:00,9624.0,9626.5,9613.0,9619.0,3041.0
2026-06-10 13:40:00,9619.0,9637.5,9617.0,9629.0,14501.0
2026-06-10 13:45:00,9625.5,9629.5,9616.5,9624.0,5666.0
2026-06-10 13:50:00,9624.0,9624.5,9589.0,9610.5,9242.0
2026-06-10 13:55:00,9610.5,9610.5,9581.5,9581.5,3472.0
2026-06-10 14:00:00,9575.0,9582.5,9550.0,9577.5,2194.0
2026-06-10 14:05:00,9575.5,9576.0,9566.0,9570.0,1439.0
2026-06-10 14:10:00,9568.0,9573.0,9560.0,9561.0,1825.0
2026-06-10 14:15:00,9561.0,9570.5,9552.5,9566.0,1706.0
2026-06-10 14:20:00,9566.0,9586.0,9565.0,9577.5,11586.0
2026-06-10 14:25:00,9577.5,9578.5,9562.0,9563.0,1453.0
2026-06-10 14:30:00,9563.0,9567.5,9557.5,9564.0,1329.0
2026-06-10 14:35:00,9561.5,9569.5,9542.5,9542.5,1715.0
2026-06-10 14:40:00,9540.5,9549.0,9522.0,9528.5,2387.0
2026-06-10 14:45:00,9526.0,9528.0,9513.0,9513.5,1690.0
2026-06-10 14:50:00,9511.0,9522.0,9511.0,9518.0,1858.0
2026-06-10 14:55:00,9516.5,9540.5,9516.5,9533.5,1651.0
2026-06-10 15:00:00,9533.5,9536.5,9523.5,9534.5,2880.0
2026-06-10 15:05:00,9535.0,9535.0,9518.0,9532.0,3126.0
2026-06-10 15:10:00,9531.5,9534.5,9513.5,9513.5,4713.0
2026-06-10 15:15:00,9516.0,9533.0,9511.5,9524.0,20484.0
2026-06-10 15:20:00,9525.0,9540.0,9516.5,9519.0,6396.0
2026-06-10 15:25:00,9518.5,9543.0,9515.0,9540.0,5528.0
2026-06-11 09:15:00,9480.0,9522.0,9429.5,9450.5,8083.0
2026-06-11 09:20:00,9458.0,9497.5,9443.0,9471.5,4053.0
2026-06-11 09:25:00,9465.0,9468.5,9440.0,9457.0,2463.0
2026-06-11 09:30:00,9462.0,9473.0,9453.5,9468.5,2221.0
2026-06-11 09:35:00,9472.0,9496.0,9470.0,9492.0,2129.0
2026-06-11 09:40:00,9493.5,9494.0,9474.5,9489.5,1338.0
2026-06-11 09:45:00,9489.0,9493.5,9473.5,9492.0,1019.0
2026-06-11 09:50:00,9492.0,9494.0,9482.5,9483.5,1352.0
2026-06-11 09:55:00,9488.5,9488.5,9460.0,9463.0,1144.0
2026-06-11 10:00:00,9460.5,9490.0,9460.5,9475.5,1383.0
2026-06-11 10:05:00,9474.0,9501.5,9470.0,9492.0,4630.0
2026-06-11 10:10:00,9489.0,9516.0,9487.0,9502.0,1590.0
2026-06-11 10:15:00,9503.0,9520.0,9501.5,9520.0,1178.0
2026-06-11 10:20:00,9519.0,9524.0,9514.5,9522.0,1745.0
2026-06-11 10:25:00,9522.0,9525.0,9515.0,9519.0,673.0
2026-06-11 10:30:00,9519.0,9520.0,9506.0,9520.0,605.0
2026-06-11 10:35:00,9520.0,9525.0,9511.0,9513.5,1302.0
2026-06-11 10:40:00,9513.0,9518.5,9502.5,9505.0,1435.0
2026-06-11 10:45:00,9505.0,9513.5,9501.0,9503.0,622.0
2026-06-11 10:50:00,9503.0,9503.5,9470.0,9470.5,1154.0
2026-06-11 10:55:00,9470.5,9470.5,9455.5,9461.5,3820.0
2026-06-11 11:00:00,9464.5,9470.0,9452.0,9468.0,1485.0
2026-06-11 11:05:00,9468.5,9477.0,9466.5,9472.5,904.0
2026-06-11 11:10:00,9472.5,9472.5,9459.0,9461.5,532.0
2026-06-11 11:15:00,9461.5,9463.5,9450.0,9462.5,973.0
2026-06-11 11:20:00,9466.0,9475.0,9460.0,9470.5,776.0
2026-06-11 11:25:00,9465.0,9478.5,9450.0,9474.0,2430.0
2026-06-11 11:30:00,9474.0,9478.5,9467.5,9469.0,601.0
2026-06-11 11:35:00,9469.0,9469.5,9452.0,9455.0,657.0
2026-06-11 11:40:00,9454.0,9472.5,9454.0,9472.5,289.0
2026-06-11 11:45:00,9473.0,9485.0,9470.0,9480.5,894.0
2026-06-11 11:50:00,9486.0,9492.0,9483.5,9487.0,592.0
2026-06-11 11:55:00,9489.0,9492.0,9478.5,9488.0,1696.0
2026-06-11 12:00:00,9489.0,9494.0,9482.0,9484.0,556.0
2026-06-11 12:05:00,9484.5,9485.5,9465.0,9468.0,264.0
2026-06-11 12:10:00,9466.0,9467.5,9460.0,9462.5,393.0
2026-06-11 12:15:00,9468.5,9480.0,9466.0,9469.0,453.0
2026-06-11 12:20:00,9470.0,9480.0,9468.5,9476.5,200.0
2026-06-11 12:25:00,9480.0,9489.0,9475.5,9486.0,524.0
2026-06-11 12:30:00,9487.0,9499.0,9483.5,9489.0,1088.0
2026-06-11 12:35:00,9493.0,9494.0,9478.5,9481.5,528.0
2026-06-11 12:40:00,9479.0,9485.5,9472.5,9480.5,1019.0
2026-06-11 12:45:00,9480.5,9480.5,9468.5,9468.5,655.0
2026-06-11 12:50:00,9465.5,9474.5,9460.0,9463.0,1696.0
2026-06-11 12:55:00,9463.5,9474.0,9453.0,9472.0,1554.0
2026-06-11 13:00:00,9470.0,9491.0,9460.0,9487.0,2764.0
2026-06-11 13:05:00,9487.5,9500.0,9483.0,9491.0,2193.0
2026-06-11 13:10:00,9491.0,9496.5,9484.0,9487.5,1058.0
2026-06-11 13:15:00,9490.0,9490.0,9473.5,9480.0,1593.0
2026-06-11 13:20:00,9480.5,9481.5,9442.5,9453.0,3836.0
2026-06-11 13:25:00,9451.0,9456.0,9377.5,9404.0,9048.0
2026-06-11 13:30:00,9404.0,9428.0,9400.0,9412.0,2754.0
2026-06-11 13:35:00,9412.0,9426.0,9401.0,9405.5,2043.0
2026-06-11 13:40:00,9406.0,9411.0,9400.0,9406.5,1881.0
2026-06-11 13:45:00,9406.5,9425.5,9402.0,9420.5,1762.0
2026-06-11 13:50:00,9420.5,9435.0,9415.5,9434.5,2343.0
2026-06-11 13:55:00,9433.0,9446.0,9428.5,9445.5,1818.0
2026-06-11 14:00:00,9443.5,9443.5,9432.0,9440.0,1708.0
2026-06-11 14:05:00,9439.5,9439.5,9415.0,9426.0,2035.0
2026-06-11 14:10:00,9424.5,9435.5,9420.0,9435.5,1266.0
2026-06-11 14:15:00,9432.0,9442.0,9424.5,9442.0,1804.0
2026-06-11 14:20:00,9439.0,9448.0,9406.5,9414.0,3859.0
2026-06-11 14:25:00,9411.5,9437.5,9408.0,9435.0,2204.0
2026-06-11 14:30:00,9434.0,9448.0,9423.0,9439.5,1916.0
2026-06-11 14:35:00,9439.0,9446.5,9418.0,9428.5,2826.0
2026-06-11 14:40:00,9423.0,9425.0,9400.5,9400.5,2312.0
2026-06-11 14:45:00,9401.5,9405.0,9361.0,9390.0,3751.0
2026-06-11 14:50:00,9387.0,9414.5,9380.0,9385.0,3700.0
2026-06-11 14:55:00,9384.0,9412.5,9383.0,9408.0,4537.0
2026-06-11 15:00:00,9408.0,9420.0,9365.0,9369.5,9224.0
2026-06-11 15:05:00,9372.0,9385.0,9355.0,9356.5,6519.0
2026-06-11 15:10:00,9357.5,9383.5,9352.5,9376.5,8444.0
2026-06-11 15:15:00,9376.5,9393.0,9364.0,9371.0,9789.0
2026-06-11 15:20:00,9374.5,9384.0,9355.0,9376.5,12519.0
2026-06-11 15:25:00,9379.0,9388.0,9362.5,9366.0,10484.0
2026-06-12 09:15:00,9480.0,9560.0,9465.0,9522.0,10687.0
2026-06-12 09:20:00,9520.5,9528.0,9490.5,9499.5,4212.0
2026-06-12 09:25:00,9497.0,9499.5,9466.0,9468.5,3806.0
2026-06-12 09:30:00,9471.0,9498.5,9471.0,9486.5,1982.0
2026-06-12 09:35:00,9482.0,9484.0,9472.5,9477.0,1418.0
2026-06-12 09:40:00,9475.5,9477.0,9456.5,9466.0,3471.0
2026-06-12 09:45:00,9470.0,9479.0,9466.0,9471.5,1250.0
2026-06-12 09:50:00,9471.5,9497.0,9471.5,9479.0,2546.0
2026-06-12 09:55:00,9475.5,9479.5,9454.0,9454.0,2899.0
2026-06-12 10:00:00,9454.0,9456.0,9426.5,9456.0,2647.0
2026-06-12 10:05:00,9456.0,9466.0,9447.0,9447.5,913.0
2026-06-12 10:10:00,9447.5,9458.5,9440.0,9453.5,681.0
2026-06-12 10:15:00,9458.0,9459.0,9450.0,9453.0,463.0
2026-06-12 10:20:00,9452.0,9469.0,9451.0,9469.0,801.0
2026-06-12 10:25:00,9468.5,9475.0,9451.5,9458.5,637.0
2026-06-12 10:30:00,9456.0,9464.0,9455.5,9457.5,640.0
2026-06-12 10:35:00,9457.5,9465.0,9455.5,9463.5,963.0
2026-06-12 10:40:00,9463.5,9475.0,9455.0,9458.5,1020.0
2026-06-12 10:45:00,9455.0,9458.5,9435.0,9442.0,1952.0
2026-06-12 10:50:00,9442.5,9445.5,9435.0,9436.5,467.0
2026-06-12 10:55:00,9440.5,9445.0,9435.0,9435.5,530.0
2026-06-12 11:00:00,9437.0,9444.5,9433.0,9437.0,667.0
2026-06-12 11:05:00,9441.0,9444.0,9434.0,9441.5,437.0
2026-06-12 11:10:00,9443.0,9455.5,9438.5,9455.5,513.0
2026-06-12 11:15:00,9457.5,9458.5,9451.5,9454.0,491.0
2026-06-12 11:20:00,9457.0,9458.5,9450.0,9455.5,958.0
2026-06-12 11:25:00,9455.5,9455.5,9445.0,9447.0,520.0
2026-06-12 11:30:00,9448.0,9470.0,9443.5,9470.0,1528.0
2026-06-12 11:35:00,9470.0,9470.0,9462.5,9464.0,517.0
2026-06-12 11:40:00,9466.0,9468.5,9462.5,9468.5,449.0
2026-06-12 11:45:00,9468.0,9475.0,9465.0,9470.0,1483.0
2026-06-12 11:50:00,9472.0,9474.0,9465.0,9468.5,632.0
2026-06-12 11:55:00,9472.5,9474.0,9468.0,9471.5,260.0
2026-06-12 12:00:00,9471.5,9474.5,9469.0,9474.0,415.0
2026-06-12 12:05:00,9474.0,9474.0,9454.5,9457.5,981.0
2026-06-12 12:10:00,9457.0,9459.0,9449.0,9450.5,2158.0
2026-06-12 12:15:00,9453.0,9456.5,9435.0,9440.5,1839.0
2026-06-12 12:20:00,9440.5,9444.5,9431.0,9432.0,1184.0
2026-06-12 12:25:00,9434.0,9443.5,9408.5,9424.0,5778.0
2026-06-12 12:30:00,9425.0,9430.0,9412.0,9416.5,1322.0
2026-06-12 12:35:00,9418.0,9418.5,9392.0,9399.0,2217.0
2026-06-12 12:40:00,9399.5,9403.0,9383.5,9389.0,1802.0
2026-06-12 12:45:00,9385.0,9392.0,9383.0,9388.0,1046.0
2026-06-12 12:50:00,9388.5,9400.5,9387.0,9395.0,904.0
2026-06-12 12:55:00,9399.0,9399.0,9390.0,9395.5,868.0
2026-06-12 13:00:00,9398.0,9408.5,9393.0,9405.0,578.0
2026-06-12 13:05:00,9407.5,9415.0,9403.0,9409.0,1034.0
2026-06-12 13:10:00,9412.5,9419.5,9405.0,9411.0,1281.0
2026-06-12 13:15:00,9415.0,9422.0,9408.5,9418.5,706.0
2026-06-12 13:20:00,9419.5,9422.0,9406.0,9410.5,663.0
2026-06-12 13:25:00,9410.0,9437.5,9401.5,9434.0,1131.0
2026-06-12 13:30:00,9436.0,9454.0,9423.5,9450.5,2219.0
2026-06-12 13:35:00,9455.0,9478.0,9451.0,9475.5,3136.0
2026-06-12 13:40:00,9476.0,9499.0,9476.0,9488.5,5710.0
2026-06-12 13:45:00,9490.0,9510.0,9487.0,9504.0,2874.0
2026-06-12 13:50:00,9504.0,9520.0,9492.5,9511.5,4545.0
2026-06-12 13:55:00,9511.5,9516.0,9501.5,9512.5,1375.0
2026-06-12 14:00:00,9512.5,9516.0,9505.5,9510.5,1412.0
2026-06-12 14:05:00,9510.5,9514.5,9493.0,9493.0,1535.0
2026-06-12 14:10:00,9493.0,9495.5,9478.0,9485.5,2030.0
2026-06-12 14:15:00,9487.0,9511.5,9486.5,9507.0,1873.0
2026-06-12 14:20:00,9507.5,9523.5,9495.0,9515.0,3593.0
2026-06-12 14:25:00,9515.5,9523.0,9498.0,9520.5,1858.0
2026-06-12 14:30:00,9521.5,9539.5,9516.0,9536.0,3112.0
2026-06-12 14:35:00,9537.0,9539.0,9520.0,9533.5,1704.0
2026-06-12 14:40:00,9533.0,9545.0,9533.0,9545.0,1769.0
2026-06-12 14:45:00,9545.0,9547.0,9538.5,9546.0,1241.0
2026-06-12 14:50:00,9547.0,9547.0,9538.0,9542.0,991.0
2026-06-12 14:55:00,9541.0,9547.0,9538.0,9539.0,1616.0
2026-06-12 15:00:00,9539.5,9568.0,9527.0,9565.0,18406.0
2026-06-12 15:05:00,9566.5,9576.0,9560.5,9571.0,3814.0
2026-06-12 15:10:00,9569.0,9569.0,9548.5,9558.0,3883.0
2026-06-12 15:15:00,9560.0,9569.5,9555.0,9558.5,4468.0
2026-06-12 15:20:00,9560.0,9561.0,9544.0,9549.5,4288.0
2026-06-12 15:25:00,9547.5,9552.0,9522.5,9544.0,5568.0
2026-06-15 09:15:00,9679.5,9681.0,9610.0,9622.0,8967.0
2026-06-15 09:20:00,9624.0,9627.0,9590.0,9602.0,9488.0
2026-06-15 09:25:00,9610.0,9618.0,9595.0,9601.0,5303.0
2026-06-15 09:30:00,9606.0,9615.0,9592.5,9602.0,3518.0
2026-06-15 09:35:00,9602.0,9615.5,9600.0,9610.5,4182.0
2026-06-15 09:40:00,9612.0,9612.0,9601.0,9608.0,2200.0
2026-06-15 09:45:00,9608.5,9610.0,9566.0,9569.0,5346.0
2026-06-15 09:50:00,9569.0,9580.0,9565.5,9580.0,2444.0
2026-06-15 09:55:00,9578.5,9582.5,9560.0,9574.0,3736.0
2026-06-15 10:00:00,9576.0,9583.0,9574.0,9575.0,3220.0
2026-06-15 10:05:00,9574.0,9581.0,9561.5,9567.0,2075.0
2026-06-15 10:10:00,9566.0,9572.0,9540.5,9547.5,3167.0
2026-06-15 10:15:00,9547.0,9551.0,9540.0,9543.0,1816.0
2026-06-15 10:20:00,9544.0,9565.0,9544.0,9564.5,2681.0
2026-06-15 10:25:00,9564.5,9578.5,9562.0,9578.5,2077.0
2026-06-15 10:30:00,9578.5,9596.5,9576.0,9587.0,1790.0
2026-06-15 10:35:00,9586.5,9592.5,9581.0,9590.0,1368.0
2026-06-15 10:40:00,9590.5,9590.5,9582.5,9588.0,885.0
2026-06-15 10:45:00,9588.0,9590.0,9585.0,9589.0,479.0
2026-06-15 10:50:00,9591.0,9598.5,9590.5,9590.5,1581.0
2026-06-15 10:55:00,9594.0,9602.5,9594.0,9599.5,1716.0
2026-06-15 11:00:00,9600.0,9600.0,9593.0,9597.0,1350.0
2026-06-15 11:05:00,9597.0,9601.0,9589.5,9593.0,3421.0
2026-06-15 11:10:00,9593.0,9593.0,9580.5,9586.0,1978.0
2026-06-15 11:15:00,9587.5,9595.5,9586.0,9591.5,1002.0
2026-06-15 11:20:00,9592.5,9595.0,9589.0,9590.5,1076.0
2026-06-15 11:25:00,9591.0,9595.5,9588.0,9594.0,1126.0
2026-06-15 11:30:00,9594.0,9597.0,9590.0,9594.5,700.0
2026-06-15 11:35:00,9594.5,9596.5,9591.0,9596.5,493.0
2026-06-15 11:40:00,9596.0,9629.5,9592.5,9629.5,6626.0
2026-06-15 11:45:00,9635.0,9636.0,9594.5,9596.0,9076.0
2026-06-15 11:50:00,9596.0,9620.0,9596.0,9614.0,5526.0
2026-06-15 11:55:00,9614.0,9620.0,9604.0,9605.0,3648.0
2026-06-15 12:00:00,9605.5,9617.0,9605.0,9614.0,3755.0
2026-06-15 12:05:00,9614.0,9615.0,9610.0,9611.0,913.0
2026-06-15 12:10:00,9608.0,9615.0,9603.5,9607.0,895.0
2026-06-15 12:15:00,9609.5,9609.5,9595.0,9597.0,1017.0
2026-06-15 12:20:00,9597.0,9600.0,9592.0,9599.0,1829.0
2026-06-15 12:25:00,9599.0,9602.5,9593.0,9597.0,821.0
2026-06-15 12:30:00,9599.5,9607.0,9592.0,9604.0,952.0
2026-06-15 12:35:00,9605.0,9614.5,9597.5,9605.0,1992.0
2026-06-15 12:40:00,9604.5,9605.0,9591.5,9594.5,686.0
2026-06-15 12:45:00,9595.5,9599.5,9590.0,9596.0,908.0
2026-06-15 12:50:00,9594.5,9600.0,9592.0,9597.5,921.0
2026-06-15 12:55:00,9599.5,9600.0,9596.5,9599.0,572.0
2026-06-15 13:00:00,9599.0,9604.5,9595.0,9602.0,2930.0
2026-06-15 13:05:00,9605.0,9617.0,9599.0,9615.0,3109.0
2026-06-15 13:10:00,9618.0,9619.5,9607.0,9611.0,1205.0
2026-06-15 13:15:00,9611.0,9617.5,9606.5,9614.0,1523.0
2026-06-15 13:20:00,9611.0,9616.5,9607.5,9614.5,927.0
2026-06-15 13:25:00,9615.0,9619.0,9614.0,9615.0,1573.0
2026-06-15 13:30:00,9615.0,9618.5,9614.0,9615.0,1034.0
2026-06-15 13:35:00,9615.0,9617.5,9609.0,9615.0,1182.0
2026-06-15 13:40:00,9615.0,9617.0,9609.0,9614.5,1036.0
2026-06-15 13:45:00,9613.0,9616.5,9613.0,9615.0,975.0
2026-06-15 13:50:00,9615.0,9616.0,9610.0,9614.5,2733.0
2026-06-15 13:55:00,9614.5,9618.5,9605.0,9605.0,3027.0
2026-06-15 14:00:00,9608.0,9614.0,9595.0,9597.0,2687.0
2026-06-15 14:05:00,9595.5,9599.0,9589.5,9590.0,1877.0
2026-06-15 14:10:00,9591.5,9600.0,9590.0,9599.0,1170.0
2026-06-15 14:15:00,9598.5,9599.5,9590.0,9595.0,1472.0
2026-06-15 14:20:00,9595.0,9600.0,9590.0,9593.0,2777.0
2026-06-15 14:25:00,9595.0,9598.5,9583.0,9587.0,2050.0
2026-06-15 14:30:00,9585.0,9589.0,9583.0,9587.5,1796.0
2026-06-15 14:35:00,9585.5,9589.0,9585.0,9588.5,2318.0
2026-06-15 14:40:00,9585.0,9590.0,9566.0,9576.5,4889.0
2026-06-15 14:45:00,9575.0,9582.0,9570.0,9578.5,3008.0
2026-06-15 14:50:00,9577.0,9580.5,9569.0,9576.5,1633.0
2026-06-15 14:55:00,9576.5,9586.0,9571.0,9575.0,3668.0
2026-06-15 15:00:00,9575.0,9581.0,9555.0,9555.0,4001.0
2026-06-15 15:05:00,9556.5,9561.0,9550.0,9557.0,3479.0
2026-06-15 15:10:00,9557.0,9559.5,9544.5,9553.5,3119.0
2026-06-15 15:15:00,9558.5,9572.0,9554.5,9562.0,5440.0
2026-06-15 15:20:00,9562.0,9564.0,9543.5,9562.5,5034.0
2026-06-15 15:25:00,9560.5,9563.0,9542.0,9555.0,5393.0
2026-06-16 09:15:00,9600.0,9671.0,9594.0,9597.5,20645.0
2026-06-16 09:20:00,9596.5,9598.0,9555.0,9587.5,8336.0
2026-06-16 09:25:00,9587.5,9590.0,9550.5,9567.0,7970.0
2026-06-16 09:30:00,9570.0,9570.0,9536.5,9543.0,10471.0
2026-06-16 09:35:00,9545.0,9547.5,9487.5,9490.0,8603.0
2026-06-16 09:40:00,9490.5,9500.5,9475.0,9495.0,6335.0
2026-06-16 09:45:00,9493.0,9519.0,9487.0,9508.5,3839.0
2026-06-16 09:50:00,9509.5,9528.0,9500.0,9513.5,4158.0
2026-06-16 09:55:00,9514.0,9517.5,9507.5,9511.5,1371.0
2026-06-16 10:00:00,9514.0,9523.0,9501.0,9501.5,2941.0
2026-06-16 10:05:00,9503.5,9527.5,9503.5,9518.0,4739.0
2026-06-16 10:10:00,9516.0,9520.0,9509.0,9515.0,1379.0
2026-06-16 10:15:00,9515.0,9528.0,9514.5,9524.5,2361.0
2026-06-16 10:20:00,9525.0,9526.5,9507.0,9518.0,3799.0
2026-06-16 10:25:00,9517.5,9536.0,9513.0,9533.0,1986.0
2026-06-16 10:30:00,9531.5,9543.5,9525.5,9543.0,1959.0
2026-06-16 10:35:00,9543.0,9561.0,9538.0,9544.5,6630.0
2026-06-16 10:40:00,9542.5,9549.0,9540.0,9549.0,2188.0
2026-06-16 10:45:00,9549.0,9570.0,9549.0,9568.0,2528.0
2026-06-16 10:50:00,9569.0,9571.0,9561.0,9564.5,3701.0
2026-06-16 10:55:00,9563.5,9572.0,9556.5,9558.0,2496.0
2026-06-16 11:00:00,9559.0,9565.0,9552.0,9560.0,2413.0
2026-06-16 11:05:00,9563.0,9577.0,9556.0,9556.0,4197.0
2026-06-16 11:10:00,9559.5,9565.0,9555.0,9560.0,2392.0
2026-06-16 11:15:00,9564.5,9608.5,9559.5,9602.5,9628.0
2026-06-16 11:20:00,9600.0,9617.0,9597.5,9605.0,7500.0
2026-06-16 11:25:00,9606.0,9606.0,9589.0,9603.5,4248.0
2026-06-16 11:30:00,9604.0,9604.0,9589.0,9590.0,1396.0
2026-06-16 11:35:00,9590.0,9599.0,9574.5,9577.0,2395.0
2026-06-16 11:40:00,9577.0,9579.5,9560.5,9566.5,3683.0
2026-06-16 11:45:00,9568.0,9570.0,9565.5,9569.5,1336.0
2026-06-16 11:50:00,9570.0,9589.0,9570.0,9588.0,1743.0
2026-06-16 11:55:00,9588.0,9588.0,9573.0,9580.0,2208.0
2026-06-16 12:00:00,9582.0,9583.0,9552.0,9558.0,3082.0
2026-06-16 12:05:00,9561.0,9580.5,9559.0,9576.0,1299.0
2026-06-16 12:10:00,9576.0,9584.5,9574.5,9579.5,1211.0
2026-06-16 12:15:00,9579.5,9580.0,9561.5,9564.0,2150.0
2026-06-16 12:20:00,9566.5,9580.0,9560.0,9577.5,2372.0
2026-06-16 12:25:00,9576.0,9580.5,9573.5,9580.0,1063.0
2026-06-16 12:30:00,9579.0,9583.5,9566.5,9569.5,1924.0
2026-06-16 12:35:00,9570.0,9580.0,9565.5,9580.0,1622.0
2026-06-16 12:40:00,9577.5,9580.0,9566.0,9570.0,1792.0
2026-06-16 12:45:00,9573.5,9580.0,9570.0,9578.0,1722.0
2026-06-16 12:50:00,9575.5,9575.5,9551.0,9559.0,3371.0
2026-06-16 12:55:00,9559.0,9560.0,9550.0,9559.5,2342.0
2026-06-16 13:00:00,9560.0,9565.0,9555.0,9558.5,2327.0
2026-06-16 13:05:00,9560.0,9570.0,9558.5,9566.5,1630.0
2026-06-16 13:10:00,9567.5,9572.5,9558.5,9559.0,2247.0
2026-06-16 13:15:00,9559.0,9571.5,9559.0,9565.5,1676.0
2026-06-16 13:20:00,9566.0,9585.0,9566.0,9580.0,3000.0
2026-06-16 13:25:00,9580.0,9585.0,9580.0,9583.0,1519.0
2026-06-16 13:30:00,9583.0,9585.0,9582.0,9584.5,852.0
2026-06-16 13:35:00,9584.5,9594.5,9584.5,9589.5,2223.0
2026-06-16 13:40:00,9591.5,9612.0,9588.0,9602.5,8324.0
2026-06-16 13:45:00,9610.0,9624.0,9608.5,9612.0,4679.0
2026-06-16 13:50:00,9614.0,9620.0,9607.5,9614.0,3731.0
2026-06-16 13:55:00,9615.0,9629.5,9614.5,9622.0,5187.0
2026-06-16 14:00:00,9622.0,9625.0,9619.0,9619.0,6918.0
2026-06-16 14:05:00,9619.0,9639.5,9619.0,9631.0,9808.0
2026-06-16 14:10:00,9631.0,9645.0,9624.5,9636.5,7253.0
2026-06-16 14:15:00,9636.5,9636.5,9602.0,9625.5,11751.0
2026-06-16 14:20:00,9625.5,9628.0,9605.0,9617.5,6009.0
2026-06-16 14:25:00,9618.0,9624.0,9617.0,9620.0,2185.0
2026-06-16 14:30:00,9620.0,9627.0,9610.0,9614.5,3815.0
2026-06-16 14:35:00,9614.5,9624.0,9612.0,9622.0,3943.0
2026-06-16 14:40:00,9622.0,9626.5,9611.5,9613.5,2737.0
2026-06-16 14:45:00,9611.0,9625.0,9611.0,9620.0,1804.0
2026-06-16 14:50:00,9620.0,9627.5,9598.5,9605.0,13860.0
2026-06-16 14:55:00,9602.5,9609.0,9594.5,9601.0,5373.0
2026-06-16 15:00:00,9600.0,9605.0,9591.0,9594.0,7976.0
2026-06-16 15:05:00,9594.0,9600.0,9590.5,9595.5,5728.0
2026-06-16 15:10:00,9598.0,9600.0,9588.0,9590.5,6604.0
2026-06-16 15:15:00,9592.0,9595.0,9585.0,9594.0,10034.0
2026-06-16 15:20:00,9592.0,9594.5,9583.0,9587.5,11674.0
2026-06-16 15:25:00,9587.5,9600.0,9580.0,9600.0,8254.0
2026-06-17 09:15:00,9600.0,9727.0,9600.0,9667.0,21793.0
2026-06-17 09:20:00,9666.5,9682.0,9654.5,9677.0,6767.0
2026-06-17 09:25:00,9677.0,9687.5,9656.0,9660.0,7457.0
2026-06-17 09:30:00,9660.5,9679.5,9658.0,9673.0,5266.0
2026-06-17 09:35:00,9671.0,9682.0,9667.0,9679.5,4910.0
2026-06-17 09:40:00,9678.0,9697.5,9677.0,9697.0,4865.0
2026-06-17 09:45:00,9697.0,9753.0,9695.5,9738.0,18851.0
2026-06-17 09:50:00,9737.0,9765.0,9737.0,9747.5,14519.0
2026-06-17 09:55:00,9746.0,9750.0,9729.0,9740.0,17082.0
2026-06-17 10:00:00,9738.5,9772.0,9737.5,9769.5,18107.0
2026-06-17 10:05:00,9772.0,9797.0,9772.0,9788.0,12891.0
2026-06-17 10:10:00,9790.5,9796.5,9780.0,9796.0,6438.0
2026-06-17 10:15:00,9796.5,9819.0,9789.0,9808.0,16933.0
2026-06-17 10:20:00,9808.0,9835.0,9808.0,9820.5,12044.0
2026-06-17 10:25:00,9820.5,9835.5,9800.0,9817.0,9378.0
2026-06-17 10:30:00,9816.0,9900.0,9813.0,9897.0,27434.0
2026-06-17 10:35:00,9900.0,9946.0,9900.0,9936.5,24537.0
2026-06-17 10:40:00,9935.0,9945.0,9907.5,9934.5,12394.0
2026-06-17 10:45:00,9938.0,9963.5,9934.0,9949.0,14397.0
2026-06-17 10:50:00,9949.5,9961.0,9935.0,9940.0,6453.0
2026-06-17 10:55:00,9941.0,9941.0,9914.0,9927.0,6001.0
2026-06-17 11:00:00,9927.5,9937.0,9911.0,9919.5,6061.0
2026-06-17 11:05:00,9920.0,9931.0,9916.0,9919.5,8997.0
2026-06-17 11:10:00,9921.5,9943.5,9919.5,9943.0,7454.0
2026-06-17 11:15:00,9941.0,9960.0,9938.5,9957.0,6763.0
2026-06-17 11:20:00,9957.0,9974.5,9955.0,9972.5,12120.0
2026-06-17 11:25:00,9972.5,9979.0,9950.0,9963.0,8330.0
2026-06-17 11:30:00,9963.0,9982.0,9961.0,9972.0,8672.0
2026-06-17 11:35:00,9971.0,9975.0,9966.0,9970.0,2765.0
2026-06-17 11:40:00,9970.0,9987.5,9961.0,9984.0,5867.0
2026-06-17 11:45:00,9982.5,9987.0,9977.0,9981.0,4156.0
2026-06-17 11:50:00,9980.5,9981.5,9971.0,9971.5,3732.0
2026-06-17 11:55:00,9970.0,9973.0,9962.0,9962.0,3717.0
2026-06-17 12:00:00,9962.0,9962.5,9936.0,9941.0,7573.0
2026-06-17 12:05:00,9940.0,9953.5,9933.0,9946.0,4238.0
2026-06-17 12:10:00,9944.5,9950.0,9941.5,9943.0,1828.0
2026-06-17 12:15:00,9941.5,9952.0,9940.0,9949.0,2341.0
2026-06-17 12:20:00,9948.0,9950.0,9940.0,9950.0,2389.0
2026-06-17 12:25:00,9949.5,9950.0,9930.0,9938.5,7276.0
2026-06-17 12:30:00,9937.5,9948.5,9937.0,9942.0,3457.0
2026-06-17 12:35:00,9942.5,9946.5,9880.0,9880.0,13912.0
2026-06-17 12:40:00,9884.0,9897.5,9874.0,9893.0,5663.0
2026-06-17 12:45:00,9893.0,9893.0,9873.0,9880.5,5378.0
2026-06-17 12:50:00,9881.0,9886.0,9874.0,9877.5,2848.0
2026-06-17 12:55:00,9877.0,9887.0,9877.0,9877.5,2441.0
2026-06-17 13:00:00,9877.5,9887.0,9877.5,9880.0,1829.0
2026-06-17 13:05:00,9880.0,9880.5,9840.0,9842.0,10441.0
2026-06-17 13:10:00,9843.0,9854.0,9840.0,9851.0,4061.0
2026-06-17 13:15:00,9852.0,9885.0,9849.5,9882.5,3533.0
2026-06-17 13:20:00,9881.0,9885.5,9870.0,9875.0,4309.0
2026-06-17 13:25:00,9873.0,9876.5,9860.0,9860.5,3377.0
2026-06-17 13:30:00,9860.5,9872.5,9859.0,9869.5,2137.0
2026-06-17 13:35:00,9869.5,9875.0,9866.5,9875.0,1891.0
2026-06-17 13:40:00,9874.0,9874.0,9861.0,9861.5,3340.0
2026-06-17 13:45:00,9862.0,9862.5,9837.0,9854.0,6842.0
2026-06-17 13:50:00,9854.0,9858.5,9828.0,9841.5,4501.0
2026-06-17 13:55:00,9841.0,9850.0,9841.0,9849.0,2267.0
2026-06-17 14:00:00,9849.0,9850.0,9847.0,9848.0,1632.0
2026-06-17 14:05:00,9848.0,9848.5,9840.0,9844.5,2676.0
2026-06-17 14:10:00,9844.5,9848.5,9838.0,9841.0,7581.0
2026-06-17 14:15:00,9840.0,9854.5,9840.0,9849.0,3768.0
2026-06-17 14:20:00,9849.0,9867.5,9849.0,9859.0,6473.0
2026-06-17 14:25:00,9858.5,9873.0,9858.5,9871.5,5889.0
2026-06-17 14:30:00,9871.5,9881.5,9863.0,9868.0,6365.0
2026-06-17 14:35:00,9869.0,9895.0,9866.5,9893.0,4692.0
2026-06-17 14:40:00,9893.0,9898.0,9882.0,9884.5,6676.0
2026-06-17 14:45:00,9886.5,9896.5,9885.0,9895.5,3881.0
2026-06-17 14:50:00,9895.5,9899.0,9885.0,9896.0,3903.0
2026-06-17 14:55:00,9896.0,9922.5,9891.0,9922.5,8134.0
2026-06-17 15:00:00,9923.0,9938.0,9922.5,9931.5,11287.0
2026-06-17 15:05:00,9931.5,9939.5,9918.5,9921.0,11242.0
2026-06-17 15:10:00,9922.0,9932.0,9908.0,9920.5,7938.0
2026-06-17 15:15:00,9921.0,9934.0,9911.0,9932.5,17722.0
2026-06-17 15:20:00,9931.0,9938.5,9921.5,9929.5,13737.0
2026-06-17 15:25:00,9929.0,9935.0,9905.0,9910.0,12259.0
2026-06-18 09:15:00,9949.0,10014.0,9945.0,9999.0,21296.0
2026-06-18 09:20:00,9990.0,10003.0,9971.5,9985.0,9094.0
2026-06-18 09:25:00,9981.5,9998.0,9977.5,9994.0,6280.0
2026-06-18 09:30:00,9994.5,9994.5,9956.0,9986.0,7650.0
2026-06-18 09:35:00,9986.0,9999.5,9975.0,9997.5,5780.0
2026-06-18 09:40:00,9996.0,10000.0,9981.0,9987.5,4025.0
2026-06-18 09:45:00,9986.5,9991.5,9959.5,9963.0,4935.0
2026-06-18 09:50:00,9964.5,9972.0,9931.5,9951.5,8192.0
2026-06-18 09:55:00,9951.0,9955.0,9926.5,9943.5,6081.0
2026-06-18 10:00:00,9944.0,9962.0,9944.0,9959.0,2488.0
2026-06-18 10:05:00,9958.5,9962.0,9934.0,9938.5,3662.0
2026-06-18 10:10:00,9939.5,9941.0,9930.0,9935.0,2532.0
2026-06-18 10:15:00,9935.0,9944.0,9931.0,9932.5,2818.0
2026-06-18 10:20:00,9937.5,9954.5,9937.5,9950.0,1930.0
2026-06-18 10:25:00,9951.0,9953.0,9943.5,9945.0,1812.0
2026-06-18 10:30:00,9945.5,9952.0,9938.5,9948.0,3592.0
2026-06-18 10:35:00,9945.5,9959.0,9938.0,9941.0,2447.0
2026-06-18 10:40:00,9941.0,9950.0,9930.0,9941.5,3973.0
2026-06-18 10:45:00,9943.5,9964.5,9941.0,9962.0,3570.0
2026-06-18 10:50:00,9960.5,9963.5,9950.0,9954.5,1874.0
2026-06-18 10:55:00,9954.5,9956.0,9938.0,9952.0,2034.0
2026-06-18 11:00:00,9951.5,9953.5,9948.5,9949.5,1268.0
2026-06-18 11:05:00,9949.5,9960.0,9948.0,9958.0,1817.0
2026-06-18 11:10:00,9956.5,9962.5,9953.0,9957.5,2223.0
2026-06-18 11:15:00,9955.5,9964.5,9945.0,9960.0,2762.0
2026-06-18 11:20:00,9960.0,9963.5,9952.5,9957.0,1303.0
2026-06-18 11:25:00,9955.5,9960.0,9948.5,9956.5,1749.0
2026-06-18 11:30:00,9955.5,9960.0,9946.0,9957.5,1384.0
2026-06-18 11:35:00,9958.0,9962.0,9947.5,9953.0,908.0
2026-06-18 11:40:00,9955.0,9958.0,9933.5,9944.0,4412.0
2026-06-18 11:45:00,9941.0,9944.0,9933.0,9936.0,2891.0
2026-06-18 11:50:00,9936.5,9937.5,9918.0,9930.0,3391.0
2026-06-18 11:55:00,9930.0,9939.5,9930.0,9937.0,2353.0
2026-06-18 12:00:00,9937.5,9950.0,9937.5,9948.5,1901.0
2026-06-18 12:05:00,9948.0,9956.0,9947.0,9952.5,1385.0
2026-06-18 12:10:00,9953.0,9959.0,9948.5,9955.5,1030.0
2026-06-18 12:15:00,9955.5,9969.0,9955.0,9968.0,2661.0
2026-06-18 12:20:00,9968.5,9971.5,9966.0,9969.0,2301.0
2026-06-18 12:25:00,9968.5,9974.5,9957.0,9967.0,2920.0
2026-06-18 12:30:00,9969.0,9969.5,9957.5,9963.0,1566.0
2026-06-18 12:35:00,9964.5,9967.0,9952.0,9957.5,1902.0
2026-06-18 12:40:00,9956.5,9957.0,9950.0,9952.5,1468.0
2026-06-18 12:45:00,9951.0,9955.0,9947.5,9953.0,924.0
2026-06-18 12:50:00,9953.0,9961.0,9950.0,9957.0,1424.0
2026-06-18 12:55:00,9958.0,9961.5,9958.0,9961.0,927.0
2026-06-18 13:00:00,9961.0,9975.0,9961.0,9973.0,1511.0
2026-06-18 13:05:00,9972.5,9975.0,9961.0,9968.0,3153.0
2026-06-18 13:10:00,9968.0,9973.5,9965.0,9971.0,1359.0
2026-06-18 13:15:00,9971.0,9974.0,9965.5,9968.5,1163.0
2026-06-18 13:20:00,9968.0,9970.0,9940.5,9954.0,3163.0
2026-06-18 13:25:00,9953.5,9962.0,9940.0,9954.5,3049.0
2026-06-18 13:30:00,9954.0,9960.5,9948.0,9959.0,1135.0
2026-06-18 13:35:00,9958.5,9962.0,9955.0,9957.0,995.0
2026-06-18 13:40:00,9957.0,9969.5,9957.0,9965.5,3112.0
2026-06-18 13:45:00,9965.5,9973.0,9960.0,9967.0,2405.0
2026-06-18 13:50:00,9966.5,9968.0,9960.0,9961.5,1208.0
2026-06-18 13:55:00,9961.5,9967.0,9960.5,9963.0,1019.0
2026-06-18 14:00:00,9962.5,9964.5,9960.0,9963.0,1395.0
2026-06-18 14:05:00,9963.0,9963.5,9943.5,9951.0,4233.0
2026-06-18 14:10:00,9952.0,9961.0,9943.5,9955.5,2294.0
2026-06-18 14:15:00,9956.0,9959.0,9935.0,9938.0,2271.0
2026-06-18 14:20:00,9938.5,9955.5,9935.5,9953.5,2770.0
2026-06-18 14:25:00,9953.5,9955.5,9946.0,9949.0,1192.0
2026-06-18 14:30:00,9946.5,9949.5,9936.5,9949.5,2430.0
2026-06-18 14:35:00,9948.5,9957.0,9939.5,9940.0,5501.0
2026-06-18 14:40:00,9939.5,9942.5,9918.0,9918.0,5153.0
2026-06-18 14:45:00,9919.0,9919.0,9905.0,9911.0,5185.0
2026-06-18 14:50:00,9911.0,9923.0,9905.0,9919.0,4436.0
2026-06-18 14:55:00,9917.5,9934.5,9916.5,9934.5,3235.0
2026-06-18 15:00:00,9932.0,9957.5,9932.0,9952.5,10744.0
2026-06-18 15:05:00,9953.0,9967.0,9952.5,9967.0,4555.0
2026-06-18 15:10:00,9966.0,9967.0,9953.0,9962.0,5711.0
2026-06-18 15:15:00,9961.5,9965.0,9949.0,9949.0,8049.0
2026-06-18 15:20:00,9951.5,9959.5,9935.0,9950.5,11238.0
2026-06-18 15:25:00,9950.0,9953.0,9940.0,9940.5,5972.0
2026-06-19 09:15:00,9900.0,9902.5,9855.0,9883.5,10248.0
2026-06-19 09:20:00,9881.5,9940.0,9881.5,9915.0,7287.0
2026-06-19 09:25:00,9915.0,9928.0,9904.0,9908.0,5367.0
2026-06-19 09:30:00,9908.0,9919.5,9898.0,9901.0,2651.0
2026-06-19 09:35:00,9901.5,9912.0,9895.0,9898.5,1211.0
2026-06-19 09:40:00,9902.0,9908.5,9890.0,9893.5,4318.0
2026-06-19 09:45:00,9890.5,9894.0,9870.0,9876.0,4347.0
2026-06-19 09:50:00,9873.5,9877.0,9837.5,9860.0,6187.0
2026-06-19 09:55:00,9865.0,9870.0,9853.5,9870.0,1843.0
2026-06-19 10:00:00,9868.0,9881.0,9858.0,9872.0,4270.0
2026-06-19 10:05:00,9872.0,9879.5,9860.0,9876.5,1842.0
2026-06-19 10:10:00,9876.0,9885.0,9870.0,9885.0,3035.0
2026-06-19 10:15:00,9884.5,9885.0,9867.0,9876.0,2104.0
2026-06-19 10:20:00,9879.5,9885.0,9849.0,9849.0,3667.0
2026-06-19 10:25:00,9852.5,9864.0,9831.0,9855.5,3478.0
2026-06-19 10:30:00,9858.0,9871.0,9850.0,9855.0,2429.0
2026-06-19 10:35:00,9852.5,9857.5,9835.0,9848.0,3445.0
2026-06-19 10:40:00,9845.5,9860.5,9845.5,9857.5,383.0
2026-06-19 10:45:00,9857.5,9860.5,9850.0,9860.5,627.0
2026-06-19 10:50:00,9861.0,9882.0,9855.5,9870.0,4607.0
2026-06-19 10:55:00,9869.0,9871.5,9856.5,9861.5,1554.0
2026-06-19 11:00:00,9861.5,9878.0,9857.0,9873.0,487.0
2026-06-19 11:05:00,9872.5,9884.5,9868.0,9880.5,855.0
2026-06-19 11:10:00,9885.0,9885.0,9875.5,9876.5,911.0
2026-06-19 11:15:00,9870.5,9870.5,9851.0,9858.5,591.0
2026-06-19 11:20:00,9861.0,9875.0,9854.5,9871.5,1736.0
2026-06-19 11:25:00,9869.5,9873.0,9856.5,9867.5,2354.0
2026-06-19 11:30:00,9867.5,9894.0,9867.5,9889.5,2283.0
2026-06-19 11:35:00,9894.5,9905.5,9885.5,9892.0,2398.0
2026-06-19 11:40:00,9895.5,9895.5,9886.5,9888.0,220.0
2026-06-19 11:45:00,9888.0,9893.5,9879.5,9890.5,825.0
2026-06-19 11:50:00,9890.5,9895.0,9890.0,9892.5,753.0
2026-06-19 11:55:00,9892.5,9925.5,9891.5,9921.5,2937.0
2026-06-19 12:00:00,9922.5,9995.5,9920.5,9975.0,31004.0
2026-06-19 12:05:00,9975.5,9976.0,9955.0,9955.0,3514.0
2026-06-19 12:10:00,9959.5,9969.5,9951.0,9967.5,2136.0
2026-06-19 12:15:00,9965.5,9973.0,9961.5,9963.5,1366.0
2026-06-19 12:20:00,9963.5,9971.0,9961.5,9965.0,2483.0
2026-06-19 12:25:00,9963.0,9980.0,9963.0,9976.0,1501.0
2026-06-19 12:30:00,9979.5,9990.0,9976.0,9989.0,3013.0
2026-06-19 12:35:00,9989.0,9999.0,9983.5,9985.5,4848.0
2026-06-19 12:40:00,9985.0,9985.0,9960.5,9976.0,2508.0
2026-06-19 12:45:00,9976.0,9988.0,9975.0,9985.0,1487.0
2026-06-19 12:50:00,9987.5,9999.0,9985.0,9986.0,2244.0
2026-06-19 12:55:00,9985.0,9992.0,9980.0,9983.0,1639.0
2026-06-19 13:00:00,9982.0,9987.0,9954.0,9954.0,1817.0
2026-06-19 13:05:00,9954.0,9984.5,9951.5,9984.0,2318.0
2026-06-19 13:10:00,9984.0,10013.0,9974.5,10011.5,8157.0
2026-06-19 13:15:00,10011.5,10012.5,9997.0,10001.0,3285.0
2026-06-19 13:20:00,9999.0,10025.0,9995.5,10025.0,4179.0
2026-06-19 13:25:00,10029.0,10035.0,10014.5,10030.5,6937.0
2026-06-19 13:30:00,10032.0,10045.0,10030.5,10039.0,4965.0
2026-06-19 13:35:00,10038.5,10038.5,10011.0,10022.5,5577.0
2026-06-19 13:40:00,10023.5,10037.5,10021.0,10035.5,2146.0
2026-06-19 13:45:00,10033.0,10036.0,10011.0,10025.5,4763.0
2026-06-19 13:50:00,10025.5,10028.5,10000.0,10023.0,3318.0
2026-06-19 13:55:00,10023.0,10033.5,10022.0,10028.5,2961.0
2026-06-19 14:00:00,10026.5,10031.0,10020.0,10030.0,1603.0
2026-06-19 14:05:00,10030.0,10035.0,10026.0,10032.0,2686.0
2026-06-19 14:10:00,10032.5,10050.0,10032.5,10041.5,5850.0
2026-06-19 14:15:00,10038.0,10038.0,10012.0,10023.5,2709.0
2026-06-19 14:20:00,10023.5,10030.0,10011.0,10014.0,2390.0
2026-06-19 14:25:00,10019.5,10025.0,10011.5,10017.0,2121.0
2026-06-19 14:30:00,10019.5,10029.0,10016.5,10028.0,3203.0
2026-06-19 14:35:00,10028.0,10045.0,10028.0,10035.0,2040.0
2026-06-19 14:40:00,10035.0,10040.0,10030.0,10037.0,4054.0
2026-06-19 14:45:00,10040.0,10048.0,10037.0,10048.0,2471.0
2026-06-19 14:50:00,10047.0,10048.0,10009.0,10021.0,6016.0
2026-06-19 14:55:00,10020.0,10023.0,9992.5,10011.0,8184.0
2026-06-19 15:00:00,10000.0,10088.5,9999.0,10077.0,49571.0
2026-06-19 15:05:00,10077.0,10095.0,10075.5,10078.0,35746.0
2026-06-19 15:10:00,10078.0,10092.0,10076.0,10089.0,34904.0
2026-06-19 15:15:00,10088.0,10099.0,10081.0,10092.0,36213.0
2026-06-19 15:20:00,10092.0,10099.0,10088.5,10095.0,33383.0
2026-06-19 15:25:00,10094.5,10120.0,10075.5,10105.0,36598.0
2026-06-22 09:15:00,10090.0,10126.0,10083.0,10103.5,16357.0
2026-06-22 09:20:00,10105.5,10105.5,10056.0,10062.0,7318.0
2026-06-22 09:25:00,10067.0,10069.5,10050.0,10056.5,2829.0
2026-06-22 09:30:00,10054.5,10063.0,10035.0,10044.5,4301.0
2026-06-22 09:35:00,10041.0,10047.5,10005.5,10025.0,5269.0
2026-06-22 09:40:00,10028.0,10050.0,10026.5,10039.0,3984.0
2026-06-22 09:45:00,10038.5,10047.0,10032.5,10040.0,1194.0
2026-06-22 09:50:00,10040.0,10050.0,10038.0,10045.5,2125.0
2026-06-22 09:55:00,10043.5,10044.0,10030.0,10030.0,1554.0
2026-06-22 10:00:00,10030.0,10030.0,10009.0,10009.0,2831.0
2026-06-22 10:05:00,10010.0,10040.0,9992.0,10037.5,3693.0
2026-06-22 10:10:00,10036.0,10056.0,10032.0,10054.5,6023.0
2026-06-22 10:15:00,10057.0,10073.0,10055.0,10059.0,4232.0
2026-06-22 10:20:00,10055.5,10064.0,10051.5,10056.0,932.0
2026-06-22 10:25:00,10055.5,10061.5,10053.0,10060.0,1428.0
2026-06-22 10:30:00,10060.0,10060.0,10051.5,10058.5,1336.0
2026-06-22 10:35:00,10058.5,10062.0,10053.0,10059.5,1451.0
2026-06-22 10:40:00,10059.0,10069.0,10056.5,10067.0,1803.0
2026-06-22 10:45:00,10065.0,10067.5,10062.0,10063.0,804.0
2026-06-22 10:50:00,10066.0,10066.0,10055.0,10059.0,1313.0
2026-06-22 10:55:00,10059.0,10064.5,10054.0,10058.5,1837.0
2026-06-22 11:00:00,10058.0,10058.0,10014.0,10016.0,5787.0
2026-06-22 11:05:00,10015.5,10020.0,10010.0,10011.5,1195.0
2026-06-22 11:10:00,10014.5,10022.0,10011.5,10014.0,805.0
2026-06-22 11:15:00,10015.0,10020.0,10010.0,10016.5,804.0
2026-06-22 11:20:00,10016.5,10028.5,10015.0,10024.5,1389.0
2026-06-22 11:25:00,10024.5,10028.5,10020.0,10021.0,872.0
2026-06-22 11:30:00,10025.5,10042.5,10022.5,10037.5,590.0
2026-06-22 11:35:00,10040.5,10040.5,10028.5,10029.0,795.0
2026-06-22 11:40:00,10029.0,10045.5,10029.0,10043.0,834.0
2026-06-22 11:45:00,10040.0,10045.0,10040.0,10045.0,712.0
2026-06-22 11:50:00,10045.0,10045.0,10035.0,10039.0,740.0
2026-06-22 11:55:00,10039.5,10045.0,10035.5,10045.0,757.0
2026-06-22 12:00:00,10045.0,10045.0,10029.0,10033.5,1291.0
2026-06-22 12:05:00,10034.0,10039.0,10021.0,10026.0,1787.0
2026-06-22 12:10:00,10026.0,10035.0,10021.5,10028.5,579.0
2026-06-22 12:15:00,10028.5,10036.0,10028.0,10031.0,324.0
2026-06-22 12:20:00,10035.0,10035.0,10031.0,10034.5,652.0
2026-06-22 12:25:00,10034.5,10036.0,10030.0,10033.0,1795.0
2026-06-22 12:30:00,10031.0,10035.0,10031.0,10031.0,783.0
2026-06-22 12:35:00,10031.5,10035.0,10030.5,10031.0,1322.0
2026-06-22 12:40:00,10031.0,10035.0,10031.0,10035.0,419.0
2026-06-22 12:45:00,10033.5,10035.0,10016.5,10024.5,1967.0
2026-06-22 12:50:00,10020.0,10032.0,10020.0,10029.0,343.0
2026-06-22 12:55:00,10029.5,10045.0,10027.0,10044.0,2313.0
2026-06-22 13:00:00,10041.0,10049.0,10037.0,10049.0,1258.0
2026-06-22 13:05:00,10048.5,10057.0,10040.0,10052.0,4977.0
2026-06-22 13:10:00,10054.0,10054.0,10044.0,10046.0,638.0
2026-06-22 13:15:00,10046.5,10053.5,10045.0,10047.5,350.0
2026-06-22 13:20:00,10047.5,10057.5,10047.0,10057.0,527.0
2026-06-22 13:25:00,10057.0,10059.5,10054.5,10057.5,856.0
2026-06-22 13:30:00,10059.0,10059.0,10050.0,10055.5,545.0
2026-06-22 13:35:00,10056.0,10056.0,10040.5,10040.5,539.0
2026-06-22 13:40:00,10042.5,10048.5,10038.5,10047.5,410.0
2026-06-22 13:45:00,10044.5,10049.5,10014.0,10016.5,3546.0
2026-06-22 13:50:00,10016.5,10024.5,10013.5,10016.0,694.0
2026-06-22 13:55:00,10017.5,10022.5,10015.5,10018.0,629.0
2026-06-22 14:00:00,10018.0,10020.0,10010.0,10014.5,1014.0
2026-06-22 14:05:00,10014.5,10020.5,10013.0,10020.0,594.0
2026-06-22 14:10:00,10020.0,10030.0,10015.0,10020.5,2001.0
2026-06-22 14:15:00,10020.5,10020.5,10003.0,10013.0,2883.0
2026-06-22 14:20:00,10017.0,10020.0,10015.0,10016.0,564.0
2026-06-22 14:25:00,10018.5,10030.0,10015.0,10027.0,1477.0
2026-06-22 14:30:00,10030.0,10030.0,10015.5,10017.5,862.0
2026-06-22 14:35:00,10019.0,10030.0,10015.5,10025.0,1091.0
2026-06-22 14:40:00,10024.5,10037.0,10020.5,10035.5,2171.0
2026-06-22 14:45:00,10039.0,10039.5,10026.5,10035.0,1255.0
2026-06-22 14:50:00,10035.0,10038.0,10025.0,10030.0,1431.0
2026-06-22 14:55:00,10030.0,10035.5,10023.5,10025.0,1099.0
2026-06-22 15:00:00,10028.5,10033.5,10016.0,10028.5,4112.0
2026-06-22 15:05:00,10027.0,10030.0,10015.5,10020.5,2577.0
2026-06-22 15:10:00,10024.5,10028.5,10019.0,10023.0,2764.0
2026-06-22 15:15:00,10024.0,10029.0,10014.5,10014.5,4606.0
2026-06-22 15:20:00,10018.0,10028.5,10010.0,10020.0,4396.0
2026-06-22 15:25:00,10023.5,10038.0,10001.0,10001.0,4069.0
2026-06-23 09:15:00,10022.5,10075.0,10010.0,10056.5,8825.0
2026-06-23 09:20:00,10065.0,10065.0,9997.5,10008.5,11021.0
2026-06-23 09:25:00,10011.0,10016.5,9992.5,10006.0,3672.0
2026-06-23 09:30:00,10008.0,10021.5,10003.0,10003.0,1776.0
2026-06-23 09:35:00,10006.5,10030.5,10004.0,10030.5,1795.0
2026-06-23 09:40:00,10033.0,10037.0,10016.0,10030.5,3844.0
2026-06-23 09:45:00,10030.5,10038.0,10030.5,10037.0,1284.0
2026-06-23 09:50:00,10035.0,10045.0,10015.5,10018.0,2933.0
2026-06-23 09:55:00,10020.0,10023.5,10005.0,10009.0,2991.0
2026-06-23 10:00:00,10009.0,10022.5,10007.5,10022.0,862.0
2026-06-23 10:05:00,10021.5,10025.0,10019.5,10023.0,662.0
2026-06-23 10:10:00,10023.0,10025.5,10020.0,10020.5,664.0
2026-06-23 10:15:00,10023.0,10023.0,10006.0,10010.0,1907.0
2026-06-23 10:20:00,10008.5,10017.0,9976.0,9997.0,6986.0
2026-06-23 10:25:00,9994.5,10000.0,9970.0,9981.5,2937.0
2026-06-23 10:30:00,9979.0,9985.5,9976.0,9982.0,1200.0
2026-06-23 10:35:00,9981.5,9984.5,9976.5,9979.5,1803.0
2026-06-23 10:40:00,9978.0,9985.0,9973.0,9980.0,1045.0
2026-06-23 10:45:00,9980.0,9981.5,9952.0,9956.0,3529.0
2026-06-23 10:50:00,9953.5,9984.5,9952.0,9977.0,2602.0
2026-06-23 10:55:00,9977.0,9996.0,9975.0,9990.0,1858.0
2026-06-23 11:00:00,9990.0,9997.5,9988.0,9997.0,1436.0
2026-06-23 11:05:00,9996.0,10005.5,9987.5,10005.0,2222.0
2026-06-23 11:10:00,10009.0,10010.0,10001.0,10005.0,784.0
2026-06-23 11:15:00,10004.5,10020.0,10003.5,10017.0,1503.0
2026-06-23 11:20:00,10017.0,10019.0,10013.0,10013.0,673.0
2026-06-23 11:25:00,10013.5,10075.0,10013.0,10056.5,10426.0
2026-06-23 11:30:00,10056.5,10056.5,10046.0,10050.0,2115.0
2026-06-23 11:35:00,10050.0,10050.0,10040.0,10041.0,1537.0
2026-06-23 11:40:00,10041.0,10041.0,10030.0,10041.0,1596.0
2026-06-23 11:45:00,10041.0,10041.0,10016.0,10025.0,1509.0
2026-06-23 11:50:00,10025.5,10033.0,10022.5,10024.5,1305.0
2026-06-23 11:55:00,10025.0,10025.0,9984.5,9995.0,8285.0
2026-06-23 12:00:00,9994.5,10009.5,9990.0,9992.0,3496.0
2026-06-23 12:05:00,9992.0,9994.5,9977.5,9987.5,3714.0
2026-06-23 12:10:00,9987.5,9987.5,9940.5,9943.0,5929.0
2026-06-23 12:15:00,9943.0,9948.5,9935.0,9945.0,2712.0
2026-06-23 12:20:00,9947.0,9949.0,9916.0,9936.5,2188.0
2026-06-23 12:25:00,9940.0,9957.0,9935.0,9950.0,2466.0
2026-06-23 12:30:00,9951.5,9959.0,9945.0,9955.0,923.0
2026-06-23 12:35:00,9957.0,9973.0,9949.5,9949.5,2468.0
2026-06-23 12:40:00,9955.0,9961.5,9911.5,9922.5,6270.0
2026-06-23 12:45:00,9922.5,9930.0,9920.0,9923.0,1772.0
2026-06-23 12:50:00,9923.0,9929.0,9920.0,9923.5,663.0
2026-06-23 12:55:00,9923.0,9924.0,9914.5,9922.0,2138.0
2026-06-23 13:00:00,9923.5,9932.5,9921.5,9932.0,568.0
2026-06-23 13:05:00,9940.0,9951.0,9929.0,9929.5,1376.0
2026-06-23 13:10:00,9930.0,9949.5,9926.5,9930.0,811.0
2026-06-23 13:15:00,9928.5,9928.5,9915.0,9924.5,1481.0
2026-06-23 13:20:00,9924.5,9935.5,9921.0,9922.5,2544.0
2026-06-23 13:25:00,9922.0,9925.5,9908.5,9913.5,3912.0
2026-06-23 13:30:00,9913.5,9916.5,9901.5,9910.0,3525.0
2026-06-23 13:35:00,9910.0,9914.5,9893.0,9914.5,4285.0
2026-06-23 13:40:00,9913.5,9919.0,9905.0,9908.5,1595.0
2026-06-23 13:45:00,9908.0,9921.0,9903.0,9911.5,2487.0
2026-06-23 13:50:00,9913.5,9913.5,9891.5,9908.0,3464.0
2026-06-23 13:55:00,9907.5,9912.0,9904.0,9905.0,992.0
2026-06-23 14:00:00,9903.0,9908.5,9899.0,9908.0,857.0
2026-06-23 14:05:00,9907.5,9923.5,9902.0,9905.0,7118.0
2026-06-23 14:10:00,9905.0,9932.0,9905.0,9921.5,9893.0
2026-06-23 14:15:00,9921.0,9927.5,9909.0,9911.0,1986.0
2026-06-23 14:20:00,9912.5,9921.5,9906.0,9918.0,2530.0
2026-06-23 14:25:00,9927.0,9929.0,9916.0,9922.5,3310.0
2026-06-23 14:30:00,9924.0,9925.0,9914.5,9919.0,3273.0
2026-06-23 14:35:00,9919.5,9928.0,9915.0,9916.5,2221.0
2026-06-23 14:40:00,9916.5,9929.5,9913.0,9929.5,6165.0
2026-06-23 14:45:00,9927.0,9932.0,9915.5,9922.0,1757.0
2026-06-23 14:50:00,9922.5,9931.0,9918.5,9923.5,2955.0
2026-06-23 14:55:00,9930.0,9938.0,9920.5,9928.0,2536.0
2026-06-23 15:00:00,9930.0,9937.0,9901.0,9911.0,11911.0
2026-06-23 15:05:00,9911.0,9937.0,9910.5,9924.5,9900.0
2026-06-23 15:10:00,9925.0,9930.0,9920.0,9922.0,6746.0
2026-06-23 15:15:00,9922.5,9928.5,9921.5,9928.5,8578.0
2026-06-23 15:20:00,9928.5,9928.5,9903.5,9913.0,9205.0
2026-06-23 15:25:00,9914.5,9938.0,9912.5,9930.0,8787.0
2026-06-24 09:15:00,9900.0,9924.0,9875.0,9879.0,7118.0
2026-06-24 09:20:00,9876.5,9939.5,9876.5,9913.0,8999.0
2026-06-24 09:25:00,9908.0,9912.5,9861.5,9881.5,6788.0
2026-06-24 09:30:00,9881.5,9881.5,9840.0,9846.0,5177.0
2026-06-24 09:35:00,9844.0,9851.0,9826.0,9833.0,5913.0
2026-06-24 09:40:00,9835.0,9837.5,9810.0,9816.0,3796.0
2026-06-24 09:45:00,9814.0,9815.0,9751.5,9757.5,8395.0
2026-06-24 09:50:00,9756.0,9790.0,9756.0,9787.5,3561.0
2026-06-24 09:55:00,9787.5,9799.0,9761.0,9764.5,2926.0
2026-06-24 10:00:00,9764.5,9816.0,9764.0,9806.0,3823.0
2026-06-24 10:05:00,9797.0,9797.0,9765.5,9778.0,2512.0
2026-06-24 10:10:00,9781.0,9781.0,9766.0,9776.0,3032.0
2026-06-24 10:15:00,9777.0,9782.0,9762.0,9773.0,2627.0
2026-06-24 10:20:00,9770.0,9773.0,9760.5,9772.0,1208.0
2026-06-24 10:25:00,9772.5,9787.5,9767.0,9779.5,1976.0
2026-06-24 10:30:00,9781.0,9792.0,9772.0,9789.0,1277.0
2026-06-24 10:35:00,9789.0,9791.0,9781.5,9785.5,1534.0
2026-06-24 10:40:00,9782.0,9800.0,9779.0,9800.0,1667.0
2026-06-24 10:45:00,9798.0,9826.0,9795.5,9824.0,3644.0
2026-06-24 10:50:00,9824.0,9824.5,9812.5,9813.5,1941.0
2026-06-24 10:55:00,9813.0,9836.0,9809.5,9833.0,2147.0
2026-06-24 11:00:00,9832.5,9845.0,9830.0,9833.0,2854.0
2026-06-24 11:05:00,9833.0,9837.0,9821.0,9825.5,1757.0
2026-06-24 11:10:00,9829.0,9829.0,9810.0,9814.5,1592.0
2026-06-24 11:15:00,9817.0,9817.0,9803.0,9804.5,682.0
2026-06-24 11:20:00,9806.0,9808.0,9790.0,9795.0,1558.0
2026-06-24 11:25:00,9795.5,9801.0,9780.0,9785.0,2463.0
2026-06-24 11:30:00,9781.5,9810.5,9762.0,9806.0,5413.0
2026-06-24 11:35:00,9805.0,9817.5,9803.5,9811.5,1999.0
2026-06-24 11:40:00,9810.0,9825.0,9801.5,9821.5,1709.0
2026-06-24 11:45:00,9819.0,9832.0,9818.5,9825.0,2438.0
2026-06-24 11:50:00,9825.5,9831.0,9825.0,9831.0,2247.0
2026-06-24 11:55:00,9831.0,9838.5,9830.5,9834.0,1378.0
2026-06-24 12:00:00,9835.5,9851.0,9820.0,9849.5,5499.0
2026-06-24 12:05:00,9849.5,9849.5,9843.5,9848.0,1196.0
2026-06-24 12:10:00,9848.0,9850.0,9826.5,9828.0,2688.0
2026-06-24 12:15:00,9824.5,9857.0,9824.5,9836.0,2829.0
2026-06-24 12:20:00,9835.5,9835.5,9820.0,9825.5,3052.0
2026-06-24 12:25:00,9824.5,9830.5,9822.5,9829.0,1694.0
2026-06-24 12:30:00,9829.0,9832.0,9823.0,9831.0,3003.0
2026-06-24 12:35:00,9827.0,9832.5,9823.0,9825.5,1611.0
2026-06-24 12:40:00,9825.0,9829.0,9808.0,9829.0,6036.0
2026-06-24 12:45:00,9826.5,9838.5,9826.5,9829.0,3122.0
2026-06-24 12:50:00,9830.0,9832.5,9825.5,9830.0,2801.0
2026-06-24 12:55:00,9829.5,9830.0,9821.0,9821.5,1108.0
2026-06-24 13:00:00,9823.0,9825.0,9823.0,9824.0,1344.0
2026-06-24 13:05:00,9823.5,9824.0,9806.0,9814.0,1564.0
2026-06-24 13:10:00,9813.5,9815.0,9807.0,9811.5,993.0
2026-06-24 13:15:00,9811.5,9818.0,9807.5,9810.0,2378.0
2026-06-24 13:20:00,9811.5,9811.5,9787.0,9787.0,2609.0
2026-06-24 13:25:00,9789.5,9789.5,9772.5,9784.5,2205.0
2026-06-24 13:30:00,9783.0,9799.5,9780.5,9790.0,2500.0
2026-06-24 13:35:00,9787.0,9794.5,9773.5,9774.0,3052.0
2026-06-24 13:40:00,9772.5,9773.5,9739.0,9745.0,7887.0
2026-06-24 13:45:00,9742.0,9765.0,9742.0,9756.5,7377.0
2026-06-24 13:50:00,9758.0,9766.5,9756.0,9761.5,3795.0
2026-06-24 13:55:00,9763.5,9768.5,9760.5,9761.5,2595.0
2026-06-24 14:00:00,9765.0,9765.0,9754.0,9761.0,2954.0
2026-06-24 14:05:00,9761.5,9776.0,9757.5,9766.0,4077.0
2026-06-24 14:10:00,9763.5,9772.0,9763.0,9763.0,1423.0
2026-06-24 14:15:00,9763.5,9763.5,9751.0,9755.5,2288.0
2026-06-24 14:20:00,9755.5,9760.0,9747.0,9758.0,5006.0
2026-06-24 14:25:00,9758.0,9758.0,9742.0,9742.0,3064.0
2026-06-24 14:30:00,9739.5,9740.0,9721.0,9731.0,7767.0
2026-06-24 14:35:00,9730.0,9733.0,9712.0,9715.5,9112.0
2026-06-24 14:40:00,9717.5,9720.0,9712.0,9713.0,4067.0
2026-06-24 14:45:00,9712.0,9712.5,9697.5,9705.5,11107.0
2026-06-24 14:50:00,9705.5,9710.0,9700.0,9706.0,5437.0
2026-06-24 14:55:00,9704.5,9708.0,9699.5,9703.0,5077.0
2026-06-24 15:00:00,9703.0,9717.0,9691.0,9703.0,26001.0
2026-06-24 15:05:00,9703.5,9703.5,9683.5,9689.0,15088.0
2026-06-24 15:10:00,9689.0,9697.0,9680.0,9685.0,11772.0
2026-06-24 15:15:00,9685.0,9694.5,9676.0,9677.5,11978.0
2026-06-24 15:20:00,9677.0,9694.0,9675.0,9681.0,15047.0
2026-06-24 15:25:00,9681.0,9716.0,9680.5,9700.0,16654.0
2026-06-25 09:15:00,9700.0,9753.5,9641.0,9654.0,19430.0
2026-06-25 09:20:00,9654.0,9654.0,9600.0,9626.0,18851.0
2026-06-25 09:25:00,9621.5,9629.0,9585.0,9606.0,12838.0
2026-06-25 09:30:00,9606.5,9625.0,9606.0,9619.5,5127.0
2026-06-25 09:35:00,9620.5,9684.5,9618.5,9681.0,11856.0
2026-06-25 09:40:00,9681.0,9681.0,9649.5,9666.0,8557.0
2026-06-25 09:45:00,9666.0,9668.5,9651.0,9653.5,1917.0
2026-06-25 09:50:00,9656.0,9660.0,9650.5,9654.0,1985.0
2026-06-25 09:55:00,9654.5,9670.0,9652.0,9668.5,3889.0
2026-06-25 10:00:00,9669.0,9690.5,9668.5,9684.5,7325.0
2026-06-25 10:05:00,9684.5,9712.0,9676.0,9708.0,8381.0
2026-06-25 10:10:00,9711.5,9718.0,9673.0,9677.5,4300.0
2026-06-25 10:15:00,9677.5,9684.0,9660.0,9674.5,3729.0
2026-06-25 10:20:00,9674.5,9678.0,9664.0,9669.0,1958.0
2026-06-25 10:25:00,9670.0,9679.0,9661.5,9664.5,2159.0
2026-06-25 10:30:00,9665.0,9730.0,9665.0,9730.0,6168.0
2026-06-25 10:35:00,9730.0,9740.0,9720.0,9720.0,5473.0
2026-06-25 10:40:00,9721.0,9722.5,9700.0,9707.0,2984.0
2026-06-25 10:45:00,9707.5,9710.0,9690.0,9701.5,3101.0
2026-06-25 10:50:00,9699.0,9722.0,9691.5,9706.0,3357.0
2026-06-25 10:55:00,9706.5,9708.5,9700.0,9705.0,1590.0
2026-06-25 11:00:00,9705.5,9705.5,9700.0,9700.5,1167.0
2026-06-25 11:05:00,9700.5,9719.0,9700.0,9701.0,2877.0
2026-06-25 11:10:00,9703.5,9706.5,9697.5,9697.5,4897.0
2026-06-25 11:15:00,9697.5,9697.5,9670.0,9673.0,3157.0
2026-06-25 11:20:00,9673.0,9675.0,9626.5,9627.5,9470.0
2026-06-25 11:25:00,9628.0,9660.0,9627.5,9657.5,5595.0
2026-06-25 11:30:00,9660.0,9662.5,9638.5,9638.5,3394.0
2026-06-25 11:35:00,9638.0,9646.0,9635.0,9645.0,2055.0
2026-06-25 11:40:00,9645.5,9645.5,9625.0,9625.0,2166.0
2026-06-25 11:45:00,9625.5,9626.5,9621.5,9625.0,3764.0
2026-06-25 11:50:00,9625.5,9625.5,9590.0,9598.5,18850.0
2026-06-25 11:55:00,9601.5,9617.0,9599.5,9612.0,2769.0
2026-06-25 12:00:00,9612.5,9619.5,9610.0,9615.0,3384.0
2026-06-25 12:05:00,9614.5,9615.5,9605.0,9606.5,1913.0
2026-06-25 12:10:00,9606.5,9625.5,9606.5,9620.0,6879.0
2026-06-25 12:15:00,9620.0,9621.0,9610.5,9612.5,3605.0
2026-06-25 12:20:00,9613.5,9613.5,9594.0,9606.0,3504.0
2026-06-25 12:25:00,9606.0,9608.5,9590.0,9591.0,2609.0
2026-06-25 12:30:00,9591.0,9597.0,9590.0,9593.5,2322.0
2026-06-25 12:35:00,9593.5,9601.5,9573.5,9578.0,7182.0
2026-06-25 12:40:00,9578.5,9595.0,9578.5,9585.0,2837.0
2026-06-25 12:45:00,9585.0,9585.0,9565.5,9580.0,4489.0
2026-06-25 12:50:00,9580.5,9592.0,9573.0,9575.0,2190.0
2026-06-25 12:55:00,9576.0,9584.0,9574.5,9580.0,2296.0
2026-06-25 13:00:00,9580.5,9582.0,9574.0,9578.5,2046.0
2026-06-25 13:05:00,9579.5,9596.0,9577.0,9590.5,3696.0
2026-06-25 13:10:00,9591.0,9601.5,9580.0,9580.0,3127.0
2026-06-25 13:15:00,9580.0,9595.0,9580.0,9594.5,2494.0
2026-06-25 13:20:00,9595.5,9606.5,9595.5,9601.5,4632.0
2026-06-25 13:25:00,9599.0,9599.0,9586.5,9596.0,2084.0
2026-06-25 13:30:00,9596.0,9622.5,9593.5,9616.5,6358.0
2026-06-25 13:35:00,9618.5,9618.5,9599.5,9608.0,4147.0
2026-06-25 13:40:00,9610.0,9613.0,9601.0,9605.0,2218.0
2026-06-25 13:45:00,9606.0,9609.0,9601.5,9605.0,2033.0
2026-06-25 13:50:00,9606.0,9606.5,9595.0,9595.0,2960.0
2026-06-25 13:55:00,9597.5,9601.5,9592.0,9597.0,2807.0
2026-06-25 14:00:00,9597.0,9608.0,9592.0,9606.0,2092.0
2026-06-25 14:05:00,9606.0,9606.0,9595.0,9599.0,2349.0
2026-06-25 14:10:00,9599.5,9603.0,9594.0,9598.0,2834.0
2026-06-25 14:15:00,9601.0,9601.0,9579.0,9580.5,2972.0
2026-06-25 14:20:00,9583.5,9589.5,9568.0,9574.0,4551.0
2026-06-25 14:25:00,9574.5,9580.5,9569.0,9575.5,4083.0
2026-06-25 14:30:00,9578.0,9580.5,9568.0,9574.0,2849.0
2026-06-25 14:35:00,9574.0,9578.5,9566.5,9566.5,3813.0
2026-06-25 14:40:00,9568.0,9570.0,9550.0,9551.5,5781.0
2026-06-25 14:45:00,9553.5,9558.5,9526.5,9530.0,8706.0
2026-06-25 14:50:00,9530.0,9550.0,9526.0,9540.0,4899.0
2026-06-25 14:55:00,9540.0,9541.0,9530.5,9534.5,4416.0
2026-06-25 15:00:00,9532.0,9556.0,9517.0,9547.0,17755.0
2026-06-25 15:05:00,9547.5,9547.5,9521.0,9522.5,12358.0
2026-06-25 15:10:00,9522.5,9527.5,9518.5,9525.5,9845.0
2026-06-25 15:15:00,9526.0,9532.0,9516.5,9529.0,14613.0
2026-06-25 15:20:00,9527.5,9530.0,9518.0,9525.5,12441.0
2026-06-25 15:25:00,9526.0,9557.5,9522.0,9555.0,9748.0
2026-06-29 09:15:00,9664.0,9664.0,9430.0,9473.5,20468.0
2026-06-29 09:20:00,9461.5,9466.0,9426.5,9441.0,6540.0
2026-06-29 09:25:00,9441.0,9470.0,9422.0,9468.5,9090.0
2026-06-29 09:30:00,9467.5,9467.5,9423.0,9428.5,6383.0
2026-06-29 09:35:00,9434.5,9439.0,9420.5,9431.5,4123.0
2026-06-29 09:40:00,9433.5,9453.0,9433.5,9446.0,2776.0
2026-06-29 09:45:00,9449.5,9462.0,9438.0,9451.5,5287.0
2026-06-29 09:50:00,9453.5,9477.0,9449.5,9475.5,3550.0
2026-06-29 09:55:00,9475.5,9493.5,9475.5,9488.5,4009.0
2026-06-29 10:00:00,9486.0,9518.5,9486.0,9517.0,4765.0
2026-06-29 10:05:00,9512.0,9535.0,9512.0,9523.0,3899.0
2026-06-29 10:10:00,9523.0,9540.0,9502.0,9502.0,5089.0
2026-06-29 10:15:00,9503.5,9520.5,9503.5,9504.0,2723.0
2026-06-29 10:20:00,9503.5,9524.0,9503.5,9516.0,2896.0
2026-06-29 10:25:00,9519.0,9528.5,9514.0,9523.5,2077.0
2026-06-29 10:30:00,9523.5,9531.0,9520.0,9526.0,3192.0
2026-06-29 10:35:00,9527.0,9531.0,9518.5,9530.0,2503.0
2026-06-29 10:40:00,9529.5,9535.0,9523.0,9530.5,3087.0
2026-06-29 10:45:00,9530.0,9559.0,9530.0,9548.0,3776.0
2026-06-29 10:50:00,9548.0,9548.5,9530.0,9533.5,2238.0
2026-06-29 10:55:00,9534.5,9538.5,9530.0,9535.0,2214.0
2026-06-29 11:00:00,9534.5,9545.0,9524.5,9528.5,4312.0
2026-06-29 11:05:00,9527.5,9538.0,9515.5,9534.0,3022.0
2026-06-29 11:10:00,9535.0,9535.5,9524.0,9529.0,3846.0
2026-06-29 11:15:00,9529.0,9551.0,9523.0,9551.0,2841.0
2026-06-29 11:20:00,9550.5,9559.0,9546.5,9552.0,2995.0
2026-06-29 11:25:00,9550.5,9560.0,9543.0,9552.0,3106.0
2026-06-29 11:30:00,9552.0,9566.0,9551.5,9553.5,4641.0
2026-06-29 11:35:00,9550.5,9575.0,9550.5,9575.0,3057.0
2026-06-29 11:40:00,9574.5,9587.5,9567.0,9571.5,5117.0
2026-06-29 11:45:00,9571.0,9582.0,9568.5,9576.5,3517.0
2026-06-29 11:50:00,9576.0,9589.0,9571.5,9581.0,5179.0
2026-06-29 11:55:00,9579.5,9581.5,9553.0,9566.0,6132.0
2026-06-29 12:00:00,9565.5,9579.5,9563.5,9577.5,3066.0
2026-06-29 12:05:00,9577.0,9580.0,9557.5,9562.5,3048.0
2026-06-29 12:10:00,9561.0,9562.0,9534.5,9539.5,4112.0
2026-06-29 12:15:00,9539.0,9545.0,9535.0,9540.0,3707.0
2026-06-29 12:20:00,9539.5,9549.5,9539.5,9548.0,3250.0
2026-06-29 12:25:00,9546.0,9552.5,9540.5,9546.0,3126.0
2026-06-29 12:30:00,9546.0,9547.5,9528.0,9532.0,3405.0
2026-06-29 12:35:00,9530.0,9540.0,9523.0,9528.5,3431.0
2026-06-29 12:40:00,9529.0,9544.5,9529.0,9543.0,2723.0
2026-06-29 12:45:00,9543.0,9555.0,9539.5,9542.0,3561.0
2026-06-29 12:50:00,9541.0,9551.0,9523.5,9523.5,10639.0
2026-06-29 12:55:00,9524.0,9555.0,9523.0,9545.5,4236.0
2026-06-29 13:00:00,9546.0,9567.0,9541.5,9564.5,4151.0
2026-06-29 13:05:00,9566.5,9590.5,9559.0,9590.5,4428.0
2026-06-29 13:10:00,9592.0,9620.0,9592.0,9615.0,5879.0
2026-06-29 13:15:00,9615.0,9618.0,9605.0,9613.0,6883.0
2026-06-29 13:20:00,9613.0,9655.5,9612.0,9650.5,10446.0
2026-06-29 13:25:00,9652.0,9664.0,9641.0,9654.0,9881.0
2026-06-29 13:30:00,9654.0,9660.0,9642.0,9650.0,7706.0
2026-06-29 13:35:00,9656.0,9659.0,9647.0,9658.5,7108.0
2026-06-29 13:40:00,9660.0,9671.0,9647.5,9655.5,10070.0
2026-06-29 13:45:00,9655.5,9664.5,9650.0,9654.5,8197.0
2026-06-29 13:50:00,9650.0,9658.0,9640.0,9646.5,11202.0
2026-06-29 13:55:00,9648.0,9655.0,9642.5,9652.5,9222.0
2026-06-29 14:00:00,9654.0,9657.5,9644.0,9650.0,8785.0
2026-06-29 14:05:00,9650.0,9669.0,9643.0,9665.0,7948.0
2026-06-29 14:10:00,9664.5,9675.0,9660.5,9670.0,9441.0
2026-06-29 14:15:00,9670.0,9674.0,9647.5,9654.0,9591.0
2026-06-29 14:20:00,9655.0,9658.5,9650.0,9654.0,7102.0
2026-06-29 14:25:00,9655.0,9658.5,9643.0,9649.0,9213.0
2026-06-29 14:30:00,9653.0,9670.0,9646.5,9652.0,8807.0
2026-06-29 14:35:00,9655.5,9658.5,9646.5,9651.5,7957.0
2026-06-29 14:40:00,9656.0,9665.0,9641.5,9642.0,10296.0
2026-06-29 14:45:00,9645.5,9645.5,9585.0,9589.5,10195.0
2026-06-29 14:50:00,9589.5,9639.5,9586.5,9639.5,11969.0
2026-06-29 14:55:00,9639.0,9647.0,9625.5,9640.5,15425.0
2026-06-29 15:00:00,9634.5,9850.0,9623.5,9798.5,180822.0
2026-06-29 15:05:00,9797.0,9797.5,9721.5,9721.5,146633.0
2026-06-29 15:10:00,9720.0,9736.0,9694.5,9734.0,134291.0
2026-06-29 15:15:00,9732.5,9816.0,9706.0,9816.0,143458.0
2026-06-29 15:20:00,9820.0,9972.0,9820.0,9862.5,160725.0
2026-06-29 15:25:00,9860.5,9882.0,9733.0,9800.0,82340.0
2026-06-30 09:15:00,9710.0,9717.5,9597.0,9672.5,26959.0
2026-06-30 09:20:00,9665.0,9690.0,9648.5,9683.0,6624.0
2026-06-30 09:25:00,9680.0,9707.0,9663.5,9671.5,7784.0
2026-06-30 09:30:00,9670.0,9672.0,9625.0,9642.5,4610.0
2026-06-30 09:35:00,9646.0,9666.5,9645.0,9657.0,3140.0
2026-06-30 09:40:00,9657.0,9697.0,9657.0,9675.5,2962.0
2026-06-30 09:45:00,9677.5,9688.5,9662.0,9686.0,2986.0
2026-06-30 09:50:00,9680.0,9695.0,9670.5,9695.0,1888.0
2026-06-30 09:55:00,9695.0,9727.5,9687.0,9725.5,6121.0
2026-06-30 10:00:00,9721.5,9755.0,9721.0,9748.5,5892.0
2026-06-30 10:05:00,9750.0,9764.5,9725.5,9725.5,4097.0
2026-06-30 10:10:00,9726.0,9763.0,9721.0,9743.0,8255.0
2026-06-30 10:15:00,9742.5,9742.5,9715.0,9735.0,2209.0
2026-06-30 10:20:00,9731.5,9733.5,9709.0,9713.0,2313.0
2026-06-30 10:25:00,9714.5,9739.0,9695.0,9733.0,5322.0
2026-06-30 10:30:00,9731.5,9756.0,9721.0,9750.5,3623.0
2026-06-30 10:35:00,9751.5,9758.0,9738.0,9751.5,1776.0
2026-06-30 10:40:00,9745.5,9785.0,9740.0,9744.0,8484.0
2026-06-30 10:45:00,9740.0,9754.0,9740.0,9752.5,967.0
2026-06-30 10:50:00,9752.0,9756.0,9742.0,9756.0,1256.0
2026-06-30 10:55:00,9754.0,9755.5,9745.0,9747.0,1308.0
2026-06-30 11:00:00,9747.5,9754.0,9740.0,9744.0,1359.0
2026-06-30 11:05:00,9744.0,9775.0,9744.0,9775.0,3377.0
2026-06-30 11:10:00,9777.0,9839.5,9776.0,9834.5,10008.0
2026-06-30 11:15:00,9832.0,9876.0,9820.5,9873.0,13645.0
2026-06-30 11:20:00,9875.0,9875.0,9852.0,9874.5,11808.0
2026-06-30 11:25:00,9875.0,9924.0,9868.5,9917.0,22376.0
2026-06-30 11:30:00,9918.5,9924.0,9898.5,9901.0,4410.0
2026-06-30 11:35:00,9904.5,9914.5,9893.0,9906.5,3361.0
2026-06-30 11:40:00,9907.5,9908.0,9895.0,9903.5,2358.0
2026-06-30 11:45:00,9902.5,9908.0,9895.0,9896.5,3410.0
2026-06-30 11:50:00,9898.5,9904.0,9895.5,9904.0,1896.0
2026-06-30 11:55:00,9905.0,9942.0,9903.0,9925.0,6407.0
2026-06-30 12:00:00,9924.5,9925.5,9910.0,9917.0,2547.0
2026-06-30 12:05:00,9917.0,9930.0,9910.0,9925.5,2700.0
2026-06-30 12:10:00,9925.5,9941.0,9925.5,9934.5,6752.0
2026-06-30 12:15:00,9933.0,9955.0,9929.0,9952.5,7446.0
2026-06-30 12:20:00,9953.5,9963.5,9951.5,9957.5,6634.0
2026-06-30 12:25:00,9962.0,9981.0,9934.0,9937.5,9700.0
2026-06-30 12:30:00,9937.0,9957.5,9937.0,9942.0,3953.0
2026-06-30 12:35:00,9945.0,9955.5,9941.5,9948.0,2569.0
2026-06-30 12:40:00,9948.0,9950.0,9921.0,9921.0,4957.0
2026-06-30 12:45:00,9921.0,9934.5,9916.0,9929.0,2619.0
2026-06-30 12:50:00,9929.5,9936.0,9918.0,9926.5,2220.0
2026-06-30 12:55:00,9925.5,9928.0,9893.0,9894.0,5650.0
2026-06-30 13:00:00,9897.0,9898.5,9880.0,9883.5,3573.0
2026-06-30 13:05:00,9884.0,9887.5,9872.5,9882.0,2590.0
2026-06-30 13:10:00,9880.0,9895.0,9873.0,9885.0,2555.0
2026-06-30 13:15:00,9885.0,9890.5,9872.5,9884.0,2349.0
2026-06-30 13:20:00,9884.0,9911.0,9863.0,9910.0,6649.0
2026-06-30 13:25:00,9908.5,9916.0,9900.5,9913.0,2875.0
2026-06-30 13:30:00,9912.5,9925.0,9909.0,9923.0,2541.0
2026-06-30 13:35:00,9923.0,9932.0,9920.0,9928.0,2243.0
2026-06-30 13:40:00,9925.0,9937.0,9925.0,9931.0,1657.0
2026-06-30 13:45:00,9927.0,9936.0,9926.0,9933.5,2146.0
2026-06-30 13:50:00,9932.5,9935.5,9925.0,9927.0,2428.0
2026-06-30 13:55:00,9925.0,9929.0,9925.0,9925.5,5691.0
2026-06-30 14:00:00,9925.5,9932.5,9895.0,9902.0,9125.0
2026-06-30 14:05:00,9901.0,9915.0,9896.0,9908.0,3557.0
2026-06-30 14:10:00,9908.0,9913.0,9902.5,9909.0,2500.0
2026-06-30 14:15:00,9908.0,9934.5,9905.0,9927.5,2571.0
2026-06-30 14:20:00,9928.5,9935.0,9915.0,9934.0,2764.0
2026-06-30 14:25:00,9935.0,9957.5,9933.0,9944.5,4830.0
2026-06-30 14:30:00,9945.0,9973.0,9943.0,9973.0,5376.0
2026-06-30 14:35:00,9973.0,9983.0,9966.5,9982.5,5990.0
2026-06-30 14:40:00,9982.0,9995.5,9975.0,9993.5,5720.0
2026-06-30 14:45:00,9993.0,9998.0,9980.5,9984.0,4630.0
2026-06-30 14:50:00,9984.5,9999.0,9976.0,9991.5,8414.0
2026-06-30 14:55:00,9993.5,10008.0,9973.5,9979.5,13135.0
2026-06-30 15:00:00,9980.0,9980.0,9945.5,9963.5,17042.0
2026-06-30 15:05:00,9962.5,9985.0,9962.0,9970.5,12222.0
2026-06-30 15:10:00,9970.5,9971.0,9952.0,9954.0,12285.0
2026-06-30 15:15:00,9954.5,9980.5,9954.0,9977.0,16605.0
2026-06-30 15:20:00,9978.0,9978.5,9941.0,9948.5,18727.0
2026-06-30 15:25:00,9948.5,9985.0,9941.0,9970.0,14612.0
2026-07-01 09:15:00,9979.5,9979.5,9866.5,9887.0,11356.0
2026-07-01 09:20:00,9887.0,9890.0,9840.0,9847.0,5799.0
2026-07-01 09:25:00,9847.0,9861.5,9843.0,9849.5,2996.0
2026-07-01 09:30:00,9850.0,9873.5,9845.0,9852.5,3510.0
2026-07-01 09:35:00,9858.0,9872.0,9851.0,9864.0,4825.0
2026-07-01 09:40:00,9864.0,9866.5,9851.0,9866.5,2067.0
2026-07-01 09:45:00,9866.5,9893.0,9850.0,9852.0,4449.0
2026-07-01 09:50:00,9835.0,9854.5,9830.0,9839.0,6833.0
2026-07-01 09:55:00,9839.0,9847.0,9832.0,9834.5,2601.0
2026-07-01 10:00:00,9836.5,9850.0,9836.5,9847.0,1310.0
2026-07-01 10:05:00,9850.0,9861.5,9847.0,9858.0,1464.0
2026-07-01 10:10:00,9858.0,9859.0,9840.5,9845.0,728.0
2026-07-01 10:15:00,9843.0,9853.5,9835.5,9841.0,1873.0
2026-07-01 10:20:00,9841.5,9841.5,9821.5,9828.0,2755.0
2026-07-01 10:25:00,9830.0,9830.0,9807.0,9810.5,3767.0
2026-07-01 10:30:00,9807.0,9815.0,9800.0,9806.0,2734.0
2026-07-01 10:35:00,9809.0,9820.0,9792.5,9805.5,3769.0
2026-07-01 10:40:00,9805.0,9810.0,9799.5,9803.0,1023.0
2026-07-01 10:45:00,9802.5,9831.0,9800.0,9825.0,2077.0
2026-07-01 10:50:00,9825.0,9829.0,9815.0,9824.5,1868.0
2026-07-01 10:55:00,9823.5,9830.0,9812.5,9829.0,1753.0
2026-07-01 11:00:00,9825.0,9837.5,9817.5,9826.0,2173.0
2026-07-01 11:05:00,9826.0,9828.0,9810.0,9812.0,2189.0
2026-07-01 11:10:00,9812.0,9818.0,9808.5,9817.0,1086.0
2026-07-01 11:15:00,9818.0,9822.0,9797.0,9798.5,3867.0
2026-07-01 11:20:00,9798.5,9798.5,9775.0,9786.5,4556.0
2026-07-01 11:25:00,9789.5,9807.5,9780.0,9805.0,2300.0
2026-07-01 11:30:00,9805.0,9813.5,9796.5,9801.5,2092.0
2026-07-01 11:35:00,9801.5,9809.0,9795.0,9809.0,1655.0
2026-07-01 11:40:00,9809.0,9816.0,9803.0,9807.5,1120.0
2026-07-01 11:45:00,9813.5,9813.5,9801.0,9808.0,1033.0
2026-07-01 11:50:00,9809.0,9809.0,9774.0,9787.0,2884.0
2026-07-01 11:55:00,9787.0,9790.0,9775.0,9788.5,1851.0
2026-07-01 12:00:00,9788.5,9788.5,9770.0,9783.5,1418.0
2026-07-01 12:05:00,9783.5,9787.5,9774.5,9784.5,1497.0
2026-07-01 12:10:00,9784.5,9787.5,9752.0,9755.5,2673.0
2026-07-01 12:15:00,9755.5,9761.5,9702.0,9724.5,10695.0
2026-07-01 12:20:00,9724.5,9734.5,9700.0,9700.5,5667.0
2026-07-01 12:25:00,9701.0,9725.0,9690.0,9718.5,9188.0
2026-07-01 12:30:00,9718.5,9739.0,9718.5,9725.0,3711.0
2026-07-01 12:35:00,9727.0,9730.5,9714.5,9724.0,3083.0
2026-07-01 12:40:00,9724.0,9729.0,9671.0,9692.0,7753.0
2026-07-01 12:45:00,9692.0,9697.5,9675.0,9686.0,4304.0
2026-07-01 12:50:00,9686.0,9698.5,9680.0,9687.0,3842.0
2026-07-01 12:55:00,9688.5,9718.0,9688.5,9718.0,2740.0
2026-07-01 13:00:00,9718.0,9723.5,9698.5,9709.0,1717.0
2026-07-01 13:05:00,9708.5,9760.0,9708.5,9760.0,5966.0
2026-07-01 13:10:00,9760.0,9777.0,9755.5,9776.0,3455.0
2026-07-01 13:15:00,9776.0,9784.0,9760.0,9774.0,3229.0
2026-07-01 13:20:00,9777.5,9777.5,9750.0,9750.0,4163.0
2026-07-01 13:25:00,9753.5,9764.0,9750.0,9756.5,5343.0
2026-07-01 13:30:00,9759.5,9763.5,9754.0,9755.5,522.0
2026-07-01 13:35:00,9759.0,9765.0,9756.5,9762.0,850.0
2026-07-01 13:40:00,9762.5,9763.0,9747.0,9762.0,2311.0
2026-07-01 13:45:00,9767.0,9767.0,9754.5,9756.0,569.0
2026-07-01 13:50:00,9759.5,9765.0,9756.0,9761.5,688.0
2026-07-01 13:55:00,9761.5,9780.0,9751.0,9768.5,1945.0
2026-07-01 14:00:00,9766.0,9789.0,9764.0,9785.0,4091.0
2026-07-01 14:05:00,9787.5,9802.0,9782.5,9802.0,4297.0
2026-07-01 14:10:00,9802.0,9808.0,9794.0,9795.0,3671.0
2026-07-01 14:15:00,9799.0,9802.0,9785.0,9801.0,9682.0
2026-07-01 14:20:00,9801.0,9805.0,9787.0,9802.5,7879.0
2026-07-01 14:25:00,9804.0,9808.0,9800.0,9806.0,5821.0
2026-07-01 14:30:00,9806.0,9806.0,9784.0,9784.0,21551.0
2026-07-01 14:35:00,9785.0,9796.5,9772.0,9773.0,6987.0
2026-07-01 14:40:00,9773.0,9775.5,9745.0,9749.0,11422.0
2026-07-01 14:45:00,9750.0,9751.5,9735.5,9746.0,13846.0
2026-07-01 14:50:00,9740.0,9744.0,9730.5,9740.0,5359.0
2026-07-01 14:55:00,9739.5,9744.0,9725.0,9728.5,10521.0
2026-07-01 15:00:00,9728.5,9735.0,9726.0,9730.0,11816.0
2026-07-01 15:05:00,9730.0,9730.0,9723.0,9725.0,7274.0
2026-07-01 15:10:00,9725.0,9730.0,9701.5,9710.0,11490.0
2026-07-01 15:15:00,9708.5,9721.0,9700.5,9706.0,8701.0
2026-07-01 15:20:00,9705.0,9710.0,9699.0,9700.0,6404.0
2026-07-01 15:25:00,9700.0,9710.0,9681.0,9710.0,8561.0
2026-07-02 09:15:00,9749.0,9754.0,9616.5,9628.0,16065.0
2026-07-02 09:20:00,9627.0,9645.0,9614.5,9618.0,5922.0
2026-07-02 09:25:00,9618.0,9628.5,9600.5,9614.5,6025.0
2026-07-02 09:30:00,9608.5,9627.5,9605.0,9612.0,5118.0
2026-07-02 09:35:00,9606.5,9625.0,9596.5,9619.0,5378.0
2026-07-02 09:40:00,9617.0,9638.0,9611.5,9631.0,5382.0
2026-07-02 09:45:00,9631.0,9690.0,9623.0,9663.0,6292.0
2026-07-02 09:50:00,9662.0,9662.0,9606.5,9632.5,3857.0
2026-07-02 09:55:00,9638.5,9644.0,9612.0,9621.0,2281.0
2026-07-02 10:00:00,9620.5,9627.5,9600.0,9605.0,2644.0
2026-07-02 10:05:00,9608.0,9608.0,9570.0,9589.5,5495.0
2026-07-02 10:10:00,9590.0,9613.5,9588.0,9601.5,2696.0
2026-07-02 10:15:00,9601.0,9613.5,9590.0,9594.5,2514.0
2026-07-02 10:20:00,9598.0,9603.0,9570.0,9593.0,3830.0
2026-07-02 10:25:00,9590.0,9607.5,9584.5,9607.5,2807.0
2026-07-02 10:30:00,9606.5,9606.5,9595.5,9595.5,1224.0
2026-07-02 10:35:00,9596.0,9603.5,9589.0,9593.5,1585.0
2026-07-02 10:40:00,9597.5,9600.0,9579.5,9598.5,2710.0
2026-07-02 10:45:00,9599.0,9618.5,9597.5,9601.0,2705.0
2026-07-02 10:50:00,9600.5,9605.0,9587.0,9592.0,1292.0
2026-07-02 10:55:00,9595.5,9630.0,9587.0,9613.0,3250.0
2026-07-02 11:00:00,9613.0,9623.5,9610.0,9614.0,1731.0
2026-07-02 11:05:00,9613.0,9620.0,9610.0,9611.5,895.0
2026-07-02 11:10:00,9614.5,9618.5,9600.0,9605.0,2555.0
2026-07-02 11:15:00,9606.5,9611.0,9603.0,9605.0,1556.0
2026-07-02 11:20:00,9607.5,9610.0,9605.0,9605.0,656.0
2026-07-02 11:25:00,9605.5,9617.5,9601.0,9612.0,1489.0
2026-07-02 11:30:00,9617.5,9617.5,9605.0,9610.0,672.0
2026-07-02 11:35:00,9609.0,9610.5,9602.0,9605.0,1188.0
2026-07-02 11:40:00,9605.0,9610.0,9600.0,9605.0,1667.0
2026-07-02 11:45:00,9605.0,9610.0,9605.0,9605.0,584.0
2026-07-02 11:50:00,9608.5,9620.0,9605.0,9613.0,1637.0
2026-07-02 11:55:00,9610.5,9627.0,9610.0,9620.0,1124.0
2026-07-02 12:00:00,9623.5,9626.0,9615.0,9622.0,760.0
2026-07-02 12:05:00,9626.0,9626.0,9610.0,9612.0,1172.0
2026-07-02 12:10:00,9610.0,9612.0,9598.0,9602.5,16530.0
2026-07-02 12:15:00,9607.5,9610.0,9600.5,9608.5,10333.0
2026-07-02 12:20:00,9605.0,9610.0,9603.5,9606.0,1585.0
2026-07-02 12:25:00,9609.0,9609.0,9600.0,9605.0,1421.0
2026-07-02 12:30:00,9605.0,9609.0,9598.0,9605.0,6889.0
2026-07-02 12:35:00,9605.0,9609.0,9601.0,9605.0,7941.0
2026-07-02 12:40:00,9609.0,9613.5,9602.5,9605.0,1355.0
2026-07-02 12:45:00,9605.0,9613.5,9602.5,9607.5,2342.0
2026-07-02 12:50:00,9605.0,9610.0,9599.5,9603.5,2455.0
2026-07-02 12:55:00,9605.0,9606.0,9580.5,9585.5,19466.0
2026-07-02 13:00:00,9588.0,9595.0,9575.0,9586.5,10887.0
2026-07-02 13:05:00,9587.0,9597.5,9582.0,9593.5,878.0
2026-07-02 13:10:00,9594.0,9597.5,9581.0,9590.0,1560.0
2026-07-02 13:15:00,9590.0,9595.0,9580.0,9592.0,2835.0
2026-07-02 13:20:00,9595.0,9600.0,9586.0,9597.0,1417.0
2026-07-02 13:25:00,9598.0,9598.5,9590.0,9590.0,491.0
2026-07-02 13:30:00,9590.0,9603.5,9588.0,9603.0,685.0
2026-07-02 13:35:00,9602.5,9629.5,9593.0,9627.0,35169.0
2026-07-02 13:40:00,9629.5,9657.0,9626.0,9649.0,6014.0
2026-07-02 13:45:00,9647.0,9649.0,9620.0,9630.5,2715.0
2026-07-02 13:50:00,9633.0,9644.5,9629.0,9639.5,1527.0
2026-07-02 13:55:00,9639.5,9649.0,9623.0,9630.0,2663.0
2026-07-02 14:00:00,9632.5,9638.0,9625.0,9629.0,601.0
2026-07-02 14:05:00,9630.5,9639.0,9621.0,9627.5,2068.0
2026-07-02 14:10:00,9627.5,9629.5,9614.5,9616.0,1095.0
2026-07-02 14:15:00,9616.0,9629.0,9616.0,9626.0,445.0
2026-07-02 14:20:00,9626.0,9629.5,9620.5,9623.5,632.0
2026-07-02 14:25:00,9620.5,9625.0,9611.5,9618.0,870.0
2026-07-02 14:30:00,9616.5,9619.0,9608.0,9609.0,878.0
2026-07-02 14:35:00,9612.0,9618.0,9605.0,9614.5,1312.0
2026-07-02 14:40:00,9609.5,9621.0,9604.5,9617.0,2804.0
2026-07-02 14:45:00,9617.0,9625.0,9611.0,9613.5,1796.0
2026-07-02 14:50:00,9610.0,9624.5,9600.5,9616.5,4045.0
2026-07-02 14:55:00,9619.0,9621.0,9610.0,9617.5,2574.0
2026-07-02 15:00:00,9617.5,9629.0,9608.0,9626.0,5746.0
2026-07-02 15:05:00,9625.5,9642.0,9625.0,9639.0,12354.0
2026-07-02 15:10:00,9644.5,9644.5,9631.0,9634.0,5081.0
2026-07-02 15:15:00,9634.5,9644.5,9634.5,9641.0,6746.0
2026-07-02 15:20:00,9641.5,9647.5,9634.0,9637.5,6646.0
2026-07-02 15:25:00,9637.5,9643.0,9630.0,9633.0,4648.0
2026-07-03 09:15:00,9688.0,9698.5,9584.5,9589.5,12889.0
2026-07-03 09:20:00,9586.5,9656.0,9575.0,9646.5,11000.0
2026-07-03 09:25:00,9646.5,9651.0,9619.0,9635.5,7357.0
2026-07-03 09:30:00,9637.0,9650.0,9634.5,9645.0,4510.0
2026-07-03 09:35:00,9645.5,9665.5,9637.0,9661.5,5992.0
2026-07-03 09:40:00,9665.0,9668.5,9640.0,9649.0,6075.0
2026-07-03 09:45:00,9651.5,9655.0,9601.5,9610.0,6100.0
2026-07-03 09:50:00,9610.0,9634.5,9607.5,9630.0,1406.0
2026-07-03 09:55:00,9627.5,9635.5,9612.5,9630.5,3125.0
2026-07-03 10:00:00,9626.5,9630.0,9610.0,9611.0,2660.0
2026-07-03 10:05:00,9611.0,9613.0,9603.0,9605.0,2317.0
2026-07-03 10:10:00,9605.0,9619.5,9602.0,9616.0,2815.0
2026-07-03 10:15:00,9612.0,9621.0,9603.0,9608.0,776.0
2026-07-03 10:20:00,9608.0,9620.0,9603.0,9605.0,1547.0
2026-07-03 10:25:00,9605.0,9616.5,9600.0,9610.0,2195.0
2026-07-03 10:30:00,9610.5,9634.0,9610.5,9631.0,1633.0
2026-07-03 10:35:00,9628.5,9632.0,9623.0,9623.0,551.0
2026-07-03 10:40:00,9621.0,9627.5,9620.0,9623.0,417.0
2026-07-03 10:45:00,9623.0,9628.0,9608.0,9628.0,1493.0
2026-07-03 10:50:00,9624.5,9627.0,9612.0,9617.0,9384.0
2026-07-03 10:55:00,9620.0,9621.5,9612.0,9614.0,635.0
2026-07-03 11:00:00,9615.5,9618.0,9608.0,9609.0,1419.0
2026-07-03 11:05:00,9609.0,9609.0,9589.5,9599.5,3321.0
2026-07-03 11:10:00,9601.5,9610.0,9599.5,9605.5,611.0
2026-07-03 11:15:00,9605.5,9620.0,9596.0,9599.0,1313.0
2026-07-03 11:20:00,9601.0,9604.5,9595.0,9595.5,718.0
2026-07-03 11:25:00,9598.5,9598.5,9591.0,9591.0,635.0
2026-07-03 11:30:00,9592.0,9597.0,9581.5,9589.0,1687.0
2026-07-03 11:35:00,9589.0,9590.0,9584.5,9586.5,1179.0
2026-07-03 11:40:00,9590.0,9598.5,9550.0,9561.5,4292.0
2026-07-03 11:45:00,9560.0,9560.5,9552.5,9557.5,1339.0
2026-07-03 11:50:00,9558.0,9577.0,9554.0,9571.5,835.0
2026-07-03 11:55:00,9573.0,9580.0,9571.5,9573.0,3573.0
2026-07-03 12:00:00,9573.0,9598.0,9571.0,9592.5,2269.0
2026-07-03 12:05:00,9592.5,9598.0,9588.0,9592.0,1442.0
2026-07-03 12:10:00,9592.0,9594.0,9576.0,9594.0,2809.0
2026-07-03 12:15:00,9594.0,9604.0,9586.0,9590.0,3050.0
2026-07-03 12:20:00,9590.0,9596.0,9585.5,9594.0,1249.0
2026-07-03 12:25:00,9593.0,9601.5,9593.0,9599.0,1949.0
2026-07-03 12:30:00,9598.5,9600.5,9591.5,9594.5,1858.0
2026-07-03 12:35:00,9598.0,9602.0,9582.5,9590.0,1285.0
2026-07-03 12:40:00,9586.0,9594.0,9579.5,9590.0,1530.0
2026-07-03 12:45:00,9589.0,9600.0,9586.5,9600.0,1501.0
2026-07-03 12:50:00,9600.0,9620.0,9599.5,9610.5,2045.0
2026-07-03 12:55:00,9605.0,9614.5,9604.0,9610.5,1854.0
2026-07-03 13:00:00,9611.0,9615.5,9596.0,9603.0,5681.0
2026-07-03 13:05:00,9600.0,9600.5,9583.0,9589.0,1845.0
2026-07-03 13:10:00,9592.0,9601.5,9585.0,9593.0,1602.0
2026-07-03 13:15:00,9593.5,9594.5,9585.0,9593.5,1518.0
2026-07-03 13:20:00,9594.0,9613.0,9589.5,9605.0,1402.0
2026-07-03 13:25:00,9609.0,9609.0,9600.5,9608.5,1077.0
2026-07-03 13:30:00,9608.5,9608.5,9596.0,9600.5,1289.0
2026-07-03 13:35:00,9600.5,9601.5,9590.5,9597.0,1599.0
2026-07-03 13:40:00,9597.0,9601.5,9588.0,9588.0,1282.0
2026-07-03 13:45:00,9588.0,9598.0,9585.5,9593.0,1115.0
2026-07-03 13:50:00,9593.0,9600.5,9590.0,9596.0,1282.0
2026-07-03 13:55:00,9593.5,9596.5,9590.0,9590.5,1493.0
2026-07-03 14:00:00,9590.5,9598.0,9585.0,9589.0,1362.0
2026-07-03 14:05:00,9585.5,9597.0,9585.5,9594.0,1135.0
2026-07-03 14:10:00,9594.0,9598.0,9590.5,9595.0,1144.0
2026-07-03 14:15:00,9591.5,9597.0,9585.0,9593.5,1406.0
2026-07-03 14:20:00,9593.5,9596.0,9577.0,9583.0,2380.0
2026-07-03 14:25:00,9585.5,9590.0,9582.5,9588.5,1700.0
2026-07-03 14:30:00,9588.5,9598.0,9585.0,9595.0,1909.0
2026-07-03 14:35:00,9595.0,9596.0,9583.0,9588.5,2250.0
2026-07-03 14:40:00,9584.0,9589.5,9564.5,9572.0,3136.0
2026-07-03 14:45:00,9572.0,9572.0,9560.0,9567.5,2221.0
2026-07-03 14:50:00,9567.5,9570.0,9558.0,9570.0,2303.0
2026-07-03 14:55:00,9570.0,9578.0,9560.0,9561.5,2194.0
2026-07-03 15:00:00,9569.0,9570.0,9546.5,9559.5,12088.0
2026-07-03 15:05:00,9558.0,9560.5,9541.5,9546.0,7970.0
2026-07-03 15:10:00,9547.0,9563.5,9544.5,9553.0,7793.0
2026-07-03 15:15:00,9553.0,9556.5,9541.5,9544.5,8923.0
2026-07-03 15:20:00,9545.0,9550.0,9536.0,9541.0,11131.0
2026-07-03 15:25:00,9540.0,9568.0,9531.0,9568.0,7868.0
2026-07-06 09:15:00,9600.0,9600.0,9533.0,9570.0,5627.0
2026-07-06 09:20:00,9567.0,9574.0,9545.0,9555.5,3259.0
2026-07-06 09:25:00,9555.5,9592.0,9555.5,9588.0,2804.0
2026-07-06 09:30:00,9585.5,9589.5,9551.5,9551.5,2900.0
2026-07-06 09:35:00,9551.5,9554.5,9524.5,9544.0,4247.0
2026-07-06 09:40:00,9540.5,9553.5,9522.5,9531.5,3141.0
2026-07-06 09:45:00,9530.5,9538.0,9521.0,9535.0,2621.0
2026-07-06 09:50:00,9534.5,9538.0,9525.0,9528.0,2238.0
2026-07-06 09:55:00,9525.0,9533.0,9519.0,9526.5,1444.0
2026-07-06 10:00:00,9525.5,9538.0,9525.0,9537.0,1431.0
2026-07-06 10:05:00,9538.0,9538.0,9507.0,9517.5,2856.0
2026-07-06 10:10:00,9520.0,9532.5,9495.0,9523.5,7912.0
2026-07-06 10:15:00,9523.5,9564.0,9520.0,9560.0,3402.0
2026-07-06 10:20:00,9560.0,9574.0,9533.0,9544.0,5776.0
2026-07-06 10:25:00,9544.5,9546.5,9531.0,9533.0,1283.0
2026-07-06 10:30:00,9533.0,9541.5,9525.0,9530.0,1857.0
2026-07-06 10:35:00,9530.0,9539.0,9522.0,9535.0,2264.0
2026-07-06 10:40:00,9535.0,9536.5,9526.0,9531.0,928.0
2026-07-06 10:45:00,9531.0,9540.0,9526.5,9537.0,952.0
2026-07-06 10:50:00,9532.0,9538.0,9526.0,9533.0,742.0
2026-07-06 10:55:00,9533.0,9540.0,9527.0,9532.0,938.0
2026-07-06 11:00:00,9532.0,9537.0,9520.0,9529.5,2889.0
2026-07-06 11:05:00,9527.5,9533.0,9520.0,9523.0,1363.0
2026-07-06 11:10:00,9522.0,9533.5,9522.0,9529.0,1043.0
2026-07-06 11:15:00,9529.0,9531.5,9520.0,9523.5,1540.0
2026-07-06 11:20:00,9523.5,9534.5,9520.0,9525.5,1441.0
2026-07-06 11:25:00,9527.0,9529.0,9520.5,9520.5,1228.0
2026-07-06 11:30:00,9520.5,9530.5,9520.0,9524.0,1325.0
2026-07-06 11:35:00,9526.0,9546.5,9523.5,9546.5,2536.0
2026-07-06 11:40:00,9541.0,9558.0,9540.5,9543.0,2024.0
2026-07-06 11:45:00,9542.5,9547.5,9530.5,9540.0,1677.0
2026-07-06 11:50:00,9540.0,9543.0,9531.5,9543.0,1413.0
2026-07-06 11:55:00,9538.0,9549.0,9531.5,9538.0,1370.0
2026-07-06 12:00:00,9537.5,9541.0,9535.0,9537.0,692.0
2026-07-06 12:05:00,9538.0,9541.5,9533.5,9533.5,559.0
2026-07-06 12:10:00,9533.5,9540.0,9533.5,9537.0,574.0
2026-07-06 12:15:00,9537.0,9539.5,9530.0,9532.0,1589.0
2026-07-06 12:20:00,9535.5,9538.5,9520.0,9527.0,1589.0
2026-07-06 12:25:00,9527.0,9534.0,9523.0,9534.0,651.0
2026-07-06 12:30:00,9528.5,9540.0,9528.5,9540.0,613.0
2026-07-06 12:35:00,9540.0,9554.5,9536.5,9542.0,1980.0
2026-07-06 12:40:00,9546.0,9550.0,9539.0,9542.0,1487.0
2026-07-06 12:45:00,9542.5,9548.5,9542.0,9542.5,469.0
2026-07-06 12:50:00,9542.0,9548.0,9527.5,9535.0,1320.0
2026-07-06 12:55:00,9535.5,9543.5,9520.0,9520.0,4219.0
2026-07-06 13:00:00,9520.0,9531.0,9520.0,9530.5,1726.0
2026-07-06 13:05:00,9526.5,9540.0,9525.0,9531.0,2235.0
2026-07-06 13:10:00,9531.0,9545.0,9528.5,9534.0,2087.0
2026-07-06 13:15:00,9534.0,9535.5,9525.0,9526.0,917.0
2026-07-06 13:20:00,9526.0,9536.0,9525.0,9531.0,759.0
2026-07-06 13:25:00,9531.0,9535.0,9525.0,9532.5,983.0
2026-07-06 13:30:00,9528.0,9541.5,9527.5,9533.5,1300.0
2026-07-06 13:35:00,9533.5,9539.0,9530.0,9530.5,1403.0
2026-07-06 13:40:00,9530.5,9533.5,9526.5,9527.5,1374.0
2026-07-06 13:45:00,9527.5,9533.0,9525.0,9525.0,1029.0
2026-07-06 13:50:00,9525.0,9540.0,9520.0,9535.5,3119.0
2026-07-06 13:55:00,9531.0,9533.0,9522.0,9526.5,1136.0
2026-07-06 14:00:00,9526.5,9534.0,9521.0,9524.5,1296.0
2026-07-06 14:05:00,9524.5,9529.0,9521.0,9522.0,1099.0
2026-07-06 14:10:00,9522.0,9526.5,9521.0,9524.5,1398.0
2026-07-06 14:15:00,9521.0,9525.0,9513.0,9520.0,3490.0
2026-07-06 14:20:00,9520.0,9532.5,9520.0,9530.0,1772.0
2026-07-06 14:25:00,9527.5,9548.0,9526.5,9544.0,3360.0
2026-07-06 14:30:00,9544.0,9606.0,9540.5,9594.5,10703.0
2026-07-06 14:35:00,9594.5,9596.0,9578.0,9581.5,3677.0
2026-07-06 14:40:00,9581.0,9583.0,9562.0,9563.0,3106.0
2026-07-06 14:45:00,9563.0,9580.0,9552.0,9560.5,5045.0
2026-07-06 14:50:00,9560.5,9578.0,9560.0,9569.5,3288.0
2026-07-06 14:55:00,9568.0,9579.0,9566.5,9576.5,2199.0
2026-07-06 15:00:00,9576.5,9587.5,9567.0,9572.0,6971.0
2026-07-06 15:05:00,9579.0,9582.0,9573.0,9573.0,6102.0
2026-07-06 15:10:00,9573.0,9576.0,9565.0,9571.0,3667.0
2026-07-06 15:15:00,9572.0,9593.0,9568.0,9593.0,6581.0
2026-07-06 15:20:00,9592.0,9612.0,9582.5,9595.5,6598.0
2026-07-06 15:25:00,9595.5,9605.0,9567.5,9570.5,5915.0
2026-07-07 09:15:00,9589.5,9595.5,9552.0,9560.0,1688.0
2026-07-07 09:20:00,9560.0,9560.0,9500.5,9503.5,7697.0
2026-07-07 09:25:00,9507.5,9526.0,9485.0,9500.5,5556.0
2026-07-07 09:30:00,9504.0,9514.0,9469.0,9473.0,4362.0
2026-07-07 09:35:00,9473.0,9503.5,9471.0,9498.5,3226.0
2026-07-07 09:40:00,9503.5,9503.5,9490.0,9493.0,1380.0
2026-07-07 09:45:00,9495.0,9499.5,9470.5,9481.0,1677.0
2026-07-07 09:50:00,9479.0,9504.0,9478.5,9489.5,960.0
2026-07-07 09:55:00,9487.5,9493.0,9470.0,9472.0,2517.0
2026-07-07 10:00:00,9472.0,9479.0,9445.0,9452.0,4831.0
2026-07-07 10:05:00,9451.5,9488.0,9445.0,9483.0,1720.0
2026-07-07 10:10:00,9482.5,9486.0,9460.5,9464.0,1604.0
2026-07-07 10:15:00,9462.0,9464.5,9450.0,9461.0,1022.0
2026-07-07 10:20:00,9463.5,9475.0,9461.0,9470.0,481.0
2026-07-07 10:25:00,9469.0,9476.0,9466.0,9475.5,416.0
2026-07-07 10:30:00,9479.5,9489.0,9470.0,9489.0,1134.0
2026-07-07 10:35:00,9488.0,9488.0,9477.5,9481.0,968.0
2026-07-07 10:40:00,9481.0,9481.0,9463.5,9468.5,714.0
2026-07-07 10:45:00,9468.5,9472.5,9466.0,9472.5,739.0
2026-07-07 10:50:00,9472.5,9478.0,9464.0,9476.0,568.0
2026-07-07 10:55:00,9471.5,9487.0,9471.5,9483.5,1061.0
2026-07-07 11:00:00,9482.5,9482.5,9466.5,9481.0,559.0
2026-07-07 11:05:00,9481.0,9492.0,9477.0,9488.0,1623.0
2026-07-07 11:10:00,9488.0,9499.0,9484.5,9489.0,4497.0
2026-07-07 11:15:00,9489.0,9511.5,9488.5,9508.0,1828.0
2026-07-07 11:20:00,9506.0,9509.0,9492.0,9496.0,1720.0
2026-07-07 11:25:00,9496.0,9505.0,9493.0,9505.0,1030.0
2026-07-07 11:30:00,9505.0,9509.0,9503.0,9508.0,720.0
2026-07-07 11:35:00,9509.0,9520.0,9505.5,9515.0,1654.0
2026-07-07 11:40:00,9517.5,9525.0,9513.0,9515.0,972.0
2026-07-07 11:45:00,9512.0,9522.0,9512.0,9522.0,605.0
2026-07-07 11:50:00,9521.5,9523.5,9502.0,9505.5,1110.0
2026-07-07 11:55:00,9502.5,9515.5,9502.5,9514.0,907.0
2026-07-07 12:00:00,9513.0,9513.0,9493.5,9493.5,1560.0
2026-07-07 12:05:00,9493.5,9501.0,9490.0,9490.0,1082.0
2026-07-07 12:10:00,9490.0,9494.5,9477.0,9480.0,1543.0
2026-07-07 12:15:00,9479.5,9489.0,9471.0,9474.0,1100.0
2026-07-07 12:20:00,9473.5,9476.0,9460.0,9471.0,1147.0
2026-07-07 12:25:00,9471.0,9483.5,9464.0,9482.5,845.0
2026-07-07 12:30:00,9480.5,9484.0,9469.0,9475.5,639.0
2026-07-07 12:35:00,9475.0,9484.5,9467.0,9484.5,2274.0
2026-07-07 12:40:00,9483.5,9486.0,9473.5,9482.0,836.0
2026-07-07 12:45:00,9478.5,9484.0,9476.0,9482.0,587.0
2026-07-07 12:50:00,9480.0,9484.5,9473.0,9479.5,551.0
2026-07-07 12:55:00,9479.5,9489.0,9474.0,9489.0,888.0
2026-07-07 13:00:00,9489.0,9491.0,9485.0,9491.0,1087.0
2026-07-07 13:05:00,9489.0,9494.0,9485.5,9489.0,1082.0
2026-07-07 13:10:00,9489.0,9489.0,9475.0,9486.0,1111.0
2026-07-07 13:15:00,9481.5,9492.0,9481.5,9486.5,1622.0
2026-07-07 13:20:00,9487.0,9489.0,9480.0,9483.0,1328.0
2026-07-07 13:25:00,9483.0,9490.0,9479.0,9481.0,1368.0
2026-07-07 13:30:00,9480.0,9490.0,9472.5,9490.0,981.0
2026-07-07 13:35:00,9489.0,9489.0,9480.0,9480.0,507.0
2026-07-07 13:40:00,9480.5,9490.0,9480.0,9489.0,321.0
2026-07-07 13:45:00,9489.0,9490.0,9481.0,9488.0,562.0
2026-07-07 13:50:00,9489.0,9492.0,9481.0,9485.5,536.0
2026-07-07 13:55:00,9485.5,9498.0,9485.5,9496.5,1802.0
2026-07-07 14:00:00,9490.0,9520.5,9490.0,9519.0,3801.0
2026-07-07 14:05:00,9516.0,9519.0,9512.5,9513.0,986.0
2026-07-07 14:10:00,9513.0,9517.5,9498.0,9498.5,1833.0
2026-07-07 14:15:00,9497.5,9501.0,9460.5,9485.0,2823.0
2026-07-07 14:20:00,9485.0,9489.0,9453.0,9472.0,3926.0
2026-07-07 14:25:00,9475.5,9486.5,9461.0,9461.0,7177.0
2026-07-07 14:30:00,9461.0,9461.0,9445.0,9445.5,5183.0
2026-07-07 14:35:00,9450.0,9456.5,9421.5,9435.0,6785.0
2026-07-07 14:40:00,9435.0,9440.0,9430.0,9433.5,1634.0
2026-07-07 14:45:00,9433.5,9444.0,9433.5,9444.0,1220.0
2026-07-07 14:50:00,9444.0,9457.0,9439.0,9445.0,4004.0
2026-07-07 14:55:00,9445.0,9449.0,9439.0,9442.0,1050.0
2026-07-07 15:00:00,9440.5,9448.5,9429.0,9438.0,5806.0
2026-07-07 15:05:00,9438.5,9445.5,9429.0,9434.5,4667.0
2026-07-07 15:10:00,9435.0,9443.0,9432.0,9437.5,4212.0
2026-07-07 15:15:00,9437.5,9438.0,9390.0,9390.5,9529.0
2026-07-07 15:20:00,9388.5,9400.0,9358.5,9373.5,17128.0
2026-07-07 15:25:00,9372.0,9375.0,9355.0,9364.0,9401.0
2026-07-08 09:15:00,9348.0,9357.5,9281.0,9350.0,10438.0
2026-07-08 09:20:00,9347.5,9377.0,9341.5,9353.0,5029.0
2026-07-08 09:25:00,9348.0,9359.0,9336.0,9347.5,2367.0
2026-07-08 09:30:00,9345.0,9355.0,9337.5,9344.0,1726.0
2026-07-08 09:35:00,9343.5,9343.5,9322.5,9337.0,1565.0
2026-07-08 09:40:00,9341.5,9349.0,9333.0,9342.5,1026.0
2026-07-08 09:45:00,9339.0,9342.5,9324.5,9332.0,1168.0
2026-07-08 09:50:00,9332.0,9359.5,9330.0,9357.5,1859.0
2026-07-08 09:55:00,9358.0,9390.0,9341.5,9388.0,6855.0
2026-07-08 10:00:00,9386.0,9412.0,9386.0,9390.0,5152.0
2026-07-08 10:05:00,9392.0,9409.0,9380.0,9386.0,2677.0
2026-07-08 10:10:00,9384.5,9398.5,9379.5,9383.0,1746.0
2026-07-08 10:15:00,9383.0,9396.0,9360.5,9360.5,2280.0
2026-07-08 10:20:00,9355.0,9372.5,9348.0,9365.0,2721.0
2026-07-08 10:25:00,9365.0,9383.0,9361.0,9370.5,913.0
2026-07-08 10:30:00,9364.0,9368.5,9356.0,9368.5,977.0
2026-07-08 10:35:00,9364.0,9371.0,9346.5,9357.5,1518.0
2026-07-08 10:40:00,9354.5,9375.0,9354.5,9360.5,748.0
2026-07-08 10:45:00,9360.5,9375.5,9360.5,9370.0,842.0
2026-07-08 10:50:00,9370.0,9378.0,9362.0,9363.5,1377.0
2026-07-08 10:55:00,9367.5,9370.0,9351.5,9353.0,632.0
2026-07-08 11:00:00,9354.0,9358.0,9347.0,9353.0,1816.0
2026-07-08 11:05:00,9356.5,9365.5,9350.0,9365.5,1344.0
2026-07-08 11:10:00,9367.0,9382.0,9365.0,9375.0,1031.0
2026-07-08 11:15:00,9378.0,9378.0,9360.0,9366.0,1104.0
2026-07-08 11:20:00,9361.5,9373.0,9358.0,9371.0,1083.0
2026-07-08 11:25:00,9367.0,9376.5,9353.5,9359.5,4608.0
2026-07-08 11:30:00,9359.0,9364.5,9354.0,9356.5,699.0
2026-07-08 11:35:00,9361.0,9362.0,9354.0,9359.0,469.0
2026-07-08 11:40:00,9359.5,9359.5,9347.5,9353.0,961.0
2026-07-08 11:45:00,9354.5,9362.0,9347.5,9362.0,1075.0
2026-07-08 11:50:00,9363.0,9368.0,9362.0,9367.5,557.0
2026-07-08 11:55:00,9365.5,9368.0,9356.0,9366.0,472.0
2026-07-08 12:00:00,9365.5,9366.0,9356.0,9359.5,482.0
2026-07-08 12:05:00,9356.0,9366.0,9356.0,9364.0,769.0
2026-07-08 12:10:00,9364.0,9376.0,9361.5,9376.0,650.0
2026-07-08 12:15:00,9374.0,9379.5,9373.0,9373.0,714.0
2026-07-08 12:20:00,9377.0,9378.0,9367.0,9374.0,914.0
2026-07-08 12:25:00,9370.0,9377.0,9361.0,9361.0,562.0
2026-07-08 12:30:00,9362.0,9363.5,9349.0,9351.0,1895.0
2026-07-08 12:35:00,9350.5,9354.0,9332.0,9347.5,2395.0
2026-07-08 12:40:00,9347.5,9351.5,9336.5,9340.0,1578.0
2026-07-08 12:45:00,9340.0,9346.5,9340.0,9340.5,2142.0
2026-07-08 12:50:00,9344.0,9351.0,9339.0,9342.5,2778.0
2026-07-08 12:55:00,9343.5,9349.0,9336.0,9349.0,5166.0
2026-07-08 13:00:00,9347.5,9348.0,9318.0,9325.0,4142.0
2026-07-08 13:05:00,9325.0,9327.5,9321.0,9323.0,800.0
2026-07-08 13:10:00,9326.0,9327.5,9321.0,9327.0,904.0
2026-07-08 13:15:00,9327.0,9327.0,9317.0,9320.0,1776.0
2026-07-08 13:20:00,9318.0,9321.0,9309.5,9311.5,6705.0
2026-07-08 13:25:00,9311.5,9313.0,9303.0,9303.0,2047.0
2026-07-08 13:30:00,9305.0,9320.0,9295.0,9299.0,8172.0
2026-07-08 13:35:00,9298.5,9312.0,9295.0,9310.0,5300.0
2026-07-08 13:40:00,9310.0,9310.5,9300.0,9300.0,1928.0
2026-07-08 13:45:00,9301.0,9301.0,9265.0,9275.0,8574.0
2026-07-08 13:50:00,9273.0,9275.0,9240.5,9246.0,3702.0
2026-07-08 13:55:00,9244.5,9246.5,9221.0,9223.0,3421.0
2026-07-08 14:00:00,9224.5,9229.0,9211.0,9222.0,3645.0
2026-07-08 14:05:00,9219.5,9230.5,9193.0,9202.5,6743.0
2026-07-08 14:10:00,9201.0,9210.0,9190.0,9201.0,4536.0
2026-07-08 14:15:00,9201.5,9221.5,9192.0,9199.5,4709.0
2026-07-08 14:20:00,9202.5,9230.0,9200.0,9219.0,2498.0
2026-07-08 14:25:00,9221.0,9229.5,9207.0,9209.5,1617.0
2026-07-08 14:30:00,9210.5,9224.0,9200.5,9204.0,2236.0
2026-07-08 14:35:00,9204.0,9216.0,9192.0,9200.0,3239.0
2026-07-08 14:40:00,9200.0,9215.0,9193.5,9204.0,1863.0
2026-07-08 14:45:00,9208.0,9209.0,9193.0,9200.0,2579.0
2026-07-08 14:50:00,9200.5,9209.0,9181.0,9195.0,2553.0
2026-07-08 14:55:00,9195.0,9199.0,9186.5,9189.0,2919.0
2026-07-08 15:00:00,9189.0,9223.0,9189.0,9207.5,9532.0
2026-07-08 15:05:00,9207.5,9233.5,9200.5,9222.5,7335.0
2026-07-08 15:10:00,9223.5,9250.0,9195.0,9243.5,41466.0
2026-07-08 15:15:00,9244.5,9277.5,9241.0,9249.0,15143.0
2026-07-08 15:20:00,9248.5,9272.0,9241.0,9268.5,17433.0
2026-07-08 15:25:00,9268.5,9280.0,9263.0,9280.0,5070.0
2026-07-09 09:15:00,9280.0,9329.0,9240.0,9277.0,8732.0
2026-07-09 09:20:00,9275.0,9280.5,9240.0,9260.0,6707.0
2026-07-09 09:25:00,9255.0,9260.0,9219.0,9222.0,9759.0
2026-07-09 09:30:00,9220.5,9220.5,9134.0,9138.5,19746.0
2026-07-09 09:35:00,9139.5,9150.0,9115.0,9125.0,18399.0
2026-07-09 09:40:00,9120.0,9125.0,9073.0,9097.0,11886.0
2026-07-09 09:45:00,9099.0,9107.0,9046.0,9046.0,10590.0
2026-07-09 09:50:00,9044.5,9056.0,9011.0,9047.5,13591.0
2026-07-09 09:55:00,9049.5,9054.5,9020.0,9020.0,6074.0
2026-07-09 10:00:00,9020.0,9060.5,9018.0,9056.0,4943.0
2026-07-09 10:05:00,9058.0,9096.5,9055.0,9081.5,6410.0
2026-07-09 10:10:00,9083.5,9108.0,9068.5,9068.5,6270.0
2026-07-09 10:15:00,9068.5,9099.0,9068.5,9085.5,3512.0
2026-07-09 10:20:00,9085.5,9090.0,9065.0,9067.5,4470.0
2026-07-09 10:25:00,9067.5,9070.0,9032.0,9045.0,9154.0
2026-07-09 10:30:00,9045.0,9045.0,9022.0,9037.5,3786.0
2026-07-09 10:35:00,9035.5,9046.5,9025.0,9030.5,8291.0
2026-07-09 10:40:00,9033.5,9063.0,9030.0,9047.0,4352.0
2026-07-09 10:45:00,9045.0,9051.5,9032.5,9041.0,2796.0
2026-07-09 10:50:00,9043.0,9064.5,9037.0,9042.0,5970.0
2026-07-09 10:55:00,9042.0,9044.0,9005.5,9013.0,9136.0
2026-07-09 11:00:00,9012.0,9020.0,9001.0,9007.5,7790.0
2026-07-09 11:05:00,9007.5,9014.0,9002.5,9014.0,4255.0
2026-07-09 11:10:00,9011.5,9018.5,9006.0,9012.5,2062.0
2026-07-09 11:15:00,9011.0,9016.5,9006.5,9014.0,1695.0
2026-07-09 11:20:00,9015.0,9036.5,9011.5,9026.0,3305.0
2026-07-09 11:25:00,9024.0,9049.0,9024.0,9044.0,2924.0
2026-07-09 11:30:00,9044.0,9055.0,9026.0,9032.5,6321.0
2026-07-09 11:35:00,9031.5,9050.0,9030.0,9042.0,2972.0
2026-07-09 11:40:00,9044.0,9058.0,9040.0,9055.5,3991.0
2026-07-09 11:45:00,9058.0,9068.0,9053.0,9053.0,3808.0
2026-07-09 11:50:00,9053.0,9053.0,9013.5,9019.0,5091.0
2026-07-09 11:55:00,9016.0,9021.5,9004.5,9005.0,5032.0
2026-07-09 12:00:00,9005.0,9022.5,9005.0,9019.0,3173.0
2026-07-09 12:05:00,9019.0,9025.0,9015.0,9017.0,1548.0
2026-07-09 12:10:00,9017.0,9017.0,9011.5,9011.5,2444.0
2026-07-09 12:15:00,9011.5,9021.0,9007.0,9016.5,2535.0
2026-07-09 12:20:00,9017.0,9024.5,9012.0,9012.5,1713.0
2026-07-09 12:25:00,9013.0,9037.0,9011.5,9036.5,2845.0
2026-07-09 12:30:00,9033.5,9062.0,9032.0,9038.5,6155.0
2026-07-09 12:35:00,9038.5,9050.5,9033.5,9048.5,3252.0
2026-07-09 12:40:00,9046.0,9055.0,9041.0,9046.5,2967.0
2026-07-09 12:45:00,9048.0,9056.5,9047.0,9053.0,2259.0
2026-07-09 12:50:00,9051.0,9072.0,9045.5,9066.0,4688.0
2026-07-09 12:55:00,9071.5,9071.5,9064.0,9065.0,2491.0
2026-07-09 13:00:00,9065.0,9068.0,9050.0,9052.0,1905.0
2026-07-09 13:05:00,9052.0,9089.0,9050.5,9080.0,5713.0
2026-07-09 13:10:00,9079.0,9095.5,9075.5,9095.5,3367.0
2026-07-09 13:15:00,9095.5,9115.5,9093.0,9111.0,6349.0
2026-07-09 13:20:00,9111.0,9118.0,9104.5,9104.5,4268.0
2026-07-09 13:25:00,9104.5,9117.0,9096.5,9113.0,3361.0
2026-07-09 13:30:00,9113.0,9138.0,9101.5,9136.0,8185.0
2026-07-09 13:35:00,9132.0,9149.5,9130.0,9132.0,9513.0
2026-07-09 13:40:00,9133.0,9139.5,9129.0,9132.0,3925.0
2026-07-09 13:45:00,9132.0,9140.0,9117.5,9126.0,6775.0
2026-07-09 13:50:00,9127.5,9140.0,9124.5,9134.0,2742.0
2026-07-09 13:55:00,9134.0,9155.0,9127.5,9128.0,13037.0
2026-07-09 14:00:00,9128.0,9147.5,9126.0,9130.0,7041.0
2026-07-09 14:05:00,9133.5,9150.0,9128.0,9148.5,3185.0
2026-07-09 14:10:00,9146.5,9150.0,9141.5,9144.5,6112.0
2026-07-09 14:15:00,9145.0,9145.0,9134.5,9135.0,3446.0
2026-07-09 14:20:00,9136.0,9150.0,9132.0,9145.0,18569.0
2026-07-09 14:25:00,9143.0,9145.0,9105.0,9122.5,15615.0
2026-07-09 14:30:00,9117.5,9129.0,9113.5,9116.0,2662.0
2026-07-09 14:35:00,9117.0,9124.5,9110.5,9111.5,3869.0
2026-07-09 14:40:00,9111.5,9123.0,9100.0,9103.5,5883.0
2026-07-09 14:45:00,9104.5,9118.0,9101.0,9102.0,5793.0
2026-07-09 14:50:00,9102.0,9105.0,9071.0,9072.5,6027.0
2026-07-09 14:55:00,9072.5,9085.0,9066.5,9076.5,13710.0
2026-07-09 15:00:00,9075.0,9081.5,9052.0,9056.0,10568.0
2026-07-09 15:05:00,9058.0,9067.0,9050.0,9066.5,7163.0
2026-07-09 15:10:00,9068.0,9073.0,9059.0,9062.5,5450.0
2026-07-09 15:15:00,9061.5,9091.0,9057.0,9081.0,16349.0
2026-07-09 15:20:00,9076.0,9085.5,9070.0,9071.0,11116.0
2026-07-09 15:25:00,9073.5,9106.0,9073.5,9085.0,15268.0
2026-07-10 09:15:00,9149.0,9149.0,9085.0,9120.0,11969.0
2026-07-10 09:20:00,9119.5,9135.0,9096.5,9104.0,5312.0
2026-07-10 09:25:00,9103.5,9121.5,9099.0,9114.0,3710.0
2026-07-10 09:30:00,9116.5,9138.0,9114.5,9121.0,2909.0
2026-07-10 09:35:00,9124.5,9126.0,9107.0,9113.0,1697.0
2026-07-10 09:40:00,9114.0,9115.5,9105.0,9111.5,1143.0
2026-07-10 09:45:00,9115.0,9117.0,9107.5,9114.0,3356.0
2026-07-10 09:50:00,9111.0,9117.0,9100.0,9117.0,3818.0
2026-07-10 09:55:00,9118.5,9160.0,9118.5,9141.0,18223.0
2026-07-10 10:00:00,9142.5,9167.5,9137.5,9143.0,7487.0
2026-07-10 10:05:00,9140.5,9146.5,9128.5,9133.5,1835.0
2026-07-10 10:10:00,9133.5,9140.0,9126.0,9127.0,2735.0
2026-07-10 10:15:00,9128.5,9128.5,9115.0,9119.5,1002.0
2026-07-10 10:20:00,9116.0,9119.5,9100.0,9105.0,1666.0
2026-07-10 10:25:00,9107.5,9155.5,9105.0,9130.0,7310.0
2026-07-10 10:30:00,9134.5,9136.0,9105.0,9120.0,2251.0
2026-07-10 10:35:00,9118.5,9120.0,9109.0,9110.5,1458.0
2026-07-10 10:40:00,9110.5,9125.5,9109.5,9124.0,1942.0
2026-07-10 10:45:00,9127.0,9129.0,9112.5,9115.0,5639.0
2026-07-10 10:50:00,9113.0,9116.0,9109.0,9109.5,2309.0
2026-07-10 10:55:00,9109.5,9120.5,9107.0,9108.5,46996.0
2026-07-10 11:00:00,9112.0,9115.0,9108.5,9114.5,3712.0
2026-07-10 11:05:00,9112.5,9117.5,9107.5,9108.0,6480.0
2026-07-10 11:10:00,9112.0,9115.0,9108.0,9115.0,1795.0
2026-07-10 11:15:00,9112.0,9130.5,9109.5,9112.0,14835.0
2026-07-10 11:20:00,9112.0,9117.5,9108.5,9113.0,1437.0
2026-07-10 11:25:00,9110.0,9116.5,9104.5,9106.5,1663.0
2026-07-10 11:30:00,9106.5,9112.0,9105.0,9110.5,1584.0
2026-07-10 11:35:00,9110.5,9111.0,9096.0,9105.0,18415.0
2026-07-10 11:40:00,9105.0,9105.5,9101.5,9105.0,4515.0
2026-07-10 11:45:00,9105.0,9110.0,9100.5,9106.0,1578.0
2026-07-10 11:50:00,9106.0,9110.0,9097.5,9100.0,3901.0
2026-07-10 11:55:00,9100.0,9110.0,9098.0,9107.0,1198.0
2026-07-10 12:00:00,9119.5,9134.5,9119.5,9128.0,5992.0
2026-07-10 12:05:00,9128.0,9135.0,9121.5,9128.0,2866.0
2026-07-10 12:10:00,9130.0,9134.5,9127.0,9127.0,2154.0
2026-07-10 12:15:00,9129.0,9135.0,9125.5,9135.0,2327.0
2026-07-10 12:20:00,9131.5,9147.0,9127.5,9147.0,5552.0
2026-07-10 12:25:00,9142.5,9148.5,9132.0,9140.0,2575.0
2026-07-10 12:30:00,9140.5,9150.0,9139.5,9140.0,5266.0
2026-07-10 12:35:00,9140.0,9140.0,9129.0,9130.5,2135.0
2026-07-10 12:40:00,9130.5,9137.0,9125.0,9130.0,2044.0
2026-07-10 12:45:00,9130.0,9135.5,9128.5,9132.5,1935.0
2026-07-10 12:50:00,9132.5,9135.5,9126.0,9130.5,1629.0
2026-07-10 12:55:00,9128.0,9132.0,9125.0,9130.0,1494.0
2026-07-10 13:00:00,9128.0,9135.0,9126.0,9127.0,2636.0
2026-07-10 13:05:00,9127.0,9131.0,9125.0,9125.0,1141.0
2026-07-10 13:10:00,9126.5,9168.0,9125.0,9168.0,50796.0
2026-07-10 13:15:00,9179.0,9219.0,9171.5,9205.0,11961.0
2026-07-10 13:20:00,9205.0,9205.0,9183.5,9190.0,3378.0
2026-07-10 13:25:00,9186.5,9209.0,9186.5,9202.0,4118.0
2026-07-10 13:30:00,9205.0,9206.0,9180.0,9184.5,2271.0
2026-07-10 13:35:00,9184.5,9196.0,9182.5,9193.5,2925.0
2026-07-10 13:40:00,9193.5,9194.5,9181.5,9181.5,1590.0
2026-07-10 13:45:00,9181.5,9187.0,9181.0,9183.5,1409.0
2026-07-10 13:50:00,9185.0,9205.5,9185.0,9201.0,3153.0
2026-07-10 13:55:00,9201.0,9208.0,9200.5,9201.0,1843.0
2026-07-10 14:00:00,9203.5,9221.0,9201.5,9211.0,5151.0
2026-07-10 14:05:00,9211.0,9213.0,9193.5,9196.5,2829.0
2026-07-10 14:10:00,9196.0,9199.0,9190.0,9193.5,1114.0
2026-07-10 14:15:00,9195.0,9200.0,9193.0,9195.0,1596.0
2026-07-10 14:20:00,9195.0,9204.5,9194.5,9195.5,1871.0
2026-07-10 14:25:00,9198.5,9205.5,9195.0,9202.0,1820.0
2026-07-10 14:30:00,9208.0,9209.0,9191.0,9191.5,3717.0
2026-07-10 14:35:00,9195.0,9198.5,9189.0,9195.0,1643.0
2026-07-10 14:40:00,9198.0,9208.0,9192.0,9201.5,2694.0
2026-07-10 14:45:00,9201.5,9205.0,9195.0,9195.5,2379.0
2026-07-10 14:50:00,9195.5,9200.0,9190.0,9197.0,1767.0
2026-07-10 14:55:00,9197.0,9199.0,9182.0,9189.5,3098.0
2026-07-10 15:00:00,9191.0,9232.0,9183.5,9223.0,13234.0
2026-07-10 15:05:00,9223.0,9230.0,9216.0,9223.5,5523.0
2026-07-10 15:10:00,9224.0,9226.0,9199.5,9200.0,6028.0
2026-07-10 15:15:00,9199.5,9207.5,9189.5,9193.0,6804.0
2026-07-10 15:20:00,9194.0,9204.0,9182.0,9204.0,7416.0
2026-07-10 15:25:00,9202.5,9230.0,9198.0,9229.5,8434.0
