timestamp,open,high,low,close,volume
2026-06-01 09:15:00,345.0,347.3,343.95,344.05,139920.0
2026-06-01 09:20:00,344.1,344.4,342.25,342.6,107776.0
2026-06-01 09:25:00,342.65,343.9,342.35,342.5,45232.0
2026-06-01 09:30:00,342.6,344.0,342.5,342.7,47014.0
2026-06-01 09:35:00,342.7,342.7,341.05,342.3,71783.0
2026-06-01 09:40:00,342.3,343.05,341.35,341.45,23719.0
2026-06-01 09:45:00,341.45,343.65,341.45,343.55,76983.0
2026-06-01 09:50:00,343.35,343.9,342.05,342.45,32732.0
2026-06-01 09:55:00,342.35,342.65,341.75,342.05,16892.0
2026-06-01 10:00:00,342.05,342.45,341.0,341.6,43124.0
2026-06-01 10:05:00,341.7,341.85,341.25,341.65,37496.0
2026-06-01 10:10:00,341.8,341.95,341.35,341.5,27494.0
2026-06-01 10:15:00,341.55,341.55,340.5,341.0,50092.0
2026-06-01 10:20:00,340.9,341.05,340.05,340.15,63164.0
2026-06-01 10:25:00,340.15,340.75,340.0,340.05,56144.0
2026-06-01 10:30:00,339.8,340.2,339.4,339.8,35687.0
2026-06-01 10:35:00,339.95,341.65,339.7,341.45,37000.0
2026-06-01 10:40:00,341.45,342.4,341.25,341.9,76098.0
2026-06-01 10:45:00,341.8,342.6,341.7,342.0,28095.0
2026-06-01 10:50:00,342.0,342.8,341.9,342.8,56435.0
2026-06-01 10:55:00,342.8,342.9,342.1,342.1,16730.0
2026-06-01 11:00:00,342.25,342.9,342.25,342.6,17107.0
2026-06-01 11:05:00,342.65,343.75,342.3,343.55,43089.0
2026-06-01 11:10:00,343.55,343.95,343.25,343.6,36457.0
2026-06-01 11:15:00,343.6,343.9,343.35,343.6,8823.0
2026-06-01 11:20:00,343.75,343.75,342.9,342.9,14993.0
2026-06-01 11:25:00,342.95,343.05,342.0,342.0,15646.0
2026-06-01 11:30:00,342.2,342.3,341.55,342.05,15176.0
2026-06-01 11:35:00,342.1,342.5,341.8,342.25,9859.0
2026-06-01 11:40:00,342.25,342.7,341.85,341.85,29545.0
2026-06-01 11:45:00,341.9,342.2,341.5,342.0,14104.0
2026-06-01 11:50:00,342.0,342.45,342.0,342.3,9680.0
2026-06-01 11:55:00,342.3,342.35,340.9,340.95,12779.0
2026-06-01 12:00:00,341.05,341.6,340.75,341.4,34488.0
2026-06-01 12:05:00,341.4,342.0,341.25,341.7,30062.0
2026-06-01 12:10:00,341.7,342.0,341.35,341.75,15812.0
2026-06-01 12:15:00,341.45,342.0,341.35,341.5,10206.0
2026-06-01 12:20:00,341.5,341.75,341.0,341.0,13567.0
2026-06-01 12:25:00,341.2,341.55,340.8,340.9,12435.0
2026-06-01 12:30:00,341.05,341.6,340.8,341.15,22518.0
2026-06-01 12:35:00,341.15,341.95,341.1,341.45,7571.0
2026-06-01 12:40:00,341.45,341.8,341.15,341.7,6561.0
2026-06-01 12:45:00,341.7,342.15,341.5,341.95,9338.0
2026-06-01 12:50:00,341.95,342.15,341.6,341.85,7477.0
2026-06-01 12:55:00,341.85,342.0,341.15,341.5,9593.0
2026-06-01 13:00:00,341.5,341.85,341.15,341.35,9362.0
2026-06-01 13:05:00,341.15,341.45,340.45,340.45,16877.0
2026-06-01 13:10:00,340.55,340.75,339.8,339.9,73367.0
2026-06-01 13:15:00,339.9,340.7,339.7,340.55,16341.0
2026-06-01 13:20:00,340.6,341.0,339.8,339.8,35721.0
2026-06-01 13:25:00,339.8,340.15,339.65,340.15,69163.0
2026-06-01 13:30:00,340.15,340.5,339.8,339.9,58179.0
2026-06-01 13:35:00,339.9,340.1,339.5,339.55,12985.0
2026-06-01 13:40:00,339.55,339.8,339.5,339.5,15445.0
2026-06-01 13:45:00,339.5,339.75,339.25,339.3,26951.0
2026-06-01 13:50:00,339.3,339.6,338.8,339.1,47285.0
2026-06-01 13:55:00,339.1,339.75,339.1,339.3,13349.0
2026-06-01 14:00:00,339.3,339.5,338.4,338.65,28569.0
2026-06-01 14:05:00,338.7,338.95,338.15,338.35,48869.0
2026-06-01 14:10:00,338.5,339.1,338.3,338.75,30416.0
2026-06-01 14:15:00,338.75,339.4,338.55,339.0,13271.0
2026-06-01 14:20:00,338.9,338.9,337.8,338.1,46121.0
2026-06-01 14:25:00,338.1,338.45,337.8,338.15,35277.0
2026-06-01 14:30:00,338.15,338.75,338.0,338.0,13226.0
2026-06-01 14:35:00,338.2,339.1,338.05,339.0,27407.0
2026-06-01 14:40:00,339.1,339.25,338.5,339.0,34567.0
2026-06-01 14:45:00,339.15,339.7,338.55,339.0,25300.0
2026-06-01 14:50:00,339.05,339.05,337.65,338.55,69599.0
2026-06-01 14:55:00,338.55,338.9,338.1,338.25,75981.0
2026-06-01 15:00:00,338.35,339.1,338.15,338.85,147477.0
2026-06-01 15:05:00,338.9,339.5,338.4,339.1,44325.0
2026-06-01 15:10:00,339.15,339.6,338.95,339.25,27770.0
2026-06-01 15:15:00,339.25,339.45,338.8,338.8,50994.0
2026-06-01 15:20:00,338.95,339.35,338.2,338.45,63184.0
2026-06-01 15:25:00,338.4,339.85,338.1,338.35,76682.0
2026-06-02 09:15:00,337.2,338.0,334.4,336.95,189690.0
2026-06-02 09:20:00,336.9,337.75,336.6,337.05,43206.0
2026-06-02 09:25:00,337.3,337.4,336.6,336.6,17616.0
2026-06-02 09:30:00,336.65,337.0,335.35,336.65,35684.0
2026-06-02 09:35:00,336.9,339.15,335.5,338.55,113031.0
2026-06-02 09:40:00,338.55,339.75,337.2,337.55,47250.0
2026-06-02 09:45:00,337.5,338.0,337.0,337.7,34679.0
2026-06-02 09:50:00,337.75,338.55,337.2,338.4,17444.0
2026-06-02 09:55:00,338.2,338.45,337.5,338.2,18766.0
2026-06-02 10:00:00,338.2,339.4,338.1,338.5,37461.0
2026-06-02 10:05:00,338.3,340.2,338.0,338.25,45439.0
2026-06-02 10:10:00,338.2,338.3,337.1,337.15,16756.0
2026-06-02 10:15:00,337.15,337.8,336.75,337.45,25238.0
2026-06-02 10:20:00,337.3,338.2,337.1,338.1,18265.0
2026-06-02 10:25:00,337.95,338.75,337.8,338.25,12148.0
2026-06-02 10:30:00,338.3,338.45,336.8,336.9,24111.0
2026-06-02 10:35:00,336.9,337.35,336.8,336.85,15837.0
2026-06-02 10:40:00,336.85,337.4,336.85,337.0,10690.0
2026-06-02 10:45:00,336.95,337.05,336.75,336.75,9759.0
2026-06-02 10:50:00,336.75,336.9,335.3,335.5,51059.0
2026-06-02 10:55:00,335.5,335.9,335.2,335.35,32414.0
2026-06-02 11:00:00,335.4,335.4,335.0,335.2,30363.0
2026-06-02 11:05:00,335.15,335.5,335.05,335.35,13463.0
2026-06-02 11:10:00,335.35,335.95,335.25,335.45,33343.0
2026-06-02 11:15:00,335.5,335.5,334.65,335.3,98655.0
2026-06-02 11:20:00,335.35,336.55,335.25,336.25,43634.0
2026-06-02 11:25:00,336.25,336.25,334.95,335.5,28600.0
2026-06-02 11:30:00,335.5,335.5,334.85,335.1,16622.0
2026-06-02 11:35:00,335.1,335.3,334.75,334.8,19131.0
2026-06-02 11:40:00,334.7,335.3,334.7,334.9,6717.0
2026-06-02 11:45:00,334.85,335.3,334.35,335.1,71139.0
2026-06-02 11:50:00,335.05,335.7,334.5,335.55,75577.0
2026-06-02 11:55:00,335.55,335.8,334.75,334.8,13571.0
2026-06-02 12:00:00,334.9,335.3,334.65,334.65,10335.0
2026-06-02 12:05:00,334.4,334.8,334.35,334.75,32034.0
2026-06-02 12:10:00,334.75,334.85,334.3,334.35,16612.0
2026-06-02 12:15:00,334.2,334.3,333.4,333.5,45806.0
2026-06-02 12:20:00,333.5,333.85,333.25,333.6,28727.0
2026-06-02 12:25:00,333.6,333.75,333.0,333.15,12984.0
2026-06-02 12:30:00,333.25,333.85,333.15,333.3,60869.0
2026-06-02 12:35:00,333.4,333.85,333.2,333.2,10971.0
2026-06-02 12:40:00,333.2,334.55,333.2,334.55,34044.0
2026-06-02 12:45:00,334.4,336.0,334.4,335.85,82574.0
2026-06-02 12:50:00,335.85,337.35,335.7,336.05,180298.0
2026-06-02 12:55:00,336.0,337.05,335.75,336.85,66878.0
2026-06-02 13:00:00,337.0,337.0,336.2,336.2,21754.0
2026-06-02 13:05:00,336.2,337.05,336.2,336.55,67043.0
2026-06-02 13:10:00,336.6,338.15,336.3,338.0,72751.0
2026-06-02 13:15:00,338.0,338.5,337.95,338.0,52606.0
2026-06-02 13:20:00,338.0,338.55,337.8,338.55,42781.0
2026-06-02 13:25:00,338.55,338.7,338.25,338.55,33965.0
2026-06-02 13:30:00,338.7,340.15,338.7,339.85,160046.0
2026-06-02 13:35:00,339.85,340.4,339.55,339.7,39338.0
2026-06-02 13:40:00,339.55,341.65,339.5,340.4,97832.0
2026-06-02 13:45:00,340.3,340.6,340.25,340.5,11253.0
2026-06-02 13:50:00,340.5,340.55,340.0,340.2,18676.0
2026-06-02 13:55:00,340.2,340.25,340.0,340.05,14101.0
2026-06-02 14:00:00,340.05,340.1,339.75,340.05,21794.0
2026-06-02 14:05:00,340.2,340.35,340.05,340.2,9355.0
2026-06-02 14:10:00,340.2,341.95,340.05,341.65,135160.0
2026-06-02 14:15:00,341.8,342.5,341.25,341.85,80835.0
2026-06-02 14:20:00,341.85,342.3,341.7,341.7,27448.0
2026-06-02 14:25:00,341.75,342.15,341.35,341.35,40001.0
2026-06-02 14:30:00,341.65,342.25,341.3,341.9,39334.0
2026-06-02 14:35:00,341.9,342.2,341.0,341.0,29325.0
2026-06-02 14:40:00,340.9,341.25,340.1,340.25,42029.0
2026-06-02 14:45:00,340.25,341.15,339.7,341.1,39902.0
2026-06-02 14:50:00,341.1,342.05,340.9,342.05,315843.0
2026-06-02 14:55:00,342.0,342.2,342.0,342.0,64985.0
2026-06-02 15:00:00,342.1,342.1,341.15,342.0,94012.0
2026-06-02 15:05:00,342.0,343.35,341.9,343.15,88597.0
2026-06-02 15:10:00,343.15,343.3,342.9,343.0,32905.0
2026-06-02 15:15:00,343.15,345.75,343.1,345.0,350893.0
2026-06-02 15:20:00,345.15,346.0,344.75,345.0,150361.0
2026-06-02 15:25:00,344.85,345.0,344.1,344.15,64325.0
2026-06-03 09:15:00,344.15,344.85,341.0,341.1,93083.0
2026-06-03 09:20:00,341.25,341.4,339.75,340.3,85221.0
2026-06-03 09:25:00,340.6,340.8,339.05,340.0,54712.0
2026-06-03 09:30:00,339.95,340.6,339.4,339.5,23160.0
2026-06-03 09:35:00,339.65,339.7,337.9,339.45,153886.0
2026-06-03 09:40:00,339.35,339.35,338.55,339.0,56629.0
2026-06-03 09:45:00,339.0,340.4,338.5,340.2,43593.0
2026-06-03 09:50:00,340.15,341.4,340.0,340.2,62341.0
2026-06-03 09:55:00,340.5,341.05,340.0,340.2,95974.0
2026-06-03 10:00:00,340.0,341.0,339.85,341.0,32328.0
2026-06-03 10:05:00,341.0,341.0,340.25,340.35,23104.0
2026-06-03 10:10:00,340.3,340.3,339.0,339.35,40257.0
2026-06-03 10:15:00,339.4,340.4,339.25,339.7,26153.0
2026-06-03 10:20:00,340.0,340.75,339.7,339.9,30224.0
2026-06-03 10:25:00,339.9,340.35,339.5,339.85,40253.0
2026-06-03 10:30:00,339.55,339.6,338.25,338.5,69591.0
2026-06-03 10:35:00,338.5,339.4,338.45,338.75,44252.0
2026-06-03 10:40:00,338.7,339.0,338.25,338.45,26444.0
2026-06-03 10:45:00,338.45,338.7,337.4,338.05,57321.0
2026-06-03 10:50:00,338.05,338.3,337.55,337.95,47272.0
2026-06-03 10:55:00,337.95,338.2,337.05,337.55,54987.0
2026-06-03 11:00:00,337.4,338.4,337.3,337.85,30620.0
2026-06-03 11:05:00,337.8,337.8,337.3,337.65,38694.0
2026-06-03 11:10:00,337.4,337.95,337.35,337.85,24039.0
2026-06-03 11:15:00,337.85,339.2,337.7,338.9,41033.0
2026-06-03 11:20:00,338.9,339.8,338.7,339.5,30795.0
2026-06-03 11:25:00,339.5,340.0,339.25,339.6,25266.0
2026-06-03 11:30:00,339.6,339.6,338.8,339.55,37647.0
2026-06-03 11:35:00,339.55,339.7,338.8,339.05,22660.0
2026-06-03 11:40:00,338.95,339.4,338.75,338.9,23127.0
2026-06-03 11:45:00,339.0,339.4,338.95,339.25,26394.0
2026-06-03 11:50:00,339.25,339.35,339.05,339.05,15931.0
2026-06-03 11:55:00,339.45,339.9,339.35,339.6,42423.0
2026-06-03 12:00:00,339.6,339.7,338.3,339.1,81200.0
2026-06-03 12:05:00,338.7,339.7,338.7,339.2,34684.0
2026-06-03 12:10:00,339.2,339.5,339.0,339.4,14225.0
2026-06-03 12:15:00,339.4,339.75,338.75,339.25,26957.0
2026-06-03 12:20:00,339.25,339.75,339.1,339.4,22425.0
2026-06-03 12:25:00,339.35,340.5,339.25,340.5,27130.0
2026-06-03 12:30:00,340.45,341.5,340.25,341.15,62379.0
2026-06-03 12:35:00,341.2,343.2,341.2,342.65,104038.0
2026-06-03 12:40:00,342.9,343.2,342.4,342.5,37345.0
2026-06-03 12:45:00,342.9,344.1,342.9,343.5,109001.0
2026-06-03 12:50:00,343.5,343.9,343.2,343.5,21120.0
2026-06-03 12:55:00,343.5,343.8,343.5,343.6,49944.0
2026-06-03 13:00:00,343.5,343.85,342.35,343.15,151051.0
2026-06-03 13:05:00,343.0,343.5,343.0,343.35,34278.0
2026-06-03 13:10:00,343.05,343.45,343.0,343.35,19407.0
2026-06-03 13:15:00,343.45,343.95,343.35,343.4,26948.0
2026-06-03 13:20:00,343.5,344.6,343.5,344.15,29167.0
2026-06-03 13:25:00,344.25,344.75,344.0,344.65,41748.0
2026-06-03 13:30:00,344.7,345.0,343.6,344.25,59725.0
2026-06-03 13:35:00,344.35,344.35,343.7,344.0,30933.0
2026-06-03 13:40:00,344.0,344.6,343.85,344.05,33184.0
2026-06-03 13:45:00,344.05,345.5,343.85,345.25,45772.0
2026-06-03 13:50:00,345.25,345.55,344.5,344.85,33957.0
2026-06-03 13:55:00,344.85,346.35,344.8,346.3,68863.0
2026-06-03 14:00:00,346.15,347.05,346.0,346.8,51453.0
2026-06-03 14:05:00,346.75,347.15,346.5,346.75,49565.0
2026-06-03 14:10:00,346.65,347.0,345.1,345.9,90495.0
2026-06-03 14:15:00,345.9,346.3,345.65,345.95,23481.0
2026-06-03 14:20:00,346.1,346.3,345.6,346.3,24280.0
2026-06-03 14:25:00,346.3,347.5,345.65,347.25,73629.0
2026-06-03 14:30:00,347.3,348.8,347.1,348.65,92416.0
2026-06-03 14:35:00,348.45,350.3,347.35,350.15,140747.0
2026-06-03 14:40:00,350.25,351.5,350.2,351.4,116595.0
2026-06-03 14:45:00,351.4,351.7,350.15,351.0,272290.0
2026-06-03 14:50:00,351.0,351.45,350.5,350.5,150576.0
2026-06-03 14:55:00,350.5,350.7,349.4,349.65,152788.0
2026-06-03 15:00:00,349.9,350.35,348.5,349.6,172430.0
2026-06-03 15:05:00,349.6,350.05,346.85,347.3,133971.0
2026-06-03 15:10:00,347.3,348.6,346.7,348.15,227492.0
2026-06-03 15:15:00,348.4,348.7,347.7,347.85,146461.0
2026-06-03 15:20:00,348.2,348.45,347.65,347.8,120863.0
2026-06-03 15:25:00,347.9,348.8,347.05,348.3,125667.0
2026-06-04 09:15:00,348.0,349.0,346.2,348.45,293400.0
2026-06-04 09:20:00,348.4,348.75,346.5,346.7,186090.0
2026-06-04 09:25:00,346.7,346.85,345.35,346.55,73463.0
2026-06-04 09:30:00,346.5,347.85,346.05,347.85,77096.0
2026-06-04 09:35:00,347.8,348.5,347.1,347.45,60950.0
2026-06-04 09:40:00,347.55,347.85,347.2,347.35,29023.0
2026-06-04 09:45:00,347.4,348.6,347.3,348.0,106116.0
2026-06-04 09:50:00,348.0,349.35,347.5,349.15,39363.0
2026-06-04 09:55:00,349.2,349.2,348.3,349.0,69717.0
2026-06-04 10:00:00,349.0,349.1,347.55,348.25,75003.0
2026-06-04 10:05:00,348.3,348.5,347.5,348.0,29108.0
2026-06-04 10:10:00,347.85,348.65,347.85,348.25,41271.0
2026-06-04 10:15:00,348.25,349.3,347.55,349.25,56519.0
2026-06-04 10:20:00,349.1,350.3,349.1,349.85,121892.0
2026-06-04 10:25:00,349.75,349.85,348.2,348.55,34721.0
2026-06-04 10:30:00,348.45,348.8,347.0,347.35,87204.0
2026-06-04 10:35:00,347.15,348.0,346.8,347.35,54236.0
2026-06-04 10:40:00,347.15,348.4,347.1,347.65,42397.0
2026-06-04 10:45:00,347.45,349.0,347.45,348.65,28026.0
2026-06-04 10:50:00,348.7,348.95,348.15,348.95,26313.0
2026-06-04 10:55:00,348.9,349.45,348.85,349.15,23738.0
2026-06-04 11:00:00,349.15,349.45,347.9,348.2,54892.0
2026-06-04 11:05:00,348.05,348.6,347.85,348.4,20428.0
2026-06-04 11:10:00,348.4,348.8,348.0,348.75,23800.0
2026-06-04 11:15:00,348.75,348.85,348.1,348.25,19988.0
2026-06-04 11:20:00,348.25,348.75,348.1,348.7,14407.0
2026-06-04 11:25:00,348.7,348.7,348.05,348.1,20828.0
2026-06-04 11:30:00,348.15,348.85,348.0,348.7,40305.0
2026-06-04 11:35:00,348.7,348.95,347.8,348.3,64971.0
2026-06-04 11:40:00,348.3,348.9,348.15,348.55,50189.0
2026-06-04 11:45:00,348.55,348.65,348.0,348.35,31061.0
2026-06-04 11:50:00,348.35,348.9,348.15,348.75,27160.0
2026-06-04 11:55:00,348.6,349.8,348.55,349.8,51665.0
2026-06-04 12:00:00,349.65,349.95,349.5,349.8,31784.0
2026-06-04 12:05:00,349.8,350.2,349.55,350.15,41322.0
2026-06-04 12:10:00,350.2,350.2,349.25,349.65,30808.0
2026-06-04 12:15:00,349.4,349.65,348.75,348.75,52046.0
2026-06-04 12:20:00,349.0,349.2,348.75,349.05,15992.0
2026-06-04 12:25:00,348.8,349.5,348.8,349.3,12628.0
2026-06-04 12:30:00,349.4,349.6,348.8,348.8,24022.0
2026-06-04 12:35:00,348.8,349.25,348.5,349.25,35086.0
2026-06-04 12:40:00,349.3,350.8,348.95,350.3,98161.0
2026-06-04 12:45:00,350.3,350.6,350.0,350.1,25542.0
2026-06-04 12:50:00,350.1,350.3,349.85,350.0,18397.0
2026-06-04 12:55:00,350.0,350.45,350.0,350.4,16503.0
2026-06-04 13:00:00,350.35,350.4,349.55,349.9,68980.0
2026-06-04 13:05:00,349.8,350.3,349.45,350.2,63185.0
2026-06-04 13:10:00,350.2,350.25,348.45,349.0,112525.0
2026-06-04 13:15:00,349.0,349.75,348.5,349.75,30967.0
2026-06-04 13:20:00,349.75,349.8,349.35,349.5,26753.0
2026-06-04 13:25:00,349.5,349.65,348.9,349.5,34015.0
2026-06-04 13:30:00,349.55,349.55,348.85,349.25,35513.0
2026-06-04 13:35:00,349.25,349.75,348.95,349.75,38971.0
2026-06-04 13:40:00,349.75,350.05,349.3,350.0,31462.0
2026-06-04 13:45:00,350.0,350.25,349.8,350.2,23227.0
2026-06-04 13:50:00,350.2,350.5,349.65,350.4,18978.0
2026-06-04 13:55:00,350.45,350.6,350.0,350.5,35455.0
2026-06-04 14:00:00,350.5,351.2,350.0,350.25,85970.0
2026-06-04 14:05:00,350.05,350.5,349.95,350.2,26095.0
2026-06-04 14:10:00,350.25,353.75,350.0,353.75,311720.0
2026-06-04 14:15:00,353.7,355.0,353.3,354.3,318550.0
2026-06-04 14:20:00,354.3,354.4,353.05,353.35,66669.0
2026-06-04 14:25:00,353.4,353.8,353.15,353.65,57095.0
2026-06-04 14:30:00,353.7,354.4,353.35,354.1,66390.0
2026-06-04 14:35:00,354.2,354.45,353.65,354.0,113670.0
2026-06-04 14:40:00,353.9,355.55,353.85,355.4,255223.0
2026-06-04 14:45:00,355.55,356.0,354.5,354.8,155503.0
2026-06-04 14:50:00,354.95,355.55,354.15,354.2,111349.0
2026-06-04 14:55:00,354.2,354.65,353.8,354.05,91470.0
2026-06-04 15:00:00,354.25,354.25,353.0,353.35,101674.0
2026-06-04 15:05:00,353.35,353.55,353.0,353.3,76858.0
2026-06-04 15:10:00,353.45,353.95,353.25,353.65,62399.0
2026-06-04 15:15:00,353.6,354.3,353.35,353.8,160793.0
2026-06-04 15:20:00,353.8,354.35,353.2,354.0,151005.0
2026-06-04 15:25:00,354.1,354.7,353.35,354.0,127420.0
2026-06-05 09:15:00,355.8,356.1,353.0,353.95,216110.0
2026-06-05 09:20:00,353.9,354.05,352.8,353.25,139334.0
2026-06-05 09:25:00,353.35,353.8,351.7,352.95,152765.0
2026-06-05 09:30:00,353.05,353.45,352.2,352.8,46679.0
2026-06-05 09:35:00,353.0,353.2,352.3,353.2,25580.0
2026-06-05 09:40:00,353.0,353.4,352.4,352.5,30267.0
2026-06-05 09:45:00,352.5,352.8,352.25,352.6,23340.0
2026-06-05 09:50:00,352.55,353.0,352.1,352.75,15618.0
2026-06-05 09:55:00,352.8,353.25,351.65,352.35,145535.0
2026-06-05 10:00:00,352.35,353.7,351.3,353.5,76437.0
2026-06-05 10:05:00,353.3,354.5,352.0,354.0,69590.0
2026-06-05 10:10:00,353.9,354.0,352.0,353.45,145919.0
2026-06-05 10:15:00,353.1,353.25,351.8,352.7,186990.0
2026-06-05 10:20:00,352.8,353.1,352.2,353.05,24975.0
2026-06-05 10:25:00,353.05,353.95,352.55,353.65,41526.0
2026-06-05 10:30:00,353.5,353.65,352.4,352.45,25296.0
2026-06-05 10:35:00,352.3,352.65,351.65,351.65,64922.0
2026-06-05 10:40:00,351.65,351.9,350.5,351.6,91951.0
2026-06-05 10:45:00,351.6,352.05,351.0,351.9,31815.0
2026-06-05 10:50:00,351.95,353.75,351.9,353.4,42411.0
2026-06-05 10:55:00,353.4,355.9,353.4,355.45,146289.0
2026-06-05 11:00:00,355.45,356.25,355.05,356.15,79088.0
2026-06-05 11:05:00,356.4,356.8,355.7,356.05,81324.0
2026-06-05 11:10:00,356.0,356.2,355.0,355.5,38107.0
2026-06-05 11:15:00,355.25,355.8,355.25,355.35,18675.0
2026-06-05 11:20:00,355.25,355.45,353.85,354.35,47338.0
2026-06-05 11:25:00,354.35,354.55,354.0,354.3,21714.0
2026-06-05 11:30:00,354.45,355.0,354.35,354.6,15693.0
2026-06-05 11:35:00,354.45,354.5,353.75,354.15,47319.0
2026-06-05 11:40:00,354.0,354.4,353.65,353.7,7012.0
2026-06-05 11:45:00,353.7,354.3,353.65,353.75,15237.0
2026-06-05 11:50:00,353.75,353.85,352.85,353.45,28470.0
2026-06-05 11:55:00,353.45,353.7,353.05,353.5,19391.0
2026-06-05 12:00:00,353.35,354.5,353.3,353.95,12941.0
2026-06-05 12:05:00,353.75,354.0,353.65,353.85,4242.0
2026-06-05 12:10:00,353.65,354.25,353.3,354.15,6976.0
2026-06-05 12:15:00,354.1,354.3,353.7,354.05,24607.0
2026-06-05 12:20:00,354.05,354.3,353.7,354.2,13052.0
2026-06-05 12:25:00,354.1,354.3,353.75,353.8,10915.0
2026-06-05 12:30:00,353.8,354.0,353.1,353.85,15059.0
2026-06-05 12:35:00,353.65,354.0,353.2,353.75,8834.0
2026-06-05 12:40:00,353.55,353.75,353.2,353.45,8033.0
2026-06-05 12:45:00,353.4,353.8,353.05,353.05,14198.0
2026-06-05 12:50:00,353.05,353.05,352.35,352.75,39295.0
2026-06-05 12:55:00,352.65,352.8,351.85,351.95,38758.0
2026-06-05 13:00:00,352.0,352.25,351.55,352.25,20533.0
2026-06-05 13:05:00,352.15,352.3,351.05,351.55,28785.0
2026-06-05 13:10:00,351.35,351.75,349.95,350.25,83649.0
2026-06-05 13:15:00,350.05,352.45,350.05,350.45,149796.0
2026-06-05 13:20:00,350.5,350.7,349.6,350.05,32585.0
2026-06-05 13:25:00,350.1,350.25,349.6,349.75,23246.0
2026-06-05 13:30:00,349.75,350.2,349.5,349.6,15848.0
2026-06-05 13:35:00,349.75,349.8,348.75,349.25,69983.0
2026-06-05 13:40:00,349.45,349.45,348.35,348.9,27234.0
2026-06-05 13:45:00,348.6,349.35,348.35,348.7,36157.0
2026-06-05 13:50:00,348.7,349.15,348.5,349.0,16854.0
2026-06-05 13:55:00,348.75,349.65,348.65,349.65,13824.0
2026-06-05 14:00:00,349.75,350.1,349.2,349.25,36899.0
2026-06-05 14:05:00,349.35,349.6,348.05,348.5,114774.0
2026-06-05 14:10:00,348.55,348.6,347.65,348.0,24274.0
2026-06-05 14:15:00,347.9,348.0,347.5,348.0,23869.0
2026-06-05 14:20:00,347.85,348.65,347.55,348.6,32286.0
2026-06-05 14:25:00,348.65,349.85,348.6,349.6,28326.0
2026-06-05 14:30:00,349.75,349.95,348.75,348.9,31479.0
2026-06-05 14:35:00,349.0,349.25,348.1,348.7,35960.0
2026-06-05 14:40:00,348.6,351.0,348.6,351.0,40097.0
2026-06-05 14:45:00,350.8,351.55,349.75,350.25,63578.0
2026-06-05 14:50:00,350.15,351.0,350.0,350.7,81478.0
2026-06-05 14:55:00,350.45,351.05,350.0,350.3,42422.0
2026-06-05 15:00:00,350.45,351.6,349.7,351.35,81643.0
2026-06-05 15:05:00,351.4,352.0,351.25,351.6,75249.0
2026-06-05 15:10:00,351.7,351.9,351.2,351.9,67902.0
2026-06-05 15:15:00,351.8,351.9,351.25,351.75,94533.0
2026-06-05 15:20:00,351.75,351.85,350.8,351.2,113673.0
2026-06-05 15:25:00,351.15,351.6,350.7,351.45,110574.0
2026-06-08 09:15:00,348.45,350.65,346.05,350.5,149664.0
2026-06-08 09:20:00,350.7,350.85,349.7,350.25,42477.0
2026-06-08 09:25:00,350.2,352.7,349.8,351.75,75505.0
2026-06-08 09:30:00,352.1,352.1,350.85,351.05,38793.0
2026-06-08 09:35:00,350.85,350.85,347.55,348.0,196547.0
2026-06-08 09:40:00,348.0,348.6,345.75,346.5,168339.0
2026-06-08 09:45:00,346.5,348.2,346.45,346.8,125998.0
2026-06-08 09:50:00,347.05,347.25,346.65,347.15,18596.0
2026-06-08 09:55:00,347.25,347.9,347.0,347.9,17341.0
2026-06-08 10:00:00,347.7,347.95,347.0,347.3,28408.0
2026-06-08 10:05:00,347.25,347.35,346.1,346.95,42475.0
2026-06-08 10:10:00,347.1,348.3,346.8,347.2,117872.0
2026-06-08 10:15:00,347.2,347.75,347.05,347.75,25084.0
2026-06-08 10:20:00,347.55,348.05,347.25,347.8,19659.0
2026-06-08 10:25:00,347.7,347.8,346.65,347.0,39890.0
2026-06-08 10:30:00,346.85,347.75,346.8,347.55,16064.0
2026-06-08 10:35:00,347.6,348.5,347.6,348.45,23932.0
2026-06-08 10:40:00,348.35,348.8,347.65,347.65,25462.0
2026-06-08 10:45:00,347.85,348.1,347.3,347.85,22914.0
2026-06-08 10:50:00,347.85,348.1,347.4,347.55,9124.0
2026-06-08 10:55:00,347.55,348.65,347.1,348.65,34126.0
2026-06-08 11:00:00,348.6,348.7,348.1,348.5,14063.0
2026-06-08 11:05:00,348.3,348.65,347.9,348.4,17708.0
2026-06-08 11:10:00,348.25,348.5,347.6,347.6,11412.0
2026-06-08 11:15:00,347.85,348.1,347.3,347.3,28533.0
2026-06-08 11:20:00,347.1,347.65,346.75,346.8,36453.0
2026-06-08 11:25:00,346.85,347.45,346.8,347.0,10708.0
2026-06-08 11:30:00,346.95,347.5,346.8,347.45,7732.0
2026-06-08 11:35:00,347.35,347.85,347.15,347.8,12069.0
2026-06-08 11:40:00,347.75,348.2,347.65,348.2,9310.0
2026-06-08 11:45:00,348.1,348.4,348.0,348.3,11974.0
2026-06-08 11:50:00,348.15,348.35,347.95,348.25,11825.0
2026-06-08 11:55:00,348.15,348.3,347.85,348.3,16487.0
2026-06-08 12:00:00,348.25,348.5,347.95,348.5,10258.0
2026-06-08 12:05:00,348.5,349.1,348.4,348.9,57745.0
2026-06-08 12:10:00,348.85,349.4,348.8,349.2,18610.0
2026-06-08 12:15:00,349.15,350.55,349.1,350.2,62462.0
2026-06-08 12:20:00,350.4,350.5,348.35,348.6,213140.0
2026-06-08 12:25:00,348.55,348.7,348.2,348.5,25715.0
2026-06-08 12:30:00,348.35,348.75,348.2,348.5,14240.0
2026-06-08 12:35:00,348.7,348.95,348.55,348.6,6304.0
2026-06-08 12:40:00,348.55,349.4,348.5,349.4,19376.0
2026-06-08 12:45:00,349.2,349.45,348.85,349.0,11916.0
2026-06-08 12:50:00,349.0,349.9,349.0,349.8,14342.0
2026-06-08 12:55:00,349.8,349.9,349.05,349.15,8287.0
2026-06-08 13:00:00,349.25,349.6,349.0,349.2,8246.0
2026-06-08 13:05:00,349.0,349.2,348.7,348.8,11606.0
2026-06-08 13:10:00,349.0,349.4,348.7,349.4,31012.0
2026-06-08 13:15:00,349.4,349.5,348.7,349.0,7798.0
2026-06-08 13:20:00,349.0,349.15,348.65,348.85,7293.0
2026-06-08 13:25:00,348.85,349.0,348.3,349.0,13197.0
2026-06-08 13:30:00,348.95,349.65,348.6,349.45,22864.0
2026-06-08 13:35:00,349.35,349.4,349.05,349.35,7789.0
2026-06-08 13:40:00,349.25,349.35,348.7,348.7,8719.0
2026-06-08 13:45:00,348.7,349.15,348.3,348.95,22990.0
2026-06-08 13:50:00,348.8,349.2,347.15,347.15,63844.0
2026-06-08 13:55:00,347.3,347.65,346.85,347.5,39783.0
2026-06-08 14:00:00,347.7,348.25,347.55,347.7,20377.0
2026-06-08 14:05:00,347.9,347.95,347.3,347.75,13099.0
2026-06-08 14:10:00,347.5,347.75,346.5,346.75,42308.0
2026-06-08 14:15:00,346.75,347.0,346.45,346.7,20244.0
2026-06-08 14:20:00,346.8,346.95,346.25,346.35,26275.0
2026-06-08 14:25:00,346.3,346.85,346.2,346.3,23730.0
2026-06-08 14:30:00,346.45,347.0,346.3,346.75,16495.0
2026-06-08 14:35:00,346.75,347.0,346.2,346.5,10909.0
2026-06-08 14:40:00,346.5,347.25,346.4,347.2,21708.0
2026-06-08 14:45:00,347.25,347.25,346.8,347.1,16453.0
2026-06-08 14:50:00,347.15,347.45,346.65,346.95,31459.0
2026-06-08 14:55:00,346.95,347.15,346.2,346.75,50478.0
2026-06-08 15:00:00,346.75,346.75,345.1,345.45,47677.0
2026-06-08 15:05:00,345.65,346.15,345.25,345.85,32957.0
2026-06-08 15:10:00,346.0,346.2,345.6,346.1,26944.0
2026-06-08 15:15:00,346.1,346.55,345.75,346.25,38963.0
2026-06-08 15:20:00,346.15,346.25,344.0,344.0,139668.0
2026-06-08 15:25:00,344.25,344.9,343.3,344.0,161649.0
2026-06-09 09:15:00,347.0,350.9,345.95,349.8,156433.0
2026-06-09 09:20:00,350.1,352.0,349.25,350.4,153590.0
2026-06-09 09:25:00,350.5,350.55,348.3,348.65,46488.0
2026-06-09 09:30:00,348.6,350.6,348.6,350.4,33826.0
2026-06-09 09:35:00,350.55,350.9,349.9,350.5,32074.0
2026-06-09 09:40:00,350.45,350.6,349.8,349.85,13051.0
2026-06-09 09:45:00,349.85,352.1,349.8,351.1,93780.0
2026-06-09 09:50:00,351.2,354.75,351.2,354.1,231314.0
2026-06-09 09:55:00,354.3,354.35,352.4,353.3,71879.0
2026-06-09 10:00:00,353.2,353.55,352.6,353.0,39083.0
2026-06-09 10:05:00,352.85,353.65,352.25,352.6,73497.0
2026-06-09 10:10:00,352.8,352.8,352.2,352.5,23568.0
2026-06-09 10:15:00,352.5,352.65,352.0,352.45,17472.0
2026-06-09 10:20:00,352.5,353.4,352.25,352.65,34796.0
2026-06-09 10:25:00,352.6,353.2,352.4,353.15,20642.0
2026-06-09 10:30:00,353.15,353.45,352.5,352.5,34007.0
2026-06-09 10:35:00,352.5,352.8,352.0,352.5,22341.0
2026-06-09 10:40:00,352.65,352.75,352.4,352.5,11599.0
2026-06-09 10:45:00,352.6,353.2,352.55,352.75,32236.0
2026-06-09 10:50:00,352.7,353.0,352.15,352.95,59663.0
2026-06-09 10:55:00,352.95,353.85,352.95,353.4,68611.0
2026-06-09 11:00:00,353.35,354.1,353.2,353.85,50557.0
2026-06-09 11:05:00,353.95,354.2,353.6,353.8,32430.0
2026-06-09 11:10:00,353.85,354.25,352.85,352.9,49651.0
2026-06-09 11:15:00,352.95,353.25,352.5,352.7,20460.0
2026-06-09 11:20:00,352.7,352.8,351.5,351.9,59499.0
2026-06-09 11:25:00,351.9,352.3,351.15,352.0,23494.0
2026-06-09 11:30:00,352.0,352.9,351.95,352.7,22009.0
2026-06-09 11:35:00,352.65,353.2,352.1,352.5,16436.0
2026-06-09 11:40:00,352.45,353.2,351.6,352.75,31747.0
2026-06-09 11:45:00,352.65,354.55,352.5,354.2,103270.0
2026-06-09 11:50:00,354.25,355.0,354.0,354.5,118817.0
2026-06-09 11:55:00,354.5,355.25,354.3,355.05,117606.0
2026-06-09 12:00:00,355.2,355.25,354.65,354.95,31974.0
2026-06-09 12:05:00,354.95,355.05,354.65,354.9,35405.0
2026-06-09 12:10:00,355.0,355.4,354.85,355.05,51159.0
2026-06-09 12:15:00,355.05,355.25,354.75,355.2,34268.0
2026-06-09 12:20:00,355.15,355.95,355.15,355.35,72139.0
2026-06-09 12:25:00,355.65,356.3,355.3,355.95,74563.0
2026-06-09 12:30:00,355.85,356.7,355.6,356.1,81328.0
2026-06-09 12:35:00,356.0,356.25,355.6,355.65,28054.0
2026-06-09 12:40:00,355.7,356.3,355.65,355.8,29550.0
2026-06-09 12:45:00,355.75,357.4,355.75,357.4,72393.0
2026-06-09 12:50:00,357.25,357.9,356.85,357.35,166920.0
2026-06-09 12:55:00,357.35,357.45,356.05,356.55,62926.0
2026-06-09 13:00:00,356.55,357.05,356.5,356.9,36439.0
2026-06-09 13:05:00,357.05,357.75,356.85,357.5,40817.0
2026-06-09 13:10:00,357.5,357.95,357.3,357.65,28995.0
2026-06-09 13:15:00,357.65,358.3,357.65,357.85,66954.0
2026-06-09 13:20:00,357.95,358.5,357.5,357.9,97579.0
2026-06-09 13:25:00,358.0,358.35,357.35,357.55,53964.0
2026-06-09 13:30:00,357.7,357.75,357.2,357.3,62116.0
2026-06-09 13:35:00,357.05,357.35,356.9,357.15,32567.0
2026-06-09 13:40:00,357.1,357.65,356.95,357.6,21788.0
2026-06-09 13:45:00,357.6,357.8,357.1,357.4,23099.0
2026-06-09 13:50:00,357.45,357.45,356.6,356.65,30016.0
2026-06-09 13:55:00,356.65,357.0,356.2,356.85,22284.0
2026-06-09 14:00:00,356.9,356.9,356.4,356.5,8320.0
2026-06-09 14:05:00,356.5,357.3,356.45,356.8,32092.0
2026-06-09 14:10:00,356.85,357.45,356.8,357.1,31317.0
2026-06-09 14:15:00,357.1,357.2,356.6,356.8,27196.0
2026-06-09 14:20:00,356.75,357.05,356.75,356.85,20344.0
2026-06-09 14:25:00,356.8,357.3,356.75,357.1,16756.0
2026-06-09 14:30:00,357.1,357.3,356.6,357.1,26022.0
2026-06-09 14:35:00,357.1,358.0,357.1,358.0,48804.0
2026-06-09 14:40:00,357.8,358.65,357.6,358.15,76406.0
2026-06-09 14:45:00,358.3,358.8,357.9,358.35,62532.0
2026-06-09 14:50:00,358.35,359.75,358.15,359.6,114563.0
2026-06-09 14:55:00,359.7,361.0,359.45,360.5,218630.0
2026-06-09 15:00:00,360.1,360.3,359.2,360.05,81093.0
2026-06-09 15:05:00,360.25,360.75,360.1,360.3,90451.0
2026-06-09 15:10:00,360.45,361.0,360.1,360.8,95816.0
2026-06-09 15:15:00,361.0,362.0,360.6,360.9,187451.0
2026-06-09 15:20:00,361.0,361.9,360.9,361.4,143012.0
2026-06-09 15:25:00,361.75,362.0,361.0,361.5,181495.0
2026-06-10 09:15:00,361.0,361.95,359.3,361.05,213826.0
2026-06-10 09:20:00,361.05,362.5,360.0,360.3,323721.0
2026-06-10 09:25:00,360.3,360.7,359.05,360.7,133701.0
2026-06-10 09:30:00,360.4,361.35,360.0,360.9,63303.0
2026-06-10 09:35:00,360.85,361.55,360.5,360.85,68162.0
2026-06-10 09:40:00,360.85,361.1,360.05,360.45,21898.0
2026-06-10 09:45:00,360.45,360.9,360.35,360.5,22434.0
2026-06-10 09:50:00,360.45,360.5,358.25,358.75,90397.0
2026-06-10 09:55:00,358.7,359.3,358.3,358.45,46450.0
2026-06-10 10:00:00,358.4,358.95,358.0,358.3,74042.0
2026-06-10 10:05:00,358.25,358.6,358.1,358.3,22276.0
2026-06-10 10:10:00,358.2,358.75,358.05,358.25,53903.0
2026-06-10 10:15:00,358.05,358.2,357.6,358.0,40224.0
2026-06-10 10:20:00,358.0,358.65,357.8,358.25,22344.0
2026-06-10 10:25:00,358.15,358.15,357.6,357.8,13808.0
2026-06-10 10:30:00,357.7,358.2,357.45,358.2,39470.0
2026-06-10 10:35:00,358.2,358.7,357.9,358.05,15618.0
2026-06-10 10:40:00,358.05,358.35,357.7,358.05,28411.0
2026-06-10 10:45:00,358.05,358.1,357.75,357.85,7792.0
2026-06-10 10:50:00,357.85,359.0,357.7,359.0,16701.0
2026-06-10 10:55:00,359.0,359.8,358.1,359.35,286149.0
2026-06-10 11:00:00,359.5,361.0,359.5,360.45,131451.0
2026-06-10 11:05:00,360.55,360.9,360.05,360.1,57203.0
2026-06-10 11:10:00,360.35,361.6,360.1,361.5,125718.0
2026-06-10 11:15:00,361.5,361.55,360.45,360.45,95668.0
2026-06-10 11:20:00,360.65,360.85,360.3,360.6,36754.0
2026-06-10 11:25:00,360.6,361.9,360.35,361.85,54185.0
2026-06-10 11:30:00,361.85,362.1,361.5,362.05,72896.0
2026-06-10 11:35:00,362.0,362.65,362.0,362.65,87808.0
2026-06-10 11:40:00,362.6,362.9,362.1,362.45,40722.0
2026-06-10 11:45:00,362.45,362.5,361.5,362.1,49996.0
2026-06-10 11:50:00,362.1,362.5,362.0,362.45,21542.0
2026-06-10 11:55:00,362.4,362.4,362.0,362.15,20416.0
2026-06-10 12:00:00,362.0,362.05,360.35,361.05,171759.0
2026-06-10 12:05:00,360.9,361.8,360.8,361.5,20031.0
2026-06-10 12:10:00,361.45,361.6,360.85,361.25,22719.0
2026-06-10 12:15:00,361.25,361.7,361.05,361.65,24514.0
2026-06-10 12:20:00,361.45,361.7,361.05,361.2,26852.0
2026-06-10 12:25:00,361.05,361.2,360.3,360.55,94306.0
2026-06-10 12:30:00,360.3,360.65,359.75,360.0,38211.0
2026-06-10 12:35:00,359.85,360.4,359.7,360.3,29585.0
2026-06-10 12:40:00,360.1,360.3,359.2,359.3,42840.0
2026-06-10 12:45:00,359.45,359.9,358.95,359.6,22075.0
2026-06-10 12:50:00,359.55,359.95,359.4,359.85,25134.0
2026-06-10 12:55:00,359.85,359.9,359.4,359.8,11879.0
2026-06-10 13:00:00,359.75,361.4,359.75,361.3,82603.0
2026-06-10 13:05:00,361.15,361.3,360.4,360.85,28032.0
2026-06-10 13:10:00,360.65,361.0,360.45,360.85,19574.0
2026-06-10 13:15:00,360.7,361.25,360.65,360.85,14389.0
2026-06-10 13:20:00,360.75,360.85,360.25,360.25,18973.0
2026-06-10 13:25:00,360.2,360.75,360.1,360.7,15031.0
2026-06-10 13:30:00,360.55,360.9,359.8,359.9,10113.0
2026-06-10 13:35:00,359.95,360.2,359.2,359.85,19945.0
2026-06-10 13:40:00,359.75,360.1,359.45,359.6,9873.0
2026-06-10 13:45:00,359.5,359.6,359.05,359.25,21333.0
2026-06-10 13:50:00,359.05,359.35,358.35,358.9,34759.0
2026-06-10 13:55:00,358.75,359.05,357.75,358.4,70917.0
2026-06-10 14:00:00,358.4,359.4,358.4,359.25,10412.0
2026-06-10 14:05:00,359.1,359.35,358.7,358.8,7763.0
2026-06-10 14:10:00,358.65,358.95,358.4,358.6,29825.0
2026-06-10 14:15:00,358.45,361.2,358.45,361.05,301802.0
2026-06-10 14:20:00,361.05,361.2,360.15,360.3,37042.0
2026-06-10 14:25:00,360.25,361.15,360.25,361.0,92173.0
2026-06-10 14:30:00,361.0,361.9,360.75,361.75,73037.0
2026-06-10 14:35:00,361.7,362.0,359.1,360.2,275856.0
2026-06-10 14:40:00,359.95,360.35,357.85,357.9,323240.0
2026-06-10 14:45:00,358.0,358.95,357.1,357.95,130415.0
2026-06-10 14:50:00,357.8,358.1,357.05,357.8,140909.0
2026-06-10 14:55:00,357.85,358.2,357.3,357.95,75556.0
2026-06-10 15:00:00,358.05,358.05,356.05,356.65,206413.0
2026-06-10 15:05:00,356.8,357.4,356.45,357.4,95167.0
2026-06-10 15:10:00,357.4,357.45,355.25,355.65,189495.0
2026-06-10 15:15:00,355.55,356.8,354.8,356.8,93389.0
2026-06-10 15:20:00,356.7,357.45,356.3,357.45,139472.0
2026-06-10 15:25:00,357.45,359.75,357.1,358.25,153186.0
2026-06-11 09:15:00,355.0,358.2,352.8,357.4,136471.0
2026-06-11 09:20:00,357.05,360.75,356.65,359.4,146911.0
2026-06-11 09:25:00,359.3,361.65,358.5,360.25,139059.0
2026-06-11 09:30:00,360.25,360.95,360.0,360.4,106544.0
2026-06-11 09:35:00,360.3,364.95,360.1,364.7,253460.0
2026-06-11 09:40:00,365.25,366.4,364.5,365.15,246220.0
2026-06-11 09:45:00,365.0,365.55,364.3,364.75,202564.0
2026-06-11 09:50:00,364.75,366.35,364.45,365.9,181599.0
2026-06-11 09:55:00,365.85,366.1,362.55,364.0,266385.0
2026-06-11 10:00:00,364.0,364.0,363.05,363.4,66052.0
2026-06-11 10:05:00,363.3,364.0,362.8,363.3,145880.0
2026-06-11 10:10:00,363.35,363.5,362.0,362.0,85936.0
2026-06-11 10:15:00,362.0,362.85,361.3,362.0,84443.0
2026-06-11 10:20:00,361.95,362.7,361.95,362.2,50594.0
2026-06-11 10:25:00,362.35,362.9,361.0,361.5,79470.0
2026-06-11 10:30:00,361.45,361.75,360.95,361.25,77110.0
2026-06-11 10:35:00,360.95,362.95,360.95,362.7,112241.0
2026-06-11 10:40:00,362.7,363.5,362.0,362.05,195690.0
2026-06-11 10:45:00,362.05,362.2,361.25,361.25,47373.0
2026-06-11 10:50:00,361.3,361.3,359.1,359.5,114338.0
2026-06-11 10:55:00,359.5,359.55,358.5,358.5,75950.0
2026-06-11 11:00:00,358.55,359.05,357.8,358.55,53522.0
2026-06-11 11:05:00,358.55,359.0,357.0,357.15,146125.0
2026-06-11 11:10:00,357.3,357.5,356.7,356.7,48816.0
2026-06-11 11:15:00,356.85,357.9,356.55,357.8,79153.0
2026-06-11 11:20:00,357.85,358.65,357.85,358.35,57817.0
2026-06-11 11:25:00,358.35,358.8,357.9,358.8,37048.0
2026-06-11 11:30:00,358.8,359.75,357.5,357.55,82926.0
2026-06-11 11:35:00,357.5,357.6,356.65,356.95,42700.0
2026-06-11 11:40:00,357.0,357.95,356.65,357.9,32602.0
2026-06-11 11:45:00,358.0,358.55,357.7,358.05,21337.0
2026-06-11 11:50:00,358.2,358.45,357.5,357.95,39735.0
2026-06-11 11:55:00,357.9,358.65,357.8,358.25,18616.0
2026-06-11 12:00:00,358.15,358.5,357.95,357.95,21820.0
2026-06-11 12:05:00,358.0,358.15,357.1,357.5,27034.0
2026-06-11 12:10:00,357.45,357.55,357.0,357.5,44604.0
2026-06-11 12:15:00,357.5,357.75,356.8,357.0,37996.0
2026-06-11 12:20:00,357.0,357.05,356.4,356.75,56753.0
2026-06-11 12:25:00,356.6,356.9,356.35,356.85,20448.0
2026-06-11 12:30:00,356.95,359.0,356.85,358.95,45330.0
2026-06-11 12:35:00,359.0,360.35,358.2,358.6,73791.0
2026-06-11 12:40:00,358.65,358.85,358.25,358.7,24545.0
2026-06-11 12:45:00,358.7,358.7,357.25,357.4,37539.0
2026-06-11 12:50:00,357.35,357.9,357.0,357.3,47200.0
2026-06-11 12:55:00,357.25,357.8,357.05,357.45,42107.0
2026-06-11 13:00:00,357.65,360.55,357.25,360.3,307042.0
2026-06-11 13:05:00,360.4,360.7,359.0,359.2,200227.0
2026-06-11 13:10:00,359.2,359.65,358.35,358.65,54978.0
2026-06-11 13:15:00,358.7,359.2,358.3,358.35,42060.0
2026-06-11 13:20:00,358.35,358.45,357.65,358.1,25382.0
2026-06-11 13:25:00,358.4,358.5,357.7,358.45,27308.0
2026-06-11 13:30:00,358.4,360.6,358.3,360.05,134853.0
2026-06-11 13:35:00,360.0,360.1,358.9,358.95,126092.0
2026-06-11 13:40:00,358.9,359.0,358.15,358.95,60029.0
2026-06-11 13:45:00,358.9,359.9,358.65,359.25,32356.0
2026-06-11 13:50:00,359.45,359.9,359.35,359.9,33921.0
2026-06-11 13:55:00,359.85,360.25,359.15,360.15,64574.0
2026-06-11 14:00:00,360.25,360.6,360.15,360.45,40364.0
2026-06-11 14:05:00,360.5,360.55,359.45,359.5,28541.0
2026-06-11 14:10:00,359.55,360.3,359.5,360.0,28177.0
2026-06-11 14:15:00,360.0,360.0,359.65,359.75,9227.0
2026-06-11 14:20:00,359.9,360.4,359.8,359.85,48157.0
2026-06-11 14:25:00,360.0,362.65,359.8,362.25,176294.0
2026-06-11 14:30:00,362.25,362.5,361.85,362.1,69856.0
2026-06-11 14:35:00,362.25,363.0,361.5,361.9,134702.0
2026-06-11 14:40:00,361.9,362.5,361.55,362.1,122431.0
2026-06-11 14:45:00,362.1,362.3,360.4,361.0,114404.0
2026-06-11 14:50:00,361.05,361.05,360.4,360.4,41764.0
2026-06-11 14:55:00,360.45,360.7,359.7,360.25,76278.0
2026-06-11 15:00:00,360.65,360.85,359.0,359.15,72868.0
2026-06-11 15:05:00,359.35,359.35,358.65,358.85,85810.0
2026-06-11 15:10:00,358.95,359.2,358.7,358.9,46053.0
2026-06-11 15:15:00,358.9,359.25,358.5,358.6,79633.0
2026-06-11 15:20:00,358.9,359.15,358.55,359.1,82188.0
2026-06-11 15:25:00,359.15,360.5,358.5,359.4,115618.0
2026-06-12 09:15:00,363.0,364.7,360.15,364.4,302957.0
2026-06-12 09:20:00,364.3,364.6,358.4,359.15,345686.0
2026-06-12 09:25:00,359.2,359.35,357.25,357.6,111705.0
2026-06-12 09:30:00,357.85,357.85,354.6,354.8,188278.0
2026-06-12 09:35:00,354.8,356.3,354.3,355.3,115812.0
2026-06-12 09:40:00,355.3,355.6,353.55,354.25,122878.0
2026-06-12 09:45:00,354.45,356.8,354.3,356.65,177571.0
2026-06-12 09:50:00,356.55,357.6,356.15,356.25,38327.0
2026-06-12 09:55:00,356.55,358.7,356.1,357.65,99730.0
2026-06-12 10:00:00,357.8,359.0,357.35,358.9,95866.0
2026-06-12 10:05:00,358.8,359.3,358.3,358.3,37584.0
2026-06-12 10:10:00,358.65,359.8,358.35,359.3,68337.0
2026-06-12 10:15:00,359.2,361.0,359.0,360.35,75594.0
2026-06-12 10:20:00,360.35,361.45,360.15,361.25,84553.0
2026-06-12 10:25:00,361.05,361.65,361.0,361.05,27390.0
2026-06-12 10:30:00,361.15,362.35,360.9,362.25,53868.0
2026-06-12 10:35:00,362.4,363.0,361.7,361.9,51713.0
2026-06-12 10:40:00,361.9,361.95,361.2,361.2,81590.0
2026-06-12 10:45:00,361.4,362.95,361.1,362.8,236137.0
2026-06-12 10:50:00,362.9,363.8,362.45,363.2,90468.0
2026-06-12 10:55:00,363.3,363.6,363.0,363.45,30979.0
2026-06-12 11:00:00,363.45,364.9,363.05,364.35,174252.0
2026-06-12 11:05:00,364.3,364.55,363.5,363.75,47857.0
2026-06-12 11:10:00,363.75,364.25,363.55,364.0,48034.0
2026-06-12 11:15:00,363.8,365.45,363.7,364.7,93760.0
2026-06-12 11:20:00,364.7,365.2,363.95,365.0,69091.0
2026-06-12 11:25:00,364.95,365.2,364.1,364.5,258456.0
2026-06-12 11:30:00,364.5,364.8,363.65,363.9,99255.0
2026-06-12 11:35:00,363.95,364.0,363.6,363.8,35107.0
2026-06-12 11:40:00,363.8,364.4,362.55,363.45,604687.0
2026-06-12 11:45:00,363.4,363.6,362.75,362.85,58471.0
2026-06-12 11:50:00,362.95,364.3,362.55,364.05,99988.0
2026-06-12 11:55:00,364.25,364.4,363.05,363.85,73228.0
2026-06-12 12:00:00,363.85,364.0,363.0,363.4,83129.0
2026-06-12 12:05:00,363.4,363.5,363.0,363.05,12616.0
2026-06-12 12:10:00,363.25,363.3,362.4,362.4,50043.0
2026-06-12 12:15:00,362.65,363.0,362.35,362.5,46571.0
2026-06-12 12:20:00,362.6,363.2,362.55,363.2,46408.0
2026-06-12 12:25:00,363.4,363.5,362.4,363.0,296175.0
2026-06-12 12:30:00,363.1,363.3,362.6,363.3,106739.0
2026-06-12 12:35:00,363.1,363.2,362.8,363.1,28816.0
2026-06-12 12:40:00,363.15,363.15,361.75,361.85,77381.0
2026-06-12 12:45:00,361.85,362.85,360.8,361.0,488045.0
2026-06-12 12:50:00,361.05,361.9,361.0,361.9,37923.0
2026-06-12 12:55:00,361.9,362.45,361.5,362.15,133558.0
2026-06-12 13:00:00,362.2,362.2,361.45,361.65,105941.0
2026-06-12 13:05:00,361.7,361.95,361.1,361.6,75342.0
2026-06-12 13:10:00,361.6,361.6,360.8,361.2,157599.0
2026-06-12 13:15:00,361.45,361.45,360.7,361.0,127534.0
2026-06-12 13:20:00,360.95,361.7,360.3,360.3,65156.0
2026-06-12 13:25:00,360.3,362.2,360.2,362.2,39267.0
2026-06-12 13:30:00,362.15,362.95,361.45,362.65,52973.0
2026-06-12 13:35:00,362.6,364.8,362.25,364.65,182479.0
2026-06-12 13:40:00,364.55,364.65,363.7,364.65,80623.0
2026-06-12 13:45:00,364.55,365.3,364.2,364.8,64365.0
2026-06-12 13:50:00,364.9,365.0,364.0,364.5,127955.0
2026-06-12 13:55:00,364.5,365.25,364.5,365.25,23960.0
2026-06-12 14:00:00,365.25,365.3,364.75,364.9,33891.0
2026-06-12 14:05:00,364.85,365.0,364.45,364.55,14576.0
2026-06-12 14:10:00,364.55,365.0,364.15,364.95,28204.0
2026-06-12 14:15:00,365.0,365.9,364.65,365.6,99876.0
2026-06-12 14:20:00,365.6,366.0,365.5,365.6,83460.0
2026-06-12 14:25:00,365.7,365.95,365.35,365.55,51311.0
2026-06-12 14:30:00,365.75,365.85,365.15,365.45,68575.0
2026-06-12 14:35:00,365.8,366.3,365.1,366.0,82980.0
2026-06-12 14:40:00,366.0,368.45,365.9,368.4,155692.0
2026-06-12 14:45:00,368.3,368.45,367.35,367.85,105411.0
2026-06-12 14:50:00,368.05,368.35,367.8,367.9,86597.0
2026-06-12 14:55:00,367.8,367.9,365.35,365.55,121064.0
2026-06-12 15:00:00,365.55,366.9,365.55,366.8,62912.0
2026-06-12 15:05:00,366.85,366.9,365.7,366.1,65328.0
2026-06-12 15:10:00,366.1,366.45,365.3,366.15,101859.0
2026-06-12 15:15:00,366.25,366.45,365.05,365.2,262303.0
2026-06-12 15:20:00,365.25,366.25,364.05,365.9,239611.0
2026-06-12 15:25:00,366.0,367.0,365.8,366.9,116365.0
2026-06-15 09:15:00,370.0,375.15,369.5,369.65,445654.0
2026-06-15 09:20:00,370.0,370.4,368.2,370.15,207025.0
2026-06-15 09:25:00,370.25,371.45,369.55,370.65,163207.0
2026-06-15 09:30:00,370.8,371.0,370.35,370.6,202558.0
2026-06-15 09:35:00,370.9,371.9,370.2,370.95,154654.0
2026-06-15 09:40:00,370.95,371.0,367.95,369.8,732966.0
2026-06-15 09:45:00,369.8,370.25,369.5,370.1,74474.0
2026-06-15 09:50:00,370.1,370.3,369.4,369.65,331149.0
2026-06-15 09:55:00,369.75,369.95,369.0,369.1,85682.0
2026-06-15 10:00:00,369.25,370.75,369.05,370.55,91913.0
2026-06-15 10:05:00,370.55,370.55,369.75,369.9,60660.0
2026-06-15 10:10:00,369.9,371.6,369.75,371.2,83150.0
2026-06-15 10:15:00,371.3,372.0,371.0,371.4,47782.0
2026-06-15 10:20:00,371.45,372.75,371.4,372.3,114473.0
2026-06-15 10:25:00,372.15,372.3,371.85,372.15,25888.0
2026-06-15 10:30:00,372.0,372.1,371.65,371.8,33388.0
2026-06-15 10:35:00,372.0,372.15,371.25,371.95,30554.0
2026-06-15 10:40:00,371.95,372.2,371.7,372.2,25107.0
2026-06-15 10:45:00,372.1,372.65,372.1,372.5,62615.0
2026-06-15 10:50:00,372.5,373.45,372.1,373.25,52009.0
2026-06-15 10:55:00,373.25,373.4,372.15,372.6,40055.0
2026-06-15 11:00:00,372.6,373.45,372.5,373.0,57995.0
2026-06-15 11:05:00,372.9,373.0,372.0,372.65,28100.0
2026-06-15 11:10:00,372.65,372.75,372.2,372.5,15665.0
2026-06-15 11:15:00,372.6,372.8,372.2,372.75,14000.0
2026-06-15 11:20:00,372.75,372.9,372.0,372.4,41391.0
2026-06-15 11:25:00,372.4,373.0,372.1,373.0,39216.0
2026-06-15 11:30:00,373.0,373.45,372.25,373.3,64281.0
2026-06-15 11:35:00,373.3,373.3,372.8,373.1,25296.0
2026-06-15 11:40:00,373.05,374.7,373.05,373.45,87640.0
2026-06-15 11:45:00,373.45,374.85,373.05,374.0,142264.0
2026-06-15 11:50:00,374.15,374.7,373.8,374.05,103039.0
2026-06-15 11:55:00,374.05,374.3,373.85,373.85,40809.0
2026-06-15 12:00:00,374.05,374.1,372.9,373.15,49709.0
2026-06-15 12:05:00,373.25,374.4,372.95,373.95,74072.0
2026-06-15 12:10:00,373.95,373.95,373.1,373.15,32070.0
2026-06-15 12:15:00,373.0,373.3,372.15,372.95,41682.0
2026-06-15 12:20:00,372.85,373.0,372.2,372.85,36684.0
2026-06-15 12:25:00,372.85,372.95,372.05,372.35,44183.0
2026-06-15 12:30:00,372.5,372.9,372.0,372.85,43870.0
2026-06-15 12:35:00,372.85,373.0,372.35,372.7,62810.0
2026-06-15 12:40:00,372.7,372.9,372.0,372.9,294445.0
2026-06-15 12:45:00,372.85,373.25,372.55,372.75,50497.0
2026-06-15 12:50:00,372.75,373.1,371.75,371.95,132557.0
2026-06-15 12:55:00,371.95,372.0,371.6,372.0,40956.0
2026-06-15 13:00:00,372.0,372.1,371.65,372.0,64325.0
2026-06-15 13:05:00,372.0,372.8,371.9,372.6,155500.0
2026-06-15 13:10:00,372.6,373.0,372.3,372.5,28189.0
2026-06-15 13:15:00,372.5,372.95,372.2,372.8,31132.0
2026-06-15 13:20:00,372.85,373.15,372.6,373.15,23182.0
2026-06-15 13:25:00,373.1,374.0,372.45,372.75,90834.0
2026-06-15 13:30:00,372.75,372.75,371.65,372.4,136695.0
2026-06-15 13:35:00,372.6,372.7,371.45,372.2,167606.0
2026-06-15 13:40:00,372.2,372.45,371.85,372.15,47568.0
2026-06-15 13:45:00,372.2,372.25,371.5,371.6,54192.0
2026-06-15 13:50:00,371.3,371.8,370.5,371.6,56743.0
2026-06-15 13:55:00,371.55,371.85,371.15,371.8,32873.0
2026-06-15 14:00:00,371.8,371.8,371.25,371.4,28861.0
2026-06-15 14:05:00,371.4,372.2,371.2,372.15,66649.0
2026-06-15 14:10:00,372.15,372.15,371.55,372.15,87700.0
2026-06-15 14:15:00,372.15,372.6,371.9,372.5,67042.0
2026-06-15 14:20:00,372.5,372.6,371.8,372.3,185897.0
2026-06-15 14:25:00,372.3,372.4,371.0,371.3,176705.0
2026-06-15 14:30:00,371.35,372.55,371.25,372.3,101540.0
2026-06-15 14:35:00,372.3,372.7,372.2,372.5,97880.0
2026-06-15 14:40:00,372.6,372.85,371.75,372.05,130904.0
2026-06-15 14:45:00,372.2,372.6,371.5,371.8,112205.0
2026-06-15 14:50:00,371.85,372.45,371.2,372.25,205902.0
2026-06-15 14:55:00,372.25,372.3,371.65,372.05,193476.0
2026-06-15 15:00:00,372.15,372.5,371.4,372.4,313677.0
2026-06-15 15:05:00,372.4,372.8,372.1,372.8,179657.0
2026-06-15 15:10:00,372.8,372.9,372.15,372.8,199450.0
2026-06-15 15:15:00,372.75,373.35,372.75,373.2,241348.0
2026-06-15 15:20:00,373.05,373.35,372.5,373.35,167964.0
2026-06-15 15:25:00,373.35,373.55,372.4,373.3,200015.0
2026-06-16 09:15:00,374.0,374.6,372.25,372.6,105847.0
2026-06-16 09:20:00,372.8,373.0,371.5,372.45,88393.0
2026-06-16 09:25:00,372.6,373.8,372.3,372.3,42259.0
2026-06-16 09:30:00,372.35,372.35,370.45,370.8,42415.0
2026-06-16 09:35:00,370.6,371.3,369.65,370.7,65264.0
2026-06-16 09:40:00,370.5,370.55,369.35,369.7,62007.0
2026-06-16 09:45:00,369.6,370.0,369.3,369.4,20159.0
2026-06-16 09:50:00,369.55,370.6,369.35,370.4,12764.0
2026-06-16 09:55:00,370.55,370.55,369.45,369.95,43677.0
2026-06-16 10:00:00,369.95,370.6,369.4,369.6,31348.0
2026-06-16 10:05:00,369.55,369.8,368.5,368.8,25613.0
2026-06-16 10:10:00,368.8,368.9,368.1,368.6,52529.0
2026-06-16 10:15:00,368.55,368.7,367.5,368.0,75430.0
2026-06-16 10:20:00,367.7,368.35,366.8,367.0,58327.0
2026-06-16 10:25:00,367.05,367.8,367.05,367.75,30912.0
2026-06-16 10:30:00,367.65,368.45,367.45,368.3,23028.0
2026-06-16 10:35:00,368.4,368.7,368.2,368.2,17850.0
2026-06-16 10:40:00,368.35,368.45,367.2,367.45,16914.0
2026-06-16 10:45:00,367.2,367.9,367.05,367.85,16960.0
2026-06-16 10:50:00,367.85,367.85,366.9,367.0,30468.0
2026-06-16 10:55:00,366.85,366.95,365.55,365.6,134726.0
2026-06-16 11:00:00,365.3,365.65,365.05,365.3,35131.0
2026-06-16 11:05:00,365.3,365.5,364.8,365.05,23236.0
2026-06-16 11:10:00,365.05,365.3,364.8,365.25,19713.0
2026-06-16 11:15:00,364.8,365.1,364.6,364.65,35768.0
2026-06-16 11:20:00,364.65,365.55,364.65,365.55,11020.0
2026-06-16 11:25:00,365.55,365.6,364.7,364.9,18502.0
2026-06-16 11:30:00,364.85,365.05,364.35,364.7,45277.0
2026-06-16 11:35:00,364.7,366.2,364.45,365.6,57645.0
2026-06-16 11:40:00,365.5,366.0,365.25,366.0,51739.0
2026-06-16 11:45:00,366.0,369.05,365.9,369.0,335864.0
2026-06-16 11:50:00,369.1,369.3,368.5,368.85,99873.0
2026-06-16 11:55:00,368.6,368.6,366.5,368.25,379775.0
2026-06-16 12:00:00,368.3,368.4,367.25,367.55,169736.0
2026-06-16 12:05:00,367.65,367.95,367.4,367.8,19294.0
2026-06-16 12:10:00,367.8,368.0,367.3,367.4,6906.0
2026-06-16 12:15:00,367.2,368.3,367.0,367.95,86184.0
2026-06-16 12:20:00,367.95,367.95,367.35,367.8,25439.0
2026-06-16 12:25:00,367.8,368.05,367.5,367.75,12461.0
2026-06-16 12:30:00,367.75,368.05,367.55,367.7,33361.0
2026-06-16 12:35:00,367.85,368.0,367.55,367.95,17783.0
2026-06-16 12:40:00,367.8,367.95,367.5,367.55,18868.0
2026-06-16 12:45:00,367.55,367.85,367.0,367.45,38322.0
2026-06-16 12:50:00,367.7,367.7,367.15,367.55,23111.0
2026-06-16 12:55:00,367.55,367.75,367.35,367.35,18460.0
2026-06-16 13:00:00,367.4,367.45,367.05,367.2,20914.0
2026-06-16 13:05:00,367.15,368.0,367.05,367.9,49277.0
2026-06-16 13:10:00,367.9,368.25,367.6,367.75,45832.0
2026-06-16 13:15:00,368.05,368.6,367.8,368.25,32058.0
2026-06-16 13:20:00,368.35,369.65,368.25,369.15,39810.0
2026-06-16 13:25:00,369.05,369.1,368.75,368.8,35172.0
2026-06-16 13:30:00,368.8,368.8,367.6,367.6,78816.0
2026-06-16 13:35:00,368.0,368.9,368.0,368.35,67762.0
2026-06-16 13:40:00,368.35,368.35,367.6,368.25,60908.0
2026-06-16 13:45:00,368.2,368.45,368.05,368.3,37823.0
2026-06-16 13:50:00,368.3,368.35,367.4,368.0,72711.0
2026-06-16 13:55:00,368.05,368.4,367.75,367.95,14331.0
2026-06-16 14:00:00,367.95,368.05,367.45,367.7,17687.0
2026-06-16 14:05:00,367.9,368.0,367.4,367.8,36491.0
2026-06-16 14:10:00,367.85,368.5,367.85,368.5,38601.0
2026-06-16 14:15:00,368.5,368.75,368.3,368.65,17028.0
2026-06-16 14:20:00,368.7,368.7,368.45,368.55,17404.0
2026-06-16 14:25:00,368.65,368.95,368.55,368.95,21012.0
2026-06-16 14:30:00,368.95,369.45,368.95,369.1,25665.0
2026-06-16 14:35:00,369.25,369.55,369.05,369.5,12924.0
2026-06-16 14:40:00,369.5,370.25,369.3,369.85,115989.0
2026-06-16 14:45:00,370.0,370.65,369.9,370.4,56265.0
2026-06-16 14:50:00,370.35,371.0,370.35,370.9,56458.0
2026-06-16 14:55:00,370.95,371.2,370.0,370.25,154979.0
2026-06-16 15:00:00,370.4,370.4,369.7,369.7,42845.0
2026-06-16 15:05:00,369.7,370.35,369.4,370.2,37973.0
2026-06-16 15:10:00,370.3,370.55,369.85,370.35,54025.0
2026-06-16 15:15:00,370.15,370.3,369.35,369.45,96137.0
2026-06-16 15:20:00,369.45,369.5,368.8,369.15,79924.0
2026-06-16 15:25:00,369.15,370.5,369.0,369.85,100400.0
2026-06-17 09:15:00,370.2,372.0,370.0,370.3,65658.0
2026-06-17 09:20:00,370.35,371.0,368.7,368.8,61286.0
2026-06-17 09:25:00,368.7,369.5,368.55,368.8,20792.0
2026-06-17 09:30:00,369.0,369.0,366.5,366.5,92058.0
2026-06-17 09:35:00,366.25,367.55,366.25,367.25,74955.0
2026-06-17 09:40:00,367.3,367.95,366.85,366.95,46804.0
2026-06-17 09:45:00,367.2,367.35,365.55,366.75,81019.0
2026-06-17 09:50:00,366.75,367.0,366.4,366.65,17710.0
2026-06-17 09:55:00,366.7,366.95,366.25,366.8,12477.0
2026-06-17 10:00:00,366.85,366.95,366.0,366.5,22294.0
2026-06-17 10:05:00,366.5,367.5,366.1,367.3,26370.0
2026-06-17 10:10:00,367.3,367.95,367.05,367.15,19858.0
2026-06-17 10:15:00,367.0,368.75,367.0,368.7,20947.0
2026-06-17 10:20:00,368.7,369.7,368.7,369.7,60747.0
2026-06-17 10:25:00,369.65,369.65,368.4,368.4,22063.0
2026-06-17 10:30:00,368.4,369.05,368.4,368.95,11006.0
2026-06-17 10:35:00,368.5,369.0,368.5,368.55,9327.0
2026-06-17 10:40:00,368.35,369.0,368.3,368.8,19608.0
2026-06-17 10:45:00,369.0,369.0,368.35,368.85,30696.0
2026-06-17 10:50:00,368.85,369.8,368.3,369.6,19048.0
2026-06-17 10:55:00,369.8,369.8,369.1,369.1,16570.0
2026-06-17 11:00:00,369.1,369.25,368.75,368.8,14946.0
2026-06-17 11:05:00,368.95,369.3,368.65,368.85,15695.0
2026-06-17 11:10:00,369.0,370.0,368.8,369.75,126367.0
2026-06-17 11:15:00,369.8,369.8,369.15,369.3,12810.0
2026-06-17 11:20:00,369.3,369.55,369.15,369.35,12561.0
2026-06-17 11:25:00,369.5,369.55,369.2,369.5,4765.0
2026-06-17 11:30:00,369.55,369.55,369.2,369.25,13166.0
2026-06-17 11:35:00,369.15,369.55,368.55,369.55,28596.0
2026-06-17 11:40:00,369.55,370.45,369.4,370.2,169335.0
2026-06-17 11:45:00,370.2,370.65,370.1,370.45,36790.0
2026-06-17 11:50:00,370.45,371.1,370.0,370.85,59523.0
2026-06-17 11:55:00,370.85,370.9,370.3,370.6,15196.0
2026-06-17 12:00:00,370.6,370.65,369.25,370.45,54519.0
2026-06-17 12:05:00,370.45,370.55,369.8,370.4,33266.0
2026-06-17 12:10:00,370.4,370.65,370.0,370.55,28847.0
2026-06-17 12:15:00,370.35,370.7,370.3,370.6,11427.0
2026-06-17 12:20:00,370.6,370.7,370.25,370.55,12293.0
2026-06-17 12:25:00,370.55,370.7,370.15,370.65,13919.0
2026-06-17 12:30:00,370.65,370.65,370.35,370.6,13798.0
2026-06-17 12:35:00,370.6,370.85,370.25,370.4,20165.0
2026-06-17 12:40:00,370.4,370.4,370.0,370.15,25755.0
2026-06-17 12:45:00,370.15,370.15,369.85,370.15,21081.0
2026-06-17 12:50:00,370.0,370.15,369.5,369.85,30341.0
2026-06-17 12:55:00,369.4,369.5,368.45,368.55,77391.0
2026-06-17 13:00:00,368.65,369.4,368.0,369.4,87401.0
2026-06-17 13:05:00,369.35,369.65,368.05,368.55,62782.0
2026-06-17 13:10:00,368.4,368.85,368.2,368.4,104220.0
2026-06-17 13:15:00,368.35,369.0,368.15,368.9,21846.0
2026-06-17 13:20:00,368.95,369.3,368.8,369.3,21948.0
2026-06-17 13:25:00,369.3,369.65,368.85,369.3,26232.0
2026-06-17 13:30:00,369.3,369.6,369.1,369.6,20983.0
2026-06-17 13:35:00,369.5,369.8,369.35,369.8,20454.0
2026-06-17 13:40:00,369.8,369.85,369.25,369.45,32308.0
2026-06-17 13:45:00,369.5,369.7,369.0,369.55,24499.0
2026-06-17 13:50:00,369.7,369.85,369.05,369.8,33607.0
2026-06-17 13:55:00,369.8,370.2,369.45,370.0,20511.0
2026-06-17 14:00:00,370.0,370.3,369.9,370.0,9404.0
2026-06-17 14:05:00,370.05,370.3,369.85,370.15,11846.0
2026-06-17 14:10:00,370.15,370.6,369.8,370.4,16329.0
2026-06-17 14:15:00,370.35,370.55,370.2,370.2,3300.0
2026-06-17 14:20:00,370.25,370.4,369.8,370.0,10454.0
2026-06-17 14:25:00,369.9,369.9,369.1,369.5,19148.0
2026-06-17 14:30:00,369.75,369.95,369.45,369.45,14966.0
2026-06-17 14:35:00,369.7,369.75,369.2,369.35,12191.0
2026-06-17 14:40:00,369.6,369.8,368.75,369.05,20125.0
2026-06-17 14:45:00,369.3,369.75,369.05,369.2,15387.0
2026-06-17 14:50:00,369.35,369.55,368.9,369.05,21718.0
2026-06-17 14:55:00,369.3,369.5,369.0,369.5,23701.0
2026-06-17 15:00:00,369.4,370.0,369.15,369.25,46382.0
2026-06-17 15:05:00,369.4,369.65,369.25,369.5,44706.0
2026-06-17 15:10:00,369.65,369.8,369.05,369.05,63337.0
2026-06-17 15:15:00,369.15,369.25,368.5,369.1,101710.0
2026-06-17 15:20:00,368.95,369.5,368.75,369.05,76618.0
2026-06-17 15:25:00,369.05,369.45,368.85,368.9,102347.0
2026-06-18 09:15:00,370.0,372.25,369.85,371.6,166388.0
2026-06-18 09:20:00,371.55,371.9,371.1,371.1,61127.0
2026-06-18 09:25:00,371.3,372.2,370.75,372.0,59593.0
2026-06-18 09:30:00,372.05,372.1,370.7,371.45,30075.0
2026-06-18 09:35:00,371.4,371.95,370.75,371.45,20484.0
2026-06-18 09:40:00,371.7,374.65,371.7,372.8,154400.0
2026-06-18 09:45:00,373.0,374.65,372.9,374.2,105867.0
2026-06-18 09:50:00,374.25,374.55,373.55,374.15,38005.0
2026-06-18 09:55:00,374.25,374.55,373.5,373.65,36185.0
2026-06-18 10:00:00,373.65,374.1,373.45,373.6,57488.0
2026-06-18 10:05:00,373.85,374.0,373.6,373.9,10090.0
2026-06-18 10:10:00,373.75,374.75,373.7,374.7,23860.0
2026-06-18 10:15:00,374.7,374.8,373.85,374.2,39594.0
2026-06-18 10:20:00,374.1,374.25,373.5,373.8,32620.0
2026-06-18 10:25:00,373.6,373.8,373.45,373.6,76725.0
2026-06-18 10:30:00,373.5,373.55,372.5,373.0,121672.0
2026-06-18 10:35:00,373.0,373.2,371.6,371.6,51989.0
2026-06-18 10:40:00,371.6,372.4,371.35,372.25,31586.0
2026-06-18 10:45:00,372.35,373.0,372.05,372.25,27622.0
2026-06-18 10:50:00,372.25,372.7,371.55,372.65,62534.0
2026-06-18 10:55:00,372.8,373.9,372.2,373.5,59031.0
2026-06-18 11:00:00,373.55,373.6,373.0,373.6,28870.0
2026-06-18 11:05:00,373.7,373.95,372.8,373.95,131249.0
2026-06-18 11:10:00,373.95,373.95,373.1,373.25,28592.0
2026-06-18 11:15:00,373.25,373.9,372.85,373.9,32538.0
2026-06-18 11:20:00,373.9,374.5,373.5,374.25,35445.0
2026-06-18 11:25:00,374.2,374.4,373.8,373.8,33283.0
2026-06-18 11:30:00,373.8,374.65,371.6,372.65,399858.0
2026-06-18 11:35:00,372.25,372.4,371.5,371.85,32773.0
2026-06-18 11:40:00,371.8,372.45,371.65,372.15,31097.0
2026-06-18 11:45:00,372.25,372.3,371.9,372.05,27838.0
2026-06-18 11:50:00,372.0,372.0,370.25,370.7,69416.0
2026-06-18 11:55:00,370.8,371.1,370.3,371.1,33501.0
2026-06-18 12:00:00,371.05,371.5,370.7,371.5,21201.0
2026-06-18 12:05:00,371.45,371.45,370.4,370.85,75197.0
2026-06-18 12:10:00,370.7,371.0,370.5,370.85,30697.0
2026-06-18 12:15:00,370.65,371.1,370.6,371.0,15460.0
2026-06-18 12:20:00,371.0,371.1,370.8,371.0,11294.0
2026-06-18 12:25:00,370.95,371.4,370.8,371.25,24760.0
2026-06-18 12:30:00,371.4,372.1,371.3,371.95,43107.0
2026-06-18 12:35:00,371.95,371.95,371.3,371.55,17821.0
2026-06-18 12:40:00,371.5,372.35,371.45,371.75,19357.0
2026-06-18 12:45:00,371.8,372.15,371.75,371.85,20640.0
2026-06-18 12:50:00,371.85,372.15,371.1,371.6,39320.0
2026-06-18 12:55:00,371.55,371.75,370.95,371.35,31426.0
2026-06-18 13:00:00,371.35,371.5,371.1,371.4,13094.0
2026-06-18 13:05:00,371.25,371.6,371.15,371.55,12485.0
2026-06-18 13:10:00,371.5,371.65,371.1,371.5,13903.0
2026-06-18 13:15:00,371.5,372.4,371.2,372.4,24188.0
2026-06-18 13:20:00,372.35,372.85,371.9,372.6,15338.0
2026-06-18 13:25:00,372.6,372.8,371.9,372.7,29121.0
2026-06-18 13:30:00,372.7,374.2,372.55,373.65,303609.0
2026-06-18 13:35:00,373.65,373.65,373.4,373.6,15466.0
2026-06-18 13:40:00,373.55,373.6,372.65,373.3,15458.0
2026-06-18 13:45:00,373.25,373.5,372.85,373.4,23406.0
2026-06-18 13:50:00,373.4,373.5,373.05,373.3,10990.0
2026-06-18 13:55:00,373.25,373.35,372.65,372.65,15119.0
2026-06-18 14:00:00,372.8,372.85,372.3,372.7,12847.0
2026-06-18 14:05:00,372.7,372.7,372.1,372.3,15204.0
2026-06-18 14:10:00,372.3,372.65,372.2,372.5,17771.0
2026-06-18 14:15:00,372.4,372.6,372.1,372.6,27147.0
2026-06-18 14:20:00,372.6,372.6,372.1,372.55,20092.0
2026-06-18 14:25:00,372.55,372.6,371.8,371.9,30439.0
2026-06-18 14:30:00,371.95,372.15,371.5,372.1,22308.0
2026-06-18 14:35:00,372.0,372.1,371.45,371.85,26012.0
2026-06-18 14:40:00,371.95,372.0,371.4,371.45,19075.0
2026-06-18 14:45:00,371.5,371.9,370.15,370.3,66135.0
2026-06-18 14:50:00,370.0,370.15,369.35,369.45,234427.0
2026-06-18 14:55:00,369.5,370.25,369.2,370.25,286298.0
2026-06-18 15:00:00,370.2,370.6,369.7,370.55,96306.0
2026-06-18 15:05:00,370.55,370.9,369.95,370.15,147604.0
2026-06-18 15:10:00,370.15,370.2,369.35,369.5,295533.0
2026-06-18 15:15:00,369.5,369.5,367.5,367.8,454942.0
2026-06-18 15:20:00,367.7,368.85,367.6,368.55,129552.0
2026-06-18 15:25:00,368.5,370.85,368.25,370.1,139774.0
2026-06-19 09:15:00,370.2,371.9,369.25,370.5,253453.0
2026-06-19 09:20:00,370.5,370.65,368.5,368.5,186253.0
2026-06-19 09:25:00,368.55,370.65,368.05,368.15,234132.0
2026-06-19 09:30:00,368.05,369.0,367.85,368.55,82010.0
2026-06-19 09:35:00,368.35,368.9,368.0,368.5,63273.0
2026-06-19 09:40:00,368.7,368.8,367.5,368.25,113641.0
2026-06-19 09:45:00,368.25,369.3,367.95,368.85,73096.0
2026-06-19 09:50:00,368.9,369.5,367.75,368.15,91738.0
2026-06-19 09:55:00,368.3,368.55,368.0,368.45,12453.0
2026-06-19 10:00:00,368.55,368.9,367.8,368.8,60208.0
2026-06-19 10:05:00,368.8,370.3,368.65,369.5,106185.0
2026-06-19 10:10:00,369.55,369.85,368.85,369.45,87119.0
2026-06-19 10:15:00,368.85,372.8,368.8,372.1,138385.0
2026-06-19 10:20:00,372.1,374.8,372.1,374.45,237214.0
2026-06-19 10:25:00,374.5,374.9,373.05,373.4,90851.0
2026-06-19 10:30:00,373.6,373.65,373.1,373.45,42064.0
2026-06-19 10:35:00,373.45,373.6,372.85,373.2,34490.0
2026-06-19 10:40:00,373.2,373.5,372.55,372.8,30414.0
2026-06-19 10:45:00,372.85,373.15,372.6,372.6,26486.0
2026-06-19 10:50:00,372.85,373.0,372.1,372.25,26986.0
2026-06-19 10:55:00,372.25,373.0,371.5,372.95,36287.0
2026-06-19 11:00:00,372.9,373.5,372.8,372.95,17369.0
2026-06-19 11:05:00,373.0,373.5,372.75,373.5,12463.0
2026-06-19 11:10:00,373.5,374.55,373.0,373.85,118932.0
2026-06-19 11:15:00,373.95,374.0,373.05,373.3,20560.0
2026-06-19 11:20:00,373.3,373.35,372.85,372.95,8853.0
2026-06-19 11:25:00,372.95,374.1,372.85,373.9,50991.0
2026-06-19 11:30:00,374.0,374.5,373.75,374.3,40577.0
2026-06-19 11:35:00,374.3,374.9,372.25,372.75,365795.0
2026-06-19 11:40:00,372.3,376.0,371.75,374.9,850442.0
2026-06-19 11:45:00,374.9,375.35,374.25,375.2,130255.0
2026-06-19 11:50:00,375.25,376.2,375.05,375.8,116493.0
2026-06-19 11:55:00,375.8,376.05,375.0,375.85,141656.0
2026-06-19 12:00:00,375.65,376.45,375.5,375.75,39498.0
2026-06-19 12:05:00,375.9,376.8,375.6,375.95,73203.0
2026-06-19 12:10:00,375.8,376.0,375.5,375.9,36181.0
2026-06-19 12:15:00,375.7,376.05,375.0,375.35,34704.0
2026-06-19 12:20:00,375.4,375.85,375.15,375.7,17204.0
2026-06-19 12:25:00,375.7,375.8,375.1,375.25,49356.0
2026-06-19 12:30:00,375.45,377.55,375.25,377.5,258921.0
2026-06-19 12:35:00,377.9,378.15,377.0,377.95,239186.0
2026-06-19 12:40:00,377.95,377.95,377.0,377.8,97114.0
2026-06-19 12:45:00,377.8,378.6,377.65,378.25,103559.0
2026-06-19 12:50:00,378.25,378.5,378.0,378.35,70958.0
2026-06-19 12:55:00,378.25,378.5,377.55,377.95,86866.0
2026-06-19 13:00:00,377.9,377.95,376.55,376.65,170216.0
2026-06-19 13:05:00,376.45,377.85,376.1,376.9,327825.0
2026-06-19 13:10:00,376.85,376.9,374.8,375.6,517695.0
2026-06-19 13:15:00,375.6,375.9,374.9,375.1,67229.0
2026-06-19 13:20:00,375.1,375.35,374.2,374.7,67535.0
2026-06-19 13:25:00,374.7,374.85,373.75,374.35,82894.0
2026-06-19 13:30:00,374.35,375.15,374.2,375.0,42472.0
2026-06-19 13:35:00,375.0,375.95,374.85,375.4,145057.0
2026-06-19 13:40:00,375.35,375.8,375.25,375.65,31986.0
2026-06-19 13:45:00,375.65,376.75,375.0,376.4,176954.0
2026-06-19 13:50:00,376.55,376.55,375.25,375.85,130798.0
2026-06-19 13:55:00,375.85,376.05,375.4,375.65,39734.0
2026-06-19 14:00:00,375.7,376.9,375.45,376.55,132746.0
2026-06-19 14:05:00,376.75,377.4,376.3,377.3,79261.0
2026-06-19 14:10:00,377.35,377.55,376.75,377.45,50290.0
2026-06-19 14:15:00,377.45,377.95,377.15,377.9,83999.0
2026-06-19 14:20:00,377.9,378.0,376.4,376.7,218630.0
2026-06-19 14:25:00,376.5,377.15,376.5,376.7,66397.0
2026-06-19 14:30:00,376.75,377.5,376.45,376.65,60396.0
2026-06-19 14:35:00,376.65,377.35,376.3,376.45,97006.0
2026-06-19 14:40:00,376.4,377.25,376.3,377.05,83559.0
2026-06-19 14:45:00,377.25,377.3,376.35,376.75,146135.0
2026-06-19 14:50:00,376.65,376.9,376.0,376.3,79144.0
2026-06-19 14:55:00,376.2,376.95,375.6,376.7,178405.0
2026-06-19 15:00:00,376.5,378.3,376.4,377.7,153477.0
2026-06-19 15:05:00,377.9,379.55,377.9,379.2,202512.0
2026-06-19 15:10:00,379.35,379.9,378.65,378.9,237766.0
2026-06-19 15:15:00,378.85,379.0,378.05,378.4,249259.0
2026-06-19 15:20:00,378.4,379.25,378.1,379.0,434137.0
2026-06-19 15:25:00,379.1,379.9,378.25,379.9,354561.0
2026-06-22 09:15:00,380.35,381.7,378.2,379.5,452819.0
2026-06-22 09:20:00,379.45,380.0,378.4,379.7,234521.0
2026-06-22 09:25:00,379.65,380.0,378.6,379.65,125097.0
2026-06-22 09:30:00,379.85,379.85,378.1,378.7,94360.0
2026-06-22 09:35:00,378.55,378.75,377.8,378.55,109837.0
2026-06-22 09:40:00,378.55,379.0,378.3,378.6,65023.0
2026-06-22 09:45:00,378.6,379.0,378.3,379.0,54465.0
2026-06-22 09:50:00,378.95,380.0,378.95,379.55,103335.0
2026-06-22 09:55:00,379.3,379.8,379.2,379.6,27486.0
2026-06-22 10:00:00,379.85,380.0,379.35,379.5,78334.0
2026-06-22 10:05:00,379.35,380.9,378.5,380.0,474203.0
2026-06-22 10:10:00,380.0,380.25,379.1,379.4,284436.0
2026-06-22 10:15:00,379.35,379.95,379.2,379.2,44885.0
2026-06-22 10:20:00,379.25,379.55,378.65,378.65,24151.0
2026-06-22 10:25:00,378.85,378.95,377.65,378.3,45618.0
2026-06-22 10:30:00,378.3,378.5,377.0,377.0,51578.0
2026-06-22 10:35:00,377.25,377.4,376.55,376.7,87164.0
2026-06-22 10:40:00,376.65,377.8,376.5,377.4,114481.0
2026-06-22 10:45:00,377.5,379.5,377.5,379.1,69656.0
2026-06-22 10:50:00,379.1,379.6,379.0,379.35,32737.0
2026-06-22 10:55:00,379.3,379.5,377.25,377.6,141670.0
2026-06-22 11:00:00,377.6,378.25,377.5,378.25,58367.0
2026-06-22 11:05:00,378.1,378.45,377.8,378.15,48031.0
2026-06-22 11:10:00,378.0,378.5,377.95,378.5,39884.0
2026-06-22 11:15:00,378.35,378.9,378.35,378.8,57014.0
2026-06-22 11:20:00,378.8,379.0,378.45,378.9,54581.0
2026-06-22 11:25:00,378.9,379.05,378.15,378.45,50982.0
2026-06-22 11:30:00,378.45,378.8,378.15,378.55,40590.0
2026-06-22 11:35:00,378.5,378.6,378.25,378.3,26438.0
2026-06-22 11:40:00,378.3,378.75,378.05,378.55,47537.0
2026-06-22 11:45:00,378.55,378.8,378.4,378.65,25749.0
2026-06-22 11:50:00,378.65,378.9,378.4,378.65,30404.0
2026-06-22 11:55:00,378.65,378.75,377.1,377.5,304178.0
2026-06-22 12:00:00,377.3,377.7,377.3,377.7,25849.0
2026-06-22 12:05:00,377.7,377.9,376.9,377.1,43668.0
2026-06-22 12:10:00,377.15,378.45,376.7,378.25,87236.0
2026-06-22 12:15:00,378.25,378.65,378.1,378.6,42832.0
2026-06-22 12:20:00,378.6,378.85,378.5,378.8,31603.0
2026-06-22 12:25:00,378.8,378.85,378.2,378.3,34242.0
2026-06-22 12:30:00,378.45,378.75,378.3,378.4,30598.0
2026-06-22 12:35:00,378.4,378.7,378.2,378.5,35964.0
2026-06-22 12:40:00,378.35,378.75,378.15,378.65,48411.0
2026-06-22 12:45:00,378.65,378.75,378.45,378.65,28078.0
2026-06-22 12:50:00,378.5,379.3,378.5,378.75,79292.0
2026-06-22 12:55:00,378.7,379.05,378.5,378.55,39076.0
2026-06-22 13:00:00,378.55,379.0,378.55,378.85,22809.0
2026-06-22 13:05:00,378.9,379.35,378.65,379.1,53540.0
2026-06-22 13:10:00,379.0,379.15,378.45,378.75,46164.0
2026-06-22 13:15:00,378.75,379.15,378.6,379.0,43063.0
2026-06-22 13:20:00,378.9,379.15,378.25,378.3,69979.0
2026-06-22 13:25:00,378.25,378.75,378.25,378.5,36932.0
2026-06-22 13:30:00,378.5,378.85,378.25,378.7,42559.0
2026-06-22 13:35:00,378.7,378.8,378.4,378.7,43783.0
2026-06-22 13:40:00,378.55,379.15,378.4,378.75,88055.0
2026-06-22 13:45:00,378.55,378.9,378.35,378.7,49162.0
2026-06-22 13:50:00,378.85,379.05,378.65,379.0,30367.0
2026-06-22 13:55:00,379.15,379.25,378.75,379.15,25609.0
2026-06-22 14:00:00,378.8,379.15,378.6,378.95,41767.0
2026-06-22 14:05:00,379.0,379.0,378.0,378.35,142795.0
2026-06-22 14:10:00,378.35,378.9,378.2,378.7,27857.0
2026-06-22 14:15:00,378.7,378.7,377.8,378.25,31963.0
2026-06-22 14:20:00,378.25,378.25,377.75,378.1,43903.0
2026-06-22 14:25:00,378.1,378.5,377.7,377.95,58382.0
2026-06-22 14:30:00,377.95,378.25,377.2,377.3,55457.0
2026-06-22 14:35:00,377.3,377.75,376.8,377.4,105296.0
2026-06-22 14:40:00,377.4,377.75,377.3,377.75,58020.0
2026-06-22 14:45:00,377.65,378.75,377.35,378.7,83013.0
2026-06-22 14:50:00,378.6,379.3,378.5,379.25,162893.0
2026-06-22 14:55:00,379.05,379.05,378.5,378.7,181923.0
2026-06-22 15:00:00,378.8,379.45,378.8,379.4,193452.0
2026-06-22 15:05:00,379.45,379.5,378.8,379.2,251695.0
2026-06-22 15:10:00,379.2,379.45,379.15,379.25,231239.0
2026-06-22 15:15:00,379.2,379.45,377.25,377.9,282863.0
2026-06-22 15:20:00,377.9,378.15,377.45,378.15,254509.0
2026-06-22 15:25:00,378.1,378.35,374.3,377.15,336335.0
2026-06-23 09:15:00,378.5,378.5,374.1,375.9,332242.0
2026-06-23 09:20:00,375.9,376.65,374.75,374.95,281129.0
2026-06-23 09:25:00,374.9,376.25,374.4,376.05,301428.0
2026-06-23 09:30:00,376.25,376.95,375.85,376.5,43299.0
2026-06-23 09:35:00,376.65,376.65,375.9,376.5,45357.0
2026-06-23 09:40:00,376.35,376.8,376.0,376.35,34443.0
2026-06-23 09:45:00,376.3,376.55,375.9,376.25,50256.0
2026-06-23 09:50:00,376.2,376.6,376.05,376.25,39465.0
2026-06-23 09:55:00,376.2,376.3,375.7,376.05,72464.0
2026-06-23 10:00:00,376.0,376.15,375.55,375.65,32294.0
2026-06-23 10:05:00,375.8,375.9,375.15,375.15,54011.0
2026-06-23 10:10:00,375.15,376.25,374.35,374.35,273598.0
2026-06-23 10:15:00,374.2,374.6,374.15,374.4,71509.0
2026-06-23 10:20:00,374.35,374.55,373.6,373.95,58426.0
2026-06-23 10:25:00,374.0,374.0,372.9,373.3,54122.0
2026-06-23 10:30:00,373.3,373.6,372.7,373.5,55349.0
2026-06-23 10:35:00,373.5,374.35,373.5,374.15,37091.0
2026-06-23 10:40:00,374.1,374.85,374.0,374.0,30339.0
2026-06-23 10:45:00,374.15,374.3,373.7,374.25,51502.0
2026-06-23 10:50:00,374.4,374.4,373.85,373.85,31936.0
2026-06-23 10:55:00,374.0,374.0,373.05,373.6,36521.0
2026-06-23 11:00:00,373.5,373.5,372.35,372.8,61637.0
2026-06-23 11:05:00,372.85,373.4,372.7,372.8,79091.0
2026-06-23 11:10:00,372.8,373.0,372.65,372.95,40035.0
2026-06-23 11:15:00,372.95,373.1,372.7,372.95,24567.0
2026-06-23 11:20:00,372.95,373.05,372.45,373.0,24799.0
2026-06-23 11:25:00,372.95,372.95,372.2,372.5,30438.0
2026-06-23 11:30:00,372.45,373.0,372.3,372.7,70428.0
2026-06-23 11:35:00,372.6,372.6,371.8,372.35,134963.0
2026-06-23 11:40:00,372.2,372.9,372.1,372.65,90613.0
2026-06-23 11:45:00,372.9,372.9,371.3,371.45,82344.0
2026-06-23 11:50:00,371.4,371.6,371.0,371.5,63963.0
2026-06-23 11:55:00,371.5,371.6,371.0,371.25,98819.0
2026-06-23 12:00:00,371.1,371.45,371.0,371.0,33979.0
2026-06-23 12:05:00,371.0,371.4,370.6,370.6,119069.0
2026-06-23 12:10:00,370.6,370.65,369.9,370.15,51225.0
2026-06-23 12:15:00,370.15,370.35,369.15,369.3,84740.0
2026-06-23 12:20:00,369.15,369.25,368.25,368.7,143015.0
2026-06-23 12:25:00,368.7,370.25,368.5,370.25,178099.0
2026-06-23 12:30:00,370.25,371.95,369.75,371.25,236530.0
2026-06-23 12:35:00,371.3,371.5,370.9,371.2,49221.0
2026-06-23 12:40:00,371.25,371.5,371.05,371.05,21392.0
2026-06-23 12:45:00,371.15,371.75,370.0,370.4,118474.0
2026-06-23 12:50:00,370.4,370.55,370.0,370.45,88909.0
2026-06-23 12:55:00,370.2,370.3,370.0,370.25,119160.0
2026-06-23 13:00:00,370.05,370.35,370.0,370.2,120794.0
2026-06-23 13:05:00,370.25,370.6,370.05,370.4,26358.0
2026-06-23 13:10:00,370.25,370.75,369.95,369.95,36427.0
2026-06-23 13:15:00,370.0,370.0,369.45,369.95,33806.0
2026-06-23 13:20:00,370.0,370.15,369.7,370.0,26197.0
2026-06-23 13:25:00,370.0,370.0,369.25,369.65,236156.0
2026-06-23 13:30:00,369.75,370.0,369.0,369.85,135370.0
2026-06-23 13:35:00,369.9,370.0,369.1,369.45,34240.0
2026-06-23 13:40:00,369.35,369.65,369.15,369.6,32688.0
2026-06-23 13:45:00,369.6,370.0,369.45,370.0,32870.0
2026-06-23 13:50:00,370.0,370.0,369.35,369.7,33367.0
2026-06-23 13:55:00,369.7,369.7,368.9,369.45,25002.0
2026-06-23 14:00:00,369.4,370.1,368.9,370.0,289925.0
2026-06-23 14:05:00,370.0,370.45,369.05,370.4,57898.0
2026-06-23 14:10:00,370.25,371.0,370.05,370.8,47249.0
2026-06-23 14:15:00,370.7,370.95,370.1,370.1,51749.0
2026-06-23 14:20:00,370.2,370.9,370.15,370.25,34791.0
2026-06-23 14:25:00,370.35,370.55,369.8,370.25,17728.0
2026-06-23 14:30:00,370.2,370.25,369.55,369.95,46568.0
2026-06-23 14:35:00,369.95,370.25,369.3,370.15,54237.0
2026-06-23 14:40:00,370.15,370.7,369.8,370.7,38023.0
2026-06-23 14:45:00,370.7,371.5,370.55,371.5,165013.0
2026-06-23 14:50:00,371.45,372.9,371.45,372.3,229431.0
2026-06-23 14:55:00,372.55,372.85,372.2,372.65,161246.0
2026-06-23 15:00:00,372.8,372.8,370.75,371.2,227701.0
2026-06-23 15:05:00,371.25,372.35,371.15,372.2,243510.0
2026-06-23 15:10:00,372.2,372.5,371.3,371.3,281029.0
2026-06-23 15:15:00,371.3,371.4,370.5,370.6,258900.0
2026-06-23 15:20:00,370.5,371.1,370.45,370.65,195930.0
2026-06-23 15:25:00,370.95,371.8,370.0,371.8,229901.0
2026-06-24 09:15:00,371.75,374.25,371.3,373.6,106126.0
2026-06-24 09:20:00,373.55,375.75,373.55,374.05,181810.0
2026-06-24 09:25:00,374.05,374.8,374.0,374.1,100918.0
2026-06-24 09:30:00,374.4,374.95,374.25,374.55,38242.0
2026-06-24 09:35:00,374.6,374.85,373.75,374.3,55946.0
2026-06-24 09:40:00,374.25,374.45,371.65,372.4,119847.0
2026-06-24 09:45:00,372.3,372.85,371.5,371.6,151240.0
2026-06-24 09:50:00,371.6,371.7,370.35,371.5,158112.0
2026-06-24 09:55:00,371.5,372.7,371.35,372.1,80419.0
2026-06-24 10:00:00,372.2,373.15,372.05,373.1,35739.0
2026-06-24 10:05:00,373.05,374.6,372.65,374.4,59179.0
2026-06-24 10:10:00,374.1,374.9,374.1,374.2,51751.0
2026-06-24 10:15:00,374.45,374.55,374.05,374.1,18250.0
2026-06-24 10:20:00,374.1,374.2,373.65,373.95,56528.0
2026-06-24 10:25:00,373.75,374.05,373.55,373.85,28005.0
2026-06-24 10:30:00,373.85,373.85,373.0,373.7,21233.0
2026-06-24 10:35:00,373.4,373.85,372.7,373.05,81399.0
2026-06-24 10:40:00,373.2,373.6,372.95,373.15,26392.0
2026-06-24 10:45:00,373.45,373.75,372.4,372.6,38114.0
2026-06-24 10:50:00,372.85,373.35,372.35,372.6,38200.0
2026-06-24 10:55:00,372.5,372.9,371.75,371.75,117172.0
2026-06-24 11:00:00,371.9,372.4,371.6,372.0,192359.0
2026-06-24 11:05:00,371.9,373.0,371.8,372.25,198673.0
2026-06-24 11:10:00,372.25,373.55,372.2,373.2,64619.0
2026-06-24 11:15:00,373.2,374.3,373.0,373.25,157513.0
2026-06-24 11:20:00,373.25,373.75,372.85,372.95,137160.0
2026-06-24 11:25:00,373.0,373.0,372.35,372.45,53077.0
2026-06-24 11:30:00,372.6,372.65,371.9,372.5,23862.0
2026-06-24 11:35:00,372.5,373.2,372.5,373.15,34558.0
2026-06-24 11:40:00,373.2,373.8,373.0,373.8,176518.0
2026-06-24 11:45:00,373.75,374.0,373.45,373.9,42952.0
2026-06-24 11:50:00,373.7,374.15,373.6,374.15,67033.0
2026-06-24 11:55:00,374.15,374.7,373.0,373.05,70827.0
2026-06-24 12:00:00,373.05,373.85,373.05,373.5,53200.0
2026-06-24 12:05:00,373.5,373.65,373.1,373.2,25389.0
2026-06-24 12:10:00,373.1,373.15,372.8,373.15,38749.0
2026-06-24 12:15:00,373.15,374.0,372.95,373.35,151252.0
2026-06-24 12:20:00,373.3,374.0,373.25,374.0,100787.0
2026-06-24 12:25:00,374.0,374.7,372.95,373.45,128608.0
2026-06-24 12:30:00,373.35,373.35,372.2,372.9,81589.0
2026-06-24 12:35:00,372.9,373.0,372.55,372.9,26039.0
2026-06-24 12:40:00,372.75,373.0,372.7,373.0,19249.0
2026-06-24 12:45:00,372.95,373.0,372.95,373.0,37379.0
2026-06-24 12:50:00,372.95,373.95,372.9,373.7,125848.0
2026-06-24 12:55:00,373.65,373.7,372.65,373.1,61939.0
2026-06-24 13:00:00,372.95,373.25,372.75,372.9,34553.0
2026-06-24 13:05:00,372.75,373.1,372.5,373.1,19653.0
2026-06-24 13:10:00,373.1,373.35,372.95,373.35,35096.0
2026-06-24 13:15:00,373.35,373.75,372.95,373.0,173251.0
2026-06-24 13:20:00,373.0,373.4,372.95,373.15,40155.0
2026-06-24 13:25:00,373.1,373.3,372.8,372.95,27093.0
2026-06-24 13:30:00,373.0,373.75,372.95,373.55,145735.0
2026-06-24 13:35:00,373.55,373.6,372.5,372.65,132961.0
2026-06-24 13:40:00,372.5,373.0,372.5,373.0,45745.0
2026-06-24 13:45:00,372.85,373.15,372.85,372.95,50425.0
2026-06-24 13:50:00,373.0,373.0,372.95,373.0,46148.0
2026-06-24 13:55:00,373.0,373.95,372.95,373.9,72436.0
2026-06-24 14:00:00,373.75,373.95,373.0,373.35,67937.0
2026-06-24 14:05:00,373.45,374.0,373.1,373.9,46280.0
2026-06-24 14:10:00,374.0,375.0,373.9,374.9,58343.0
2026-06-24 14:15:00,375.0,375.0,374.5,374.75,43615.0
2026-06-24 14:20:00,374.75,374.9,374.15,374.65,54286.0
2026-06-24 14:25:00,374.65,375.25,374.15,375.25,69112.0
2026-06-24 14:30:00,375.25,375.6,375.0,375.5,55369.0
2026-06-24 14:35:00,375.3,375.5,374.7,375.0,56460.0
2026-06-24 14:40:00,375.0,375.2,374.8,375.2,56129.0
2026-06-24 14:45:00,375.0,375.2,374.4,375.0,68909.0
2026-06-24 14:50:00,375.05,376.75,375.05,376.75,115255.0
2026-06-24 14:55:00,376.7,377.5,376.6,377.15,278208.0
2026-06-24 15:00:00,377.15,378.75,376.55,378.1,348569.0
2026-06-24 15:05:00,378.15,378.35,377.0,377.7,301118.0
2026-06-24 15:10:00,377.7,378.05,376.1,376.1,530511.0
2026-06-24 15:15:00,376.2,376.75,375.45,376.3,350093.0
2026-06-24 15:20:00,376.3,377.4,375.85,376.45,442670.0
2026-06-24 15:25:00,376.85,378.0,375.0,377.5,364521.0
2026-06-25 09:15:00,381.0,381.0,377.2,377.2,213130.0
2026-06-25 09:20:00,377.4,378.65,377.25,378.1,116854.0
2026-06-25 09:25:00,378.15,379.3,377.55,378.35,221817.0
2026-06-25 09:30:00,378.9,379.3,378.4,379.0,150022.0
2026-06-25 09:35:00,379.0,379.45,378.4,379.2,171036.0
2026-06-25 09:40:00,379.2,379.9,378.65,379.45,128135.0
2026-06-25 09:45:00,379.7,380.4,379.5,380.25,215671.0
2026-06-25 09:50:00,380.25,381.0,379.85,380.25,45079.0
2026-06-25 09:55:00,380.25,380.4,379.4,380.15,167252.0
2026-06-25 10:00:00,380.1,380.2,378.45,379.15,535350.0
2026-06-25 10:05:00,379.15,379.3,375.75,377.95,593269.0
2026-06-25 10:10:00,378.0,378.05,375.7,376.3,164626.0
2026-06-25 10:15:00,376.35,376.55,376.05,376.1,40205.0
2026-06-25 10:20:00,376.4,376.5,376.1,376.35,21518.0
2026-06-25 10:25:00,376.5,376.5,375.65,375.7,75935.0
2026-06-25 10:30:00,375.7,377.05,375.6,376.3,84742.0
2026-06-25 10:35:00,376.45,376.5,376.1,376.2,12218.0
2026-06-25 10:40:00,376.2,376.25,376.0,376.1,6143.0
2026-06-25 10:45:00,376.05,376.3,376.0,376.25,8670.0
2026-06-25 10:50:00,376.3,376.3,375.0,375.05,23824.0
2026-06-25 10:55:00,375.05,375.15,374.15,374.4,41928.0
2026-06-25 11:00:00,374.4,374.4,373.5,373.6,19714.0
2026-06-25 11:05:00,373.75,373.9,373.4,373.55,11245.0
2026-06-25 11:10:00,373.75,374.7,373.65,374.55,31987.0
2026-06-25 11:15:00,374.55,374.6,374.0,374.35,7960.0
2026-06-25 11:20:00,374.3,375.5,373.75,373.9,122785.0
2026-06-25 11:25:00,373.95,373.95,373.2,373.4,11273.0
2026-06-25 11:30:00,373.6,373.6,373.0,373.6,18024.0
2026-06-25 11:35:00,373.4,373.8,373.15,373.8,13319.0
2026-06-25 11:40:00,374.3,374.3,372.85,373.0,21265.0
2026-06-25 11:45:00,373.0,373.0,372.2,372.75,25183.0
2026-06-25 11:50:00,372.7,373.15,372.6,372.75,17898.0
2026-06-25 11:55:00,372.95,373.7,372.75,373.6,17265.0
2026-06-25 12:00:00,373.75,374.5,373.7,373.8,75423.0
2026-06-25 12:05:00,373.8,373.95,373.15,373.15,9813.0
2026-06-25 12:10:00,373.1,373.5,372.95,373.1,40873.0
2026-06-25 12:15:00,373.25,373.3,373.0,373.05,23674.0
2026-06-25 12:20:00,373.1,373.3,372.1,372.45,48371.0
2026-06-25 12:25:00,372.45,372.45,371.55,371.75,32177.0
2026-06-25 12:30:00,371.75,372.05,371.4,371.65,59318.0
2026-06-25 12:35:00,371.7,372.35,371.3,372.1,106170.0
2026-06-25 12:40:00,372.2,372.75,371.9,372.25,25823.0
2026-06-25 12:45:00,372.25,372.25,371.85,371.95,15838.0
2026-06-25 12:50:00,371.85,371.95,371.4,371.55,35736.0
2026-06-25 12:55:00,371.7,371.7,370.45,371.25,35047.0
2026-06-25 13:00:00,371.2,371.6,370.9,371.4,21498.0
2026-06-25 13:05:00,371.4,371.85,371.25,371.85,14420.0
2026-06-25 13:10:00,371.7,371.95,371.05,371.3,14406.0
2026-06-25 13:15:00,371.35,371.8,371.15,371.8,6469.0
2026-06-25 13:20:00,371.8,372.15,371.4,372.15,16576.0
2026-06-25 13:25:00,372.15,372.15,371.4,371.9,23975.0
2026-06-25 13:30:00,371.85,372.0,371.35,372.0,5717.0
2026-06-25 13:35:00,372.0,372.25,371.75,372.25,39093.0
2026-06-25 13:40:00,372.25,372.45,371.5,371.75,16203.0
2026-06-25 13:45:00,371.65,372.0,371.35,371.95,13503.0
2026-06-25 13:50:00,372.0,372.1,371.25,371.25,14903.0
2026-06-25 13:55:00,371.4,371.75,371.05,371.75,6772.0
2026-06-25 14:00:00,371.5,371.65,371.1,371.4,6077.0
2026-06-25 14:05:00,371.4,371.65,371.0,371.1,17533.0
2026-06-25 14:10:00,371.1,371.3,370.4,370.8,33174.0
2026-06-25 14:15:00,370.65,370.9,370.05,370.35,43542.0
2026-06-25 14:20:00,370.35,370.75,369.95,370.5,89394.0
2026-06-25 14:25:00,370.35,370.55,369.9,370.55,31863.0
2026-06-25 14:30:00,370.55,371.15,370.4,370.85,23219.0
2026-06-25 14:35:00,370.85,371.4,370.8,371.2,12638.0
2026-06-25 14:40:00,371.05,371.25,370.4,370.95,113501.0
2026-06-25 14:45:00,370.95,371.1,370.5,370.65,17856.0
2026-06-25 14:50:00,370.5,371.6,370.2,371.5,16481.0
2026-06-25 14:55:00,371.45,371.9,370.55,371.2,27287.0
2026-06-25 15:00:00,371.2,371.2,370.1,370.7,45999.0
2026-06-25 15:05:00,370.75,371.35,370.35,371.05,123743.0
2026-06-25 15:10:00,371.05,371.15,370.7,370.9,25729.0
2026-06-25 15:15:00,370.75,371.4,370.75,371.3,75659.0
2026-06-25 15:20:00,371.15,371.3,370.4,370.9,91068.0
2026-06-25 15:25:00,370.9,373.65,370.45,373.65,238217.0
2026-06-29 09:15:00,371.5,371.5,363.0,367.9,195694.0
2026-06-29 09:20:00,368.0,368.9,366.5,366.75,67140.0
2026-06-29 09:25:00,366.85,368.1,366.35,367.9,38774.0
2026-06-29 09:30:00,367.8,368.0,366.25,366.25,56463.0
2026-06-29 09:35:00,366.45,367.5,366.2,367.5,41133.0
2026-06-29 09:40:00,367.25,367.75,365.9,366.75,46569.0
2026-06-29 09:45:00,366.55,366.65,365.55,365.55,44297.0
2026-06-29 09:50:00,365.5,366.55,365.5,365.7,55554.0
2026-06-29 09:55:00,365.9,366.9,365.5,366.25,30730.0
2026-06-29 10:00:00,366.25,366.8,366.1,366.25,30342.0
2026-06-29 10:05:00,366.45,367.0,366.25,366.85,22080.0
2026-06-29 10:10:00,366.7,366.7,366.0,366.0,24320.0
2026-06-29 10:15:00,366.15,366.3,364.75,365.25,44702.0
2026-06-29 10:20:00,365.25,366.2,365.25,365.9,28620.0
2026-06-29 10:25:00,365.7,366.8,365.6,366.55,26076.0
2026-06-29 10:30:00,366.55,367.15,366.3,366.5,38647.0
2026-06-29 10:35:00,366.5,366.9,365.65,366.2,66655.0
2026-06-29 10:40:00,366.15,366.35,365.25,365.65,67230.0
2026-06-29 10:45:00,365.65,365.7,364.6,364.7,64078.0
2026-06-29 10:50:00,364.75,366.3,364.25,366.0,34943.0
2026-06-29 10:55:00,366.0,366.45,365.4,365.55,45062.0
2026-06-29 11:00:00,365.55,365.9,365.35,365.75,40055.0
2026-06-29 11:05:00,365.75,365.9,365.0,365.5,34775.0
2026-06-29 11:10:00,365.5,366.1,365.1,365.2,36403.0
2026-06-29 11:15:00,365.2,365.85,365.05,365.6,45380.0
2026-06-29 11:20:00,365.6,365.8,365.25,365.45,30960.0
2026-06-29 11:25:00,365.45,365.75,364.5,364.5,114033.0
2026-06-29 11:30:00,364.5,365.0,364.1,364.15,38496.0
2026-06-29 11:35:00,364.15,365.0,363.85,364.05,97207.0
2026-06-29 11:40:00,364.05,364.1,363.8,363.9,46073.0
2026-06-29 11:45:00,363.9,365.35,363.8,365.2,196769.0
2026-06-29 11:50:00,365.2,365.85,365.1,365.25,99599.0
2026-06-29 11:55:00,365.25,365.4,363.8,364.05,155748.0
2026-06-29 12:00:00,364.1,365.35,364.1,365.1,48808.0
2026-06-29 12:05:00,365.1,365.3,364.75,364.75,30059.0
2026-06-29 12:10:00,364.75,365.0,364.05,364.15,34202.0
2026-06-29 12:15:00,364.15,364.3,363.7,363.9,47043.0
2026-06-29 12:20:00,363.85,364.45,363.85,364.15,23439.0
2026-06-29 12:25:00,364.2,364.35,363.6,363.7,33264.0
2026-06-29 12:30:00,363.85,364.2,363.6,364.15,27003.0
2026-06-29 12:35:00,364.15,364.75,363.8,363.8,32318.0
2026-06-29 12:40:00,363.85,364.2,363.6,364.05,26181.0
2026-06-29 12:45:00,364.1,364.45,363.3,363.35,106489.0
2026-06-29 12:50:00,363.35,363.5,362.9,363.0,103497.0
2026-06-29 12:55:00,363.05,364.05,363.0,363.5,47009.0
2026-06-29 13:00:00,363.5,363.85,362.9,363.3,51539.0
2026-06-29 13:05:00,363.3,364.4,363.05,364.2,63179.0
2026-06-29 13:10:00,364.2,365.6,364.0,365.55,140541.0
2026-06-29 13:15:00,365.55,365.55,364.45,364.5,81441.0
2026-06-29 13:20:00,364.45,365.55,364.3,364.9,63106.0
2026-06-29 13:25:00,364.9,365.4,364.7,364.8,68879.0
2026-06-29 13:30:00,364.8,365.0,364.35,364.4,48085.0
2026-06-29 13:35:00,364.4,365.9,364.35,365.75,120776.0
2026-06-29 13:40:00,365.55,365.8,365.0,365.1,120042.0
2026-06-29 13:45:00,365.15,366.15,364.85,365.65,127284.0
2026-06-29 13:50:00,365.65,366.05,365.1,366.0,136575.0
2026-06-29 13:55:00,365.95,366.7,365.85,366.55,154546.0
2026-06-29 14:00:00,366.65,368.25,366.65,368.0,112512.0
2026-06-29 14:05:00,368.05,368.4,367.8,368.0,77572.0
2026-06-29 14:10:00,367.8,368.45,367.6,368.25,89410.0
2026-06-29 14:15:00,368.3,368.4,367.6,367.85,77750.0
2026-06-29 14:20:00,367.85,368.25,367.4,367.8,79717.0
2026-06-29 14:25:00,367.6,368.2,367.35,367.95,70089.0
2026-06-29 14:30:00,368.05,368.4,367.55,368.1,60519.0
2026-06-29 14:35:00,368.05,368.45,367.8,368.0,70087.0
2026-06-29 14:40:00,368.1,368.5,367.8,368.1,75751.0
2026-06-29 14:45:00,368.05,368.05,366.25,366.4,105903.0
2026-06-29 14:50:00,366.4,367.25,366.15,366.7,66000.0
2026-06-29 14:55:00,366.75,367.15,366.2,366.45,68873.0
2026-06-29 15:00:00,366.45,366.45,362.95,363.35,1163096.0
2026-06-29 15:05:00,363.05,366.1,362.25,364.55,1422986.0
2026-06-29 15:10:00,364.65,365.8,363.05,364.15,1310255.0
2026-06-29 15:15:00,364.05,364.35,362.85,362.95,1239437.0
2026-06-29 15:20:00,362.75,364.35,362.55,364.35,1296702.0
2026-06-29 15:25:00,364.1,365.6,363.4,363.55,836279.0
2026-06-30 09:15:00,365.95,367.95,365.15,367.9,200799.0
2026-06-30 09:20:00,367.65,368.0,365.0,365.45,145413.0
2026-06-30 09:25:00,365.5,365.55,364.0,364.65,114705.0
2026-06-30 09:30:00,364.65,367.2,364.25,367.2,129058.0
2026-06-30 09:35:00,367.0,367.15,365.3,365.3,103913.0
2026-06-30 09:40:00,365.3,365.7,364.8,365.45,66610.0
2026-06-30 09:45:00,365.45,365.7,365.05,365.3,43259.0
2026-06-30 09:50:00,365.3,368.55,365.25,368.55,66968.0
2026-06-30 09:55:00,368.25,371.0,368.2,370.55,93348.0
2026-06-30 10:00:00,370.55,370.55,369.6,370.2,99166.0
2026-06-30 10:05:00,370.2,370.4,368.75,368.85,42479.0
2026-06-30 10:10:00,368.9,369.9,368.9,369.4,31189.0
2026-06-30 10:15:00,369.5,369.75,368.85,368.95,49974.0
2026-06-30 10:20:00,369.15,369.25,367.45,368.2,45179.0
2026-06-30 10:25:00,368.2,368.65,368.1,368.4,21258.0
2026-06-30 10:30:00,368.4,368.55,367.85,368.1,23460.0
2026-06-30 10:35:00,368.1,368.65,367.8,368.0,13734.0
2026-06-30 10:40:00,367.95,368.0,366.85,367.05,26333.0
2026-06-30 10:45:00,366.85,367.65,366.8,367.65,16561.0
2026-06-30 10:50:00,367.65,368.4,367.45,368.0,23516.0
2026-06-30 10:55:00,368.0,368.25,367.15,367.25,20669.0
2026-06-30 11:00:00,367.25,367.4,366.05,366.7,52622.0
2026-06-30 11:05:00,367.3,367.45,365.9,367.3,153436.0
2026-06-30 11:10:00,367.25,367.4,366.4,367.05,170478.0
2026-06-30 11:15:00,367.05,367.6,365.85,365.85,70122.0
2026-06-30 11:20:00,365.85,367.65,365.85,367.6,126870.0
2026-06-30 11:25:00,367.6,367.6,367.15,367.25,39998.0
2026-06-30 11:30:00,367.25,367.45,366.8,367.45,17141.0
2026-06-30 11:35:00,367.45,367.45,366.05,366.65,54656.0
2026-06-30 11:40:00,366.85,366.95,365.8,366.0,32554.0
2026-06-30 11:45:00,366.1,366.1,365.5,365.7,20243.0
2026-06-30 11:50:00,365.7,366.15,365.65,366.15,11345.0
2026-06-30 11:55:00,366.25,366.65,365.6,366.6,15705.0
2026-06-30 12:00:00,366.55,366.65,366.3,366.55,11175.0
2026-06-30 12:05:00,366.55,366.75,366.45,366.65,8726.0
2026-06-30 12:10:00,366.5,366.6,365.15,365.7,18964.0
2026-06-30 12:15:00,365.7,365.95,365.55,365.85,11784.0
2026-06-30 12:20:00,365.85,366.0,365.5,365.95,17647.0
2026-06-30 12:25:00,365.95,365.95,365.5,365.7,11324.0
2026-06-30 12:30:00,365.75,365.8,365.1,365.65,16484.0
2026-06-30 12:35:00,365.65,366.1,365.55,366.05,18119.0
2026-06-30 12:40:00,366.05,366.35,365.7,365.95,10815.0
2026-06-30 12:45:00,365.95,366.1,365.4,366.05,15577.0
2026-06-30 12:50:00,366.05,366.3,365.65,366.25,19594.0
2026-06-30 12:55:00,366.25,366.35,365.45,365.85,18803.0
2026-06-30 13:00:00,365.85,365.95,364.85,365.1,45318.0
2026-06-30 13:05:00,365.3,365.45,364.85,365.3,12546.0
2026-06-30 13:10:00,365.35,366.3,365.3,366.2,25960.0
2026-06-30 13:15:00,366.25,366.85,366.2,366.85,37697.0
2026-06-30 13:20:00,366.85,366.95,365.85,366.2,18839.0
2026-06-30 13:25:00,366.5,367.55,366.45,367.55,22847.0
2026-06-30 13:30:00,367.6,368.4,367.4,368.1,51184.0
2026-06-30 13:35:00,368.2,368.2,367.75,367.95,20327.0
2026-06-30 13:40:00,367.9,368.25,367.75,368.0,24866.0
2026-06-30 13:45:00,368.05,368.3,367.8,368.2,23173.0
2026-06-30 13:50:00,368.2,368.2,367.25,367.25,41525.0
2026-06-30 13:55:00,367.4,367.4,366.55,366.75,7473.0
2026-06-30 14:00:00,366.95,367.05,366.3,366.45,33873.0
2026-06-30 14:05:00,366.6,367.4,366.35,367.35,29768.0
2026-06-30 14:10:00,367.35,367.35,366.8,367.25,17111.0
2026-06-30 14:15:00,367.25,367.55,366.95,367.55,18553.0
2026-06-30 14:20:00,367.4,368.6,367.2,368.6,17293.0
2026-06-30 14:25:00,368.7,369.75,368.6,369.1,68401.0
2026-06-30 14:30:00,368.85,370.1,368.8,370.0,66490.0
2026-06-30 14:35:00,370.0,370.05,369.35,369.55,15649.0
2026-06-30 14:40:00,369.65,369.9,369.1,369.3,32212.0
2026-06-30 14:45:00,369.65,370.85,369.0,370.7,76963.0
2026-06-30 14:50:00,370.85,370.85,369.45,369.8,72892.0
2026-06-30 14:55:00,369.95,370.75,369.65,370.4,47552.0
2026-06-30 15:00:00,370.3,370.3,369.0,369.3,208107.0
2026-06-30 15:05:00,369.35,370.15,369.2,369.8,75487.0
2026-06-30 15:10:00,369.8,370.2,369.3,370.2,105202.0
2026-06-30 15:15:00,370.2,370.2,368.25,368.6,160228.0
2026-06-30 15:20:00,368.85,368.85,367.65,368.6,191359.0
2026-06-30 15:25:00,368.6,369.85,368.0,369.1,131652.0
2026-07-01 09:15:00,369.15,370.75,365.2,367.7,191993.0
2026-07-01 09:20:00,367.7,367.8,366.8,367.25,38536.0
2026-07-01 09:25:00,367.25,368.0,367.05,367.8,17704.0
2026-07-01 09:30:00,367.8,368.45,366.95,367.05,39002.0
2026-07-01 09:35:00,367.3,367.7,366.95,367.6,34970.0
2026-07-01 09:40:00,367.75,368.05,366.95,367.35,31889.0
2026-07-01 09:45:00,367.3,367.85,366.95,366.95,13173.0
2026-07-01 09:50:00,367.05,367.75,366.8,367.45,18573.0
2026-07-01 09:55:00,367.6,367.75,366.9,367.25,11948.0
2026-07-01 10:00:00,367.75,367.75,365.7,366.4,41951.0
2026-07-01 10:05:00,366.45,366.8,366.25,366.8,13766.0
2026-07-01 10:10:00,366.8,369.05,366.6,369.0,36713.0
2026-07-01 10:15:00,368.8,369.5,368.8,369.5,25496.0
2026-07-01 10:20:00,369.6,369.6,368.35,368.8,37601.0
2026-07-01 10:25:00,368.8,368.8,368.05,368.35,19098.0
2026-07-01 10:30:00,368.45,368.75,366.2,366.55,110563.0
2026-07-01 10:35:00,366.5,366.5,365.55,365.6,28853.0
2026-07-01 10:40:00,365.65,365.95,365.1,365.25,37681.0
2026-07-01 10:45:00,365.1,365.85,365.05,365.7,28695.0
2026-07-01 10:50:00,365.75,366.2,365.55,365.95,25229.0
2026-07-01 10:55:00,365.95,366.15,365.7,365.8,18571.0
2026-07-01 11:00:00,366.1,366.15,364.3,364.65,56630.0
2026-07-01 11:05:00,364.75,365.0,364.55,365.0,20025.0
2026-07-01 11:10:00,365.0,365.0,364.65,365.0,224871.0
2026-07-01 11:15:00,365.0,365.0,364.7,364.95,86346.0
2026-07-01 11:20:00,364.95,365.0,364.55,364.7,17992.0
2026-07-01 11:25:00,364.7,364.9,363.35,363.7,51981.0
2026-07-01 11:30:00,363.7,364.1,363.5,363.5,17516.0
2026-07-01 11:35:00,363.65,363.7,363.1,363.35,27023.0
2026-07-01 11:40:00,363.35,363.5,361.35,362.2,93139.0
2026-07-01 11:45:00,362.2,362.4,361.95,361.95,32198.0
2026-07-01 11:50:00,361.9,362.45,361.9,362.35,33451.0
2026-07-01 11:55:00,362.2,362.9,361.7,362.55,32389.0
2026-07-01 12:00:00,362.55,362.7,361.7,361.95,24378.0
2026-07-01 12:05:00,361.95,362.15,361.75,362.05,19091.0
2026-07-01 12:10:00,362.0,362.25,361.75,362.0,20012.0
2026-07-01 12:15:00,361.9,362.85,361.7,362.75,52878.0
2026-07-01 12:20:00,362.75,362.75,361.9,362.45,61794.0
2026-07-01 12:25:00,362.45,362.8,361.9,362.0,29159.0
2026-07-01 12:30:00,362.15,362.45,362.0,362.0,10832.0
2026-07-01 12:35:00,362.0,362.05,361.0,361.25,72883.0
2026-07-01 12:40:00,361.25,361.35,359.65,359.9,127119.0
2026-07-01 12:45:00,359.7,360.6,358.5,358.75,188659.0
2026-07-01 12:50:00,358.9,359.75,358.6,358.9,52413.0
2026-07-01 12:55:00,358.95,359.6,358.65,359.45,18630.0
2026-07-01 13:00:00,359.45,359.85,358.5,359.0,103304.0
2026-07-01 13:05:00,359.05,359.55,358.9,359.35,21516.0
2026-07-01 13:10:00,359.4,359.75,359.2,359.7,22085.0
2026-07-01 13:15:00,359.7,360.6,359.55,360.6,33220.0
2026-07-01 13:20:00,360.55,360.65,360.2,360.5,25756.0
2026-07-01 13:25:00,360.3,360.85,360.2,360.25,55520.0
2026-07-01 13:30:00,360.4,360.85,360.0,360.85,35219.0
2026-07-01 13:35:00,360.65,361.45,360.65,361.0,40414.0
2026-07-01 13:40:00,361.15,361.45,360.75,360.8,37207.0
2026-07-01 13:45:00,360.9,361.0,360.4,360.7,37486.0
2026-07-01 13:50:00,360.7,360.7,360.4,360.4,14535.0
2026-07-01 13:55:00,360.25,361.05,360.1,360.4,41288.0
2026-07-01 14:00:00,360.2,361.1,360.0,361.1,36693.0
2026-07-01 14:05:00,361.1,362.0,361.1,361.8,44665.0
2026-07-01 14:10:00,361.8,362.55,361.45,362.15,44544.0
2026-07-01 14:15:00,362.0,363.0,361.9,362.45,72429.0
2026-07-01 14:20:00,362.4,362.55,361.6,362.5,42810.0
2026-07-01 14:25:00,362.5,362.7,361.2,361.25,64627.0
2026-07-01 14:30:00,361.35,361.6,361.1,361.2,15538.0
2026-07-01 14:35:00,361.2,361.3,360.75,360.95,19963.0
2026-07-01 14:40:00,360.9,362.7,360.65,362.65,262290.0
2026-07-01 14:45:00,362.65,363.25,362.6,363.05,47454.0
2026-07-01 14:50:00,362.95,363.65,362.85,363.4,87737.0
2026-07-01 14:55:00,363.5,364.05,363.0,363.8,85672.0
2026-07-01 15:00:00,363.9,363.95,362.9,363.3,97221.0
2026-07-01 15:05:00,363.2,363.45,362.55,362.9,66979.0
2026-07-01 15:10:00,362.85,362.95,361.0,361.6,235323.0
2026-07-01 15:15:00,361.6,361.75,361.0,361.45,100057.0
2026-07-01 15:20:00,361.45,362.1,360.6,361.85,153587.0
2026-07-01 15:25:00,361.8,362.1,360.8,361.9,103377.0
2026-07-02 09:15:00,363.4,365.85,361.3,361.65,91558.0
2026-07-02 09:20:00,361.6,361.7,359.7,360.35,67838.0
2026-07-02 09:25:00,360.3,361.3,360.15,360.55,37295.0
2026-07-02 09:30:00,360.45,361.3,360.2,360.8,36716.0
2026-07-02 09:35:00,360.85,362.75,360.85,362.5,38816.0
2026-07-02 09:40:00,362.65,362.65,361.7,361.9,24128.0
2026-07-02 09:45:00,361.8,362.15,361.5,362.0,26221.0
2026-07-02 09:50:00,362.05,362.15,360.55,361.25,53995.0
2026-07-02 09:55:00,361.3,361.5,360.8,361.4,12874.0
2026-07-02 10:00:00,361.35,361.6,360.4,360.75,58898.0
2026-07-02 10:05:00,360.75,360.8,359.5,360.3,101059.0
2026-07-02 10:10:00,360.3,360.85,359.9,360.15,24969.0
2026-07-02 10:15:00,359.95,360.6,359.05,360.05,48405.0
2026-07-02 10:20:00,360.2,360.6,359.6,359.8,23946.0
2026-07-02 10:25:00,359.8,360.15,359.3,359.7,36826.0
2026-07-02 10:30:00,359.65,359.7,359.05,359.3,17447.0
2026-07-02 10:35:00,359.25,359.5,359.05,359.45,35067.0
2026-07-02 10:40:00,359.4,360.45,359.0,360.45,46715.0
2026-07-02 10:45:00,360.35,360.35,359.2,359.35,17956.0
2026-07-02 10:50:00,359.2,359.45,358.9,358.95,19355.0
2026-07-02 10:55:00,358.85,359.3,358.4,359.05,55697.0
2026-07-02 11:00:00,358.85,359.15,358.0,358.25,51135.0
2026-07-02 11:05:00,358.3,358.35,357.05,357.7,73219.0
2026-07-02 11:10:00,357.7,357.8,357.35,357.75,19665.0
2026-07-02 11:15:00,357.8,357.85,357.2,357.2,18613.0
2026-07-02 11:20:00,357.4,357.85,357.2,357.75,7424.0
2026-07-02 11:25:00,357.75,357.95,357.4,357.6,17802.0
2026-07-02 11:30:00,357.6,357.85,356.65,357.25,94551.0
2026-07-02 11:35:00,357.1,357.3,356.35,356.35,21068.0
2026-07-02 11:40:00,356.55,356.7,356.0,356.5,32733.0
2026-07-02 11:45:00,356.55,356.95,356.45,356.85,15907.0
2026-07-02 11:50:00,356.85,357.3,356.7,357.15,13267.0
2026-07-02 11:55:00,357.15,357.25,356.6,356.9,5044.0
2026-07-02 12:00:00,356.85,356.9,356.6,356.6,7923.0
2026-07-02 12:05:00,356.75,356.8,356.3,356.55,13715.0
2026-07-02 12:10:00,356.5,357.6,356.15,357.2,99107.0
2026-07-02 12:15:00,357.1,357.25,356.5,357.15,36994.0
2026-07-02 12:20:00,357.15,358.05,356.85,357.75,18235.0
2026-07-02 12:25:00,357.75,358.2,357.5,357.85,20194.0
2026-07-02 12:30:00,357.85,357.85,357.2,357.3,13811.0
2026-07-02 12:35:00,357.55,357.9,357.35,357.8,10237.0
2026-07-02 12:40:00,357.75,357.8,356.6,356.7,75584.0
2026-07-02 12:45:00,356.65,356.7,356.3,356.4,27290.0
2026-07-02 12:50:00,356.4,356.4,355.3,355.95,37024.0
2026-07-02 12:55:00,355.9,355.9,355.1,355.35,41466.0
2026-07-02 13:00:00,355.5,356.0,355.25,355.9,12603.0
2026-07-02 13:05:00,356.1,356.85,355.85,356.7,19265.0
2026-07-02 13:10:00,356.6,356.95,356.6,356.9,11106.0
2026-07-02 13:15:00,356.9,357.2,356.7,356.9,13540.0
2026-07-02 13:20:00,356.9,356.95,356.45,356.85,6908.0
2026-07-02 13:25:00,356.65,356.85,356.4,356.5,6573.0
2026-07-02 13:30:00,356.45,356.85,356.05,356.75,13417.0
2026-07-02 13:35:00,356.65,356.9,356.05,356.85,20958.0
2026-07-02 13:40:00,356.85,356.9,356.3,356.65,19271.0
2026-07-02 13:45:00,356.65,356.65,356.05,356.55,10863.0
2026-07-02 13:50:00,356.55,357.0,356.5,356.7,17784.0
2026-07-02 13:55:00,356.7,356.8,356.3,356.8,3910.0
2026-07-02 14:00:00,356.8,356.95,356.5,356.85,4990.0
2026-07-02 14:05:00,356.85,357.0,355.9,356.15,78950.0
2026-07-02 14:10:00,356.15,356.2,355.25,355.7,32582.0
2026-07-02 14:15:00,355.7,356.25,355.0,355.9,81951.0
2026-07-02 14:20:00,355.9,356.35,355.7,356.05,26149.0
2026-07-02 14:25:00,356.05,356.3,355.6,355.9,20565.0
2026-07-02 14:30:00,355.9,356.15,355.65,356.0,26422.0
2026-07-02 14:35:00,355.85,356.4,355.6,356.1,29830.0
2026-07-02 14:40:00,356.1,356.1,355.3,355.6,35511.0
2026-07-02 14:45:00,355.75,356.15,355.4,355.75,32956.0
2026-07-02 14:50:00,355.9,356.25,355.65,355.85,25544.0
2026-07-02 14:55:00,355.65,356.15,355.65,356.15,22504.0
2026-07-02 15:00:00,356.15,356.3,355.7,356.0,47769.0
2026-07-02 15:05:00,356.0,356.1,355.6,355.75,39914.0
2026-07-02 15:10:00,355.75,356.05,355.6,355.75,89053.0
2026-07-02 15:15:00,355.9,355.9,355.05,355.25,109884.0
2026-07-02 15:20:00,355.35,355.5,355.0,355.25,160152.0
2026-07-02 15:25:00,355.3,355.5,354.7,355.45,118020.0
2026-07-03 09:15:00,358.0,358.1,355.3,357.85,154183.0
2026-07-03 09:20:00,357.85,359.35,357.25,358.0,77975.0
2026-07-03 09:25:00,357.85,358.3,357.55,357.85,30397.0
2026-07-03 09:30:00,357.75,358.5,357.7,358.2,29605.0
2026-07-03 09:35:00,358.25,358.95,357.2,357.55,118218.0
2026-07-03 09:40:00,357.45,360.85,357.3,359.9,193432.0
2026-07-03 09:45:00,360.1,360.15,359.45,359.8,19713.0
2026-07-03 09:50:00,359.8,363.5,359.75,363.2,214979.0
2026-07-03 09:55:00,363.3,364.0,362.5,362.75,150924.0
2026-07-03 10:00:00,362.85,363.2,360.4,360.85,169424.0
2026-07-03 10:05:00,360.85,361.25,360.25,361.05,64896.0
2026-07-03 10:10:00,361.0,361.9,360.65,361.15,34638.0
2026-07-03 10:15:00,361.2,361.4,359.5,359.85,72631.0
2026-07-03 10:20:00,360.0,360.4,359.45,360.0,11250.0
2026-07-03 10:25:00,360.0,360.25,359.5,359.85,11785.0
2026-07-03 10:30:00,359.6,360.15,359.6,359.75,10401.0
2026-07-03 10:35:00,359.85,360.1,359.3,359.6,22350.0
2026-07-03 10:40:00,359.75,360.0,358.95,359.25,59106.0
2026-07-03 10:45:00,359.3,359.55,358.55,359.2,13632.0
2026-07-03 10:50:00,359.1,359.25,358.6,358.85,11388.0
2026-07-03 10:55:00,358.6,359.35,358.5,358.9,23537.0
2026-07-03 11:00:00,358.9,359.65,358.6,359.25,20625.0
2026-07-03 11:05:00,359.35,359.9,359.3,359.45,17475.0
2026-07-03 11:10:00,359.3,359.6,359.1,359.25,11448.0
2026-07-03 11:15:00,359.35,359.9,359.2,359.7,9995.0
2026-07-03 11:20:00,359.8,359.95,357.75,358.2,295704.0
2026-07-03 11:25:00,358.2,358.9,358.2,358.8,16536.0
2026-07-03 11:30:00,358.85,359.2,358.5,358.95,13840.0
2026-07-03 11:35:00,358.9,359.25,358.6,359.25,19989.0
2026-07-03 11:40:00,359.3,360.05,359.1,359.85,39401.0
2026-07-03 11:45:00,360.0,360.35,359.55,360.2,27661.0
2026-07-03 11:50:00,360.2,360.2,359.2,359.7,84326.0
2026-07-03 11:55:00,359.65,359.7,359.0,359.2,66445.0
2026-07-03 12:00:00,359.35,359.4,358.8,359.15,11089.0
2026-07-03 12:05:00,359.2,359.6,359.15,359.2,5670.0
2026-07-03 12:10:00,359.25,359.3,358.9,359.0,7516.0
2026-07-03 12:15:00,359.05,359.45,358.95,359.4,3483.0
2026-07-03 12:20:00,359.4,359.45,358.8,358.95,3329.0
2026-07-03 12:25:00,358.8,359.1,358.6,359.05,8990.0
2026-07-03 12:30:00,359.05,359.1,358.45,358.7,8115.0
2026-07-03 12:35:00,358.7,359.05,357.05,357.55,104392.0
2026-07-03 12:40:00,357.5,358.2,357.2,358.0,28730.0
2026-07-03 12:45:00,357.9,358.3,357.5,358.0,18362.0
2026-07-03 12:50:00,358.15,358.55,358.0,358.05,6024.0
2026-07-03 12:55:00,358.1,358.35,357.65,358.15,45400.0
2026-07-03 13:00:00,358.3,358.3,357.8,357.8,17676.0
2026-07-03 13:05:00,357.85,357.85,357.3,357.6,96844.0
2026-07-03 13:10:00,357.75,358.65,357.65,358.1,151330.0
2026-07-03 13:15:00,358.25,358.85,357.95,358.5,17504.0
2026-07-03 13:20:00,358.7,358.95,358.55,358.65,8560.0
2026-07-03 13:25:00,358.9,358.9,358.1,358.3,23859.0
2026-07-03 13:30:00,358.3,358.3,357.75,357.8,17099.0
2026-07-03 13:35:00,357.95,358.2,357.8,358.1,10348.0
2026-07-03 13:40:00,358.15,358.5,357.95,358.1,9394.0
2026-07-03 13:45:00,358.0,358.45,357.9,358.2,4815.0
2026-07-03 13:50:00,358.4,358.5,357.75,357.95,106029.0
2026-07-03 13:55:00,357.95,358.05,357.65,357.8,71841.0
2026-07-03 14:00:00,357.85,358.0,357.5,357.85,16604.0
2026-07-03 14:05:00,357.85,358.05,357.65,358.0,22849.0
2026-07-03 14:10:00,358.0,360.15,357.75,358.65,325257.0
2026-07-03 14:15:00,358.75,359.4,357.95,359.2,393784.0
2026-07-03 14:20:00,359.2,359.3,358.0,359.15,375449.0
2026-07-03 14:25:00,359.2,359.5,358.15,358.3,57226.0
2026-07-03 14:30:00,358.2,359.45,358.2,359.15,342963.0
2026-07-03 14:35:00,359.3,359.6,359.1,359.5,39387.0
2026-07-03 14:40:00,359.5,363.2,359.35,362.9,280606.0
2026-07-03 14:45:00,362.85,363.4,362.55,362.95,103061.0
2026-07-03 14:50:00,362.8,363.0,361.4,361.65,65446.0
2026-07-03 14:55:00,361.65,362.0,361.4,361.5,20952.0
2026-07-03 15:00:00,361.45,361.95,361.3,361.8,60321.0
2026-07-03 15:05:00,361.85,362.7,361.75,362.3,54529.0
2026-07-03 15:10:00,362.4,362.75,361.5,361.75,63344.0
2026-07-03 15:15:00,361.35,362.1,361.0,361.25,111961.0
2026-07-03 15:20:00,361.25,361.45,360.25,360.35,88337.0
2026-07-03 15:25:00,360.35,360.65,358.8,359.45,179121.0
2026-07-06 09:15:00,358.75,364.95,356.9,363.85,711121.0
2026-07-06 09:20:00,364.05,365.0,360.6,361.4,144088.0
2026-07-06 09:25:00,361.5,361.8,359.15,359.5,146629.0
2026-07-06 09:30:00,359.5,360.5,359.05,359.9,69336.0
2026-07-06 09:35:00,360.0,360.55,359.35,359.95,38098.0
2026-07-06 09:40:00,359.95,361.6,359.95,361.0,53293.0
2026-07-06 09:45:00,361.05,361.7,360.35,360.45,40685.0
2026-07-06 09:50:00,360.55,360.6,359.7,360.0,29711.0
2026-07-06 09:55:00,360.15,360.15,359.6,360.15,15731.0
2026-07-06 10:00:00,360.15,360.95,360.1,360.5,26056.0
2026-07-06 10:05:00,360.7,361.3,360.45,361.3,33426.0
2026-07-06 10:10:00,361.2,361.3,360.1,360.35,20703.0
2026-07-06 10:15:00,360.25,361.45,360.15,360.55,62620.0
2026-07-06 10:20:00,360.45,360.45,359.6,360.15,38812.0
2026-07-06 10:25:00,360.05,360.8,359.75,359.85,21829.0
2026-07-06 10:30:00,359.9,360.45,359.8,359.9,12603.0
2026-07-06 10:35:00,359.85,360.15,359.55,359.6,10796.0
2026-07-06 10:40:00,359.6,359.9,359.1,359.1,32326.0
2026-07-06 10:45:00,359.3,360.8,359.2,360.65,26040.0
2026-07-06 10:50:00,360.9,361.2,360.25,360.45,17577.0
2026-07-06 10:55:00,360.45,361.4,360.2,360.85,23252.0
2026-07-06 11:00:00,360.85,362.55,360.7,361.9,41361.0
2026-07-06 11:05:00,362.0,362.35,361.45,361.9,20600.0
2026-07-06 11:10:00,361.95,362.0,361.4,361.4,7946.0
2026-07-06 11:15:00,361.35,361.4,360.6,360.9,13334.0
2026-07-06 11:20:00,360.75,361.7,360.75,361.65,12930.0
2026-07-06 11:25:00,361.65,361.85,361.4,361.45,11016.0
2026-07-06 11:30:00,361.5,363.0,361.15,362.95,32585.0
2026-07-06 11:35:00,362.75,363.25,362.55,362.75,36235.0
2026-07-06 11:40:00,362.7,363.1,362.55,363.1,26326.0
2026-07-06 11:45:00,362.9,363.1,362.5,362.7,18989.0
2026-07-06 11:50:00,362.7,362.7,361.9,362.2,23574.0
2026-07-06 11:55:00,362.2,362.95,362.2,362.95,18767.0
2026-07-06 12:00:00,362.8,365.8,362.5,364.85,188794.0
2026-07-06 12:05:00,364.85,365.0,364.0,364.6,109284.0
2026-07-06 12:10:00,364.6,365.0,364.45,364.95,41729.0
2026-07-06 12:15:00,364.75,365.3,363.3,363.7,318256.0
2026-07-06 12:20:00,363.7,363.95,363.2,363.4,63884.0
2026-07-06 12:25:00,363.65,363.7,363.2,363.5,34056.0
2026-07-06 12:30:00,363.5,364.8,363.4,364.1,99484.0
2026-07-06 12:35:00,364.25,364.25,363.05,363.55,30196.0
2026-07-06 12:40:00,363.6,364.25,363.4,364.2,54598.0
2026-07-06 12:45:00,364.2,364.2,363.45,363.8,30450.0
2026-07-06 12:50:00,363.8,363.9,363.0,363.3,25598.0
2026-07-06 12:55:00,363.35,363.85,363.2,363.85,27309.0
2026-07-06 13:00:00,363.85,363.9,363.35,363.75,27043.0
2026-07-06 13:05:00,363.75,363.75,363.5,363.75,17097.0
2026-07-06 13:10:00,363.75,363.75,362.9,363.15,26039.0
2026-07-06 13:15:00,363.2,363.4,363.0,363.15,30672.0
2026-07-06 13:20:00,363.05,363.1,362.1,362.4,41003.0
2026-07-06 13:25:00,362.2,363.0,362.1,363.0,43783.0
2026-07-06 13:30:00,363.0,363.85,362.8,363.15,51145.0
2026-07-06 13:35:00,363.0,363.15,362.9,363.1,16332.0
2026-07-06 13:40:00,363.1,363.95,362.9,363.6,40377.0
2026-07-06 13:45:00,363.6,364.35,363.3,364.25,54039.0
2026-07-06 13:50:00,364.25,364.65,364.05,364.5,38949.0
2026-07-06 13:55:00,364.5,364.6,364.0,364.25,24654.0
2026-07-06 14:00:00,364.25,364.95,364.05,364.95,29778.0
2026-07-06 14:05:00,364.9,365.7,364.85,365.15,88871.0
2026-07-06 14:10:00,365.15,367.55,365.0,367.3,133200.0
2026-07-06 14:15:00,367.3,367.95,366.65,367.95,89929.0
2026-07-06 14:20:00,367.9,367.95,366.75,367.15,142889.0
2026-07-06 14:25:00,366.85,367.5,366.8,367.25,90462.0
2026-07-06 14:30:00,367.25,368.1,366.55,367.6,116213.0
2026-07-06 14:35:00,367.6,368.0,366.85,367.8,95319.0
2026-07-06 14:40:00,367.75,368.0,367.05,367.3,83211.0
2026-07-06 14:45:00,367.3,367.35,366.45,366.55,79227.0
2026-07-06 14:50:00,366.5,367.95,366.3,367.75,135381.0
2026-07-06 14:55:00,367.85,367.95,367.1,367.4,165176.0
2026-07-06 15:00:00,367.25,367.75,367.2,367.5,207159.0
2026-07-06 15:05:00,367.45,368.6,367.4,368.6,253174.0
2026-07-06 15:10:00,368.6,368.95,368.4,368.65,233480.0
2026-07-06 15:15:00,368.45,368.7,367.85,368.3,224851.0
2026-07-06 15:20:00,368.35,369.95,368.15,369.05,364141.0
2026-07-06 15:25:00,369.2,370.2,368.0,368.75,464016.0
2026-07-07 09:15:00,368.6,371.0,365.4,371.0,183206.0
2026-07-07 09:20:00,370.95,372.85,370.2,372.35,127690.0
2026-07-07 09:25:00,372.5,374.45,372.0,374.4,538551.0
2026-07-07 09:30:00,374.4,374.4,370.7,372.15,371615.0
2026-07-07 09:35:00,372.2,373.2,372.05,372.2,110246.0
2026-07-07 09:40:00,372.3,372.9,371.9,372.7,66516.0
2026-07-07 09:45:00,372.55,372.7,371.85,372.15,51632.0
2026-07-07 09:50:00,372.1,372.65,371.4,371.8,204240.0
2026-07-07 09:55:00,371.75,372.4,371.7,371.95,90545.0
2026-07-07 10:00:00,371.9,372.4,371.4,372.35,69372.0
2026-07-07 10:05:00,372.35,372.95,372.0,372.3,142715.0
2026-07-07 10:10:00,372.3,372.4,371.7,372.05,188206.0
2026-07-07 10:15:00,372.05,372.5,371.65,372.35,34918.0
2026-07-07 10:20:00,372.4,372.4,372.0,372.1,94164.0
2026-07-07 10:25:00,372.1,373.4,372.0,373.0,56180.0
2026-07-07 10:30:00,372.95,373.0,372.05,372.35,42595.0
2026-07-07 10:35:00,372.25,373.3,372.2,373.0,28633.0
2026-07-07 10:40:00,372.95,373.1,372.15,372.75,29454.0
2026-07-07 10:45:00,372.75,373.0,372.35,372.8,16384.0
2026-07-07 10:50:00,372.8,373.5,372.5,372.8,64833.0
2026-07-07 10:55:00,372.75,372.8,372.1,372.3,28738.0
2026-07-07 11:00:00,372.25,372.5,371.45,372.2,209099.0
2026-07-07 11:05:00,372.15,373.5,372.05,372.8,109752.0
2026-07-07 11:10:00,372.7,373.35,372.1,372.95,54696.0
2026-07-07 11:15:00,372.85,372.85,371.75,372.15,52545.0
2026-07-07 11:20:00,372.1,372.5,372.0,372.15,46396.0
2026-07-07 11:25:00,372.05,372.65,372.0,372.35,12522.0
2026-07-07 11:30:00,372.5,372.5,372.0,372.1,20242.0
2026-07-07 11:35:00,372.05,372.35,372.0,372.15,9715.0
2026-07-07 11:40:00,372.1,372.6,371.95,372.15,13391.0
2026-07-07 11:45:00,372.25,372.6,372.2,372.5,8324.0
2026-07-07 11:50:00,372.5,372.7,372.25,372.25,10594.0
2026-07-07 11:55:00,372.25,372.7,372.2,372.5,20824.0
2026-07-07 12:00:00,372.45,372.9,372.3,372.4,12188.0
2026-07-07 12:05:00,372.35,372.6,372.05,372.35,46025.0
2026-07-07 12:10:00,372.35,372.7,372.0,372.1,13697.0
2026-07-07 12:15:00,372.2,372.3,372.0,372.2,126491.0
2026-07-07 12:20:00,372.2,372.6,372.05,372.5,23485.0
2026-07-07 12:25:00,372.5,372.6,372.0,372.1,71398.0
2026-07-07 12:30:00,372.15,372.4,371.2,371.4,200424.0
2026-07-07 12:35:00,371.4,371.6,371.2,371.2,32378.0
2026-07-07 12:40:00,371.2,371.5,371.1,371.2,12636.0
2026-07-07 12:45:00,371.25,371.4,371.0,371.05,21947.0
2026-07-07 12:50:00,371.0,371.2,370.9,371.05,14902.0
2026-07-07 12:55:00,371.0,371.5,370.9,371.1,61462.0
2026-07-07 13:00:00,371.1,371.25,370.75,371.25,90281.0
2026-07-07 13:05:00,371.25,371.45,370.75,371.4,171779.0
2026-07-07 13:10:00,371.35,371.8,370.15,370.15,33561.0
2026-07-07 13:15:00,370.15,370.5,369.4,370.4,53790.0
2026-07-07 13:20:00,370.4,370.8,370.0,370.4,55390.0
2026-07-07 13:25:00,370.4,371.75,370.3,371.05,50958.0
2026-07-07 13:30:00,371.1,371.35,370.75,370.95,40233.0
2026-07-07 13:35:00,370.9,371.5,370.7,371.0,47674.0
2026-07-07 13:40:00,371.15,371.95,370.7,371.9,59145.0
2026-07-07 13:45:00,371.9,372.05,371.65,372.05,36166.0
2026-07-07 13:50:00,372.0,372.0,371.4,371.75,35277.0
2026-07-07 13:55:00,371.7,372.35,371.35,372.0,85256.0
2026-07-07 14:00:00,371.85,372.6,371.75,372.35,55971.0
2026-07-07 14:05:00,372.35,373.2,372.15,373.1,99850.0
2026-07-07 14:10:00,373.05,373.5,373.0,373.3,57267.0
2026-07-07 14:15:00,373.25,374.8,373.0,373.6,215287.0
2026-07-07 14:20:00,374.0,374.2,373.4,373.8,96445.0
2026-07-07 14:25:00,373.7,373.95,373.35,373.7,75093.0
2026-07-07 14:30:00,373.75,374.3,373.45,374.3,60705.0
2026-07-07 14:35:00,374.3,374.45,374.0,374.1,55477.0
2026-07-07 14:40:00,374.1,374.6,373.9,374.55,75157.0
2026-07-07 14:45:00,374.55,375.35,373.9,374.25,200985.0
2026-07-07 14:50:00,374.15,375.2,374.15,374.9,78449.0
2026-07-07 14:55:00,374.9,375.2,374.75,375.05,69780.0
2026-07-07 15:00:00,375.0,375.3,374.7,375.15,91558.0
2026-07-07 15:05:00,375.2,375.5,374.75,375.05,124643.0
2026-07-07 15:10:00,375.05,375.45,374.8,375.4,143522.0
2026-07-07 15:15:00,375.55,376.35,374.65,374.8,276775.0
2026-07-07 15:20:00,374.9,375.0,374.55,374.95,155583.0
2026-07-07 15:25:00,374.95,375.6,374.05,375.0,153887.0
2026-07-08 09:15:00,370.8,371.9,368.5,369.3,187285.0
2026-07-08 09:20:00,369.35,369.35,367.1,367.7,133857.0
2026-07-08 09:25:00,367.7,368.65,366.35,368.55,104018.0
2026-07-08 09:30:00,368.3,368.85,367.15,368.15,51216.0
2026-07-08 09:35:00,368.0,368.15,367.5,367.8,29336.0
2026-07-08 09:40:00,367.75,368.5,367.65,368.4,31379.0
2026-07-08 09:45:00,368.45,368.85,368.4,368.85,26369.0
2026-07-08 09:50:00,368.85,370.4,368.8,369.2,56898.0
2026-07-08 09:55:00,369.15,369.5,368.75,368.95,24823.0
2026-07-08 10:00:00,368.9,370.1,368.75,369.6,51719.0
2026-07-08 10:05:00,369.9,370.5,369.6,370.5,36969.0
2026-07-08 10:10:00,370.5,370.8,370.25,370.4,17788.0
2026-07-08 10:15:00,370.3,370.9,370.15,370.55,24390.0
2026-07-08 10:20:00,370.5,370.55,369.75,370.2,25055.0
2026-07-08 10:25:00,370.15,370.6,369.6,370.5,34902.0
2026-07-08 10:30:00,370.45,371.2,370.45,370.65,37118.0
2026-07-08 10:35:00,370.6,371.8,370.35,371.6,27818.0
2026-07-08 10:40:00,371.6,371.85,371.25,371.3,25329.0
2026-07-08 10:45:00,371.25,371.35,370.7,370.7,32857.0
2026-07-08 10:50:00,370.9,370.95,370.55,370.65,14774.0
2026-07-08 10:55:00,370.65,370.75,369.65,370.2,35896.0
2026-07-08 11:00:00,370.05,370.35,369.75,369.9,26432.0
2026-07-08 11:05:00,369.85,370.4,369.85,370.2,13075.0
2026-07-08 11:10:00,370.15,370.8,369.8,370.35,40478.0
2026-07-08 11:15:00,370.35,370.4,370.0,370.2,11091.0
2026-07-08 11:20:00,370.15,370.25,369.9,370.2,17841.0
2026-07-08 11:25:00,370.15,371.25,369.65,369.85,38564.0
2026-07-08 11:30:00,369.8,370.05,369.75,369.9,3252.0
2026-07-08 11:35:00,369.9,369.9,369.5,369.55,11791.0
2026-07-08 11:40:00,369.5,369.5,369.0,369.35,39351.0
2026-07-08 11:45:00,369.3,369.75,369.2,369.2,9142.0
2026-07-08 11:50:00,369.35,369.55,369.15,369.3,8876.0
2026-07-08 11:55:00,369.25,369.3,368.85,369.05,8277.0
2026-07-08 12:00:00,369.05,369.05,368.05,368.15,51825.0
2026-07-08 12:05:00,368.1,368.8,367.55,368.75,51238.0
2026-07-08 12:10:00,368.8,368.8,368.45,368.7,12609.0
2026-07-08 12:15:00,368.65,369.3,368.45,369.1,17897.0
2026-07-08 12:20:00,369.05,369.1,368.7,368.85,14601.0
2026-07-08 12:25:00,368.7,368.8,368.3,368.5,20857.0
2026-07-08 12:30:00,368.45,368.8,368.2,368.75,28002.0
2026-07-08 12:35:00,368.65,368.95,368.45,368.6,17262.0
2026-07-08 12:40:00,368.55,369.0,368.45,369.0,26715.0
2026-07-08 12:45:00,368.95,369.45,368.95,369.4,22966.0
2026-07-08 12:50:00,369.35,369.95,369.3,369.9,14612.0
2026-07-08 12:55:00,369.85,370.2,369.7,370.15,18445.0
2026-07-08 13:00:00,370.1,370.5,370.0,370.45,9284.0
2026-07-08 13:05:00,370.4,370.85,370.4,370.5,20920.0
2026-07-08 13:10:00,370.45,370.75,370.4,370.45,9566.0
2026-07-08 13:15:00,370.4,370.75,370.4,370.65,10880.0
2026-07-08 13:20:00,370.6,370.75,369.5,369.7,40264.0
2026-07-08 13:25:00,369.7,370.0,369.45,369.8,21327.0
2026-07-08 13:30:00,369.8,369.9,369.45,369.65,8831.0
2026-07-08 13:35:00,369.65,369.85,369.35,369.85,58709.0
2026-07-08 13:40:00,369.8,370.1,369.75,369.95,11634.0
2026-07-08 13:45:00,369.9,369.95,367.3,367.75,256215.0
2026-07-08 13:50:00,367.5,367.9,367.0,367.25,145470.0
2026-07-08 13:55:00,367.25,368.0,366.0,366.25,117896.0
2026-07-08 14:00:00,366.1,366.45,364.85,365.0,113469.0
2026-07-08 14:05:00,365.05,365.1,362.9,363.05,213979.0
2026-07-08 14:10:00,363.3,364.1,362.05,362.2,125640.0
2026-07-08 14:15:00,362.35,364.2,362.0,362.5,58100.0
2026-07-08 14:20:00,362.65,363.2,361.15,361.8,145770.0
2026-07-08 14:25:00,362.1,362.7,360.3,360.6,166477.0
2026-07-08 14:30:00,360.75,361.2,358.9,359.95,512588.0
2026-07-08 14:35:00,360.15,360.5,359.5,359.95,193206.0
2026-07-08 14:40:00,359.95,360.3,359.5,360.2,160173.0
2026-07-08 14:45:00,360.0,360.0,358.6,359.45,93334.0
2026-07-08 14:50:00,359.5,359.9,358.75,358.95,69350.0
2026-07-08 14:55:00,359.0,360.15,358.7,359.75,133456.0
2026-07-08 15:00:00,359.7,360.5,359.5,359.65,164763.0
2026-07-08 15:05:00,359.65,360.85,359.3,360.45,111351.0
2026-07-08 15:10:00,360.5,360.55,359.7,360.0,229436.0
2026-07-08 15:15:00,359.95,360.0,359.75,360.0,720803.0
2026-07-08 15:20:00,360.0,360.0,358.25,359.75,507699.0
2026-07-08 15:25:00,359.55,360.0,359.0,359.95,337270.0
2026-07-09 09:15:00,360.0,363.9,360.0,363.5,117082.0
2026-07-09 09:20:00,363.35,363.95,362.55,363.9,44125.0
2026-07-09 09:25:00,363.8,366.0,363.8,364.2,108742.0
2026-07-09 09:30:00,364.25,365.35,363.95,365.25,91843.0
2026-07-09 09:35:00,365.35,365.4,364.4,364.95,40427.0
2026-07-09 09:40:00,365.1,366.65,364.9,366.3,67336.0
2026-07-09 09:45:00,366.3,366.85,365.95,365.95,35228.0
2026-07-09 09:50:00,365.95,366.45,365.7,365.8,19305.0
2026-07-09 09:55:00,365.8,365.9,364.0,364.1,146704.0
2026-07-09 10:00:00,364.15,365.2,364.15,364.95,180321.0
2026-07-09 10:05:00,365.0,365.0,364.7,364.9,27726.0
2026-07-09 10:10:00,364.9,364.9,364.3,364.45,26249.0
2026-07-09 10:15:00,364.5,364.65,363.7,364.2,32400.0
2026-07-09 10:20:00,364.2,364.3,363.25,363.55,47038.0
2026-07-09 10:25:00,363.5,363.65,363.2,363.4,26767.0
2026-07-09 10:30:00,363.4,363.7,363.15,363.4,21573.0
2026-07-09 10:35:00,363.35,363.45,363.1,363.45,14742.0
2026-07-09 10:40:00,363.45,364.8,362.95,364.0,57958.0
2026-07-09 10:45:00,364.05,364.1,363.0,363.2,25332.0
2026-07-09 10:50:00,363.2,363.45,362.4,362.75,37113.0
2026-07-09 10:55:00,362.75,362.95,362.25,362.85,45803.0
2026-07-09 11:00:00,362.85,362.9,362.25,362.65,22204.0
2026-07-09 11:05:00,362.7,362.8,362.5,362.6,10711.0
2026-07-09 11:10:00,362.65,362.85,362.5,362.85,14024.0
2026-07-09 11:15:00,362.85,363.0,362.5,363.0,20556.0
2026-07-09 11:20:00,363.0,363.7,363.0,363.7,16935.0
2026-07-09 11:25:00,363.75,364.65,363.75,364.4,25202.0
2026-07-09 11:30:00,364.35,364.5,364.1,364.35,22565.0
2026-07-09 11:35:00,364.4,364.5,364.15,364.35,10796.0
2026-07-09 11:40:00,364.4,364.45,364.1,364.2,13402.0
2026-07-09 11:45:00,364.2,364.3,364.05,364.25,13348.0
2026-07-09 11:50:00,364.25,364.75,363.9,364.75,19193.0
2026-07-09 11:55:00,364.8,364.9,364.6,364.85,10718.0
2026-07-09 12:00:00,364.9,364.95,364.2,364.5,363694.0
2026-07-09 12:05:00,364.45,364.65,364.45,364.45,1482.0
2026-07-09 12:10:00,364.4,364.4,363.3,363.75,59507.0
2026-07-09 12:15:00,363.75,363.8,363.0,363.25,44218.0
2026-07-09 12:20:00,363.25,363.3,363.0,363.15,13315.0
2026-07-09 12:25:00,363.15,364.6,363.15,364.4,57885.0
2026-07-09 12:30:00,364.45,364.85,364.25,364.3,31918.0
2026-07-09 12:35:00,364.45,364.5,364.05,364.2,33288.0
2026-07-09 12:40:00,364.3,364.45,364.0,364.4,14983.0
2026-07-09 12:45:00,364.45,364.7,364.05,364.3,12890.0
2026-07-09 12:50:00,364.4,365.0,364.15,364.6,40714.0
2026-07-09 12:55:00,364.65,364.9,364.65,364.9,6215.0
2026-07-09 13:00:00,364.85,364.9,364.5,364.9,10413.0
2026-07-09 13:05:00,364.9,365.05,364.5,364.85,122083.0
2026-07-09 13:10:00,364.95,365.0,364.6,364.95,47372.0
2026-07-09 13:15:00,365.0,365.0,364.65,364.75,17627.0
2026-07-09 13:20:00,364.8,364.95,364.25,364.25,69392.0
2026-07-09 13:25:00,364.25,364.25,363.45,363.9,29614.0
2026-07-09 13:30:00,364.0,364.1,363.85,363.95,9341.0
2026-07-09 13:35:00,364.0,364.5,363.95,364.2,25669.0
2026-07-09 13:40:00,364.45,364.45,364.0,364.2,20648.0
2026-07-09 13:45:00,364.35,364.5,363.95,364.15,17505.0
2026-07-09 13:50:00,364.15,364.15,363.65,363.9,13012.0
2026-07-09 13:55:00,363.9,364.0,363.7,363.9,8410.0
2026-07-09 14:00:00,363.9,364.0,363.65,363.9,15594.0
2026-07-09 14:05:00,364.0,364.0,363.8,363.9,6667.0
2026-07-09 14:10:00,363.85,363.95,363.3,363.8,8597.0
2026-07-09 14:15:00,363.95,364.0,363.7,363.8,7206.0
2026-07-09 14:20:00,363.95,364.0,363.55,363.85,4873.0
2026-07-09 14:25:00,363.9,364.0,363.55,363.7,26510.0
2026-07-09 14:30:00,363.7,364.0,363.45,363.9,103473.0
2026-07-09 14:35:00,363.9,363.95,363.45,363.6,18591.0
2026-07-09 14:40:00,363.65,363.8,363.05,363.6,23363.0
2026-07-09 14:45:00,363.8,363.85,363.55,363.7,4507.0
2026-07-09 14:50:00,363.7,363.8,363.65,363.75,1810.0
2026-07-09 14:55:00,363.75,363.8,363.5,363.65,8470.0
2026-07-09 15:00:00,363.75,363.75,362.25,362.9,46310.0
2026-07-09 15:05:00,362.8,363.05,362.1,362.85,18892.0
2026-07-09 15:10:00,362.9,363.0,362.6,362.7,11388.0
2026-07-09 15:15:00,362.65,363.3,362.6,362.95,94960.0
2026-07-09 15:20:00,362.95,363.15,362.55,362.9,50059.0
2026-07-09 15:25:00,362.95,363.1,362.35,362.95,96808.0
2026-07-10 09:15:00,365.05,367.4,365.0,365.8,113811.0
2026-07-10 09:20:00,365.7,367.0,365.65,365.9,48154.0
2026-07-10 09:25:00,365.9,369.0,365.8,368.25,136977.0
2026-07-10 09:30:00,368.15,368.75,367.7,368.75,33938.0
2026-07-10 09:35:00,368.75,369.3,368.65,369.05,41541.0
2026-07-10 09:40:00,369.05,370.25,369.0,370.0,93841.0
2026-07-10 09:45:00,369.85,370.25,369.35,369.5,83814.0
2026-07-10 09:50:00,369.45,371.0,369.05,371.0,164578.0
2026-07-10 09:55:00,370.95,371.5,370.95,371.05,36589.0
2026-07-10 10:00:00,371.15,371.2,370.45,370.5,28852.0
2026-07-10 10:05:00,370.65,370.9,370.5,370.6,17894.0
2026-07-10 10:10:00,370.55,375.9,370.3,375.1,822243.0
2026-07-10 10:15:00,375.25,376.7,375.0,375.1,309808.0
2026-07-10 10:20:00,375.1,375.5,374.9,375.1,296596.0
2026-07-10 10:25:00,375.05,375.55,374.05,375.55,246258.0
2026-07-10 10:30:00,375.75,375.85,374.85,375.2,320167.0
2026-07-10 10:35:00,375.25,376.15,375.05,375.8,55696.0
2026-07-10 10:40:00,376.15,376.5,376.0,376.45,18042.0
2026-07-10 10:45:00,376.45,376.5,376.05,376.05,11925.0
2026-07-10 10:50:00,376.15,376.3,375.75,376.15,42950.0
2026-07-10 10:55:00,376.25,377.0,375.3,376.15,107893.0
2026-07-10 11:00:00,376.1,376.65,376.1,376.35,29560.0
2026-07-10 11:05:00,376.35,377.0,375.75,376.85,94521.0
2026-07-10 11:10:00,376.8,377.25,376.5,377.0,56297.0
2026-07-10 11:15:00,376.95,377.25,376.5,376.95,24490.0
2026-07-10 11:20:00,376.9,376.9,375.7,376.15,36315.0
2026-07-10 11:25:00,376.35,376.95,375.95,375.95,18137.0
2026-07-10 11:30:00,375.95,376.35,375.8,376.0,17365.0
2026-07-10 11:35:00,376.0,376.5,375.9,376.3,33071.0
2026-07-10 11:40:00,376.25,376.5,375.45,375.45,27316.0
2026-07-10 11:45:00,375.4,376.2,375.2,375.5,45599.0
2026-07-10 11:50:00,375.65,376.3,375.45,375.75,24568.0
2026-07-10 11:55:00,375.7,376.15,375.65,375.95,19906.0
2026-07-10 12:00:00,375.95,376.5,375.5,375.7,87037.0
2026-07-10 12:05:00,375.6,375.85,375.35,375.5,12656.0
2026-07-10 12:10:00,375.3,375.95,375.3,375.7,34142.0
2026-07-10 12:15:00,375.75,376.2,375.65,375.65,16824.0
2026-07-10 12:20:00,375.7,375.85,375.35,375.6,9917.0
2026-07-10 12:25:00,375.7,376.25,375.65,376.05,28990.0
2026-07-10 12:30:00,376.15,376.7,375.7,376.5,40722.0
2026-07-10 12:35:00,376.55,376.55,375.8,376.5,34921.0
2026-07-10 12:40:00,376.45,377.4,376.3,376.7,44298.0
2026-07-10 12:45:00,376.65,377.5,376.5,377.15,35826.0
2026-07-10 12:50:00,377.1,377.7,376.7,377.3,48646.0
2026-07-10 12:55:00,377.3,377.35,375.9,375.95,72350.0
2026-07-10 13:00:00,376.05,376.6,375.95,376.2,35359.0
2026-07-10 13:05:00,376.15,380.35,376.15,378.0,1232495.0
2026-07-10 13:10:00,378.2,378.55,377.4,377.95,88477.0
2026-07-10 13:15:00,378.0,378.1,377.0,377.2,122047.0
2026-07-10 13:20:00,377.15,377.65,376.55,376.8,81991.0
2026-07-10 13:25:00,376.95,376.95,376.0,376.75,142114.0
2026-07-10 13:30:00,376.9,377.3,376.45,377.05,78800.0
2026-07-10 13:35:00,377.2,377.45,376.65,377.1,81354.0
2026-07-10 13:40:00,377.1,377.4,376.8,377.05,73152.0
2026-07-10 13:45:00,377.0,377.55,376.75,377.2,66882.0
2026-07-10 13:50:00,377.3,377.5,376.7,377.25,75623.0
2026-07-10 13:55:00,377.2,378.4,376.9,378.4,147256.0
2026-07-10 14:00:00,378.4,379.2,378.3,379.05,166892.0
2026-07-10 14:05:00,379.05,379.35,378.55,378.9,154431.0
2026-07-10 14:10:00,378.9,379.6,378.8,378.95,163184.0
2026-07-10 14:15:00,378.9,379.6,378.7,379.25,189069.0
2026-07-10 14:20:00,379.2,379.4,378.95,379.1,140774.0
2026-07-10 14:25:00,379.15,379.7,379.05,379.1,171521.0
2026-07-10 14:30:00,379.35,379.5,378.8,379.5,157856.0
2026-07-10 14:35:00,379.4,379.5,378.7,379.05,145510.0
2026-07-10 14:40:00,378.75,379.0,378.4,378.7,139468.0
2026-07-10 14:45:00,378.65,379.9,378.65,379.75,154246.0
2026-07-10 14:50:00,379.9,380.0,379.65,379.85,159796.0
2026-07-10 14:55:00,380.0,380.6,379.75,380.55,129203.0
2026-07-10 15:00:00,380.5,381.6,380.0,380.6,252919.0
2026-07-10 15:05:00,380.65,380.65,380.05,380.35,79842.0
2026-07-10 15:10:00,380.3,381.0,380.0,380.25,140275.0
2026-07-10 15:15:00,380.25,381.15,380.25,380.95,153594.0
2026-07-10 15:20:00,381.1,381.1,380.5,380.6,296714.0
2026-07-10 15:25:00,380.55,381.0,380.0,380.1,170551.0
