timestamp,open,high,low,close,volume
2026-06-01 09:15:00,2095.0,2117.0,2080.0,2102.4,72332.0
2026-06-01 09:20:00,2102.1,2115.0,2096.8,2107.7,44591.0
2026-06-01 09:25:00,2107.0,2114.2,2100.0,2103.0,23300.0
2026-06-01 09:30:00,2103.7,2130.0,2100.4,2121.4,75516.0
2026-06-01 09:35:00,2122.5,2123.9,2087.1,2091.8,66672.0
2026-06-01 09:40:00,2094.3,2105.6,2094.1,2098.7,21581.0
2026-06-01 09:45:00,2100.4,2109.7,2097.1,2107.3,11825.0
2026-06-01 09:50:00,2108.9,2110.0,2084.0,2085.7,21115.0
2026-06-01 09:55:00,2087.0,2089.0,2070.0,2081.7,26585.0
2026-06-01 10:00:00,2081.9,2089.0,2071.0,2078.0,13662.0
2026-06-01 10:05:00,2077.2,2088.0,2075.3,2085.3,7492.0
2026-06-01 10:10:00,2085.4,2090.0,2072.0,2072.7,10617.0
2026-06-01 10:15:00,2071.8,2073.5,2065.3,2068.9,12030.0
2026-06-01 10:20:00,2069.2,2082.3,2068.5,2076.9,9705.0
2026-06-01 10:25:00,2078.0,2084.8,2078.0,2080.3,5129.0
2026-06-01 10:30:00,2080.3,2084.9,2076.2,2080.8,3294.0
2026-06-01 10:35:00,2080.6,2093.1,2073.9,2092.8,9861.0
2026-06-01 10:40:00,2091.3,2108.0,2091.3,2101.9,22586.0
2026-06-01 10:45:00,2101.9,2106.0,2100.5,2101.9,11800.0
2026-06-01 10:50:00,2101.9,2108.0,2100.5,2106.4,13607.0
2026-06-01 10:55:00,2107.0,2115.0,2107.0,2111.0,9256.0
2026-06-01 11:00:00,2111.0,2122.7,2111.0,2116.5,18165.0
2026-06-01 11:05:00,2115.1,2117.8,2112.0,2114.1,6953.0
2026-06-01 11:10:00,2115.9,2116.8,2111.6,2113.3,7034.0
2026-06-01 11:15:00,2112.1,2115.0,2109.0,2112.7,6212.0
2026-06-01 11:20:00,2112.7,2112.7,2107.0,2108.8,5068.0
2026-06-01 11:25:00,2108.7,2108.7,2103.2,2105.0,4909.0
2026-06-01 11:30:00,2105.0,2105.0,2093.8,2099.9,14419.0
2026-06-01 11:35:00,2098.6,2099.8,2084.4,2087.0,11232.0
2026-06-01 11:40:00,2087.0,2087.0,2073.3,2080.0,12707.0
2026-06-01 11:45:00,2082.1,2085.9,2070.0,2085.9,12493.0
2026-06-01 11:50:00,2084.6,2084.6,2073.8,2078.7,4563.0
2026-06-01 11:55:00,2078.4,2078.4,2065.3,2067.0,9427.0
2026-06-01 12:00:00,2066.9,2075.7,2065.6,2068.8,12321.0
2026-06-01 12:05:00,2068.9,2073.9,2066.0,2066.0,7303.0
2026-06-01 12:10:00,2067.2,2070.6,2062.3,2068.3,4865.0
2026-06-01 12:15:00,2067.9,2068.2,2064.3,2067.1,1909.0
2026-06-01 12:20:00,2066.5,2066.5,2061.0,2065.2,3515.0
2026-06-01 12:25:00,2065.2,2068.1,2063.7,2063.7,1655.0
2026-06-01 12:30:00,2065.0,2068.1,2064.0,2067.7,1105.0
2026-06-01 12:35:00,2067.7,2076.2,2067.3,2076.0,4407.0
2026-06-01 12:40:00,2076.5,2084.7,2074.0,2080.7,7367.0
2026-06-01 12:45:00,2081.8,2083.5,2079.6,2082.8,3277.0
2026-06-01 12:50:00,2084.7,2087.8,2082.0,2085.8,5567.0
2026-06-01 12:55:00,2085.8,2088.7,2084.1,2085.6,5021.0
2026-06-01 13:00:00,2086.6,2088.9,2083.1,2085.0,3253.0
2026-06-01 13:05:00,2084.2,2086.0,2077.4,2079.2,2786.0
2026-06-01 13:10:00,2079.0,2079.0,2071.0,2073.3,3566.0
2026-06-01 13:15:00,2075.0,2077.2,2073.8,2076.0,1827.0
2026-06-01 13:20:00,2075.1,2078.5,2074.3,2074.9,1414.0
2026-06-01 13:25:00,2074.9,2076.9,2073.0,2074.8,1505.0
2026-06-01 13:30:00,2074.9,2077.8,2074.9,2076.7,848.0
2026-06-01 13:35:00,2076.6,2076.6,2069.0,2072.8,5318.0
2026-06-01 13:40:00,2071.2,2074.2,2071.1,2073.4,1564.0
2026-06-01 13:45:00,2073.1,2073.1,2070.0,2071.6,1256.0
2026-06-01 13:50:00,2070.4,2070.4,2066.4,2069.9,3003.0
2026-06-01 13:55:00,2068.2,2071.2,2068.2,2070.8,1270.0
2026-06-01 14:00:00,2069.6,2071.8,2066.1,2068.5,1463.0
2026-06-01 14:05:00,2068.7,2075.0,2068.7,2074.6,2305.0
2026-06-01 14:10:00,2074.2,2077.1,2063.7,2066.6,5722.0
2026-06-01 14:15:00,2067.0,2068.9,2062.3,2068.9,4384.0
2026-06-01 14:20:00,2068.9,2070.1,2066.2,2066.7,1296.0
2026-06-01 14:25:00,2067.5,2069.0,2065.5,2068.3,2247.0
2026-06-01 14:30:00,2067.0,2072.0,2065.3,2071.6,4145.0
2026-06-01 14:35:00,2070.5,2075.6,2069.8,2074.1,3175.0
2026-06-01 14:40:00,2076.0,2078.9,2074.2,2075.3,3407.0
2026-06-01 14:45:00,2076.7,2076.7,2067.6,2069.0,4960.0
2026-06-01 14:50:00,2068.8,2069.9,2063.0,2067.0,6254.0
2026-06-01 14:55:00,2066.9,2066.9,2054.6,2055.9,16311.0
2026-06-01 15:00:00,2053.5,2053.5,2016.7,2024.1,52605.0
2026-06-01 15:05:00,2024.0,2035.0,2022.0,2032.3,18096.0
2026-06-01 15:10:00,2031.5,2037.4,2031.5,2036.0,12829.0
2026-06-01 15:15:00,2037.0,2038.4,2032.3,2032.9,14920.0
2026-06-01 15:20:00,2033.4,2034.9,2015.0,2021.4,30247.0
2026-06-01 15:25:00,2018.1,2022.4,2015.0,2015.0,29762.0
2026-06-02 09:15:00,2025.0,2025.0,1980.2,1997.0,49097.0
2026-06-02 09:20:00,1997.0,1998.5,1985.0,1990.9,14880.0
2026-06-02 09:25:00,1991.3,1999.6,1982.1,1997.9,12581.0
2026-06-02 09:30:00,1996.8,1997.2,1984.1,1997.1,14280.0
2026-06-02 09:35:00,1993.4,2009.0,1984.4,2007.5,15864.0
2026-06-02 09:40:00,2007.3,2018.7,2003.8,2008.7,8925.0
2026-06-02 09:45:00,2010.1,2013.4,2003.7,2011.6,6685.0
2026-06-02 09:50:00,2012.3,2015.9,2006.1,2013.2,6540.0
2026-06-02 09:55:00,2014.4,2018.5,2011.0,2017.4,4379.0
2026-06-02 10:00:00,2017.4,2025.0,2015.5,2023.0,4643.0
2026-06-02 10:05:00,2024.0,2024.0,2018.4,2020.9,5672.0
2026-06-02 10:10:00,2021.5,2023.9,2018.0,2018.0,5604.0
2026-06-02 10:15:00,2018.0,2018.0,2012.0,2012.8,2676.0
2026-06-02 10:20:00,2012.8,2019.7,2010.2,2015.0,3451.0
2026-06-02 10:25:00,2015.2,2018.0,2011.4,2012.1,3041.0
2026-06-02 10:30:00,2012.7,2014.2,2000.0,2001.3,3380.0
2026-06-02 10:35:00,2001.0,2003.9,2001.0,2003.7,2153.0
2026-06-02 10:40:00,2003.7,2007.7,2003.7,2005.0,1460.0
2026-06-02 10:45:00,2004.0,2005.1,1994.8,1996.5,6395.0
2026-06-02 10:50:00,1996.0,1998.9,1989.2,1991.7,5145.0
2026-06-02 10:55:00,1989.1,1994.0,1988.3,1994.0,3984.0
2026-06-02 11:00:00,1994.0,1997.6,1991.5,1992.5,3774.0
2026-06-02 11:05:00,1994.5,1996.0,1993.4,1995.2,2726.0
2026-06-02 11:10:00,1995.2,1998.4,1994.4,1996.2,753.0
2026-06-02 11:15:00,1996.2,1996.3,1994.0,1995.5,1728.0
2026-06-02 11:20:00,1995.5,2004.7,1993.0,2003.2,6401.0
2026-06-02 11:25:00,2003.1,2003.2,1998.1,2001.9,1533.0
2026-06-02 11:30:00,2002.6,2002.7,1995.4,1997.1,3460.0
2026-06-02 11:35:00,1995.7,1996.5,1985.6,1987.4,2777.0
2026-06-02 11:40:00,1987.2,1990.0,1987.2,1987.2,1683.0
2026-06-02 11:45:00,1988.3,1989.2,1982.7,1985.8,4916.0
2026-06-02 11:50:00,1985.8,1987.7,1982.0,1982.0,1313.0
2026-06-02 11:55:00,1982.0,1985.3,1964.3,1984.1,20641.0
2026-06-02 12:00:00,1982.2,1991.2,1982.2,1988.0,5414.0
2026-06-02 12:05:00,1988.0,1999.4,1985.0,1997.0,7858.0
2026-06-02 12:10:00,1995.3,1998.0,1995.0,1997.1,902.0
2026-06-02 12:15:00,1996.1,1997.8,1990.5,1993.9,3995.0
2026-06-02 12:20:00,1994.3,1995.8,1989.2,1991.4,3930.0
2026-06-02 12:25:00,1990.6,1991.9,1989.5,1989.9,4025.0
2026-06-02 12:30:00,1989.1,1993.5,1988.0,1991.9,1230.0
2026-06-02 12:35:00,1992.0,1994.2,1990.0,1990.0,1084.0
2026-06-02 12:40:00,1991.5,1995.6,1991.0,1995.6,1822.0
2026-06-02 12:45:00,1996.1,1997.0,1994.0,1994.5,1356.0
2026-06-02 12:50:00,1997.0,2004.0,1995.3,2003.5,10534.0
2026-06-02 12:55:00,2004.2,2007.5,2003.8,2007.0,4152.0
2026-06-02 13:00:00,2007.0,2016.2,2001.5,2003.4,11547.0
2026-06-02 13:05:00,2003.3,2005.1,2002.5,2002.5,783.0
2026-06-02 13:10:00,2004.3,2005.0,2002.5,2002.5,943.0
2026-06-02 13:15:00,2003.8,2005.0,2002.5,2005.0,1450.0
2026-06-02 13:20:00,2005.0,2005.0,2003.0,2003.0,1523.0
2026-06-02 13:25:00,2003.0,2004.8,2002.0,2003.1,1522.0
2026-06-02 13:30:00,2004.5,2004.6,1998.1,2001.8,2720.0
2026-06-02 13:35:00,2002.5,2002.5,1997.8,1997.8,1061.0
2026-06-02 13:40:00,1997.8,1999.7,1995.2,1999.4,2012.0
2026-06-02 13:45:00,1997.7,1999.2,1995.5,1998.8,855.0
2026-06-02 13:50:00,1998.8,2000.3,1996.6,1998.2,2932.0
2026-06-02 13:55:00,1999.7,2003.4,1996.3,2002.2,3107.0
2026-06-02 14:00:00,2002.2,2008.4,2000.8,2008.0,4104.0
2026-06-02 14:05:00,2007.1,2009.6,2005.5,2007.6,2166.0
2026-06-02 14:10:00,2007.1,2008.8,2003.4,2007.4,3128.0
2026-06-02 14:15:00,2006.1,2008.9,2004.1,2007.8,4728.0
2026-06-02 14:20:00,2007.8,2014.9,2006.6,2012.0,6249.0
2026-06-02 14:25:00,2011.3,2013.0,2008.7,2010.5,1585.0
2026-06-02 14:30:00,2010.7,2013.0,2006.0,2013.0,9727.0
2026-06-02 14:35:00,2012.0,2013.0,2002.1,2004.6,6388.0
2026-06-02 14:40:00,2004.6,2004.6,1996.9,1999.6,5731.0
2026-06-02 14:45:00,1999.3,2005.0,1998.4,2005.0,3559.0
2026-06-02 14:50:00,2004.5,2007.9,2004.5,2005.6,817.0
2026-06-02 14:55:00,2006.7,2007.9,2003.1,2004.2,2844.0
2026-06-02 15:00:00,2004.1,2017.6,2003.0,2013.6,7079.0
2026-06-02 15:05:00,2015.0,2021.0,2014.8,2020.9,6845.0
2026-06-02 15:10:00,2019.8,2027.8,2016.3,2027.4,10782.0
2026-06-02 15:15:00,2027.6,2030.0,2025.7,2028.4,7390.0
2026-06-02 15:20:00,2028.7,2035.4,2025.1,2029.4,10081.0
2026-06-02 15:25:00,2029.5,2039.0,2025.0,2025.0,9059.0
2026-06-03 09:15:00,2025.0,2082.7,2025.0,2060.3,42790.0
2026-06-03 09:20:00,2055.1,2066.9,2048.3,2055.0,20904.0
2026-06-03 09:25:00,2054.0,2059.6,2042.4,2048.4,11231.0
2026-06-03 09:30:00,2046.3,2049.5,2025.4,2026.1,12804.0
2026-06-03 09:35:00,2026.1,2059.9,2020.1,2055.8,15334.0
2026-06-03 09:40:00,2054.3,2088.0,2045.7,2087.1,30884.0
2026-06-03 09:45:00,2087.2,2107.1,2082.6,2099.0,50432.0
2026-06-03 09:50:00,2092.6,2099.5,2086.0,2087.2,20170.0
2026-06-03 09:55:00,2087.2,2088.7,2071.0,2073.0,20669.0
2026-06-03 10:00:00,2073.0,2085.0,2071.3,2083.0,8262.0
2026-06-03 10:05:00,2083.5,2087.7,2081.0,2081.0,4831.0
2026-06-03 10:10:00,2080.7,2082.0,2077.0,2077.0,4299.0
2026-06-03 10:15:00,2079.5,2090.0,2079.5,2090.0,6051.0
2026-06-03 10:20:00,2090.0,2097.4,2090.0,2091.1,15205.0
2026-06-03 10:25:00,2091.1,2098.8,2090.4,2096.0,8361.0
2026-06-03 10:30:00,2098.3,2114.0,2096.5,2096.9,39748.0
2026-06-03 10:35:00,2097.0,2109.9,2095.1,2104.0,18513.0
2026-06-03 10:40:00,2104.0,2124.0,2102.5,2107.9,40503.0
2026-06-03 10:45:00,2106.6,2113.5,2102.4,2107.2,14496.0
2026-06-03 10:50:00,2109.5,2109.9,2104.0,2106.9,7870.0
2026-06-03 10:55:00,2106.9,2106.9,2100.5,2103.0,9067.0
2026-06-03 11:00:00,2104.2,2106.0,2097.0,2102.1,13908.0
2026-06-03 11:05:00,2102.0,2106.0,2099.8,2100.0,9872.0
2026-06-03 11:10:00,2100.9,2107.5,2100.5,2107.0,5308.0
2026-06-03 11:15:00,2105.7,2120.0,2104.3,2120.0,16937.0
2026-06-03 11:20:00,2119.3,2121.0,2110.1,2115.9,19551.0
2026-06-03 11:25:00,2116.0,2117.0,2110.0,2114.5,7479.0
2026-06-03 11:30:00,2114.6,2115.0,2105.2,2108.8,10206.0
2026-06-03 11:35:00,2108.8,2109.4,2101.1,2102.9,6488.0
2026-06-03 11:40:00,2102.9,2106.5,2089.7,2090.7,24118.0
2026-06-03 11:45:00,2090.7,2116.7,2090.7,2112.6,13408.0
2026-06-03 11:50:00,2111.8,2118.6,2097.5,2117.2,33166.0
2026-06-03 11:55:00,2118.2,2130.2,2116.6,2117.3,32895.0
2026-06-03 12:00:00,2118.9,2120.9,2106.9,2114.5,24140.0
2026-06-03 12:05:00,2114.4,2118.2,2113.0,2114.1,10746.0
2026-06-03 12:10:00,2114.9,2125.0,2112.5,2120.4,24217.0
2026-06-03 12:15:00,2120.1,2125.9,2120.1,2124.9,16005.0
2026-06-03 12:20:00,2124.0,2126.6,2123.1,2124.8,12859.0
2026-06-03 12:25:00,2123.5,2129.0,2123.0,2125.4,10335.0
2026-06-03 12:30:00,2125.9,2134.8,2125.0,2127.6,29888.0
2026-06-03 12:35:00,2126.1,2128.2,2096.2,2100.0,46726.0
2026-06-03 12:40:00,2100.0,2100.7,2098.9,2100.0,17351.0
2026-06-03 12:45:00,2099.1,2100.0,2094.0,2100.0,11416.0
2026-06-03 12:50:00,2100.0,2100.8,2098.4,2100.0,8449.0
2026-06-03 12:55:00,2100.0,2100.7,2098.3,2100.0,15818.0
2026-06-03 13:00:00,2100.0,2101.0,2098.8,2100.0,10738.0
2026-06-03 13:05:00,2100.0,2101.0,2098.4,2100.0,6889.0
2026-06-03 13:10:00,2100.0,2117.9,2099.0,2115.0,12965.0
2026-06-03 13:15:00,2115.0,2120.0,2104.5,2109.9,10968.0
2026-06-03 13:20:00,2107.7,2111.0,2105.7,2110.8,6510.0
2026-06-03 13:25:00,2109.5,2111.0,2107.7,2109.0,8799.0
2026-06-03 13:30:00,2109.0,2111.0,2104.3,2106.0,7894.0
2026-06-03 13:35:00,2106.0,2107.0,2102.0,2103.7,9643.0
2026-06-03 13:40:00,2105.2,2106.9,2103.1,2104.9,6287.0
2026-06-03 13:45:00,2104.9,2108.1,2104.3,2105.9,8998.0
2026-06-03 13:50:00,2106.0,2107.4,2103.9,2106.0,5742.0
2026-06-03 13:55:00,2107.0,2107.0,2103.0,2104.1,7721.0
2026-06-03 14:00:00,2105.9,2107.0,2103.0,2105.5,6849.0
2026-06-03 14:05:00,2106.0,2107.0,2104.1,2104.8,5630.0
2026-06-03 14:10:00,2106.0,2120.0,2104.4,2116.5,19373.0
2026-06-03 14:15:00,2115.2,2118.4,2109.6,2111.9,15625.0
2026-06-03 14:20:00,2112.0,2128.9,2110.6,2127.5,23119.0
2026-06-03 14:25:00,2126.1,2146.2,2125.4,2145.8,43403.0
2026-06-03 14:30:00,2145.5,2162.0,2145.0,2161.0,70877.0
2026-06-03 14:35:00,2162.0,2164.0,2154.4,2162.0,66146.0
2026-06-03 14:40:00,2160.6,2165.7,2145.1,2149.9,76940.0
2026-06-03 14:45:00,2150.5,2153.0,2145.5,2151.0,22819.0
2026-06-03 14:50:00,2148.7,2154.0,2146.1,2154.0,15428.0
2026-06-03 14:55:00,2153.0,2157.8,2146.5,2148.0,23740.0
2026-06-03 15:00:00,2148.0,2150.2,2137.0,2149.3,33289.0
2026-06-03 15:05:00,2149.0,2155.0,2147.1,2155.0,26290.0
2026-06-03 15:10:00,2155.0,2159.0,2149.1,2153.0,28428.0
2026-06-03 15:15:00,2150.7,2159.7,2148.0,2156.0,31215.0
2026-06-03 15:20:00,2156.0,2167.5,2153.0,2166.0,56804.0
2026-06-03 15:25:00,2167.5,2169.0,2159.0,2168.5,34853.0
2026-06-04 09:15:00,2166.0,2175.0,2121.0,2134.5,42435.0
2026-06-04 09:20:00,2132.2,2132.7,2116.1,2129.0,31321.0
2026-06-04 09:25:00,2129.0,2133.1,2123.8,2130.8,9908.0
2026-06-04 09:30:00,2130.0,2132.4,2122.4,2124.7,8750.0
2026-06-04 09:35:00,2125.0,2143.7,2122.1,2141.6,10924.0
2026-06-04 09:40:00,2141.5,2180.3,2141.4,2176.6,55553.0
2026-06-04 09:45:00,2176.6,2187.6,2161.6,2163.0,29189.0
2026-06-04 09:50:00,2163.1,2173.9,2159.1,2173.9,15767.0
2026-06-04 09:55:00,2172.3,2176.7,2168.0,2168.8,15159.0
2026-06-04 10:00:00,2169.5,2181.3,2166.1,2176.3,15690.0
2026-06-04 10:05:00,2177.5,2184.5,2176.2,2181.0,19689.0
2026-06-04 10:10:00,2181.0,2182.8,2170.2,2170.8,8255.0
2026-06-04 10:15:00,2170.8,2175.0,2169.8,2172.2,4995.0
2026-06-04 10:20:00,2173.0,2198.0,2168.1,2194.0,36992.0
2026-06-04 10:25:00,2192.5,2206.4,2192.5,2197.0,58630.0
2026-06-04 10:30:00,2198.0,2204.4,2196.0,2199.1,12356.0
2026-06-04 10:35:00,2198.2,2200.9,2192.0,2199.5,28486.0
2026-06-04 10:40:00,2199.5,2200.1,2197.2,2199.7,5587.0
2026-06-04 10:45:00,2199.5,2201.8,2195.7,2196.0,5297.0
2026-06-04 10:50:00,2196.4,2196.4,2191.3,2193.3,9622.0
2026-06-04 10:55:00,2193.3,2194.0,2185.1,2187.5,8243.0
2026-06-04 11:00:00,2187.2,2190.2,2185.8,2186.2,12332.0
2026-06-04 11:05:00,2188.7,2189.9,2185.0,2189.9,6102.0
2026-06-04 11:10:00,2189.9,2196.2,2178.3,2190.0,22828.0
2026-06-04 11:15:00,2191.6,2204.8,2190.9,2202.1,13054.0
2026-06-04 11:20:00,2202.0,2209.6,2202.0,2202.0,20331.0
2026-06-04 11:25:00,2202.1,2208.0,2200.7,2205.4,4509.0
2026-06-04 11:30:00,2205.4,2205.4,2200.0,2202.0,6338.0
2026-06-04 11:35:00,2201.0,2205.1,2197.6,2200.4,11636.0
2026-06-04 11:40:00,2200.4,2201.0,2198.0,2199.9,7590.0
2026-06-04 11:45:00,2199.7,2202.5,2199.0,2202.5,1913.0
2026-06-04 11:50:00,2201.9,2204.1,2195.8,2201.6,7720.0
2026-06-04 11:55:00,2200.7,2201.7,2192.5,2195.3,12978.0
2026-06-04 12:00:00,2195.4,2199.9,2194.5,2197.3,5398.0
2026-06-04 12:05:00,2197.3,2208.0,2195.0,2206.7,10963.0
2026-06-04 12:10:00,2205.1,2208.0,2202.8,2207.0,7105.0
2026-06-04 12:15:00,2207.0,2208.5,2203.3,2206.2,8297.0
2026-06-04 12:20:00,2206.2,2206.8,2203.0,2206.0,4754.0
2026-06-04 12:25:00,2206.0,2206.8,2201.2,2205.4,5943.0
2026-06-04 12:30:00,2205.5,2205.5,2200.0,2200.9,5203.0
2026-06-04 12:35:00,2200.9,2205.4,2200.2,2204.9,6515.0
2026-06-04 12:40:00,2204.9,2208.5,2203.9,2207.1,5544.0
2026-06-04 12:45:00,2206.6,2208.6,2203.7,2205.5,5064.0
2026-06-04 12:50:00,2205.5,2207.5,2204.1,2206.8,7063.0
2026-06-04 12:55:00,2206.8,2207.4,2205.0,2206.7,4167.0
2026-06-04 13:00:00,2206.7,2208.9,2205.2,2207.8,4670.0
2026-06-04 13:05:00,2206.8,2225.6,2206.8,2216.6,85009.0
2026-06-04 13:10:00,2216.5,2216.8,2210.3,2211.2,8602.0
2026-06-04 13:15:00,2210.7,2216.5,2210.5,2214.3,8386.0
2026-06-04 13:20:00,2214.3,2219.2,2214.3,2219.0,6205.0
2026-06-04 13:25:00,2219.0,2224.0,2217.5,2222.0,9165.0
2026-06-04 13:30:00,2223.0,2224.0,2214.2,2222.7,7736.0
2026-06-04 13:35:00,2222.8,2229.8,2220.6,2228.1,22239.0
2026-06-04 13:40:00,2226.9,2228.1,2222.4,2224.6,14675.0
2026-06-04 13:45:00,2225.0,2229.8,2223.3,2225.6,13620.0
2026-06-04 13:50:00,2225.8,2234.9,2225.0,2230.3,18897.0
2026-06-04 13:55:00,2231.4,2231.4,2226.1,2227.0,6820.0
2026-06-04 14:00:00,2227.0,2229.8,2222.0,2224.3,7346.0
2026-06-04 14:05:00,2224.5,2228.9,2221.5,2227.2,12505.0
2026-06-04 14:10:00,2226.0,2228.8,2225.6,2226.3,2090.0
2026-06-04 14:15:00,2226.3,2233.5,2225.6,2233.5,14042.0
2026-06-04 14:20:00,2233.0,2235.0,2225.0,2225.0,19675.0
2026-06-04 14:25:00,2225.0,2231.8,2225.0,2230.3,8046.0
2026-06-04 14:30:00,2230.3,2231.3,2226.3,2227.9,5437.0
2026-06-04 14:35:00,2228.0,2232.5,2225.3,2229.4,6905.0
2026-06-04 14:40:00,2229.5,2229.7,2225.7,2228.0,5891.0
2026-06-04 14:45:00,2228.0,2237.0,2228.0,2234.0,12902.0
2026-06-04 14:50:00,2234.0,2239.6,2232.0,2233.6,9914.0
2026-06-04 14:55:00,2233.5,2233.6,2230.5,2231.6,6558.0
2026-06-04 15:00:00,2232.9,2234.9,2230.5,2231.8,12241.0
2026-06-04 15:05:00,2231.0,2231.8,2211.0,2211.0,29673.0
2026-06-04 15:10:00,2212.5,2214.6,2203.6,2209.1,21542.0
2026-06-04 15:15:00,2209.9,2229.9,2209.5,2228.4,19501.0
2026-06-04 15:20:00,2227.6,2229.0,2225.3,2228.0,16863.0
2026-06-04 15:25:00,2228.0,2234.9,2222.0,2222.0,18041.0
2026-06-05 09:15:00,2234.0,2234.0,2204.5,2213.4,21612.0
2026-06-05 09:20:00,2218.1,2235.4,2214.0,2222.3,18528.0
2026-06-05 09:25:00,2222.3,2223.6,2196.1,2197.6,22909.0
2026-06-05 09:30:00,2198.0,2218.4,2198.0,2216.9,7676.0
2026-06-05 09:35:00,2216.9,2222.0,2211.2,2212.6,7277.0
2026-06-05 09:40:00,2211.2,2216.0,2201.8,2213.3,7139.0
2026-06-05 09:45:00,2214.2,2215.6,2200.0,2200.0,7483.0
2026-06-05 09:50:00,2200.0,2200.0,2188.1,2192.2,13681.0
2026-06-05 09:55:00,2191.0,2192.1,2182.8,2183.9,7979.0
2026-06-05 10:00:00,2185.8,2195.1,2182.1,2193.2,6066.0
2026-06-05 10:05:00,2192.0,2196.9,2187.3,2196.0,4837.0
2026-06-05 10:10:00,2197.0,2199.4,2191.6,2191.6,3964.0
2026-06-05 10:15:00,2190.2,2191.3,2185.0,2186.1,5182.0
2026-06-05 10:20:00,2185.3,2189.9,2185.0,2188.7,2106.0
2026-06-05 10:25:00,2189.0,2204.0,2185.0,2201.6,4679.0
2026-06-05 10:30:00,2203.6,2213.9,2200.8,2211.0,4691.0
2026-06-05 10:35:00,2210.8,2212.8,2208.2,2210.0,9897.0
2026-06-05 10:40:00,2210.0,2220.2,2209.6,2220.2,7227.0
2026-06-05 10:45:00,2221.9,2223.0,2215.9,2223.0,7714.0
2026-06-05 10:50:00,2222.5,2225.0,2222.0,2223.0,3719.0
2026-06-05 10:55:00,2223.0,2232.5,2222.7,2230.9,9058.0
2026-06-05 11:00:00,2231.1,2232.5,2227.0,2228.2,3600.0
2026-06-05 11:05:00,2228.2,2233.8,2226.4,2228.2,4410.0
2026-06-05 11:10:00,2227.8,2239.0,2227.8,2237.1,12823.0
2026-06-05 11:15:00,2237.4,2239.8,2230.0,2239.5,6793.0
2026-06-05 11:20:00,2239.5,2239.5,2230.0,2230.0,4102.0
2026-06-05 11:25:00,2230.0,2233.2,2222.1,2231.3,9283.0
2026-06-05 11:30:00,2231.6,2234.9,2229.7,2233.0,2346.0
2026-06-05 11:35:00,2233.0,2234.8,2230.6,2232.9,1950.0
2026-06-05 11:40:00,2233.0,2237.0,2230.2,2234.0,2400.0
2026-06-05 11:45:00,2233.5,2237.5,2232.1,2236.2,1829.0
2026-06-05 11:50:00,2235.2,2236.2,2230.2,2230.3,2826.0
2026-06-05 11:55:00,2230.3,2231.2,2226.4,2226.9,1887.0
2026-06-05 12:00:00,2226.9,2228.0,2225.3,2227.3,1992.0
2026-06-05 12:05:00,2226.3,2228.4,2216.6,2223.0,24191.0
2026-06-05 12:10:00,2223.0,2224.0,2222.1,2223.5,1383.0
2026-06-05 12:15:00,2223.2,2224.0,2223.0,2223.1,4606.0
2026-06-05 12:20:00,2223.8,2224.0,2223.0,2224.0,7715.0
2026-06-05 12:25:00,2224.0,2224.1,2217.8,2220.0,4460.0
2026-06-05 12:30:00,2220.3,2222.4,2219.8,2221.7,1144.0
2026-06-05 12:35:00,2221.7,2222.0,2219.8,2220.6,2675.0
2026-06-05 12:40:00,2220.7,2222.1,2219.8,2221.2,1973.0
2026-06-05 12:45:00,2220.9,2223.9,2220.0,2223.0,1466.0
2026-06-05 12:50:00,2223.4,2223.8,2221.0,2221.0,1198.0
2026-06-05 12:55:00,2221.1,2224.0,2220.9,2222.9,1579.0
2026-06-05 13:00:00,2224.0,2224.0,2221.8,2222.8,1467.0
2026-06-05 13:05:00,2222.8,2224.0,2221.4,2222.8,4641.0
2026-06-05 13:10:00,2222.8,2223.6,2221.7,2222.8,5165.0
2026-06-05 13:15:00,2222.8,2224.0,2220.2,2224.0,2908.0
2026-06-05 13:20:00,2222.8,2223.9,2220.9,2223.1,2040.0
2026-06-05 13:25:00,2222.8,2225.9,2221.5,2222.9,5530.0
2026-06-05 13:30:00,2222.8,2223.9,2222.1,2222.8,3649.0
2026-06-05 13:35:00,2222.8,2225.4,2221.8,2224.0,21940.0
2026-06-05 13:40:00,2223.9,2225.3,2222.3,2224.0,5151.0
2026-06-05 13:45:00,2223.0,2224.3,2221.3,2222.9,3345.0
2026-06-05 13:50:00,2223.0,2223.7,2221.7,2223.2,6241.0
2026-06-05 13:55:00,2223.5,2224.3,2221.0,2223.1,3843.0
2026-06-05 14:00:00,2223.2,2227.9,2222.7,2223.1,5356.0
2026-06-05 14:05:00,2223.1,2224.5,2221.6,2222.9,5854.0
2026-06-05 14:10:00,2222.9,2224.5,2221.8,2223.1,8283.0
2026-06-05 14:15:00,2222.8,2223.7,2221.5,2222.8,6898.0
2026-06-05 14:20:00,2222.8,2223.5,2205.1,2207.9,11647.0
2026-06-05 14:25:00,2208.1,2211.1,2203.0,2210.5,6791.0
2026-06-05 14:30:00,2210.8,2212.3,2207.2,2207.2,5143.0
2026-06-05 14:35:00,2207.2,2214.5,2205.0,2214.0,7105.0
2026-06-05 14:40:00,2214.0,2222.5,2214.0,2222.4,8097.0
2026-06-05 14:45:00,2222.2,2223.7,2220.0,2222.0,23535.0
2026-06-05 14:50:00,2222.4,2224.4,2222.0,2223.4,6635.0
2026-06-05 14:55:00,2223.3,2224.8,2222.0,2223.7,7350.0
2026-06-05 15:00:00,2223.7,2225.0,2221.5,2222.0,9670.0
2026-06-05 15:05:00,2223.1,2224.2,2220.1,2224.1,10240.0
2026-06-05 15:10:00,2224.0,2224.0,2221.1,2222.0,9133.0
2026-06-05 15:15:00,2222.1,2224.0,2220.0,2222.6,15510.0
2026-06-05 15:20:00,2223.8,2228.0,2220.6,2228.0,29923.0
2026-06-05 15:25:00,2228.0,2229.0,2220.0,2220.0,27064.0
2026-06-08 09:15:00,2179.0,2197.9,2143.5,2184.2,46122.0
2026-06-08 09:20:00,2192.8,2210.9,2186.7,2207.1,17505.0
2026-06-08 09:25:00,2209.1,2216.4,2201.8,2210.8,12354.0
2026-06-08 09:30:00,2210.6,2211.8,2202.3,2207.0,8092.0
2026-06-08 09:35:00,2208.0,2208.0,2192.0,2199.3,19710.0
2026-06-08 09:40:00,2200.7,2203.7,2197.4,2200.8,3652.0
2026-06-08 09:45:00,2199.1,2212.0,2197.9,2198.9,6585.0
2026-06-08 09:50:00,2198.0,2200.8,2197.3,2198.6,10019.0
2026-06-08 09:55:00,2198.5,2204.6,2198.5,2204.4,6314.0
2026-06-08 10:00:00,2204.3,2209.9,2202.2,2204.5,5308.0
2026-06-08 10:05:00,2204.5,2211.6,2203.3,2206.0,4957.0
2026-06-08 10:10:00,2204.9,2207.1,2204.1,2205.5,885.0
2026-06-08 10:15:00,2204.6,2206.6,2203.8,2205.9,1441.0
2026-06-08 10:20:00,2206.0,2210.3,2205.6,2208.8,1005.0
2026-06-08 10:25:00,2209.9,2209.9,2204.1,2204.6,3178.0
2026-06-08 10:30:00,2205.2,2208.0,2203.3,2207.8,1438.0
2026-06-08 10:35:00,2208.7,2209.1,2204.1,2204.1,3161.0
2026-06-08 10:40:00,2204.0,2206.2,2203.8,2204.0,699.0
2026-06-08 10:45:00,2204.0,2205.8,2203.1,2205.4,2082.0
2026-06-08 10:50:00,2204.3,2206.7,2203.3,2204.0,1839.0
2026-06-08 10:55:00,2204.0,2208.0,2203.6,2204.0,1778.0
2026-06-08 11:00:00,2204.8,2206.5,2202.9,2205.3,877.0
2026-06-08 11:05:00,2205.3,2206.1,2204.6,2204.6,183.0
2026-06-08 11:10:00,2205.0,2207.9,2204.3,2206.3,1126.0
2026-06-08 11:15:00,2205.2,2207.3,2204.0,2205.7,975.0
2026-06-08 11:20:00,2205.7,2207.4,2204.6,2204.9,835.0
2026-06-08 11:25:00,2204.1,2207.0,2203.5,2205.1,1270.0
2026-06-08 11:30:00,2205.1,2205.1,2203.5,2204.0,649.0
2026-06-08 11:35:00,2204.9,2206.6,2203.2,2206.6,832.0
2026-06-08 11:40:00,2206.0,2206.0,2204.4,2204.4,1056.0
2026-06-08 11:45:00,2204.3,2205.9,2202.5,2204.7,1055.0
2026-06-08 11:50:00,2204.0,2206.4,2204.0,2204.0,902.0
2026-06-08 11:55:00,2204.0,2204.3,2203.5,2204.2,12295.0
2026-06-08 12:00:00,2204.0,2205.3,2203.2,2204.0,1958.0
2026-06-08 12:05:00,2204.0,2206.5,2203.2,2206.4,3285.0
2026-06-08 12:10:00,2205.2,2206.6,2204.0,2204.9,1216.0
2026-06-08 12:15:00,2205.8,2206.1,2203.3,2204.6,1027.0
2026-06-08 12:20:00,2204.5,2206.0,2203.6,2204.2,615.0
2026-06-08 12:25:00,2204.2,2206.8,2203.1,2206.0,847.0
2026-06-08 12:30:00,2205.2,2207.0,2205.2,2206.0,628.0
2026-06-08 12:35:00,2206.0,2206.8,2204.0,2206.0,1743.0
2026-06-08 12:40:00,2205.9,2206.9,2205.1,2205.9,180.0
2026-06-08 12:45:00,2206.4,2206.4,2204.1,2204.9,818.0
2026-06-08 12:50:00,2205.9,2206.6,2204.5,2205.5,1068.0
2026-06-08 12:55:00,2205.6,2206.6,2202.2,2205.0,30678.0
2026-06-08 13:00:00,2205.0,2208.8,2204.1,2204.3,1032.0
2026-06-08 13:05:00,2204.1,2205.5,2204.0,2204.3,383.0
2026-06-08 13:10:00,2204.3,2206.0,2204.0,2204.0,958.0
2026-06-08 13:15:00,2204.0,2204.9,2203.9,2204.4,1514.0
2026-06-08 13:20:00,2204.0,2205.7,2203.5,2204.9,572.0
2026-06-08 13:25:00,2204.0,2206.9,2204.0,2205.5,1461.0
2026-06-08 13:30:00,2205.3,2206.2,2204.0,2205.6,715.0
2026-06-08 13:35:00,2204.6,2206.5,2204.0,2204.6,925.0
2026-06-08 13:40:00,2205.7,2205.7,2190.0,2195.5,3816.0
2026-06-08 13:45:00,2195.5,2197.8,2192.0,2194.7,7410.0
2026-06-08 13:50:00,2193.0,2194.3,2191.6,2193.5,9499.0
2026-06-08 13:55:00,2193.5,2194.4,2190.7,2194.4,21451.0
2026-06-08 14:00:00,2193.7,2196.9,2192.2,2195.5,1789.0
2026-06-08 14:05:00,2196.2,2199.1,2195.2,2197.0,2533.0
2026-06-08 14:10:00,2197.0,2198.1,2194.0,2194.0,2545.0
2026-06-08 14:15:00,2194.0,2198.2,2193.5,2197.6,1445.0
2026-06-08 14:20:00,2195.0,2197.7,2194.8,2197.0,1832.0
2026-06-08 14:25:00,2196.5,2197.4,2195.6,2195.8,727.0
2026-06-08 14:30:00,2195.9,2198.7,2195.2,2198.6,1427.0
2026-06-08 14:35:00,2197.4,2198.5,2195.0,2196.0,977.0
2026-06-08 14:40:00,2196.0,2205.8,2196.0,2204.7,4258.0
2026-06-08 14:45:00,2205.8,2207.3,2203.7,2205.2,2337.0
2026-06-08 14:50:00,2204.9,2208.2,2201.9,2202.0,2154.0
2026-06-08 14:55:00,2201.9,2201.9,2198.0,2199.5,3283.0
2026-06-08 15:00:00,2200.6,2201.5,2176.0,2176.0,8625.0
2026-06-08 15:05:00,2175.5,2178.8,2161.9,2166.1,15322.0
2026-06-08 15:10:00,2163.6,2164.6,2155.0,2159.0,12149.0
2026-06-08 15:15:00,2159.0,2159.1,2154.7,2157.0,6234.0
2026-06-08 15:20:00,2154.4,2157.0,2145.0,2145.8,12647.0
2026-06-08 15:25:00,2145.8,2145.9,2116.0,2131.9,23166.0
2026-06-09 09:15:00,2149.8,2174.7,2135.0,2162.6,25646.0
2026-06-09 09:20:00,2164.7,2174.0,2162.5,2166.2,11458.0
2026-06-09 09:25:00,2165.1,2166.2,2150.0,2152.9,6970.0
2026-06-09 09:30:00,2151.0,2190.5,2151.0,2187.0,11661.0
2026-06-09 09:35:00,2184.7,2186.9,2176.6,2179.4,5648.0
2026-06-09 09:40:00,2180.3,2189.4,2177.0,2187.0,5078.0
2026-06-09 09:45:00,2187.8,2208.0,2182.6,2201.7,16949.0
2026-06-09 09:50:00,2200.8,2202.0,2195.0,2197.2,5189.0
2026-06-09 09:55:00,2197.2,2197.2,2187.0,2188.8,4040.0
2026-06-09 10:00:00,2188.1,2191.4,2186.1,2186.8,2851.0
2026-06-09 10:05:00,2186.1,2187.4,2162.0,2162.3,8851.0
2026-06-09 10:10:00,2162.0,2167.8,2160.7,2164.8,5049.0
2026-06-09 10:15:00,2163.6,2165.0,2161.0,2161.0,3566.0
2026-06-09 10:20:00,2161.0,2161.5,2145.1,2146.5,8146.0
2026-06-09 10:25:00,2147.4,2150.5,2142.8,2146.0,4578.0
2026-06-09 10:30:00,2145.0,2146.0,2141.8,2141.8,2113.0
2026-06-09 10:35:00,2141.9,2145.4,2135.5,2137.0,8955.0
2026-06-09 10:40:00,2137.6,2139.6,2131.8,2135.3,6030.0
2026-06-09 10:45:00,2134.7,2146.9,2134.7,2140.0,5708.0
2026-06-09 10:50:00,2138.5,2139.7,2134.0,2137.0,1875.0
2026-06-09 10:55:00,2137.0,2141.6,2136.2,2140.8,1191.0
2026-06-09 11:00:00,2140.7,2142.3,2139.1,2140.0,2156.0
2026-06-09 11:05:00,2140.0,2143.8,2138.4,2138.4,1476.0
2026-06-09 11:10:00,2137.5,2140.0,2135.1,2137.5,1118.0
2026-06-09 11:15:00,2137.5,2138.8,2136.5,2136.9,1128.0
2026-06-09 11:20:00,2138.0,2150.5,2136.2,2143.9,4563.0
2026-06-09 11:25:00,2144.4,2152.8,2143.2,2148.0,1862.0
2026-06-09 11:30:00,2146.1,2147.6,2140.0,2141.9,5237.0
2026-06-09 11:35:00,2143.4,2145.6,2141.8,2145.5,1381.0
2026-06-09 11:40:00,2146.5,2146.9,2143.0,2145.3,883.0
2026-06-09 11:45:00,2146.0,2154.8,2144.7,2147.7,2105.0
2026-06-09 11:50:00,2147.2,2148.0,2137.5,2138.6,2237.0
2026-06-09 11:55:00,2138.6,2139.4,2129.9,2132.0,7106.0
2026-06-09 12:00:00,2133.2,2155.4,2132.0,2153.4,9727.0
2026-06-09 12:05:00,2154.4,2155.0,2150.3,2151.0,1091.0
2026-06-09 12:10:00,2151.0,2153.9,2151.0,2153.9,1978.0
2026-06-09 12:15:00,2153.0,2154.4,2145.8,2148.8,2919.0
2026-06-09 12:20:00,2147.2,2158.7,2146.6,2156.8,3920.0
2026-06-09 12:25:00,2158.6,2167.9,2156.8,2162.1,5103.0
2026-06-09 12:30:00,2162.0,2165.3,2160.0,2162.8,2911.0
2026-06-09 12:35:00,2162.8,2166.4,2161.1,2166.4,2977.0
2026-06-09 12:40:00,2167.5,2168.0,2162.8,2163.2,1982.0
2026-06-09 12:45:00,2164.8,2165.0,2161.2,2161.8,1158.0
2026-06-09 12:50:00,2161.7,2178.2,2160.3,2175.1,7632.0
2026-06-09 12:55:00,2174.1,2177.4,2171.8,2172.7,4529.0
2026-06-09 13:00:00,2171.7,2174.6,2170.6,2171.1,979.0
2026-06-09 13:05:00,2172.9,2175.0,2170.6,2174.0,5961.0
2026-06-09 13:10:00,2172.8,2175.5,2172.0,2174.3,1946.0
2026-06-09 13:15:00,2174.8,2175.5,2173.2,2174.0,1543.0
2026-06-09 13:20:00,2173.4,2175.8,2172.0,2175.0,4744.0
2026-06-09 13:25:00,2174.1,2177.2,2174.1,2175.0,1218.0
2026-06-09 13:30:00,2175.0,2175.4,2173.3,2174.8,698.0
2026-06-09 13:35:00,2174.6,2178.6,2172.0,2178.6,2139.0
2026-06-09 13:40:00,2178.7,2178.9,2173.8,2175.0,2373.0
2026-06-09 13:45:00,2174.9,2177.4,2173.3,2175.6,1864.0
2026-06-09 13:50:00,2175.2,2176.2,2174.1,2175.1,2421.0
2026-06-09 13:55:00,2175.6,2176.6,2171.1,2172.0,4717.0
2026-06-09 14:00:00,2172.3,2172.3,2159.3,2163.2,13478.0
2026-06-09 14:05:00,2164.4,2174.8,2163.0,2173.6,7065.0
2026-06-09 14:10:00,2173.6,2174.5,2172.6,2173.5,619.0
2026-06-09 14:15:00,2173.5,2176.0,2171.2,2175.0,3346.0
2026-06-09 14:20:00,2174.1,2175.0,2172.2,2172.8,1425.0
2026-06-09 14:25:00,2172.2,2174.4,2172.2,2174.3,791.0
2026-06-09 14:30:00,2174.4,2181.9,2170.7,2170.7,6940.0
2026-06-09 14:35:00,2172.2,2176.3,2170.0,2173.8,4946.0
2026-06-09 14:40:00,2172.0,2173.3,2170.1,2172.3,1529.0
2026-06-09 14:45:00,2172.3,2172.3,2160.1,2161.8,3678.0
2026-06-09 14:50:00,2161.8,2179.2,2161.8,2179.0,4025.0
2026-06-09 14:55:00,2177.4,2180.0,2175.8,2179.5,2409.0
2026-06-09 15:00:00,2179.1,2179.1,2171.2,2175.9,6213.0
2026-06-09 15:05:00,2176.0,2181.6,2176.0,2179.9,7963.0
2026-06-09 15:10:00,2180.8,2181.6,2175.0,2176.9,5260.0
2026-06-09 15:15:00,2175.3,2179.7,2175.0,2176.0,17030.0
2026-06-09 15:20:00,2176.0,2180.0,2176.0,2177.0,6280.0
2026-06-09 15:25:00,2176.0,2187.8,2175.0,2179.0,11395.0
2026-06-10 09:15:00,2177.0,2207.4,2160.2,2172.2,14621.0
2026-06-10 09:20:00,2171.9,2174.9,2140.7,2145.2,14483.0
2026-06-10 09:25:00,2143.7,2147.0,2130.0,2137.9,12779.0
2026-06-10 09:30:00,2136.6,2142.8,2125.1,2140.2,18742.0
2026-06-10 09:35:00,2139.0,2139.0,2130.1,2132.6,10856.0
2026-06-10 09:40:00,2132.5,2134.5,2131.1,2132.6,4729.0
2026-06-10 09:45:00,2132.8,2134.0,2126.5,2131.2,4921.0
2026-06-10 09:50:00,2131.2,2137.0,2129.0,2134.0,6336.0
2026-06-10 09:55:00,2133.8,2152.2,2133.0,2150.0,10811.0
2026-06-10 10:00:00,2150.0,2167.7,2150.0,2164.0,17470.0
2026-06-10 10:05:00,2164.3,2172.9,2163.9,2172.1,14110.0
2026-06-10 10:10:00,2172.1,2173.1,2165.5,2166.0,5048.0
2026-06-10 10:15:00,2164.6,2172.7,2162.1,2172.4,6190.0
2026-06-10 10:20:00,2172.5,2173.8,2168.1,2170.0,3697.0
2026-06-10 10:25:00,2170.0,2170.8,2167.2,2170.4,8639.0
2026-06-10 10:30:00,2170.6,2172.0,2168.2,2170.6,2657.0
2026-06-10 10:35:00,2170.6,2177.1,2170.6,2171.7,7064.0
2026-06-10 10:40:00,2171.7,2173.2,2170.0,2170.4,2540.0
2026-06-10 10:45:00,2170.4,2170.4,2169.0,2170.0,4024.0
2026-06-10 10:50:00,2170.0,2171.0,2168.2,2170.0,8595.0
2026-06-10 10:55:00,2170.0,2171.0,2168.8,2170.0,13176.0
2026-06-10 11:00:00,2170.0,2171.0,2168.0,2170.1,8693.0
2026-06-10 11:05:00,2170.1,2182.0,2168.4,2176.0,13951.0
2026-06-10 11:10:00,2176.0,2179.1,2171.0,2171.2,5044.0
2026-06-10 11:15:00,2171.2,2171.4,2169.0,2170.5,1067.0
2026-06-10 11:20:00,2171.0,2172.4,2170.0,2172.0,1464.0
2026-06-10 11:25:00,2172.7,2174.7,2170.9,2173.0,2398.0
2026-06-10 11:30:00,2174.0,2174.0,2170.0,2173.3,1959.0
2026-06-10 11:35:00,2173.3,2173.8,2170.2,2171.9,744.0
2026-06-10 11:40:00,2170.3,2171.0,2169.0,2170.1,798.0
2026-06-10 11:45:00,2171.3,2172.6,2170.0,2172.6,479.0
2026-06-10 11:50:00,2173.5,2177.9,2171.5,2173.1,4177.0
2026-06-10 11:55:00,2173.1,2174.5,2172.2,2173.0,795.0
2026-06-10 12:00:00,2173.0,2173.5,2170.4,2172.8,2295.0
2026-06-10 12:05:00,2171.9,2174.4,2171.0,2171.7,1360.0
2026-06-10 12:10:00,2171.5,2172.9,2171.1,2172.9,1769.0
2026-06-10 12:15:00,2172.0,2172.2,2170.9,2171.5,2027.0
2026-06-10 12:20:00,2171.8,2171.9,2170.0,2171.5,3759.0
2026-06-10 12:25:00,2171.5,2172.0,2170.2,2171.5,2135.0
2026-06-10 12:30:00,2171.5,2172.0,2170.0,2171.4,2057.0
2026-06-10 12:35:00,2171.5,2172.0,2171.0,2171.5,1905.0
2026-06-10 12:40:00,2171.5,2173.0,2167.3,2171.5,4894.0
2026-06-10 12:45:00,2171.5,2172.8,2170.7,2170.8,3486.0
2026-06-10 12:50:00,2171.5,2172.6,2170.8,2171.5,443.0
2026-06-10 12:55:00,2171.5,2174.0,2171.5,2172.3,1790.0
2026-06-10 13:00:00,2171.6,2181.0,2171.6,2180.2,6078.0
2026-06-10 13:05:00,2175.3,2178.8,2175.0,2178.8,5507.0
2026-06-10 13:10:00,2177.9,2179.9,2175.2,2176.0,2466.0
2026-06-10 13:15:00,2176.0,2177.5,2175.0,2175.0,833.0
2026-06-10 13:20:00,2175.0,2178.8,2175.0,2178.8,1506.0
2026-06-10 13:25:00,2177.2,2179.5,2176.5,2177.9,1326.0
2026-06-10 13:30:00,2177.9,2182.0,2177.6,2178.2,6566.0
2026-06-10 13:35:00,2178.4,2179.5,2175.0,2175.0,1675.0
2026-06-10 13:40:00,2175.1,2178.4,2174.0,2175.7,2964.0
2026-06-10 13:45:00,2175.9,2175.9,2174.7,2175.0,927.0
2026-06-10 13:50:00,2175.9,2176.0,2174.2,2175.8,1319.0
2026-06-10 13:55:00,2175.0,2177.0,2174.2,2175.0,4573.0
2026-06-10 14:00:00,2176.3,2176.3,2174.7,2175.0,1113.0
2026-06-10 14:05:00,2175.0,2175.6,2174.3,2175.0,1847.0
2026-06-10 14:10:00,2175.0,2176.5,2173.7,2175.0,5235.0
2026-06-10 14:15:00,2175.0,2175.7,2174.1,2175.6,4744.0
2026-06-10 14:20:00,2175.1,2175.4,2174.0,2175.0,1617.0
2026-06-10 14:25:00,2174.9,2177.9,2174.1,2176.9,1556.0
2026-06-10 14:30:00,2177.9,2178.9,2176.1,2176.1,1611.0
2026-06-10 14:35:00,2176.1,2177.7,2175.1,2176.3,2082.0
2026-06-10 14:40:00,2176.4,2177.0,2174.4,2175.0,2607.0
2026-06-10 14:45:00,2173.1,2178.6,2173.1,2174.9,5712.0
2026-06-10 14:50:00,2175.0,2177.5,2174.2,2175.1,5167.0
2026-06-10 14:55:00,2176.0,2176.9,2174.6,2175.0,6725.0
2026-06-10 15:00:00,2175.0,2176.7,2174.9,2176.0,6026.0
2026-06-10 15:05:00,2176.0,2176.8,2175.9,2176.0,8198.0
2026-06-10 15:10:00,2176.3,2178.0,2174.3,2176.0,9704.0
2026-06-10 15:15:00,2176.1,2179.1,2150.0,2155.6,17647.0
2026-06-10 15:20:00,2155.6,2155.7,2142.5,2146.1,7089.0
2026-06-10 15:25:00,2146.0,2165.0,2146.0,2156.0,4768.0
2026-06-11 09:15:00,2168.0,2171.9,2096.1,2114.7,39133.0
2026-06-11 09:20:00,2112.7,2134.5,2110.0,2132.0,14676.0
2026-06-11 09:25:00,2130.8,2149.5,2130.2,2145.8,11757.0
2026-06-11 09:30:00,2145.0,2149.9,2141.1,2145.7,7480.0
2026-06-11 09:35:00,2144.2,2150.7,2143.8,2147.6,8613.0
2026-06-11 09:40:00,2148.7,2151.4,2143.9,2144.0,3105.0
2026-06-11 09:45:00,2144.0,2145.4,2125.0,2132.6,10388.0
2026-06-11 09:50:00,2132.0,2133.8,2127.6,2130.5,25089.0
2026-06-11 09:55:00,2130.8,2133.0,2128.0,2130.5,28294.0
2026-06-11 10:00:00,2130.5,2131.2,2123.2,2125.9,15746.0
2026-06-11 10:05:00,2124.9,2127.8,2123.2,2126.6,2583.0
2026-06-11 10:10:00,2125.3,2130.0,2125.2,2128.9,1976.0
2026-06-11 10:15:00,2128.9,2130.0,2127.4,2130.0,3287.0
2026-06-11 10:20:00,2130.0,2130.9,2129.1,2129.2,5397.0
2026-06-11 10:25:00,2130.0,2131.0,2128.1,2129.6,1770.0
2026-06-11 10:30:00,2129.0,2129.0,2124.7,2126.0,1340.0
2026-06-11 10:35:00,2126.0,2126.7,2123.0,2125.6,2790.0
2026-06-11 10:40:00,2125.0,2125.9,2122.4,2125.0,6011.0
2026-06-11 10:45:00,2124.7,2126.1,2123.6,2125.6,1774.0
2026-06-11 10:50:00,2125.6,2125.7,2120.6,2124.7,7779.0
2026-06-11 10:55:00,2124.7,2126.3,2123.6,2126.3,4198.0
2026-06-11 11:00:00,2124.9,2126.0,2123.2,2124.7,2788.0
2026-06-11 11:05:00,2124.9,2127.2,2124.9,2126.8,673.0
2026-06-11 11:10:00,2126.8,2128.5,2125.4,2127.2,859.0
2026-06-11 11:15:00,2128.2,2129.0,2127.2,2127.7,404.0
2026-06-11 11:20:00,2129.1,2131.1,2127.2,2128.7,5853.0
2026-06-11 11:25:00,2129.9,2130.0,2128.2,2129.6,957.0
2026-06-11 11:30:00,2128.4,2129.2,2126.5,2128.0,1420.0
2026-06-11 11:35:00,2128.6,2129.4,2126.4,2127.4,1605.0
2026-06-11 11:40:00,2128.0,2128.9,2126.6,2128.9,843.0
2026-06-11 11:45:00,2128.1,2129.4,2127.7,2128.2,2754.0
2026-06-11 11:50:00,2128.3,2130.0,2125.6,2128.0,772.0
2026-06-11 11:55:00,2128.0,2128.7,2126.1,2128.0,2288.0
2026-06-11 12:00:00,2127.1,2128.6,2127.1,2128.0,670.0
2026-06-11 12:05:00,2128.1,2130.0,2128.0,2128.4,875.0
2026-06-11 12:10:00,2128.4,2130.0,2128.0,2129.1,766.0
2026-06-11 12:15:00,2129.4,2132.0,2125.1,2125.2,27644.0
2026-06-11 12:20:00,2124.2,2124.2,2111.0,2113.0,4991.0
2026-06-11 12:25:00,2113.0,2114.7,2107.2,2109.5,4563.0
2026-06-11 12:30:00,2109.5,2109.5,2106.3,2108.0,4443.0
2026-06-11 12:35:00,2109.0,2109.6,2100.0,2100.0,4788.0
2026-06-11 12:40:00,2100.0,2101.0,2091.3,2098.0,8405.0
2026-06-11 12:45:00,2098.4,2105.0,2091.1,2093.8,4161.0
2026-06-11 12:50:00,2093.1,2095.1,2066.5,2068.6,32256.0
2026-06-11 12:55:00,2068.4,2083.4,2063.9,2076.0,13369.0
2026-06-11 13:00:00,2076.6,2078.9,2066.7,2072.0,5874.0
2026-06-11 13:05:00,2071.5,2091.8,2069.2,2086.2,9568.0
2026-06-11 13:10:00,2086.0,2108.3,2083.9,2106.0,12180.0
2026-06-11 13:15:00,2105.0,2108.0,2102.1,2105.3,7483.0
2026-06-11 13:20:00,2103.0,2109.9,2101.6,2109.3,4697.0
2026-06-11 13:25:00,2107.1,2112.0,2102.2,2106.5,6933.0
2026-06-11 13:30:00,2106.5,2108.9,2101.5,2101.5,5734.0
2026-06-11 13:35:00,2102.8,2109.8,2102.7,2104.6,4873.0
2026-06-11 13:40:00,2104.5,2108.9,2102.3,2105.0,4142.0
2026-06-11 13:45:00,2105.8,2112.6,2102.4,2112.6,4194.0
2026-06-11 13:50:00,2114.0,2128.8,2111.2,2126.4,6277.0
2026-06-11 13:55:00,2126.1,2129.6,2124.4,2125.4,5650.0
2026-06-11 14:00:00,2125.4,2130.0,2125.3,2129.8,3916.0
2026-06-11 14:05:00,2130.0,2134.9,2122.7,2130.0,7694.0
2026-06-11 14:10:00,2127.0,2130.0,2124.2,2130.0,5218.0
2026-06-11 14:15:00,2129.4,2130.0,2127.0,2128.0,4620.0
2026-06-11 14:20:00,2127.7,2131.9,2127.7,2128.7,3910.0
2026-06-11 14:25:00,2129.9,2130.8,2127.0,2130.0,4396.0
2026-06-11 14:30:00,2131.5,2146.0,2128.2,2139.9,43810.0
2026-06-11 14:35:00,2141.3,2142.8,2135.4,2142.8,5211.0
2026-06-11 14:40:00,2139.4,2143.0,2138.4,2139.0,4749.0
2026-06-11 14:45:00,2134.5,2134.5,2128.5,2129.3,10636.0
2026-06-11 14:50:00,2131.0,2132.2,2129.6,2131.9,2838.0
2026-06-11 14:55:00,2131.0,2135.0,2128.9,2132.0,11669.0
2026-06-11 15:00:00,2132.0,2133.0,2131.4,2132.0,8942.0
2026-06-11 15:05:00,2132.0,2132.2,2114.3,2121.1,9721.0
2026-06-11 15:10:00,2121.2,2124.8,2118.2,2121.1,7626.0
2026-06-11 15:15:00,2122.7,2130.9,2121.1,2127.7,5948.0
2026-06-11 15:20:00,2127.6,2130.1,2126.0,2130.0,15233.0
2026-06-11 15:25:00,2130.1,2135.9,2128.3,2130.0,24430.0
2026-06-12 09:15:00,2155.0,2180.0,2142.1,2177.0,17519.0
2026-06-12 09:20:00,2176.1,2176.2,2161.4,2165.6,6819.0
2026-06-12 09:25:00,2165.4,2169.9,2144.1,2152.4,11678.0
2026-06-12 09:30:00,2152.0,2173.1,2150.6,2173.1,5366.0
2026-06-12 09:35:00,2174.0,2187.4,2169.0,2186.2,11732.0
2026-06-12 09:40:00,2186.0,2216.7,2181.0,2213.1,37566.0
2026-06-12 09:45:00,2214.1,2215.8,2205.0,2210.4,11774.0
2026-06-12 09:50:00,2203.9,2204.6,2191.2,2196.3,25182.0
2026-06-12 09:55:00,2195.5,2203.9,2193.6,2200.7,6485.0
2026-06-12 10:00:00,2201.6,2201.6,2181.4,2183.5,8377.0
2026-06-12 10:05:00,2184.8,2189.9,2183.5,2188.3,2986.0
2026-06-12 10:10:00,2188.3,2190.0,2183.0,2184.0,2974.0
2026-06-12 10:15:00,2182.4,2185.6,2182.1,2184.1,1306.0
2026-06-12 10:20:00,2186.0,2195.8,2184.7,2190.0,7926.0
2026-06-12 10:25:00,2189.7,2191.1,2188.2,2190.0,3020.0
2026-06-12 10:30:00,2190.0,2190.0,2174.4,2176.9,5844.0
2026-06-12 10:35:00,2177.9,2180.0,2175.2,2179.1,2574.0
2026-06-12 10:40:00,2179.1,2182.1,2162.2,2163.0,12689.0
2026-06-12 10:45:00,2162.9,2177.0,2162.9,2176.9,3050.0
2026-06-12 10:50:00,2177.0,2180.0,2175.5,2176.0,2446.0
2026-06-12 10:55:00,2176.0,2181.2,2175.9,2179.0,4621.0
2026-06-12 11:00:00,2179.0,2181.7,2179.0,2180.0,2577.0
2026-06-12 11:05:00,2179.0,2180.0,2176.1,2178.0,1969.0
2026-06-12 11:10:00,2176.8,2178.4,2176.0,2178.3,850.0
2026-06-12 11:15:00,2178.4,2182.0,2177.7,2180.0,5459.0
2026-06-12 11:20:00,2179.9,2181.2,2178.0,2178.0,2620.0
2026-06-12 11:25:00,2178.0,2178.8,2176.1,2176.1,633.0
2026-06-12 11:30:00,2173.0,2173.0,2167.2,2170.0,2767.0
2026-06-12 11:35:00,2170.0,2170.0,2166.8,2168.3,1815.0
2026-06-12 11:40:00,2169.5,2169.6,2167.5,2167.5,787.0
2026-06-12 11:45:00,2168.4,2172.0,2167.0,2168.9,1683.0
2026-06-12 11:50:00,2168.9,2170.0,2168.0,2169.4,999.0
2026-06-12 11:55:00,2169.4,2169.5,2165.8,2168.1,1547.0
2026-06-12 12:00:00,2166.3,2170.0,2166.2,2169.5,1162.0
2026-06-12 12:05:00,2169.5,2169.5,2160.0,2166.8,9349.0
2026-06-12 12:10:00,2165.0,2172.7,2165.0,2168.4,2510.0
2026-06-12 12:15:00,2167.8,2170.2,2166.2,2169.3,1536.0
2026-06-12 12:20:00,2168.0,2174.0,2167.5,2173.0,783.0
2026-06-12 12:25:00,2171.8,2179.4,2171.8,2175.1,2609.0
2026-06-12 12:30:00,2176.3,2180.0,2175.0,2179.4,2079.0
2026-06-12 12:35:00,2179.4,2179.8,2170.0,2170.0,2536.0
2026-06-12 12:40:00,2170.2,2170.2,2165.0,2165.5,616.0
2026-06-12 12:45:00,2165.7,2166.2,2161.4,2163.7,873.0
2026-06-12 12:50:00,2164.6,2168.6,2162.4,2164.4,1831.0
2026-06-12 12:55:00,2164.5,2165.3,2162.9,2162.9,470.0
2026-06-12 13:00:00,2164.1,2167.2,2162.2,2164.3,1417.0
2026-06-12 13:05:00,2164.7,2165.2,2162.0,2164.5,955.0
2026-06-12 13:10:00,2162.8,2166.8,2162.0,2162.8,1622.0
2026-06-12 13:15:00,2162.0,2162.9,2156.2,2156.2,698.0
2026-06-12 13:20:00,2156.0,2157.1,2154.5,2156.3,3686.0
2026-06-12 13:25:00,2157.0,2167.0,2148.3,2163.3,18301.0
2026-06-12 13:30:00,2163.5,2163.7,2158.0,2162.0,1602.0
2026-06-12 13:35:00,2162.0,2163.0,2160.0,2162.8,1132.0
2026-06-12 13:40:00,2164.0,2164.0,2152.8,2152.8,5286.0
2026-06-12 13:45:00,2153.7,2154.2,2149.6,2150.9,3282.0
2026-06-12 13:50:00,2150.0,2152.5,2149.0,2152.5,1103.0
2026-06-12 13:55:00,2152.6,2155.5,2151.0,2155.5,2308.0
2026-06-12 14:00:00,2155.3,2155.3,2153.0,2153.8,1111.0
2026-06-12 14:05:00,2153.2,2154.0,2148.2,2151.3,3605.0
2026-06-12 14:10:00,2151.1,2151.4,2148.2,2150.5,1444.0
2026-06-12 14:15:00,2151.3,2155.0,2150.5,2151.0,4726.0
2026-06-12 14:20:00,2151.9,2153.9,2151.0,2153.0,1063.0
2026-06-12 14:25:00,2153.0,2153.3,2150.3,2151.5,2549.0
2026-06-12 14:30:00,2150.8,2152.3,2149.0,2150.0,1385.0
2026-06-12 14:35:00,2149.4,2150.0,2145.1,2150.0,1794.0
2026-06-12 14:40:00,2150.0,2150.0,2147.4,2150.0,1202.0
2026-06-12 14:45:00,2150.0,2157.2,2148.9,2156.6,2389.0
2026-06-12 14:50:00,2156.6,2166.6,2155.4,2166.3,4793.0
2026-06-12 14:55:00,2165.1,2168.0,2164.7,2167.0,10837.0
2026-06-12 15:00:00,2166.7,2187.0,2164.1,2174.3,50760.0
2026-06-12 15:05:00,2174.3,2174.3,2165.0,2165.0,32580.0
2026-06-12 15:10:00,2165.2,2167.0,2158.9,2163.2,12957.0
2026-06-12 15:15:00,2164.1,2167.0,2161.9,2161.9,13285.0
2026-06-12 15:20:00,2164.2,2167.0,2160.1,2167.0,12394.0
2026-06-12 15:25:00,2164.9,2167.0,2163.0,2167.0,24539.0
2026-06-15 09:15:00,2209.0,2220.0,2190.4,2201.2,22510.0
2026-06-15 09:20:00,2200.4,2201.5,2178.0,2178.0,8916.0
2026-06-15 09:25:00,2180.5,2187.7,2177.0,2187.5,7646.0
2026-06-15 09:30:00,2187.4,2199.0,2185.8,2199.0,6376.0
2026-06-15 09:35:00,2196.9,2203.6,2195.1,2200.0,2780.0
2026-06-15 09:40:00,2195.1,2201.8,2195.0,2200.7,2281.0
2026-06-15 09:45:00,2201.5,2208.0,2198.1,2204.5,3413.0
2026-06-15 09:50:00,2202.7,2202.9,2195.1,2200.0,2982.0
2026-06-15 09:55:00,2200.0,2202.7,2198.1,2201.9,1469.0
2026-06-15 10:00:00,2200.0,2202.0,2194.4,2198.5,2142.0
2026-06-15 10:05:00,2197.0,2205.8,2193.1,2198.9,5839.0
2026-06-15 10:10:00,2202.0,2204.6,2195.6,2198.4,3125.0
2026-06-15 10:15:00,2198.7,2200.6,2195.0,2197.0,727.0
2026-06-15 10:20:00,2195.9,2208.9,2195.9,2207.3,2654.0
2026-06-15 10:25:00,2207.7,2209.9,2203.6,2208.0,2133.0
2026-06-15 10:30:00,2208.0,2219.0,2207.5,2215.5,4276.0
2026-06-15 10:35:00,2215.5,2218.0,2212.7,2214.2,4586.0
2026-06-15 10:40:00,2214.0,2214.0,2211.0,2211.7,6319.0
2026-06-15 10:45:00,2213.3,2215.0,2206.5,2209.9,5545.0
2026-06-15 10:50:00,2211.9,2214.5,2208.1,2213.1,1153.0
2026-06-15 10:55:00,2212.3,2218.1,2212.0,2215.2,5750.0
2026-06-15 11:00:00,2216.2,2216.2,2204.2,2207.0,1997.0
2026-06-15 11:05:00,2207.0,2207.0,2200.7,2204.3,3434.0
2026-06-15 11:10:00,2206.0,2206.9,2187.1,2196.7,9829.0
2026-06-15 11:15:00,2197.3,2203.5,2193.9,2200.3,2256.0
2026-06-15 11:20:00,2200.5,2200.5,2198.0,2200.0,773.0
2026-06-15 11:25:00,2199.9,2201.0,2199.3,2200.2,2290.0
2026-06-15 11:30:00,2200.2,2200.5,2198.7,2200.1,1084.0
2026-06-15 11:35:00,2200.1,2200.5,2198.1,2200.2,998.0
2026-06-15 11:40:00,2200.0,2201.0,2198.1,2200.3,1995.0
2026-06-15 11:45:00,2200.3,2228.4,2199.6,2215.7,38769.0
2026-06-15 11:50:00,2216.8,2220.6,2213.4,2218.9,6395.0
2026-06-15 11:55:00,2218.8,2218.8,2212.2,2213.9,2826.0
2026-06-15 12:00:00,2215.8,2219.6,2213.5,2214.5,4210.0
2026-06-15 12:05:00,2214.5,2214.5,2202.7,2205.0,2559.0
2026-06-15 12:10:00,2204.9,2206.5,2202.3,2203.3,1174.0
2026-06-15 12:15:00,2203.3,2205.7,2196.6,2200.0,4341.0
2026-06-15 12:20:00,2200.0,2200.8,2197.8,2199.4,1585.0
2026-06-15 12:25:00,2199.4,2200.5,2196.7,2198.4,1282.0
2026-06-15 12:30:00,2198.4,2199.9,2194.6,2199.7,1327.0
2026-06-15 12:35:00,2200.0,2200.4,2195.5,2200.3,1489.0
2026-06-15 12:40:00,2200.3,2200.5,2197.0,2197.0,1781.0
2026-06-15 12:45:00,2196.9,2199.9,2195.0,2199.2,1063.0
2026-06-15 12:50:00,2199.1,2200.4,2198.0,2200.0,1276.0
2026-06-15 12:55:00,2199.8,2200.5,2196.8,2200.0,2051.0
2026-06-15 13:00:00,2200.2,2200.5,2199.0,2199.7,751.0
2026-06-15 13:05:00,2200.4,2200.5,2198.7,2200.4,1231.0
2026-06-15 13:10:00,2200.4,2200.6,2199.1,2200.1,1602.0
2026-06-15 13:15:00,2199.9,2200.2,2197.0,2199.9,1205.0
2026-06-15 13:20:00,2199.9,2200.0,2199.0,2200.0,1818.0
2026-06-15 13:25:00,2200.0,2200.3,2198.4,2200.3,2742.0
2026-06-15 13:30:00,2200.3,2200.3,2198.2,2199.3,802.0
2026-06-15 13:35:00,2200.2,2200.2,2195.0,2199.6,5159.0
2026-06-15 13:40:00,2199.3,2199.9,2196.3,2199.1,1248.0
2026-06-15 13:45:00,2199.1,2199.5,2197.2,2199.2,2939.0
2026-06-15 13:50:00,2199.2,2200.3,2197.8,2199.8,4188.0
2026-06-15 13:55:00,2200.3,2200.6,2198.3,2200.6,1189.0
2026-06-15 14:00:00,2200.6,2200.6,2196.3,2199.8,3375.0
2026-06-15 14:05:00,2199.7,2199.9,2196.5,2199.7,2033.0
2026-06-15 14:10:00,2199.7,2199.7,2195.0,2199.2,4198.0
2026-06-15 14:15:00,2199.2,2199.2,2190.0,2194.5,4994.0
2026-06-15 14:20:00,2193.8,2199.2,2193.8,2197.2,953.0
2026-06-15 14:25:00,2198.0,2199.5,2196.0,2198.5,1430.0
2026-06-15 14:30:00,2198.5,2199.4,2194.2,2198.1,4575.0
2026-06-15 14:35:00,2198.1,2200.3,2197.7,2200.1,3797.0
2026-06-15 14:40:00,2200.0,2200.6,2196.5,2196.5,2806.0
2026-06-15 14:45:00,2198.1,2198.1,2191.5,2195.5,4004.0
2026-06-15 14:50:00,2195.5,2195.7,2190.1,2194.9,1629.0
2026-06-15 14:55:00,2194.9,2198.1,2193.0,2196.5,1254.0
2026-06-15 15:00:00,2197.0,2197.4,2192.0,2192.6,2183.0
2026-06-15 15:05:00,2193.5,2193.5,2184.1,2187.0,5298.0
2026-06-15 15:10:00,2186.6,2188.9,2182.5,2183.0,4314.0
2026-06-15 15:15:00,2184.6,2189.8,2183.4,2189.7,3717.0
2026-06-15 15:20:00,2189.7,2190.0,2186.7,2188.4,4641.0
2026-06-15 15:25:00,2189.9,2190.0,2180.3,2188.3,6982.0
2026-06-16 09:15:00,2210.0,2265.0,2205.0,2259.0,120412.0
2026-06-16 09:20:00,2258.5,2269.9,2248.0,2249.8,91657.0
2026-06-16 09:25:00,2252.0,2259.0,2240.1,2255.0,50814.0
2026-06-16 09:30:00,2254.5,2258.7,2247.2,2248.1,29622.0
2026-06-16 09:35:00,2250.2,2254.6,2235.0,2244.2,26098.0
2026-06-16 09:40:00,2245.0,2250.0,2242.6,2246.0,13528.0
2026-06-16 09:45:00,2246.0,2247.5,2227.0,2233.0,20493.0
2026-06-16 09:50:00,2235.0,2242.0,2234.0,2239.0,6642.0
2026-06-16 09:55:00,2239.0,2264.0,2239.0,2257.5,36975.0
2026-06-16 10:00:00,2256.0,2258.7,2247.3,2250.0,12636.0
2026-06-16 10:05:00,2250.0,2256.0,2250.0,2251.0,8963.0
2026-06-16 10:10:00,2252.5,2255.0,2250.0,2254.8,9240.0
2026-06-16 10:15:00,2254.8,2260.4,2252.5,2258.7,21051.0
2026-06-16 10:20:00,2259.7,2266.0,2256.6,2258.0,28653.0
2026-06-16 10:25:00,2258.0,2265.5,2257.1,2263.9,22210.0
2026-06-16 10:30:00,2264.0,2265.0,2260.0,2263.3,12744.0
2026-06-16 10:35:00,2261.9,2265.0,2255.0,2255.0,13800.0
2026-06-16 10:40:00,2255.0,2260.4,2255.0,2260.0,6914.0
2026-06-16 10:45:00,2258.8,2268.0,2257.9,2263.5,12710.0
2026-06-16 10:50:00,2263.5,2268.3,2263.5,2267.0,17212.0
2026-06-16 10:55:00,2267.0,2277.7,2256.1,2259.2,54911.0
2026-06-16 11:00:00,2259.9,2259.9,2249.0,2250.2,39939.0
2026-06-16 11:05:00,2250.0,2250.1,2225.0,2226.0,39418.0
2026-06-16 11:10:00,2226.0,2231.1,2223.6,2231.1,15689.0
2026-06-16 11:15:00,2229.3,2230.0,2215.9,2215.9,13559.0
2026-06-16 11:20:00,2218.4,2222.1,2215.5,2220.0,17351.0
2026-06-16 11:25:00,2220.0,2224.0,2214.0,2223.9,19716.0
2026-06-16 11:30:00,2224.1,2224.7,2216.1,2217.4,6411.0
2026-06-16 11:35:00,2219.2,2219.2,2210.9,2210.9,7342.0
2026-06-16 11:40:00,2212.6,2214.9,2210.1,2214.3,3421.0
2026-06-16 11:45:00,2214.3,2214.4,2210.1,2214.0,5067.0
2026-06-16 11:50:00,2214.0,2214.9,2210.9,2214.9,3775.0
2026-06-16 11:55:00,2214.9,2214.9,2210.1,2213.8,3208.0
2026-06-16 12:00:00,2213.5,2214.6,2210.1,2212.0,3644.0
2026-06-16 12:05:00,2211.5,2214.0,2210.1,2212.7,2478.0
2026-06-16 12:10:00,2212.7,2219.0,2210.7,2215.9,6606.0
2026-06-16 12:15:00,2215.0,2216.7,2192.1,2198.4,23627.0
2026-06-16 12:20:00,2198.4,2202.7,2197.0,2202.2,6184.0
2026-06-16 12:25:00,2202.2,2204.0,2202.0,2204.0,2025.0
2026-06-16 12:30:00,2203.9,2206.8,2203.9,2205.0,2269.0
2026-06-16 12:35:00,2205.0,2205.0,2201.9,2201.9,2132.0
2026-06-16 12:40:00,2203.4,2203.7,2196.1,2199.6,3058.0
2026-06-16 12:45:00,2199.6,2204.6,2199.6,2203.7,3390.0
2026-06-16 12:50:00,2203.0,2203.0,2198.8,2201.0,2120.0
2026-06-16 12:55:00,2201.4,2205.0,2199.7,2205.0,1881.0
2026-06-16 13:00:00,2205.0,2209.6,2200.8,2204.3,5416.0
2026-06-16 13:05:00,2204.3,2209.5,2203.0,2209.1,2442.0
2026-06-16 13:10:00,2209.1,2213.8,2207.6,2213.7,5051.0
2026-06-16 13:15:00,2211.9,2213.0,2209.9,2211.1,1755.0
2026-06-16 13:20:00,2210.0,2212.0,2199.1,2204.7,4988.0
2026-06-16 13:25:00,2204.7,2207.2,2202.8,2204.1,1202.0
2026-06-16 13:30:00,2203.9,2204.1,2199.0,2201.5,2958.0
2026-06-16 13:35:00,2201.5,2204.5,2200.4,2202.8,1539.0
2026-06-16 13:40:00,2202.8,2202.8,2192.0,2196.0,4857.0
2026-06-16 13:45:00,2193.8,2197.5,2193.8,2196.9,1928.0
2026-06-16 13:50:00,2196.8,2197.9,2195.0,2196.0,1998.0
2026-06-16 13:55:00,2196.0,2197.9,2195.2,2196.8,1298.0
2026-06-16 14:00:00,2195.6,2197.9,2195.6,2197.8,1735.0
2026-06-16 14:05:00,2197.6,2197.7,2190.0,2191.9,5605.0
2026-06-16 14:10:00,2190.8,2195.0,2190.8,2195.0,6373.0
2026-06-16 14:15:00,2195.0,2196.2,2180.8,2186.3,13729.0
2026-06-16 14:20:00,2186.2,2186.2,2180.1,2182.1,6712.0
2026-06-16 14:25:00,2182.0,2186.4,2180.4,2185.0,4403.0
2026-06-16 14:30:00,2184.9,2186.4,2178.0,2182.9,6193.0
2026-06-16 14:35:00,2183.7,2185.0,2179.1,2185.0,3069.0
2026-06-16 14:40:00,2185.0,2185.0,2178.0,2178.0,4813.0
2026-06-16 14:45:00,2178.9,2184.0,2178.0,2181.6,5535.0
2026-06-16 14:50:00,2179.5,2204.7,2178.2,2202.0,12711.0
2026-06-16 14:55:00,2201.8,2203.8,2197.8,2200.1,6593.0
2026-06-16 15:00:00,2199.7,2201.0,2195.5,2196.8,6049.0
2026-06-16 15:05:00,2196.4,2200.0,2193.3,2199.9,7662.0
2026-06-16 15:10:00,2200.0,2201.3,2196.5,2200.0,5316.0
2026-06-16 15:15:00,2200.0,2204.0,2197.6,2202.0,17688.0
2026-06-16 15:20:00,2203.0,2205.1,2201.1,2204.3,18128.0
2026-06-16 15:25:00,2204.0,2209.5,2194.0,2196.7,14894.0
2026-06-17 09:15:00,2204.4,2224.9,2204.4,2218.4,16161.0
2026-06-17 09:20:00,2219.1,2234.3,2217.0,2226.6,10852.0
2026-06-17 09:25:00,2227.5,2238.0,2225.1,2233.8,10926.0
2026-06-17 09:30:00,2232.7,2234.0,2229.0,2231.0,4815.0
2026-06-17 09:35:00,2230.0,2235.0,2227.9,2230.8,5972.0
2026-06-17 09:40:00,2231.8,2244.2,2229.0,2242.7,15939.0
2026-06-17 09:45:00,2242.7,2244.0,2236.0,2239.4,6918.0
2026-06-17 09:50:00,2239.4,2259.9,2238.6,2258.6,28095.0
2026-06-17 09:55:00,2258.1,2262.3,2255.2,2260.0,14892.0
2026-06-17 10:00:00,2259.3,2265.0,2255.0,2259.5,12135.0
2026-06-17 10:05:00,2258.0,2259.7,2251.5,2255.5,9739.0
2026-06-17 10:10:00,2255.5,2257.2,2248.3,2251.0,4243.0
2026-06-17 10:15:00,2250.8,2259.0,2248.0,2253.8,3644.0
2026-06-17 10:20:00,2255.0,2266.5,2254.9,2265.4,10872.0
2026-06-17 10:25:00,2264.0,2267.0,2261.5,2266.9,5521.0
2026-06-17 10:30:00,2266.0,2279.1,2263.0,2278.0,16386.0
2026-06-17 10:35:00,2278.9,2283.0,2276.3,2278.0,26561.0
2026-06-17 10:40:00,2278.0,2280.0,2262.2,2262.2,20800.0
2026-06-17 10:45:00,2264.6,2268.8,2260.2,2262.0,6951.0
2026-06-17 10:50:00,2262.8,2270.0,2262.0,2265.9,7638.0
2026-06-17 10:55:00,2265.9,2268.4,2265.1,2268.3,2733.0
2026-06-17 11:00:00,2267.4,2267.8,2260.9,2263.7,6686.0
2026-06-17 11:05:00,2263.6,2276.8,2261.4,2269.5,8119.0
2026-06-17 11:10:00,2269.9,2275.0,2266.1,2274.0,13461.0
2026-06-17 11:15:00,2272.8,2276.5,2265.1,2265.2,11589.0
2026-06-17 11:20:00,2267.7,2269.9,2264.3,2265.2,3355.0
2026-06-17 11:25:00,2264.0,2271.0,2264.0,2269.9,2904.0
2026-06-17 11:30:00,2268.1,2274.0,2267.1,2274.0,4352.0
2026-06-17 11:35:00,2273.0,2283.5,2271.6,2279.8,31392.0
2026-06-17 11:40:00,2279.7,2279.9,2268.0,2269.5,4977.0
2026-06-17 11:45:00,2269.4,2270.7,2265.0,2265.0,4103.0
2026-06-17 11:50:00,2265.0,2267.1,2262.0,2262.1,1772.0
2026-06-17 11:55:00,2262.7,2264.2,2256.6,2256.7,6234.0
2026-06-17 12:00:00,2256.1,2256.2,2246.5,2248.8,19634.0
2026-06-17 12:05:00,2249.1,2249.9,2244.8,2248.0,9417.0
2026-06-17 12:10:00,2248.1,2248.1,2246.0,2246.0,3088.0
2026-06-17 12:15:00,2246.0,2246.8,2243.0,2243.0,2744.0
2026-06-17 12:20:00,2244.1,2245.0,2240.2,2243.4,5094.0
2026-06-17 12:25:00,2242.3,2242.3,2240.1,2241.0,3708.0
2026-06-17 12:30:00,2241.0,2241.5,2229.0,2229.8,21189.0
2026-06-17 12:35:00,2230.4,2234.9,2223.5,2224.6,19986.0
2026-06-17 12:40:00,2223.3,2229.2,2221.7,2227.1,4568.0
2026-06-17 12:45:00,2227.1,2229.2,2225.6,2227.3,2597.0
2026-06-17 12:50:00,2226.1,2227.5,2224.6,2226.9,2906.0
2026-06-17 12:55:00,2227.0,2228.2,2225.6,2226.7,1751.0
2026-06-17 13:00:00,2226.4,2226.4,2224.6,2225.0,2225.0
2026-06-17 13:05:00,2225.0,2226.0,2222.6,2224.3,3113.0
2026-06-17 13:10:00,2223.6,2225.0,2213.9,2219.0,25595.0
2026-06-17 13:15:00,2219.7,2223.7,2213.8,2217.0,9811.0
2026-06-17 13:20:00,2217.8,2223.8,2216.7,2220.0,14847.0
2026-06-17 13:25:00,2220.0,2223.6,2220.0,2222.0,2286.0
2026-06-17 13:30:00,2222.0,2223.7,2221.2,2222.7,1259.0
2026-06-17 13:35:00,2222.0,2223.8,2220.0,2222.9,2342.0
2026-06-17 13:40:00,2221.0,2221.9,2213.0,2215.6,12807.0
2026-06-17 13:45:00,2213.9,2214.6,2211.1,2211.3,2053.0
2026-06-17 13:50:00,2212.0,2213.1,2202.1,2209.8,16436.0
2026-06-17 13:55:00,2208.8,2210.0,2207.5,2209.9,3167.0
2026-06-17 14:00:00,2209.8,2211.5,2209.3,2210.3,2170.0
2026-06-17 14:05:00,2210.9,2211.2,2195.0,2197.0,44514.0
2026-06-17 14:10:00,2196.2,2218.4,2196.2,2214.9,19417.0
2026-06-17 14:15:00,2214.9,2214.9,2211.0,2213.8,2564.0
2026-06-17 14:20:00,2214.1,2214.9,2211.0,2214.8,3680.0
2026-06-17 14:25:00,2214.2,2214.9,2210.4,2213.3,3231.0
2026-06-17 14:30:00,2213.3,2214.0,2205.0,2208.7,4981.0
2026-06-17 14:35:00,2209.9,2212.9,2203.2,2210.9,8329.0
2026-06-17 14:40:00,2207.1,2212.3,2205.7,2209.0,12431.0
2026-06-17 14:45:00,2209.9,2212.4,2208.0,2209.7,10257.0
2026-06-17 14:50:00,2210.0,2215.0,2209.0,2210.1,8176.0
2026-06-17 14:55:00,2211.8,2214.9,2207.6,2214.0,10599.0
2026-06-17 15:00:00,2213.8,2214.7,2209.5,2212.3,9794.0
2026-06-17 15:05:00,2212.3,2213.0,2206.4,2207.6,15156.0
2026-06-17 15:10:00,2209.6,2211.7,2204.4,2209.0,20039.0
2026-06-17 15:15:00,2209.0,2211.0,2206.0,2209.0,8814.0
2026-06-17 15:20:00,2209.0,2209.9,2207.0,2207.2,17782.0
2026-06-17 15:25:00,2209.6,2228.0,2207.0,2225.0,16807.0
2026-06-18 09:15:00,2236.0,2310.0,2230.0,2294.9,95610.0
2026-06-18 09:20:00,2294.8,2323.2,2285.0,2295.5,97510.0
2026-06-18 09:25:00,2296.6,2315.0,2295.0,2303.9,55770.0
2026-06-18 09:30:00,2303.4,2314.0,2300.0,2305.1,26894.0
2026-06-18 09:35:00,2305.6,2316.0,2291.7,2296.4,45977.0
2026-06-18 09:40:00,2296.3,2325.0,2292.4,2308.6,46209.0
2026-06-18 09:45:00,2308.8,2330.0,2301.8,2326.1,37515.0
2026-06-18 09:50:00,2326.1,2335.0,2315.6,2326.0,52397.0
2026-06-18 09:55:00,2326.0,2327.0,2317.8,2324.9,18953.0
2026-06-18 10:00:00,2324.7,2329.0,2323.2,2329.0,18639.0
2026-06-18 10:05:00,2328.9,2328.9,2311.5,2312.3,29382.0
2026-06-18 10:10:00,2313.8,2330.0,2310.1,2330.0,25279.0
2026-06-18 10:15:00,2330.0,2333.4,2322.8,2326.5,25261.0
2026-06-18 10:20:00,2326.1,2329.1,2322.9,2326.8,7768.0
2026-06-18 10:25:00,2326.5,2330.7,2321.1,2330.7,9363.0
2026-06-18 10:30:00,2331.0,2338.0,2325.9,2334.4,20891.0
2026-06-18 10:35:00,2334.4,2350.0,2333.0,2343.2,55126.0
2026-06-18 10:40:00,2342.7,2348.2,2339.9,2347.1,30256.0
2026-06-18 10:45:00,2346.9,2349.0,2340.4,2347.0,20031.0
2026-06-18 10:50:00,2347.1,2354.0,2343.1,2350.3,25181.0
2026-06-18 10:55:00,2351.7,2352.0,2345.2,2346.6,10236.0
2026-06-18 11:00:00,2346.6,2348.6,2345.0,2346.3,11977.0
2026-06-18 11:05:00,2346.4,2349.0,2344.2,2347.0,13346.0
2026-06-18 11:10:00,2348.5,2365.0,2347.3,2357.0,78058.0
2026-06-18 11:15:00,2357.0,2361.6,2352.6,2359.0,20214.0
2026-06-18 11:20:00,2359.2,2360.5,2351.5,2356.4,24259.0
2026-06-18 11:25:00,2357.9,2363.5,2326.7,2326.7,56851.0
2026-06-18 11:30:00,2329.9,2334.9,2305.0,2324.6,131108.0
2026-06-18 11:35:00,2324.0,2337.9,2324.0,2336.1,18128.0
2026-06-18 11:40:00,2336.9,2337.7,2334.0,2337.7,5414.0
2026-06-18 11:45:00,2337.0,2343.6,2336.4,2339.3,12589.0
2026-06-18 11:50:00,2339.3,2340.7,2327.1,2329.0,21622.0
2026-06-18 11:55:00,2329.1,2329.9,2320.1,2325.5,47986.0
2026-06-18 12:00:00,2326.1,2326.1,2316.0,2317.9,13409.0
2026-06-18 12:05:00,2318.4,2319.4,2292.0,2296.1,55869.0
2026-06-18 12:10:00,2295.9,2297.0,2290.5,2295.0,22660.0
2026-06-18 12:15:00,2295.0,2305.5,2294.2,2296.7,46981.0
2026-06-18 12:20:00,2296.1,2304.3,2296.1,2303.7,11474.0
2026-06-18 12:25:00,2303.7,2308.0,2298.8,2300.0,16446.0
2026-06-18 12:30:00,2300.0,2300.0,2294.0,2295.7,7175.0
2026-06-18 12:35:00,2295.8,2300.7,2294.3,2300.0,5381.0
2026-06-18 12:40:00,2300.0,2301.0,2297.0,2299.3,4234.0
2026-06-18 12:45:00,2299.6,2300.0,2292.9,2294.6,10266.0
2026-06-18 12:50:00,2295.0,2295.0,2280.5,2285.1,28479.0
2026-06-18 12:55:00,2285.1,2288.0,2284.0,2287.0,8869.0
2026-06-18 13:00:00,2287.0,2291.0,2286.9,2289.0,12318.0
2026-06-18 13:05:00,2289.0,2289.0,2284.2,2285.9,3972.0
2026-06-18 13:10:00,2285.9,2297.9,2284.3,2297.9,11837.0
2026-06-18 13:15:00,2298.5,2298.9,2283.0,2284.2,20840.0
2026-06-18 13:20:00,2284.9,2295.5,2281.5,2291.3,18092.0
2026-06-18 13:25:00,2291.3,2301.8,2288.0,2299.0,22184.0
2026-06-18 13:30:00,2299.0,2299.9,2296.5,2296.6,4374.0
2026-06-18 13:35:00,2298.7,2299.0,2295.4,2299.0,4377.0
2026-06-18 13:40:00,2299.2,2299.8,2294.4,2296.4,4802.0
2026-06-18 13:45:00,2296.9,2297.8,2292.9,2295.5,3276.0
2026-06-18 13:50:00,2295.2,2297.0,2292.9,2292.9,2200.0
2026-06-18 13:55:00,2294.4,2296.5,2290.3,2291.0,3287.0
2026-06-18 14:00:00,2291.8,2294.4,2290.4,2291.3,2457.0
2026-06-18 14:05:00,2291.1,2293.5,2286.8,2289.0,4852.0
2026-06-18 14:10:00,2289.0,2291.1,2288.3,2288.7,1991.0
2026-06-18 14:15:00,2288.9,2289.2,2280.9,2283.0,5434.0
2026-06-18 14:20:00,2283.6,2291.9,2283.6,2291.9,11446.0
2026-06-18 14:25:00,2291.9,2300.1,2291.9,2298.6,7804.0
2026-06-18 14:30:00,2299.1,2299.9,2296.5,2297.0,2561.0
2026-06-18 14:35:00,2297.0,2297.0,2296.0,2296.0,1362.0
2026-06-18 14:40:00,2296.0,2296.8,2288.0,2290.0,4620.0
2026-06-18 14:45:00,2290.0,2291.1,2288.7,2289.7,2460.0
2026-06-18 14:50:00,2289.0,2291.6,2284.9,2286.1,4811.0
2026-06-18 14:55:00,2287.4,2292.9,2286.0,2289.4,5294.0
2026-06-18 15:00:00,2290.6,2296.9,2289.1,2294.5,5152.0
2026-06-18 15:05:00,2294.5,2296.5,2291.9,2296.4,7288.0
2026-06-18 15:10:00,2296.4,2297.0,2288.0,2288.9,12383.0
2026-06-18 15:15:00,2288.8,2303.7,2288.5,2299.5,21386.0
2026-06-18 15:20:00,2299.4,2302.6,2298.0,2300.0,12498.0
2026-06-18 15:25:00,2301.0,2307.9,2288.5,2299.9,25579.0
2026-06-19 09:15:00,2273.8,2320.0,2273.8,2306.3,47844.0
2026-06-19 09:20:00,2306.3,2311.2,2300.1,2302.5,15734.0
2026-06-19 09:25:00,2302.7,2323.0,2300.7,2306.4,15365.0
2026-06-19 09:30:00,2305.0,2311.1,2304.1,2306.3,9198.0
2026-06-19 09:35:00,2307.0,2314.0,2303.0,2303.1,9031.0
2026-06-19 09:40:00,2304.3,2310.6,2301.5,2303.4,8527.0
2026-06-19 09:45:00,2302.9,2307.6,2290.7,2293.4,15096.0
2026-06-19 09:50:00,2295.9,2317.8,2295.9,2308.2,10492.0
2026-06-19 09:55:00,2309.9,2317.0,2305.1,2309.3,7210.0
2026-06-19 10:00:00,2310.7,2314.2,2305.7,2314.0,2583.0
2026-06-19 10:05:00,2314.2,2314.2,2309.0,2312.5,3139.0
2026-06-19 10:10:00,2312.1,2316.9,2307.0,2309.4,4922.0
2026-06-19 10:15:00,2309.6,2309.6,2297.7,2298.1,6375.0
2026-06-19 10:20:00,2298.1,2300.3,2293.9,2300.1,4044.0
2026-06-19 10:25:00,2300.1,2302.1,2293.6,2296.1,7298.0
2026-06-19 10:30:00,2296.1,2298.4,2295.5,2296.9,1687.0
2026-06-19 10:35:00,2296.9,2297.5,2292.2,2292.2,2358.0
2026-06-19 10:40:00,2292.7,2295.4,2288.1,2294.7,6864.0
2026-06-19 10:45:00,2295.9,2303.2,2290.1,2292.4,9601.0
2026-06-19 10:50:00,2292.5,2294.8,2288.3,2290.6,3608.0
2026-06-19 10:55:00,2291.0,2296.7,2290.3,2295.6,3318.0
2026-06-19 11:00:00,2296.7,2299.3,2294.4,2295.6,2613.0
2026-06-19 11:05:00,2295.6,2296.8,2292.3,2293.7,1775.0
2026-06-19 11:10:00,2293.7,2295.9,2291.0,2291.0,1040.0
2026-06-19 11:15:00,2291.0,2291.0,2261.1,2263.1,19486.0
2026-06-19 11:20:00,2264.4,2278.7,2263.8,2276.0,24392.0
2026-06-19 11:25:00,2277.0,2277.9,2267.1,2270.0,8446.0
2026-06-19 11:30:00,2271.9,2273.3,2268.7,2273.0,6176.0
2026-06-19 11:35:00,2273.0,2273.1,2267.4,2270.0,4055.0
2026-06-19 11:40:00,2269.0,2273.0,2268.4,2270.4,1855.0
2026-06-19 11:45:00,2271.5,2271.5,2268.5,2271.0,1615.0
2026-06-19 11:50:00,2271.0,2272.8,2269.2,2271.6,1163.0
2026-06-19 11:55:00,2271.6,2273.1,2269.3,2272.1,771.0
2026-06-19 12:00:00,2273.0,2273.5,2270.4,2272.7,9700.0
2026-06-19 12:05:00,2272.7,2272.7,2268.2,2270.7,1673.0
2026-06-19 12:10:00,2271.1,2272.5,2269.2,2271.7,1392.0
2026-06-19 12:15:00,2272.4,2273.0,2269.0,2269.5,1524.0
2026-06-19 12:20:00,2269.5,2273.0,2269.5,2271.2,1906.0
2026-06-19 12:25:00,2270.8,2273.2,2269.8,2271.6,3611.0
2026-06-19 12:30:00,2272.8,2273.0,2270.2,2272.4,922.0
2026-06-19 12:35:00,2272.6,2278.3,2270.4,2273.0,11756.0
2026-06-19 12:40:00,2273.0,2273.1,2268.7,2272.9,3201.0
2026-06-19 12:45:00,2273.0,2273.0,2271.7,2271.7,4222.0
2026-06-19 12:50:00,2272.7,2273.1,2271.6,2272.9,5372.0
2026-06-19 12:55:00,2273.4,2288.2,2272.8,2288.2,18449.0
2026-06-19 13:00:00,2288.4,2290.0,2283.0,2285.5,10005.0
2026-06-19 13:05:00,2286.0,2287.0,2277.8,2281.3,5643.0
2026-06-19 13:10:00,2281.2,2281.2,2270.1,2271.9,6004.0
2026-06-19 13:15:00,2272.6,2273.3,2266.6,2268.5,7669.0
2026-06-19 13:20:00,2267.4,2271.7,2265.7,2269.2,2257.0
2026-06-19 13:25:00,2270.1,2272.9,2269.8,2270.9,2049.0
2026-06-19 13:30:00,2271.5,2274.9,2270.1,2272.6,4162.0
2026-06-19 13:35:00,2273.0,2284.2,2271.4,2281.8,9196.0
2026-06-19 13:40:00,2282.3,2288.0,2280.0,2283.6,6959.0
2026-06-19 13:45:00,2283.7,2284.6,2278.0,2281.3,2732.0
2026-06-19 13:50:00,2282.0,2282.0,2271.7,2272.0,2697.0
2026-06-19 13:55:00,2272.5,2276.6,2270.4,2273.1,6045.0
2026-06-19 14:00:00,2273.6,2275.6,2271.5,2274.9,2235.0
2026-06-19 14:05:00,2275.0,2276.5,2270.1,2272.0,3354.0
2026-06-19 14:10:00,2272.4,2273.9,2271.0,2273.0,2255.0
2026-06-19 14:15:00,2273.0,2282.1,2272.1,2276.9,14777.0
2026-06-19 14:20:00,2278.0,2298.8,2275.6,2290.8,17967.0
2026-06-19 14:25:00,2290.8,2300.7,2290.0,2294.9,20610.0
2026-06-19 14:30:00,2295.0,2296.5,2289.5,2290.8,23907.0
2026-06-19 14:35:00,2292.1,2307.1,2290.0,2301.0,20899.0
2026-06-19 14:40:00,2300.9,2301.9,2296.8,2300.8,5518.0
2026-06-19 14:45:00,2300.9,2304.7,2300.0,2303.3,7346.0
2026-06-19 14:50:00,2305.0,2325.0,2304.7,2314.3,39759.0
2026-06-19 14:55:00,2314.5,2315.6,2306.4,2310.1,16489.0
2026-06-19 15:00:00,2311.0,2320.8,2308.0,2315.0,24285.0
2026-06-19 15:05:00,2316.0,2325.0,2312.5,2321.5,32500.0
2026-06-19 15:10:00,2323.1,2325.1,2316.1,2320.0,23124.0
2026-06-19 15:15:00,2320.0,2329.0,2319.9,2327.0,32283.0
2026-06-19 15:20:00,2327.7,2328.0,2314.1,2318.5,28463.0
2026-06-19 15:25:00,2315.8,2325.0,2315.0,2315.0,16726.0
2026-06-22 09:15:00,2332.8,2365.0,2332.8,2355.0,51836.0
2026-06-22 09:20:00,2354.0,2356.9,2340.1,2342.2,17721.0
2026-06-22 09:25:00,2343.4,2345.1,2333.3,2336.2,14337.0
2026-06-22 09:30:00,2336.2,2343.7,2331.3,2342.0,14408.0
2026-06-22 09:35:00,2342.0,2355.1,2341.7,2353.0,17680.0
2026-06-22 09:40:00,2351.7,2357.6,2350.4,2356.0,11467.0
2026-06-22 09:45:00,2357.1,2372.0,2353.3,2365.6,37002.0
2026-06-22 09:50:00,2366.9,2371.7,2364.2,2370.0,11549.0
2026-06-22 09:55:00,2371.0,2374.0,2365.0,2368.5,16631.0
2026-06-22 10:00:00,2368.5,2368.8,2363.6,2366.4,7863.0
2026-06-22 10:05:00,2366.4,2366.4,2360.8,2362.9,4974.0
2026-06-22 10:10:00,2362.9,2363.0,2351.1,2360.0,13938.0
2026-06-22 10:15:00,2361.5,2363.0,2357.2,2358.2,4566.0
2026-06-22 10:20:00,2358.7,2359.6,2355.0,2357.6,4107.0
2026-06-22 10:25:00,2357.6,2362.0,2357.6,2360.5,4612.0
2026-06-22 10:30:00,2359.3,2360.9,2356.0,2358.9,3721.0
2026-06-22 10:35:00,2358.9,2359.0,2335.3,2337.2,27689.0
2026-06-22 10:40:00,2337.2,2343.2,2335.3,2339.5,35975.0
2026-06-22 10:45:00,2332.8,2335.2,2324.1,2327.6,23127.0
2026-06-22 10:50:00,2329.9,2339.4,2325.7,2339.2,7602.0
2026-06-22 10:55:00,2338.2,2339.1,2335.5,2335.6,3721.0
2026-06-22 11:00:00,2336.6,2337.7,2331.5,2333.5,6429.0
2026-06-22 11:05:00,2335.2,2337.2,2333.6,2337.2,2805.0
2026-06-22 11:10:00,2337.2,2339.7,2337.0,2339.7,4365.0
2026-06-22 11:15:00,2339.3,2340.0,2338.1,2340.0,1953.0
2026-06-22 11:20:00,2340.0,2340.0,2338.5,2340.0,2887.0
2026-06-22 11:25:00,2339.9,2347.7,2339.9,2345.3,19390.0
2026-06-22 11:30:00,2346.2,2349.0,2344.2,2348.9,2548.0
2026-06-22 11:35:00,2347.7,2347.8,2344.7,2347.1,3380.0
2026-06-22 11:40:00,2347.4,2347.7,2341.9,2345.0,3578.0
2026-06-22 11:45:00,2344.0,2345.0,2338.9,2340.0,7002.0
2026-06-22 11:50:00,2341.9,2343.7,2338.8,2339.7,9520.0
2026-06-22 11:55:00,2339.6,2345.2,2339.5,2340.0,5305.0
2026-06-22 12:00:00,2340.0,2341.0,2339.4,2340.0,1007.0
2026-06-22 12:05:00,2340.0,2344.9,2339.9,2344.6,4110.0
2026-06-22 12:10:00,2343.3,2346.8,2342.6,2346.8,1637.0
2026-06-22 12:15:00,2348.6,2354.9,2346.3,2353.6,8255.0
2026-06-22 12:20:00,2353.6,2354.0,2346.5,2346.6,6705.0
2026-06-22 12:25:00,2346.6,2349.4,2342.2,2349.4,2778.0
2026-06-22 12:30:00,2349.8,2357.9,2338.4,2347.7,35451.0
2026-06-22 12:35:00,2347.7,2351.9,2347.7,2351.4,2300.0
2026-06-22 12:40:00,2354.0,2357.8,2347.1,2348.0,7427.0
2026-06-22 12:45:00,2347.1,2348.5,2340.9,2344.0,4329.0
2026-06-22 12:50:00,2344.0,2345.9,2344.0,2345.9,966.0
2026-06-22 12:55:00,2345.0,2346.2,2343.7,2345.0,5024.0
2026-06-22 13:00:00,2345.0,2345.6,2342.5,2343.9,1213.0
2026-06-22 13:05:00,2343.0,2345.0,2341.1,2341.3,2278.0
2026-06-22 13:10:00,2342.1,2344.3,2340.2,2343.9,14705.0
2026-06-22 13:15:00,2344.1,2345.0,2341.9,2344.0,2112.0
2026-06-22 13:20:00,2344.0,2345.0,2339.9,2340.0,4723.0
2026-06-22 13:25:00,2340.0,2340.0,2335.3,2338.9,2581.0
2026-06-22 13:30:00,2338.0,2340.0,2337.9,2338.8,2007.0
2026-06-22 13:35:00,2338.1,2340.0,2338.1,2340.0,2372.0
2026-06-22 13:40:00,2339.4,2340.8,2337.4,2339.9,1967.0
2026-06-22 13:45:00,2339.8,2341.0,2339.1,2340.0,6791.0
2026-06-22 13:50:00,2340.0,2349.7,2339.9,2349.7,4140.0
2026-06-22 13:55:00,2349.7,2355.0,2348.1,2353.1,8494.0
2026-06-22 14:00:00,2354.3,2354.5,2350.7,2352.5,1557.0
2026-06-22 14:05:00,2352.6,2358.3,2351.7,2357.8,3864.0
2026-06-22 14:10:00,2356.3,2358.8,2349.8,2354.0,4777.0
2026-06-22 14:15:00,2354.0,2355.0,2350.7,2352.0,2637.0
2026-06-22 14:20:00,2350.0,2352.0,2345.7,2347.0,9245.0
2026-06-22 14:25:00,2347.0,2347.5,2345.5,2346.0,4099.0
2026-06-22 14:30:00,2346.0,2351.0,2343.6,2351.0,10854.0
2026-06-22 14:35:00,2351.0,2355.6,2350.0,2355.0,3919.0
2026-06-22 14:40:00,2353.7,2354.9,2351.8,2354.0,2590.0
2026-06-22 14:45:00,2354.0,2357.2,2354.0,2356.9,3563.0
2026-06-22 14:50:00,2356.5,2357.7,2353.1,2356.7,3482.0
2026-06-22 14:55:00,2356.7,2356.9,2346.1,2353.8,8891.0
2026-06-22 15:00:00,2353.8,2356.3,2349.4,2354.9,4538.0
2026-06-22 15:05:00,2354.8,2354.8,2352.1,2353.8,2931.0
2026-06-22 15:10:00,2352.9,2358.0,2351.0,2357.2,11095.0
2026-06-22 15:15:00,2357.1,2360.0,2349.8,2353.8,23686.0
2026-06-22 15:20:00,2354.1,2357.0,2344.7,2355.4,28505.0
2026-06-22 15:25:00,2353.5,2358.0,2343.1,2355.9,17441.0
2026-06-23 09:15:00,2369.0,2418.6,2365.1,2405.4,83231.0
2026-06-23 09:20:00,2405.8,2427.5,2402.5,2403.4,50272.0
2026-06-23 09:25:00,2403.4,2405.1,2393.0,2396.0,27216.0
2026-06-23 09:30:00,2396.0,2412.7,2396.0,2404.2,15404.0
2026-06-23 09:35:00,2406.5,2409.6,2391.6,2395.8,14574.0
2026-06-23 09:40:00,2395.8,2395.8,2390.2,2395.0,10348.0
2026-06-23 09:45:00,2395.0,2399.9,2392.5,2393.3,20311.0
2026-06-23 09:50:00,2393.8,2393.9,2389.1,2392.4,16914.0
2026-06-23 09:55:00,2392.4,2392.4,2386.3,2390.2,7195.0
2026-06-23 10:00:00,2390.7,2392.0,2386.9,2387.2,5127.0
2026-06-23 10:05:00,2385.9,2391.0,2385.6,2387.0,4679.0
2026-06-23 10:10:00,2387.0,2388.8,2384.1,2386.7,6410.0
2026-06-23 10:15:00,2388.0,2393.5,2385.9,2392.2,6617.0
2026-06-23 10:20:00,2393.3,2396.0,2391.7,2392.5,5230.0
2026-06-23 10:25:00,2392.5,2392.5,2386.1,2387.0,4158.0
2026-06-23 10:30:00,2387.0,2390.0,2381.6,2383.6,8210.0
2026-06-23 10:35:00,2383.7,2384.5,2368.2,2370.5,15212.0
2026-06-23 10:40:00,2370.0,2371.7,2367.1,2370.5,4952.0
2026-06-23 10:45:00,2370.5,2373.6,2366.4,2368.0,6626.0
2026-06-23 10:50:00,2368.0,2383.8,2363.0,2383.0,8370.0
2026-06-23 10:55:00,2383.0,2387.4,2380.2,2384.1,2460.0
2026-06-23 11:00:00,2384.1,2385.0,2380.2,2384.9,2329.0
2026-06-23 11:05:00,2384.9,2388.0,2382.4,2387.5,6568.0
2026-06-23 11:10:00,2387.5,2387.5,2383.7,2386.7,8544.0
2026-06-23 11:15:00,2386.8,2386.8,2380.6,2381.7,2191.0
2026-06-23 11:20:00,2381.7,2382.6,2380.1,2381.0,2400.0
2026-06-23 11:25:00,2381.0,2381.8,2379.2,2380.7,1326.0
2026-06-23 11:30:00,2380.7,2386.9,2379.5,2386.0,1849.0
2026-06-23 11:35:00,2386.0,2386.5,2381.1,2382.9,1696.0
2026-06-23 11:40:00,2382.9,2382.9,2379.3,2382.6,2806.0
2026-06-23 11:45:00,2382.6,2385.0,2380.0,2383.6,5918.0
2026-06-23 11:50:00,2383.6,2383.6,2375.7,2378.5,10021.0
2026-06-23 11:55:00,2379.0,2379.0,2367.2,2369.9,11398.0
2026-06-23 12:00:00,2369.9,2374.9,2368.4,2372.9,4174.0
2026-06-23 12:05:00,2372.9,2372.9,2361.2,2370.5,16433.0
2026-06-23 12:10:00,2370.3,2370.3,2366.0,2368.0,3576.0
2026-06-23 12:15:00,2368.0,2370.5,2366.2,2369.5,3375.0
2026-06-23 12:20:00,2369.9,2370.5,2362.6,2365.0,12160.0
2026-06-23 12:25:00,2365.0,2367.5,2361.0,2366.5,7547.0
2026-06-23 12:30:00,2366.0,2370.0,2366.0,2370.0,2424.0
2026-06-23 12:35:00,2370.0,2372.2,2367.9,2372.0,1766.0
2026-06-23 12:40:00,2372.0,2372.0,2367.3,2367.9,2341.0
2026-06-23 12:45:00,2369.0,2370.3,2367.3,2367.3,2181.0
2026-06-23 12:50:00,2368.0,2368.0,2365.0,2367.0,2318.0
2026-06-23 12:55:00,2367.0,2369.3,2365.4,2366.9,1559.0
2026-06-23 13:00:00,2367.1,2368.4,2365.0,2368.4,1524.0
2026-06-23 13:05:00,2368.4,2370.0,2365.3,2366.9,2898.0
2026-06-23 13:10:00,2366.9,2367.2,2364.5,2365.9,3426.0
2026-06-23 13:15:00,2366.1,2366.4,2360.8,2363.9,2001.0
2026-06-23 13:20:00,2363.9,2366.7,2363.3,2366.7,1589.0
2026-06-23 13:25:00,2367.2,2367.2,2352.0,2354.7,9387.0
2026-06-23 13:30:00,2354.9,2360.2,2353.4,2358.6,6893.0
2026-06-23 13:35:00,2358.7,2370.0,2358.0,2369.6,6612.0
2026-06-23 13:40:00,2369.7,2375.0,2368.0,2370.0,19333.0
2026-06-23 13:45:00,2370.0,2370.0,2365.5,2366.2,2356.0
2026-06-23 13:50:00,2366.7,2367.1,2364.2,2367.1,1872.0
2026-06-23 13:55:00,2367.0,2368.0,2364.6,2365.7,1187.0
2026-06-23 14:00:00,2365.5,2369.9,2364.7,2368.4,2876.0
2026-06-23 14:05:00,2368.4,2370.8,2368.2,2370.0,6104.0
2026-06-23 14:10:00,2370.0,2371.3,2368.4,2369.3,6730.0
2026-06-23 14:15:00,2369.7,2378.0,2368.9,2377.1,6843.0
2026-06-23 14:20:00,2377.1,2379.9,2375.8,2379.8,3259.0
2026-06-23 14:25:00,2379.8,2379.8,2376.9,2379.3,1624.0
2026-06-23 14:30:00,2379.3,2379.4,2375.4,2378.3,3492.0
2026-06-23 14:35:00,2378.3,2378.4,2376.0,2376.9,1459.0
2026-06-23 14:40:00,2377.2,2379.0,2366.9,2378.6,10476.0
2026-06-23 14:45:00,2379.6,2390.0,2371.7,2378.4,20382.0
2026-06-23 14:50:00,2379.1,2379.8,2369.6,2370.7,22686.0
2026-06-23 14:55:00,2370.7,2377.1,2370.4,2375.1,23360.0
2026-06-23 15:00:00,2375.1,2376.9,2363.7,2367.4,18986.0
2026-06-23 15:05:00,2367.4,2370.0,2366.5,2369.6,10787.0
2026-06-23 15:10:00,2369.6,2370.0,2367.0,2368.1,19210.0
2026-06-23 15:15:00,2368.5,2371.9,2365.0,2365.6,23643.0
2026-06-23 15:20:00,2365.6,2372.0,2364.8,2368.6,21401.0
2026-06-23 15:25:00,2369.5,2373.7,2362.9,2367.1,23836.0
2026-06-24 09:15:00,2359.1,2409.9,2352.3,2395.5,31482.0
2026-06-24 09:20:00,2395.6,2398.1,2377.3,2386.7,15156.0
2026-06-24 09:25:00,2385.0,2389.4,2384.0,2384.0,5024.0
2026-06-24 09:30:00,2382.5,2397.5,2382.5,2394.1,5258.0
2026-06-24 09:35:00,2393.2,2403.9,2390.1,2398.2,10364.0
2026-06-24 09:40:00,2398.1,2402.0,2393.1,2397.7,9434.0
2026-06-24 09:45:00,2397.9,2403.2,2394.0,2397.6,8675.0
2026-06-24 09:50:00,2397.6,2400.0,2394.7,2399.5,5727.0
2026-06-24 09:55:00,2398.7,2407.0,2398.6,2405.0,8135.0
2026-06-24 10:00:00,2405.0,2414.7,2403.7,2409.6,12062.0
2026-06-24 10:05:00,2410.6,2413.0,2407.6,2408.0,4682.0
2026-06-24 10:10:00,2408.0,2410.0,2406.6,2406.6,3020.0
2026-06-24 10:15:00,2407.3,2408.8,2403.5,2407.0,4553.0
2026-06-24 10:20:00,2406.8,2407.0,2401.6,2403.5,2582.0
2026-06-24 10:25:00,2404.6,2406.0,2399.4,2400.8,6509.0
2026-06-24 10:30:00,2401.7,2403.1,2399.9,2400.6,6842.0
2026-06-24 10:35:00,2400.5,2404.0,2400.2,2402.3,1314.0
2026-06-24 10:40:00,2403.4,2406.0,2403.0,2404.0,1544.0
2026-06-24 10:45:00,2403.9,2405.0,2402.1,2404.5,2729.0
2026-06-24 10:50:00,2404.5,2407.0,2403.1,2403.1,6193.0
2026-06-24 10:55:00,2403.1,2404.0,2382.0,2385.5,17894.0
2026-06-24 11:00:00,2385.4,2389.3,2383.7,2388.3,6518.0
2026-06-24 11:05:00,2389.6,2392.0,2383.4,2386.2,7798.0
2026-06-24 11:10:00,2386.0,2390.1,2382.7,2389.4,6946.0
2026-06-24 11:15:00,2389.2,2398.0,2386.8,2398.0,4890.0
2026-06-24 11:20:00,2397.2,2402.0,2390.3,2391.8,4379.0
2026-06-24 11:25:00,2390.8,2398.7,2385.4,2391.8,7919.0
2026-06-24 11:30:00,2393.3,2397.8,2391.6,2395.0,3426.0
2026-06-24 11:35:00,2395.7,2397.6,2394.8,2396.0,3974.0
2026-06-24 11:40:00,2396.0,2399.0,2394.5,2396.6,2074.0
2026-06-24 11:45:00,2398.1,2398.1,2391.6,2393.3,3454.0
2026-06-24 11:50:00,2393.3,2398.0,2393.1,2396.2,1876.0
2026-06-24 11:55:00,2396.2,2398.8,2395.0,2397.0,1795.0
2026-06-24 12:00:00,2397.0,2398.4,2393.0,2393.0,2122.0
2026-06-24 12:05:00,2393.4,2396.5,2392.8,2395.1,1371.0
2026-06-24 12:10:00,2395.1,2397.6,2393.3,2396.8,2266.0
2026-06-24 12:15:00,2395.7,2398.0,2395.1,2395.2,1470.0
2026-06-24 12:20:00,2395.6,2398.0,2393.2,2393.6,2610.0
2026-06-24 12:25:00,2394.9,2395.3,2386.3,2391.7,5228.0
2026-06-24 12:30:00,2389.9,2393.1,2388.3,2392.3,3170.0
2026-06-24 12:35:00,2392.3,2396.8,2391.0,2392.1,8626.0
2026-06-24 12:40:00,2392.5,2392.8,2380.6,2386.0,19823.0
2026-06-24 12:45:00,2386.0,2386.5,2384.2,2385.2,3280.0
2026-06-24 12:50:00,2385.8,2390.0,2385.1,2386.8,2298.0
2026-06-24 12:55:00,2387.4,2390.2,2386.4,2386.4,4335.0
2026-06-24 13:00:00,2386.3,2392.1,2386.1,2390.8,2270.0
2026-06-24 13:05:00,2390.9,2393.0,2390.4,2392.6,1376.0
2026-06-24 13:10:00,2393.5,2396.0,2392.8,2395.4,1174.0
2026-06-24 13:15:00,2400.0,2403.9,2397.4,2401.8,11767.0
2026-06-24 13:20:00,2402.8,2405.0,2400.9,2401.8,4941.0
2026-06-24 13:25:00,2402.3,2405.1,2401.4,2402.7,4217.0
2026-06-24 13:30:00,2403.0,2404.8,2400.8,2404.3,3717.0
2026-06-24 13:35:00,2404.3,2405.0,2402.1,2403.1,7025.0
2026-06-24 13:40:00,2401.6,2404.0,2397.7,2399.7,4415.0
2026-06-24 13:45:00,2401.3,2403.5,2400.7,2401.7,1557.0
2026-06-24 13:50:00,2401.9,2404.9,2401.5,2402.0,1850.0
2026-06-24 13:55:00,2402.0,2406.0,2401.5,2405.7,2487.0
2026-06-24 14:00:00,2405.8,2422.9,2405.8,2416.4,20522.0
2026-06-24 14:05:00,2416.4,2418.4,2414.0,2416.9,5129.0
2026-06-24 14:10:00,2417.0,2420.0,2415.9,2418.6,2889.0
2026-06-24 14:15:00,2418.6,2424.0,2418.6,2422.1,10998.0
2026-06-24 14:20:00,2422.0,2425.0,2418.6,2420.1,11357.0
2026-06-24 14:25:00,2420.7,2422.7,2420.0,2421.9,2815.0
2026-06-24 14:30:00,2421.4,2422.6,2419.2,2419.2,5802.0
2026-06-24 14:35:00,2419.2,2427.0,2418.9,2425.0,13672.0
2026-06-24 14:40:00,2425.0,2430.6,2425.0,2426.0,13157.0
2026-06-24 14:45:00,2425.7,2428.5,2421.8,2425.0,7669.0
2026-06-24 14:50:00,2426.1,2427.5,2423.5,2425.3,9269.0
2026-06-24 14:55:00,2426.5,2427.4,2423.9,2426.0,6341.0
2026-06-24 15:00:00,2426.0,2440.0,2425.2,2439.1,30500.0
2026-06-24 15:05:00,2439.0,2445.0,2436.0,2439.6,36723.0
2026-06-24 15:10:00,2440.5,2450.0,2439.6,2444.7,36978.0
2026-06-24 15:15:00,2445.4,2445.4,2432.2,2436.6,39330.0
2026-06-24 15:20:00,2437.9,2443.2,2422.2,2428.0,32035.0
2026-06-24 15:25:00,2426.4,2436.2,2417.0,2420.0,17672.0
2026-06-25 09:15:00,2455.0,2475.0,2417.2,2428.9,45013.0
2026-06-25 09:20:00,2427.9,2437.0,2406.7,2410.0,22203.0
2026-06-25 09:25:00,2409.6,2412.4,2400.1,2406.7,13520.0
2026-06-25 09:30:00,2406.8,2420.0,2405.0,2416.0,9777.0
2026-06-25 09:35:00,2416.5,2422.0,2410.7,2420.4,6284.0
2026-06-25 09:40:00,2420.6,2427.3,2412.0,2422.8,12402.0
2026-06-25 09:45:00,2423.3,2426.0,2422.0,2423.3,4863.0
2026-06-25 09:50:00,2423.0,2430.7,2417.7,2429.6,13401.0
2026-06-25 09:55:00,2430.0,2440.0,2429.5,2436.7,12989.0
2026-06-25 10:00:00,2436.6,2438.5,2431.2,2436.5,4337.0
2026-06-25 10:05:00,2437.2,2441.5,2437.0,2439.9,9108.0
2026-06-25 10:10:00,2440.9,2448.1,2438.0,2445.6,9865.0
2026-06-25 10:15:00,2445.6,2448.0,2442.0,2446.7,4906.0
2026-06-25 10:20:00,2447.4,2450.8,2443.5,2444.0,5053.0
2026-06-25 10:25:00,2445.3,2454.4,2444.0,2452.4,4821.0
2026-06-25 10:30:00,2452.5,2458.5,2450.4,2454.7,10989.0
2026-06-25 10:35:00,2455.0,2458.9,2451.9,2455.2,4810.0
2026-06-25 10:40:00,2455.3,2464.8,2454.0,2461.9,5406.0
2026-06-25 10:45:00,2461.9,2473.8,2461.0,2473.0,15663.0
2026-06-25 10:50:00,2473.5,2483.0,2473.0,2475.6,21388.0
2026-06-25 10:55:00,2475.7,2509.4,2470.3,2503.8,46251.0
2026-06-25 11:00:00,2503.7,2504.8,2500.0,2501.9,16497.0
2026-06-25 11:05:00,2502.1,2506.0,2501.8,2505.1,12838.0
2026-06-25 11:10:00,2505.2,2513.7,2502.5,2512.0,17497.0
2026-06-25 11:15:00,2512.0,2512.7,2508.0,2510.9,13091.0
2026-06-25 11:20:00,2511.4,2518.0,2510.7,2514.7,22337.0
2026-06-25 11:25:00,2514.9,2518.9,2512.0,2516.7,15200.0
2026-06-25 11:30:00,2516.9,2517.6,2504.0,2504.6,20948.0
2026-06-25 11:35:00,2505.1,2507.5,2496.2,2498.8,28199.0
2026-06-25 11:40:00,2499.3,2500.0,2492.1,2495.2,20415.0
2026-06-25 11:45:00,2495.4,2497.0,2486.4,2486.8,34850.0
2026-06-25 11:50:00,2486.8,2493.9,2485.0,2490.3,27806.0
2026-06-25 11:55:00,2489.9,2494.4,2488.7,2489.7,18961.0
2026-06-25 12:00:00,2490.4,2500.0,2489.7,2499.9,8472.0
2026-06-25 12:05:00,2499.9,2500.0,2485.6,2487.5,17272.0
2026-06-25 12:10:00,2487.7,2492.0,2482.1,2483.9,11961.0
2026-06-25 12:15:00,2485.2,2490.0,2483.4,2488.8,7093.0
2026-06-25 12:20:00,2488.8,2490.0,2484.5,2490.0,7709.0
2026-06-25 12:25:00,2489.6,2490.5,2488.2,2490.0,7789.0
2026-06-25 12:30:00,2489.7,2490.0,2486.2,2490.0,7718.0
2026-06-25 12:35:00,2490.0,2490.0,2489.1,2490.0,8864.0
2026-06-25 12:40:00,2490.0,2490.5,2488.1,2489.7,15844.0
2026-06-25 12:45:00,2489.6,2490.6,2488.1,2489.4,6519.0
2026-06-25 12:50:00,2484.8,2486.8,2481.2,2484.8,14183.0
2026-06-25 12:55:00,2485.1,2485.8,2482.6,2484.3,8137.0
2026-06-25 13:00:00,2484.7,2486.1,2483.1,2485.0,7682.0
2026-06-25 13:05:00,2485.0,2486.5,2484.7,2485.1,6460.0
2026-06-25 13:10:00,2485.0,2486.3,2484.5,2485.0,6714.0
2026-06-25 13:15:00,2484.8,2487.1,2483.9,2486.2,8486.0
2026-06-25 13:20:00,2484.9,2485.3,2475.8,2479.8,14743.0
2026-06-25 13:25:00,2480.3,2480.9,2475.1,2479.2,4503.0
2026-06-25 13:30:00,2479.7,2481.7,2478.2,2479.6,5025.0
2026-06-25 13:35:00,2480.3,2483.0,2478.7,2480.8,8777.0
2026-06-25 13:40:00,2480.9,2485.9,2479.0,2480.3,7445.0
2026-06-25 13:45:00,2479.9,2481.7,2479.0,2479.2,4822.0
2026-06-25 13:50:00,2479.2,2481.5,2478.6,2479.4,5192.0
2026-06-25 13:55:00,2479.9,2480.9,2477.4,2479.8,3788.0
2026-06-25 14:00:00,2479.5,2481.5,2479.0,2481.1,6536.0
2026-06-25 14:05:00,2481.1,2481.4,2478.8,2481.4,5250.0
2026-06-25 14:10:00,2481.0,2481.2,2478.2,2481.0,6492.0
2026-06-25 14:15:00,2479.7,2481.3,2479.7,2479.8,5268.0
2026-06-25 14:20:00,2479.8,2481.3,2478.3,2481.0,4282.0
2026-06-25 14:25:00,2481.0,2481.8,2477.9,2480.3,9378.0
2026-06-25 14:30:00,2480.3,2485.7,2477.1,2480.7,8040.0
2026-06-25 14:35:00,2480.3,2496.0,2474.1,2495.1,10106.0
2026-06-25 14:40:00,2495.1,2496.4,2487.2,2489.3,6134.0
2026-06-25 14:45:00,2489.3,2498.0,2488.3,2494.8,9205.0
2026-06-25 14:50:00,2494.8,2499.9,2494.1,2494.7,7019.0
2026-06-25 14:55:00,2494.9,2499.9,2494.9,2498.6,7544.0
2026-06-25 15:00:00,2498.1,2498.1,2485.8,2491.0,11904.0
2026-06-25 15:05:00,2490.9,2498.3,2490.1,2496.3,11076.0
2026-06-25 15:10:00,2496.6,2497.3,2482.1,2483.0,44019.0
2026-06-25 15:15:00,2483.8,2485.0,2478.4,2484.3,18544.0
2026-06-25 15:20:00,2483.2,2485.0,2475.3,2481.3,22978.0
2026-06-25 15:25:00,2481.3,2490.0,2480.0,2489.9,17251.0
2026-06-29 09:15:00,2500.0,2521.4,2451.6,2512.0,45009.0
2026-06-29 09:20:00,2512.0,2513.0,2498.1,2501.4,15676.0
2026-06-29 09:25:00,2501.4,2507.0,2492.0,2503.8,11168.0
2026-06-29 09:30:00,2503.0,2515.0,2498.8,2511.5,14754.0
2026-06-29 09:35:00,2510.1,2527.7,2503.5,2518.1,18835.0
2026-06-29 09:40:00,2518.1,2524.0,2512.4,2521.9,11637.0
2026-06-29 09:45:00,2521.7,2525.0,2512.0,2512.5,11879.0
2026-06-29 09:50:00,2512.7,2522.4,2511.9,2521.7,7508.0
2026-06-29 09:55:00,2520.1,2523.9,2511.2,2512.4,6909.0
2026-06-29 10:00:00,2514.5,2519.9,2507.0,2519.9,5162.0
2026-06-29 10:05:00,2518.0,2549.0,2518.0,2546.4,38411.0
2026-06-29 10:10:00,2545.6,2547.0,2525.0,2528.6,42148.0
2026-06-29 10:15:00,2527.8,2531.8,2518.0,2525.0,11818.0
2026-06-29 10:20:00,2525.0,2529.8,2521.6,2522.8,5272.0
2026-06-29 10:25:00,2523.9,2528.7,2518.3,2518.3,6694.0
2026-06-29 10:30:00,2519.3,2525.6,2518.3,2524.6,3137.0
2026-06-29 10:35:00,2524.7,2524.7,2512.0,2516.0,7656.0
2026-06-29 10:40:00,2516.0,2520.0,2515.1,2519.9,3722.0
2026-06-29 10:45:00,2519.9,2522.4,2513.6,2519.9,7226.0
2026-06-29 10:50:00,2520.0,2520.0,2516.1,2519.0,4254.0
2026-06-29 10:55:00,2519.1,2520.0,2517.0,2519.9,2832.0
2026-06-29 11:00:00,2520.0,2524.5,2519.5,2519.6,8734.0
2026-06-29 11:05:00,2519.6,2520.0,2518.8,2520.0,2886.0
2026-06-29 11:10:00,2520.0,2521.0,2519.2,2520.2,4364.0
2026-06-29 11:15:00,2520.2,2527.0,2519.7,2524.4,3146.0
2026-06-29 11:20:00,2524.3,2524.4,2519.8,2520.2,3119.0
2026-06-29 11:25:00,2520.9,2525.0,2519.9,2521.7,3160.0
2026-06-29 11:30:00,2521.7,2525.5,2521.2,2525.5,2680.0
2026-06-29 11:35:00,2525.5,2530.0,2520.5,2521.8,7217.0
2026-06-29 11:40:00,2521.8,2527.0,2521.7,2523.9,1397.0
2026-06-29 11:45:00,2523.9,2523.9,2518.5,2520.3,2198.0
2026-06-29 11:50:00,2520.3,2521.4,2517.6,2519.0,3173.0
2026-06-29 11:55:00,2518.9,2519.8,2503.6,2504.8,8637.0
2026-06-29 12:00:00,2504.8,2511.9,2503.5,2510.7,7747.0
2026-06-29 12:05:00,2510.7,2515.0,2508.0,2510.0,4130.0
2026-06-29 12:10:00,2510.0,2515.0,2509.6,2514.0,2219.0
2026-06-29 12:15:00,2515.0,2519.0,2514.9,2518.8,2250.0
2026-06-29 12:20:00,2518.3,2519.0,2514.3,2517.4,3126.0
2026-06-29 12:25:00,2517.4,2518.0,2515.3,2517.0,1562.0
2026-06-29 12:30:00,2517.0,2517.5,2512.2,2514.9,3058.0
2026-06-29 12:35:00,2514.9,2516.0,2512.0,2512.9,2094.0
2026-06-29 12:40:00,2512.9,2514.0,2509.6,2512.3,3915.0
2026-06-29 12:45:00,2512.9,2517.2,2511.8,2515.7,1214.0
2026-06-29 12:50:00,2515.7,2519.0,2515.0,2518.7,2046.0
2026-06-29 12:55:00,2518.7,2520.0,2516.9,2519.0,4142.0
2026-06-29 13:00:00,2519.0,2519.0,2517.2,2518.5,2354.0
2026-06-29 13:05:00,2518.5,2519.0,2517.7,2519.0,2395.0
2026-06-29 13:10:00,2519.0,2519.0,2517.1,2519.0,1664.0
2026-06-29 13:15:00,2519.0,2519.0,2518.8,2519.0,3688.0
2026-06-29 13:20:00,2519.0,2519.0,2518.1,2519.0,2164.0
2026-06-29 13:25:00,2519.0,2521.1,2518.7,2521.1,3240.0
2026-06-29 13:30:00,2520.8,2521.0,2517.4,2519.4,2265.0
2026-06-29 13:35:00,2519.4,2520.5,2519.4,2520.0,1552.0
2026-06-29 13:40:00,2520.0,2520.7,2518.6,2520.0,1885.0
2026-06-29 13:45:00,2520.0,2520.0,2517.7,2520.0,1727.0
2026-06-29 13:50:00,2520.0,2520.0,2518.2,2520.0,3550.0
2026-06-29 13:55:00,2520.0,2520.0,2519.0,2519.9,2394.0
2026-06-29 14:00:00,2519.9,2520.0,2518.1,2519.9,1405.0
2026-06-29 14:05:00,2519.9,2520.0,2519.8,2520.0,2087.0
2026-06-29 14:10:00,2520.0,2520.0,2518.3,2520.0,2276.0
2026-06-29 14:15:00,2520.0,2520.0,2515.4,2517.6,1512.0
2026-06-29 14:20:00,2517.6,2519.9,2515.2,2519.1,1261.0
2026-06-29 14:25:00,2519.1,2519.5,2514.2,2514.5,2108.0
2026-06-29 14:30:00,2514.5,2514.5,2506.6,2510.0,3555.0
2026-06-29 14:35:00,2510.0,2511.2,2508.0,2508.2,2025.0
2026-06-29 14:40:00,2508.2,2510.5,2505.1,2505.1,4570.0
2026-06-29 14:45:00,2505.1,2507.9,2505.1,2506.0,2798.0
2026-06-29 14:50:00,2505.7,2508.4,2505.7,2505.9,3726.0
2026-06-29 14:55:00,2505.9,2507.1,2505.0,2506.1,3646.0
2026-06-29 15:00:00,2505.8,2514.5,2491.0,2500.3,28860.0
2026-06-29 15:05:00,2500.4,2512.5,2498.3,2507.0,25180.0
2026-06-29 15:10:00,2508.3,2510.8,2496.8,2502.0,15680.0
2026-06-29 15:15:00,2502.3,2505.0,2492.7,2500.1,46881.0
2026-06-29 15:20:00,2501.7,2506.2,2498.1,2505.0,19989.0
2026-06-29 15:25:00,2504.8,2509.0,2488.3,2488.3,13995.0
2026-06-30 09:15:00,2515.0,2519.0,2450.0,2452.7,786567.0
2026-06-30 09:20:00,2452.6,2457.0,2420.7,2428.0,96531.0
2026-06-30 09:25:00,2428.0,2444.3,2394.4,2397.1,51935.0
2026-06-30 09:30:00,2392.2,2394.0,2355.0,2382.4,93654.0
2026-06-30 09:35:00,2382.0,2382.8,2360.1,2367.6,31399.0
2026-06-30 09:40:00,2367.4,2373.3,2358.9,2366.0,42376.0
2026-06-30 09:45:00,2365.1,2379.0,2363.2,2366.9,36411.0
2026-06-30 09:50:00,2366.9,2372.7,2346.6,2359.3,41245.0
2026-06-30 09:55:00,2359.2,2363.2,2351.0,2354.1,20158.0
2026-06-30 10:00:00,2354.0,2367.6,2352.0,2367.6,34425.0
2026-06-30 10:05:00,2366.9,2373.9,2353.4,2356.1,17774.0
2026-06-30 10:10:00,2356.1,2361.8,2350.6,2356.0,21141.0
2026-06-30 10:15:00,2355.9,2357.3,2350.0,2350.2,8897.0
2026-06-30 10:20:00,2351.4,2359.9,2350.0,2356.0,20304.0
2026-06-30 10:25:00,2356.5,2357.6,2355.0,2356.5,5406.0
2026-06-30 10:30:00,2356.1,2363.9,2356.1,2363.6,14265.0
2026-06-30 10:35:00,2363.8,2364.8,2356.0,2356.0,12086.0
2026-06-30 10:40:00,2355.7,2356.8,2332.0,2336.4,46441.0
2026-06-30 10:45:00,2336.2,2345.9,2325.0,2337.1,43562.0
2026-06-30 10:50:00,2337.6,2339.9,2330.5,2335.0,22450.0
2026-06-30 10:55:00,2333.8,2338.0,2331.7,2332.9,5851.0
2026-06-30 11:00:00,2332.9,2342.9,2332.1,2337.8,19813.0
2026-06-30 11:05:00,2337.7,2337.7,2325.6,2331.5,15177.0
2026-06-30 11:10:00,2331.5,2338.5,2330.5,2336.9,8049.0
2026-06-30 11:15:00,2336.9,2340.6,2335.1,2337.2,10031.0
2026-06-30 11:20:00,2337.2,2341.8,2332.5,2340.1,8282.0
2026-06-30 11:25:00,2340.1,2341.1,2336.8,2337.0,3978.0
2026-06-30 11:30:00,2338.0,2338.0,2331.0,2331.0,8475.0
2026-06-30 11:35:00,2330.4,2340.4,2328.4,2340.0,9573.0
2026-06-30 11:40:00,2340.0,2343.9,2334.0,2337.0,10333.0
2026-06-30 11:45:00,2336.0,2339.8,2336.0,2337.0,4104.0
2026-06-30 11:50:00,2336.7,2337.9,2333.6,2334.2,4622.0
2026-06-30 11:55:00,2335.1,2339.8,2320.0,2323.5,28302.0
2026-06-30 12:00:00,2325.0,2329.7,2321.0,2328.6,12755.0
2026-06-30 12:05:00,2329.1,2334.0,2327.3,2332.0,7464.0
2026-06-30 12:10:00,2332.0,2332.0,2327.3,2328.7,2778.0
2026-06-30 12:15:00,2328.7,2358.0,2328.7,2357.0,28559.0
2026-06-30 12:20:00,2357.6,2376.9,2352.8,2368.6,54234.0
2026-06-30 12:25:00,2369.9,2369.9,2361.2,2366.0,41385.0
2026-06-30 12:30:00,2366.0,2372.7,2361.1,2371.1,28996.0
2026-06-30 12:35:00,2371.1,2372.4,2365.7,2369.1,15550.0
2026-06-30 12:40:00,2368.9,2371.8,2365.0,2366.9,5712.0
2026-06-30 12:45:00,2366.9,2367.0,2365.0,2365.2,3754.0
2026-06-30 12:50:00,2365.1,2370.0,2365.0,2366.0,17213.0
2026-06-30 12:55:00,2365.9,2369.0,2365.0,2368.3,5450.0
2026-06-30 13:00:00,2368.8,2370.0,2365.5,2367.1,3052.0
2026-06-30 13:05:00,2367.1,2367.1,2365.0,2365.2,4272.0
2026-06-30 13:10:00,2365.0,2371.3,2365.0,2369.9,12903.0
2026-06-30 13:15:00,2369.9,2370.5,2368.0,2368.0,2721.0
2026-06-30 13:20:00,2368.0,2370.0,2365.1,2365.7,4114.0
2026-06-30 13:25:00,2366.6,2368.8,2366.0,2368.8,1895.0
2026-06-30 13:30:00,2368.8,2376.9,2368.0,2376.2,20738.0
2026-06-30 13:35:00,2376.2,2377.9,2368.0,2369.8,8373.0
2026-06-30 13:40:00,2369.5,2374.8,2369.0,2372.0,7671.0
2026-06-30 13:45:00,2372.0,2399.0,2370.2,2392.4,30450.0
2026-06-30 13:50:00,2392.4,2396.8,2390.0,2390.4,10441.0
2026-06-30 13:55:00,2390.9,2394.6,2390.0,2392.1,5743.0
2026-06-30 14:00:00,2392.7,2397.4,2389.1,2394.0,27956.0
2026-06-30 14:05:00,2394.0,2394.8,2375.3,2381.6,30152.0
2026-06-30 14:10:00,2381.6,2384.1,2378.5,2379.5,11442.0
2026-06-30 14:15:00,2381.2,2384.0,2379.0,2380.9,7364.0
2026-06-30 14:20:00,2380.9,2386.0,2379.7,2383.8,45779.0
2026-06-30 14:25:00,2383.8,2386.0,2380.1,2383.1,6292.0
2026-06-30 14:30:00,2381.5,2381.5,2364.1,2367.3,14673.0
2026-06-30 14:35:00,2367.2,2379.5,2361.4,2374.6,14444.0
2026-06-30 14:40:00,2374.6,2391.7,2371.4,2389.1,16923.0
2026-06-30 14:45:00,2389.3,2389.3,2380.0,2380.0,7618.0
2026-06-30 14:50:00,2380.3,2395.2,2380.0,2391.9,32135.0
2026-06-30 14:55:00,2391.9,2394.0,2390.0,2393.5,18492.0
2026-06-30 15:00:00,2393.6,2396.1,2390.0,2394.7,24901.0
2026-06-30 15:05:00,2394.8,2396.0,2393.0,2393.0,14417.0
2026-06-30 15:10:00,2393.9,2398.7,2392.0,2398.7,19704.0
2026-06-30 15:15:00,2396.6,2399.0,2393.0,2393.0,26164.0
2026-06-30 15:20:00,2395.0,2395.0,2392.9,2393.0,16512.0
2026-06-30 15:25:00,2394.9,2405.0,2393.0,2404.0,27209.0
2026-07-01 09:15:00,2420.0,2434.0,2402.0,2402.1,28672.0
2026-07-01 09:20:00,2402.1,2419.0,2400.4,2404.8,13238.0
2026-07-01 09:25:00,2404.8,2411.4,2402.0,2403.0,8406.0
2026-07-01 09:30:00,2403.4,2417.6,2402.0,2417.1,3004.0
2026-07-01 09:35:00,2416.9,2424.0,2413.4,2418.0,10492.0
2026-07-01 09:40:00,2418.5,2424.9,2413.6,2416.0,5631.0
2026-07-01 09:45:00,2417.0,2418.8,2407.9,2409.7,5845.0
2026-07-01 09:50:00,2409.7,2424.0,2408.6,2423.0,8062.0
2026-07-01 09:55:00,2422.8,2422.8,2408.0,2417.0,3963.0
2026-07-01 10:00:00,2417.0,2417.0,2414.0,2415.0,1537.0
2026-07-01 10:05:00,2415.0,2419.2,2413.9,2419.0,1737.0
2026-07-01 10:10:00,2419.1,2420.0,2415.0,2416.8,1533.0
2026-07-01 10:15:00,2416.7,2423.4,2415.5,2420.4,4566.0
2026-07-01 10:20:00,2420.4,2421.8,2412.0,2412.6,4036.0
2026-07-01 10:25:00,2412.5,2418.2,2408.4,2415.0,3894.0
2026-07-01 10:30:00,2415.5,2424.9,2410.8,2412.5,18605.0
2026-07-01 10:35:00,2412.8,2414.7,2410.2,2414.3,1867.0
2026-07-01 10:40:00,2412.4,2416.2,2411.7,2412.6,1295.0
2026-07-01 10:45:00,2413.0,2415.0,2411.0,2414.3,1516.0
2026-07-01 10:50:00,2414.4,2414.4,2402.1,2403.0,7351.0
2026-07-01 10:55:00,2405.0,2407.0,2402.0,2406.9,6238.0
2026-07-01 11:00:00,2408.0,2409.0,2404.0,2404.9,1516.0
2026-07-01 11:05:00,2404.9,2405.0,2391.1,2391.5,5059.0
2026-07-01 11:10:00,2393.0,2413.6,2391.5,2413.6,10125.0
2026-07-01 11:15:00,2414.0,2420.3,2412.6,2417.0,6525.0
2026-07-01 11:20:00,2417.0,2417.0,2410.7,2412.3,2168.0
2026-07-01 11:25:00,2412.4,2412.6,2410.0,2411.0,500.0
2026-07-01 11:30:00,2411.0,2412.6,2409.0,2410.0,800.0
2026-07-01 11:35:00,2410.0,2410.0,2405.8,2407.6,1073.0
2026-07-01 11:40:00,2409.0,2410.0,2407.2,2409.6,1218.0
2026-07-01 11:45:00,2410.0,2412.8,2409.1,2411.1,1480.0
2026-07-01 11:50:00,2410.6,2411.9,2403.6,2403.9,1663.0
2026-07-01 11:55:00,2405.6,2406.0,2403.6,2405.7,843.0
2026-07-01 12:00:00,2405.7,2406.5,2404.0,2404.3,1016.0
2026-07-01 12:05:00,2404.8,2409.7,2404.0,2409.4,1404.0
2026-07-01 12:10:00,2408.0,2409.6,2405.0,2405.5,1424.0
2026-07-01 12:15:00,2405.7,2407.1,2403.0,2404.2,789.0
2026-07-01 12:20:00,2403.0,2404.3,2395.0,2401.4,23690.0
2026-07-01 12:25:00,2402.0,2403.6,2401.0,2403.0,923.0
2026-07-01 12:30:00,2402.5,2408.7,2402.5,2407.1,690.0
2026-07-01 12:35:00,2407.1,2407.1,2406.0,2407.0,246.0
2026-07-01 12:40:00,2407.5,2407.5,2401.0,2401.0,2913.0
2026-07-01 12:45:00,2401.5,2402.4,2395.1,2398.0,2707.0
2026-07-01 12:50:00,2398.2,2399.9,2397.0,2399.6,1877.0
2026-07-01 12:55:00,2400.0,2400.0,2397.9,2399.4,712.0
2026-07-01 13:00:00,2399.6,2399.6,2395.1,2396.0,1277.0
2026-07-01 13:05:00,2396.5,2399.9,2395.6,2399.9,988.0
2026-07-01 13:10:00,2400.0,2400.0,2395.0,2397.2,5369.0
2026-07-01 13:15:00,2396.3,2400.0,2396.3,2399.9,901.0
2026-07-01 13:20:00,2399.9,2400.0,2396.7,2400.0,905.0
2026-07-01 13:25:00,2400.0,2401.9,2393.0,2395.1,2767.0
2026-07-01 13:30:00,2396.2,2396.9,2393.0,2395.2,887.0
2026-07-01 13:35:00,2395.4,2400.0,2395.4,2400.0,1040.0
2026-07-01 13:40:00,2400.4,2401.5,2395.9,2397.6,548.0
2026-07-01 13:45:00,2397.9,2400.0,2394.0,2394.0,1337.0
2026-07-01 13:50:00,2395.4,2399.3,2395.4,2395.8,510.0
2026-07-01 13:55:00,2395.2,2397.0,2393.0,2395.0,1105.0
2026-07-01 14:00:00,2395.0,2395.6,2393.0,2395.0,924.0
2026-07-01 14:05:00,2393.8,2398.6,2393.8,2396.9,1312.0
2026-07-01 14:10:00,2396.7,2399.0,2396.7,2397.4,690.0
2026-07-01 14:15:00,2397.4,2397.4,2390.0,2392.9,2344.0
2026-07-01 14:20:00,2392.9,2430.9,2392.1,2430.1,22962.0
2026-07-01 14:25:00,2432.0,2432.0,2420.4,2423.4,8915.0
2026-07-01 14:30:00,2423.6,2425.0,2410.7,2412.8,4357.0
2026-07-01 14:35:00,2412.8,2421.6,2405.2,2407.3,13798.0
2026-07-01 14:40:00,2407.9,2407.9,2398.0,2402.0,4681.0
2026-07-01 14:45:00,2403.0,2403.0,2388.0,2391.3,3642.0
2026-07-01 14:50:00,2391.3,2395.0,2390.0,2391.5,3759.0
2026-07-01 14:55:00,2392.0,2396.1,2390.4,2390.5,1082.0
2026-07-01 15:00:00,2391.0,2394.9,2381.1,2383.7,5623.0
2026-07-01 15:05:00,2383.7,2389.0,2382.1,2384.8,5604.0
2026-07-01 15:10:00,2384.7,2387.0,2377.0,2378.5,5514.0
2026-07-01 15:15:00,2379.4,2384.4,2377.4,2380.0,7917.0
2026-07-01 15:20:00,2381.0,2382.0,2370.0,2372.0,7537.0
2026-07-01 15:25:00,2372.4,2386.0,2370.0,2381.0,6196.0
2026-07-02 09:15:00,2391.1,2409.3,2387.0,2402.3,13605.0
2026-07-02 09:20:00,2401.8,2403.0,2376.4,2380.6,8791.0
2026-07-02 09:25:00,2381.2,2385.3,2372.8,2373.6,8127.0
2026-07-02 09:30:00,2373.1,2384.8,2371.4,2383.6,2600.0
2026-07-02 09:35:00,2384.3,2389.0,2380.9,2380.9,5002.0
2026-07-02 09:40:00,2385.0,2386.2,2376.2,2382.1,6411.0
2026-07-02 09:45:00,2383.7,2394.3,2381.8,2384.9,4237.0
2026-07-02 09:50:00,2382.9,2385.0,2379.2,2380.9,3644.0
2026-07-02 09:55:00,2383.3,2386.3,2377.1,2378.0,3163.0
2026-07-02 10:00:00,2379.7,2380.2,2370.6,2374.0,2965.0
2026-07-02 10:05:00,2374.0,2377.0,2370.0,2377.0,1534.0
2026-07-02 10:10:00,2377.0,2381.1,2376.2,2378.4,750.0
2026-07-02 10:15:00,2376.8,2383.0,2374.3,2380.0,1792.0
2026-07-02 10:20:00,2380.0,2380.8,2377.9,2379.4,931.0
2026-07-02 10:25:00,2379.4,2384.0,2376.2,2384.0,1570.0
2026-07-02 10:30:00,2384.0,2384.0,2377.2,2379.0,1306.0
2026-07-02 10:35:00,2379.9,2385.5,2379.0,2383.5,2466.0
2026-07-02 10:40:00,2384.0,2393.0,2382.1,2392.0,3605.0
2026-07-02 10:45:00,2392.9,2392.9,2381.5,2383.7,3060.0
2026-07-02 10:50:00,2386.3,2389.6,2384.7,2389.0,726.0
2026-07-02 10:55:00,2389.0,2389.4,2386.9,2388.9,724.0
2026-07-02 11:00:00,2389.2,2391.4,2384.1,2384.1,1609.0
2026-07-02 11:05:00,2384.8,2385.5,2382.4,2383.6,605.0
2026-07-02 11:10:00,2372.9,2372.9,2365.3,2369.3,5195.0
2026-07-02 11:15:00,2367.7,2369.8,2366.4,2367.4,1753.0
2026-07-02 11:20:00,2367.4,2369.8,2360.0,2362.5,5044.0
2026-07-02 11:25:00,2362.5,2363.6,2354.4,2355.4,5823.0
2026-07-02 11:30:00,2356.5,2358.8,2353.0,2355.0,4139.0
2026-07-02 11:35:00,2355.0,2355.5,2346.0,2346.0,5025.0
2026-07-02 11:40:00,2344.9,2347.3,2341.0,2344.5,10085.0
2026-07-02 11:45:00,2343.0,2347.6,2340.4,2341.1,5375.0
2026-07-02 11:50:00,2341.1,2342.0,2338.9,2340.0,2513.0
2026-07-02 11:55:00,2339.7,2342.7,2338.0,2342.7,2274.0
2026-07-02 12:00:00,2341.9,2349.1,2334.6,2347.4,13170.0
2026-07-02 12:05:00,2346.1,2352.0,2345.0,2350.0,3258.0
2026-07-02 12:10:00,2351.4,2356.1,2343.3,2348.4,21887.0
2026-07-02 12:15:00,2350.2,2367.7,2348.3,2361.3,13213.0
2026-07-02 12:20:00,2363.1,2363.1,2360.0,2362.2,5369.0
2026-07-02 12:25:00,2362.2,2362.3,2360.0,2362.3,8951.0
2026-07-02 12:30:00,2362.3,2365.4,2360.0,2361.4,1974.0
2026-07-02 12:35:00,2361.4,2362.8,2360.0,2360.2,790.0
2026-07-02 12:40:00,2360.9,2362.0,2360.0,2360.7,1159.0
2026-07-02 12:45:00,2360.9,2362.8,2360.0,2361.6,481.0
2026-07-02 12:50:00,2361.6,2361.6,2360.0,2360.0,9066.0
2026-07-02 12:55:00,2360.0,2360.4,2360.0,2360.0,2301.0
2026-07-02 13:00:00,2360.2,2364.0,2360.0,2363.2,1119.0
2026-07-02 13:05:00,2363.2,2370.0,2363.0,2366.4,2134.0
2026-07-02 13:10:00,2367.5,2370.9,2365.8,2368.4,2611.0
2026-07-02 13:15:00,2368.4,2374.0,2367.0,2372.0,3403.0
2026-07-02 13:20:00,2370.8,2380.0,2370.0,2377.6,7151.0
2026-07-02 13:25:00,2377.6,2387.4,2377.2,2384.6,6526.0
2026-07-02 13:30:00,2385.8,2387.0,2383.4,2384.7,1901.0
2026-07-02 13:35:00,2384.7,2385.9,2381.7,2385.9,3146.0
2026-07-02 13:40:00,2385.9,2386.0,2382.1,2384.2,2279.0
2026-07-02 13:45:00,2382.9,2387.0,2382.5,2385.0,2204.0
2026-07-02 13:50:00,2385.0,2388.5,2383.0,2384.4,1947.0
2026-07-02 13:55:00,2386.0,2394.0,2383.2,2392.0,5894.0
2026-07-02 14:00:00,2391.5,2396.6,2391.5,2393.9,2979.0
2026-07-02 14:05:00,2393.1,2395.9,2392.7,2394.9,4982.0
2026-07-02 14:10:00,2395.0,2397.5,2393.4,2394.0,2650.0
2026-07-02 14:15:00,2394.3,2401.5,2392.5,2396.3,12985.0
2026-07-02 14:20:00,2397.0,2397.0,2390.4,2392.7,3337.0
2026-07-02 14:25:00,2393.7,2395.0,2390.5,2391.8,3419.0
2026-07-02 14:30:00,2391.4,2393.9,2385.0,2385.0,9599.0
2026-07-02 14:35:00,2385.0,2387.9,2385.0,2387.3,3809.0
2026-07-02 14:40:00,2386.1,2388.5,2385.8,2387.9,948.0
2026-07-02 14:45:00,2387.9,2391.4,2386.9,2390.0,3408.0
2026-07-02 14:50:00,2390.0,2393.9,2390.0,2391.0,2107.0
2026-07-02 14:55:00,2392.3,2393.6,2390.0,2391.7,1375.0
2026-07-02 15:00:00,2391.7,2395.0,2390.0,2394.6,12765.0
2026-07-02 15:05:00,2393.9,2398.5,2393.6,2397.1,6577.0
2026-07-02 15:10:00,2397.0,2400.0,2394.7,2397.6,7801.0
2026-07-02 15:15:00,2396.5,2397.7,2387.7,2388.2,11419.0
2026-07-02 15:20:00,2388.6,2393.9,2387.1,2391.9,6943.0
2026-07-02 15:25:00,2392.0,2398.0,2390.0,2397.4,6388.0
2026-07-03 09:15:00,2417.0,2429.0,2401.2,2408.1,23753.0
2026-07-03 09:20:00,2410.4,2416.6,2405.6,2413.6,11647.0
2026-07-03 09:25:00,2413.6,2413.6,2400.3,2407.5,9024.0
2026-07-03 09:30:00,2407.0,2430.0,2407.0,2417.0,14520.0
2026-07-03 09:35:00,2417.0,2417.0,2409.5,2413.3,2866.0
2026-07-03 09:40:00,2413.4,2413.7,2401.4,2402.0,13153.0
2026-07-03 09:45:00,2402.0,2402.0,2394.8,2394.9,5798.0
2026-07-03 09:50:00,2395.5,2399.0,2395.5,2397.0,1966.0
2026-07-03 09:55:00,2397.0,2400.0,2396.0,2399.0,2237.0
2026-07-03 10:00:00,2400.0,2400.0,2392.5,2392.6,2866.0
2026-07-03 10:05:00,2392.7,2397.6,2392.7,2397.5,3031.0
2026-07-03 10:10:00,2396.0,2400.2,2393.3,2395.8,7847.0
2026-07-03 10:15:00,2396.2,2400.0,2375.7,2382.3,49784.0
2026-07-03 10:20:00,2382.0,2382.0,2374.3,2378.6,5907.0
2026-07-03 10:25:00,2377.3,2379.9,2373.0,2379.9,1769.0
2026-07-03 10:30:00,2381.6,2381.6,2378.1,2378.4,833.0
2026-07-03 10:35:00,2379.5,2381.5,2376.1,2378.2,2505.0
2026-07-03 10:40:00,2378.2,2379.5,2377.1,2379.3,653.0
2026-07-03 10:45:00,2379.3,2383.8,2377.1,2383.7,2155.0
2026-07-03 10:50:00,2382.1,2392.1,2381.8,2390.2,15240.0
2026-07-03 10:55:00,2390.3,2390.4,2385.5,2386.5,1476.0
2026-07-03 11:00:00,2385.0,2389.6,2384.0,2386.0,2108.0
2026-07-03 11:05:00,2386.0,2386.0,2382.8,2385.2,421.0
2026-07-03 11:10:00,2385.2,2386.2,2383.1,2384.6,634.0
2026-07-03 11:15:00,2387.2,2388.0,2385.4,2388.0,853.0
2026-07-03 11:20:00,2387.1,2391.0,2387.1,2391.0,1120.0
2026-07-03 11:25:00,2391.0,2391.9,2382.7,2383.7,5370.0
2026-07-03 11:30:00,2383.7,2383.7,2379.6,2380.8,5491.0
2026-07-03 11:35:00,2380.8,2380.9,2378.2,2379.4,1066.0
2026-07-03 11:40:00,2379.4,2380.3,2376.0,2376.5,2726.0
2026-07-03 11:45:00,2376.5,2376.5,2372.0,2374.9,1925.0
2026-07-03 11:50:00,2374.0,2378.9,2374.0,2376.8,1124.0
2026-07-03 11:55:00,2377.1,2377.8,2375.0,2377.8,390.0
2026-07-03 12:00:00,2378.2,2380.4,2377.1,2380.0,1256.0
2026-07-03 12:05:00,2379.3,2384.1,2379.3,2382.6,1282.0
2026-07-03 12:10:00,2382.6,2382.6,2371.1,2372.0,4927.0
2026-07-03 12:15:00,2372.0,2372.7,2365.4,2366.0,2280.0
2026-07-03 12:20:00,2367.4,2367.4,2365.8,2367.0,1617.0
2026-07-03 12:25:00,2367.0,2369.0,2365.0,2368.0,1777.0
2026-07-03 12:30:00,2368.0,2368.3,2366.0,2368.2,1166.0
2026-07-03 12:35:00,2368.2,2369.2,2364.0,2366.1,2328.0
2026-07-03 12:40:00,2365.6,2366.1,2365.0,2365.4,960.0
2026-07-03 12:45:00,2366.1,2368.8,2366.0,2366.7,929.0
2026-07-03 12:50:00,2366.7,2370.0,2365.0,2365.4,6405.0
2026-07-03 12:55:00,2365.5,2365.5,2361.1,2364.3,1235.0
2026-07-03 13:00:00,2364.4,2364.9,2350.1,2354.9,4002.0
2026-07-03 13:05:00,2354.9,2357.0,2348.4,2354.0,16139.0
2026-07-03 13:10:00,2353.9,2360.0,2353.4,2357.7,9155.0
2026-07-03 13:15:00,2357.7,2367.1,2356.9,2357.6,5257.0
2026-07-03 13:20:00,2357.6,2357.6,2355.7,2357.0,633.0
2026-07-03 13:25:00,2356.5,2359.0,2356.1,2359.0,566.0
2026-07-03 13:30:00,2359.0,2362.4,2358.7,2362.0,982.0
2026-07-03 13:35:00,2362.0,2362.7,2349.0,2350.0,5180.0
2026-07-03 13:40:00,2350.0,2350.0,2343.0,2348.1,6843.0
2026-07-03 13:45:00,2348.2,2349.4,2345.8,2349.1,2316.0
2026-07-03 13:50:00,2347.6,2349.6,2344.0,2345.8,2240.0
2026-07-03 13:55:00,2345.7,2347.1,2343.8,2344.8,3558.0
2026-07-03 14:00:00,2343.1,2350.0,2343.1,2348.9,1777.0
2026-07-03 14:05:00,2347.5,2350.0,2347.5,2349.9,1740.0
2026-07-03 14:10:00,2349.9,2349.9,2348.0,2348.9,1212.0
2026-07-03 14:15:00,2349.0,2349.0,2346.0,2347.4,912.0
2026-07-03 14:20:00,2347.4,2348.9,2345.0,2345.8,1205.0
2026-07-03 14:25:00,2345.8,2346.0,2342.1,2346.0,1672.0
2026-07-03 14:30:00,2346.0,2349.9,2346.0,2349.6,1575.0
2026-07-03 14:35:00,2348.5,2360.9,2342.2,2358.7,16513.0
2026-07-03 14:40:00,2358.7,2359.0,2345.0,2347.9,7633.0
2026-07-03 14:45:00,2348.1,2349.0,2341.0,2344.3,4845.0
2026-07-03 14:50:00,2344.8,2345.7,2341.7,2344.6,3598.0
2026-07-03 14:55:00,2344.9,2350.0,2343.1,2349.5,7053.0
2026-07-03 15:00:00,2348.9,2349.9,2346.9,2349.4,5063.0
2026-07-03 15:05:00,2349.4,2349.5,2344.7,2346.1,9543.0
2026-07-03 15:10:00,2346.1,2348.5,2341.3,2344.3,6696.0
2026-07-03 15:15:00,2345.4,2346.0,2338.3,2342.2,13811.0
2026-07-03 15:20:00,2342.1,2346.0,2335.1,2340.2,10013.0
2026-07-03 15:25:00,2340.2,2349.9,2330.0,2343.0,9282.0
2026-07-06 09:15:00,2346.7,2354.0,2325.2,2348.9,18412.0
2026-07-06 09:20:00,2348.9,2359.8,2344.6,2347.5,8565.0
2026-07-06 09:25:00,2345.4,2348.8,2339.0,2344.2,7348.0
2026-07-06 09:30:00,2344.2,2345.0,2314.2,2324.0,22375.0
2026-07-06 09:35:00,2320.3,2324.9,2302.0,2305.0,12984.0
2026-07-06 09:40:00,2305.0,2314.9,2305.0,2314.0,5669.0
2026-07-06 09:45:00,2315.0,2337.4,2315.0,2326.1,4817.0
2026-07-06 09:50:00,2324.0,2326.7,2320.0,2323.6,3381.0
2026-07-06 09:55:00,2323.6,2329.0,2321.0,2328.0,1478.0
2026-07-06 10:00:00,2328.1,2329.0,2322.2,2323.1,1976.0
2026-07-06 10:05:00,2323.1,2331.0,2322.1,2323.4,2719.0
2026-07-06 10:10:00,2324.1,2331.1,2323.9,2326.1,2916.0
2026-07-06 10:15:00,2326.6,2333.3,2326.6,2333.3,1369.0
2026-07-06 10:20:00,2332.3,2338.2,2331.0,2335.0,1581.0
2026-07-06 10:25:00,2335.2,2337.4,2332.0,2332.0,3320.0
2026-07-06 10:30:00,2332.0,2334.2,2327.2,2327.8,1146.0
2026-07-06 10:35:00,2327.2,2331.8,2326.2,2330.3,4965.0
2026-07-06 10:40:00,2333.6,2337.5,2330.2,2335.9,2360.0
2026-07-06 10:45:00,2335.4,2336.5,2329.5,2332.2,1789.0
2026-07-06 10:50:00,2332.9,2334.3,2330.0,2332.5,571.0
2026-07-06 10:55:00,2331.2,2332.7,2328.0,2329.6,420.0
2026-07-06 11:00:00,2328.4,2332.2,2328.2,2330.2,914.0
2026-07-06 11:05:00,2330.4,2335.9,2328.0,2331.9,1659.0
2026-07-06 11:10:00,2334.2,2334.8,2332.1,2332.1,456.0
2026-07-06 11:15:00,2332.1,2333.4,2330.9,2331.5,776.0
2026-07-06 11:20:00,2331.5,2336.8,2327.8,2329.4,2883.0
2026-07-06 11:25:00,2329.3,2330.4,2325.6,2327.1,2001.0
2026-07-06 11:30:00,2327.6,2329.7,2326.2,2327.4,641.0
2026-07-06 11:35:00,2327.6,2330.1,2326.9,2329.5,330.0
2026-07-06 11:40:00,2328.4,2330.0,2324.0,2327.1,985.0
2026-07-06 11:45:00,2328.9,2329.7,2326.4,2327.9,524.0
2026-07-06 11:50:00,2326.6,2329.0,2325.7,2327.0,631.0
2026-07-06 11:55:00,2327.0,2327.6,2317.4,2317.5,5361.0
2026-07-06 12:00:00,2318.0,2320.0,2315.5,2320.0,1266.0
2026-07-06 12:05:00,2320.0,2321.6,2318.9,2319.4,598.0
2026-07-06 12:10:00,2319.3,2321.1,2315.9,2319.4,1306.0
2026-07-06 12:15:00,2317.2,2319.1,2315.1,2315.2,1340.0
2026-07-06 12:20:00,2316.2,2316.2,2310.0,2312.3,2719.0
2026-07-06 12:25:00,2313.1,2316.4,2290.2,2295.4,16159.0
2026-07-06 12:30:00,2296.4,2300.8,2292.0,2296.5,10370.0
2026-07-06 12:35:00,2295.5,2296.2,2283.4,2286.6,8487.0
2026-07-06 12:40:00,2286.5,2286.7,2280.0,2281.0,7047.0
2026-07-06 12:45:00,2281.0,2284.4,2280.1,2283.6,4349.0
2026-07-06 12:50:00,2284.1,2287.8,2281.0,2285.9,7069.0
2026-07-06 12:55:00,2286.2,2306.0,2286.2,2300.0,14297.0
2026-07-06 13:00:00,2300.0,2300.0,2291.0,2293.7,4296.0
2026-07-06 13:05:00,2293.7,2300.8,2293.0,2296.7,6198.0
2026-07-06 13:10:00,2296.0,2299.8,2294.0,2294.6,2751.0
2026-07-06 13:15:00,2294.0,2304.1,2294.0,2302.1,2346.0
2026-07-06 13:20:00,2303.3,2306.0,2300.1,2302.5,1698.0
2026-07-06 13:25:00,2302.5,2303.4,2297.2,2299.0,3654.0
2026-07-06 13:30:00,2300.0,2300.8,2292.0,2293.2,1459.0
2026-07-06 13:35:00,2292.0,2296.8,2290.0,2290.5,3166.0
2026-07-06 13:40:00,2291.6,2292.0,2288.0,2289.2,1304.0
2026-07-06 13:45:00,2289.2,2293.9,2288.0,2293.8,1321.0
2026-07-06 13:50:00,2293.0,2293.9,2290.1,2291.3,600.0
2026-07-06 13:55:00,2291.3,2293.9,2287.8,2293.9,3467.0
2026-07-06 14:00:00,2294.0,2303.6,2291.4,2301.5,2892.0
2026-07-06 14:05:00,2301.1,2302.7,2299.2,2302.0,2319.0
2026-07-06 14:10:00,2301.0,2305.0,2301.0,2303.3,2455.0
2026-07-06 14:15:00,2303.3,2325.1,2303.0,2325.1,15865.0
2026-07-06 14:20:00,2322.6,2331.9,2300.1,2302.1,26772.0
2026-07-06 14:25:00,2303.3,2304.7,2301.0,2302.9,3713.0
2026-07-06 14:30:00,2302.0,2303.6,2300.0,2300.9,2039.0
2026-07-06 14:35:00,2300.9,2301.8,2295.9,2296.5,1147.0
2026-07-06 14:40:00,2296.5,2298.2,2291.1,2291.9,5894.0
2026-07-06 14:45:00,2291.9,2295.9,2291.2,2292.0,3354.0
2026-07-06 14:50:00,2292.0,2293.9,2291.0,2293.1,2037.0
2026-07-06 14:55:00,2293.0,2293.0,2285.4,2290.5,9767.0
2026-07-06 15:00:00,2290.4,2293.6,2287.0,2290.1,7133.0
2026-07-06 15:05:00,2290.1,2294.7,2290.1,2294.3,3458.0
2026-07-06 15:10:00,2294.0,2297.6,2291.0,2295.5,11908.0
2026-07-06 15:15:00,2294.3,2302.7,2294.2,2297.1,8602.0
2026-07-06 15:20:00,2297.1,2299.0,2294.0,2296.2,7555.0
2026-07-06 15:25:00,2298.5,2310.0,2297.0,2305.0,6873.0
2026-07-07 09:15:00,2285.0,2309.6,2285.0,2296.0,9580.0
2026-07-07 09:20:00,2296.8,2296.8,2259.1,2260.2,13340.0
2026-07-07 09:25:00,2261.7,2265.0,2255.0,2255.0,8702.0
2026-07-07 09:30:00,2255.0,2271.9,2254.0,2261.6,5772.0
2026-07-07 09:35:00,2263.4,2268.8,2261.0,2262.0,6780.0
2026-07-07 09:40:00,2264.7,2265.0,2258.2,2259.9,3332.0
2026-07-07 09:45:00,2260.1,2262.0,2250.0,2250.0,5041.0
2026-07-07 09:50:00,2252.0,2252.0,2239.9,2241.8,5715.0
2026-07-07 09:55:00,2241.8,2253.0,2241.8,2245.1,7915.0
2026-07-07 10:00:00,2246.1,2248.1,2242.0,2242.9,2689.0
2026-07-07 10:05:00,2242.8,2253.0,2242.8,2252.7,4173.0
2026-07-07 10:10:00,2251.3,2252.5,2248.0,2250.1,3003.0
2026-07-07 10:15:00,2246.7,2247.9,2241.0,2245.9,4557.0
2026-07-07 10:20:00,2245.0,2249.9,2241.8,2246.0,2395.0
2026-07-07 10:25:00,2247.7,2251.1,2245.0,2247.5,2743.0
2026-07-07 10:30:00,2248.1,2260.5,2246.8,2260.5,3276.0
2026-07-07 10:35:00,2260.4,2260.4,2253.9,2256.8,1295.0
2026-07-07 10:40:00,2255.6,2257.5,2250.0,2252.8,1698.0
2026-07-07 10:45:00,2252.6,2256.0,2247.0,2255.2,1517.0
2026-07-07 10:50:00,2255.2,2255.2,2242.2,2243.8,1599.0
2026-07-07 10:55:00,2243.7,2244.9,2231.0,2236.6,5044.0
2026-07-07 11:00:00,2235.3,2237.8,2229.0,2233.6,3814.0
2026-07-07 11:05:00,2233.2,2236.2,2230.0,2231.4,3310.0
2026-07-07 11:10:00,2231.4,2236.1,2230.1,2234.6,2631.0
2026-07-07 11:15:00,2234.6,2236.4,2230.0,2230.0,1932.0
2026-07-07 11:20:00,2230.0,2233.7,2229.1,2231.6,2399.0
2026-07-07 11:25:00,2230.4,2239.8,2230.0,2239.3,3305.0
2026-07-07 11:30:00,2239.3,2242.5,2237.6,2241.5,3310.0
2026-07-07 11:35:00,2241.0,2249.1,2237.6,2246.6,2760.0
2026-07-07 11:40:00,2246.6,2246.6,2241.9,2241.9,809.0
2026-07-07 11:45:00,2243.0,2244.5,2240.6,2243.8,781.0
2026-07-07 11:50:00,2240.8,2243.0,2235.7,2239.0,3300.0
2026-07-07 11:55:00,2239.0,2239.0,2235.0,2235.0,918.0
2026-07-07 12:00:00,2236.0,2237.0,2234.0,2234.0,1698.0
2026-07-07 12:05:00,2234.0,2235.6,2230.0,2231.0,1904.0
2026-07-07 12:10:00,2231.0,2231.0,2220.1,2225.0,5119.0
2026-07-07 12:15:00,2225.0,2226.7,2220.5,2224.4,5963.0
2026-07-07 12:20:00,2223.5,2227.0,2220.2,2226.7,4190.0
2026-07-07 12:25:00,2227.0,2228.8,2225.0,2227.8,4012.0
2026-07-07 12:30:00,2226.9,2228.1,2224.9,2227.5,2320.0
2026-07-07 12:35:00,2226.5,2228.5,2226.0,2227.8,1414.0
2026-07-07 12:40:00,2228.4,2232.0,2227.8,2229.2,1979.0
2026-07-07 12:45:00,2229.2,2230.0,2213.9,2218.9,5960.0
2026-07-07 12:50:00,2216.6,2221.8,2215.0,2221.0,2827.0
2026-07-07 12:55:00,2221.0,2221.3,2220.0,2221.0,1074.0
2026-07-07 13:00:00,2221.0,2221.1,2215.0,2216.3,2040.0
2026-07-07 13:05:00,2215.1,2216.3,2212.1,2213.3,2024.0
2026-07-07 13:10:00,2212.1,2214.8,2210.7,2213.5,3283.0
2026-07-07 13:15:00,2213.5,2215.0,2212.4,2214.0,1522.0
2026-07-07 13:20:00,2213.5,2216.4,2213.0,2213.7,1085.0
2026-07-07 13:25:00,2213.9,2214.8,2211.2,2212.0,6124.0
2026-07-07 13:30:00,2212.0,2212.8,2209.0,2211.6,4413.0
2026-07-07 13:35:00,2211.6,2223.1,2210.0,2215.7,10994.0
2026-07-07 13:40:00,2215.6,2227.7,2213.8,2225.2,14698.0
2026-07-07 13:45:00,2223.1,2227.9,2216.6,2217.0,4227.0
2026-07-07 13:50:00,2217.0,2227.2,2216.2,2219.8,4949.0
2026-07-07 13:55:00,2220.0,2220.0,2204.0,2208.6,7991.0
2026-07-07 14:00:00,2208.5,2211.3,2208.0,2210.3,3018.0
2026-07-07 14:05:00,2210.2,2212.7,2209.4,2211.2,2294.0
2026-07-07 14:10:00,2211.5,2212.0,2207.8,2209.2,3741.0
2026-07-07 14:15:00,2209.5,2211.2,2208.0,2209.8,1025.0
2026-07-07 14:20:00,2209.8,2210.7,2208.2,2209.6,2019.0
2026-07-07 14:25:00,2209.5,2210.0,2208.0,2209.1,1568.0
2026-07-07 14:30:00,2209.1,2209.6,2203.0,2203.8,3135.0
2026-07-07 14:35:00,2203.0,2207.5,2202.0,2203.0,3493.0
2026-07-07 14:40:00,2203.0,2204.4,2194.2,2195.0,12153.0
2026-07-07 14:45:00,2196.0,2196.9,2191.7,2192.0,5472.0
2026-07-07 14:50:00,2191.8,2199.1,2191.8,2198.0,6347.0
2026-07-07 14:55:00,2197.9,2201.9,2195.3,2200.1,6981.0
2026-07-07 15:00:00,2200.1,2200.1,2193.0,2194.7,9262.0
2026-07-07 15:05:00,2193.3,2195.8,2190.1,2193.0,12487.0
2026-07-07 15:10:00,2194.3,2194.3,2190.0,2190.5,12563.0
2026-07-07 15:15:00,2190.3,2191.3,2186.1,2187.2,11378.0
2026-07-07 15:20:00,2187.2,2187.2,2182.6,2186.5,17640.0
2026-07-07 15:25:00,2185.2,2199.0,2181.0,2195.2,15123.0
2026-07-08 09:15:00,2190.0,2239.3,2164.0,2234.8,20529.0
2026-07-08 09:20:00,2232.1,2235.4,2219.1,2222.0,12835.0
2026-07-08 09:25:00,2222.0,2228.4,2220.0,2225.9,6750.0
2026-07-08 09:30:00,2226.1,2239.0,2224.0,2229.5,8716.0
2026-07-08 09:35:00,2232.1,2232.1,2223.0,2229.4,5698.0
2026-07-08 09:40:00,2229.3,2229.3,2215.2,2225.3,9951.0
2026-07-08 09:45:00,2225.3,2228.0,2211.6,2214.1,7965.0
2026-07-08 09:50:00,2211.5,2215.8,2208.7,2211.5,2755.0
2026-07-08 09:55:00,2209.8,2224.0,2209.8,2218.0,5592.0
2026-07-08 10:00:00,2218.2,2227.0,2218.2,2219.6,4507.0
2026-07-08 10:05:00,2220.1,2224.5,2217.3,2224.5,2387.0
2026-07-08 10:10:00,2223.6,2228.4,2221.4,2225.1,2563.0
2026-07-08 10:15:00,2225.3,2232.0,2209.4,2219.7,5429.0
2026-07-08 10:20:00,2220.9,2228.5,2219.9,2227.1,1583.0
2026-07-08 10:25:00,2227.4,2233.1,2225.3,2231.0,4958.0
2026-07-08 10:30:00,2228.5,2230.1,2216.1,2217.7,2478.0
2026-07-08 10:35:00,2218.2,2219.5,2212.6,2218.0,1387.0
2026-07-08 10:40:00,2218.0,2221.7,2215.2,2218.0,1310.0
2026-07-08 10:45:00,2218.0,2229.0,2216.2,2228.7,3700.0
2026-07-08 10:50:00,2228.7,2243.5,2226.7,2242.0,11071.0
2026-07-08 10:55:00,2241.2,2245.9,2237.8,2237.8,7398.0
2026-07-08 11:00:00,2237.0,2247.6,2233.4,2244.9,5406.0
2026-07-08 11:05:00,2245.0,2249.9,2243.2,2249.2,4930.0
2026-07-08 11:10:00,2249.0,2249.2,2244.8,2246.9,1706.0
2026-07-08 11:15:00,2246.1,2246.1,2240.3,2241.7,2569.0
2026-07-08 11:20:00,2241.7,2245.0,2241.5,2244.0,969.0
2026-07-08 11:25:00,2244.1,2244.5,2237.0,2238.5,1493.0
2026-07-08 11:30:00,2237.9,2243.0,2237.2,2239.2,1615.0
2026-07-08 11:35:00,2239.2,2241.1,2237.5,2240.9,2632.0
2026-07-08 11:40:00,2239.2,2253.9,2239.2,2245.0,6263.0
2026-07-08 11:45:00,2245.0,2255.0,2242.4,2249.8,2833.0
2026-07-08 11:50:00,2251.6,2254.5,2240.6,2244.5,5921.0
2026-07-08 11:55:00,2243.8,2247.2,2240.9,2242.0,4412.0
2026-07-08 12:00:00,2243.8,2247.0,2242.2,2244.3,3117.0
2026-07-08 12:05:00,2244.3,2245.1,2234.0,2237.9,14408.0
2026-07-08 12:10:00,2240.0,2240.0,2236.0,2237.5,13423.0
2026-07-08 12:15:00,2237.6,2239.4,2234.9,2239.0,979.0
2026-07-08 12:20:00,2238.9,2238.9,2237.0,2238.0,685.0
2026-07-08 12:25:00,2238.0,2238.8,2235.0,2236.5,1165.0
2026-07-08 12:30:00,2237.0,2238.8,2227.0,2228.8,2646.0
2026-07-08 12:35:00,2229.2,2238.0,2224.1,2236.7,3491.0
2026-07-08 12:40:00,2238.0,2238.0,2234.4,2235.2,829.0
2026-07-08 12:45:00,2235.4,2240.8,2235.0,2240.2,775.0
2026-07-08 12:50:00,2240.1,2240.2,2236.0,2238.0,776.0
2026-07-08 12:55:00,2236.5,2237.4,2230.0,2232.5,871.0
2026-07-08 13:00:00,2232.5,2236.8,2232.0,2235.9,1051.0
2026-07-08 13:05:00,2235.9,2237.0,2233.1,2235.9,1122.0
2026-07-08 13:10:00,2235.4,2236.3,2234.1,2235.5,521.0
2026-07-08 13:15:00,2236.3,2236.3,2231.2,2233.0,1118.0
2026-07-08 13:20:00,2233.0,2233.2,2230.0,2232.7,844.0
2026-07-08 13:25:00,2233.1,2234.6,2230.1,2233.9,3168.0
2026-07-08 13:30:00,2232.8,2235.3,2232.2,2233.9,410.0
2026-07-08 13:35:00,2235.4,2236.9,2233.2,2235.6,1348.0
2026-07-08 13:40:00,2235.5,2236.1,2232.7,2234.6,955.0
2026-07-08 13:45:00,2234.2,2235.7,2226.2,2227.6,2225.0
2026-07-08 13:50:00,2227.0,2228.0,2216.0,2216.4,4143.0
2026-07-08 13:55:00,2216.0,2219.9,2186.1,2187.4,15515.0
2026-07-08 14:00:00,2188.0,2192.8,2184.1,2191.5,4163.0
2026-07-08 14:05:00,2190.5,2190.9,2180.3,2180.3,6320.0
2026-07-08 14:10:00,2181.3,2185.9,2173.0,2173.1,9768.0
2026-07-08 14:15:00,2173.0,2182.4,2171.0,2175.0,2100.0
2026-07-08 14:20:00,2177.0,2185.0,2177.0,2183.5,2179.0
2026-07-08 14:25:00,2183.8,2186.3,2180.2,2181.1,1310.0
2026-07-08 14:30:00,2182.0,2185.8,2178.1,2181.8,1860.0
2026-07-08 14:35:00,2180.0,2184.9,2177.2,2182.0,1987.0
2026-07-08 14:40:00,2181.5,2183.6,2171.8,2181.9,8173.0
2026-07-08 14:45:00,2179.1,2181.3,2173.6,2173.6,2074.0
2026-07-08 14:50:00,2174.5,2175.9,2166.3,2171.4,10795.0
2026-07-08 14:55:00,2171.3,2172.0,2167.0,2168.4,2290.0
2026-07-08 15:00:00,2167.9,2184.1,2165.0,2176.2,9002.0
2026-07-08 15:05:00,2177.3,2180.8,2174.6,2176.8,2071.0
2026-07-08 15:10:00,2177.4,2181.6,2171.5,2177.1,5146.0
2026-07-08 15:15:00,2180.1,2200.0,2179.6,2194.0,12469.0
2026-07-08 15:20:00,2192.9,2202.0,2192.8,2202.0,5801.0
2026-07-08 15:25:00,2199.9,2205.0,2180.0,2187.9,13855.0
2026-07-09 09:15:00,2180.0,2232.9,2180.0,2226.1,11635.0
2026-07-09 09:20:00,2223.2,2234.2,2207.0,2212.2,10284.0
2026-07-09 09:25:00,2213.9,2227.4,2213.9,2226.4,4828.0
2026-07-09 09:30:00,2226.4,2234.0,2224.9,2226.3,5216.0
2026-07-09 09:35:00,2225.4,2233.7,2224.6,2230.0,4503.0
2026-07-09 09:40:00,2230.9,2236.0,2230.0,2232.1,4863.0
2026-07-09 09:45:00,2228.0,2234.6,2223.5,2226.7,7652.0
2026-07-09 09:50:00,2223.9,2240.0,2216.2,2236.8,9110.0
2026-07-09 09:55:00,2237.7,2248.0,2235.1,2247.0,15499.0
2026-07-09 10:00:00,2247.0,2247.0,2235.6,2242.9,5587.0
2026-07-09 10:05:00,2242.1,2251.0,2240.7,2251.0,6400.0
2026-07-09 10:10:00,2251.0,2258.0,2250.0,2252.8,6260.0
2026-07-09 10:15:00,2254.0,2254.9,2250.2,2253.0,2459.0
2026-07-09 10:20:00,2253.0,2255.0,2249.7,2252.5,3766.0
2026-07-09 10:25:00,2252.4,2252.7,2248.1,2248.1,2508.0
2026-07-09 10:30:00,2249.0,2249.2,2235.0,2238.1,7746.0
2026-07-09 10:35:00,2239.4,2241.6,2235.3,2238.7,2087.0
2026-07-09 10:40:00,2239.7,2247.4,2238.0,2247.1,4607.0
2026-07-09 10:45:00,2247.3,2247.3,2240.1,2240.7,4213.0
2026-07-09 10:50:00,2241.6,2246.0,2231.3,2231.7,5063.0
2026-07-09 10:55:00,2231.6,2235.0,2230.6,2232.0,2883.0
2026-07-09 11:00:00,2232.0,2233.8,2228.0,2230.5,6547.0
2026-07-09 11:05:00,2231.8,2232.3,2228.0,2231.9,2380.0
2026-07-09 11:10:00,2231.9,2233.7,2227.1,2230.9,3762.0
2026-07-09 11:15:00,2231.1,2232.3,2221.6,2227.7,4135.0
2026-07-09 11:20:00,2227.9,2229.5,2223.7,2223.7,4122.0
2026-07-09 11:25:00,2225.0,2225.0,2211.9,2216.0,6308.0
2026-07-09 11:30:00,2216.2,2219.4,2214.6,2215.5,8644.0
2026-07-09 11:35:00,2216.8,2217.4,2211.8,2216.2,8815.0
2026-07-09 11:40:00,2215.5,2218.5,2214.8,2217.0,10078.0
2026-07-09 11:45:00,2216.9,2217.8,2214.7,2216.7,4399.0
2026-07-09 11:50:00,2215.0,2218.3,2215.0,2217.0,5989.0
2026-07-09 11:55:00,2218.3,2219.2,2216.9,2218.0,2877.0
2026-07-09 12:00:00,2218.0,2232.1,2217.6,2232.1,6432.0
2026-07-09 12:05:00,2231.6,2233.5,2226.1,2226.8,3118.0
2026-07-09 12:10:00,2228.4,2239.3,2228.4,2239.3,4414.0
2026-07-09 12:15:00,2238.6,2240.4,2234.0,2235.0,3701.0
2026-07-09 12:20:00,2235.0,2237.9,2234.0,2236.9,2195.0
2026-07-09 12:25:00,2236.6,2238.0,2234.2,2237.3,3344.0
2026-07-09 12:30:00,2235.7,2237.9,2232.2,2233.8,2558.0
2026-07-09 12:35:00,2233.8,2235.0,2229.3,2233.0,5012.0
2026-07-09 12:40:00,2234.5,2235.0,2220.7,2229.6,4798.0
2026-07-09 12:45:00,2229.6,2233.7,2228.7,2232.0,1781.0
2026-07-09 12:50:00,2233.1,2233.3,2228.8,2229.9,1982.0
2026-07-09 12:55:00,2231.0,2235.1,2228.9,2233.1,2218.0
2026-07-09 13:00:00,2234.8,2235.5,2230.0,2234.0,6292.0
2026-07-09 13:05:00,2234.0,2234.0,2224.6,2230.6,3897.0
2026-07-09 13:10:00,2230.5,2232.0,2228.5,2231.8,1743.0
2026-07-09 13:15:00,2231.3,2232.7,2226.2,2228.8,2729.0
2026-07-09 13:20:00,2228.7,2232.3,2228.5,2232.0,1907.0
2026-07-09 13:25:00,2232.0,2233.8,2229.9,2232.0,2363.0
2026-07-09 13:30:00,2233.5,2235.0,2231.4,2235.0,2870.0
2026-07-09 13:35:00,2235.0,2237.1,2233.4,2236.0,1741.0
2026-07-09 13:40:00,2235.9,2239.3,2235.1,2236.7,2757.0
2026-07-09 13:45:00,2237.4,2238.9,2235.0,2237.1,2515.0
2026-07-09 13:50:00,2237.1,2237.4,2233.7,2235.5,2643.0
2026-07-09 13:55:00,2235.1,2237.6,2234.9,2237.2,2008.0
2026-07-09 14:00:00,2236.2,2239.0,2231.1,2233.1,4999.0
2026-07-09 14:05:00,2232.9,2235.0,2232.7,2233.8,2023.0
2026-07-09 14:10:00,2233.7,2234.4,2231.3,2233.5,2311.0
2026-07-09 14:15:00,2233.5,2235.0,2231.7,2231.7,2199.0
2026-07-09 14:20:00,2233.4,2233.4,2224.0,2228.7,7109.0
2026-07-09 14:25:00,2228.7,2229.0,2222.3,2224.9,2522.0
2026-07-09 14:30:00,2225.0,2225.0,2222.4,2222.7,4595.0
2026-07-09 14:35:00,2224.4,2225.0,2218.3,2221.3,3733.0
2026-07-09 14:40:00,2219.7,2222.8,2215.1,2219.0,5647.0
2026-07-09 14:45:00,2219.0,2224.1,2216.5,2218.0,15515.0
2026-07-09 14:50:00,2218.0,2224.3,2218.0,2218.3,9662.0
2026-07-09 14:55:00,2218.1,2220.0,2218.1,2219.2,5629.0
2026-07-09 15:00:00,2219.2,2219.2,2214.5,2216.9,4622.0
2026-07-09 15:05:00,2217.6,2218.7,2209.3,2211.8,10348.0
2026-07-09 15:10:00,2212.4,2215.0,2199.4,2203.4,10265.0
2026-07-09 15:15:00,2203.3,2208.7,2198.5,2205.0,14726.0
2026-07-09 15:20:00,2205.0,2207.7,2204.9,2205.5,32395.0
2026-07-09 15:25:00,2205.6,2210.3,2200.6,2204.9,23932.0
2026-07-10 09:15:00,2240.0,2242.1,2213.0,2224.9,7483.0
2026-07-10 09:20:00,2223.5,2238.0,2216.1,2216.5,12234.0
2026-07-10 09:25:00,2217.8,2222.9,2213.0,2222.4,5001.0
2026-07-10 09:30:00,2223.3,2231.9,2221.1,2228.2,2458.0
2026-07-10 09:35:00,2228.3,2229.7,2222.6,2225.4,4509.0
2026-07-10 09:40:00,2225.8,2227.6,2220.1,2223.8,2108.0
2026-07-10 09:45:00,2225.9,2227.0,2223.1,2226.1,563.0
2026-07-10 09:50:00,2227.0,2227.7,2223.8,2227.0,926.0
2026-07-10 09:55:00,2227.0,2237.3,2224.2,2231.3,5889.0
2026-07-10 10:00:00,2231.8,2231.8,2228.1,2230.0,760.0
2026-07-10 10:05:00,2230.0,2230.3,2227.5,2229.1,785.0
2026-07-10 10:10:00,2229.1,2234.7,2228.2,2234.7,1640.0
2026-07-10 10:15:00,2233.1,2235.0,2229.4,2230.7,1779.0
2026-07-10 10:20:00,2232.6,2232.6,2216.2,2218.4,4694.0
2026-07-10 10:25:00,2218.4,2219.0,2215.2,2218.0,2115.0
2026-07-10 10:30:00,2217.1,2220.6,2216.2,2220.5,1560.0
2026-07-10 10:35:00,2221.6,2222.6,2219.0,2221.0,1749.0
2026-07-10 10:40:00,2221.0,2221.0,2219.0,2220.2,374.0
2026-07-10 10:45:00,2219.9,2238.8,2218.8,2229.9,4765.0
2026-07-10 10:50:00,2229.6,2229.9,2222.0,2228.4,2544.0
2026-07-10 10:55:00,2230.0,2239.9,2228.6,2236.0,6899.0
2026-07-10 11:00:00,2237.8,2242.0,2232.3,2237.2,5417.0
2026-07-10 11:05:00,2237.2,2239.1,2235.2,2238.0,3240.0
2026-07-10 11:10:00,2238.2,2240.0,2237.2,2239.1,1455.0
2026-07-10 11:15:00,2239.1,2244.0,2239.1,2243.1,2107.0
2026-07-10 11:20:00,2243.1,2243.5,2238.5,2241.9,1452.0
2026-07-10 11:25:00,2241.9,2243.5,2239.1,2240.0,1148.0
2026-07-10 11:30:00,2240.0,2242.1,2239.6,2240.7,731.0
2026-07-10 11:35:00,2240.7,2240.7,2237.8,2237.8,934.0
2026-07-10 11:40:00,2236.0,2237.3,2233.0,2235.9,2727.0
2026-07-10 11:45:00,2235.9,2235.9,2233.0,2233.1,872.0
2026-07-10 11:50:00,2227.5,2236.3,2226.1,2235.8,4909.0
2026-07-10 11:55:00,2235.8,2239.0,2235.8,2239.0,684.0
2026-07-10 12:00:00,2239.0,2239.9,2235.6,2236.1,1696.0
2026-07-10 12:05:00,2235.5,2237.9,2232.6,2236.5,1854.0
2026-07-10 12:10:00,2236.5,2237.8,2230.1,2230.1,850.0
2026-07-10 12:15:00,2231.9,2233.8,2228.0,2229.0,2060.0
2026-07-10 12:20:00,2229.1,2231.3,2229.1,2230.0,1090.0
2026-07-10 12:25:00,2230.1,2233.2,2230.1,2232.0,1267.0
2026-07-10 12:30:00,2232.0,2234.9,2229.1,2229.2,3335.0
2026-07-10 12:35:00,2229.2,2230.3,2226.1,2226.3,1061.0
2026-07-10 12:40:00,2226.3,2227.5,2217.5,2219.8,3573.0
2026-07-10 12:45:00,2218.4,2227.0,2218.4,2224.2,2009.0
2026-07-10 12:50:00,2224.2,2225.4,2221.6,2221.6,583.0
2026-07-10 12:55:00,2219.4,2220.0,2215.3,2219.0,7509.0
2026-07-10 13:00:00,2217.4,2225.8,2217.4,2223.6,5302.0
2026-07-10 13:05:00,2223.7,2223.8,2215.1,2218.5,3219.0
2026-07-10 13:10:00,2218.6,2224.2,2218.6,2221.8,1518.0
2026-07-10 13:15:00,2221.9,2225.4,2220.9,2224.2,970.0
2026-07-10 13:20:00,2225.3,2225.4,2222.3,2222.7,839.0
2026-07-10 13:25:00,2222.7,2224.7,2222.1,2224.0,1659.0
2026-07-10 13:30:00,2225.0,2227.9,2220.7,2224.6,2692.0
2026-07-10 13:35:00,2223.0,2224.8,2221.8,2222.3,659.0
2026-07-10 13:40:00,2222.2,2223.8,2220.1,2222.1,1014.0
2026-07-10 13:45:00,2222.1,2223.9,2221.0,2221.5,994.0
2026-07-10 13:50:00,2221.4,2225.0,2221.4,2223.8,1204.0
2026-07-10 13:55:00,2223.8,2225.0,2221.6,2223.4,912.0
2026-07-10 14:00:00,2223.4,2229.0,2222.5,2228.1,2697.0
2026-07-10 14:05:00,2228.1,2229.0,2226.7,2228.2,1246.0
2026-07-10 14:10:00,2228.0,2228.2,2227.0,2228.2,1013.0
2026-07-10 14:15:00,2227.3,2230.5,2227.3,2228.1,1934.0
2026-07-10 14:20:00,2227.8,2231.8,2225.1,2225.1,3723.0
2026-07-10 14:25:00,2226.2,2228.9,2225.1,2228.9,1145.0
2026-07-10 14:30:00,2228.1,2230.7,2225.3,2225.7,939.0
2026-07-10 14:35:00,2225.7,2226.4,2223.0,2225.4,1445.0
2026-07-10 14:40:00,2224.4,2227.4,2223.8,2226.2,2452.0
2026-07-10 14:45:00,2226.2,2227.0,2224.0,2225.9,1148.0
2026-07-10 14:50:00,2224.6,2228.0,2221.5,2225.2,4564.0
2026-07-10 14:55:00,2225.2,2226.2,2225.2,2225.3,1115.0
2026-07-10 15:00:00,2225.1,2229.4,2222.5,2222.6,3412.0
2026-07-10 15:05:00,2222.6,2228.6,2222.6,2227.3,3017.0
2026-07-10 15:10:00,2225.9,2225.9,2222.0,2222.9,3382.0
2026-07-10 15:15:00,2222.5,2230.4,2222.0,2225.5,7395.0
2026-07-10 15:20:00,2225.4,2231.5,2225.0,2229.9,5005.0
2026-07-10 15:25:00,2229.9,2229.9,2221.0,2221.0,6944.0
