timestamp,open,high,low,close,volume
2026-06-01 09:15:00,1175.0,1175.0,1140.9,1144.0,14622.0
2026-06-01 09:20:00,1142.9,1146.9,1140.0,1143.6,13778.0
2026-06-01 09:25:00,1142.7,1160.0,1142.7,1159.0,10355.0
2026-06-01 09:30:00,1158.4,1161.8,1157.8,1157.8,7890.0
2026-06-01 09:35:00,1156.8,1157.5,1152.7,1154.1,6589.0
2026-06-01 09:40:00,1154.3,1158.0,1152.7,1155.9,5643.0
2026-06-01 09:45:00,1155.9,1161.8,1155.9,1160.0,4484.0
2026-06-01 09:50:00,1160.0,1165.9,1160.0,1164.6,7622.0
2026-06-01 09:55:00,1164.6,1168.5,1163.9,1168.5,6719.0
2026-06-01 10:00:00,1167.3,1168.9,1163.2,1165.8,7542.0
2026-06-01 10:05:00,1165.5,1168.9,1165.0,1168.3,4942.0
2026-06-01 10:10:00,1169.0,1174.4,1168.1,1174.0,10441.0
2026-06-01 10:15:00,1173.4,1174.4,1170.4,1172.2,4853.0
2026-06-01 10:20:00,1172.1,1175.6,1161.1,1163.3,83757.0
2026-06-01 10:25:00,1163.1,1165.7,1161.2,1162.1,2958.0
2026-06-01 10:30:00,1162.1,1162.7,1159.5,1159.5,3020.0
2026-06-01 10:35:00,1159.3,1162.6,1159.3,1161.0,3491.0
2026-06-01 10:40:00,1160.7,1162.8,1159.0,1162.6,2921.0
2026-06-01 10:45:00,1162.6,1165.1,1161.3,1163.0,3229.0
2026-06-01 10:50:00,1163.0,1164.9,1163.0,1164.9,1922.0
2026-06-01 10:55:00,1164.8,1165.9,1155.2,1164.8,12399.0
2026-06-01 11:00:00,1164.2,1166.5,1163.4,1164.1,3266.0
2026-06-01 11:05:00,1163.9,1164.4,1163.1,1163.1,1092.0
2026-06-01 11:10:00,1163.1,1165.5,1162.8,1163.4,4827.0
2026-06-01 11:15:00,1163.2,1163.4,1161.0,1161.8,2077.0
2026-06-01 11:20:00,1161.6,1162.1,1159.4,1159.6,2054.0
2026-06-01 11:25:00,1159.3,1161.5,1156.9,1156.9,2688.0
2026-06-01 11:30:00,1156.8,1168.7,1156.2,1168.1,8888.0
2026-06-01 11:35:00,1168.1,1169.5,1161.5,1162.8,6924.0
2026-06-01 11:40:00,1162.6,1163.9,1160.0,1160.5,4848.0
2026-06-01 11:45:00,1160.0,1160.8,1159.0,1159.7,1457.0
2026-06-01 11:50:00,1159.6,1161.0,1158.5,1159.4,2038.0
2026-06-01 11:55:00,1158.9,1159.0,1153.9,1155.2,4359.0
2026-06-01 12:00:00,1155.0,1157.7,1153.1,1153.5,2905.0
2026-06-01 12:05:00,1153.5,1154.3,1151.3,1151.3,1823.0
2026-06-01 12:10:00,1151.3,1152.2,1151.2,1151.5,1327.0
2026-06-01 12:15:00,1151.5,1153.7,1151.2,1152.6,2955.0
2026-06-01 12:20:00,1152.4,1153.0,1150.5,1151.0,2184.0
2026-06-01 12:25:00,1151.0,1151.9,1150.4,1151.5,1664.0
2026-06-01 12:30:00,1151.1,1151.6,1147.5,1147.5,2158.0
2026-06-01 12:35:00,1147.5,1148.1,1146.2,1146.2,1127.0
2026-06-01 12:40:00,1146.2,1146.9,1146.0,1146.0,759.0
2026-06-01 12:45:00,1146.8,1146.9,1145.0,1145.6,1957.0
2026-06-01 12:50:00,1145.7,1149.2,1145.3,1148.0,3577.0
2026-06-01 12:55:00,1148.3,1149.0,1146.2,1147.9,876.0
2026-06-01 13:00:00,1147.0,1147.8,1145.7,1146.3,706.0
2026-06-01 13:05:00,1146.2,1146.9,1145.0,1145.0,340.0
2026-06-01 13:10:00,1145.0,1145.3,1142.0,1142.0,3715.0
2026-06-01 13:15:00,1142.0,1143.5,1140.8,1143.5,3528.0
2026-06-01 13:20:00,1142.6,1143.4,1142.5,1143.4,350.0
2026-06-01 13:25:00,1143.4,1143.4,1135.6,1137.5,7061.0
2026-06-01 13:30:00,1137.5,1138.0,1132.9,1132.9,6222.0
2026-06-01 13:35:00,1133.2,1133.5,1129.6,1129.7,7531.0
2026-06-01 13:40:00,1129.8,1131.3,1128.1,1131.0,8703.0
2026-06-01 13:45:00,1130.6,1135.7,1130.6,1135.5,11981.0
2026-06-01 13:50:00,1135.0,1135.5,1132.0,1132.8,3921.0
2026-06-01 13:55:00,1131.3,1132.9,1131.3,1131.3,1309.0
2026-06-01 14:00:00,1131.3,1132.0,1130.0,1131.3,2748.0
2026-06-01 14:05:00,1131.3,1132.5,1128.2,1128.2,2430.0
2026-06-01 14:10:00,1128.3,1130.3,1127.2,1127.8,4458.0
2026-06-01 14:15:00,1128.0,1138.1,1127.1,1138.1,8756.0
2026-06-01 14:20:00,1137.5,1145.8,1137.5,1143.0,6944.0
2026-06-01 14:25:00,1143.0,1143.9,1143.0,1143.9,3200.0
2026-06-01 14:30:00,1143.9,1143.9,1140.0,1141.5,4237.0
2026-06-01 14:35:00,1141.5,1143.4,1141.4,1142.6,1938.0
2026-06-01 14:40:00,1142.6,1143.2,1140.6,1141.0,3466.0
2026-06-01 14:45:00,1141.0,1143.0,1140.4,1140.6,2375.0
2026-06-01 14:50:00,1140.9,1142.0,1139.2,1140.0,11070.0
2026-06-01 14:55:00,1140.0,1141.2,1140.0,1141.2,3620.0
2026-06-01 15:00:00,1141.0,1145.8,1140.0,1144.5,14511.0
2026-06-01 15:05:00,1145.0,1145.8,1143.3,1145.3,11487.0
2026-06-01 15:10:00,1145.6,1146.7,1142.5,1145.6,13607.0
2026-06-01 15:15:00,1146.7,1147.5,1142.7,1145.4,15735.0
2026-06-01 15:20:00,1145.4,1146.5,1141.6,1145.2,15191.0
2026-06-01 15:25:00,1145.6,1152.4,1140.0,1140.0,18777.0
2026-06-02 09:15:00,1139.1,1139.1,1122.1,1128.4,16670.0
2026-06-02 09:20:00,1128.5,1137.7,1128.5,1137.6,13609.0
2026-06-02 09:25:00,1137.7,1142.3,1131.7,1137.9,4280.0
2026-06-02 09:30:00,1139.3,1142.6,1136.1,1140.5,4227.0
2026-06-02 09:35:00,1140.4,1144.5,1138.0,1143.0,3802.0
2026-06-02 09:40:00,1143.0,1143.7,1138.7,1139.5,5938.0
2026-06-02 09:45:00,1138.6,1139.3,1137.7,1138.2,953.0
2026-06-02 09:50:00,1138.2,1138.9,1136.2,1138.5,1810.0
2026-06-02 09:55:00,1139.4,1139.5,1136.0,1138.5,3048.0
2026-06-02 10:00:00,1137.4,1139.0,1136.1,1137.2,689.0
2026-06-02 10:05:00,1136.9,1137.2,1135.6,1136.4,1277.0
2026-06-02 10:10:00,1136.3,1138.5,1135.1,1135.6,10343.0
2026-06-02 10:15:00,1135.6,1136.9,1134.0,1135.0,2263.0
2026-06-02 10:20:00,1135.0,1139.9,1134.9,1139.5,1125.0
2026-06-02 10:25:00,1138.2,1140.7,1138.2,1139.3,1039.0
2026-06-02 10:30:00,1139.4,1139.4,1135.6,1137.5,2151.0
2026-06-02 10:35:00,1137.4,1137.5,1136.1,1137.2,676.0
2026-06-02 10:40:00,1136.7,1137.9,1135.6,1137.4,1231.0
2026-06-02 10:45:00,1137.4,1137.4,1134.0,1134.2,91396.0
2026-06-02 10:50:00,1134.7,1134.7,1132.2,1132.5,703.0
2026-06-02 10:55:00,1132.5,1132.9,1128.3,1128.5,2425.0
2026-06-02 11:00:00,1129.1,1129.4,1128.1,1128.6,1126.0
2026-06-02 11:05:00,1128.3,1129.3,1125.0,1125.7,3332.0
2026-06-02 11:10:00,1125.7,1126.1,1121.0,1123.2,2937.0
2026-06-02 11:15:00,1123.2,1123.7,1121.0,1122.5,2516.0
2026-06-02 11:20:00,1123.3,1126.0,1123.0,1124.5,1447.0
2026-06-02 11:25:00,1124.5,1124.5,1123.0,1124.3,1109.0
2026-06-02 11:30:00,1124.5,1125.2,1123.6,1124.3,935.0
2026-06-02 11:35:00,1124.1,1124.3,1121.7,1122.3,2157.0
2026-06-02 11:40:00,1122.3,1122.4,1120.0,1120.0,2781.0
2026-06-02 11:45:00,1120.0,1120.7,1119.0,1120.7,2643.0
2026-06-02 11:50:00,1120.7,1120.9,1119.5,1120.0,949.0
2026-06-02 11:55:00,1120.0,1120.5,1118.0,1118.8,1537.0
2026-06-02 12:00:00,1118.0,1122.7,1118.0,1119.0,4327.0
2026-06-02 12:05:00,1119.8,1121.2,1118.7,1121.1,1156.0
2026-06-02 12:10:00,1120.5,1121.0,1119.9,1119.9,820.0
2026-06-02 12:15:00,1118.8,1119.9,1118.8,1119.6,651.0
2026-06-02 12:20:00,1119.6,1120.0,1118.5,1119.6,334.0
2026-06-02 12:25:00,1120.0,1121.6,1118.0,1118.5,2457.0
2026-06-02 12:30:00,1119.2,1120.5,1119.2,1119.9,944.0
2026-06-02 12:35:00,1119.3,1120.0,1117.8,1118.0,2381.0
2026-06-02 12:40:00,1118.0,1118.7,1116.7,1117.9,1980.0
2026-06-02 12:45:00,1117.3,1119.0,1117.0,1117.7,1029.0
2026-06-02 12:50:00,1117.8,1119.7,1116.7,1117.7,2998.0
2026-06-02 12:55:00,1117.6,1122.0,1116.8,1121.6,1847.0
2026-06-02 13:00:00,1120.6,1121.3,1119.0,1119.9,1021.0
2026-06-02 13:05:00,1119.5,1120.0,1119.0,1119.0,1103.0
2026-06-02 13:10:00,1118.7,1118.7,1117.6,1118.1,401.0
2026-06-02 13:15:00,1118.2,1120.3,1117.0,1119.9,2183.0
2026-06-02 13:20:00,1119.4,1121.0,1118.9,1120.7,1232.0
2026-06-02 13:25:00,1121.5,1122.7,1121.1,1121.5,2326.0
2026-06-02 13:30:00,1122.0,1127.7,1122.0,1127.5,4466.0
2026-06-02 13:35:00,1127.3,1129.7,1127.1,1127.1,4198.0
2026-06-02 13:40:00,1127.1,1131.5,1127.1,1131.5,3217.0
2026-06-02 13:45:00,1130.7,1132.1,1130.7,1132.1,3157.0
2026-06-02 13:50:00,1132.6,1135.0,1132.0,1134.5,5664.0
2026-06-02 13:55:00,1134.5,1136.0,1133.0,1135.7,2824.0
2026-06-02 14:00:00,1135.0,1138.0,1134.4,1136.8,5264.0
2026-06-02 14:05:00,1136.7,1137.0,1135.0,1135.1,2012.0
2026-06-02 14:10:00,1135.1,1135.1,1133.0,1133.1,1586.0
2026-06-02 14:15:00,1133.8,1133.9,1133.0,1133.9,415.0
2026-06-02 14:20:00,1133.4,1135.9,1133.4,1135.4,2254.0
2026-06-02 14:25:00,1135.1,1135.1,1132.0,1134.4,4334.0
2026-06-02 14:30:00,1134.4,1134.4,1130.4,1130.7,676.0
2026-06-02 14:35:00,1131.3,1131.6,1128.0,1128.5,459.0
2026-06-02 14:40:00,1128.0,1128.4,1125.1,1126.5,1400.0
2026-06-02 14:45:00,1126.3,1128.0,1125.1,1127.5,1095.0
2026-06-02 14:50:00,1127.5,1128.8,1126.9,1128.6,1644.0
2026-06-02 14:55:00,1127.6,1128.0,1126.8,1126.9,604.0
2026-06-02 15:00:00,1126.3,1127.6,1125.1,1127.1,1604.0
2026-06-02 15:05:00,1127.0,1128.8,1126.0,1126.4,1307.0
2026-06-02 15:10:00,1126.4,1128.7,1125.7,1127.7,4227.0
2026-06-02 15:15:00,1127.7,1130.0,1127.3,1128.1,6723.0
2026-06-02 15:20:00,1128.1,1129.8,1127.9,1128.6,5759.0
2026-06-02 15:25:00,1128.6,1131.0,1127.2,1130.0,6462.0
2026-06-03 09:15:00,1126.0,1130.0,1109.2,1119.0,21627.0
2026-06-03 09:20:00,1116.1,1121.7,1115.0,1118.5,4801.0
2026-06-03 09:25:00,1119.0,1120.3,1115.0,1116.6,7058.0
2026-06-03 09:30:00,1116.7,1116.8,1113.0,1113.8,5351.0
2026-06-03 09:35:00,1113.7,1118.4,1113.1,1118.4,4213.0
2026-06-03 09:40:00,1119.6,1119.6,1116.6,1118.9,3037.0
2026-06-03 09:45:00,1119.3,1121.4,1118.1,1120.1,3687.0
2026-06-03 09:50:00,1120.3,1123.4,1118.2,1122.7,5675.0
2026-06-03 09:55:00,1121.5,1123.8,1117.6,1122.1,6891.0
2026-06-03 10:00:00,1122.1,1126.6,1121.6,1125.6,10294.0
2026-06-03 10:05:00,1125.7,1125.7,1122.5,1123.7,1843.0
2026-06-03 10:10:00,1123.7,1126.6,1122.8,1125.0,3152.0
2026-06-03 10:15:00,1123.8,1125.9,1123.3,1125.0,2374.0
2026-06-03 10:20:00,1125.0,1125.3,1124.3,1124.4,1013.0
2026-06-03 10:25:00,1124.4,1126.8,1124.4,1124.5,1280.0
2026-06-03 10:30:00,1125.2,1126.2,1123.4,1124.4,2709.0
2026-06-03 10:35:00,1122.2,1125.2,1122.2,1125.0,2591.0
2026-06-03 10:40:00,1125.0,1126.8,1124.1,1125.4,2600.0
2026-06-03 10:45:00,1124.8,1125.5,1123.3,1124.3,4089.0
2026-06-03 10:50:00,1124.0,1125.0,1122.0,1124.5,2248.0
2026-06-03 10:55:00,1124.5,1124.5,1123.1,1123.9,1003.0
2026-06-03 11:00:00,1123.9,1123.9,1123.0,1123.6,1779.0
2026-06-03 11:05:00,1123.7,1124.2,1120.3,1120.8,5578.0
2026-06-03 11:10:00,1120.1,1121.2,1120.0,1121.2,2164.0
2026-06-03 11:15:00,1121.2,1121.8,1118.7,1121.7,8694.0
2026-06-03 11:20:00,1121.6,1125.5,1120.6,1125.5,3225.0
2026-06-03 11:25:00,1125.5,1125.8,1123.6,1125.2,3105.0
2026-06-03 11:30:00,1125.2,1125.8,1123.4,1125.7,1654.0
2026-06-03 11:35:00,1125.0,1125.8,1125.0,1125.0,2454.0
2026-06-03 11:40:00,1125.2,1126.6,1125.0,1126.4,1523.0
2026-06-03 11:45:00,1125.9,1127.9,1125.5,1127.2,2685.0
2026-06-03 11:50:00,1127.2,1127.2,1125.1,1125.1,869.0
2026-06-03 11:55:00,1126.0,1126.7,1125.0,1125.0,1668.0
2026-06-03 12:00:00,1125.6,1126.9,1125.0,1125.0,1205.0
2026-06-03 12:05:00,1125.0,1128.9,1125.0,1128.7,4368.0
2026-06-03 12:10:00,1128.8,1136.1,1127.7,1135.6,6520.0
2026-06-03 12:15:00,1135.8,1140.8,1135.0,1139.1,11570.0
2026-06-03 12:20:00,1139.2,1150.5,1135.4,1142.1,51974.0
2026-06-03 12:25:00,1143.2,1146.0,1142.4,1143.6,3851.0
2026-06-03 12:30:00,1143.5,1143.7,1139.7,1141.5,3541.0
2026-06-03 12:35:00,1141.6,1143.9,1140.0,1140.9,4865.0
2026-06-03 12:40:00,1140.9,1143.8,1140.9,1141.4,2342.0
2026-06-03 12:45:00,1141.4,1143.1,1140.5,1141.0,3757.0
2026-06-03 12:50:00,1143.4,1143.8,1136.1,1136.7,6178.0
2026-06-03 12:55:00,1136.4,1138.1,1136.3,1136.3,386.0
2026-06-03 13:00:00,1135.5,1138.2,1135.5,1136.6,1311.0
2026-06-03 13:05:00,1136.6,1136.6,1135.4,1135.5,452.0
2026-06-03 13:10:00,1136.0,1137.8,1135.6,1137.6,392.0
2026-06-03 13:15:00,1137.3,1139.0,1136.3,1137.2,1527.0
2026-06-03 13:20:00,1137.2,1137.7,1136.4,1136.8,775.0
2026-06-03 13:25:00,1136.8,1136.8,1135.4,1135.4,365.0
2026-06-03 13:30:00,1135.4,1136.7,1135.4,1136.3,1574.0
2026-06-03 13:35:00,1137.1,1137.3,1136.1,1136.2,786.0
2026-06-03 13:40:00,1136.2,1142.3,1136.1,1142.2,2570.0
2026-06-03 13:45:00,1142.2,1145.0,1141.8,1143.7,2920.0
2026-06-03 13:50:00,1143.7,1143.7,1140.0,1140.5,832.0
2026-06-03 13:55:00,1140.5,1142.2,1140.5,1141.5,1584.0
2026-06-03 14:00:00,1141.5,1142.0,1140.0,1141.7,3522.0
2026-06-03 14:05:00,1141.7,1141.7,1140.1,1140.5,2224.0
2026-06-03 14:10:00,1140.6,1141.2,1138.4,1140.5,4300.0
2026-06-03 14:15:00,1140.5,1140.8,1139.2,1139.5,2597.0
2026-06-03 14:20:00,1139.5,1140.0,1138.5,1139.2,1905.0
2026-06-03 14:25:00,1139.9,1142.7,1139.8,1142.7,4184.0
2026-06-03 14:30:00,1142.3,1143.7,1142.3,1143.7,1193.0
2026-06-03 14:35:00,1143.5,1143.7,1142.5,1143.2,1363.0
2026-06-03 14:40:00,1143.0,1144.2,1142.1,1142.9,2328.0
2026-06-03 14:45:00,1142.9,1142.9,1141.0,1141.7,1753.0
2026-06-03 14:50:00,1141.3,1142.5,1140.9,1141.5,2725.0
2026-06-03 14:55:00,1141.4,1142.1,1140.0,1140.9,2354.0
2026-06-03 15:00:00,1141.0,1141.3,1138.0,1139.7,6571.0
2026-06-03 15:05:00,1139.7,1141.2,1135.4,1137.1,15325.0
2026-06-03 15:10:00,1137.1,1138.8,1136.6,1138.6,5280.0
2026-06-03 15:15:00,1138.6,1139.2,1137.2,1138.2,6624.0
2026-06-03 15:20:00,1138.1,1139.0,1133.6,1133.8,11459.0
2026-06-03 15:25:00,1133.0,1141.0,1130.7,1130.7,5389.0
2026-06-04 09:15:00,1131.0,1131.0,1123.1,1125.6,8926.0
2026-06-04 09:20:00,1125.6,1133.0,1125.6,1129.0,4586.0
2026-06-04 09:25:00,1128.5,1134.8,1128.5,1134.1,3701.0
2026-06-04 09:30:00,1134.1,1138.5,1129.5,1138.4,9518.0
2026-06-04 09:35:00,1138.4,1139.0,1135.4,1135.5,2966.0
2026-06-04 09:40:00,1136.0,1137.8,1135.6,1137.8,2114.0
2026-06-04 09:45:00,1137.4,1146.1,1137.4,1145.1,8804.0
2026-06-04 09:50:00,1145.9,1145.9,1144.0,1145.5,5310.0
2026-06-04 09:55:00,1145.5,1146.5,1143.6,1145.3,1536.0
2026-06-04 10:00:00,1145.4,1151.0,1143.0,1147.3,17448.0
2026-06-04 10:05:00,1147.0,1148.5,1143.1,1143.6,13360.0
2026-06-04 10:10:00,1143.6,1144.4,1143.1,1144.0,5012.0
2026-06-04 10:15:00,1144.0,1147.1,1143.0,1145.0,19103.0
2026-06-04 10:20:00,1145.0,1146.4,1143.1,1143.5,3534.0
2026-06-04 10:25:00,1143.0,1144.9,1139.1,1140.4,9845.0
2026-06-04 10:30:00,1140.4,1143.0,1138.8,1141.9,4117.0
2026-06-04 10:35:00,1142.0,1142.0,1137.2,1137.2,2923.0
2026-06-04 10:40:00,1137.7,1142.6,1136.0,1142.0,10461.0
2026-06-04 10:45:00,1142.6,1143.2,1142.0,1142.8,1619.0
2026-06-04 10:50:00,1142.8,1148.0,1142.4,1146.8,3662.0
2026-06-04 10:55:00,1146.8,1147.8,1145.7,1145.7,1719.0
2026-06-04 11:00:00,1145.3,1146.9,1143.2,1143.9,4434.0
2026-06-04 11:05:00,1144.4,1144.6,1142.7,1143.6,1261.0
2026-06-04 11:10:00,1144.0,1146.2,1143.5,1145.0,2215.0
2026-06-04 11:15:00,1145.0,1146.5,1144.9,1145.7,1281.0
2026-06-04 11:20:00,1146.1,1146.8,1145.1,1146.7,1167.0
2026-06-04 11:25:00,1146.9,1148.0,1146.0,1147.4,2642.0
2026-06-04 11:30:00,1147.4,1147.8,1146.1,1147.5,1342.0
2026-06-04 11:35:00,1148.0,1148.0,1146.8,1148.0,955.0
2026-06-04 11:40:00,1148.0,1148.0,1146.5,1147.1,1549.0
2026-06-04 11:45:00,1147.2,1151.0,1147.0,1149.4,4419.0
2026-06-04 11:50:00,1149.9,1151.7,1149.4,1151.7,3807.0
2026-06-04 11:55:00,1151.7,1151.7,1150.3,1151.5,2056.0
2026-06-04 12:00:00,1151.5,1151.8,1150.2,1151.8,1394.0
2026-06-04 12:05:00,1151.8,1152.3,1146.1,1150.0,10070.0
2026-06-04 12:10:00,1150.0,1150.1,1149.0,1150.0,1792.0
2026-06-04 12:15:00,1150.0,1150.0,1149.0,1149.4,1418.0
2026-06-04 12:20:00,1149.7,1150.3,1148.0,1149.7,5785.0
2026-06-04 12:25:00,1149.7,1151.9,1149.0,1151.9,3901.0
2026-06-04 12:30:00,1151.9,1152.5,1150.0,1150.8,1843.0
2026-06-04 12:35:00,1150.8,1151.5,1149.0,1150.8,4255.0
2026-06-04 12:40:00,1151.5,1153.5,1150.8,1153.4,2260.0
2026-06-04 12:45:00,1153.5,1154.8,1152.7,1153.9,4706.0
2026-06-04 12:50:00,1153.9,1155.9,1152.7,1155.5,7955.0
2026-06-04 12:55:00,1155.9,1160.9,1154.0,1158.2,26979.0
2026-06-04 13:00:00,1158.1,1161.6,1155.8,1160.5,8963.0
2026-06-04 13:05:00,1160.4,1161.9,1159.1,1160.9,4854.0
2026-06-04 13:10:00,1160.8,1160.8,1156.0,1157.0,3222.0
2026-06-04 13:15:00,1155.5,1160.3,1154.2,1159.5,8498.0
2026-06-04 13:20:00,1160.0,1162.2,1160.0,1162.1,3207.0
2026-06-04 13:25:00,1162.0,1162.8,1160.6,1162.0,7195.0
2026-06-04 13:30:00,1162.0,1162.1,1158.3,1162.0,14341.0
2026-06-04 13:35:00,1162.0,1162.1,1160.9,1161.4,8721.0
2026-06-04 13:40:00,1162.0,1162.0,1152.3,1155.8,9578.0
2026-06-04 13:45:00,1155.7,1162.3,1154.5,1160.0,17771.0
2026-06-04 13:50:00,1160.1,1162.0,1156.0,1156.9,5071.0
2026-06-04 13:55:00,1156.6,1157.6,1155.5,1156.9,4247.0
2026-06-04 14:00:00,1157.0,1157.0,1155.5,1156.8,3216.0
2026-06-04 14:05:00,1157.5,1157.5,1155.5,1156.1,3007.0
2026-06-04 14:10:00,1156.5,1158.2,1155.6,1156.6,3255.0
2026-06-04 14:15:00,1156.8,1157.0,1155.7,1156.2,1977.0
2026-06-04 14:20:00,1156.1,1156.8,1153.0,1156.1,11367.0
2026-06-04 14:25:00,1156.2,1157.8,1156.1,1156.9,2451.0
2026-06-04 14:30:00,1156.9,1157.9,1156.8,1156.9,2400.0
2026-06-04 14:35:00,1156.8,1157.7,1156.3,1156.6,4502.0
2026-06-04 14:40:00,1156.6,1157.2,1156.0,1156.5,3042.0
2026-06-04 14:45:00,1156.0,1157.0,1155.5,1156.0,3638.0
2026-06-04 14:50:00,1156.4,1156.4,1155.5,1156.0,3033.0
2026-06-04 14:55:00,1156.0,1157.3,1156.0,1157.0,3224.0
2026-06-04 15:00:00,1157.0,1158.0,1156.5,1157.0,6302.0
2026-06-04 15:05:00,1157.0,1157.9,1156.5,1157.0,5796.0
2026-06-04 15:10:00,1157.0,1158.8,1156.5,1157.4,8041.0
2026-06-04 15:15:00,1158.1,1160.9,1157.5,1160.9,11744.0
2026-06-04 15:20:00,1160.9,1164.7,1158.2,1159.9,11872.0
2026-06-04 15:25:00,1159.9,1165.0,1158.3,1159.8,10525.0
2026-06-05 09:15:00,1159.3,1170.0,1157.0,1167.8,10221.0
2026-06-05 09:20:00,1168.4,1168.4,1158.3,1158.3,4255.0
2026-06-05 09:25:00,1158.9,1171.0,1158.9,1168.1,5785.0
2026-06-05 09:30:00,1167.2,1167.7,1162.1,1164.1,1613.0
2026-06-05 09:35:00,1164.4,1171.5,1163.3,1171.5,11597.0
2026-06-05 09:40:00,1171.9,1174.6,1170.0,1170.2,12909.0
2026-06-05 09:45:00,1171.0,1171.5,1168.9,1171.3,26004.0
2026-06-05 09:50:00,1171.2,1172.0,1170.0,1170.0,6148.0
2026-06-05 09:55:00,1170.9,1170.9,1170.0,1170.4,1225.0
2026-06-05 10:00:00,1170.8,1171.0,1170.4,1170.4,243.0
2026-06-05 10:05:00,1170.4,1170.9,1170.0,1170.3,2025.0
2026-06-05 10:10:00,1170.0,1172.2,1169.6,1171.9,213280.0
2026-06-05 10:15:00,1171.5,1172.2,1169.2,1170.0,2627.0
2026-06-05 10:20:00,1170.8,1170.8,1169.5,1170.7,2161.0
2026-06-05 10:25:00,1170.7,1170.7,1169.8,1169.8,3984.0
2026-06-05 10:30:00,1170.0,1171.5,1169.9,1170.8,3244.0
2026-06-05 10:35:00,1170.8,1170.8,1168.5,1169.5,24341.0
2026-06-05 10:40:00,1169.5,1172.2,1168.9,1172.2,12050.0
2026-06-05 10:45:00,1172.7,1173.5,1171.5,1173.0,4641.0
2026-06-05 10:50:00,1173.5,1174.0,1172.0,1174.0,4532.0
2026-06-05 10:55:00,1174.8,1175.0,1173.6,1174.9,4618.0
2026-06-05 11:00:00,1175.4,1175.8,1172.6,1172.6,12255.0
2026-06-05 11:05:00,1173.6,1174.2,1172.8,1174.2,2027.0
2026-06-05 11:10:00,1174.2,1174.8,1172.1,1172.1,3542.0
2026-06-05 11:15:00,1171.7,1172.3,1170.0,1170.6,3489.0
2026-06-05 11:20:00,1170.6,1170.8,1170.0,1170.8,2830.0
2026-06-05 11:25:00,1171.1,1172.0,1170.0,1170.0,4951.0
2026-06-05 11:30:00,1170.4,1170.4,1170.0,1170.0,457.0
2026-06-05 11:35:00,1170.5,1170.6,1170.0,1170.3,237.0
2026-06-05 11:40:00,1170.6,1171.2,1170.2,1170.5,765.0
2026-06-05 11:45:00,1170.5,1172.3,1170.0,1170.6,2450.0
2026-06-05 11:50:00,1171.1,1171.2,1170.1,1170.4,339.0
2026-06-05 11:55:00,1170.9,1170.9,1170.4,1170.8,115.0
2026-06-05 12:00:00,1170.8,1170.9,1170.0,1170.0,257.0
2026-06-05 12:05:00,1170.0,1170.8,1170.0,1170.4,467.0
2026-06-05 12:10:00,1170.4,1170.4,1170.0,1170.0,90.0
2026-06-05 12:15:00,1170.5,1172.0,1170.4,1172.0,775.0
2026-06-05 12:20:00,1172.0,1175.2,1171.6,1175.2,3053.0
2026-06-05 12:25:00,1175.0,1178.9,1174.6,1176.0,60980.0
2026-06-05 12:30:00,1176.0,1176.4,1174.4,1175.5,1335.0
2026-06-05 12:35:00,1175.9,1176.6,1173.5,1173.5,2153.0
2026-06-05 12:40:00,1175.0,1178.0,1174.1,1175.3,1825.0
2026-06-05 12:45:00,1174.7,1176.2,1174.5,1175.0,659.0
2026-06-05 12:50:00,1175.0,1175.0,1173.5,1174.0,1445.0
2026-06-05 12:55:00,1174.0,1176.0,1173.9,1176.0,1946.0
2026-06-05 13:00:00,1175.0,1175.0,1171.4,1171.4,1870.0
2026-06-05 13:05:00,1171.6,1172.5,1171.3,1172.2,485.0
2026-06-05 13:10:00,1171.6,1173.0,1171.0,1171.0,424.0
2026-06-05 13:15:00,1171.8,1183.0,1171.0,1181.5,18642.0
2026-06-05 13:20:00,1180.9,1187.7,1180.4,1186.2,25030.0
2026-06-05 13:25:00,1185.0,1187.2,1184.2,1186.1,6421.0
2026-06-05 13:30:00,1186.2,1186.2,1182.7,1183.0,6224.0
2026-06-05 13:35:00,1183.0,1186.8,1181.5,1186.8,7528.0
2026-06-05 13:40:00,1185.4,1186.4,1183.2,1183.3,5033.0
2026-06-05 13:45:00,1183.5,1187.2,1183.3,1184.9,7286.0
2026-06-05 13:50:00,1184.9,1185.7,1182.8,1183.1,23511.0
2026-06-05 13:55:00,1183.1,1183.7,1180.0,1180.1,21860.0
2026-06-05 14:00:00,1181.8,1185.0,1180.0,1184.2,15685.0
2026-06-05 14:05:00,1183.9,1184.7,1183.0,1183.8,1042.0
2026-06-05 14:10:00,1183.2,1183.5,1181.1,1181.3,2406.0
2026-06-05 14:15:00,1182.1,1182.8,1180.0,1181.6,2524.0
2026-06-05 14:20:00,1180.9,1181.9,1180.0,1180.5,11269.0
2026-06-05 14:25:00,1180.8,1182.0,1180.2,1181.4,1211.0
2026-06-05 14:30:00,1180.5,1182.4,1180.5,1180.5,836.0
2026-06-05 14:35:00,1180.5,1181.3,1175.9,1181.3,13206.0
2026-06-05 14:40:00,1180.9,1183.0,1180.5,1181.9,3499.0
2026-06-05 14:45:00,1182.1,1182.4,1180.3,1181.8,1320.0
2026-06-05 14:50:00,1181.6,1189.0,1180.9,1186.4,15948.0
2026-06-05 14:55:00,1186.4,1187.9,1184.1,1186.2,7147.0
2026-06-05 15:00:00,1185.8,1187.6,1184.0,1187.0,7278.0
2026-06-05 15:05:00,1186.2,1187.9,1185.0,1186.5,3689.0
2026-06-05 15:10:00,1186.5,1188.9,1185.1,1187.8,9416.0
2026-06-05 15:15:00,1187.4,1190.0,1185.2,1187.1,25261.0
2026-06-05 15:20:00,1187.1,1189.2,1185.2,1185.2,13337.0
2026-06-05 15:25:00,1185.1,1188.0,1184.1,1188.0,24223.0
2026-06-08 09:15:00,1174.3,1202.7,1162.1,1192.1,51202.0
2026-06-08 09:20:00,1191.7,1194.0,1188.5,1189.9,14994.0
2026-06-08 09:25:00,1189.2,1197.9,1183.2,1195.7,15696.0
2026-06-08 09:30:00,1195.9,1197.3,1192.7,1193.4,10798.0
2026-06-08 09:35:00,1193.4,1193.4,1183.2,1190.2,31342.0
2026-06-08 09:40:00,1191.0,1193.2,1187.7,1191.1,4213.0
2026-06-08 09:45:00,1191.2,1192.0,1190.3,1191.9,2859.0
2026-06-08 09:50:00,1190.9,1193.8,1189.2,1193.8,3339.0
2026-06-08 09:55:00,1193.8,1194.9,1192.1,1193.5,3859.0
2026-06-08 10:00:00,1193.2,1193.8,1189.2,1189.2,5506.0
2026-06-08 10:05:00,1189.2,1195.5,1186.2,1194.8,9011.0
2026-06-08 10:10:00,1194.7,1196.7,1194.2,1195.0,2658.0
2026-06-08 10:15:00,1195.0,1196.5,1193.0,1193.0,5134.0
2026-06-08 10:20:00,1194.0,1196.4,1193.5,1194.8,3282.0
2026-06-08 10:25:00,1195.1,1195.4,1193.6,1194.6,1036.0
2026-06-08 10:30:00,1194.6,1195.5,1194.5,1195.5,1054.0
2026-06-08 10:35:00,1195.5,1195.5,1194.3,1195.0,665.0
2026-06-08 10:40:00,1195.0,1195.5,1193.1,1193.8,2941.0
2026-06-08 10:45:00,1193.1,1193.5,1190.5,1190.6,1314.0
2026-06-08 10:50:00,1190.7,1193.9,1190.7,1192.5,4177.0
2026-06-08 10:55:00,1192.5,1194.0,1191.6,1193.6,822.0
2026-06-08 11:00:00,1194.0,1194.0,1191.6,1192.1,994.0
2026-06-08 11:05:00,1192.1,1195.5,1191.0,1195.0,2321.0
2026-06-08 11:10:00,1194.6,1194.7,1192.2,1193.2,865.0
2026-06-08 11:15:00,1192.6,1194.3,1192.1,1192.2,1372.0
2026-06-08 11:20:00,1191.6,1192.1,1190.0,1190.0,15288.0
2026-06-08 11:25:00,1190.5,1190.8,1177.7,1179.7,18373.0
2026-06-08 11:30:00,1179.1,1179.9,1176.8,1177.8,4930.0
2026-06-08 11:35:00,1177.8,1179.0,1175.3,1176.3,3763.0
2026-06-08 11:40:00,1176.4,1177.9,1175.3,1177.0,2208.0
2026-06-08 11:45:00,1177.0,1184.8,1176.6,1184.2,5238.0
2026-06-08 11:50:00,1184.7,1185.9,1182.8,1185.3,1509.0
2026-06-08 11:55:00,1185.0,1185.0,1183.1,1183.1,308.0
2026-06-08 12:00:00,1183.0,1183.7,1182.6,1183.5,1083.0
2026-06-08 12:05:00,1183.7,1185.1,1182.9,1185.0,425.0
2026-06-08 12:10:00,1185.0,1185.0,1183.0,1184.0,408.0
2026-06-08 12:15:00,1183.9,1184.0,1180.3,1184.0,2952.0
2026-06-08 12:20:00,1182.7,1190.0,1182.7,1186.1,8342.0
2026-06-08 12:25:00,1185.6,1186.1,1184.9,1185.4,1092.0
2026-06-08 12:30:00,1184.9,1185.5,1183.0,1183.9,1339.0
2026-06-08 12:35:00,1187.2,1188.7,1186.8,1187.5,3740.0
2026-06-08 12:40:00,1187.4,1187.4,1183.2,1183.2,5183.0
2026-06-08 12:45:00,1184.1,1184.7,1183.0,1183.9,393.0
2026-06-08 12:50:00,1183.6,1184.4,1181.6,1182.9,980.0
2026-06-08 12:55:00,1182.9,1183.8,1182.2,1183.5,859.0
2026-06-08 13:00:00,1183.8,1184.7,1183.2,1183.9,2474.0
2026-06-08 13:05:00,1183.5,1183.8,1182.2,1183.6,352.0
2026-06-08 13:10:00,1183.6,1183.6,1181.1,1183.0,2380.0
2026-06-08 13:15:00,1182.6,1185.5,1182.0,1184.2,2188.0
2026-06-08 13:20:00,1184.3,1186.0,1183.9,1184.6,3008.0
2026-06-08 13:25:00,1183.5,1188.9,1182.5,1188.4,10413.0
2026-06-08 13:30:00,1188.0,1189.4,1187.2,1188.1,3233.0
2026-06-08 13:35:00,1187.0,1189.4,1184.6,1184.6,5275.0
2026-06-08 13:40:00,1186.8,1186.8,1184.1,1184.1,484.0
2026-06-08 13:45:00,1182.7,1190.0,1182.0,1187.3,20727.0
2026-06-08 13:50:00,1187.0,1187.0,1185.0,1186.6,1400.0
2026-06-08 13:55:00,1186.5,1194.6,1186.2,1193.2,64144.0
2026-06-08 14:00:00,1193.3,1194.8,1192.2,1194.5,3499.0
2026-06-08 14:05:00,1194.7,1195.5,1194.0,1195.5,5163.0
2026-06-08 14:10:00,1195.0,1195.5,1192.5,1194.8,3810.0
2026-06-08 14:15:00,1193.7,1197.7,1193.0,1194.8,3886.0
2026-06-08 14:20:00,1194.8,1196.9,1194.1,1195.1,1845.0
2026-06-08 14:25:00,1196.3,1197.0,1194.5,1196.0,3300.0
2026-06-08 14:30:00,1196.0,1196.9,1194.5,1195.8,1748.0
2026-06-08 14:35:00,1195.0,1196.6,1194.6,1196.0,1201.0
2026-06-08 14:40:00,1196.0,1199.8,1195.6,1199.1,10111.0
2026-06-08 14:45:00,1199.7,1199.8,1197.9,1199.7,5345.0
2026-06-08 14:50:00,1199.5,1200.0,1197.0,1198.5,6594.0
2026-06-08 14:55:00,1198.9,1199.6,1197.3,1197.5,5229.0
2026-06-08 15:00:00,1198.9,1198.9,1194.7,1196.1,6518.0
2026-06-08 15:05:00,1196.1,1199.2,1194.2,1195.0,16118.0
2026-06-08 15:10:00,1195.5,1197.0,1194.8,1197.0,6282.0
2026-06-08 15:15:00,1197.0,1198.0,1193.0,1193.4,7701.0
2026-06-08 15:20:00,1193.4,1193.4,1187.4,1189.5,9349.0
2026-06-08 15:25:00,1188.9,1193.7,1187.1,1187.1,11794.0
2026-06-09 09:15:00,1194.0,1202.0,1185.8,1187.3,14881.0
2026-06-09 09:20:00,1187.7,1189.8,1185.1,1189.8,12001.0
2026-06-09 09:25:00,1189.8,1194.4,1189.6,1193.1,10656.0
2026-06-09 09:30:00,1193.0,1198.5,1191.9,1197.2,8766.0
2026-06-09 09:35:00,1197.3,1198.7,1196.0,1196.8,3996.0
2026-06-09 09:40:00,1197.3,1198.4,1196.3,1197.0,3774.0
2026-06-09 09:45:00,1197.5,1205.0,1197.3,1203.3,91549.0
2026-06-09 09:50:00,1204.9,1207.0,1203.8,1205.0,9125.0
2026-06-09 09:55:00,1205.6,1205.9,1203.1,1204.0,4805.0
2026-06-09 10:00:00,1204.4,1209.0,1203.9,1206.0,8665.0
2026-06-09 10:05:00,1206.7,1208.0,1205.6,1207.1,3620.0
2026-06-09 10:10:00,1208.0,1211.0,1205.5,1205.6,16771.0
2026-06-09 10:15:00,1206.6,1208.6,1205.5,1207.2,4379.0
2026-06-09 10:20:00,1207.4,1209.9,1207.4,1208.5,3267.0
2026-06-09 10:25:00,1208.8,1208.8,1205.9,1205.9,2922.0
2026-06-09 10:30:00,1206.4,1206.4,1205.9,1206.0,928.0
2026-06-09 10:35:00,1206.4,1207.4,1202.0,1203.7,3985.0
2026-06-09 10:40:00,1203.7,1204.2,1202.5,1204.2,1359.0
2026-06-09 10:45:00,1204.2,1215.0,1204.0,1210.0,19930.0
2026-06-09 10:50:00,1210.8,1211.3,1210.0,1210.0,3228.0
2026-06-09 10:55:00,1209.3,1210.6,1205.8,1205.8,5198.0
2026-06-09 11:00:00,1206.6,1206.6,1204.8,1205.0,1711.0
2026-06-09 11:05:00,1205.0,1205.0,1202.1,1202.5,2283.0
2026-06-09 11:10:00,1203.0,1203.0,1202.5,1202.9,726.0
2026-06-09 11:15:00,1202.3,1203.5,1197.2,1203.5,9748.0
2026-06-09 11:20:00,1203.7,1203.7,1201.9,1201.9,1560.0
2026-06-09 11:25:00,1202.0,1202.7,1201.6,1202.4,1320.0
2026-06-09 11:30:00,1202.6,1202.6,1201.6,1201.6,1658.0
2026-06-09 11:35:00,1202.2,1206.7,1201.6,1205.5,5776.0
2026-06-09 11:40:00,1206.5,1207.9,1204.7,1207.3,2073.0
2026-06-09 11:45:00,1205.8,1206.2,1202.0,1203.5,10532.0
2026-06-09 11:50:00,1204.0,1204.8,1202.9,1203.9,1239.0
2026-06-09 11:55:00,1204.8,1204.9,1203.7,1204.2,1097.0
2026-06-09 12:00:00,1204.9,1204.9,1202.5,1203.3,1642.0
2026-06-09 12:05:00,1203.4,1203.9,1202.7,1203.9,796.0
2026-06-09 12:10:00,1203.0,1216.0,1201.6,1212.1,70470.0
2026-06-09 12:15:00,1213.5,1215.9,1210.0,1210.0,8965.0
2026-06-09 12:20:00,1210.6,1214.0,1210.0,1212.6,9756.0
2026-06-09 12:25:00,1213.3,1214.9,1211.9,1212.5,3923.0
2026-06-09 12:30:00,1213.7,1214.9,1212.9,1213.3,1236.0
2026-06-09 12:35:00,1214.0,1214.3,1213.3,1213.3,476.0
2026-06-09 12:40:00,1213.8,1218.0,1213.3,1213.3,29778.0
2026-06-09 12:45:00,1213.0,1213.5,1203.8,1210.1,20921.0
2026-06-09 12:50:00,1210.8,1211.3,1210.0,1210.0,1965.0
2026-06-09 12:55:00,1210.4,1213.5,1208.3,1210.6,11560.0
2026-06-09 13:00:00,1212.9,1213.2,1210.0,1210.1,15609.0
2026-06-09 13:05:00,1210.7,1214.2,1210.0,1210.0,10945.0
2026-06-09 13:10:00,1210.2,1213.9,1209.6,1211.7,6353.0
2026-06-09 13:15:00,1212.4,1215.3,1211.3,1213.9,1914.0
2026-06-09 13:20:00,1214.8,1215.1,1213.5,1214.4,1229.0
2026-06-09 13:25:00,1215.0,1215.5,1214.4,1214.4,785.0
2026-06-09 13:30:00,1215.2,1215.3,1213.3,1214.8,1219.0
2026-06-09 13:35:00,1214.8,1216.1,1213.5,1215.9,2901.0
2026-06-09 13:40:00,1215.9,1216.8,1215.0,1216.0,1565.0
2026-06-09 13:45:00,1216.0,1218.0,1215.2,1217.0,4477.0
2026-06-09 13:50:00,1217.7,1218.0,1216.0,1217.4,3444.0
2026-06-09 13:55:00,1218.0,1218.0,1215.0,1215.2,1428.0
2026-06-09 14:00:00,1215.2,1216.4,1214.4,1215.7,1226.0
2026-06-09 14:05:00,1216.4,1217.0,1215.2,1215.5,679.0
2026-06-09 14:10:00,1216.3,1216.9,1213.5,1215.2,2294.0
2026-06-09 14:15:00,1215.6,1222.0,1214.4,1218.1,15727.0
2026-06-09 14:20:00,1218.8,1219.5,1215.7,1215.8,4768.0
2026-06-09 14:25:00,1216.8,1217.5,1215.8,1216.5,1240.0
2026-06-09 14:30:00,1217.2,1221.3,1216.6,1220.0,4503.0
2026-06-09 14:35:00,1220.5,1223.1,1219.5,1219.5,19540.0
2026-06-09 14:40:00,1220.0,1220.5,1215.6,1217.9,9363.0
2026-06-09 14:45:00,1219.9,1219.9,1216.6,1217.5,2063.0
2026-06-09 14:50:00,1218.2,1222.0,1217.5,1221.8,4030.0
2026-06-09 14:55:00,1222.0,1227.1,1220.4,1226.1,16156.0
2026-06-09 15:00:00,1226.0,1227.9,1225.0,1227.3,19910.0
2026-06-09 15:05:00,1227.3,1233.0,1225.8,1230.5,24157.0
2026-06-09 15:10:00,1230.3,1231.3,1229.1,1230.5,7499.0
2026-06-09 15:15:00,1230.8,1234.4,1229.4,1230.1,22457.0
2026-06-09 15:20:00,1231.1,1232.9,1229.3,1230.7,12244.0
2026-06-09 15:25:00,1230.7,1234.0,1223.6,1232.0,11098.0
2026-06-10 09:15:00,1235.6,1239.5,1225.5,1230.6,33167.0
2026-06-10 09:20:00,1229.7,1236.5,1228.5,1235.0,156106.0
2026-06-10 09:25:00,1234.6,1236.8,1232.2,1232.2,11636.0
2026-06-10 09:30:00,1232.9,1235.1,1228.8,1233.8,14800.0
2026-06-10 09:35:00,1234.9,1234.9,1232.4,1234.5,9011.0
2026-06-10 09:40:00,1234.4,1236.8,1233.4,1236.8,7040.0
2026-06-10 09:45:00,1236.6,1237.0,1235.4,1236.2,8002.0
2026-06-10 09:50:00,1236.2,1236.6,1233.9,1235.8,4133.0
2026-06-10 09:55:00,1236.2,1236.2,1231.0,1231.4,6591.0
2026-06-10 10:00:00,1231.4,1232.0,1230.2,1232.0,4006.0
2026-06-10 10:05:00,1232.0,1232.9,1230.4,1232.4,3762.0
2026-06-10 10:10:00,1232.3,1234.0,1232.1,1232.7,3295.0
2026-06-10 10:15:00,1232.7,1235.0,1232.2,1234.9,3825.0
2026-06-10 10:20:00,1234.9,1234.9,1233.2,1233.4,4223.0
2026-06-10 10:25:00,1233.5,1235.0,1232.8,1234.4,2373.0
2026-06-10 10:30:00,1234.5,1235.0,1234.1,1234.6,1336.0
2026-06-10 10:35:00,1235.0,1235.0,1230.4,1230.4,8271.0
2026-06-10 10:40:00,1230.9,1235.0,1230.9,1234.3,5921.0
2026-06-10 10:45:00,1234.0,1234.5,1232.4,1232.8,2097.0
2026-06-10 10:50:00,1233.8,1235.0,1231.5,1231.7,4436.0
2026-06-10 10:55:00,1231.7,1231.9,1229.2,1229.2,7438.0
2026-06-10 11:00:00,1229.7,1230.4,1223.2,1224.8,19265.0
2026-06-10 11:05:00,1225.5,1228.1,1221.1,1228.1,8104.0
2026-06-10 11:10:00,1228.1,1228.6,1225.2,1225.7,2049.0
2026-06-10 11:15:00,1225.2,1225.7,1220.2,1220.4,4227.0
2026-06-10 11:20:00,1221.5,1224.6,1221.0,1224.6,2326.0
2026-06-10 11:25:00,1225.0,1227.1,1215.0,1216.9,10657.0
2026-06-10 11:30:00,1216.7,1219.0,1214.1,1218.2,6993.0
2026-06-10 11:35:00,1217.5,1218.1,1213.2,1216.2,7440.0
2026-06-10 11:40:00,1216.2,1220.0,1215.8,1218.2,7365.0
2026-06-10 11:45:00,1219.0,1220.0,1218.6,1220.0,4521.0
2026-06-10 11:50:00,1219.6,1220.0,1217.1,1218.4,4061.0
2026-06-10 11:55:00,1218.8,1219.5,1214.4,1216.3,12714.0
2026-06-10 12:00:00,1217.1,1219.7,1217.0,1219.4,1398.0
2026-06-10 12:05:00,1219.5,1228.6,1219.2,1228.6,19406.0
2026-06-10 12:10:00,1228.5,1228.5,1222.7,1224.2,3311.0
2026-06-10 12:15:00,1224.8,1225.0,1223.6,1223.9,2703.0
2026-06-10 12:20:00,1224.5,1224.7,1221.6,1223.3,2791.0
2026-06-10 12:25:00,1223.3,1224.6,1222.1,1223.4,3084.0
2026-06-10 12:30:00,1224.1,1224.9,1223.1,1223.1,1867.0
2026-06-10 12:35:00,1224.6,1225.0,1219.2,1220.6,1997.0
2026-06-10 12:40:00,1220.6,1223.3,1220.6,1221.2,2098.0
2026-06-10 12:45:00,1222.2,1228.1,1221.4,1227.8,23366.0
2026-06-10 12:50:00,1227.7,1229.6,1227.2,1229.0,1930.0
2026-06-10 12:55:00,1229.0,1229.0,1226.6,1228.7,4405.0
2026-06-10 13:00:00,1228.7,1231.0,1228.3,1230.0,7281.0
2026-06-10 13:05:00,1230.0,1230.0,1228.2,1229.4,2224.0
2026-06-10 13:10:00,1229.4,1229.8,1226.1,1226.3,1308.0
2026-06-10 13:15:00,1226.2,1227.1,1223.4,1224.1,2660.0
2026-06-10 13:20:00,1224.2,1225.6,1220.1,1220.2,2912.0
2026-06-10 13:25:00,1220.1,1220.2,1218.9,1219.5,1266.0
2026-06-10 13:30:00,1220.0,1220.2,1217.9,1219.2,1217.0
2026-06-10 13:35:00,1218.9,1220.0,1214.0,1215.0,10897.0
2026-06-10 13:40:00,1215.0,1216.0,1214.0,1215.6,2676.0
2026-06-10 13:45:00,1215.6,1216.0,1215.0,1215.8,8814.0
2026-06-10 13:50:00,1215.8,1216.0,1215.1,1215.7,1872.0
2026-06-10 13:55:00,1215.7,1218.1,1213.0,1214.5,16920.0
2026-06-10 14:00:00,1214.5,1217.1,1213.5,1216.7,3557.0
2026-06-10 14:05:00,1216.0,1217.4,1206.6,1207.7,5079.0
2026-06-10 14:10:00,1206.3,1208.0,1206.1,1207.7,2277.0
2026-06-10 14:15:00,1207.7,1208.0,1203.4,1204.9,4148.0
2026-06-10 14:20:00,1204.9,1207.2,1204.0,1206.1,4272.0
2026-06-10 14:25:00,1206.9,1207.0,1203.9,1203.9,1414.0
2026-06-10 14:30:00,1204.7,1204.7,1202.3,1203.9,1557.0
2026-06-10 14:35:00,1203.9,1205.3,1201.3,1201.4,4172.0
2026-06-10 14:40:00,1201.8,1202.0,1197.4,1198.0,6916.0
2026-06-10 14:45:00,1198.6,1199.9,1195.0,1196.1,14142.0
2026-06-10 14:50:00,1197.1,1197.4,1192.3,1192.9,6124.0
2026-06-10 14:55:00,1194.0,1194.0,1192.2,1193.0,3120.0
2026-06-10 15:00:00,1193.0,1193.2,1189.6,1193.0,5017.0
2026-06-10 15:05:00,1193.0,1193.0,1188.8,1191.7,6994.0
2026-06-10 15:10:00,1191.7,1191.7,1186.3,1186.3,8192.0
2026-06-10 15:15:00,1187.0,1189.9,1185.2,1189.5,10635.0
2026-06-10 15:20:00,1189.2,1190.8,1187.1,1189.7,8174.0
2026-06-10 15:25:00,1189.8,1191.7,1164.5,1185.0,19493.0
2026-06-11 09:15:00,1178.0,1194.8,1177.7,1192.2,11214.0
2026-06-11 09:20:00,1192.9,1199.0,1192.2,1197.5,7128.0
2026-06-11 09:25:00,1196.8,1199.0,1194.1,1198.8,3488.0
2026-06-11 09:30:00,1198.6,1198.8,1195.4,1198.7,2898.0
2026-06-11 09:35:00,1198.8,1200.0,1197.0,1199.5,1633.0
2026-06-11 09:40:00,1199.8,1205.0,1198.5,1204.1,23408.0
2026-06-11 09:45:00,1204.3,1204.9,1191.2,1194.1,7322.0
2026-06-11 09:50:00,1194.3,1197.4,1190.3,1193.2,4470.0
2026-06-11 09:55:00,1192.1,1192.1,1185.1,1188.3,4834.0
2026-06-11 10:00:00,1189.4,1192.9,1188.7,1189.5,8849.0
2026-06-11 10:05:00,1189.5,1195.0,1188.3,1194.9,2605.0
2026-06-11 10:10:00,1194.0,1195.3,1192.0,1192.6,2414.0
2026-06-11 10:15:00,1192.0,1195.0,1192.0,1194.9,1219.0
2026-06-11 10:20:00,1194.9,1196.6,1192.6,1196.6,2863.0
2026-06-11 10:25:00,1196.6,1198.4,1195.9,1198.4,1112.0
2026-06-11 10:30:00,1198.0,1199.6,1198.0,1198.0,1520.0
2026-06-11 10:35:00,1198.9,1198.9,1197.3,1198.1,1869.0
2026-06-11 10:40:00,1197.1,1201.5,1197.1,1198.0,4740.0
2026-06-11 10:45:00,1198.3,1198.6,1196.1,1196.1,1018.0
2026-06-11 10:50:00,1195.1,1195.5,1193.0,1195.3,1338.0
2026-06-11 10:55:00,1195.3,1195.8,1192.0,1192.5,535.0
2026-06-11 11:00:00,1192.6,1193.9,1191.6,1193.9,1757.0
2026-06-11 11:05:00,1194.0,1194.8,1192.5,1193.1,1023.0
2026-06-11 11:10:00,1192.9,1193.6,1191.6,1191.6,823.0
2026-06-11 11:15:00,1192.0,1192.8,1190.8,1192.4,960.0
2026-06-11 11:20:00,1190.9,1192.3,1190.6,1192.0,1018.0
2026-06-11 11:25:00,1192.0,1192.5,1190.0,1190.0,4778.0
2026-06-11 11:30:00,1189.0,1189.8,1186.0,1187.5,1166.0
2026-06-11 11:35:00,1187.3,1187.5,1186.1,1187.1,463.0
2026-06-11 11:40:00,1187.0,1187.9,1185.1,1186.7,2510.0
2026-06-11 11:45:00,1185.5,1187.0,1185.1,1186.0,665.0
2026-06-11 11:50:00,1186.0,1186.0,1184.4,1185.9,784.0
2026-06-11 11:55:00,1185.5,1186.8,1183.4,1184.6,2025.0
2026-06-11 12:00:00,1184.6,1184.6,1181.2,1182.9,6255.0
2026-06-11 12:05:00,1183.4,1186.5,1182.8,1186.1,3963.0
2026-06-11 12:10:00,1186.7,1188.9,1186.6,1188.5,1450.0
2026-06-11 12:15:00,1188.5,1190.1,1187.8,1189.3,1009.0
2026-06-11 12:20:00,1189.0,1190.9,1188.0,1190.9,1878.0
2026-06-11 12:25:00,1190.9,1191.3,1189.2,1190.9,858.0
2026-06-11 12:30:00,1191.0,1191.0,1189.0,1189.8,500.0
2026-06-11 12:35:00,1191.0,1191.0,1188.6,1189.8,561.0
2026-06-11 12:40:00,1188.5,1189.5,1187.7,1187.7,729.0
2026-06-11 12:45:00,1187.1,1188.0,1186.0,1186.0,661.0
2026-06-11 12:50:00,1187.4,1187.8,1186.0,1187.2,1553.0
2026-06-11 12:55:00,1187.2,1188.8,1186.5,1188.8,813.0
2026-06-11 13:00:00,1190.8,1194.0,1190.8,1193.1,1067.0
2026-06-11 13:05:00,1192.1,1193.9,1190.1,1191.2,2448.0
2026-06-11 13:10:00,1191.9,1193.3,1190.4,1190.6,1484.0
2026-06-11 13:15:00,1190.4,1193.8,1190.4,1193.1,2366.0
2026-06-11 13:20:00,1193.1,1193.1,1189.6,1190.8,794.0
2026-06-11 13:25:00,1190.2,1190.6,1186.9,1187.1,556.0
2026-06-11 13:30:00,1188.2,1190.2,1188.2,1188.5,328.0
2026-06-11 13:35:00,1188.5,1188.5,1187.3,1187.3,341.0
2026-06-11 13:40:00,1188.2,1189.0,1187.3,1189.0,727.0
2026-06-11 13:45:00,1187.8,1188.7,1187.0,1188.0,381.0
2026-06-11 13:50:00,1187.0,1188.7,1186.0,1187.3,2551.0
2026-06-11 13:55:00,1188.3,1189.9,1188.0,1188.8,2530.0
2026-06-11 14:00:00,1189.7,1191.0,1189.7,1190.8,426.0
2026-06-11 14:05:00,1190.8,1192.5,1189.4,1189.7,2694.0
2026-06-11 14:10:00,1189.0,1190.2,1189.0,1189.7,402.0
2026-06-11 14:15:00,1189.8,1192.4,1189.8,1190.1,1798.0
2026-06-11 14:20:00,1191.3,1192.2,1190.1,1190.7,323.0
2026-06-11 14:25:00,1190.7,1193.9,1190.1,1193.7,4672.0
2026-06-11 14:30:00,1193.7,1194.3,1192.9,1194.3,1135.0
2026-06-11 14:35:00,1194.3,1196.0,1192.5,1194.9,2806.0
2026-06-11 14:40:00,1193.8,1194.0,1190.7,1192.3,906.0
2026-06-11 14:45:00,1190.5,1192.1,1190.0,1191.6,2264.0
2026-06-11 14:50:00,1191.0,1191.0,1188.0,1190.3,3081.0
2026-06-11 14:55:00,1190.3,1190.3,1188.0,1189.0,596.0
2026-06-11 15:00:00,1189.2,1189.2,1178.1,1178.9,7173.0
2026-06-11 15:05:00,1179.4,1181.4,1178.4,1178.4,6788.0
2026-06-11 15:10:00,1178.0,1182.0,1178.0,1181.4,7553.0
2026-06-11 15:15:00,1181.9,1182.2,1181.0,1181.0,4706.0
2026-06-11 15:20:00,1180.5,1182.7,1179.2,1180.7,8821.0
2026-06-11 15:25:00,1180.7,1190.0,1178.3,1190.0,14620.0
2026-06-12 09:15:00,1200.0,1201.1,1193.3,1199.1,9303.0
2026-06-12 09:20:00,1199.1,1203.9,1198.6,1199.1,8634.0
2026-06-12 09:25:00,1199.7,1208.5,1199.7,1206.9,10219.0
2026-06-12 09:30:00,1206.6,1213.0,1206.6,1212.7,9459.0
2026-06-12 09:35:00,1211.5,1213.0,1207.0,1207.0,4730.0
2026-06-12 09:40:00,1205.0,1206.9,1202.5,1205.8,9639.0
2026-06-12 09:45:00,1206.2,1206.2,1203.5,1204.4,809.0
2026-06-12 09:50:00,1203.2,1204.0,1196.6,1197.0,10342.0
2026-06-12 09:55:00,1197.0,1200.3,1197.0,1199.0,860.0
2026-06-12 10:00:00,1199.1,1200.0,1193.0,1196.3,10956.0
2026-06-12 10:05:00,1195.2,1198.7,1195.2,1198.7,649.0
2026-06-12 10:10:00,1198.7,1200.2,1198.1,1200.2,620.0
2026-06-12 10:15:00,1200.5,1210.6,1200.5,1209.0,7476.0
2026-06-12 10:20:00,1209.7,1213.3,1208.3,1212.1,2559.0
2026-06-12 10:25:00,1212.4,1213.7,1211.5,1211.9,1539.0
2026-06-12 10:30:00,1212.4,1212.4,1208.7,1210.6,5840.0
2026-06-12 10:35:00,1208.7,1211.3,1208.7,1211.2,1135.0
2026-06-12 10:40:00,1210.4,1217.9,1210.4,1214.8,5216.0
2026-06-12 10:45:00,1214.1,1214.7,1210.9,1212.4,3296.0
2026-06-12 10:50:00,1212.0,1213.4,1211.4,1212.5,476.0
2026-06-12 10:55:00,1212.5,1214.2,1212.5,1213.7,1281.0
2026-06-12 11:00:00,1213.8,1214.8,1212.4,1213.2,1681.0
2026-06-12 11:05:00,1213.2,1213.5,1212.5,1213.5,276.0
2026-06-12 11:10:00,1212.5,1214.1,1212.2,1213.7,1053.0
2026-06-12 11:15:00,1213.6,1219.9,1213.5,1219.1,2970.0
2026-06-12 11:20:00,1219.0,1223.1,1216.6,1221.6,6764.0
2026-06-12 11:25:00,1222.0,1222.6,1220.8,1221.9,3739.0
2026-06-12 11:30:00,1221.9,1221.9,1220.0,1221.5,1911.0
2026-06-12 11:35:00,1221.6,1223.9,1220.5,1223.3,1400.0
2026-06-12 11:40:00,1223.9,1224.0,1221.0,1222.9,3642.0
2026-06-12 11:45:00,1222.9,1222.9,1221.0,1221.3,1809.0
2026-06-12 11:50:00,1221.0,1222.0,1219.7,1220.9,838.0
2026-06-12 11:55:00,1221.0,1221.0,1218.0,1219.0,1478.0
2026-06-12 12:00:00,1218.2,1219.3,1212.4,1213.3,2145.0
2026-06-12 12:05:00,1211.8,1213.9,1211.4,1213.5,985.0
2026-06-12 12:10:00,1211.6,1214.1,1211.6,1213.7,621.0
2026-06-12 12:15:00,1213.0,1214.8,1212.4,1212.5,926.0
2026-06-12 12:20:00,1212.9,1214.2,1212.6,1214.0,422.0
2026-06-12 12:25:00,1214.0,1215.0,1213.4,1213.5,435.0
2026-06-12 12:30:00,1213.5,1213.5,1212.1,1213.0,623.0
2026-06-12 12:35:00,1213.0,1214.0,1210.3,1212.9,4862.0
2026-06-12 12:40:00,1214.0,1215.0,1212.5,1213.4,1542.0
2026-06-12 12:45:00,1213.6,1215.8,1212.1,1212.1,1631.0
2026-06-12 12:50:00,1212.0,1213.8,1212.0,1212.9,704.0
2026-06-12 12:55:00,1212.9,1244.2,1212.8,1226.0,66309.0
2026-06-12 13:00:00,1226.3,1226.6,1222.2,1223.1,4931.0
2026-06-12 13:05:00,1223.9,1224.3,1220.8,1221.4,1793.0
2026-06-12 13:10:00,1222.5,1224.4,1221.9,1224.4,3274.0
2026-06-12 13:15:00,1225.5,1228.0,1225.1,1225.2,2406.0
2026-06-12 13:20:00,1226.0,1226.4,1224.0,1225.8,3496.0
2026-06-12 13:25:00,1225.8,1228.3,1225.5,1227.8,712.0
2026-06-12 13:30:00,1227.0,1228.0,1225.1,1226.5,2743.0
2026-06-12 13:35:00,1227.3,1227.5,1225.8,1226.0,1415.0
2026-06-12 13:40:00,1226.6,1227.8,1225.3,1225.9,2005.0
2026-06-12 13:45:00,1226.0,1228.1,1226.0,1226.2,2623.0
2026-06-12 13:50:00,1226.2,1226.4,1224.0,1224.1,3415.0
2026-06-12 13:55:00,1224.5,1226.5,1223.1,1224.6,2816.0
2026-06-12 14:00:00,1224.7,1226.0,1224.6,1226.0,380.0
2026-06-12 14:05:00,1226.0,1226.9,1225.4,1226.1,505.0
2026-06-12 14:10:00,1226.1,1226.4,1222.6,1226.4,2970.0
2026-06-12 14:15:00,1226.4,1226.4,1225.4,1225.5,669.0
2026-06-12 14:20:00,1226.3,1229.2,1225.0,1228.0,5300.0
2026-06-12 14:25:00,1227.8,1231.9,1227.6,1229.1,6693.0
2026-06-12 14:30:00,1228.8,1230.3,1228.5,1228.8,1311.0
2026-06-12 14:35:00,1229.9,1230.5,1228.5,1230.4,1762.0
2026-06-12 14:40:00,1229.5,1232.0,1222.1,1225.0,12736.0
2026-06-12 14:45:00,1224.6,1225.0,1215.6,1216.7,7986.0
2026-06-12 14:50:00,1216.1,1218.6,1213.0,1218.6,9549.0
2026-06-12 14:55:00,1219.7,1220.0,1217.6,1218.9,4345.0
2026-06-12 15:00:00,1218.8,1220.0,1217.5,1218.9,4842.0
2026-06-12 15:05:00,1218.9,1220.0,1217.7,1218.8,1375.0
2026-06-12 15:10:00,1218.7,1220.0,1217.3,1218.8,4594.0
2026-06-12 15:15:00,1218.8,1220.0,1217.7,1220.0,4930.0
2026-06-12 15:20:00,1218.8,1220.0,1217.5,1219.9,4934.0
2026-06-12 15:25:00,1219.9,1220.1,1214.0,1214.0,12513.0
2026-06-15 09:15:00,1233.0,1233.0,1205.9,1207.1,28999.0
2026-06-15 09:20:00,1207.0,1212.8,1197.7,1201.9,18028.0
2026-06-15 09:25:00,1202.0,1208.8,1202.0,1206.1,6835.0
2026-06-15 09:30:00,1206.2,1206.3,1200.0,1204.0,15847.0
2026-06-15 09:35:00,1205.0,1207.8,1203.9,1206.6,3247.0
2026-06-15 09:40:00,1208.4,1213.7,1208.4,1212.4,6403.0
2026-06-15 09:45:00,1212.6,1213.9,1211.0,1212.1,3583.0
2026-06-15 09:50:00,1211.2,1211.4,1209.0,1209.0,1926.0
2026-06-15 09:55:00,1209.0,1218.3,1207.5,1217.4,7321.0
2026-06-15 10:00:00,1217.4,1218.2,1215.2,1216.4,2387.0
2026-06-15 10:05:00,1215.5,1218.2,1215.1,1216.4,2062.0
2026-06-15 10:10:00,1215.0,1219.0,1215.0,1218.0,2625.0
2026-06-15 10:15:00,1218.0,1218.1,1216.5,1218.0,1334.0
2026-06-15 10:20:00,1218.0,1219.6,1216.5,1218.0,1657.0
2026-06-15 10:25:00,1219.0,1219.6,1217.2,1219.6,1397.0
2026-06-15 10:30:00,1218.5,1219.9,1218.5,1219.2,1294.0
2026-06-15 10:35:00,1219.2,1222.8,1219.2,1222.8,4039.0
2026-06-15 10:40:00,1222.8,1223.2,1220.0,1221.0,1347.0
2026-06-15 10:45:00,1221.0,1222.5,1221.0,1222.5,430.0
2026-06-15 10:50:00,1222.5,1223.6,1220.8,1221.0,1568.0
2026-06-15 10:55:00,1221.6,1222.5,1221.6,1222.5,1301.0
2026-06-15 11:00:00,1222.5,1222.5,1221.2,1222.4,438.0
2026-06-15 11:05:00,1222.0,1222.1,1221.0,1221.1,1205.0
2026-06-15 11:10:00,1222.5,1222.5,1220.8,1221.0,1279.0
2026-06-15 11:15:00,1220.8,1222.0,1219.9,1220.0,3383.0
2026-06-15 11:20:00,1219.7,1221.0,1219.7,1221.0,401.0
2026-06-15 11:25:00,1220.9,1220.9,1218.0,1218.1,1880.0
2026-06-15 11:30:00,1218.8,1218.8,1215.0,1216.5,3882.0
2026-06-15 11:35:00,1217.2,1217.2,1215.4,1217.0,1001.0
2026-06-15 11:40:00,1218.1,1218.1,1215.5,1215.5,353.0
2026-06-15 11:45:00,1215.7,1218.6,1215.7,1218.6,841.0
2026-06-15 11:50:00,1217.2,1220.0,1217.1,1218.8,1937.0
2026-06-15 11:55:00,1218.0,1220.8,1217.0,1220.8,2105.0
2026-06-15 12:00:00,1220.8,1220.8,1215.0,1215.0,785.0
2026-06-15 12:05:00,1215.6,1215.9,1214.1,1215.0,3882.0
2026-06-15 12:10:00,1215.0,1215.5,1214.3,1215.0,1695.0
2026-06-15 12:15:00,1217.0,1217.0,1214.9,1214.9,1113.0
2026-06-15 12:20:00,1215.1,1216.2,1214.5,1215.4,878.0
2026-06-15 12:25:00,1215.4,1217.0,1214.6,1216.0,542.0
2026-06-15 12:30:00,1216.0,1217.7,1216.0,1217.7,316.0
2026-06-15 12:35:00,1216.7,1217.9,1216.5,1216.5,698.0
2026-06-15 12:40:00,1216.5,1218.0,1216.5,1217.8,1306.0
2026-06-15 12:45:00,1217.9,1218.1,1216.4,1217.0,650.0
2026-06-15 12:50:00,1216.1,1217.6,1216.1,1217.1,630.0
2026-06-15 12:55:00,1216.2,1217.6,1216.0,1216.1,501.0
2026-06-15 13:00:00,1216.1,1217.2,1216.0,1217.2,201.0
2026-06-15 13:05:00,1217.2,1217.2,1216.1,1217.0,356.0
2026-06-15 13:10:00,1217.0,1217.8,1217.0,1217.0,449.0
2026-06-15 13:15:00,1217.0,1217.1,1216.2,1216.8,325.0
2026-06-15 13:20:00,1216.7,1217.7,1215.0,1215.0,767.0
2026-06-15 13:25:00,1215.0,1216.9,1215.0,1216.9,766.0
2026-06-15 13:30:00,1217.3,1217.7,1214.8,1215.3,1280.0
2026-06-15 13:35:00,1215.0,1216.0,1214.7,1215.4,3938.0
2026-06-15 13:40:00,1215.0,1215.3,1215.0,1215.0,263.0
2026-06-15 13:45:00,1215.0,1225.0,1215.0,1223.6,11620.0
2026-06-15 13:50:00,1223.6,1224.7,1221.7,1224.4,5177.0
2026-06-15 13:55:00,1224.3,1224.5,1221.6,1224.2,2904.0
2026-06-15 14:00:00,1224.0,1224.4,1222.7,1224.3,1694.0
2026-06-15 14:05:00,1224.3,1225.0,1221.5,1223.8,4528.0
2026-06-15 14:10:00,1223.8,1224.0,1221.2,1222.7,3727.0
2026-06-15 14:15:00,1222.7,1222.7,1215.1,1215.5,1909.0
2026-06-15 14:20:00,1215.5,1215.9,1214.8,1214.8,1700.0
2026-06-15 14:25:00,1215.4,1215.4,1215.0,1215.0,720.0
2026-06-15 14:30:00,1215.1,1215.1,1214.0,1215.0,775.0
2026-06-15 14:35:00,1215.0,1216.0,1214.0,1215.0,2223.0
2026-06-15 14:40:00,1215.0,1215.0,1208.1,1208.1,2999.0
2026-06-15 14:45:00,1208.1,1208.8,1206.3,1207.0,727.0
2026-06-15 14:50:00,1207.0,1207.8,1205.3,1206.7,2123.0
2026-06-15 14:55:00,1207.5,1208.8,1206.0,1208.0,1667.0
2026-06-15 15:00:00,1208.3,1210.0,1206.3,1209.7,4372.0
2026-06-15 15:05:00,1209.7,1213.5,1209.6,1213.2,5982.0
2026-06-15 15:10:00,1213.3,1213.5,1207.4,1208.5,1493.0
2026-06-15 15:15:00,1207.1,1208.7,1206.0,1207.3,3402.0
2026-06-15 15:20:00,1207.8,1208.4,1204.6,1205.2,4099.0
2026-06-15 15:25:00,1205.2,1207.0,1202.0,1203.0,5688.0
2026-06-16 09:15:00,1202.2,1204.5,1192.2,1202.3,23142.0
2026-06-16 09:20:00,1203.7,1204.7,1196.1,1197.8,8652.0
2026-06-16 09:25:00,1197.2,1197.8,1195.1,1195.9,2759.0
2026-06-16 09:30:00,1195.2,1197.9,1181.3,1185.0,33371.0
2026-06-16 09:35:00,1184.5,1186.4,1182.5,1185.7,5332.0
2026-06-16 09:40:00,1186.0,1186.7,1184.1,1185.6,3504.0
2026-06-16 09:45:00,1185.0,1187.0,1183.6,1184.9,4588.0
2026-06-16 09:50:00,1183.4,1187.8,1183.4,1187.1,1798.0
2026-06-16 09:55:00,1187.8,1191.5,1185.0,1185.6,9470.0
2026-06-16 10:00:00,1185.7,1186.2,1184.1,1184.5,1680.0
2026-06-16 10:05:00,1185.0,1187.0,1184.0,1185.0,2602.0
2026-06-16 10:10:00,1184.9,1187.2,1184.3,1186.9,1427.0
2026-06-16 10:15:00,1187.3,1189.3,1187.0,1188.1,2162.0
2026-06-16 10:20:00,1188.1,1189.9,1186.3,1187.7,3846.0
2026-06-16 10:25:00,1186.6,1188.5,1186.6,1187.3,2816.0
2026-06-16 10:30:00,1188.1,1188.5,1186.6,1187.4,999.0
2026-06-16 10:35:00,1187.4,1188.3,1186.6,1186.7,1080.0
2026-06-16 10:40:00,1186.7,1187.4,1185.1,1185.8,1363.0
2026-06-16 10:45:00,1185.5,1187.0,1185.3,1186.0,742.0
2026-06-16 10:50:00,1186.7,1186.8,1182.5,1183.2,2666.0
2026-06-16 10:55:00,1182.9,1185.4,1182.9,1184.5,1338.0
2026-06-16 11:00:00,1184.5,1184.5,1182.5,1183.0,2990.0
2026-06-16 11:05:00,1183.0,1196.2,1183.0,1195.0,23698.0
2026-06-16 11:10:00,1194.8,1195.8,1183.7,1188.3,3161.0
2026-06-16 11:15:00,1189.4,1190.5,1188.0,1190.0,924.0
2026-06-16 11:20:00,1189.9,1191.0,1188.3,1189.0,2882.0
2026-06-16 11:25:00,1189.7,1190.1,1186.2,1188.0,1988.0
2026-06-16 11:30:00,1188.0,1199.0,1185.7,1198.3,8973.0
2026-06-16 11:35:00,1198.5,1199.8,1196.4,1198.5,3064.0
2026-06-16 11:40:00,1198.5,1198.9,1196.0,1196.7,2044.0
2026-06-16 11:45:00,1196.7,1199.0,1194.3,1196.0,4784.0
2026-06-16 11:50:00,1195.3,1196.3,1193.9,1196.0,2628.0
2026-06-16 11:55:00,1196.0,1197.8,1194.7,1196.3,3336.0
2026-06-16 12:00:00,1196.2,1196.2,1193.7,1194.4,810.0
2026-06-16 12:05:00,1194.4,1197.0,1193.5,1196.7,1360.0
2026-06-16 12:10:00,1196.7,1196.8,1194.3,1195.0,1104.0
2026-06-16 12:15:00,1196.0,1196.8,1194.0,1195.3,3091.0
2026-06-16 12:20:00,1195.0,1195.0,1191.4,1193.4,1028.0
2026-06-16 12:25:00,1193.4,1194.8,1192.6,1193.3,1831.0
2026-06-16 12:30:00,1193.3,1194.0,1192.0,1192.7,1130.0
2026-06-16 12:35:00,1192.7,1193.4,1191.4,1192.5,1039.0
2026-06-16 12:40:00,1192.5,1193.4,1191.8,1193.0,854.0
2026-06-16 12:45:00,1192.3,1193.8,1192.2,1193.8,853.0
2026-06-16 12:50:00,1193.8,1194.5,1192.9,1193.0,1564.0
2026-06-16 12:55:00,1194.0,1194.6,1193.0,1193.6,1633.0
2026-06-16 13:00:00,1194.0,1194.1,1191.4,1192.7,998.0
2026-06-16 13:05:00,1192.6,1193.8,1191.7,1193.8,1656.0
2026-06-16 13:10:00,1193.9,1194.9,1192.2,1194.8,1656.0
2026-06-16 13:15:00,1194.9,1197.9,1194.2,1197.2,1610.0
2026-06-16 13:20:00,1197.6,1198.8,1197.0,1198.6,1374.0
2026-06-16 13:25:00,1198.7,1209.0,1198.1,1208.9,11248.0
2026-06-16 13:30:00,1210.0,1214.4,1208.4,1210.2,5272.0
2026-06-16 13:35:00,1210.1,1212.0,1204.2,1205.0,5367.0
2026-06-16 13:40:00,1203.6,1204.2,1201.4,1201.7,2214.0
2026-06-16 13:45:00,1201.6,1205.0,1201.6,1203.9,2107.0
2026-06-16 13:50:00,1203.5,1209.5,1202.4,1206.2,6604.0
2026-06-16 13:55:00,1206.2,1206.8,1204.0,1205.1,12537.0
2026-06-16 14:00:00,1205.0,1206.9,1204.1,1205.5,5047.0
2026-06-16 14:05:00,1205.9,1206.8,1204.0,1204.7,2826.0
2026-06-16 14:10:00,1205.0,1205.4,1204.0,1205.4,2163.0
2026-06-16 14:15:00,1205.0,1206.4,1204.3,1204.9,1860.0
2026-06-16 14:20:00,1204.8,1206.2,1203.1,1204.3,3979.0
2026-06-16 14:25:00,1205.0,1205.6,1204.0,1204.4,1354.0
2026-06-16 14:30:00,1205.0,1205.7,1203.1,1204.9,4231.0
2026-06-16 14:35:00,1205.0,1205.3,1203.7,1205.3,2711.0
2026-06-16 14:40:00,1205.0,1205.2,1204.1,1204.8,1115.0
2026-06-16 14:45:00,1204.8,1205.5,1203.9,1205.0,2036.0
2026-06-16 14:50:00,1205.0,1205.4,1204.2,1204.4,4315.0
2026-06-16 14:55:00,1204.9,1205.3,1203.2,1205.0,7275.0
2026-06-16 15:00:00,1204.9,1205.3,1203.5,1203.7,9290.0
2026-06-16 15:05:00,1203.1,1205.5,1203.1,1205.0,14349.0
2026-06-16 15:10:00,1205.0,1208.0,1200.9,1207.8,8765.0
2026-06-16 15:15:00,1208.4,1212.0,1207.6,1210.7,4867.0
2026-06-16 15:20:00,1211.6,1212.0,1207.9,1210.3,9045.0
2026-06-16 15:25:00,1210.3,1210.3,1200.5,1201.0,5806.0
2026-06-17 09:15:00,1206.0,1206.3,1192.6,1196.7,11255.0
2026-06-17 09:20:00,1195.5,1205.0,1194.0,1204.8,10670.0
2026-06-17 09:25:00,1207.0,1212.0,1203.0,1210.8,8448.0
2026-06-17 09:30:00,1210.9,1213.9,1209.0,1209.2,3454.0
2026-06-17 09:35:00,1208.8,1210.3,1206.9,1208.5,4365.0
2026-06-17 09:40:00,1209.4,1210.0,1208.1,1209.8,957.0
2026-06-17 09:45:00,1209.8,1219.1,1207.8,1218.4,10384.0
2026-06-17 09:50:00,1218.3,1220.6,1211.1,1211.1,15647.0
2026-06-17 09:55:00,1211.0,1211.0,1206.1,1207.0,4178.0
2026-06-17 10:00:00,1204.0,1205.2,1202.1,1203.2,3613.0
2026-06-17 10:05:00,1203.8,1216.7,1202.2,1213.7,20618.0
2026-06-17 10:10:00,1214.7,1216.3,1213.2,1215.0,3434.0
2026-06-17 10:15:00,1215.6,1217.9,1215.4,1217.7,2306.0
2026-06-17 10:20:00,1217.6,1217.8,1215.8,1217.6,882.0
2026-06-17 10:25:00,1217.7,1228.0,1216.3,1228.0,11773.0
2026-06-17 10:30:00,1227.0,1228.0,1220.4,1221.9,5386.0
2026-06-17 10:35:00,1221.9,1228.8,1220.3,1225.0,8620.0
2026-06-17 10:40:00,1224.5,1225.0,1222.8,1224.0,2581.0
2026-06-17 10:45:00,1224.0,1226.5,1223.5,1224.0,3917.0
2026-06-17 10:50:00,1223.9,1224.4,1223.1,1224.0,1715.0
2026-06-17 10:55:00,1224.2,1224.2,1223.0,1224.0,1752.0
2026-06-17 11:00:00,1224.0,1226.5,1223.0,1226.5,3285.0
2026-06-17 11:05:00,1225.9,1226.4,1222.4,1222.4,2165.0
2026-06-17 11:10:00,1223.2,1224.6,1221.0,1224.3,2405.0
2026-06-17 11:15:00,1223.9,1224.6,1221.0,1222.1,2781.0
2026-06-17 11:20:00,1222.1,1225.5,1221.6,1222.7,3645.0
2026-06-17 11:25:00,1222.7,1223.1,1221.7,1222.5,912.0
2026-06-17 11:30:00,1221.5,1222.9,1221.0,1221.5,2000.0
2026-06-17 11:35:00,1220.2,1223.2,1216.5,1219.1,6611.0
2026-06-17 11:40:00,1219.0,1220.4,1218.3,1219.5,1494.0
2026-06-17 11:45:00,1219.4,1220.0,1216.2,1218.7,1001.0
2026-06-17 11:50:00,1218.7,1219.8,1214.1,1216.2,4595.0
2026-06-17 11:55:00,1216.4,1216.4,1209.5,1210.9,3570.0
2026-06-17 12:00:00,1210.0,1213.3,1210.0,1211.5,41673.0
2026-06-17 12:05:00,1210.0,1212.8,1210.0,1212.4,2615.0
2026-06-17 12:10:00,1212.1,1212.3,1209.4,1210.6,2794.0
2026-06-17 12:15:00,1210.0,1217.7,1210.0,1217.7,5037.0
2026-06-17 12:20:00,1217.9,1219.8,1216.5,1218.2,6657.0
2026-06-17 12:25:00,1218.9,1222.6,1218.5,1221.5,4638.0
2026-06-17 12:30:00,1222.1,1224.5,1222.1,1224.5,3849.0
2026-06-17 12:35:00,1224.5,1224.6,1220.1,1221.6,5538.0
2026-06-17 12:40:00,1221.3,1221.9,1218.1,1219.5,4694.0
2026-06-17 12:45:00,1219.2,1222.5,1219.2,1221.0,8195.0
2026-06-17 12:50:00,1221.3,1222.9,1220.8,1222.7,3528.0
2026-06-17 12:55:00,1222.5,1223.0,1216.0,1216.0,5906.0
2026-06-17 13:00:00,1216.4,1216.4,1210.0,1210.0,4101.0
2026-06-17 13:05:00,1210.0,1210.8,1209.5,1210.0,1187.0
2026-06-17 13:10:00,1210.0,1214.4,1210.0,1214.4,3535.0
2026-06-17 13:15:00,1214.1,1214.2,1210.0,1210.0,4896.0
2026-06-17 13:20:00,1210.6,1211.2,1210.1,1211.0,1299.0
2026-06-17 13:25:00,1211.2,1211.2,1209.4,1210.0,4085.0
2026-06-17 13:30:00,1210.0,1210.5,1210.0,1210.0,1980.0
2026-06-17 13:35:00,1210.0,1210.2,1209.1,1209.2,1496.0
2026-06-17 13:40:00,1209.2,1210.1,1209.2,1210.1,1659.0
2026-06-17 13:45:00,1210.0,1210.1,1210.0,1210.0,4642.0
2026-06-17 13:50:00,1210.0,1210.1,1209.6,1210.0,3832.0
2026-06-17 13:55:00,1210.0,1210.7,1210.0,1210.6,3814.0
2026-06-17 14:00:00,1210.6,1210.6,1210.0,1210.0,6070.0
2026-06-17 14:05:00,1210.2,1212.2,1210.1,1211.0,2434.0
2026-06-17 14:10:00,1210.9,1213.0,1210.0,1212.4,2844.0
2026-06-17 14:15:00,1212.4,1212.7,1212.2,1212.2,1542.0
2026-06-17 14:20:00,1212.2,1213.7,1211.1,1211.1,2380.0
2026-06-17 14:25:00,1211.1,1214.3,1210.3,1213.3,2909.0
2026-06-17 14:30:00,1213.8,1216.9,1213.3,1215.5,3600.0
2026-06-17 14:35:00,1216.6,1217.1,1213.3,1213.4,1932.0
2026-06-17 14:40:00,1214.6,1215.7,1214.4,1214.5,2040.0
2026-06-17 14:45:00,1214.4,1214.9,1212.3,1213.5,2879.0
2026-06-17 14:50:00,1213.6,1214.7,1211.5,1213.5,3035.0
2026-06-17 14:55:00,1212.7,1212.7,1211.2,1212.0,2926.0
2026-06-17 15:00:00,1212.3,1213.7,1210.7,1211.4,4151.0
2026-06-17 15:05:00,1211.3,1212.1,1210.0,1210.3,8524.0
2026-06-17 15:10:00,1211.0,1215.1,1210.9,1214.6,4270.0
2026-06-17 15:15:00,1215.1,1215.9,1211.8,1213.8,5639.0
2026-06-17 15:20:00,1213.8,1217.4,1213.8,1217.1,4197.0
2026-06-17 15:25:00,1217.1,1219.0,1216.0,1218.0,5333.0
2026-06-18 09:15:00,1218.6,1218.6,1200.0,1208.9,13557.0
2026-06-18 09:20:00,1208.6,1213.0,1207.0,1210.3,10975.0
2026-06-18 09:25:00,1210.5,1212.6,1207.0,1209.0,5208.0
2026-06-18 09:30:00,1208.7,1210.4,1207.2,1208.0,3596.0
2026-06-18 09:35:00,1208.4,1209.0,1204.5,1207.4,4529.0
2026-06-18 09:40:00,1207.4,1208.3,1205.9,1206.9,3848.0
2026-06-18 09:45:00,1206.9,1206.9,1204.3,1204.3,6693.0
2026-06-18 09:50:00,1204.2,1204.7,1202.0,1202.0,4799.0
2026-06-18 09:55:00,1203.4,1204.3,1202.0,1202.0,2995.0
2026-06-18 10:00:00,1202.5,1202.6,1200.2,1200.4,5024.0
2026-06-18 10:05:00,1200.4,1203.2,1200.4,1201.0,3129.0
2026-06-18 10:10:00,1201.2,1202.6,1200.5,1201.5,4155.0
2026-06-18 10:15:00,1201.0,1203.3,1198.4,1202.6,4317.0
2026-06-18 10:20:00,1204.6,1216.6,1203.6,1215.0,10829.0
2026-06-18 10:25:00,1215.0,1215.0,1210.5,1211.6,5211.0
2026-06-18 10:30:00,1211.6,1211.6,1201.0,1206.5,7248.0
2026-06-18 10:35:00,1206.5,1206.8,1201.0,1201.0,2375.0
2026-06-18 10:40:00,1201.5,1202.0,1200.2,1201.0,6510.0
2026-06-18 10:45:00,1201.4,1205.7,1201.4,1205.6,3689.0
2026-06-18 10:50:00,1205.6,1205.6,1197.2,1201.3,13478.0
2026-06-18 10:55:00,1201.2,1201.6,1199.1,1199.8,1649.0
2026-06-18 11:00:00,1200.2,1201.6,1199.2,1201.1,3210.0
2026-06-18 11:05:00,1201.1,1201.1,1200.0,1200.5,770.0
2026-06-18 11:10:00,1200.5,1201.3,1200.2,1200.8,1480.0
2026-06-18 11:15:00,1201.3,1205.2,1200.7,1203.9,4502.0
2026-06-18 11:20:00,1204.4,1205.6,1203.2,1205.4,2505.0
2026-06-18 11:25:00,1205.3,1205.5,1204.8,1204.8,1157.0
2026-06-18 11:30:00,1205.0,1205.6,1202.8,1205.1,7990.0
2026-06-18 11:35:00,1205.6,1205.9,1202.5,1205.9,4276.0
2026-06-18 11:40:00,1206.4,1206.8,1205.0,1206.5,1109.0
2026-06-18 11:45:00,1206.8,1206.8,1205.5,1205.9,1722.0
2026-06-18 11:50:00,1206.4,1206.4,1204.9,1205.3,2041.0
2026-06-18 11:55:00,1205.2,1206.2,1203.2,1206.1,2253.0
2026-06-18 12:00:00,1206.1,1206.1,1204.8,1204.8,3162.0
2026-06-18 12:05:00,1205.2,1205.2,1200.0,1200.5,3236.0
2026-06-18 12:10:00,1201.0,1203.2,1200.1,1202.0,3211.0
2026-06-18 12:15:00,1202.4,1202.4,1200.0,1200.6,2110.0
2026-06-18 12:20:00,1200.8,1200.8,1200.0,1200.1,1952.0
2026-06-18 12:25:00,1200.4,1201.8,1200.1,1201.1,1429.0
2026-06-18 12:30:00,1201.6,1203.3,1201.0,1202.0,1581.0
2026-06-18 12:35:00,1202.4,1202.4,1201.2,1202.0,1554.0
2026-06-18 12:40:00,1202.2,1202.4,1201.0,1202.0,852.0
2026-06-18 12:45:00,1202.1,1202.4,1202.0,1202.3,2185.0
2026-06-18 12:50:00,1202.3,1202.3,1200.1,1201.2,1538.0
2026-06-18 12:55:00,1201.7,1203.2,1200.1,1202.5,2393.0
2026-06-18 13:00:00,1203.0,1203.4,1202.0,1202.0,1356.0
2026-06-18 13:05:00,1202.2,1202.5,1200.3,1202.0,1278.0
2026-06-18 13:10:00,1202.1,1202.1,1201.9,1202.0,1510.0
2026-06-18 13:15:00,1202.1,1202.4,1201.4,1202.0,975.0
2026-06-18 13:20:00,1202.1,1202.3,1202.0,1202.0,1194.0
2026-06-18 13:25:00,1202.8,1205.1,1202.6,1204.3,1151.0
2026-06-18 13:30:00,1204.5,1205.7,1204.0,1204.0,2590.0
2026-06-18 13:35:00,1204.0,1204.2,1200.5,1202.0,2712.0
2026-06-18 13:40:00,1202.1,1202.5,1201.2,1201.2,2280.0
2026-06-18 13:45:00,1201.3,1201.4,1200.0,1201.1,3925.0
2026-06-18 13:50:00,1201.2,1201.8,1200.0,1201.0,2619.0
2026-06-18 13:55:00,1201.0,1201.5,1199.0,1199.0,2862.0
2026-06-18 14:00:00,1199.4,1205.0,1197.5,1202.2,10935.0
2026-06-18 14:05:00,1202.8,1206.5,1202.0,1203.1,5328.0
2026-06-18 14:10:00,1203.5,1205.0,1203.0,1205.0,2585.0
2026-06-18 14:15:00,1205.3,1206.3,1205.0,1205.1,2609.0
2026-06-18 14:20:00,1205.6,1207.8,1205.0,1206.2,3608.0
2026-06-18 14:25:00,1206.6,1206.7,1200.1,1200.1,8692.0
2026-06-18 14:30:00,1200.8,1205.1,1198.7,1205.1,14764.0
2026-06-18 14:35:00,1205.6,1206.6,1205.0,1205.4,3024.0
2026-06-18 14:40:00,1205.9,1205.9,1203.5,1205.4,3903.0
2026-06-18 14:45:00,1205.7,1206.5,1204.3,1205.3,4189.0
2026-06-18 14:50:00,1205.3,1207.0,1205.0,1205.0,5626.0
2026-06-18 14:55:00,1205.5,1205.6,1204.8,1205.6,4895.0
2026-06-18 15:00:00,1206.9,1209.3,1206.7,1208.9,5594.0
2026-06-18 15:05:00,1209.8,1209.8,1205.0,1207.2,12343.0
2026-06-18 15:10:00,1206.2,1207.3,1205.0,1205.3,6575.0
2026-06-18 15:15:00,1205.7,1206.0,1205.1,1205.3,9365.0
2026-06-18 15:20:00,1205.4,1208.4,1204.7,1206.4,13494.0
2026-06-18 15:25:00,1206.4,1209.0,1206.4,1207.7,5458.0
2026-06-19 09:15:00,1206.1,1232.0,1206.1,1208.6,17926.0
2026-06-19 09:20:00,1209.9,1224.0,1208.4,1222.7,8007.0
2026-06-19 09:25:00,1223.2,1229.8,1222.6,1227.4,11126.0
2026-06-19 09:30:00,1227.8,1228.9,1225.6,1228.9,5985.0
2026-06-19 09:35:00,1228.9,1229.0,1225.1,1229.0,4729.0
2026-06-19 09:40:00,1229.0,1238.9,1227.0,1238.0,25485.0
2026-06-19 09:45:00,1238.2,1238.7,1230.2,1235.0,27552.0
2026-06-19 09:50:00,1235.0,1235.8,1228.2,1234.4,12381.0
2026-06-19 09:55:00,1234.5,1235.6,1232.5,1234.9,7949.0
2026-06-19 10:00:00,1234.9,1234.9,1231.3,1234.0,7958.0
2026-06-19 10:05:00,1233.1,1235.8,1232.0,1235.7,7428.0
2026-06-19 10:10:00,1235.7,1236.8,1234.4,1234.5,5951.0
2026-06-19 10:15:00,1234.5,1234.5,1230.8,1230.9,6704.0
2026-06-19 10:20:00,1231.4,1233.3,1228.3,1229.5,7927.0
2026-06-19 10:25:00,1230.0,1230.0,1226.8,1227.4,3372.0
2026-06-19 10:30:00,1227.5,1229.9,1224.9,1226.0,4936.0
2026-06-19 10:35:00,1226.0,1227.9,1226.0,1226.1,1922.0
2026-06-19 10:40:00,1226.6,1227.3,1225.4,1227.0,1645.0
2026-06-19 10:45:00,1227.8,1228.0,1226.7,1227.5,5199.0
2026-06-19 10:50:00,1227.6,1228.0,1226.6,1226.6,1539.0
2026-06-19 10:55:00,1227.6,1227.6,1226.1,1227.0,674.0
2026-06-19 11:00:00,1226.9,1227.3,1226.0,1227.3,1334.0
2026-06-19 11:05:00,1227.2,1227.4,1226.3,1227.0,513.0
2026-06-19 11:10:00,1227.0,1230.4,1226.7,1230.4,4197.0
2026-06-19 11:15:00,1230.4,1231.1,1227.0,1228.8,2444.0
2026-06-19 11:20:00,1228.8,1228.9,1227.1,1228.7,851.0
2026-06-19 11:25:00,1228.7,1229.3,1228.0,1229.3,858.0
2026-06-19 11:30:00,1229.3,1234.0,1229.3,1233.0,5676.0
2026-06-19 11:35:00,1232.8,1233.0,1231.3,1231.3,1646.0
2026-06-19 11:40:00,1231.8,1232.9,1230.6,1232.8,1823.0
2026-06-19 11:45:00,1232.8,1232.8,1230.9,1231.6,1045.0
2026-06-19 11:50:00,1231.6,1233.2,1228.9,1228.9,4474.0
2026-06-19 11:55:00,1228.6,1229.6,1227.1,1229.3,2296.0
2026-06-19 12:00:00,1229.1,1230.0,1228.1,1230.0,1429.0
2026-06-19 12:05:00,1230.0,1230.0,1227.2,1228.0,1872.0
2026-06-19 12:10:00,1228.1,1228.1,1223.0,1224.3,4752.0
2026-06-19 12:15:00,1224.3,1226.7,1222.8,1225.9,2127.0
2026-06-19 12:20:00,1226.7,1226.7,1225.9,1225.9,546.0
2026-06-19 12:25:00,1226.4,1226.4,1224.4,1225.1,740.0
2026-06-19 12:30:00,1225.0,1227.8,1222.5,1227.0,4800.0
2026-06-19 12:35:00,1227.8,1230.3,1225.4,1228.1,7873.0
2026-06-19 12:40:00,1228.4,1229.1,1224.9,1224.9,3780.0
2026-06-19 12:45:00,1226.5,1227.9,1224.8,1226.5,1912.0
2026-06-19 12:50:00,1226.5,1228.0,1225.0,1226.0,4112.0
2026-06-19 12:55:00,1226.2,1227.0,1224.9,1224.9,3701.0
2026-06-19 13:00:00,1224.9,1227.0,1224.1,1226.4,5143.0
2026-06-19 13:05:00,1226.4,1226.4,1223.8,1223.9,6196.0
2026-06-19 13:10:00,1224.7,1225.0,1223.8,1224.2,1358.0
2026-06-19 13:15:00,1225.0,1225.0,1223.8,1223.8,796.0
2026-06-19 13:20:00,1224.7,1225.0,1223.5,1224.8,1475.0
2026-06-19 13:25:00,1224.5,1225.0,1223.5,1224.4,6745.0
2026-06-19 13:30:00,1223.0,1224.4,1218.0,1218.5,7941.0
2026-06-19 13:35:00,1218.5,1222.8,1218.4,1221.6,9387.0
2026-06-19 13:40:00,1221.6,1221.6,1214.4,1216.2,13782.0
2026-06-19 13:45:00,1216.1,1216.1,1213.9,1215.0,8132.0
2026-06-19 13:50:00,1215.0,1215.0,1213.8,1214.0,4419.0
2026-06-19 13:55:00,1213.5,1215.0,1210.6,1214.3,13785.0
2026-06-19 14:00:00,1213.5,1214.4,1212.2,1213.0,3850.0
2026-06-19 14:05:00,1212.2,1213.0,1212.0,1212.7,3124.0
2026-06-19 14:10:00,1212.7,1215.0,1212.5,1214.8,3792.0
2026-06-19 14:15:00,1214.8,1214.8,1212.6,1212.9,6114.0
2026-06-19 14:20:00,1212.9,1213.5,1211.1,1212.3,7821.0
2026-06-19 14:25:00,1212.8,1212.9,1211.9,1211.9,2724.0
2026-06-19 14:30:00,1212.6,1213.5,1211.9,1213.5,6730.0
2026-06-19 14:35:00,1213.5,1213.5,1212.4,1212.9,3551.0
2026-06-19 14:40:00,1212.9,1212.9,1212.3,1212.7,3718.0
2026-06-19 14:45:00,1212.8,1212.8,1211.3,1211.9,4647.0
2026-06-19 14:50:00,1211.9,1211.9,1209.2,1210.9,7890.0
2026-06-19 14:55:00,1210.9,1210.9,1208.1,1209.3,5007.0
2026-06-19 15:00:00,1209.4,1215.0,1207.0,1213.8,18918.0
2026-06-19 15:05:00,1216.0,1219.8,1216.0,1217.7,13800.0
2026-06-19 15:10:00,1218.2,1219.0,1215.8,1217.5,12355.0
2026-06-19 15:15:00,1217.5,1220.7,1216.0,1216.9,14431.0
2026-06-19 15:20:00,1218.4,1219.4,1214.8,1217.2,15787.0
2026-06-19 15:25:00,1218.4,1219.4,1212.0,1214.7,13673.0
2026-06-22 09:15:00,1222.0,1222.0,1195.0,1197.8,46549.0
2026-06-22 09:20:00,1198.0,1202.5,1196.0,1197.9,29166.0
2026-06-22 09:25:00,1196.7,1198.1,1191.5,1194.8,14845.0
2026-06-22 09:30:00,1194.0,1196.6,1192.0,1192.6,5943.0
2026-06-22 09:35:00,1192.5,1194.8,1192.0,1194.0,6924.0
2026-06-22 09:40:00,1194.0,1195.5,1193.5,1194.0,5799.0
2026-06-22 09:45:00,1194.8,1196.7,1194.8,1195.6,2269.0
2026-06-22 09:50:00,1196.0,1197.5,1195.0,1195.5,2984.0
2026-06-22 09:55:00,1197.0,1197.0,1195.0,1196.7,5465.0
2026-06-22 10:00:00,1195.4,1196.0,1193.7,1195.0,4677.0
2026-06-22 10:05:00,1195.9,1196.1,1193.7,1194.5,2712.0
2026-06-22 10:10:00,1194.1,1195.3,1193.7,1194.6,1654.0
2026-06-22 10:15:00,1195.2,1195.8,1194.5,1194.5,1390.0
2026-06-22 10:20:00,1194.5,1200.9,1194.5,1200.1,14454.0
2026-06-22 10:25:00,1200.1,1202.0,1196.2,1199.4,14124.0
2026-06-22 10:30:00,1200.1,1201.1,1199.0,1201.1,1856.0
2026-06-22 10:35:00,1200.6,1200.9,1199.0,1199.1,8224.0
2026-06-22 10:40:00,1199.2,1199.4,1197.6,1198.4,2157.0
2026-06-22 10:45:00,1195.0,1198.4,1195.0,1197.1,3777.0
2026-06-22 10:50:00,1197.8,1198.2,1196.4,1197.4,1037.0
2026-06-22 10:55:00,1197.3,1199.5,1197.1,1198.1,1075.0
2026-06-22 11:00:00,1197.4,1199.0,1197.1,1198.7,1627.0
2026-06-22 11:05:00,1198.1,1199.0,1197.4,1198.5,1415.0
2026-06-22 11:10:00,1198.2,1200.0,1198.2,1198.2,2449.0
2026-06-22 11:15:00,1198.2,1201.0,1198.1,1199.8,2051.0
2026-06-22 11:20:00,1200.0,1202.0,1200.0,1200.7,11356.0
2026-06-22 11:25:00,1200.7,1202.0,1200.1,1200.1,1298.0
2026-06-22 11:30:00,1200.1,1201.2,1200.0,1200.2,978.0
2026-06-22 11:35:00,1200.2,1201.1,1200.0,1200.6,813.0
2026-06-22 11:40:00,1200.7,1200.7,1196.1,1196.1,29445.0
2026-06-22 11:45:00,1197.0,1198.5,1197.0,1198.0,1018.0
2026-06-22 11:50:00,1197.4,1198.0,1197.4,1197.8,1889.0
2026-06-22 11:55:00,1197.3,1199.5,1197.3,1198.3,2040.0
2026-06-22 12:00:00,1198.2,1199.1,1197.4,1197.8,758.0
2026-06-22 12:05:00,1197.4,1198.4,1197.3,1198.0,828.0
2026-06-22 12:10:00,1198.0,1198.7,1197.3,1197.3,2900.0
2026-06-22 12:15:00,1197.3,1198.4,1197.3,1197.3,989.0
2026-06-22 12:20:00,1197.4,1199.0,1197.3,1199.0,700.0
2026-06-22 12:25:00,1198.0,1198.8,1197.3,1198.8,1247.0
2026-06-22 12:30:00,1198.7,1198.7,1197.3,1197.4,540.0
2026-06-22 12:35:00,1197.5,1198.0,1197.3,1198.0,502.0
2026-06-22 12:40:00,1198.4,1199.0,1198.0,1198.0,718.0
2026-06-22 12:45:00,1198.0,1198.9,1197.4,1198.3,1304.0
2026-06-22 12:50:00,1198.2,1199.5,1197.8,1198.2,2005.0
2026-06-22 12:55:00,1197.8,1198.9,1197.8,1198.0,1208.0
2026-06-22 13:00:00,1198.6,1198.6,1197.8,1197.9,1048.0
2026-06-22 13:05:00,1197.8,1198.5,1197.8,1197.8,1626.0
2026-06-22 13:10:00,1197.8,1198.4,1197.8,1197.8,2024.0
2026-06-22 13:15:00,1197.8,1198.1,1197.8,1197.8,671.0
2026-06-22 13:20:00,1197.8,1198.0,1197.5,1197.5,1343.0
2026-06-22 13:25:00,1197.5,1197.8,1196.0,1196.0,3805.0
2026-06-22 13:30:00,1196.1,1196.9,1196.0,1196.1,1357.0
2026-06-22 13:35:00,1196.0,1196.4,1196.0,1196.0,1307.0
2026-06-22 13:40:00,1196.0,1198.2,1196.0,1197.7,3443.0
2026-06-22 13:45:00,1197.7,1198.8,1197.5,1197.6,1665.0
2026-06-22 13:50:00,1197.6,1198.3,1197.5,1197.5,2634.0
2026-06-22 13:55:00,1198.0,1205.0,1196.5,1204.4,58413.0
2026-06-22 14:00:00,1205.6,1207.4,1203.0,1203.1,5358.0
2026-06-22 14:05:00,1202.8,1205.1,1200.7,1201.3,9652.0
2026-06-22 14:10:00,1200.7,1201.7,1199.5,1199.6,4529.0
2026-06-22 14:15:00,1200.8,1201.4,1200.0,1201.1,1342.0
2026-06-22 14:20:00,1201.1,1201.3,1200.2,1200.8,1411.0
2026-06-22 14:25:00,1200.3,1202.0,1200.3,1201.5,1917.0
2026-06-22 14:30:00,1201.6,1202.7,1201.4,1202.7,7568.0
2026-06-22 14:35:00,1202.3,1202.7,1201.0,1201.7,1760.0
2026-06-22 14:40:00,1201.5,1204.2,1201.2,1202.2,7323.0
2026-06-22 14:45:00,1202.7,1202.7,1201.5,1202.3,1679.0
2026-06-22 14:50:00,1202.2,1203.6,1201.7,1202.5,2808.0
2026-06-22 14:55:00,1202.5,1203.4,1199.3,1200.8,7824.0
2026-06-22 15:00:00,1200.8,1204.0,1200.5,1204.0,17847.0
2026-06-22 15:05:00,1202.7,1204.1,1201.1,1201.8,6246.0
2026-06-22 15:10:00,1201.9,1204.5,1201.4,1203.4,44238.0
2026-06-22 15:15:00,1203.3,1204.0,1201.3,1202.8,8708.0
2026-06-22 15:20:00,1202.2,1202.8,1199.8,1202.5,31855.0
2026-06-22 15:25:00,1202.4,1204.9,1202.0,1204.9,9632.0
2026-06-23 09:15:00,1212.3,1235.9,1202.0,1235.5,57711.0
2026-06-23 09:20:00,1235.0,1239.0,1231.5,1232.5,34790.0
2026-06-23 09:25:00,1232.7,1240.0,1232.3,1239.9,28180.0
2026-06-23 09:30:00,1239.5,1243.4,1235.2,1239.6,37416.0
2026-06-23 09:35:00,1239.8,1246.0,1237.0,1238.0,40910.0
2026-06-23 09:40:00,1237.5,1239.9,1234.0,1235.0,23161.0
2026-06-23 09:45:00,1234.2,1236.0,1232.4,1233.2,12918.0
2026-06-23 09:50:00,1233.0,1235.3,1231.5,1234.1,21687.0
2026-06-23 09:55:00,1233.6,1238.1,1232.2,1236.0,10759.0
2026-06-23 10:00:00,1235.6,1237.0,1234.3,1235.7,7729.0
2026-06-23 10:05:00,1235.2,1236.9,1233.2,1236.6,6015.0
2026-06-23 10:10:00,1236.1,1237.5,1234.0,1237.0,6108.0
2026-06-23 10:15:00,1236.5,1238.8,1226.9,1238.0,45522.0
2026-06-23 10:20:00,1237.5,1242.0,1236.5,1241.5,11269.0
2026-06-23 10:25:00,1241.0,1248.8,1241.0,1246.2,33005.0
2026-06-23 10:30:00,1245.8,1247.4,1244.7,1246.9,11264.0
2026-06-23 10:35:00,1246.4,1248.6,1242.9,1245.0,11130.0
2026-06-23 10:40:00,1244.5,1247.2,1244.1,1245.5,5385.0
2026-06-23 10:45:00,1245.0,1247.3,1244.0,1246.5,6278.0
2026-06-23 10:50:00,1245.7,1249.0,1245.7,1248.6,16236.0
2026-06-23 10:55:00,1247.9,1248.7,1244.2,1246.1,8454.0
2026-06-23 11:00:00,1245.6,1246.2,1244.0,1246.0,4933.0
2026-06-23 11:05:00,1245.5,1245.8,1242.6,1244.1,6544.0
2026-06-23 11:10:00,1243.6,1245.0,1242.6,1244.6,8014.0
2026-06-23 11:15:00,1244.7,1245.4,1234.7,1238.5,21303.0
2026-06-23 11:20:00,1238.0,1238.5,1235.6,1236.5,9222.0
2026-06-23 11:25:00,1236.8,1237.2,1233.2,1236.1,7206.0
2026-06-23 11:30:00,1236.0,1239.6,1236.0,1239.5,3955.0
2026-06-23 11:35:00,1239.0,1240.0,1235.7,1236.9,7078.0
2026-06-23 11:40:00,1236.4,1236.4,1232.4,1234.2,5961.0
2026-06-23 11:45:00,1233.9,1237.0,1233.9,1234.9,5710.0
2026-06-23 11:50:00,1234.4,1235.8,1233.3,1233.3,2903.0
2026-06-23 11:55:00,1233.1,1233.3,1229.2,1230.8,7194.0
2026-06-23 12:00:00,1230.3,1230.3,1223.0,1225.8,19302.0
2026-06-23 12:05:00,1225.3,1226.5,1224.0,1225.2,4145.0
2026-06-23 12:10:00,1224.8,1227.5,1220.1,1220.7,5942.0
2026-06-23 12:15:00,1221.4,1222.1,1220.4,1221.5,19655.0
2026-06-23 12:20:00,1221.1,1221.9,1216.6,1218.0,10878.0
2026-06-23 12:25:00,1217.5,1221.2,1217.5,1220.2,2280.0
2026-06-23 12:30:00,1219.8,1220.8,1219.1,1220.3,2094.0
2026-06-23 12:35:00,1220.2,1222.8,1220.1,1221.4,4894.0
2026-06-23 12:40:00,1221.2,1222.3,1219.1,1220.5,3159.0
2026-06-23 12:45:00,1220.1,1222.0,1215.6,1215.7,6330.0
2026-06-23 12:50:00,1216.1,1217.2,1215.3,1216.8,2026.0
2026-06-23 12:55:00,1216.3,1218.5,1216.2,1217.1,1873.0
2026-06-23 13:00:00,1216.9,1217.4,1211.1,1214.0,10314.0
2026-06-23 13:05:00,1213.5,1214.0,1209.5,1210.8,10348.0
2026-06-23 13:10:00,1210.3,1211.0,1209.6,1209.7,2478.0
2026-06-23 13:15:00,1209.7,1210.0,1206.4,1206.4,5139.0
2026-06-23 13:20:00,1206.0,1207.1,1204.1,1205.0,7882.0
2026-06-23 13:25:00,1204.5,1205.8,1202.9,1204.7,4076.0
2026-06-23 13:30:00,1204.2,1204.8,1202.0,1202.0,5190.0
2026-06-23 13:35:00,1201.5,1201.5,1198.0,1198.9,6851.0
2026-06-23 13:40:00,1198.4,1209.6,1198.4,1209.4,9047.0
2026-06-23 13:45:00,1208.9,1209.8,1206.0,1209.8,3390.0
2026-06-23 13:50:00,1209.3,1209.4,1205.0,1206.2,6003.0
2026-06-23 13:55:00,1206.0,1208.0,1203.9,1203.9,14315.0
2026-06-23 14:00:00,1203.4,1207.1,1203.0,1205.6,13500.0
2026-06-23 14:05:00,1205.2,1208.3,1205.2,1208.2,3674.0
2026-06-23 14:10:00,1207.7,1210.5,1207.2,1208.5,5354.0
2026-06-23 14:15:00,1208.0,1218.7,1208.0,1216.1,9286.0
2026-06-23 14:20:00,1215.6,1215.6,1212.7,1213.7,3300.0
2026-06-23 14:25:00,1213.2,1215.5,1213.2,1213.9,2674.0
2026-06-23 14:30:00,1213.9,1214.9,1213.2,1214.8,2201.0
2026-06-23 14:35:00,1214.3,1214.6,1212.4,1213.9,1550.0
2026-06-23 14:40:00,1213.8,1217.0,1212.6,1217.0,26909.0
2026-06-23 14:45:00,1217.0,1222.8,1216.4,1219.5,31368.0
2026-06-23 14:50:00,1220.0,1221.7,1219.2,1219.8,16522.0
2026-06-23 14:55:00,1219.2,1220.9,1218.5,1219.5,14193.0
2026-06-23 15:00:00,1218.9,1219.8,1212.9,1215.8,22080.0
2026-06-23 15:05:00,1215.3,1220.0,1214.2,1218.8,22089.0
2026-06-23 15:10:00,1219.0,1220.0,1217.2,1219.3,19188.0
2026-06-23 15:15:00,1218.1,1219.9,1216.2,1218.5,26561.0
2026-06-23 15:20:00,1218.2,1219.4,1215.1,1217.7,21444.0
2026-06-23 15:25:00,1216.7,1218.1,1210.0,1217.0,22735.0
2026-06-24 09:15:00,1226.0,1228.8,1212.7,1221.8,10775.0
2026-06-24 09:20:00,1220.0,1222.7,1218.3,1219.1,5728.0
2026-06-24 09:25:00,1218.9,1222.6,1215.3,1219.0,5381.0
2026-06-24 09:30:00,1219.0,1219.0,1216.2,1217.2,2394.0
2026-06-24 09:35:00,1218.0,1229.3,1216.2,1227.9,5498.0
2026-06-24 09:40:00,1227.2,1228.1,1221.6,1222.0,2612.0
2026-06-24 09:45:00,1222.5,1222.5,1218.0,1220.6,4313.0
2026-06-24 09:50:00,1219.3,1219.3,1215.0,1216.4,6985.0
2026-06-24 09:55:00,1215.9,1217.0,1207.1,1210.5,5175.0
2026-06-24 10:00:00,1209.6,1215.8,1209.1,1214.6,3467.0
2026-06-24 10:05:00,1215.7,1218.9,1212.8,1217.5,2648.0
2026-06-24 10:10:00,1216.5,1218.0,1215.0,1215.3,1673.0
2026-06-24 10:15:00,1215.2,1218.4,1212.9,1212.9,11733.0
2026-06-24 10:20:00,1212.7,1220.0,1209.4,1219.3,16370.0
2026-06-24 10:25:00,1219.3,1221.7,1218.0,1218.8,1423.0
2026-06-24 10:30:00,1218.4,1219.9,1217.2,1217.8,1305.0
2026-06-24 10:35:00,1218.9,1221.1,1216.1,1219.4,3832.0
2026-06-24 10:40:00,1219.2,1220.9,1217.3,1220.8,1555.0
2026-06-24 10:45:00,1220.8,1220.8,1218.9,1218.9,1199.0
2026-06-24 10:50:00,1219.1,1221.9,1218.2,1220.1,2731.0
2026-06-24 10:55:00,1221.0,1223.0,1220.2,1221.2,2398.0
2026-06-24 11:00:00,1219.7,1220.2,1218.1,1219.5,1036.0
2026-06-24 11:05:00,1220.7,1220.7,1219.0,1219.7,501.0
2026-06-24 11:10:00,1218.7,1221.0,1218.0,1219.7,1505.0
2026-06-24 11:15:00,1219.7,1221.7,1218.9,1219.0,1464.0
2026-06-24 11:20:00,1219.8,1219.8,1213.9,1214.0,10809.0
2026-06-24 11:25:00,1213.9,1214.0,1211.5,1211.5,4163.0
2026-06-24 11:30:00,1211.5,1215.6,1210.0,1210.0,10014.0
2026-06-24 11:35:00,1211.2,1214.0,1209.4,1213.8,14704.0
2026-06-24 11:40:00,1214.0,1216.7,1213.8,1216.0,1159.0
2026-06-24 11:45:00,1216.0,1216.0,1212.0,1215.0,1550.0
2026-06-24 11:50:00,1215.8,1216.7,1214.6,1215.4,1101.0
2026-06-24 11:55:00,1216.5,1219.5,1213.1,1213.1,14184.0
2026-06-24 12:00:00,1213.1,1213.5,1204.9,1205.1,10587.0
2026-06-24 12:05:00,1205.1,1206.0,1202.2,1205.9,4173.0
2026-06-24 12:10:00,1205.0,1205.2,1201.0,1203.5,6005.0
2026-06-24 12:15:00,1204.8,1207.8,1203.1,1206.1,3353.0
2026-06-24 12:20:00,1205.4,1206.3,1204.2,1205.4,1149.0
2026-06-24 12:25:00,1204.8,1205.0,1203.0,1203.6,1324.0
2026-06-24 12:30:00,1204.1,1204.1,1202.9,1203.2,921.0
2026-06-24 12:35:00,1203.2,1205.6,1202.0,1204.6,5225.0
2026-06-24 12:40:00,1204.6,1208.8,1203.4,1208.8,2268.0
2026-06-24 12:45:00,1207.7,1208.7,1205.5,1207.8,5186.0
2026-06-24 12:50:00,1206.7,1210.0,1206.7,1209.0,2246.0
2026-06-24 12:55:00,1209.0,1209.1,1207.2,1208.2,1777.0
2026-06-24 13:00:00,1207.3,1208.2,1207.0,1208.2,2013.0
2026-06-24 13:05:00,1208.2,1209.8,1207.5,1209.5,1152.0
2026-06-24 13:10:00,1209.4,1210.3,1208.8,1209.3,3132.0
2026-06-24 13:15:00,1211.0,1213.3,1210.5,1213.0,5443.0
2026-06-24 13:20:00,1212.9,1213.9,1211.6,1211.6,2676.0
2026-06-24 13:25:00,1211.5,1211.5,1209.4,1211.0,1006.0
2026-06-24 13:30:00,1210.9,1210.9,1208.3,1209.1,419.0
2026-06-24 13:35:00,1209.1,1210.9,1208.4,1208.5,1127.0
2026-06-24 13:40:00,1208.5,1209.0,1206.8,1208.0,796.0
2026-06-24 13:45:00,1207.9,1211.0,1207.3,1209.0,990.0
2026-06-24 13:50:00,1209.8,1210.8,1208.3,1209.2,1246.0
2026-06-24 13:55:00,1207.8,1210.3,1203.1,1204.4,5335.0
2026-06-24 14:00:00,1204.9,1206.1,1204.3,1205.3,1991.0
2026-06-24 14:05:00,1205.3,1205.3,1203.0,1203.3,2424.0
2026-06-24 14:10:00,1203.3,1206.3,1203.3,1205.7,4259.0
2026-06-24 14:15:00,1205.0,1205.5,1202.8,1205.0,11326.0
2026-06-24 14:20:00,1205.0,1206.0,1202.7,1204.2,14501.0
2026-06-24 14:25:00,1204.2,1206.0,1203.6,1203.6,1552.0
2026-06-24 14:30:00,1203.6,1204.7,1203.0,1204.0,1444.0
2026-06-24 14:35:00,1204.0,1204.9,1202.7,1204.6,2097.0
2026-06-24 14:40:00,1203.8,1205.6,1203.2,1203.2,1155.0
2026-06-24 14:45:00,1204.0,1204.9,1203.3,1204.1,1669.0
2026-06-24 14:50:00,1204.0,1204.7,1202.4,1203.4,1951.0
2026-06-24 14:55:00,1202.7,1203.6,1201.7,1202.1,5999.0
2026-06-24 15:00:00,1201.9,1203.9,1201.2,1203.0,4908.0
2026-06-24 15:05:00,1203.4,1204.7,1201.5,1203.6,10049.0
2026-06-24 15:10:00,1203.6,1208.2,1203.0,1208.2,7008.0
2026-06-24 15:15:00,1207.8,1209.5,1206.1,1208.2,6748.0
2026-06-24 15:20:00,1208.2,1208.4,1203.6,1204.5,9017.0
2026-06-24 15:25:00,1205.1,1210.0,1203.7,1204.0,6826.0
2026-06-25 09:15:00,1215.0,1215.0,1186.6,1188.1,41100.0
2026-06-25 09:20:00,1188.4,1193.0,1185.2,1190.0,24433.0
2026-06-25 09:25:00,1190.4,1192.5,1188.1,1189.9,17244.0
2026-06-25 09:30:00,1190.0,1193.0,1188.5,1191.2,6544.0
2026-06-25 09:35:00,1191.2,1192.0,1188.6,1191.9,4278.0
2026-06-25 09:40:00,1191.9,1191.9,1190.3,1190.3,3090.0
2026-06-25 09:45:00,1191.4,1197.8,1191.4,1196.9,5218.0
2026-06-25 09:50:00,1196.8,1199.9,1195.7,1197.5,3841.0
2026-06-25 09:55:00,1198.0,1198.1,1195.8,1197.4,8242.0
2026-06-25 10:00:00,1197.5,1206.5,1197.5,1206.5,9361.0
2026-06-25 10:05:00,1206.6,1207.3,1205.5,1205.5,1776.0
2026-06-25 10:10:00,1206.2,1206.3,1202.5,1204.8,5668.0
2026-06-25 10:15:00,1204.8,1207.2,1203.4,1207.2,2941.0
2026-06-25 10:20:00,1207.2,1207.5,1205.4,1205.4,3351.0
2026-06-25 10:25:00,1205.0,1207.4,1204.4,1207.0,3046.0
2026-06-25 10:30:00,1207.4,1213.9,1207.0,1211.7,6374.0
2026-06-25 10:35:00,1212.3,1213.9,1211.7,1212.2,1638.0
2026-06-25 10:40:00,1212.7,1212.7,1210.5,1212.3,2603.0
2026-06-25 10:45:00,1212.3,1217.0,1212.2,1215.9,24276.0
2026-06-25 10:50:00,1216.0,1222.0,1214.5,1221.8,13026.0
2026-06-25 10:55:00,1221.1,1222.0,1219.9,1221.6,3814.0
2026-06-25 11:00:00,1221.6,1221.9,1219.6,1221.9,2619.0
2026-06-25 11:05:00,1221.9,1221.9,1219.7,1220.0,4457.0
2026-06-25 11:10:00,1219.7,1221.0,1217.0,1219.0,9799.0
2026-06-25 11:15:00,1219.2,1221.9,1219.2,1221.9,5420.0
2026-06-25 11:20:00,1221.9,1224.7,1220.0,1223.2,4457.0
2026-06-25 11:25:00,1224.0,1224.0,1222.5,1222.6,1108.0
2026-06-25 11:30:00,1223.1,1223.1,1221.0,1221.2,547.0
2026-06-25 11:35:00,1221.8,1224.9,1220.1,1224.5,3532.0
2026-06-25 11:40:00,1224.5,1224.5,1221.8,1222.5,952.0
2026-06-25 11:45:00,1222.0,1222.7,1220.5,1220.8,2718.0
2026-06-25 11:50:00,1220.9,1223.4,1220.9,1223.0,1475.0
2026-06-25 11:55:00,1223.1,1223.1,1221.1,1222.0,1449.0
2026-06-25 12:00:00,1222.1,1222.2,1221.5,1221.9,1081.0
2026-06-25 12:05:00,1222.0,1222.6,1221.5,1222.4,1872.0
2026-06-25 12:10:00,1222.4,1223.0,1220.0,1221.3,2673.0
2026-06-25 12:15:00,1221.6,1222.6,1220.7,1221.5,1551.0
2026-06-25 12:20:00,1221.6,1222.0,1221.3,1222.0,908.0
2026-06-25 12:25:00,1222.0,1222.9,1221.0,1222.9,1551.0
2026-06-25 12:30:00,1223.1,1224.9,1221.7,1223.1,1946.0
2026-06-25 12:35:00,1223.2,1223.8,1222.0,1222.0,964.0
2026-06-25 12:40:00,1222.2,1223.2,1221.3,1221.6,1704.0
2026-06-25 12:45:00,1221.6,1223.4,1221.1,1222.5,1670.0
2026-06-25 12:50:00,1222.5,1222.5,1221.0,1221.1,1684.0
2026-06-25 12:55:00,1221.5,1222.6,1221.0,1222.1,1532.0
2026-06-25 13:00:00,1222.0,1222.0,1218.7,1219.9,5748.0
2026-06-25 13:05:00,1220.5,1221.0,1217.6,1218.4,3802.0
2026-06-25 13:10:00,1218.4,1218.4,1215.0,1216.9,6103.0
2026-06-25 13:15:00,1216.9,1218.9,1216.6,1218.4,2333.0
2026-06-25 13:20:00,1218.4,1219.0,1217.2,1217.9,991.0
2026-06-25 13:25:00,1218.0,1219.8,1216.8,1218.3,2234.0
2026-06-25 13:30:00,1217.9,1218.2,1215.0,1215.0,2004.0
2026-06-25 13:35:00,1215.3,1216.8,1210.2,1211.2,35874.0
2026-06-25 13:40:00,1211.2,1217.7,1210.6,1217.1,65899.0
2026-06-25 13:45:00,1217.1,1219.1,1216.0,1216.4,1717.0
2026-06-25 13:50:00,1216.8,1220.7,1215.4,1220.5,10228.0
2026-06-25 13:55:00,1220.5,1221.7,1219.4,1221.0,1793.0
2026-06-25 14:00:00,1221.4,1222.2,1220.2,1220.2,5721.0
2026-06-25 14:05:00,1220.5,1221.8,1218.9,1219.0,2214.0
2026-06-25 14:10:00,1219.4,1219.8,1218.1,1219.2,1471.0
2026-06-25 14:15:00,1219.3,1219.8,1215.0,1215.1,3473.0
2026-06-25 14:20:00,1215.9,1217.7,1213.5,1213.6,21740.0
2026-06-25 14:25:00,1214.1,1216.0,1211.8,1215.6,8421.0
2026-06-25 14:30:00,1215.7,1217.3,1215.3,1216.0,2547.0
2026-06-25 14:35:00,1216.1,1223.8,1215.1,1223.4,72935.0
2026-06-25 14:40:00,1223.2,1223.2,1217.3,1217.7,7311.0
2026-06-25 14:45:00,1217.7,1220.3,1217.7,1220.3,3704.0
2026-06-25 14:50:00,1220.3,1221.3,1220.0,1220.8,813.0
2026-06-25 14:55:00,1220.9,1221.3,1217.2,1221.1,4530.0
2026-06-25 15:00:00,1221.6,1221.9,1215.9,1221.1,14890.0
2026-06-25 15:05:00,1221.6,1223.4,1220.2,1220.6,6023.0
2026-06-25 15:10:00,1220.4,1221.6,1219.7,1220.5,6212.0
2026-06-25 15:15:00,1220.5,1222.0,1220.0,1221.6,7493.0
2026-06-25 15:20:00,1221.2,1223.0,1220.3,1222.6,11144.0
2026-06-25 15:25:00,1222.5,1228.0,1218.1,1218.1,14133.0
2026-06-29 09:15:00,1223.0,1231.0,1211.0,1226.9,13568.0
2026-06-29 09:20:00,1226.8,1228.8,1220.4,1224.0,8808.0
2026-06-29 09:25:00,1224.8,1228.7,1224.0,1228.7,3108.0
2026-06-29 09:30:00,1228.0,1234.4,1222.1,1229.2,11940.0
2026-06-29 09:35:00,1228.3,1237.2,1228.3,1237.0,7285.0
2026-06-29 09:40:00,1237.5,1242.4,1236.1,1242.3,20332.0
2026-06-29 09:45:00,1242.6,1245.9,1239.1,1239.6,21452.0
2026-06-29 09:50:00,1239.9,1243.9,1239.3,1241.2,12166.0
2026-06-29 09:55:00,1241.7,1241.8,1238.0,1239.6,4120.0
2026-06-29 10:00:00,1239.6,1243.3,1238.5,1241.6,8160.0
2026-06-29 10:05:00,1241.0,1243.8,1238.2,1240.6,8669.0
2026-06-29 10:10:00,1240.0,1242.0,1235.8,1236.3,11821.0
2026-06-29 10:15:00,1236.1,1239.1,1235.8,1236.9,7550.0
2026-06-29 10:20:00,1236.9,1237.3,1232.1,1236.0,5533.0
2026-06-29 10:25:00,1236.5,1236.5,1232.0,1234.7,10839.0
2026-06-29 10:30:00,1234.7,1236.5,1234.3,1236.5,3001.0
2026-06-29 10:35:00,1236.5,1237.6,1236.0,1236.6,4179.0
2026-06-29 10:40:00,1237.0,1238.6,1236.1,1238.1,2910.0
2026-06-29 10:45:00,1238.7,1240.0,1236.3,1238.5,6912.0
2026-06-29 10:50:00,1238.3,1239.9,1234.8,1237.0,10408.0
2026-06-29 10:55:00,1236.2,1237.4,1230.3,1235.1,31282.0
2026-06-29 11:00:00,1237.0,1237.0,1232.9,1232.9,26039.0
2026-06-29 11:05:00,1233.4,1233.6,1231.4,1232.8,2705.0
2026-06-29 11:10:00,1233.1,1233.1,1228.1,1230.0,3987.0
2026-06-29 11:15:00,1230.6,1237.0,1227.2,1236.4,5678.0
2026-06-29 11:20:00,1237.0,1238.4,1233.7,1236.7,16282.0
2026-06-29 11:25:00,1237.0,1237.2,1235.4,1237.0,4717.0
2026-06-29 11:30:00,1236.9,1243.5,1235.9,1240.9,19749.0
2026-06-29 11:35:00,1240.8,1244.8,1240.1,1242.6,23961.0
2026-06-29 11:40:00,1242.9,1245.5,1241.7,1244.5,8037.0
2026-06-29 11:45:00,1245.3,1245.6,1244.0,1245.4,4778.0
2026-06-29 11:50:00,1245.5,1245.5,1242.4,1242.4,5702.0
2026-06-29 11:55:00,1243.3,1243.3,1235.6,1236.6,5724.0
2026-06-29 12:00:00,1236.6,1236.6,1231.0,1232.9,11703.0
2026-06-29 12:05:00,1232.8,1234.9,1226.5,1228.3,17061.0
2026-06-29 12:10:00,1228.2,1232.6,1228.1,1232.2,6934.0
2026-06-29 12:15:00,1232.2,1236.0,1231.0,1233.6,9744.0
2026-06-29 12:20:00,1233.7,1235.1,1230.8,1231.7,4687.0
2026-06-29 12:25:00,1231.8,1238.0,1231.3,1237.9,7669.0
2026-06-29 12:30:00,1238.0,1239.0,1237.0,1239.0,3649.0
2026-06-29 12:35:00,1239.7,1242.0,1238.7,1241.2,3698.0
2026-06-29 12:40:00,1240.0,1242.5,1240.0,1242.0,3015.0
2026-06-29 12:45:00,1241.2,1243.0,1241.2,1242.9,3593.0
2026-06-29 12:50:00,1242.9,1243.5,1240.1,1241.6,31696.0
2026-06-29 12:55:00,1242.1,1244.9,1240.8,1242.0,4214.0
2026-06-29 13:00:00,1243.4,1243.5,1241.1,1242.3,3341.0
2026-06-29 13:05:00,1242.1,1243.0,1241.6,1242.6,3251.0
2026-06-29 13:10:00,1242.8,1243.0,1241.6,1243.0,3011.0
2026-06-29 13:15:00,1243.0,1244.4,1241.4,1242.4,5943.0
2026-06-29 13:20:00,1242.4,1244.2,1242.4,1243.8,4055.0
2026-06-29 13:25:00,1244.0,1244.4,1242.4,1243.9,3590.0
2026-06-29 13:30:00,1243.9,1245.6,1243.2,1245.3,19671.0
2026-06-29 13:35:00,1245.5,1246.0,1245.1,1245.8,8786.0
2026-06-29 13:40:00,1245.8,1248.0,1245.0,1245.4,23145.0
2026-06-29 13:45:00,1245.7,1249.0,1245.0,1246.9,28595.0
2026-06-29 13:50:00,1246.7,1258.9,1245.6,1256.0,62864.0
2026-06-29 13:55:00,1256.5,1259.0,1255.6,1257.3,19316.0
2026-06-29 14:00:00,1257.8,1260.0,1255.2,1257.6,37452.0
2026-06-29 14:05:00,1257.5,1259.9,1256.4,1259.3,6097.0
2026-06-29 14:10:00,1258.0,1259.9,1258.0,1259.0,13059.0
2026-06-29 14:15:00,1258.8,1259.0,1256.2,1257.9,8212.0
2026-06-29 14:20:00,1258.0,1258.5,1255.3,1256.9,7249.0
2026-06-29 14:25:00,1256.0,1259.0,1256.0,1258.0,12330.0
2026-06-29 14:30:00,1258.0,1260.0,1255.3,1256.1,14140.0
2026-06-29 14:35:00,1255.4,1255.9,1251.0,1252.1,33172.0
2026-06-29 14:40:00,1252.3,1253.0,1250.9,1251.8,10960.0
2026-06-29 14:45:00,1251.7,1252.6,1250.1,1251.2,11405.0
2026-06-29 14:50:00,1251.3,1254.8,1245.0,1245.2,23911.0
2026-06-29 14:55:00,1245.2,1251.1,1243.3,1251.1,15292.0
2026-06-29 15:00:00,1249.3,1250.2,1243.9,1245.5,44149.0
2026-06-29 15:05:00,1245.5,1251.0,1245.0,1249.0,49617.0
2026-06-29 15:10:00,1249.4,1254.1,1247.4,1253.1,48086.0
2026-06-29 15:15:00,1253.6,1254.2,1246.1,1246.9,73952.0
2026-06-29 15:20:00,1247.0,1247.1,1244.7,1247.0,57873.0
2026-06-29 15:25:00,1246.7,1249.9,1245.0,1247.9,58065.0
2026-06-30 09:15:00,1252.0,1257.0,1246.2,1256.7,63094.0
2026-06-30 09:20:00,1256.7,1259.0,1255.0,1258.7,30942.0
2026-06-30 09:25:00,1258.8,1259.0,1256.1,1258.5,13265.0
2026-06-30 09:30:00,1258.9,1259.0,1257.0,1259.0,11529.0
2026-06-30 09:35:00,1257.4,1259.0,1255.3,1258.5,11547.0
2026-06-30 09:40:00,1258.5,1259.0,1253.9,1255.0,12442.0
2026-06-30 09:45:00,1254.8,1257.0,1248.6,1249.9,10798.0
2026-06-30 09:50:00,1250.6,1257.5,1249.8,1255.5,14188.0
2026-06-30 09:55:00,1255.5,1259.0,1254.4,1258.1,9586.0
2026-06-30 10:00:00,1258.4,1259.5,1257.5,1259.0,6260.0
2026-06-30 10:05:00,1259.0,1259.0,1255.0,1258.5,4933.0
2026-06-30 10:10:00,1258.5,1258.5,1256.2,1257.9,4422.0
2026-06-30 10:15:00,1257.9,1259.6,1256.2,1258.4,5977.0
2026-06-30 10:20:00,1258.3,1260.0,1257.6,1258.6,4286.0
2026-06-30 10:25:00,1258.6,1259.3,1255.0,1256.2,4147.0
2026-06-30 10:30:00,1256.1,1259.9,1255.6,1259.3,3603.0
2026-06-30 10:35:00,1258.0,1259.6,1255.9,1256.8,3149.0
2026-06-30 10:40:00,1256.7,1257.9,1254.6,1255.8,3687.0
2026-06-30 10:45:00,1255.8,1256.9,1252.8,1254.0,3779.0
2026-06-30 10:50:00,1254.0,1255.7,1252.7,1253.9,6219.0
2026-06-30 10:55:00,1253.8,1254.9,1250.1,1253.8,6758.0
2026-06-30 11:00:00,1254.3,1258.0,1253.3,1256.0,4072.0
2026-06-30 11:05:00,1255.9,1256.4,1252.4,1252.4,2225.0
2026-06-30 11:10:00,1253.2,1253.3,1252.3,1253.0,1327.0
2026-06-30 11:15:00,1253.0,1253.0,1246.2,1247.7,6373.0
2026-06-30 11:20:00,1247.7,1248.0,1242.3,1248.0,5251.0
2026-06-30 11:25:00,1248.0,1248.2,1245.9,1247.0,2266.0
2026-06-30 11:30:00,1247.0,1247.1,1244.4,1246.1,2273.0
2026-06-30 11:35:00,1246.1,1247.0,1245.0,1246.2,3605.0
2026-06-30 11:40:00,1246.7,1247.5,1244.4,1246.6,3473.0
2026-06-30 11:45:00,1246.6,1248.0,1246.2,1247.2,3389.0
2026-06-30 11:50:00,1247.6,1248.0,1245.1,1246.3,6437.0
2026-06-30 11:55:00,1246.2,1249.5,1246.2,1249.0,3037.0
2026-06-30 12:00:00,1249.1,1250.0,1247.0,1250.0,4816.0
2026-06-30 12:05:00,1250.0,1257.9,1246.5,1247.5,17062.0
2026-06-30 12:10:00,1247.5,1249.5,1247.0,1249.0,2829.0
2026-06-30 12:15:00,1249.0,1249.0,1245.7,1246.5,8167.0
2026-06-30 12:20:00,1246.5,1247.1,1246.2,1246.3,1178.0
2026-06-30 12:25:00,1246.3,1246.5,1245.7,1246.5,1631.0
2026-06-30 12:30:00,1246.5,1247.7,1245.6,1247.5,3206.0
2026-06-30 12:35:00,1247.6,1252.3,1246.3,1250.5,13241.0
2026-06-30 12:40:00,1250.5,1250.5,1248.4,1249.4,3422.0
2026-06-30 12:45:00,1249.7,1251.6,1249.3,1250.8,1764.0
2026-06-30 12:50:00,1250.9,1252.6,1250.5,1252.6,2820.0
2026-06-30 12:55:00,1252.7,1254.6,1251.6,1253.0,2066.0
2026-06-30 13:00:00,1252.9,1253.6,1251.4,1252.2,2206.0
2026-06-30 13:05:00,1252.7,1252.9,1251.4,1252.4,1845.0
2026-06-30 13:10:00,1252.4,1252.4,1250.9,1250.9,4814.0
2026-06-30 13:15:00,1250.9,1254.8,1250.9,1254.1,7076.0
2026-06-30 13:20:00,1254.4,1255.0,1253.4,1254.9,1450.0
2026-06-30 13:25:00,1254.9,1255.8,1253.8,1254.8,848.0
2026-06-30 13:30:00,1254.9,1255.5,1254.0,1255.0,1255.0
2026-06-30 13:35:00,1255.0,1256.0,1254.4,1255.4,1110.0
2026-06-30 13:40:00,1255.4,1257.0,1254.0,1255.2,3288.0
2026-06-30 13:45:00,1255.2,1255.2,1251.4,1252.7,2901.0
2026-06-30 13:50:00,1252.7,1252.7,1250.6,1252.4,2939.0
2026-06-30 13:55:00,1252.0,1252.3,1250.0,1250.1,934.0
2026-06-30 14:00:00,1251.1,1251.1,1250.0,1251.0,2420.0
2026-06-30 14:05:00,1251.1,1252.4,1249.8,1251.6,3344.0
2026-06-30 14:10:00,1251.6,1251.6,1249.7,1251.3,1319.0
2026-06-30 14:15:00,1251.0,1251.4,1248.9,1250.0,3352.0
2026-06-30 14:20:00,1250.0,1252.0,1249.0,1252.0,2187.0
2026-06-30 14:25:00,1252.0,1252.0,1246.7,1248.0,6405.0
2026-06-30 14:30:00,1248.1,1248.1,1245.6,1246.6,1261.0
2026-06-30 14:35:00,1246.6,1246.6,1239.3,1243.0,28035.0
2026-06-30 14:40:00,1243.0,1244.3,1241.0,1241.3,7427.0
2026-06-30 14:45:00,1241.3,1246.4,1241.3,1245.8,10589.0
2026-06-30 14:50:00,1245.8,1246.5,1240.3,1241.0,3072.0
2026-06-30 14:55:00,1241.0,1241.3,1236.2,1238.7,4197.0
2026-06-30 15:00:00,1238.8,1239.5,1235.3,1237.0,8664.0
2026-06-30 15:05:00,1237.4,1238.3,1235.6,1236.2,9975.0
2026-06-30 15:10:00,1236.1,1236.2,1230.3,1231.5,15830.0
2026-06-30 15:15:00,1231.9,1233.9,1231.5,1233.2,12839.0
2026-06-30 15:20:00,1233.2,1234.0,1232.2,1232.5,14380.0
2026-06-30 15:25:00,1232.3,1244.6,1231.0,1242.7,15518.0
2026-07-01 09:15:00,1246.0,1260.0,1242.6,1246.4,26324.0
2026-07-01 09:20:00,1246.7,1248.2,1239.0,1241.9,7606.0
2026-07-01 09:25:00,1241.9,1244.3,1239.0,1242.5,3640.0
2026-07-01 09:30:00,1243.0,1245.0,1241.1,1243.1,3674.0
2026-07-01 09:35:00,1243.9,1244.9,1238.1,1241.6,8384.0
2026-07-01 09:40:00,1241.9,1242.8,1236.6,1240.1,5691.0
2026-07-01 09:45:00,1240.1,1241.9,1238.0,1238.5,6237.0
2026-07-01 09:50:00,1238.2,1239.5,1230.6,1236.0,10348.0
2026-07-01 09:55:00,1236.0,1237.9,1234.6,1236.9,2513.0
2026-07-01 10:00:00,1237.0,1238.2,1236.0,1237.6,3070.0
2026-07-01 10:05:00,1237.7,1238.0,1233.0,1237.5,5959.0
2026-07-01 10:10:00,1237.5,1237.9,1226.8,1229.6,13601.0
2026-07-01 10:15:00,1229.4,1231.2,1226.0,1231.2,15409.0
2026-07-01 10:20:00,1231.4,1231.4,1228.0,1228.0,2143.0
2026-07-01 10:25:00,1229.4,1230.0,1226.4,1229.9,2305.0
2026-07-01 10:30:00,1229.8,1230.0,1225.1,1229.9,5195.0
2026-07-01 10:35:00,1230.0,1231.1,1228.0,1229.2,1418.0
2026-07-01 10:40:00,1229.9,1231.1,1229.3,1229.3,854.0
2026-07-01 10:45:00,1229.8,1230.0,1227.0,1229.6,1214.0
2026-07-01 10:50:00,1229.5,1230.0,1228.5,1230.0,1046.0
2026-07-01 10:55:00,1230.0,1230.9,1228.5,1230.9,1713.0
2026-07-01 11:00:00,1230.9,1230.9,1226.0,1228.0,2910.0
2026-07-01 11:05:00,1227.9,1228.0,1225.0,1226.6,3494.0
2026-07-01 11:10:00,1226.7,1229.9,1225.9,1229.8,1140.0
2026-07-01 11:15:00,1229.9,1230.8,1228.0,1230.2,1220.0
2026-07-01 11:20:00,1230.5,1230.6,1227.4,1228.7,916.0
2026-07-01 11:25:00,1229.0,1230.7,1227.8,1229.0,770.0
2026-07-01 11:30:00,1229.5,1229.9,1227.1,1227.1,882.0
2026-07-01 11:35:00,1228.1,1230.3,1228.1,1228.9,1268.0
2026-07-01 11:40:00,1229.3,1230.3,1228.0,1228.1,2948.0
2026-07-01 11:45:00,1229.2,1229.8,1228.2,1229.4,279.0
2026-07-01 11:50:00,1229.4,1233.9,1228.5,1233.9,1545.0
2026-07-01 11:55:00,1233.8,1237.7,1232.7,1237.7,3798.0
2026-07-01 12:00:00,1237.7,1238.2,1233.6,1234.4,2520.0
2026-07-01 12:05:00,1234.4,1234.5,1230.4,1230.4,1142.0
2026-07-01 12:10:00,1232.3,1232.8,1231.1,1232.0,988.0
2026-07-01 12:15:00,1231.8,1234.0,1230.7,1232.8,1258.0
2026-07-01 12:20:00,1232.7,1234.2,1230.8,1232.3,1960.0
2026-07-01 12:25:00,1232.3,1233.4,1231.8,1231.8,737.0
2026-07-01 12:30:00,1231.7,1234.2,1231.1,1232.3,1027.0
2026-07-01 12:35:00,1233.1,1235.0,1232.8,1233.7,856.0
2026-07-01 12:40:00,1234.2,1235.3,1232.8,1235.3,1062.0
2026-07-01 12:45:00,1235.3,1235.3,1232.2,1233.4,470.0
2026-07-01 12:50:00,1233.9,1234.0,1232.5,1233.9,212.0
2026-07-01 12:55:00,1233.9,1235.5,1233.3,1234.9,651.0
2026-07-01 13:00:00,1235.4,1236.5,1234.1,1234.6,655.0
2026-07-01 13:05:00,1235.4,1235.9,1234.8,1235.8,264.0
2026-07-01 13:10:00,1235.7,1237.0,1235.4,1237.0,557.0
2026-07-01 13:15:00,1237.0,1237.0,1235.1,1236.0,1061.0
2026-07-01 13:20:00,1236.0,1236.0,1235.0,1236.0,435.0
2026-07-01 13:25:00,1236.0,1236.6,1235.6,1235.7,515.0
2026-07-01 13:30:00,1236.1,1236.6,1235.5,1236.0,1453.0
2026-07-01 13:35:00,1236.0,1236.1,1235.0,1236.0,1234.0
2026-07-01 13:40:00,1236.0,1236.0,1234.5,1235.6,1111.0
2026-07-01 13:45:00,1236.0,1236.4,1235.3,1236.4,1538.0
2026-07-01 13:50:00,1236.4,1236.4,1235.5,1235.7,1078.0
2026-07-01 13:55:00,1236.2,1237.7,1235.7,1237.7,9307.0
2026-07-01 14:00:00,1237.7,1237.7,1236.3,1237.0,880.0
2026-07-01 14:05:00,1237.0,1238.2,1236.5,1238.2,657.0
2026-07-01 14:10:00,1238.2,1239.0,1236.9,1238.5,1369.0
2026-07-01 14:15:00,1238.5,1238.7,1237.0,1237.0,1026.0
2026-07-01 14:20:00,1237.0,1238.0,1236.0,1237.7,1097.0
2026-07-01 14:25:00,1238.0,1238.7,1236.7,1237.4,4867.0
2026-07-01 14:30:00,1236.7,1238.7,1236.7,1238.7,657.0
2026-07-01 14:35:00,1238.7,1239.0,1238.0,1238.9,1346.0
2026-07-01 14:40:00,1238.6,1239.8,1238.6,1239.3,1297.0
2026-07-01 14:45:00,1239.8,1241.7,1239.4,1241.5,1734.0
2026-07-01 14:50:00,1241.7,1245.0,1241.4,1245.0,1233.0
2026-07-01 14:55:00,1245.0,1246.1,1243.9,1245.1,4441.0
2026-07-01 15:00:00,1245.1,1245.1,1241.9,1244.7,9090.0
2026-07-01 15:05:00,1244.7,1246.0,1244.0,1244.0,3603.0
2026-07-01 15:10:00,1244.7,1244.7,1242.2,1243.3,4646.0
2026-07-01 15:15:00,1243.4,1243.9,1243.3,1243.3,7917.0
2026-07-01 15:20:00,1243.3,1244.4,1243.3,1244.0,3736.0
2026-07-01 15:25:00,1243.3,1244.0,1240.0,1240.0,7240.0
2026-07-02 09:15:00,1243.8,1247.0,1215.0,1218.3,23797.0
2026-07-02 09:20:00,1218.3,1222.7,1215.5,1219.5,16657.0
2026-07-02 09:25:00,1219.9,1225.0,1216.9,1224.0,13301.0
2026-07-02 09:30:00,1223.6,1233.0,1223.1,1228.6,12803.0
2026-07-02 09:35:00,1227.7,1228.9,1217.3,1218.3,13276.0
2026-07-02 09:40:00,1218.3,1220.0,1218.3,1219.5,8195.0
2026-07-02 09:45:00,1219.4,1225.8,1219.2,1225.5,6763.0
2026-07-02 09:50:00,1225.1,1226.2,1224.4,1225.7,2356.0
2026-07-02 09:55:00,1224.9,1227.5,1224.7,1225.7,3537.0
2026-07-02 10:00:00,1226.0,1227.1,1224.8,1226.0,1472.0
2026-07-02 10:05:00,1225.8,1226.3,1220.7,1222.4,2639.0
2026-07-02 10:10:00,1222.4,1224.0,1221.9,1222.9,1804.0
2026-07-02 10:15:00,1222.7,1223.6,1222.7,1223.6,2093.0
2026-07-02 10:20:00,1223.3,1225.0,1222.3,1224.0,1928.0
2026-07-02 10:25:00,1223.1,1224.5,1222.5,1223.6,1427.0
2026-07-02 10:30:00,1223.6,1225.4,1223.0,1223.7,2709.0
2026-07-02 10:35:00,1223.0,1223.4,1222.0,1222.8,2955.0
2026-07-02 10:40:00,1222.0,1223.5,1222.0,1222.3,1739.0
2026-07-02 10:45:00,1222.2,1223.1,1222.1,1222.4,1896.0
2026-07-02 10:50:00,1222.3,1224.0,1222.3,1223.1,1145.0
2026-07-02 10:55:00,1223.1,1224.4,1222.3,1222.7,3337.0
2026-07-02 11:00:00,1222.7,1228.4,1222.6,1226.1,14541.0
2026-07-02 11:05:00,1225.3,1228.0,1223.5,1226.2,6013.0
2026-07-02 11:10:00,1225.4,1232.0,1225.4,1231.5,14652.0
2026-07-02 11:15:00,1231.1,1233.7,1231.0,1232.5,14986.0
2026-07-02 11:20:00,1231.3,1234.9,1231.1,1234.8,3141.0
2026-07-02 11:25:00,1234.1,1234.9,1233.6,1233.6,2768.0
2026-07-02 11:30:00,1233.4,1241.0,1233.4,1239.0,10793.0
2026-07-02 11:35:00,1238.7,1239.9,1237.3,1237.8,2848.0
2026-07-02 11:40:00,1237.6,1239.0,1237.2,1238.6,2463.0
2026-07-02 11:45:00,1238.3,1238.4,1236.4,1237.8,963.0
2026-07-02 11:50:00,1237.1,1238.2,1236.4,1238.2,1014.0
2026-07-02 11:55:00,1237.2,1238.4,1237.2,1237.8,1785.0
2026-07-02 12:00:00,1237.2,1240.0,1237.2,1239.2,7581.0
2026-07-02 12:05:00,1239.2,1240.0,1238.7,1239.7,1379.0
2026-07-02 12:10:00,1239.1,1241.6,1238.9,1241.1,1550.0
2026-07-02 12:15:00,1241.1,1242.0,1239.2,1240.8,11509.0
2026-07-02 12:20:00,1240.0,1241.5,1239.7,1240.6,1181.0
2026-07-02 12:25:00,1240.1,1241.3,1240.0,1240.9,516.0
2026-07-02 12:30:00,1240.5,1241.0,1240.0,1240.8,520.0
2026-07-02 12:35:00,1240.1,1240.8,1239.5,1240.1,2182.0
2026-07-02 12:40:00,1239.5,1240.9,1239.5,1240.1,2773.0
2026-07-02 12:45:00,1240.1,1240.5,1237.0,1237.5,4718.0
2026-07-02 12:50:00,1238.0,1238.6,1237.0,1237.0,5235.0
2026-07-02 12:55:00,1237.0,1238.3,1237.0,1237.9,553.0
2026-07-02 13:00:00,1237.0,1237.8,1236.2,1237.5,2297.0
2026-07-02 13:05:00,1236.6,1238.3,1236.6,1238.2,698.0
2026-07-02 13:10:00,1237.4,1238.4,1237.1,1238.2,552.0
2026-07-02 13:15:00,1237.4,1239.6,1235.1,1236.2,23636.0
2026-07-02 13:20:00,1236.2,1236.7,1235.0,1235.6,1518.0
2026-07-02 13:25:00,1235.0,1236.0,1235.0,1235.9,527.0
2026-07-02 13:30:00,1235.3,1237.1,1235.3,1237.1,747.0
2026-07-02 13:35:00,1236.6,1237.7,1235.9,1236.5,1056.0
2026-07-02 13:40:00,1236.0,1236.7,1236.0,1236.7,354.0
2026-07-02 13:45:00,1236.0,1236.7,1235.0,1236.6,799.0
2026-07-02 13:50:00,1235.7,1237.4,1235.0,1236.8,550.0
2026-07-02 13:55:00,1236.3,1237.2,1234.0,1234.6,1403.0
2026-07-02 14:00:00,1235.3,1235.3,1233.4,1234.2,1985.0
2026-07-02 14:05:00,1234.0,1235.0,1233.1,1235.0,802.0
2026-07-02 14:10:00,1234.5,1236.9,1233.1,1236.9,3177.0
2026-07-02 14:15:00,1236.2,1238.2,1236.0,1237.8,933.0
2026-07-02 14:20:00,1236.8,1237.7,1235.7,1237.4,1285.0
2026-07-02 14:25:00,1237.0,1238.2,1236.6,1237.0,739.0
2026-07-02 14:30:00,1237.5,1238.2,1237.0,1237.3,939.0
2026-07-02 14:35:00,1237.0,1237.8,1236.6,1237.0,670.0
2026-07-02 14:40:00,1236.6,1238.0,1235.6,1237.7,789.0
2026-07-02 14:45:00,1237.0,1238.0,1236.3,1236.7,1557.0
2026-07-02 14:50:00,1236.6,1237.7,1233.5,1237.1,6711.0
2026-07-02 14:55:00,1236.2,1238.6,1235.3,1237.7,9648.0
2026-07-02 15:00:00,1237.4,1242.7,1237.4,1238.8,11715.0
2026-07-02 15:05:00,1238.5,1239.9,1234.7,1239.0,12217.0
2026-07-02 15:10:00,1238.0,1239.4,1236.7,1237.6,4449.0
2026-07-02 15:15:00,1237.3,1238.0,1236.5,1237.0,4247.0
2026-07-02 15:20:00,1237.6,1238.0,1236.5,1236.9,3446.0
2026-07-02 15:25:00,1236.7,1237.0,1235.0,1236.3,9422.0
2026-07-03 09:15:00,1241.0,1244.6,1235.6,1244.3,1784.0
2026-07-03 09:20:00,1244.3,1244.6,1238.3,1239.2,3021.0
2026-07-03 09:25:00,1240.3,1242.4,1239.0,1240.0,2774.0
2026-07-03 09:30:00,1239.0,1242.4,1237.1,1240.8,4611.0
2026-07-03 09:35:00,1240.8,1246.0,1240.8,1243.4,11801.0
2026-07-03 09:40:00,1243.4,1243.6,1240.1,1242.9,6639.0
2026-07-03 09:45:00,1242.3,1248.8,1242.3,1245.0,21984.0
2026-07-03 09:50:00,1245.0,1246.1,1244.0,1246.1,2941.0
2026-07-03 09:55:00,1246.7,1252.0,1246.7,1251.3,7540.0
2026-07-03 10:00:00,1251.3,1252.0,1250.0,1250.9,6040.0
2026-07-03 10:05:00,1250.8,1251.5,1248.0,1248.9,2167.0
2026-07-03 10:10:00,1248.9,1251.2,1248.1,1251.1,1897.0
2026-07-03 10:15:00,1251.1,1252.0,1250.8,1251.5,1302.0
2026-07-03 10:20:00,1251.5,1251.5,1249.1,1249.1,5502.0
2026-07-03 10:25:00,1249.8,1250.0,1248.0,1248.0,2634.0
2026-07-03 10:30:00,1248.7,1249.1,1247.1,1249.1,854.0
2026-07-03 10:35:00,1248.4,1251.9,1248.4,1251.0,1603.0
2026-07-03 10:40:00,1250.7,1251.5,1249.2,1251.5,1526.0
2026-07-03 10:45:00,1251.5,1251.9,1250.4,1251.9,2102.0
2026-07-03 10:50:00,1251.9,1252.0,1249.4,1249.4,965.0
2026-07-03 10:55:00,1249.5,1250.9,1248.4,1250.5,3323.0
2026-07-03 11:00:00,1252.0,1253.0,1249.5,1251.6,4923.0
2026-07-03 11:05:00,1251.7,1251.9,1248.5,1249.3,1016.0
2026-07-03 11:10:00,1249.3,1250.2,1246.8,1247.4,5325.0
2026-07-03 11:15:00,1247.1,1250.0,1245.8,1248.9,3505.0
2026-07-03 11:20:00,1248.9,1248.9,1246.0,1248.1,1303.0
2026-07-03 11:25:00,1248.9,1248.9,1247.1,1248.4,1521.0
2026-07-03 11:30:00,1247.3,1251.5,1246.8,1251.1,1607.0
2026-07-03 11:35:00,1251.1,1258.2,1249.5,1252.0,9707.0
2026-07-03 11:40:00,1252.0,1252.7,1248.0,1248.0,1971.0
2026-07-03 11:45:00,1248.8,1250.8,1247.4,1249.0,1454.0
2026-07-03 11:50:00,1249.0,1250.3,1247.5,1248.4,981.0
2026-07-03 11:55:00,1247.5,1248.6,1245.0,1247.6,1289.0
2026-07-03 12:00:00,1247.1,1248.4,1246.9,1248.4,621.0
2026-07-03 12:05:00,1248.4,1248.4,1247.3,1247.3,464.0
2026-07-03 12:10:00,1248.0,1248.5,1247.4,1248.5,649.0
2026-07-03 12:15:00,1248.5,1248.6,1246.8,1247.7,480.0
2026-07-03 12:20:00,1247.7,1248.4,1246.1,1246.3,628.0
2026-07-03 12:25:00,1246.1,1249.3,1245.5,1249.3,1582.0
2026-07-03 12:30:00,1248.3,1250.0,1247.8,1249.2,1435.0
2026-07-03 12:35:00,1249.2,1250.8,1248.0,1249.8,1726.0
2026-07-03 12:40:00,1249.9,1250.6,1248.3,1250.0,1431.0
2026-07-03 12:45:00,1249.7,1251.0,1245.0,1251.0,6175.0
2026-07-03 12:50:00,1251.0,1251.4,1248.0,1249.0,4116.0
2026-07-03 12:55:00,1249.5,1250.4,1248.0,1249.6,3222.0
2026-07-03 13:00:00,1249.4,1250.6,1248.7,1249.4,1159.0
2026-07-03 13:05:00,1250.3,1251.3,1248.9,1249.8,688.0
2026-07-03 13:10:00,1251.0,1251.9,1249.5,1250.0,1158.0
2026-07-03 13:15:00,1250.0,1252.8,1249.4,1250.9,1516.0
2026-07-03 13:20:00,1250.6,1251.0,1248.9,1250.9,1467.0
2026-07-03 13:25:00,1250.1,1251.0,1248.3,1249.3,1005.0
2026-07-03 13:30:00,1249.6,1250.4,1248.3,1249.8,692.0
2026-07-03 13:35:00,1249.7,1249.8,1246.5,1248.3,1208.0
2026-07-03 13:40:00,1248.3,1248.5,1246.7,1247.5,1378.0
2026-07-03 13:45:00,1247.1,1248.1,1246.7,1247.1,539.0
2026-07-03 13:50:00,1247.0,1248.1,1246.6,1247.7,712.0
2026-07-03 13:55:00,1247.7,1247.7,1245.2,1247.3,2413.0
2026-07-03 14:00:00,1247.2,1248.6,1246.3,1247.8,1520.0
2026-07-03 14:05:00,1247.2,1248.6,1247.0,1247.8,654.0
2026-07-03 14:10:00,1247.3,1251.9,1247.3,1251.5,1287.0
2026-07-03 14:15:00,1252.0,1253.9,1249.8,1252.3,5465.0
2026-07-03 14:20:00,1251.2,1253.0,1250.4,1251.6,1611.0
2026-07-03 14:25:00,1251.6,1253.6,1250.6,1253.6,1815.0
2026-07-03 14:30:00,1253.6,1255.0,1253.2,1254.8,1074.0
2026-07-03 14:35:00,1254.8,1255.0,1253.2,1254.0,2402.0
2026-07-03 14:40:00,1254.0,1254.9,1253.1,1253.6,1870.0
2026-07-03 14:45:00,1253.6,1257.4,1252.0,1257.4,6513.0
2026-07-03 14:50:00,1257.0,1259.8,1255.0,1258.1,10256.0
2026-07-03 14:55:00,1259.2,1260.0,1257.0,1258.0,44499.0
2026-07-03 15:00:00,1257.5,1258.7,1255.9,1258.6,7093.0
2026-07-03 15:05:00,1258.6,1259.0,1256.0,1256.2,6260.0
2026-07-03 15:10:00,1258.4,1258.4,1255.1,1255.1,7918.0
2026-07-03 15:15:00,1255.9,1258.0,1255.0,1257.9,8699.0
2026-07-03 15:20:00,1257.9,1257.9,1254.5,1257.0,7600.0
2026-07-03 15:25:00,1256.5,1260.0,1255.1,1259.9,12577.0
2026-07-06 09:15:00,1255.0,1257.0,1247.1,1250.5,3751.0
2026-07-06 09:20:00,1252.4,1255.0,1249.0,1253.4,3737.0
2026-07-06 09:25:00,1253.5,1256.7,1253.3,1256.7,4352.0
2026-07-06 09:30:00,1256.7,1259.9,1254.0,1254.8,4261.0
2026-07-06 09:35:00,1254.1,1256.6,1253.4,1255.1,3352.0
2026-07-06 09:40:00,1255.6,1256.5,1251.9,1255.0,6548.0
2026-07-06 09:45:00,1255.8,1256.8,1250.0,1253.3,3384.0
2026-07-06 09:50:00,1252.6,1256.5,1251.2,1256.4,3710.0
2026-07-06 09:55:00,1256.4,1256.5,1254.1,1256.3,1218.0
2026-07-06 10:00:00,1255.4,1256.4,1252.9,1253.5,3413.0
2026-07-06 10:05:00,1254.5,1257.0,1253.5,1256.9,1576.0
2026-07-06 10:10:00,1256.9,1260.0,1256.9,1260.0,27084.0
2026-07-06 10:15:00,1258.5,1259.2,1255.0,1257.3,5143.0
2026-07-06 10:20:00,1256.3,1257.3,1253.3,1254.9,3789.0
2026-07-06 10:25:00,1254.3,1255.6,1252.0,1253.6,1110.0
2026-07-06 10:30:00,1253.9,1254.0,1251.5,1252.5,1187.0
2026-07-06 10:35:00,1251.9,1255.2,1251.8,1254.0,1213.0
2026-07-06 10:40:00,1253.2,1254.9,1252.0,1252.0,1438.0
2026-07-06 10:45:00,1252.0,1252.0,1244.8,1247.8,3753.0
2026-07-06 10:50:00,1246.9,1248.0,1245.3,1245.8,2136.0
2026-07-06 10:55:00,1245.4,1248.0,1245.4,1246.2,1241.0
2026-07-06 11:00:00,1247.4,1247.4,1245.9,1246.4,654.0
2026-07-06 11:05:00,1246.2,1246.9,1245.5,1245.9,1003.0
2026-07-06 11:10:00,1246.0,1247.4,1243.4,1244.3,3629.0
2026-07-06 11:15:00,1244.3,1247.5,1243.4,1246.1,2301.0
2026-07-06 11:20:00,1246.6,1247.6,1244.2,1247.0,1890.0
2026-07-06 11:25:00,1246.1,1247.0,1244.2,1245.1,782.0
2026-07-06 11:30:00,1245.5,1247.2,1245.0,1245.5,1945.0
2026-07-06 11:35:00,1245.5,1246.9,1244.0,1245.6,1633.0
2026-07-06 11:40:00,1244.1,1245.6,1244.0,1245.0,797.0
2026-07-06 11:45:00,1245.2,1247.1,1242.5,1246.1,2354.0
2026-07-06 11:50:00,1246.7,1247.6,1245.8,1247.2,821.0
2026-07-06 11:55:00,1247.3,1248.5,1246.6,1247.3,1094.0
2026-07-06 12:00:00,1247.9,1248.0,1246.7,1246.9,990.0
2026-07-06 12:05:00,1248.0,1248.1,1245.6,1245.8,1228.0
2026-07-06 12:10:00,1246.3,1246.7,1245.0,1245.6,1190.0
2026-07-06 12:15:00,1246.2,1246.2,1244.8,1246.2,902.0
2026-07-06 12:20:00,1246.1,1246.2,1244.6,1245.2,1313.0
2026-07-06 12:25:00,1245.6,1247.3,1244.5,1247.2,716.0
2026-07-06 12:30:00,1247.7,1247.7,1244.7,1245.4,712.0
2026-07-06 12:35:00,1246.1,1246.5,1242.2,1242.7,1655.0
2026-07-06 12:40:00,1243.5,1245.0,1239.3,1241.3,6249.0
2026-07-06 12:45:00,1241.3,1243.5,1240.0,1242.8,1645.0
2026-07-06 12:50:00,1241.8,1243.0,1234.2,1234.8,6484.0
2026-07-06 12:55:00,1234.8,1234.8,1230.0,1231.9,12745.0
2026-07-06 13:00:00,1231.2,1232.4,1230.8,1231.5,2565.0
2026-07-06 13:05:00,1231.5,1232.8,1230.7,1232.5,1910.0
2026-07-06 13:10:00,1232.5,1233.1,1231.4,1231.9,2200.0
2026-07-06 13:15:00,1231.4,1232.5,1231.0,1232.3,1054.0
2026-07-06 13:20:00,1232.4,1232.6,1231.8,1231.9,618.0
2026-07-06 13:25:00,1232.0,1232.9,1231.8,1232.4,1644.0
2026-07-06 13:30:00,1232.6,1232.6,1230.5,1231.9,1832.0
2026-07-06 13:35:00,1231.5,1232.9,1231.5,1232.3,2842.0
2026-07-06 13:40:00,1232.5,1232.6,1231.1,1232.1,1560.0
2026-07-06 13:45:00,1232.1,1232.1,1230.1,1231.2,1236.0
2026-07-06 13:50:00,1231.6,1232.1,1230.5,1231.9,408.0
2026-07-06 13:55:00,1231.5,1231.8,1231.0,1231.6,969.0
2026-07-06 14:00:00,1232.0,1232.0,1231.2,1231.5,703.0
2026-07-06 14:05:00,1231.2,1231.8,1230.4,1230.8,837.0
2026-07-06 14:10:00,1230.9,1231.9,1230.0,1231.4,1068.0
2026-07-06 14:15:00,1231.5,1232.3,1230.0,1231.2,1310.0
2026-07-06 14:20:00,1231.4,1232.6,1230.2,1232.4,1551.0
2026-07-06 14:25:00,1232.6,1232.6,1230.1,1231.9,2657.0
2026-07-06 14:30:00,1232.3,1232.6,1230.6,1232.6,2350.0
2026-07-06 14:35:00,1232.6,1232.6,1232.2,1232.6,887.0
2026-07-06 14:40:00,1232.6,1232.6,1232.1,1232.5,700.0
2026-07-06 14:45:00,1232.6,1232.6,1230.1,1231.8,2133.0
2026-07-06 14:50:00,1232.2,1232.8,1231.9,1232.1,2037.0
2026-07-06 14:55:00,1232.1,1232.6,1231.0,1231.5,3463.0
2026-07-06 15:00:00,1231.5,1233.0,1230.6,1231.7,3938.0
2026-07-06 15:05:00,1231.7,1232.3,1230.8,1231.2,2767.0
2026-07-06 15:10:00,1231.2,1232.9,1231.2,1232.6,4028.0
2026-07-06 15:15:00,1232.6,1233.8,1231.1,1232.5,5424.0
2026-07-06 15:20:00,1232.5,1232.6,1230.0,1232.6,4833.0
2026-07-06 15:25:00,1232.5,1244.7,1232.4,1240.0,7163.0
2026-07-07 09:15:00,1240.0,1241.6,1227.2,1232.0,9750.0
2026-07-07 09:20:00,1232.0,1232.0,1226.5,1227.2,3079.0
2026-07-07 09:25:00,1227.3,1243.0,1224.0,1241.0,19781.0
2026-07-07 09:30:00,1241.8,1255.0,1240.0,1253.5,23706.0
2026-07-07 09:35:00,1252.9,1256.6,1249.0,1250.4,20638.0
2026-07-07 09:40:00,1251.4,1254.0,1251.4,1252.8,2896.0
2026-07-07 09:45:00,1252.8,1254.6,1251.9,1253.7,4354.0
2026-07-07 09:50:00,1253.7,1254.0,1248.3,1249.5,8347.0
2026-07-07 09:55:00,1249.2,1252.0,1249.0,1250.7,2298.0
2026-07-07 10:00:00,1250.7,1252.8,1248.0,1248.0,5659.0
2026-07-07 10:05:00,1248.7,1248.7,1243.4,1244.0,6425.0
2026-07-07 10:10:00,1243.7,1243.8,1240.1,1241.1,3016.0
2026-07-07 10:15:00,1241.0,1241.0,1234.1,1235.5,4877.0
2026-07-07 10:20:00,1234.8,1236.5,1233.1,1234.9,3212.0
2026-07-07 10:25:00,1234.4,1236.5,1232.1,1235.4,2546.0
2026-07-07 10:30:00,1235.0,1237.1,1233.7,1237.1,2418.0
2026-07-07 10:35:00,1237.2,1237.6,1235.0,1236.0,1477.0
2026-07-07 10:40:00,1235.8,1237.8,1235.8,1236.9,2464.0
2026-07-07 10:45:00,1237.0,1237.7,1236.0,1237.7,870.0
2026-07-07 10:50:00,1237.7,1239.0,1236.0,1238.6,1886.0
2026-07-07 10:55:00,1238.8,1238.8,1236.5,1237.2,1799.0
2026-07-07 11:00:00,1237.2,1237.2,1236.0,1236.6,1181.0
2026-07-07 11:05:00,1236.6,1237.0,1235.5,1236.7,614.0
2026-07-07 11:10:00,1237.0,1237.0,1232.5,1233.2,1323.0
2026-07-07 11:15:00,1233.2,1233.6,1231.9,1232.9,1434.0
2026-07-07 11:20:00,1232.9,1235.0,1231.1,1234.2,1113.0
2026-07-07 11:25:00,1234.2,1234.2,1233.1,1233.7,1580.0
2026-07-07 11:30:00,1233.7,1236.0,1233.0,1235.9,3882.0
2026-07-07 11:35:00,1235.9,1235.9,1234.2,1234.8,1895.0
2026-07-07 11:40:00,1234.8,1237.8,1234.7,1236.9,1225.0
2026-07-07 11:45:00,1237.5,1237.5,1234.6,1235.3,1337.0
2026-07-07 11:50:00,1233.5,1233.5,1230.9,1231.8,2063.0
2026-07-07 11:55:00,1231.9,1233.1,1231.3,1233.1,1124.0
2026-07-07 12:00:00,1232.5,1233.6,1232.0,1233.5,499.0
2026-07-07 12:05:00,1233.5,1233.5,1231.1,1232.2,1028.0
2026-07-07 12:10:00,1232.2,1232.9,1231.0,1232.2,690.0
2026-07-07 12:15:00,1232.2,1234.9,1232.2,1233.0,1888.0
2026-07-07 12:20:00,1233.1,1233.8,1227.5,1227.8,5127.0
2026-07-07 12:25:00,1227.0,1228.0,1226.2,1226.4,1095.0
2026-07-07 12:30:00,1226.3,1228.5,1226.2,1228.4,1411.0
2026-07-07 12:35:00,1228.4,1229.6,1227.0,1229.6,694.0
2026-07-07 12:40:00,1229.6,1230.0,1227.2,1228.4,4233.0
2026-07-07 12:45:00,1227.5,1229.4,1227.5,1229.1,1407.0
2026-07-07 12:50:00,1229.2,1229.3,1227.0,1228.0,541.0
2026-07-07 12:55:00,1228.0,1229.6,1227.0,1229.1,1098.0
2026-07-07 13:00:00,1229.1,1229.2,1227.5,1228.3,543.0
2026-07-07 13:05:00,1228.3,1228.3,1223.1,1224.6,3126.0
2026-07-07 13:10:00,1224.6,1225.0,1223.6,1224.1,661.0
2026-07-07 13:15:00,1223.9,1224.7,1223.2,1223.8,1075.0
2026-07-07 13:20:00,1223.8,1226.3,1223.1,1224.5,1997.0
2026-07-07 13:25:00,1224.3,1226.3,1223.8,1226.3,1295.0
2026-07-07 13:30:00,1226.3,1226.4,1220.2,1223.5,4257.0
2026-07-07 13:35:00,1223.5,1224.3,1222.3,1222.9,631.0
2026-07-07 13:40:00,1222.3,1224.4,1222.3,1223.3,603.0
2026-07-07 13:45:00,1223.3,1224.7,1223.2,1224.6,395.0
2026-07-07 13:50:00,1224.6,1225.2,1223.6,1224.1,746.0
2026-07-07 13:55:00,1224.1,1224.8,1222.5,1223.6,1020.0
2026-07-07 14:00:00,1223.3,1225.1,1223.2,1224.7,913.0
2026-07-07 14:05:00,1224.6,1225.9,1224.0,1225.9,770.0
2026-07-07 14:10:00,1225.5,1227.1,1225.4,1227.0,1523.0
2026-07-07 14:15:00,1227.1,1228.0,1223.5,1224.3,2305.0
2026-07-07 14:20:00,1224.3,1225.3,1223.4,1223.8,1198.0
2026-07-07 14:25:00,1223.9,1225.0,1223.3,1224.8,831.0
2026-07-07 14:30:00,1224.0,1224.5,1221.0,1221.9,3704.0
2026-07-07 14:35:00,1222.4,1223.1,1221.0,1221.8,3916.0
2026-07-07 14:40:00,1221.9,1224.7,1221.4,1224.5,828.0
2026-07-07 14:45:00,1224.0,1224.9,1223.2,1224.9,769.0
2026-07-07 14:50:00,1225.0,1227.6,1223.5,1227.5,1992.0
2026-07-07 14:55:00,1227.7,1227.7,1226.0,1226.6,1022.0
2026-07-07 15:00:00,1226.6,1229.9,1224.8,1229.9,2668.0
2026-07-07 15:05:00,1229.9,1232.9,1228.4,1229.8,2641.0
2026-07-07 15:10:00,1230.4,1231.5,1225.7,1225.7,4510.0
2026-07-07 15:15:00,1226.5,1228.8,1225.6,1227.8,3930.0
2026-07-07 15:20:00,1228.1,1229.2,1223.5,1224.5,3393.0
2026-07-07 15:25:00,1224.5,1226.6,1195.5,1200.0,78645.0
2026-07-08 09:15:00,1197.0,1228.0,1191.1,1227.8,15148.0
2026-07-08 09:20:00,1226.3,1226.8,1221.0,1224.5,4181.0
2026-07-08 09:25:00,1225.6,1228.0,1218.9,1227.9,4116.0
2026-07-08 09:30:00,1227.5,1228.7,1224.4,1225.8,3106.0
2026-07-08 09:35:00,1225.0,1225.1,1220.3,1222.6,2917.0
2026-07-08 09:40:00,1222.6,1224.0,1220.6,1223.0,2434.0
2026-07-08 09:45:00,1221.6,1221.6,1217.1,1217.1,1380.0
2026-07-08 09:50:00,1217.0,1217.0,1213.8,1214.9,4011.0
2026-07-08 09:55:00,1214.6,1220.0,1214.6,1219.2,4829.0
2026-07-08 10:00:00,1218.4,1230.0,1218.4,1227.8,4701.0
2026-07-08 10:05:00,1227.2,1229.0,1226.0,1226.0,1583.0
2026-07-08 10:10:00,1225.0,1228.8,1225.0,1228.8,2616.0
2026-07-08 10:15:00,1228.3,1235.4,1228.0,1235.4,6516.0
2026-07-08 10:20:00,1234.9,1240.0,1234.9,1237.0,8229.0
2026-07-08 10:25:00,1238.3,1239.8,1233.0,1233.5,7655.0
2026-07-08 10:30:00,1234.0,1234.0,1226.4,1226.4,7414.0
2026-07-08 10:35:00,1226.1,1234.9,1226.1,1234.3,5782.0
2026-07-08 10:40:00,1234.0,1236.7,1233.8,1234.3,1830.0
2026-07-08 10:45:00,1234.9,1236.9,1232.7,1235.0,4802.0
2026-07-08 10:50:00,1234.5,1235.4,1233.2,1234.5,981.0
2026-07-08 10:55:00,1234.5,1234.5,1232.1,1232.4,2134.0
2026-07-08 11:00:00,1232.1,1233.5,1230.2,1232.8,998.0
2026-07-08 11:05:00,1233.4,1234.7,1232.5,1234.2,713.0
2026-07-08 11:10:00,1233.7,1235.3,1233.2,1233.7,2212.0
2026-07-08 11:15:00,1233.7,1233.7,1232.0,1232.5,1072.0
2026-07-08 11:20:00,1232.1,1233.7,1230.7,1230.9,2364.0
2026-07-08 11:25:00,1230.4,1231.4,1229.9,1231.1,1791.0
2026-07-08 11:30:00,1230.6,1231.2,1227.3,1228.2,909.0
2026-07-08 11:35:00,1227.7,1230.3,1222.2,1222.2,2172.0
2026-07-08 11:40:00,1222.2,1223.7,1221.8,1222.7,1135.0
2026-07-08 11:45:00,1223.1,1223.7,1222.2,1223.0,1320.0
2026-07-08 11:50:00,1222.5,1223.8,1220.7,1222.4,1407.0
2026-07-08 11:55:00,1222.5,1223.2,1220.5,1222.3,1427.0
2026-07-08 12:00:00,1221.9,1223.9,1221.1,1221.1,1527.0
2026-07-08 12:05:00,1221.2,1221.2,1218.1,1218.6,1665.0
2026-07-08 12:10:00,1218.1,1220.5,1217.5,1219.5,633.0
2026-07-08 12:15:00,1219.5,1220.6,1219.1,1220.4,945.0
2026-07-08 12:20:00,1217.7,1219.0,1215.4,1216.9,2122.0
2026-07-08 12:25:00,1216.9,1217.5,1216.4,1217.3,690.0
2026-07-08 12:30:00,1217.3,1217.5,1216.7,1217.2,680.0
2026-07-08 12:35:00,1217.2,1217.2,1215.6,1216.9,1011.0
2026-07-08 12:40:00,1216.4,1217.1,1214.4,1216.0,1423.0
2026-07-08 12:45:00,1216.0,1217.4,1215.0,1217.4,1590.0
2026-07-08 12:50:00,1217.0,1217.5,1215.3,1216.8,1814.0
2026-07-08 12:55:00,1216.8,1217.7,1216.0,1217.2,830.0
2026-07-08 13:00:00,1216.8,1217.5,1216.1,1217.2,1840.0
2026-07-08 13:05:00,1216.9,1217.6,1216.2,1216.9,1641.0
2026-07-08 13:10:00,1216.6,1217.2,1215.5,1215.5,2266.0
2026-07-08 13:15:00,1215.0,1216.7,1215.0,1216.7,935.0
2026-07-08 13:20:00,1216.7,1216.7,1215.0,1215.9,1521.0
2026-07-08 13:25:00,1215.9,1216.3,1215.0,1216.0,580.0
2026-07-08 13:30:00,1215.5,1216.3,1213.5,1216.3,1242.0
2026-07-08 13:35:00,1216.3,1216.6,1215.2,1216.1,475.0
2026-07-08 13:40:00,1216.0,1216.9,1215.5,1216.5,565.0
2026-07-08 13:45:00,1216.0,1217.1,1213.7,1214.4,915.0
2026-07-08 13:50:00,1213.9,1215.1,1211.7,1212.4,732.0
2026-07-08 13:55:00,1211.9,1212.4,1207.7,1207.9,2027.0
2026-07-08 14:00:00,1207.8,1207.8,1201.0,1202.4,8503.0
2026-07-08 14:05:00,1202.0,1203.4,1200.1,1201.1,3249.0
2026-07-08 14:10:00,1200.8,1201.3,1198.0,1200.5,4106.0
2026-07-08 14:15:00,1200.5,1204.4,1198.0,1202.3,4307.0
2026-07-08 14:20:00,1202.6,1207.1,1201.0,1207.1,6011.0
2026-07-08 14:25:00,1207.5,1215.1,1207.3,1211.7,22828.0
2026-07-08 14:30:00,1211.2,1214.0,1210.0,1211.5,2126.0
2026-07-08 14:35:00,1210.5,1213.9,1207.0,1208.4,13982.0
2026-07-08 14:40:00,1208.9,1209.9,1205.6,1206.6,3920.0
2026-07-08 14:45:00,1208.6,1208.8,1203.6,1204.2,3600.0
2026-07-08 14:50:00,1204.3,1205.9,1202.1,1203.0,2157.0
2026-07-08 14:55:00,1203.3,1207.6,1202.2,1204.6,5230.0
2026-07-08 15:00:00,1204.7,1216.9,1204.7,1207.2,6845.0
2026-07-08 15:05:00,1207.2,1209.1,1204.0,1204.2,4037.0
2026-07-08 15:10:00,1204.6,1212.1,1204.6,1211.1,7649.0
2026-07-08 15:15:00,1211.2,1214.4,1210.1,1212.1,6409.0
2026-07-08 15:20:00,1211.6,1213.0,1210.5,1212.5,4244.0
2026-07-08 15:25:00,1212.5,1212.7,1203.0,1212.0,20872.0
2026-07-09 09:15:00,1209.0,1219.0,1200.0,1217.4,7288.0
2026-07-09 09:20:00,1217.6,1222.5,1215.6,1219.9,5084.0
2026-07-09 09:25:00,1219.9,1229.1,1219.9,1227.2,3073.0
2026-07-09 09:30:00,1228.3,1235.0,1226.9,1232.9,8737.0
2026-07-09 09:35:00,1232.8,1235.9,1230.1,1234.7,2643.0
2026-07-09 09:40:00,1234.6,1237.4,1233.5,1235.6,4593.0
2026-07-09 09:45:00,1235.0,1239.0,1234.5,1234.8,4325.0
2026-07-09 09:50:00,1235.2,1236.4,1232.9,1235.8,1827.0
2026-07-09 09:55:00,1235.9,1243.0,1235.8,1241.4,18067.0
2026-07-09 10:00:00,1241.9,1241.9,1237.7,1238.4,7884.0
2026-07-09 10:05:00,1238.5,1239.9,1237.8,1238.2,3465.0
2026-07-09 10:10:00,1239.1,1240.0,1236.9,1236.9,2383.0
2026-07-09 10:15:00,1237.9,1239.9,1237.0,1237.7,1594.0
2026-07-09 10:20:00,1238.6,1242.0,1236.3,1241.0,9215.0
2026-07-09 10:25:00,1241.6,1241.6,1238.0,1238.5,813.0
2026-07-09 10:30:00,1238.6,1240.8,1237.2,1238.0,3376.0
2026-07-09 10:35:00,1238.8,1238.8,1236.8,1238.3,1047.0
2026-07-09 10:40:00,1238.3,1241.2,1238.2,1239.3,939.0
2026-07-09 10:45:00,1240.1,1241.4,1238.3,1238.3,1362.0
2026-07-09 10:50:00,1238.8,1238.8,1237.0,1237.2,1716.0
2026-07-09 10:55:00,1237.8,1239.2,1237.0,1237.6,678.0
2026-07-09 11:00:00,1238.4,1238.4,1233.5,1235.4,3042.0
2026-07-09 11:05:00,1235.6,1235.6,1233.0,1233.1,1711.0
2026-07-09 11:10:00,1233.4,1234.4,1231.5,1231.5,2203.0
2026-07-09 11:15:00,1232.4,1235.3,1231.1,1234.0,1462.0
2026-07-09 11:20:00,1234.8,1235.0,1230.8,1233.0,2202.0
2026-07-09 11:25:00,1232.9,1234.4,1231.6,1232.3,533.0
2026-07-09 11:30:00,1233.2,1235.9,1232.2,1234.8,940.0
2026-07-09 11:35:00,1235.6,1235.7,1234.0,1234.4,499.0
2026-07-09 11:40:00,1235.1,1235.9,1233.0,1234.3,854.0
2026-07-09 11:45:00,1235.1,1235.1,1228.1,1228.1,8352.0
2026-07-09 11:50:00,1228.6,1228.6,1225.5,1226.1,2508.0
2026-07-09 11:55:00,1226.9,1230.2,1226.2,1229.3,3179.0
2026-07-09 12:00:00,1230.1,1231.9,1227.6,1230.6,1259.0
2026-07-09 12:05:00,1231.5,1232.7,1230.1,1230.2,1120.0
2026-07-09 12:10:00,1231.0,1231.4,1229.0,1230.1,456.0
2026-07-09 12:15:00,1230.9,1231.2,1228.9,1229.2,759.0
2026-07-09 12:20:00,1229.8,1232.8,1229.2,1230.9,2475.0
2026-07-09 12:25:00,1231.8,1234.0,1229.4,1232.4,1739.0
2026-07-09 12:30:00,1233.1,1233.3,1230.0,1230.0,417.0
2026-07-09 12:35:00,1230.6,1230.6,1229.3,1229.3,313.0
2026-07-09 12:40:00,1230.1,1238.4,1229.3,1237.3,3372.0
2026-07-09 12:45:00,1238.1,1240.7,1230.9,1231.9,4417.0
2026-07-09 12:50:00,1231.9,1235.6,1231.3,1234.2,1490.0
2026-07-09 12:55:00,1234.3,1235.0,1233.6,1234.0,915.0
2026-07-09 13:00:00,1234.6,1234.6,1233.6,1233.6,613.0
2026-07-09 13:05:00,1234.4,1235.0,1233.1,1235.0,1015.0
2026-07-09 13:10:00,1235.0,1236.5,1233.2,1233.9,1487.0
2026-07-09 13:15:00,1234.0,1235.8,1233.5,1234.9,521.0
2026-07-09 13:20:00,1235.2,1235.2,1233.4,1233.4,838.0
2026-07-09 13:25:00,1234.0,1235.8,1232.9,1235.7,769.0
2026-07-09 13:30:00,1235.0,1236.6,1234.0,1234.5,934.0
2026-07-09 13:35:00,1235.3,1235.4,1231.2,1231.3,1476.0
2026-07-09 13:40:00,1232.6,1235.2,1232.2,1235.0,1360.0
2026-07-09 13:45:00,1235.0,1235.0,1231.0,1232.5,831.0
2026-07-09 13:50:00,1233.6,1234.8,1232.3,1233.8,1595.0
2026-07-09 13:55:00,1233.6,1234.8,1231.5,1231.5,1098.0
2026-07-09 14:00:00,1232.3,1234.3,1231.3,1233.1,1860.0
2026-07-09 14:05:00,1233.9,1235.0,1232.2,1233.3,1049.0
2026-07-09 14:10:00,1233.2,1234.1,1230.9,1232.9,977.0
2026-07-09 14:15:00,1233.8,1234.4,1232.4,1233.8,1075.0
2026-07-09 14:20:00,1233.8,1235.4,1232.9,1234.1,1971.0
2026-07-09 14:25:00,1234.6,1235.6,1233.4,1234.6,865.0
2026-07-09 14:30:00,1234.6,1235.6,1233.4,1234.5,4301.0
2026-07-09 14:35:00,1235.1,1236.5,1234.3,1234.6,917.0
2026-07-09 14:40:00,1235.2,1236.0,1234.3,1235.4,1411.0
2026-07-09 14:45:00,1235.5,1236.5,1234.0,1235.2,2589.0
2026-07-09 14:50:00,1236.0,1237.7,1235.0,1237.4,1647.0
2026-07-09 14:55:00,1237.4,1239.0,1236.5,1238.9,2641.0
2026-07-09 15:00:00,1239.0,1241.6,1238.0,1241.4,8851.0
2026-07-09 15:05:00,1241.4,1241.5,1235.8,1237.5,7446.0
2026-07-09 15:10:00,1237.6,1237.7,1234.0,1234.7,6487.0
2026-07-09 15:15:00,1235.0,1235.0,1229.1,1230.0,11372.0
2026-07-09 15:20:00,1230.0,1230.0,1227.7,1230.0,5461.0
2026-07-09 15:25:00,1230.0,1230.0,1226.2,1230.0,9318.0
2026-07-10 09:15:00,1234.4,1243.0,1227.4,1239.2,9460.0
2026-07-10 09:20:00,1239.1,1243.0,1234.2,1234.4,4204.0
2026-07-10 09:25:00,1236.9,1240.4,1234.8,1240.4,5280.0
2026-07-10 09:30:00,1241.2,1249.9,1241.1,1249.0,9337.0
2026-07-10 09:35:00,1249.0,1254.8,1249.0,1250.6,8397.0
2026-07-10 09:40:00,1251.2,1252.0,1249.7,1251.5,4405.0
2026-07-10 09:45:00,1251.0,1252.0,1249.5,1251.1,4490.0
2026-07-10 09:50:00,1251.3,1252.0,1249.5,1250.4,3638.0
2026-07-10 09:55:00,1250.5,1252.0,1239.3,1243.0,13811.0
2026-07-10 10:00:00,1242.6,1244.5,1237.9,1237.9,9337.0
2026-07-10 10:05:00,1237.8,1244.8,1235.1,1244.8,19268.0
2026-07-10 10:10:00,1244.8,1252.5,1244.0,1251.6,8631.0
2026-07-10 10:15:00,1252.4,1254.0,1251.1,1253.8,3351.0
2026-07-10 10:20:00,1253.8,1254.8,1252.0,1253.4,2793.0
2026-07-10 10:25:00,1254.2,1256.0,1253.8,1255.4,10693.0
2026-07-10 10:30:00,1256.7,1268.0,1256.4,1267.4,73152.0
2026-07-10 10:35:00,1266.3,1268.5,1260.8,1266.9,36252.0
2026-07-10 10:40:00,1266.6,1271.0,1264.9,1265.0,59225.0
2026-07-10 10:45:00,1263.8,1264.7,1259.9,1263.3,12920.0
2026-07-10 10:50:00,1264.5,1267.5,1262.3,1262.3,10210.0
2026-07-10 10:55:00,1262.3,1266.0,1261.9,1264.0,6398.0
2026-07-10 11:00:00,1263.9,1264.8,1263.0,1264.3,3780.0
2026-07-10 11:05:00,1264.8,1265.6,1263.6,1265.0,4175.0
2026-07-10 11:10:00,1265.0,1266.6,1261.7,1263.1,14293.0
2026-07-10 11:15:00,1263.1,1265.9,1263.1,1265.0,3577.0
2026-07-10 11:20:00,1265.0,1269.3,1264.0,1267.9,13247.0
2026-07-10 11:25:00,1267.0,1270.1,1266.9,1268.1,12991.0
2026-07-10 11:30:00,1268.2,1269.7,1267.6,1269.6,3115.0
2026-07-10 11:35:00,1268.9,1270.9,1268.9,1269.4,8086.0
2026-07-10 11:40:00,1269.1,1270.9,1267.4,1268.6,5650.0
2026-07-10 11:45:00,1267.9,1270.0,1267.7,1269.4,2855.0
2026-07-10 11:50:00,1269.4,1270.5,1268.5,1269.9,4719.0
2026-07-10 11:55:00,1268.6,1270.1,1268.3,1269.9,6389.0
2026-07-10 12:00:00,1269.7,1272.0,1269.7,1271.9,12078.0
2026-07-10 12:05:00,1271.3,1272.0,1270.6,1271.4,3258.0
2026-07-10 12:10:00,1270.7,1273.0,1270.7,1272.5,4981.0
2026-07-10 12:15:00,1272.1,1273.0,1270.2,1271.6,10078.0
2026-07-10 12:20:00,1271.6,1272.0,1270.6,1272.0,9534.0
2026-07-10 12:25:00,1271.8,1277.4,1271.0,1276.5,47351.0
2026-07-10 12:30:00,1276.6,1283.0,1276.1,1279.8,60731.0
2026-07-10 12:35:00,1279.8,1287.0,1279.4,1281.2,18979.0
2026-07-10 12:40:00,1282.1,1282.3,1277.0,1278.3,7289.0
2026-07-10 12:45:00,1277.8,1280.4,1277.3,1278.7,5826.0
2026-07-10 12:50:00,1278.7,1280.7,1278.2,1280.3,5978.0
2026-07-10 12:55:00,1280.0,1281.9,1280.0,1281.9,9822.0
2026-07-10 13:00:00,1281.6,1281.9,1280.1,1281.0,4421.0
2026-07-10 13:05:00,1281.0,1282.0,1280.0,1280.9,8227.0
2026-07-10 13:10:00,1280.4,1282.0,1280.0,1280.9,3369.0
2026-07-10 13:15:00,1281.1,1283.0,1277.7,1278.2,15506.0
2026-07-10 13:20:00,1278.6,1279.6,1268.3,1269.3,22818.0
2026-07-10 13:25:00,1269.3,1270.0,1268.5,1269.2,5556.0
2026-07-10 13:30:00,1269.9,1270.5,1269.1,1270.0,15275.0
2026-07-10 13:35:00,1269.4,1271.2,1269.4,1270.0,6076.0
2026-07-10 13:40:00,1269.9,1270.5,1268.8,1269.8,5126.0
2026-07-10 13:45:00,1269.3,1270.8,1269.0,1269.6,6013.0
2026-07-10 13:50:00,1269.5,1270.2,1269.0,1270.0,4888.0
2026-07-10 13:55:00,1269.7,1270.5,1269.7,1270.0,6018.0
2026-07-10 14:00:00,1270.0,1271.1,1269.2,1269.5,14850.0
2026-07-10 14:05:00,1269.5,1270.8,1269.5,1270.0,6325.0
2026-07-10 14:10:00,1269.8,1270.0,1264.8,1265.5,18043.0
2026-07-10 14:15:00,1265.3,1269.5,1264.8,1268.5,6655.0
2026-07-10 14:20:00,1268.9,1270.4,1268.1,1270.0,6662.0
2026-07-10 14:25:00,1270.0,1270.3,1268.3,1269.8,16752.0
2026-07-10 14:30:00,1269.4,1270.0,1267.7,1269.4,6343.0
2026-07-10 14:35:00,1269.3,1269.8,1267.6,1269.3,4097.0
2026-07-10 14:40:00,1269.3,1270.0,1267.7,1268.9,10085.0
2026-07-10 14:45:00,1268.5,1270.0,1268.1,1269.8,3915.0
2026-07-10 14:50:00,1269.0,1269.8,1262.8,1263.3,10470.0
2026-07-10 14:55:00,1263.2,1264.9,1260.1,1260.9,7989.0
2026-07-10 15:00:00,1260.9,1266.0,1260.6,1265.6,9043.0
2026-07-10 15:05:00,1265.4,1266.8,1264.3,1266.0,6308.0
2026-07-10 15:10:00,1265.9,1266.9,1264.9,1265.0,6528.0
2026-07-10 15:15:00,1265.3,1266.1,1262.0,1266.0,25410.0
2026-07-10 15:20:00,1265.4,1266.1,1262.4,1264.9,11942.0
2026-07-10 15:25:00,1264.9,1267.0,1261.0,1267.0,35781.0
