timestamp,open,high,low,close,volume
2026-06-01 09:15:00,1102.0,1114.0,1094.0,1097.1,93997.0
2026-06-01 09:20:00,1097.1,1105.6,1095.4,1097.8,72711.0
2026-06-01 09:25:00,1097.7,1100.8,1094.2,1094.9,51432.0
2026-06-01 09:30:00,1094.5,1103.8,1089.0,1098.9,74979.0
2026-06-01 09:35:00,1098.0,1098.6,1085.9,1097.0,36557.0
2026-06-01 09:40:00,1097.0,1099.5,1095.0,1099.0,42289.0
2026-06-01 09:45:00,1099.0,1102.9,1098.0,1101.0,17793.0
2026-06-01 09:50:00,1101.0,1101.8,1092.2,1097.0,38569.0
2026-06-01 09:55:00,1096.5,1098.7,1093.5,1094.5,14858.0
2026-06-01 10:00:00,1094.6,1096.4,1090.9,1092.1,18506.0
2026-06-01 10:05:00,1092.1,1094.9,1091.3,1093.9,8237.0
2026-06-01 10:10:00,1092.9,1094.2,1090.0,1091.7,13676.0
2026-06-01 10:15:00,1091.6,1095.2,1091.2,1094.2,15830.0
2026-06-01 10:20:00,1094.2,1097.5,1093.0,1097.5,9150.0
2026-06-01 10:25:00,1097.5,1099.8,1096.4,1099.8,19188.0
2026-06-01 10:30:00,1099.9,1104.4,1099.0,1100.5,37412.0
2026-06-01 10:35:00,1100.0,1101.5,1098.0,1098.8,20045.0
2026-06-01 10:40:00,1099.2,1101.0,1098.5,1099.9,19314.0
2026-06-01 10:45:00,1099.9,1102.0,1099.3,1100.0,17746.0
2026-06-01 10:50:00,1099.9,1104.0,1097.5,1100.0,14053.0
2026-06-01 10:55:00,1099.2,1101.0,1097.9,1101.0,8259.0
2026-06-01 11:00:00,1100.4,1102.8,1100.2,1102.0,6349.0
2026-06-01 11:05:00,1102.0,1105.4,1102.0,1103.7,20073.0
2026-06-01 11:10:00,1103.2,1105.0,1102.7,1104.0,12918.0
2026-06-01 11:15:00,1104.2,1109.5,1103.0,1105.0,38008.0
2026-06-01 11:20:00,1104.2,1105.7,1104.1,1104.7,8262.0
2026-06-01 11:25:00,1104.7,1108.0,1104.0,1106.9,15479.0
2026-06-01 11:30:00,1106.9,1108.8,1104.0,1105.0,34473.0
2026-06-01 11:35:00,1104.7,1106.7,1104.6,1106.0,6064.0
2026-06-01 11:40:00,1106.4,1107.9,1105.0,1107.1,7209.0
2026-06-01 11:45:00,1106.5,1107.2,1104.9,1105.8,8986.0
2026-06-01 11:50:00,1105.6,1106.2,1104.5,1105.0,6772.0
2026-06-01 11:55:00,1105.0,1106.0,1103.2,1104.5,25374.0
2026-06-01 12:00:00,1103.0,1104.3,1101.0,1103.1,27652.0
2026-06-01 12:05:00,1103.2,1103.7,1101.6,1102.3,4235.0
2026-06-01 12:10:00,1102.2,1104.5,1102.0,1103.5,4438.0
2026-06-01 12:15:00,1103.6,1104.3,1102.2,1104.3,3140.0
2026-06-01 12:20:00,1104.3,1104.3,1103.2,1103.5,2184.0
2026-06-01 12:25:00,1104.0,1104.8,1103.1,1103.5,9559.0
2026-06-01 12:30:00,1104.0,1106.3,1103.3,1105.8,5998.0
2026-06-01 12:35:00,1105.9,1107.0,1104.7,1105.2,6521.0
2026-06-01 12:40:00,1106.1,1106.4,1104.3,1105.3,3644.0
2026-06-01 12:45:00,1105.3,1105.8,1103.7,1105.1,2695.0
2026-06-01 12:50:00,1105.2,1105.2,1103.7,1104.6,1446.0
2026-06-01 12:55:00,1105.8,1105.9,1104.2,1105.1,3086.0
2026-06-01 13:00:00,1105.4,1105.6,1104.1,1105.0,2683.0
2026-06-01 13:05:00,1105.0,1105.8,1103.0,1104.0,9064.0
2026-06-01 13:10:00,1103.3,1105.0,1099.1,1100.0,33477.0
2026-06-01 13:15:00,1100.2,1101.7,1100.0,1100.1,7339.0
2026-06-01 13:20:00,1100.1,1101.1,1099.5,1100.0,6371.0
2026-06-01 13:25:00,1100.0,1101.0,1099.5,1101.0,6536.0
2026-06-01 13:30:00,1100.2,1101.3,1099.7,1100.3,3898.0
2026-06-01 13:35:00,1100.3,1104.0,1100.0,1102.6,7300.0
2026-06-01 13:40:00,1102.7,1104.6,1101.0,1102.9,8289.0
2026-06-01 13:45:00,1103.4,1107.0,1102.1,1106.2,14023.0
2026-06-01 13:50:00,1106.2,1106.2,1103.6,1105.0,17750.0
2026-06-01 13:55:00,1105.0,1108.4,1104.5,1107.2,14721.0
2026-06-01 14:00:00,1108.0,1108.8,1106.5,1107.7,12444.0
2026-06-01 14:05:00,1108.0,1112.8,1107.8,1111.1,36790.0
2026-06-01 14:10:00,1111.5,1115.0,1110.5,1110.8,32183.0
2026-06-01 14:15:00,1110.5,1111.1,1107.7,1109.5,11649.0
2026-06-01 14:20:00,1109.7,1110.0,1107.1,1107.2,7645.0
2026-06-01 14:25:00,1107.5,1109.0,1107.1,1107.1,6037.0
2026-06-01 14:30:00,1106.8,1108.4,1105.7,1106.0,8281.0
2026-06-01 14:35:00,1105.4,1107.7,1105.3,1106.6,6900.0
2026-06-01 14:40:00,1107.3,1109.9,1106.2,1108.4,14035.0
2026-06-01 14:45:00,1108.4,1110.8,1108.0,1109.0,12931.0
2026-06-01 14:50:00,1109.0,1109.7,1106.2,1107.1,6329.0
2026-06-01 14:55:00,1107.2,1109.6,1107.0,1107.0,11434.0
2026-06-01 15:00:00,1106.9,1108.3,1105.1,1107.9,13190.0
2026-06-01 15:05:00,1107.6,1107.8,1105.5,1107.3,8932.0
2026-06-01 15:10:00,1106.8,1108.0,1106.3,1106.8,13193.0
2026-06-01 15:15:00,1107.3,1110.0,1105.2,1105.2,29104.0
2026-06-01 15:20:00,1105.2,1106.9,1105.0,1105.7,18648.0
2026-06-01 15:25:00,1105.7,1111.0,1105.1,1110.0,43036.0
2026-06-02 09:15:00,1101.0,1137.1,1097.0,1136.9,166025.0
2026-06-02 09:20:00,1135.3,1138.0,1129.7,1131.8,83190.0
2026-06-02 09:25:00,1131.8,1132.9,1127.8,1130.7,49444.0
2026-06-02 09:30:00,1131.0,1134.6,1129.3,1131.9,47570.0
2026-06-02 09:35:00,1131.8,1137.4,1131.5,1133.2,41692.0
2026-06-02 09:40:00,1133.8,1135.6,1129.9,1131.6,30066.0
2026-06-02 09:45:00,1132.4,1134.4,1130.0,1131.7,22873.0
2026-06-02 09:50:00,1131.8,1132.0,1130.1,1130.8,10619.0
2026-06-02 09:55:00,1131.0,1132.0,1130.1,1131.3,13125.0
2026-06-02 10:00:00,1131.3,1134.0,1130.6,1133.3,8932.0
2026-06-02 10:05:00,1133.9,1134.0,1130.0,1132.0,11166.0
2026-06-02 10:10:00,1131.7,1133.9,1130.4,1131.8,12384.0
2026-06-02 10:15:00,1131.6,1137.5,1131.6,1136.3,34344.0
2026-06-02 10:20:00,1136.0,1139.9,1135.9,1138.8,38918.0
2026-06-02 10:25:00,1138.8,1142.0,1138.7,1141.2,36874.0
2026-06-02 10:30:00,1141.2,1142.0,1140.0,1141.0,22808.0
2026-06-02 10:35:00,1141.0,1146.0,1140.2,1145.8,55432.0
2026-06-02 10:40:00,1145.8,1146.8,1142.7,1145.8,53001.0
2026-06-02 10:45:00,1145.1,1146.8,1143.0,1143.0,13004.0
2026-06-02 10:50:00,1144.0,1148.0,1143.6,1146.9,20317.0
2026-06-02 10:55:00,1146.2,1146.9,1143.1,1145.0,25638.0
2026-06-02 11:00:00,1145.5,1147.8,1144.9,1146.0,10560.0
2026-06-02 11:05:00,1146.0,1148.4,1144.5,1146.3,17244.0
2026-06-02 11:10:00,1146.0,1150.0,1145.6,1148.0,26067.0
2026-06-02 11:15:00,1148.5,1151.2,1144.1,1150.1,49527.0
2026-06-02 11:20:00,1150.7,1152.9,1150.0,1150.6,29705.0
2026-06-02 11:25:00,1150.6,1151.1,1150.0,1150.3,13309.0
2026-06-02 11:30:00,1150.3,1152.0,1150.0,1150.5,9237.0
2026-06-02 11:35:00,1150.5,1152.4,1143.8,1145.8,63520.0
2026-06-02 11:40:00,1145.1,1150.7,1144.3,1148.5,22497.0
2026-06-02 11:45:00,1148.3,1149.6,1146.3,1149.3,16195.0
2026-06-02 11:50:00,1149.3,1153.9,1147.4,1150.8,23026.0
2026-06-02 11:55:00,1151.3,1153.9,1150.3,1153.1,21640.0
2026-06-02 12:00:00,1153.6,1154.9,1150.9,1151.3,23814.0
2026-06-02 12:05:00,1151.9,1157.8,1150.0,1157.8,61767.0
2026-06-02 12:10:00,1158.3,1158.9,1155.0,1155.5,24934.0
2026-06-02 12:15:00,1155.0,1156.4,1151.8,1152.2,25825.0
2026-06-02 12:20:00,1152.3,1155.6,1150.9,1153.5,43984.0
2026-06-02 12:25:00,1153.5,1155.0,1151.0,1151.4,14118.0
2026-06-02 12:30:00,1152.2,1154.5,1150.0,1153.0,25039.0
2026-06-02 12:35:00,1153.0,1153.5,1151.0,1151.6,17952.0
2026-06-02 12:40:00,1152.1,1155.0,1150.5,1153.5,24138.0
2026-06-02 12:45:00,1154.0,1155.7,1153.5,1154.3,16174.0
2026-06-02 12:50:00,1155.0,1158.8,1154.6,1155.5,21219.0
2026-06-02 12:55:00,1156.0,1158.0,1156.0,1157.8,22322.0
2026-06-02 13:00:00,1157.5,1162.0,1156.2,1161.1,36018.0
2026-06-02 13:05:00,1160.9,1162.0,1158.1,1160.0,37941.0
2026-06-02 13:10:00,1160.5,1162.1,1160.0,1160.4,22238.0
2026-06-02 13:15:00,1160.7,1165.7,1160.5,1162.0,38852.0
2026-06-02 13:20:00,1161.5,1164.8,1161.1,1164.5,18726.0
2026-06-02 13:25:00,1164.5,1167.0,1160.3,1161.0,47231.0
2026-06-02 13:30:00,1161.0,1163.2,1161.0,1162.3,28878.0
2026-06-02 13:35:00,1162.1,1163.0,1161.0,1162.2,15351.0
2026-06-02 13:40:00,1161.5,1163.0,1161.1,1162.8,14524.0
2026-06-02 13:45:00,1163.0,1163.7,1160.0,1162.8,29013.0
2026-06-02 13:50:00,1162.1,1164.7,1160.0,1162.3,19477.0
2026-06-02 13:55:00,1161.5,1162.6,1160.0,1161.5,13909.0
2026-06-02 14:00:00,1161.1,1162.0,1159.5,1161.4,14563.0
2026-06-02 14:05:00,1161.5,1161.5,1159.0,1161.1,19374.0
2026-06-02 14:10:00,1161.0,1161.5,1159.9,1161.0,9771.0
2026-06-02 14:15:00,1160.5,1161.0,1158.4,1159.9,13403.0
2026-06-02 14:20:00,1159.9,1161.5,1158.9,1160.2,18557.0
2026-06-02 14:25:00,1160.0,1160.9,1159.2,1160.1,14862.0
2026-06-02 14:30:00,1159.6,1161.4,1159.4,1161.0,10148.0
2026-06-02 14:35:00,1161.0,1163.0,1156.9,1158.8,41759.0
2026-06-02 14:40:00,1158.8,1159.9,1156.4,1159.4,18410.0
2026-06-02 14:45:00,1159.0,1159.9,1157.0,1159.8,9138.0
2026-06-02 14:50:00,1159.1,1161.6,1158.5,1159.8,23192.0
2026-06-02 14:55:00,1159.1,1161.9,1159.1,1159.7,15451.0
2026-06-02 15:00:00,1159.5,1164.3,1158.0,1162.8,30831.0
2026-06-02 15:05:00,1163.0,1165.0,1162.9,1164.3,30508.0
2026-06-02 15:10:00,1164.3,1165.0,1162.2,1164.0,36852.0
2026-06-02 15:15:00,1163.3,1170.0,1163.0,1168.0,90451.0
2026-06-02 15:20:00,1168.0,1174.0,1167.1,1169.0,64749.0
2026-06-02 15:25:00,1169.1,1171.1,1166.9,1168.0,53434.0
2026-06-03 09:15:00,1172.0,1180.8,1165.1,1168.4,128675.0
2026-06-03 09:20:00,1168.0,1168.8,1156.7,1160.6,57585.0
2026-06-03 09:25:00,1161.5,1176.0,1160.5,1169.9,43775.0
2026-06-03 09:30:00,1169.9,1174.8,1169.2,1170.9,31880.0
2026-06-03 09:35:00,1171.0,1176.8,1170.0,1171.2,35257.0
2026-06-03 09:40:00,1171.9,1175.0,1170.0,1175.0,16237.0
2026-06-03 09:45:00,1174.4,1175.5,1171.5,1171.5,17250.0
2026-06-03 09:50:00,1171.4,1173.2,1169.1,1169.3,22953.0
2026-06-03 09:55:00,1171.0,1175.0,1170.0,1172.0,18113.0
2026-06-03 10:00:00,1172.0,1174.7,1169.0,1174.2,24361.0
2026-06-03 10:05:00,1174.2,1179.6,1173.8,1176.9,18226.0
2026-06-03 10:10:00,1176.9,1177.5,1175.0,1175.0,12980.0
2026-06-03 10:15:00,1175.0,1178.0,1173.5,1176.6,45301.0
2026-06-03 10:20:00,1177.0,1191.9,1177.0,1183.7,107349.0
2026-06-03 10:25:00,1184.6,1188.4,1183.5,1185.4,39490.0
2026-06-03 10:30:00,1184.4,1192.0,1184.4,1190.5,90072.0
2026-06-03 10:35:00,1190.2,1193.4,1189.0,1190.1,42590.0
2026-06-03 10:40:00,1190.0,1193.3,1187.3,1188.6,43118.0
2026-06-03 10:45:00,1187.5,1190.5,1186.6,1189.4,26958.0
2026-06-03 10:50:00,1189.0,1189.4,1185.9,1187.1,18084.0
2026-06-03 10:55:00,1187.0,1188.0,1182.6,1186.7,23923.0
2026-06-03 11:00:00,1186.1,1187.7,1182.4,1183.6,14331.0
2026-06-03 11:05:00,1183.5,1186.6,1180.6,1185.4,27633.0
2026-06-03 11:10:00,1185.2,1185.7,1181.7,1183.5,13031.0
2026-06-03 11:15:00,1183.5,1185.9,1181.6,1183.7,10617.0
2026-06-03 11:20:00,1183.6,1186.3,1183.6,1185.5,5802.0
2026-06-03 11:25:00,1185.5,1187.5,1183.5,1184.9,6516.0
2026-06-03 11:30:00,1185.0,1190.5,1184.4,1188.9,15885.0
2026-06-03 11:35:00,1188.2,1189.0,1185.7,1187.7,5892.0
2026-06-03 11:40:00,1187.7,1190.4,1187.3,1189.5,27434.0
2026-06-03 11:45:00,1189.5,1189.7,1185.1,1187.8,13757.0
2026-06-03 11:50:00,1188.4,1188.9,1186.1,1186.6,21731.0
2026-06-03 11:55:00,1185.9,1188.8,1181.5,1183.8,16703.0
2026-06-03 12:00:00,1183.8,1188.0,1179.6,1181.5,26993.0
2026-06-03 12:05:00,1182.3,1183.7,1179.6,1181.5,15613.0
2026-06-03 12:10:00,1181.5,1184.5,1179.4,1183.8,12190.0
2026-06-03 12:15:00,1183.6,1189.0,1181.8,1189.0,35963.0
2026-06-03 12:20:00,1189.0,1191.5,1189.0,1191.0,20476.0
2026-06-03 12:25:00,1190.9,1192.0,1188.0,1190.3,23439.0
2026-06-03 12:30:00,1190.7,1192.8,1190.3,1192.4,9972.0
2026-06-03 12:35:00,1192.4,1194.0,1191.8,1193.9,17651.0
2026-06-03 12:40:00,1193.7,1196.2,1191.3,1193.8,29194.0
2026-06-03 12:45:00,1194.3,1194.6,1191.6,1193.3,11142.0
2026-06-03 12:50:00,1194.0,1194.1,1191.2,1191.7,8318.0
2026-06-03 12:55:00,1191.3,1193.0,1191.3,1192.4,3823.0
2026-06-03 13:00:00,1192.4,1192.5,1186.5,1188.6,45914.0
2026-06-03 13:05:00,1188.2,1189.5,1184.5,1185.4,15228.0
2026-06-03 13:10:00,1185.4,1187.0,1185.0,1187.0,5649.0
2026-06-03 13:15:00,1187.7,1188.5,1187.2,1187.2,6426.0
2026-06-03 13:20:00,1186.6,1191.7,1186.6,1190.3,8682.0
2026-06-03 13:25:00,1190.3,1193.7,1188.0,1192.7,14127.0
2026-06-03 13:30:00,1193.6,1193.8,1191.8,1191.8,6923.0
2026-06-03 13:35:00,1192.6,1194.0,1191.5,1193.7,5148.0
2026-06-03 13:40:00,1193.6,1194.6,1192.2,1194.0,6936.0
2026-06-03 13:45:00,1193.8,1196.9,1193.6,1196.0,16752.0
2026-06-03 13:50:00,1196.0,1203.3,1192.5,1193.0,100700.0
2026-06-03 13:55:00,1193.0,1196.0,1192.1,1195.7,18450.0
2026-06-03 14:00:00,1195.9,1199.3,1195.5,1197.6,15429.0
2026-06-03 14:05:00,1197.8,1201.3,1197.5,1199.8,30044.0
2026-06-03 14:10:00,1199.7,1201.0,1197.9,1199.2,8950.0
2026-06-03 14:15:00,1199.6,1202.0,1198.6,1201.2,14512.0
2026-06-03 14:20:00,1201.4,1202.0,1200.6,1201.9,7301.0
2026-06-03 14:25:00,1201.5,1214.8,1201.5,1208.0,91750.0
2026-06-03 14:30:00,1208.2,1208.7,1198.8,1202.5,44415.0
2026-06-03 14:35:00,1202.5,1203.1,1198.4,1200.0,31249.0
2026-06-03 14:40:00,1200.0,1200.1,1199.1,1199.8,9595.0
2026-06-03 14:45:00,1200.0,1200.9,1197.0,1197.4,12879.0
2026-06-03 14:50:00,1197.5,1199.8,1194.0,1196.0,27522.0
2026-06-03 14:55:00,1196.0,1196.1,1193.0,1194.2,20962.0
2026-06-03 15:00:00,1193.4,1194.1,1191.0,1193.3,27361.0
2026-06-03 15:05:00,1193.4,1196.0,1191.3,1192.9,19460.0
2026-06-03 15:10:00,1192.9,1196.0,1192.5,1195.9,21677.0
2026-06-03 15:15:00,1195.9,1198.9,1193.2,1198.2,37664.0
2026-06-03 15:20:00,1197.1,1198.5,1194.7,1196.2,27684.0
2026-06-03 15:25:00,1196.3,1198.4,1191.3,1195.1,41450.0
2026-06-04 09:15:00,1195.1,1209.4,1189.4,1207.7,60980.0
2026-06-04 09:20:00,1207.7,1221.9,1206.5,1214.8,100480.0
2026-06-04 09:25:00,1213.8,1216.2,1208.7,1213.0,65247.0
2026-06-04 09:30:00,1213.0,1215.9,1211.0,1215.1,27947.0
2026-06-04 09:35:00,1215.7,1219.0,1212.2,1216.2,40814.0
2026-06-04 09:40:00,1216.0,1219.8,1214.1,1218.1,20191.0
2026-06-04 09:45:00,1218.0,1224.6,1218.0,1222.9,55719.0
2026-06-04 09:50:00,1223.0,1224.5,1221.1,1222.6,31824.0
2026-06-04 09:55:00,1222.5,1223.9,1221.3,1222.2,18883.0
2026-06-04 10:00:00,1221.5,1222.4,1217.5,1218.4,27445.0
2026-06-04 10:05:00,1219.0,1226.4,1217.0,1224.5,26189.0
2026-06-04 10:10:00,1224.5,1228.4,1223.0,1226.6,29833.0
2026-06-04 10:15:00,1227.5,1227.6,1222.2,1223.3,31076.0
2026-06-04 10:20:00,1224.3,1224.6,1223.0,1223.9,13437.0
2026-06-04 10:25:00,1224.0,1224.8,1220.8,1221.9,36817.0
2026-06-04 10:30:00,1222.9,1223.7,1220.0,1222.4,15872.0
2026-06-04 10:35:00,1223.1,1229.8,1222.4,1226.9,29584.0
2026-06-04 10:40:00,1225.8,1226.5,1223.7,1225.9,10250.0
2026-06-04 10:45:00,1225.5,1231.6,1223.8,1231.5,25638.0
2026-06-04 10:50:00,1230.9,1231.5,1225.1,1225.2,17345.0
2026-06-04 10:55:00,1226.1,1228.6,1225.0,1226.0,11582.0
2026-06-04 11:00:00,1226.7,1229.5,1225.0,1226.2,14953.0
2026-06-04 11:05:00,1225.3,1228.0,1225.0,1225.7,13737.0
2026-06-04 11:10:00,1225.5,1226.3,1224.0,1224.7,14658.0
2026-06-04 11:15:00,1225.1,1226.5,1224.0,1226.0,10785.0
2026-06-04 11:20:00,1226.0,1227.0,1225.0,1226.8,9076.0
2026-06-04 11:25:00,1227.2,1228.3,1225.0,1226.0,13891.0
2026-06-04 11:30:00,1226.6,1227.9,1225.0,1227.9,11702.0
2026-06-04 11:35:00,1227.9,1229.0,1226.6,1227.8,9878.0
2026-06-04 11:40:00,1227.4,1230.5,1226.1,1228.0,13883.0
2026-06-04 11:45:00,1228.8,1230.3,1227.9,1229.1,9878.0
2026-06-04 11:50:00,1229.1,1230.3,1227.7,1228.5,8216.0
2026-06-04 11:55:00,1229.4,1230.5,1228.6,1229.6,2682.0
2026-06-04 12:00:00,1229.6,1234.0,1229.0,1232.3,22616.0
2026-06-04 12:05:00,1232.0,1232.5,1229.2,1231.0,22530.0
2026-06-04 12:10:00,1231.0,1231.9,1229.4,1230.0,10214.0
2026-06-04 12:15:00,1229.4,1230.3,1225.2,1225.9,37483.0
2026-06-04 12:20:00,1226.5,1227.3,1225.0,1225.7,11457.0
2026-06-04 12:25:00,1225.7,1226.6,1225.0,1225.1,4856.0
2026-06-04 12:30:00,1225.0,1227.2,1224.4,1225.9,22933.0
2026-06-04 12:35:00,1225.4,1226.7,1224.3,1226.7,7797.0
2026-06-04 12:40:00,1226.5,1227.9,1225.1,1227.3,7994.0
2026-06-04 12:45:00,1227.3,1229.5,1227.0,1228.4,4420.0
2026-06-04 12:50:00,1228.2,1229.4,1227.1,1227.5,4766.0
2026-06-04 12:55:00,1228.0,1228.4,1226.1,1226.9,10867.0
2026-06-04 13:00:00,1226.1,1228.5,1225.2,1228.2,8630.0
2026-06-04 13:05:00,1228.1,1230.9,1226.7,1230.7,14594.0
2026-06-04 13:10:00,1230.0,1230.8,1226.2,1227.0,8088.0
2026-06-04 13:15:00,1227.0,1227.1,1225.0,1227.1,8627.0
2026-06-04 13:20:00,1226.3,1228.0,1225.0,1225.7,8912.0
2026-06-04 13:25:00,1225.1,1227.0,1225.0,1225.9,5205.0
2026-06-04 13:30:00,1225.4,1229.6,1225.0,1227.9,9599.0
2026-06-04 13:35:00,1227.7,1228.0,1227.2,1228.0,3250.0
2026-06-04 13:40:00,1228.0,1228.0,1226.1,1226.9,2296.0
2026-06-04 13:45:00,1226.9,1229.0,1225.0,1225.3,15628.0
2026-06-04 13:50:00,1225.0,1228.2,1225.0,1227.9,4540.0
2026-06-04 13:55:00,1227.6,1228.3,1225.8,1225.8,5526.0
2026-06-04 14:00:00,1226.8,1228.2,1225.9,1227.2,6676.0
2026-06-04 14:05:00,1227.6,1228.1,1226.8,1227.1,3316.0
2026-06-04 14:10:00,1227.3,1228.0,1226.0,1227.6,6051.0
2026-06-04 14:15:00,1227.3,1227.8,1225.0,1225.5,7846.0
2026-06-04 14:20:00,1225.0,1226.3,1225.0,1225.4,7842.0
2026-06-04 14:25:00,1225.0,1226.9,1225.0,1226.5,16630.0
2026-06-04 14:30:00,1226.0,1227.9,1225.5,1227.0,4837.0
2026-06-04 14:35:00,1226.5,1228.9,1226.0,1227.9,11093.0
2026-06-04 14:40:00,1227.7,1228.0,1226.0,1226.6,3694.0
2026-06-04 14:45:00,1226.3,1226.9,1220.6,1224.2,22190.0
2026-06-04 14:50:00,1223.7,1225.3,1223.2,1224.9,23468.0
2026-06-04 14:55:00,1225.0,1225.9,1222.6,1225.3,13400.0
2026-06-04 15:00:00,1225.6,1225.9,1221.5,1221.9,27423.0
2026-06-04 15:05:00,1221.6,1223.0,1219.7,1221.0,21898.0
2026-06-04 15:10:00,1220.8,1222.8,1220.5,1221.3,18537.0
2026-06-04 15:15:00,1221.3,1222.9,1219.0,1221.5,32418.0
2026-06-04 15:20:00,1221.5,1222.4,1218.1,1220.7,22830.0
2026-06-04 15:25:00,1220.9,1225.0,1219.0,1224.8,27579.0
2026-06-05 09:15:00,1230.0,1233.3,1220.0,1224.5,34236.0
2026-06-05 09:20:00,1222.1,1225.0,1220.8,1221.6,27804.0
2026-06-05 09:25:00,1220.6,1222.4,1216.4,1222.0,23687.0
2026-06-05 09:30:00,1222.0,1229.7,1222.0,1228.4,19224.0
2026-06-05 09:35:00,1228.4,1231.0,1224.6,1228.5,13699.0
2026-06-05 09:40:00,1228.0,1228.0,1223.1,1223.1,5758.0
2026-06-05 09:45:00,1223.2,1227.6,1222.2,1226.3,6858.0
2026-06-05 09:50:00,1225.1,1229.4,1225.0,1227.1,7755.0
2026-06-05 09:55:00,1227.2,1228.2,1225.0,1225.3,4139.0
2026-06-05 10:00:00,1226.0,1226.5,1218.0,1218.1,12151.0
2026-06-05 10:05:00,1218.0,1220.0,1216.1,1218.1,9637.0
2026-06-05 10:10:00,1218.9,1224.9,1218.2,1222.8,7413.0
2026-06-05 10:15:00,1222.7,1222.8,1218.6,1222.0,18454.0
2026-06-05 10:20:00,1222.1,1222.1,1217.5,1219.4,8985.0
2026-06-05 10:25:00,1220.0,1226.0,1215.0,1224.2,19330.0
2026-06-05 10:30:00,1224.1,1228.7,1223.1,1227.1,11936.0
2026-06-05 10:35:00,1227.5,1227.5,1220.1,1223.8,11925.0
2026-06-05 10:40:00,1223.5,1225.0,1222.0,1223.6,5326.0
2026-06-05 10:45:00,1223.4,1226.0,1221.0,1225.5,6774.0
2026-06-05 10:50:00,1225.8,1227.0,1225.0,1226.9,2419.0
2026-06-05 10:55:00,1226.9,1231.4,1226.0,1231.4,21516.0
2026-06-05 11:00:00,1231.4,1234.0,1230.5,1231.0,14406.0
2026-06-05 11:05:00,1231.8,1232.4,1229.9,1231.1,7903.0
2026-06-05 11:10:00,1231.2,1231.2,1228.0,1228.7,3303.0
2026-06-05 11:15:00,1228.2,1229.4,1227.1,1229.0,3021.0
2026-06-05 11:20:00,1229.2,1229.2,1225.0,1225.0,7899.0
2026-06-05 11:25:00,1225.3,1226.2,1222.5,1224.7,7877.0
2026-06-05 11:30:00,1225.0,1226.7,1225.0,1225.0,3150.0
2026-06-05 11:35:00,1224.6,1224.8,1222.0,1224.7,3777.0
2026-06-05 11:40:00,1224.7,1226.1,1224.0,1225.6,2198.0
2026-06-05 11:45:00,1225.6,1227.5,1225.0,1226.1,4190.0
2026-06-05 11:50:00,1226.3,1226.4,1224.6,1225.0,1908.0
2026-06-05 11:55:00,1224.9,1226.0,1223.1,1224.5,2790.0
2026-06-05 12:00:00,1224.6,1226.0,1223.4,1225.9,5210.0
2026-06-05 12:05:00,1226.0,1227.0,1225.3,1226.5,2695.0
2026-06-05 12:10:00,1226.5,1227.4,1224.7,1226.6,3098.0
2026-06-05 12:15:00,1227.2,1227.5,1226.3,1226.3,2302.0
2026-06-05 12:20:00,1227.0,1229.7,1225.5,1229.7,4808.0
2026-06-05 12:25:00,1229.7,1230.0,1225.0,1225.3,4395.0
2026-06-05 12:30:00,1226.2,1226.9,1222.2,1223.2,6085.0
2026-06-05 12:35:00,1223.1,1226.9,1223.1,1225.7,5762.0
2026-06-05 12:40:00,1225.0,1226.0,1223.9,1225.3,5026.0
2026-06-05 12:45:00,1226.0,1227.6,1224.2,1227.5,3079.0
2026-06-05 12:50:00,1227.5,1227.6,1225.0,1225.0,7098.0
2026-06-05 12:55:00,1225.0,1226.4,1224.4,1224.7,2788.0
2026-06-05 13:00:00,1224.9,1226.8,1224.2,1225.1,3922.0
2026-06-05 13:05:00,1225.6,1225.8,1222.3,1223.6,4869.0
2026-06-05 13:10:00,1223.4,1223.9,1221.2,1221.4,5629.0
2026-06-05 13:15:00,1220.4,1224.3,1220.4,1223.6,4659.0
2026-06-05 13:20:00,1223.8,1225.5,1215.0,1218.2,24581.0
2026-06-05 13:25:00,1217.9,1218.7,1215.3,1215.7,8734.0
2026-06-05 13:30:00,1215.6,1219.9,1212.8,1218.6,19962.0
2026-06-05 13:35:00,1218.6,1220.0,1218.0,1219.6,8018.0
2026-06-05 13:40:00,1219.4,1220.0,1215.6,1216.8,7137.0
2026-06-05 13:45:00,1216.7,1218.0,1215.2,1216.7,7412.0
2026-06-05 13:50:00,1216.7,1218.0,1215.1,1218.0,6741.0
2026-06-05 13:55:00,1218.0,1218.8,1216.1,1218.0,12135.0
2026-06-05 14:00:00,1217.6,1223.3,1217.6,1221.3,13130.0
2026-06-05 14:05:00,1221.3,1222.5,1220.0,1221.5,7647.0
2026-06-05 14:10:00,1221.6,1222.4,1220.1,1222.4,7958.0
2026-06-05 14:15:00,1222.4,1223.4,1221.0,1223.0,7342.0
2026-06-05 14:20:00,1222.2,1223.1,1220.2,1221.2,11389.0
2026-06-05 14:25:00,1221.0,1222.2,1220.0,1221.4,6361.0
2026-06-05 14:30:00,1221.8,1222.5,1218.6,1218.9,10653.0
2026-06-05 14:35:00,1218.9,1221.7,1215.7,1221.3,10845.0
2026-06-05 14:40:00,1221.3,1224.7,1219.9,1224.0,11842.0
2026-06-05 14:45:00,1224.6,1225.0,1219.0,1220.9,9060.0
2026-06-05 14:50:00,1221.5,1222.6,1220.2,1221.7,7224.0
2026-06-05 14:55:00,1221.8,1224.8,1220.8,1224.0,11496.0
2026-06-05 15:00:00,1223.7,1224.8,1222.0,1224.1,10918.0
2026-06-05 15:05:00,1224.2,1224.3,1223.5,1224.0,5884.0
2026-06-05 15:10:00,1223.8,1224.6,1223.1,1223.1,10385.0
2026-06-05 15:15:00,1223.5,1229.3,1223.0,1229.3,21416.0
2026-06-05 15:20:00,1229.2,1229.9,1225.4,1228.9,20680.0
2026-06-05 15:25:00,1228.6,1232.3,1225.2,1230.1,39486.0
2026-06-08 09:15:00,1194.0,1219.5,1180.4,1218.8,92786.0
2026-06-08 09:20:00,1219.6,1225.6,1211.0,1219.0,48974.0
2026-06-08 09:25:00,1219.8,1221.6,1213.9,1219.2,20097.0
2026-06-08 09:30:00,1219.0,1226.7,1218.7,1224.5,20490.0
2026-06-08 09:35:00,1223.5,1223.5,1216.3,1216.8,15905.0
2026-06-08 09:40:00,1217.9,1221.1,1216.5,1218.6,14202.0
2026-06-08 09:45:00,1218.5,1224.9,1217.0,1217.5,15923.0
2026-06-08 09:50:00,1217.0,1220.0,1215.1,1219.8,5977.0
2026-06-08 09:55:00,1220.7,1224.0,1219.8,1223.8,5006.0
2026-06-08 10:00:00,1223.9,1224.0,1220.0,1220.6,7039.0
2026-06-08 10:05:00,1221.0,1228.9,1211.7,1227.0,23869.0
2026-06-08 10:10:00,1226.2,1228.0,1225.7,1226.5,8868.0
2026-06-08 10:15:00,1227.0,1227.0,1221.1,1221.9,4490.0
2026-06-08 10:20:00,1222.7,1223.2,1220.1,1221.0,2569.0
2026-06-08 10:25:00,1220.4,1221.6,1218.9,1219.2,7035.0
2026-06-08 10:30:00,1219.2,1221.3,1218.1,1220.0,11668.0
2026-06-08 10:35:00,1220.5,1221.9,1219.6,1220.2,1915.0
2026-06-08 10:40:00,1220.9,1223.0,1220.0,1221.5,2983.0
2026-06-08 10:45:00,1220.2,1221.9,1220.1,1221.9,5662.0
2026-06-08 10:50:00,1222.7,1222.9,1220.9,1221.6,2690.0
2026-06-08 10:55:00,1222.1,1224.0,1221.8,1224.0,5612.0
2026-06-08 11:00:00,1223.4,1224.4,1222.3,1223.0,4773.0
2026-06-08 11:05:00,1222.3,1222.9,1220.3,1221.8,2999.0
2026-06-08 11:10:00,1222.0,1222.2,1220.3,1221.0,3354.0
2026-06-08 11:15:00,1220.5,1222.3,1220.1,1220.3,4046.0
2026-06-08 11:20:00,1221.2,1221.4,1218.1,1218.1,6039.0
2026-06-08 11:25:00,1218.1,1228.2,1218.0,1226.4,13588.0
2026-06-08 11:30:00,1227.0,1228.1,1223.6,1225.0,5026.0
2026-06-08 11:35:00,1224.1,1225.3,1223.0,1224.7,3713.0
2026-06-08 11:40:00,1224.1,1224.7,1223.1,1224.6,2014.0
2026-06-08 11:45:00,1223.7,1224.7,1221.4,1222.2,4564.0
2026-06-08 11:50:00,1221.1,1222.9,1220.9,1222.0,2349.0
2026-06-08 11:55:00,1221.2,1222.3,1219.3,1221.0,3700.0
2026-06-08 12:00:00,1220.8,1221.3,1219.2,1219.9,5799.0
2026-06-08 12:05:00,1219.0,1222.9,1219.0,1222.9,6238.0
2026-06-08 12:10:00,1222.9,1224.4,1220.7,1222.0,7147.0
2026-06-08 12:15:00,1221.1,1223.0,1220.2,1220.5,4372.0
2026-06-08 12:20:00,1220.5,1222.9,1220.0,1222.3,5015.0
2026-06-08 12:25:00,1221.9,1222.8,1221.0,1221.9,3907.0
2026-06-08 12:30:00,1221.6,1222.9,1220.1,1222.2,5270.0
2026-06-08 12:35:00,1222.2,1223.3,1220.7,1222.7,5293.0
2026-06-08 12:40:00,1222.0,1223.7,1221.5,1222.7,4450.0
2026-06-08 12:45:00,1221.9,1223.3,1221.0,1222.6,2814.0
2026-06-08 12:50:00,1221.9,1224.0,1221.8,1222.9,2438.0
2026-06-08 12:55:00,1222.1,1223.4,1221.0,1221.7,2369.0
2026-06-08 13:00:00,1220.9,1222.8,1220.2,1221.0,2562.0
2026-06-08 13:05:00,1220.3,1221.8,1219.1,1220.2,8071.0
2026-06-08 13:10:00,1220.0,1221.0,1219.0,1220.7,4467.0
2026-06-08 13:15:00,1220.8,1221.7,1219.1,1220.3,6818.0
2026-06-08 13:20:00,1220.0,1222.0,1220.0,1220.9,6903.0
2026-06-08 13:25:00,1221.7,1221.8,1219.6,1221.0,9980.0
2026-06-08 13:30:00,1220.9,1221.2,1219.5,1220.2,3965.0
2026-06-08 13:35:00,1220.0,1220.2,1199.6,1199.6,49329.0
2026-06-08 13:40:00,1198.0,1202.8,1188.0,1202.4,54885.0
2026-06-08 13:45:00,1202.0,1204.0,1191.8,1192.5,24685.0
2026-06-08 13:50:00,1192.3,1192.3,1185.6,1186.9,21078.0
2026-06-08 13:55:00,1187.0,1187.8,1185.5,1185.5,8241.0
2026-06-08 14:00:00,1185.5,1193.9,1184.0,1192.0,37114.0
2026-06-08 14:05:00,1192.2,1192.2,1185.7,1186.9,6595.0
2026-06-08 14:10:00,1186.2,1186.9,1182.8,1182.8,14021.0
2026-06-08 14:15:00,1182.2,1203.8,1182.0,1201.8,63232.0
2026-06-08 14:20:00,1201.7,1202.1,1195.6,1200.0,14538.0
2026-06-08 14:25:00,1200.2,1200.7,1193.0,1199.0,25395.0
2026-06-08 14:30:00,1199.0,1202.7,1194.4,1200.6,7030.0
2026-06-08 14:35:00,1200.8,1201.7,1199.4,1200.0,4724.0
2026-06-08 14:40:00,1200.0,1205.2,1200.0,1204.5,9347.0
2026-06-08 14:45:00,1205.5,1205.5,1201.6,1203.1,9361.0
2026-06-08 14:50:00,1203.1,1212.5,1202.3,1207.2,24621.0
2026-06-08 14:55:00,1207.2,1208.1,1203.2,1204.5,22159.0
2026-06-08 15:00:00,1206.5,1209.6,1202.0,1202.0,24574.0
2026-06-08 15:05:00,1202.1,1204.6,1200.5,1203.3,21500.0
2026-06-08 15:10:00,1203.7,1208.3,1203.3,1208.0,21131.0
2026-06-08 15:15:00,1208.4,1209.3,1203.3,1203.7,29220.0
2026-06-08 15:20:00,1203.8,1205.0,1198.9,1198.9,29934.0
2026-06-08 15:25:00,1199.5,1199.9,1184.8,1190.0,44184.0
2026-06-09 09:15:00,1200.1,1244.9,1195.0,1243.7,94281.0
2026-06-09 09:20:00,1243.4,1246.3,1232.1,1237.4,89308.0
2026-06-09 09:25:00,1237.4,1238.9,1222.2,1224.7,45758.0
2026-06-09 09:30:00,1224.7,1237.2,1224.1,1236.1,44655.0
2026-06-09 09:35:00,1236.1,1241.3,1236.1,1241.3,23377.0
2026-06-09 09:40:00,1241.3,1243.0,1239.0,1240.2,21270.0
2026-06-09 09:45:00,1241.0,1242.0,1238.3,1238.3,9667.0
2026-06-09 09:50:00,1238.1,1242.0,1237.5,1240.0,10387.0
2026-06-09 09:55:00,1240.5,1240.5,1236.4,1238.0,18854.0
2026-06-09 10:00:00,1238.0,1240.0,1236.4,1237.5,3921.0
2026-06-09 10:05:00,1237.3,1238.5,1236.1,1238.5,6121.0
2026-06-09 10:10:00,1238.9,1241.0,1238.8,1239.4,7253.0
2026-06-09 10:15:00,1240.7,1240.7,1232.5,1235.0,14186.0
2026-06-09 10:20:00,1235.0,1235.0,1230.5,1231.4,9460.0
2026-06-09 10:25:00,1231.0,1233.9,1228.1,1233.8,11408.0
2026-06-09 10:30:00,1233.8,1235.0,1233.0,1235.0,3138.0
2026-06-09 10:35:00,1234.8,1234.8,1231.0,1233.2,4439.0
2026-06-09 10:40:00,1232.7,1233.9,1231.8,1233.2,6605.0
2026-06-09 10:45:00,1233.2,1243.0,1233.2,1239.9,15670.0
2026-06-09 10:50:00,1239.6,1241.5,1238.0,1240.8,13157.0
2026-06-09 10:55:00,1241.5,1242.8,1240.7,1241.5,7035.0
2026-06-09 11:00:00,1242.2,1246.2,1242.2,1245.9,30143.0
2026-06-09 11:05:00,1245.9,1250.9,1244.8,1250.0,39602.0
2026-06-09 11:10:00,1250.0,1250.9,1247.0,1248.3,20316.0
2026-06-09 11:15:00,1247.6,1257.8,1245.0,1255.5,35616.0
2026-06-09 11:20:00,1255.5,1258.5,1254.0,1254.9,28731.0
2026-06-09 11:25:00,1255.5,1258.4,1254.7,1258.0,17323.0
2026-06-09 11:30:00,1258.0,1258.0,1249.8,1254.0,19726.0
2026-06-09 11:35:00,1254.0,1256.4,1253.3,1255.0,8307.0
2026-06-09 11:40:00,1255.0,1256.0,1253.1,1254.8,7801.0
2026-06-09 11:45:00,1255.4,1259.2,1253.9,1259.2,17237.0
2026-06-09 11:50:00,1259.0,1260.0,1256.5,1257.6,11107.0
2026-06-09 11:55:00,1258.5,1258.5,1256.8,1257.5,3817.0
2026-06-09 12:00:00,1257.7,1258.6,1256.1,1257.4,9542.0
2026-06-09 12:05:00,1258.2,1260.4,1257.3,1259.9,17675.0
2026-06-09 12:10:00,1259.8,1259.9,1258.7,1259.1,7167.0
2026-06-09 12:15:00,1259.7,1260.4,1254.2,1255.3,22109.0
2026-06-09 12:20:00,1254.2,1256.2,1254.0,1255.8,10150.0
2026-06-09 12:25:00,1255.0,1256.2,1251.0,1253.4,14208.0
2026-06-09 12:30:00,1253.5,1253.5,1250.2,1250.4,11402.0
2026-06-09 12:35:00,1250.4,1253.4,1250.0,1252.7,9395.0
2026-06-09 12:40:00,1253.2,1253.3,1251.3,1251.6,3006.0
2026-06-09 12:45:00,1251.5,1253.4,1251.5,1252.4,3144.0
2026-06-09 12:50:00,1253.1,1253.9,1251.7,1252.2,4484.0
2026-06-09 12:55:00,1253.1,1253.1,1252.0,1252.3,2899.0
2026-06-09 13:00:00,1252.1,1253.0,1250.5,1251.1,4380.0
2026-06-09 13:05:00,1250.5,1252.8,1250.0,1250.3,5433.0
2026-06-09 13:10:00,1251.0,1251.1,1250.2,1251.0,3894.0
2026-06-09 13:15:00,1251.0,1252.0,1250.2,1250.7,6513.0
2026-06-09 13:20:00,1250.5,1251.9,1250.3,1251.5,5313.0
2026-06-09 13:25:00,1250.6,1252.0,1250.3,1251.0,5465.0
2026-06-09 13:30:00,1251.0,1253.1,1251.0,1252.4,5803.0
2026-06-09 13:35:00,1251.8,1254.1,1251.5,1252.8,7078.0
2026-06-09 13:40:00,1253.0,1254.9,1252.3,1254.5,7050.0
2026-06-09 13:45:00,1253.7,1254.6,1253.3,1254.0,2813.0
2026-06-09 13:50:00,1254.0,1254.4,1253.2,1253.9,2843.0
2026-06-09 13:55:00,1253.5,1254.0,1252.0,1252.8,8568.0
2026-06-09 14:00:00,1253.4,1254.0,1252.6,1254.0,2252.0
2026-06-09 14:05:00,1254.0,1254.0,1243.2,1247.3,34736.0
2026-06-09 14:10:00,1247.0,1247.5,1240.8,1241.6,18681.0
2026-06-09 14:15:00,1241.6,1248.3,1241.1,1247.8,29882.0
2026-06-09 14:20:00,1246.6,1250.1,1246.5,1249.5,13633.0
2026-06-09 14:25:00,1248.6,1249.9,1247.1,1248.5,12102.0
2026-06-09 14:30:00,1248.8,1249.8,1246.6,1246.8,7817.0
2026-06-09 14:35:00,1246.9,1247.7,1244.0,1244.1,6792.0
2026-06-09 14:40:00,1244.1,1248.0,1244.0,1246.1,6488.0
2026-06-09 14:45:00,1246.2,1247.9,1245.5,1246.8,5683.0
2026-06-09 14:50:00,1246.8,1250.0,1246.8,1250.0,11787.0
2026-06-09 14:55:00,1249.5,1250.7,1248.1,1249.9,7458.0
2026-06-09 15:00:00,1249.4,1254.0,1248.0,1253.0,21543.0
2026-06-09 15:05:00,1253.0,1256.0,1252.5,1255.4,22188.0
2026-06-09 15:10:00,1255.0,1259.5,1254.4,1259.5,22584.0
2026-06-09 15:15:00,1259.0,1260.4,1257.2,1258.6,25915.0
2026-06-09 15:20:00,1258.6,1259.3,1256.0,1257.4,31741.0
2026-06-09 15:25:00,1256.5,1259.0,1251.5,1258.5,65763.0
2026-06-10 09:15:00,1268.0,1268.0,1216.2,1220.0,95628.0
2026-06-10 09:20:00,1219.4,1219.4,1202.2,1210.1,99518.0
2026-06-10 09:25:00,1208.9,1211.2,1206.1,1209.4,40795.0
2026-06-10 09:30:00,1209.1,1211.5,1205.0,1208.2,48248.0
2026-06-10 09:35:00,1207.9,1239.0,1207.9,1229.8,87049.0
2026-06-10 09:40:00,1227.0,1229.5,1223.8,1226.3,27032.0
2026-06-10 09:45:00,1226.3,1235.5,1224.1,1234.4,21265.0
2026-06-10 09:50:00,1234.5,1235.8,1232.2,1234.7,19085.0
2026-06-10 09:55:00,1235.0,1235.0,1232.1,1233.3,12107.0
2026-06-10 10:00:00,1233.3,1234.5,1232.0,1234.1,11691.0
2026-06-10 10:05:00,1234.2,1236.3,1232.2,1233.6,13785.0
2026-06-10 10:10:00,1233.6,1237.9,1233.0,1234.9,11052.0
2026-06-10 10:15:00,1234.8,1238.9,1233.2,1237.5,11054.0
2026-06-10 10:20:00,1237.5,1239.3,1235.3,1238.0,7320.0
2026-06-10 10:25:00,1238.5,1238.5,1236.1,1237.7,5519.0
2026-06-10 10:30:00,1237.7,1241.7,1237.5,1240.7,11109.0
2026-06-10 10:35:00,1241.0,1241.5,1236.9,1236.9,7307.0
2026-06-10 10:40:00,1237.6,1239.0,1237.0,1237.8,4700.0
2026-06-10 10:45:00,1237.5,1239.4,1235.5,1236.9,7713.0
2026-06-10 10:50:00,1236.9,1237.9,1235.5,1236.6,7187.0
2026-06-10 10:55:00,1236.6,1237.0,1235.2,1235.2,5603.0
2026-06-10 11:00:00,1236.0,1237.0,1235.2,1236.8,4075.0
2026-06-10 11:05:00,1236.7,1239.4,1235.3,1239.2,5890.0
2026-06-10 11:10:00,1239.2,1241.9,1238.3,1240.6,15092.0
2026-06-10 11:15:00,1240.6,1243.0,1240.1,1240.2,4568.0
2026-06-10 11:20:00,1240.8,1241.9,1240.2,1241.9,955.0
2026-06-10 11:25:00,1241.9,1248.0,1240.5,1247.0,10199.0
2026-06-10 11:30:00,1246.2,1249.6,1245.7,1248.3,19255.0
2026-06-10 11:35:00,1248.5,1252.2,1246.1,1251.4,15498.0
2026-06-10 11:40:00,1251.4,1252.0,1250.1,1251.4,5591.0
2026-06-10 11:45:00,1251.4,1252.5,1250.1,1251.4,3830.0
2026-06-10 11:50:00,1250.3,1252.5,1250.3,1252.3,4954.0
2026-06-10 11:55:00,1252.3,1254.0,1251.3,1253.9,3354.0
2026-06-10 12:00:00,1253.9,1253.9,1249.4,1250.3,10645.0
2026-06-10 12:05:00,1249.5,1250.0,1248.0,1249.4,6989.0
2026-06-10 12:10:00,1248.6,1251.9,1248.6,1251.0,3030.0
2026-06-10 12:15:00,1250.7,1251.3,1246.1,1250.3,6580.0
2026-06-10 12:20:00,1250.3,1252.0,1249.2,1250.3,3757.0
2026-06-10 12:25:00,1250.3,1251.1,1248.1,1249.1,3560.0
2026-06-10 12:30:00,1249.1,1249.9,1248.0,1249.0,2238.0
2026-06-10 12:35:00,1249.0,1250.6,1247.6,1248.5,3382.0
2026-06-10 12:40:00,1248.5,1249.4,1247.4,1247.9,2822.0
2026-06-10 12:45:00,1247.9,1249.0,1246.6,1249.0,3211.0
2026-06-10 12:50:00,1249.0,1251.0,1241.4,1241.4,12057.0
2026-06-10 12:55:00,1243.1,1248.5,1240.0,1248.1,7008.0
2026-06-10 13:00:00,1247.2,1249.5,1247.2,1248.5,3001.0
2026-06-10 13:05:00,1248.9,1249.1,1247.7,1248.8,2190.0
2026-06-10 13:10:00,1248.8,1248.8,1246.7,1247.9,2626.0
2026-06-10 13:15:00,1247.8,1247.9,1245.1,1247.7,4819.0
2026-06-10 13:20:00,1246.9,1247.7,1245.0,1245.9,1997.0
2026-06-10 13:25:00,1246.5,1247.0,1245.5,1246.8,2535.0
2026-06-10 13:30:00,1246.8,1247.4,1243.9,1246.0,3980.0
2026-06-10 13:35:00,1246.0,1246.0,1243.4,1245.4,2566.0
2026-06-10 13:40:00,1245.4,1245.8,1244.0,1245.4,2424.0
2026-06-10 13:45:00,1244.7,1245.6,1244.3,1244.8,2183.0
2026-06-10 13:50:00,1244.9,1245.0,1242.6,1243.9,3796.0
2026-06-10 13:55:00,1243.0,1244.4,1242.9,1244.3,3405.0
2026-06-10 14:00:00,1244.4,1244.4,1243.2,1244.3,1747.0
2026-06-10 14:05:00,1244.3,1244.4,1243.0,1243.0,1660.0
2026-06-10 14:10:00,1242.3,1243.5,1238.3,1241.0,7721.0
2026-06-10 14:15:00,1241.0,1245.0,1239.9,1244.7,4587.0
2026-06-10 14:20:00,1244.2,1245.8,1243.9,1245.6,2776.0
2026-06-10 14:25:00,1245.7,1246.7,1243.3,1244.8,4953.0
2026-06-10 14:30:00,1245.0,1245.0,1242.0,1243.0,3860.0
2026-06-10 14:35:00,1242.9,1243.0,1232.0,1234.0,40134.0
2026-06-10 14:40:00,1233.5,1239.2,1231.7,1235.5,26671.0
2026-06-10 14:45:00,1235.5,1235.5,1232.2,1232.8,9700.0
2026-06-10 14:50:00,1232.8,1235.9,1231.0,1232.6,20228.0
2026-06-10 14:55:00,1233.0,1234.1,1224.9,1229.4,23838.0
2026-06-10 15:00:00,1229.1,1229.2,1225.1,1227.2,15807.0
2026-06-10 15:05:00,1227.3,1227.9,1225.2,1227.7,9164.0
2026-06-10 15:10:00,1227.7,1227.7,1222.1,1223.7,20671.0
2026-06-10 15:15:00,1222.8,1227.5,1219.1,1226.6,25008.0
2026-06-10 15:20:00,1225.8,1232.1,1225.0,1231.0,20272.0
2026-06-10 15:25:00,1231.0,1231.6,1219.0,1227.0,22827.0
2026-06-11 09:15:00,1225.0,1235.4,1220.1,1233.5,34985.0
2026-06-11 09:20:00,1236.0,1247.8,1236.0,1246.7,40036.0
2026-06-11 09:25:00,1245.4,1261.1,1244.8,1258.5,57696.0
2026-06-11 09:30:00,1258.7,1258.7,1253.4,1256.9,32338.0
2026-06-11 09:35:00,1256.8,1260.0,1255.3,1259.8,20967.0
2026-06-11 09:40:00,1259.8,1264.9,1257.8,1261.8,40020.0
2026-06-11 09:45:00,1262.1,1265.0,1261.5,1263.0,30793.0
2026-06-11 09:50:00,1263.0,1266.0,1261.0,1262.1,19000.0
2026-06-11 09:55:00,1261.9,1263.0,1260.0,1260.7,21754.0
2026-06-11 10:00:00,1261.5,1263.8,1260.3,1263.0,12257.0
2026-06-11 10:05:00,1262.3,1268.0,1261.0,1267.0,31963.0
2026-06-11 10:10:00,1265.9,1278.2,1265.9,1275.2,115158.0
2026-06-11 10:15:00,1274.7,1281.0,1273.8,1280.1,60507.0
2026-06-11 10:20:00,1280.7,1281.8,1277.7,1281.0,33767.0
2026-06-11 10:25:00,1281.0,1290.9,1279.1,1284.1,110096.0
2026-06-11 10:30:00,1284.6,1286.9,1283.8,1285.1,17812.0
2026-06-11 10:35:00,1285.0,1285.5,1274.0,1274.7,37861.0
2026-06-11 10:40:00,1274.0,1275.5,1264.2,1266.0,62859.0
2026-06-11 10:45:00,1266.6,1266.6,1262.2,1263.0,41160.0
2026-06-11 10:50:00,1262.5,1264.2,1257.9,1259.4,22464.0
2026-06-11 10:55:00,1260.4,1260.4,1255.8,1257.1,20978.0
2026-06-11 11:00:00,1257.1,1260.3,1257.0,1257.8,15971.0
2026-06-11 11:05:00,1258.0,1261.0,1248.5,1252.9,34580.0
2026-06-11 11:10:00,1252.9,1254.1,1247.8,1248.6,28641.0
2026-06-11 11:15:00,1248.6,1248.9,1246.3,1246.7,18222.0
2026-06-11 11:20:00,1246.7,1248.0,1246.3,1247.1,13275.0
2026-06-11 11:25:00,1247.1,1251.1,1246.0,1246.4,20505.0
2026-06-11 11:30:00,1246.8,1248.1,1245.6,1246.8,5930.0
2026-06-11 11:35:00,1246.8,1246.8,1239.9,1242.0,24144.0
2026-06-11 11:40:00,1241.7,1251.8,1240.0,1250.7,22895.0
2026-06-11 11:45:00,1251.4,1254.2,1250.0,1252.4,23558.0
2026-06-11 11:50:00,1253.0,1254.0,1251.7,1252.6,17759.0
2026-06-11 11:55:00,1252.8,1255.8,1252.0,1253.7,9206.0
2026-06-11 12:00:00,1254.8,1254.8,1251.8,1252.2,8533.0
2026-06-11 12:05:00,1252.4,1252.5,1247.0,1247.6,22076.0
2026-06-11 12:10:00,1247.4,1248.4,1246.1,1247.5,6868.0
2026-06-11 12:15:00,1247.5,1249.5,1246.0,1248.1,7643.0
2026-06-11 12:20:00,1248.0,1248.8,1246.0,1247.1,5957.0
2026-06-11 12:25:00,1246.8,1247.3,1245.1,1245.5,5427.0
2026-06-11 12:30:00,1245.4,1246.4,1240.3,1241.6,10575.0
2026-06-11 12:35:00,1241.6,1242.0,1237.0,1237.0,18448.0
2026-06-11 12:40:00,1237.1,1237.4,1235.0,1235.9,11105.0
2026-06-11 12:45:00,1235.9,1236.9,1235.0,1235.1,5638.0
2026-06-11 12:50:00,1235.1,1236.0,1231.0,1232.5,9506.0
2026-06-11 12:55:00,1232.2,1234.0,1230.8,1232.7,10082.0
2026-06-11 13:00:00,1232.9,1242.3,1229.5,1237.9,35247.0
2026-06-11 13:05:00,1236.7,1243.9,1236.1,1243.2,11282.0
2026-06-11 13:10:00,1242.7,1243.0,1238.0,1239.9,15994.0
2026-06-11 13:15:00,1239.9,1242.0,1239.1,1241.2,5935.0
2026-06-11 13:20:00,1241.2,1241.8,1236.4,1239.0,17630.0
2026-06-11 13:25:00,1238.7,1239.7,1236.0,1236.7,5687.0
2026-06-11 13:30:00,1237.0,1239.6,1236.1,1237.0,9552.0
2026-06-11 13:35:00,1235.3,1238.0,1233.9,1235.3,9402.0
2026-06-11 13:40:00,1234.9,1237.7,1234.1,1236.1,10464.0
2026-06-11 13:45:00,1236.0,1240.3,1236.0,1238.6,4317.0
2026-06-11 13:50:00,1238.6,1239.7,1237.0,1237.8,3885.0
2026-06-11 13:55:00,1237.9,1240.0,1237.8,1239.0,3288.0
2026-06-11 14:00:00,1239.2,1240.5,1239.0,1240.3,3160.0
2026-06-11 14:05:00,1240.1,1243.8,1240.0,1240.4,7883.0
2026-06-11 14:10:00,1240.2,1241.6,1239.0,1239.8,4939.0
2026-06-11 14:15:00,1239.4,1242.0,1239.0,1241.7,5803.0
2026-06-11 14:20:00,1242.9,1246.0,1241.9,1244.5,25288.0
2026-06-11 14:25:00,1244.7,1250.6,1244.2,1248.6,23136.0
2026-06-11 14:30:00,1248.3,1252.0,1247.4,1250.3,9077.0
2026-06-11 14:35:00,1250.0,1250.5,1246.2,1246.5,7966.0
2026-06-11 14:40:00,1246.8,1249.0,1246.3,1248.8,8974.0
2026-06-11 14:45:00,1248.3,1250.7,1246.2,1249.8,10514.0
2026-06-11 14:50:00,1249.5,1250.0,1240.7,1241.0,17977.0
2026-06-11 14:55:00,1242.1,1243.4,1239.9,1242.5,14599.0
2026-06-11 15:00:00,1243.1,1244.1,1235.0,1235.0,14861.0
2026-06-11 15:05:00,1235.1,1237.0,1231.7,1232.5,34618.0
2026-06-11 15:10:00,1230.6,1236.7,1227.5,1236.0,29443.0
2026-06-11 15:15:00,1235.8,1239.7,1234.6,1239.1,27303.0
2026-06-11 15:20:00,1238.3,1239.6,1234.2,1236.2,20302.0
2026-06-11 15:25:00,1235.4,1249.3,1232.1,1249.3,35898.0
2026-06-12 09:15:00,1264.0,1272.0,1255.1,1269.0,59540.0
2026-06-12 09:20:00,1268.9,1269.9,1258.0,1258.8,28766.0
2026-06-12 09:25:00,1258.0,1259.7,1250.0,1254.6,31720.0
2026-06-12 09:30:00,1254.0,1257.6,1254.0,1255.8,7861.0
2026-06-12 09:35:00,1255.8,1257.6,1253.2,1256.2,8092.0
2026-06-12 09:40:00,1256.1,1269.1,1252.6,1266.1,51562.0
2026-06-12 09:45:00,1266.1,1266.1,1262.5,1264.6,8780.0
2026-06-12 09:50:00,1264.9,1268.0,1261.7,1261.7,12894.0
2026-06-12 09:55:00,1261.1,1264.7,1257.1,1263.0,13510.0
2026-06-12 10:00:00,1261.4,1262.3,1258.3,1261.3,3655.0
2026-06-12 10:05:00,1262.0,1263.6,1260.0,1260.5,2749.0
2026-06-12 10:10:00,1260.0,1261.8,1259.8,1260.7,3068.0
2026-06-12 10:15:00,1260.6,1267.5,1257.2,1266.8,39576.0
2026-06-12 10:20:00,1265.2,1268.9,1265.2,1267.2,7042.0
2026-06-12 10:25:00,1267.8,1268.7,1264.9,1265.9,4881.0
2026-06-12 10:30:00,1265.9,1267.6,1264.0,1264.5,6280.0
2026-06-12 10:35:00,1264.5,1265.8,1262.7,1264.3,6199.0
2026-06-12 10:40:00,1264.2,1279.6,1263.4,1269.9,46925.0
2026-06-12 10:45:00,1269.0,1271.8,1267.0,1268.0,5412.0
2026-06-12 10:50:00,1268.0,1268.5,1266.4,1267.6,1694.0
2026-06-12 10:55:00,1267.8,1269.4,1267.1,1269.1,1663.0
2026-06-12 11:00:00,1269.0,1269.1,1265.5,1268.4,16535.0
2026-06-12 11:05:00,1268.4,1268.9,1266.2,1266.8,1923.0
2026-06-12 11:10:00,1266.8,1269.7,1265.5,1268.3,3636.0
2026-06-12 11:15:00,1268.1,1279.9,1267.8,1271.4,35345.0
2026-06-12 11:20:00,1272.3,1275.0,1270.8,1272.8,6530.0
2026-06-12 11:25:00,1273.0,1273.3,1271.2,1272.1,4619.0
2026-06-12 11:30:00,1272.1,1274.0,1270.6,1272.5,9671.0
2026-06-12 11:35:00,1273.0,1274.8,1271.7,1271.7,16053.0
2026-06-12 11:40:00,1272.0,1274.1,1271.3,1272.8,10349.0
2026-06-12 11:45:00,1272.7,1272.9,1271.4,1271.7,1447.0
2026-06-12 11:50:00,1271.5,1274.0,1267.1,1268.4,12758.0
2026-06-12 11:55:00,1268.4,1269.3,1267.4,1269.2,4338.0
2026-06-12 12:00:00,1269.1,1269.8,1267.5,1268.9,2417.0
2026-06-12 12:05:00,1269.0,1269.8,1267.5,1267.8,2501.0
2026-06-12 12:10:00,1267.6,1267.9,1266.2,1267.9,7300.0
2026-06-12 12:15:00,1268.3,1268.3,1259.5,1260.3,22405.0
2026-06-12 12:20:00,1261.0,1262.7,1256.4,1257.3,8433.0
2026-06-12 12:25:00,1257.5,1260.8,1257.0,1260.8,16650.0
2026-06-12 12:30:00,1261.0,1261.9,1259.2,1259.8,4343.0
2026-06-12 12:35:00,1260.0,1265.8,1260.0,1263.0,9373.0
2026-06-12 12:40:00,1265.0,1265.8,1261.9,1264.6,10853.0
2026-06-12 12:45:00,1264.6,1265.5,1262.7,1265.0,3214.0
2026-06-12 12:50:00,1264.6,1265.9,1263.7,1265.9,5532.0
2026-06-12 12:55:00,1265.9,1268.6,1265.9,1268.3,4732.0
2026-06-12 13:00:00,1267.9,1269.0,1266.5,1266.5,2571.0
2026-06-12 13:05:00,1266.2,1269.0,1266.2,1268.9,5514.0
2026-06-12 13:10:00,1269.0,1269.9,1266.1,1268.0,4108.0
2026-06-12 13:15:00,1268.9,1269.2,1267.4,1267.9,2136.0
2026-06-12 13:20:00,1268.8,1269.0,1265.6,1265.7,2597.0
2026-06-12 13:25:00,1263.7,1267.1,1262.3,1265.2,4344.0
2026-06-12 13:30:00,1265.6,1266.7,1264.2,1266.0,1278.0
2026-06-12 13:35:00,1266.2,1266.5,1263.1,1263.5,2791.0
2026-06-12 13:40:00,1264.0,1265.0,1262.1,1264.3,6847.0
2026-06-12 13:45:00,1264.1,1266.2,1263.5,1265.9,8476.0
2026-06-12 13:50:00,1266.0,1266.3,1264.9,1265.4,2266.0
2026-06-12 13:55:00,1265.0,1266.2,1258.0,1258.1,18146.0
2026-06-12 14:00:00,1258.1,1260.9,1253.8,1260.4,26559.0
2026-06-12 14:05:00,1260.5,1261.6,1259.4,1261.0,2243.0
2026-06-12 14:10:00,1261.3,1261.9,1260.0,1261.8,4397.0
2026-06-12 14:15:00,1261.8,1263.3,1259.0,1259.0,5389.0
2026-06-12 14:20:00,1259.0,1260.2,1257.9,1258.2,4008.0
2026-06-12 14:25:00,1258.5,1259.5,1256.2,1258.7,5128.0
2026-06-12 14:30:00,1258.7,1259.4,1257.5,1258.9,2406.0
2026-06-12 14:35:00,1259.1,1260.0,1257.9,1259.1,3238.0
2026-06-12 14:40:00,1259.3,1259.9,1258.0,1259.1,3236.0
2026-06-12 14:45:00,1259.0,1260.0,1257.6,1257.6,4179.0
2026-06-12 14:50:00,1258.1,1262.9,1257.2,1262.1,10205.0
2026-06-12 14:55:00,1262.0,1264.6,1260.0,1263.0,11431.0
2026-06-12 15:00:00,1262.3,1267.5,1261.4,1267.5,12100.0
2026-06-12 15:05:00,1267.5,1271.4,1265.6,1270.9,19149.0
2026-06-12 15:10:00,1271.0,1272.3,1268.5,1269.9,16942.0
2026-06-12 15:15:00,1269.8,1269.9,1266.2,1268.0,18967.0
2026-06-12 15:20:00,1267.9,1268.5,1264.6,1266.4,16981.0
2026-06-12 15:25:00,1266.1,1269.9,1255.1,1262.0,35083.0
2026-06-15 09:15:00,1320.0,1320.0,1273.0,1283.1,84171.0
2026-06-15 09:20:00,1282.3,1293.9,1278.8,1283.4,61446.0
2026-06-15 09:25:00,1283.3,1287.0,1281.0,1285.6,21787.0
2026-06-15 09:30:00,1285.1,1302.5,1285.0,1291.9,63537.0
2026-06-15 09:35:00,1291.2,1299.1,1290.0,1298.2,16405.0
2026-06-15 09:40:00,1297.7,1302.0,1297.1,1301.5,21642.0
2026-06-15 09:45:00,1301.6,1304.9,1300.7,1303.9,16201.0
2026-06-15 09:50:00,1304.0,1304.9,1295.4,1303.3,30635.0
2026-06-15 09:55:00,1303.9,1310.4,1303.0,1309.1,38724.0
2026-06-15 10:00:00,1309.3,1310.1,1305.4,1307.5,34844.0
2026-06-15 10:05:00,1308.0,1310.8,1305.7,1309.9,10008.0
2026-06-15 10:10:00,1310.5,1311.2,1308.0,1309.0,11777.0
2026-06-15 10:15:00,1309.0,1309.4,1300.8,1303.0,18171.0
2026-06-15 10:20:00,1303.0,1304.7,1300.0,1303.7,26775.0
2026-06-15 10:25:00,1303.7,1305.0,1300.5,1301.3,6549.0
2026-06-15 10:30:00,1301.4,1307.9,1301.2,1306.6,8083.0
2026-06-15 10:35:00,1307.0,1307.0,1304.2,1304.4,6422.0
2026-06-15 10:40:00,1304.4,1306.0,1304.0,1305.3,3604.0
2026-06-15 10:45:00,1305.5,1309.1,1304.4,1308.0,9274.0
2026-06-15 10:50:00,1308.0,1309.6,1306.0,1308.8,5584.0
2026-06-15 10:55:00,1308.9,1309.9,1307.8,1308.4,4771.0
2026-06-15 11:00:00,1308.4,1319.0,1307.7,1316.0,54471.0
2026-06-15 11:05:00,1316.5,1318.2,1315.6,1318.2,7240.0
2026-06-15 11:10:00,1319.0,1323.0,1317.2,1323.0,28103.0
2026-06-15 11:15:00,1323.0,1324.4,1320.5,1322.9,16838.0
2026-06-15 11:20:00,1322.0,1322.9,1317.5,1319.0,12116.0
2026-06-15 11:25:00,1319.0,1320.1,1316.8,1319.4,9203.0
2026-06-15 11:30:00,1319.0,1319.8,1317.1,1319.8,5223.0
2026-06-15 11:35:00,1319.8,1323.4,1319.8,1323.4,6449.0
2026-06-15 11:40:00,1323.4,1323.4,1318.0,1321.0,10285.0
2026-06-15 11:45:00,1320.9,1322.8,1320.3,1322.0,5684.0
2026-06-15 11:50:00,1322.5,1324.7,1321.6,1323.0,11512.0
2026-06-15 11:55:00,1323.8,1324.8,1321.6,1322.1,6117.0
2026-06-15 12:00:00,1322.6,1329.0,1321.8,1327.0,27903.0
2026-06-15 12:05:00,1326.6,1328.3,1316.8,1320.0,31981.0
2026-06-15 12:10:00,1319.9,1320.6,1319.0,1319.0,22502.0
2026-06-15 12:15:00,1319.8,1320.0,1316.6,1319.4,11760.0
2026-06-15 12:20:00,1318.6,1326.0,1317.4,1322.9,26755.0
2026-06-15 12:25:00,1322.6,1326.7,1322.4,1324.7,17990.0
2026-06-15 12:30:00,1324.7,1326.7,1323.4,1326.5,6784.0
2026-06-15 12:35:00,1326.5,1335.0,1326.2,1330.4,47012.0
2026-06-15 12:40:00,1331.1,1332.2,1328.0,1328.7,12959.0
2026-06-15 12:45:00,1328.6,1329.7,1325.9,1325.9,8529.0
2026-06-15 12:50:00,1326.1,1327.5,1324.0,1325.2,7913.0
2026-06-15 12:55:00,1324.8,1325.8,1322.7,1323.0,10837.0
2026-06-15 13:00:00,1323.2,1325.9,1321.0,1324.6,11714.0
2026-06-15 13:05:00,1324.8,1326.1,1324.6,1326.1,4518.0
2026-06-15 13:10:00,1326.2,1328.2,1325.6,1325.7,4580.0
2026-06-15 13:15:00,1326.0,1327.5,1325.6,1326.0,2605.0
2026-06-15 13:20:00,1326.6,1330.1,1326.0,1328.2,15988.0
2026-06-15 13:25:00,1328.0,1329.0,1326.4,1327.8,6672.0
2026-06-15 13:30:00,1327.8,1327.9,1323.5,1325.9,6075.0
2026-06-15 13:35:00,1325.9,1327.2,1325.2,1325.3,3539.0
2026-06-15 13:40:00,1325.9,1327.1,1325.3,1325.5,2661.0
2026-06-15 13:45:00,1325.5,1327.3,1322.0,1322.2,14686.0
2026-06-15 13:50:00,1322.2,1324.6,1320.8,1323.0,8194.0
2026-06-15 13:55:00,1323.0,1323.9,1321.7,1322.4,9050.0
2026-06-15 14:00:00,1323.0,1324.4,1321.6,1323.5,10041.0
2026-06-15 14:05:00,1323.5,1323.5,1321.5,1322.4,9542.0
2026-06-15 14:10:00,1322.9,1323.5,1322.0,1323.5,6981.0
2026-06-15 14:15:00,1323.0,1323.0,1320.4,1321.4,9692.0
2026-06-15 14:20:00,1321.4,1323.4,1321.1,1323.0,9064.0
2026-06-15 14:25:00,1323.0,1325.4,1322.9,1323.9,8242.0
2026-06-15 14:30:00,1324.0,1325.2,1319.6,1319.6,21637.0
2026-06-15 14:35:00,1319.4,1321.6,1316.0,1318.8,24114.0
2026-06-15 14:40:00,1318.8,1319.0,1310.5,1310.5,24710.0
2026-06-15 14:45:00,1311.0,1312.0,1307.1,1307.8,21664.0
2026-06-15 14:50:00,1307.7,1307.7,1302.9,1304.6,23891.0
2026-06-15 14:55:00,1304.5,1304.6,1299.1,1302.8,30280.0
2026-06-15 15:00:00,1302.8,1302.8,1299.0,1299.6,23180.0
2026-06-15 15:05:00,1299.6,1300.8,1295.3,1296.2,28727.0
2026-06-15 15:10:00,1296.2,1299.9,1295.0,1299.3,28980.0
2026-06-15 15:15:00,1299.9,1304.4,1299.3,1303.2,47755.0
2026-06-15 15:20:00,1303.7,1305.8,1302.0,1303.5,46788.0
2026-06-15 15:25:00,1303.9,1308.8,1302.0,1307.0,31026.0
2026-06-16 09:15:00,1314.9,1322.0,1308.4,1318.0,55127.0
2026-06-16 09:20:00,1318.3,1319.2,1311.7,1318.5,25814.0
2026-06-16 09:25:00,1318.3,1324.9,1318.3,1318.6,28755.0
2026-06-16 09:30:00,1319.4,1329.6,1317.2,1326.4,35350.0
2026-06-16 09:35:00,1327.0,1327.9,1321.0,1322.1,15805.0
2026-06-16 09:40:00,1322.0,1324.4,1319.8,1320.6,15947.0
2026-06-16 09:45:00,1320.0,1323.6,1318.0,1319.2,17898.0
2026-06-16 09:50:00,1319.6,1319.8,1315.0,1317.3,17209.0
2026-06-16 09:55:00,1317.6,1318.4,1315.2,1315.9,4908.0
2026-06-16 10:00:00,1316.6,1318.8,1315.8,1317.1,6820.0
2026-06-16 10:05:00,1317.1,1317.7,1315.5,1316.2,3306.0
2026-06-16 10:10:00,1316.2,1317.7,1315.5,1316.9,5109.0
2026-06-16 10:15:00,1317.0,1320.0,1316.8,1319.0,6966.0
2026-06-16 10:20:00,1319.0,1331.2,1318.3,1328.0,41599.0
2026-06-16 10:25:00,1328.0,1331.6,1327.0,1330.2,11638.0
2026-06-16 10:30:00,1330.2,1331.0,1325.4,1327.5,12376.0
2026-06-16 10:35:00,1326.8,1330.2,1326.0,1329.3,11336.0
2026-06-16 10:40:00,1329.4,1330.5,1323.1,1324.3,11678.0
2026-06-16 10:45:00,1324.0,1325.7,1323.1,1324.2,3910.0
2026-06-16 10:50:00,1324.2,1325.5,1320.9,1322.2,6683.0
2026-06-16 10:55:00,1322.2,1322.9,1321.1,1321.1,5164.0
2026-06-16 11:00:00,1321.9,1321.9,1314.8,1315.5,14409.0
2026-06-16 11:05:00,1315.5,1316.9,1312.7,1313.3,12732.0
2026-06-16 11:10:00,1314.5,1314.5,1308.6,1310.4,23561.0
2026-06-16 11:15:00,1310.4,1311.8,1306.7,1308.1,12571.0
2026-06-16 11:20:00,1308.4,1309.0,1305.8,1307.5,9518.0
2026-06-16 11:25:00,1308.0,1311.4,1301.0,1306.5,261145.0
2026-06-16 11:30:00,1306.5,1307.0,1302.0,1304.6,17633.0
2026-06-16 11:35:00,1305.9,1307.2,1301.0,1303.1,18049.0
2026-06-16 11:40:00,1303.1,1304.6,1301.7,1302.3,6467.0
2026-06-16 11:45:00,1302.4,1305.6,1302.1,1303.2,5545.0
2026-06-16 11:50:00,1303.8,1305.6,1301.5,1302.0,6392.0
2026-06-16 11:55:00,1301.6,1302.0,1296.0,1298.0,16821.0
2026-06-16 12:00:00,1298.9,1299.4,1296.0,1296.1,4678.0
2026-06-16 12:05:00,1296.9,1300.0,1296.1,1297.5,7195.0
2026-06-16 12:10:00,1298.2,1307.0,1297.5,1304.6,9352.0
2026-06-16 12:15:00,1305.5,1308.0,1304.0,1304.7,8139.0
2026-06-16 12:20:00,1304.1,1306.1,1301.1,1301.1,4860.0
2026-06-16 12:25:00,1301.5,1301.5,1298.1,1298.2,4315.0
2026-06-16 12:30:00,1298.2,1299.1,1296.0,1297.7,8491.0
2026-06-16 12:35:00,1297.7,1300.0,1297.7,1299.4,6613.0
2026-06-16 12:40:00,1299.2,1299.2,1292.5,1293.9,15696.0
2026-06-16 12:45:00,1294.2,1298.0,1292.1,1296.0,15257.0
2026-06-16 12:50:00,1296.9,1298.0,1295.3,1297.0,4587.0
2026-06-16 12:55:00,1298.3,1300.0,1296.7,1298.5,7573.0
2026-06-16 13:00:00,1298.4,1299.5,1297.0,1297.4,5988.0
2026-06-16 13:05:00,1298.3,1303.5,1297.6,1303.5,6824.0
2026-06-16 13:10:00,1303.0,1309.1,1302.5,1307.0,16627.0
2026-06-16 13:15:00,1307.2,1308.9,1305.7,1306.5,10012.0
2026-06-16 13:20:00,1307.0,1307.4,1300.5,1301.1,9865.0
2026-06-16 13:25:00,1301.4,1303.4,1301.4,1302.3,5698.0
2026-06-16 13:30:00,1302.3,1303.5,1300.1,1301.9,6388.0
2026-06-16 13:35:00,1301.6,1302.0,1300.2,1300.2,2539.0
2026-06-16 13:40:00,1300.3,1301.9,1300.1,1300.3,4695.0
2026-06-16 13:45:00,1301.2,1301.8,1300.1,1301.0,3761.0
2026-06-16 13:50:00,1301.4,1301.9,1300.1,1301.0,3426.0
2026-06-16 13:55:00,1301.0,1303.9,1300.5,1302.7,4762.0
2026-06-16 14:00:00,1302.6,1304.0,1300.2,1303.0,6721.0
2026-06-16 14:05:00,1303.0,1303.8,1302.0,1303.0,2602.0
2026-06-16 14:10:00,1303.5,1303.5,1300.9,1302.1,3499.0
2026-06-16 14:15:00,1302.9,1304.8,1301.3,1301.4,4122.0
2026-06-16 14:20:00,1302.2,1302.6,1299.5,1301.8,7404.0
2026-06-16 14:25:00,1301.7,1302.9,1300.8,1301.0,3534.0
2026-06-16 14:30:00,1301.8,1303.9,1301.5,1302.8,6647.0
2026-06-16 14:35:00,1302.8,1304.0,1301.8,1303.5,9887.0
2026-06-16 14:40:00,1303.5,1304.2,1302.3,1303.1,9181.0
2026-06-16 14:45:00,1302.6,1304.0,1298.1,1299.0,9593.0
2026-06-16 14:50:00,1299.0,1301.5,1298.0,1300.4,8121.0
2026-06-16 14:55:00,1300.1,1300.2,1297.8,1298.3,7663.0
2026-06-16 15:00:00,1298.7,1299.9,1297.3,1297.3,7246.0
2026-06-16 15:05:00,1297.9,1299.7,1297.0,1298.6,6556.0
2026-06-16 15:10:00,1299.0,1302.3,1298.0,1301.4,11867.0
2026-06-16 15:15:00,1301.9,1302.0,1299.2,1299.7,14567.0
2026-06-16 15:20:00,1299.7,1301.3,1297.6,1298.5,20665.0
2026-06-16 15:25:00,1298.5,1300.0,1296.1,1298.0,19910.0
2026-06-17 09:15:00,1303.1,1311.5,1298.7,1302.5,44579.0
2026-06-17 09:20:00,1301.4,1314.9,1300.4,1310.6,32920.0
2026-06-17 09:25:00,1311.4,1312.8,1303.4,1308.4,14006.0
2026-06-17 09:30:00,1308.4,1317.6,1306.4,1313.9,23127.0
2026-06-17 09:35:00,1314.0,1318.9,1302.4,1312.8,28592.0
2026-06-17 09:40:00,1313.6,1319.8,1312.0,1319.0,17893.0
2026-06-17 09:45:00,1319.7,1320.9,1315.9,1320.2,20455.0
2026-06-17 09:50:00,1321.9,1322.0,1307.9,1314.4,21157.0
2026-06-17 09:55:00,1315.0,1316.8,1313.9,1316.4,3949.0
2026-06-17 10:00:00,1316.4,1320.0,1315.2,1316.0,18709.0
2026-06-17 10:05:00,1316.4,1318.3,1314.7,1317.4,3906.0
2026-06-17 10:10:00,1317.5,1317.5,1313.1,1314.7,4076.0
2026-06-17 10:15:00,1314.0,1315.0,1312.1,1312.9,11326.0
2026-06-17 10:20:00,1313.0,1314.0,1306.0,1306.0,10193.0
2026-06-17 10:25:00,1306.8,1308.8,1302.0,1302.2,19024.0
2026-06-17 10:30:00,1302.2,1305.5,1301.0,1305.5,10911.0
2026-06-17 10:35:00,1305.6,1306.8,1304.7,1304.7,3464.0
2026-06-17 10:40:00,1305.5,1306.4,1304.0,1306.4,2544.0
2026-06-17 10:45:00,1305.6,1307.6,1305.0,1305.7,3842.0
2026-06-17 10:50:00,1305.0,1308.0,1304.1,1307.2,3118.0
2026-06-17 10:55:00,1307.3,1307.9,1306.0,1306.7,3259.0
2026-06-17 11:00:00,1306.0,1308.0,1306.0,1307.1,3225.0
2026-06-17 11:05:00,1306.2,1307.9,1306.0,1306.1,2058.0
2026-06-17 11:10:00,1306.7,1306.7,1303.6,1305.0,5050.0
2026-06-17 11:15:00,1305.0,1306.0,1304.7,1306.0,2444.0
2026-06-17 11:20:00,1306.0,1306.5,1305.1,1305.9,2891.0
2026-06-17 11:25:00,1305.7,1306.8,1305.2,1306.6,2291.0
2026-06-17 11:30:00,1306.8,1307.5,1305.7,1306.1,2842.0
2026-06-17 11:35:00,1306.3,1307.4,1305.5,1306.8,2052.0
2026-06-17 11:40:00,1306.8,1307.5,1306.1,1306.7,2374.0
2026-06-17 11:45:00,1307.4,1307.4,1303.9,1304.0,4242.0
2026-06-17 11:50:00,1304.4,1304.4,1298.4,1299.0,9346.0
2026-06-17 11:55:00,1299.0,1300.8,1298.9,1299.0,3565.0
2026-06-17 12:00:00,1299.5,1300.0,1297.9,1299.8,4459.0
2026-06-17 12:05:00,1299.8,1303.1,1296.1,1297.0,7513.0
2026-06-17 12:10:00,1297.9,1300.0,1297.4,1299.0,3656.0
2026-06-17 12:15:00,1298.4,1299.4,1293.6,1294.9,8894.0
2026-06-17 12:20:00,1295.0,1296.8,1292.4,1294.7,10697.0
2026-06-17 12:25:00,1294.0,1294.9,1293.0,1293.9,7209.0
2026-06-17 12:30:00,1293.1,1293.9,1292.0,1293.4,5422.0
2026-06-17 12:35:00,1292.6,1294.0,1291.1,1291.5,3781.0
2026-06-17 12:40:00,1292.0,1296.9,1291.1,1296.6,14274.0
2026-06-17 12:45:00,1296.6,1296.8,1293.0,1293.9,5257.0
2026-06-17 12:50:00,1293.4,1295.9,1293.1,1293.1,4878.0
2026-06-17 12:55:00,1293.1,1303.8,1293.0,1302.1,19663.0
2026-06-17 13:00:00,1301.8,1303.2,1299.1,1299.1,17122.0
2026-06-17 13:05:00,1298.9,1300.0,1295.0,1296.9,28722.0
2026-06-17 13:10:00,1296.6,1299.5,1295.8,1297.6,3764.0
2026-06-17 13:15:00,1296.8,1297.5,1295.6,1295.6,4389.0
2026-06-17 13:20:00,1295.7,1297.5,1295.7,1297.5,2625.0
2026-06-17 13:25:00,1296.8,1297.5,1295.7,1296.8,3451.0
2026-06-17 13:30:00,1296.8,1300.0,1296.0,1299.5,3231.0
2026-06-17 13:35:00,1299.5,1299.9,1296.2,1298.0,20580.0
2026-06-17 13:40:00,1298.4,1299.9,1293.0,1293.0,11412.0
2026-06-17 13:45:00,1293.0,1294.2,1286.1,1288.6,17912.0
2026-06-17 13:50:00,1289.9,1290.6,1286.3,1287.6,6958.0
2026-06-17 13:55:00,1287.5,1287.8,1284.0,1285.1,10003.0
2026-06-17 14:00:00,1285.8,1286.8,1284.7,1285.6,6592.0
2026-06-17 14:05:00,1286.5,1287.0,1285.0,1285.9,17265.0
2026-06-17 14:10:00,1285.5,1289.4,1285.0,1288.0,5984.0
2026-06-17 14:15:00,1288.0,1289.9,1287.4,1288.7,6537.0
2026-06-17 14:20:00,1288.6,1291.9,1287.6,1290.1,7769.0
2026-06-17 14:25:00,1290.0,1291.9,1287.4,1291.3,8654.0
2026-06-17 14:30:00,1291.3,1292.0,1289.3,1289.9,7806.0
2026-06-17 14:35:00,1290.9,1294.0,1289.8,1294.0,7833.0
2026-06-17 14:40:00,1294.0,1294.2,1292.0,1293.0,5725.0
2026-06-17 14:45:00,1293.0,1297.0,1292.0,1294.5,12776.0
2026-06-17 14:50:00,1294.6,1296.6,1294.0,1294.7,9539.0
2026-06-17 14:55:00,1295.3,1298.8,1294.0,1298.8,11993.0
2026-06-17 15:00:00,1298.2,1300.0,1297.0,1297.8,15629.0
2026-06-17 15:05:00,1297.1,1300.0,1297.0,1298.9,15969.0
2026-06-17 15:10:00,1298.3,1300.0,1297.1,1299.3,16352.0
2026-06-17 15:15:00,1299.7,1299.7,1296.7,1296.9,11260.0
2026-06-17 15:20:00,1297.3,1300.0,1295.8,1295.9,26871.0
2026-06-17 15:25:00,1295.8,1299.0,1294.2,1298.0,19049.0
2026-06-18 09:15:00,1309.9,1319.8,1300.5,1317.2,54199.0
2026-06-18 09:20:00,1316.6,1319.9,1313.4,1316.8,25553.0
2026-06-18 09:25:00,1316.8,1319.3,1314.4,1314.4,16506.0
2026-06-18 09:30:00,1314.4,1331.0,1312.0,1322.4,47786.0
2026-06-18 09:35:00,1322.8,1327.6,1320.6,1323.5,25988.0
2026-06-18 09:40:00,1324.3,1326.6,1323.0,1325.4,7836.0
2026-06-18 09:45:00,1324.5,1325.1,1321.0,1323.5,8413.0
2026-06-18 09:50:00,1323.5,1324.0,1321.4,1322.3,6741.0
2026-06-18 09:55:00,1322.3,1323.0,1315.6,1316.0,13325.0
2026-06-18 10:00:00,1316.5,1319.4,1314.0,1319.2,8726.0
2026-06-18 10:05:00,1318.7,1322.2,1317.4,1318.9,6491.0
2026-06-18 10:10:00,1318.3,1320.0,1315.9,1317.0,7882.0
2026-06-18 10:15:00,1317.0,1318.9,1313.6,1315.9,11404.0
2026-06-18 10:20:00,1315.9,1319.7,1314.3,1319.4,5494.0
2026-06-18 10:25:00,1319.5,1319.9,1318.6,1319.2,3634.0
2026-06-18 10:30:00,1319.4,1320.0,1318.5,1319.0,2628.0
2026-06-18 10:35:00,1319.0,1320.0,1318.0,1318.0,4254.0
2026-06-18 10:40:00,1318.0,1319.3,1316.3,1318.7,3791.0
2026-06-18 10:45:00,1319.3,1325.0,1319.3,1321.6,42138.0
2026-06-18 10:50:00,1323.0,1328.0,1320.0,1326.9,43333.0
2026-06-18 10:55:00,1326.8,1326.9,1322.0,1323.4,12736.0
2026-06-18 11:00:00,1323.7,1325.2,1322.4,1324.9,8411.0
2026-06-18 11:05:00,1325.7,1328.0,1324.6,1327.1,16010.0
2026-06-18 11:10:00,1327.4,1329.4,1326.4,1327.2,15452.0
2026-06-18 11:15:00,1327.2,1327.8,1324.4,1325.5,10880.0
2026-06-18 11:20:00,1326.1,1326.9,1325.3,1325.5,4823.0
2026-06-18 11:25:00,1326.4,1329.7,1325.7,1328.2,24657.0
2026-06-18 11:30:00,1328.4,1333.9,1327.5,1332.3,24443.0
2026-06-18 11:35:00,1332.0,1333.0,1329.4,1331.3,23309.0
2026-06-18 11:40:00,1335.9,1336.4,1332.0,1333.9,33845.0
2026-06-18 11:45:00,1333.1,1335.0,1332.6,1333.7,5775.0
2026-06-18 11:50:00,1333.7,1337.8,1333.1,1336.0,24453.0
2026-06-18 11:55:00,1336.0,1338.6,1334.1,1338.3,14821.0
2026-06-18 12:00:00,1338.5,1338.5,1335.8,1338.5,17893.0
2026-06-18 12:05:00,1338.5,1346.0,1337.6,1338.4,53179.0
2026-06-18 12:10:00,1337.1,1341.2,1336.0,1338.7,22341.0
2026-06-18 12:15:00,1338.7,1342.1,1338.7,1341.4,14753.0
2026-06-18 12:20:00,1341.0,1345.0,1340.6,1342.7,12609.0
2026-06-18 12:25:00,1343.0,1345.0,1340.4,1344.2,13554.0
2026-06-18 12:30:00,1344.2,1344.8,1342.8,1343.7,4511.0
2026-06-18 12:35:00,1343.7,1344.0,1342.0,1343.1,4171.0
2026-06-18 12:40:00,1343.2,1344.5,1343.2,1344.0,4934.0
2026-06-18 12:45:00,1344.0,1344.5,1338.6,1343.0,32667.0
2026-06-18 12:50:00,1342.8,1344.0,1340.3,1342.0,14951.0
2026-06-18 12:55:00,1341.8,1344.0,1341.6,1342.7,9299.0
2026-06-18 13:00:00,1343.0,1343.6,1341.1,1343.0,10844.0
2026-06-18 13:05:00,1342.8,1344.0,1342.2,1343.4,7156.0
2026-06-18 13:10:00,1343.0,1343.5,1340.4,1342.4,8772.0
2026-06-18 13:15:00,1342.0,1344.0,1341.6,1344.0,11569.0
2026-06-18 13:20:00,1343.4,1344.9,1343.0,1344.9,9065.0
2026-06-18 13:25:00,1344.3,1344.9,1344.0,1344.0,4357.0
2026-06-18 13:30:00,1343.7,1345.9,1343.6,1345.5,11907.0
2026-06-18 13:35:00,1345.0,1345.7,1344.5,1345.6,6924.0
2026-06-18 13:40:00,1345.7,1345.8,1343.4,1343.7,7730.0
2026-06-18 13:45:00,1344.3,1344.9,1343.3,1344.0,5534.0
2026-06-18 13:50:00,1343.4,1344.1,1340.4,1343.0,16047.0
2026-06-18 13:55:00,1343.0,1344.0,1341.9,1342.8,4016.0
2026-06-18 14:00:00,1341.9,1343.4,1341.1,1342.5,12360.0
2026-06-18 14:05:00,1341.7,1343.8,1341.6,1342.6,4089.0
2026-06-18 14:10:00,1342.7,1344.0,1342.1,1343.5,3948.0
2026-06-18 14:15:00,1343.5,1344.0,1341.3,1342.4,6588.0
2026-06-18 14:20:00,1342.5,1345.5,1341.8,1345.3,15549.0
2026-06-18 14:25:00,1344.9,1345.7,1344.0,1345.0,5552.0
2026-06-18 14:30:00,1345.2,1345.2,1332.3,1339.1,66450.0
2026-06-18 14:35:00,1339.1,1341.0,1336.9,1340.6,11565.0
2026-06-18 14:40:00,1340.1,1341.4,1337.7,1339.5,9587.0
2026-06-18 14:45:00,1339.2,1340.7,1339.2,1339.8,8097.0
2026-06-18 14:50:00,1339.2,1340.3,1338.5,1339.9,19176.0
2026-06-18 14:55:00,1339.8,1340.9,1338.4,1340.7,13076.0
2026-06-18 15:00:00,1340.2,1342.2,1339.2,1340.0,11847.0
2026-06-18 15:05:00,1340.0,1340.7,1339.3,1340.0,11423.0
2026-06-18 15:10:00,1339.8,1342.2,1339.5,1341.0,21209.0
2026-06-18 15:15:00,1341.1,1349.9,1339.6,1347.5,58855.0
2026-06-18 15:20:00,1348.0,1351.0,1345.0,1350.8,52368.0
2026-06-18 15:25:00,1351.0,1352.2,1349.3,1351.7,64316.0
2026-06-19 09:15:00,1345.0,1354.8,1336.5,1350.1,70865.0
2026-06-19 09:20:00,1350.9,1355.0,1335.0,1339.2,47825.0
2026-06-19 09:25:00,1339.1,1340.9,1331.5,1335.9,31282.0
2026-06-19 09:30:00,1335.7,1337.9,1330.8,1330.8,21520.0
2026-06-19 09:35:00,1331.0,1335.5,1327.5,1329.5,26986.0
2026-06-19 09:40:00,1329.3,1331.4,1325.2,1328.0,19694.0
2026-06-19 09:45:00,1327.7,1331.1,1325.5,1327.7,13490.0
2026-06-19 09:50:00,1327.7,1332.8,1324.0,1332.6,20302.0
2026-06-19 09:55:00,1332.8,1334.7,1325.1,1325.1,15489.0
2026-06-19 10:00:00,1326.2,1329.1,1322.0,1326.8,21956.0
2026-06-19 10:05:00,1327.0,1328.0,1325.5,1326.2,3036.0
2026-06-19 10:10:00,1326.4,1329.7,1323.1,1326.0,10437.0
2026-06-19 10:15:00,1326.2,1327.2,1323.6,1325.3,11797.0
2026-06-19 10:20:00,1325.0,1325.0,1314.0,1317.2,33829.0
2026-06-19 10:25:00,1317.3,1319.0,1316.0,1318.0,6918.0
2026-06-19 10:30:00,1317.8,1318.6,1315.1,1316.7,6881.0
2026-06-19 10:35:00,1316.6,1317.0,1315.0,1316.5,5918.0
2026-06-19 10:40:00,1316.5,1321.8,1313.0,1320.7,24058.0
2026-06-19 10:45:00,1320.5,1321.0,1316.3,1317.4,8492.0
2026-06-19 10:50:00,1316.8,1321.3,1315.3,1319.8,9887.0
2026-06-19 10:55:00,1319.4,1321.9,1318.9,1320.3,4321.0
2026-06-19 11:00:00,1320.2,1321.7,1320.0,1320.0,2338.0
2026-06-19 11:05:00,1320.0,1324.9,1320.0,1322.8,6074.0
2026-06-19 11:10:00,1322.9,1324.5,1320.5,1320.6,3326.0
2026-06-19 11:15:00,1321.4,1324.5,1321.4,1322.9,3382.0
2026-06-19 11:20:00,1322.5,1325.2,1322.4,1324.3,9537.0
2026-06-19 11:25:00,1324.0,1326.0,1323.0,1324.3,4248.0
2026-06-19 11:30:00,1324.4,1325.0,1323.5,1324.3,3873.0
2026-06-19 11:35:00,1323.7,1325.0,1322.0,1322.0,3454.0
2026-06-19 11:40:00,1322.1,1323.6,1320.8,1322.0,3019.0
2026-06-19 11:45:00,1322.1,1323.1,1320.8,1321.5,1953.0
2026-06-19 11:50:00,1322.2,1322.2,1320.6,1320.7,1654.0
2026-06-19 11:55:00,1321.4,1322.8,1320.0,1322.1,3068.0
2026-06-19 12:00:00,1322.1,1322.7,1320.0,1320.0,5465.0
2026-06-19 12:05:00,1320.0,1321.3,1318.7,1320.3,5905.0
2026-06-19 12:10:00,1320.3,1321.1,1318.0,1321.0,2235.0
2026-06-19 12:15:00,1321.0,1323.6,1320.1,1321.1,4599.0
2026-06-19 12:20:00,1320.8,1322.1,1320.1,1320.4,1544.0
2026-06-19 12:25:00,1320.5,1320.5,1319.0,1319.1,6538.0
2026-06-19 12:30:00,1319.0,1320.9,1319.0,1320.9,3286.0
2026-06-19 12:35:00,1321.0,1322.0,1317.6,1321.3,9466.0
2026-06-19 12:40:00,1321.4,1322.0,1319.1,1321.8,2263.0
2026-06-19 12:45:00,1321.1,1325.0,1320.1,1320.4,12601.0
2026-06-19 12:50:00,1320.7,1321.5,1320.0,1320.1,2125.0
2026-06-19 12:55:00,1320.2,1320.6,1317.3,1317.4,2761.0
2026-06-19 13:00:00,1317.4,1319.9,1316.0,1317.0,3806.0
2026-06-19 13:05:00,1316.0,1317.4,1315.5,1315.5,7139.0
2026-06-19 13:10:00,1315.5,1317.6,1315.5,1317.5,2617.0
2026-06-19 13:15:00,1316.6,1318.0,1314.0,1314.2,6272.0
2026-06-19 13:20:00,1314.2,1315.0,1313.5,1313.8,5020.0
2026-06-19 13:25:00,1313.6,1315.0,1312.5,1315.0,5007.0
2026-06-19 13:30:00,1315.0,1316.5,1314.0,1314.3,2947.0
2026-06-19 13:35:00,1315.9,1318.1,1314.8,1317.7,5505.0
2026-06-19 13:40:00,1317.5,1317.5,1315.1,1315.2,2647.0
2026-06-19 13:45:00,1315.1,1317.3,1315.1,1316.2,4455.0
2026-06-19 13:50:00,1316.1,1317.0,1315.0,1315.6,3338.0
2026-06-19 13:55:00,1316.4,1318.3,1315.4,1316.0,5994.0
2026-06-19 14:00:00,1316.0,1316.8,1315.7,1315.7,2343.0
2026-06-19 14:05:00,1316.2,1317.0,1315.0,1316.9,2591.0
2026-06-19 14:10:00,1316.8,1317.5,1316.1,1317.3,2776.0
2026-06-19 14:15:00,1317.4,1324.0,1317.2,1323.3,17987.0
2026-06-19 14:20:00,1323.9,1324.5,1321.5,1321.5,9750.0
2026-06-19 14:25:00,1321.7,1323.6,1321.3,1323.6,4094.0
2026-06-19 14:30:00,1323.0,1326.0,1323.0,1325.5,8706.0
2026-06-19 14:35:00,1325.4,1326.0,1324.0,1324.0,6276.0
2026-06-19 14:40:00,1324.0,1326.8,1321.1,1322.0,10428.0
2026-06-19 14:45:00,1322.1,1323.2,1318.4,1319.0,7262.0
2026-06-19 14:50:00,1319.5,1320.1,1316.2,1318.4,11075.0
2026-06-19 14:55:00,1318.4,1319.6,1316.6,1318.5,11427.0
2026-06-19 15:00:00,1318.7,1337.0,1318.7,1333.3,68478.0
2026-06-19 15:05:00,1333.6,1335.8,1328.8,1329.3,22594.0
2026-06-19 15:10:00,1329.3,1334.2,1328.9,1331.9,36226.0
2026-06-19 15:15:00,1332.5,1339.0,1332.1,1338.7,35169.0
2026-06-19 15:20:00,1337.9,1339.0,1332.5,1337.6,31584.0
2026-06-19 15:25:00,1337.7,1340.0,1330.0,1339.0,30870.0
2026-06-22 09:15:00,1341.0,1357.0,1341.0,1346.7,41026.0
2026-06-22 09:20:00,1346.5,1346.5,1328.6,1333.9,28725.0
2026-06-22 09:25:00,1332.0,1335.9,1328.5,1335.5,12530.0
2026-06-22 09:30:00,1334.9,1343.9,1334.6,1341.1,23840.0
2026-06-22 09:35:00,1341.0,1346.0,1336.0,1345.9,24641.0
2026-06-22 09:40:00,1345.8,1351.6,1345.0,1350.9,21081.0
2026-06-22 09:45:00,1351.6,1356.4,1347.4,1349.3,44429.0
2026-06-22 09:50:00,1349.0,1353.5,1348.5,1348.5,14625.0
2026-06-22 09:55:00,1348.9,1350.0,1343.1,1344.0,15072.0
2026-06-22 10:00:00,1344.0,1345.3,1340.2,1343.2,13255.0
2026-06-22 10:05:00,1342.9,1343.0,1340.7,1342.8,8235.0
2026-06-22 10:10:00,1342.8,1343.6,1340.1,1341.1,5457.0
2026-06-22 10:15:00,1341.8,1343.1,1340.1,1342.4,3371.0
2026-06-22 10:20:00,1342.4,1344.7,1341.0,1342.9,6131.0
2026-06-22 10:25:00,1342.3,1342.5,1340.1,1340.5,3698.0
2026-06-22 10:30:00,1340.1,1341.3,1336.3,1340.0,5950.0
2026-06-22 10:35:00,1339.8,1344.0,1338.2,1342.0,5736.0
2026-06-22 10:40:00,1341.4,1344.0,1340.7,1344.0,3627.0
2026-06-22 10:45:00,1343.2,1344.2,1340.2,1342.2,12800.0
2026-06-22 10:50:00,1341.7,1343.4,1341.1,1341.2,2299.0
2026-06-22 10:55:00,1341.2,1341.5,1339.6,1340.1,2984.0
2026-06-22 11:00:00,1341.0,1341.1,1337.1,1337.7,3542.0
2026-06-22 11:05:00,1337.7,1339.8,1337.5,1338.2,3812.0
2026-06-22 11:10:00,1338.4,1348.0,1337.3,1347.7,14964.0
2026-06-22 11:15:00,1347.7,1348.5,1346.5,1347.1,4427.0
2026-06-22 11:20:00,1348.0,1348.8,1345.3,1348.8,3434.0
2026-06-22 11:25:00,1348.8,1349.9,1346.9,1349.8,3804.0
2026-06-22 11:30:00,1349.8,1352.4,1348.2,1348.7,12964.0
2026-06-22 11:35:00,1349.5,1349.9,1348.2,1349.8,2524.0
2026-06-22 11:40:00,1348.9,1349.5,1345.1,1346.4,8836.0
2026-06-22 11:45:00,1346.7,1348.1,1345.2,1348.0,3058.0
2026-06-22 11:50:00,1347.1,1348.1,1346.2,1347.8,2651.0
2026-06-22 11:55:00,1347.8,1348.6,1346.5,1348.2,2326.0
2026-06-22 12:00:00,1348.4,1349.0,1345.5,1347.6,2115.0
2026-06-22 12:05:00,1347.6,1348.2,1346.1,1347.1,2932.0
2026-06-22 12:10:00,1347.2,1348.0,1346.1,1347.7,1628.0
2026-06-22 12:15:00,1348.2,1348.5,1341.8,1347.6,7792.0
2026-06-22 12:20:00,1347.6,1348.7,1346.2,1348.0,2112.0
2026-06-22 12:25:00,1348.0,1348.8,1340.3,1341.6,7046.0
2026-06-22 12:30:00,1341.5,1343.0,1340.6,1342.0,4855.0
2026-06-22 12:35:00,1342.8,1343.2,1341.0,1341.5,3927.0
2026-06-22 12:40:00,1341.0,1344.3,1341.0,1344.2,4437.0
2026-06-22 12:45:00,1344.4,1345.5,1343.1,1344.0,3246.0
2026-06-22 12:50:00,1344.3,1344.5,1342.3,1343.7,3648.0
2026-06-22 12:55:00,1343.6,1344.9,1342.1,1344.9,3564.0
2026-06-22 13:00:00,1344.9,1345.0,1342.2,1343.6,4725.0
2026-06-22 13:05:00,1343.5,1343.9,1341.1,1341.2,4274.0
2026-06-22 13:10:00,1342.2,1343.0,1340.7,1341.9,3255.0
2026-06-22 13:15:00,1341.9,1343.0,1341.1,1342.6,2894.0
2026-06-22 13:20:00,1342.9,1342.9,1341.2,1342.5,3197.0
2026-06-22 13:25:00,1342.5,1342.9,1341.1,1342.2,3132.0
2026-06-22 13:30:00,1342.1,1342.2,1340.1,1340.7,5530.0
2026-06-22 13:35:00,1341.5,1342.1,1340.1,1340.4,4203.0
2026-06-22 13:40:00,1341.3,1342.1,1340.1,1341.9,3494.0
2026-06-22 13:45:00,1341.9,1342.4,1340.2,1341.3,7728.0
2026-06-22 13:50:00,1341.4,1342.0,1339.4,1342.0,2676.0
2026-06-22 13:55:00,1342.0,1342.0,1340.1,1341.3,2713.0
2026-06-22 14:00:00,1341.9,1341.9,1340.0,1341.2,3112.0
2026-06-22 14:05:00,1341.2,1341.4,1338.1,1339.2,5586.0
2026-06-22 14:10:00,1339.2,1339.6,1338.4,1339.3,2068.0
2026-06-22 14:15:00,1339.3,1339.5,1338.0,1339.0,2175.0
2026-06-22 14:20:00,1339.1,1341.0,1338.2,1338.2,5159.0
2026-06-22 14:25:00,1339.2,1341.0,1338.1,1340.9,4530.0
2026-06-22 14:30:00,1341.0,1341.6,1338.0,1339.5,4214.0
2026-06-22 14:35:00,1339.4,1339.5,1332.8,1334.9,22860.0
2026-06-22 14:40:00,1334.9,1338.0,1334.8,1337.6,4688.0
2026-06-22 14:45:00,1337.6,1338.0,1335.6,1336.0,2725.0
2026-06-22 14:50:00,1336.0,1337.5,1335.0,1336.0,4064.0
2026-06-22 14:55:00,1336.2,1337.6,1335.3,1335.7,4149.0
2026-06-22 15:00:00,1336.2,1337.0,1334.6,1336.3,4718.0
2026-06-22 15:05:00,1336.5,1337.4,1334.5,1335.8,18011.0
2026-06-22 15:10:00,1336.7,1338.4,1335.5,1337.0,18540.0
2026-06-22 15:15:00,1336.9,1338.8,1334.6,1336.9,16237.0
2026-06-22 15:20:00,1337.3,1338.7,1334.6,1336.7,14932.0
2026-06-22 15:25:00,1336.9,1339.0,1335.7,1338.0,18164.0
2026-06-23 09:15:00,1360.0,1385.4,1358.1,1383.6,379463.0
2026-06-23 09:20:00,1381.5,1394.9,1376.0,1382.0,224288.0
2026-06-23 09:25:00,1381.6,1393.7,1377.0,1377.8,183790.0
2026-06-23 09:30:00,1378.5,1380.9,1373.5,1376.5,73747.0
2026-06-23 09:35:00,1376.8,1379.7,1375.1,1377.5,52324.0
2026-06-23 09:40:00,1378.0,1379.3,1372.6,1375.4,43069.0
2026-06-23 09:45:00,1375.7,1378.1,1369.2,1372.0,49296.0
2026-06-23 09:50:00,1371.9,1377.9,1368.6,1376.4,30666.0
2026-06-23 09:55:00,1374.9,1377.0,1372.6,1375.8,20949.0
2026-06-23 10:00:00,1375.8,1377.9,1373.7,1375.1,14543.0
2026-06-23 10:05:00,1375.0,1387.6,1374.0,1386.3,50476.0
2026-06-23 10:10:00,1387.0,1410.0,1386.0,1404.2,241610.0
2026-06-23 10:15:00,1403.6,1403.6,1394.0,1395.2,88305.0
2026-06-23 10:20:00,1394.4,1396.7,1386.1,1388.0,56002.0
2026-06-23 10:25:00,1387.8,1392.7,1385.8,1388.1,27707.0
2026-06-23 10:30:00,1387.9,1395.0,1386.5,1392.5,38821.0
2026-06-23 10:35:00,1391.6,1404.9,1391.6,1402.8,75821.0
2026-06-23 10:40:00,1402.7,1422.0,1402.0,1419.4,196538.0
2026-06-23 10:45:00,1419.6,1419.6,1412.1,1415.4,105737.0
2026-06-23 10:50:00,1415.4,1418.9,1410.0,1415.3,93313.0
2026-06-23 10:55:00,1415.5,1418.6,1398.4,1400.0,122081.0
2026-06-23 11:00:00,1400.1,1405.5,1396.6,1399.1,81877.0
2026-06-23 11:05:00,1399.7,1405.0,1397.1,1400.8,41266.0
2026-06-23 11:10:00,1400.6,1407.8,1397.0,1407.0,48183.0
2026-06-23 11:15:00,1406.5,1407.0,1400.4,1403.2,26857.0
2026-06-23 11:20:00,1403.1,1404.4,1392.7,1394.8,79784.0
2026-06-23 11:25:00,1394.7,1398.9,1392.7,1398.2,24767.0
2026-06-23 11:30:00,1398.9,1399.9,1394.2,1394.2,24414.0
2026-06-23 11:35:00,1394.6,1398.5,1391.6,1394.0,41401.0
2026-06-23 11:40:00,1394.0,1396.6,1386.0,1389.5,66429.0
2026-06-23 11:45:00,1388.2,1389.2,1382.1,1383.6,58374.0
2026-06-23 11:50:00,1383.5,1385.0,1380.6,1383.9,31769.0
2026-06-23 11:55:00,1384.0,1384.5,1378.9,1381.6,43901.0
2026-06-23 12:00:00,1380.6,1383.6,1380.1,1380.9,11280.0
2026-06-23 12:05:00,1380.9,1383.4,1379.1,1382.6,15651.0
2026-06-23 12:10:00,1382.8,1387.9,1382.0,1387.0,38256.0
2026-06-23 12:15:00,1387.0,1388.0,1384.2,1388.0,15324.0
2026-06-23 12:20:00,1388.0,1389.6,1377.9,1382.5,44935.0
2026-06-23 12:25:00,1382.7,1390.3,1381.4,1385.9,37411.0
2026-06-23 12:30:00,1385.2,1385.8,1380.1,1382.0,22639.0
2026-06-23 12:35:00,1382.6,1384.8,1381.2,1382.7,6682.0
2026-06-23 12:40:00,1382.2,1383.8,1382.0,1382.8,15038.0
2026-06-23 12:45:00,1384.4,1386.6,1380.5,1381.4,26017.0
2026-06-23 12:50:00,1382.1,1391.1,1381.8,1391.1,29806.0
2026-06-23 12:55:00,1390.4,1399.6,1389.7,1396.3,48280.0
2026-06-23 13:00:00,1396.9,1399.2,1395.0,1396.9,52604.0
2026-06-23 13:05:00,1397.4,1399.7,1395.6,1396.9,36055.0
2026-06-23 13:10:00,1397.0,1399.4,1395.0,1396.4,28097.0
2026-06-23 13:15:00,1396.4,1400.0,1395.0,1399.0,27747.0
2026-06-23 13:20:00,1399.0,1404.0,1391.4,1392.1,59424.0
2026-06-23 13:25:00,1392.4,1393.8,1387.7,1388.0,34518.0
2026-06-23 13:30:00,1388.0,1390.8,1386.0,1386.9,23502.0
2026-06-23 13:35:00,1386.9,1388.6,1385.5,1386.9,14636.0
2026-06-23 13:40:00,1386.4,1390.0,1386.3,1389.9,9240.0
2026-06-23 13:45:00,1389.9,1389.9,1385.1,1385.7,12293.0
2026-06-23 13:50:00,1384.2,1384.2,1370.4,1372.9,74677.0
2026-06-23 13:55:00,1372.8,1373.9,1371.0,1372.6,17710.0
2026-06-23 14:00:00,1372.8,1375.7,1372.7,1375.3,19974.0
2026-06-23 14:05:00,1375.3,1375.3,1371.7,1371.8,18013.0
2026-06-23 14:10:00,1372.1,1382.0,1371.0,1381.5,24206.0
2026-06-23 14:15:00,1382.0,1382.6,1379.0,1381.0,19618.0
2026-06-23 14:20:00,1381.6,1382.6,1379.4,1381.2,11208.0
2026-06-23 14:25:00,1381.2,1382.8,1378.5,1380.4,13605.0
2026-06-23 14:30:00,1381.0,1383.0,1376.9,1379.5,25478.0
2026-06-23 14:35:00,1379.4,1382.6,1376.6,1376.6,25355.0
2026-06-23 14:40:00,1377.2,1378.0,1374.3,1376.8,21294.0
2026-06-23 14:45:00,1376.0,1378.9,1375.1,1377.7,11881.0
2026-06-23 14:50:00,1377.7,1378.0,1372.5,1374.0,20432.0
2026-06-23 14:55:00,1373.6,1377.7,1373.4,1376.3,30210.0
2026-06-23 15:00:00,1375.9,1376.1,1368.0,1371.8,73360.0
2026-06-23 15:05:00,1371.4,1378.1,1371.2,1377.0,35983.0
2026-06-23 15:10:00,1377.1,1377.1,1369.3,1369.6,44908.0
2026-06-23 15:15:00,1370.0,1378.4,1370.0,1374.5,78120.0
2026-06-23 15:20:00,1374.6,1375.0,1371.2,1372.1,40717.0
2026-06-23 15:25:00,1372.0,1382.0,1368.6,1377.0,58777.0
2026-06-24 09:15:00,1383.8,1400.4,1382.1,1395.0,113956.0
2026-06-24 09:20:00,1395.0,1402.8,1390.1,1391.4,73214.0
2026-06-24 09:25:00,1390.0,1390.6,1383.0,1389.3,49797.0
2026-06-24 09:30:00,1388.7,1394.8,1387.4,1391.0,18581.0
2026-06-24 09:35:00,1391.0,1394.0,1385.6,1390.1,23196.0
2026-06-24 09:40:00,1390.0,1392.9,1387.2,1387.8,14140.0
2026-06-24 09:45:00,1388.9,1389.0,1377.7,1378.4,28139.0
2026-06-24 09:50:00,1377.7,1384.1,1376.5,1383.9,19753.0
2026-06-24 09:55:00,1383.1,1389.0,1382.9,1389.0,12254.0
2026-06-24 10:00:00,1389.0,1398.9,1389.0,1396.4,33526.0
2026-06-24 10:05:00,1396.4,1396.9,1392.3,1394.2,35251.0
2026-06-24 10:10:00,1395.0,1395.0,1382.1,1387.0,23073.0
2026-06-24 10:15:00,1387.1,1388.0,1379.9,1381.1,18085.0
2026-06-24 10:20:00,1381.0,1385.0,1380.5,1385.0,10763.0
2026-06-24 10:25:00,1384.5,1385.9,1381.8,1382.5,4580.0
2026-06-24 10:30:00,1382.9,1384.9,1381.1,1384.8,5590.0
2026-06-24 10:35:00,1383.7,1387.9,1383.7,1387.0,8922.0
2026-06-24 10:40:00,1387.7,1393.7,1387.7,1392.0,7452.0
2026-06-24 10:45:00,1392.0,1394.6,1390.9,1391.9,8520.0
2026-06-24 10:50:00,1391.9,1395.0,1391.8,1394.0,11407.0
2026-06-24 10:55:00,1394.0,1396.9,1390.1,1395.0,12569.0
2026-06-24 11:00:00,1396.4,1396.9,1393.5,1394.8,6541.0
2026-06-24 11:05:00,1395.6,1396.0,1392.0,1392.1,5773.0
2026-06-24 11:10:00,1392.2,1394.5,1389.8,1392.4,16130.0
2026-06-24 11:15:00,1392.3,1393.6,1390.7,1392.6,3838.0
2026-06-24 11:20:00,1392.9,1394.0,1392.1,1393.2,3229.0
2026-06-24 11:25:00,1394.0,1394.5,1391.9,1394.5,3238.0
2026-06-24 11:30:00,1393.7,1395.0,1391.3,1393.9,4245.0
2026-06-24 11:35:00,1394.0,1395.0,1393.0,1394.4,5467.0
2026-06-24 11:40:00,1394.9,1395.5,1394.0,1395.4,7050.0
2026-06-24 11:45:00,1394.9,1395.4,1388.3,1389.6,8966.0
2026-06-24 11:50:00,1389.5,1391.0,1389.0,1390.2,4632.0
2026-06-24 11:55:00,1390.8,1392.0,1390.0,1390.3,4699.0
2026-06-24 12:00:00,1390.7,1396.9,1389.4,1395.2,10908.0
2026-06-24 12:05:00,1395.3,1395.8,1393.5,1394.0,5613.0
2026-06-24 12:10:00,1394.0,1395.5,1391.1,1393.0,7937.0
2026-06-24 12:15:00,1393.0,1395.5,1392.6,1394.8,6064.0
2026-06-24 12:20:00,1395.1,1395.5,1393.1,1394.7,4708.0
2026-06-24 12:25:00,1394.1,1394.7,1388.1,1388.2,9447.0
2026-06-24 12:30:00,1389.0,1390.4,1385.8,1389.1,9369.0
2026-06-24 12:35:00,1389.8,1391.3,1387.2,1388.8,5817.0
2026-06-24 12:40:00,1388.0,1390.1,1388.0,1389.4,3398.0
2026-06-24 12:45:00,1389.4,1390.0,1388.5,1389.2,2526.0
2026-06-24 12:50:00,1389.1,1390.0,1387.4,1389.9,6764.0
2026-06-24 12:55:00,1390.0,1392.3,1389.7,1390.5,3069.0
2026-06-24 13:00:00,1391.7,1393.5,1390.5,1390.5,5519.0
2026-06-24 13:05:00,1390.5,1392.3,1390.5,1392.0,2194.0
2026-06-24 13:10:00,1392.0,1393.0,1391.6,1392.3,1755.0
2026-06-24 13:15:00,1393.0,1394.5,1391.9,1391.9,4381.0
2026-06-24 13:20:00,1392.5,1393.0,1391.0,1392.4,3715.0
2026-06-24 13:25:00,1391.7,1392.8,1390.0,1391.7,2054.0
2026-06-24 13:30:00,1392.2,1392.9,1391.2,1391.3,1743.0
2026-06-24 13:35:00,1391.4,1392.7,1389.3,1389.3,4128.0
2026-06-24 13:40:00,1389.0,1391.3,1388.0,1390.5,4816.0
2026-06-24 13:45:00,1391.3,1392.8,1390.0,1392.2,7896.0
2026-06-24 13:50:00,1392.2,1393.0,1390.8,1390.8,3070.0
2026-06-24 13:55:00,1391.4,1392.1,1390.2,1390.5,1718.0
2026-06-24 14:00:00,1390.5,1399.2,1390.5,1399.2,40124.0
2026-06-24 14:05:00,1400.3,1401.9,1397.3,1399.1,15598.0
2026-06-24 14:10:00,1399.4,1400.9,1398.0,1398.3,10292.0
2026-06-24 14:15:00,1398.9,1400.0,1397.8,1399.7,4629.0
2026-06-24 14:20:00,1399.8,1399.8,1396.6,1397.3,4641.0
2026-06-24 14:25:00,1397.3,1407.0,1396.0,1406.2,29043.0
2026-06-24 14:30:00,1406.4,1410.0,1404.0,1405.4,45371.0
2026-06-24 14:35:00,1405.4,1415.0,1404.4,1414.9,63483.0
2026-06-24 14:40:00,1414.5,1415.0,1409.7,1412.5,22093.0
2026-06-24 14:45:00,1412.0,1413.9,1410.0,1412.6,17713.0
2026-06-24 14:50:00,1412.6,1413.9,1411.1,1413.7,10909.0
2026-06-24 14:55:00,1413.7,1414.5,1411.3,1413.1,13029.0
2026-06-24 15:00:00,1413.1,1419.3,1412.6,1417.7,44911.0
2026-06-24 15:05:00,1417.9,1425.0,1417.9,1424.0,66434.0
2026-06-24 15:10:00,1423.9,1428.5,1419.1,1420.4,46780.0
2026-06-24 15:15:00,1420.0,1430.0,1420.0,1428.2,57862.0
2026-06-24 15:20:00,1428.4,1432.7,1426.5,1432.5,76700.0
2026-06-24 15:25:00,1432.5,1433.0,1425.1,1430.9,41836.0
2026-06-25 09:15:00,1439.0,1452.0,1428.0,1445.0,117319.0
2026-06-25 09:20:00,1445.1,1447.9,1438.0,1440.2,68167.0
2026-06-25 09:25:00,1440.0,1441.9,1430.1,1437.8,51084.0
2026-06-25 09:30:00,1438.5,1438.8,1431.9,1436.4,27788.0
2026-06-25 09:35:00,1436.5,1438.5,1433.0,1436.6,15026.0
2026-06-25 09:40:00,1436.6,1442.8,1435.1,1438.4,17800.0
2026-06-25 09:45:00,1437.5,1456.9,1437.5,1455.9,64883.0
2026-06-25 09:50:00,1455.8,1464.0,1455.6,1463.0,122554.0
2026-06-25 09:55:00,1463.7,1465.6,1458.5,1463.0,54986.0
2026-06-25 10:00:00,1462.0,1467.3,1459.4,1465.9,51412.0
2026-06-25 10:05:00,1465.2,1469.5,1463.3,1468.9,60766.0
2026-06-25 10:10:00,1468.6,1468.8,1461.2,1463.2,25947.0
2026-06-25 10:15:00,1463.8,1466.9,1463.2,1466.2,16085.0
2026-06-25 10:20:00,1466.2,1474.7,1466.2,1474.0,46878.0
2026-06-25 10:25:00,1474.0,1474.8,1470.4,1473.1,29241.0
2026-06-25 10:30:00,1472.2,1476.0,1472.0,1472.0,29369.0
2026-06-25 10:35:00,1472.0,1493.1,1470.7,1491.2,99642.0
2026-06-25 10:40:00,1491.2,1517.7,1491.2,1513.5,299539.0
2026-06-25 10:45:00,1513.3,1513.9,1490.8,1492.0,204113.0
2026-06-25 10:50:00,1492.4,1498.9,1486.3,1493.6,151966.0
2026-06-25 10:55:00,1492.4,1494.9,1478.1,1478.8,107927.0
2026-06-25 11:00:00,1480.7,1484.0,1479.0,1482.2,40785.0
2026-06-25 11:05:00,1482.8,1482.9,1476.0,1480.8,48624.0
2026-06-25 11:10:00,1480.3,1484.9,1480.3,1483.0,22700.0
2026-06-25 11:15:00,1483.4,1488.0,1481.0,1485.5,18052.0
2026-06-25 11:20:00,1484.6,1486.0,1479.5,1482.0,18670.0
2026-06-25 11:25:00,1482.0,1484.0,1480.1,1481.0,12306.0
2026-06-25 11:30:00,1481.9,1485.9,1480.1,1484.0,15766.0
2026-06-25 11:35:00,1484.4,1486.1,1483.0,1483.5,6864.0
2026-06-25 11:40:00,1483.1,1483.5,1476.7,1478.0,34342.0
2026-06-25 11:45:00,1478.0,1482.4,1475.6,1480.7,18536.0
2026-06-25 11:50:00,1482.2,1482.9,1480.0,1480.4,8001.0
2026-06-25 11:55:00,1481.0,1482.6,1480.4,1482.3,5051.0
2026-06-25 12:00:00,1482.3,1483.7,1476.1,1478.9,16740.0
2026-06-25 12:05:00,1478.9,1479.7,1474.9,1477.7,13842.0
2026-06-25 12:10:00,1477.7,1477.8,1469.0,1469.7,47521.0
2026-06-25 12:15:00,1469.7,1473.8,1469.2,1473.4,18385.0
2026-06-25 12:20:00,1473.5,1474.2,1471.2,1474.1,10085.0
2026-06-25 12:25:00,1474.2,1490.0,1473.7,1490.0,68223.0
2026-06-25 12:30:00,1489.6,1493.0,1487.3,1488.3,38414.0
2026-06-25 12:35:00,1488.2,1489.8,1487.3,1488.8,16115.0
2026-06-25 12:40:00,1489.1,1489.9,1482.6,1487.8,32948.0
2026-06-25 12:45:00,1488.0,1488.0,1483.8,1484.3,14722.0
2026-06-25 12:50:00,1482.1,1494.8,1478.5,1494.1,59838.0
2026-06-25 12:55:00,1493.0,1495.0,1486.1,1489.0,44727.0
2026-06-25 13:00:00,1489.0,1489.0,1478.1,1479.2,63617.0
2026-06-25 13:05:00,1479.7,1481.7,1477.8,1481.0,17292.0
2026-06-25 13:10:00,1481.0,1482.8,1476.8,1480.1,18055.0
2026-06-25 13:15:00,1480.0,1481.5,1478.7,1481.0,10012.0
2026-06-25 13:20:00,1481.0,1481.7,1478.8,1480.4,10117.0
2026-06-25 13:25:00,1480.7,1481.0,1472.0,1473.2,20548.0
2026-06-25 13:30:00,1473.0,1473.9,1466.6,1469.0,37263.0
2026-06-25 13:35:00,1469.0,1469.8,1462.7,1464.2,52430.0
2026-06-25 13:40:00,1464.2,1466.6,1458.0,1458.0,39772.0
2026-06-25 13:45:00,1458.3,1459.1,1452.6,1453.5,39993.0
2026-06-25 13:50:00,1454.3,1457.7,1451.0,1456.3,42280.0
2026-06-25 13:55:00,1456.5,1462.5,1456.1,1457.5,37453.0
2026-06-25 14:00:00,1457.7,1457.7,1446.4,1448.0,48445.0
2026-06-25 14:05:00,1448.0,1448.0,1443.0,1444.6,25195.0
2026-06-25 14:10:00,1445.3,1448.3,1442.0,1447.0,15664.0
2026-06-25 14:15:00,1446.6,1447.4,1443.7,1445.6,16016.0
2026-06-25 14:20:00,1446.5,1449.6,1444.5,1446.0,13480.0
2026-06-25 14:25:00,1445.0,1449.7,1443.0,1449.0,27184.0
2026-06-25 14:30:00,1449.1,1450.5,1445.4,1446.6,12377.0
2026-06-25 14:35:00,1446.4,1448.4,1446.0,1447.4,12805.0
2026-06-25 14:40:00,1447.5,1448.0,1443.0,1443.9,15619.0
2026-06-25 14:45:00,1443.2,1445.8,1442.8,1443.3,21644.0
2026-06-25 14:50:00,1443.7,1448.7,1443.1,1448.3,11371.0
2026-06-25 14:55:00,1448.1,1448.1,1445.6,1445.6,8261.0
2026-06-25 15:00:00,1446.3,1449.8,1443.2,1448.2,18851.0
2026-06-25 15:05:00,1448.8,1449.8,1445.9,1448.3,17697.0
2026-06-25 15:10:00,1449.0,1454.9,1444.6,1454.9,34975.0
2026-06-25 15:15:00,1454.6,1456.2,1430.2,1439.7,131142.0
2026-06-25 15:20:00,1439.7,1439.7,1431.4,1435.5,42973.0
2026-06-25 15:25:00,1434.5,1440.7,1426.5,1436.0,104010.0
2026-06-29 09:15:00,1440.0,1440.0,1393.1,1394.1,102679.0
2026-06-29 09:20:00,1395.4,1399.3,1387.0,1387.0,92447.0
2026-06-29 09:25:00,1387.4,1401.6,1385.0,1398.4,44438.0
2026-06-29 09:30:00,1398.4,1400.6,1388.5,1398.6,39348.0
2026-06-29 09:35:00,1399.0,1412.0,1397.3,1409.6,38522.0
2026-06-29 09:40:00,1410.5,1414.9,1408.7,1411.9,31534.0
2026-06-29 09:45:00,1412.0,1413.0,1390.2,1391.0,45102.0
2026-06-29 09:50:00,1388.7,1393.8,1385.6,1390.6,35298.0
2026-06-29 09:55:00,1390.7,1390.7,1381.1,1381.7,46835.0
2026-06-29 10:00:00,1381.7,1385.9,1380.0,1383.8,42252.0
2026-06-29 10:05:00,1383.5,1388.2,1383.5,1387.0,10928.0
2026-06-29 10:10:00,1386.6,1387.0,1381.6,1382.5,14027.0
2026-06-29 10:15:00,1382.4,1383.4,1380.1,1381.6,18471.0
2026-06-29 10:20:00,1382.0,1383.9,1378.2,1382.5,18733.0
2026-06-29 10:25:00,1382.8,1387.0,1382.6,1384.0,14601.0
2026-06-29 10:30:00,1384.3,1384.3,1372.6,1374.5,44479.0
2026-06-29 10:35:00,1374.8,1375.0,1370.0,1373.1,35387.0
2026-06-29 10:40:00,1373.5,1374.8,1367.0,1369.0,34263.0
2026-06-29 10:45:00,1369.3,1372.2,1367.1,1369.0,35732.0
2026-06-29 10:50:00,1369.8,1370.0,1366.8,1370.0,16656.0
2026-06-29 10:55:00,1369.2,1369.6,1355.6,1358.1,63608.0
2026-06-29 11:00:00,1358.1,1358.4,1352.3,1358.1,74745.0
2026-06-29 11:05:00,1358.1,1363.5,1358.0,1362.6,26474.0
2026-06-29 11:10:00,1362.6,1366.9,1360.1,1366.9,57287.0
2026-06-29 11:15:00,1365.8,1370.0,1364.1,1369.9,30290.0
2026-06-29 11:20:00,1370.0,1370.0,1364.0,1364.4,15510.0
2026-06-29 11:25:00,1364.5,1372.5,1364.5,1372.5,14437.0
2026-06-29 11:30:00,1371.9,1374.0,1369.0,1372.9,58997.0
2026-06-29 11:35:00,1372.9,1374.9,1370.0,1370.7,24016.0
2026-06-29 11:40:00,1370.7,1372.1,1367.8,1368.9,31000.0
2026-06-29 11:45:00,1369.0,1373.0,1363.6,1365.4,82625.0
2026-06-29 11:50:00,1365.4,1368.6,1365.4,1368.3,11772.0
2026-06-29 11:55:00,1368.3,1369.0,1366.3,1367.8,7902.0
2026-06-29 12:00:00,1367.8,1368.0,1364.0,1367.7,14842.0
2026-06-29 12:05:00,1367.7,1367.8,1363.4,1364.0,9412.0
2026-06-29 12:10:00,1363.9,1365.0,1357.8,1359.0,19689.0
2026-06-29 12:15:00,1359.6,1359.9,1356.4,1357.0,18859.0
2026-06-29 12:20:00,1357.0,1360.0,1355.3,1358.8,14188.0
2026-06-29 12:25:00,1358.8,1360.0,1357.3,1359.1,8575.0
2026-06-29 12:30:00,1359.0,1359.6,1354.0,1359.3,24478.0
2026-06-29 12:35:00,1359.2,1359.5,1356.1,1356.1,7938.0
2026-06-29 12:40:00,1356.4,1362.4,1355.4,1358.0,29293.0
2026-06-29 12:45:00,1358.1,1359.4,1357.1,1358.1,6613.0
2026-06-29 12:50:00,1357.1,1359.8,1357.1,1359.8,5824.0
2026-06-29 12:55:00,1359.8,1360.0,1357.7,1359.1,7756.0
2026-06-29 13:00:00,1359.1,1360.0,1356.5,1359.0,12763.0
2026-06-29 13:05:00,1359.1,1359.4,1357.4,1357.8,6978.0
2026-06-29 13:10:00,1357.8,1362.3,1356.0,1362.3,24361.0
2026-06-29 13:15:00,1362.1,1363.0,1360.0,1361.6,10448.0
2026-06-29 13:20:00,1361.6,1364.9,1361.2,1363.4,11320.0
2026-06-29 13:25:00,1363.4,1364.0,1362.2,1363.4,9854.0
2026-06-29 13:30:00,1363.6,1370.0,1362.5,1369.5,27875.0
2026-06-29 13:35:00,1369.5,1369.5,1363.9,1366.1,26977.0
2026-06-29 13:40:00,1366.1,1366.6,1362.5,1363.6,8884.0
2026-06-29 13:45:00,1364.2,1365.0,1362.7,1364.2,7235.0
2026-06-29 13:50:00,1364.2,1367.0,1363.5,1365.9,6340.0
2026-06-29 13:55:00,1366.4,1367.8,1364.0,1365.9,7049.0
2026-06-29 14:00:00,1365.9,1367.0,1364.4,1366.2,7423.0
2026-06-29 14:05:00,1366.2,1367.0,1365.0,1365.0,7599.0
2026-06-29 14:10:00,1365.3,1368.4,1363.3,1367.5,10382.0
2026-06-29 14:15:00,1367.5,1367.8,1364.2,1366.5,10731.0
2026-06-29 14:20:00,1365.6,1366.7,1363.3,1364.1,8358.0
2026-06-29 14:25:00,1364.1,1366.2,1363.0,1365.1,8948.0
2026-06-29 14:30:00,1365.1,1369.0,1363.4,1365.4,39689.0
2026-06-29 14:35:00,1366.0,1366.7,1363.6,1364.2,29461.0
2026-06-29 14:40:00,1364.2,1367.6,1355.2,1355.7,62947.0
2026-06-29 14:45:00,1355.8,1359.8,1354.8,1359.3,23175.0
2026-06-29 14:50:00,1359.7,1359.7,1351.0,1355.7,28892.0
2026-06-29 14:55:00,1355.4,1360.8,1355.3,1360.0,16335.0
2026-06-29 15:00:00,1360.0,1364.0,1358.9,1364.0,27042.0
2026-06-29 15:05:00,1364.0,1375.5,1362.1,1367.8,93499.0
2026-06-29 15:10:00,1367.9,1369.0,1365.5,1369.0,26827.0
2026-06-29 15:15:00,1368.3,1369.9,1365.7,1368.8,46703.0
2026-06-29 15:20:00,1368.7,1371.4,1367.2,1369.9,44248.0
2026-06-29 15:25:00,1369.9,1379.5,1367.3,1377.0,49321.0
2026-06-30 09:15:00,1375.0,1399.8,1373.0,1393.8,159411.0
2026-06-30 09:20:00,1392.7,1407.1,1392.5,1404.3,79516.0
2026-06-30 09:25:00,1404.8,1413.7,1402.0,1407.9,55354.0
2026-06-30 09:30:00,1407.2,1408.8,1398.0,1408.0,46039.0
2026-06-30 09:35:00,1408.2,1412.1,1403.0,1404.4,35054.0
2026-06-30 09:40:00,1403.6,1409.3,1403.0,1405.5,14591.0
2026-06-30 09:45:00,1406.0,1408.0,1400.2,1404.0,15381.0
2026-06-30 09:50:00,1403.4,1409.5,1402.0,1403.0,14991.0
2026-06-30 09:55:00,1402.0,1406.4,1401.0,1406.0,7263.0
2026-06-30 10:00:00,1406.2,1412.5,1403.7,1407.7,28152.0
2026-06-30 10:05:00,1408.0,1409.2,1405.5,1409.2,10236.0
2026-06-30 10:10:00,1408.2,1413.6,1408.2,1409.0,21073.0
2026-06-30 10:15:00,1409.0,1410.6,1397.3,1397.9,31091.0
2026-06-30 10:20:00,1398.6,1404.8,1397.0,1403.9,12568.0
2026-06-30 10:25:00,1403.6,1404.8,1401.6,1403.2,5646.0
2026-06-30 10:30:00,1403.7,1407.6,1402.1,1404.1,8593.0
2026-06-30 10:35:00,1404.2,1404.3,1400.0,1400.0,9858.0
2026-06-30 10:40:00,1399.2,1403.5,1398.5,1402.5,3915.0
2026-06-30 10:45:00,1402.1,1403.0,1399.7,1402.0,3375.0
2026-06-30 10:50:00,1402.5,1403.5,1400.0,1402.3,10504.0
2026-06-30 10:55:00,1402.3,1402.3,1394.0,1395.7,25293.0
2026-06-30 11:00:00,1395.0,1399.3,1393.5,1396.0,9496.0
2026-06-30 11:05:00,1395.3,1397.3,1394.2,1396.8,4838.0
2026-06-30 11:10:00,1397.3,1397.4,1391.0,1394.6,13780.0
2026-06-30 11:15:00,1394.6,1395.5,1392.8,1392.8,5061.0
2026-06-30 11:20:00,1392.4,1396.1,1391.4,1394.4,9179.0
2026-06-30 11:25:00,1394.5,1397.6,1394.1,1394.7,8487.0
2026-06-30 11:30:00,1395.4,1396.3,1391.0,1394.5,17305.0
2026-06-30 11:35:00,1395.3,1395.9,1392.0,1395.9,5764.0
2026-06-30 11:40:00,1395.1,1397.0,1394.2,1395.4,4710.0
2026-06-30 11:45:00,1395.8,1396.9,1394.8,1395.6,3416.0
2026-06-30 11:50:00,1396.2,1398.0,1395.6,1397.1,1203.0
2026-06-30 11:55:00,1397.8,1397.9,1396.0,1397.8,2634.0
2026-06-30 12:00:00,1397.8,1397.8,1394.6,1397.0,4241.0
2026-06-30 12:05:00,1397.5,1397.9,1394.1,1395.2,4042.0
2026-06-30 12:10:00,1395.2,1397.1,1394.1,1396.7,1835.0
2026-06-30 12:15:00,1396.3,1397.9,1395.0,1395.8,3777.0
2026-06-30 12:20:00,1395.1,1396.8,1395.0,1395.6,1916.0
2026-06-30 12:25:00,1395.7,1397.0,1392.8,1397.0,4308.0
2026-06-30 12:30:00,1397.0,1398.0,1393.0,1393.8,3897.0
2026-06-30 12:35:00,1393.5,1394.0,1392.8,1393.6,1617.0
2026-06-30 12:40:00,1392.8,1395.0,1392.8,1394.0,2631.0
2026-06-30 12:45:00,1394.0,1396.6,1393.4,1395.6,2162.0
2026-06-30 12:50:00,1395.5,1396.9,1394.4,1395.5,1801.0
2026-06-30 12:55:00,1395.2,1397.5,1395.0,1396.4,3034.0
2026-06-30 13:00:00,1395.7,1397.0,1395.0,1396.5,1430.0
2026-06-30 13:05:00,1396.5,1397.0,1395.0,1396.3,2280.0
2026-06-30 13:10:00,1396.3,1397.6,1395.6,1396.8,9889.0
2026-06-30 13:15:00,1396.4,1397.2,1395.2,1396.9,1965.0
2026-06-30 13:20:00,1396.0,1396.6,1395.0,1395.5,2137.0
2026-06-30 13:25:00,1396.1,1397.8,1395.1,1396.2,1352.0
2026-06-30 13:30:00,1396.2,1398.1,1396.2,1397.7,2431.0
2026-06-30 13:35:00,1397.1,1398.4,1396.4,1397.6,2877.0
2026-06-30 13:40:00,1398.0,1400.8,1395.1,1396.0,15079.0
2026-06-30 13:45:00,1396.5,1397.1,1395.0,1395.0,2284.0
2026-06-30 13:50:00,1395.1,1395.8,1392.8,1393.9,3711.0
2026-06-30 13:55:00,1393.3,1394.9,1392.2,1393.6,3869.0
2026-06-30 14:00:00,1393.0,1394.9,1390.0,1390.1,6634.0
2026-06-30 14:05:00,1391.0,1393.3,1390.3,1391.3,6244.0
2026-06-30 14:10:00,1391.3,1393.9,1391.0,1392.2,3041.0
2026-06-30 14:15:00,1392.2,1393.5,1390.3,1390.6,2268.0
2026-06-30 14:20:00,1390.6,1398.3,1389.9,1398.2,12818.0
2026-06-30 14:25:00,1398.3,1399.9,1395.6,1397.4,6708.0
2026-06-30 14:30:00,1396.8,1397.5,1395.1,1397.3,2611.0
2026-06-30 14:35:00,1396.4,1397.5,1395.1,1395.6,7034.0
2026-06-30 14:40:00,1396.6,1397.5,1395.6,1395.6,2153.0
2026-06-30 14:45:00,1395.6,1397.5,1395.1,1397.5,5366.0
2026-06-30 14:50:00,1396.7,1397.4,1393.0,1396.3,13115.0
2026-06-30 14:55:00,1395.6,1396.7,1393.4,1395.3,6649.0
2026-06-30 15:00:00,1395.9,1395.9,1390.8,1393.2,19832.0
2026-06-30 15:05:00,1393.1,1395.7,1392.6,1395.0,9455.0
2026-06-30 15:10:00,1395.0,1396.9,1395.0,1396.6,18591.0
2026-06-30 15:15:00,1396.1,1399.7,1393.5,1397.1,33691.0
2026-06-30 15:20:00,1398.0,1399.7,1395.3,1398.5,25375.0
2026-06-30 15:25:00,1398.0,1400.0,1396.7,1399.7,25416.0
2026-07-01 09:15:00,1405.3,1424.0,1395.3,1401.3,58252.0
2026-07-01 09:20:00,1400.0,1409.1,1392.6,1394.9,31261.0
2026-07-01 09:25:00,1395.8,1396.2,1390.7,1391.9,16296.0
2026-07-01 09:30:00,1391.9,1403.5,1388.1,1401.8,40054.0
2026-07-01 09:35:00,1402.8,1409.0,1401.7,1408.3,29549.0
2026-07-01 09:40:00,1408.4,1413.0,1407.2,1410.8,25536.0
2026-07-01 09:45:00,1411.2,1412.8,1408.1,1409.5,14223.0
2026-07-01 09:50:00,1404.2,1411.1,1404.2,1408.5,17695.0
2026-07-01 09:55:00,1408.8,1410.8,1406.2,1407.5,13630.0
2026-07-01 10:00:00,1407.9,1413.5,1407.8,1413.0,26988.0
2026-07-01 10:05:00,1413.6,1419.0,1413.6,1419.0,24670.0
2026-07-01 10:10:00,1419.0,1423.9,1417.4,1423.2,25395.0
2026-07-01 10:15:00,1422.2,1426.8,1421.2,1426.7,23600.0
2026-07-01 10:20:00,1426.1,1427.8,1424.2,1425.7,21324.0
2026-07-01 10:25:00,1426.1,1430.0,1425.6,1429.1,22069.0
2026-07-01 10:30:00,1429.5,1430.8,1427.5,1429.0,21966.0
2026-07-01 10:35:00,1428.3,1432.0,1428.3,1430.9,14392.0
2026-07-01 10:40:00,1431.0,1436.0,1430.9,1432.3,23836.0
2026-07-01 10:45:00,1431.5,1436.0,1430.9,1434.8,18048.0
2026-07-01 10:50:00,1432.1,1435.5,1432.1,1434.6,12881.0
2026-07-01 10:55:00,1434.8,1436.0,1433.3,1435.3,13250.0
2026-07-01 11:00:00,1434.5,1436.0,1433.1,1435.1,14493.0
2026-07-01 11:05:00,1434.9,1435.8,1433.2,1434.2,8087.0
2026-07-01 11:10:00,1434.7,1435.5,1433.2,1435.5,7423.0
2026-07-01 11:15:00,1435.4,1436.0,1432.8,1432.8,14243.0
2026-07-01 11:20:00,1433.0,1435.7,1431.0,1435.1,11553.0
2026-07-01 11:25:00,1435.3,1437.9,1432.3,1437.6,17505.0
2026-07-01 11:30:00,1437.6,1439.0,1435.0,1436.8,16322.0
2026-07-01 11:35:00,1436.2,1446.9,1436.2,1445.2,34282.0
2026-07-01 11:40:00,1445.2,1448.9,1445.0,1445.1,27637.0
2026-07-01 11:45:00,1446.0,1449.0,1445.1,1448.3,14499.0
2026-07-01 11:50:00,1449.5,1449.7,1447.2,1448.5,17801.0
2026-07-01 11:55:00,1448.6,1449.0,1447.3,1447.4,14149.0
2026-07-01 12:00:00,1447.8,1450.0,1447.1,1447.3,21644.0
2026-07-01 12:05:00,1447.8,1449.8,1447.2,1449.6,15875.0
2026-07-01 12:10:00,1449.1,1450.0,1448.4,1450.0,10816.0
2026-07-01 12:15:00,1449.8,1454.0,1449.2,1450.5,25346.0
2026-07-01 12:20:00,1450.4,1453.0,1448.9,1452.7,13718.0
2026-07-01 12:25:00,1452.7,1453.4,1438.3,1439.1,44489.0
2026-07-01 12:30:00,1439.5,1440.0,1431.1,1431.1,40605.0
2026-07-01 12:35:00,1431.7,1434.0,1428.1,1428.5,21214.0
2026-07-01 12:40:00,1428.5,1429.0,1423.1,1426.9,17669.0
2026-07-01 12:45:00,1426.6,1426.9,1422.0,1424.0,10029.0
2026-07-01 12:50:00,1424.0,1425.8,1419.6,1420.5,11163.0
2026-07-01 12:55:00,1420.6,1423.7,1420.5,1423.3,4397.0
2026-07-01 13:00:00,1423.3,1423.6,1421.3,1422.0,3107.0
2026-07-01 13:05:00,1422.6,1423.6,1421.1,1422.6,5619.0
2026-07-01 13:10:00,1422.4,1424.8,1420.6,1423.5,4115.0
2026-07-01 13:15:00,1424.1,1424.2,1423.0,1423.8,2243.0
2026-07-01 13:20:00,1424.0,1424.0,1421.0,1421.9,6089.0
2026-07-01 13:25:00,1422.0,1423.2,1421.0,1422.5,1791.0
2026-07-01 13:30:00,1421.8,1423.0,1418.0,1419.1,13038.0
2026-07-01 13:35:00,1419.1,1420.0,1412.0,1415.0,16857.0
2026-07-01 13:40:00,1415.0,1415.4,1413.0,1414.6,4951.0
2026-07-01 13:45:00,1414.5,1414.8,1408.1,1408.1,20453.0
2026-07-01 13:50:00,1409.0,1414.8,1408.2,1412.3,16351.0
2026-07-01 13:55:00,1412.9,1414.4,1412.3,1413.4,2564.0
2026-07-01 14:00:00,1413.5,1415.0,1413.4,1414.6,10424.0
2026-07-01 14:05:00,1414.5,1414.6,1413.0,1413.2,2010.0
2026-07-01 14:10:00,1413.0,1414.2,1410.8,1412.8,8094.0
2026-07-01 14:15:00,1412.7,1413.1,1411.0,1412.0,3767.0
2026-07-01 14:20:00,1412.0,1414.6,1412.0,1413.8,2891.0
2026-07-01 14:25:00,1413.1,1415.0,1412.9,1413.0,2880.0
2026-07-01 14:30:00,1412.8,1413.5,1411.9,1413.1,2990.0
2026-07-01 14:35:00,1412.8,1414.5,1411.6,1414.5,4654.0
2026-07-01 14:40:00,1414.2,1421.1,1409.0,1421.1,18760.0
2026-07-01 14:45:00,1421.1,1421.1,1412.7,1413.7,11074.0
2026-07-01 14:50:00,1414.6,1418.7,1414.0,1418.3,7275.0
2026-07-01 14:55:00,1417.3,1417.6,1414.1,1414.5,7450.0
2026-07-01 15:00:00,1414.5,1419.3,1413.4,1417.7,13201.0
2026-07-01 15:05:00,1417.0,1420.8,1415.7,1420.2,14173.0
2026-07-01 15:10:00,1419.9,1424.0,1419.4,1422.4,19561.0
2026-07-01 15:15:00,1422.4,1425.8,1420.0,1421.5,25195.0
2026-07-01 15:20:00,1421.5,1421.6,1418.8,1420.3,23651.0
2026-07-01 15:25:00,1420.0,1428.9,1420.0,1425.0,25807.0
2026-07-02 09:15:00,1432.6,1436.0,1412.1,1414.8,43611.0
2026-07-02 09:20:00,1415.9,1420.5,1395.1,1396.0,49491.0
2026-07-02 09:25:00,1396.0,1396.0,1383.1,1393.2,40376.0
2026-07-02 09:30:00,1393.0,1394.5,1387.0,1392.8,28012.0
2026-07-02 09:35:00,1392.7,1395.5,1387.0,1388.4,15423.0
2026-07-02 09:40:00,1388.4,1392.8,1387.4,1387.4,15095.0
2026-07-02 09:45:00,1388.3,1397.0,1387.2,1395.0,11402.0
2026-07-02 09:50:00,1395.0,1396.8,1383.1,1383.1,25550.0
2026-07-02 09:55:00,1381.7,1387.4,1381.0,1386.9,29737.0
2026-07-02 10:00:00,1388.0,1389.3,1381.1,1385.0,11365.0
2026-07-02 10:05:00,1385.3,1385.6,1378.0,1385.0,17528.0
2026-07-02 10:10:00,1384.1,1384.9,1379.1,1380.1,16302.0
2026-07-02 10:15:00,1380.5,1384.0,1379.8,1382.6,11424.0
2026-07-02 10:20:00,1382.6,1384.9,1382.0,1384.5,8398.0
2026-07-02 10:25:00,1384.5,1389.0,1383.0,1389.0,50340.0
2026-07-02 10:30:00,1391.6,1393.8,1389.2,1392.0,14058.0
2026-07-02 10:35:00,1392.0,1397.6,1391.0,1397.0,17821.0
2026-07-02 10:40:00,1397.3,1397.6,1395.0,1396.1,14810.0
2026-07-02 10:45:00,1396.0,1399.4,1395.9,1397.3,13145.0
2026-07-02 10:50:00,1396.4,1398.0,1395.2,1396.0,5966.0
2026-07-02 10:55:00,1396.9,1399.1,1395.2,1397.9,7695.0
2026-07-02 11:00:00,1397.8,1398.7,1395.0,1396.0,5602.0
2026-07-02 11:05:00,1397.2,1399.5,1396.7,1398.2,9468.0
2026-07-02 11:10:00,1399.0,1399.8,1397.3,1397.9,6025.0
2026-07-02 11:15:00,1398.9,1400.3,1396.6,1398.0,8426.0
2026-07-02 11:20:00,1397.9,1398.6,1396.6,1397.2,6332.0
2026-07-02 11:25:00,1397.7,1399.8,1396.7,1399.1,9853.0
2026-07-02 11:30:00,1399.1,1400.7,1398.4,1399.8,7473.0
2026-07-02 11:35:00,1399.1,1399.5,1396.2,1397.6,6232.0
2026-07-02 11:40:00,1396.9,1397.6,1395.0,1397.2,13609.0
2026-07-02 11:45:00,1397.2,1397.2,1395.0,1395.6,3307.0
2026-07-02 11:50:00,1395.6,1396.6,1395.0,1395.2,4123.0
2026-07-02 11:55:00,1395.2,1396.9,1395.0,1395.0,14890.0
2026-07-02 12:00:00,1395.0,1395.0,1390.0,1390.8,27868.0
2026-07-02 12:05:00,1390.1,1391.0,1386.7,1386.7,5578.0
2026-07-02 12:10:00,1387.0,1393.4,1386.6,1392.0,5142.0
2026-07-02 12:15:00,1392.5,1396.3,1391.5,1396.3,3867.0
2026-07-02 12:20:00,1396.6,1397.4,1395.0,1395.5,2610.0
2026-07-02 12:25:00,1395.0,1395.0,1394.0,1394.5,2471.0
2026-07-02 12:30:00,1394.0,1395.0,1393.0,1394.0,1579.0
2026-07-02 12:35:00,1394.0,1395.0,1393.9,1394.9,1901.0
2026-07-02 12:40:00,1395.0,1395.0,1388.1,1388.8,6298.0
2026-07-02 12:45:00,1388.8,1391.1,1388.5,1389.4,4283.0
2026-07-02 12:50:00,1388.5,1389.2,1382.0,1382.0,30184.0
2026-07-02 12:55:00,1382.0,1382.9,1380.0,1380.5,12616.0
2026-07-02 13:00:00,1380.5,1383.0,1380.5,1381.7,7357.0
2026-07-02 13:05:00,1381.6,1382.3,1379.5,1380.0,9624.0
2026-07-02 13:10:00,1380.0,1380.7,1379.2,1380.4,5392.0
2026-07-02 13:15:00,1379.9,1383.0,1379.0,1381.1,6230.0
2026-07-02 13:20:00,1382.7,1383.0,1380.7,1382.1,8637.0
2026-07-02 13:25:00,1382.1,1389.0,1380.9,1386.4,19690.0
2026-07-02 13:30:00,1386.1,1389.7,1385.5,1389.7,11238.0
2026-07-02 13:35:00,1389.0,1393.5,1388.9,1391.0,18654.0
2026-07-02 13:40:00,1391.0,1393.4,1390.3,1391.8,10339.0
2026-07-02 13:45:00,1391.8,1395.8,1390.2,1392.5,18975.0
2026-07-02 13:50:00,1392.7,1396.8,1391.5,1395.1,13253.0
2026-07-02 13:55:00,1395.1,1403.0,1394.3,1402.9,20529.0
2026-07-02 14:00:00,1402.1,1407.5,1394.3,1395.0,32888.0
2026-07-02 14:05:00,1395.8,1397.2,1393.2,1396.0,7274.0
2026-07-02 14:10:00,1396.0,1397.2,1395.1,1396.8,7413.0
2026-07-02 14:15:00,1396.7,1397.3,1395.0,1396.2,6861.0
2026-07-02 14:20:00,1396.3,1400.7,1395.2,1398.8,13959.0
2026-07-02 14:25:00,1398.5,1400.0,1397.2,1398.7,7645.0
2026-07-02 14:30:00,1398.0,1400.0,1398.0,1398.9,4436.0
2026-07-02 14:35:00,1398.9,1399.1,1394.0,1396.7,7135.0
2026-07-02 14:40:00,1396.6,1397.6,1394.2,1395.0,10571.0
2026-07-02 14:45:00,1394.2,1395.6,1393.0,1395.0,11955.0
2026-07-02 14:50:00,1394.2,1398.4,1393.3,1396.0,9929.0
2026-07-02 14:55:00,1396.0,1399.9,1396.0,1399.6,7511.0
2026-07-02 15:00:00,1398.5,1404.4,1398.5,1404.1,21177.0
2026-07-02 15:05:00,1404.2,1405.0,1400.0,1400.5,15000.0
2026-07-02 15:10:00,1400.0,1401.0,1396.3,1399.6,18095.0
2026-07-02 15:15:00,1398.1,1400.0,1393.7,1397.3,21739.0
2026-07-02 15:20:00,1396.2,1397.5,1394.1,1396.4,14954.0
2026-07-02 15:25:00,1396.3,1398.0,1386.3,1395.0,30204.0
2026-07-03 09:15:00,1407.9,1408.0,1380.0,1384.9,49005.0
2026-07-03 09:20:00,1384.1,1388.4,1380.2,1384.9,35772.0
2026-07-03 09:25:00,1383.3,1385.0,1370.0,1374.6,40228.0
2026-07-03 09:30:00,1374.6,1379.9,1366.6,1373.5,31712.0
2026-07-03 09:35:00,1372.9,1373.4,1368.8,1371.2,12674.0
2026-07-03 09:40:00,1371.0,1373.0,1368.0,1371.6,16497.0
2026-07-03 09:45:00,1372.0,1383.0,1371.6,1380.7,12888.0
2026-07-03 09:50:00,1381.7,1400.4,1381.3,1400.0,83559.0
2026-07-03 09:55:00,1398.7,1398.7,1391.4,1393.6,16414.0
2026-07-03 10:00:00,1394.2,1399.7,1390.4,1397.7,18923.0
2026-07-03 10:05:00,1397.7,1399.4,1396.2,1398.7,10734.0
2026-07-03 10:10:00,1398.9,1399.4,1395.4,1397.5,7862.0
2026-07-03 10:15:00,1397.5,1399.9,1396.0,1399.9,9203.0
2026-07-03 10:20:00,1400.1,1400.1,1396.0,1398.7,16825.0
2026-07-03 10:25:00,1398.6,1399.2,1395.2,1397.2,7788.0
2026-07-03 10:30:00,1397.0,1397.5,1390.0,1390.9,11356.0
2026-07-03 10:35:00,1391.1,1395.4,1390.2,1393.7,4467.0
2026-07-03 10:40:00,1393.7,1395.2,1391.5,1394.8,3118.0
2026-07-03 10:45:00,1395.4,1395.5,1380.0,1383.7,11934.0
2026-07-03 10:50:00,1383.7,1388.5,1383.3,1388.5,5110.0
2026-07-03 10:55:00,1389.1,1389.9,1386.7,1387.9,6439.0
2026-07-03 11:00:00,1387.9,1389.3,1386.3,1388.0,5508.0
2026-07-03 11:05:00,1388.6,1389.4,1387.1,1388.3,4224.0
2026-07-03 11:10:00,1388.3,1396.2,1386.1,1396.0,16046.0
2026-07-03 11:15:00,1396.0,1396.0,1391.1,1392.6,3318.0
2026-07-03 11:20:00,1393.0,1393.8,1389.7,1393.8,6809.0
2026-07-03 11:25:00,1393.8,1395.0,1391.1,1391.1,3232.0
2026-07-03 11:30:00,1392.2,1392.5,1390.8,1392.5,1724.0
2026-07-03 11:35:00,1392.5,1392.8,1390.0,1391.5,4201.0
2026-07-03 11:40:00,1391.7,1392.6,1388.7,1390.0,2991.0
2026-07-03 11:45:00,1390.2,1391.0,1388.7,1390.0,2222.0
2026-07-03 11:50:00,1390.0,1390.6,1386.0,1387.0,3896.0
2026-07-03 11:55:00,1387.2,1391.1,1386.5,1391.1,11761.0
2026-07-03 12:00:00,1391.0,1394.9,1390.5,1394.7,2966.0
2026-07-03 12:05:00,1394.7,1394.7,1390.8,1392.1,2561.0
2026-07-03 12:10:00,1392.2,1398.0,1390.3,1397.2,12902.0
2026-07-03 12:15:00,1397.7,1399.0,1396.5,1398.6,6507.0
2026-07-03 12:20:00,1398.6,1398.8,1396.8,1398.0,4759.0
2026-07-03 12:25:00,1398.0,1398.9,1395.1,1397.0,11422.0
2026-07-03 12:30:00,1397.2,1398.0,1393.7,1394.6,6603.0
2026-07-03 12:35:00,1394.6,1394.6,1389.0,1392.2,9899.0
2026-07-03 12:40:00,1391.8,1392.4,1387.8,1389.3,7963.0
2026-07-03 12:45:00,1389.2,1390.2,1376.1,1377.6,23545.0
2026-07-03 12:50:00,1378.6,1379.6,1375.2,1376.6,10941.0
2026-07-03 12:55:00,1376.6,1377.1,1375.2,1376.0,7823.0
2026-07-03 13:00:00,1376.0,1379.6,1373.8,1373.8,18252.0
2026-07-03 13:05:00,1374.5,1375.2,1370.4,1374.0,31700.0
2026-07-03 13:10:00,1374.0,1374.4,1372.4,1374.0,9698.0
2026-07-03 13:15:00,1374.0,1375.0,1370.0,1373.4,21145.0
2026-07-03 13:20:00,1373.5,1381.6,1372.7,1374.6,25998.0
2026-07-03 13:25:00,1375.0,1378.9,1373.5,1375.0,37276.0
2026-07-03 13:30:00,1374.9,1375.6,1374.5,1375.0,6196.0
2026-07-03 13:35:00,1375.0,1381.5,1373.5,1380.9,25193.0
2026-07-03 13:40:00,1380.5,1383.3,1380.2,1383.0,10933.0
2026-07-03 13:45:00,1383.0,1383.6,1379.1,1380.0,11614.0
2026-07-03 13:50:00,1380.0,1384.0,1376.6,1379.0,17889.0
2026-07-03 13:55:00,1378.6,1379.7,1377.6,1378.8,7577.0
2026-07-03 14:00:00,1378.5,1380.0,1377.5,1378.8,4171.0
2026-07-03 14:05:00,1378.7,1378.8,1373.6,1375.0,12933.0
2026-07-03 14:10:00,1375.0,1375.4,1369.5,1370.0,20681.0
2026-07-03 14:15:00,1369.5,1370.5,1368.7,1369.9,10489.0
2026-07-03 14:20:00,1369.8,1370.0,1367.9,1369.6,9592.0
2026-07-03 14:25:00,1369.6,1373.9,1364.1,1373.1,12955.0
2026-07-03 14:30:00,1373.6,1375.0,1370.3,1371.6,7353.0
2026-07-03 14:35:00,1369.5,1372.7,1369.5,1372.0,6063.0
2026-07-03 14:40:00,1371.5,1377.0,1369.1,1375.6,32199.0
2026-07-03 14:45:00,1374.2,1377.6,1369.5,1374.1,44770.0
2026-07-03 14:50:00,1374.6,1375.0,1370.0,1374.1,33308.0
2026-07-03 14:55:00,1374.1,1374.7,1369.6,1372.0,33911.0
2026-07-03 15:00:00,1372.8,1375.0,1371.6,1374.1,13872.0
2026-07-03 15:05:00,1374.2,1374.8,1370.8,1373.0,16750.0
2026-07-03 15:10:00,1374.0,1379.5,1369.9,1375.0,70077.0
2026-07-03 15:15:00,1374.9,1379.3,1374.8,1378.4,27186.0
2026-07-03 15:20:00,1378.5,1380.0,1376.6,1380.0,46854.0
2026-07-03 15:25:00,1379.7,1380.0,1376.7,1379.0,13893.0
2026-07-06 09:15:00,1379.0,1389.9,1370.1,1383.3,45295.0
2026-07-06 09:20:00,1383.2,1386.0,1375.4,1377.6,17894.0
2026-07-06 09:25:00,1378.0,1384.3,1377.3,1383.9,10100.0
2026-07-06 09:30:00,1382.6,1385.9,1381.4,1385.0,12390.0
2026-07-06 09:35:00,1385.1,1391.4,1383.0,1388.0,22399.0
2026-07-06 09:40:00,1388.9,1396.0,1379.9,1382.6,39706.0
2026-07-06 09:45:00,1383.2,1387.3,1379.3,1380.1,23202.0
2026-07-06 09:50:00,1380.0,1386.9,1380.0,1386.0,10550.0
2026-07-06 09:55:00,1385.7,1395.4,1384.5,1395.0,27657.0
2026-07-06 10:00:00,1395.5,1396.6,1390.5,1391.9,13601.0
2026-07-06 10:05:00,1391.7,1394.9,1390.3,1390.9,8879.0
2026-07-06 10:10:00,1390.7,1392.2,1382.1,1382.6,12015.0
2026-07-06 10:15:00,1383.0,1400.4,1382.5,1398.6,56493.0
2026-07-06 10:20:00,1399.7,1402.8,1396.7,1398.0,19727.0
2026-07-06 10:25:00,1398.5,1399.9,1396.0,1398.8,7725.0
2026-07-06 10:30:00,1398.2,1400.5,1397.2,1399.0,10510.0
2026-07-06 10:35:00,1399.9,1400.5,1392.3,1394.1,8763.0
2026-07-06 10:40:00,1394.1,1395.3,1392.4,1394.0,6209.0
2026-07-06 10:45:00,1394.5,1400.0,1390.0,1397.8,40133.0
2026-07-06 10:50:00,1397.6,1401.0,1397.6,1400.0,9371.0
2026-07-06 10:55:00,1400.0,1400.0,1397.6,1397.6,3023.0
2026-07-06 11:00:00,1398.7,1404.0,1397.6,1403.3,8180.0
2026-07-06 11:05:00,1403.3,1407.0,1402.5,1406.0,13854.0
2026-07-06 11:10:00,1406.0,1406.0,1402.5,1403.0,5629.0
2026-07-06 11:15:00,1402.9,1411.6,1402.1,1411.6,21738.0
2026-07-06 11:20:00,1411.6,1412.0,1407.2,1407.9,8625.0
2026-07-06 11:25:00,1407.9,1410.0,1405.1,1408.7,11204.0
2026-07-06 11:30:00,1408.3,1409.0,1406.1,1407.1,7547.0
2026-07-06 11:35:00,1405.8,1409.0,1405.0,1406.6,9838.0
2026-07-06 11:40:00,1407.1,1411.2,1405.0,1408.3,8255.0
2026-07-06 11:45:00,1409.0,1409.2,1406.4,1408.2,6650.0
2026-07-06 11:50:00,1408.7,1409.2,1406.3,1407.7,19332.0
2026-07-06 11:55:00,1407.9,1409.0,1404.7,1406.2,10126.0
2026-07-06 12:00:00,1406.2,1409.0,1405.0,1405.7,12829.0
2026-07-06 12:05:00,1405.7,1406.9,1405.0,1406.0,8197.0
2026-07-06 12:10:00,1406.2,1406.2,1397.9,1399.0,13316.0
2026-07-06 12:15:00,1399.0,1400.0,1397.6,1399.0,6570.0
2026-07-06 12:20:00,1399.0,1399.6,1398.0,1398.5,4093.0
2026-07-06 12:25:00,1398.7,1405.0,1398.0,1404.0,5502.0
2026-07-06 12:30:00,1402.8,1405.9,1400.9,1405.7,6874.0
2026-07-06 12:35:00,1406.0,1406.2,1403.6,1404.9,5283.0
2026-07-06 12:40:00,1404.9,1407.2,1404.4,1406.3,5139.0
2026-07-06 12:45:00,1406.8,1409.0,1406.0,1407.5,4657.0
2026-07-06 12:50:00,1407.5,1408.9,1405.1,1405.8,4964.0
2026-07-06 12:55:00,1405.8,1406.0,1403.8,1405.8,2122.0
2026-07-06 13:00:00,1404.9,1406.0,1403.6,1405.1,3174.0
2026-07-06 13:05:00,1404.9,1406.5,1400.0,1402.3,6897.0
2026-07-06 13:10:00,1402.8,1402.8,1399.1,1399.1,4117.0
2026-07-06 13:15:00,1399.8,1401.7,1399.0,1400.1,3907.0
2026-07-06 13:20:00,1400.6,1402.1,1399.1,1400.6,9330.0
2026-07-06 13:25:00,1401.6,1402.8,1400.5,1401.1,4876.0
2026-07-06 13:30:00,1401.6,1402.7,1399.1,1401.2,6113.0
2026-07-06 13:35:00,1401.2,1403.0,1399.5,1401.6,6757.0
2026-07-06 13:40:00,1401.8,1402.9,1400.6,1402.2,5048.0
2026-07-06 13:45:00,1402.1,1402.3,1399.7,1401.0,4921.0
2026-07-06 13:50:00,1401.5,1402.0,1398.3,1399.0,8744.0
2026-07-06 13:55:00,1399.9,1400.2,1398.1,1399.9,5444.0
2026-07-06 14:00:00,1399.9,1401.0,1398.2,1398.9,4453.0
2026-07-06 14:05:00,1399.0,1401.5,1397.6,1398.6,8698.0
2026-07-06 14:10:00,1399.6,1399.6,1392.0,1393.4,40121.0
2026-07-06 14:15:00,1393.4,1394.7,1384.8,1384.8,58648.0
2026-07-06 14:20:00,1385.0,1393.7,1384.5,1393.7,38528.0
2026-07-06 14:25:00,1393.7,1396.5,1393.5,1396.3,8253.0
2026-07-06 14:30:00,1396.3,1397.9,1391.4,1392.1,8377.0
2026-07-06 14:35:00,1392.6,1394.0,1391.1,1392.5,6750.0
2026-07-06 14:40:00,1392.7,1394.7,1391.4,1393.6,5772.0
2026-07-06 14:45:00,1393.6,1393.7,1390.1,1391.5,7650.0
2026-07-06 14:50:00,1392.0,1393.5,1389.1,1390.9,7748.0
2026-07-06 14:55:00,1391.0,1392.6,1389.5,1389.9,7989.0
2026-07-06 15:00:00,1389.8,1391.3,1388.0,1389.2,11915.0
2026-07-06 15:05:00,1389.9,1391.2,1388.5,1389.4,11048.0
2026-07-06 15:10:00,1389.4,1390.4,1387.9,1388.2,21822.0
2026-07-06 15:15:00,1387.8,1396.0,1387.6,1394.1,20652.0
2026-07-06 15:20:00,1393.3,1394.3,1391.1,1393.3,14667.0
2026-07-06 15:25:00,1393.4,1397.9,1390.0,1397.9,21563.0
2026-07-07 09:15:00,1396.0,1400.0,1377.2,1380.0,29051.0
2026-07-07 09:20:00,1380.4,1386.7,1372.0,1373.4,26224.0
2026-07-07 09:25:00,1372.8,1388.8,1372.2,1380.2,32482.0
2026-07-07 09:30:00,1378.3,1389.5,1376.7,1385.0,19498.0
2026-07-07 09:35:00,1385.0,1390.6,1384.2,1387.3,11830.0
2026-07-07 09:40:00,1386.5,1391.4,1386.5,1387.1,16218.0
2026-07-07 09:45:00,1387.2,1394.9,1381.0,1383.8,29420.0
2026-07-07 09:50:00,1384.2,1385.1,1378.1,1379.2,10637.0
2026-07-07 09:55:00,1379.0,1382.4,1376.2,1377.0,16534.0
2026-07-07 10:00:00,1377.0,1377.8,1371.0,1373.6,15958.0
2026-07-07 10:05:00,1372.5,1377.9,1372.2,1377.0,5083.0
2026-07-07 10:10:00,1375.8,1377.4,1372.9,1374.3,6266.0
2026-07-07 10:15:00,1374.3,1374.6,1368.5,1372.4,13753.0
2026-07-07 10:20:00,1372.4,1374.5,1371.2,1372.8,5675.0
2026-07-07 10:25:00,1372.8,1375.7,1371.2,1372.2,3439.0
2026-07-07 10:30:00,1373.0,1377.4,1372.2,1377.2,5264.0
2026-07-07 10:35:00,1377.8,1379.0,1375.7,1376.6,3153.0
2026-07-07 10:40:00,1377.0,1377.6,1373.7,1374.9,1645.0
2026-07-07 10:45:00,1374.8,1376.0,1373.6,1375.6,2767.0
2026-07-07 10:50:00,1376.2,1376.2,1371.3,1372.8,5151.0
2026-07-07 10:55:00,1373.1,1373.1,1369.0,1371.0,6971.0
2026-07-07 11:00:00,1371.6,1373.8,1370.1,1373.4,2651.0
2026-07-07 11:05:00,1372.5,1373.5,1371.7,1372.7,1471.0
2026-07-07 11:10:00,1373.1,1375.0,1372.0,1374.5,2032.0
2026-07-07 11:15:00,1373.2,1376.7,1373.1,1375.5,2969.0
2026-07-07 11:20:00,1375.7,1379.0,1375.5,1378.0,4210.0
2026-07-07 11:25:00,1378.0,1383.0,1377.3,1383.0,6522.0
2026-07-07 11:30:00,1383.4,1389.3,1382.6,1386.1,12517.0
2026-07-07 11:35:00,1386.1,1389.8,1385.0,1389.0,8381.0
2026-07-07 11:40:00,1389.0,1389.9,1388.0,1389.0,5278.0
2026-07-07 11:45:00,1388.4,1389.4,1387.7,1388.2,8016.0
2026-07-07 11:50:00,1388.4,1388.9,1382.8,1386.0,14578.0
2026-07-07 11:55:00,1385.5,1385.7,1373.6,1377.1,55988.0
2026-07-07 12:00:00,1377.8,1379.0,1376.3,1378.5,2054.0
2026-07-07 12:05:00,1378.6,1379.4,1376.7,1377.6,2280.0
2026-07-07 12:10:00,1378.0,1378.0,1376.0,1376.9,3929.0
2026-07-07 12:15:00,1377.0,1378.8,1376.0,1377.5,2801.0
2026-07-07 12:20:00,1377.9,1378.1,1375.6,1377.5,2250.0
2026-07-07 12:25:00,1377.5,1377.9,1376.3,1377.2,1946.0
2026-07-07 12:30:00,1377.9,1377.9,1375.0,1377.0,2881.0
2026-07-07 12:35:00,1377.0,1377.5,1375.0,1376.4,3291.0
2026-07-07 12:40:00,1375.5,1376.9,1375.0,1376.6,1032.0
2026-07-07 12:45:00,1376.4,1376.7,1374.0,1376.4,1370.0
2026-07-07 12:50:00,1376.3,1376.5,1374.1,1375.1,1510.0
2026-07-07 12:55:00,1375.1,1375.6,1373.1,1374.3,1931.0
2026-07-07 13:00:00,1374.2,1374.2,1366.0,1368.6,9773.0
2026-07-07 13:05:00,1368.6,1368.6,1360.1,1365.6,16475.0
2026-07-07 13:10:00,1365.6,1366.5,1365.0,1365.8,4967.0
2026-07-07 13:15:00,1365.3,1366.2,1363.3,1364.8,4305.0
2026-07-07 13:20:00,1364.8,1365.6,1363.4,1365.2,2905.0
2026-07-07 13:25:00,1365.2,1365.6,1362.6,1364.4,4795.0
2026-07-07 13:30:00,1364.4,1365.1,1363.1,1364.0,2368.0
2026-07-07 13:35:00,1365.6,1366.8,1363.0,1363.0,3546.0
2026-07-07 13:40:00,1364.3,1365.3,1364.0,1365.0,2614.0
2026-07-07 13:45:00,1365.0,1366.8,1364.1,1365.0,3609.0
2026-07-07 13:50:00,1365.0,1365.1,1362.1,1362.9,3091.0
2026-07-07 13:55:00,1362.9,1363.3,1361.2,1363.0,4806.0
2026-07-07 14:00:00,1362.0,1365.0,1362.0,1364.8,6711.0
2026-07-07 14:05:00,1364.7,1365.0,1361.6,1362.8,4579.0
2026-07-07 14:10:00,1362.8,1364.0,1361.1,1362.7,2391.0
2026-07-07 14:15:00,1362.7,1363.0,1356.7,1359.8,11294.0
2026-07-07 14:20:00,1359.8,1360.0,1358.1,1358.9,2549.0
2026-07-07 14:25:00,1359.0,1360.0,1356.6,1357.9,7833.0
2026-07-07 14:30:00,1357.9,1359.4,1357.2,1358.7,3031.0
2026-07-07 14:35:00,1358.7,1359.3,1357.1,1357.8,5023.0
2026-07-07 14:40:00,1357.8,1359.8,1357.8,1358.5,3398.0
2026-07-07 14:45:00,1359.1,1359.9,1357.2,1359.6,3688.0
2026-07-07 14:50:00,1359.6,1359.6,1357.6,1358.8,3802.0
2026-07-07 14:55:00,1358.8,1359.0,1357.3,1358.0,2534.0
2026-07-07 15:00:00,1358.4,1358.4,1356.6,1357.9,10659.0
2026-07-07 15:05:00,1357.9,1362.9,1356.9,1359.7,13245.0
2026-07-07 15:10:00,1359.9,1360.8,1359.0,1360.8,6773.0
2026-07-07 15:15:00,1360.0,1360.7,1354.0,1354.5,20943.0
2026-07-07 15:20:00,1354.9,1356.7,1351.2,1353.5,30380.0
2026-07-07 15:25:00,1353.4,1356.3,1350.3,1354.4,20025.0
2026-07-08 09:15:00,1344.8,1379.9,1332.2,1368.2,111184.0
2026-07-08 09:20:00,1369.0,1375.7,1366.1,1366.9,18966.0
2026-07-08 09:25:00,1365.9,1378.3,1364.5,1376.9,18196.0
2026-07-08 09:30:00,1376.9,1381.0,1372.8,1380.7,17460.0
2026-07-08 09:35:00,1380.7,1384.0,1378.6,1381.9,32302.0
2026-07-08 09:40:00,1381.8,1383.8,1376.0,1377.4,10454.0
2026-07-08 09:45:00,1377.4,1377.4,1369.1,1371.1,20718.0
2026-07-08 09:50:00,1371.1,1372.8,1366.5,1366.6,9545.0
2026-07-08 09:55:00,1366.6,1376.2,1366.6,1372.7,9534.0
2026-07-08 10:00:00,1373.2,1382.0,1371.6,1380.5,18061.0
2026-07-08 10:05:00,1380.5,1380.9,1377.1,1378.9,4632.0
2026-07-08 10:10:00,1378.9,1379.2,1377.1,1378.6,2990.0
2026-07-08 10:15:00,1378.7,1380.7,1377.5,1377.5,10508.0
2026-07-08 10:20:00,1377.7,1384.5,1377.1,1383.5,7090.0
2026-07-08 10:25:00,1383.5,1392.4,1383.0,1392.2,37723.0
2026-07-08 10:30:00,1392.8,1394.5,1387.2,1388.2,40172.0
2026-07-08 10:35:00,1388.3,1392.8,1384.2,1390.1,17948.0
2026-07-08 10:40:00,1391.1,1394.8,1388.3,1393.0,15310.0
2026-07-08 10:45:00,1393.0,1396.6,1393.0,1393.3,19547.0
2026-07-08 10:50:00,1394.0,1395.7,1391.1,1392.1,8568.0
2026-07-08 10:55:00,1393.0,1397.5,1391.1,1393.0,10046.0
2026-07-08 11:00:00,1392.2,1393.8,1390.6,1392.2,5159.0
2026-07-08 11:05:00,1392.3,1393.8,1390.6,1393.8,5198.0
2026-07-08 11:10:00,1393.8,1398.5,1393.6,1395.3,14898.0
2026-07-08 11:15:00,1395.4,1395.4,1392.5,1393.4,4406.0
2026-07-08 11:20:00,1394.0,1395.2,1393.1,1394.7,3271.0
2026-07-08 11:25:00,1394.7,1394.9,1391.0,1394.9,6184.0
2026-07-08 11:30:00,1394.3,1394.7,1392.0,1392.9,3048.0
2026-07-08 11:35:00,1392.7,1393.0,1386.2,1388.5,9403.0
2026-07-08 11:40:00,1388.5,1390.0,1386.7,1388.8,5669.0
2026-07-08 11:45:00,1388.1,1390.0,1388.0,1389.9,2694.0
2026-07-08 11:50:00,1389.8,1389.8,1387.2,1388.8,4495.0
2026-07-08 11:55:00,1388.8,1389.7,1385.8,1389.5,2852.0
2026-07-08 12:00:00,1389.5,1389.5,1388.1,1389.4,1619.0
2026-07-08 12:05:00,1388.6,1390.8,1388.5,1389.9,6222.0
2026-07-08 12:10:00,1389.9,1392.9,1389.2,1392.0,4277.0
2026-07-08 12:15:00,1391.7,1392.6,1389.0,1389.0,3649.0
2026-07-08 12:20:00,1389.9,1390.0,1387.1,1388.9,11843.0
2026-07-08 12:25:00,1388.4,1389.4,1387.0,1388.3,2410.0
2026-07-08 12:30:00,1388.3,1389.7,1387.3,1389.0,3746.0
2026-07-08 12:35:00,1389.0,1389.0,1384.1,1384.4,3134.0
2026-07-08 12:40:00,1385.1,1385.6,1384.5,1385.4,3486.0
2026-07-08 12:45:00,1385.4,1387.5,1384.7,1386.0,4102.0
2026-07-08 12:50:00,1386.1,1387.3,1386.0,1387.3,1429.0
2026-07-08 12:55:00,1387.3,1390.1,1386.6,1388.5,4203.0
2026-07-08 13:00:00,1388.5,1389.6,1387.8,1389.5,1871.0
2026-07-08 13:05:00,1389.5,1389.8,1386.6,1387.7,2417.0
2026-07-08 13:10:00,1387.5,1388.2,1385.1,1385.7,1895.0
2026-07-08 13:15:00,1385.5,1385.7,1382.0,1383.1,7491.0
2026-07-08 13:20:00,1383.6,1385.7,1383.1,1384.5,2544.0
2026-07-08 13:25:00,1384.0,1385.4,1384.0,1384.7,2151.0
2026-07-08 13:30:00,1384.6,1385.3,1384.0,1385.2,1491.0
2026-07-08 13:35:00,1385.1,1389.8,1384.5,1388.8,6961.0
2026-07-08 13:40:00,1389.0,1390.0,1387.0,1387.7,3405.0
2026-07-08 13:45:00,1387.3,1389.2,1384.0,1385.5,3956.0
2026-07-08 13:50:00,1385.5,1385.5,1378.4,1381.0,20027.0
2026-07-08 13:55:00,1381.0,1381.0,1374.2,1374.7,17680.0
2026-07-08 14:00:00,1374.5,1376.4,1370.0,1371.7,53160.0
2026-07-08 14:05:00,1370.7,1371.5,1365.0,1365.1,25377.0
2026-07-08 14:10:00,1365.2,1366.2,1357.3,1358.8,34338.0
2026-07-08 14:15:00,1358.8,1367.2,1357.6,1361.7,15763.0
2026-07-08 14:20:00,1362.2,1364.8,1360.0,1362.2,9474.0
2026-07-08 14:25:00,1361.4,1365.6,1360.0,1361.6,12019.0
2026-07-08 14:30:00,1361.8,1365.5,1360.8,1362.9,11497.0
2026-07-08 14:35:00,1363.0,1363.9,1360.7,1362.4,8047.0
2026-07-08 14:40:00,1361.8,1363.1,1359.5,1361.2,14390.0
2026-07-08 14:45:00,1361.1,1361.4,1355.8,1358.2,14438.0
2026-07-08 14:50:00,1358.3,1363.2,1356.0,1361.2,17019.0
2026-07-08 14:55:00,1361.1,1364.6,1356.0,1357.0,12249.0
2026-07-08 15:00:00,1357.0,1366.0,1356.2,1361.3,20502.0
2026-07-08 15:05:00,1361.3,1362.6,1359.0,1360.6,6122.0
2026-07-08 15:10:00,1360.6,1365.0,1359.0,1361.1,15334.0
2026-07-08 15:15:00,1363.0,1371.9,1363.0,1370.7,17946.0
2026-07-08 15:20:00,1371.0,1374.8,1367.4,1369.7,20680.0
2026-07-08 15:25:00,1369.6,1373.3,1366.7,1373.3,9592.0
2026-07-09 09:15:00,1410.4,1428.0,1388.1,1426.5,485093.0
2026-07-09 09:20:00,1422.8,1430.0,1414.4,1424.5,246397.0
2026-07-09 09:25:00,1424.6,1425.8,1421.1,1423.1,78753.0
2026-07-09 09:30:00,1423.1,1424.5,1411.1,1418.3,113716.0
2026-07-09 09:35:00,1419.5,1439.0,1417.1,1426.4,244783.0
2026-07-09 09:40:00,1427.0,1430.4,1422.0,1423.5,49425.0
2026-07-09 09:45:00,1423.7,1426.8,1417.0,1419.1,76591.0
2026-07-09 09:50:00,1419.1,1420.0,1415.0,1416.2,27551.0
2026-07-09 09:55:00,1417.1,1418.6,1397.2,1399.5,129685.0
2026-07-09 10:00:00,1400.3,1400.6,1397.0,1400.0,60919.0
2026-07-09 10:05:00,1400.7,1400.7,1398.1,1400.0,40119.0
2026-07-09 10:10:00,1400.0,1403.9,1399.2,1403.6,96019.0
2026-07-09 10:15:00,1406.0,1410.5,1404.0,1409.0,37420.0
2026-07-09 10:20:00,1408.4,1409.9,1402.8,1404.6,17135.0
2026-07-09 10:25:00,1404.6,1405.4,1401.0,1401.0,8919.0
2026-07-09 10:30:00,1401.1,1401.4,1393.7,1395.0,47892.0
2026-07-09 10:35:00,1395.0,1396.4,1385.0,1390.1,51030.0
2026-07-09 10:40:00,1390.6,1400.3,1389.2,1397.9,32595.0
2026-07-09 10:45:00,1398.3,1399.0,1395.0,1397.5,8544.0
2026-07-09 10:50:00,1397.9,1399.9,1397.2,1399.2,6901.0
2026-07-09 10:55:00,1399.6,1399.6,1396.5,1397.0,4413.0
2026-07-09 11:00:00,1397.4,1398.0,1393.0,1397.3,10305.0
2026-07-09 11:05:00,1398.0,1399.0,1397.0,1397.8,5459.0
2026-07-09 11:10:00,1397.8,1403.2,1396.3,1402.4,18390.0
2026-07-09 11:15:00,1401.4,1410.0,1401.4,1406.4,33209.0
2026-07-09 11:20:00,1406.8,1408.9,1404.1,1405.5,17141.0
2026-07-09 11:25:00,1404.9,1406.7,1404.0,1405.5,6230.0
2026-07-09 11:30:00,1405.9,1409.0,1405.0,1406.8,16728.0
2026-07-09 11:35:00,1406.0,1407.0,1398.1,1398.1,30761.0
2026-07-09 11:40:00,1399.0,1401.7,1396.4,1397.6,28939.0
2026-07-09 11:45:00,1398.0,1408.9,1397.9,1405.6,27352.0
2026-07-09 11:50:00,1406.5,1407.8,1403.9,1407.5,7509.0
2026-07-09 11:55:00,1407.5,1419.7,1406.9,1416.9,108703.0
2026-07-09 12:00:00,1416.9,1428.8,1415.5,1421.4,94265.0
2026-07-09 12:05:00,1421.6,1422.0,1417.0,1419.0,31154.0
2026-07-09 12:10:00,1419.8,1420.2,1417.4,1418.0,18141.0
2026-07-09 12:15:00,1418.2,1419.8,1416.1,1418.5,20291.0
2026-07-09 12:20:00,1418.5,1419.0,1416.6,1418.0,6752.0
2026-07-09 12:25:00,1418.5,1428.8,1417.7,1428.8,45086.0
2026-07-09 12:30:00,1428.6,1430.9,1423.8,1430.1,62105.0
2026-07-09 12:35:00,1430.1,1432.5,1424.5,1425.4,34221.0
2026-07-09 12:40:00,1425.0,1432.6,1425.0,1432.0,30746.0
2026-07-09 12:45:00,1432.0,1438.0,1429.6,1436.8,53861.0
2026-07-09 12:50:00,1436.1,1439.0,1435.3,1437.4,41831.0
2026-07-09 12:55:00,1438.2,1438.8,1434.8,1436.3,26481.0
2026-07-09 13:00:00,1436.9,1439.0,1433.5,1435.8,26068.0
2026-07-09 13:05:00,1435.9,1438.8,1435.0,1437.8,12485.0
2026-07-09 13:10:00,1438.2,1438.5,1434.0,1438.2,18976.0
2026-07-09 13:15:00,1438.2,1438.4,1426.4,1428.0,36256.0
2026-07-09 13:20:00,1427.9,1436.4,1427.0,1433.7,22407.0
2026-07-09 13:25:00,1434.2,1437.7,1433.2,1435.8,9700.0
2026-07-09 13:30:00,1435.8,1436.0,1433.4,1434.9,14157.0
2026-07-09 13:35:00,1434.8,1436.0,1432.2,1432.5,16086.0
2026-07-09 13:40:00,1432.5,1434.8,1430.0,1431.5,15110.0
2026-07-09 13:45:00,1431.7,1434.0,1430.4,1433.1,13345.0
2026-07-09 13:50:00,1433.9,1434.0,1431.0,1433.4,6714.0
2026-07-09 13:55:00,1433.3,1433.6,1429.0,1431.5,10395.0
2026-07-09 14:00:00,1431.8,1433.3,1431.2,1431.2,10602.0
2026-07-09 14:05:00,1431.8,1432.1,1430.0,1432.0,4999.0
2026-07-09 14:10:00,1432.0,1437.0,1430.4,1436.7,15509.0
2026-07-09 14:15:00,1437.0,1438.0,1435.7,1436.7,7953.0
2026-07-09 14:20:00,1436.0,1436.7,1432.0,1433.6,10674.0
2026-07-09 14:25:00,1433.6,1436.0,1433.1,1436.0,9664.0
2026-07-09 14:30:00,1436.5,1445.0,1435.0,1444.0,89214.0
2026-07-09 14:35:00,1443.9,1446.3,1436.9,1437.4,50206.0
2026-07-09 14:40:00,1437.5,1439.8,1432.2,1434.1,45790.0
2026-07-09 14:45:00,1434.7,1437.9,1433.1,1435.6,29192.0
2026-07-09 14:50:00,1435.0,1437.2,1433.2,1435.8,17153.0
2026-07-09 14:55:00,1435.8,1438.2,1434.1,1436.9,15801.0
2026-07-09 15:00:00,1436.7,1438.9,1435.6,1436.5,32939.0
2026-07-09 15:05:00,1437.3,1438.0,1433.0,1436.0,32026.0
2026-07-09 15:10:00,1435.5,1438.6,1435.0,1436.4,27607.0
2026-07-09 15:15:00,1436.4,1445.0,1435.0,1442.9,65487.0
2026-07-09 15:20:00,1443.0,1449.0,1437.6,1447.6,71526.0
2026-07-09 15:25:00,1447.0,1449.0,1440.7,1445.0,60190.0
2026-07-10 09:15:00,1450.0,1450.0,1433.4,1448.0,65856.0
2026-07-10 09:20:00,1447.0,1449.4,1427.9,1430.0,47723.0
2026-07-10 09:25:00,1430.0,1430.0,1424.7,1428.4,56253.0
2026-07-10 09:30:00,1427.5,1428.4,1422.5,1424.2,28407.0
2026-07-10 09:35:00,1424.5,1429.4,1421.2,1423.4,22204.0
2026-07-10 09:40:00,1424.3,1426.0,1420.1,1424.0,17873.0
2026-07-10 09:45:00,1424.9,1424.9,1418.7,1422.0,16546.0
2026-07-10 09:50:00,1422.0,1423.0,1418.0,1421.9,24997.0
2026-07-10 09:55:00,1421.0,1426.8,1420.4,1426.2,18594.0
2026-07-10 10:00:00,1426.2,1432.0,1424.1,1431.8,17035.0
2026-07-10 10:05:00,1431.2,1432.9,1426.0,1427.0,11094.0
2026-07-10 10:10:00,1427.3,1427.7,1425.0,1427.3,5344.0
2026-07-10 10:15:00,1427.2,1427.7,1423.3,1426.2,7564.0
2026-07-10 10:20:00,1425.9,1427.7,1424.5,1427.7,2739.0
2026-07-10 10:25:00,1427.4,1427.5,1423.2,1425.1,3875.0
2026-07-10 10:30:00,1425.1,1426.5,1424.0,1426.3,2235.0
2026-07-10 10:35:00,1426.5,1426.5,1423.7,1424.3,4381.0
2026-07-10 10:40:00,1423.7,1426.0,1423.0,1424.9,6075.0
2026-07-10 10:45:00,1424.8,1425.9,1422.7,1423.3,3630.0
2026-07-10 10:50:00,1423.2,1423.5,1417.1,1418.8,13046.0
2026-07-10 10:55:00,1418.5,1420.3,1414.0,1415.3,18376.0
2026-07-10 11:00:00,1414.4,1416.6,1414.4,1414.8,5872.0
2026-07-10 11:05:00,1415.0,1416.8,1413.1,1415.8,12311.0
2026-07-10 11:10:00,1416.7,1418.9,1415.2,1418.4,6406.0
2026-07-10 11:15:00,1418.3,1419.7,1417.5,1419.7,2687.0
2026-07-10 11:20:00,1419.7,1420.8,1417.4,1419.7,5921.0
2026-07-10 11:25:00,1419.3,1420.0,1417.3,1419.7,3690.0
2026-07-10 11:30:00,1419.8,1420.4,1417.7,1419.0,3537.0
2026-07-10 11:35:00,1420.0,1421.0,1418.2,1420.5,6685.0
2026-07-10 11:40:00,1421.0,1430.6,1418.6,1429.7,19469.0
2026-07-10 11:45:00,1428.3,1430.3,1424.4,1425.0,13006.0
2026-07-10 11:50:00,1425.0,1428.6,1423.5,1428.2,6666.0
2026-07-10 11:55:00,1428.2,1434.0,1425.4,1433.5,33889.0
2026-07-10 12:00:00,1433.4,1433.7,1431.0,1432.1,6741.0
2026-07-10 12:05:00,1431.9,1433.2,1430.1,1431.8,5470.0
2026-07-10 12:10:00,1431.6,1433.2,1431.0,1432.2,5483.0
2026-07-10 12:15:00,1432.2,1438.0,1431.2,1435.5,22064.0
2026-07-10 12:20:00,1435.5,1437.0,1433.5,1435.0,29808.0
2026-07-10 12:25:00,1435.3,1437.0,1430.5,1436.1,15964.0
2026-07-10 12:30:00,1436.1,1437.4,1435.0,1436.0,5764.0
2026-07-10 12:35:00,1435.8,1436.0,1432.1,1433.1,22758.0
2026-07-10 12:40:00,1432.6,1436.0,1429.0,1435.4,20608.0
2026-07-10 12:45:00,1435.4,1435.4,1429.3,1433.3,31558.0
2026-07-10 12:50:00,1432.6,1436.0,1431.6,1435.0,8937.0
2026-07-10 12:55:00,1435.0,1441.7,1435.0,1441.3,17164.0
2026-07-10 13:00:00,1441.4,1441.7,1436.4,1436.4,7945.0
2026-07-10 13:05:00,1436.5,1438.0,1435.0,1436.0,9309.0
2026-07-10 13:10:00,1436.4,1437.6,1435.3,1436.3,2809.0
2026-07-10 13:15:00,1436.2,1436.2,1434.0,1434.0,1602.0
2026-07-10 13:20:00,1434.0,1434.5,1430.0,1431.7,9225.0
2026-07-10 13:25:00,1431.1,1438.0,1429.1,1436.1,7553.0
2026-07-10 13:30:00,1436.1,1438.4,1430.0,1437.2,136889.0
2026-07-10 13:35:00,1437.7,1438.1,1436.0,1436.6,3545.0
2026-07-10 13:40:00,1437.2,1437.5,1435.4,1436.3,2269.0
2026-07-10 13:45:00,1436.9,1438.0,1436.1,1437.3,4057.0
2026-07-10 13:50:00,1438.1,1438.1,1436.0,1437.1,1460.0
2026-07-10 13:55:00,1437.2,1438.0,1436.6,1438.0,1904.0
2026-07-10 14:00:00,1437.3,1437.9,1435.6,1437.1,4730.0
2026-07-10 14:05:00,1437.6,1438.9,1437.1,1437.2,2863.0
2026-07-10 14:10:00,1437.7,1438.3,1435.4,1437.8,4712.0
2026-07-10 14:15:00,1438.0,1443.5,1436.0,1441.6,25157.0
2026-07-10 14:20:00,1440.9,1442.8,1439.7,1440.5,6131.0
2026-07-10 14:25:00,1440.0,1441.0,1440.0,1440.9,7860.0
2026-07-10 14:30:00,1440.9,1444.0,1440.4,1443.0,9315.0
2026-07-10 14:35:00,1443.0,1443.9,1440.9,1441.9,7054.0
2026-07-10 14:40:00,1441.9,1443.0,1441.0,1442.4,4237.0
2026-07-10 14:45:00,1442.9,1452.0,1441.7,1450.0,92397.0
2026-07-10 14:50:00,1449.6,1449.6,1445.2,1446.6,14137.0
2026-07-10 14:55:00,1446.3,1447.0,1443.1,1444.2,6865.0
2026-07-10 15:00:00,1445.5,1454.0,1444.1,1452.7,26331.0
2026-07-10 15:05:00,1452.5,1453.0,1450.2,1451.5,17899.0
2026-07-10 15:10:00,1451.4,1456.4,1449.4,1455.5,42271.0
2026-07-10 15:15:00,1455.5,1457.0,1452.3,1455.8,35918.0
2026-07-10 15:20:00,1455.3,1455.8,1447.0,1448.5,22172.0
2026-07-10 15:25:00,1448.5,1449.7,1440.1,1443.4,19113.0
