timestamp,open,high,low,close,volume
2026-06-01 09:15:00,355.1,356.65,347.0,348.4,1860865.0
2026-06-01 09:20:00,348.45,349.15,345.6,346.5,1245786.0
2026-06-01 09:25:00,346.7,346.95,344.0,346.0,817746.0
2026-06-01 09:30:00,346.0,349.1,345.7,347.6,875061.0
2026-06-01 09:35:00,347.85,347.95,345.8,347.05,448503.0
2026-06-01 09:40:00,347.25,347.6,345.5,345.65,340887.0
2026-06-01 09:45:00,345.75,345.8,344.3,344.45,645974.0
2026-06-01 09:50:00,344.55,345.3,344.2,345.3,236372.0
2026-06-01 09:55:00,345.3,345.5,344.1,344.25,205836.0
2026-06-01 10:00:00,344.3,344.55,343.35,343.85,361161.0
2026-06-01 10:05:00,344.0,344.5,343.7,344.0,147561.0
2026-06-01 10:10:00,344.0,344.45,343.5,344.0,167713.0
2026-06-01 10:15:00,344.1,344.8,343.85,344.4,142701.0
2026-06-01 10:20:00,344.3,344.55,344.0,344.45,115621.0
2026-06-01 10:25:00,344.55,344.7,344.1,344.2,104085.0
2026-06-01 10:30:00,344.3,344.4,342.45,342.5,335758.0
2026-06-01 10:35:00,342.7,343.6,342.3,343.3,219972.0
2026-06-01 10:40:00,343.45,343.45,341.7,342.35,259898.0
2026-06-01 10:45:00,342.45,344.0,342.35,343.75,158314.0
2026-06-01 10:50:00,343.65,344.7,343.45,344.5,239375.0
2026-06-01 10:55:00,344.65,344.9,343.65,343.8,262268.0
2026-06-01 11:00:00,343.8,344.1,343.3,343.75,156688.0
2026-06-01 11:05:00,343.75,344.5,343.6,344.25,239538.0
2026-06-01 11:10:00,344.35,344.5,343.85,343.85,85713.0
2026-06-01 11:15:00,343.9,344.0,343.35,343.65,96150.0
2026-06-01 11:20:00,343.6,343.6,342.1,342.15,247087.0
2026-06-01 11:25:00,342.2,342.3,342.0,342.1,131236.0
2026-06-01 11:30:00,342.05,342.3,341.55,341.85,207302.0
2026-06-01 11:35:00,341.85,342.0,340.3,341.5,349383.0
2026-06-01 11:40:00,341.5,341.6,340.75,340.95,165924.0
2026-06-01 11:45:00,341.15,341.15,340.05,340.75,166071.0
2026-06-01 11:50:00,340.8,341.2,340.55,340.95,84804.0
2026-06-01 11:55:00,340.95,340.95,339.75,339.75,434265.0
2026-06-01 12:00:00,339.9,340.75,339.6,340.6,338745.0
2026-06-01 12:05:00,340.75,342.0,340.65,341.85,172070.0
2026-06-01 12:10:00,341.9,342.0,341.7,342.0,320224.0
2026-06-01 12:15:00,342.0,342.0,341.55,341.85,399083.0
2026-06-01 12:20:00,341.9,342.0,341.2,341.35,160344.0
2026-06-01 12:25:00,341.5,341.75,341.35,341.55,47969.0
2026-06-01 12:30:00,341.6,342.0,341.3,341.85,73922.0
2026-06-01 12:35:00,341.85,342.6,341.8,342.0,682951.0
2026-06-01 12:40:00,342.0,342.6,341.65,342.6,250209.0
2026-06-01 12:45:00,342.95,342.95,341.75,342.5,363498.0
2026-06-01 12:50:00,342.55,342.95,342.25,342.65,169012.0
2026-06-01 12:55:00,342.65,342.75,341.5,341.85,117309.0
2026-06-01 13:00:00,341.85,342.0,341.1,341.15,99303.0
2026-06-01 13:05:00,341.15,341.6,340.35,340.35,162600.0
2026-06-01 13:10:00,340.5,341.0,340.0,340.7,109385.0
2026-06-01 13:15:00,340.7,341.35,340.55,341.3,71408.0
2026-06-01 13:20:00,341.45,341.65,341.0,341.35,46728.0
2026-06-01 13:25:00,341.35,341.35,340.2,340.8,73124.0
2026-06-01 13:30:00,340.95,341.55,340.65,341.2,85970.0
2026-06-01 13:35:00,341.2,341.65,341.1,341.5,44088.0
2026-06-01 13:40:00,341.65,342.0,341.3,341.45,68443.0
2026-06-01 13:45:00,341.55,341.55,340.75,340.9,142390.0
2026-06-01 13:50:00,341.0,341.25,340.8,340.95,32853.0
2026-06-01 13:55:00,341.0,341.2,340.55,340.6,69904.0
2026-06-01 14:00:00,340.65,340.75,339.85,340.1,235451.0
2026-06-01 14:05:00,340.2,340.4,339.5,339.7,135238.0
2026-06-01 14:10:00,339.65,340.0,338.8,338.9,348627.0
2026-06-01 14:15:00,338.85,339.6,338.85,339.6,94872.0
2026-06-01 14:20:00,339.75,340.5,339.25,339.75,204408.0
2026-06-01 14:25:00,339.9,340.3,339.05,339.3,118163.0
2026-06-01 14:30:00,339.4,339.8,339.0,339.05,76396.0
2026-06-01 14:35:00,339.25,339.8,339.1,339.7,88766.0
2026-06-01 14:40:00,339.75,339.9,339.4,339.55,119911.0
2026-06-01 14:45:00,339.7,340.15,338.75,339.3,190974.0
2026-06-01 14:50:00,339.3,339.3,338.2,338.4,175034.0
2026-06-01 14:55:00,338.35,338.95,338.15,338.4,205077.0
2026-06-01 15:00:00,338.4,338.4,337.4,338.0,555212.0
2026-06-01 15:05:00,338.15,338.65,337.4,338.35,348442.0
2026-06-01 15:10:00,338.5,339.3,338.25,338.5,318552.0
2026-06-01 15:15:00,338.65,339.3,337.15,337.45,694998.0
2026-06-01 15:20:00,337.4,337.4,335.1,335.65,963183.0
2026-06-01 15:25:00,335.6,337.9,335.05,337.4,872347.0
2026-06-02 09:15:00,336.45,342.5,335.6,341.2,1949653.0
2026-06-02 09:20:00,341.15,342.75,341.15,342.4,1058429.0
2026-06-02 09:25:00,342.45,342.9,339.0,341.5,815961.0
2026-06-02 09:30:00,341.5,341.6,340.05,340.65,353523.0
2026-06-02 09:35:00,340.65,341.95,340.5,341.35,328099.0
2026-06-02 09:40:00,341.2,341.85,340.7,341.55,253421.0
2026-06-02 09:45:00,341.55,343.5,341.45,341.7,797826.0
2026-06-02 09:50:00,341.55,342.2,340.35,340.5,269476.0
2026-06-02 09:55:00,340.8,341.0,339.4,340.0,408404.0
2026-06-02 10:00:00,340.0,340.0,333.5,337.5,1397783.0
2026-06-02 10:05:00,337.5,337.7,335.15,336.2,730367.0
2026-06-02 10:10:00,336.4,337.0,334.4,335.05,665840.0
2026-06-02 10:15:00,335.0,336.8,334.75,336.35,506212.0
2026-06-02 10:20:00,336.2,340.3,336.2,339.9,796568.0
2026-06-02 10:25:00,339.9,342.4,339.9,341.3,819088.0
2026-06-02 10:30:00,341.5,341.8,336.65,337.4,1065894.0
2026-06-02 10:35:00,337.5,338.75,336.75,338.4,691089.0
2026-06-02 10:40:00,338.3,339.85,337.8,339.2,375165.0
2026-06-02 10:45:00,339.45,341.5,339.35,340.1,415005.0
2026-06-02 10:50:00,340.2,340.25,338.45,339.55,218111.0
2026-06-02 10:55:00,339.55,339.75,338.35,338.85,185604.0
2026-06-02 11:00:00,338.7,339.6,338.05,338.4,277999.0
2026-06-02 11:05:00,338.5,339.8,338.5,339.5,253361.0
2026-06-02 11:10:00,339.5,340.1,339.05,339.2,237985.0
2026-06-02 11:15:00,339.3,339.6,337.1,338.05,296214.0
2026-06-02 11:20:00,338.25,338.4,337.05,337.2,209392.0
2026-06-02 11:25:00,337.15,337.4,335.25,335.25,479152.0
2026-06-02 11:30:00,335.2,335.5,334.2,334.2,511113.0
2026-06-02 11:35:00,334.3,334.55,333.2,333.45,361750.0
2026-06-02 11:40:00,333.8,334.8,333.45,334.35,288464.0
2026-06-02 11:45:00,334.3,335.2,333.3,333.7,336947.0
2026-06-02 11:50:00,333.55,333.75,332.8,333.0,223440.0
2026-06-02 11:55:00,333.0,333.05,332.1,332.85,468467.0
2026-06-02 12:00:00,332.7,333.0,330.1,330.4,535484.0
2026-06-02 12:05:00,330.45,330.75,329.4,329.55,859593.0
2026-06-02 12:10:00,329.6,331.15,329.3,329.9,530934.0
2026-06-02 12:15:00,329.85,330.05,328.2,329.7,673541.0
2026-06-02 12:20:00,329.6,329.9,329.0,329.5,167183.0
2026-06-02 12:25:00,329.45,330.05,329.3,330.05,159469.0
2026-06-02 12:30:00,329.95,331.25,329.95,330.85,378354.0
2026-06-02 12:35:00,330.9,331.2,330.1,330.3,280975.0
2026-06-02 12:40:00,330.2,331.0,330.1,330.9,183585.0
2026-06-02 12:45:00,331.0,333.15,330.55,333.0,620864.0
2026-06-02 12:50:00,333.0,334.0,332.6,332.85,382286.0
2026-06-02 12:55:00,332.85,333.3,332.35,332.5,209962.0
2026-06-02 13:00:00,332.5,332.75,331.75,331.9,181339.0
2026-06-02 13:05:00,331.9,332.15,331.8,332.1,99624.0
2026-06-02 13:10:00,332.1,332.5,332.0,332.15,118697.0
2026-06-02 13:15:00,332.15,333.0,332.1,332.7,151793.0
2026-06-02 13:20:00,332.6,333.1,332.2,332.2,153521.0
2026-06-02 13:25:00,332.2,332.4,331.8,332.35,142846.0
2026-06-02 13:30:00,332.5,333.7,332.5,333.65,170518.0
2026-06-02 13:35:00,333.6,333.8,333.2,333.7,199153.0
2026-06-02 13:40:00,333.6,334.25,333.0,333.85,254837.0
2026-06-02 13:45:00,333.95,334.5,333.85,334.1,215448.0
2026-06-02 13:50:00,334.2,334.35,333.6,334.15,163361.0
2026-06-02 13:55:00,334.0,334.3,333.95,334.05,123358.0
2026-06-02 14:00:00,334.15,334.2,333.8,334.0,106175.0
2026-06-02 14:05:00,334.1,334.9,333.85,334.65,292569.0
2026-06-02 14:10:00,334.5,334.7,334.15,334.25,155224.0
2026-06-02 14:15:00,334.2,334.55,333.9,334.15,124154.0
2026-06-02 14:20:00,334.15,334.65,334.0,334.3,115835.0
2026-06-02 14:25:00,334.45,334.65,333.9,334.25,198089.0
2026-06-02 14:30:00,334.25,334.3,333.25,333.55,248665.0
2026-06-02 14:35:00,333.55,333.55,332.5,332.55,278190.0
2026-06-02 14:40:00,332.6,332.65,332.0,332.2,324619.0
2026-06-02 14:45:00,332.2,333.1,331.8,333.1,200902.0
2026-06-02 14:50:00,333.15,333.15,332.55,333.1,196217.0
2026-06-02 14:55:00,333.1,333.35,332.8,332.9,180129.0
2026-06-02 15:00:00,333.0,333.7,332.35,333.25,321987.0
2026-06-02 15:05:00,333.3,333.45,332.7,332.9,228936.0
2026-06-02 15:10:00,332.9,333.8,332.8,333.5,316282.0
2026-06-02 15:15:00,333.65,334.25,333.2,334.05,501933.0
2026-06-02 15:20:00,334.15,334.15,333.4,333.7,667754.0
2026-06-02 15:25:00,333.7,334.15,333.3,333.75,641365.0
2026-06-03 09:15:00,333.55,334.0,330.0,331.65,1525010.0
2026-06-03 09:20:00,331.65,332.1,330.6,331.0,914400.0
2026-06-03 09:25:00,331.2,333.6,330.9,333.0,1039791.0
2026-06-03 09:30:00,332.9,333.0,331.4,331.7,546959.0
2026-06-03 09:35:00,331.9,332.5,330.8,330.85,290122.0
2026-06-03 09:40:00,330.85,331.3,329.85,331.05,450875.0
2026-06-03 09:45:00,331.2,331.7,330.15,330.2,217294.0
2026-06-03 09:50:00,330.2,330.85,329.45,329.55,331279.0
2026-06-03 09:55:00,329.5,329.65,328.2,329.35,532474.0
2026-06-03 10:00:00,329.25,329.4,328.5,329.1,212281.0
2026-06-03 10:05:00,329.1,329.3,328.05,328.35,325518.0
2026-06-03 10:10:00,328.35,328.5,326.2,326.2,692635.0
2026-06-03 10:15:00,326.2,328.25,326.1,327.85,451139.0
2026-06-03 10:20:00,327.85,328.8,327.75,328.2,223689.0
2026-06-03 10:25:00,328.1,328.35,326.7,326.95,291384.0
2026-06-03 10:30:00,327.05,327.55,326.6,326.7,249706.0
2026-06-03 10:35:00,326.65,327.95,326.65,327.45,169403.0
2026-06-03 10:40:00,327.6,327.6,327.1,327.1,131533.0
2026-06-03 10:45:00,327.1,328.4,327.05,328.1,112855.0
2026-06-03 10:50:00,328.15,328.3,327.0,327.7,405551.0
2026-06-03 10:55:00,327.6,328.0,327.15,327.6,101573.0
2026-06-03 11:00:00,327.6,327.85,327.35,327.45,90889.0
2026-06-03 11:05:00,327.45,327.55,327.0,327.0,121568.0
2026-06-03 11:10:00,327.0,327.65,327.0,327.35,111821.0
2026-06-03 11:15:00,327.35,328.75,327.2,328.4,171950.0
2026-06-03 11:20:00,328.35,328.7,328.0,328.5,202213.0
2026-06-03 11:25:00,328.35,328.55,328.0,328.4,66486.0
2026-06-03 11:30:00,328.4,329.2,328.25,329.15,183042.0
2026-06-03 11:35:00,329.15,329.35,328.0,328.05,154742.0
2026-06-03 11:40:00,328.0,328.15,327.6,327.85,82923.0
2026-06-03 11:45:00,327.95,328.45,327.6,327.65,225741.0
2026-06-03 11:50:00,327.55,327.65,326.9,327.15,220719.0
2026-06-03 11:55:00,327.15,327.3,326.9,326.95,119782.0
2026-06-03 12:00:00,326.95,327.0,325.0,325.2,487102.0
2026-06-03 12:05:00,325.3,326.2,325.05,325.7,296711.0
2026-06-03 12:10:00,325.8,326.1,325.4,325.5,207556.0
2026-06-03 12:15:00,325.5,327.8,325.35,326.4,409392.0
2026-06-03 12:20:00,326.4,327.45,326.4,327.35,98773.0
2026-06-03 12:25:00,327.3,328.35,327.05,328.35,165695.0
2026-06-03 12:30:00,328.2,328.45,327.8,328.15,209171.0
2026-06-03 12:35:00,328.1,328.45,327.8,328.35,282135.0
2026-06-03 12:40:00,328.35,328.9,328.15,328.35,182331.0
2026-06-03 12:45:00,328.25,328.4,327.35,327.55,132133.0
2026-06-03 12:50:00,327.6,328.0,327.5,327.7,81212.0
2026-06-03 12:55:00,327.6,328.2,327.55,328.05,73035.0
2026-06-03 13:00:00,328.2,328.95,328.05,328.6,98760.0
2026-06-03 13:05:00,328.75,328.9,328.35,328.35,124643.0
2026-06-03 13:10:00,328.35,328.4,328.1,328.25,53918.0
2026-06-03 13:15:00,328.55,329.0,328.5,328.6,166617.0
2026-06-03 13:20:00,328.8,329.35,328.6,329.05,105927.0
2026-06-03 13:25:00,329.2,329.7,329.0,329.25,141811.0
2026-06-03 13:30:00,329.35,329.35,328.6,329.1,99426.0
2026-06-03 13:35:00,329.0,329.1,328.5,328.6,117920.0
2026-06-03 13:40:00,328.75,329.2,328.7,328.8,64475.0
2026-06-03 13:45:00,328.7,329.9,328.7,329.8,162860.0
2026-06-03 13:50:00,329.65,330.0,329.65,329.8,154085.0
2026-06-03 13:55:00,329.8,329.95,327.8,328.35,814978.0
2026-06-03 14:00:00,328.35,329.3,328.2,329.0,138059.0
2026-06-03 14:05:00,329.0,329.45,328.7,328.95,86870.0
2026-06-03 14:10:00,328.95,329.25,328.55,328.95,91980.0
2026-06-03 14:15:00,329.05,329.6,328.8,329.4,82896.0
2026-06-03 14:20:00,329.45,329.95,329.2,329.75,156876.0
2026-06-03 14:25:00,329.85,329.9,329.1,329.2,188697.0
2026-06-03 14:30:00,329.3,329.95,329.3,329.75,62378.0
2026-06-03 14:35:00,329.75,330.75,329.5,330.55,194532.0
2026-06-03 14:40:00,330.55,330.9,330.15,330.7,137072.0
2026-06-03 14:45:00,330.7,330.85,329.65,330.25,211504.0
2026-06-03 14:50:00,330.25,330.75,330.15,330.4,141608.0
2026-06-03 14:55:00,330.45,330.6,329.65,330.0,168661.0
2026-06-03 15:00:00,329.95,330.3,328.35,328.45,415032.0
2026-06-03 15:05:00,328.5,329.2,327.95,328.05,430543.0
2026-06-03 15:10:00,328.1,328.1,327.0,327.6,561717.0
2026-06-03 15:15:00,327.6,328.4,327.2,328.4,418816.0
2026-06-03 15:20:00,328.4,328.95,328.15,328.5,388578.0
2026-06-03 15:25:00,328.45,328.65,328.1,328.4,447179.0
2026-06-04 09:15:00,328.2,330.7,325.6,326.05,904991.0
2026-06-04 09:20:00,325.85,327.85,325.6,326.6,361213.0
2026-06-04 09:25:00,326.45,326.95,325.0,325.6,468541.0
2026-06-04 09:30:00,325.65,326.95,325.25,326.85,250063.0
2026-06-04 09:35:00,326.85,328.6,326.4,326.55,460227.0
2026-06-04 09:40:00,326.3,327.4,325.35,326.85,255803.0
2026-06-04 09:45:00,326.95,327.9,326.8,327.9,109823.0
2026-06-04 09:50:00,327.85,328.5,327.3,328.5,236419.0
2026-06-04 09:55:00,328.5,329.15,328.0,328.2,287492.0
2026-06-04 10:00:00,328.15,329.15,327.5,328.85,223004.0
2026-06-04 10:05:00,328.75,329.7,328.5,328.85,210078.0
2026-06-04 10:10:00,328.9,329.6,328.65,329.55,143949.0
2026-06-04 10:15:00,329.4,330.45,329.3,330.3,273331.0
2026-06-04 10:20:00,330.15,330.8,330.1,330.55,179311.0
2026-06-04 10:25:00,330.45,330.8,329.25,329.45,212635.0
2026-06-04 10:30:00,329.35,330.05,328.95,328.95,265765.0
2026-06-04 10:35:00,328.95,329.4,328.5,328.75,136281.0
2026-06-04 10:40:00,328.8,329.5,328.75,329.45,80493.0
2026-06-04 10:45:00,329.3,329.9,329.3,329.55,96962.0
2026-06-04 10:50:00,329.7,329.75,329.15,329.6,38786.0
2026-06-04 10:55:00,329.6,329.9,329.3,329.45,65888.0
2026-06-04 11:00:00,329.45,329.85,328.7,329.05,114154.0
2026-06-04 11:05:00,329.15,329.15,328.15,328.35,103851.0
2026-06-04 11:10:00,328.4,328.7,327.6,328.3,316232.0
2026-06-04 11:15:00,328.3,328.55,327.55,327.6,146071.0
2026-06-04 11:20:00,327.7,328.15,327.5,327.85,150136.0
2026-06-04 11:25:00,327.95,328.35,327.7,328.2,69871.0
2026-06-04 11:30:00,328.2,329.15,327.8,329.15,252426.0
2026-06-04 11:35:00,328.95,329.2,328.45,328.75,379047.0
2026-06-04 11:40:00,328.75,329.0,328.15,328.15,65094.0
2026-06-04 11:45:00,328.2,328.55,328.15,328.3,54888.0
2026-06-04 11:50:00,328.3,328.3,327.3,327.3,96138.0
2026-06-04 11:55:00,327.35,328.0,327.35,327.9,86596.0
2026-06-04 12:00:00,327.95,328.4,327.3,328.3,132371.0
2026-06-04 12:05:00,328.25,328.8,328.2,328.25,69524.0
2026-06-04 12:10:00,328.3,328.45,327.8,328.15,65608.0
2026-06-04 12:15:00,328.0,328.15,327.7,327.7,45517.0
2026-06-04 12:20:00,327.7,327.9,327.15,327.5,101929.0
2026-06-04 12:25:00,327.35,327.8,327.25,327.5,78352.0
2026-06-04 12:30:00,327.6,327.7,327.05,327.05,58373.0
2026-06-04 12:35:00,327.05,327.25,327.0,327.25,57182.0
2026-06-04 12:40:00,327.1,327.45,327.0,327.15,68555.0
2026-06-04 12:45:00,327.2,327.2,326.7,326.95,109740.0
2026-06-04 12:50:00,327.0,327.5,326.8,327.3,45813.0
2026-06-04 12:55:00,327.4,327.65,327.1,327.45,43742.0
2026-06-04 13:00:00,327.45,327.6,326.2,326.75,149483.0
2026-06-04 13:05:00,326.75,327.0,326.65,326.9,65066.0
2026-06-04 13:10:00,326.9,327.0,325.2,325.35,375693.0
2026-06-04 13:15:00,325.5,326.45,325.15,326.45,254353.0
2026-06-04 13:20:00,326.25,326.55,326.05,326.4,51083.0
2026-06-04 13:25:00,326.4,326.45,326.0,326.4,55969.0
2026-06-04 13:30:00,326.25,326.4,325.7,326.0,86706.0
2026-06-04 13:35:00,326.15,326.2,325.7,325.8,62293.0
2026-06-04 13:40:00,325.75,325.95,325.3,325.4,104903.0
2026-06-04 13:45:00,325.45,325.7,325.2,325.5,77233.0
2026-06-04 13:50:00,325.5,325.6,325.3,325.4,61077.0
2026-06-04 13:55:00,325.35,326.2,325.1,326.1,106317.0
2026-06-04 14:00:00,326.15,327.15,326.0,327.15,241852.0
2026-06-04 14:05:00,327.25,327.9,327.25,327.6,158141.0
2026-06-04 14:10:00,327.6,328.25,327.4,327.45,150666.0
2026-06-04 14:15:00,327.55,327.95,327.25,327.3,90352.0
2026-06-04 14:20:00,327.35,327.35,326.75,326.95,69947.0
2026-06-04 14:25:00,326.85,327.4,326.85,327.1,52833.0
2026-06-04 14:30:00,327.1,327.5,326.6,327.0,72891.0
2026-06-04 14:35:00,327.0,327.2,326.8,327.05,61425.0
2026-06-04 14:40:00,327.15,329.35,327.0,328.4,774083.0
2026-06-04 14:45:00,328.35,329.65,328.15,328.95,351104.0
2026-06-04 14:50:00,329.3,329.5,328.1,328.6,221576.0
2026-06-04 14:55:00,328.7,330.15,328.55,329.5,392562.0
2026-06-04 15:00:00,329.45,329.5,327.7,327.85,354260.0
2026-06-04 15:05:00,327.85,328.35,327.25,327.35,159693.0
2026-06-04 15:10:00,327.45,327.5,326.95,327.0,181563.0
2026-06-04 15:15:00,326.95,327.0,326.5,326.9,291529.0
2026-06-04 15:20:00,326.9,327.5,326.8,327.35,328767.0
2026-06-04 15:25:00,327.5,327.8,327.1,327.3,277213.0
2026-06-05 09:15:00,329.6,329.7,324.35,324.85,1376279.0
2026-06-05 09:20:00,324.9,325.25,323.3,324.3,603499.0
2026-06-05 09:25:00,324.45,325.5,323.55,323.55,347797.0
2026-06-05 09:30:00,323.65,324.75,322.55,322.7,401950.0
2026-06-05 09:35:00,322.6,323.6,322.5,323.3,300159.0
2026-06-05 09:40:00,323.3,323.5,322.4,323.1,243078.0
2026-06-05 09:45:00,323.15,323.25,320.55,320.75,529584.0
2026-06-05 09:50:00,320.8,321.45,320.0,321.3,398632.0
2026-06-05 09:55:00,321.3,322.3,321.3,322.0,201658.0
2026-06-05 10:00:00,322.0,322.35,321.4,321.6,201824.0
2026-06-05 10:05:00,321.6,322.65,321.25,322.3,167767.0
2026-06-05 10:10:00,322.3,323.3,322.2,322.45,229059.0
2026-06-05 10:15:00,322.4,322.65,321.75,322.4,161536.0
2026-06-05 10:20:00,322.35,323.2,322.05,323.2,110798.0
2026-06-05 10:25:00,323.1,323.9,322.4,322.8,187432.0
2026-06-05 10:30:00,322.9,323.45,322.65,322.75,100708.0
2026-06-05 10:35:00,322.75,323.0,319.3,320.35,869567.0
2026-06-05 10:40:00,320.3,321.05,319.75,320.7,323155.0
2026-06-05 10:45:00,320.75,320.75,319.85,320.3,229425.0
2026-06-05 10:50:00,320.5,320.85,320.35,320.65,93431.0
2026-06-05 10:55:00,320.65,320.85,320.05,320.45,166529.0
2026-06-05 11:00:00,320.45,321.5,320.45,321.0,142048.0
2026-06-05 11:05:00,321.0,321.35,320.75,320.8,109310.0
2026-06-05 11:10:00,320.9,321.05,318.8,319.35,599644.0
2026-06-05 11:15:00,319.3,319.75,319.3,319.7,154297.0
2026-06-05 11:20:00,319.55,319.8,318.25,318.75,214707.0
2026-06-05 11:25:00,318.85,319.35,318.4,319.2,168135.0
2026-06-05 11:30:00,318.65,319.5,318.25,318.35,220496.0
2026-06-05 11:35:00,318.35,318.35,316.5,318.0,618665.0
2026-06-05 11:40:00,318.15,318.25,317.7,317.8,134971.0
2026-06-05 11:45:00,317.8,317.9,317.5,317.6,163677.0
2026-06-05 11:50:00,317.6,317.6,316.75,317.0,200950.0
2026-06-05 11:55:00,317.0,317.95,317.0,317.5,127625.0
2026-06-05 12:00:00,317.5,318.0,317.45,317.65,117911.0
2026-06-05 12:05:00,317.7,318.95,317.5,318.5,178192.0
2026-06-05 12:10:00,318.6,318.7,318.15,318.35,112917.0
2026-06-05 12:15:00,318.4,319.0,318.3,318.7,130943.0
2026-06-05 12:20:00,318.7,318.7,317.7,318.15,119988.0
2026-06-05 12:25:00,318.4,318.4,317.8,317.85,72520.0
2026-06-05 12:30:00,317.85,318.25,317.0,317.1,118924.0
2026-06-05 12:35:00,317.2,317.3,316.55,316.8,200692.0
2026-06-05 12:40:00,316.85,317.0,316.5,316.7,123362.0
2026-06-05 12:45:00,316.7,317.4,316.55,316.85,156899.0
2026-06-05 12:50:00,316.75,316.75,315.35,315.7,567682.0
2026-06-05 12:55:00,315.9,316.3,315.6,315.7,175983.0
2026-06-05 13:00:00,315.6,315.65,312.45,313.6,1037634.0
2026-06-05 13:05:00,313.6,313.75,312.35,312.9,595014.0
2026-06-05 13:10:00,312.9,314.35,312.7,313.75,251390.0
2026-06-05 13:15:00,313.75,315.15,313.55,314.7,295825.0
2026-06-05 13:20:00,314.7,314.75,313.55,313.8,130874.0
2026-06-05 13:25:00,313.85,314.3,313.55,313.75,150510.0
2026-06-05 13:30:00,313.7,314.9,313.55,314.4,140758.0
2026-06-05 13:35:00,314.3,314.6,314.1,314.2,121827.0
2026-06-05 13:40:00,314.3,314.4,313.1,313.5,152826.0
2026-06-05 13:45:00,313.35,314.35,313.35,314.25,129481.0
2026-06-05 13:50:00,314.1,314.25,313.65,313.8,72974.0
2026-06-05 13:55:00,314.0,314.45,313.65,313.95,115564.0
2026-06-05 14:00:00,314.1,314.25,313.6,313.8,82883.0
2026-06-05 14:05:00,313.8,314.55,313.7,314.3,108315.0
2026-06-05 14:10:00,314.3,314.3,313.3,313.65,157987.0
2026-06-05 14:15:00,313.55,313.85,313.25,313.65,144035.0
2026-06-05 14:20:00,313.7,314.1,313.3,314.05,90190.0
2026-06-05 14:25:00,313.95,315.2,313.9,314.9,180746.0
2026-06-05 14:30:00,314.9,315.5,314.4,314.45,241915.0
2026-06-05 14:35:00,314.5,314.6,313.55,313.95,156526.0
2026-06-05 14:40:00,313.9,315.5,313.8,315.3,116655.0
2026-06-05 14:45:00,315.3,315.75,314.25,314.7,219108.0
2026-06-05 14:50:00,314.85,315.0,314.4,314.85,140976.0
2026-06-05 14:55:00,314.85,315.1,314.25,314.4,271179.0
2026-06-05 15:00:00,314.65,314.95,313.9,314.75,441450.0
2026-06-05 15:05:00,314.75,315.0,314.45,315.0,336279.0
2026-06-05 15:10:00,315.0,315.75,314.8,315.7,468917.0
2026-06-05 15:15:00,315.75,316.95,315.35,315.9,846464.0
2026-06-05 15:20:00,315.8,316.1,315.65,315.8,559056.0
2026-06-05 15:25:00,315.8,317.25,315.45,317.05,770137.0
2026-06-08 09:15:00,311.0,314.8,306.65,313.5,1786709.0
2026-06-08 09:20:00,313.3,313.6,311.4,313.15,507800.0
2026-06-08 09:25:00,313.15,313.2,312.3,312.95,295717.0
2026-06-08 09:30:00,313.0,314.0,312.6,313.5,235031.0
2026-06-08 09:35:00,313.35,313.5,311.55,311.9,244511.0
2026-06-08 09:40:00,311.9,312.45,311.15,311.5,175880.0
2026-06-08 09:45:00,311.7,311.9,310.15,310.35,196850.0
2026-06-08 09:50:00,310.15,310.75,309.8,310.75,267459.0
2026-06-08 09:55:00,310.75,310.8,309.9,310.7,172948.0
2026-06-08 10:00:00,310.7,310.7,309.0,309.05,251883.0
2026-06-08 10:05:00,309.05,310.8,308.6,310.25,370111.0
2026-06-08 10:10:00,310.35,310.4,309.3,309.6,238043.0
2026-06-08 10:15:00,309.75,310.6,309.6,310.6,177436.0
2026-06-08 10:20:00,310.5,310.75,309.15,309.3,453369.0
2026-06-08 10:25:00,309.15,309.3,308.25,308.7,153720.0
2026-06-08 10:30:00,308.7,309.75,308.7,309.6,107486.0
2026-06-08 10:35:00,309.6,309.85,309.35,309.6,75106.0
2026-06-08 10:40:00,309.65,310.0,308.8,308.8,117079.0
2026-06-08 10:45:00,308.85,309.3,308.55,309.25,81839.0
2026-06-08 10:50:00,309.35,309.8,308.85,308.9,89004.0
2026-06-08 10:55:00,309.0,309.5,308.75,309.35,74914.0
2026-06-08 11:00:00,309.35,309.5,309.15,309.35,67553.0
2026-06-08 11:05:00,309.2,309.35,308.85,309.05,72075.0
2026-06-08 11:10:00,309.0,309.35,308.8,309.0,68705.0
2026-06-08 11:15:00,309.1,309.55,308.75,308.75,76375.0
2026-06-08 11:20:00,308.85,309.25,308.7,308.75,57059.0
2026-06-08 11:25:00,308.85,309.25,308.7,309.2,75190.0
2026-06-08 11:30:00,309.2,309.25,308.85,309.0,60863.0
2026-06-08 11:35:00,309.0,309.5,308.9,309.5,53232.0
2026-06-08 11:40:00,309.5,309.5,309.2,309.45,52312.0
2026-06-08 11:45:00,309.45,309.5,308.9,308.95,124368.0
2026-06-08 11:50:00,308.9,309.3,308.1,309.3,342100.0
2026-06-08 11:55:00,309.3,309.45,308.8,309.0,45425.0
2026-06-08 12:00:00,309.0,309.4,308.7,308.95,104880.0
2026-06-08 12:05:00,308.95,309.55,308.95,309.25,57056.0
2026-06-08 12:10:00,309.35,309.5,309.0,309.0,112277.0
2026-06-08 12:15:00,309.0,309.0,308.25,308.9,120753.0
2026-06-08 12:20:00,308.9,309.55,308.9,309.25,92337.0
2026-06-08 12:25:00,309.25,309.25,308.8,308.95,73813.0
2026-06-08 12:30:00,309.0,309.45,308.65,309.25,87593.0
2026-06-08 12:35:00,309.4,309.4,309.0,309.35,46887.0
2026-06-08 12:40:00,309.35,309.65,309.2,309.5,86853.0
2026-06-08 12:45:00,309.5,309.65,309.2,309.6,68237.0
2026-06-08 12:50:00,309.6,309.95,309.5,309.7,184635.0
2026-06-08 12:55:00,309.75,310.35,309.75,310.2,186904.0
2026-06-08 13:00:00,310.2,310.6,309.75,309.9,127688.0
2026-06-08 13:05:00,309.9,310.0,309.55,309.55,58637.0
2026-06-08 13:10:00,309.7,309.7,309.25,309.4,50917.0
2026-06-08 13:15:00,309.45,309.5,309.0,309.15,60901.0
2026-06-08 13:20:00,309.1,309.2,308.75,309.0,59062.0
2026-06-08 13:25:00,309.1,309.25,309.0,309.25,52936.0
2026-06-08 13:30:00,309.15,309.45,309.0,309.15,35322.0
2026-06-08 13:35:00,309.15,309.2,309.0,309.1,60518.0
2026-06-08 13:40:00,309.1,309.15,308.6,308.85,69222.0
2026-06-08 13:45:00,308.85,308.85,308.2,308.8,105763.0
2026-06-08 13:50:00,308.8,308.8,308.4,308.4,50172.0
2026-06-08 13:55:00,308.5,308.6,308.1,308.4,131353.0
2026-06-08 14:00:00,308.3,308.65,308.0,308.4,102389.0
2026-06-08 14:05:00,308.3,308.6,308.1,308.5,53800.0
2026-06-08 14:10:00,308.55,308.85,308.2,308.5,117064.0
2026-06-08 14:15:00,308.5,308.5,305.2,308.0,889986.0
2026-06-08 14:20:00,307.65,307.8,305.05,306.25,371221.0
2026-06-08 14:25:00,306.4,307.35,306.3,306.7,108544.0
2026-06-08 14:30:00,306.75,308.0,306.75,307.6,223377.0
2026-06-08 14:35:00,307.6,308.0,307.35,307.45,73677.0
2026-06-08 14:40:00,307.6,307.7,307.15,307.65,88094.0
2026-06-08 14:45:00,307.65,308.0,306.9,306.9,119544.0
2026-06-08 14:50:00,306.9,307.3,305.75,305.85,171591.0
2026-06-08 14:55:00,306.0,306.5,305.5,305.85,183243.0
2026-06-08 15:00:00,305.95,305.95,305.05,305.05,246024.0
2026-06-08 15:05:00,305.05,306.2,305.0,306.1,427575.0
2026-06-08 15:10:00,306.05,306.15,304.8,305.0,502641.0
2026-06-08 15:15:00,304.95,305.0,303.9,304.15,337046.0
2026-06-08 15:20:00,304.15,304.15,302.0,302.4,517420.0
2026-06-08 15:25:00,302.55,303.9,301.65,303.9,540809.0
2026-06-09 09:15:00,305.0,309.8,304.85,307.05,924323.0
2026-06-09 09:20:00,306.95,307.0,303.25,304.0,692090.0
2026-06-09 09:25:00,304.0,305.55,303.9,304.9,365098.0
2026-06-09 09:30:00,304.9,306.25,304.85,306.25,280797.0
2026-06-09 09:35:00,306.35,307.8,305.95,306.35,428281.0
2026-06-09 09:40:00,306.5,307.25,305.8,306.8,183260.0
2026-06-09 09:45:00,306.8,307.0,305.25,305.25,195345.0
2026-06-09 09:50:00,305.35,307.35,305.25,307.15,214015.0
2026-06-09 09:55:00,307.15,307.15,305.7,305.75,126730.0
2026-06-09 10:00:00,305.75,306.45,305.5,305.75,105383.0
2026-06-09 10:05:00,305.65,306.1,305.5,305.9,71671.0
2026-06-09 10:10:00,306.2,306.45,305.6,306.15,101288.0
2026-06-09 10:15:00,306.15,306.25,305.6,305.75,76391.0
2026-06-09 10:20:00,305.85,305.85,305.0,305.2,146471.0
2026-06-09 10:25:00,305.2,305.55,305.1,305.3,78408.0
2026-06-09 10:30:00,305.4,306.95,305.25,306.3,106889.0
2026-06-09 10:35:00,306.4,306.5,305.7,305.8,88286.0
2026-06-09 10:40:00,305.7,306.45,305.5,306.45,58475.0
2026-06-09 10:45:00,306.45,306.55,305.8,305.8,55511.0
2026-06-09 10:50:00,305.9,305.9,305.15,305.9,73333.0
2026-06-09 10:55:00,306.0,306.15,305.75,306.0,35876.0
2026-06-09 11:00:00,306.0,306.55,305.95,306.55,90481.0
2026-06-09 11:05:00,306.55,307.5,306.35,306.35,155251.0
2026-06-09 11:10:00,306.45,306.55,306.0,306.35,58663.0
2026-06-09 11:15:00,306.15,307.0,305.8,306.6,158954.0
2026-06-09 11:20:00,306.75,307.0,305.4,305.45,110465.0
2026-06-09 11:25:00,305.45,305.9,305.2,305.8,86695.0
2026-06-09 11:30:00,305.7,306.2,305.5,305.9,53508.0
2026-06-09 11:35:00,305.8,306.45,305.75,306.1,48753.0
2026-06-09 11:40:00,306.05,306.9,305.9,306.7,99652.0
2026-06-09 11:45:00,306.9,308.4,306.7,308.35,320551.0
2026-06-09 11:50:00,308.25,309.4,308.1,309.1,321618.0
2026-06-09 11:55:00,309.1,309.4,308.8,309.35,147854.0
2026-06-09 12:00:00,309.35,309.35,308.3,308.35,124498.0
2026-06-09 12:05:00,308.35,308.5,307.3,307.6,110771.0
2026-06-09 12:10:00,307.5,307.6,307.3,307.5,61670.0
2026-06-09 12:15:00,307.35,308.2,307.35,307.9,64589.0
2026-06-09 12:20:00,307.75,308.15,307.65,308.0,43879.0
2026-06-09 12:25:00,308.05,308.45,307.9,308.0,59402.0
2026-06-09 12:30:00,308.1,308.55,308.0,308.55,52091.0
2026-06-09 12:35:00,308.35,308.75,308.2,308.6,83665.0
2026-06-09 12:40:00,308.45,308.75,308.2,308.6,61559.0
2026-06-09 12:45:00,308.4,308.7,306.9,307.5,249265.0
2026-06-09 12:50:00,307.35,307.55,306.85,306.95,120892.0
2026-06-09 12:55:00,306.85,307.0,306.1,306.3,120694.0
2026-06-09 13:00:00,306.15,306.8,306.1,306.35,73820.0
2026-06-09 13:05:00,306.35,306.45,306.15,306.45,43910.0
2026-06-09 13:10:00,306.45,307.4,306.35,307.35,74011.0
2026-06-09 13:15:00,307.25,307.35,306.8,306.95,54972.0
2026-06-09 13:20:00,306.9,307.15,306.75,306.95,57017.0
2026-06-09 13:25:00,306.9,307.05,306.25,306.6,50284.0
2026-06-09 13:30:00,306.55,306.75,306.2,306.6,53451.0
2026-06-09 13:35:00,306.5,307.2,306.5,307.15,46352.0
2026-06-09 13:40:00,307.0,307.5,306.95,307.3,74126.0
2026-06-09 13:45:00,307.15,307.7,306.2,306.4,161138.0
2026-06-09 13:50:00,306.25,306.3,305.5,305.95,276450.0
2026-06-09 13:55:00,305.9,306.0,304.75,305.0,427775.0
2026-06-09 14:00:00,305.0,305.25,304.75,305.2,230999.0
2026-06-09 14:05:00,305.25,306.1,305.2,306.1,124507.0
2026-06-09 14:10:00,306.0,306.2,304.7,304.95,211987.0
2026-06-09 14:15:00,304.9,305.15,304.8,304.9,117857.0
2026-06-09 14:20:00,304.85,305.25,304.5,304.7,320946.0
2026-06-09 14:25:00,304.65,305.7,304.6,305.7,170573.0
2026-06-09 14:30:00,305.7,305.75,305.1,305.5,113005.0
2026-06-09 14:35:00,305.55,305.9,305.3,305.9,71323.0
2026-06-09 14:40:00,305.85,306.05,305.75,305.9,93399.0
2026-06-09 14:45:00,305.9,306.25,305.8,305.8,109002.0
2026-06-09 14:50:00,305.8,306.75,305.8,306.5,98688.0
2026-06-09 14:55:00,306.5,307.05,306.35,306.65,171175.0
2026-06-09 15:00:00,306.6,306.6,305.5,306.35,295272.0
2026-06-09 15:05:00,306.35,307.0,306.3,306.75,214694.0
2026-06-09 15:10:00,306.75,306.9,306.4,306.7,242511.0
2026-06-09 15:15:00,306.75,306.75,306.2,306.35,332588.0
2026-06-09 15:20:00,306.25,306.4,305.6,305.85,417239.0
2026-06-09 15:25:00,305.85,306.5,305.7,306.45,371994.0
2026-06-10 09:15:00,306.3,306.4,297.65,298.0,1595180.0
2026-06-10 09:20:00,298.15,298.9,296.4,298.8,1023566.0
2026-06-10 09:25:00,298.7,299.7,297.6,299.0,625746.0
2026-06-10 09:30:00,299.0,300.4,298.75,300.25,356946.0
2026-06-10 09:35:00,300.4,301.65,300.25,300.55,590179.0
2026-06-10 09:40:00,300.45,300.6,299.15,299.7,255946.0
2026-06-10 09:45:00,299.65,300.45,299.6,300.0,289733.0
2026-06-10 09:50:00,300.0,300.6,299.1,299.3,231933.0
2026-06-10 09:55:00,299.35,300.0,298.85,299.25,250322.0
2026-06-10 10:00:00,299.25,299.9,298.95,299.8,139097.0
2026-06-10 10:05:00,299.8,299.8,298.65,299.25,160447.0
2026-06-10 10:10:00,299.2,299.55,298.1,298.35,172709.0
2026-06-10 10:15:00,298.2,299.1,298.05,298.9,135503.0
2026-06-10 10:20:00,298.95,299.1,298.5,299.1,67091.0
2026-06-10 10:25:00,299.05,299.45,298.8,299.3,74658.0
2026-06-10 10:30:00,299.3,299.9,299.2,299.8,118197.0
2026-06-10 10:35:00,299.8,299.85,299.1,299.1,78283.0
2026-06-10 10:40:00,299.0,299.75,299.0,299.55,71557.0
2026-06-10 10:45:00,299.55,299.6,299.3,299.5,35817.0
2026-06-10 10:50:00,299.5,300.45,299.35,300.45,165805.0
2026-06-10 10:55:00,300.4,301.0,299.8,301.0,142573.0
2026-06-10 11:00:00,301.35,302.25,300.5,301.85,382229.0
2026-06-10 11:05:00,301.9,302.0,301.0,301.7,192380.0
2026-06-10 11:10:00,301.55,301.9,301.4,301.85,101573.0
2026-06-10 11:15:00,301.8,301.85,301.35,301.4,100743.0
2026-06-10 11:20:00,301.6,302.55,301.4,301.9,211134.0
2026-06-10 11:25:00,301.9,302.9,301.8,302.65,133951.0
2026-06-10 11:30:00,302.65,302.9,302.2,302.4,105744.0
2026-06-10 11:35:00,302.4,303.45,302.25,302.75,204735.0
2026-06-10 11:40:00,302.85,303.0,301.6,302.1,143800.0
2026-06-10 11:45:00,302.1,302.35,301.65,302.25,68729.0
2026-06-10 11:50:00,302.35,303.0,302.25,302.65,100860.0
2026-06-10 11:55:00,302.65,302.9,302.25,302.65,88891.0
2026-06-10 12:00:00,302.7,302.85,301.6,301.8,116345.0
2026-06-10 12:05:00,301.8,302.0,301.65,301.9,96554.0
2026-06-10 12:10:00,301.8,301.85,301.4,301.8,57785.0
2026-06-10 12:15:00,301.8,302.0,301.6,301.75,66763.0
2026-06-10 12:20:00,301.65,301.75,301.4,301.5,56969.0
2026-06-10 12:25:00,301.45,301.5,300.55,300.95,172960.0
2026-06-10 12:30:00,300.9,301.0,300.55,300.7,93323.0
2026-06-10 12:35:00,300.6,300.75,300.1,300.45,118256.0
2026-06-10 12:40:00,300.3,300.45,300.05,300.05,72836.0
2026-06-10 12:45:00,300.05,300.3,300.0,300.2,87418.0
2026-06-10 12:50:00,300.05,300.4,299.7,300.35,163289.0
2026-06-10 12:55:00,300.3,300.4,299.8,300.0,56869.0
2026-06-10 13:00:00,300.0,300.65,299.85,300.5,73573.0
2026-06-10 13:05:00,300.65,300.8,300.5,300.55,65009.0
2026-06-10 13:10:00,300.55,300.65,300.2,300.45,61435.0
2026-06-10 13:15:00,300.45,300.6,300.4,300.5,38994.0
2026-06-10 13:20:00,300.45,300.6,300.1,300.25,59890.0
2026-06-10 13:25:00,300.15,300.65,300.0,300.6,83781.0
2026-06-10 13:30:00,300.6,300.65,299.5,299.65,91795.0
2026-06-10 13:35:00,299.6,299.9,299.35,299.75,66680.0
2026-06-10 13:40:00,299.6,299.8,299.45,299.55,52591.0
2026-06-10 13:45:00,299.45,299.7,299.3,299.3,122446.0
2026-06-10 13:50:00,299.35,299.35,298.7,298.9,165533.0
2026-06-10 13:55:00,298.85,298.9,298.5,298.85,74360.0
2026-06-10 14:00:00,298.85,299.95,298.85,299.8,97733.0
2026-06-10 14:05:00,299.7,300.75,299.6,300.2,164339.0
2026-06-10 14:10:00,300.05,300.4,300.0,300.15,47726.0
2026-06-10 14:15:00,300.1,300.55,299.8,300.15,81228.0
2026-06-10 14:20:00,300.15,300.3,299.6,300.25,74339.0
2026-06-10 14:25:00,300.1,300.25,299.35,299.7,88840.0
2026-06-10 14:30:00,299.7,299.8,299.15,299.25,46326.0
2026-06-10 14:35:00,299.35,299.6,298.7,298.75,119979.0
2026-06-10 14:40:00,298.8,298.9,298.5,298.65,119768.0
2026-06-10 14:45:00,298.5,299.0,298.3,298.45,132015.0
2026-06-10 14:50:00,298.45,298.9,298.3,298.9,136702.0
2026-06-10 14:55:00,298.9,299.5,298.7,299.3,197682.0
2026-06-10 15:00:00,299.45,299.95,299.2,299.5,188283.0
2026-06-10 15:05:00,299.55,299.55,298.8,299.15,181369.0
2026-06-10 15:10:00,299.4,299.4,298.65,298.85,236586.0
2026-06-10 15:15:00,298.85,299.5,298.75,299.4,339654.0
2026-06-10 15:20:00,299.5,299.8,299.1,299.5,374593.0
2026-06-10 15:25:00,299.4,300.0,299.0,300.0,319685.0
2026-06-11 09:15:00,295.05,297.95,292.8,297.4,1046798.0
2026-06-11 09:20:00,297.4,300.7,296.8,300.05,660055.0
2026-06-11 09:25:00,300.05,300.2,299.2,299.9,395356.0
2026-06-11 09:30:00,300.0,301.5,299.9,301.45,319705.0
2026-06-11 09:35:00,301.4,303.5,301.3,303.0,573732.0
2026-06-11 09:40:00,302.85,303.0,302.05,302.55,268845.0
2026-06-11 09:45:00,302.75,303.3,302.4,302.65,274824.0
2026-06-11 09:50:00,302.75,303.0,302.35,302.95,187122.0
2026-06-11 09:55:00,302.95,303.0,302.0,302.5,187566.0
2026-06-11 10:00:00,302.4,304.05,302.4,303.7,346760.0
2026-06-11 10:05:00,303.7,305.15,303.0,305.15,417138.0
2026-06-11 10:10:00,305.05,306.9,305.0,305.45,694700.0
2026-06-11 10:15:00,305.6,306.75,305.4,306.75,412440.0
2026-06-11 10:20:00,306.8,308.0,306.65,307.0,709960.0
2026-06-11 10:25:00,307.1,307.1,306.2,306.6,335770.0
2026-06-11 10:30:00,306.6,306.8,306.1,306.5,252670.0
2026-06-11 10:35:00,306.4,307.15,306.0,306.9,318302.0
2026-06-11 10:40:00,306.9,308.35,306.75,308.25,513665.0
2026-06-11 10:45:00,308.4,309.6,308.05,308.8,938374.0
2026-06-11 10:50:00,308.9,309.35,308.5,308.85,410162.0
2026-06-11 10:55:00,308.7,308.7,307.3,308.0,558989.0
2026-06-11 11:00:00,307.9,308.4,307.75,308.1,205358.0
2026-06-11 11:05:00,308.0,309.4,308.0,309.3,484517.0
2026-06-11 11:10:00,309.3,309.35,308.65,308.85,243126.0
2026-06-11 11:15:00,308.85,309.0,307.15,308.05,317132.0
2026-06-11 11:20:00,308.05,308.9,308.05,308.5,138972.0
2026-06-11 11:25:00,308.6,309.4,307.85,308.4,345533.0
2026-06-11 11:30:00,308.25,308.7,307.7,308.05,186386.0
2026-06-11 11:35:00,308.05,308.3,307.55,307.6,176267.0
2026-06-11 11:40:00,307.65,309.0,307.55,309.0,137286.0
2026-06-11 11:45:00,308.9,310.0,308.4,308.95,887210.0
2026-06-11 11:50:00,308.95,309.2,308.5,308.8,118471.0
2026-06-11 11:55:00,308.9,308.95,308.35,308.4,120201.0
2026-06-11 12:00:00,308.4,308.85,307.85,307.85,261526.0
2026-06-11 12:05:00,307.85,308.2,307.65,307.7,173444.0
2026-06-11 12:10:00,307.75,308.05,307.6,308.0,99001.0
2026-06-11 12:15:00,308.0,308.55,308.0,308.35,83727.0
2026-06-11 12:20:00,308.35,308.7,308.1,308.7,140703.0
2026-06-11 12:25:00,308.7,308.85,308.4,308.75,101256.0
2026-06-11 12:30:00,308.7,309.15,308.7,308.85,176946.0
2026-06-11 12:35:00,308.85,308.9,308.05,308.35,123873.0
2026-06-11 12:40:00,308.3,308.35,308.05,308.15,68928.0
2026-06-11 12:45:00,308.15,308.25,307.8,307.85,132880.0
2026-06-11 12:50:00,307.85,308.0,307.2,307.55,222530.0
2026-06-11 12:55:00,307.65,307.7,306.0,307.2,505821.0
2026-06-11 13:00:00,307.2,307.95,307.2,307.8,166059.0
2026-06-11 13:05:00,307.8,307.9,307.05,307.1,110350.0
2026-06-11 13:10:00,307.1,307.2,306.45,306.65,155599.0
2026-06-11 13:15:00,306.8,306.9,306.35,306.35,134375.0
2026-06-11 13:20:00,306.35,306.8,305.8,305.8,262994.0
2026-06-11 13:25:00,305.9,305.95,305.4,305.9,234124.0
2026-06-11 13:30:00,305.9,306.65,305.8,306.0,181732.0
2026-06-11 13:35:00,306.0,306.15,305.1,305.25,175244.0
2026-06-11 13:40:00,305.3,305.45,304.9,305.2,263812.0
2026-06-11 13:45:00,305.2,305.9,305.2,305.6,131865.0
2026-06-11 13:50:00,305.6,305.8,305.4,305.5,94753.0
2026-06-11 13:55:00,305.4,305.65,305.15,305.25,98504.0
2026-06-11 14:00:00,305.25,306.0,305.25,305.85,167820.0
2026-06-11 14:05:00,305.85,306.0,305.2,305.4,123044.0
2026-06-11 14:10:00,305.35,306.2,305.3,306.15,126918.0
2026-06-11 14:15:00,306.2,306.35,305.65,305.75,164472.0
2026-06-11 14:20:00,305.9,306.4,305.8,305.8,120968.0
2026-06-11 14:25:00,305.75,306.65,305.75,306.55,141073.0
2026-06-11 14:30:00,306.55,306.75,305.8,305.85,163422.0
2026-06-11 14:35:00,305.85,306.0,305.15,305.15,160103.0
2026-06-11 14:40:00,305.15,305.35,304.85,305.0,245588.0
2026-06-11 14:45:00,305.1,305.15,304.1,304.8,224949.0
2026-06-11 14:50:00,304.8,304.9,304.45,304.65,122160.0
2026-06-11 14:55:00,304.65,304.95,304.25,304.8,205922.0
2026-06-11 15:00:00,304.8,305.45,304.2,304.4,355036.0
2026-06-11 15:05:00,304.5,304.5,304.0,304.3,348734.0
2026-06-11 15:10:00,304.25,305.3,304.1,304.75,361212.0
2026-06-11 15:15:00,304.75,305.7,304.7,305.1,472175.0
2026-06-11 15:20:00,305.25,305.6,304.8,305.05,498258.0
2026-06-11 15:25:00,305.05,306.0,304.85,305.6,368408.0
2026-06-12 09:15:00,314.0,314.0,310.6,311.5,1810742.0
2026-06-12 09:20:00,311.65,311.7,310.8,311.15,607108.0
2026-06-12 09:25:00,311.3,311.8,309.15,310.35,639234.0
2026-06-12 09:30:00,310.45,311.75,310.45,311.0,465063.0
2026-06-12 09:35:00,311.05,311.05,309.2,309.75,355012.0
2026-06-12 09:40:00,309.6,310.0,309.4,309.7,189817.0
2026-06-12 09:45:00,309.7,309.85,308.6,308.85,400346.0
2026-06-12 09:50:00,308.95,309.0,308.6,308.6,241368.0
2026-06-12 09:55:00,308.5,308.65,308.05,308.2,195561.0
2026-06-12 10:00:00,308.2,308.4,307.35,308.35,320349.0
2026-06-12 10:05:00,308.4,308.4,307.9,307.95,398111.0
2026-06-12 10:10:00,307.9,308.85,307.6,308.85,223597.0
2026-06-12 10:15:00,308.85,310.05,308.6,308.95,321214.0
2026-06-12 10:20:00,308.9,309.3,308.55,309.0,104990.0
2026-06-12 10:25:00,308.95,309.3,308.6,308.85,168777.0
2026-06-12 10:30:00,309.0,309.1,308.75,309.0,94154.0
2026-06-12 10:35:00,309.0,309.6,308.65,308.7,156705.0
2026-06-12 10:40:00,308.7,309.5,308.7,309.4,67704.0
2026-06-12 10:45:00,309.3,309.65,309.1,309.2,88316.0
2026-06-12 10:50:00,309.2,309.3,308.8,308.85,102523.0
2026-06-12 10:55:00,308.85,309.0,308.8,308.95,33853.0
2026-06-12 11:00:00,308.95,309.15,308.5,308.7,89940.0
2026-06-12 11:05:00,308.7,308.75,308.25,308.3,58726.0
2026-06-12 11:10:00,308.3,309.0,308.2,308.85,112682.0
2026-06-12 11:15:00,308.85,309.0,308.35,308.5,56753.0
2026-06-12 11:20:00,308.5,308.5,308.15,308.4,54715.0
2026-06-12 11:25:00,308.4,308.4,307.55,307.6,215201.0
2026-06-12 11:30:00,307.65,308.0,307.4,307.95,98354.0
2026-06-12 11:35:00,307.9,308.1,307.8,307.85,76486.0
2026-06-12 11:40:00,307.85,307.85,306.75,306.85,202922.0
2026-06-12 11:45:00,306.8,306.95,306.2,306.75,227850.0
2026-06-12 11:50:00,306.75,307.1,306.35,306.65,164001.0
2026-06-12 11:55:00,306.6,306.75,305.75,305.95,264524.0
2026-06-12 12:00:00,305.95,306.45,305.65,306.45,128146.0
2026-06-12 12:05:00,306.45,306.6,305.6,305.8,150046.0
2026-06-12 12:10:00,305.8,306.0,305.4,305.7,196179.0
2026-06-12 12:15:00,305.7,305.8,305.5,305.7,98857.0
2026-06-12 12:20:00,305.7,305.75,305.2,305.55,132205.0
2026-06-12 12:25:00,305.6,306.15,305.5,305.85,108128.0
2026-06-12 12:30:00,306.0,306.55,305.7,305.7,147708.0
2026-06-12 12:35:00,305.85,305.85,305.1,305.2,161396.0
2026-06-12 12:40:00,305.25,305.25,303.7,303.9,458731.0
2026-06-12 12:45:00,303.95,304.85,303.8,304.5,183328.0
2026-06-12 12:50:00,304.5,304.9,304.15,304.45,137669.0
2026-06-12 12:55:00,304.45,304.55,303.85,303.95,215891.0
2026-06-12 13:00:00,303.9,303.95,303.7,303.9,101398.0
2026-06-12 13:05:00,303.9,304.6,303.75,304.5,125826.0
2026-06-12 13:10:00,304.35,304.6,304.05,304.25,146694.0
2026-06-12 13:15:00,304.35,304.65,304.1,304.45,73850.0
2026-06-12 13:20:00,304.6,304.7,304.35,304.35,88467.0
2026-06-12 13:25:00,304.45,305.9,304.0,305.2,252064.0
2026-06-12 13:30:00,305.25,305.65,304.55,304.6,179954.0
2026-06-12 13:35:00,304.6,305.25,304.35,305.2,175401.0
2026-06-12 13:40:00,305.25,305.5,304.85,305.35,228272.0
2026-06-12 13:45:00,305.4,305.55,305.0,305.35,128004.0
2026-06-12 13:50:00,305.5,306.15,305.2,306.1,187587.0
2026-06-12 13:55:00,306.1,308.8,305.85,307.85,726057.0
2026-06-12 14:00:00,307.85,307.85,306.7,307.2,249082.0
2026-06-12 14:05:00,307.3,307.5,306.75,306.9,134844.0
2026-06-12 14:10:00,306.8,307.5,306.4,307.35,161015.0
2026-06-12 14:15:00,307.4,307.5,307.0,307.25,150725.0
2026-06-12 14:20:00,307.3,307.4,307.0,307.15,90483.0
2026-06-12 14:25:00,307.15,308.2,306.7,308.05,250496.0
2026-06-12 14:30:00,308.05,308.8,307.9,308.7,350433.0
2026-06-12 14:35:00,308.7,308.75,307.9,308.45,238857.0
2026-06-12 14:40:00,308.45,309.2,308.45,309.1,339806.0
2026-06-12 14:45:00,309.15,309.15,308.5,308.75,250564.0
2026-06-12 14:50:00,308.75,309.2,308.25,308.75,232594.0
2026-06-12 14:55:00,308.75,308.8,308.4,308.5,212225.0
2026-06-12 15:00:00,308.35,309.9,308.35,309.85,381054.0
2026-06-12 15:05:00,309.85,310.0,309.65,309.7,551511.0
2026-06-12 15:10:00,309.8,310.0,309.5,310.0,318991.0
2026-06-12 15:15:00,310.0,310.0,309.45,309.45,480158.0
2026-06-12 15:20:00,309.6,309.8,309.15,309.45,334041.0
2026-06-12 15:25:00,309.45,309.7,308.75,309.5,367863.0
2026-06-15 09:15:00,313.15,318.45,312.1,314.2,2607962.0
2026-06-15 09:20:00,314.3,315.15,311.0,311.75,1822015.0
2026-06-15 09:25:00,311.75,313.9,311.25,312.9,650016.0
2026-06-15 09:30:00,312.8,315.2,312.75,313.0,706604.0
2026-06-15 09:35:00,312.8,314.35,312.8,313.45,383864.0
2026-06-15 09:40:00,313.3,313.5,310.8,311.3,1134060.0
2026-06-15 09:45:00,311.25,311.7,310.4,311.35,660051.0
2026-06-15 09:50:00,311.2,312.1,310.8,310.8,437565.0
2026-06-15 09:55:00,310.8,311.0,310.0,310.35,515271.0
2026-06-15 10:00:00,310.5,310.6,307.6,308.25,1286793.0
2026-06-15 10:05:00,308.3,308.95,304.65,305.7,1659228.0
2026-06-15 10:10:00,305.8,308.15,305.7,307.7,971363.0
2026-06-15 10:15:00,307.65,307.75,306.5,307.1,461393.0
2026-06-15 10:20:00,307.1,308.7,307.0,308.0,504872.0
2026-06-15 10:25:00,308.05,308.5,307.9,308.15,263526.0
2026-06-15 10:30:00,308.15,308.6,307.25,307.6,281018.0
2026-06-15 10:35:00,307.7,307.75,307.1,307.3,160192.0
2026-06-15 10:40:00,307.5,307.5,306.5,306.75,261566.0
2026-06-15 10:45:00,306.65,307.25,306.65,307.15,167141.0
2026-06-15 10:50:00,307.1,307.75,307.0,307.1,258884.0
2026-06-15 10:55:00,307.2,307.55,306.45,306.9,249103.0
2026-06-15 11:00:00,306.9,306.9,306.5,306.75,150266.0
2026-06-15 11:05:00,306.65,306.95,306.55,306.85,119301.0
2026-06-15 11:10:00,306.7,306.8,306.15,306.5,215237.0
2026-06-15 11:15:00,306.35,307.0,306.25,306.95,149502.0
2026-06-15 11:20:00,306.85,307.35,306.8,307.0,134359.0
2026-06-15 11:25:00,307.05,307.1,306.7,307.0,124247.0
2026-06-15 11:30:00,306.95,307.0,305.9,306.25,295864.0
2026-06-15 11:35:00,306.2,306.45,305.7,306.0,186590.0
2026-06-15 11:40:00,305.85,306.9,305.8,306.9,139759.0
2026-06-15 11:45:00,306.85,307.0,306.45,306.85,150954.0
2026-06-15 11:50:00,306.75,307.0,306.7,306.8,92916.0
2026-06-15 11:55:00,306.8,307.0,306.3,306.9,111794.0
2026-06-15 12:00:00,306.95,307.0,306.25,306.55,81948.0
2026-06-15 12:05:00,306.4,306.55,306.1,306.45,70812.0
2026-06-15 12:10:00,306.5,306.5,306.05,306.2,143928.0
2026-06-15 12:15:00,306.2,306.3,305.65,305.7,185542.0
2026-06-15 12:20:00,305.8,306.0,305.55,305.7,141123.0
2026-06-15 12:25:00,305.6,305.85,305.4,305.5,144568.0
2026-06-15 12:30:00,305.55,305.6,305.15,305.6,159752.0
2026-06-15 12:35:00,305.55,306.0,305.5,305.75,111675.0
2026-06-15 12:40:00,305.75,305.85,305.15,305.35,116560.0
2026-06-15 12:45:00,305.35,305.7,305.1,305.3,140161.0
2026-06-15 12:50:00,305.3,305.3,304.3,304.6,477218.0
2026-06-15 12:55:00,304.55,305.2,304.5,305.05,123619.0
2026-06-15 13:00:00,305.15,305.2,305.0,305.05,115088.0
2026-06-15 13:05:00,305.1,305.4,304.7,305.3,132540.0
2026-06-15 13:10:00,305.55,306.25,305.35,305.45,216161.0
2026-06-15 13:15:00,305.3,305.6,305.0,305.1,132816.0
2026-06-15 13:20:00,305.1,305.65,305.0,305.25,95429.0
2026-06-15 13:25:00,305.25,305.3,304.35,304.5,293357.0
2026-06-15 13:30:00,304.45,304.75,304.0,304.1,309574.0
2026-06-15 13:35:00,304.1,304.9,304.1,304.7,112048.0
2026-06-15 13:40:00,304.65,304.75,304.4,304.65,96506.0
2026-06-15 13:45:00,304.75,305.35,304.4,305.05,202585.0
2026-06-15 13:50:00,305.05,305.45,304.65,305.3,120348.0
2026-06-15 13:55:00,305.3,306.15,305.3,305.85,289010.0
2026-06-15 14:00:00,305.85,306.0,305.3,305.55,157401.0
2026-06-15 14:05:00,305.55,305.65,305.25,305.3,137876.0
2026-06-15 14:10:00,305.3,305.85,305.25,305.5,92756.0
2026-06-15 14:15:00,305.45,305.55,305.0,305.05,142623.0
2026-06-15 14:20:00,305.0,305.1,304.25,304.5,293400.0
2026-06-15 14:25:00,304.35,304.75,304.05,304.35,261095.0
2026-06-15 14:30:00,304.35,304.9,304.3,304.45,298477.0
2026-06-15 14:35:00,304.45,304.55,304.15,304.15,182716.0
2026-06-15 14:40:00,304.25,304.3,303.5,303.7,402032.0
2026-06-15 14:45:00,303.6,304.35,303.2,304.05,357700.0
2026-06-15 14:50:00,304.0,304.6,303.7,304.35,230312.0
2026-06-15 14:55:00,304.35,304.45,303.9,304.4,206430.0
2026-06-15 15:00:00,304.3,304.7,303.4,303.65,424533.0
2026-06-15 15:05:00,303.6,303.65,302.8,302.95,559229.0
2026-06-15 15:10:00,302.95,303.05,302.0,302.6,562692.0
2026-06-15 15:15:00,302.5,303.15,302.4,302.55,766193.0
2026-06-15 15:20:00,302.5,303.2,301.8,301.95,861479.0
2026-06-15 15:25:00,301.95,302.0,300.4,301.9,942892.0
2026-06-16 09:15:00,302.5,303.7,297.65,299.45,1968208.0
2026-06-16 09:20:00,299.45,299.9,298.6,298.95,716627.0
2026-06-16 09:25:00,299.0,299.7,297.8,298.95,816175.0
2026-06-16 09:30:00,299.0,299.0,297.6,298.35,422670.0
2026-06-16 09:35:00,298.3,299.1,298.0,298.25,499945.0
2026-06-16 09:40:00,298.3,298.5,297.9,298.2,329047.0
2026-06-16 09:45:00,298.2,299.5,298.05,299.1,290596.0
2026-06-16 09:50:00,299.15,302.6,298.55,302.5,901893.0
2026-06-16 09:55:00,302.3,304.3,302.15,302.8,905248.0
2026-06-16 10:00:00,302.9,303.25,300.25,300.65,774156.0
2026-06-16 10:05:00,300.65,300.65,299.55,300.05,264160.0
2026-06-16 10:10:00,300.15,300.15,299.35,299.7,198556.0
2026-06-16 10:15:00,299.7,300.0,298.75,299.0,480121.0
2026-06-16 10:20:00,299.0,299.0,298.0,298.45,665519.0
2026-06-16 10:25:00,298.45,298.8,298.2,298.65,177025.0
2026-06-16 10:30:00,298.65,299.3,298.65,299.3,212155.0
2026-06-16 10:35:00,299.3,299.9,299.15,299.7,220539.0
2026-06-16 10:40:00,299.7,300.0,299.05,299.4,165252.0
2026-06-16 10:45:00,299.35,299.85,299.15,299.75,103220.0
2026-06-16 10:50:00,299.8,299.8,299.1,299.3,97921.0
2026-06-16 10:55:00,299.3,299.3,299.0,299.2,71533.0
2026-06-16 11:00:00,299.2,299.2,298.55,298.65,173509.0
2026-06-16 11:05:00,298.65,299.2,298.5,298.75,105985.0
2026-06-16 11:10:00,298.8,298.95,298.6,298.8,71767.0
2026-06-16 11:15:00,298.85,299.0,298.6,298.8,143464.0
2026-06-16 11:20:00,298.8,299.75,298.65,299.4,96875.0
2026-06-16 11:25:00,299.25,299.5,299.1,299.25,58398.0
2026-06-16 11:30:00,299.3,299.35,298.85,299.05,73190.0
2026-06-16 11:35:00,299.1,299.1,298.35,298.4,169841.0
2026-06-16 11:40:00,298.4,298.5,298.0,298.2,347998.0
2026-06-16 11:45:00,298.2,299.2,298.1,298.7,230911.0
2026-06-16 11:50:00,298.6,299.0,298.35,298.45,343099.0
2026-06-16 11:55:00,298.35,298.6,298.25,298.5,112632.0
2026-06-16 12:00:00,298.5,298.6,297.9,298.2,194091.0
2026-06-16 12:05:00,298.25,298.65,298.15,298.4,111906.0
2026-06-16 12:10:00,298.45,298.6,298.3,298.4,78032.0
2026-06-16 12:15:00,298.35,298.35,297.6,297.65,220649.0
2026-06-16 12:20:00,297.75,297.9,297.5,297.65,147651.0
2026-06-16 12:25:00,297.75,298.1,297.65,297.95,89801.0
2026-06-16 12:30:00,297.95,298.05,297.5,297.5,132146.0
2026-06-16 12:35:00,297.55,297.9,297.4,297.6,138824.0
2026-06-16 12:40:00,297.6,297.75,297.2,297.25,95997.0
2026-06-16 12:45:00,297.3,297.4,295.65,297.05,764017.0
2026-06-16 12:50:00,297.15,297.15,296.05,296.3,263676.0
2026-06-16 12:55:00,296.45,296.75,296.15,296.5,161070.0
2026-06-16 13:00:00,296.5,296.55,295.6,295.85,335641.0
2026-06-16 13:05:00,295.8,296.55,295.75,296.55,203800.0
2026-06-16 13:10:00,296.55,297.55,296.3,297.3,347828.0
2026-06-16 13:15:00,297.4,297.6,297.2,297.35,141573.0
2026-06-16 13:20:00,297.4,298.65,297.3,298.4,247721.0
2026-06-16 13:25:00,298.45,299.5,298.25,299.15,282423.0
2026-06-16 13:30:00,299.15,299.3,298.65,298.9,249683.0
2026-06-16 13:35:00,298.8,299.0,298.3,298.95,221856.0
2026-06-16 13:40:00,298.95,298.95,298.4,298.65,129454.0
2026-06-16 13:45:00,298.6,299.5,298.55,299.5,170278.0
2026-06-16 13:50:00,299.45,299.5,299.0,299.45,115224.0
2026-06-16 13:55:00,299.35,299.85,299.1,299.35,307478.0
2026-06-16 14:00:00,299.45,299.6,299.25,299.5,85021.0
2026-06-16 14:05:00,299.5,299.55,299.0,299.2,126351.0
2026-06-16 14:10:00,299.2,299.5,299.05,299.3,127482.0
2026-06-16 14:15:00,299.3,300.0,299.3,299.6,128038.0
2026-06-16 14:20:00,299.75,299.8,299.3,299.75,105147.0
2026-06-16 14:25:00,299.75,299.95,299.6,299.8,102590.0
2026-06-16 14:30:00,299.8,301.0,299.8,300.95,473882.0
2026-06-16 14:35:00,301.0,301.15,300.3,300.5,230928.0
2026-06-16 14:40:00,300.55,300.55,299.65,299.75,166267.0
2026-06-16 14:45:00,299.75,300.6,299.6,300.35,164711.0
2026-06-16 14:50:00,300.35,300.85,300.1,300.6,138899.0
2026-06-16 14:55:00,300.7,300.9,300.05,300.15,222542.0
2026-06-16 15:00:00,300.5,300.7,299.7,299.95,386580.0
2026-06-16 15:05:00,299.95,300.65,299.85,300.6,274851.0
2026-06-16 15:10:00,300.6,300.65,300.0,300.05,307242.0
2026-06-16 15:15:00,300.15,300.15,299.5,299.6,411505.0
2026-06-16 15:20:00,299.65,300.0,299.3,299.45,474620.0
2026-06-16 15:25:00,299.45,300.5,299.4,300.5,415313.0
2026-06-17 09:15:00,299.0,301.3,298.4,299.15,799244.0
2026-06-17 09:20:00,299.05,299.15,297.5,297.9,578347.0
2026-06-17 09:25:00,297.8,298.25,297.3,297.95,367114.0
2026-06-17 09:30:00,297.85,299.0,297.85,298.95,297770.0
2026-06-17 09:35:00,298.95,299.25,298.3,299.25,310313.0
2026-06-17 09:40:00,299.15,299.6,298.4,299.6,206763.0
2026-06-17 09:45:00,299.7,299.9,298.15,298.55,167381.0
2026-06-17 09:50:00,298.5,299.4,298.2,299.4,128702.0
2026-06-17 09:55:00,299.4,301.2,299.3,300.6,499272.0
2026-06-17 10:00:00,300.7,301.0,300.2,300.55,235364.0
2026-06-17 10:05:00,300.5,300.85,300.3,300.6,133831.0
2026-06-17 10:10:00,300.6,300.95,300.2,300.5,170405.0
2026-06-17 10:15:00,300.35,300.95,300.35,300.9,120604.0
2026-06-17 10:20:00,300.9,301.6,300.8,301.4,228478.0
2026-06-17 10:25:00,301.5,302.4,301.4,302.25,415801.0
2026-06-17 10:30:00,302.25,303.3,302.1,303.1,553883.0
2026-06-17 10:35:00,303.0,306.5,303.0,305.9,1508038.0
2026-06-17 10:40:00,305.6,305.7,303.55,304.3,587184.0
2026-06-17 10:45:00,304.3,304.7,303.15,303.7,338450.0
2026-06-17 10:50:00,303.7,304.3,303.3,303.3,229825.0
2026-06-17 10:55:00,303.3,304.25,303.2,303.6,206013.0
2026-06-17 11:00:00,303.6,303.95,303.35,303.75,146518.0
2026-06-17 11:05:00,303.6,303.95,303.35,303.8,124051.0
2026-06-17 11:10:00,303.85,304.55,303.4,304.3,148030.0
2026-06-17 11:15:00,304.3,304.8,304.15,304.75,140775.0
2026-06-17 11:20:00,304.85,304.9,304.0,304.35,150179.0
2026-06-17 11:25:00,304.25,304.35,304.0,304.1,93296.0
2026-06-17 11:30:00,304.1,305.5,303.85,305.5,330425.0
2026-06-17 11:35:00,305.45,305.6,305.05,305.4,239663.0
2026-06-17 11:40:00,305.3,305.6,305.2,305.3,131678.0
2026-06-17 11:45:00,305.3,306.4,305.2,305.5,382001.0
2026-06-17 11:50:00,305.5,306.0,305.4,305.95,143501.0
2026-06-17 11:55:00,305.85,305.95,304.6,304.65,152241.0
2026-06-17 12:00:00,304.6,305.1,304.3,304.9,124803.0
2026-06-17 12:05:00,305.0,306.0,304.8,305.55,167145.0
2026-06-17 12:10:00,305.55,305.95,305.3,305.9,121806.0
2026-06-17 12:15:00,305.9,306.3,305.75,305.8,194375.0
2026-06-17 12:20:00,305.85,305.9,305.5,305.65,108627.0
2026-06-17 12:25:00,305.6,305.9,304.8,305.9,141062.0
2026-06-17 12:30:00,305.75,305.95,305.1,305.1,113771.0
2026-06-17 12:35:00,305.1,305.75,304.8,305.2,137058.0
2026-06-17 12:40:00,305.2,305.85,305.1,305.7,76426.0
2026-06-17 12:45:00,305.7,305.9,305.35,305.35,89798.0
2026-06-17 12:50:00,305.4,305.45,304.8,304.8,87954.0
2026-06-17 12:55:00,304.85,304.9,304.5,304.65,104832.0
2026-06-17 13:00:00,304.75,305.25,304.65,305.15,82685.0
2026-06-17 13:05:00,305.15,305.2,304.45,304.45,62549.0
2026-06-17 13:10:00,304.5,304.95,304.35,304.4,69395.0
2026-06-17 13:15:00,304.4,304.8,304.25,304.7,72300.0
2026-06-17 13:20:00,304.7,304.95,304.5,304.85,63703.0
2026-06-17 13:25:00,304.85,305.35,304.8,305.0,85602.0
2026-06-17 13:30:00,305.0,305.8,304.9,305.8,119408.0
2026-06-17 13:35:00,305.9,306.85,305.6,306.55,412343.0
2026-06-17 13:40:00,306.75,308.2,306.55,306.55,702754.0
2026-06-17 13:45:00,306.6,306.8,305.7,305.9,177716.0
2026-06-17 13:50:00,305.85,306.5,305.5,306.1,174519.0
2026-06-17 13:55:00,306.1,306.75,305.75,306.15,143465.0
2026-06-17 14:00:00,306.25,306.65,305.95,306.5,107556.0
2026-06-17 14:05:00,306.3,306.4,305.8,305.85,120889.0
2026-06-17 14:10:00,305.85,306.3,305.85,305.9,104926.0
2026-06-17 14:15:00,306.0,306.05,305.15,305.5,174328.0
2026-06-17 14:20:00,305.5,305.75,305.25,305.25,126164.0
2026-06-17 14:25:00,305.1,305.35,305.0,305.25,169757.0
2026-06-17 14:30:00,305.25,305.45,305.0,305.0,127031.0
2026-06-17 14:35:00,305.15,305.35,304.8,305.2,124167.0
2026-06-17 14:40:00,305.25,305.85,305.05,305.15,106232.0
2026-06-17 14:45:00,305.2,305.3,304.9,304.95,95561.0
2026-06-17 14:50:00,304.95,305.2,304.9,305.05,85294.0
2026-06-17 14:55:00,305.05,305.5,305.0,305.35,114251.0
2026-06-17 15:00:00,305.45,306.9,305.35,306.4,395271.0
2026-06-17 15:05:00,306.55,306.55,306.15,306.4,228173.0
2026-06-17 15:10:00,306.45,306.85,306.4,306.6,233354.0
2026-06-17 15:15:00,306.55,306.7,306.35,306.55,367736.0
2026-06-17 15:20:00,306.6,306.65,306.3,306.45,285830.0
2026-06-17 15:25:00,306.45,306.75,306.0,306.1,347324.0
2026-06-18 09:15:00,307.0,308.95,304.65,308.8,965225.0
2026-06-18 09:20:00,308.95,309.0,307.35,307.5,464287.0
2026-06-18 09:25:00,307.55,307.7,307.1,307.25,328109.0
2026-06-18 09:30:00,307.35,307.55,306.6,306.9,257108.0
2026-06-18 09:35:00,306.8,307.0,306.5,306.7,192313.0
2026-06-18 09:40:00,306.85,307.75,306.65,307.0,195622.0
2026-06-18 09:45:00,307.2,308.2,307.0,307.6,291228.0
2026-06-18 09:50:00,307.55,307.95,307.25,307.4,177567.0
2026-06-18 09:55:00,307.25,307.5,306.85,307.1,112051.0
2026-06-18 10:00:00,307.0,307.15,306.65,306.75,103515.0
2026-06-18 10:05:00,306.7,307.1,306.5,306.85,156763.0
2026-06-18 10:10:00,306.95,307.0,306.15,306.45,139021.0
2026-06-18 10:15:00,306.4,306.65,306.1,306.5,152161.0
2026-06-18 10:20:00,306.65,306.75,306.0,306.2,257820.0
2026-06-18 10:25:00,306.2,306.75,306.0,306.4,309919.0
2026-06-18 10:30:00,306.4,306.45,305.9,305.9,97767.0
2026-06-18 10:35:00,305.95,306.25,305.6,305.85,237415.0
2026-06-18 10:40:00,305.85,306.1,305.4,306.0,189999.0
2026-06-18 10:45:00,306.0,306.8,305.8,306.8,225552.0
2026-06-18 10:50:00,306.75,306.75,306.05,306.2,110274.0
2026-06-18 10:55:00,306.3,306.4,305.85,306.1,108649.0
2026-06-18 11:00:00,306.05,306.05,305.3,305.45,78722.0
2026-06-18 11:05:00,305.45,305.45,305.15,305.35,87080.0
2026-06-18 11:10:00,305.3,305.4,305.05,305.1,74545.0
2026-06-18 11:15:00,305.1,305.3,305.0,305.05,231483.0
2026-06-18 11:20:00,305.05,305.6,305.05,305.2,132177.0
2026-06-18 11:25:00,305.4,305.4,302.75,304.35,369241.0
2026-06-18 11:30:00,304.35,304.75,304.2,304.35,87863.0
2026-06-18 11:35:00,304.4,304.4,303.5,303.65,155338.0
2026-06-18 11:40:00,303.65,303.85,303.3,303.55,139425.0
2026-06-18 11:45:00,303.6,303.65,303.05,303.5,158059.0
2026-06-18 11:50:00,303.5,303.6,303.1,303.15,97047.0
2026-06-18 11:55:00,303.2,303.6,303.0,303.45,105735.0
2026-06-18 12:00:00,303.45,303.45,303.1,303.3,84971.0
2026-06-18 12:05:00,303.3,303.3,302.85,303.1,108672.0
2026-06-18 12:10:00,303.05,303.45,302.8,303.2,78569.0
2026-06-18 12:15:00,303.1,303.3,302.8,303.15,114447.0
2026-06-18 12:20:00,303.3,303.9,303.1,303.75,115940.0
2026-06-18 12:25:00,303.65,305.15,303.65,305.15,197683.0
2026-06-18 12:30:00,305.1,305.5,304.25,305.05,78003.0
2026-06-18 12:35:00,305.1,305.15,304.4,304.5,42213.0
2026-06-18 12:40:00,304.6,304.65,304.1,304.25,59313.0
2026-06-18 12:45:00,304.25,304.5,304.0,304.2,53806.0
2026-06-18 12:50:00,304.3,304.8,304.15,304.55,30651.0
2026-06-18 12:55:00,304.65,304.7,304.35,304.35,27610.0
2026-06-18 13:00:00,304.4,304.4,304.15,304.2,21032.0
2026-06-18 13:05:00,304.25,304.45,303.9,304.35,72065.0
2026-06-18 13:10:00,304.5,304.5,304.35,304.4,28274.0
2026-06-18 13:15:00,304.5,304.5,304.1,304.4,71311.0
2026-06-18 13:20:00,304.4,304.4,304.05,304.05,40428.0
2026-06-18 13:25:00,304.3,304.3,304.0,304.2,33776.0
2026-06-18 13:30:00,304.15,304.25,303.9,304.1,36522.0
2026-06-18 13:35:00,304.15,304.4,304.0,304.3,31032.0
2026-06-18 13:40:00,304.3,305.0,304.05,304.6,97744.0
2026-06-18 13:45:00,304.7,305.25,304.6,305.0,97436.0
2026-06-18 13:50:00,305.1,305.4,305.0,305.15,74379.0
2026-06-18 13:55:00,305.2,305.2,304.5,304.55,54113.0
2026-06-18 14:00:00,304.5,304.8,304.0,304.5,80844.0
2026-06-18 14:05:00,304.5,304.6,304.1,304.25,41033.0
2026-06-18 14:10:00,304.2,304.4,304.1,304.25,36885.0
2026-06-18 14:15:00,304.35,304.85,303.55,303.75,450072.0
2026-06-18 14:20:00,303.75,304.9,303.5,304.9,188234.0
2026-06-18 14:25:00,304.9,304.9,303.95,304.15,179120.0
2026-06-18 14:30:00,304.1,304.3,303.65,304.3,82910.0
2026-06-18 14:35:00,304.2,304.55,304.15,304.45,149296.0
2026-06-18 14:40:00,304.45,304.75,304.4,304.65,242232.0
2026-06-18 14:45:00,304.55,304.8,304.3,304.45,101977.0
2026-06-18 14:50:00,304.55,304.8,304.45,304.7,131594.0
2026-06-18 14:55:00,304.75,305.5,304.7,305.4,140147.0
2026-06-18 15:00:00,305.4,306.35,305.35,306.15,361228.0
2026-06-18 15:05:00,306.15,306.2,305.75,305.85,203525.0
2026-06-18 15:10:00,305.95,306.1,305.65,306.1,264119.0
2026-06-18 15:15:00,306.1,306.15,305.8,306.1,430794.0
2026-06-18 15:20:00,306.15,306.4,306.05,306.25,371962.0
2026-06-18 15:25:00,306.3,306.3,305.55,306.0,360451.0
2026-06-19 09:15:00,302.4,304.9,301.0,304.3,701856.0
2026-06-19 09:20:00,304.3,304.4,302.3,303.1,408082.0
2026-06-19 09:25:00,303.0,303.45,302.15,302.4,289022.0
2026-06-19 09:30:00,302.35,302.45,301.05,301.5,669007.0
2026-06-19 09:35:00,301.65,301.75,300.0,300.75,761541.0
2026-06-19 09:40:00,300.7,301.0,300.5,300.9,280378.0
2026-06-19 09:45:00,300.9,301.1,300.6,300.65,345692.0
2026-06-19 09:50:00,300.7,300.75,299.85,299.95,654112.0
2026-06-19 09:55:00,300.0,300.95,299.9,300.8,614431.0
2026-06-19 10:00:00,300.85,300.95,299.5,299.9,382200.0
2026-06-19 10:05:00,300.0,301.4,299.65,301.25,299308.0
2026-06-19 10:10:00,301.25,301.7,300.65,301.7,191861.0
2026-06-19 10:15:00,301.7,302.35,301.2,301.2,347601.0
2026-06-19 10:20:00,301.3,301.6,301.0,301.6,105097.0
2026-06-19 10:25:00,301.65,301.85,301.35,301.7,95781.0
2026-06-19 10:30:00,301.7,302.1,301.5,301.55,110536.0
2026-06-19 10:35:00,301.6,301.6,301.15,301.45,70687.0
2026-06-19 10:40:00,301.45,301.9,301.3,301.9,98690.0
2026-06-19 10:45:00,301.9,302.3,301.8,302.25,170957.0
2026-06-19 10:50:00,302.3,302.75,302.05,302.25,187372.0
2026-06-19 10:55:00,302.2,302.35,301.55,301.75,140897.0
2026-06-19 11:00:00,301.8,302.45,301.65,302.15,108640.0
2026-06-19 11:05:00,302.25,302.3,301.85,302.2,96683.0
2026-06-19 11:10:00,302.2,302.3,301.65,301.65,107083.0
2026-06-19 11:15:00,301.75,301.85,301.2,301.8,113791.0
2026-06-19 11:20:00,301.7,302.7,301.6,302.35,142575.0
2026-06-19 11:25:00,302.15,302.55,302.1,302.4,50464.0
2026-06-19 11:30:00,302.4,302.45,302.2,302.35,44770.0
2026-06-19 11:35:00,302.4,302.45,302.2,302.3,53100.0
2026-06-19 11:40:00,302.3,302.3,301.5,301.6,90897.0
2026-06-19 11:45:00,301.45,301.5,300.8,300.8,274996.0
2026-06-19 11:50:00,300.9,301.1,300.6,300.6,101544.0
2026-06-19 11:55:00,300.7,300.95,300.2,300.7,84632.0
2026-06-19 12:00:00,300.7,300.9,300.55,300.9,88877.0
2026-06-19 12:05:00,300.85,300.9,300.25,300.4,96562.0
2026-06-19 12:10:00,300.4,300.5,300.2,300.4,133190.0
2026-06-19 12:15:00,300.4,300.85,300.3,300.7,62535.0
2026-06-19 12:20:00,300.6,301.2,300.6,300.95,128538.0
2026-06-19 12:25:00,300.95,301.15,300.55,300.65,90789.0
2026-06-19 12:30:00,300.65,301.0,300.5,300.8,48780.0
2026-06-19 12:35:00,300.8,300.95,300.5,300.85,67463.0
2026-06-19 12:40:00,300.85,300.85,300.0,300.3,186899.0
2026-06-19 12:45:00,300.35,300.95,300.35,300.5,58363.0
2026-06-19 12:50:00,300.6,300.7,300.4,300.45,50202.0
2026-06-19 12:55:00,300.5,300.65,300.2,300.4,81017.0
2026-06-19 13:00:00,300.4,300.5,300.05,300.05,81807.0
2026-06-19 13:05:00,300.15,300.35,300.05,300.2,81375.0
2026-06-19 13:10:00,300.2,300.25,300.05,300.25,30448.0
2026-06-19 13:15:00,300.25,300.35,300.1,300.2,51427.0
2026-06-19 13:20:00,300.2,300.55,300.1,300.1,49231.0
2026-06-19 13:25:00,300.2,300.35,300.1,300.25,45749.0
2026-06-19 13:30:00,300.3,300.9,300.1,300.9,117649.0
2026-06-19 13:35:00,300.9,301.0,300.8,301.0,49385.0
2026-06-19 13:40:00,301.0,301.3,300.85,300.9,126177.0
2026-06-19 13:45:00,300.95,300.95,300.65,300.8,70406.0
2026-06-19 13:50:00,300.85,300.85,300.25,300.35,86582.0
2026-06-19 13:55:00,300.4,300.95,300.3,300.8,65800.0
2026-06-19 14:00:00,300.9,301.0,300.5,300.6,71343.0
2026-06-19 14:05:00,300.6,300.85,300.5,300.7,93732.0
2026-06-19 14:10:00,300.8,300.85,300.55,300.75,72122.0
2026-06-19 14:15:00,300.8,300.85,300.55,300.65,75898.0
2026-06-19 14:20:00,300.7,300.75,300.5,300.55,92903.0
2026-06-19 14:25:00,300.55,300.65,300.5,300.55,36236.0
2026-06-19 14:30:00,300.55,300.9,300.55,300.75,90931.0
2026-06-19 14:35:00,300.8,301.0,300.7,300.9,69306.0
2026-06-19 14:40:00,300.9,301.0,300.55,300.8,102433.0
2026-06-19 14:45:00,300.85,300.95,300.65,300.8,109144.0
2026-06-19 14:50:00,300.75,300.85,300.25,300.35,157538.0
2026-06-19 14:55:00,300.35,300.5,300.15,300.4,149510.0
2026-06-19 15:00:00,300.4,301.2,300.25,300.6,547151.0
2026-06-19 15:05:00,300.65,301.45,300.65,301.05,478211.0
2026-06-19 15:10:00,301.1,301.3,300.7,300.7,440224.0
2026-06-19 15:15:00,300.8,300.8,300.55,300.7,585009.0
2026-06-19 15:20:00,300.65,300.9,300.4,300.6,907862.0
2026-06-19 15:25:00,300.8,300.95,300.55,300.7,703521.0
2026-06-22 09:15:00,300.8,305.0,300.8,304.65,904768.0
2026-06-22 09:20:00,304.75,304.8,303.9,304.75,408508.0
2026-06-22 09:25:00,304.75,304.95,303.35,303.6,254278.0
2026-06-22 09:30:00,303.6,304.3,303.2,304.2,182338.0
2026-06-22 09:35:00,304.3,305.55,304.3,305.25,413130.0
2026-06-22 09:40:00,305.4,305.45,304.7,305.15,228329.0
2026-06-22 09:45:00,305.15,306.35,305.15,305.25,373635.0
2026-06-22 09:50:00,305.25,305.4,304.35,304.8,227844.0
2026-06-22 09:55:00,304.8,306.55,304.7,306.0,387398.0
2026-06-22 10:00:00,306.1,306.4,305.75,306.1,147032.0
2026-06-22 10:05:00,306.0,306.7,305.75,306.55,187817.0
2026-06-22 10:10:00,306.7,306.8,305.05,305.25,257587.0
2026-06-22 10:15:00,305.25,305.75,304.8,304.9,535162.0
2026-06-22 10:20:00,305.0,305.0,304.0,304.05,203452.0
2026-06-22 10:25:00,304.0,304.4,303.9,304.35,78616.0
2026-06-22 10:30:00,304.35,305.0,304.3,304.9,72515.0
2026-06-22 10:35:00,304.9,305.1,304.8,305.0,100959.0
2026-06-22 10:40:00,305.0,306.0,304.9,305.65,113318.0
2026-06-22 10:45:00,305.75,305.9,305.5,305.7,109391.0
2026-06-22 10:50:00,305.6,305.85,304.6,304.9,410550.0
2026-06-22 10:55:00,304.9,305.0,304.8,305.0,85486.0
2026-06-22 11:00:00,304.95,305.0,304.8,304.9,55685.0
2026-06-22 11:05:00,304.85,305.7,304.8,305.7,189976.0
2026-06-22 11:10:00,305.65,305.8,305.5,305.65,61139.0
2026-06-22 11:15:00,305.6,306.0,304.95,305.9,411535.0
2026-06-22 11:20:00,305.9,306.35,305.35,305.5,455629.0
2026-06-22 11:25:00,305.5,305.85,305.15,305.3,474731.0
2026-06-22 11:30:00,305.15,305.3,304.4,304.9,400289.0
2026-06-22 11:35:00,304.8,305.45,304.65,305.35,87143.0
2026-06-22 11:40:00,305.35,305.35,304.85,305.25,46652.0
2026-06-22 11:45:00,305.25,305.5,304.8,305.1,69817.0
2026-06-22 11:50:00,305.1,305.35,304.8,304.8,58358.0
2026-06-22 11:55:00,304.85,304.85,304.55,304.7,85479.0
2026-06-22 12:00:00,304.8,304.8,304.6,304.6,37832.0
2026-06-22 12:05:00,304.6,304.95,304.6,304.8,37749.0
2026-06-22 12:10:00,304.75,304.8,304.2,304.3,79198.0
2026-06-22 12:15:00,304.35,304.5,304.05,304.4,80254.0
2026-06-22 12:20:00,304.4,304.75,304.35,304.75,32435.0
2026-06-22 12:25:00,304.75,304.85,304.35,304.45,55636.0
2026-06-22 12:30:00,304.35,304.9,304.35,304.75,39782.0
2026-06-22 12:35:00,304.65,304.8,304.55,304.75,28418.0
2026-06-22 12:40:00,304.75,305.0,304.65,304.9,46571.0
2026-06-22 12:45:00,304.85,305.05,304.75,304.9,68519.0
2026-06-22 12:50:00,305.0,305.5,305.0,305.25,84780.0
2026-06-22 12:55:00,305.15,305.3,304.7,304.7,60165.0
2026-06-22 13:00:00,304.8,304.8,304.5,304.6,37118.0
2026-06-22 13:05:00,304.6,304.9,304.5,304.6,32814.0
2026-06-22 13:10:00,304.6,304.7,304.4,304.7,49427.0
2026-06-22 13:15:00,304.55,304.7,304.3,304.4,34964.0
2026-06-22 13:20:00,304.4,304.9,304.35,304.7,60989.0
2026-06-22 13:25:00,304.7,304.75,304.4,304.5,39588.0
2026-06-22 13:30:00,304.5,304.5,304.25,304.4,27524.0
2026-06-22 13:35:00,304.35,304.45,304.05,304.15,65246.0
2026-06-22 13:40:00,304.1,304.15,303.3,303.7,256552.0
2026-06-22 13:45:00,303.8,304.05,303.6,304.0,88847.0
2026-06-22 13:50:00,304.0,304.2,303.75,304.05,42927.0
2026-06-22 13:55:00,304.05,304.15,303.85,304.1,43407.0
2026-06-22 14:00:00,304.15,304.15,303.7,303.8,50782.0
2026-06-22 14:05:00,303.8,303.8,303.6,303.75,41636.0
2026-06-22 14:10:00,303.75,303.95,303.6,303.85,52957.0
2026-06-22 14:15:00,303.85,304.0,303.6,303.7,105620.0
2026-06-22 14:20:00,303.8,303.95,303.7,303.75,40564.0
2026-06-22 14:25:00,303.9,304.0,303.75,304.0,62812.0
2026-06-22 14:30:00,304.0,304.15,303.85,304.05,112820.0
2026-06-22 14:35:00,304.05,304.5,303.95,304.4,94573.0
2026-06-22 14:40:00,304.4,304.8,304.4,304.75,118378.0
2026-06-22 14:45:00,304.75,305.5,304.7,305.45,255917.0
2026-06-22 14:50:00,305.5,305.65,305.1,305.25,210428.0
2026-06-22 14:55:00,305.35,305.4,305.05,305.05,99175.0
2026-06-22 15:00:00,305.4,306.75,305.25,306.35,704509.0
2026-06-22 15:05:00,306.3,306.45,305.65,305.7,376164.0
2026-06-22 15:10:00,305.8,306.0,305.3,305.65,446079.0
2026-06-22 15:15:00,305.75,306.05,305.05,305.35,449653.0
2026-06-22 15:20:00,305.35,305.9,305.3,305.75,397101.0
2026-06-22 15:25:00,305.8,306.0,305.5,305.5,364048.0
2026-06-23 09:15:00,294.5,294.5,287.0,288.8,20160719.0
2026-06-23 09:20:00,288.85,289.4,285.7,286.1,8644799.0
2026-06-23 09:25:00,286.1,287.8,284.45,287.75,6602135.0
2026-06-23 09:30:00,287.55,287.65,285.5,286.05,3635921.0
2026-06-23 09:35:00,286.0,286.9,285.7,286.85,1405546.0
2026-06-23 09:40:00,286.75,286.9,285.0,285.35,2336067.0
2026-06-23 09:45:00,285.3,286.7,285.1,286.7,1334312.0
2026-06-23 09:50:00,286.7,286.85,285.75,286.0,1084425.0
2026-06-23 09:55:00,285.9,286.4,285.5,286.3,948161.0
2026-06-23 10:00:00,286.3,286.9,286.2,286.85,1214984.0
2026-06-23 10:05:00,286.9,286.9,286.15,286.35,795805.0
2026-06-23 10:10:00,286.35,286.45,285.7,285.7,1237083.0
2026-06-23 10:15:00,285.7,285.95,285.2,285.45,1294987.0
2026-06-23 10:20:00,285.45,285.5,282.2,282.4,5283813.0
2026-06-23 10:25:00,282.4,282.4,279.0,281.75,8131769.0
2026-06-23 10:30:00,281.75,282.8,281.5,282.75,1601781.0
2026-06-23 10:35:00,282.75,283.4,281.5,283.2,2115036.0
2026-06-23 10:40:00,283.15,283.4,282.1,282.5,776592.0
2026-06-23 10:45:00,282.4,282.85,282.35,282.75,361334.0
2026-06-23 10:50:00,282.75,282.8,282.35,282.4,424964.0
2026-06-23 10:55:00,282.45,283.0,282.25,282.8,418612.0
2026-06-23 11:00:00,282.85,283.3,282.35,283.3,393164.0
2026-06-23 11:05:00,283.3,283.4,283.05,283.4,404558.0
2026-06-23 11:10:00,283.4,283.95,283.1,283.75,813273.0
2026-06-23 11:15:00,283.75,283.9,283.5,283.6,739658.0
2026-06-23 11:20:00,283.65,283.7,282.6,282.85,504387.0
2026-06-23 11:25:00,282.85,283.2,282.65,283.15,307553.0
2026-06-23 11:30:00,283.1,283.25,282.55,282.75,363361.0
2026-06-23 11:35:00,282.7,283.5,282.6,283.5,427268.0
2026-06-23 11:40:00,283.5,283.55,282.9,282.95,338923.0
2026-06-23 11:45:00,282.95,282.95,281.35,281.6,918619.0
2026-06-23 11:50:00,281.5,282.15,281.2,281.6,586678.0
2026-06-23 11:55:00,281.7,281.8,281.25,281.55,361913.0
2026-06-23 12:00:00,281.55,282.45,281.4,282.05,796043.0
2026-06-23 12:05:00,282.0,282.3,281.7,282.3,295919.0
2026-06-23 12:10:00,282.3,282.3,281.75,282.1,304929.0
2026-06-23 12:15:00,282.1,282.8,281.85,282.55,377480.0
2026-06-23 12:20:00,282.6,282.65,282.05,282.3,240288.0
2026-06-23 12:25:00,282.25,282.65,282.0,282.3,470685.0
2026-06-23 12:30:00,282.35,282.75,282.1,282.35,257407.0
2026-06-23 12:35:00,282.35,282.9,282.05,282.65,198770.0
2026-06-23 12:40:00,282.7,282.8,282.05,282.25,359150.0
2026-06-23 12:45:00,282.25,282.3,281.1,281.15,890535.0
2026-06-23 12:50:00,281.15,281.5,280.75,280.8,1343780.0
2026-06-23 12:55:00,280.8,281.35,280.45,281.25,544017.0
2026-06-23 13:00:00,281.25,281.4,280.85,281.0,311408.0
2026-06-23 13:05:00,281.0,281.9,281.0,281.75,305229.0
2026-06-23 13:10:00,281.75,281.85,281.25,281.3,200819.0
2026-06-23 13:15:00,281.3,281.35,280.4,280.45,496678.0
2026-06-23 13:20:00,280.5,281.1,280.25,281.1,370981.0
2026-06-23 13:25:00,281.05,281.2,280.9,281.15,180928.0
2026-06-23 13:30:00,281.15,281.25,280.2,280.45,644664.0
2026-06-23 13:35:00,280.35,280.75,280.0,280.7,477933.0
2026-06-23 13:40:00,280.7,281.5,280.6,281.4,328085.0
2026-06-23 13:45:00,281.4,281.7,281.3,281.65,231671.0
2026-06-23 13:50:00,281.7,281.7,280.15,280.4,621548.0
2026-06-23 13:55:00,280.55,281.05,280.3,280.45,534158.0
2026-06-23 14:00:00,280.45,280.65,279.5,280.3,1906395.0
2026-06-23 14:05:00,280.3,280.75,279.6,279.65,669616.0
2026-06-23 14:10:00,279.7,280.35,279.5,280.35,547753.0
2026-06-23 14:15:00,280.35,280.5,279.85,279.95,406018.0
2026-06-23 14:20:00,279.95,280.7,279.85,280.7,456100.0
2026-06-23 14:25:00,280.75,280.9,280.55,280.7,413418.0
2026-06-23 14:30:00,280.7,281.2,280.7,281.15,238920.0
2026-06-23 14:35:00,281.2,281.3,280.75,281.1,421747.0
2026-06-23 14:40:00,281.15,281.7,280.85,281.7,430158.0
2026-06-23 14:45:00,281.65,282.35,281.6,282.3,960213.0
2026-06-23 14:50:00,282.4,283.15,282.15,283.0,2094945.0
2026-06-23 14:55:00,283.0,283.85,282.65,283.6,1751982.0
2026-06-23 15:00:00,283.6,283.75,281.7,282.0,1610682.0
2026-06-23 15:05:00,282.15,282.75,281.85,282.05,787171.0
2026-06-23 15:10:00,282.0,282.2,281.8,281.95,926765.0
2026-06-23 15:15:00,281.95,282.0,280.0,280.85,2837411.0
2026-06-23 15:20:00,280.8,281.75,280.8,281.5,1231917.0
2026-06-23 15:25:00,281.55,282.15,280.85,282.15,1416496.0
2026-06-24 09:15:00,280.95,283.95,278.7,282.7,2057431.0
2026-06-24 09:20:00,282.7,283.9,281.75,283.85,796506.0
2026-06-24 09:25:00,283.8,284.35,282.7,283.8,832376.0
2026-06-24 09:30:00,283.95,284.35,282.75,282.9,680444.0
2026-06-24 09:35:00,282.8,283.25,282.2,282.8,480968.0
2026-06-24 09:40:00,282.85,283.0,281.75,281.75,357282.0
2026-06-24 09:45:00,281.85,282.0,279.3,280.4,845211.0
2026-06-24 09:50:00,280.3,280.95,280.05,280.8,291828.0
2026-06-24 09:55:00,280.8,282.1,280.05,281.3,461505.0
2026-06-24 10:00:00,281.4,282.3,281.35,281.9,221331.0
2026-06-24 10:05:00,281.9,281.9,280.3,280.75,295680.0
2026-06-24 10:10:00,280.75,280.75,278.15,279.2,1265358.0
2026-06-24 10:15:00,279.2,279.9,278.65,278.7,434936.0
2026-06-24 10:20:00,278.6,280.55,278.6,280.4,286044.0
2026-06-24 10:25:00,280.3,280.45,279.6,279.6,221609.0
2026-06-24 10:30:00,279.65,280.3,279.25,280.2,241169.0
2026-06-24 10:35:00,280.15,280.2,279.65,280.05,124865.0
2026-06-24 10:40:00,280.05,280.95,279.95,280.8,191241.0
2026-06-24 10:45:00,280.8,281.5,280.7,281.0,279777.0
2026-06-24 10:50:00,281.0,281.1,280.4,280.8,170668.0
2026-06-24 10:55:00,280.8,280.85,280.05,280.15,108557.0
2026-06-24 11:00:00,280.25,281.0,280.1,280.75,81384.0
2026-06-24 11:05:00,280.75,280.9,280.35,280.65,77055.0
2026-06-24 11:10:00,280.65,281.15,280.5,280.9,171385.0
2026-06-24 11:15:00,280.8,281.25,280.75,281.0,172303.0
2026-06-24 11:20:00,281.0,281.15,280.6,281.0,193632.0
2026-06-24 11:25:00,281.1,281.45,281.0,281.35,85682.0
2026-06-24 11:30:00,281.45,281.45,280.7,281.25,139298.0
2026-06-24 11:35:00,281.1,281.45,281.05,281.25,116377.0
2026-06-24 11:40:00,281.35,281.45,281.0,281.15,92367.0
2026-06-24 11:45:00,281.2,283.1,281.05,282.6,538296.0
2026-06-24 11:50:00,282.55,282.7,282.0,282.05,157733.0
2026-06-24 11:55:00,282.1,282.4,282.0,282.1,112685.0
2026-06-24 12:00:00,282.1,282.8,282.05,282.75,175939.0
2026-06-24 12:05:00,282.75,282.85,282.25,282.35,141789.0
2026-06-24 12:10:00,282.2,282.3,282.0,282.05,126541.0
2026-06-24 12:15:00,282.05,282.3,281.7,282.15,140697.0
2026-06-24 12:20:00,282.15,282.25,281.8,282.1,71902.0
2026-06-24 12:25:00,282.1,282.1,281.75,281.75,72055.0
2026-06-24 12:30:00,281.8,281.8,281.0,281.25,176853.0
2026-06-24 12:35:00,281.3,281.7,281.0,281.6,178664.0
2026-06-24 12:40:00,281.55,282.25,281.55,282.2,100059.0
2026-06-24 12:45:00,282.2,282.45,282.0,282.2,159167.0
2026-06-24 12:50:00,282.2,282.6,282.1,282.3,248038.0
2026-06-24 12:55:00,282.3,282.5,282.0,282.4,108902.0
2026-06-24 13:00:00,282.35,282.5,281.9,281.9,94146.0
2026-06-24 13:05:00,281.95,282.1,281.8,282.05,97785.0
2026-06-24 13:10:00,282.1,282.35,282.0,282.35,49305.0
2026-06-24 13:15:00,282.3,282.55,282.2,282.35,212058.0
2026-06-24 13:20:00,282.5,282.9,282.15,282.25,140087.0
2026-06-24 13:25:00,282.25,282.35,282.1,282.1,52387.0
2026-06-24 13:30:00,282.2,282.7,282.1,282.45,99283.0
2026-06-24 13:35:00,282.45,282.8,281.9,282.05,292472.0
2026-06-24 13:40:00,282.1,282.25,281.9,281.95,98074.0
2026-06-24 13:45:00,281.95,282.2,281.9,282.15,80435.0
2026-06-24 13:50:00,282.15,282.15,281.9,282.0,75817.0
2026-06-24 13:55:00,282.05,282.15,281.45,281.9,169704.0
2026-06-24 14:00:00,282.0,282.0,281.55,281.7,105677.0
2026-06-24 14:05:00,281.75,281.9,281.5,281.75,63438.0
2026-06-24 14:10:00,281.65,281.95,281.65,281.85,97635.0
2026-06-24 14:15:00,281.8,282.15,281.6,281.9,103190.0
2026-06-24 14:20:00,281.95,282.1,281.2,281.4,207836.0
2026-06-24 14:25:00,281.4,281.7,281.0,281.1,158861.0
2026-06-24 14:30:00,281.1,281.65,281.1,281.5,146116.0
2026-06-24 14:35:00,281.5,281.65,281.1,281.3,94824.0
2026-06-24 14:40:00,281.4,281.8,281.3,281.7,77683.0
2026-06-24 14:45:00,281.7,281.7,281.1,281.4,116525.0
2026-06-24 14:50:00,281.4,281.6,281.25,281.25,69950.0
2026-06-24 14:55:00,281.25,281.5,281.2,281.4,105084.0
2026-06-24 15:00:00,281.35,282.7,281.25,282.65,754080.0
2026-06-24 15:05:00,282.6,283.2,282.6,282.85,499944.0
2026-06-24 15:10:00,282.85,283.0,282.6,282.7,604036.0
2026-06-24 15:15:00,282.75,282.9,282.25,282.5,624478.0
2026-06-24 15:20:00,282.5,282.6,282.15,282.35,581651.0
2026-06-24 15:25:00,282.4,282.65,282.15,282.5,532473.0
2026-06-25 09:15:00,279.0,279.0,273.05,273.25,3318984.0
2026-06-25 09:20:00,273.2,274.85,272.2,274.85,2512681.0
2026-06-25 09:25:00,274.85,275.8,274.8,274.95,1330661.0
2026-06-25 09:30:00,274.95,275.2,273.95,275.0,922616.0
2026-06-25 09:35:00,275.0,275.65,274.9,275.35,576039.0
2026-06-25 09:40:00,275.25,275.45,273.55,273.55,876826.0
2026-06-25 09:45:00,273.65,275.1,273.1,275.05,845562.0
2026-06-25 09:50:00,275.05,275.05,274.3,274.6,443781.0
2026-06-25 09:55:00,274.5,274.6,273.8,273.8,417358.0
2026-06-25 10:00:00,273.9,274.3,273.15,273.35,527785.0
2026-06-25 10:05:00,273.35,274.5,273.3,274.5,497974.0
2026-06-25 10:10:00,274.55,274.55,273.85,274.2,380633.0
2026-06-25 10:15:00,274.2,274.75,273.95,274.1,475106.0
2026-06-25 10:20:00,274.1,274.15,272.5,273.45,1273671.0
2026-06-25 10:25:00,273.45,273.45,272.9,273.25,301453.0
2026-06-25 10:30:00,273.3,273.75,273.25,273.55,251956.0
2026-06-25 10:35:00,273.55,274.15,273.55,274.05,352766.0
2026-06-25 10:40:00,274.05,274.1,273.75,273.9,225460.0
2026-06-25 10:45:00,273.9,274.95,273.85,274.3,566516.0
2026-06-25 10:50:00,274.4,274.5,273.9,274.45,370305.0
2026-06-25 10:55:00,274.45,274.65,273.95,274.35,536573.0
2026-06-25 11:00:00,274.45,275.0,274.1,274.7,274171.0
2026-06-25 11:05:00,274.7,275.0,274.6,275.0,464897.0
2026-06-25 11:10:00,275.0,276.25,274.95,275.8,789434.0
2026-06-25 11:15:00,275.8,275.8,275.05,275.1,380261.0
2026-06-25 11:20:00,275.1,275.65,275.1,275.45,328190.0
2026-06-25 11:25:00,275.35,275.65,275.25,275.3,208695.0
2026-06-25 11:30:00,275.3,275.35,274.85,275.15,288211.0
2026-06-25 11:35:00,275.15,275.15,274.3,274.9,300103.0
2026-06-25 11:40:00,274.9,274.9,274.55,274.6,252939.0
2026-06-25 11:45:00,274.75,275.05,274.45,275.05,243030.0
2026-06-25 11:50:00,275.0,275.05,274.7,274.8,145778.0
2026-06-25 11:55:00,274.9,275.7,274.8,275.45,268042.0
2026-06-25 12:00:00,275.45,275.7,275.25,275.25,179377.0
2026-06-25 12:05:00,275.2,275.45,274.75,275.0,299980.0
2026-06-25 12:10:00,275.0,275.15,274.85,275.0,226750.0
2026-06-25 12:15:00,275.0,275.0,274.55,274.8,395712.0
2026-06-25 12:20:00,274.8,274.85,274.4,274.8,322672.0
2026-06-25 12:25:00,274.7,274.85,273.3,273.5,641111.0
2026-06-25 12:30:00,273.6,273.75,273.1,273.6,594809.0
2026-06-25 12:35:00,273.5,273.6,272.75,272.95,885149.0
2026-06-25 12:40:00,272.95,272.95,271.4,272.7,1306346.0
2026-06-25 12:45:00,272.65,272.8,272.4,272.75,272829.0
2026-06-25 12:50:00,272.7,273.05,272.5,272.95,400609.0
2026-06-25 12:55:00,272.9,273.1,272.55,273.0,379727.0
2026-06-25 13:00:00,273.1,273.7,272.8,273.55,362438.0
2026-06-25 13:05:00,273.5,273.95,273.4,273.65,320494.0
2026-06-25 13:10:00,273.65,273.95,273.55,273.9,256098.0
2026-06-25 13:15:00,273.9,274.65,273.55,274.65,433269.0
2026-06-25 13:20:00,274.65,275.5,274.65,275.2,543873.0
2026-06-25 13:25:00,275.25,275.25,274.3,274.45,318622.0
2026-06-25 13:30:00,274.5,274.95,274.45,274.9,222081.0
2026-06-25 13:35:00,274.95,275.25,274.8,275.05,280403.0
2026-06-25 13:40:00,275.0,275.2,274.65,274.85,235882.0
2026-06-25 13:45:00,274.9,275.2,274.75,274.9,251755.0
2026-06-25 13:50:00,274.95,275.2,274.8,274.95,214449.0
2026-06-25 13:55:00,274.9,274.9,273.85,273.85,707174.0
2026-06-25 14:00:00,273.8,274.1,273.5,274.0,364906.0
2026-06-25 14:05:00,273.95,274.1,273.85,273.9,168392.0
2026-06-25 14:10:00,273.8,274.0,273.45,273.9,290495.0
2026-06-25 14:15:00,273.9,274.0,273.5,273.55,175401.0
2026-06-25 14:20:00,273.55,273.75,273.3,273.45,228948.0
2026-06-25 14:25:00,273.4,273.85,273.15,273.85,224710.0
2026-06-25 14:30:00,273.75,273.95,273.55,273.95,191025.0
2026-06-25 14:35:00,273.95,273.95,273.8,273.95,154226.0
2026-06-25 14:40:00,273.9,274.2,273.75,274.15,246321.0
2026-06-25 14:45:00,274.15,274.7,273.95,274.45,403384.0
2026-06-25 14:50:00,274.45,274.45,274.0,274.15,446995.0
2026-06-25 14:55:00,274.15,274.15,273.6,273.8,332317.0
2026-06-25 15:00:00,273.8,274.2,273.35,273.65,590448.0
2026-06-25 15:05:00,273.65,274.05,273.6,273.9,589956.0
2026-06-25 15:10:00,274.0,274.0,273.3,273.4,706234.0
2026-06-25 15:15:00,273.35,273.4,273.05,273.1,865586.0
2026-06-25 15:20:00,273.2,273.3,273.0,273.15,958011.0
2026-06-25 15:25:00,273.15,273.6,272.9,273.4,866828.0
2026-06-29 09:15:00,270.5,273.4,270.5,273.3,1888841.0
2026-06-29 09:20:00,273.45,274.45,273.0,273.45,1356609.0
2026-06-29 09:25:00,273.45,274.4,273.4,274.0,707200.0
2026-06-29 09:30:00,273.95,273.95,272.0,272.4,767525.0
2026-06-29 09:35:00,272.3,274.7,271.5,274.55,801241.0
2026-06-29 09:40:00,274.7,275.0,273.6,274.0,634844.0
2026-06-29 09:45:00,274.05,275.4,273.85,274.5,600062.0
2026-06-29 09:50:00,274.5,275.7,273.9,275.65,717037.0
2026-06-29 09:55:00,275.5,277.1,275.05,275.35,1109548.0
2026-06-29 10:00:00,275.5,276.0,275.45,275.55,383882.0
2026-06-29 10:05:00,275.7,276.05,275.4,276.0,487879.0
2026-06-29 10:10:00,276.0,276.0,275.4,275.8,289074.0
2026-06-29 10:15:00,275.8,276.5,275.6,276.4,529912.0
2026-06-29 10:20:00,276.45,276.45,275.25,276.05,542288.0
2026-06-29 10:25:00,276.05,276.2,275.6,275.95,430888.0
2026-06-29 10:30:00,275.7,275.9,275.35,275.65,317758.0
2026-06-29 10:35:00,275.65,276.1,275.55,276.05,343441.0
2026-06-29 10:40:00,276.0,276.15,275.2,275.75,501940.0
2026-06-29 10:45:00,275.75,275.85,274.4,275.4,493417.0
2026-06-29 10:50:00,275.4,275.5,275.1,275.3,208422.0
2026-06-29 10:55:00,275.25,275.5,275.1,275.45,142549.0
2026-06-29 11:00:00,275.45,275.95,274.65,275.9,341441.0
2026-06-29 11:05:00,275.9,276.25,275.65,276.25,340902.0
2026-06-29 11:10:00,276.15,276.3,275.65,275.95,178682.0
2026-06-29 11:15:00,275.9,276.2,275.5,275.8,244343.0
2026-06-29 11:20:00,275.8,276.05,275.25,275.35,143616.0
2026-06-29 11:25:00,275.1,275.7,274.9,275.15,218021.0
2026-06-29 11:30:00,275.3,275.5,274.1,274.35,266248.0
2026-06-29 11:35:00,274.45,274.95,274.2,274.8,175656.0
2026-06-29 11:40:00,274.75,275.25,274.7,275.0,157149.0
2026-06-29 11:45:00,275.05,275.45,274.85,275.35,168526.0
2026-06-29 11:50:00,275.35,276.0,275.2,275.8,208565.0
2026-06-29 11:55:00,275.75,275.9,275.6,275.75,163219.0
2026-06-29 12:00:00,275.8,275.95,275.65,275.9,196988.0
2026-06-29 12:05:00,275.95,276.0,275.6,275.85,172209.0
2026-06-29 12:10:00,275.8,275.9,275.5,275.6,195411.0
2026-06-29 12:15:00,275.65,275.85,275.6,275.7,150848.0
2026-06-29 12:20:00,275.7,275.9,274.8,275.8,303680.0
2026-06-29 12:25:00,275.85,276.0,275.6,275.8,175048.0
2026-06-29 12:30:00,275.75,275.85,275.25,275.7,171092.0
2026-06-29 12:35:00,275.75,276.0,275.65,275.9,248555.0
2026-06-29 12:40:00,275.9,275.95,275.65,275.95,155138.0
2026-06-29 12:45:00,275.9,276.25,275.75,275.75,258931.0
2026-06-29 12:50:00,275.75,275.8,275.45,275.65,175775.0
2026-06-29 12:55:00,275.6,276.25,275.5,276.15,145685.0
2026-06-29 13:00:00,276.15,276.4,275.9,276.3,213856.0
2026-06-29 13:05:00,276.35,276.95,276.25,276.8,192605.0
2026-06-29 13:10:00,276.95,278.2,276.7,277.5,498053.0
2026-06-29 13:15:00,277.55,277.75,276.6,276.8,217969.0
2026-06-29 13:20:00,276.8,276.95,276.5,276.65,137122.0
2026-06-29 13:25:00,276.7,276.85,276.5,276.7,117133.0
2026-06-29 13:30:00,276.7,277.8,276.6,277.8,206652.0
2026-06-29 13:35:00,277.85,278.5,277.65,278.4,390698.0
2026-06-29 13:40:00,278.35,278.5,277.6,278.1,322736.0
2026-06-29 13:45:00,278.1,278.25,277.9,278.05,279634.0
2026-06-29 13:50:00,278.2,278.2,277.4,277.75,291029.0
2026-06-29 13:55:00,277.75,277.75,277.2,277.4,256299.0
2026-06-29 14:00:00,277.3,277.8,277.25,277.8,235607.0
2026-06-29 14:05:00,277.85,278.7,277.65,278.6,484069.0
2026-06-29 14:10:00,278.55,279.05,278.4,279.0,379402.0
2026-06-29 14:15:00,278.95,279.0,278.55,278.75,313658.0
2026-06-29 14:20:00,278.75,279.0,278.65,278.85,361020.0
2026-06-29 14:25:00,278.9,279.7,278.75,279.45,532770.0
2026-06-29 14:30:00,279.5,279.55,279.0,279.3,271338.0
2026-06-29 14:35:00,279.3,279.5,278.25,278.9,565563.0
2026-06-29 14:40:00,278.75,279.15,278.55,278.55,359383.0
2026-06-29 14:45:00,278.55,278.7,277.7,278.2,324061.0
2026-06-29 14:50:00,278.05,278.4,278.0,278.25,265614.0
2026-06-29 14:55:00,278.15,278.65,277.6,277.65,354776.0
2026-06-29 15:00:00,277.9,283.45,277.9,283.1,6009293.0
2026-06-29 15:05:00,283.25,284.7,283.2,284.25,5226336.0
2026-06-29 15:10:00,284.25,285.5,284.0,284.95,5785439.0
2026-06-29 15:15:00,285.0,286.0,284.25,285.75,5653851.0
2026-06-29 15:20:00,285.7,287.4,285.25,286.3,5575453.0
2026-06-29 15:25:00,286.3,287.1,284.25,285.0,3379874.0
2026-06-30 09:15:00,283.9,283.9,279.35,279.85,1397492.0
2026-06-30 09:20:00,279.85,280.85,279.55,280.4,727053.0
2026-06-30 09:25:00,280.4,281.9,280.35,281.1,538032.0
2026-06-30 09:30:00,281.05,281.3,280.3,280.5,199211.0
2026-06-30 09:35:00,280.5,280.8,279.65,280.35,272317.0
2026-06-30 09:40:00,280.35,280.35,279.65,280.0,187145.0
2026-06-30 09:45:00,280.0,280.5,279.8,280.05,169680.0
2026-06-30 09:50:00,280.05,281.25,279.9,280.95,218019.0
2026-06-30 09:55:00,280.95,281.0,280.5,280.6,143470.0
2026-06-30 10:00:00,280.55,280.75,280.25,280.75,124647.0
2026-06-30 10:05:00,280.85,281.0,280.2,280.35,131233.0
2026-06-30 10:10:00,280.35,280.9,280.2,280.8,97342.0
2026-06-30 10:15:00,280.8,280.8,279.65,279.75,276642.0
2026-06-30 10:20:00,279.75,279.9,279.1,279.3,255981.0
2026-06-30 10:25:00,279.4,279.95,279.05,279.8,166927.0
2026-06-30 10:30:00,279.8,280.0,279.55,280.0,86467.0
2026-06-30 10:35:00,279.85,280.0,279.45,279.5,94321.0
2026-06-30 10:40:00,279.5,279.75,279.1,279.4,68615.0
2026-06-30 10:45:00,279.4,279.75,279.3,279.75,114085.0
2026-06-30 10:50:00,279.75,279.85,279.5,279.65,64729.0
2026-06-30 10:55:00,279.7,279.8,279.3,279.35,174233.0
2026-06-30 11:00:00,279.35,280.05,279.25,279.3,120970.0
2026-06-30 11:05:00,279.3,279.5,279.15,279.45,91165.0
2026-06-30 11:10:00,279.45,280.0,279.4,279.7,94434.0
2026-06-30 11:15:00,279.7,279.95,279.5,279.75,63349.0
2026-06-30 11:20:00,279.7,280.2,279.55,280.0,125383.0
2026-06-30 11:25:00,280.05,280.15,279.6,279.6,103231.0
2026-06-30 11:30:00,279.6,279.7,279.1,279.3,219022.0
2026-06-30 11:35:00,279.2,279.3,278.3,278.75,310162.0
2026-06-30 11:40:00,278.75,278.75,278.05,278.65,148814.0
2026-06-30 11:45:00,278.55,278.9,278.45,278.85,119394.0
2026-06-30 11:50:00,278.85,278.9,278.65,278.9,97591.0
2026-06-30 11:55:00,278.9,279.8,278.7,279.7,134038.0
2026-06-30 12:00:00,279.75,279.75,279.15,279.6,151834.0
2026-06-30 12:05:00,279.65,281.3,279.65,280.65,527756.0
2026-06-30 12:10:00,280.6,281.1,280.4,280.5,233533.0
2026-06-30 12:15:00,280.65,280.75,280.1,280.25,163920.0
2026-06-30 12:20:00,280.15,280.55,280.15,280.5,161818.0
2026-06-30 12:25:00,280.5,280.65,280.15,280.65,93338.0
2026-06-30 12:30:00,280.65,280.65,279.7,279.8,106571.0
2026-06-30 12:35:00,279.9,280.45,279.75,280.25,173484.0
2026-06-30 12:40:00,280.15,280.45,280.05,280.15,69858.0
2026-06-30 12:45:00,280.15,280.2,279.85,280.2,106006.0
2026-06-30 12:50:00,280.25,280.55,280.05,280.55,89003.0
2026-06-30 12:55:00,280.5,281.0,280.05,280.35,173354.0
2026-06-30 13:00:00,280.35,280.6,279.75,280.15,80242.0
2026-06-30 13:05:00,280.1,280.4,280.0,280.4,62578.0
2026-06-30 13:10:00,280.3,280.35,280.05,280.35,41872.0
2026-06-30 13:15:00,280.4,281.35,280.3,281.2,253956.0
2026-06-30 13:20:00,281.1,281.1,280.7,280.8,90538.0
2026-06-30 13:25:00,280.8,281.6,280.7,281.6,180097.0
2026-06-30 13:30:00,281.6,281.6,281.15,281.45,217791.0
2026-06-30 13:35:00,281.5,281.5,280.8,280.9,182421.0
2026-06-30 13:40:00,280.9,281.45,280.85,281.4,84156.0
2026-06-30 13:45:00,281.4,281.45,280.95,281.0,92453.0
2026-06-30 13:50:00,280.9,281.2,280.5,280.6,77659.0
2026-06-30 13:55:00,280.65,280.95,280.55,280.85,97311.0
2026-06-30 14:00:00,280.85,281.1,280.45,280.55,130182.0
2026-06-30 14:05:00,280.65,280.75,280.4,280.7,95929.0
2026-06-30 14:10:00,280.7,280.9,280.5,280.7,100090.0
2026-06-30 14:15:00,280.7,280.7,280.45,280.5,72064.0
2026-06-30 14:20:00,280.55,281.05,280.35,281.05,112226.0
2026-06-30 14:25:00,281.05,281.6,280.75,281.05,201345.0
2026-06-30 14:30:00,281.0,281.2,280.7,281.1,93808.0
2026-06-30 14:35:00,281.1,281.1,280.55,280.75,103240.0
2026-06-30 14:40:00,280.85,281.5,280.75,281.45,212151.0
2026-06-30 14:45:00,281.45,281.75,281.1,281.7,194700.0
2026-06-30 14:50:00,281.7,282.05,281.5,282.05,255924.0
2026-06-30 14:55:00,282.1,282.2,281.55,282.05,241906.0
2026-06-30 15:00:00,281.8,281.85,280.15,280.35,767591.0
2026-06-30 15:05:00,280.4,281.5,280.05,281.2,686518.0
2026-06-30 15:10:00,281.15,281.45,281.05,281.25,666592.0
2026-06-30 15:15:00,281.25,281.25,280.45,280.6,768802.0
2026-06-30 15:20:00,280.7,280.75,280.35,280.55,879541.0
2026-06-30 15:25:00,280.55,281.15,280.25,281.0,679114.0
2026-07-01 09:15:00,280.75,281.0,277.55,278.9,1020547.0
2026-07-01 09:20:00,278.85,279.3,278.0,278.25,408666.0
2026-07-01 09:25:00,278.25,278.9,277.75,278.75,442106.0
2026-07-01 09:30:00,278.75,279.2,278.15,278.55,270655.0
2026-07-01 09:35:00,278.7,278.9,278.55,278.7,158898.0
2026-07-01 09:40:00,278.7,279.2,278.6,278.7,227381.0
2026-07-01 09:45:00,278.7,278.95,278.5,278.7,104567.0
2026-07-01 09:50:00,278.75,278.95,278.5,278.85,101760.0
2026-07-01 09:55:00,278.85,279.1,278.5,278.8,145450.0
2026-07-01 10:00:00,278.8,279.0,278.25,278.3,134002.0
2026-07-01 10:05:00,278.25,278.8,278.15,278.55,149196.0
2026-07-01 10:10:00,278.5,278.6,278.2,278.55,127417.0
2026-07-01 10:15:00,278.5,279.35,278.5,279.35,145169.0
2026-07-01 10:20:00,279.35,279.45,278.6,278.7,228310.0
2026-07-01 10:25:00,278.7,278.9,278.6,278.8,81624.0
2026-07-01 10:30:00,278.8,278.95,278.6,278.7,74295.0
2026-07-01 10:35:00,278.7,278.7,278.25,278.5,89841.0
2026-07-01 10:40:00,278.5,278.6,277.75,277.85,274810.0
2026-07-01 10:45:00,277.8,278.75,277.8,278.6,110754.0
2026-07-01 10:50:00,278.6,278.7,278.45,278.6,59160.0
2026-07-01 10:55:00,278.55,278.7,278.45,278.55,48997.0
2026-07-01 11:00:00,278.55,278.6,278.05,278.15,86759.0
2026-07-01 11:05:00,278.15,278.55,278.1,278.3,105302.0
2026-07-01 11:10:00,278.3,278.45,278.2,278.2,80102.0
2026-07-01 11:15:00,278.3,278.75,278.1,278.75,129553.0
2026-07-01 11:20:00,278.75,279.0,278.55,278.7,172489.0
2026-07-01 11:25:00,278.7,278.9,278.5,278.9,76877.0
2026-07-01 11:30:00,278.8,279.0,278.8,278.85,95975.0
2026-07-01 11:35:00,278.9,279.0,278.8,279.0,91736.0
2026-07-01 11:40:00,279.0,280.35,278.95,280.15,478303.0
2026-07-01 11:45:00,280.15,280.2,279.35,279.45,400042.0
2026-07-01 11:50:00,279.55,279.6,279.0,279.1,125267.0
2026-07-01 11:55:00,279.1,279.1,278.65,278.75,106689.0
2026-07-01 12:00:00,278.75,278.85,278.25,278.65,125633.0
2026-07-01 12:05:00,278.65,278.8,278.55,278.7,49614.0
2026-07-01 12:10:00,278.7,279.05,278.65,278.85,90968.0
2026-07-01 12:15:00,278.85,279.2,278.5,278.5,143263.0
2026-07-01 12:20:00,278.55,278.7,276.4,276.7,809643.0
2026-07-01 12:25:00,276.7,276.95,275.75,275.8,317708.0
2026-07-01 12:30:00,275.8,276.75,275.8,276.65,135077.0
2026-07-01 12:35:00,276.7,276.8,276.5,276.7,93261.0
2026-07-01 12:40:00,276.75,276.75,275.85,276.5,264259.0
2026-07-01 12:45:00,276.5,276.6,276.2,276.5,107018.0
2026-07-01 12:50:00,276.55,276.95,276.5,276.65,103474.0
2026-07-01 12:55:00,276.7,277.0,276.6,276.95,48113.0
2026-07-01 13:00:00,276.9,277.0,276.65,277.0,87773.0
2026-07-01 13:05:00,277.0,277.0,276.7,276.8,61406.0
2026-07-01 13:10:00,276.8,277.0,276.55,276.55,157791.0
2026-07-01 13:15:00,276.55,276.9,276.55,276.7,64642.0
2026-07-01 13:20:00,276.65,277.0,276.5,276.9,59909.0
2026-07-01 13:25:00,276.9,277.0,276.55,276.65,62215.0
2026-07-01 13:30:00,276.65,276.7,276.55,276.7,50452.0
2026-07-01 13:35:00,276.65,277.0,276.6,276.85,85548.0
2026-07-01 13:40:00,276.9,277.2,276.75,276.8,116113.0
2026-07-01 13:45:00,276.8,277.05,276.55,276.7,113529.0
2026-07-01 13:50:00,276.75,276.8,276.5,276.6,60562.0
2026-07-01 13:55:00,276.5,276.55,276.15,276.2,230600.0
2026-07-01 14:00:00,276.2,276.65,276.1,276.3,133526.0
2026-07-01 14:05:00,276.3,276.75,276.3,276.55,49624.0
2026-07-01 14:10:00,276.55,276.65,276.3,276.4,73830.0
2026-07-01 14:15:00,276.35,276.5,276.1,276.1,70921.0
2026-07-01 14:20:00,276.15,276.25,276.05,276.2,91436.0
2026-07-01 14:25:00,276.1,276.45,276.05,276.45,53419.0
2026-07-01 14:30:00,276.35,276.5,276.05,276.2,84838.0
2026-07-01 14:35:00,276.2,276.25,275.1,275.15,299427.0
2026-07-01 14:40:00,275.15,275.25,274.65,275.1,517424.0
2026-07-01 14:45:00,275.15,275.45,275.0,275.0,175243.0
2026-07-01 14:50:00,275.1,275.2,274.8,275.0,225208.0
2026-07-01 14:55:00,275.0,275.65,274.85,275.4,301132.0
2026-07-01 15:00:00,275.35,275.85,275.0,275.7,437697.0
2026-07-01 15:05:00,275.7,276.4,275.6,275.8,645682.0
2026-07-01 15:10:00,275.75,275.9,275.6,275.75,435919.0
2026-07-01 15:15:00,275.75,275.85,275.4,275.5,620482.0
2026-07-01 15:20:00,275.5,275.65,275.15,275.55,724776.0
2026-07-01 15:25:00,275.5,275.55,275.05,275.25,663754.0
2026-07-02 09:15:00,277.0,279.75,277.0,279.1,836718.0
2026-07-02 09:20:00,279.1,279.45,278.6,278.9,478830.0
2026-07-02 09:25:00,278.8,279.45,278.25,278.5,327813.0
2026-07-02 09:30:00,278.45,278.5,277.05,277.2,461085.0
2026-07-02 09:35:00,277.15,277.9,276.85,277.65,265734.0
2026-07-02 09:40:00,277.7,277.9,277.0,277.35,188873.0
2026-07-02 09:45:00,277.35,277.8,277.2,277.35,191871.0
2026-07-02 09:50:00,277.35,278.0,277.3,278.0,170673.0
2026-07-02 09:55:00,278.0,278.3,277.8,278.0,181271.0
2026-07-02 10:00:00,278.0,278.3,277.95,278.15,115269.0
2026-07-02 10:05:00,278.15,278.7,277.75,278.4,228929.0
2026-07-02 10:10:00,278.45,279.25,278.15,278.85,292928.0
2026-07-02 10:15:00,278.9,279.15,278.3,278.35,178852.0
2026-07-02 10:20:00,278.35,278.4,278.05,278.25,121063.0
2026-07-02 10:25:00,278.25,278.35,278.1,278.15,72047.0
2026-07-02 10:30:00,278.15,278.15,277.4,277.45,136727.0
2026-07-02 10:35:00,277.45,277.75,277.25,277.7,128821.0
2026-07-02 10:40:00,277.65,277.7,277.45,277.65,80210.0
2026-07-02 10:45:00,277.65,277.75,277.5,277.55,58881.0
2026-07-02 10:50:00,277.45,277.45,277.0,277.3,263320.0
2026-07-02 10:55:00,277.3,277.9,277.25,277.45,188266.0
2026-07-02 11:00:00,277.45,277.65,277.15,277.2,71546.0
2026-07-02 11:05:00,277.25,277.9,277.2,277.45,104187.0
2026-07-02 11:10:00,277.45,277.5,276.65,277.1,171590.0
2026-07-02 11:15:00,277.05,277.45,276.85,277.1,72722.0
2026-07-02 11:20:00,277.1,277.7,276.9,277.65,108213.0
2026-07-02 11:25:00,277.7,277.85,277.2,277.25,64241.0
2026-07-02 11:30:00,277.25,277.3,277.1,277.1,55617.0
2026-07-02 11:35:00,277.15,277.3,277.1,277.2,60456.0
2026-07-02 11:40:00,277.2,277.25,276.55,276.7,126848.0
2026-07-02 11:45:00,276.85,277.35,276.85,277.2,88464.0
2026-07-02 11:50:00,277.15,277.45,277.05,277.3,63364.0
2026-07-02 11:55:00,277.35,277.6,277.25,277.45,51550.0
2026-07-02 12:00:00,277.5,277.55,277.25,277.45,61746.0
2026-07-02 12:05:00,277.45,278.4,277.4,278.05,144889.0
2026-07-02 12:10:00,278.1,278.1,277.4,277.75,82342.0
2026-07-02 12:15:00,277.8,278.05,277.65,277.75,55963.0
2026-07-02 12:20:00,277.75,277.75,277.4,277.4,38209.0
2026-07-02 12:25:00,277.4,277.9,277.35,277.75,58306.0
2026-07-02 12:30:00,277.75,277.75,277.35,277.4,49057.0
2026-07-02 12:35:00,277.45,277.55,277.1,277.35,62404.0
2026-07-02 12:40:00,277.35,277.35,277.0,277.05,47819.0
2026-07-02 12:45:00,277.05,277.05,276.2,276.5,232011.0
2026-07-02 12:50:00,276.45,276.5,276.0,276.25,152702.0
2026-07-02 12:55:00,276.25,276.25,275.8,276.1,170070.0
2026-07-02 13:00:00,276.1,276.45,275.9,276.4,69748.0
2026-07-02 13:05:00,276.4,276.85,276.4,276.7,75118.0
2026-07-02 13:10:00,276.65,277.0,276.5,276.95,71773.0
2026-07-02 13:15:00,276.85,277.0,276.55,276.6,47555.0
2026-07-02 13:20:00,276.6,276.9,276.5,276.85,36663.0
2026-07-02 13:25:00,276.8,276.9,276.5,276.6,58862.0
2026-07-02 13:30:00,276.6,276.7,276.5,276.65,33208.0
2026-07-02 13:35:00,276.6,276.65,276.3,276.45,54277.0
2026-07-02 13:40:00,276.45,276.5,276.25,276.45,44921.0
2026-07-02 13:45:00,276.4,276.4,275.7,276.25,165120.0
2026-07-02 13:50:00,276.3,276.3,276.05,276.25,59663.0
2026-07-02 13:55:00,276.3,276.35,276.15,276.35,49800.0
2026-07-02 14:00:00,276.35,276.65,276.3,276.6,68326.0
2026-07-02 14:05:00,276.6,276.8,276.5,276.6,51966.0
2026-07-02 14:10:00,276.55,276.6,276.35,276.4,45368.0
2026-07-02 14:15:00,276.35,276.55,276.15,276.45,95435.0
2026-07-02 14:20:00,276.45,276.55,276.25,276.35,55930.0
2026-07-02 14:25:00,276.3,276.35,275.9,275.9,168823.0
2026-07-02 14:30:00,275.9,276.0,275.7,275.95,97814.0
2026-07-02 14:35:00,275.95,277.1,275.9,276.85,200940.0
2026-07-02 14:40:00,276.85,277.1,276.5,276.55,143083.0
2026-07-02 14:45:00,276.55,276.65,276.35,276.5,72320.0
2026-07-02 14:50:00,276.45,276.5,276.4,276.5,76316.0
2026-07-02 14:55:00,276.5,276.75,276.45,276.45,170025.0
2026-07-02 15:00:00,276.45,276.65,276.3,276.5,215710.0
2026-07-02 15:05:00,276.55,276.9,276.5,276.65,271052.0
2026-07-02 15:10:00,276.7,276.7,276.15,276.35,240762.0
2026-07-02 15:15:00,276.3,276.35,275.8,275.9,391709.0
2026-07-02 15:20:00,275.9,275.95,275.35,275.5,397757.0
2026-07-02 15:25:00,275.65,276.0,275.25,276.0,394388.0
2026-07-03 09:15:00,279.0,282.5,278.8,281.8,1483405.0
2026-07-03 09:20:00,281.75,282.05,279.85,280.1,645286.0
2026-07-03 09:25:00,280.0,281.75,280.0,281.5,378607.0
2026-07-03 09:30:00,281.5,281.8,280.8,281.0,374909.0
2026-07-03 09:35:00,281.05,281.25,280.3,280.5,298730.0
2026-07-03 09:40:00,280.55,280.7,279.7,280.3,284662.0
2026-07-03 09:45:00,280.3,280.45,279.85,280.2,157829.0
2026-07-03 09:50:00,280.15,280.8,280.0,280.55,203636.0
2026-07-03 09:55:00,280.4,280.8,280.05,280.7,157684.0
2026-07-03 10:00:00,280.55,280.7,279.65,279.65,157756.0
2026-07-03 10:05:00,279.7,281.0,279.5,281.0,215879.0
2026-07-03 10:10:00,281.0,281.5,280.5,280.6,205908.0
2026-07-03 10:15:00,280.7,280.8,280.05,280.45,99293.0
2026-07-03 10:20:00,280.3,282.8,280.1,282.45,853881.0
2026-07-03 10:25:00,282.55,282.7,281.75,282.0,282777.0
2026-07-03 10:30:00,282.1,282.15,281.05,281.15,141850.0
2026-07-03 10:35:00,281.15,281.6,280.85,281.2,205703.0
2026-07-03 10:40:00,281.15,281.35,280.65,280.85,254514.0
2026-07-03 10:45:00,280.85,281.5,280.8,281.35,76927.0
2026-07-03 10:50:00,281.35,281.4,280.1,280.35,224586.0
2026-07-03 10:55:00,280.35,280.5,280.15,280.3,125840.0
2026-07-03 11:00:00,280.35,280.45,280.1,280.15,67689.0
2026-07-03 11:05:00,280.2,280.95,280.15,280.45,62948.0
2026-07-03 11:10:00,280.55,280.75,280.3,280.6,55040.0
2026-07-03 11:15:00,280.55,280.65,280.2,280.65,49832.0
2026-07-03 11:20:00,280.6,281.1,280.6,280.85,108583.0
2026-07-03 11:25:00,280.85,281.0,280.5,280.9,145116.0
2026-07-03 11:30:00,280.95,281.7,280.9,281.35,139054.0
2026-07-03 11:35:00,281.35,281.6,281.15,281.15,86007.0
2026-07-03 11:40:00,281.25,281.45,281.0,281.1,46798.0
2026-07-03 11:45:00,281.0,281.2,280.75,281.1,66048.0
2026-07-03 11:50:00,281.0,281.5,280.85,281.3,56959.0
2026-07-03 11:55:00,281.3,281.4,281.05,281.1,47277.0
2026-07-03 12:00:00,281.2,281.2,280.3,280.4,117686.0
2026-07-03 12:05:00,280.4,280.75,280.2,280.6,58306.0
2026-07-03 12:10:00,280.6,280.8,280.5,280.7,46004.0
2026-07-03 12:15:00,280.7,280.7,280.1,280.15,55321.0
2026-07-03 12:20:00,280.25,280.35,280.0,280.15,136991.0
2026-07-03 12:25:00,280.15,280.25,280.0,280.1,62810.0
2026-07-03 12:30:00,280.05,280.1,279.75,279.95,154852.0
2026-07-03 12:35:00,279.85,280.1,279.65,279.85,72249.0
2026-07-03 12:40:00,279.75,279.95,279.6,279.65,51555.0
2026-07-03 12:45:00,279.65,280.1,279.6,280.05,72396.0
2026-07-03 12:50:00,280.05,280.5,279.95,280.15,91737.0
2026-07-03 12:55:00,280.05,280.45,280.05,280.15,64595.0
2026-07-03 13:00:00,280.15,280.25,279.8,280.15,59685.0
2026-07-03 13:05:00,279.95,280.15,279.8,280.05,67483.0
2026-07-03 13:10:00,280.05,280.5,279.9,280.35,65242.0
2026-07-03 13:15:00,280.35,280.5,280.2,280.45,45256.0
2026-07-03 13:20:00,280.45,280.65,280.1,280.15,151970.0
2026-07-03 13:25:00,280.25,280.35,279.85,280.2,74849.0
2026-07-03 13:30:00,280.3,280.5,280.05,280.05,58139.0
2026-07-03 13:35:00,280.1,280.5,280.05,280.4,46485.0
2026-07-03 13:40:00,280.4,280.5,280.15,280.3,36860.0
2026-07-03 13:45:00,280.3,280.4,280.1,280.25,33544.0
2026-07-03 13:50:00,280.2,280.35,280.1,280.2,17232.0
2026-07-03 13:55:00,280.1,280.2,280.0,280.2,38847.0
2026-07-03 14:00:00,280.15,280.2,279.7,279.8,47091.0
2026-07-03 14:05:00,279.7,280.05,279.7,279.85,45855.0
2026-07-03 14:10:00,279.85,280.25,279.7,279.9,47321.0
2026-07-03 14:15:00,279.9,280.0,279.75,279.95,35169.0
2026-07-03 14:20:00,279.9,280.0,279.7,280.0,86519.0
2026-07-03 14:25:00,280.0,280.0,279.5,279.75,43543.0
2026-07-03 14:30:00,279.75,280.0,279.6,279.95,103547.0
2026-07-03 14:35:00,280.0,280.0,279.55,279.7,105672.0
2026-07-03 14:40:00,279.65,279.85,279.25,279.45,91672.0
2026-07-03 14:45:00,279.3,279.8,279.3,279.75,100992.0
2026-07-03 14:50:00,279.75,279.9,279.5,279.8,78659.0
2026-07-03 14:55:00,279.8,280.0,279.4,279.65,84578.0
2026-07-03 15:00:00,279.95,280.65,279.75,280.6,318906.0
2026-07-03 15:05:00,280.6,280.7,280.35,280.5,243954.0
2026-07-03 15:10:00,280.45,280.65,280.2,280.35,300005.0
2026-07-03 15:15:00,280.3,280.5,280.1,280.45,305112.0
2026-07-03 15:20:00,280.5,280.6,280.3,280.45,287458.0
2026-07-03 15:25:00,280.5,280.65,280.35,280.5,389485.0
2026-07-06 09:15:00,281.95,281.95,280.05,280.75,392225.0
2026-07-06 09:20:00,280.65,280.8,279.5,279.65,301761.0
2026-07-06 09:25:00,279.9,280.0,279.35,279.85,151755.0
2026-07-06 09:30:00,279.6,279.7,278.55,278.95,373100.0
2026-07-06 09:35:00,278.8,279.45,278.7,279.3,161225.0
2026-07-06 09:40:00,279.3,280.5,279.05,280.2,191436.0
2026-07-06 09:45:00,280.2,280.35,279.4,279.6,120590.0
2026-07-06 09:50:00,279.7,280.15,279.2,279.95,329698.0
2026-07-06 09:55:00,279.9,280.15,279.35,279.75,103819.0
2026-07-06 10:00:00,279.8,280.1,279.6,279.85,67395.0
2026-07-06 10:05:00,279.85,281.0,279.6,280.9,184684.0
2026-07-06 10:10:00,280.95,281.65,280.6,281.05,169622.0
2026-07-06 10:15:00,281.1,282.4,281.0,281.95,302942.0
2026-07-06 10:20:00,281.95,281.95,281.5,281.55,91157.0
2026-07-06 10:25:00,281.5,281.55,281.0,281.05,111782.0
2026-07-06 10:30:00,281.1,281.1,280.55,280.65,159188.0
2026-07-06 10:35:00,280.6,281.25,280.55,281.05,76191.0
2026-07-06 10:40:00,281.05,281.25,280.95,281.2,65534.0
2026-07-06 10:45:00,281.2,281.35,281.0,281.3,86286.0
2026-07-06 10:50:00,281.15,281.55,281.0,281.4,78751.0
2026-07-06 10:55:00,281.3,281.4,281.0,281.1,66455.0
2026-07-06 11:00:00,281.05,281.15,280.8,280.95,70898.0
2026-07-06 11:05:00,280.9,281.0,280.9,281.0,52752.0
2026-07-06 11:10:00,280.95,281.0,280.8,280.9,36015.0
2026-07-06 11:15:00,280.95,280.95,280.7,280.75,44454.0
2026-07-06 11:20:00,280.75,281.4,280.7,281.25,160702.0
2026-07-06 11:25:00,281.25,281.25,280.9,281.0,57743.0
2026-07-06 11:30:00,281.0,281.15,280.8,281.0,62059.0
2026-07-06 11:35:00,281.1,282.5,280.9,282.45,369527.0
2026-07-06 11:40:00,282.45,282.85,282.0,282.1,228859.0
2026-07-06 11:45:00,282.1,282.1,282.0,282.05,52970.0
2026-07-06 11:50:00,282.05,282.1,280.95,281.15,414290.0
2026-07-06 11:55:00,281.25,281.55,281.2,281.45,38005.0
2026-07-06 12:00:00,281.4,281.65,281.3,281.45,64014.0
2026-07-06 12:05:00,281.45,281.45,281.0,281.0,46201.0
2026-07-06 12:10:00,281.05,281.2,280.95,281.1,64606.0
2026-07-06 12:15:00,281.15,281.2,280.9,280.9,61636.0
2026-07-06 12:20:00,280.95,281.05,280.8,280.9,61552.0
2026-07-06 12:25:00,280.9,280.9,280.6,280.7,61525.0
2026-07-06 12:30:00,280.65,281.25,280.65,281.05,85752.0
2026-07-06 12:35:00,281.05,281.2,280.95,281.0,69301.0
2026-07-06 12:40:00,281.0,281.0,280.75,280.8,40025.0
2026-07-06 12:45:00,280.75,281.4,280.55,281.35,203466.0
2026-07-06 12:50:00,281.35,281.55,280.85,280.95,185638.0
2026-07-06 12:55:00,280.95,281.5,280.95,281.2,95779.0
2026-07-06 13:00:00,281.2,281.3,281.0,281.05,45990.0
2026-07-06 13:05:00,281.05,281.3,281.0,281.0,47269.0
2026-07-06 13:10:00,281.0,281.4,280.95,281.35,46587.0
2026-07-06 13:15:00,281.35,281.6,281.05,281.2,51656.0
2026-07-06 13:20:00,281.25,281.35,281.05,281.2,39786.0
2026-07-06 13:25:00,281.15,281.35,281.1,281.25,43069.0
2026-07-06 13:30:00,281.25,281.25,281.0,281.15,46009.0
2026-07-06 13:35:00,281.15,281.35,281.0,281.15,54533.0
2026-07-06 13:40:00,281.15,281.3,280.9,281.2,76356.0
2026-07-06 13:45:00,281.15,281.35,281.0,281.0,31815.0
2026-07-06 13:50:00,281.1,281.15,280.95,280.95,58827.0
2026-07-06 13:55:00,281.0,281.0,280.7,280.85,34226.0
2026-07-06 14:00:00,280.75,281.0,280.75,280.9,38050.0
2026-07-06 14:05:00,280.85,281.15,280.85,281.05,44329.0
2026-07-06 14:10:00,281.05,281.1,281.0,281.05,42615.0
2026-07-06 14:15:00,281.0,281.15,281.0,281.05,29584.0
2026-07-06 14:20:00,281.05,281.15,281.0,281.1,47367.0
2026-07-06 14:25:00,281.1,281.2,281.0,281.1,116297.0
2026-07-06 14:30:00,281.2,281.2,281.0,281.1,37271.0
2026-07-06 14:35:00,281.05,281.2,281.0,281.0,41323.0
2026-07-06 14:40:00,281.05,281.1,281.0,281.05,70329.0
2026-07-06 14:45:00,281.05,282.0,281.0,281.8,194046.0
2026-07-06 14:50:00,281.8,282.15,281.7,281.85,206816.0
2026-07-06 14:55:00,281.8,282.15,281.75,282.0,147190.0
2026-07-06 15:00:00,282.0,282.3,282.0,282.2,247933.0
2026-07-06 15:05:00,282.15,282.15,282.0,282.05,227028.0
2026-07-06 15:10:00,282.05,282.05,281.95,282.05,266882.0
2026-07-06 15:15:00,282.0,282.15,281.9,282.0,198022.0
2026-07-06 15:20:00,281.95,282.0,281.85,281.95,160017.0
2026-07-06 15:25:00,281.9,282.0,281.75,281.9,200860.0
2026-07-07 09:15:00,282.0,282.35,277.15,277.65,794880.0
2026-07-07 09:20:00,277.5,278.2,275.7,277.9,448512.0
2026-07-07 09:25:00,277.95,278.3,277.75,278.15,187474.0
2026-07-07 09:30:00,278.15,278.15,276.8,277.3,240502.0
2026-07-07 09:35:00,277.3,277.95,277.2,277.35,124167.0
2026-07-07 09:40:00,277.4,277.7,277.15,277.4,122866.0
2026-07-07 09:45:00,277.45,279.35,277.4,278.35,303919.0
2026-07-07 09:50:00,278.3,278.95,278.25,278.6,140184.0
2026-07-07 09:55:00,278.6,279.2,278.25,278.9,182671.0
2026-07-07 10:00:00,278.9,279.7,278.7,279.1,187985.0
2026-07-07 10:05:00,279.0,279.45,278.9,278.95,168495.0
2026-07-07 10:10:00,278.95,279.15,278.6,278.85,149189.0
2026-07-07 10:15:00,278.85,279.0,278.5,278.85,72028.0
2026-07-07 10:20:00,278.85,279.0,278.2,278.4,76665.0
2026-07-07 10:25:00,278.4,278.4,277.6,278.0,283069.0
2026-07-07 10:30:00,278.05,278.05,276.7,276.85,499993.0
2026-07-07 10:35:00,276.9,277.25,276.7,276.75,314977.0
2026-07-07 10:40:00,276.75,276.8,276.1,276.1,153071.0
2026-07-07 10:45:00,276.15,276.6,276.0,276.5,168833.0
2026-07-07 10:50:00,276.55,276.7,276.4,276.7,70592.0
2026-07-07 10:55:00,276.7,276.75,276.1,276.3,67309.0
2026-07-07 11:00:00,276.3,276.4,276.0,276.3,61169.0
2026-07-07 11:05:00,276.3,276.5,276.25,276.45,46853.0
2026-07-07 11:10:00,276.45,276.5,276.25,276.45,54812.0
2026-07-07 11:15:00,276.45,276.45,276.25,276.35,46176.0
2026-07-07 11:20:00,276.4,276.6,276.2,276.55,141572.0
2026-07-07 11:25:00,276.55,277.0,276.4,276.9,261474.0
2026-07-07 11:30:00,276.9,277.4,276.7,277.0,52059.0
2026-07-07 11:35:00,277.0,277.3,276.8,277.2,61824.0
2026-07-07 11:40:00,277.2,277.3,276.95,277.3,64016.0
2026-07-07 11:45:00,277.2,277.5,277.2,277.4,53262.0
2026-07-07 11:50:00,277.4,277.4,276.95,277.25,80958.0
2026-07-07 11:55:00,277.35,277.95,277.2,277.95,92512.0
2026-07-07 12:00:00,277.95,277.95,277.2,277.45,57828.0
2026-07-07 12:05:00,277.45,277.55,277.1,277.1,47178.0
2026-07-07 12:10:00,277.15,277.15,276.8,276.85,60019.0
2026-07-07 12:15:00,276.9,276.9,276.35,276.6,106595.0
2026-07-07 12:20:00,276.6,276.7,276.4,276.5,75644.0
2026-07-07 12:25:00,276.55,276.8,276.3,276.7,76109.0
2026-07-07 12:30:00,276.7,276.7,275.1,276.05,370042.0
2026-07-07 12:35:00,276.05,276.15,275.3,275.7,105179.0
2026-07-07 12:40:00,275.7,275.85,275.4,275.65,238619.0
2026-07-07 12:45:00,275.65,275.95,275.6,275.9,90143.0
2026-07-07 12:50:00,275.9,276.2,275.7,275.85,99764.0
2026-07-07 12:55:00,275.85,275.95,275.55,275.9,66955.0
2026-07-07 13:00:00,276.05,276.05,275.5,275.8,68888.0
2026-07-07 13:05:00,275.8,275.8,275.5,275.75,55457.0
2026-07-07 13:10:00,275.65,275.75,275.3,275.35,112771.0
2026-07-07 13:15:00,275.4,275.45,275.2,275.3,52451.0
2026-07-07 13:20:00,275.3,275.4,275.2,275.4,50719.0
2026-07-07 13:25:00,275.4,276.15,275.35,276.05,407546.0
2026-07-07 13:30:00,276.0,276.1,275.5,275.55,103505.0
2026-07-07 13:35:00,275.6,275.85,275.4,275.75,126897.0
2026-07-07 13:40:00,275.65,275.95,275.5,275.95,111298.0
2026-07-07 13:45:00,275.95,276.15,275.75,275.9,124666.0
2026-07-07 13:50:00,275.9,276.1,275.8,275.95,87735.0
2026-07-07 13:55:00,275.85,276.0,275.3,275.35,136504.0
2026-07-07 14:00:00,275.3,275.4,275.1,275.25,87592.0
2026-07-07 14:05:00,275.2,275.5,275.2,275.25,73436.0
2026-07-07 14:10:00,275.25,275.25,275.1,275.2,57543.0
2026-07-07 14:15:00,275.25,275.4,275.1,275.2,78729.0
2026-07-07 14:20:00,275.2,275.2,274.7,274.85,365724.0
2026-07-07 14:25:00,274.95,275.25,274.85,275.05,65001.0
2026-07-07 14:30:00,275.1,275.1,274.8,274.9,61351.0
2026-07-07 14:35:00,274.9,275.4,274.85,275.4,95523.0
2026-07-07 14:40:00,275.4,275.55,275.2,275.25,104260.0
2026-07-07 14:45:00,275.3,275.75,274.9,275.7,149774.0
2026-07-07 14:50:00,275.7,276.4,275.7,276.25,225446.0
2026-07-07 14:55:00,276.1,276.6,276.1,276.5,218577.0
2026-07-07 15:00:00,276.5,276.5,275.35,276.0,598191.0
2026-07-07 15:05:00,275.95,276.15,275.15,275.3,457628.0
2026-07-07 15:10:00,275.4,275.5,274.85,274.85,387856.0
2026-07-07 15:15:00,274.95,275.15,274.3,274.5,509006.0
2026-07-07 15:20:00,274.45,274.6,274.1,274.45,436398.0
2026-07-07 15:25:00,274.4,274.7,274.25,274.7,397301.0
2026-07-08 09:15:00,273.6,276.9,273.25,274.5,1235125.0
2026-07-08 09:20:00,274.4,275.85,274.2,274.8,393318.0
2026-07-08 09:25:00,275.0,276.4,274.4,276.25,354200.0
2026-07-08 09:30:00,276.3,276.3,273.6,274.35,876880.0
2026-07-08 09:35:00,274.5,274.5,272.85,273.75,708165.0
2026-07-08 09:40:00,273.55,275.55,273.55,275.15,324941.0
2026-07-08 09:45:00,275.15,276.4,275.0,276.0,887114.0
2026-07-08 09:50:00,276.0,277.2,275.85,276.35,265478.0
2026-07-08 09:55:00,276.4,277.75,276.3,277.2,350646.0
2026-07-08 10:00:00,277.2,277.6,276.6,276.9,215750.0
2026-07-08 10:05:00,276.9,277.25,276.45,277.15,149331.0
2026-07-08 10:10:00,277.05,277.8,277.05,277.35,176458.0
2026-07-08 10:15:00,277.35,277.65,277.0,277.0,162682.0
2026-07-08 10:20:00,277.1,277.4,276.9,277.3,139320.0
2026-07-08 10:25:00,277.35,278.8,277.1,278.4,271066.0
2026-07-08 10:30:00,278.5,278.5,277.1,277.1,135601.0
2026-07-08 10:35:00,277.15,277.8,277.0,277.65,122071.0
2026-07-08 10:40:00,277.75,278.3,277.45,278.3,124154.0
2026-07-08 10:45:00,277.95,278.55,277.65,277.85,137732.0
2026-07-08 10:50:00,277.9,278.0,277.5,277.75,96445.0
2026-07-08 10:55:00,277.75,277.85,277.7,277.85,51040.0
2026-07-08 11:00:00,277.85,278.25,277.8,278.2,76810.0
2026-07-08 11:05:00,278.2,278.3,277.85,278.2,83709.0
2026-07-08 11:10:00,278.0,278.1,277.85,278.0,55497.0
2026-07-08 11:15:00,277.95,278.0,277.6,277.65,59072.0
2026-07-08 11:20:00,277.65,277.65,276.2,276.7,146592.0
2026-07-08 11:25:00,276.7,277.45,276.65,277.15,109922.0
2026-07-08 11:30:00,277.15,277.15,277.0,277.05,46710.0
2026-07-08 11:35:00,277.05,277.1,276.55,276.85,128166.0
2026-07-08 11:40:00,276.8,276.85,276.1,276.35,153644.0
2026-07-08 11:45:00,276.3,277.1,276.3,276.6,117991.0
2026-07-08 11:50:00,276.6,276.6,276.2,276.45,88735.0
2026-07-08 11:55:00,276.4,277.0,276.2,277.0,86929.0
2026-07-08 12:00:00,277.1,277.2,276.3,276.35,76350.0
2026-07-08 12:05:00,276.4,276.75,276.2,276.65,76465.0
2026-07-08 12:10:00,276.5,276.6,275.6,275.7,131454.0
2026-07-08 12:15:00,275.65,276.3,275.4,276.25,112820.0
2026-07-08 12:20:00,276.2,276.35,275.75,275.8,72835.0
2026-07-08 12:25:00,275.8,275.8,275.35,275.55,84541.0
2026-07-08 12:30:00,275.55,275.7,275.3,275.5,98794.0
2026-07-08 12:35:00,275.4,275.55,275.3,275.4,44140.0
2026-07-08 12:40:00,275.3,275.5,275.25,275.5,55369.0
2026-07-08 12:45:00,275.5,275.5,275.45,275.5,35023.0
2026-07-08 12:50:00,275.45,276.05,275.45,275.55,151608.0
2026-07-08 12:55:00,275.5,276.0,275.4,275.5,152475.0
2026-07-08 13:00:00,275.5,275.8,275.4,275.5,106919.0
2026-07-08 13:05:00,275.45,276.3,275.2,275.25,146661.0
2026-07-08 13:10:00,275.25,275.3,275.0,275.05,102512.0
2026-07-08 13:15:00,275.0,275.25,274.85,275.0,146972.0
2026-07-08 13:20:00,275.0,275.3,274.9,275.0,174508.0
2026-07-08 13:25:00,274.95,275.3,274.85,275.0,210793.0
2026-07-08 13:30:00,275.0,275.0,274.55,274.75,146233.0
2026-07-08 13:35:00,274.75,274.95,274.3,274.5,326229.0
2026-07-08 13:40:00,274.5,274.5,274.2,274.25,109711.0
2026-07-08 13:45:00,274.25,274.45,273.2,274.25,358388.0
2026-07-08 13:50:00,274.2,274.2,273.5,273.5,125681.0
2026-07-08 13:55:00,273.6,274.0,273.4,273.5,219426.0
2026-07-08 14:00:00,273.5,273.85,273.0,273.35,258401.0
2026-07-08 14:05:00,273.35,273.5,272.15,273.2,531917.0
2026-07-08 14:10:00,273.05,273.2,271.35,271.65,919661.0
2026-07-08 14:15:00,271.85,272.65,271.35,271.65,212208.0
2026-07-08 14:20:00,271.65,272.25,271.5,271.9,151869.0
2026-07-08 14:25:00,271.85,271.95,270.65,271.1,369492.0
2026-07-08 14:30:00,271.05,272.35,270.9,271.75,813681.0
2026-07-08 14:35:00,271.8,272.1,270.75,271.3,1253913.0
2026-07-08 14:40:00,271.4,271.65,270.9,271.4,192242.0
2026-07-08 14:45:00,271.4,271.8,270.8,271.7,415736.0
2026-07-08 14:50:00,271.7,272.5,271.35,272.15,447913.0
2026-07-08 14:55:00,272.05,272.05,270.85,270.95,389943.0
2026-07-08 15:00:00,271.05,273.05,271.05,272.0,533209.0
2026-07-08 15:05:00,272.0,272.2,271.5,271.55,368617.0
2026-07-08 15:10:00,271.7,271.7,271.0,271.0,368045.0
2026-07-08 15:15:00,271.0,272.75,271.0,272.4,737910.0
2026-07-08 15:20:00,272.45,273.15,272.45,272.85,572626.0
2026-07-08 15:25:00,272.8,273.8,272.8,273.25,558142.0
2026-07-09 09:15:00,273.25,274.7,271.5,271.8,476583.0
2026-07-09 09:20:00,271.7,272.6,271.7,272.5,367061.0
2026-07-09 09:25:00,272.6,272.95,272.3,272.9,147673.0
2026-07-09 09:30:00,272.95,272.95,272.05,272.45,143710.0
2026-07-09 09:35:00,272.55,272.55,271.85,272.2,136113.0
2026-07-09 09:40:00,272.2,272.2,271.6,272.1,170643.0
2026-07-09 09:45:00,272.1,272.4,271.8,271.95,143348.0
2026-07-09 09:50:00,271.95,272.5,271.8,272.35,102167.0
2026-07-09 09:55:00,272.3,272.6,271.8,272.15,118136.0
2026-07-09 10:00:00,272.25,273.3,272.15,272.25,193550.0
2026-07-09 10:05:00,272.25,272.65,271.7,272.45,128999.0
2026-07-09 10:10:00,272.45,272.45,271.9,272.1,92781.0
2026-07-09 10:15:00,272.1,272.3,272.0,272.05,48631.0
2026-07-09 10:20:00,272.05,272.05,271.7,271.8,85515.0
2026-07-09 10:25:00,271.8,271.85,271.5,271.8,134776.0
2026-07-09 10:30:00,271.85,272.05,271.7,271.8,64562.0
2026-07-09 10:35:00,271.8,271.85,270.8,271.15,251633.0
2026-07-09 10:40:00,271.2,272.45,271.1,272.35,288388.0
2026-07-09 10:45:00,272.2,272.6,271.7,272.05,134805.0
2026-07-09 10:50:00,272.05,272.15,271.1,271.7,144207.0
2026-07-09 10:55:00,271.55,271.8,271.3,271.4,80488.0
2026-07-09 11:00:00,271.3,271.5,271.1,271.3,65218.0
2026-07-09 11:05:00,271.35,272.0,271.25,271.95,99127.0
2026-07-09 11:10:00,271.9,272.0,271.2,271.3,86723.0
2026-07-09 11:15:00,271.4,271.8,271.3,271.75,74567.0
2026-07-09 11:20:00,271.75,272.15,271.65,271.8,92547.0
2026-07-09 11:25:00,271.85,272.8,271.6,272.6,180671.0
2026-07-09 11:30:00,272.65,272.85,272.4,272.65,112868.0
2026-07-09 11:35:00,272.65,273.45,272.35,273.15,201715.0
2026-07-09 11:40:00,273.05,273.15,272.4,272.55,92737.0
2026-07-09 11:45:00,272.6,273.45,272.55,273.25,108477.0
2026-07-09 11:50:00,273.2,273.2,272.6,272.6,62350.0
2026-07-09 11:55:00,272.6,273.15,272.6,273.05,90206.0
2026-07-09 12:00:00,273.05,273.5,273.0,273.0,162786.0
2026-07-09 12:05:00,273.0,273.2,272.8,273.05,67011.0
2026-07-09 12:10:00,273.0,273.05,272.8,272.85,55102.0
2026-07-09 12:15:00,272.85,273.2,272.75,273.0,77419.0
2026-07-09 12:20:00,272.95,273.0,272.75,272.9,64975.0
2026-07-09 12:25:00,272.85,273.15,272.8,273.1,51936.0
2026-07-09 12:30:00,273.1,273.4,272.8,272.9,99183.0
2026-07-09 12:35:00,273.0,273.4,272.85,273.35,75432.0
2026-07-09 12:40:00,273.2,273.35,272.65,272.8,71408.0
2026-07-09 12:45:00,272.8,273.9,272.7,273.0,215825.0
2026-07-09 12:50:00,273.0,273.1,272.7,272.95,99819.0
2026-07-09 12:55:00,273.0,273.25,272.4,272.8,113799.0
2026-07-09 13:00:00,272.8,273.0,272.5,272.8,62388.0
2026-07-09 13:05:00,272.8,273.2,272.8,273.1,53796.0
2026-07-09 13:10:00,272.95,273.55,272.95,273.35,119398.0
2026-07-09 13:15:00,273.35,273.35,272.9,272.9,82717.0
2026-07-09 13:20:00,272.9,273.05,272.7,272.8,43098.0
2026-07-09 13:25:00,272.7,272.8,272.5,272.5,53280.0
2026-07-09 13:30:00,272.6,273.25,272.5,273.25,74224.0
2026-07-09 13:35:00,273.1,273.45,273.05,273.3,103651.0
2026-07-09 13:40:00,273.25,273.3,272.85,273.0,139845.0
2026-07-09 13:45:00,273.0,273.0,272.45,272.65,98520.0
2026-07-09 13:50:00,272.65,272.85,272.5,272.65,55557.0
2026-07-09 13:55:00,272.6,272.85,272.55,272.75,111732.0
2026-07-09 14:00:00,272.75,272.9,272.55,272.55,45167.0
2026-07-09 14:05:00,272.6,272.7,272.5,272.65,49209.0
2026-07-09 14:10:00,272.65,272.95,272.5,272.7,54556.0
2026-07-09 14:15:00,272.6,272.95,272.5,272.55,96654.0
2026-07-09 14:20:00,272.6,272.9,272.5,272.9,75772.0
2026-07-09 14:25:00,272.85,273.0,272.45,272.45,55226.0
2026-07-09 14:30:00,272.5,272.6,272.4,272.55,55493.0
2026-07-09 14:35:00,272.45,272.65,272.2,272.25,94690.0
2026-07-09 14:40:00,272.25,272.45,271.95,272.45,197316.0
2026-07-09 14:45:00,272.35,272.5,272.0,272.35,116361.0
2026-07-09 14:50:00,272.3,272.45,272.25,272.3,89099.0
2026-07-09 14:55:00,272.3,272.4,272.05,272.35,68173.0
2026-07-09 15:00:00,272.3,272.35,271.65,271.7,321304.0
2026-07-09 15:05:00,271.7,271.75,270.85,271.3,396842.0
2026-07-09 15:10:00,271.25,271.35,271.0,271.05,284929.0
2026-07-09 15:15:00,271.05,271.55,271.0,271.5,316592.0
2026-07-09 15:20:00,271.45,271.6,271.05,271.35,382292.0
2026-07-09 15:25:00,271.35,271.5,271.05,271.35,391295.0
2026-07-10 09:15:00,273.8,275.9,272.8,275.05,539841.0
2026-07-10 09:20:00,275.05,275.6,274.05,274.3,491305.0
2026-07-10 09:25:00,274.45,274.95,274.15,274.9,256026.0
2026-07-10 09:30:00,274.9,274.95,274.05,274.1,235681.0
2026-07-10 09:35:00,274.1,274.25,273.85,274.0,282957.0
2026-07-10 09:40:00,274.0,274.35,273.85,273.95,198805.0
2026-07-10 09:45:00,273.95,275.0,273.9,275.0,265992.0
2026-07-10 09:50:00,274.95,276.0,274.95,275.5,453753.0
2026-07-10 09:55:00,275.5,276.75,275.35,275.85,428878.0
2026-07-10 10:00:00,275.85,276.7,275.85,276.35,286441.0
2026-07-10 10:05:00,276.2,276.65,276.05,276.2,187106.0
2026-07-10 10:10:00,276.1,276.6,276.1,276.5,135151.0
2026-07-10 10:15:00,276.6,276.6,275.55,275.65,169479.0
2026-07-10 10:20:00,275.65,275.95,275.6,275.7,112709.0
2026-07-10 10:25:00,275.75,276.3,275.3,275.3,156914.0
2026-07-10 10:30:00,275.4,275.6,275.1,275.1,103612.0
2026-07-10 10:35:00,275.15,275.4,275.0,275.2,88120.0
2026-07-10 10:40:00,275.2,275.2,274.8,275.15,136600.0
2026-07-10 10:45:00,275.15,275.65,275.05,275.55,83334.0
2026-07-10 10:50:00,275.65,275.75,275.4,275.5,76788.0
2026-07-10 10:55:00,275.35,275.7,275.0,275.55,133184.0
2026-07-10 11:00:00,275.5,275.7,275.2,275.2,60140.0
2026-07-10 11:05:00,275.2,275.3,274.4,274.5,92050.0
2026-07-10 11:10:00,274.5,274.7,273.7,273.85,187629.0
2026-07-10 11:15:00,273.95,274.25,273.95,274.0,195938.0
2026-07-10 11:20:00,273.95,274.0,273.45,273.65,133381.0
2026-07-10 11:25:00,273.55,273.75,273.2,273.6,158212.0
2026-07-10 11:30:00,273.65,273.75,273.3,273.4,74832.0
2026-07-10 11:35:00,273.4,273.4,272.8,272.95,165994.0
2026-07-10 11:40:00,272.9,273.15,272.85,273.05,71524.0
2026-07-10 11:45:00,273.0,273.3,273.0,273.15,178455.0
2026-07-10 11:50:00,273.25,273.45,272.8,272.85,166842.0
2026-07-10 11:55:00,272.8,273.15,272.5,273.05,319628.0
2026-07-10 12:00:00,273.05,273.25,272.65,272.8,178780.0
2026-07-10 12:05:00,272.85,273.0,272.8,273.0,152254.0
2026-07-10 12:10:00,273.0,273.0,272.75,272.85,108342.0
2026-07-10 12:15:00,272.85,272.95,272.75,272.9,80855.0
2026-07-10 12:20:00,272.85,272.95,272.7,272.8,91463.0
2026-07-10 12:25:00,272.85,273.5,272.75,273.45,188735.0
2026-07-10 12:30:00,273.5,273.75,273.25,273.6,86843.0
2026-07-10 12:35:00,273.7,274.0,273.6,273.7,174477.0
2026-07-10 12:40:00,273.7,273.8,273.6,273.7,40701.0
2026-07-10 12:45:00,273.75,273.9,273.6,273.85,55838.0
2026-07-10 12:50:00,273.85,273.9,273.6,273.6,46238.0
2026-07-10 12:55:00,273.6,273.8,272.9,273.25,380083.0
2026-07-10 13:00:00,273.25,273.9,273.2,273.6,65366.0
2026-07-10 13:05:00,273.6,274.1,273.1,273.15,427537.0
2026-07-10 13:10:00,273.15,273.2,272.8,272.85,60319.0
2026-07-10 13:15:00,272.95,273.45,272.85,273.2,115202.0
2026-07-10 13:20:00,273.15,273.2,272.8,273.0,46947.0
2026-07-10 13:25:00,273.05,273.3,272.95,273.2,38963.0
2026-07-10 13:30:00,273.3,273.5,273.1,273.2,61794.0
2026-07-10 13:35:00,273.2,273.3,273.05,273.05,34286.0
2026-07-10 13:40:00,273.1,273.55,273.0,273.45,61324.0
2026-07-10 13:45:00,273.45,273.6,273.3,273.3,37517.0
2026-07-10 13:50:00,273.35,273.55,273.15,273.3,155188.0
2026-07-10 13:55:00,273.25,273.35,273.05,273.1,44838.0
2026-07-10 14:00:00,273.1,273.25,273.0,273.2,39155.0
2026-07-10 14:05:00,273.2,273.3,273.05,273.1,44106.0
2026-07-10 14:10:00,273.1,273.3,272.8,272.85,148242.0
2026-07-10 14:15:00,272.95,272.95,272.7,272.7,37703.0
2026-07-10 14:20:00,272.7,273.0,272.65,272.75,75597.0
2026-07-10 14:25:00,272.8,273.0,272.75,272.9,37161.0
2026-07-10 14:30:00,272.9,273.0,272.75,272.8,65975.0
2026-07-10 14:35:00,272.85,272.9,272.6,272.65,201025.0
2026-07-10 14:40:00,272.65,272.85,272.25,272.75,112193.0
2026-07-10 14:45:00,272.8,273.0,272.75,272.85,55600.0
2026-07-10 14:50:00,272.9,272.95,272.65,272.75,77521.0
2026-07-10 14:55:00,272.7,272.9,272.6,272.75,62929.0
2026-07-10 15:00:00,272.75,272.8,272.4,272.5,143482.0
2026-07-10 15:05:00,272.5,272.65,272.45,272.6,103437.0
2026-07-10 15:10:00,272.6,272.75,272.45,272.6,166980.0
2026-07-10 15:15:00,272.6,272.8,272.45,272.7,282854.0
2026-07-10 15:20:00,272.7,272.8,272.5,272.65,363012.0
2026-07-10 15:25:00,272.55,272.75,272.2,272.75,403388.0
