timestamp,open,high,low,close,volume
2026-05-12 09:15:00,1330.9,1335.1,1321.0,1331.4,19548.0
2026-05-12 09:20:00,1330.4,1331.0,1321.0,1322.3,8425.0
2026-05-12 09:25:00,1323.6,1328.0,1321.0,1322.0,9882.0
2026-05-12 09:30:00,1321.2,1324.0,1315.7,1315.8,8039.0
2026-05-12 09:35:00,1317.3,1323.6,1315.2,1320.0,18240.0
2026-05-12 09:40:00,1319.9,1330.0,1319.0,1328.9,6658.0
2026-05-12 09:45:00,1328.4,1335.0,1328.4,1332.5,12609.0
2026-05-12 09:50:00,1332.0,1338.7,1332.0,1336.1,14068.0
2026-05-12 09:55:00,1336.3,1338.8,1333.0,1335.3,5207.0
2026-05-12 10:00:00,1335.3,1338.5,1333.7,1336.9,4016.0
2026-05-12 10:05:00,1336.4,1339.7,1334.6,1336.6,4855.0
2026-05-12 10:10:00,1337.9,1338.3,1331.2,1337.9,10194.0
2026-05-12 10:15:00,1338.3,1339.4,1337.5,1338.5,3918.0
2026-05-12 10:20:00,1339.0,1339.7,1335.3,1335.4,3288.0
2026-05-12 10:25:00,1336.3,1337.8,1335.6,1336.4,2836.0
2026-05-12 10:30:00,1337.5,1337.6,1334.0,1335.4,3143.0
2026-05-12 10:35:00,1335.3,1347.0,1333.0,1335.5,31539.0
2026-05-12 10:40:00,1335.1,1339.8,1334.8,1339.7,2409.0
2026-05-12 10:45:00,1339.7,1345.0,1339.7,1342.5,10110.0
2026-05-12 10:50:00,1342.5,1343.3,1337.5,1340.7,7462.0
2026-05-12 10:55:00,1340.5,1343.6,1335.3,1337.8,21471.0
2026-05-12 11:00:00,1337.0,1337.6,1333.8,1334.7,2800.0
2026-05-12 11:05:00,1334.7,1336.6,1332.6,1335.8,2250.0
2026-05-12 11:10:00,1335.5,1337.3,1335.2,1335.5,5569.0
2026-05-12 11:15:00,1335.4,1335.9,1330.6,1332.9,11099.0
2026-05-12 11:20:00,1333.4,1334.4,1331.5,1333.6,2304.0
2026-05-12 11:25:00,1333.1,1334.2,1333.0,1333.8,696.0
2026-05-12 11:30:00,1334.1,1340.0,1330.6,1339.9,5067.0
2026-05-12 11:35:00,1339.8,1341.6,1336.6,1340.2,12443.0
2026-05-12 11:40:00,1340.2,1342.4,1339.8,1340.9,3755.0
2026-05-12 11:45:00,1340.4,1342.0,1340.0,1340.3,1463.0
2026-05-12 11:50:00,1340.0,1341.7,1339.9,1341.0,937.0
2026-05-12 11:55:00,1341.6,1341.6,1337.2,1339.8,6943.0
2026-05-12 12:00:00,1339.6,1341.0,1337.6,1339.2,1658.0
2026-05-12 12:05:00,1339.2,1340.3,1337.5,1337.5,1560.0
2026-05-12 12:10:00,1337.5,1340.0,1330.0,1331.0,8819.0
2026-05-12 12:15:00,1331.1,1333.1,1330.9,1333.1,1798.0
2026-05-12 12:20:00,1333.1,1334.5,1332.1,1333.2,3938.0
2026-05-12 12:25:00,1332.6,1334.8,1332.2,1332.4,3001.0
2026-05-12 12:30:00,1332.4,1332.7,1322.5,1323.8,7310.0
2026-05-12 12:35:00,1323.0,1328.8,1322.8,1328.0,7785.0
2026-05-12 12:40:00,1327.7,1330.0,1326.2,1329.9,1891.0
2026-05-12 12:45:00,1329.9,1332.3,1329.4,1329.8,10353.0
2026-05-12 12:50:00,1329.1,1332.5,1326.9,1327.4,14406.0
2026-05-12 12:55:00,1327.1,1331.6,1326.7,1331.6,4467.0
2026-05-12 13:00:00,1332.4,1336.1,1331.8,1334.7,5807.0
2026-05-12 13:05:00,1334.7,1334.8,1331.0,1331.0,1657.0
2026-05-12 13:10:00,1331.0,1333.6,1330.0,1333.2,1489.0
2026-05-12 13:15:00,1333.1,1335.2,1333.1,1333.5,1766.0
2026-05-12 13:20:00,1334.6,1335.0,1331.7,1332.6,5625.0
2026-05-12 13:25:00,1332.6,1332.6,1330.3,1331.6,3141.0
2026-05-12 13:30:00,1331.7,1334.9,1330.9,1333.4,2232.0
2026-05-12 13:35:00,1333.4,1333.4,1330.7,1331.6,3132.0
2026-05-12 13:40:00,1331.6,1331.8,1329.5,1331.7,1927.0
2026-05-12 13:45:00,1330.3,1335.1,1330.3,1335.1,3253.0
2026-05-12 13:50:00,1335.0,1336.6,1332.0,1333.0,2992.0
2026-05-12 13:55:00,1332.9,1333.0,1331.5,1332.5,2133.0
2026-05-12 14:00:00,1332.5,1335.1,1331.6,1335.0,2483.0
2026-05-12 14:05:00,1335.9,1337.9,1335.9,1336.6,9600.0
2026-05-12 14:10:00,1336.7,1337.4,1335.9,1336.5,1923.0
2026-05-12 14:15:00,1336.5,1337.5,1324.0,1326.2,71090.0
2026-05-12 14:20:00,1326.4,1331.7,1322.0,1330.5,10819.0
2026-05-12 14:25:00,1331.7,1332.0,1327.5,1328.0,4435.0
2026-05-12 14:30:00,1328.8,1328.9,1324.6,1325.0,1938.0
2026-05-12 14:35:00,1324.7,1326.2,1323.2,1324.2,6282.0
2026-05-12 14:40:00,1324.1,1324.3,1316.7,1320.6,18349.0
2026-05-12 14:45:00,1320.6,1321.5,1318.9,1320.6,2515.0
2026-05-12 14:50:00,1320.7,1320.8,1316.0,1317.1,5598.0
2026-05-12 14:55:00,1316.3,1320.0,1315.3,1318.4,6408.0
2026-05-12 15:00:00,1319.1,1321.3,1313.2,1318.0,62084.0
2026-05-12 15:05:00,1318.0,1321.0,1317.9,1320.0,12063.0
2026-05-12 15:10:00,1319.5,1321.2,1316.8,1319.6,7782.0
2026-05-12 15:15:00,1319.9,1322.5,1318.0,1321.7,11514.0
2026-05-12 15:20:00,1321.7,1323.8,1321.2,1322.9,8833.0
2026-05-12 15:25:00,1322.9,1329.7,1319.6,1329.7,25177.0
2026-05-13 09:15:00,1318.0,1330.0,1315.2,1326.6,35477.0
2026-05-13 09:20:00,1325.4,1330.0,1322.2,1330.0,12136.0
2026-05-13 09:25:00,1329.3,1334.4,1324.7,1333.8,10986.0
2026-05-13 09:30:00,1334.4,1341.9,1329.4,1336.8,30738.0
2026-05-13 09:35:00,1336.8,1341.6,1331.5,1332.3,8490.0
2026-05-13 09:40:00,1332.8,1337.9,1330.3,1337.1,8472.0
2026-05-13 09:45:00,1337.1,1338.0,1332.0,1332.0,8245.0
2026-05-13 09:50:00,1331.2,1335.6,1331.2,1335.2,3721.0
2026-05-13 09:55:00,1334.9,1335.8,1331.7,1333.4,12275.0
2026-05-13 10:00:00,1334.1,1340.2,1333.1,1340.2,7074.0
2026-05-13 10:05:00,1340.2,1341.6,1336.9,1341.5,11159.0
2026-05-13 10:10:00,1341.1,1346.0,1341.1,1344.0,9591.0
2026-05-13 10:15:00,1345.1,1347.9,1344.2,1346.2,12940.0
2026-05-13 10:20:00,1346.2,1348.8,1346.0,1348.8,10030.0
2026-05-13 10:25:00,1348.4,1349.0,1346.5,1349.0,14843.0
2026-05-13 10:30:00,1349.0,1350.0,1344.5,1345.4,22147.0
2026-05-13 10:35:00,1345.0,1345.4,1341.6,1341.8,3184.0
2026-05-13 10:40:00,1342.1,1347.6,1341.7,1346.8,4746.0
2026-05-13 10:45:00,1347.1,1347.8,1343.2,1343.3,7857.0
2026-05-13 10:50:00,1344.0,1344.5,1339.0,1339.0,5145.0
2026-05-13 10:55:00,1339.0,1339.4,1332.2,1332.2,9153.0
2026-05-13 11:00:00,1331.4,1336.7,1331.4,1335.0,7546.0
2026-05-13 11:05:00,1335.0,1335.6,1333.6,1334.4,2276.0
2026-05-13 11:10:00,1334.3,1334.8,1332.1,1334.2,2643.0
2026-05-13 11:15:00,1334.3,1336.9,1334.0,1334.1,10754.0
2026-05-13 11:20:00,1333.6,1335.0,1331.6,1331.6,7771.0
2026-05-13 11:25:00,1328.9,1336.0,1328.9,1333.9,12161.0
2026-05-13 11:30:00,1333.9,1338.0,1333.9,1337.6,2301.0
2026-05-13 11:35:00,1336.4,1338.2,1335.4,1336.6,1615.0
2026-05-13 11:40:00,1336.7,1339.9,1336.7,1337.7,2088.0
2026-05-13 11:45:00,1338.6,1340.2,1335.9,1336.8,4303.0
2026-05-13 11:50:00,1336.1,1346.9,1336.1,1346.5,7224.0
2026-05-13 11:55:00,1347.0,1348.0,1344.7,1344.8,8380.0
2026-05-13 12:00:00,1344.8,1346.8,1342.6,1343.1,5829.0
2026-05-13 12:05:00,1343.7,1344.3,1330.2,1331.1,31368.0
2026-05-13 12:10:00,1330.6,1331.7,1323.8,1328.3,13150.0
2026-05-13 12:15:00,1328.3,1328.4,1323.1,1324.5,12833.0
2026-05-13 12:20:00,1325.0,1325.1,1321.2,1323.8,5832.0
2026-05-13 12:25:00,1325.0,1326.6,1323.3,1325.0,3694.0
2026-05-13 12:30:00,1325.2,1330.0,1324.2,1330.0,7705.0
2026-05-13 12:35:00,1330.0,1331.4,1329.0,1330.9,1449.0
2026-05-13 12:40:00,1330.4,1331.5,1326.0,1330.7,2768.0
2026-05-13 12:45:00,1330.7,1331.6,1329.4,1330.8,1194.0
2026-05-13 12:50:00,1330.8,1332.8,1329.0,1331.4,5658.0
2026-05-13 12:55:00,1332.0,1332.0,1331.0,1331.7,1138.0
2026-05-13 13:00:00,1331.2,1331.2,1329.0,1329.0,983.0
2026-05-13 13:05:00,1329.8,1330.5,1328.5,1329.6,1147.0
2026-05-13 13:10:00,1329.6,1330.7,1327.5,1329.5,2838.0
2026-05-13 13:15:00,1329.5,1329.9,1327.5,1328.7,779.0
2026-05-13 13:20:00,1328.1,1333.5,1328.1,1330.1,6938.0
2026-05-13 13:25:00,1330.1,1331.3,1327.4,1330.1,10075.0
2026-05-13 13:30:00,1329.1,1330.7,1327.8,1328.3,1205.0
2026-05-13 13:35:00,1329.7,1331.8,1327.9,1331.7,5370.0
2026-05-13 13:40:00,1332.6,1332.6,1330.1,1330.6,745.0
2026-05-13 13:45:00,1330.6,1331.0,1330.0,1330.2,1418.0
2026-05-13 13:50:00,1331.2,1331.9,1330.2,1330.8,976.0
2026-05-13 13:55:00,1331.8,1332.8,1329.8,1331.6,1679.0
2026-05-13 14:00:00,1332.4,1336.0,1331.0,1334.8,3118.0
2026-05-13 14:05:00,1335.6,1345.7,1334.8,1345.2,41241.0
2026-05-13 14:10:00,1345.4,1360.0,1342.2,1355.9,120571.0
2026-05-13 14:15:00,1356.0,1358.8,1352.4,1355.0,55401.0
2026-05-13 14:20:00,1354.6,1356.0,1350.2,1353.4,8927.0
2026-05-13 14:25:00,1353.4,1353.9,1350.1,1351.0,3115.0
2026-05-13 14:30:00,1351.0,1354.3,1350.8,1353.7,6686.0
2026-05-13 14:35:00,1353.7,1354.9,1352.4,1354.7,3132.0
2026-05-13 14:40:00,1354.7,1354.8,1352.0,1353.0,3996.0
2026-05-13 14:45:00,1351.8,1353.9,1351.0,1352.7,2379.0
2026-05-13 14:50:00,1353.0,1354.0,1351.4,1353.2,19641.0
2026-05-13 14:55:00,1353.9,1354.0,1353.0,1353.9,5351.0
2026-05-13 15:00:00,1353.9,1354.9,1353.0,1353.8,15295.0
2026-05-13 15:05:00,1354.0,1354.0,1352.0,1353.2,3727.0
2026-05-13 15:10:00,1353.3,1353.8,1351.5,1353.5,8096.0
2026-05-13 15:15:00,1353.5,1353.9,1352.2,1352.4,11390.0
2026-05-13 15:20:00,1352.4,1353.5,1351.7,1352.0,14333.0
2026-05-13 15:25:00,1351.8,1354.9,1350.0,1351.5,26179.0
2026-05-14 09:15:00,1360.0,1360.0,1344.3,1353.3,16025.0
2026-05-14 09:20:00,1354.6,1363.9,1353.5,1358.0,25276.0
2026-05-14 09:25:00,1357.9,1369.0,1357.2,1367.1,24615.0
2026-05-14 09:30:00,1367.0,1369.8,1365.8,1369.6,12056.0
2026-05-14 09:35:00,1368.0,1369.7,1360.9,1360.9,9119.0
2026-05-14 09:40:00,1362.0,1363.5,1351.4,1351.4,6416.0
2026-05-14 09:45:00,1353.5,1362.4,1352.5,1361.6,9793.0
2026-05-14 09:50:00,1362.7,1363.4,1357.7,1359.8,6597.0
2026-05-14 09:55:00,1359.8,1359.9,1354.3,1356.1,9014.0
2026-05-14 10:00:00,1355.6,1361.4,1352.7,1355.0,6796.0
2026-05-14 10:05:00,1355.6,1356.0,1340.1,1345.2,13675.0
2026-05-14 10:10:00,1345.0,1352.9,1345.0,1352.6,3459.0
2026-05-14 10:15:00,1352.6,1353.5,1348.0,1352.6,3207.0
2026-05-14 10:20:00,1352.6,1353.4,1347.7,1348.4,4768.0
2026-05-14 10:25:00,1347.9,1347.9,1342.4,1342.4,4019.0
2026-05-14 10:30:00,1342.4,1344.8,1340.0,1343.3,6785.0
2026-05-14 10:35:00,1344.0,1346.6,1343.6,1346.3,3001.0
2026-05-14 10:40:00,1346.3,1347.0,1340.0,1342.2,2354.0
2026-05-14 10:45:00,1343.2,1343.2,1338.0,1339.1,3785.0
2026-05-14 10:50:00,1339.1,1348.9,1338.4,1348.3,5099.0
2026-05-14 10:55:00,1348.3,1349.9,1343.5,1344.4,6363.0
2026-05-14 11:00:00,1344.8,1359.7,1344.8,1353.2,23248.0
2026-05-14 11:05:00,1354.1,1354.7,1351.5,1354.3,7202.0
2026-05-14 11:10:00,1354.3,1358.8,1351.6,1354.5,6519.0
2026-05-14 11:15:00,1355.3,1358.8,1354.8,1356.9,5196.0
2026-05-14 11:20:00,1356.9,1360.0,1356.0,1356.9,5137.0
2026-05-14 11:25:00,1357.9,1358.5,1355.3,1355.9,2348.0
2026-05-14 11:30:00,1357.0,1358.8,1353.6,1354.1,6251.0
2026-05-14 11:35:00,1354.7,1357.8,1353.9,1357.0,10480.0
2026-05-14 11:40:00,1357.0,1360.4,1356.7,1359.3,6115.0
2026-05-14 11:45:00,1359.3,1359.3,1352.6,1355.1,8026.0
2026-05-14 11:50:00,1355.1,1361.0,1355.1,1359.0,6810.0
2026-05-14 11:55:00,1359.5,1360.5,1358.0,1360.0,1600.0
2026-05-14 12:00:00,1360.0,1363.0,1359.3,1360.0,5497.0
2026-05-14 12:05:00,1360.0,1362.2,1359.1,1361.1,5275.0
2026-05-14 12:10:00,1361.1,1362.6,1357.6,1361.7,6937.0
2026-05-14 12:15:00,1361.6,1367.6,1359.9,1366.5,7935.0
2026-05-14 12:20:00,1367.2,1368.0,1364.7,1366.0,8392.0
2026-05-14 12:25:00,1366.4,1367.0,1363.7,1365.0,5591.0
2026-05-14 12:30:00,1365.3,1366.5,1365.0,1365.5,3530.0
2026-05-14 12:35:00,1365.4,1369.5,1365.2,1368.9,15603.0
2026-05-14 12:40:00,1368.4,1369.7,1367.8,1368.9,5353.0
2026-05-14 12:45:00,1368.9,1369.2,1365.6,1367.9,7643.0
2026-05-14 12:50:00,1367.9,1368.0,1365.2,1367.1,5338.0
2026-05-14 12:55:00,1367.1,1368.0,1366.4,1367.9,7566.0
2026-05-14 13:00:00,1368.0,1368.0,1366.4,1368.0,6794.0
2026-05-14 13:05:00,1367.8,1369.0,1361.8,1361.8,20332.0
2026-05-14 13:10:00,1361.4,1366.4,1361.4,1364.1,6072.0
2026-05-14 13:15:00,1365.1,1368.0,1364.4,1368.0,4523.0
2026-05-14 13:20:00,1368.0,1368.0,1365.5,1367.6,5153.0
2026-05-14 13:25:00,1367.6,1368.0,1367.0,1367.4,4739.0
2026-05-14 13:30:00,1367.4,1368.0,1365.1,1367.7,8539.0
2026-05-14 13:35:00,1368.0,1368.0,1364.9,1366.9,8595.0
2026-05-14 13:40:00,1366.9,1368.3,1366.3,1368.0,4174.0
2026-05-14 13:45:00,1368.0,1368.0,1367.9,1368.0,5193.0
2026-05-14 13:50:00,1367.9,1368.0,1366.3,1367.9,6510.0
2026-05-14 13:55:00,1368.0,1368.0,1366.2,1367.4,5155.0
2026-05-14 14:00:00,1367.4,1367.7,1365.6,1366.8,4980.0
2026-05-14 14:05:00,1366.7,1368.0,1365.0,1367.7,10128.0
2026-05-14 14:10:00,1367.9,1368.0,1366.0,1367.7,5410.0
2026-05-14 14:15:00,1367.7,1368.0,1366.3,1366.3,8699.0
2026-05-14 14:20:00,1366.8,1368.0,1365.0,1366.5,6260.0
2026-05-14 14:25:00,1366.8,1368.0,1360.4,1366.0,15620.0
2026-05-14 14:30:00,1366.0,1367.3,1365.6,1365.9,3433.0
2026-05-14 14:35:00,1365.9,1367.6,1365.1,1366.3,8843.0
2026-05-14 14:40:00,1366.2,1367.2,1365.8,1366.0,5337.0
2026-05-14 14:45:00,1366.0,1366.6,1360.2,1360.7,13424.0
2026-05-14 14:50:00,1361.6,1364.0,1361.0,1363.8,3669.0
2026-05-14 14:55:00,1364.1,1366.4,1363.6,1366.4,7343.0
2026-05-14 15:00:00,1366.1,1367.0,1363.2,1366.7,10746.0
2026-05-14 15:05:00,1366.7,1368.0,1366.1,1366.9,14836.0
2026-05-14 15:10:00,1367.8,1368.0,1366.5,1367.6,9194.0
2026-05-14 15:15:00,1367.5,1369.0,1367.5,1367.9,18363.0
2026-05-14 15:20:00,1368.0,1368.0,1367.5,1367.9,17325.0
2026-05-14 15:25:00,1367.9,1368.0,1355.0,1355.0,16846.0
2026-05-15 09:15:00,1374.8,1377.4,1336.6,1356.7,58949.0
2026-05-15 09:20:00,1356.2,1365.0,1355.3,1361.2,22868.0
2026-05-15 09:25:00,1360.3,1360.3,1340.0,1341.9,16658.0
2026-05-15 09:30:00,1342.1,1342.1,1319.4,1322.2,74488.0
2026-05-15 09:35:00,1322.0,1332.2,1320.0,1326.3,25657.0
2026-05-15 09:40:00,1326.3,1337.3,1325.4,1336.9,7923.0
2026-05-15 09:45:00,1335.6,1352.5,1335.0,1351.1,10766.0
2026-05-15 09:50:00,1351.1,1354.9,1350.0,1354.3,6826.0
2026-05-15 09:55:00,1353.3,1355.0,1344.5,1354.1,17701.0
2026-05-15 10:00:00,1354.1,1355.0,1350.0,1351.5,3366.0
2026-05-15 10:05:00,1352.0,1352.3,1350.0,1350.8,4419.0
2026-05-15 10:10:00,1350.2,1351.5,1349.6,1351.0,11114.0
2026-05-15 10:15:00,1351.3,1352.4,1345.1,1346.5,7028.0
2026-05-15 10:20:00,1346.7,1349.8,1345.8,1349.2,2674.0
2026-05-15 10:25:00,1349.2,1349.9,1347.8,1349.2,1166.0
2026-05-15 10:30:00,1349.1,1349.1,1346.2,1348.4,1087.0
2026-05-15 10:35:00,1348.0,1350.7,1346.3,1347.0,64803.0
2026-05-15 10:40:00,1347.5,1347.5,1344.0,1345.5,1576.0
2026-05-15 10:45:00,1344.1,1345.7,1342.7,1343.3,948.0
2026-05-15 10:50:00,1343.5,1345.1,1342.2,1342.5,1339.0
2026-05-15 10:55:00,1343.3,1347.5,1342.4,1345.2,2585.0
2026-05-15 11:00:00,1345.2,1345.2,1339.0,1339.1,3806.0
2026-05-15 11:05:00,1339.0,1339.4,1335.9,1339.3,8688.0
2026-05-15 11:10:00,1339.1,1340.6,1336.8,1337.3,2230.0
2026-05-15 11:15:00,1336.2,1340.0,1336.2,1339.2,2931.0
2026-05-15 11:20:00,1339.9,1339.9,1336.8,1337.6,2836.0
2026-05-15 11:25:00,1337.6,1339.1,1335.1,1338.6,5485.0
2026-05-15 11:30:00,1337.5,1338.6,1336.7,1338.0,1464.0
2026-05-15 11:35:00,1337.0,1337.6,1335.0,1335.8,2765.0
2026-05-15 11:40:00,1336.2,1337.4,1331.6,1337.1,12943.0
2026-05-15 11:45:00,1336.9,1339.2,1335.4,1338.0,1714.0
2026-05-15 11:50:00,1338.8,1338.8,1335.0,1335.4,1878.0
2026-05-15 11:55:00,1335.0,1335.7,1334.0,1334.1,3744.0
2026-05-15 12:00:00,1334.3,1334.3,1331.2,1332.9,5968.0
2026-05-15 12:05:00,1333.4,1335.3,1332.3,1334.4,1969.0
2026-05-15 12:10:00,1334.4,1334.6,1331.3,1332.0,1060.0
2026-05-15 12:15:00,1332.1,1332.6,1331.5,1332.3,245.0
2026-05-15 12:20:00,1330.2,1331.0,1326.8,1327.6,5605.0
2026-05-15 12:25:00,1327.0,1328.0,1316.2,1316.4,18465.0
2026-05-15 12:30:00,1316.5,1317.5,1315.0,1317.4,5865.0
2026-05-15 12:35:00,1317.4,1320.5,1317.0,1318.4,3567.0
2026-05-15 12:40:00,1318.2,1321.3,1317.3,1317.3,11304.0
2026-05-15 12:45:00,1318.6,1324.7,1317.8,1324.5,31045.0
2026-05-15 12:50:00,1324.0,1325.4,1322.0,1323.0,4536.0
2026-05-15 12:55:00,1323.9,1324.1,1322.0,1322.2,4911.0
2026-05-15 13:00:00,1322.3,1323.5,1320.2,1321.0,7194.0
2026-05-15 13:05:00,1321.0,1321.9,1318.8,1318.8,11099.0
2026-05-15 13:10:00,1320.6,1322.0,1319.1,1322.0,14122.0
2026-05-15 13:15:00,1321.9,1324.9,1321.9,1324.9,14323.0
2026-05-15 13:20:00,1324.9,1325.5,1321.1,1321.8,6285.0
2026-05-15 13:25:00,1321.0,1322.0,1319.4,1321.1,14341.0
2026-05-15 13:30:00,1319.5,1323.5,1318.0,1323.5,19134.0
2026-05-15 13:35:00,1325.0,1328.5,1324.0,1326.0,13334.0
2026-05-15 13:40:00,1326.0,1326.0,1322.0,1324.6,13807.0
2026-05-15 13:45:00,1323.9,1324.9,1318.6,1320.0,6795.0
2026-05-15 13:50:00,1320.0,1321.8,1318.6,1319.5,8151.0
2026-05-15 13:55:00,1319.6,1319.6,1312.6,1317.9,13632.0
2026-05-15 14:00:00,1316.9,1316.9,1311.3,1312.8,4149.0
2026-05-15 14:05:00,1312.0,1315.2,1310.6,1313.5,6594.0
2026-05-15 14:10:00,1313.2,1316.5,1312.7,1315.1,4269.0
2026-05-15 14:15:00,1315.1,1315.4,1313.0,1314.6,2718.0
2026-05-15 14:20:00,1314.7,1319.8,1314.7,1317.2,2317.0
2026-05-15 14:25:00,1317.2,1317.5,1314.0,1315.0,9094.0
2026-05-15 14:30:00,1316.9,1319.9,1315.0,1319.9,17793.0
2026-05-15 14:35:00,1319.8,1322.5,1317.3,1320.9,18153.0
2026-05-15 14:40:00,1321.0,1324.0,1321.0,1321.6,11900.0
2026-05-15 14:45:00,1321.6,1321.9,1316.0,1316.9,18538.0
2026-05-15 14:50:00,1316.9,1316.9,1312.0,1314.3,24695.0
2026-05-15 14:55:00,1314.6,1314.7,1308.3,1310.7,26824.0
2026-05-15 15:00:00,1310.0,1312.0,1307.2,1310.2,25354.0
2026-05-15 15:05:00,1310.5,1312.0,1308.4,1310.2,24016.0
2026-05-15 15:10:00,1311.0,1311.7,1307.0,1307.2,26356.0
2026-05-15 15:15:00,1305.5,1310.0,1303.3,1309.7,34746.0
2026-05-15 15:20:00,1310.0,1312.8,1306.0,1307.9,18862.0
2026-05-15 15:25:00,1306.9,1309.5,1304.1,1309.5,18522.0
2026-05-18 09:15:00,1309.0,1318.0,1300.0,1306.2,44648.0
2026-05-18 09:20:00,1307.4,1310.3,1300.7,1305.2,13207.0
2026-05-18 09:25:00,1304.5,1305.8,1282.1,1291.5,51070.0
2026-05-18 09:30:00,1291.7,1294.6,1287.9,1292.5,12484.0
2026-05-18 09:35:00,1291.5,1294.2,1286.4,1288.2,13320.0
2026-05-18 09:40:00,1288.9,1291.2,1285.1,1286.2,8697.0
2026-05-18 09:45:00,1286.2,1286.2,1279.3,1283.4,15728.0
2026-05-18 09:50:00,1283.4,1284.5,1278.1,1281.1,25431.0
2026-05-18 09:55:00,1281.0,1285.9,1279.3,1284.9,10517.0
2026-05-18 10:00:00,1284.7,1290.6,1283.9,1288.8,8516.0
2026-05-18 10:05:00,1288.8,1292.0,1286.5,1288.7,3031.0
2026-05-18 10:10:00,1287.6,1291.6,1287.6,1291.4,5650.0
2026-05-18 10:15:00,1291.8,1295.4,1289.2,1290.2,6934.0
2026-05-18 10:20:00,1290.1,1290.1,1282.7,1283.9,2014.0
2026-05-18 10:25:00,1284.8,1285.3,1281.0,1283.6,2759.0
2026-05-18 10:30:00,1282.9,1285.3,1278.5,1285.3,4318.0
2026-05-18 10:35:00,1284.5,1290.0,1283.3,1290.0,5344.0
2026-05-18 10:40:00,1290.0,1293.1,1286.5,1289.8,4035.0
2026-05-18 10:45:00,1289.4,1293.6,1288.4,1291.2,2681.0
2026-05-18 10:50:00,1291.2,1294.6,1290.7,1294.0,1960.0
2026-05-18 10:55:00,1294.0,1294.0,1287.5,1288.4,3066.0
2026-05-18 11:00:00,1287.3,1293.5,1285.6,1292.8,3586.0
2026-05-18 11:05:00,1292.2,1297.7,1290.6,1297.7,4539.0
2026-05-18 11:10:00,1297.7,1298.0,1295.5,1297.0,2400.0
2026-05-18 11:15:00,1297.0,1298.4,1295.3,1297.9,1435.0
2026-05-18 11:20:00,1297.1,1301.0,1290.0,1290.2,12312.0
2026-05-18 11:25:00,1290.6,1292.9,1287.6,1290.7,2934.0
2026-05-18 11:30:00,1291.2,1293.9,1291.0,1293.0,1215.0
2026-05-18 11:35:00,1293.2,1294.5,1290.3,1293.4,1069.0
2026-05-18 11:40:00,1292.6,1292.9,1282.0,1284.6,4462.0
2026-05-18 11:45:00,1283.8,1285.5,1277.1,1280.4,6249.0
2026-05-18 11:50:00,1280.8,1281.6,1279.1,1279.7,2210.0
2026-05-18 11:55:00,1279.9,1283.2,1279.5,1283.1,4172.0
2026-05-18 12:00:00,1283.1,1284.2,1281.5,1283.0,2369.0
2026-05-18 12:05:00,1282.7,1283.5,1280.6,1281.6,2486.0
2026-05-18 12:10:00,1281.8,1284.9,1280.1,1282.3,3580.0
2026-05-18 12:15:00,1282.3,1283.8,1281.1,1282.7,1497.0
2026-05-18 12:20:00,1282.8,1288.7,1282.8,1287.0,131829.0
2026-05-18 12:25:00,1287.0,1290.0,1285.0,1289.9,5100.0
2026-05-18 12:30:00,1289.9,1293.0,1289.3,1291.7,4145.0
2026-05-18 12:35:00,1291.9,1292.3,1290.4,1292.0,1916.0
2026-05-18 12:40:00,1291.5,1291.5,1288.5,1290.0,3648.0
2026-05-18 12:45:00,1290.0,1292.7,1289.0,1290.4,4459.0
2026-05-18 12:50:00,1290.4,1292.7,1288.0,1289.8,5239.0
2026-05-18 12:55:00,1289.9,1291.4,1289.4,1290.1,1753.0
2026-05-18 13:00:00,1290.1,1291.3,1289.0,1290.4,2956.0
2026-05-18 13:05:00,1290.1,1290.1,1289.0,1289.8,580.0
2026-05-18 13:10:00,1289.9,1290.0,1288.2,1289.4,888.0
2026-05-18 13:15:00,1289.2,1290.0,1287.7,1287.7,1790.0
2026-05-18 13:20:00,1288.6,1288.9,1287.1,1288.8,351.0
2026-05-18 13:25:00,1288.8,1289.8,1287.4,1288.8,1230.0
2026-05-18 13:30:00,1288.6,1289.8,1286.4,1288.2,3115.0
2026-05-18 13:35:00,1288.3,1289.3,1284.6,1286.4,21038.0
2026-05-18 13:40:00,1286.6,1288.2,1284.3,1287.0,2335.0
2026-05-18 13:45:00,1287.4,1288.0,1285.2,1287.9,913.0
2026-05-18 13:50:00,1287.9,1289.4,1285.1,1289.4,2757.0
2026-05-18 13:55:00,1289.4,1290.0,1288.2,1289.4,2048.0
2026-05-18 14:00:00,1289.4,1289.9,1288.2,1289.4,1021.0
2026-05-18 14:05:00,1289.4,1289.4,1287.0,1288.4,2957.0
2026-05-18 14:10:00,1288.4,1299.9,1287.5,1295.0,38979.0
2026-05-18 14:15:00,1295.5,1298.7,1292.0,1292.4,36576.0
2026-05-18 14:20:00,1292.4,1293.6,1292.0,1293.4,1993.0
2026-05-18 14:25:00,1293.3,1294.7,1292.0,1293.3,3814.0
2026-05-18 14:30:00,1293.3,1296.0,1293.3,1294.1,8628.0
2026-05-18 14:35:00,1293.5,1293.5,1292.4,1292.4,1422.0
2026-05-18 14:40:00,1292.4,1296.4,1292.0,1294.8,8822.0
2026-05-18 14:45:00,1294.3,1295.0,1292.3,1292.5,2543.0
2026-05-18 14:50:00,1292.6,1293.0,1292.0,1292.1,5644.0
2026-05-18 14:55:00,1292.2,1293.2,1291.0,1292.1,20133.0
2026-05-18 15:00:00,1291.0,1300.4,1291.0,1298.8,22380.0
2026-05-18 15:05:00,1299.4,1300.8,1297.6,1299.4,12266.0
2026-05-18 15:10:00,1299.0,1299.1,1295.0,1297.2,6392.0
2026-05-18 15:15:00,1297.1,1303.9,1296.8,1302.3,7701.0
2026-05-18 15:20:00,1302.2,1304.7,1295.8,1298.0,14546.0
2026-05-18 15:25:00,1298.0,1300.0,1296.3,1298.5,8634.0
2026-05-19 09:15:00,1300.1,1306.5,1290.3,1297.9,21749.0
2026-05-19 09:20:00,1297.6,1300.0,1295.1,1297.0,5969.0
2026-05-19 09:25:00,1298.9,1303.0,1298.3,1300.7,7123.0
2026-05-19 09:30:00,1301.0,1302.7,1294.0,1294.3,14968.0
2026-05-19 09:35:00,1292.4,1299.6,1291.3,1295.9,5894.0
2026-05-19 09:40:00,1297.2,1302.6,1296.0,1299.3,3108.0
2026-05-19 09:45:00,1299.8,1299.8,1293.4,1297.3,1854.0
2026-05-19 09:50:00,1298.3,1298.3,1287.1,1287.9,17987.0
2026-05-19 09:55:00,1286.8,1288.0,1284.0,1285.0,7082.0
2026-05-19 10:00:00,1284.7,1291.2,1284.0,1286.5,14535.0
2026-05-19 10:05:00,1286.0,1286.8,1285.4,1286.2,1970.0
2026-05-19 10:10:00,1286.2,1287.3,1285.0,1287.3,2831.0
2026-05-19 10:15:00,1287.3,1287.3,1276.5,1278.3,13468.0
2026-05-19 10:20:00,1279.2,1281.8,1278.2,1279.8,6522.0
2026-05-19 10:25:00,1279.7,1282.9,1279.7,1282.0,7158.0
2026-05-19 10:30:00,1281.5,1281.5,1275.0,1279.9,24001.0
2026-05-19 10:35:00,1280.0,1280.0,1278.9,1280.0,3283.0
2026-05-19 10:40:00,1280.6,1281.4,1279.5,1280.0,4283.0
2026-05-19 10:45:00,1279.8,1281.8,1279.8,1281.0,4893.0
2026-05-19 10:50:00,1281.4,1281.7,1276.0,1276.3,6179.0
2026-05-19 10:55:00,1277.1,1285.7,1277.1,1282.1,16669.0
2026-05-19 11:00:00,1281.6,1285.1,1280.4,1283.4,22078.0
2026-05-19 11:05:00,1283.4,1286.7,1283.3,1284.0,7784.0
2026-05-19 11:10:00,1284.1,1285.5,1281.0,1281.1,3670.0
2026-05-19 11:15:00,1281.1,1282.2,1279.9,1279.9,5272.0
2026-05-19 11:20:00,1280.0,1280.9,1279.4,1280.2,6375.0
2026-05-19 11:25:00,1280.3,1281.4,1280.0,1280.3,4483.0
2026-05-19 11:30:00,1280.1,1284.7,1279.0,1284.7,8398.0
2026-05-19 11:35:00,1284.3,1286.9,1282.9,1282.9,22820.0
2026-05-19 11:40:00,1282.8,1287.8,1282.8,1284.2,8388.0
2026-05-19 11:45:00,1284.2,1285.4,1282.1,1283.1,4615.0
2026-05-19 11:50:00,1282.8,1283.4,1281.3,1282.6,4409.0
2026-05-19 11:55:00,1282.7,1282.7,1281.4,1281.9,3812.0
2026-05-19 12:00:00,1282.0,1282.0,1279.8,1279.9,2796.0
2026-05-19 12:05:00,1280.0,1280.0,1279.4,1280.0,7896.0
2026-05-19 12:10:00,1280.0,1281.7,1279.7,1280.8,8829.0
2026-05-19 12:15:00,1281.0,1281.6,1279.5,1280.0,3325.0
2026-05-19 12:20:00,1280.0,1280.0,1279.4,1280.0,2342.0
2026-05-19 12:25:00,1280.0,1280.9,1279.9,1280.5,5911.0
2026-05-19 12:30:00,1280.1,1280.7,1279.3,1280.0,3920.0
2026-05-19 12:35:00,1280.0,1282.5,1279.9,1282.4,6497.0
2026-05-19 12:40:00,1282.5,1283.6,1281.9,1282.8,5868.0
2026-05-19 12:45:00,1282.9,1283.9,1279.7,1280.0,8116.0
2026-05-19 12:50:00,1280.0,1280.0,1279.9,1280.0,1982.0
2026-05-19 12:55:00,1280.0,1281.5,1279.9,1280.4,4293.0
2026-05-19 13:00:00,1280.3,1281.3,1279.9,1280.0,5514.0
2026-05-19 13:05:00,1280.0,1281.7,1279.8,1281.3,4113.0
2026-05-19 13:10:00,1281.9,1281.9,1279.7,1280.0,1698.0
2026-05-19 13:15:00,1280.0,1280.9,1280.0,1280.0,5187.0
2026-05-19 13:20:00,1280.0,1280.1,1279.8,1280.0,1921.0
2026-05-19 13:25:00,1280.0,1281.7,1279.5,1279.9,9686.0
2026-05-19 13:30:00,1279.9,1280.1,1278.1,1280.0,4395.0
2026-05-19 13:35:00,1280.0,1280.0,1277.6,1279.7,3608.0
2026-05-19 13:40:00,1280.0,1280.0,1277.5,1279.2,6014.0
2026-05-19 13:45:00,1278.7,1278.8,1277.0,1278.5,2394.0
2026-05-19 13:50:00,1277.9,1280.0,1277.9,1279.6,2084.0
2026-05-19 13:55:00,1279.4,1280.0,1278.6,1279.6,3726.0
2026-05-19 14:00:00,1279.6,1280.0,1279.1,1280.0,1331.0
2026-05-19 14:05:00,1279.6,1280.2,1279.2,1280.2,3492.0
2026-05-19 14:10:00,1280.2,1280.2,1279.6,1279.8,1991.0
2026-05-19 14:15:00,1279.9,1280.0,1279.0,1279.9,2167.0
2026-05-19 14:20:00,1279.9,1280.0,1279.3,1279.8,1841.0
2026-05-19 14:25:00,1279.4,1280.0,1279.4,1279.9,2695.0
2026-05-19 14:30:00,1279.9,1279.9,1274.4,1276.9,14811.0
2026-05-19 14:35:00,1277.0,1278.1,1268.5,1272.6,13734.0
2026-05-19 14:40:00,1272.6,1278.4,1268.0,1277.9,35418.0
2026-05-19 14:45:00,1275.6,1276.8,1273.9,1276.3,15532.0
2026-05-19 14:50:00,1276.8,1277.2,1274.5,1275.0,4377.0
2026-05-19 14:55:00,1275.1,1278.6,1272.1,1273.2,18332.0
2026-05-19 15:00:00,1274.4,1276.1,1271.7,1272.0,11922.0
2026-05-19 15:05:00,1273.1,1281.0,1267.7,1281.0,61596.0
2026-05-19 15:10:00,1280.9,1286.0,1279.4,1286.0,68980.0
2026-05-19 15:15:00,1285.7,1289.0,1283.4,1288.7,16975.0
2026-05-19 15:20:00,1287.9,1292.0,1285.1,1292.0,22247.0
2026-05-19 15:25:00,1292.0,1292.0,1282.7,1286.7,9600.0
2026-05-20 09:15:00,1278.2,1286.8,1272.5,1283.6,11648.0
2026-05-20 09:20:00,1283.7,1292.5,1276.5,1289.5,17641.0
2026-05-20 09:25:00,1289.8,1289.9,1282.9,1288.7,11457.0
2026-05-20 09:30:00,1288.6,1298.0,1285.4,1298.0,18780.0
2026-05-20 09:35:00,1296.7,1303.5,1295.0,1301.3,18921.0
2026-05-20 09:40:00,1301.8,1304.4,1300.5,1304.3,17905.0
2026-05-20 09:45:00,1304.4,1324.0,1304.4,1321.6,48136.0
2026-05-20 09:50:00,1322.9,1335.0,1320.8,1333.7,75966.0
2026-05-20 09:55:00,1334.0,1335.0,1314.0,1318.4,75268.0
2026-05-20 10:00:00,1318.2,1322.0,1317.0,1319.6,16580.0
2026-05-20 10:05:00,1319.5,1323.1,1317.3,1321.9,24308.0
2026-05-20 10:10:00,1322.0,1328.7,1320.0,1324.5,28679.0
2026-05-20 10:15:00,1324.5,1324.5,1312.6,1315.6,28762.0
2026-05-20 10:20:00,1315.6,1316.1,1309.5,1310.1,14003.0
2026-05-20 10:25:00,1310.3,1315.7,1309.8,1315.0,5912.0
2026-05-20 10:30:00,1315.2,1322.0,1313.6,1318.4,14071.0
2026-05-20 10:35:00,1318.6,1322.5,1316.9,1322.4,6162.0
2026-05-20 10:40:00,1321.1,1324.1,1318.0,1321.0,9440.0
2026-05-20 10:45:00,1321.7,1323.7,1314.8,1315.8,5708.0
2026-05-20 10:50:00,1316.7,1321.7,1315.6,1320.5,16050.0
2026-05-20 10:55:00,1320.6,1325.0,1320.5,1324.8,10725.0
2026-05-20 11:00:00,1324.8,1325.0,1322.3,1325.0,7224.0
2026-05-20 11:05:00,1325.0,1327.0,1323.9,1326.5,7428.0
2026-05-20 11:10:00,1326.6,1332.7,1321.0,1329.1,27328.0
2026-05-20 11:15:00,1328.1,1333.6,1328.0,1330.8,15319.0
2026-05-20 11:20:00,1330.8,1334.5,1325.2,1326.2,24229.0
2026-05-20 11:25:00,1326.2,1327.0,1318.0,1322.0,14701.0
2026-05-20 11:30:00,1321.3,1322.4,1318.2,1320.8,8160.0
2026-05-20 11:35:00,1320.7,1324.5,1319.6,1322.7,4830.0
2026-05-20 11:40:00,1322.8,1324.7,1322.1,1322.9,5086.0
2026-05-20 11:45:00,1322.2,1324.8,1322.0,1323.5,3152.0
2026-05-20 11:50:00,1323.8,1324.8,1320.4,1322.6,6666.0
2026-05-20 11:55:00,1322.6,1325.0,1322.3,1323.8,4353.0
2026-05-20 12:00:00,1323.9,1323.9,1320.7,1323.0,3859.0
2026-05-20 12:05:00,1323.1,1323.1,1318.0,1320.0,8363.0
2026-05-20 12:10:00,1320.0,1320.5,1318.6,1319.5,4109.0
2026-05-20 12:15:00,1319.8,1320.5,1319.1,1320.5,2715.0
2026-05-20 12:20:00,1320.5,1321.5,1317.4,1318.7,24544.0
2026-05-20 12:25:00,1318.5,1319.2,1316.1,1317.9,5488.0
2026-05-20 12:30:00,1318.1,1320.0,1317.7,1319.7,6335.0
2026-05-20 12:35:00,1319.9,1320.5,1318.6,1319.3,2683.0
2026-05-20 12:40:00,1320.0,1320.0,1318.5,1320.0,3770.0
2026-05-20 12:45:00,1320.1,1320.1,1317.3,1319.0,4645.0
2026-05-20 12:50:00,1319.0,1320.0,1317.5,1319.9,2919.0
2026-05-20 12:55:00,1319.9,1320.5,1319.2,1320.5,2343.0
2026-05-20 13:00:00,1320.5,1320.5,1318.1,1319.1,4126.0
2026-05-20 13:05:00,1319.4,1320.0,1318.1,1320.0,3716.0
2026-05-20 13:10:00,1320.0,1320.5,1319.4,1320.4,4905.0
2026-05-20 13:15:00,1320.4,1321.5,1319.0,1321.0,5034.0
2026-05-20 13:20:00,1320.9,1322.0,1318.6,1319.4,3189.0
2026-05-20 13:25:00,1320.0,1321.0,1319.0,1319.4,3008.0
2026-05-20 13:30:00,1319.9,1320.8,1318.0,1318.2,4598.0
2026-05-20 13:35:00,1318.0,1319.0,1316.1,1317.8,7191.0
2026-05-20 13:40:00,1318.0,1318.0,1314.4,1315.0,8027.0
2026-05-20 13:45:00,1315.0,1315.7,1314.0,1315.7,4306.0
2026-05-20 13:50:00,1315.8,1320.0,1315.8,1318.8,5635.0
2026-05-20 13:55:00,1318.0,1318.0,1314.5,1315.0,3378.0
2026-05-20 14:00:00,1315.0,1317.0,1313.3,1314.8,5790.0
2026-05-20 14:05:00,1314.9,1316.0,1314.8,1316.0,3463.0
2026-05-20 14:10:00,1316.0,1319.2,1314.8,1318.9,7487.0
2026-05-20 14:15:00,1319.0,1319.6,1317.8,1319.0,1859.0
2026-05-20 14:20:00,1319.0,1319.9,1318.3,1319.4,1680.0
2026-05-20 14:25:00,1319.4,1319.8,1316.9,1318.0,4490.0
2026-05-20 14:30:00,1318.0,1318.9,1317.0,1318.4,3576.0
2026-05-20 14:35:00,1317.9,1319.5,1317.0,1318.0,14648.0
2026-05-20 14:40:00,1318.0,1318.9,1317.1,1318.5,4943.0
2026-05-20 14:45:00,1317.6,1320.0,1317.0,1318.1,6308.0
2026-05-20 14:50:00,1318.2,1319.5,1317.6,1319.1,7633.0
2026-05-20 14:55:00,1318.0,1318.9,1317.6,1318.1,7789.0
2026-05-20 15:00:00,1317.7,1319.5,1317.5,1318.1,13166.0
2026-05-20 15:05:00,1318.4,1318.8,1317.5,1317.8,17043.0
2026-05-20 15:10:00,1318.1,1319.0,1314.9,1315.9,16671.0
2026-05-20 15:15:00,1316.0,1319.1,1315.8,1318.5,25563.0
2026-05-20 15:20:00,1318.5,1318.5,1314.0,1315.4,20749.0
2026-05-20 15:25:00,1314.9,1318.7,1312.1,1318.7,14578.0
2026-05-21 09:15:00,1320.0,1332.0,1318.7,1331.7,23608.0
2026-05-21 09:20:00,1333.0,1338.0,1331.0,1332.5,35785.0
2026-05-21 09:25:00,1333.0,1338.6,1330.0,1336.4,7365.0
2026-05-21 09:30:00,1337.1,1350.0,1336.4,1348.4,63947.0
2026-05-21 09:35:00,1348.6,1350.0,1338.4,1341.6,29841.0
2026-05-21 09:40:00,1341.5,1350.0,1341.5,1347.6,14425.0
2026-05-21 09:45:00,1348.8,1349.9,1346.0,1348.5,23834.0
2026-05-21 09:50:00,1348.5,1350.0,1345.5,1348.7,14555.0
2026-05-21 09:55:00,1348.7,1357.5,1348.7,1355.9,36761.0
2026-05-21 10:00:00,1357.3,1357.7,1350.8,1352.1,14804.0
2026-05-21 10:05:00,1353.0,1355.8,1352.0,1354.9,8126.0
2026-05-21 10:10:00,1354.4,1356.9,1352.6,1354.9,15441.0
2026-05-21 10:15:00,1353.8,1355.0,1353.7,1354.3,6970.0
2026-05-21 10:20:00,1354.3,1356.9,1351.1,1354.3,13926.0
2026-05-21 10:25:00,1354.3,1355.0,1345.0,1347.6,25755.0
2026-05-21 10:30:00,1348.3,1349.9,1347.0,1348.1,6991.0
2026-05-21 10:35:00,1347.7,1349.9,1343.6,1344.7,9084.0
2026-05-21 10:40:00,1344.6,1349.9,1341.7,1349.1,9085.0
2026-05-21 10:45:00,1349.1,1354.0,1347.9,1353.5,31203.0
2026-05-21 10:50:00,1353.9,1354.3,1347.0,1348.1,35423.0
2026-05-21 10:55:00,1348.0,1350.0,1346.9,1348.3,14551.0
2026-05-21 11:00:00,1348.3,1349.0,1343.9,1346.5,11346.0
2026-05-21 11:05:00,1346.5,1348.0,1346.5,1347.6,9577.0
2026-05-21 11:10:00,1348.0,1350.4,1347.6,1349.1,9464.0
2026-05-21 11:15:00,1349.1,1350.0,1346.5,1349.3,7395.0
2026-05-21 11:20:00,1349.9,1351.9,1349.3,1350.4,5243.0
2026-05-21 11:25:00,1350.9,1352.4,1349.5,1351.2,7408.0
2026-05-21 11:30:00,1352.0,1352.0,1347.6,1348.5,17294.0
2026-05-21 11:35:00,1348.5,1352.4,1348.5,1351.1,7703.0
2026-05-21 11:40:00,1351.2,1352.3,1348.6,1350.6,8967.0
2026-05-21 11:45:00,1349.8,1350.6,1348.4,1349.5,9848.0
2026-05-21 11:50:00,1350.3,1350.9,1349.0,1350.0,6344.0
2026-05-21 11:55:00,1349.8,1350.6,1348.5,1349.2,7848.0
2026-05-21 12:00:00,1350.0,1350.8,1347.3,1348.1,8425.0
2026-05-21 12:05:00,1348.0,1350.0,1347.0,1349.1,8742.0
2026-05-21 12:10:00,1349.8,1350.4,1347.2,1348.0,6577.0
2026-05-21 12:15:00,1348.0,1350.3,1347.9,1349.4,7799.0
2026-05-21 12:20:00,1349.9,1350.3,1347.1,1348.4,10547.0
2026-05-21 12:25:00,1344.0,1346.2,1338.4,1338.4,37988.0
2026-05-21 12:30:00,1337.0,1339.5,1332.1,1338.0,5679.0
2026-05-21 12:35:00,1338.7,1340.0,1334.4,1335.0,3676.0
2026-05-21 12:40:00,1335.0,1347.3,1331.5,1346.0,12694.0
2026-05-21 12:45:00,1346.0,1346.7,1338.3,1340.1,3810.0
2026-05-21 12:50:00,1340.1,1343.9,1340.1,1342.8,1981.0
2026-05-21 12:55:00,1342.9,1343.0,1340.9,1342.1,2002.0
2026-05-21 13:00:00,1342.9,1343.0,1338.0,1339.9,3951.0
2026-05-21 13:05:00,1340.8,1342.0,1339.1,1341.0,2347.0
2026-05-21 13:10:00,1340.7,1342.0,1340.1,1340.3,1832.0
2026-05-21 13:15:00,1341.2,1341.8,1339.7,1341.3,1486.0
2026-05-21 13:20:00,1340.3,1342.0,1337.5,1338.4,7812.0
2026-05-21 13:25:00,1338.4,1340.1,1337.5,1338.7,2073.0
2026-05-21 13:30:00,1338.7,1341.9,1338.6,1341.5,6126.0
2026-05-21 13:35:00,1340.9,1343.9,1338.7,1340.5,7230.0
2026-05-21 13:40:00,1339.9,1344.9,1337.3,1342.6,9454.0
2026-05-21 13:45:00,1341.9,1348.9,1339.4,1343.4,25533.0
2026-05-21 13:50:00,1343.6,1345.0,1340.6,1341.9,2806.0
2026-05-21 13:55:00,1342.3,1343.4,1337.0,1337.4,13797.0
2026-05-21 14:00:00,1337.4,1338.4,1333.6,1334.2,9708.0
2026-05-21 14:05:00,1334.9,1335.1,1333.1,1334.3,5081.0
2026-05-21 14:10:00,1335.0,1335.3,1333.2,1333.2,14033.0
2026-05-21 14:15:00,1334.0,1335.2,1332.1,1332.8,11638.0
2026-05-21 14:20:00,1333.5,1334.0,1328.0,1328.9,21439.0
2026-05-21 14:25:00,1329.7,1329.7,1325.9,1326.3,7529.0
2026-05-21 14:30:00,1326.8,1329.0,1325.0,1328.2,2399.0
2026-05-21 14:35:00,1328.2,1330.0,1327.8,1328.9,2612.0
2026-05-21 14:40:00,1328.7,1330.0,1325.7,1325.9,14612.0
2026-05-21 14:45:00,1325.9,1330.0,1325.1,1328.8,5375.0
2026-05-21 14:50:00,1329.5,1330.0,1327.5,1328.8,5150.0
2026-05-21 14:55:00,1329.6,1330.0,1328.4,1329.2,2773.0
2026-05-21 15:00:00,1328.4,1329.9,1326.5,1329.6,5903.0
2026-05-21 15:05:00,1329.5,1329.5,1327.0,1328.3,3328.0
2026-05-21 15:10:00,1328.3,1329.5,1327.0,1328.8,8729.0
2026-05-21 15:15:00,1327.0,1333.0,1326.5,1330.7,22222.0
2026-05-21 15:20:00,1330.0,1335.8,1328.2,1329.1,29487.0
2026-05-21 15:25:00,1328.8,1330.6,1327.2,1329.1,17917.0
2026-05-22 09:15:00,1281.9,1306.8,1263.3,1265.5,167109.0
2026-05-22 09:20:00,1264.8,1279.4,1252.2,1263.0,274517.0
2026-05-22 09:25:00,1264.1,1266.0,1260.0,1264.1,112019.0
2026-05-22 09:30:00,1263.7,1265.9,1260.0,1264.0,65384.0
2026-05-22 09:35:00,1263.9,1274.9,1260.5,1267.6,58031.0
2026-05-22 09:40:00,1266.5,1282.5,1262.9,1279.0,110268.0
2026-05-22 09:45:00,1279.2,1279.7,1272.1,1272.2,39440.0
2026-05-22 09:50:00,1273.9,1280.0,1272.0,1276.9,63274.0
2026-05-22 09:55:00,1277.7,1280.0,1270.2,1278.8,56198.0
2026-05-22 10:00:00,1279.1,1284.4,1272.8,1282.8,88535.0
2026-05-22 10:05:00,1282.1,1286.0,1279.6,1284.4,20353.0
2026-05-22 10:10:00,1284.2,1284.6,1282.2,1283.7,12371.0
2026-05-22 10:15:00,1283.7,1287.3,1278.5,1280.8,28229.0
2026-05-22 10:20:00,1279.9,1283.6,1279.6,1281.7,8019.0
2026-05-22 10:25:00,1281.6,1286.0,1280.5,1284.6,18629.0
2026-05-22 10:30:00,1285.2,1290.0,1280.8,1290.0,33973.0
2026-05-22 10:35:00,1289.9,1289.9,1285.2,1287.0,23458.0
2026-05-22 10:40:00,1286.9,1294.7,1286.9,1293.8,40967.0
2026-05-22 10:45:00,1294.0,1295.0,1291.0,1291.7,46816.0
2026-05-22 10:50:00,1290.9,1294.0,1288.0,1290.0,25007.0
2026-05-22 10:55:00,1290.0,1290.0,1285.7,1286.5,12426.0
2026-05-22 11:00:00,1286.4,1288.0,1285.1,1286.7,7144.0
2026-05-22 11:05:00,1286.7,1286.9,1282.1,1284.5,4813.0
2026-05-22 11:10:00,1284.1,1284.2,1279.9,1280.4,11614.0
2026-05-22 11:15:00,1280.4,1280.4,1277.6,1278.8,8567.0
2026-05-22 11:20:00,1278.1,1284.9,1277.0,1282.6,8332.0
2026-05-22 11:25:00,1282.3,1288.0,1280.5,1284.0,14788.0
2026-05-22 11:30:00,1284.6,1286.7,1281.1,1286.0,15032.0
2026-05-22 11:35:00,1284.4,1285.9,1283.3,1285.1,1489.0
2026-05-22 11:40:00,1284.8,1287.0,1284.2,1286.8,3387.0
2026-05-22 11:45:00,1287.0,1287.6,1281.9,1283.2,12703.0
2026-05-22 11:50:00,1282.6,1283.3,1280.9,1283.0,4184.0
2026-05-22 11:55:00,1283.0,1283.1,1281.5,1283.0,2866.0
2026-05-22 12:00:00,1283.0,1283.4,1281.6,1282.4,1625.0
2026-05-22 12:05:00,1282.7,1290.6,1280.6,1284.4,16538.0
2026-05-22 12:10:00,1284.7,1286.4,1284.6,1284.6,3513.0
2026-05-22 12:15:00,1285.7,1287.5,1275.2,1278.3,33557.0
2026-05-22 12:20:00,1278.2,1279.0,1273.8,1274.0,19619.0
2026-05-22 12:25:00,1273.8,1279.0,1273.8,1278.6,6040.0
2026-05-22 12:30:00,1278.4,1280.9,1277.3,1280.2,25355.0
2026-05-22 12:35:00,1280.7,1280.7,1274.1,1279.0,20912.0
2026-05-22 12:40:00,1279.2,1283.4,1275.2,1277.2,34513.0
2026-05-22 12:45:00,1276.1,1276.1,1262.0,1262.2,160047.0
2026-05-22 12:50:00,1266.7,1279.2,1266.4,1277.9,118613.0
2026-05-22 12:55:00,1277.9,1280.9,1276.0,1279.2,30988.0
2026-05-22 13:00:00,1278.9,1282.0,1275.7,1275.7,5909.0
2026-05-22 13:05:00,1276.7,1276.7,1273.4,1274.9,12647.0
2026-05-22 13:10:00,1274.1,1276.5,1273.5,1273.6,5482.0
2026-05-22 13:15:00,1274.4,1275.0,1274.0,1274.9,753.0
2026-05-22 13:20:00,1274.9,1275.0,1273.5,1274.0,2070.0
2026-05-22 13:25:00,1275.0,1275.9,1273.5,1275.7,4518.0
2026-05-22 13:30:00,1274.8,1277.8,1273.4,1275.0,16706.0
2026-05-22 13:35:00,1275.5,1276.5,1273.8,1274.0,20347.0
2026-05-22 13:40:00,1274.0,1277.1,1273.1,1273.5,19984.0
2026-05-22 13:45:00,1274.1,1274.7,1266.8,1273.8,45852.0
2026-05-22 13:50:00,1273.8,1275.0,1272.0,1273.8,16109.0
2026-05-22 13:55:00,1275.0,1275.0,1273.1,1274.0,12111.0
2026-05-22 14:00:00,1274.1,1274.3,1272.8,1274.0,6621.0
2026-05-22 14:05:00,1274.0,1278.8,1273.2,1278.6,11514.0
2026-05-22 14:10:00,1277.9,1278.6,1265.0,1265.0,213900.0
2026-05-22 14:15:00,1265.0,1269.4,1261.3,1268.7,29826.0
2026-05-22 14:20:00,1268.2,1268.9,1266.0,1266.4,10565.0
2026-05-22 14:25:00,1266.0,1266.9,1264.5,1266.9,8629.0
2026-05-22 14:30:00,1266.5,1269.0,1266.0,1268.1,11865.0
2026-05-22 14:35:00,1268.9,1273.7,1268.0,1272.4,18002.0
2026-05-22 14:40:00,1272.3,1276.0,1272.3,1275.0,23739.0
2026-05-22 14:45:00,1275.0,1276.3,1274.0,1274.3,6085.0
2026-05-22 14:50:00,1274.3,1277.0,1273.4,1276.6,23122.0
2026-05-22 14:55:00,1276.2,1279.0,1275.0,1276.2,25649.0
2026-05-22 15:00:00,1277.1,1279.9,1276.0,1279.0,21244.0
2026-05-22 15:05:00,1279.5,1281.0,1277.6,1279.0,35593.0
2026-05-22 15:10:00,1279.1,1280.7,1276.9,1278.5,19327.0
2026-05-22 15:15:00,1278.5,1280.9,1276.9,1277.5,18511.0
2026-05-22 15:20:00,1277.5,1277.6,1274.0,1274.0,18451.0
2026-05-22 15:25:00,1273.6,1276.3,1272.1,1273.4,17059.0
2026-05-25 09:15:00,1284.9,1303.8,1284.9,1302.4,31442.0
2026-05-25 09:20:00,1303.5,1312.7,1301.8,1309.8,23991.0
2026-05-25 09:25:00,1310.6,1312.3,1308.0,1308.3,11440.0
2026-05-25 09:30:00,1308.3,1308.5,1296.4,1298.7,23222.0
2026-05-25 09:35:00,1299.3,1308.5,1295.6,1308.0,12653.0
2026-05-25 09:40:00,1308.0,1308.2,1303.2,1306.2,6810.0
2026-05-25 09:45:00,1305.2,1309.2,1304.9,1308.6,5638.0
2026-05-25 09:50:00,1307.6,1310.0,1302.9,1303.7,6564.0
2026-05-25 09:55:00,1303.8,1311.5,1302.7,1311.5,25309.0
2026-05-25 10:00:00,1316.9,1321.4,1316.5,1317.5,20268.0
2026-05-25 10:05:00,1317.5,1318.0,1314.1,1317.2,6894.0
2026-05-25 10:10:00,1316.2,1317.8,1315.2,1317.3,6719.0
2026-05-25 10:15:00,1317.3,1317.5,1315.8,1315.9,1620.0
2026-05-25 10:20:00,1315.9,1317.0,1314.8,1315.0,6120.0
2026-05-25 10:25:00,1315.0,1317.5,1314.8,1316.8,6755.0
2026-05-25 10:30:00,1316.9,1317.5,1305.9,1306.1,13345.0
2026-05-25 10:35:00,1304.4,1305.3,1300.0,1301.1,13383.0
2026-05-25 10:40:00,1300.6,1307.9,1299.1,1306.7,7108.0
2026-05-25 10:45:00,1305.7,1305.7,1298.0,1303.6,7260.0
2026-05-25 10:50:00,1303.6,1303.8,1301.8,1303.8,2072.0
2026-05-25 10:55:00,1303.1,1304.5,1300.7,1300.7,6875.0
2026-05-25 11:00:00,1300.0,1302.3,1299.2,1301.1,1682.0
2026-05-25 11:05:00,1300.5,1303.4,1299.8,1302.4,2579.0
2026-05-25 11:10:00,1302.0,1302.3,1296.0,1297.3,5907.0
2026-05-25 11:15:00,1297.2,1301.0,1295.2,1300.0,4643.0
2026-05-25 11:20:00,1299.0,1302.0,1297.0,1297.2,6563.0
2026-05-25 11:25:00,1296.4,1297.9,1295.0,1295.0,4558.0
2026-05-25 11:30:00,1295.5,1297.5,1293.5,1294.9,7209.0
2026-05-25 11:35:00,1294.2,1297.1,1294.2,1296.9,2180.0
2026-05-25 11:40:00,1296.8,1297.3,1294.0,1294.0,6822.0
2026-05-25 11:45:00,1294.0,1295.4,1286.2,1287.0,9846.0
2026-05-25 11:50:00,1286.2,1294.5,1286.2,1293.4,7917.0
2026-05-25 11:55:00,1293.3,1294.3,1291.8,1293.0,1732.0
2026-05-25 12:00:00,1293.0,1293.0,1291.1,1292.2,1042.0
2026-05-25 12:05:00,1291.8,1292.6,1288.8,1290.2,6892.0
2026-05-25 12:10:00,1290.2,1290.8,1289.7,1290.3,570.0
2026-05-25 12:15:00,1290.3,1292.0,1289.0,1291.9,3604.0
2026-05-25 12:20:00,1291.9,1291.9,1289.9,1291.0,2233.0
2026-05-25 12:25:00,1291.0,1293.3,1288.2,1292.1,4849.0
2026-05-25 12:30:00,1292.8,1294.7,1291.5,1293.8,2486.0
2026-05-25 12:35:00,1293.2,1294.7,1292.0,1294.5,1812.0
2026-05-25 12:40:00,1293.8,1295.2,1293.0,1294.1,1853.0
2026-05-25 12:45:00,1294.1,1294.1,1290.2,1290.7,3838.0
2026-05-25 12:50:00,1290.8,1294.2,1290.3,1294.2,2022.0
2026-05-25 12:55:00,1293.4,1293.5,1290.9,1293.2,2417.0
2026-05-25 13:00:00,1293.0,1295.0,1292.0,1295.0,3842.0
2026-05-25 13:05:00,1293.9,1296.6,1293.4,1295.1,2716.0
2026-05-25 13:10:00,1295.7,1297.5,1295.2,1295.5,1815.0
2026-05-25 13:15:00,1296.3,1301.4,1295.2,1298.0,6567.0
2026-05-25 13:20:00,1297.9,1298.5,1296.4,1298.4,858.0
2026-05-25 13:25:00,1297.8,1299.7,1297.2,1297.9,1794.0
2026-05-25 13:30:00,1297.2,1297.5,1296.4,1296.4,1186.0
2026-05-25 13:35:00,1297.3,1297.3,1296.3,1296.6,401.0
2026-05-25 13:40:00,1296.6,1297.6,1295.3,1296.0,1300.0
2026-05-25 13:45:00,1296.7,1297.9,1295.7,1297.9,989.0
2026-05-25 13:50:00,1297.2,1298.6,1295.1,1298.6,2087.0
2026-05-25 13:55:00,1297.8,1298.6,1297.8,1298.6,414.0
2026-05-25 14:00:00,1298.0,1299.0,1298.0,1298.1,917.0
2026-05-25 14:05:00,1298.1,1299.1,1297.8,1298.2,1502.0
2026-05-25 14:10:00,1298.2,1299.8,1298.2,1299.2,742.0
2026-05-25 14:15:00,1299.2,1299.9,1297.6,1298.1,2527.0
2026-05-25 14:20:00,1298.1,1299.8,1298.0,1299.8,1481.0
2026-05-25 14:25:00,1298.8,1299.8,1295.0,1298.5,12812.0
2026-05-25 14:30:00,1298.2,1298.2,1297.2,1298.0,1356.0
2026-05-25 14:35:00,1298.0,1298.0,1297.4,1297.8,3259.0
2026-05-25 14:40:00,1298.0,1299.9,1297.9,1299.4,3082.0
2026-05-25 14:45:00,1298.3,1302.7,1298.3,1299.6,6067.0
2026-05-25 14:50:00,1299.6,1301.6,1298.0,1301.1,2465.0
2026-05-25 14:55:00,1300.5,1301.6,1300.3,1300.7,2469.0
2026-05-25 15:00:00,1301.3,1301.6,1299.3,1299.3,5385.0
2026-05-25 15:05:00,1299.7,1301.5,1295.2,1299.4,12866.0
2026-05-25 15:10:00,1300.2,1301.4,1298.3,1298.9,4907.0
2026-05-25 15:15:00,1299.0,1300.0,1296.3,1299.1,8532.0
2026-05-25 15:20:00,1299.1,1299.1,1295.6,1296.7,8715.0
2026-05-25 15:25:00,1296.6,1300.0,1290.2,1295.1,15520.0
2026-05-26 09:15:00,1294.9,1321.0,1290.1,1319.2,36280.0
2026-05-26 09:20:00,1320.6,1321.0,1317.0,1320.0,22531.0
2026-05-26 09:25:00,1319.3,1320.0,1317.7,1318.0,5212.0
2026-05-26 09:30:00,1318.0,1321.0,1318.0,1319.4,16016.0
2026-05-26 09:35:00,1320.0,1321.0,1316.7,1320.7,7576.0
2026-05-26 09:40:00,1320.7,1325.0,1319.3,1323.1,19520.0
2026-05-26 09:45:00,1324.2,1324.7,1322.0,1322.8,4510.0
2026-05-26 09:50:00,1323.3,1324.2,1322.0,1323.3,3329.0
2026-05-26 09:55:00,1323.2,1323.9,1322.0,1323.4,5400.0
2026-05-26 10:00:00,1323.4,1330.0,1322.9,1329.0,20678.0
2026-05-26 10:05:00,1329.0,1333.9,1328.0,1333.1,40731.0
2026-05-26 10:10:00,1333.1,1336.0,1333.0,1333.0,16331.0
2026-05-26 10:15:00,1333.0,1337.8,1332.0,1336.4,18749.0
2026-05-26 10:20:00,1337.7,1337.7,1332.4,1334.0,7690.0
2026-05-26 10:25:00,1334.0,1335.1,1332.2,1332.6,4548.0
2026-05-26 10:30:00,1332.6,1333.2,1330.0,1331.2,14883.0
2026-05-26 10:35:00,1331.9,1334.0,1331.1,1331.8,3054.0
2026-05-26 10:40:00,1331.8,1333.0,1331.5,1331.5,858.0
2026-05-26 10:45:00,1332.0,1332.2,1328.0,1330.9,12174.0
2026-05-26 10:50:00,1329.7,1333.9,1328.8,1331.6,2497.0
2026-05-26 10:55:00,1331.6,1334.9,1329.9,1334.2,4100.0
2026-05-26 11:00:00,1334.7,1334.9,1330.5,1332.2,2328.0
2026-05-26 11:05:00,1333.0,1333.1,1331.5,1333.1,4590.0
2026-05-26 11:10:00,1333.1,1334.0,1327.0,1333.3,5199.0
2026-05-26 11:15:00,1332.4,1334.7,1327.7,1329.1,15896.0
2026-05-26 11:20:00,1330.0,1330.0,1326.0,1326.3,5456.0
2026-05-26 11:25:00,1326.9,1328.0,1326.3,1326.8,2069.0
2026-05-26 11:30:00,1326.6,1326.8,1325.3,1326.2,2583.0
2026-05-26 11:35:00,1326.8,1329.7,1325.5,1328.0,4132.0
2026-05-26 11:40:00,1328.8,1329.3,1327.7,1328.3,1767.0
2026-05-26 11:45:00,1327.7,1329.4,1327.7,1329.3,1390.0
2026-05-26 11:50:00,1328.8,1330.4,1327.3,1327.3,2684.0
2026-05-26 11:55:00,1327.0,1329.9,1327.0,1328.1,2430.0
2026-05-26 12:00:00,1328.1,1328.7,1327.4,1328.7,1662.0
2026-05-26 12:05:00,1328.7,1329.8,1328.2,1328.3,1764.0
2026-05-26 12:10:00,1329.1,1329.5,1328.0,1328.8,1153.0
2026-05-26 12:15:00,1328.8,1329.5,1328.0,1328.2,1841.0
2026-05-26 12:20:00,1329.1,1329.6,1327.5,1328.7,2615.0
2026-05-26 12:25:00,1327.9,1329.5,1324.8,1327.6,7803.0
2026-05-26 12:30:00,1327.6,1328.9,1326.9,1327.0,2034.0
2026-05-26 12:35:00,1327.7,1328.7,1326.9,1328.3,1155.0
2026-05-26 12:40:00,1328.7,1329.6,1328.3,1329.1,2602.0
2026-05-26 12:45:00,1329.0,1329.6,1325.7,1326.2,5337.0
2026-05-26 12:50:00,1326.2,1329.6,1325.1,1329.0,4677.0
2026-05-26 12:55:00,1329.0,1329.5,1326.0,1326.3,4466.0
2026-05-26 13:00:00,1326.8,1327.2,1321.2,1322.0,13006.0
2026-05-26 13:05:00,1322.3,1323.0,1319.5,1321.1,11450.0
2026-05-26 13:10:00,1321.3,1322.6,1320.7,1321.2,2358.0
2026-05-26 13:15:00,1320.7,1321.5,1317.0,1320.3,4073.0
2026-05-26 13:20:00,1319.5,1321.1,1318.5,1319.2,2474.0
2026-05-26 13:25:00,1320.0,1320.1,1317.0,1318.4,5261.0
2026-05-26 13:30:00,1318.4,1319.6,1318.1,1319.6,719.0
2026-05-26 13:35:00,1319.6,1319.9,1317.6,1318.4,1546.0
2026-05-26 13:40:00,1317.7,1319.1,1317.7,1317.7,1600.0
2026-05-26 13:45:00,1317.4,1319.0,1317.0,1319.0,3211.0
2026-05-26 13:50:00,1319.0,1319.0,1317.0,1318.6,2477.0
2026-05-26 13:55:00,1318.6,1319.8,1317.2,1317.8,2846.0
2026-05-26 14:00:00,1317.6,1317.9,1315.1,1315.5,2841.0
2026-05-26 14:05:00,1315.5,1315.5,1314.0,1315.4,3482.0
2026-05-26 14:10:00,1315.0,1315.5,1314.2,1315.1,1302.0
2026-05-26 14:15:00,1315.5,1315.5,1313.1,1314.0,1730.0
2026-05-26 14:20:00,1314.0,1316.7,1313.0,1316.7,6504.0
2026-05-26 14:25:00,1316.7,1318.2,1316.7,1318.1,4705.0
2026-05-26 14:30:00,1318.1,1318.8,1317.7,1318.6,3910.0
2026-05-26 14:35:00,1318.6,1318.7,1315.1,1317.8,3322.0
2026-05-26 14:40:00,1317.8,1318.6,1317.6,1318.5,1429.0
2026-05-26 14:45:00,1318.2,1320.7,1318.2,1320.0,4082.0
2026-05-26 14:50:00,1319.2,1319.2,1316.3,1316.9,8870.0
2026-05-26 14:55:00,1317.3,1320.0,1316.6,1319.9,3847.0
2026-05-26 15:00:00,1319.2,1319.2,1313.8,1316.6,5839.0
2026-05-26 15:05:00,1317.0,1318.9,1315.2,1318.2,5159.0
2026-05-26 15:10:00,1318.8,1321.1,1317.4,1320.1,9788.0
2026-05-26 15:15:00,1320.1,1322.3,1319.0,1320.0,9056.0
2026-05-26 15:20:00,1320.0,1320.8,1318.0,1319.8,6994.0
2026-05-26 15:25:00,1319.2,1320.7,1312.0,1319.9,8941.0
2026-05-27 09:15:00,1319.0,1350.0,1319.0,1350.0,45988.0
2026-05-27 09:20:00,1350.0,1361.0,1348.7,1360.2,55409.0
2026-05-27 09:25:00,1362.5,1365.0,1353.7,1359.3,49732.0
2026-05-27 09:30:00,1357.2,1364.8,1354.8,1357.0,72894.0
2026-05-27 09:35:00,1357.0,1364.8,1357.0,1360.0,20534.0
2026-05-27 09:40:00,1360.0,1362.8,1356.6,1362.0,18537.0
2026-05-27 09:45:00,1362.8,1363.1,1358.1,1361.0,12188.0
2026-05-27 09:50:00,1363.2,1371.0,1358.0,1360.8,91755.0
2026-05-27 09:55:00,1361.0,1367.6,1360.6,1367.4,22781.0
2026-05-27 10:00:00,1367.6,1380.0,1366.8,1368.0,103591.0
2026-05-27 10:05:00,1368.5,1370.0,1366.0,1367.9,17280.0
2026-05-27 10:10:00,1367.9,1369.8,1362.0,1365.3,17687.0
2026-05-27 10:15:00,1365.9,1370.1,1365.0,1369.9,13913.0
2026-05-27 10:20:00,1370.0,1370.6,1358.3,1362.4,20671.0
2026-05-27 10:25:00,1363.1,1368.4,1362.8,1367.8,6133.0
2026-05-27 10:30:00,1368.5,1369.5,1365.7,1366.8,11059.0
2026-05-27 10:35:00,1366.8,1368.6,1364.3,1364.4,6032.0
2026-05-27 10:40:00,1364.4,1365.2,1361.2,1362.6,4552.0
2026-05-27 10:45:00,1362.6,1363.9,1359.6,1361.6,5055.0
2026-05-27 10:50:00,1361.2,1363.0,1361.2,1361.5,7775.0
2026-05-27 10:55:00,1361.5,1365.8,1361.1,1362.1,9443.0
2026-05-27 11:00:00,1362.0,1363.2,1351.1,1353.0,39061.0
2026-05-27 11:05:00,1352.5,1355.6,1352.0,1355.3,7246.0
2026-05-27 11:10:00,1355.3,1358.4,1354.1,1357.7,5053.0
2026-05-27 11:15:00,1358.5,1358.8,1355.7,1356.2,5202.0
2026-05-27 11:20:00,1356.2,1356.2,1350.3,1353.2,8862.0
2026-05-27 11:25:00,1353.0,1354.7,1352.5,1354.7,4729.0
2026-05-27 11:30:00,1354.0,1363.4,1354.0,1359.1,24733.0
2026-05-27 11:35:00,1359.5,1359.9,1358.1,1358.4,3600.0
2026-05-27 11:40:00,1358.7,1360.0,1357.9,1358.8,3709.0
2026-05-27 11:45:00,1359.0,1360.0,1357.9,1359.0,3738.0
2026-05-27 11:50:00,1358.5,1359.4,1357.6,1358.7,4249.0
2026-05-27 11:55:00,1358.4,1362.0,1358.4,1360.3,23683.0
2026-05-27 12:00:00,1359.3,1362.0,1359.2,1362.0,2622.0
2026-05-27 12:05:00,1361.9,1369.9,1361.9,1369.2,19212.0
2026-05-27 12:10:00,1368.8,1369.5,1367.4,1368.2,5820.0
2026-05-27 12:15:00,1368.0,1368.1,1366.5,1366.9,3217.0
2026-05-27 12:20:00,1366.9,1368.0,1363.9,1366.6,6438.0
2026-05-27 12:25:00,1366.6,1368.4,1365.6,1366.4,5992.0
2026-05-27 12:30:00,1366.4,1367.5,1365.3,1366.5,4251.0
2026-05-27 12:35:00,1366.5,1368.0,1365.1,1365.1,3238.0
2026-05-27 12:40:00,1364.2,1366.8,1364.2,1364.9,3337.0
2026-05-27 12:45:00,1364.1,1367.9,1364.0,1367.9,2977.0
2026-05-27 12:50:00,1367.5,1367.5,1362.1,1362.7,3760.0
2026-05-27 12:55:00,1363.1,1363.5,1361.0,1361.2,2447.0
2026-05-27 13:00:00,1361.2,1362.6,1360.9,1361.5,4418.0
2026-05-27 13:05:00,1361.6,1364.6,1361.2,1363.0,4891.0
2026-05-27 13:10:00,1363.1,1366.0,1362.4,1363.2,6863.0
2026-05-27 13:15:00,1362.4,1363.1,1360.7,1362.7,2386.0
2026-05-27 13:20:00,1363.5,1365.9,1362.7,1365.0,7552.0
2026-05-27 13:25:00,1365.0,1365.9,1364.7,1365.5,4193.0
2026-05-27 13:30:00,1365.5,1368.2,1365.5,1367.1,7273.0
2026-05-27 13:35:00,1367.3,1369.1,1367.3,1368.0,7873.0
2026-05-27 13:40:00,1368.0,1369.4,1366.0,1367.0,6036.0
2026-05-27 13:45:00,1368.6,1369.6,1365.3,1368.6,10517.0
2026-05-27 13:50:00,1368.4,1372.9,1368.0,1372.3,14441.0
2026-05-27 13:55:00,1373.0,1374.7,1371.4,1373.3,10052.0
2026-05-27 14:00:00,1374.5,1374.6,1371.0,1371.6,7246.0
2026-05-27 14:05:00,1372.0,1374.0,1371.3,1373.2,5063.0
2026-05-27 14:10:00,1373.0,1373.6,1371.3,1371.7,9143.0
2026-05-27 14:15:00,1372.0,1373.9,1371.4,1372.2,5398.0
2026-05-27 14:20:00,1371.8,1372.8,1371.0,1371.0,5144.0
2026-05-27 14:25:00,1371.0,1373.3,1371.0,1372.6,7219.0
2026-05-27 14:30:00,1372.5,1373.5,1372.0,1373.5,3741.0
2026-05-27 14:35:00,1373.1,1374.8,1372.0,1373.9,38481.0
2026-05-27 14:40:00,1374.1,1375.0,1371.2,1371.3,33304.0
2026-05-27 14:45:00,1371.3,1372.8,1368.8,1371.5,11192.0
2026-05-27 14:50:00,1371.9,1373.3,1370.3,1371.3,6232.0
2026-05-27 14:55:00,1371.3,1374.5,1371.3,1373.2,7399.0
2026-05-27 15:00:00,1373.0,1374.8,1371.1,1372.0,45342.0
2026-05-27 15:05:00,1371.6,1374.8,1371.6,1373.8,18963.0
2026-05-27 15:10:00,1374.2,1374.8,1369.1,1371.6,34981.0
2026-05-27 15:15:00,1372.2,1374.5,1369.1,1373.3,25008.0
2026-05-27 15:20:00,1373.2,1374.8,1371.0,1373.2,36570.0
2026-05-27 15:25:00,1372.0,1374.8,1365.0,1374.0,22416.0
2026-05-29 09:15:00,1369.2,1369.2,1345.8,1360.6,28933.0
2026-05-29 09:20:00,1359.7,1367.8,1359.7,1363.9,15356.0
2026-05-29 09:25:00,1364.1,1368.4,1364.1,1367.7,9265.0
2026-05-29 09:30:00,1367.7,1379.9,1364.2,1379.2,38186.0
2026-05-29 09:35:00,1379.9,1394.4,1379.2,1392.4,83529.0
2026-05-29 09:40:00,1392.0,1394.7,1378.1,1382.8,64823.0
2026-05-29 09:45:00,1381.6,1387.0,1378.5,1382.9,49509.0
2026-05-29 09:50:00,1382.2,1383.3,1380.0,1380.7,11949.0
2026-05-29 09:55:00,1380.3,1384.8,1378.7,1383.9,33747.0
2026-05-29 10:00:00,1384.7,1384.7,1378.8,1378.8,239042.0
2026-05-29 10:05:00,1378.8,1388.4,1378.1,1384.0,50347.0
2026-05-29 10:10:00,1384.0,1388.8,1383.3,1388.0,56375.0
2026-05-29 10:15:00,1387.5,1394.8,1387.5,1392.0,38788.0
2026-05-29 10:20:00,1390.8,1393.8,1390.0,1392.9,10749.0
2026-05-29 10:25:00,1393.2,1393.8,1391.4,1391.9,8859.0
2026-05-29 10:30:00,1391.9,1393.0,1381.2,1383.3,32582.0
2026-05-29 10:35:00,1383.0,1385.0,1379.0,1380.7,12382.0
2026-05-29 10:40:00,1380.6,1383.3,1379.0,1381.9,8397.0
2026-05-29 10:45:00,1381.0,1384.8,1380.9,1384.5,7560.0
2026-05-29 10:50:00,1383.4,1384.5,1382.7,1383.4,6557.0
2026-05-29 10:55:00,1384.2,1386.0,1383.0,1385.9,10554.0
2026-05-29 11:00:00,1385.1,1387.0,1384.8,1386.0,11456.0
2026-05-29 11:05:00,1385.4,1393.7,1385.4,1393.7,15663.0
2026-05-29 11:10:00,1393.8,1393.8,1389.6,1391.2,13049.0
2026-05-29 11:15:00,1390.1,1392.0,1390.1,1391.9,8060.0
2026-05-29 11:20:00,1391.4,1393.0,1390.6,1393.0,7685.0
2026-05-29 11:25:00,1392.2,1394.8,1392.2,1394.8,12790.0
2026-05-29 11:30:00,1393.5,1394.8,1393.2,1394.7,16577.0
2026-05-29 11:35:00,1394.1,1394.8,1394.1,1394.8,10452.0
2026-05-29 11:40:00,1394.8,1394.8,1393.0,1394.8,16938.0
2026-05-29 11:45:00,1394.8,1394.8,1393.7,1394.5,9984.0
2026-05-29 11:50:00,1394.0,1394.8,1394.0,1394.6,6228.0
2026-05-29 11:55:00,1394.8,1394.8,1393.2,1394.3,9683.0
2026-05-29 12:00:00,1394.3,1394.7,1387.7,1392.5,22084.0
2026-05-29 12:05:00,1392.6,1394.4,1389.6,1392.0,8201.0
2026-05-29 12:10:00,1392.0,1392.9,1387.0,1388.8,14515.0
2026-05-29 12:15:00,1388.7,1392.6,1388.1,1392.6,6842.0
2026-05-29 12:20:00,1391.6,1394.7,1390.8,1394.5,8435.0
2026-05-29 12:25:00,1394.4,1394.6,1386.2,1392.2,12893.0
2026-05-29 12:30:00,1390.2,1393.7,1389.3,1392.0,9438.0
2026-05-29 12:35:00,1391.5,1394.0,1390.6,1394.0,6073.0
2026-05-29 12:40:00,1393.8,1394.8,1392.8,1394.6,10226.0
2026-05-29 12:45:00,1394.4,1394.4,1390.8,1392.5,12861.0
2026-05-29 12:50:00,1392.5,1393.6,1390.1,1390.1,13808.0
2026-05-29 12:55:00,1390.7,1390.9,1385.8,1386.4,8885.0
2026-05-29 13:00:00,1386.2,1386.2,1380.3,1380.4,9588.0
2026-05-29 13:05:00,1380.4,1382.0,1379.0,1381.4,7156.0
2026-05-29 13:10:00,1381.8,1382.0,1380.0,1381.0,3213.0
2026-05-29 13:15:00,1381.4,1385.2,1381.0,1382.7,4878.0
2026-05-29 13:20:00,1382.7,1383.8,1380.0,1380.7,2616.0
2026-05-29 13:25:00,1380.5,1383.0,1380.1,1382.1,1511.0
2026-05-29 13:30:00,1382.1,1383.7,1381.3,1381.3,2545.0
2026-05-29 13:35:00,1381.3,1383.0,1380.9,1382.6,2167.0
2026-05-29 13:40:00,1382.6,1383.6,1381.0,1381.5,2696.0
2026-05-29 13:45:00,1381.3,1383.4,1380.3,1381.0,3795.0
2026-05-29 13:50:00,1380.6,1382.6,1380.1,1382.5,4582.0
2026-05-29 13:55:00,1382.4,1385.5,1381.6,1385.5,6680.0
2026-05-29 14:00:00,1384.7,1386.5,1383.5,1386.0,4021.0
2026-05-29 14:05:00,1386.1,1387.5,1374.0,1376.8,43282.0
2026-05-29 14:10:00,1377.0,1378.3,1375.4,1376.1,10048.0
2026-05-29 14:15:00,1376.1,1377.8,1375.0,1376.4,6800.0
2026-05-29 14:20:00,1376.4,1378.5,1376.4,1377.8,3247.0
2026-05-29 14:25:00,1378.4,1379.4,1376.5,1377.8,4227.0
2026-05-29 14:30:00,1377.8,1383.4,1377.8,1380.0,17365.0
2026-05-29 14:35:00,1380.6,1382.3,1379.3,1382.0,5626.0
2026-05-29 14:40:00,1382.5,1383.9,1381.6,1383.0,5641.0
2026-05-29 14:45:00,1383.0,1385.7,1383.0,1385.1,6629.0
2026-05-29 14:50:00,1385.4,1386.0,1382.5,1383.9,9065.0
2026-05-29 14:55:00,1384.5,1384.5,1379.0,1380.9,20650.0
2026-05-29 15:00:00,1381.7,1381.7,1371.2,1375.0,86408.0
2026-05-29 15:05:00,1375.6,1378.8,1372.9,1374.8,110077.0
2026-05-29 15:10:00,1374.8,1378.5,1366.4,1371.9,102961.0
2026-05-29 15:15:00,1372.5,1384.9,1371.0,1384.3,110097.0
2026-05-29 15:20:00,1381.8,1388.8,1372.9,1378.4,126678.0
2026-05-29 15:25:00,1379.0,1388.0,1369.5,1380.0,95311.0
2026-06-01 09:15:00,1380.1,1398.8,1377.0,1392.7,66651.0
2026-06-01 09:20:00,1392.7,1398.8,1390.3,1398.2,42593.0
2026-06-01 09:25:00,1398.6,1398.8,1395.5,1397.5,22221.0
2026-06-01 09:30:00,1397.5,1398.8,1393.7,1395.9,37463.0
2026-06-01 09:35:00,1397.0,1398.0,1387.5,1393.0,41692.0
2026-06-01 09:40:00,1393.9,1394.7,1378.2,1387.3,35008.0
2026-06-01 09:45:00,1387.2,1394.2,1386.3,1387.2,13670.0
2026-06-01 09:50:00,1387.9,1390.0,1374.7,1376.0,24212.0
2026-06-01 09:55:00,1376.5,1379.0,1372.0,1378.0,17255.0
2026-06-01 10:00:00,1378.0,1379.7,1373.6,1379.4,21939.0
2026-06-01 10:05:00,1378.7,1385.0,1376.9,1385.0,20866.0
2026-06-01 10:10:00,1385.0,1385.0,1380.7,1380.7,7577.0
2026-06-01 10:15:00,1380.7,1384.0,1380.0,1382.2,8567.0
2026-06-01 10:20:00,1382.2,1384.4,1380.6,1382.4,4319.0
2026-06-01 10:25:00,1381.5,1384.8,1377.9,1381.3,7757.0
2026-06-01 10:30:00,1381.3,1384.9,1379.8,1381.5,9622.0
2026-06-01 10:35:00,1381.5,1383.9,1378.6,1381.7,9722.0
2026-06-01 10:40:00,1381.4,1384.6,1380.0,1384.2,5236.0
2026-06-01 10:45:00,1384.7,1388.2,1383.2,1387.3,9888.0
2026-06-01 10:50:00,1387.1,1388.0,1384.0,1387.8,4247.0
2026-06-01 10:55:00,1387.8,1391.4,1387.0,1389.9,5465.0
2026-06-01 11:00:00,1390.0,1391.6,1389.6,1390.7,3891.0
2026-06-01 11:05:00,1390.7,1393.3,1387.7,1388.0,10291.0
2026-06-01 11:10:00,1388.3,1389.5,1385.0,1388.2,3475.0
2026-06-01 11:15:00,1388.4,1390.7,1385.5,1387.3,5655.0
2026-06-01 11:20:00,1387.6,1388.1,1376.1,1379.8,10545.0
2026-06-01 11:25:00,1379.9,1379.9,1372.1,1373.0,13304.0
2026-06-01 11:30:00,1373.5,1374.9,1372.2,1372.6,4124.0
2026-06-01 11:35:00,1371.8,1374.3,1365.2,1366.2,20611.0
2026-06-01 11:40:00,1366.8,1369.8,1364.6,1368.8,6617.0
2026-06-01 11:45:00,1369.3,1372.0,1368.3,1372.0,3982.0
2026-06-01 11:50:00,1371.2,1372.0,1366.7,1368.6,10465.0
2026-06-01 11:55:00,1368.8,1370.0,1362.5,1365.1,6773.0
2026-06-01 12:00:00,1364.5,1367.8,1363.0,1367.4,3954.0
2026-06-01 12:05:00,1367.0,1368.5,1364.1,1366.8,3734.0
2026-06-01 12:10:00,1366.9,1371.0,1365.9,1369.7,1340.0
2026-06-01 12:15:00,1369.1,1374.0,1369.1,1373.5,3627.0
2026-06-01 12:20:00,1373.5,1374.0,1370.0,1371.3,5970.0
2026-06-01 12:25:00,1371.3,1372.9,1370.1,1372.4,1480.0
2026-06-01 12:30:00,1372.9,1374.0,1371.7,1372.8,3163.0
2026-06-01 12:35:00,1372.4,1375.0,1370.6,1374.6,15245.0
2026-06-01 12:40:00,1374.5,1375.0,1372.3,1374.0,1648.0
2026-06-01 12:45:00,1374.2,1375.0,1370.6,1372.9,4142.0
2026-06-01 12:50:00,1373.1,1374.0,1372.2,1374.0,5678.0
2026-06-01 12:55:00,1374.0,1374.0,1372.0,1373.9,1871.0
2026-06-01 13:00:00,1373.7,1374.0,1372.8,1373.5,4051.0
2026-06-01 13:05:00,1373.5,1374.0,1372.3,1373.0,2566.0
2026-06-01 13:10:00,1373.0,1373.2,1370.2,1372.1,2272.0
2026-06-01 13:15:00,1371.6,1378.0,1364.1,1376.1,29396.0
2026-06-01 13:20:00,1376.4,1377.8,1372.9,1374.9,33850.0
2026-06-01 13:25:00,1375.0,1375.9,1371.4,1373.5,25515.0
2026-06-01 13:30:00,1373.0,1375.6,1372.5,1373.2,5730.0
2026-06-01 13:35:00,1373.0,1375.0,1372.4,1374.4,2930.0
2026-06-01 13:40:00,1374.7,1375.0,1371.0,1371.8,2966.0
2026-06-01 13:45:00,1371.5,1372.3,1371.0,1372.0,1297.0
2026-06-01 13:50:00,1372.7,1373.8,1371.4,1373.0,3574.0
2026-06-01 13:55:00,1372.7,1373.5,1366.0,1373.1,2648.0
2026-06-01 14:00:00,1372.5,1378.8,1372.0,1377.7,16033.0
2026-06-01 14:05:00,1377.7,1379.9,1371.2,1372.1,18840.0
2026-06-01 14:10:00,1371.2,1372.3,1363.9,1367.4,19628.0
2026-06-01 14:15:00,1368.0,1368.1,1362.3,1368.0,16186.0
2026-06-01 14:20:00,1368.0,1369.6,1365.4,1367.9,11353.0
2026-06-01 14:25:00,1367.9,1370.8,1367.8,1370.0,2096.0
2026-06-01 14:30:00,1370.4,1371.8,1369.8,1370.7,1317.0
2026-06-01 14:35:00,1370.7,1374.5,1369.4,1374.0,2193.0
2026-06-01 14:40:00,1374.0,1375.0,1371.2,1372.6,5157.0
2026-06-01 14:45:00,1372.6,1375.0,1372.1,1372.6,3033.0
2026-06-01 14:50:00,1372.4,1373.4,1372.0,1373.4,1687.0
2026-06-01 14:55:00,1373.1,1373.6,1371.5,1371.5,4790.0
2026-06-01 15:00:00,1371.6,1373.3,1370.0,1370.9,13012.0
2026-06-01 15:05:00,1370.9,1375.8,1370.0,1375.8,15584.0
2026-06-01 15:10:00,1375.9,1384.0,1372.6,1383.6,22505.0
2026-06-01 15:15:00,1383.6,1384.0,1377.4,1377.4,23446.0
2026-06-01 15:20:00,1376.0,1380.9,1376.0,1378.4,24610.0
2026-06-01 15:25:00,1378.4,1384.0,1370.5,1370.6,18569.0
2026-06-02 09:15:00,1373.1,1375.9,1356.9,1361.2,23608.0
2026-06-02 09:20:00,1361.2,1366.1,1357.4,1363.4,19979.0
2026-06-02 09:25:00,1364.4,1378.6,1363.4,1376.9,14241.0
2026-06-02 09:30:00,1376.9,1377.9,1370.3,1372.3,16127.0
2026-06-02 09:35:00,1371.9,1383.0,1371.6,1379.9,18727.0
2026-06-02 09:40:00,1379.7,1379.9,1370.3,1370.5,17854.0
2026-06-02 09:45:00,1370.5,1375.2,1367.6,1374.5,5756.0
2026-06-02 09:50:00,1373.8,1374.4,1368.1,1371.5,4177.0
2026-06-02 09:55:00,1373.5,1375.3,1372.2,1373.1,4011.0
2026-06-02 10:00:00,1372.3,1374.8,1372.3,1374.1,2932.0
2026-06-02 10:05:00,1374.0,1374.1,1369.0,1369.5,3443.0
2026-06-02 10:10:00,1369.5,1370.2,1367.5,1367.8,2157.0
2026-06-02 10:15:00,1367.2,1367.2,1360.0,1364.0,6127.0
2026-06-02 10:20:00,1364.3,1366.9,1363.4,1365.3,3499.0
2026-06-02 10:25:00,1364.9,1366.2,1363.0,1364.9,4139.0
2026-06-02 10:30:00,1364.9,1371.9,1362.1,1368.6,15604.0
2026-06-02 10:35:00,1368.0,1371.9,1368.0,1370.9,3513.0
2026-06-02 10:40:00,1370.8,1373.5,1365.0,1367.1,11727.0
2026-06-02 10:45:00,1366.4,1367.7,1362.5,1367.1,14060.0
2026-06-02 10:50:00,1367.2,1367.3,1359.0,1359.0,9623.0
2026-06-02 10:55:00,1359.0,1359.4,1357.1,1358.1,3848.0
2026-06-02 11:00:00,1358.1,1362.8,1357.6,1361.4,10277.0
2026-06-02 11:05:00,1361.4,1363.1,1360.6,1361.1,4426.0
2026-06-02 11:10:00,1361.0,1365.1,1361.0,1363.3,4056.0
2026-06-02 11:15:00,1363.6,1375.0,1363.6,1374.7,12602.0
2026-06-02 11:20:00,1374.9,1376.0,1372.1,1372.1,7360.0
2026-06-02 11:25:00,1372.1,1372.5,1367.0,1369.1,9344.0
2026-06-02 11:30:00,1369.0,1370.2,1366.9,1368.8,3583.0
2026-06-02 11:35:00,1368.3,1368.7,1365.1,1365.4,1506.0
2026-06-02 11:40:00,1365.4,1367.3,1365.0,1365.1,4277.0
2026-06-02 11:45:00,1365.0,1365.8,1363.2,1365.5,13858.0
2026-06-02 11:50:00,1365.7,1365.8,1363.0,1364.5,2187.0
2026-06-02 11:55:00,1364.0,1366.6,1361.7,1362.2,2339.0
2026-06-02 12:00:00,1361.5,1364.4,1351.2,1351.3,30881.0
2026-06-02 12:05:00,1351.3,1353.1,1350.0,1351.9,9674.0
2026-06-02 12:10:00,1352.0,1358.0,1351.0,1355.4,12914.0
2026-06-02 12:15:00,1355.2,1360.9,1355.1,1360.7,6457.0
2026-06-02 12:20:00,1360.1,1366.0,1358.0,1360.7,12306.0
2026-06-02 12:25:00,1360.3,1360.5,1354.8,1355.5,3809.0
2026-06-02 12:30:00,1356.2,1358.3,1356.2,1358.3,1685.0
2026-06-02 12:35:00,1358.3,1359.0,1357.8,1358.4,1225.0
2026-06-02 12:40:00,1358.7,1359.1,1357.2,1359.1,1971.0
2026-06-02 12:45:00,1358.9,1362.6,1358.8,1361.0,1963.0
2026-06-02 12:50:00,1361.9,1364.4,1361.9,1363.4,3654.0
2026-06-02 12:55:00,1363.8,1365.0,1363.1,1365.0,4959.0
2026-06-02 13:00:00,1365.1,1366.0,1363.8,1364.6,4189.0
2026-06-02 13:05:00,1364.6,1365.2,1363.5,1365.0,2410.0
2026-06-02 13:10:00,1364.8,1366.0,1363.9,1364.6,2320.0
2026-06-02 13:15:00,1364.9,1366.0,1364.6,1365.9,3123.0
2026-06-02 13:20:00,1365.8,1366.0,1364.4,1364.9,2614.0
2026-06-02 13:25:00,1366.0,1366.6,1364.0,1364.6,4902.0
2026-06-02 13:30:00,1364.3,1365.7,1363.3,1364.5,3777.0
2026-06-02 13:35:00,1364.5,1368.6,1364.5,1366.1,21456.0
2026-06-02 13:40:00,1366.5,1366.7,1362.3,1364.0,10269.0
2026-06-02 13:45:00,1362.8,1365.4,1362.5,1365.4,2461.0
2026-06-02 13:50:00,1365.1,1366.8,1361.9,1366.1,23886.0
2026-06-02 13:55:00,1366.6,1370.0,1366.6,1368.3,5256.0
2026-06-02 14:00:00,1369.2,1371.0,1367.7,1370.9,3420.0
2026-06-02 14:05:00,1371.0,1374.0,1371.0,1373.5,5168.0
2026-06-02 14:10:00,1373.5,1376.5,1373.5,1375.8,5257.0
2026-06-02 14:15:00,1375.8,1377.0,1373.7,1375.0,4777.0
2026-06-02 14:20:00,1375.0,1378.0,1374.4,1376.8,4863.0
2026-06-02 14:25:00,1377.0,1377.6,1373.6,1375.0,2954.0
2026-06-02 14:30:00,1375.7,1377.8,1374.4,1377.8,2837.0
2026-06-02 14:35:00,1377.1,1379.0,1376.2,1376.5,9888.0
2026-06-02 14:40:00,1377.3,1377.4,1374.0,1376.8,10499.0
2026-06-02 14:45:00,1376.8,1377.0,1371.6,1372.1,4156.0
2026-06-02 14:50:00,1373.0,1385.9,1372.1,1382.4,15458.0
2026-06-02 14:55:00,1382.4,1383.8,1379.3,1381.1,12558.0
2026-06-02 15:00:00,1378.4,1391.6,1378.1,1391.1,20641.0
2026-06-02 15:05:00,1391.1,1391.1,1388.1,1388.5,11762.0
2026-06-02 15:10:00,1389.2,1389.2,1383.0,1387.5,15830.0
2026-06-02 15:15:00,1387.9,1389.2,1384.1,1387.6,14363.0
2026-06-02 15:20:00,1387.1,1388.0,1384.4,1384.4,11315.0
2026-06-02 15:25:00,1385.1,1386.0,1380.1,1380.3,15325.0
2026-06-03 09:15:00,1385.1,1404.0,1381.7,1393.7,93711.0
2026-06-03 09:20:00,1394.1,1404.9,1393.7,1404.5,50969.0
2026-06-03 09:25:00,1404.7,1406.0,1382.0,1388.2,62869.0
2026-06-03 09:30:00,1389.0,1389.6,1382.8,1384.4,17327.0
2026-06-03 09:35:00,1384.3,1388.2,1374.8,1376.7,29541.0
2026-06-03 09:40:00,1376.7,1386.9,1373.4,1386.3,26917.0
2026-06-03 09:45:00,1386.3,1390.6,1385.3,1385.9,17909.0
2026-06-03 09:50:00,1385.9,1394.0,1383.9,1386.3,9283.0
2026-06-03 09:55:00,1384.4,1387.0,1382.6,1384.4,3656.0
2026-06-03 10:00:00,1384.4,1387.4,1384.0,1387.3,1873.0
2026-06-03 10:05:00,1386.7,1387.8,1384.8,1385.7,2355.0
2026-06-03 10:10:00,1385.6,1386.5,1384.1,1386.1,1666.0
2026-06-03 10:15:00,1386.3,1389.0,1384.8,1387.4,5573.0
2026-06-03 10:20:00,1388.1,1389.0,1387.3,1387.3,6059.0
2026-06-03 10:25:00,1387.6,1391.6,1384.8,1388.1,12145.0
2026-06-03 10:30:00,1389.1,1390.0,1384.6,1384.8,5772.0
2026-06-03 10:35:00,1385.6,1389.1,1385.0,1386.9,13001.0
2026-06-03 10:40:00,1386.9,1387.0,1384.4,1386.0,3512.0
2026-06-03 10:45:00,1386.1,1387.6,1384.6,1386.6,4416.0
2026-06-03 10:50:00,1387.6,1388.0,1386.3,1387.0,2090.0
2026-06-03 10:55:00,1388.1,1389.0,1386.0,1387.3,2180.0
2026-06-03 11:00:00,1387.6,1389.0,1386.0,1388.0,2388.0
2026-06-03 11:05:00,1388.7,1389.5,1386.7,1388.5,2952.0
2026-06-03 11:10:00,1388.6,1390.0,1386.6,1388.7,8033.0
2026-06-03 11:15:00,1389.0,1390.4,1388.0,1389.0,3541.0
2026-06-03 11:20:00,1389.0,1390.3,1388.2,1390.3,5799.0
2026-06-03 11:25:00,1390.5,1393.3,1389.4,1391.2,4285.0
2026-06-03 11:30:00,1392.2,1393.5,1391.2,1392.3,4064.0
2026-06-03 11:35:00,1393.3,1393.5,1391.1,1391.2,3847.0
2026-06-03 11:40:00,1391.9,1392.8,1390.3,1391.7,3115.0
2026-06-03 11:45:00,1392.4,1392.7,1391.1,1392.4,1953.0
2026-06-03 11:50:00,1392.6,1392.8,1389.1,1389.1,3074.0
2026-06-03 11:55:00,1390.0,1398.7,1389.2,1392.5,21692.0
2026-06-03 12:00:00,1393.1,1393.5,1390.0,1391.0,3759.0
2026-06-03 12:05:00,1391.0,1391.4,1387.1,1388.8,4972.0
2026-06-03 12:10:00,1388.4,1390.6,1387.5,1388.6,5341.0
2026-06-03 12:15:00,1389.3,1391.0,1387.5,1389.9,127635.0
2026-06-03 12:20:00,1389.9,1391.1,1389.1,1390.1,4149.0
2026-06-03 12:25:00,1391.1,1393.0,1389.7,1391.7,7711.0
2026-06-03 12:30:00,1391.2,1391.2,1386.5,1388.4,7465.0
2026-06-03 12:35:00,1389.5,1391.6,1389.0,1390.0,4428.0
2026-06-03 12:40:00,1390.0,1392.3,1390.0,1390.3,2870.0
2026-06-03 12:45:00,1390.5,1391.3,1385.3,1387.7,189257.0
2026-06-03 12:50:00,1387.7,1390.7,1385.6,1390.3,14859.0
2026-06-03 12:55:00,1389.6,1390.8,1389.1,1390.8,2371.0
2026-06-03 13:00:00,1389.6,1398.3,1386.4,1396.9,27454.0
2026-06-03 13:05:00,1398.0,1399.0,1395.9,1398.1,26142.0
2026-06-03 13:10:00,1398.3,1398.7,1396.2,1398.1,8596.0
2026-06-03 13:15:00,1398.1,1398.4,1389.9,1391.1,6567.0
2026-06-03 13:20:00,1391.2,1392.9,1390.5,1392.9,1846.0
2026-06-03 13:25:00,1392.5,1393.4,1391.7,1392.0,1747.0
2026-06-03 13:30:00,1391.9,1391.9,1386.0,1390.2,11696.0
2026-06-03 13:35:00,1390.0,1390.1,1388.4,1390.1,2734.0
2026-06-03 13:40:00,1391.3,1398.8,1391.3,1397.0,455621.0
2026-06-03 13:45:00,1396.7,1398.7,1395.0,1395.2,12909.0
2026-06-03 13:50:00,1395.2,1397.8,1395.0,1397.3,2734.0
2026-06-03 13:55:00,1397.0,1398.3,1395.6,1397.7,6004.0
2026-06-03 14:00:00,1397.7,1398.4,1395.9,1397.7,1661.0
2026-06-03 14:05:00,1397.4,1397.8,1396.1,1397.0,2809.0
2026-06-03 14:10:00,1397.0,1398.0,1397.0,1397.3,2234.0
2026-06-03 14:15:00,1397.8,1398.0,1397.2,1398.0,2589.0
2026-06-03 14:20:00,1398.0,1398.8,1398.0,1398.4,6123.0
2026-06-03 14:25:00,1398.4,1407.7,1398.4,1407.7,50625.0
2026-06-03 14:30:00,1407.7,1410.0,1405.8,1410.0,28536.0
2026-06-03 14:35:00,1410.0,1418.3,1408.0,1418.0,122765.0
2026-06-03 14:40:00,1418.0,1425.0,1416.0,1424.7,145177.0
2026-06-03 14:45:00,1424.0,1424.7,1414.4,1414.4,30072.0
2026-06-03 14:50:00,1414.1,1415.0,1413.0,1415.0,7319.0
2026-06-03 14:55:00,1415.0,1415.0,1411.2,1411.4,7914.0
2026-06-03 15:00:00,1411.5,1412.0,1405.1,1408.9,17926.0
2026-06-03 15:05:00,1408.8,1411.2,1406.6,1408.1,11467.0
2026-06-03 15:10:00,1408.3,1414.8,1407.0,1412.0,15490.0
2026-06-03 15:15:00,1410.6,1420.0,1410.6,1414.4,20586.0
2026-06-03 15:20:00,1414.3,1420.0,1410.1,1417.2,26993.0
2026-06-03 15:25:00,1417.2,1422.8,1415.2,1421.0,23674.0
2026-06-04 09:15:00,1418.5,1427.0,1411.2,1416.8,52589.0
2026-06-04 09:20:00,1417.7,1420.0,1411.8,1415.3,14640.0
2026-06-04 09:25:00,1415.4,1415.4,1402.1,1407.8,37032.0
2026-06-04 09:30:00,1407.7,1414.2,1406.3,1414.0,8227.0
2026-06-04 09:35:00,1413.3,1416.0,1412.8,1414.5,6395.0
2026-06-04 09:40:00,1412.9,1413.9,1409.5,1411.0,3478.0
2026-06-04 09:45:00,1412.4,1412.6,1402.5,1403.7,13282.0
2026-06-04 09:50:00,1403.6,1404.9,1393.1,1396.2,22155.0
2026-06-04 09:55:00,1397.0,1399.4,1394.0,1394.1,7600.0
2026-06-04 10:00:00,1394.8,1395.9,1391.0,1391.6,9142.0
2026-06-04 10:05:00,1391.6,1391.7,1386.7,1388.7,9263.0
2026-06-04 10:10:00,1388.6,1394.9,1387.3,1391.9,6170.0
2026-06-04 10:15:00,1391.6,1397.4,1391.6,1395.8,5416.0
2026-06-04 10:20:00,1397.0,1398.0,1393.5,1395.1,4152.0
2026-06-04 10:25:00,1395.1,1398.0,1394.1,1395.5,105230.0
2026-06-04 10:30:00,1394.8,1399.1,1394.6,1397.9,5373.0
2026-06-04 10:35:00,1397.9,1398.4,1396.8,1396.8,1540.0
2026-06-04 10:40:00,1397.5,1397.5,1386.6,1388.5,14494.0
2026-06-04 10:45:00,1388.0,1392.6,1388.0,1390.2,4359.0
2026-06-04 10:50:00,1390.4,1393.4,1390.0,1390.7,4276.0
2026-06-04 10:55:00,1390.8,1395.9,1387.2,1395.4,10494.0
2026-06-04 11:00:00,1395.0,1396.0,1390.0,1392.0,3489.0
2026-06-04 11:05:00,1393.2,1394.0,1390.7,1390.7,1871.0
2026-06-04 11:10:00,1391.2,1392.3,1390.3,1390.3,2173.0
2026-06-04 11:15:00,1391.2,1393.6,1390.0,1392.7,4587.0
2026-06-04 11:20:00,1392.5,1392.5,1390.9,1391.5,1961.0
2026-06-04 11:25:00,1392.0,1395.1,1391.5,1395.1,2594.0
2026-06-04 11:30:00,1395.8,1404.9,1394.2,1399.8,8458.0
2026-06-04 11:35:00,1400.0,1402.8,1398.0,1398.2,5677.0
2026-06-04 11:40:00,1398.2,1399.5,1395.5,1395.5,2878.0
2026-06-04 11:45:00,1395.5,1397.3,1395.0,1397.2,9314.0
2026-06-04 11:50:00,1396.0,1397.5,1392.7,1392.7,5497.0
2026-06-04 11:55:00,1392.9,1396.5,1392.6,1395.0,1661.0
2026-06-04 12:00:00,1395.4,1396.5,1394.0,1394.0,1661.0
2026-06-04 12:05:00,1394.2,1395.3,1392.4,1393.9,2432.0
2026-06-04 12:10:00,1393.9,1394.7,1392.7,1393.7,1487.0
2026-06-04 12:15:00,1393.1,1394.4,1392.7,1393.3,1297.0
2026-06-04 12:20:00,1393.9,1395.4,1393.0,1394.4,2060.0
2026-06-04 12:25:00,1394.4,1394.7,1393.2,1394.6,913.0
2026-06-04 12:30:00,1393.8,1395.3,1393.6,1394.6,2179.0
2026-06-04 12:35:00,1394.8,1397.8,1394.8,1395.2,11958.0
2026-06-04 12:40:00,1395.3,1396.4,1395.0,1395.6,3166.0
2026-06-04 12:45:00,1395.6,1403.9,1395.2,1402.6,37233.0
2026-06-04 12:50:00,1403.2,1404.2,1401.6,1403.4,2512.0
2026-06-04 12:55:00,1403.4,1406.0,1402.6,1404.4,4292.0
2026-06-04 13:00:00,1405.1,1405.5,1404.0,1405.5,1253.0
2026-06-04 13:05:00,1405.0,1405.1,1402.3,1402.3,2801.0
2026-06-04 13:10:00,1402.6,1403.0,1398.9,1398.9,2892.0
2026-06-04 13:15:00,1398.9,1400.3,1397.0,1400.3,3456.0
2026-06-04 13:20:00,1400.3,1403.8,1399.6,1401.9,6350.0
2026-06-04 13:25:00,1401.9,1402.9,1400.2,1400.4,1713.0
2026-06-04 13:30:00,1400.9,1401.0,1399.7,1400.8,1163.0
2026-06-04 13:35:00,1400.8,1400.8,1399.4,1400.0,1776.0
2026-06-04 13:40:00,1400.0,1400.0,1399.6,1399.9,2131.0
2026-06-04 13:45:00,1399.9,1400.6,1398.0,1398.2,2783.0
2026-06-04 13:50:00,1398.2,1399.0,1398.2,1398.7,1510.0
2026-06-04 13:55:00,1398.4,1400.2,1398.0,1399.1,4092.0
2026-06-04 14:00:00,1399.0,1399.7,1398.0,1398.5,3184.0
2026-06-04 14:05:00,1398.5,1401.0,1398.4,1400.2,2596.0
2026-06-04 14:10:00,1400.1,1401.1,1399.3,1399.9,6237.0
2026-06-04 14:15:00,1399.9,1401.8,1399.9,1401.5,3309.0
2026-06-04 14:20:00,1400.6,1400.6,1396.7,1396.7,7502.0
2026-06-04 14:25:00,1397.7,1399.1,1396.5,1398.3,2384.0
2026-06-04 14:30:00,1398.3,1400.7,1397.0,1397.4,4379.0
2026-06-04 14:35:00,1398.6,1403.0,1397.4,1402.1,2594.0
2026-06-04 14:40:00,1402.5,1403.0,1399.3,1401.9,3324.0
2026-06-04 14:45:00,1400.8,1402.5,1399.5,1402.1,3570.0
2026-06-04 14:50:00,1402.5,1402.8,1400.5,1402.0,3429.0
2026-06-04 14:55:00,1402.8,1407.9,1401.2,1405.3,18423.0
2026-06-04 15:00:00,1406.3,1407.0,1402.1,1404.0,6003.0
2026-06-04 15:05:00,1404.8,1407.0,1402.2,1404.5,6061.0
2026-06-04 15:10:00,1405.2,1406.0,1404.0,1405.0,8696.0
2026-06-04 15:15:00,1405.0,1406.8,1401.2,1401.5,14614.0
2026-06-04 15:20:00,1401.6,1402.0,1399.8,1400.3,10620.0
2026-06-04 15:25:00,1400.3,1402.0,1395.1,1396.0,15459.0
2026-06-05 09:15:00,1402.7,1413.8,1402.7,1408.7,25646.0
2026-06-05 09:20:00,1408.8,1412.2,1402.6,1402.6,13190.0
2026-06-05 09:25:00,1403.0,1405.3,1396.3,1398.0,11292.0
2026-06-05 09:30:00,1398.0,1401.0,1397.0,1398.2,4839.0
2026-06-05 09:35:00,1399.0,1404.8,1397.5,1404.2,15321.0
2026-06-05 09:40:00,1403.3,1410.0,1401.3,1409.0,18664.0
2026-06-05 09:45:00,1408.4,1409.4,1404.9,1406.8,6442.0
2026-06-05 09:50:00,1406.8,1409.1,1405.4,1408.0,2768.0
2026-06-05 09:55:00,1408.0,1409.1,1404.8,1405.4,2407.0
2026-06-05 10:00:00,1405.5,1406.6,1403.7,1405.9,4210.0
2026-06-05 10:05:00,1405.1,1409.5,1403.9,1406.9,53037.0
2026-06-05 10:10:00,1406.2,1408.3,1405.0,1406.6,2843.0
2026-06-05 10:15:00,1405.8,1406.5,1402.8,1403.0,1948.0
2026-06-05 10:20:00,1403.0,1405.0,1401.2,1404.2,2397.0
2026-06-05 10:25:00,1405.0,1407.7,1403.1,1405.7,4388.0
2026-06-05 10:30:00,1406.4,1407.6,1404.1,1405.1,3506.0
2026-06-05 10:35:00,1404.7,1404.7,1400.1,1401.3,7114.0
2026-06-05 10:40:00,1401.2,1403.2,1400.1,1402.5,2200.0
2026-06-05 10:45:00,1403.0,1404.0,1400.2,1404.0,2377.0
2026-06-05 10:50:00,1404.2,1404.8,1403.2,1404.2,1711.0
2026-06-05 10:55:00,1404.4,1406.2,1404.3,1406.2,1540.0
2026-06-05 11:00:00,1406.6,1406.6,1405.2,1406.0,922.0
2026-06-05 11:05:00,1406.3,1412.0,1406.0,1409.1,15240.0
2026-06-05 11:10:00,1408.1,1412.1,1408.1,1410.6,7351.0
2026-06-05 11:15:00,1410.6,1413.3,1408.3,1413.0,4323.0
2026-06-05 11:20:00,1413.0,1413.0,1409.8,1411.1,1882.0
2026-06-05 11:25:00,1411.1,1413.2,1410.6,1411.4,2199.0
2026-06-05 11:30:00,1411.4,1412.5,1407.4,1408.8,3698.0
2026-06-05 11:35:00,1408.7,1410.7,1406.3,1406.9,8162.0
2026-06-05 11:40:00,1406.8,1409.1,1406.0,1406.1,4432.0
2026-06-05 11:45:00,1406.1,1409.0,1406.1,1406.5,1966.0
2026-06-05 11:50:00,1406.3,1407.0,1404.0,1405.2,1685.0
2026-06-05 11:55:00,1404.9,1406.2,1404.9,1405.7,1418.0
2026-06-05 12:00:00,1406.0,1406.0,1404.7,1405.2,1201.0
2026-06-05 12:05:00,1405.2,1406.4,1404.4,1405.1,1787.0
2026-06-05 12:10:00,1404.4,1405.9,1403.8,1404.9,844.0
2026-06-05 12:15:00,1405.0,1406.3,1404.2,1404.9,834.0
2026-06-05 12:20:00,1404.6,1405.3,1403.6,1405.3,1786.0
2026-06-05 12:25:00,1405.2,1406.6,1402.7,1403.0,2324.0
2026-06-05 12:30:00,1404.2,1411.4,1404.2,1410.7,3092.0
2026-06-05 12:35:00,1410.0,1410.9,1404.1,1404.1,4472.0
2026-06-05 12:40:00,1404.9,1405.8,1403.3,1404.8,2205.0
2026-06-05 12:45:00,1402.5,1406.4,1402.5,1402.9,2065.0
2026-06-05 12:50:00,1403.0,1403.8,1402.1,1402.8,2356.0
2026-06-05 12:55:00,1402.2,1403.8,1398.9,1399.1,5394.0
2026-06-05 13:00:00,1398.9,1402.0,1397.0,1402.0,6777.0
2026-06-05 13:05:00,1402.1,1402.5,1396.9,1396.9,4180.0
2026-06-05 13:10:00,1397.0,1398.8,1396.8,1397.6,2967.0
2026-06-05 13:15:00,1397.6,1400.5,1395.0,1399.0,2208.0
2026-06-05 13:20:00,1399.5,1400.0,1396.9,1397.0,3715.0
2026-06-05 13:25:00,1397.8,1398.5,1395.0,1395.8,8437.0
2026-06-05 13:30:00,1395.6,1397.9,1395.0,1395.1,3666.0
2026-06-05 13:35:00,1395.9,1396.0,1394.5,1394.7,5131.0
2026-06-05 13:40:00,1394.8,1397.3,1394.0,1396.2,5742.0
2026-06-05 13:45:00,1396.6,1396.6,1391.2,1392.1,5153.0
2026-06-05 13:50:00,1392.1,1394.6,1392.1,1394.1,1014.0
2026-06-05 13:55:00,1394.3,1395.3,1392.0,1394.0,5281.0
2026-06-05 14:00:00,1393.9,1397.0,1388.4,1392.0,17303.0
2026-06-05 14:05:00,1392.0,1394.5,1391.1,1392.4,1528.0
2026-06-05 14:10:00,1392.4,1394.5,1389.4,1391.6,8239.0
2026-06-05 14:15:00,1391.8,1394.0,1391.1,1393.1,2193.0
2026-06-05 14:20:00,1393.2,1393.4,1391.8,1393.1,1560.0
2026-06-05 14:25:00,1393.1,1393.8,1391.0,1391.0,4332.0
2026-06-05 14:30:00,1391.8,1391.9,1390.6,1390.9,754.0
2026-06-05 14:35:00,1390.6,1390.6,1379.4,1381.7,63067.0
2026-06-05 14:40:00,1381.2,1389.0,1379.3,1385.9,6466.0
2026-06-05 14:45:00,1386.3,1388.6,1385.0,1385.8,3451.0
2026-06-05 14:50:00,1385.9,1388.3,1385.1,1385.7,1903.0
2026-06-05 14:55:00,1385.6,1386.9,1384.1,1385.7,3257.0
2026-06-05 15:00:00,1385.7,1388.6,1385.2,1387.9,10218.0
2026-06-05 15:05:00,1388.2,1389.0,1386.7,1387.2,4475.0
2026-06-05 15:10:00,1388.3,1392.4,1385.3,1391.8,19360.0
2026-06-05 15:15:00,1391.2,1394.0,1391.2,1393.0,6519.0
2026-06-05 15:20:00,1393.0,1393.0,1390.7,1390.8,7305.0
2026-06-05 15:25:00,1391.5,1393.0,1385.0,1393.0,12340.0
2026-06-08 09:15:00,1360.0,1373.8,1350.0,1366.2,41352.0
2026-06-08 09:20:00,1366.2,1370.2,1362.1,1364.7,16232.0
2026-06-08 09:25:00,1365.0,1368.6,1361.5,1362.6,11995.0
2026-06-08 09:30:00,1362.6,1368.5,1361.2,1364.8,6763.0
2026-06-08 09:35:00,1364.8,1365.7,1359.0,1359.5,14563.0
2026-06-08 09:40:00,1359.0,1360.6,1356.1,1356.8,8708.0
2026-06-08 09:45:00,1356.8,1360.3,1353.7,1353.9,10666.0
2026-06-08 09:50:00,1354.7,1355.7,1351.3,1353.9,9091.0
2026-06-08 09:55:00,1353.6,1360.9,1352.6,1358.7,14281.0
2026-06-08 10:00:00,1359.4,1359.4,1353.4,1354.2,3154.0
2026-06-08 10:05:00,1354.2,1358.6,1352.6,1357.3,3618.0
2026-06-08 10:10:00,1357.4,1357.5,1354.0,1354.0,2145.0
2026-06-08 10:15:00,1353.5,1354.7,1351.6,1352.8,2367.0
2026-06-08 10:20:00,1353.4,1357.4,1351.2,1351.2,7218.0
2026-06-08 10:25:00,1352.1,1357.6,1350.4,1354.7,28688.0
2026-06-08 10:30:00,1355.7,1359.0,1354.7,1358.5,4348.0
2026-06-08 10:35:00,1358.4,1358.4,1355.5,1356.3,1958.0
2026-06-08 10:40:00,1356.0,1365.2,1355.5,1363.3,6156.0
2026-06-08 10:45:00,1362.0,1362.0,1360.1,1361.3,1294.0
2026-06-08 10:50:00,1361.4,1364.0,1360.5,1360.5,1426.0
2026-06-08 10:55:00,1360.5,1362.5,1359.6,1360.6,2384.0
2026-06-08 11:00:00,1360.5,1362.0,1360.5,1361.8,1138.0
2026-06-08 11:05:00,1361.7,1361.7,1358.1,1358.2,1737.0
2026-06-08 11:10:00,1358.2,1359.2,1357.2,1357.5,887.0
2026-06-08 11:15:00,1357.5,1359.6,1357.5,1359.4,1572.0
2026-06-08 11:20:00,1358.6,1359.7,1358.0,1358.0,2167.0
2026-06-08 11:25:00,1358.0,1359.1,1358.0,1359.0,495.0
2026-06-08 11:30:00,1358.9,1359.0,1357.6,1357.7,520.0
2026-06-08 11:35:00,1357.7,1359.4,1357.7,1358.0,1256.0
2026-06-08 11:40:00,1358.0,1358.8,1356.1,1357.9,1666.0
2026-06-08 11:45:00,1357.7,1358.8,1356.4,1357.0,1046.0
2026-06-08 11:50:00,1357.0,1357.0,1352.0,1352.5,3017.0
2026-06-08 11:55:00,1352.5,1352.7,1351.2,1351.9,3304.0
2026-06-08 12:00:00,1351.9,1353.2,1351.2,1351.2,1646.0
2026-06-08 12:05:00,1351.2,1352.8,1350.2,1352.7,5380.0
2026-06-08 12:10:00,1352.4,1354.6,1351.8,1353.2,1086.0
2026-06-08 12:15:00,1352.9,1353.8,1352.5,1353.0,991.0
2026-06-08 12:20:00,1352.9,1353.9,1352.0,1352.6,1121.0
2026-06-08 12:25:00,1352.6,1353.9,1352.1,1352.3,1000.0
2026-06-08 12:30:00,1352.3,1355.3,1352.1,1355.3,1280.0
2026-06-08 12:35:00,1354.9,1355.0,1353.2,1354.0,1250.0
2026-06-08 12:40:00,1354.0,1357.5,1353.3,1357.0,1752.0
2026-06-08 12:45:00,1356.9,1357.4,1355.2,1357.3,1821.0
2026-06-08 12:50:00,1357.3,1357.7,1355.8,1356.3,1868.0
2026-06-08 12:55:00,1356.8,1357.1,1355.0,1355.3,1684.0
2026-06-08 13:00:00,1355.3,1355.9,1353.8,1353.8,1151.0
2026-06-08 13:05:00,1354.0,1354.2,1353.0,1353.0,806.0
2026-06-08 13:10:00,1353.0,1353.5,1351.5,1352.0,707.0
2026-06-08 13:15:00,1352.0,1352.2,1350.2,1350.2,1241.0
2026-06-08 13:20:00,1350.8,1351.8,1350.5,1351.8,3160.0
2026-06-08 13:25:00,1351.6,1352.9,1351.3,1351.3,1394.0
2026-06-08 13:30:00,1351.2,1351.9,1350.5,1351.3,2170.0
2026-06-08 13:35:00,1351.0,1351.9,1350.5,1350.6,5130.0
2026-06-08 13:40:00,1350.6,1352.5,1350.0,1350.8,6189.0
2026-06-08 13:45:00,1350.8,1352.7,1350.0,1351.4,3197.0
2026-06-08 13:50:00,1351.7,1357.9,1351.3,1355.0,8571.0
2026-06-08 13:55:00,1355.8,1355.8,1352.0,1352.2,3199.0
2026-06-08 14:00:00,1352.9,1354.7,1352.2,1353.7,4406.0
2026-06-08 14:05:00,1353.5,1354.3,1352.7,1353.7,2258.0
2026-06-08 14:10:00,1353.1,1353.9,1351.0,1352.1,5345.0
2026-06-08 14:15:00,1351.5,1354.0,1351.5,1352.9,1821.0
2026-06-08 14:20:00,1352.9,1352.9,1350.6,1352.1,2791.0
2026-06-08 14:25:00,1351.4,1352.4,1350.2,1352.4,3938.0
2026-06-08 14:30:00,1351.5,1352.4,1350.8,1351.6,1131.0
2026-06-08 14:35:00,1352.0,1352.8,1350.1,1352.3,2479.0
2026-06-08 14:40:00,1352.4,1353.4,1350.2,1353.4,2908.0
2026-06-08 14:45:00,1352.5,1353.4,1351.2,1351.2,3060.0
2026-06-08 14:50:00,1352.0,1352.0,1350.1,1350.3,2215.0
2026-06-08 14:55:00,1350.3,1351.9,1350.0,1350.8,6802.0
2026-06-08 15:00:00,1351.8,1351.8,1350.0,1350.7,24423.0
2026-06-08 15:05:00,1351.0,1354.6,1350.2,1352.7,12912.0
2026-06-08 15:10:00,1352.6,1354.6,1351.1,1351.1,5641.0
2026-06-08 15:15:00,1352.1,1355.0,1351.0,1351.2,11244.0
2026-06-08 15:20:00,1351.2,1352.0,1335.4,1340.0,34121.0
2026-06-08 15:25:00,1338.4,1345.0,1335.0,1340.0,17114.0
2026-06-09 09:15:00,1348.0,1373.8,1348.0,1373.1,36858.0
2026-06-09 09:20:00,1375.0,1376.5,1371.3,1373.1,5396.0
2026-06-09 09:25:00,1374.6,1374.6,1368.1,1369.0,3261.0
2026-06-09 09:30:00,1369.9,1381.8,1368.8,1379.6,11370.0
2026-06-09 09:35:00,1379.0,1382.5,1379.0,1379.5,8848.0
2026-06-09 09:40:00,1379.2,1382.0,1376.6,1380.4,5446.0
2026-06-09 09:45:00,1380.4,1389.7,1379.0,1386.6,10656.0
2026-06-09 09:50:00,1387.8,1392.9,1385.3,1391.8,20268.0
2026-06-09 09:55:00,1391.8,1393.0,1390.1,1391.1,5706.0
2026-06-09 10:00:00,1391.8,1393.5,1387.1,1387.7,7139.0
2026-06-09 10:05:00,1387.1,1393.4,1387.0,1392.7,14215.0
2026-06-09 10:10:00,1392.9,1393.4,1387.8,1389.9,10107.0
2026-06-09 10:15:00,1389.9,1390.0,1387.9,1389.9,5092.0
2026-06-09 10:20:00,1389.9,1390.0,1386.6,1388.7,4929.0
2026-06-09 10:25:00,1387.9,1389.8,1386.7,1389.8,4120.0
2026-06-09 10:30:00,1389.8,1390.0,1388.4,1389.9,5226.0
2026-06-09 10:35:00,1390.0,1390.0,1386.9,1387.2,4745.0
2026-06-09 10:40:00,1388.1,1389.4,1385.7,1388.7,4211.0
2026-06-09 10:45:00,1388.7,1390.0,1388.7,1389.6,4675.0
2026-06-09 10:50:00,1390.0,1390.0,1382.9,1387.1,8131.0
2026-06-09 10:55:00,1388.4,1390.0,1387.0,1390.0,3623.0
2026-06-09 11:00:00,1389.3,1394.0,1388.4,1393.9,7436.0
2026-06-09 11:05:00,1393.7,1395.0,1393.7,1395.0,8592.0
2026-06-09 11:10:00,1395.0,1396.0,1393.3,1394.7,6566.0
2026-06-09 11:15:00,1394.9,1395.9,1393.5,1395.9,3755.0
2026-06-09 11:20:00,1395.9,1398.2,1394.3,1395.6,7020.0
2026-06-09 11:25:00,1395.6,1398.0,1393.7,1397.1,2874.0
2026-06-09 11:30:00,1396.2,1397.4,1395.2,1396.4,6682.0
2026-06-09 11:35:00,1396.8,1397.0,1395.7,1397.0,3773.0
2026-06-09 11:40:00,1397.0,1398.5,1389.0,1390.3,21793.0
2026-06-09 11:45:00,1390.4,1397.0,1389.5,1394.7,4552.0
2026-06-09 11:50:00,1394.3,1394.8,1393.0,1393.4,2816.0
2026-06-09 11:55:00,1393.4,1396.8,1393.4,1396.4,3969.0
2026-06-09 12:00:00,1397.1,1398.5,1396.5,1398.5,5596.0
2026-06-09 12:05:00,1398.5,1398.8,1396.5,1398.5,4552.0
2026-06-09 12:10:00,1397.3,1409.4,1396.0,1407.7,50793.0
2026-06-09 12:15:00,1407.0,1410.0,1405.5,1408.8,19853.0
2026-06-09 12:20:00,1408.8,1410.0,1406.3,1409.7,17369.0
2026-06-09 12:25:00,1409.4,1409.9,1400.6,1401.8,16488.0
2026-06-09 12:30:00,1402.1,1402.4,1398.3,1399.6,12388.0
2026-06-09 12:35:00,1400.7,1403.3,1399.7,1402.7,3827.0
2026-06-09 12:40:00,1402.8,1407.7,1401.7,1406.1,5434.0
2026-06-09 12:45:00,1405.3,1406.1,1404.4,1405.8,3366.0
2026-06-09 12:50:00,1404.9,1409.5,1404.3,1404.8,13521.0
2026-06-09 12:55:00,1404.8,1404.8,1397.8,1399.2,8372.0
2026-06-09 13:00:00,1398.5,1400.0,1397.7,1399.2,3147.0
2026-06-09 13:05:00,1399.2,1399.7,1391.0,1391.2,12748.0
2026-06-09 13:10:00,1391.0,1399.4,1390.4,1397.9,5114.0
2026-06-09 13:15:00,1398.0,1399.8,1394.8,1395.1,3496.0
2026-06-09 13:20:00,1395.0,1397.3,1395.0,1396.6,1866.0
2026-06-09 13:25:00,1396.6,1399.0,1396.6,1398.6,6075.0
2026-06-09 13:30:00,1398.6,1398.6,1395.9,1398.4,1054.0
2026-06-09 13:35:00,1397.6,1400.8,1397.3,1400.3,1204.0
2026-06-09 13:40:00,1399.7,1400.6,1399.1,1399.1,1369.0
2026-06-09 13:45:00,1399.9,1402.7,1399.2,1399.6,5653.0
2026-06-09 13:50:00,1399.6,1401.5,1399.6,1399.6,2858.0
2026-06-09 13:55:00,1399.9,1400.0,1396.1,1399.8,7705.0
2026-06-09 14:00:00,1398.5,1404.0,1398.2,1402.3,3992.0
2026-06-09 14:05:00,1402.9,1405.8,1402.1,1404.9,2230.0
2026-06-09 14:10:00,1405.0,1407.3,1404.7,1406.8,10414.0
2026-06-09 14:15:00,1406.9,1407.5,1405.4,1406.0,2441.0
2026-06-09 14:20:00,1406.3,1406.3,1402.6,1404.0,6655.0
2026-06-09 14:25:00,1404.0,1406.5,1404.0,1406.5,1816.0
2026-06-09 14:30:00,1406.5,1407.0,1404.5,1405.6,2455.0
2026-06-09 14:35:00,1406.5,1407.0,1404.6,1406.6,2653.0
2026-06-09 14:40:00,1406.6,1408.9,1405.9,1408.2,3124.0
2026-06-09 14:45:00,1408.2,1409.3,1406.8,1409.0,10349.0
2026-06-09 14:50:00,1409.2,1410.0,1407.4,1409.8,6451.0
2026-06-09 14:55:00,1410.0,1410.0,1407.2,1407.9,13061.0
2026-06-09 15:00:00,1407.6,1414.0,1407.0,1413.1,42853.0
2026-06-09 15:05:00,1414.0,1414.8,1413.1,1414.8,13490.0
2026-06-09 15:10:00,1414.6,1414.6,1410.3,1412.0,22405.0
2026-06-09 15:15:00,1411.8,1413.6,1410.8,1412.8,18040.0
2026-06-09 15:20:00,1412.3,1414.8,1409.9,1411.9,21183.0
2026-06-09 15:25:00,1412.8,1413.0,1405.0,1410.0,14952.0
2026-06-10 09:15:00,1418.0,1418.0,1386.7,1387.7,22186.0
2026-06-10 09:20:00,1387.7,1388.8,1382.0,1385.9,14586.0
2026-06-10 09:25:00,1385.0,1385.0,1381.0,1381.7,7833.0
2026-06-10 09:30:00,1380.2,1391.8,1378.0,1380.4,14050.0
2026-06-10 09:35:00,1381.0,1384.6,1378.0,1384.6,5512.0
2026-06-10 09:40:00,1383.4,1388.1,1378.6,1381.4,15724.0
2026-06-10 09:45:00,1381.5,1384.2,1380.1,1382.8,5168.0
2026-06-10 09:50:00,1383.8,1385.0,1383.5,1383.9,1296.0
2026-06-10 09:55:00,1383.6,1383.6,1379.2,1381.0,6306.0
2026-06-10 10:00:00,1380.1,1382.0,1378.1,1378.1,2030.0
2026-06-10 10:05:00,1379.1,1379.2,1375.0,1376.2,5461.0
2026-06-10 10:10:00,1376.0,1381.0,1375.0,1380.6,10975.0
2026-06-10 10:15:00,1379.6,1384.0,1378.4,1379.8,5869.0
2026-06-10 10:20:00,1381.4,1381.4,1378.8,1380.3,2962.0
2026-06-10 10:25:00,1380.3,1380.4,1377.6,1380.0,3064.0
2026-06-10 10:30:00,1379.3,1380.0,1377.7,1378.8,1625.0
2026-06-10 10:35:00,1378.8,1380.5,1377.6,1377.7,3169.0
2026-06-10 10:40:00,1377.1,1380.0,1377.1,1379.7,1934.0
2026-06-10 10:45:00,1379.9,1380.5,1378.6,1379.0,1039.0
2026-06-10 10:50:00,1378.6,1379.0,1376.0,1376.4,3163.0
2026-06-10 10:55:00,1376.5,1377.3,1368.1,1370.0,14446.0
2026-06-10 11:00:00,1369.7,1372.7,1369.0,1372.7,2581.0
2026-06-10 11:05:00,1372.2,1372.2,1370.3,1370.4,1397.0
2026-06-10 11:10:00,1371.5,1372.8,1371.5,1372.5,707.0
2026-06-10 11:15:00,1372.0,1374.0,1370.6,1370.7,2641.0
2026-06-10 11:20:00,1370.7,1373.6,1370.7,1372.6,1202.0
2026-06-10 11:25:00,1372.5,1372.5,1369.3,1369.8,11185.0
2026-06-10 11:30:00,1369.9,1370.4,1365.0,1370.3,14541.0
2026-06-10 11:35:00,1370.3,1370.6,1363.0,1365.6,18377.0
2026-06-10 11:40:00,1365.7,1366.6,1364.1,1365.8,8186.0
2026-06-10 11:45:00,1367.1,1367.1,1364.0,1366.0,2941.0
2026-06-10 11:50:00,1366.1,1368.6,1365.7,1368.3,768.0
2026-06-10 11:55:00,1367.0,1369.0,1366.0,1366.0,2211.0
2026-06-10 12:00:00,1367.0,1367.6,1365.7,1366.0,485.0
2026-06-10 12:05:00,1367.3,1370.0,1366.8,1368.9,4814.0
2026-06-10 12:10:00,1368.9,1368.9,1365.7,1365.7,2587.0
2026-06-10 12:15:00,1366.2,1366.2,1352.0,1358.4,45433.0
2026-06-10 12:20:00,1358.5,1358.6,1350.0,1354.7,44138.0
2026-06-10 12:25:00,1354.0,1354.5,1352.1,1353.0,3399.0
2026-06-10 12:30:00,1353.0,1354.4,1352.1,1353.5,3457.0
2026-06-10 12:35:00,1353.8,1355.4,1352.5,1353.6,7934.0
2026-06-10 12:40:00,1353.6,1353.7,1348.7,1348.9,58394.0
2026-06-10 12:45:00,1348.3,1348.3,1335.7,1340.0,43292.0
2026-06-10 12:50:00,1340.0,1340.0,1334.3,1339.8,37856.0
2026-06-10 12:55:00,1339.9,1341.5,1339.1,1340.9,7352.0
2026-06-10 13:00:00,1341.0,1341.5,1331.0,1332.8,20854.0
2026-06-10 13:05:00,1332.8,1332.8,1325.6,1325.9,22641.0
2026-06-10 13:10:00,1327.1,1334.3,1325.4,1330.4,27368.0
2026-06-10 13:15:00,1330.4,1330.8,1326.2,1326.9,8101.0
2026-06-10 13:20:00,1328.1,1329.3,1326.3,1327.7,5417.0
2026-06-10 13:25:00,1327.9,1328.0,1325.4,1326.0,8291.0
2026-06-10 13:30:00,1327.1,1330.0,1325.0,1328.3,23951.0
2026-06-10 13:35:00,1328.0,1328.9,1327.5,1328.5,3924.0
2026-06-10 13:40:00,1328.0,1329.9,1325.2,1328.6,12769.0
2026-06-10 13:45:00,1329.6,1330.1,1328.0,1330.0,5767.0
2026-06-10 13:50:00,1330.0,1331.6,1325.0,1325.0,10030.0
2026-06-10 13:55:00,1326.0,1327.0,1320.0,1321.8,15413.0
2026-06-10 14:00:00,1322.5,1327.0,1321.8,1325.4,5099.0
2026-06-10 14:05:00,1325.6,1327.5,1322.6,1324.9,13012.0
2026-06-10 14:10:00,1329.6,1338.0,1328.9,1332.0,18902.0
2026-06-10 14:15:00,1331.5,1334.1,1328.9,1334.0,6399.0
2026-06-10 14:20:00,1334.4,1339.6,1333.2,1337.7,12571.0
2026-06-10 14:25:00,1338.2,1341.9,1335.1,1341.9,12255.0
2026-06-10 14:30:00,1341.7,1347.0,1339.0,1343.6,21678.0
2026-06-10 14:35:00,1343.0,1354.7,1341.5,1352.2,35895.0
2026-06-10 14:40:00,1352.0,1356.2,1350.0,1355.8,18550.0
2026-06-10 14:45:00,1355.0,1360.0,1352.5,1359.0,25169.0
2026-06-10 14:50:00,1359.0,1359.5,1349.7,1356.3,38665.0
2026-06-10 14:55:00,1357.0,1372.7,1356.4,1368.7,26359.0
2026-06-10 15:00:00,1369.6,1369.6,1356.1,1361.1,31986.0
2026-06-10 15:05:00,1361.1,1375.4,1360.4,1373.2,34678.0
2026-06-10 15:10:00,1374.1,1377.4,1367.3,1373.3,27001.0
2026-06-10 15:15:00,1373.3,1374.5,1369.9,1370.7,30482.0
2026-06-10 15:20:00,1370.0,1375.5,1368.9,1374.2,29184.0
2026-06-10 15:25:00,1374.6,1378.0,1370.0,1370.0,25815.0
2026-06-11 09:15:00,1370.0,1376.9,1362.2,1375.1,26255.0
2026-06-11 09:20:00,1376.1,1387.0,1375.2,1383.5,10356.0
2026-06-11 09:25:00,1383.5,1397.0,1383.5,1393.1,27130.0
2026-06-11 09:30:00,1392.2,1397.1,1390.9,1396.8,10492.0
2026-06-11 09:35:00,1395.4,1396.5,1391.9,1393.9,6111.0
2026-06-11 09:40:00,1395.0,1397.9,1393.9,1396.4,11257.0
2026-06-11 09:45:00,1396.4,1397.8,1394.1,1395.3,4532.0
2026-06-11 09:50:00,1396.0,1396.7,1393.3,1395.0,4674.0
2026-06-11 09:55:00,1394.2,1394.8,1390.0,1390.0,8026.0
2026-06-11 10:00:00,1388.6,1393.0,1388.6,1392.8,3658.0
2026-06-11 10:05:00,1392.6,1395.5,1389.9,1394.2,3857.0
2026-06-11 10:10:00,1394.7,1394.8,1392.6,1392.7,2607.0
2026-06-11 10:15:00,1392.7,1396.0,1392.7,1394.5,4914.0
2026-06-11 10:20:00,1394.7,1396.0,1393.8,1395.5,2318.0
2026-06-11 10:25:00,1395.4,1396.0,1394.6,1395.7,1063.0
2026-06-11 10:30:00,1396.0,1397.0,1394.4,1395.0,14267.0
2026-06-11 10:35:00,1394.8,1395.0,1392.5,1393.5,3808.0
2026-06-11 10:40:00,1394.7,1394.9,1393.0,1393.1,2925.0
2026-06-11 10:45:00,1393.8,1394.6,1392.5,1392.9,1704.0
2026-06-11 10:50:00,1393.1,1393.1,1383.8,1385.0,6672.0
2026-06-11 10:55:00,1385.2,1385.7,1383.2,1384.3,4697.0
2026-06-11 11:00:00,1385.3,1391.6,1384.1,1390.3,15548.0
2026-06-11 11:05:00,1391.2,1392.0,1389.0,1390.2,1665.0
2026-06-11 11:10:00,1389.0,1390.4,1388.4,1389.9,1973.0
2026-06-11 11:15:00,1390.0,1390.9,1388.2,1388.6,2068.0
2026-06-11 11:20:00,1388.7,1391.0,1387.5,1390.0,530.0
2026-06-11 11:25:00,1390.9,1397.0,1390.0,1397.0,11017.0
2026-06-11 11:30:00,1396.3,1396.3,1392.0,1394.5,3238.0
2026-06-11 11:35:00,1394.5,1396.3,1391.6,1392.9,2243.0
2026-06-11 11:40:00,1392.7,1394.2,1391.1,1391.7,1322.0
2026-06-11 11:45:00,1392.9,1396.9,1392.9,1396.9,583.0
2026-06-11 11:50:00,1396.0,1397.0,1393.9,1396.5,1765.0
2026-06-11 11:55:00,1395.3,1395.8,1393.4,1393.9,766.0
2026-06-11 12:00:00,1394.6,1394.6,1391.6,1392.1,765.0
2026-06-11 12:05:00,1392.1,1393.0,1390.1,1390.1,1676.0
2026-06-11 12:10:00,1390.7,1390.7,1389.4,1390.0,506.0
2026-06-11 12:15:00,1390.0,1390.0,1387.3,1387.3,2065.0
2026-06-11 12:20:00,1386.2,1388.0,1385.0,1386.8,3445.0
2026-06-11 12:25:00,1386.8,1388.0,1386.8,1387.8,915.0
2026-06-11 12:30:00,1387.0,1389.0,1386.0,1387.0,2830.0
2026-06-11 12:35:00,1388.8,1390.0,1385.5,1390.0,6143.0
2026-06-11 12:40:00,1390.0,1390.5,1384.0,1385.0,6962.0
2026-06-11 12:45:00,1386.2,1387.5,1385.0,1386.4,2209.0
2026-06-11 12:50:00,1386.0,1387.4,1385.2,1385.3,968.0
2026-06-11 12:55:00,1385.9,1387.7,1384.5,1387.7,775.0
2026-06-11 13:00:00,1387.8,1389.4,1386.9,1387.4,1744.0
2026-06-11 13:05:00,1388.2,1390.0,1386.0,1389.9,5626.0
2026-06-11 13:10:00,1389.9,1390.0,1388.0,1389.6,1945.0
2026-06-11 13:15:00,1389.6,1391.0,1388.8,1390.4,4171.0
2026-06-11 13:20:00,1391.0,1392.0,1389.6,1391.0,2884.0
2026-06-11 13:25:00,1391.6,1391.8,1389.7,1391.3,1707.0
2026-06-11 13:30:00,1391.4,1392.5,1391.1,1391.3,5119.0
2026-06-11 13:35:00,1391.4,1391.4,1390.4,1390.4,1395.0
2026-06-11 13:40:00,1390.9,1390.9,1389.3,1389.7,1816.0
2026-06-11 13:45:00,1389.4,1390.0,1387.1,1390.0,4148.0
2026-06-11 13:50:00,1390.0,1391.9,1389.1,1391.4,4349.0
2026-06-11 13:55:00,1391.9,1397.0,1391.6,1396.1,19089.0
2026-06-11 14:00:00,1396.2,1396.9,1394.2,1395.9,8032.0
2026-06-11 14:05:00,1396.3,1397.0,1392.3,1392.3,7972.0
2026-06-11 14:10:00,1392.3,1392.5,1391.5,1392.4,3221.0
2026-06-11 14:15:00,1392.4,1395.0,1392.3,1393.3,15991.0
2026-06-11 14:20:00,1393.3,1394.1,1392.3,1392.6,2899.0
2026-06-11 14:25:00,1392.8,1395.0,1392.6,1394.7,2953.0
2026-06-11 14:30:00,1394.1,1395.0,1393.0,1395.0,7174.0
2026-06-11 14:35:00,1394.0,1395.0,1393.1,1394.8,2068.0
2026-06-11 14:40:00,1395.0,1395.0,1392.5,1392.8,4014.0
2026-06-11 14:45:00,1393.1,1395.0,1391.3,1393.8,9942.0
2026-06-11 14:50:00,1393.8,1393.8,1390.2,1392.0,4451.0
2026-06-11 14:55:00,1392.0,1392.0,1387.5,1388.0,5106.0
2026-06-11 15:00:00,1387.9,1391.8,1387.9,1390.4,7051.0
2026-06-11 15:05:00,1390.2,1391.8,1388.1,1390.9,10085.0
2026-06-11 15:10:00,1391.9,1393.8,1391.3,1392.3,7651.0
2026-06-11 15:15:00,1392.3,1395.0,1391.5,1395.0,12996.0
2026-06-11 15:20:00,1395.0,1397.0,1381.5,1389.6,39094.0
2026-06-11 15:25:00,1390.9,1392.0,1376.1,1377.1,29402.0
2026-06-12 09:15:00,1400.0,1401.2,1389.0,1395.1,11962.0
2026-06-12 09:20:00,1396.1,1398.9,1392.7,1393.7,10443.0
2026-06-12 09:25:00,1395.5,1398.4,1394.0,1396.6,4539.0
2026-06-12 09:30:00,1396.6,1403.9,1396.0,1403.1,4373.0
2026-06-12 09:35:00,1403.9,1404.7,1400.1,1402.6,10870.0
2026-06-12 09:40:00,1402.8,1408.0,1400.0,1405.8,17836.0
2026-06-12 09:45:00,1406.8,1407.5,1401.6,1405.5,15255.0
2026-06-12 09:50:00,1405.5,1407.0,1398.3,1398.3,3674.0
2026-06-12 09:55:00,1398.3,1401.8,1395.6,1401.8,2820.0
2026-06-12 10:00:00,1400.6,1401.8,1396.7,1398.5,1667.0
2026-06-12 10:05:00,1398.0,1402.9,1398.0,1402.0,2731.0
2026-06-12 10:10:00,1400.9,1401.5,1398.0,1399.1,1120.0
2026-06-12 10:15:00,1399.7,1399.7,1397.0,1397.0,1482.0
2026-06-12 10:20:00,1397.0,1398.8,1396.7,1397.5,810.0
2026-06-12 10:25:00,1398.0,1398.7,1396.7,1397.2,1388.0
2026-06-12 10:30:00,1397.1,1398.0,1392.8,1393.0,2468.0
2026-06-12 10:35:00,1393.2,1394.1,1391.4,1392.7,1636.0
2026-06-12 10:40:00,1391.6,1393.4,1391.6,1392.1,1170.0
2026-06-12 10:45:00,1392.5,1393.4,1391.0,1392.4,1484.0
2026-06-12 10:50:00,1392.4,1396.0,1391.7,1393.9,2024.0
2026-06-12 10:55:00,1393.9,1396.0,1392.8,1394.2,1545.0
2026-06-12 11:00:00,1394.4,1395.6,1394.0,1394.5,1034.0
2026-06-12 11:05:00,1394.5,1395.6,1391.6,1393.4,1077.0
2026-06-12 11:10:00,1393.3,1395.6,1393.3,1394.4,344.0
2026-06-12 11:15:00,1394.4,1396.0,1394.1,1395.9,978.0
2026-06-12 11:20:00,1395.1,1396.6,1394.0,1394.2,419.0
2026-06-12 11:25:00,1394.2,1395.5,1393.2,1394.2,261.0
2026-06-12 11:30:00,1394.2,1394.8,1391.0,1391.0,3968.0
2026-06-12 11:35:00,1390.2,1390.6,1387.5,1387.8,4138.0
2026-06-12 11:40:00,1387.8,1388.6,1386.7,1386.9,772.0
2026-06-12 11:45:00,1386.9,1390.0,1386.9,1388.5,808.0
2026-06-12 11:50:00,1388.5,1390.3,1386.5,1390.2,2328.0
2026-06-12 11:55:00,1389.9,1390.1,1387.7,1387.7,265.0
2026-06-12 12:00:00,1388.7,1389.9,1387.8,1389.0,864.0
2026-06-12 12:05:00,1388.8,1389.2,1388.0,1388.1,579.0
2026-06-12 12:10:00,1388.1,1388.6,1386.1,1386.1,445.0
2026-06-12 12:15:00,1386.0,1386.0,1383.7,1383.8,1026.0
2026-06-12 12:20:00,1384.0,1413.5,1384.0,1410.3,31951.0
2026-06-12 12:25:00,1411.0,1413.1,1401.4,1403.0,13692.0
2026-06-12 12:30:00,1401.7,1402.9,1398.0,1398.7,2152.0
2026-06-12 12:35:00,1398.5,1399.4,1392.8,1394.5,3366.0
2026-06-12 12:40:00,1393.8,1394.8,1390.1,1392.9,1451.0
2026-06-12 12:45:00,1392.3,1395.9,1390.0,1391.4,3059.0
2026-06-12 12:50:00,1391.8,1392.9,1391.2,1392.2,1147.0
2026-06-12 12:55:00,1392.0,1392.7,1391.5,1391.9,662.0
2026-06-12 13:00:00,1391.9,1394.8,1391.5,1393.7,1542.0
2026-06-12 13:05:00,1393.5,1394.1,1392.6,1392.6,681.0
2026-06-12 13:10:00,1392.7,1394.2,1392.6,1393.2,603.0
2026-06-12 13:15:00,1392.6,1395.5,1392.3,1392.8,1069.0
2026-06-12 13:20:00,1393.7,1395.7,1393.2,1394.9,829.0
2026-06-12 13:25:00,1395.0,1397.4,1393.0,1395.3,1211.0
2026-06-12 13:30:00,1396.1,1398.0,1395.0,1397.6,1202.0
2026-06-12 13:35:00,1397.1,1398.2,1396.1,1396.7,423.0
2026-06-12 13:40:00,1396.3,1397.0,1395.9,1396.9,610.0
2026-06-12 13:45:00,1396.9,1397.0,1390.8,1391.5,6034.0
2026-06-12 13:50:00,1390.8,1391.5,1388.4,1389.2,3787.0
2026-06-12 13:55:00,1389.0,1390.1,1387.0,1388.5,4173.0
2026-06-12 14:00:00,1388.5,1393.0,1387.7,1392.6,3015.0
2026-06-12 14:05:00,1392.7,1394.3,1391.7,1392.1,525.0
2026-06-12 14:10:00,1392.1,1392.5,1390.1,1392.5,1528.0
2026-06-12 14:15:00,1392.6,1395.8,1392.5,1394.8,2499.0
2026-06-12 14:20:00,1395.7,1397.0,1394.9,1396.0,6939.0
2026-06-12 14:25:00,1396.2,1398.9,1396.0,1396.8,2639.0
2026-06-12 14:30:00,1396.9,1398.0,1396.0,1396.5,2287.0
2026-06-12 14:35:00,1396.6,1396.7,1394.6,1394.6,5999.0
2026-06-12 14:40:00,1394.6,1395.2,1392.8,1392.8,1307.0
2026-06-12 14:45:00,1393.9,1397.4,1393.2,1395.1,985.0
2026-06-12 14:50:00,1395.1,1395.1,1391.5,1395.0,1947.0
2026-06-12 14:55:00,1393.5,1396.0,1391.8,1393.7,4983.0
2026-06-12 15:00:00,1393.7,1403.5,1393.7,1402.7,10271.0
2026-06-12 15:05:00,1403.5,1404.0,1400.5,1403.0,11400.0
2026-06-12 15:10:00,1403.4,1405.3,1402.3,1405.0,15814.0
2026-06-12 15:15:00,1404.7,1407.0,1400.1,1403.1,14673.0
2026-06-12 15:20:00,1403.6,1404.0,1400.0,1402.3,9760.0
2026-06-12 15:25:00,1401.7,1402.9,1395.0,1399.0,8465.0
2026-06-15 09:15:00,1420.0,1425.0,1412.1,1413.6,16045.0
2026-06-15 09:20:00,1414.5,1415.0,1402.6,1404.1,20444.0
2026-06-15 09:25:00,1404.0,1410.0,1400.0,1408.9,9810.0
2026-06-15 09:30:00,1409.8,1412.0,1407.0,1407.3,7414.0
2026-06-15 09:35:00,1405.7,1410.0,1405.0,1410.0,12694.0
2026-06-15 09:40:00,1410.0,1410.0,1405.5,1409.1,13558.0
2026-06-15 09:45:00,1409.8,1412.5,1409.0,1410.7,25821.0
2026-06-15 09:50:00,1409.7,1411.8,1409.0,1410.1,3424.0
2026-06-15 09:55:00,1409.2,1412.0,1409.0,1411.8,2066.0
2026-06-15 10:00:00,1411.1,1412.7,1410.5,1412.3,1455.0
2026-06-15 10:05:00,1412.9,1412.9,1398.6,1399.0,14024.0
2026-06-15 10:10:00,1399.0,1401.4,1398.0,1400.3,2831.0
2026-06-15 10:15:00,1399.8,1400.9,1397.0,1397.0,4242.0
2026-06-15 10:20:00,1397.0,1403.5,1397.0,1402.0,3838.0
2026-06-15 10:25:00,1402.8,1408.0,1402.0,1405.9,5679.0
2026-06-15 10:30:00,1405.9,1406.8,1397.2,1400.8,19511.0
2026-06-15 10:35:00,1400.9,1402.8,1399.9,1401.7,996.0
2026-06-15 10:40:00,1402.4,1403.9,1399.1,1399.8,1875.0
2026-06-15 10:45:00,1399.5,1401.9,1392.9,1394.1,23520.0
2026-06-15 10:50:00,1394.3,1394.9,1392.1,1393.1,2570.0
2026-06-15 10:55:00,1393.1,1393.9,1389.5,1391.0,10048.0
2026-06-15 11:00:00,1391.9,1393.8,1390.6,1391.4,1638.0
2026-06-15 11:05:00,1391.0,1397.9,1390.0,1393.3,5773.0
2026-06-15 11:10:00,1393.3,1394.3,1390.0,1391.9,8744.0
2026-06-15 11:15:00,1392.8,1393.2,1388.0,1390.3,7801.0
2026-06-15 11:20:00,1390.3,1392.0,1390.0,1391.2,566.0
2026-06-15 11:25:00,1391.9,1391.9,1380.1,1382.2,12525.0
2026-06-15 11:30:00,1382.2,1387.9,1381.3,1386.8,3881.0
2026-06-15 11:35:00,1387.5,1387.7,1385.4,1386.0,2023.0
2026-06-15 11:40:00,1386.8,1387.3,1381.2,1381.2,7034.0
2026-06-15 11:45:00,1381.3,1382.0,1376.6,1380.0,8397.0
2026-06-15 11:50:00,1380.0,1381.9,1380.0,1381.0,2498.0
2026-06-15 11:55:00,1381.0,1383.5,1380.5,1383.0,2941.0
2026-06-15 12:00:00,1383.0,1384.5,1383.0,1383.0,2326.0
2026-06-15 12:05:00,1383.0,1383.6,1380.0,1380.0,5230.0
2026-06-15 12:10:00,1380.0,1380.3,1376.0,1377.2,4768.0
2026-06-15 12:15:00,1377.2,1378.9,1375.0,1377.8,16520.0
2026-06-15 12:20:00,1377.1,1378.8,1376.0,1377.1,4941.0
2026-06-15 12:25:00,1377.1,1379.0,1376.0,1377.6,4622.0
2026-06-15 12:30:00,1377.4,1378.0,1375.3,1377.1,5185.0
2026-06-15 12:35:00,1377.1,1379.2,1375.6,1376.5,3773.0
2026-06-15 12:40:00,1376.5,1377.8,1375.4,1376.9,3257.0
2026-06-15 12:45:00,1377.7,1379.1,1376.1,1377.8,2480.0
2026-06-15 12:50:00,1377.8,1379.3,1375.8,1376.4,3143.0
2026-06-15 12:55:00,1376.1,1377.9,1375.5,1377.1,1745.0
2026-06-15 13:00:00,1378.0,1379.9,1377.8,1379.1,1528.0
2026-06-15 13:05:00,1379.1,1379.9,1375.0,1376.2,16913.0
2026-06-15 13:10:00,1376.2,1377.9,1376.0,1376.1,2404.0
2026-06-15 13:15:00,1376.1,1376.7,1375.0,1375.0,2439.0
2026-06-15 13:20:00,1375.0,1377.0,1375.0,1375.0,3585.0
2026-06-15 13:25:00,1375.0,1377.6,1375.0,1376.5,3244.0
2026-06-15 13:30:00,1377.0,1379.1,1376.0,1378.8,3663.0
2026-06-15 13:35:00,1378.0,1380.9,1377.5,1377.6,6092.0
2026-06-15 13:40:00,1378.3,1379.2,1375.8,1379.1,2618.0
2026-06-15 13:45:00,1379.0,1379.6,1378.0,1378.9,950.0
2026-06-15 13:50:00,1379.4,1380.0,1378.0,1378.0,3893.0
2026-06-15 13:55:00,1378.0,1381.8,1378.0,1381.0,3460.0
2026-06-15 14:00:00,1381.7,1382.5,1380.0,1381.0,3443.0
2026-06-15 14:05:00,1381.0,1382.2,1381.0,1381.0,2819.0
2026-06-15 14:10:00,1381.0,1381.8,1381.0,1381.0,1297.0
2026-06-15 14:15:00,1381.0,1381.7,1381.0,1381.0,2648.0
2026-06-15 14:20:00,1381.2,1382.1,1380.8,1380.8,1449.0
2026-06-15 14:25:00,1380.7,1381.4,1378.7,1380.6,2085.0
2026-06-15 14:30:00,1381.7,1382.2,1380.0,1380.0,1432.0
2026-06-15 14:35:00,1380.0,1383.3,1379.4,1379.5,4217.0
2026-06-15 14:40:00,1380.3,1381.2,1379.5,1380.5,1156.0
2026-06-15 14:45:00,1380.0,1384.8,1379.1,1381.2,4297.0
2026-06-15 14:50:00,1381.9,1386.4,1381.6,1383.6,3795.0
2026-06-15 14:55:00,1383.0,1383.9,1381.3,1382.2,11483.0
2026-06-15 15:00:00,1381.9,1382.8,1376.0,1381.9,23947.0
2026-06-15 15:05:00,1381.0,1384.2,1379.1,1383.0,24448.0
2026-06-15 15:10:00,1382.3,1385.9,1380.6,1382.5,22978.0
2026-06-15 15:15:00,1383.8,1385.8,1376.0,1378.0,26296.0
2026-06-15 15:20:00,1377.6,1381.6,1376.0,1378.5,22446.0
2026-06-15 15:25:00,1377.3,1382.3,1376.0,1381.0,19211.0
2026-06-16 09:15:00,1398.0,1400.0,1384.1,1400.0,21632.0
2026-06-16 09:20:00,1400.2,1403.9,1392.6,1392.6,11292.0
2026-06-16 09:25:00,1393.6,1393.6,1386.4,1388.3,5737.0
2026-06-16 09:30:00,1388.3,1391.0,1386.1,1389.9,5035.0
2026-06-16 09:35:00,1390.5,1393.8,1388.6,1390.2,4783.0
2026-06-16 09:40:00,1390.8,1391.9,1386.0,1389.7,3396.0
2026-06-16 09:45:00,1389.2,1390.3,1386.0,1387.1,4555.0
2026-06-16 09:50:00,1387.1,1389.9,1387.1,1387.4,1822.0
2026-06-16 09:55:00,1387.9,1389.9,1387.4,1389.0,2432.0
2026-06-16 10:00:00,1389.2,1389.9,1386.0,1387.3,6108.0
2026-06-16 10:05:00,1387.5,1389.8,1386.7,1389.7,2411.0
2026-06-16 10:10:00,1389.6,1390.3,1387.9,1389.0,3474.0
2026-06-16 10:15:00,1389.0,1389.8,1386.6,1388.3,3088.0
2026-06-16 10:20:00,1388.3,1389.5,1387.4,1387.4,1722.0
2026-06-16 10:25:00,1386.5,1389.8,1386.0,1389.7,2710.0
2026-06-16 10:30:00,1389.0,1389.9,1388.8,1388.8,1975.0
2026-06-16 10:35:00,1388.5,1391.5,1388.5,1391.5,4134.0
2026-06-16 10:40:00,1391.5,1391.7,1388.8,1389.5,1917.0
2026-06-16 10:45:00,1388.1,1390.5,1387.5,1389.0,11063.0
2026-06-16 10:50:00,1389.0,1404.0,1389.0,1404.0,10695.0
2026-06-16 10:55:00,1403.0,1404.0,1398.1,1399.6,4391.0
2026-06-16 11:00:00,1399.0,1399.2,1397.0,1397.2,1801.0
2026-06-16 11:05:00,1397.9,1400.0,1397.9,1398.9,2983.0
2026-06-16 11:10:00,1398.9,1403.9,1396.4,1403.5,7609.0
2026-06-16 11:15:00,1402.8,1403.3,1401.4,1402.5,4112.0
2026-06-16 11:20:00,1401.2,1403.5,1400.9,1403.5,5422.0
2026-06-16 11:25:00,1403.0,1403.5,1401.7,1402.8,2897.0
2026-06-16 11:30:00,1402.8,1403.5,1401.1,1402.9,4825.0
2026-06-16 11:35:00,1402.9,1403.4,1401.5,1402.0,1450.0
2026-06-16 11:40:00,1402.0,1403.0,1401.5,1403.0,1771.0
2026-06-16 11:45:00,1403.0,1403.4,1402.2,1403.4,2152.0
2026-06-16 11:50:00,1402.8,1403.5,1402.1,1403.5,2937.0
2026-06-16 11:55:00,1403.8,1405.0,1403.1,1405.0,4501.0
2026-06-16 12:00:00,1404.8,1404.9,1403.1,1404.0,1759.0
2026-06-16 12:05:00,1404.0,1404.7,1402.6,1404.1,4433.0
2026-06-16 12:10:00,1403.6,1407.7,1403.5,1406.8,4721.0
2026-06-16 12:15:00,1406.8,1406.8,1403.5,1403.9,4394.0
2026-06-16 12:20:00,1403.5,1407.4,1403.4,1407.3,3347.0
2026-06-16 12:25:00,1407.3,1407.8,1394.0,1394.1,11328.0
2026-06-16 12:30:00,1394.6,1398.2,1394.6,1396.7,2802.0
2026-06-16 12:35:00,1396.5,1398.2,1392.7,1396.6,3077.0
2026-06-16 12:40:00,1396.6,1396.7,1394.1,1394.7,2744.0
2026-06-16 12:45:00,1394.7,1397.5,1391.3,1397.4,3529.0
2026-06-16 12:50:00,1397.5,1398.2,1394.4,1396.7,2809.0
2026-06-16 12:55:00,1396.7,1398.0,1395.2,1396.4,1604.0
2026-06-16 13:00:00,1396.4,1397.7,1396.4,1397.0,1309.0
2026-06-16 13:05:00,1397.0,1398.3,1394.8,1398.3,2993.0
2026-06-16 13:10:00,1397.3,1399.2,1397.3,1398.6,1468.0
2026-06-16 13:15:00,1398.7,1399.6,1395.0,1396.0,4449.0
2026-06-16 13:20:00,1396.0,1399.7,1396.0,1398.8,1854.0
2026-06-16 13:25:00,1399.6,1400.0,1397.0,1398.9,2285.0
2026-06-16 13:30:00,1398.9,1399.6,1398.0,1399.6,1938.0
2026-06-16 13:35:00,1400.0,1400.0,1389.3,1390.6,6481.0
2026-06-16 13:40:00,1390.8,1391.3,1382.4,1383.2,8619.0
2026-06-16 13:45:00,1383.2,1384.8,1379.7,1384.1,13100.0
2026-06-16 13:50:00,1383.6,1384.8,1382.4,1384.4,4990.0
2026-06-16 13:55:00,1384.8,1384.8,1372.0,1372.5,19251.0
2026-06-16 14:00:00,1372.5,1374.2,1370.0,1373.0,18365.0
2026-06-16 14:05:00,1373.3,1374.9,1371.2,1373.1,17715.0
2026-06-16 14:10:00,1372.7,1375.0,1372.5,1373.4,11383.0
2026-06-16 14:15:00,1373.4,1375.0,1373.0,1373.0,16314.0
2026-06-16 14:20:00,1372.5,1372.5,1370.0,1371.7,4477.0
2026-06-16 14:25:00,1371.2,1372.0,1371.2,1371.5,3413.0
2026-06-16 14:30:00,1372.0,1373.9,1371.6,1373.1,2169.0
2026-06-16 14:35:00,1372.9,1375.0,1372.7,1374.3,2009.0
2026-06-16 14:40:00,1374.5,1376.4,1372.0,1372.0,7398.0
2026-06-16 14:45:00,1372.0,1373.7,1371.7,1372.9,3344.0
2026-06-16 14:50:00,1372.7,1374.5,1372.6,1373.3,2927.0
2026-06-16 14:55:00,1373.1,1374.8,1372.1,1373.7,3057.0
2026-06-16 15:00:00,1374.7,1375.5,1374.2,1374.9,10603.0
2026-06-16 15:05:00,1374.9,1378.7,1372.7,1373.0,20895.0
2026-06-16 15:10:00,1372.1,1374.0,1371.6,1372.6,18183.0
2026-06-16 15:15:00,1372.8,1373.9,1371.5,1372.6,6953.0
2026-06-16 15:20:00,1372.1,1372.7,1371.0,1371.3,5871.0
2026-06-16 15:25:00,1372.0,1375.0,1370.0,1372.2,7618.0
2026-06-17 09:15:00,1374.7,1397.0,1374.7,1384.6,28077.0
2026-06-17 09:20:00,1384.6,1384.7,1379.2,1380.0,7227.0
2026-06-17 09:25:00,1379.7,1380.3,1375.6,1377.3,3985.0
2026-06-17 09:30:00,1378.4,1381.1,1377.8,1379.1,3920.0
2026-06-17 09:35:00,1379.1,1382.0,1370.9,1371.0,12142.0
2026-06-17 09:40:00,1371.0,1375.8,1370.5,1375.5,4159.0
2026-06-17 09:45:00,1375.2,1377.9,1374.0,1377.8,2620.0
2026-06-17 09:50:00,1377.8,1382.4,1376.2,1380.5,3959.0
2026-06-17 09:55:00,1380.5,1380.5,1378.0,1378.7,3618.0
2026-06-17 10:00:00,1378.0,1379.9,1377.0,1378.8,4953.0
2026-06-17 10:05:00,1378.8,1382.0,1377.0,1380.5,2615.0
2026-06-17 10:10:00,1379.7,1380.5,1376.2,1376.8,1717.0
2026-06-17 10:15:00,1376.5,1379.2,1376.2,1378.6,7239.0
2026-06-17 10:20:00,1378.7,1381.7,1378.7,1381.1,1787.0
2026-06-17 10:25:00,1380.5,1381.9,1379.7,1381.1,1915.0
2026-06-17 10:30:00,1381.2,1382.0,1380.6,1381.4,1803.0
2026-06-17 10:35:00,1382.5,1384.0,1381.2,1381.5,5498.0
2026-06-17 10:40:00,1381.6,1383.2,1380.8,1383.0,4582.0
2026-06-17 10:45:00,1383.0,1383.0,1374.8,1375.1,28987.0
2026-06-17 10:50:00,1375.9,1379.5,1375.1,1378.8,16758.0
2026-06-17 10:55:00,1378.3,1379.1,1376.0,1376.0,2982.0
2026-06-17 11:00:00,1376.5,1377.8,1376.0,1376.9,3167.0
2026-06-17 11:05:00,1376.9,1378.6,1376.0,1377.8,1539.0
2026-06-17 11:10:00,1377.8,1378.8,1376.5,1378.6,1482.0
2026-06-17 11:15:00,1377.9,1380.8,1377.9,1379.9,1415.0
2026-06-17 11:20:00,1379.9,1381.2,1379.6,1379.9,1296.0
2026-06-17 11:25:00,1379.9,1381.5,1379.5,1381.5,1570.0
2026-06-17 11:30:00,1380.4,1381.8,1380.4,1380.5,1958.0
2026-06-17 11:35:00,1380.5,1382.4,1380.5,1382.4,1943.0
2026-06-17 11:40:00,1381.5,1383.8,1381.5,1381.9,1648.0
2026-06-17 11:45:00,1381.9,1383.0,1381.0,1381.9,2061.0
2026-06-17 11:50:00,1381.9,1384.6,1381.9,1384.0,4433.0
2026-06-17 11:55:00,1384.0,1385.0,1383.0,1383.2,1900.0
2026-06-17 12:00:00,1383.0,1384.8,1382.1,1383.0,1679.0
2026-06-17 12:05:00,1383.0,1384.1,1381.4,1383.0,3399.0
2026-06-17 12:10:00,1383.0,1386.0,1383.0,1385.3,6706.0
2026-06-17 12:15:00,1385.3,1391.0,1385.0,1391.0,19946.0
2026-06-17 12:20:00,1390.6,1394.0,1390.4,1392.9,8356.0
2026-06-17 12:25:00,1392.9,1395.0,1392.9,1394.0,9584.0
2026-06-17 12:30:00,1394.0,1395.7,1392.8,1395.2,6043.0
2026-06-17 12:35:00,1395.2,1397.0,1395.0,1395.9,3655.0
2026-06-17 12:40:00,1396.3,1397.3,1395.3,1397.0,2054.0
2026-06-17 12:45:00,1397.4,1398.0,1395.0,1397.0,6264.0
2026-06-17 12:50:00,1397.0,1397.5,1396.3,1396.8,959.0
2026-06-17 12:55:00,1396.8,1397.5,1390.1,1390.4,15088.0
2026-06-17 13:00:00,1390.4,1391.0,1387.5,1388.8,4029.0
2026-06-17 13:05:00,1388.8,1389.6,1387.1,1388.0,1517.0
2026-06-17 13:10:00,1388.0,1389.1,1386.0,1386.2,1975.0
2026-06-17 13:15:00,1386.2,1387.5,1385.7,1387.1,1614.0
2026-06-17 13:20:00,1386.9,1390.0,1385.6,1387.5,13586.0
2026-06-17 13:25:00,1387.5,1387.6,1386.3,1386.9,1409.0
2026-06-17 13:30:00,1386.9,1388.0,1386.9,1387.5,1630.0
2026-06-17 13:35:00,1387.5,1389.0,1386.9,1388.6,3251.0
2026-06-17 13:40:00,1388.6,1389.0,1387.0,1387.9,1630.0
2026-06-17 13:45:00,1387.9,1388.4,1386.0,1387.3,4558.0
2026-06-17 13:50:00,1387.3,1389.0,1387.3,1387.6,1973.0
2026-06-17 13:55:00,1387.6,1389.6,1387.6,1389.1,1292.0
2026-06-17 14:00:00,1389.1,1391.9,1389.1,1390.6,1217.0
2026-06-17 14:05:00,1390.6,1391.9,1390.1,1391.1,1572.0
2026-06-17 14:10:00,1391.1,1393.7,1390.3,1393.2,1997.0
2026-06-17 14:15:00,1392.3,1395.0,1391.8,1395.0,2378.0
2026-06-17 14:20:00,1394.3,1396.2,1394.0,1394.4,6124.0
2026-06-17 14:25:00,1394.4,1397.4,1394.0,1396.6,9425.0
2026-06-17 14:30:00,1396.6,1399.0,1395.6,1398.0,4511.0
2026-06-17 14:35:00,1398.3,1399.0,1397.0,1398.6,5445.0
2026-06-17 14:40:00,1398.6,1400.0,1398.2,1398.4,1786.0
2026-06-17 14:45:00,1398.4,1399.4,1397.0,1398.6,4307.0
2026-06-17 14:50:00,1398.6,1399.1,1397.0,1399.0,3669.0
2026-06-17 14:55:00,1398.1,1400.0,1397.1,1399.2,6627.0
2026-06-17 15:00:00,1399.9,1399.9,1394.0,1394.9,11853.0
2026-06-17 15:05:00,1394.2,1397.0,1393.5,1395.4,7520.0
2026-06-17 15:10:00,1395.2,1396.2,1393.0,1393.7,6734.0
2026-06-17 15:15:00,1395.1,1395.2,1391.0,1392.3,11859.0
2026-06-17 15:20:00,1392.6,1393.8,1390.1,1392.4,10778.0
2026-06-17 15:25:00,1392.3,1400.0,1390.7,1394.2,18729.0
2026-06-18 09:15:00,1394.4,1406.0,1392.7,1397.4,26026.0
2026-06-18 09:20:00,1397.4,1407.7,1395.4,1407.0,8742.0
2026-06-18 09:25:00,1407.7,1408.7,1402.0,1402.0,8998.0
2026-06-18 09:30:00,1402.1,1405.2,1398.6,1399.2,11204.0
2026-06-18 09:35:00,1399.1,1405.0,1397.2,1403.0,3759.0
2026-06-18 09:40:00,1403.8,1410.0,1403.1,1405.1,16511.0
2026-06-18 09:45:00,1405.8,1406.2,1401.8,1404.9,4297.0
2026-06-18 09:50:00,1404.4,1405.4,1402.0,1403.0,3188.0
2026-06-18 09:55:00,1403.4,1404.5,1402.0,1402.1,1704.0
2026-06-18 10:00:00,1402.1,1404.8,1402.1,1403.2,3550.0
2026-06-18 10:05:00,1403.2,1404.0,1400.0,1401.8,2274.0
2026-06-18 10:10:00,1402.0,1404.0,1400.0,1400.4,10684.0
2026-06-18 10:15:00,1400.1,1406.0,1400.0,1402.3,2965.0
2026-06-18 10:20:00,1402.6,1403.9,1400.3,1402.1,979.0
2026-06-18 10:25:00,1401.9,1402.4,1399.4,1400.9,2516.0
2026-06-18 10:30:00,1400.4,1400.9,1399.9,1400.4,768.0
2026-06-18 10:35:00,1400.4,1400.8,1398.0,1398.0,2149.0
2026-06-18 10:40:00,1398.0,1399.9,1398.0,1399.9,1787.0
2026-06-18 10:45:00,1399.4,1402.0,1399.4,1401.6,912.0
2026-06-18 10:50:00,1401.5,1403.2,1398.2,1399.2,3499.0
2026-06-18 10:55:00,1398.0,1401.1,1397.2,1398.5,8927.0
2026-06-18 11:00:00,1398.7,1399.0,1395.8,1395.8,1111.0
2026-06-18 11:05:00,1396.0,1396.8,1394.4,1395.9,1851.0
2026-06-18 11:10:00,1395.9,1398.0,1395.1,1395.9,2656.0
2026-06-18 11:15:00,1395.6,1396.7,1394.3,1395.5,971.0
2026-06-18 11:20:00,1395.5,1397.1,1394.5,1396.9,1126.0
2026-06-18 11:25:00,1396.2,1398.5,1396.1,1396.9,1442.0
2026-06-18 11:30:00,1396.9,1398.3,1396.9,1398.1,167.0
2026-06-18 11:35:00,1398.0,1398.8,1395.0,1395.0,1353.0
2026-06-18 11:40:00,1395.8,1395.8,1387.2,1388.4,8105.0
2026-06-18 11:45:00,1388.8,1390.0,1388.4,1389.2,2053.0
2026-06-18 11:50:00,1389.1,1389.4,1384.2,1387.5,11032.0
2026-06-18 11:55:00,1387.1,1390.5,1387.0,1389.7,2053.0
2026-06-18 12:00:00,1389.2,1393.1,1389.1,1392.6,1813.0
2026-06-18 12:05:00,1393.2,1393.5,1390.0,1390.0,1108.0
2026-06-18 12:10:00,1390.3,1391.7,1390.0,1391.0,442.0
2026-06-18 12:15:00,1391.0,1391.9,1391.0,1391.4,402.0
2026-06-18 12:20:00,1391.8,1393.8,1391.7,1393.3,723.0
2026-06-18 12:25:00,1393.3,1396.8,1391.2,1393.7,2759.0
2026-06-18 12:30:00,1394.2,1396.0,1394.2,1395.3,744.0
2026-06-18 12:35:00,1395.3,1395.8,1394.6,1395.0,917.0
2026-06-18 12:40:00,1395.0,1396.2,1394.7,1395.4,1171.0
2026-06-18 12:45:00,1395.4,1396.2,1394.7,1394.9,1199.0
2026-06-18 12:50:00,1395.1,1398.0,1395.0,1397.2,967.0
2026-06-18 12:55:00,1397.2,1398.0,1395.7,1397.0,1219.0
2026-06-18 13:00:00,1397.2,1397.2,1395.9,1396.8,609.0
2026-06-18 13:05:00,1397.3,1397.5,1395.9,1397.5,909.0
2026-06-18 13:10:00,1397.4,1398.1,1396.5,1398.1,538.0
2026-06-18 13:15:00,1398.1,1398.2,1397.0,1397.2,735.0
2026-06-18 13:20:00,1396.9,1398.4,1396.1,1398.2,2369.0
2026-06-18 13:25:00,1398.2,1399.9,1397.7,1397.8,1563.0
2026-06-18 13:30:00,1397.8,1399.4,1397.3,1399.0,2182.0
2026-06-18 13:35:00,1398.6,1400.2,1397.7,1399.5,4336.0
2026-06-18 13:40:00,1399.5,1401.9,1399.5,1400.9,1956.0
2026-06-18 13:45:00,1401.5,1401.5,1400.1,1400.3,1368.0
2026-06-18 13:50:00,1400.7,1400.7,1398.1,1400.0,752.0
2026-06-18 13:55:00,1400.3,1400.4,1398.6,1399.1,3411.0
2026-06-18 14:00:00,1399.3,1400.0,1398.1,1398.5,1672.0
2026-06-18 14:05:00,1398.5,1399.8,1393.4,1395.3,3981.0
2026-06-18 14:10:00,1395.6,1398.9,1395.6,1398.4,778.0
2026-06-18 14:15:00,1398.1,1398.6,1395.1,1395.9,6936.0
2026-06-18 14:20:00,1395.7,1400.6,1395.7,1398.7,5775.0
2026-06-18 14:25:00,1398.8,1400.6,1398.7,1399.9,941.0
2026-06-18 14:30:00,1399.9,1400.0,1395.8,1398.3,9144.0
2026-06-18 14:35:00,1398.3,1399.3,1397.3,1399.3,888.0
2026-06-18 14:40:00,1398.8,1399.5,1398.1,1399.4,1210.0
2026-06-18 14:45:00,1398.9,1399.9,1396.0,1396.2,1581.0
2026-06-18 14:50:00,1395.4,1396.3,1394.2,1395.2,1697.0
2026-06-18 14:55:00,1395.3,1397.8,1395.3,1397.8,1653.0
2026-06-18 15:00:00,1397.8,1399.3,1395.5,1397.7,3330.0
2026-06-18 15:05:00,1398.5,1399.9,1396.9,1398.0,14413.0
2026-06-18 15:10:00,1398.0,1399.5,1395.4,1395.4,6597.0
2026-06-18 15:15:00,1395.4,1399.2,1395.0,1396.1,9258.0
2026-06-18 15:20:00,1396.9,1398.6,1393.7,1395.9,12717.0
2026-06-18 15:25:00,1395.9,1399.0,1392.1,1397.2,8395.0
2026-06-19 09:15:00,1389.0,1398.9,1386.1,1394.9,17503.0
2026-06-19 09:20:00,1393.1,1400.0,1392.3,1395.0,6551.0
2026-06-19 09:25:00,1396.0,1406.5,1396.0,1400.0,19653.0
2026-06-19 09:30:00,1400.1,1404.6,1399.6,1401.0,15069.0
2026-06-19 09:35:00,1401.0,1403.9,1398.1,1400.1,6323.0
2026-06-19 09:40:00,1400.3,1401.0,1398.0,1398.2,5456.0
2026-06-19 09:45:00,1399.0,1401.7,1397.4,1401.7,3442.0
2026-06-19 09:50:00,1400.9,1406.0,1400.1,1405.9,12717.0
2026-06-19 09:55:00,1405.1,1406.5,1401.7,1404.0,4195.0
2026-06-19 10:00:00,1404.5,1404.9,1402.0,1403.5,2305.0
2026-06-19 10:05:00,1403.6,1404.0,1401.4,1402.0,2869.0
2026-06-19 10:10:00,1402.7,1404.2,1400.0,1400.2,6549.0
2026-06-19 10:15:00,1400.9,1403.3,1400.3,1401.3,1682.0
2026-06-19 10:20:00,1401.1,1403.2,1400.7,1402.4,1590.0
2026-06-19 10:25:00,1402.5,1403.1,1400.5,1400.9,1879.0
2026-06-19 10:30:00,1401.2,1402.8,1400.4,1401.9,1511.0
2026-06-19 10:35:00,1401.2,1403.1,1400.2,1402.9,1302.0
2026-06-19 10:40:00,1402.9,1405.1,1401.0,1402.1,7544.0
2026-06-19 10:45:00,1402.1,1405.0,1400.5,1403.1,2698.0
2026-06-19 10:50:00,1403.1,1409.3,1403.1,1409.1,6657.0
2026-06-19 10:55:00,1409.3,1409.5,1403.2,1404.4,3353.0
2026-06-19 11:00:00,1403.5,1406.3,1403.3,1403.8,2527.0
2026-06-19 11:05:00,1403.6,1406.2,1402.4,1405.4,2217.0
2026-06-19 11:10:00,1405.4,1407.0,1402.6,1403.7,3844.0
2026-06-19 11:15:00,1403.7,1405.0,1401.2,1402.2,2557.0
2026-06-19 11:20:00,1402.0,1403.9,1401.1,1402.6,5127.0
2026-06-19 11:25:00,1402.6,1406.6,1402.5,1405.9,4719.0
2026-06-19 11:30:00,1405.8,1407.5,1405.1,1406.3,1349.0
2026-06-19 11:35:00,1406.0,1407.9,1402.5,1403.6,4135.0
2026-06-19 11:40:00,1403.7,1404.7,1403.1,1404.7,1037.0
2026-06-19 11:45:00,1404.8,1404.8,1402.5,1402.9,1952.0
2026-06-19 11:50:00,1402.9,1404.0,1402.2,1403.1,1497.0
2026-06-19 11:55:00,1403.6,1405.0,1403.6,1405.0,6275.0
2026-06-19 12:00:00,1405.1,1407.9,1405.0,1407.1,2528.0
2026-06-19 12:05:00,1406.5,1407.2,1405.0,1405.1,3016.0
2026-06-19 12:10:00,1405.2,1406.4,1405.1,1406.1,1311.0
2026-06-19 12:15:00,1406.1,1408.2,1405.1,1405.4,1794.0
2026-06-19 12:20:00,1405.4,1406.9,1405.2,1405.3,2058.0
2026-06-19 12:25:00,1405.4,1406.8,1405.2,1405.7,1155.0
2026-06-19 12:30:00,1406.2,1407.7,1405.6,1405.9,1810.0
2026-06-19 12:35:00,1406.0,1408.3,1404.6,1408.1,6960.0
2026-06-19 12:40:00,1407.6,1408.3,1405.5,1407.3,1271.0
2026-06-19 12:45:00,1407.3,1408.7,1406.8,1408.6,2840.0
2026-06-19 12:50:00,1408.6,1408.7,1406.5,1407.2,1252.0
2026-06-19 12:55:00,1407.0,1407.7,1404.4,1405.6,3905.0
2026-06-19 13:00:00,1405.8,1406.7,1405.4,1405.4,378.0
2026-06-19 13:05:00,1405.4,1406.3,1405.4,1405.8,486.0
2026-06-19 13:10:00,1405.9,1407.7,1403.8,1407.1,1629.0
2026-06-19 13:15:00,1407.8,1408.7,1406.9,1407.9,1089.0
2026-06-19 13:20:00,1408.3,1408.7,1406.4,1407.8,3083.0
2026-06-19 13:25:00,1407.8,1408.2,1404.2,1407.7,2679.0
2026-06-19 13:30:00,1407.5,1410.0,1406.8,1409.4,5476.0
2026-06-19 13:35:00,1409.0,1410.0,1406.1,1408.8,11589.0
2026-06-19 13:40:00,1408.1,1409.8,1407.5,1408.4,1725.0
2026-06-19 13:45:00,1408.5,1409.0,1405.3,1406.5,2440.0
2026-06-19 13:50:00,1406.6,1408.3,1402.8,1408.2,16174.0
2026-06-19 13:55:00,1407.5,1409.8,1407.5,1408.6,3307.0
2026-06-19 14:00:00,1409.5,1412.0,1408.7,1409.2,25607.0
2026-06-19 14:05:00,1410.0,1412.0,1409.1,1409.6,6330.0
2026-06-19 14:10:00,1409.6,1411.0,1409.0,1410.7,3727.0
2026-06-19 14:15:00,1410.1,1415.0,1406.2,1406.9,17085.0
2026-06-19 14:20:00,1407.9,1407.9,1405.0,1407.0,4497.0
2026-06-19 14:25:00,1407.0,1408.0,1406.0,1407.4,1884.0
2026-06-19 14:30:00,1406.5,1408.9,1406.5,1408.0,2156.0
2026-06-19 14:35:00,1407.9,1410.5,1404.0,1404.8,7654.0
2026-06-19 14:40:00,1405.5,1408.0,1402.0,1403.8,10075.0
2026-06-19 14:45:00,1403.4,1405.3,1401.0,1404.6,6755.0
2026-06-19 14:50:00,1403.8,1404.5,1399.5,1400.7,6303.0
2026-06-19 14:55:00,1401.0,1411.7,1400.3,1409.4,16418.0
2026-06-19 15:00:00,1409.3,1419.7,1404.1,1419.5,78844.0
2026-06-19 15:05:00,1419.7,1423.0,1416.8,1421.7,52924.0
2026-06-19 15:10:00,1421.9,1432.0,1419.7,1431.0,82084.0
2026-06-19 15:15:00,1431.1,1434.3,1425.1,1428.8,59780.0
2026-06-19 15:20:00,1428.5,1428.8,1426.9,1428.7,40609.0
2026-06-19 15:25:00,1428.4,1428.8,1424.0,1428.0,36105.0
2026-06-22 09:15:00,1426.3,1431.5,1394.0,1401.5,39152.0
2026-06-22 09:20:00,1401.9,1404.0,1400.0,1401.4,15130.0
2026-06-22 09:25:00,1401.4,1403.9,1400.1,1403.6,6967.0
2026-06-22 09:30:00,1404.0,1405.0,1401.1,1402.0,10697.0
2026-06-22 09:35:00,1402.8,1405.0,1402.0,1402.3,5209.0
2026-06-22 09:40:00,1402.8,1405.0,1402.2,1403.0,3882.0
2026-06-22 09:45:00,1404.0,1404.0,1401.2,1401.2,6398.0
2026-06-22 09:50:00,1401.2,1402.3,1400.0,1401.6,2056.0
2026-06-22 09:55:00,1402.0,1404.7,1400.6,1402.4,2789.0
2026-06-22 10:00:00,1403.8,1404.8,1402.4,1403.8,1164.0
2026-06-22 10:05:00,1404.7,1407.6,1403.0,1404.4,6127.0
2026-06-22 10:10:00,1405.0,1405.6,1403.0,1404.4,1883.0
2026-06-22 10:15:00,1404.8,1406.1,1403.0,1404.0,1781.0
2026-06-22 10:20:00,1404.2,1404.9,1403.0,1404.3,1222.0
2026-06-22 10:25:00,1403.1,1407.0,1403.1,1405.0,3595.0
2026-06-22 10:30:00,1405.2,1407.6,1404.9,1405.3,1800.0
2026-06-22 10:35:00,1405.7,1409.7,1405.1,1408.8,4420.0
2026-06-22 10:40:00,1408.8,1408.9,1404.0,1408.9,11467.0
2026-06-22 10:45:00,1408.8,1409.5,1405.2,1405.9,3948.0
2026-06-22 10:50:00,1405.4,1409.1,1405.0,1408.8,1940.0
2026-06-22 10:55:00,1408.1,1409.4,1408.1,1408.4,1663.0
2026-06-22 11:00:00,1408.4,1408.4,1406.5,1406.6,1902.0
2026-06-22 11:05:00,1406.6,1408.2,1405.6,1406.9,1709.0
2026-06-22 11:10:00,1407.0,1407.0,1404.2,1405.8,1182.0
2026-06-22 11:15:00,1406.0,1407.5,1405.4,1405.7,639.0
2026-06-22 11:20:00,1406.7,1408.0,1405.0,1407.5,974.0
2026-06-22 11:25:00,1407.5,1408.9,1407.5,1408.0,489.0
2026-06-22 11:30:00,1407.9,1409.0,1407.5,1408.9,971.0
2026-06-22 11:35:00,1408.4,1410.0,1408.1,1409.3,1037.0
2026-06-22 11:40:00,1408.3,1408.5,1406.8,1406.8,1140.0
2026-06-22 11:45:00,1407.0,1408.0,1405.4,1405.6,4143.0
2026-06-22 11:50:00,1406.5,1406.8,1403.3,1403.3,2158.0
2026-06-22 11:55:00,1404.6,1405.0,1402.0,1404.0,2875.0
2026-06-22 12:00:00,1403.2,1403.5,1401.2,1401.7,2600.0
2026-06-22 12:05:00,1400.9,1403.9,1400.9,1403.3,4318.0
2026-06-22 12:10:00,1402.6,1404.5,1402.6,1403.0,499.0
2026-06-22 12:15:00,1403.0,1404.2,1402.7,1403.4,617.0
2026-06-22 12:20:00,1403.4,1404.7,1403.4,1404.7,730.0
2026-06-22 12:25:00,1403.6,1404.6,1403.1,1404.5,963.0
2026-06-22 12:30:00,1404.8,1405.0,1403.0,1403.0,3064.0
2026-06-22 12:35:00,1403.0,1404.0,1403.0,1403.1,598.0
2026-06-22 12:40:00,1403.1,1404.2,1403.0,1403.5,330.0
2026-06-22 12:45:00,1403.5,1408.0,1403.5,1406.9,9622.0
2026-06-22 12:50:00,1407.8,1408.0,1406.6,1406.6,716.0
2026-06-22 12:55:00,1407.7,1408.0,1405.2,1406.9,920.0
2026-06-22 13:00:00,1407.4,1407.4,1405.2,1406.0,775.0
2026-06-22 13:05:00,1405.5,1407.1,1405.3,1405.8,295.0
2026-06-22 13:10:00,1405.8,1406.8,1404.2,1405.4,842.0
2026-06-22 13:15:00,1405.8,1406.1,1405.3,1405.5,152.0
2026-06-22 13:20:00,1405.5,1406.0,1404.7,1404.7,311.0
2026-06-22 13:25:00,1404.7,1405.7,1404.0,1405.7,797.0
2026-06-22 13:30:00,1405.0,1405.7,1404.2,1405.0,874.0
2026-06-22 13:35:00,1404.3,1405.0,1403.0,1403.7,4927.0
2026-06-22 13:40:00,1403.4,1403.6,1401.0,1402.4,3424.0
2026-06-22 13:45:00,1402.4,1403.2,1402.0,1402.2,534.0
2026-06-22 13:50:00,1402.1,1403.9,1402.0,1403.3,856.0
2026-06-22 13:55:00,1403.3,1403.6,1401.5,1401.9,618.0
2026-06-22 14:00:00,1401.9,1403.5,1401.9,1402.1,563.0
2026-06-22 14:05:00,1402.7,1404.0,1402.1,1403.9,468.0
2026-06-22 14:10:00,1403.3,1403.5,1402.0,1403.1,597.0
2026-06-22 14:15:00,1403.4,1403.4,1401.0,1401.0,1210.0
2026-06-22 14:20:00,1401.5,1408.0,1401.5,1407.2,2319.0
2026-06-22 14:25:00,1408.0,1409.7,1407.0,1408.0,1601.0
2026-06-22 14:30:00,1409.0,1409.3,1403.6,1406.6,4704.0
2026-06-22 14:35:00,1407.4,1407.4,1403.4,1404.4,4399.0
2026-06-22 14:40:00,1404.2,1404.7,1402.3,1402.3,2071.0
2026-06-22 14:45:00,1403.2,1404.4,1401.5,1403.6,1448.0
2026-06-22 14:50:00,1403.6,1404.1,1401.0,1401.5,1351.0
2026-06-22 14:55:00,1402.3,1402.8,1400.7,1401.5,1381.0
2026-06-22 15:00:00,1402.5,1407.0,1402.5,1405.9,8994.0
2026-06-22 15:05:00,1405.3,1406.3,1403.8,1406.0,7381.0
2026-06-22 15:10:00,1405.3,1406.9,1400.0,1405.8,13124.0
2026-06-22 15:15:00,1405.8,1406.4,1401.9,1405.0,9647.0
2026-06-22 15:20:00,1404.6,1406.0,1402.3,1404.1,8281.0
2026-06-22 15:25:00,1402.2,1405.0,1400.0,1405.0,10562.0
2026-06-23 09:15:00,1418.8,1424.9,1409.5,1424.8,66481.0
2026-06-23 09:20:00,1424.8,1439.0,1423.5,1437.1,121288.0
2026-06-23 09:25:00,1435.6,1437.9,1420.5,1427.0,54610.0
2026-06-23 09:30:00,1425.8,1429.5,1424.1,1427.3,19414.0
2026-06-23 09:35:00,1426.8,1430.0,1426.0,1428.2,12975.0
2026-06-23 09:40:00,1427.5,1428.7,1418.7,1419.5,34066.0
2026-06-23 09:45:00,1420.9,1423.9,1416.9,1422.8,12971.0
2026-06-23 09:50:00,1423.4,1423.5,1417.1,1418.6,6288.0
2026-06-23 09:55:00,1417.4,1426.5,1417.1,1426.5,7808.0
2026-06-23 10:00:00,1425.6,1427.0,1420.9,1426.2,6849.0
2026-06-23 10:05:00,1425.1,1426.9,1424.1,1426.0,9880.0
2026-06-23 10:10:00,1426.2,1428.8,1425.5,1427.5,10003.0
2026-06-23 10:15:00,1427.9,1428.4,1426.1,1427.4,5874.0
2026-06-23 10:20:00,1427.3,1428.4,1422.1,1422.4,9281.0
2026-06-23 10:25:00,1422.5,1425.6,1421.2,1422.0,4741.0
2026-06-23 10:30:00,1421.8,1426.0,1421.3,1423.7,4514.0
2026-06-23 10:35:00,1423.8,1425.8,1422.2,1423.5,3430.0
2026-06-23 10:40:00,1425.0,1426.0,1416.2,1417.8,15458.0
2026-06-23 10:45:00,1419.1,1422.6,1418.1,1421.8,5112.0
2026-06-23 10:50:00,1420.9,1423.4,1420.0,1420.0,4126.0
2026-06-23 10:55:00,1420.0,1423.0,1420.0,1421.5,2832.0
2026-06-23 11:00:00,1421.3,1424.7,1420.5,1423.8,4229.0
2026-06-23 11:05:00,1423.1,1427.0,1422.4,1426.4,5111.0
2026-06-23 11:10:00,1425.5,1427.7,1423.9,1423.9,8204.0
2026-06-23 11:15:00,1424.4,1427.3,1423.7,1425.1,3369.0
2026-06-23 11:20:00,1426.1,1427.2,1423.8,1427.0,4553.0
2026-06-23 11:25:00,1425.8,1427.2,1423.8,1425.1,2710.0
2026-06-23 11:30:00,1425.0,1426.6,1423.7,1424.1,3448.0
2026-06-23 11:35:00,1424.1,1425.0,1423.1,1423.9,2538.0
2026-06-23 11:40:00,1423.3,1423.8,1420.3,1420.8,3472.0
2026-06-23 11:45:00,1421.6,1422.1,1418.2,1418.3,5133.0
2026-06-23 11:50:00,1418.4,1420.2,1415.0,1415.4,4651.0
2026-06-23 11:55:00,1415.5,1415.5,1410.0,1411.8,7563.0
2026-06-23 12:00:00,1411.7,1414.4,1406.3,1407.2,7719.0
2026-06-23 12:05:00,1407.2,1412.3,1401.1,1404.5,25418.0
2026-06-23 12:10:00,1403.5,1405.8,1403.5,1405.0,2148.0
2026-06-23 12:15:00,1405.0,1407.3,1403.9,1405.9,4369.0
2026-06-23 12:20:00,1405.4,1405.6,1399.1,1400.8,14152.0
2026-06-23 12:25:00,1400.8,1408.3,1400.3,1407.1,3149.0
2026-06-23 12:30:00,1407.2,1407.9,1401.0,1403.1,3805.0
2026-06-23 12:35:00,1403.3,1407.8,1403.0,1407.7,4284.0
2026-06-23 12:40:00,1406.3,1407.9,1405.2,1406.4,1586.0
2026-06-23 12:45:00,1406.7,1408.5,1405.3,1405.3,1839.0
2026-06-23 12:50:00,1406.0,1408.4,1404.4,1405.4,3390.0
2026-06-23 12:55:00,1405.2,1408.4,1405.1,1407.3,1795.0
2026-06-23 13:00:00,1406.4,1408.0,1404.0,1405.2,1746.0
2026-06-23 13:05:00,1405.2,1409.9,1405.1,1408.6,1720.0
2026-06-23 13:10:00,1408.6,1409.7,1406.1,1406.5,3388.0
2026-06-23 13:15:00,1405.5,1407.2,1402.3,1404.2,5584.0
2026-06-23 13:20:00,1405.1,1407.4,1405.1,1406.2,1181.0
2026-06-23 13:25:00,1407.0,1407.9,1405.0,1407.3,6017.0
2026-06-23 13:30:00,1407.2,1407.2,1404.3,1404.8,1826.0
2026-06-23 13:35:00,1405.2,1405.6,1402.6,1405.0,3277.0
2026-06-23 13:40:00,1404.5,1409.2,1404.3,1408.4,1383.0
2026-06-23 13:45:00,1408.4,1409.9,1407.0,1409.8,2709.0
2026-06-23 13:50:00,1408.8,1410.0,1407.6,1408.7,2857.0
2026-06-23 13:55:00,1408.8,1410.5,1407.3,1408.7,3148.0
2026-06-23 14:00:00,1408.6,1412.0,1408.3,1410.5,2297.0
2026-06-23 14:05:00,1410.5,1411.0,1409.1,1410.8,2060.0
2026-06-23 14:10:00,1409.8,1412.0,1409.8,1411.1,2649.0
2026-06-23 14:15:00,1411.0,1412.1,1410.0,1411.9,4967.0
2026-06-23 14:20:00,1411.1,1412.4,1410.1,1411.7,4583.0
2026-06-23 14:25:00,1411.7,1415.0,1409.3,1409.3,7926.0
2026-06-23 14:30:00,1409.3,1410.4,1408.0,1408.6,2278.0
2026-06-23 14:35:00,1408.2,1410.0,1407.4,1409.9,1890.0
2026-06-23 14:40:00,1409.3,1412.9,1408.5,1411.7,5939.0
2026-06-23 14:45:00,1412.8,1413.0,1410.1,1411.4,7048.0
2026-06-23 14:50:00,1412.2,1417.3,1411.5,1415.7,3759.0
2026-06-23 14:55:00,1415.7,1421.0,1415.1,1420.7,8346.0
2026-06-23 15:00:00,1420.9,1421.0,1413.2,1416.6,9017.0
2026-06-23 15:05:00,1416.6,1422.9,1416.5,1420.2,24123.0
2026-06-23 15:10:00,1420.4,1420.4,1415.2,1415.2,17113.0
2026-06-23 15:15:00,1415.9,1418.0,1414.4,1414.7,14118.0
2026-06-23 15:20:00,1414.0,1416.7,1410.4,1411.4,11195.0
2026-06-23 15:25:00,1412.4,1412.4,1406.2,1408.0,12452.0
2026-06-24 09:15:00,1400.0,1424.5,1400.0,1419.1,22686.0
2026-06-24 09:20:00,1419.0,1421.7,1412.9,1412.9,6718.0
2026-06-24 09:25:00,1412.9,1414.5,1407.0,1412.3,6776.0
2026-06-24 09:30:00,1413.2,1414.0,1407.6,1411.4,6752.0
2026-06-24 09:35:00,1412.5,1414.0,1410.7,1413.7,4092.0
2026-06-24 09:40:00,1413.3,1414.0,1409.2,1410.7,3819.0
2026-06-24 09:45:00,1410.9,1412.3,1405.7,1406.1,4222.0
2026-06-24 09:50:00,1406.6,1410.0,1404.9,1408.7,10826.0
2026-06-24 09:55:00,1408.6,1413.9,1408.6,1411.8,3796.0
2026-06-24 10:00:00,1413.1,1419.3,1413.1,1415.3,4360.0
2026-06-24 10:05:00,1416.3,1417.0,1414.5,1416.5,2026.0
2026-06-24 10:10:00,1416.7,1417.0,1414.8,1416.2,1846.0
2026-06-24 10:15:00,1416.1,1416.9,1413.0,1414.8,2054.0
2026-06-24 10:20:00,1414.6,1417.0,1414.1,1417.0,1084.0
2026-06-24 10:25:00,1417.0,1419.6,1416.0,1416.0,6582.0
2026-06-24 10:30:00,1416.0,1416.9,1413.0,1414.4,3167.0
2026-06-24 10:35:00,1414.4,1414.4,1410.1,1412.7,2522.0
2026-06-24 10:40:00,1413.5,1414.7,1411.5,1412.0,1740.0
2026-06-24 10:45:00,1411.3,1417.7,1411.3,1415.7,1573.0
2026-06-24 10:50:00,1416.6,1417.9,1416.0,1416.0,1790.0
2026-06-24 10:55:00,1416.0,1416.9,1408.5,1412.9,4062.0
2026-06-24 11:00:00,1412.2,1414.8,1412.2,1414.0,843.0
2026-06-24 11:05:00,1413.8,1415.0,1413.1,1414.3,978.0
2026-06-24 11:10:00,1414.3,1416.5,1414.3,1415.4,3188.0
2026-06-24 11:15:00,1415.4,1418.0,1413.8,1414.9,1961.0
2026-06-24 11:20:00,1414.9,1417.4,1414.7,1415.8,816.0
2026-06-24 11:25:00,1415.8,1417.8,1412.5,1417.8,1997.0
2026-06-24 11:30:00,1417.1,1418.0,1415.4,1417.6,1119.0
2026-06-24 11:35:00,1418.0,1419.7,1413.3,1415.1,3521.0
2026-06-24 11:40:00,1415.9,1415.9,1411.0,1411.5,2372.0
2026-06-24 11:45:00,1412.6,1412.6,1407.8,1408.8,3368.0
2026-06-24 11:50:00,1409.7,1411.5,1409.7,1410.9,2383.0
2026-06-24 11:55:00,1411.3,1411.8,1408.6,1410.0,10130.0
2026-06-24 12:00:00,1408.7,1410.9,1408.5,1409.1,2804.0
2026-06-24 12:05:00,1410.0,1410.3,1408.5,1409.6,4936.0
2026-06-24 12:10:00,1410.0,1410.5,1409.5,1409.9,1466.0
2026-06-24 12:15:00,1410.0,1410.0,1408.8,1408.9,2661.0
2026-06-24 12:20:00,1409.2,1410.0,1408.3,1409.2,2316.0
2026-06-24 12:25:00,1410.0,1410.0,1402.8,1402.9,7151.0
2026-06-24 12:30:00,1402.8,1404.6,1402.8,1403.3,792.0
2026-06-24 12:35:00,1401.7,1403.0,1401.0,1401.5,5648.0
2026-06-24 12:40:00,1403.1,1404.7,1402.0,1404.6,1936.0
2026-06-24 12:45:00,1404.7,1407.5,1402.9,1406.3,3426.0
2026-06-24 12:50:00,1406.3,1408.2,1406.3,1406.5,1037.0
2026-06-24 12:55:00,1406.7,1408.7,1406.7,1408.2,917.0
2026-06-24 13:00:00,1408.3,1409.5,1406.0,1408.8,1944.0
2026-06-24 13:05:00,1408.8,1409.6,1408.0,1408.7,934.0
2026-06-24 13:10:00,1409.1,1410.0,1406.2,1407.9,4252.0
2026-06-24 13:15:00,1408.2,1410.1,1408.2,1409.3,1237.0
2026-06-24 13:20:00,1408.7,1411.2,1408.6,1409.6,1818.0
2026-06-24 13:25:00,1410.0,1410.3,1409.0,1410.0,1277.0
2026-06-24 13:30:00,1410.0,1410.3,1406.5,1410.0,3907.0
2026-06-24 13:35:00,1409.8,1410.4,1408.5,1408.5,1396.0
2026-06-24 13:40:00,1409.4,1410.3,1409.0,1409.8,658.0
2026-06-24 13:45:00,1410.3,1410.7,1409.7,1410.0,1405.0
2026-06-24 13:50:00,1409.0,1410.8,1408.4,1410.2,1594.0
2026-06-24 13:55:00,1410.3,1412.7,1409.9,1411.8,3440.0
2026-06-24 14:00:00,1411.8,1414.0,1410.0,1410.7,4919.0
2026-06-24 14:05:00,1410.2,1412.7,1409.0,1411.2,2095.0
2026-06-24 14:10:00,1411.2,1412.7,1410.3,1411.6,1743.0
2026-06-24 14:15:00,1411.6,1411.9,1409.7,1411.0,2030.0
2026-06-24 14:20:00,1410.4,1411.6,1409.5,1411.0,5986.0
2026-06-24 14:25:00,1411.0,1412.4,1410.9,1411.8,1496.0
2026-06-24 14:30:00,1411.0,1412.1,1409.0,1410.8,2237.0
2026-06-24 14:35:00,1410.6,1412.0,1410.0,1411.9,3214.0
2026-06-24 14:40:00,1411.9,1412.9,1410.0,1411.8,7448.0
2026-06-24 14:45:00,1412.0,1412.9,1409.1,1409.1,4614.0
2026-06-24 14:50:00,1410.0,1410.9,1408.0,1410.9,2148.0
2026-06-24 14:55:00,1409.8,1409.8,1404.0,1405.0,10326.0
2026-06-24 15:00:00,1405.0,1408.6,1404.5,1407.7,12515.0
2026-06-24 15:05:00,1407.7,1409.0,1404.6,1406.7,9957.0
2026-06-24 15:10:00,1406.7,1407.8,1404.0,1404.8,6351.0
2026-06-24 15:15:00,1405.5,1406.6,1403.7,1406.5,5712.0
2026-06-24 15:20:00,1406.6,1407.4,1402.0,1407.0,9705.0
2026-06-24 15:25:00,1407.4,1408.4,1405.0,1407.4,9729.0
2026-06-25 09:15:00,1420.9,1434.0,1417.8,1426.4,55570.0
2026-06-25 09:20:00,1426.4,1427.0,1422.3,1425.1,12685.0
2026-06-25 09:25:00,1425.1,1426.0,1410.1,1413.7,13079.0
2026-06-25 09:30:00,1412.4,1415.0,1411.0,1411.6,6467.0
2026-06-25 09:35:00,1411.8,1419.0,1411.0,1419.0,8446.0
2026-06-25 09:40:00,1419.3,1420.0,1417.4,1419.5,4551.0
2026-06-25 09:45:00,1419.5,1424.0,1418.2,1422.8,3973.0
2026-06-25 09:50:00,1423.2,1424.6,1419.5,1421.2,4770.0
2026-06-25 09:55:00,1427.4,1428.8,1425.6,1425.9,280046.0
2026-06-25 10:00:00,1425.9,1428.0,1425.6,1426.8,5849.0
2026-06-25 10:05:00,1427.1,1428.5,1426.2,1428.0,3899.0
2026-06-25 10:10:00,1428.5,1428.8,1426.5,1428.8,5379.0
2026-06-25 10:15:00,1428.2,1428.8,1425.6,1427.8,6605.0
2026-06-25 10:20:00,1427.5,1428.5,1426.0,1427.5,1710.0
2026-06-25 10:25:00,1427.5,1428.5,1426.3,1428.5,2500.0
2026-06-25 10:30:00,1428.5,1428.8,1428.1,1428.2,2900.0
2026-06-25 10:35:00,1428.0,1429.0,1426.7,1426.7,28383.0
2026-06-25 10:40:00,1427.5,1428.1,1426.6,1427.9,2360.0
2026-06-25 10:45:00,1427.9,1428.4,1425.7,1427.2,4556.0
2026-06-25 10:50:00,1427.3,1428.5,1427.3,1428.5,2678.0
2026-06-25 10:55:00,1428.1,1428.8,1428.1,1428.7,8391.0
2026-06-25 11:00:00,1428.8,1428.8,1428.0,1428.7,1018.0
2026-06-25 11:05:00,1428.7,1428.8,1426.7,1427.1,1667.0
2026-06-25 11:10:00,1427.8,1428.8,1427.0,1428.7,2582.0
2026-06-25 11:15:00,1428.2,1428.8,1427.1,1427.6,15548.0
2026-06-25 11:20:00,1427.6,1428.8,1427.0,1428.1,3639.0
2026-06-25 11:25:00,1427.7,1428.5,1427.1,1428.0,1493.0
2026-06-25 11:30:00,1427.3,1444.7,1426.0,1443.6,115186.0
2026-06-25 11:35:00,1443.5,1443.5,1435.5,1440.0,26875.0
2026-06-25 11:40:00,1440.0,1443.0,1437.3,1441.0,10388.0
2026-06-25 11:45:00,1441.5,1443.0,1438.2,1440.0,9448.0
2026-06-25 11:50:00,1440.1,1444.8,1437.7,1440.9,29371.0
2026-06-25 11:55:00,1439.8,1445.0,1439.8,1443.9,70054.0
2026-06-25 12:00:00,1443.9,1443.9,1440.4,1441.9,10228.0
2026-06-25 12:05:00,1441.9,1443.0,1437.0,1439.8,9937.0
2026-06-25 12:10:00,1439.9,1442.6,1438.7,1440.1,5375.0
2026-06-25 12:15:00,1440.2,1442.9,1439.9,1440.9,9606.0
2026-06-25 12:20:00,1440.3,1441.5,1439.4,1440.5,4287.0
2026-06-25 12:25:00,1439.9,1441.2,1438.0,1441.0,7152.0
2026-06-25 12:30:00,1441.8,1442.4,1439.2,1441.0,7334.0
2026-06-25 12:35:00,1440.6,1444.8,1440.6,1443.5,12667.0
2026-06-25 12:40:00,1443.9,1444.1,1441.4,1443.0,2613.0
2026-06-25 12:45:00,1442.9,1443.0,1440.4,1443.0,2972.0
2026-06-25 12:50:00,1443.0,1443.0,1441.0,1442.2,2899.0
2026-06-25 12:55:00,1442.9,1443.0,1440.0,1440.5,2654.0
2026-06-25 13:00:00,1440.5,1442.8,1440.2,1442.3,1852.0
2026-06-25 13:05:00,1442.3,1444.0,1441.8,1442.5,4565.0
2026-06-25 13:10:00,1441.8,1443.8,1440.8,1442.9,3123.0
2026-06-25 13:15:00,1443.1,1444.8,1443.0,1443.3,10115.0
2026-06-25 13:20:00,1444.5,1444.8,1443.0,1444.3,5432.0
2026-06-25 13:25:00,1444.8,1444.8,1443.2,1444.1,4563.0
2026-06-25 13:30:00,1444.1,1444.7,1443.5,1444.7,2921.0
2026-06-25 13:35:00,1444.0,1444.8,1443.0,1444.0,12241.0
2026-06-25 13:40:00,1444.0,1444.8,1441.5,1443.4,8530.0
2026-06-25 13:45:00,1444.0,1444.8,1443.3,1444.6,7575.0
2026-06-25 13:50:00,1444.8,1445.0,1442.5,1443.6,8361.0
2026-06-25 13:55:00,1443.6,1444.7,1442.6,1443.2,7526.0
2026-06-25 14:00:00,1443.2,1444.8,1442.7,1442.7,19063.0
2026-06-25 14:05:00,1442.8,1443.0,1440.0,1442.1,11037.0
2026-06-25 14:10:00,1442.0,1442.6,1440.5,1441.3,8936.0
2026-06-25 14:15:00,1441.5,1442.8,1440.0,1442.1,7191.0
2026-06-25 14:20:00,1442.3,1443.0,1441.2,1441.8,10065.0
2026-06-25 14:25:00,1441.8,1443.6,1441.0,1442.8,5911.0
2026-06-25 14:30:00,1443.9,1444.8,1443.1,1444.8,14105.0
2026-06-25 14:35:00,1444.7,1445.0,1443.0,1443.7,20573.0
2026-06-25 14:40:00,1443.7,1444.8,1442.5,1444.3,7387.0
2026-06-25 14:45:00,1444.8,1450.0,1444.1,1449.7,66262.0
2026-06-25 14:50:00,1450.0,1453.0,1445.8,1449.7,492528.0
2026-06-25 14:55:00,1450.8,1451.0,1447.1,1447.8,29785.0
2026-06-25 15:00:00,1447.9,1452.5,1447.9,1450.5,29842.0
2026-06-25 15:05:00,1450.3,1455.0,1449.7,1455.0,39007.0
2026-06-25 15:10:00,1454.8,1455.0,1453.0,1453.0,37812.0
2026-06-25 15:15:00,1453.8,1456.0,1453.3,1455.3,45642.0
2026-06-25 15:20:00,1456.0,1457.4,1455.7,1456.4,40418.0
2026-06-25 15:25:00,1456.4,1459.5,1449.1,1459.0,59401.0
2026-06-29 09:15:00,1465.0,1476.3,1451.1,1459.0,138357.0
2026-06-29 09:20:00,1458.6,1460.0,1451.6,1455.7,19088.0
2026-06-29 09:25:00,1455.7,1463.2,1455.0,1460.5,20578.0
2026-06-29 09:30:00,1461.4,1461.9,1455.0,1457.5,10032.0
2026-06-29 09:35:00,1458.0,1463.2,1458.0,1463.1,11398.0
2026-06-29 09:40:00,1463.0,1466.5,1461.8,1465.6,14625.0
2026-06-29 09:45:00,1465.6,1473.0,1462.8,1462.8,25435.0
2026-06-29 09:50:00,1462.1,1469.2,1458.2,1468.3,17190.0
2026-06-29 09:55:00,1467.3,1471.2,1466.0,1467.2,10125.0
2026-06-29 10:00:00,1468.7,1470.0,1464.6,1469.9,9454.0
2026-06-29 10:05:00,1467.9,1470.8,1466.0,1466.0,8786.0
2026-06-29 10:10:00,1466.0,1473.9,1466.0,1473.4,39334.0
2026-06-29 10:15:00,1473.7,1474.2,1472.5,1474.0,6019.0
2026-06-29 10:20:00,1474.0,1474.2,1471.5,1473.9,4429.0
2026-06-29 10:25:00,1473.2,1475.0,1471.0,1474.0,36052.0
2026-06-29 10:30:00,1473.9,1479.8,1473.5,1478.0,31564.0
2026-06-29 10:35:00,1478.7,1479.8,1476.9,1477.5,10509.0
2026-06-29 10:40:00,1477.5,1478.5,1468.6,1474.7,17064.0
2026-06-29 10:45:00,1473.3,1476.0,1469.8,1476.0,18084.0
2026-06-29 10:50:00,1475.9,1479.1,1475.1,1479.0,12444.0
2026-06-29 10:55:00,1479.4,1479.8,1476.2,1478.0,18824.0
2026-06-29 11:00:00,1478.0,1480.0,1473.1,1478.0,34315.0
2026-06-29 11:05:00,1478.0,1478.0,1473.5,1475.7,11103.0
2026-06-29 11:10:00,1475.6,1478.0,1475.5,1477.8,7157.0
2026-06-29 11:15:00,1477.6,1479.5,1473.5,1475.0,12725.0
2026-06-29 11:20:00,1474.9,1476.6,1473.5,1475.5,10947.0
2026-06-29 11:25:00,1475.5,1475.6,1473.6,1474.6,5474.0
2026-06-29 11:30:00,1474.5,1475.5,1472.2,1475.0,6980.0
2026-06-29 11:35:00,1474.9,1478.0,1473.4,1478.0,8428.0
2026-06-29 11:40:00,1478.0,1480.0,1477.9,1479.8,17335.0
2026-06-29 11:45:00,1479.8,1482.0,1478.0,1481.9,19434.0
2026-06-29 11:50:00,1481.9,1482.0,1478.6,1481.2,12838.0
2026-06-29 11:55:00,1481.0,1481.9,1478.2,1480.3,7508.0
2026-06-29 12:00:00,1480.3,1484.5,1479.4,1483.8,11687.0
2026-06-29 12:05:00,1483.3,1487.0,1483.2,1486.5,25553.0
2026-06-29 12:10:00,1486.9,1487.0,1481.8,1486.1,16298.0
2026-06-29 12:15:00,1486.4,1489.0,1486.4,1488.5,20953.0
2026-06-29 12:20:00,1488.7,1489.8,1488.0,1488.5,23411.0
2026-06-29 12:25:00,1489.0,1489.8,1488.0,1489.1,20082.0
2026-06-29 12:30:00,1489.5,1489.7,1484.7,1488.3,15026.0
2026-06-29 12:35:00,1488.1,1489.8,1486.9,1489.0,15297.0
2026-06-29 12:40:00,1489.3,1489.8,1486.0,1489.5,12624.0
2026-06-29 12:45:00,1489.5,1491.8,1488.4,1490.5,18561.0
2026-06-29 12:50:00,1490.0,1492.0,1489.2,1490.2,15823.0
2026-06-29 12:55:00,1491.2,1491.9,1487.1,1490.1,19414.0
2026-06-29 13:00:00,1490.1,1492.0,1488.4,1490.6,14550.0
2026-06-29 13:05:00,1490.7,1492.0,1489.1,1492.0,14560.0
2026-06-29 13:10:00,1491.0,1495.0,1491.0,1494.1,25906.0
2026-06-29 13:15:00,1494.0,1496.8,1493.2,1494.9,22841.0
2026-06-29 13:20:00,1495.5,1498.8,1494.6,1497.4,36892.0
2026-06-29 13:25:00,1497.8,1499.0,1496.7,1499.0,37396.0
2026-06-29 13:30:00,1499.0,1499.5,1495.3,1498.8,29352.0
2026-06-29 13:35:00,1499.5,1499.5,1496.4,1497.9,18681.0
2026-06-29 13:40:00,1497.9,1499.0,1496.7,1497.9,19227.0
2026-06-29 13:45:00,1497.9,1499.0,1496.8,1498.9,16632.0
2026-06-29 13:50:00,1499.0,1499.5,1492.4,1495.4,32215.0
2026-06-29 13:55:00,1496.2,1499.4,1495.0,1498.2,18958.0
2026-06-29 14:00:00,1499.5,1499.9,1497.3,1499.1,17737.0
2026-06-29 14:05:00,1499.8,1499.9,1498.2,1499.1,15787.0
2026-06-29 14:10:00,1499.2,1499.7,1498.1,1499.5,14405.0
2026-06-29 14:15:00,1499.5,1499.5,1496.2,1499.5,16949.0
2026-06-29 14:20:00,1499.4,1499.5,1497.1,1499.0,16323.0
2026-06-29 14:25:00,1499.0,1499.7,1497.7,1498.4,16418.0
2026-06-29 14:30:00,1499.0,1499.0,1497.7,1498.9,15522.0
2026-06-29 14:35:00,1498.9,1499.0,1497.3,1498.2,15377.0
2026-06-29 14:40:00,1497.7,1499.0,1494.7,1494.7,20155.0
2026-06-29 14:45:00,1495.0,1496.8,1486.1,1495.7,25314.0
2026-06-29 14:50:00,1496.7,1499.0,1491.8,1498.9,27206.0
2026-06-29 14:55:00,1499.0,1499.0,1497.3,1498.6,43782.0
2026-06-29 15:00:00,1498.9,1509.0,1498.9,1505.1,221338.0
2026-06-29 15:05:00,1504.7,1506.0,1500.9,1505.1,80470.0
2026-06-29 15:10:00,1505.1,1510.0,1497.0,1509.7,110498.0
2026-06-29 15:15:00,1510.0,1522.0,1510.0,1520.0,147855.0
2026-06-29 15:20:00,1519.8,1525.0,1517.2,1517.3,131612.0
2026-06-29 15:25:00,1517.4,1520.0,1510.0,1513.9,80014.0
2026-06-30 09:15:00,1520.0,1520.7,1482.6,1484.4,35071.0
2026-06-30 09:20:00,1486.5,1497.8,1480.6,1495.5,18075.0
2026-06-30 09:25:00,1495.4,1497.8,1490.1,1494.0,10192.0
2026-06-30 09:30:00,1493.2,1501.0,1491.9,1495.4,7573.0
2026-06-30 09:35:00,1495.4,1500.9,1495.2,1497.7,10748.0
2026-06-30 09:40:00,1497.6,1498.5,1493.9,1494.0,2398.0
2026-06-30 09:45:00,1494.5,1495.4,1490.4,1493.9,4607.0
2026-06-30 09:50:00,1493.9,1510.0,1493.9,1503.5,26230.0
2026-06-30 09:55:00,1504.3,1510.0,1502.5,1509.0,12244.0
2026-06-30 10:00:00,1509.3,1509.3,1504.1,1507.0,4691.0
2026-06-30 10:05:00,1507.0,1508.1,1504.1,1506.2,2405.0
2026-06-30 10:10:00,1506.4,1507.6,1502.1,1503.4,7518.0
2026-06-30 10:15:00,1503.5,1506.3,1500.6,1501.5,2186.0
2026-06-30 10:20:00,1500.7,1503.2,1497.9,1502.6,2952.0
2026-06-30 10:25:00,1503.0,1506.0,1500.3,1506.0,5921.0
2026-06-30 10:30:00,1506.0,1515.0,1506.0,1514.0,14233.0
2026-06-30 10:35:00,1514.0,1515.0,1511.8,1513.5,11901.0
2026-06-30 10:40:00,1514.0,1514.9,1511.9,1514.0,2782.0
2026-06-30 10:45:00,1514.0,1514.6,1511.1,1512.0,1429.0
2026-06-30 10:50:00,1512.3,1519.7,1512.3,1518.8,7048.0
2026-06-30 10:55:00,1518.8,1519.0,1514.1,1516.5,9199.0
2026-06-30 11:00:00,1517.3,1517.8,1515.0,1515.9,3255.0
2026-06-30 11:05:00,1515.8,1517.0,1515.1,1516.0,3829.0
2026-06-30 11:10:00,1516.0,1517.0,1515.5,1516.8,1161.0
2026-06-30 11:15:00,1516.9,1518.6,1516.0,1516.9,3294.0
2026-06-30 11:20:00,1517.6,1520.0,1517.0,1519.9,2826.0
2026-06-30 11:25:00,1520.0,1520.0,1516.6,1518.2,2000.0
2026-06-30 11:30:00,1518.3,1520.7,1516.2,1520.5,4180.0
2026-06-30 11:35:00,1520.5,1521.9,1518.6,1521.8,5380.0
2026-06-30 11:40:00,1521.8,1521.8,1520.0,1520.0,2408.0
2026-06-30 11:45:00,1520.7,1523.0,1518.7,1522.0,5485.0
2026-06-30 11:50:00,1521.4,1522.5,1520.3,1522.5,1202.0
2026-06-30 11:55:00,1522.4,1524.8,1522.1,1524.3,3721.0
2026-06-30 12:00:00,1523.9,1524.8,1522.0,1522.0,2594.0
2026-06-30 12:05:00,1522.5,1523.0,1520.5,1523.0,6891.0
2026-06-30 12:10:00,1522.5,1522.5,1519.1,1519.6,1858.0
2026-06-30 12:15:00,1520.5,1522.5,1519.6,1521.9,2051.0
2026-06-30 12:20:00,1521.9,1523.0,1516.4,1517.4,6861.0
2026-06-30 12:25:00,1517.5,1519.5,1516.1,1516.9,3702.0
2026-06-30 12:30:00,1517.0,1518.1,1512.2,1516.6,8551.0
2026-06-30 12:35:00,1516.2,1519.7,1516.2,1519.1,2463.0
2026-06-30 12:40:00,1518.1,1519.1,1517.5,1517.9,452.0
2026-06-30 12:45:00,1517.9,1518.6,1515.5,1516.1,6096.0
2026-06-30 12:50:00,1516.1,1517.4,1515.0,1517.0,2746.0
2026-06-30 12:55:00,1517.6,1518.9,1516.0,1516.8,2975.0
2026-06-30 13:00:00,1516.6,1517.0,1515.0,1516.0,2656.0
2026-06-30 13:05:00,1515.0,1515.7,1513.5,1515.7,4700.0
2026-06-30 13:10:00,1515.7,1516.9,1512.1,1512.1,6968.0
2026-06-30 13:15:00,1513.8,1517.0,1512.3,1515.0,5485.0
2026-06-30 13:20:00,1515.7,1515.7,1511.8,1515.0,2338.0
2026-06-30 13:25:00,1515.0,1517.5,1514.1,1514.3,4109.0
2026-06-30 13:30:00,1515.0,1518.0,1514.3,1516.5,1266.0
2026-06-30 13:35:00,1516.9,1518.5,1516.0,1516.9,2148.0
2026-06-30 13:40:00,1516.8,1522.0,1515.6,1521.6,9418.0
2026-06-30 13:45:00,1522.0,1524.5,1520.0,1522.2,41219.0
2026-06-30 13:50:00,1522.7,1522.9,1520.0,1521.2,1493.0
2026-06-30 13:55:00,1521.2,1521.5,1520.0,1520.2,1738.0
2026-06-30 14:00:00,1520.9,1522.5,1519.7,1522.0,2867.0
2026-06-30 14:05:00,1522.5,1524.4,1522.3,1523.8,1701.0
2026-06-30 14:10:00,1523.7,1524.8,1521.6,1523.0,9632.0
2026-06-30 14:15:00,1523.0,1525.0,1521.8,1523.0,38442.0
2026-06-30 14:20:00,1523.0,1523.9,1522.0,1523.6,1735.0
2026-06-30 14:25:00,1524.0,1524.5,1522.0,1522.5,2951.0
2026-06-30 14:30:00,1522.5,1522.9,1520.7,1522.2,2601.0
2026-06-30 14:35:00,1522.4,1522.4,1520.1,1521.4,2653.0
2026-06-30 14:40:00,1521.8,1522.6,1520.8,1521.6,1086.0
2026-06-30 14:45:00,1521.9,1523.5,1521.0,1522.2,1685.0
2026-06-30 14:50:00,1523.0,1523.0,1520.1,1521.2,4119.0
2026-06-30 14:55:00,1521.3,1522.0,1517.3,1519.3,6383.0
2026-06-30 15:00:00,1519.9,1523.9,1518.1,1521.7,10103.0
2026-06-30 15:05:00,1521.7,1523.5,1520.3,1521.8,6917.0
2026-06-30 15:10:00,1522.1,1522.2,1519.7,1521.9,7518.0
2026-06-30 15:15:00,1521.8,1524.8,1517.0,1523.8,21248.0
2026-06-30 15:20:00,1524.4,1524.8,1520.9,1523.9,11472.0
2026-06-30 15:25:00,1524.6,1524.7,1510.0,1510.6,15070.0
2026-07-01 09:15:00,1530.1,1539.0,1520.1,1530.1,65343.0
2026-07-01 09:20:00,1531.2,1532.8,1518.6,1522.2,21919.0
2026-07-01 09:25:00,1521.1,1523.4,1517.7,1520.6,12074.0
2026-07-01 09:30:00,1520.9,1523.8,1513.3,1518.7,16802.0
2026-07-01 09:35:00,1517.8,1520.7,1515.0,1517.9,9431.0
2026-07-01 09:40:00,1517.9,1519.7,1502.4,1507.1,18404.0
2026-07-01 09:45:00,1507.3,1510.1,1505.7,1509.6,13593.0
2026-07-01 09:50:00,1507.5,1509.9,1505.2,1507.0,12829.0
2026-07-01 09:55:00,1506.2,1513.5,1505.6,1511.8,6530.0
2026-07-01 10:00:00,1510.3,1512.9,1509.2,1511.5,5144.0
2026-07-01 10:05:00,1511.5,1514.9,1510.0,1511.5,7076.0
2026-07-01 10:10:00,1511.3,1511.6,1507.0,1508.9,4129.0
2026-07-01 10:15:00,1508.0,1509.7,1506.0,1507.3,5729.0
2026-07-01 10:20:00,1507.5,1508.9,1502.0,1504.4,12441.0
2026-07-01 10:25:00,1504.4,1508.2,1496.3,1498.0,14304.0
2026-07-01 10:30:00,1497.2,1499.3,1487.5,1490.2,22591.0
2026-07-01 10:35:00,1488.6,1490.5,1482.5,1485.4,11692.0
2026-07-01 10:40:00,1484.5,1493.2,1483.4,1486.5,19402.0
2026-07-01 10:45:00,1487.9,1504.7,1487.9,1503.2,15675.0
2026-07-01 10:50:00,1505.0,1508.7,1500.0,1507.2,20050.0
2026-07-01 10:55:00,1507.5,1511.5,1507.4,1509.8,8747.0
2026-07-01 11:00:00,1509.5,1513.2,1496.2,1497.8,9668.0
2026-07-01 11:05:00,1496.8,1499.3,1493.2,1495.0,7372.0
2026-07-01 11:10:00,1494.9,1496.1,1493.0,1493.6,2828.0
2026-07-01 11:15:00,1493.7,1494.7,1490.0,1492.6,9041.0
2026-07-01 11:20:00,1492.6,1494.6,1492.0,1492.1,2630.0
2026-07-01 11:25:00,1492.9,1497.4,1492.0,1494.0,3657.0
2026-07-01 11:30:00,1494.0,1494.2,1490.0,1490.2,2740.0
2026-07-01 11:35:00,1491.2,1493.1,1487.3,1487.6,5459.0
2026-07-01 11:40:00,1488.9,1490.1,1480.0,1480.0,22612.0
2026-07-01 11:45:00,1480.6,1482.8,1475.0,1481.0,26971.0
2026-07-01 11:50:00,1481.0,1482.6,1477.7,1477.8,5421.0
2026-07-01 11:55:00,1477.7,1479.2,1476.9,1478.2,4089.0
2026-07-01 12:00:00,1477.0,1479.1,1476.0,1478.5,2773.0
2026-07-01 12:05:00,1478.5,1479.8,1477.3,1478.0,4092.0
2026-07-01 12:10:00,1477.9,1479.1,1477.0,1477.5,4270.0
2026-07-01 12:15:00,1477.5,1478.1,1468.0,1469.2,29992.0
2026-07-01 12:20:00,1469.4,1472.8,1466.0,1466.0,16132.0
2026-07-01 12:25:00,1466.0,1468.0,1462.8,1464.6,9645.0
2026-07-01 12:30:00,1464.6,1466.8,1462.3,1462.7,6774.0
2026-07-01 12:35:00,1462.7,1464.4,1460.8,1460.9,4695.0
2026-07-01 12:40:00,1462.6,1463.3,1460.5,1460.6,4868.0
2026-07-01 12:45:00,1460.7,1464.4,1460.7,1464.0,3339.0
2026-07-01 12:50:00,1464.1,1465.8,1463.0,1465.3,6861.0
2026-07-01 12:55:00,1464.0,1466.0,1462.0,1462.1,5064.0
2026-07-01 13:00:00,1462.1,1465.0,1462.1,1464.5,2829.0
2026-07-01 13:05:00,1464.6,1468.2,1464.0,1468.0,5920.0
2026-07-01 13:10:00,1467.5,1467.7,1464.3,1464.6,6765.0
2026-07-01 13:15:00,1471.6,1478.8,1470.7,1477.0,13564.0
2026-07-01 13:20:00,1477.6,1477.6,1475.0,1475.2,3022.0
2026-07-01 13:25:00,1475.1,1477.4,1475.0,1476.0,1558.0
2026-07-01 13:30:00,1476.0,1477.8,1475.0,1475.4,2540.0
2026-07-01 13:35:00,1475.3,1477.5,1475.0,1475.5,2175.0
2026-07-01 13:40:00,1477.0,1477.2,1475.0,1475.1,1687.0
2026-07-01 13:45:00,1476.0,1477.5,1475.0,1475.0,2308.0
2026-07-01 13:50:00,1476.1,1476.8,1471.8,1473.0,4598.0
2026-07-01 13:55:00,1473.7,1473.7,1470.2,1471.0,4467.0
2026-07-01 14:00:00,1472.5,1473.0,1464.3,1464.8,8246.0
2026-07-01 14:05:00,1464.5,1466.8,1464.4,1465.9,3217.0
2026-07-01 14:10:00,1465.7,1468.3,1465.5,1466.8,2220.0
2026-07-01 14:15:00,1465.6,1466.7,1465.0,1465.4,1695.0
2026-07-01 14:20:00,1466.4,1477.2,1465.0,1472.0,6208.0
2026-07-01 14:25:00,1473.4,1477.5,1472.5,1474.8,4565.0
2026-07-01 14:30:00,1475.8,1478.3,1473.7,1475.0,24287.0
2026-07-01 14:35:00,1474.1,1475.0,1470.1,1471.6,7197.0
2026-07-01 14:40:00,1472.7,1474.4,1471.0,1473.1,4750.0
2026-07-01 14:45:00,1473.4,1475.0,1470.0,1470.0,10315.0
2026-07-01 14:50:00,1470.9,1473.4,1469.7,1472.0,6838.0
2026-07-01 14:55:00,1471.3,1473.9,1470.3,1472.5,5267.0
2026-07-01 15:00:00,1474.0,1483.3,1474.0,1479.1,39587.0
2026-07-01 15:05:00,1479.1,1483.9,1479.1,1482.9,16434.0
2026-07-01 15:10:00,1483.0,1483.1,1475.2,1475.4,7686.0
2026-07-01 15:15:00,1475.0,1479.5,1475.0,1478.3,17927.0
2026-07-01 15:20:00,1478.4,1479.4,1475.1,1477.8,10589.0
2026-07-01 15:25:00,1477.9,1480.0,1473.0,1478.4,12176.0
2026-07-02 09:15:00,1490.0,1515.5,1485.0,1507.4,32324.0
2026-07-02 09:20:00,1508.0,1508.0,1474.2,1474.3,21641.0
2026-07-02 09:25:00,1474.1,1481.0,1472.0,1481.0,18404.0
2026-07-02 09:30:00,1481.3,1485.0,1477.1,1484.6,9771.0
2026-07-02 09:35:00,1482.4,1486.0,1482.1,1484.6,3583.0
2026-07-02 09:40:00,1485.2,1485.3,1480.0,1480.0,3129.0
2026-07-02 09:45:00,1481.1,1485.3,1480.0,1483.0,1922.0
2026-07-02 09:50:00,1483.2,1488.0,1480.8,1488.0,4240.0
2026-07-02 09:55:00,1487.6,1490.0,1485.1,1486.2,3164.0
2026-07-02 10:00:00,1486.2,1488.4,1484.8,1487.3,1261.0
2026-07-02 10:05:00,1486.9,1489.0,1484.7,1489.0,1327.0
2026-07-02 10:10:00,1489.0,1490.0,1485.2,1486.0,3637.0
2026-07-02 10:15:00,1486.0,1488.1,1483.9,1486.2,1813.0
2026-07-02 10:20:00,1486.9,1488.3,1486.2,1486.5,808.0
2026-07-02 10:25:00,1486.5,1488.4,1485.5,1486.7,703.0
2026-07-02 10:30:00,1486.7,1488.2,1486.0,1486.4,682.0
2026-07-02 10:35:00,1485.9,1487.7,1484.6,1484.9,1206.0
2026-07-02 10:40:00,1485.8,1486.3,1483.6,1485.1,569.0
2026-07-02 10:45:00,1486.1,1487.9,1484.3,1486.0,1428.0
2026-07-02 10:50:00,1485.4,1486.0,1481.0,1484.6,2881.0
2026-07-02 10:55:00,1483.6,1485.2,1483.1,1483.1,625.0
2026-07-02 11:00:00,1483.5,1484.3,1480.5,1480.8,5202.0
2026-07-02 11:05:00,1481.1,1483.0,1478.2,1479.1,2582.0
2026-07-02 11:10:00,1479.1,1481.1,1478.3,1479.6,1226.0
2026-07-02 11:15:00,1478.5,1483.0,1478.3,1482.4,3346.0
2026-07-02 11:20:00,1480.9,1484.9,1480.9,1483.3,1000.0
2026-07-02 11:25:00,1484.6,1486.4,1482.8,1483.4,2198.0
2026-07-02 11:30:00,1482.5,1486.0,1482.5,1484.5,515.0
2026-07-02 11:35:00,1485.7,1486.0,1481.7,1483.3,866.0
2026-07-02 11:40:00,1483.3,1484.5,1481.5,1483.0,1284.0
2026-07-02 11:45:00,1483.3,1483.8,1481.9,1482.7,935.0
2026-07-02 11:50:00,1483.8,1486.2,1482.7,1486.2,1217.0
2026-07-02 11:55:00,1484.9,1488.0,1484.9,1486.6,1166.0
2026-07-02 12:00:00,1486.9,1487.5,1485.1,1486.9,1162.0
2026-07-02 12:05:00,1487.0,1488.0,1485.0,1485.0,1242.0
2026-07-02 12:10:00,1486.0,1487.9,1485.0,1486.7,1081.0
2026-07-02 12:15:00,1487.9,1488.3,1481.6,1481.6,1860.0
2026-07-02 12:20:00,1483.9,1488.4,1482.4,1486.9,1989.0
2026-07-02 12:25:00,1488.3,1488.5,1485.8,1485.9,658.0
2026-07-02 12:30:00,1487.0,1487.1,1481.0,1483.1,3256.0
2026-07-02 12:35:00,1483.1,1484.7,1480.8,1481.0,714.0
2026-07-02 12:40:00,1481.0,1482.3,1478.3,1481.2,1198.0
2026-07-02 12:45:00,1480.5,1493.0,1480.5,1490.9,7392.0
2026-07-02 12:50:00,1490.9,1492.9,1489.4,1491.0,7578.0
2026-07-02 12:55:00,1491.7,1492.0,1490.2,1491.1,767.0
2026-07-02 13:00:00,1491.2,1492.0,1488.9,1490.0,2184.0
2026-07-02 13:05:00,1490.0,1495.1,1490.0,1493.2,1938.0
2026-07-02 13:10:00,1493.1,1493.9,1492.1,1492.2,1140.0
2026-07-02 13:15:00,1492.2,1493.0,1491.1,1492.1,558.0
2026-07-02 13:20:00,1492.8,1492.9,1491.1,1491.3,742.0
2026-07-02 13:25:00,1491.3,1492.6,1491.1,1491.3,1185.0
2026-07-02 13:30:00,1491.0,1492.8,1490.6,1490.9,604.0
2026-07-02 13:35:00,1490.9,1492.0,1490.0,1491.2,369.0
2026-07-02 13:40:00,1492.0,1498.0,1490.4,1494.9,7361.0
2026-07-02 13:45:00,1494.4,1497.0,1494.1,1496.8,673.0
2026-07-02 13:50:00,1496.1,1497.1,1493.6,1495.4,3774.0
2026-07-02 13:55:00,1495.4,1497.1,1495.1,1496.2,966.0
2026-07-02 14:00:00,1497.1,1498.0,1494.6,1496.0,6869.0
2026-07-02 14:05:00,1496.9,1498.2,1495.5,1497.0,717.0
2026-07-02 14:10:00,1497.7,1498.0,1497.0,1497.9,493.0
2026-07-02 14:15:00,1497.1,1498.0,1496.5,1497.1,821.0
2026-07-02 14:20:00,1497.0,1497.6,1495.3,1497.1,1029.0
2026-07-02 14:25:00,1497.1,1498.2,1495.0,1495.4,1391.0
2026-07-02 14:30:00,1495.6,1497.9,1495.0,1497.2,1875.0
2026-07-02 14:35:00,1497.2,1498.9,1496.0,1498.9,1928.0
2026-07-02 14:40:00,1498.8,1499.2,1496.8,1498.8,3374.0
2026-07-02 14:45:00,1497.7,1503.0,1497.7,1502.2,3715.0
2026-07-02 14:50:00,1502.2,1507.5,1502.2,1507.0,7478.0
2026-07-02 14:55:00,1506.0,1507.5,1502.9,1503.1,4120.0
2026-07-02 15:00:00,1504.2,1506.0,1503.1,1505.9,4631.0
2026-07-02 15:05:00,1505.7,1505.9,1498.0,1499.7,12502.0
2026-07-02 15:10:00,1499.7,1500.0,1494.0,1496.3,18522.0
2026-07-02 15:15:00,1495.3,1499.8,1495.3,1499.1,8570.0
2026-07-02 15:20:00,1498.7,1500.0,1495.4,1499.3,11825.0
2026-07-02 15:25:00,1499.3,1500.0,1488.1,1498.2,10034.0
2026-07-03 09:15:00,1498.8,1501.0,1490.9,1493.1,17166.0
2026-07-03 09:20:00,1492.7,1494.0,1488.0,1490.2,14576.0
2026-07-03 09:25:00,1490.1,1492.1,1469.0,1472.7,30746.0
2026-07-03 09:30:00,1471.0,1476.3,1466.4,1475.0,26242.0
2026-07-03 09:35:00,1476.1,1477.7,1473.0,1473.6,5985.0
2026-07-03 09:40:00,1473.6,1474.3,1470.0,1471.3,12862.0
2026-07-03 09:45:00,1472.4,1473.2,1465.2,1467.4,10183.0
2026-07-03 09:50:00,1466.5,1469.7,1464.0,1464.9,10191.0
2026-07-03 09:55:00,1465.0,1465.0,1437.1,1443.6,44350.0
2026-07-03 10:00:00,1442.5,1442.9,1425.1,1432.9,69560.0
2026-07-03 10:05:00,1433.3,1439.8,1429.8,1436.5,22831.0
2026-07-03 10:10:00,1436.5,1444.8,1433.7,1443.2,29587.0
2026-07-03 10:15:00,1442.8,1445.0,1440.0,1442.1,15237.0
2026-07-03 10:20:00,1440.8,1440.8,1419.3,1422.0,59249.0
2026-07-03 10:25:00,1422.4,1422.9,1414.6,1418.9,45484.0
2026-07-03 10:30:00,1419.7,1420.4,1416.0,1417.5,16492.0
2026-07-03 10:35:00,1417.8,1422.8,1416.3,1417.4,14761.0
2026-07-03 10:40:00,1416.9,1424.8,1408.5,1417.8,34758.0
2026-07-03 10:45:00,1418.9,1426.0,1417.3,1425.0,6862.0
2026-07-03 10:50:00,1425.0,1428.5,1423.2,1425.0,8740.0
2026-07-03 10:55:00,1424.1,1429.6,1424.0,1428.1,10818.0
2026-07-03 11:00:00,1429.8,1438.6,1428.7,1437.6,19503.0
2026-07-03 11:05:00,1437.9,1437.9,1433.0,1436.3,6876.0
2026-07-03 11:10:00,1435.3,1439.0,1433.9,1437.2,12210.0
2026-07-03 11:15:00,1434.8,1435.9,1430.0,1431.0,9870.0
2026-07-03 11:20:00,1431.0,1433.5,1423.4,1431.1,27518.0
2026-07-03 11:25:00,1431.1,1432.0,1427.3,1430.0,5444.0
2026-07-03 11:30:00,1428.8,1431.7,1427.2,1431.4,5792.0
2026-07-03 11:35:00,1430.5,1437.0,1429.5,1436.1,10558.0
2026-07-03 11:40:00,1436.1,1436.5,1434.5,1435.7,2819.0
2026-07-03 11:45:00,1435.5,1435.5,1433.2,1435.0,2293.0
2026-07-03 11:50:00,1434.9,1437.0,1431.6,1431.6,5820.0
2026-07-03 11:55:00,1432.7,1436.9,1431.6,1435.6,3454.0
2026-07-03 12:00:00,1435.6,1437.8,1433.0,1435.4,5922.0
2026-07-03 12:05:00,1435.5,1437.0,1433.2,1436.3,2741.0
2026-07-03 12:10:00,1436.3,1436.3,1434.0,1434.2,3096.0
2026-07-03 12:15:00,1434.1,1434.8,1431.0,1432.0,2371.0
2026-07-03 12:20:00,1431.3,1434.2,1427.6,1428.6,7686.0
2026-07-03 12:25:00,1427.5,1433.8,1421.2,1432.3,22229.0
2026-07-03 12:30:00,1431.9,1434.0,1430.5,1431.9,4442.0
2026-07-03 12:35:00,1431.7,1432.8,1431.0,1432.0,1724.0
2026-07-03 12:40:00,1431.0,1432.0,1416.0,1419.8,29074.0
2026-07-03 12:45:00,1419.8,1423.6,1418.5,1422.5,20191.0
2026-07-03 12:50:00,1422.5,1424.0,1421.2,1423.8,4915.0
2026-07-03 12:55:00,1423.8,1428.9,1420.7,1425.9,21044.0
2026-07-03 13:00:00,1425.4,1426.5,1422.2,1422.8,2146.0
2026-07-03 13:05:00,1422.2,1425.7,1421.2,1422.3,4478.0
2026-07-03 13:10:00,1422.3,1428.3,1422.3,1426.8,6742.0
2026-07-03 13:15:00,1425.9,1427.0,1423.5,1425.8,7475.0
2026-07-03 13:20:00,1425.1,1426.9,1425.0,1425.5,2953.0
2026-07-03 13:25:00,1425.1,1425.9,1422.1,1425.4,5604.0
2026-07-03 13:30:00,1426.6,1426.9,1424.0,1424.5,3913.0
2026-07-03 13:35:00,1424.0,1425.5,1423.1,1423.6,3653.0
2026-07-03 13:40:00,1424.1,1428.7,1423.5,1427.0,3780.0
2026-07-03 13:45:00,1427.4,1428.4,1427.0,1428.0,2173.0
2026-07-03 13:50:00,1428.2,1429.0,1424.8,1427.5,2176.0
2026-07-03 13:55:00,1426.7,1427.7,1425.7,1427.5,2429.0
2026-07-03 14:00:00,1427.0,1430.7,1427.0,1430.1,4463.0
2026-07-03 14:05:00,1429.5,1434.7,1429.5,1432.5,4660.0
2026-07-03 14:10:00,1432.9,1434.7,1432.5,1434.3,6965.0
2026-07-03 14:15:00,1434.2,1434.9,1433.8,1434.4,2784.0
2026-07-03 14:20:00,1434.4,1434.8,1433.7,1434.2,2935.0
2026-07-03 14:25:00,1434.2,1434.5,1433.6,1433.6,4377.0
2026-07-03 14:30:00,1433.8,1434.8,1433.1,1433.9,7354.0
2026-07-03 14:35:00,1434.0,1434.3,1433.2,1433.8,22071.0
2026-07-03 14:40:00,1433.8,1435.0,1432.9,1433.9,13914.0
2026-07-03 14:45:00,1433.9,1435.0,1433.8,1433.8,5526.0
2026-07-03 14:50:00,1433.9,1434.0,1432.8,1434.0,25792.0
2026-07-03 14:55:00,1433.9,1434.0,1427.1,1431.6,18750.0
2026-07-03 15:00:00,1432.8,1439.9,1432.1,1437.6,28433.0
2026-07-03 15:05:00,1437.5,1439.5,1436.1,1439.5,16116.0
2026-07-03 15:10:00,1439.0,1439.5,1436.5,1439.5,28714.0
2026-07-03 15:15:00,1439.0,1440.5,1437.0,1438.5,64692.0
2026-07-03 15:20:00,1438.0,1443.3,1436.3,1442.0,41033.0
2026-07-03 15:25:00,1441.8,1442.5,1440.0,1441.9,10594.0
2026-07-06 09:15:00,1425.0,1515.1,1425.0,1506.7,216887.0
2026-07-06 09:20:00,1507.7,1507.7,1473.1,1475.2,192190.0
2026-07-06 09:25:00,1474.7,1490.0,1465.2,1474.0,304856.0
2026-07-06 09:30:00,1473.3,1485.5,1471.4,1482.3,90749.0
2026-07-06 09:35:00,1482.3,1498.8,1482.0,1492.3,61757.0
2026-07-06 09:40:00,1492.5,1501.0,1491.7,1500.0,162128.0
2026-07-06 09:45:00,1500.8,1512.9,1497.1,1497.1,95551.0
2026-07-06 09:50:00,1497.4,1499.5,1487.1,1493.2,46767.0
2026-07-06 09:55:00,1492.8,1494.4,1490.1,1492.1,10561.0
2026-07-06 10:00:00,1491.2,1502.0,1488.3,1499.8,30390.0
2026-07-06 10:05:00,1499.1,1509.0,1499.1,1506.4,115940.0
2026-07-06 10:10:00,1508.3,1509.0,1503.0,1507.0,34727.0
2026-07-06 10:15:00,1507.1,1509.7,1497.0,1502.2,48890.0
2026-07-06 10:20:00,1502.9,1505.9,1499.4,1505.0,35800.0
2026-07-06 10:25:00,1505.0,1510.0,1502.0,1510.0,56603.0
2026-07-06 10:30:00,1509.3,1522.0,1507.1,1515.0,172510.0
2026-07-06 10:35:00,1514.1,1519.8,1511.3,1517.8,80280.0
2026-07-06 10:40:00,1517.9,1519.0,1511.2,1513.7,52601.0
2026-07-06 10:45:00,1512.8,1517.1,1510.5,1514.0,30475.0
2026-07-06 10:50:00,1514.0,1520.0,1512.8,1518.4,74266.0
2026-07-06 10:55:00,1519.2,1520.0,1515.0,1516.5,38080.0
2026-07-06 11:00:00,1517.0,1519.3,1513.6,1519.1,41850.0
2026-07-06 11:05:00,1519.1,1520.4,1516.1,1517.8,24487.0
2026-07-06 11:10:00,1517.8,1520.0,1514.2,1514.4,41020.0
2026-07-06 11:15:00,1515.0,1515.0,1511.0,1513.7,26717.0
2026-07-06 11:20:00,1514.0,1518.7,1513.0,1517.0,12102.0
2026-07-06 11:25:00,1516.6,1524.8,1515.0,1522.1,79904.0
2026-07-06 11:30:00,1523.3,1532.0,1522.1,1531.2,160827.0
2026-07-06 11:35:00,1531.1,1534.3,1520.0,1523.8,158117.0
2026-07-06 11:40:00,1524.2,1533.8,1524.2,1531.1,66856.0
2026-07-06 11:45:00,1531.1,1535.0,1528.2,1532.6,66396.0
2026-07-06 11:50:00,1532.6,1533.5,1530.1,1532.8,24422.0
2026-07-06 11:55:00,1532.8,1533.0,1528.6,1529.3,30556.0
2026-07-06 12:00:00,1529.2,1534.8,1528.1,1532.9,36026.0
2026-07-06 12:05:00,1532.9,1533.5,1531.0,1531.4,14708.0
2026-07-06 12:10:00,1532.0,1534.7,1529.6,1531.4,26781.0
2026-07-06 12:15:00,1530.6,1532.0,1528.1,1528.5,31844.0
2026-07-06 12:20:00,1528.1,1531.1,1528.1,1530.5,13262.0
2026-07-06 12:25:00,1530.1,1534.5,1530.0,1534.0,33028.0
2026-07-06 12:30:00,1533.2,1538.0,1532.8,1536.0,70288.0
2026-07-06 12:35:00,1536.0,1536.4,1534.8,1535.0,14854.0
2026-07-06 12:40:00,1535.0,1537.1,1533.1,1536.5,27928.0
2026-07-06 12:45:00,1535.7,1536.5,1531.6,1533.0,27346.0
2026-07-06 12:50:00,1533.3,1537.0,1531.3,1535.8,48420.0
2026-07-06 12:55:00,1535.8,1539.5,1535.2,1538.5,37679.0
2026-07-06 13:00:00,1539.0,1548.9,1536.2,1546.6,213861.0
2026-07-06 13:05:00,1546.6,1548.9,1545.0,1548.0,77783.0
2026-07-06 13:10:00,1548.0,1548.0,1544.7,1546.0,47998.0
2026-07-06 13:15:00,1545.6,1548.8,1545.1,1545.1,50797.0
2026-07-06 13:20:00,1545.8,1548.8,1545.1,1546.8,41685.0
2026-07-06 13:25:00,1546.9,1549.0,1546.1,1548.9,68349.0
2026-07-06 13:30:00,1548.9,1558.6,1548.0,1553.9,223636.0
2026-07-06 13:35:00,1553.8,1560.0,1553.0,1557.4,91696.0
2026-07-06 13:40:00,1558.0,1558.0,1551.0,1554.0,70668.0
2026-07-06 13:45:00,1553.8,1559.0,1553.3,1556.0,75260.0
2026-07-06 13:50:00,1554.9,1565.0,1551.8,1556.4,226229.0
2026-07-06 13:55:00,1557.0,1564.0,1553.3,1556.9,164705.0
2026-07-06 14:00:00,1558.0,1558.0,1549.0,1555.3,230676.0
2026-07-06 14:05:00,1555.1,1558.1,1547.0,1548.9,181050.0
2026-07-06 14:10:00,1548.0,1553.0,1547.0,1550.8,121242.0
2026-07-06 14:15:00,1550.1,1552.8,1549.1,1550.7,67653.0
2026-07-06 14:20:00,1550.3,1564.0,1550.0,1561.9,171661.0
2026-07-06 14:25:00,1562.0,1566.0,1554.0,1557.5,181577.0
2026-07-06 14:30:00,1557.0,1557.9,1553.1,1556.9,74721.0
2026-07-06 14:35:00,1556.9,1558.6,1554.0,1556.8,55656.0
2026-07-06 14:40:00,1558.3,1562.1,1556.9,1561.9,125243.0
2026-07-06 14:45:00,1561.9,1562.0,1555.3,1556.9,103506.0
2026-07-06 14:50:00,1560.8,1562.4,1557.8,1561.4,69976.0
2026-07-06 14:55:00,1561.5,1561.6,1555.0,1559.2,136990.0
2026-07-06 15:00:00,1558.9,1563.3,1557.1,1559.8,99573.0
2026-07-06 15:05:00,1559.8,1560.3,1549.0,1550.8,166061.0
2026-07-06 15:10:00,1550.8,1552.9,1545.6,1547.0,158868.0
2026-07-06 15:15:00,1545.5,1545.5,1530.7,1531.6,210702.0
2026-07-06 15:20:00,1531.4,1535.8,1521.3,1524.5,122423.0
2026-07-06 15:25:00,1524.5,1529.0,1521.8,1526.0,62750.0
2026-07-07 09:15:00,1544.9,1544.9,1524.1,1532.0,65554.0
2026-07-07 09:20:00,1532.3,1536.7,1527.0,1529.8,25352.0
2026-07-07 09:25:00,1528.4,1537.9,1528.4,1536.5,25413.0
2026-07-07 09:30:00,1536.8,1536.8,1532.3,1534.4,14828.0
2026-07-07 09:35:00,1534.0,1537.6,1533.0,1536.0,9066.0
2026-07-07 09:40:00,1536.5,1537.6,1530.7,1532.7,19344.0
2026-07-07 09:45:00,1531.3,1532.9,1525.5,1526.5,10012.0
2026-07-07 09:50:00,1526.0,1528.9,1526.0,1528.0,5456.0
2026-07-07 09:55:00,1526.7,1531.5,1525.0,1526.2,27954.0
2026-07-07 10:00:00,1526.2,1527.8,1524.1,1525.6,11827.0
2026-07-07 10:05:00,1524.7,1527.9,1524.4,1526.0,7027.0
2026-07-07 10:10:00,1526.0,1526.6,1523.1,1523.5,13598.0
2026-07-07 10:15:00,1523.5,1525.9,1522.5,1525.9,8146.0
2026-07-07 10:20:00,1525.9,1525.9,1522.8,1523.0,3461.0
2026-07-07 10:25:00,1523.0,1525.5,1522.5,1524.1,3328.0
2026-07-07 10:30:00,1524.1,1526.2,1523.0,1525.0,4999.0
2026-07-07 10:35:00,1525.0,1534.1,1524.4,1534.1,18841.0
2026-07-07 10:40:00,1534.7,1536.9,1531.9,1535.0,5829.0
2026-07-07 10:45:00,1535.0,1539.0,1533.1,1534.0,11096.0
2026-07-07 10:50:00,1533.9,1534.0,1528.1,1529.9,5234.0
2026-07-07 10:55:00,1529.9,1531.0,1528.2,1530.8,2884.0
2026-07-07 11:00:00,1530.7,1531.4,1528.1,1530.2,1614.0
2026-07-07 11:05:00,1530.8,1530.8,1527.7,1529.0,2062.0
2026-07-07 11:10:00,1529.0,1530.3,1527.5,1528.5,2634.0
2026-07-07 11:15:00,1528.6,1530.0,1525.7,1528.5,5849.0
2026-07-07 11:20:00,1526.9,1530.3,1526.6,1529.2,2888.0
2026-07-07 11:25:00,1529.2,1530.0,1528.2,1528.2,1105.0
2026-07-07 11:30:00,1529.1,1530.4,1528.0,1529.7,2220.0
2026-07-07 11:35:00,1529.9,1529.9,1526.4,1527.9,3085.0
2026-07-07 11:40:00,1528.1,1530.0,1527.7,1529.4,1997.0
2026-07-07 11:45:00,1529.4,1529.5,1528.4,1529.0,794.0
2026-07-07 11:50:00,1529.0,1529.0,1528.4,1529.0,986.0
2026-07-07 11:55:00,1529.0,1529.7,1528.1,1529.7,2185.0
2026-07-07 12:00:00,1529.7,1529.8,1528.2,1528.3,499.0
2026-07-07 12:05:00,1529.0,1532.5,1528.0,1530.0,8638.0
2026-07-07 12:10:00,1530.7,1531.0,1529.0,1529.9,19263.0
2026-07-07 12:15:00,1529.9,1530.0,1529.3,1529.3,1029.0
2026-07-07 12:20:00,1529.9,1531.0,1529.1,1530.8,3097.0
2026-07-07 12:25:00,1530.8,1534.8,1530.3,1534.7,15343.0
2026-07-07 12:30:00,1534.7,1534.7,1532.0,1532.7,3777.0
2026-07-07 12:35:00,1533.0,1535.0,1532.0,1535.0,2829.0
2026-07-07 12:40:00,1535.0,1535.4,1534.1,1534.9,3091.0
2026-07-07 12:45:00,1534.9,1536.0,1533.6,1536.0,3893.0
2026-07-07 12:50:00,1535.9,1536.0,1534.5,1535.8,6350.0
2026-07-07 12:55:00,1535.9,1536.0,1533.8,1535.1,2574.0
2026-07-07 13:00:00,1535.4,1535.7,1534.6,1535.7,922.0
2026-07-07 13:05:00,1535.6,1535.7,1534.8,1535.1,1922.0
2026-07-07 13:10:00,1535.2,1544.8,1535.1,1537.5,33768.0
2026-07-07 13:15:00,1536.9,1543.0,1536.6,1540.8,17966.0
2026-07-07 13:20:00,1540.8,1546.2,1540.0,1542.5,19728.0
2026-07-07 13:25:00,1542.9,1548.8,1541.7,1545.5,39481.0
2026-07-07 13:30:00,1545.0,1546.2,1543.0,1543.0,5160.0
2026-07-07 13:35:00,1543.0,1543.5,1538.0,1540.0,23561.0
2026-07-07 13:40:00,1540.5,1541.3,1538.4,1540.0,6387.0
2026-07-07 13:45:00,1540.0,1541.7,1539.6,1540.0,7586.0
2026-07-07 13:50:00,1540.0,1540.8,1538.6,1539.4,14809.0
2026-07-07 13:55:00,1539.4,1540.7,1539.0,1539.9,8117.0
2026-07-07 14:00:00,1539.9,1540.9,1538.6,1540.9,4645.0
2026-07-07 14:05:00,1540.1,1544.0,1539.8,1542.8,2813.0
2026-07-07 14:10:00,1543.9,1544.0,1541.0,1542.1,3868.0
2026-07-07 14:15:00,1542.1,1543.6,1541.6,1543.3,4200.0
2026-07-07 14:20:00,1541.9,1545.6,1541.6,1545.4,4790.0
2026-07-07 14:25:00,1545.3,1546.7,1543.1,1545.6,5215.0
2026-07-07 14:30:00,1545.3,1546.8,1542.1,1543.8,11422.0
2026-07-07 14:35:00,1543.0,1544.9,1542.7,1544.8,2460.0
2026-07-07 14:40:00,1544.7,1544.7,1542.7,1543.6,4143.0
2026-07-07 14:45:00,1542.8,1544.0,1540.0,1543.0,7711.0
2026-07-07 14:50:00,1542.6,1543.5,1540.4,1542.9,3102.0
2026-07-07 14:55:00,1542.1,1545.6,1542.0,1544.8,4798.0
2026-07-07 15:00:00,1543.6,1544.3,1540.0,1542.1,20070.0
2026-07-07 15:05:00,1541.4,1543.2,1541.3,1542.2,6008.0
2026-07-07 15:10:00,1541.9,1545.0,1540.0,1541.8,24520.0
2026-07-07 15:15:00,1542.9,1543.1,1540.0,1542.4,23481.0
2026-07-07 15:20:00,1542.0,1542.0,1538.1,1539.9,11738.0
2026-07-07 15:25:00,1539.1,1541.8,1535.2,1540.4,17299.0
2026-07-08 09:15:00,1540.0,1544.5,1525.0,1537.2,24472.0
2026-07-08 09:20:00,1536.7,1557.9,1535.8,1554.9,29770.0
2026-07-08 09:25:00,1555.9,1562.2,1551.0,1557.7,41000.0
2026-07-08 09:30:00,1560.6,1561.5,1555.7,1558.9,10637.0
2026-07-08 09:35:00,1558.9,1558.9,1550.1,1550.4,13806.0
2026-07-08 09:40:00,1550.4,1552.4,1546.2,1547.2,12821.0
2026-07-08 09:45:00,1547.2,1549.7,1545.0,1545.0,8458.0
2026-07-08 09:50:00,1543.8,1547.0,1543.7,1543.7,3921.0
2026-07-08 09:55:00,1544.5,1550.0,1543.7,1548.5,12310.0
2026-07-08 10:00:00,1548.3,1553.8,1548.2,1552.3,5504.0
2026-07-08 10:05:00,1552.3,1553.3,1548.9,1550.1,3360.0
2026-07-08 10:10:00,1550.5,1554.6,1550.5,1553.7,6293.0
2026-07-08 10:15:00,1552.9,1554.0,1550.1,1551.3,6459.0
2026-07-08 10:20:00,1551.3,1553.7,1550.9,1552.6,3576.0
2026-07-08 10:25:00,1553.4,1557.5,1552.5,1556.4,11898.0
2026-07-08 10:30:00,1556.3,1557.0,1549.6,1551.4,6295.0
2026-07-08 10:35:00,1551.9,1553.4,1550.1,1552.6,2843.0
2026-07-08 10:40:00,1553.2,1553.7,1549.8,1550.7,6033.0
2026-07-08 10:45:00,1549.7,1553.0,1549.7,1551.2,2244.0
2026-07-08 10:50:00,1551.2,1552.4,1548.4,1549.2,3127.0
2026-07-08 10:55:00,1548.9,1551.0,1548.5,1550.5,1827.0
2026-07-08 11:00:00,1550.5,1551.4,1549.1,1550.3,2452.0
2026-07-08 11:05:00,1550.5,1551.0,1548.5,1550.5,2819.0
2026-07-08 11:10:00,1550.5,1550.7,1547.7,1549.8,4264.0
2026-07-08 11:15:00,1549.3,1550.0,1546.8,1550.0,1959.0
2026-07-08 11:20:00,1549.6,1550.8,1548.1,1550.8,1785.0
2026-07-08 11:25:00,1550.7,1551.0,1548.1,1549.5,2075.0
2026-07-08 11:30:00,1549.4,1549.9,1547.9,1548.7,3454.0
2026-07-08 11:35:00,1548.7,1549.8,1548.2,1549.7,1746.0
2026-07-08 11:40:00,1549.7,1550.0,1546.5,1547.9,3317.0
2026-07-08 11:45:00,1548.1,1549.1,1547.4,1548.9,1679.0
2026-07-08 11:50:00,1547.4,1549.7,1546.3,1547.7,2348.0
2026-07-08 11:55:00,1547.4,1548.0,1544.7,1545.3,1930.0
2026-07-08 12:00:00,1545.2,1545.3,1541.6,1542.0,2524.0
2026-07-08 12:05:00,1540.4,1549.2,1540.1,1548.0,9835.0
2026-07-08 12:10:00,1548.0,1550.0,1546.2,1550.0,2401.0
2026-07-08 12:15:00,1550.0,1550.0,1547.1,1549.2,2390.0
2026-07-08 12:20:00,1549.2,1549.4,1547.7,1548.3,1676.0
2026-07-08 12:25:00,1547.7,1549.2,1547.0,1548.6,2862.0
2026-07-08 12:30:00,1547.9,1548.9,1547.5,1548.0,1709.0
2026-07-08 12:35:00,1548.0,1550.0,1548.0,1549.8,1952.0
2026-07-08 12:40:00,1549.5,1552.0,1547.7,1551.8,57288.0
2026-07-08 12:45:00,1551.7,1552.0,1550.0,1552.0,3707.0
2026-07-08 12:50:00,1551.9,1556.3,1551.9,1554.4,9309.0
2026-07-08 12:55:00,1555.1,1557.0,1554.4,1556.5,4156.0
2026-07-08 13:00:00,1556.0,1558.5,1554.7,1558.0,9047.0
2026-07-08 13:05:00,1558.0,1560.0,1556.1,1559.1,10833.0
2026-07-08 13:10:00,1559.1,1559.2,1556.6,1558.6,6509.0
2026-07-08 13:15:00,1558.2,1559.5,1556.8,1558.0,3276.0
2026-07-08 13:20:00,1557.2,1561.0,1557.2,1560.0,7683.0
2026-07-08 13:25:00,1559.8,1561.5,1559.0,1559.6,4579.0
2026-07-08 13:30:00,1559.4,1561.7,1559.4,1560.2,5131.0
2026-07-08 13:35:00,1560.3,1561.6,1558.3,1560.0,3836.0
2026-07-08 13:40:00,1560.0,1561.0,1557.2,1560.1,21520.0
2026-07-08 13:45:00,1560.3,1560.3,1556.9,1559.8,12644.0
2026-07-08 13:50:00,1559.2,1560.1,1557.0,1559.0,16153.0
2026-07-08 13:55:00,1557.9,1559.3,1554.2,1554.6,13941.0
2026-07-08 14:00:00,1554.6,1556.9,1547.8,1551.9,28223.0
2026-07-08 14:05:00,1550.6,1552.8,1542.7,1543.3,24701.0
2026-07-08 14:10:00,1544.4,1544.8,1535.0,1535.0,42592.0
2026-07-08 14:15:00,1533.0,1545.5,1533.0,1539.0,37290.0
2026-07-08 14:20:00,1538.5,1540.0,1529.0,1532.7,67468.0
2026-07-08 14:25:00,1532.7,1538.1,1531.9,1537.4,11325.0
2026-07-08 14:30:00,1537.4,1537.4,1528.5,1531.4,72296.0
2026-07-08 14:35:00,1530.8,1536.6,1530.3,1534.2,73594.0
2026-07-08 14:40:00,1534.4,1537.5,1529.1,1534.0,16757.0
2026-07-08 14:45:00,1534.4,1534.4,1528.2,1529.9,10012.0
2026-07-08 14:50:00,1530.0,1530.6,1527.6,1528.8,16651.0
2026-07-08 14:55:00,1527.9,1530.3,1526.6,1528.3,14381.0
2026-07-08 15:00:00,1528.3,1530.1,1523.5,1526.1,50701.0
2026-07-08 15:05:00,1526.1,1528.2,1523.5,1527.4,10969.0
2026-07-08 15:10:00,1526.1,1526.6,1523.0,1525.6,14195.0
2026-07-08 15:15:00,1524.6,1531.2,1520.1,1530.0,123765.0
2026-07-08 15:20:00,1531.0,1532.0,1527.1,1528.1,115992.0
2026-07-08 15:25:00,1528.1,1539.0,1528.1,1539.0,84328.0
2026-07-09 09:15:00,1525.0,1570.0,1525.0,1564.1,101441.0
2026-07-09 09:20:00,1564.5,1574.9,1563.7,1574.0,59321.0
2026-07-09 09:25:00,1574.0,1585.0,1574.0,1584.9,80185.0
2026-07-09 09:30:00,1584.1,1588.8,1583.0,1587.1,71976.0
2026-07-09 09:35:00,1587.9,1588.8,1584.4,1587.9,45505.0
2026-07-09 09:40:00,1587.2,1605.0,1587.2,1590.9,283705.0
2026-07-09 09:45:00,1590.6,1592.3,1577.2,1579.1,61387.0
2026-07-09 09:50:00,1579.1,1580.5,1572.2,1574.8,69628.0
2026-07-09 09:55:00,1575.8,1580.0,1572.9,1575.0,34975.0
2026-07-09 10:00:00,1574.9,1578.9,1574.9,1575.4,11347.0
2026-07-09 10:05:00,1576.0,1580.0,1574.9,1579.4,64801.0
2026-07-09 10:10:00,1580.0,1588.0,1579.9,1585.4,34625.0
2026-07-09 10:15:00,1585.0,1587.1,1583.5,1584.9,13281.0
2026-07-09 10:20:00,1585.0,1585.0,1577.0,1577.3,9453.0
2026-07-09 10:25:00,1577.8,1579.9,1574.8,1576.8,12199.0
2026-07-09 10:30:00,1577.4,1581.0,1576.5,1580.1,5493.0
2026-07-09 10:35:00,1580.5,1581.3,1577.3,1580.6,5111.0
2026-07-09 10:40:00,1580.9,1587.9,1577.2,1586.3,15508.0
2026-07-09 10:45:00,1586.9,1588.2,1585.0,1585.1,10170.0
2026-07-09 10:50:00,1586.0,1605.0,1585.5,1604.4,122962.0
2026-07-09 10:55:00,1603.6,1605.0,1601.8,1605.0,41699.0
2026-07-09 11:00:00,1606.6,1608.8,1599.5,1606.8,82036.0
2026-07-09 11:05:00,1606.7,1608.8,1603.4,1605.1,45246.0
2026-07-09 11:10:00,1606.3,1607.0,1600.0,1605.9,73481.0
2026-07-09 11:15:00,1606.0,1608.7,1603.2,1607.0,37767.0
2026-07-09 11:20:00,1606.9,1609.5,1606.4,1608.0,22903.0
2026-07-09 11:25:00,1608.0,1609.0,1607.4,1608.5,10198.0
2026-07-09 11:30:00,1608.5,1610.0,1607.3,1609.0,31435.0
2026-07-09 11:35:00,1609.0,1615.0,1608.7,1611.0,49010.0
2026-07-09 11:40:00,1610.6,1615.0,1608.5,1614.4,37225.0
2026-07-09 11:45:00,1614.5,1618.7,1613.2,1615.2,115907.0
2026-07-09 11:50:00,1614.9,1616.0,1610.0,1612.6,48560.0
2026-07-09 11:55:00,1612.3,1612.6,1600.5,1604.5,113875.0
2026-07-09 12:00:00,1604.1,1612.4,1602.6,1612.4,106216.0
2026-07-09 12:05:00,1609.6,1612.5,1601.9,1603.0,191156.0
2026-07-09 12:10:00,1603.5,1609.9,1603.2,1608.6,9576.0
2026-07-09 12:15:00,1608.2,1610.0,1607.1,1610.0,13494.0
2026-07-09 12:20:00,1609.7,1612.0,1607.1,1612.0,33042.0
2026-07-09 12:25:00,1611.8,1612.0,1607.4,1607.4,12027.0
2026-07-09 12:30:00,1607.6,1609.6,1606.7,1607.0,7152.0
2026-07-09 12:35:00,1607.5,1609.0,1607.1,1607.9,8586.0
2026-07-09 12:40:00,1608.0,1608.8,1605.9,1608.0,14745.0
2026-07-09 12:45:00,1607.6,1609.7,1607.3,1609.4,5860.0
2026-07-09 12:50:00,1609.0,1610.0,1606.5,1607.7,6762.0
2026-07-09 12:55:00,1608.2,1608.3,1605.1,1608.0,7151.0
2026-07-09 13:00:00,1608.0,1611.0,1606.5,1611.0,22095.0
2026-07-09 13:05:00,1611.0,1611.0,1606.3,1608.2,15715.0
2026-07-09 13:10:00,1607.7,1608.2,1606.4,1608.2,4473.0
2026-07-09 13:15:00,1607.9,1610.0,1607.3,1609.7,47228.0
2026-07-09 13:20:00,1609.7,1610.0,1606.8,1608.1,26452.0
2026-07-09 13:25:00,1608.1,1609.0,1607.0,1608.2,51391.0
2026-07-09 13:30:00,1609.0,1610.0,1607.5,1610.0,16085.0
2026-07-09 13:35:00,1609.5,1610.0,1607.6,1608.0,6999.0
2026-07-09 13:40:00,1608.0,1609.8,1606.5,1607.9,10590.0
2026-07-09 13:45:00,1608.4,1609.1,1607.2,1608.2,28224.0
2026-07-09 13:50:00,1608.4,1609.4,1607.0,1608.0,37517.0
2026-07-09 13:55:00,1608.1,1608.9,1604.2,1605.2,36836.0
2026-07-09 14:00:00,1606.2,1607.2,1604.3,1604.5,19871.0
2026-07-09 14:05:00,1604.5,1605.2,1593.0,1595.5,30655.0
2026-07-09 14:10:00,1595.9,1600.0,1592.8,1599.7,16756.0
2026-07-09 14:15:00,1599.7,1600.0,1596.6,1598.0,5096.0
2026-07-09 14:20:00,1598.2,1599.6,1594.1,1599.6,6719.0
2026-07-09 14:25:00,1599.3,1600.0,1597.4,1598.3,9401.0
2026-07-09 14:30:00,1598.7,1600.0,1597.3,1597.4,10452.0
2026-07-09 14:35:00,1598.7,1600.0,1598.0,1598.7,8149.0
2026-07-09 14:40:00,1599.3,1599.9,1597.7,1599.8,9832.0
2026-07-09 14:45:00,1600.0,1600.5,1597.6,1599.8,15655.0
2026-07-09 14:50:00,1600.0,1600.0,1597.3,1599.0,6706.0
2026-07-09 14:55:00,1599.6,1601.5,1599.0,1601.5,15804.0
2026-07-09 15:00:00,1601.5,1605.1,1600.9,1605.0,28863.0
2026-07-09 15:05:00,1605.0,1605.0,1602.0,1603.3,14291.0
2026-07-09 15:10:00,1604.0,1607.1,1603.9,1606.1,36912.0
2026-07-09 15:15:00,1604.9,1605.5,1597.6,1600.0,40316.0
2026-07-09 15:20:00,1599.9,1600.0,1597.2,1597.9,37217.0
2026-07-09 15:25:00,1597.9,1601.0,1594.1,1595.0,28828.0
2026-07-10 09:15:00,1617.8,1630.0,1610.0,1617.0,70394.0
2026-07-10 09:20:00,1617.8,1618.9,1614.1,1618.0,59894.0
2026-07-10 09:25:00,1617.2,1622.0,1614.0,1616.4,59521.0
2026-07-10 09:30:00,1616.5,1620.8,1614.9,1619.6,14325.0
2026-07-10 09:35:00,1619.6,1622.6,1616.1,1618.2,7139.0
2026-07-10 09:40:00,1617.3,1618.7,1616.5,1618.0,4424.0
2026-07-10 09:45:00,1617.6,1622.0,1617.6,1620.0,4386.0
2026-07-10 09:50:00,1620.0,1623.1,1617.0,1618.5,9377.0
2026-07-10 09:55:00,1618.0,1620.6,1613.6,1620.4,242224.0
2026-07-10 10:00:00,1621.6,1621.7,1607.3,1613.4,176656.0
2026-07-10 10:05:00,1613.4,1613.4,1606.0,1606.3,5258.0
2026-07-10 10:10:00,1607.0,1608.1,1602.3,1606.6,10022.0
2026-07-10 10:15:00,1606.7,1608.0,1602.7,1602.8,6097.0
2026-07-10 10:20:00,1603.8,1614.6,1602.4,1614.1,15279.0
2026-07-10 10:25:00,1614.0,1617.8,1612.8,1614.2,7181.0
2026-07-10 10:30:00,1614.1,1615.7,1612.0,1614.8,1899.0
2026-07-10 10:35:00,1615.6,1624.8,1615.3,1624.5,101852.0
2026-07-10 10:40:00,1624.5,1627.6,1623.6,1626.0,6750.0
2026-07-10 10:45:00,1626.4,1627.0,1622.2,1624.2,7641.0
2026-07-10 10:50:00,1624.2,1625.6,1623.3,1624.4,9537.0
2026-07-10 10:55:00,1621.3,1624.3,1619.0,1619.8,6436.0
2026-07-10 11:00:00,1619.8,1622.7,1619.8,1620.7,1848.0
2026-07-10 11:05:00,1621.7,1621.7,1618.5,1621.1,2717.0
2026-07-10 11:10:00,1621.1,1623.0,1620.2,1621.1,3091.0
2026-07-10 11:15:00,1621.2,1622.7,1620.1,1621.0,2710.0
2026-07-10 11:20:00,1621.0,1633.9,1620.3,1630.9,33648.0
2026-07-10 11:25:00,1629.3,1632.9,1628.2,1632.8,16554.0
2026-07-10 11:30:00,1632.8,1634.0,1630.2,1631.7,6882.0
2026-07-10 11:35:00,1631.6,1632.5,1621.4,1622.8,21584.0
2026-07-10 11:40:00,1622.8,1623.0,1620.6,1623.0,2436.0
2026-07-10 11:45:00,1621.6,1623.2,1617.0,1617.9,7206.0
2026-07-10 11:50:00,1619.2,1619.2,1612.0,1614.9,11094.0
2026-07-10 11:55:00,1616.2,1617.2,1612.0,1615.3,7017.0
2026-07-10 12:00:00,1614.6,1615.5,1611.5,1612.1,3055.0
2026-07-10 12:05:00,1612.8,1614.2,1603.1,1605.3,12761.0
2026-07-10 12:10:00,1606.6,1609.0,1605.0,1606.0,4789.0
2026-07-10 12:15:00,1606.0,1607.9,1600.3,1601.7,7067.0
2026-07-10 12:20:00,1600.7,1601.2,1595.3,1599.0,26636.0
2026-07-10 12:25:00,1599.3,1600.7,1597.4,1600.0,4479.0
2026-07-10 12:30:00,1600.0,1600.3,1599.3,1600.1,1777.0
2026-07-10 12:35:00,1600.0,1601.1,1598.1,1600.0,4959.0
2026-07-10 12:40:00,1600.8,1602.4,1599.7,1602.4,8458.0
2026-07-10 12:45:00,1602.5,1603.0,1601.3,1602.5,3273.0
2026-07-10 12:50:00,1603.0,1603.0,1600.8,1602.0,704.0
2026-07-10 12:55:00,1602.0,1602.0,1600.7,1600.7,2145.0
2026-07-10 13:00:00,1602.0,1610.6,1601.3,1609.4,18878.0
2026-07-10 13:05:00,1609.6,1611.0,1608.0,1611.0,2476.0
2026-07-10 13:10:00,1611.0,1613.6,1610.2,1612.1,2917.0
2026-07-10 13:15:00,1612.1,1612.1,1610.5,1611.9,3106.0
2026-07-10 13:20:00,1611.9,1617.5,1611.5,1617.3,9111.0
2026-07-10 13:25:00,1615.8,1618.5,1613.0,1616.4,6415.0
2026-07-10 13:30:00,1617.6,1618.1,1615.6,1617.7,2432.0
2026-07-10 13:35:00,1617.7,1618.0,1606.2,1607.2,16610.0
2026-07-10 13:40:00,1608.0,1609.5,1606.2,1609.2,811.0
2026-07-10 13:45:00,1608.0,1609.2,1602.9,1604.0,7368.0
2026-07-10 13:50:00,1604.7,1605.0,1603.1,1604.0,1689.0
2026-07-10 13:55:00,1604.0,1605.0,1602.5,1604.2,5285.0
2026-07-10 14:00:00,1605.0,1605.5,1604.0,1604.8,5100.0
2026-07-10 14:05:00,1604.8,1607.9,1602.9,1607.9,8871.0
2026-07-10 14:10:00,1606.9,1619.4,1606.9,1615.9,16171.0
2026-07-10 14:15:00,1617.6,1617.6,1609.0,1609.0,9381.0
2026-07-10 14:20:00,1609.7,1609.8,1606.8,1609.4,989.0
2026-07-10 14:25:00,1609.3,1609.9,1607.7,1609.0,2615.0
2026-07-10 14:30:00,1608.9,1610.0,1608.0,1609.9,1041.0
2026-07-10 14:35:00,1609.7,1610.0,1608.0,1608.7,2007.0
2026-07-10 14:40:00,1608.6,1610.5,1608.1,1609.0,8392.0
2026-07-10 14:45:00,1609.0,1610.4,1608.1,1608.1,7426.0
2026-07-10 14:50:00,1608.1,1608.1,1601.5,1602.0,10369.0
2026-07-10 14:55:00,1602.1,1611.2,1602.0,1609.4,33354.0
2026-07-10 15:00:00,1609.0,1618.0,1607.7,1617.0,12334.0
2026-07-10 15:05:00,1616.7,1618.4,1602.7,1611.0,40740.0
2026-07-10 15:10:00,1611.7,1615.7,1610.7,1612.4,6783.0
2026-07-10 15:15:00,1613.1,1618.0,1609.9,1611.0,49957.0
2026-07-10 15:20:00,1610.6,1616.2,1609.0,1612.5,17175.0
2026-07-10 15:25:00,1613.5,1617.3,1611.1,1613.0,15584.0
